0100101000101011
00001011
000011110001011
10001011
0101101001011010
11001011
0000111001011011
0001011
0100101000001010
00001011
101010100001011
10001010
1000101000001011
1010011
001110000101011
0100010
101010100001011
1000010
010010100001010
00001011
00001000001100
11001010
0010101000101010
10001010
0100101010101011
01001011
0100101010001010
00011011
010010100111011
0001010
0010010011011011
10100000
1010011010101010
10101000
1000011011001010
00100111
0100101010001010
11101011
0101101010101010
0011010
0010101000001110
00001010
000101001010010
00010000
0001101001001010
10001010
000101000001110
10101010
000010100000011
00001011
0000001011001010
00101101
000000101000010
00101010
0100101000001010
00011010
010001000001100
00101010
1000101010111010
10001011
1010101011011010
10101011
1101101100101011
00001010
10001000011100
0011011
1010101100001011
0011011
1010101010101011
1000010
1101101000001010
00001011
0010101100101011
11001011
0100101010000110
00001011
0000101001001010
10001010
000101010001010
00001011
00010101101011
10001010
1010100000000
00001010
10000101001100
10001010
0100101010101010
00001011
1100101011001010
0001010
010101000001010
00001010
00100100001010
00001010
00010100001010
0001010
0100101001001011
0000100
0000101010001010
00011011
0001111010011010
00001011
00010010101010
00001010
0000101000001010
11011010
010101110001010
10001011
0110101010101010
1001011
0100101100101010
10101011
0010101000001110
00101010
1100101010101011
1000100
1010001110001011
10001010
1000101010001011
00100110
0100101101001010
00001011
0000100001010
00001010
000010100001011
10101011
010010110011011
0001010
001010101001010
10001011
1010101000001011
01101010
000001000001010
10001011
100010100010010
00001010
0001001001011
0000100
000010111010100
00101010
010101010001011
00101011
1010101010011010
000010
000001000101011
10101010
1000101100101011
00011010
1000101110101010
0011010
100001110001110
00001010
000010101001010
00001010
000101010001010
00001010
00101010101010
00001010
000100000100
00101010
001001000001010
10101010
0001101001001010
00001010
0010101000001010
1011100
1010101010011011
10011011
00110100001101
11001011
001010101001010
10011010
0010101100101011
0000011
0000101000101011
01011010
100011100010011
01001010
10100101011010
00101011
00000010001010
000010100111010
00001010000101
1000001100101011
00101010110000
100101010101011
00001010110011
011010101001011
010010001011010
001010100101011
10100100000100
100101100111100
1110111100001010
1010101110100010
1000101010101010
000101000010011
0000101000101010
0001101100101011
0000101000111011
101010100101010
000101101001011
0100101110101011
100010100101010
0011101000101010
0000101010011010
101010000001011
100101000111010
010101000111011
000010101100010
1000101001001011
1000101111001011
0000101000001010
01010100101011
00011100100010
1000101000001011
1000101010001010
001010100011010
100010100010011
010010100001011
100010101001010
0000101000001011
01001011
0100101010101011
01001011
0000101100001110
110000
011010111000101
00001111
1011101010111011
0000010
0100111010111010
010000
1101101101001110
01101011
0000101000011011
00001011
0000101010001011
00011111
100110100001011
11001010
101001100011010
10011011
0000101000001010
10001010
110001100001010
00011011
1100101000001010
00111010
100110110000010
11001011
001110100001011
11001110
1011101011001010
00101011
0100101000001010
00001010
00001010000010
10011010
010010100000010
00001011
1010101000001010
1000010
1000101001011010
00101010
111010100100010
10101011
000010100101010
01001010
0100101000001010
00001011
0000101110101010
0010011
0100101000001011
00001011
101001001001010
00101010
0100101000001110
10001010
1100101000101010
00001010
010010100001011
10101011
01000000101010
10001011
0000101000001010
00001011
0000010001010
10001010
00011100001011
00011011
001101011001010
00001011
01001010010010
01001010
1101101000001011
00001010
1100101000001010
0101011
0000101101001011
11011010
0100101010011011
10111011
1000101100111011
11001000
1100111001000110
00101010
1100101010101010
00101010
1100101110011011
00111011
0010111011001010
10001011
010110110001010
11001010
01001001001011
00011011
0010111011001010
00001010
1000101010101010
00111010
00011010010110
00001010
1101101111101010
10001010
000010010011011
00111011
100001010011111
00111011
1000001010101010
10001011
0101101100101011
01001010
0000101101001010
100000
001110100001010
0010010
000001010001010
0000100
110001000011100
00001010
10111001011100
0010100
0010100110000
101000
1011101010111011
0101011
0011101010001010
00101011
001110101000100
01001011
1000101100111010
01001011
00011011001010
00000110
0000101011001010
10101010
000011100010001
00001010
1000101110001010
0010101
0001010000101
0100010
110110101100101
10001011
0010111100101011
10001011
010110100010111
00001011
1000101110001011
10101111
1000111000001010
1010011
110010010101010
1010011
0101101000000010
1010011
00010111000010
1010011
0100101000001010
1010011
000010101100010
1010011
010101010101011
1010011
0000101010101010
1010011
100010101010011
1010011
1000101000001010
10101010
001101010011010
10001011
00000010001011
00001010
1001101001001010
1100011
001000100111010
00001010
1001101000001011
10111010
0000101010001010
01001010
101010101011010
00001011
1000101010001011
00001010
000010100001010
00001011
000010100001010
01001010
000010100011011
0001010
010010100000011
0100010
0100101110101010
00001011
001010101001010
01001010
011010100001010
01001010
001011001001010
10001011
1100101000101010
01001011
1010101011011010
10001011
1010111011011011
0010011
1000101010001010
11001011
10010111100010
00001011
0000101100011011
00001010
000001000101010
10011011
1100011010010100
00100100
100010101100010
00001010
100110100001010
11001010
1001101000101010
00011010
00111100101010
00001010
1000101010001010
10001010
100010100011011
10101010
011010100000100
10001011
0000101110101010
0010010
0001101010001010
10101011
0000101001001010
00011011
00000000001010
00001011
100010101001010
01001010
010010100010010
10001010
0010101011001010
00001010
1010101010001010
00011010
1100101000001010
11001010
100010101001010
10101011
0000101000001010
00101011
110010100111010
0000011
0000101011001010
00101010
1101101011001010
01001010
000010010001010
11011010
0000111101011010
00001011
0000101111001011
10001111
1010101000011011
00101011
010011001011010
01011010
10011000000011
0000111
1000101001001010
0100010
0011110101110101010
00111010
0100001000001010
0010101100101010
001010101000011
010010
1100111100111011
001110010000011
0000101010111011
100001100011010
0000101101101010
000010000001010
0100110010010100100101
0000111010011011000101
0010110010010100100101
1000111010011011000101
10001111000000
10001010
001001011001010
00001010
1100101111011010
0000010
110001101001010011000
00011101001000011011
110001101000001100100
000111110000001100100
101001101010010000101
1100011010110100110101
1000011010100100110001
001001101001010011001
10001100000100110100
1001110010110100100101
0000010010010001100100
10100110101101000100
100001001001100010100
100010010000000110101
1000001000000110100
1000011010000100110100
1100011110111001010100
1001111010000001010101
1010111010110101110101
10110001010010111001
0010101010111011
10101011
0010101010001010
01001010
1100101010001011
00111011
101010101010010
10111011
1000101101101010
10001011
1010100000001010
10101010
000001101001110
01001010
010010100101010
0001010
0100101110001110
0001010
11011010110000
0001010
100001010011011
1010100
1000001100011011
1001011
1000101011001011
10101010
100010100000100
10111010
11001001000100
0011100
1000101000100011
00011011
010010101001011
00011011
0010101000111011
00111010
1001101011001111
0101010
000101110001011
10101011
1010101010011011
10101010
1001101000010
00011011
100010010101010
00101010
00001010010010
1010100
0010101011000010
00111010
01010100011011
10101010
0010101000001010
0001010
100010110000100
1001011
01010000011010
0101010
100100111000
10001010
0010001110011010
10011010
0000010001000100
00011100
1000011010100100
00000100
1000001100100
01110000
1100100010000001
00000100
001111000011101
00000101
100101000000100
00010111
100010110001010
10001010
11011010001011
0000100
1000101100101110
00101110
1001010110100101
00001101
1010110001001000
10001011
1001101000001010
00001000
101001001001011010100
1010011010100100100100
000011100111010
10111001001010
00011110110010
10111001001010
010101110101010
10111001001010
0100111000111011
10111001001010
000010100111010
1010101111011010
101010100010011
1000101011011011
010010100001010
101001010
0001101000000010
00111011
00000110010011
10101011
0010101010001011
0001011000111110011011
000001010011010
0001011000111110011011
001010100011100
0001011000111110011011
1000101000101010
0001011000111110011011
1010101110001010
0001011000111110011011
101010000001011
0001011000111110011011
001000110101101
0001011000111110011011
000101001001011
0000010
100010010001010
01001010
0010101000010
10001010
111011111001011
1000010
000001000001010
10101010
00000100001010
10001010
0000101000001010
1001010
0010101010101010
00111011
100001010101011
00001010
001001000101101
10101110
00001000100100
1000100
1010101010001011
1001010
010011000011100
10000101
000010001001100
1000100
001010110001100
10001100
0100010010101000100101
1010110010010110110100
01000000001010
00001011
101010101000100
10001010
10101100101010
10001010
00010101000100
00101011
1010100000100
00100111
00101100011010
00101011
10011001010000001101010
10101100101000111001010
10011001010100001101011
100001101010100101101010
1001100101001101001010
1000010010010011101010
10011001010101101101010
0010000100000111001010
100110010101010110100
0101100101100100101011
10011101010001011101010
00100110010100011001010
0100110010001001101010
0010010101010100101010
000011010011000110100
101001010100001100100
00000010000001101010
10000110101000011101010
1001100101001001101011
00001100101010000110101
00011101010001001101011
101001101010100001101010
000011010101000100101
00001110100110001001010
100010010101001110010
00100101010000001101011
1001001010000001101011
001011101010100001101010
10011101010000001101010
00000110010010011001010
100011001001100110100
0010110000110110000
101000101010101011001010
0100100011001111101011
0000010010100000110100
101011000000111000100
001100010001100110100
101101010010101100100
101001001000000000101
0011010010000101110100
10100101001010110101
0010110010110001110100
1000111010000101100100
000110010000000110100
100001100100001110101
00011100100011010100
100101010010001101101
000011101000100110100
1010011010101011100101
001011001001000011000
101011101001010011000
0000110010000100100101
001011001000001110101
010011000000101100100
1000011010000010110101
00100110000010110100
010011001001000110100
1011111010000100110101
00001101011000010000
1100110010110100100100
0000101010110111100101
001011001000100110100
100001100111001100101
1110110010000100110101
000011010010110100100
0100111010010100110101
00001000100001100101
1010110010010001100100
1010110010000000110101
001001101000010000101
101001010110001110101
001001010001000110101
1010011010000101100101
101111000010001100100
10000110000000100100
101011001011010110000
1100110010010100110100
101011101001010011001
1001100100010110100
101010010010101100100
0000101010010011100100
10000110001010110001
111010101011001100100
1010011010000111100101
1010100010010001100101
100011000000101100101
1010010000001110000
100011101000010100100
011101011010111100100
0010110010000101110101
1110110010010011100100
000010010000111100100
000101000000100110101
10100001000000100100
00101100000100110000
010101000000101100100
00000110101010000101010
1010000101000001101010
10110110101000100110010
1000011001000000001010
100101101010101001101011
001101001010000111101011
0000011010100000001011
00011101010000000101011
001011101010001001101010
001001101010000001101011
0001000101000100110100
000001101010101011101010
000101101010101011101011
0000010101001001101011
1010010010101000001011
001101101010000001101111
00001101000100100100
100001001010100000100
000001001010101101101010
101001101011101001101011
000011001011000001101010
000000101010010001101010
000101101000010110101
0000110010110101100100
1000110010101001101010
101001101010101001101010
000111001001010110001
101011101000001110101
0100110001001100110110
0000111010101001100100
1010110010010100110101
0010110010000101110100
110001100101010000100
00101100000000110100
0000110010000101110100
001111101011010100101
110001001010100110100
00000010111000100101
00101101000010100100
10001100001000010001
101001101011100011001010
10000100101110011100101
10100110100110010000
1100010010000001100100
00001100000101100100
0000111010000101100101
10001001001100
000001010100010010
10000110101010001010
0000111010101000101
0000101000001011
1001011001010101010
00001100001000001010
0000011010100010100
0000111100001011
0000100101001001011
010011010101001010
0000111010100100100
000010100101010
00100110101010001010
0001110010100101010
100010001001001011
0001101100101010
1010011010110101011
00000110111110001011
0000010101001011010
1000010000011
00000101101010001011
000010011000001
000000101110111011
00101000001110
00001110101000001010
0000010101000101011
1000110101010001010
010000100100100
010101010101000101
101001010010010011
000100001000111011
000010100001011
0000001001100001011
0100101010100001010
00101100101000001010
0000101000101010
001001001001001010
00000110001000001010
00101100101000101011
0000001110001011
00101011
0110101000001010
10001010
10100010001010
10001010
1000101000001010
00001011
10001000000011
00101010
000001010001010
00001011
100010101001010
10101010
0000111010011010
10001010
101010010001010
00101010
100010100000011
00101010
000001010101111
00101010
1100101010101011
10101011
01011100011000
1010100
1010101001001010
0010100
010010101001100
00100010
0100101010001010
11001110
100000000101100
10001001
10000011101110
0001010
00001010000011
0001100
001011101100100
10101011
010101011011010
10101011
0000110000100100
1000100
0010010100100101
10001101
1001000100001001
0110001
101011001001011
10001010
1100101000001011
00101010
10001010100000
10101010
0010101010001011
00001011
10001000001110
0100101
0010101000101011
00001011
1100101000101011
00001100101000101010
1000010101000101010
0010111010100001010
1010101110011011
1011110100000100
1100011010111001010
00101110101000001010
1010101010011010
0111100101100001010
1010111010000111010
0000111010010101010
0000101000101010
000001010100001110
00101100010001010
1010111001010001010
1010101000101010
101011001000001010
100011010100101010
1010110110100111011
000010100100010
1010111010100001010
00111001000001010
100110001010010
00010101001010
0000000101000001010
00101010101110001010
00101000101001011011
10001010001001
0000110000100001010
10000110101000001011
10100110101000000011
0010101010001111
01000010100001010
10000010101010001010
0100111010100001010
0000101011000010
00111010
00101011010010
1000010
10001010010000
10111010
10001010000010
00100010
000110100011010
10101011
100001100011010
0000010
100011000000000
10101101
0000010011000101
0000100
110011001000100
11000110
000110100011010
00001010
000010100001011
10101011
1001101010001011
01101011
00010101001011
10101111
0000101000101010
01101010
1000101110100011
10111011
1100101110011011
00101010
1101101111000110
00101010
010010111000111
00101010
1010001100111011
10101010
0000101000101010
00101010
1001101000101010
10001011
1000011010001011
10001010
0110011000101011
00001010
00010010111010
0000010
00100101000100
1001010
0000111110110110
10101101
0001110000101101
0000011
0010110110000101
000001000000100
001011100000101
0010010010100001010
0010011010100101100
1001011010100001011
0000101011001011
0100010001100011011
0010111001000101010
0000010010110100011
100001000011011
0000111010110001011
100011101011100010
0000110000101000011
000010100001010
011110010100001011
1101111010110001010
000011000100100111
11110000001011
101011010100000010
00001010101000101010
100011010101001010
0000101100001011
1000101010100001101
000001101010100101
001001100100000010
1000101000001010
00011110001000000111
0000011010101001010
1110011010101011010
10010110000011
101101011001011
0000101000001010
0010101010011011
1101101001001011
0100101000001011
110101011001011
001110000001010
10111000101010
00001010100100
000101110001010
000010100001010
0000101011011011
0000101000001011
0000101011001010
1001101100001010
000010110100101
101001011001010
000001100011010
100010100011001
00101000101010
10001011
000010101010100
10001110
0000110000011011
00101010
110001010111010
10101010
000010000011110
00001010
0001101000101010
00000011
000010000001010
00001011
100010110000010
1010010
10000101100010
00011010
10100101001100
1001010
1010101000101010
10101010
0110101011011011
10001010
010010110010010
1000011
1010101010101011
10110010
101110100001011
10101010
100110101000010
1010110100000001010
10100110101010001010
0000010011000111011
0101101000011010
10100111101000111011
11001110101010001011
00001100101010100010
0001101001011010
0000110101000011010
10000111101000111010
1010011010000001011
0000101100011010
1010111001000001010
0000010101010111011
1000011010101001010
01000101010010
01010100101110001010
00100110101000101010
00000110101000111010
11001000011010
1000111010110001010
00100100111000101010
1010110010100100100
100000110000100
000110111010001010
1000100101010001010
001000001100110110
000010010001010
1100110010100111010
101111100101010010
101000100100001011
0001101000011011
101001100101011010
01000010101000101010
1000100110100011010
100101000111010
010000100100001011
0010010010011011011
00101110101011001011
100010100001010
00111101101100101010
000001101010100101
001001001011000101
0010001011001011
0010010010111010101
000011000101001011
0000111010100001010
1010101000011010
10010110100010101010
00001100101010011010
0001011001100001011
1000101110001011
10110100001011
101010101100101
0001101000111010
1000101010101011
100010111000011
000101001001011
0010101000001011
1000101000101010
1000101
100010100000010
00101010
1010101010101011
00001010
110010100011101
01001011
000001000101010
0000010
0001101010001011
0111011
000110110100010
0000101
000110101010101
00001011
101010100010100
00001010
010110100000011
000000110001011
000101100001011
000110111001011
1010110001001111
1000101011001111
1101100000111011
1000001001011011
100001101011000011000011
000011101010100011101011
1010010101010001101011
00000101010101011001011
0010100101001011101011
10101100100000001001011
1101100101001001001011
00101110101100000001010
00011101010100011001011
0001100101000000100011
00001000100101001011
100101001010100101001010
0001101010110001001010
1100110001000001100100
1000001010101001001010
001111001010000011001011
101010101010001001101010
001001001010100001101010
00001011010101001001010
00001110101001011101010
00111100010000001101011
001011001010100101001010
001011001011000011001010
01101100101000001001011
110001101010001011001010
00101100101000001100100
00001101000000000100
010001101010000110100
101011001000100111001
000111001000010110001
010011001010011001010
001001101011001001101010
10101110010101001101010
000011101011000011100010
10101110011011011001010
00100101010001001101010
00101110111010011001010
001001101010000110001010
101001001110101011001010
000001100010101011101010
10101110101000011011011
00101100101011010001011
101001001000011101010
0000000101010101110011
100111001011010011001010
101000010111010000010
10001110101101111001010
00101100101001001101011
010010101010101100010
001001001010101011101010
10011101111101001101010
00101100101001111011011
1010011001010001101010
110001101010001100011
010110010001001110100
010001001000100110000
100001101010101011001010
00100100111000011001011
0001110000000000110100
001001101010100000101
0100110101010011101010
001001101010101011001010
1000110101110101110010
0010110101010101101101011
10011101011101111001011
1001010011001011001010
00101101010100011001010
00100110010100101101011
101001101011000010001010
0001000101000100001011
00101100100000001001010
00101100011101011001110
10111100101010101100010
00101101011111011001011
0101110101000101001010
0100100101001011001010
100110001001001101010
00100110101010011001011
10110110101010011010101
1000111010010000010100
0101010010001110101
0000101000000110100
00001100011110001101010
00100001010100001101011
000010101010001001101011
00101100101010100110010
00101100010000011101010
101011011010101101101010
0101100101001011001011
001001001010101011101011
101001101011001001001010
00011101101010001100011
101100010100000001010
011010001001011001011
100001001010010011001011
000011101010010011001010
1100111010010101100100
00111001011000110001
1000110010010101100100
011010010010101100101
10100110101000011101010
10000001010001001101110
1011110010010001000101
001010001000010100100
10101110101001001101011
00100011010100000101010
00101001010111010101010
00001010101010110101010
01010101010100010101011
10010101010000000101010
0101010101001100010011
100011101010001001101011
010111010101011010100
10100110101001001111011
10100110101010100101011
00100110101010100101011
00110010001000100101011
1000011001000001101010
00101110101010010001010
0100100101010101101010
00100110101001001101010
001001101010110001101111
001000101010100101101010
100011101010101001101010
10101010100100010101010
01000110101010010101011
001111001010010110100
00101100101001001111010
1010111010100101001110
00001010000011000011
0101101010100011101010
0101101101010011100010
100011101010010011101010
101011001010000011101011
11001110101000011101010
00101110101001001101010
0000111011100110101010
0100110001001101110010
10010101011001110101010
101000101010001011001010
010100100000011001011
110011000100101100010
01010101010001000101011
101011001010000011001010
001001101010000001101010
10000110101001001101011
0101110011001001101011
001001101010101001101011
00000110101000100110100
1010010010010000011
10100110101010100001010
11100110101000011100111
10001001010001001101010
101001001010001101101010
100110010010100110100
0010011010000100001010
000010010000101101101
0000011010010001100101
0000011000001001100101
0010101000010010100
1010011010010110110001
100001010000001010100
101000100000001100100
0011011010000110110101
001001001001011110000
000001101000010011001
000101010000101100101
0010010010010110100
110110100101000100100
010010010000101110100
1000110010000101110101
0000011010010000110101
1010011010000100110100
0010010010010000110100
0010100010010001110100
0110011010011001100100
00110110100000000001
1000111010000101100100
010111001001000100100
1000010100000100100
001010010100100110100
101011001001000100101
10010100101100000101
100111010000101110100
0010110010010001100100
0010010010000001010100
0010111010010100000101
1010011010000010110
00101001011000000101
0011011010000100100101
001011100010001001
00100101001010000110
00100001011010010101
10100101000101000101
0011011010000000100
0000100101000110001
0010000000101000101
001010010110000110100
001001101001010110000
1000011010010100100100
0010000100000111000
10001101000101100100
000011101001010000100
100010010011100100101
00011101001000010100
00001101011010010100
000010010101100010101
00100101000010000100
0010110010000101000100
010111010000010110
000001001101001000
1010001010100110100
0011011011000100110100
1000101000001000100
00101110000000000000
010000100000010100
000010101000001010001
010101010000001010100
1010110010100001100101
1010110100000100101
101011101110001100101
0000011010000001100101
0001100010110110101
1010110010010100010110
10100100100100000100
1010111010110101110100
100010001111100010100
10001101011010110100
1010111010100101110100
10101110100101000100
101001101001001100100
10100110001010010100
1010110010010101100100
0010001001010110000
101101010000001110100
0010110010010001100101
1010011010010000110100
1010011010010001000101
1010110000010101100100
1010011010010001100100
1001110010000000100101
1010110010000100110100
101001010110001110101
1001011010000001010100
01001010000000110100
010001101101010011001
00100101000000110000
001010101001001110100
0001010011000000
00011000000000110101
00101001000000110010
0101111010010000110100
001001001010000100
0100001001010010100
00100100000100100
101001010000011000
00101011010001100100
101010010000001100100
0001010011001010101
100000100011001010110
1010101000000110110
101001010000001010100
00001110101000100110100
1010011010010100110010
0010100010001001101010
01001100011000001001010
100001101010101110001011
10000110101000101001010
00010110010001001101010
00001101010000101101010
001101101010000101101011
1000001010000011101010
0010110101010110110010
001101101011001001101011
110001001010110011101010
10110100101010101110101
001101101010101111001010
100001101010101001101010
0101101010100001101010
00101101010001001101010
010101101010000011001010
0000110100101001101010
101001101010100101010
101001101010111011001010
100101101010001001101011
101011001011101011001010
10100110101100001101011
00000110101100011001011
00011001010100001101011
10110001010000011101010
010110010110001100101
1010110010000001010100
00100101001010010101
10000101001000000100
1010010100101000101
00000001011010000101
00100101101010000101
0000001000000000100
0000000000101001001
0010010000110100100
1001001000000010101
00100101001010010000
10100001010000000100
00100101011010010100
00001001001010000100
10010001000000010101
10100101000010010000
00110001011010000101
001000100010000100
10100101000010010100
001001010001000001
0000010000101000100
10100001001000000001
0010010100100000010
0010000001000010101
10001101001000000101
1000001110000000000
10101001010010010100
00101101010010100101
101010100010011000
1000100100010101000
0110100000010000100
0010010100001110000
11100000001000000100
00000101010000100100
1010000000010011100
10000101000000010100
01000000000010010101
0010010100100010100
00100101010010000100
10100101000000100100
10000101001010010100
00100101000010010000
10100001011000010001
00100001000010000100
101000001010000100
00100001000000010100
1010010100000000000
1000101011010000101
010001101001000010101
1010010000010010100
101001000101000100
1010000100001000000
0000101000010110101
00010001000000000110
00100001001010011000
1010000100000001000
00100001010000100100
00000101000011110101
101000100000010100
0010010110101001000
001010010010100100101
00111001000010000101
1010011010010100110100
1000011010001000110100
010101100000100110101
001011001001001100100
101011001010100100100
100011000000001100100
10101100100101000000
0000110101000001100101
100000101011010100100
1100110010000001110100
00101010110000110100
0000100011000001100101
0000110010010001100100
1010111010010000110100
011011000011001000100
00011100100001100101
10101000000000000
0000011010000111100100
00001000010001110101
1010011010110001100101
10001001010010000101
0010111010000000110100
0000110010000000110100
11101001000010110000
001001100010101110100
00101100101010100100
0010110010010101100100
1000011010000101100101
000011001010000100101
100000010010101110100
00100000010101100100
0000011010010000110101
000011001000101100100
0000110010010000110100
001001000010100101
1000110110000100100101
000010010000001100101
0010011010000001100100
1010110010010100110101
1010101010010000110101
1010110010001001110100
010110000000101110100
0010110010000101110100
10100110100010011000
0010110010010011100100
1010011010011001100100
001010010100100111101
100011000010000110100
1000011000010101100100
101001100000000110100
101101001001000100100
1010110010010101100101
000110010010101100100
0010111010000101110100
00000100000011100101
001001101000100100101
001000101000000110000
0000110010010101110000
000001010000101110101
101001101000100100100
101001100000010
00001010
001010000001011
10001011
101010100001011
10101010
0100101001001010
0010111
1010101010011010
1001111
0110101100101010
00001010
101010000101011
1000101
0000101000110
1000000
101010011001011
00001010
1010101010001011
0000011
100010100001011
00001011
00001000000110
01001010
00010000001010
101100
1000011010001011
0000011
000011010111000100100
00001100010100110001
000100100001100100
1100010010010100110100
110001000010000110100
1011011011001100110100
101011001001101100100
0101110010100100110100
1000111010000110110101
00000110100001000101
1000010000100100100
000110000010010100
011010100000101010111
00000010010001110101
10101001000010010110
000011001001001100100
10101101000010100101
1010110010000100110101
00001011000010010100
000001010010001010100
1000101001001010
00101010
1000101000001011
00101010
1000101101001010
00101010
1000101000011010
00101010
1001101001011010
00101010
10100110100010001100
110011010010101010100
0010011000000001110101
100011001001011011010
1010111010010101110100
010001101001000110100
000010100011010
000101001010
00010110100010
010100101011
100010100001010
101010101011
100001000001011
0010101
000010110000101
00101011
0000101010001011
00001010
100010100001010
10101010
000010001001010
00101011
1000101100001011
001000
001001000101011
10100010100010110010101
0010101000001010
000010010100010010101
010101110001010
0100101010001010010101
101001100101010
1010101101001010010101
0000101000001010
1000111000010100010101
1100111000111010
000001011001000010101
01111010000001
00001010100010100010101
100000101100011
10010000010110010101
1000101110011010
1010101100000110010101
0000111011011010
1010100001001110010101
1001101000011010
10100010001001100010101
101010100001011
100001010101010010101
0001101000111010
1101101011001010010101
1010001000101010
000110101001010010101
11101010000010
0001101000010110010101
010010101011011
00001010001010010101
0010101011001010
1010010000101010001011
11101001011010
111010101100101101001011
110101001001010
00101010010010100011010
001010100001010
1000101001101001001011
0000101001001011
00001011100110101001011
0000101010101010
000100111100101100111010
1010101000101010
010110101000111010011
0101101011001010
0000101111001010001011
00010100000101
0110100000010100000011
1011101011001011
100010101001000001010
001010010101011
00101010001010100001010
101001011001011
10001010100110110001010
1001101111001011
00001010010110110001010
000010101001010
0100101000000100001010
10100100101010101110100
00100110101000000110010
00101100101100001001010
101011101010010010101010
001001101011100011101010
000001101010001001001011
10101100010101011001010
100010001011000011001010
0010110110100100001010
001011001011000000101010
00100110101010001100011
0011100010101011101010
100010010100001001011
00011110100000011001011
101001010101011
001001010001010
010101101101111
100010110010100
0010101000001010
0000101000101010
110110100110011
000001000101010
001010100101011
1010101000101010
100101010101010
1001010100010
00111011001010
00001010001
1001101010011011
10001010001
000011010001011
00001010001
000010101010100
00011010001010100010101
0011101000001010
10001010000010100010101
0011101010001010
1001010101010100010101
001000100001010
10111011
000010100101011
01001011
001010110001101
00011010
0010011010110100101100
00100101000000110100
010010010100100100001
0001000100010000101
0010011010010100110100
000010010100100100100
10010100010101
0100110010100101010
000010010100101011
001011010111010110
100001101010000010101010
010111001010101001101010
01001101011110001101010
00000110011101011001010
001001100010101101101010
00001110111100001101011
10000110010001000101010
1010011010010000110101
1010111010000001100100
10101001000001000101
001010101010110001101010
010111101010011011010010
00001110101000011101010
000001101010101001111010
001011101010101011101010
1000011010000000101010
00000110101010100101011
000010101000011001011
0010010010010001101011
10000110101010001001010
0010010101000000101010
000011001010000010101010
0001110010010010100101
0100111010110001110101
1100101000101110
11001010
000010100010100
11011011
110010101011011
10001010
0100111110001011
00101010
000001000001011
00001010
0011101110011011
1000100
110010101100100
00101011
1100101000101110
10001010
000011100011010
11001000
010001010101011
00001011
00101110101001011101010
01100110001000001001010
1010111101010111001010
00100110100110101101010
000011101010000010101010
001011001010101001101010
1010110010100001101010
11001000001001001010
100010101011001001101010
100000001000010101110
11000100101000100101010
0000010101000101010100
0000011000100001010100
0001000101010100
010011010010001110100
00100110000101010101
100011101000010111000
010011010010000110001
1011000011010000100
010000100000010010110
000101110101101100100
011010010001010100
000011010010011010100
00101001010100
0000110010100001100010
000101101010001001001010
000001111010000011101010
00011110101000001101010
001011001010100111001011
011011001010101001101011
0000101010100001100100
00000110101010101100011
100011001010100111001011
00010010101001001100010
01000010010000100
01000101000101010101
110011001010100001101010
010011001010000001101011
000001101000000010100
100001001001010110100
1101110010000000110100
0000111010100100110000
1100111010111000110100
0000110011011001110101
110001100011100
01000100
0100110000100100
10000000
00100100110000
01001010
101011011000110
0010000
1101000000010100
0000110
1100101010101010
0000010
1101101011001010
10001010
110010101100100
00001010
000001100010010
000101000011010
00011101000101110100
101001100000101110100
00011001000001000100
01010001000000110100
0010110010110100110101
10110101000000100101
00001110100001001001
0000011010000001100101
00010100001010
0001010
010101000011010
10001010
0011010000010
00101010
000101000001010
10001010
010010101001010
0001011
100110101100011
00001011
010001001001010
1100011
1000101011001010
10001011
010010110011100
00000
00110110100100
00011010
100011000110010
1010010
000110100100101
10001010
0001101101001010
100010101010
00101110100000110100
001001101011010010101
0000111010100001100101
100011101000101100100
000000001000000000101
00011010010110010100
100011101000000110100
1010010011010001110101
110100100110111000
1010001000010110101
00101100101000011001111
00110100001001100100
000011001011000011001010
0000100101011001001010
11001100101001011001011
001001101010100011101010
001001101010100101001010
101001101010001111001010
1100111010100100001011
0000011010100001010010
000110010110100100111
101001100000101100100
100111001000000110101
1000011010001000110000
01000010010101100100
1010110011010000110100
1010011010000100110111
1010110010100100110101
0010011010010001010101
0000110010000101110100
1010010010010001110100
10100101000010011000
01010001010100110101
111010010100001010101
10100110100000001000
111000010100101010100
100010101001011
010011101010
100010000111011
01000101011
001010000001010
10000010011
0100101000001011
001011101011
0000101000101010
00011101011
0100101000101010
101010101010
0000101011011011
1100101011001010
0000001010101011
0000100100001
000001000001011
01101000100011
000001000011001110100
101101101000100100110
110011101000101010101
1000110010000001010100
001001001001000100000
000001001000001011101
0000110010100010110100
100011010110001100100
0000011010000001100101
001001001010101011101011
0000101010011010
00001010
0000101000101011
00011011
0000101010001011
00111010
000011101000000100100
0010111010011001100101
100111001010111101001010
00101110100001001001011
001011010010001110101
10010100011001001001011
1000110010100001110011
1000011000001001001011
100011001010110001001011
00101100101001001001011
100001101010101111101010
0010010100001001001011
11011100100100001101010
00000000100001001001011
001001001011000011101010
00100110100001001001011
000011101010000010100
1000010101001001001011
10000110011000001001010
10001110101001001001011
110011001010010011001010
00111100101001001001011
10101110101000001100011
1000010010001001001011
10001110101010011000010
10100001011001001001011
000001100010101001101110
0001110101001001001011
00000100010001011011010
10100110101001001001011
00001101000011100100
000111001001010010001
0100010010000100110101
0000110010011000110100
01001100000001110100
1100011010000000110100
1000011010110001110101
0000111010110100110101
0100110001100000101
0010110010010100110101
00001010100001110100
0000011010010100110100
000010010100000110100
1000110010010000110100
1000010010000100110100
100001101000100110100
001011101001010110001
0010111010010010110101
000011010000001100100
1010110010000100110101
110100011010100110101
00100110100000010000
0000110010000011110100
001011101000101110101
0000011010000010110101
0000110010011000110100
0010110010000001110100
0010011010000000101100
1010110010010101110100
1010010010100000101100
101011001001000110101
0000110010000000101100
101001101001000110001
100011000000000101100
000001000001001100100
0000000010100000101100
0010011010000100010100
110001000000000101100
0110111010000110100100
1010011010000000101100
1100111010011001100101
1100011010011000100100
0000011010000010110101
0000110010011000110100
110011110010011
11001111
0010101010011010
11001111
10000000001010
11001111
1000001000101011
11001111
1100101001001010
11001111
010101101011011
11001111
100010101001011
11001111
100111010100010
11001111
001011100100101100100
100001101000010110001
001100001000000100101
0010110000010101100101
001111001000001100100
0000110010011000110100
0101011010110010110100
100111001000010011000
10100001001010100100
1010000101100010000
000000010010100100001
10101100100100010000
1010101010000001110100
1000010000100010000
0010101010010110110101
0110001000100010000
1010100110100000100
1000100100100010000
10101110100000100011
00100101100100010000
1010110010000001100100
1001110000100010000
100111010110111100101
00001100010100010000
1001110010010100100101
10100110101100010000
000011011001000001001
1001110100100010000
10100110100010011000
10001110100100010000
10100100001010011000
00011100100100010000
010001000010000110100
01001100101100010000
0000110010011100100100
10101100100100010000
101000101000111100100
01000100101100010000
000011001000000001
1000110011000101010101
0000100000101110100
000011010011001100100
00001110000010000110
100011000010001110100
000011000011010110101
0000110010011000110100
101011101010001001101010
10101100101010001011010
00001001010001001001011
0000111001010001011010
0000110001000101100100
00010100101010001011010
00000100101001001101010
00100010101010001011010
00011100101000101100101
00000110101010001011010
00010001010000101001010
00000110101010001011010
000001101010000001101010
0010010101010001011010
0010011010000101100100
10011000000101100100
0010011010000101100100
1010011010100001110101
010111000100100110100
001011101001000110101
1000111010011001110101
0000110010011000110100
10010110101000001100010
101001101011000001101011
00100001110000011001010
00000110100001011101011
001011001010000011101010
0001110101000011001010
10100101011001011101010
01101110101010001100011
000011001010100011101010
00001100101000011101011
010001101010000011001010
1000110101001001001010
00101100101010011001010
10001100100100011101011
101001101010000011001010
10000110101001011101011
0000110101001011101010
000011101011001001101010
010111010100001101011
001110010010011101011
000011000011010110101
0000110010011000110100
001011010010101110101
101000010110010110100
1010110010100100110101
10111100101000110100
100000100010100110100
000001001000100100101
101001001010001100111
1010010010001001100110
100001001001001011001
101000101000100101101
0101011010001001110101
00011001000101100100
100010010101000000101
1000011010100000110100
0000110010110101100101
0000110010011000110100
0001110101101000000
10010100000001010100
00101010000000110100
00000000000000110101
1010110010010101100111
0000011010010000110100
101011100010001100100
010110010010000110100
110000010000001100100
1000110010000101010100
000100001000110100
01011001000100110101
1000000010110001110101
001101101000010010100
001001010000100100100
0000110010000000110101
000101000110100110101
101011010110101110100
010001010001011
101010101000101000001010
01000100011011
00000101101101000001010
010010111011011
00010100001101100001010
000011010001011
0000100010101000001010
10000100001010
000111000001000001010
000101101101011
1000101000010000001010
1000101010101011
000001010101000001010
001011010011010
00100101000000101000001010
1000101000001010
1000001000101100001010
100001010001010
00001001000101000001010
1000101001010
000110101000101000001010
001001000001011
11001010000010000001010
001010000001
100010100001101000001010
0000101000001010
010010110000101000001010
0010111001101010
0011010000101000001010
10000001010010
110010100000101100001010
10001100011010
000110100000101100001010
1100101010001011
0100100001001000001010
000011101000011100100
0000110010011000110100
000011101010010001101010
101001101010000001001011
0001001010010001001010
101001101010000001001011
101011001010110001001010
101001101010000001001011
100001001010100001000010
101001101010000001001011
101011001011000011101010
101001101010000001001011
00000110101000100101010
101001101010000001001011
000011010100000100101
0000110010011000110100
000000010100001101100
000011010000001100101
110001101001100100100
001011010100001100101
000011010010100110100
0000110010011000110100
000011010011001110100
000011001000001110101
011011001010101110101
001001000011000110110
000110010010000110100
000010010000001110100
10000010010101110100
000011001000000110101
0000010001010011001
000011010100001110101
101011001000001100100
000001010110001110101
1000110010000110110100
1011110010110001110101
100011101010001110100
1011110010110001110101
1000110010011001100100
1011110010110001110101
1000110010011001100100
1011110010110001110101
10001000100001001001
1011110010110001110101
100011000110101100100
1011110010110001110101
0000110010100100110101
0000110010011000110100
0101100000000010100
0010111010010100100101
010101001001001110000
1000011011000000110101
0010011010010000110100
001001101010001100100
100001101000001110101
001001001000101100101
1000011010010100110100
0000111000010100100101
1011011010011001100101
101011101000000011000
0110010010000000110100
10100100010010011001
101001001000000110101
0000110010011000110100
100101101010000011101010
1010010100001011101010
00101100011000001101010
00100110101001111001011
0110010101110001100111
001111101011000111101011
001011001010000001101010
001011001010001011001010
0111110010000011100101
10101100100100010100
01000100110101101101010
11000110101010011101010
1000110100100001101010
00000110101010010101010
00101001011000011001010
00100101010001001101011
0000010010110010100100
0000110010011000110100
001011001010011001001010
001101101010000010101011
000010101010000010101011
10101010101000001010011
001101011110001010101010
000000101010011001101011
1011010101000011001010
100011001010000010101010
1010101010010100000101
0000110010011000110100
00001100101000011000010
00100100101001001101011
100011101010110001101010
0010100001001001101011
10000001010101101101010
0001000101001001101011
001001101010100011101011
00101110101001001101011
000011011000110110010
00001100101001001101011
010101101010000101101010
0000000101001001101011
00100110101000010001010
00010110101001001101011
00100110101000000101010
00010110101001001101011
000011011010100011101011
00001000101001001101011
000101101001010001011
0011000101001001101011
001000101110001101100011
00000000101001001101011
001001001011100001101010
0010010101101001101011
00001100101100000100011
00001100101001001101011
00101100101010000110011
00000110101001001101011
000011011010100001001010
0001111101001001101011
001011001010001011001010
00000100101001001101011
0010011010100000100000
00001110101001001101011
01010110101000101100010
00100110101001001101011
00001100011010011101011
001001010001001101011
000001101010000111001111
0010110101001001101011
001011101010100000001011
1010110010001001101011
00100110100001001101010
00101100101001001101011
000101001010100011101011
00100110101001001101011
0010010010010000110100
00010010010101100100
1101011010010010100100
0000110010011000110100
1000010010000100110110
101001101000001100100
10001100000010011000
101001101000000110100
100100010010001100100
1000101010000001110100
0100001001010011000
001010001110100110100
000111010001010001
10000101000100110100
0000110010001010110100
111001001000100110100
001011001000001100100
00000010100000111001
10100001001001100100
00001101010100110100
101001101011100010001
0010010010000011100100
1000110101000010000
1100110010010000100101
00000110100000110000
001001100000010110100
010001101000010010100
101011001011000011001
0010010101000000100
100001010011010110100
010100001100010000
10101101000001110101
01000000100001100100
010011001001000110000
1000010001000100101
0000010000010011000
01000101001000010100
00101110100001100101
00101100100001010001
0011010010000100100100
0000011010000100110101
10100100000101110100
00100101000011100101
0000110010011000110100
100011101010100001101010
101101101010000000001011
10000101010100011101010
001011100010100111001011
00101100101010001110100
00001000101001001101010
0010000100001111001010
00000000011111011001010
101011101010000011001010
001001000101000101001
10001100101000000001011
00101110101010001110111
0010111000100001110011
00101100101000100001010
0000110000000100001010
00000101010100011001010
11000110101000101100100
0010110110100111001010
0000111011010010100001
101011001000100100110
10011000101010101000100
0000110010011000110100
000001101000000111000
000011001000001100101
000011001000010010100
0010010010110101100101
0000110001000011000
100010010010001100100
0001000010010001100101
1010111010000000110100
0001110010000001100100
1010011010001001100101
000011000110101101100
0000110010011000110100
000011101000010110100
001011101000010010101
0101101010000000100100
001000010100100110101
0010101010010100110100
1010010010101000110100
0010110010000001010100
1001000010010101100100
1001011010010000110100
101010010010000100101
10101100101100101001
000011000000001100000
1010110010100101110101
0010100010010001010100
1000011010011100100101
100010101010010011001
101000010000100100101
1000101010010010100101
111000010000100110100
011011000000111110100
001000000010000101
0000111010100100100101
001011000100101010101
111010010000100110101
101000010010001110100
1000111110010101010101
001010101001010000101
1010111010111011110100
100101001010000111000
0000010010010100100101
10000001010000100101
00000001000000110101
001011000100001010100
000001001001010000100
110010001001000010100
0110111010011010100100
1000010100100000100
0000111010010000110101
1100010010010001010100
101000010110101110101
0000001010111010110100
1110010010010110110100
1011000010000000100100
11000001001110000100
10101100100010000100
101011101010001100101
110011001001100111000
0100111010100100110101
100001010101100110100
1100010010101101100100
1000010100000010100
10100001001000000100
00010110100100010101
0101011010001100101001
1010010010110000010101
1000011010011001100100
0010101010010101100101
001000100001000100101
1000111010000100110101
1000101010110110100101
00100001010010000101
1000101010110001010100
101011001010001100101
0000111010010000010101
100011101001000010001
100011010000100101101
10000101001010110101
101001101011110100101
00101001000000110000
0000001010001101110101
000001010000001110100
10001001000010000101
110001000110100110100
1000111010110101100101
1010101010010100010100
10101100011010000101
100010010010001110100
100101001001101100100
101001000000101010100
010101101011011011001
1010010010000001010101
111011000000000110101
100000010010101110100
0000001010001001010100
1100111010010010110101
0010010100001100100
100010101001000000100
1010101010100100110100
100000010010101100100
101001101000101100100
10100101000100110100
11001100100000011001
001001010001000111
10101011000000011000
1010111010000100100100
00100001011010000100
1010101010000101100101
1000101010100101110100
001001000010001001
0100011011010001110101
00100100100110010000
000111010010101100100
1010011010010011100100
0100011010001110100100
1001011010100101100100
101001001000000010100
000000101011000010100
00100001101010000101
001011001010010110001
110001101001010110100
0011010010100000110100
000011010010100010101
1101010010101001010101
1000010010001000101100
10001100100011010001
1010010010011000100101
100001010111110100101
001001101001010110001
001011010010100100100
001111010110100110101
00011100100000000100
101001001000010011000
00101100101000001001010
101001101010000011001010
000000010010100110010
1010011001000001101011
001001000011101011001010
101011001010101011001011
10001100101010101100110
00000110100100011101010
10010110101010000110101
0010010101000101001010
100011001010101001101010
10101100101010010100010
100101101010101001101010
000001101010100111001011
10101100101110001101011
0101001011001001101010
10001100101010000101011
101001010100101100011
100101101010100011001010
001001101010001011101011
00000100000010
10100100
000010001000010100
0010000
000010100000000100101
001100100
1001001001010010100
0010101011100
1000110010010001110100
010100
1000011000001100100
0010101
10001001000111011
00101000000010100
0000111010000001000100
1010100
1000111010100101000100
10101000100
0101101110001010
00001011
10111010001011
01001010
100010100101010
10001010
1000000011010100110101
1100100000010110100
0000111010110000110100
1010110010000001110100
001111000010100110100
000011000001010000100
01100001000110100101
0010011010110100101100
1010011010000100110100
1100001011010010100
101001101001000110100
000100010010100110101
100111110000110110100
00101001001010010101
001010010100001110001
100001000100111010001
101011010010001110110
0010111010001100110110
1000011010010101100101
0010111010010110110100
1001001010000001100101
001010010110001010101
10100010000001110100
000010010001100010101
000110010010010100101
01001100001101101000
000001110001010110100
100010011010001100100
0000011011000110110101
00111100000000110001
100011010000001010111
10001101001101110000
0010100011010000110100
10001010000010110100
10101001101010010100
1010001010000001100100
10001100100000010110
1010110110101001000
0010101011000101010100
1000010000001110100
100001101000101100100
01001000000000100
1000111010010100100100
1110111010000001000001
0010111010010101110100
100000010000101100000
100001101111010100101
10100110100110001100
001011001000010100010
101000101000010111000
1000110100000000110100
1010011010010101101110
000001010001001110100
0010111000000000110101
001011101000001110000
100010100000110100
1010010010000001100100
001000010000001000
000010001001000110100
10000110000011000000
101001001000000110000
001000010010000100101
0000011010110000110100
001011010000101100100
10100110110001000100
000011101001010011001
101111000010101100100
1000010010001010110100
1001011010110010110101
0011001010010100110101
1010010010010101100000
00101110100000110100
10101010111001100100
1010100010100100110101
1100111010000100110101
110001001000010110100
000011010100001100100
101001101001100110100
00100010001010110101
0110011010000001110100
10000100100000110101
001101100110000110101
001001001001100010001
1010111010100011100100
1010111010000001100101
10001110000100110100
100001100000000100100
000011100000010110100
11100001001110100101
010011001000100110000
0010110010000100110100
101000010010101110101
1010101010000101110101
0101110010000100110100
00001100011010110101
0110110100010000100
0000111010000011110101
101000010000010110100
100100010000111110100
001001010010001110000
10000000100100011001
000010000001110100
000001101001100010100
0010010010001001110100
101001101011100110101
0101110010100000100100
1010011010000101100101
1010011010010111100000
001001101001010110000
101011101011001010001
0000001000111110100
0000011010110101110101
0000010010101001100100
001001100000001110100
11101100001100100101
0000110010000101110101
0101110010000001110101
0010011010010000110100
10101010101000101001010
100111001010101001101010
001001101010010111001011
00011001010001001001010
010101101000101011000
010001101000100011000
010011100000100100100
0000111010111011100100
100001101000010110001
001011101101000010100
100001001001100110001
100001101001010110101
1100011010010001110000
0010111010010000110000
000011101001000000101
101011010000000100100
0010111010000000110100
101000010010001010100
01101111001001010
101000100000010
1010101100101010
0010101000001010
000000000010001100101000101011
0101100000010
10110111010100001010
100011001000101100101000001010
10011000000100
00001101101000101010
111010101010000110101011001010
0100111010101011
011001100100010010
101001101010000111100110100110
1010101000101010
1010011001001011010
10101110101100010110101000101010
0000111001011010
01101100011001000110
1100101010110010010011010010
000001000101110
1001010101000101001010100
101000010101000100111010000110
01001001000100
1011011010101101010
0000101010100001000101001001010
11001001010010
101001100100000010
100110101000100100101010101010
001010100010010
100011101100000011
101011010100101100100010010
111010000001010
0000111000010000
100001100100000110101010001010
111010110001000
1001011010010001110
100111101011001001010110011011
0000101011101010
1000011110101100010
0010111010010110110101001001010
10010010101011
0010011010100001010
0010000101010000110101010001011
1000001000101010
101001010000101011
101010101010000010101000001011
0000101000001010
10100111101100001011
0010111010100101110100101100
100010111001010
10010110101000101010
00100110101000010110101010101011
0001111000001010
000011001000000011
101011001010000100101010001010
100010010101010
100101101001000100
000010101110100011100100100010
0000101000011011
00001110101000001010
00110101010000111011100101111
0001101010101011
0011101010101010001010
0110011010100001110101110101010
000011000000110
1000010101001001011
000011001010000011001001110101
0011001000001110
00100110101011001010
00001010101000000101000001011
00000100011011
10000110101000001011
10101101010000111100110010010
01010100001010
001001101010000001
10000000100010100101100001011
1000101010101011
1010110011110011010
1010010100101101101000000101
000010110101011
0001000101010001010
000001101001100001001000100
1001110000000
1010101000001011
001001010011010101001010
1010100100100
010000010101001010
001001010000110011101000010
000011101001101
01001100101010001010
01010101010011001000000100
0000101000001010
1000110010100010001010
010110101001001100101100001010
101001010001010
00011100101000001010
10010110101000101110101001001010
1010101010101010
000011101011000101
100101101010010011010010001011
1000101110001010
101010010100001010
01000100100001011101011100101
00001010101010
00100110101110011011
0100010100101110101101101011
100101110101011
00111100101010101010
100001000101010010101000001010
000001000101011
01111100101000101010
10101110101010001110101000101010
1100101010001011
101011100100010010
00101110100000011101010000011
1100101010001011
0010011010100101011
00001100010100011101010001011
110010101001010
00100110101110001010
1000011000010000100100
10001001000100101100
0010011010100110110101001001010
0000101000011010
00100110101000101010
0010011010101010011010100101011
0000101000111011
0010011001000101010
001001101010101000010100001010
00000100001011
00100110101001011011
1000100101010101010101001001010
001010110011010
1010011010100100010
0000100101010110110101110101011
101010011001010
0000000101010001011
100001101000010111010100001010
1010101010001011
0001010101000111010
01010100011101001101000010101
1100101110101010
00100110101000101010
101011000100000001101011011010
000001011001010
00001100101001001011
00010010010100001000000011
100010100000100
0000100101000001010
00100100101000000110101110101011
100010100001010
1010000101000001010
000001001001010010101101001011
00100101001011
0000100101010001011
0010110001010101100101010001010
00010100000010
000110101000001010
10100010101000100110101000101011
00000001101101
00000110101000001010
1010101010010101010100
1001011010000001110101
100010100001100
0110101010101010
100110110001100
0001001010000010
000000100001010
010101110101011
1010101010101011
00001111
1010101010010100010001010100010
0010101010001010
1011001010101010001010
101100101010000001010100001010
00010111000110
00000100101010011
0010010010100010110101000101010
0001101010011010
10101000101000101010
0000010010100000110101000001010
00001100010010
1000110010100110010
00000100111000101101101010011010
10101000011011
10110100101011001010
11100110101100000100101100001011
1000101000101010
11101100100100100
100001101010100011010010101011
000110011000100
0000110010100001010
0001001000001100111110001111
10101001010100
000001000101001011
0011110010101001110101011001010
1010101000001010
10100110001010000011
10000110001000100110101100100011
100001100001010
110011000101000010
00100110111010101110101000001010
10000101000010
10101100101100001011
0010100011100101110101000001010
1101001001001011
0100010101100101011
001010111010100010101101001011
00111010001100
01001000101010101011
100000010100101100101100001011
0001101110101010
10101000100000010
11001100101000001110101011001011
10101100101100101100011100100111
001010010101001110010100001010
0000110010101000100101001001010
1000100001001001100101000010
0000101000111010
00010100101001001010
100011001010001011011000001100
000010100000010
10000110101000001010
10101110101000101110101000101010
0000101100011011
101001100100001010
0010110010100100100101001001010
000010000001010
0010110010101001010
10001110101000011000100000010
0000101100011010
1000011010100001010
0001110010100000110001000001010
101010010011011
0000110101000001011
1010110010000100110101011001010
0101101001011011
0000110101100001011
0000011010000101110100
0000110010010011100101
110010100000101000001010
000010100001110
10000110101000001010
100101000010101001010
1101101100001010
10001110101001101010
0000101000100100010010
000011100001010
1000011010100001010
01001100101010101110101001011010
001010110001011
001010110100011010
100001101010000001010100101010
100010100010100
0010000101100001011
01000101010000001010100001010
010010101100010
10100101101100001011
001010101001001101001010101
0001101000001010
1000011001010111010
00001000101010000010101001010
0000101100001010
1010010101000001010
0000011010101001100101000001010
100010010011011
00111100101000001010
10000010001001000010101000010
1000101000101010
10000110101010001010
101001010100100111010010001011
1100101010001010
1010011010101001010
1000101010001011
0001111010100001011
1001110001001001100101010010
0000101010001010
000001100111100011
00000110101000011101000100100
000010000001011
10000100101001001010
0100111010010000010101100101010
000010100000101
00101100101011001011
11101100001011000000101000001010
000001100001010
00101001010001010
000011001001010111001011001010
110001001001010
10111100101010001010
0000000101100100101
0010110010100000110111
011011001010011011001010
000101001010001001001011
101001101010001001001010
0000010001000111001010
001001001010101001101011
00001100101100011001010
1001100101010100100010
11101100101001001100010
001011001010011011001010
001011001011101011001011
0010110101010100101011
00100001010001001101010
10100100101100010100010
1000011010100000001010
10100100101000001001010
001010001011101011001011
100011001011100001001010
10100100101000011001011
0010011010010100110100
100111010000101110100
110011001010101001000010
0000000101100101100101
101011101010000010000
0000011010010100100101
100001010000000100100
000000000011100101
100011001010001001101011
101011001011101001101010
00101100010101001101011
101011101010101101101010
01010110101000011001010
10101101010100001001011
10101100100001001001011
10101110101001001101010
0000010001110100101010
11000110101010101101010
00000110101111111100010
000000101010000001001010
110011001010001001101010
0100010010101101010110
101000101000011101010
001000001010000001001010
10001101010000000101010
001011001011101001101010
10011001010001010101011
001001101010101001101011
00100001010100011101011
001101110101000001101010
11000000000001100110
100001101000001100001
00001001000000110100
1010110010110100110100
100001100011010
001010011001010
1101110111001010
0000101011001010
1001001010001011
1000101000001010
01000100011011
100010100101010
100010101000110
0000101100101010
010010101000010
0100101000001010
0010010000001010
0010101001011011
010010100000010
0000101011011011
100001000101010
1010101010001010
0010101011001010
0000101100000010
1110101000011010
0100101100001010
0010101001001010
0000101001001011
00100011001010
001010100100110
101001001010001011001010
10100110101000100101010
1010011000010111001010
000011001010000001101011
000011001010101001001010
0010000101000001100110
101011001010001001101010
0000111001000001101011
10101110101000100001010
00001100101100100110010
100011101010101011001011
001010001010101001101010
1010000101100001110010
00000110100010011001011
0100010010010000100100
100111101001100110100
00100110101001001101011
101011001010001001101010
101010101011000011101010
101001101011101011001010
101011101010101001101010
00101001010001001101010
10011101010100001101010
101001101011101011001010
10001010101000000101010
101011000101001101011
000001010001011101010
00001101010101001011000
00100110101000100101010
00100011010000001101010
0010110010111000100010
000011000010100111001010
100011101010001001101010
10101100101000011001110
1000100101000001101010
10001100101000011001010
1000111010110000001000
1000110001010001101011
010001011001100101
010110000000110100
10000100100010000100
1010111010100100100101
00101110001100010100
00101101001000110001
1000111010000001110100
1110011010000001110100
0001011010100100100101
100001001010100110000
100011001000010001010
1001110010000011001010
10000110001000010100
1000011010010100110100
0000111010100001100100
01001001010000000000
0010010000000000110101
101011001000001100100
0000111010110000110101
001011010001100100100
110010010000000110101
1000110010100000110100
10100001000000000101
10101001000100110101
101011101000100110101
1010001000101100100
0001011011010101100100
10101110000001100100
10100110100001010100
0010011010100100110100
101101101000000100101
00100110110000000101
1010010100100111010
11101010101
101010100010101010100
1000000100
0010010100001010000
001100100
101000010100101110000
0010010100
1010001000010000100
00000110101
10000001001010
0001110101
110111010011110
101011101010
100010010001011
0000011001
001000010100011001011
100001001010101011011010
00001100101010001110010
1010110010100101100010
00001100100010011001010
10101110101010100000111
10111110101000011001011
1010110010100101100010
1001110010100101000010
1010111010100101001011
001010101011010111101010
101011001010100010101010
000011001011110011101010
101001000111001011001010
10001100101000011001011
10100100101001011001000
00101000100010001101011
10001001010100011001011
1000101010010000010100
101111101000100110100
001001101000000110000
1000111010001100110101
1000110010000000110101
0000100100010110100
1010110010000110110101
1110011010010001110101
1000011010010101110100
1000111010010001110100
0010010110000100100001
0000111010000100111100
0000110010011000110100
000011101000000000100
101001010000000110100
1010011000010101010101
010001010110100110100
1010011010000000110101
0010111110110100110100
1010011010010100010100
1100100000001010100
10001001000000110100
001000010000101110101
001010101001010000100
100011000110100110100
001011011010101110100
10100101011010100100
000011010100110110100
000001101000100110101
010111010000001110100
1001111000010010110101
101011101000010110100
000001111001000100100
0011110010011011110101
1001010101010001010011
00110100100100110101010
010011101010000011001011
00001101010100011101010
0000100100101011101010
10100101010011011101010
0110100101000011101010
001001101011101001001010
0100110010101001011
101011101011101111001010
10000110101000100101011
101001100101010000011
1000100101010000101010
1000011010000001001010
00010101010100100101011
00101110101000100001111
1000000101001001101011
010000101011100001101010
101001101010101010101010
001010111010101001101010
0010111010001001101010
0010011001101001101011
1000001001000000010
000001001010000001101011
000011101010101011001011
000011101010101001001011
00100110101000001001010
10101100101000001101010
00011101010110001101011
000000101010010001101010
101001101001000111000
1100111010110100100100
10001100101100010000
100011100000100110101
1000110010010100110100
001000110010000110100
0000111010010000110100
1110001010000001110100
00100001001100100100
110101101000001110100
101101110000101010100
0000111010010000110100
101000011000101101100
101000101001000000101
0110010010011010
100010000111010
000001101010101011001010
0000010010100100001010
11001101010001011001010
101011001011101001101010
00101101010100001001010
001001101011001001101010
001011001010001001101010
000001001011100001101010
00001110100100001101010
010001101010100011001011
00001100101001011001010
10101100101000000100010
101101101010100011101010
10101001010100011001011
10000001010101001101010
001001101010000001001011
100001101010010101001010
10101100101010001001010
001001101010000011001011
00100110101010100001011
1000010001010100001011
1011110010100001001011
00110110101100000100011
00100001011000001001011
000011101010000100100
000011000001011100011
110010110100100100011
1000110110100000000010
100010001010110001011010
00001010101000000001011
001011001010101001001011
10100000101011001001011
001001101010010011001011
001000011011001111001011
111101100101000011001011
00101100101110001100100
000000000100000000010
100011000010101001101011
00001001011010001101011
001011001010000001101010
000011010101010101010
10011101010100111001011
0010110010100000110010
11110100010001000001011
10001011010010001011
0000011010100010100111
100111000110000100101
000111010000000110100
000011001010000110111
001001001001000110001
0010010010100100110101
00100001000001100100
00001000101000000100100
101001001010000001101011
010111001000010000101
0000110001000001101010
000101001000000100100
0100010100001010111
00001100100100001001011
001011001010001100011
1000100010100000110100
0000011010100000110101
00100100101000001100101
000011100100000110001
1000110010100101100101
001011001010000110001
101111001010001100001
110011000001001100101
00000100100110011001011
0000010010100011000101
001011001000001101101
0010010010100001100011
001001001000001000101
0001001000000110001
01101110101001001010
011001001010000110001
00011001000000110110
0001110010100000111001
1001000101000010000
001000000100000101
000011001010001100101
1010110110100000100101
1000010010000000110101
0000011010110111100101
00010001000000110100
000001101010000011000
00101001000110000100
001111001010000110100
1000110101100101110100
1000011010010000110101
10000000000011001011
1000011010000000110100
100011001000100110100
0010011010010001100001
101001010110001101101
0000111011000001101101
11100000001010000101
110011101000001110101
0100110100000000100
10101100000000110101
100001101000100110100
0000011010110101100100
0000110010010101100101
1010011010110100100101
000010111001010110100
100001101010010010100
100101100001100110100
100001111011100110000
1010000100101011000
0010111010000001101101
000011111000010000000
00100101001010010100
11100110001100001100
110010101000010100101
10001100000000110000
101001001001001100100
1000110010100001100101
000001101001000010001
010011101000100110000
100001100000000100101
0100111010100001110100
1010111110000000110100
101111001000100011000
0010011010001101100101
0100110010100001100101
001111000000011100101
0000111010000000110101
00010101001010110101
1100111010110001010100
100011101010100110101
10101001001001110100
0000010000100100110100
00111101010001100100
000001101001000110100
000001101001000011000
100001101000100110101
000001011000000100101
0100101010001100110100
010011010100100100101
0000011000101101010100
01001100101010010001011
1000010101001001101011
0000011010000000110100
0100010010010011010100
1010111010100001100101
0010011001000010110100
000001101010101011001011
000011101010000001101010
101001000001000110100
100000010100100110101
1010110010110001100100
000001001000000110000
10101110000101100101
101000010000101010101
0000011000010000000
0010010010110100110101
010011010010000110100
10000100010000110101
0010011010111001100101
1000111010010000100101
000011010011001100100
000001000000100110101
000011001010010001011011
00101001010001001101010
0000111000100100010101
0010011010101011100100
11000001001010000101
000111000010001110100
1010110010010001110100
001011001000000110101
001011001000100011000
100101010000101100101
0100110010000001100101
0000111010010100110100
101000101010101001101010
00101110100001001101011
1010110101001010000
00101110101100000100
1000011010101101110101
11001100100100111000
0010110010100101110100
1000011000010101110101
0010110010100000110101
001000010100101100100
0000110010000101110100
000000001000010011001
100010001001000110100
100000001000000011001
00100110100000001101011
001011001010111011101010
1100111010100000110101
100011101000000100100
1000011010000000100
000010001000000110101
100101100000001100100
0010111010110010001010
011011101001010110001
011110010011011110100
00101110100011011001010
0010111010101001011001
0010011010101000110100
101001000111011
111001001001010100101
000011101000100011001
10010101010001011000
0100110010001001110101
00101110101011001001010
1001110010110000100101
0000111010110001100100
000001101000100100100
0010011010010100110101
01001101000101110010
01011001000110100101
000011010101000110100
001011001000100011001
0010110010010111110100
001011101000100011001
010011001010100000100
101011110011010
000000011000010
0010001010110000110100
1010010010010011100101
101011101001001100100
1010100000100110100
000011101000110110101
0011110010001101100101
1010101000001010000
0010110010000001100000
001011001000000110000
00101100000101100001
101101001000000000100
101001101000101110101
00011010000001100100
100011010000100110100
01101001001000111000
001111001000001100101
100011010001001110100
1100110000010101110100
1010011010100001010100
1010011010001100110101
00100100001100110100
1000110100001100000
100011000010010000101
001001101001010000100
00001100100100100100
000110010000101100101
001110010010111000100
00100110100001100000
00100110101000000100
010111001000001110001
0100011000000100100
00001001000001100101
010011101010001001101010
001001101010101001101011
00100111100000001101010
001001101010100011101011
00001101011000011101010
00001101011101011101010
00101110101010001100111
1000011010000000110011
00100110101010000001010
00000110101010000110010
0000110101000001101011
000001101010101001101110
00100111101001001101010
0000110101010000110100
111101101010000101101011
101001101010010001101011
00100110101010101110010
0000110101000001101010
00100001011001001100010
0000110101110100101010
1000010101000100001010
00100110010000001101010
001001101010000011101011
00101100101010100110101
00000110101010001110011
10101100100001001001010
0100110010100011010100
001101101000000110100
0100011000000100100
00001001000001100101
10000100101101100110
1000001101010100100
000011000000001010100
1110011011010010110100
001011101001010111000
101001101001010110100
10101000000001110100
101011101001011010100
001010011011010010110
00011101000010011000
0010111010010100110100
000011010000001100101
1010100001101100001
1010111010010010110100
01001101001100100100
101000101010101100100
10101100000001100100
001011001000000110100
110000001000011100
10101110100000010100
0100011000000100100
00001001000001100101
000001101010101000101110
00001101000101001101010
000101011100111001010
1010010010000000010
0001010001001000110010
000010101010001001101010
1010010101110011001010
101011001010101011001010
000110101001010001010
0010010111000100010
0101110101001011000011
00111110101001011001011
0010110010001001101010
00000110101010101001010
1000101011011100110101
1010101010010101100101
1010011010001100110101
001001100100101100101
0100011000000100100
00001001000001100101
10010110010110110100
10001101000010111000
1000101001000010000
11001101000000110100
000001001010110101
000001010000000110101
000101000100110101
1010011010010110010100
000101101000011100
010110110100100000100
101001010010010110101
11100111000000000100
110000001001100010100
000110010010001110100
00001010010100110000
1000110010000001100101
101010000011011
0010111010110001011
001101101011011
0000101000111010
000110110011010
001010101101011
100010010101010
0010101000011010
101011101000000011000
0001000100000010101
110011010100100110100
101011000010001111100
0100011010010001100100
100011101000000110100
100011011000101100100
00001001010100110100
001011001000101100100
01000110000001101100
01000110000111100100
101001101000000110100
00011010010101110100
0100001010000001100101
0001000001010
11011010
000010101101010
00001011
1000111011011010
00001010
00011001000010010001
0001010100000000100
001011001001000110100
101010010011000110100
0000110110010010110100
0100110010000001010100
000110000010100100
101000100000100100
1010001000001100100
100000010010100110100
1100110100100100000
000011010000100011100
1000011010011010110110
10100100000001110100
00100110100000110100
00011000000011100110
1011011000101010100
10100001001010111000
0010101000001000100
001010101001010100100
00000010011000110111
00000101000011101010
0000101000100000110
100010100010101100100
0000111000100110100
0010011010100001100101
000101000000110100
001011001000001100100
10101110001010010100
10101100000001100100
1010101000100110101
000111001000011010100
00101000010101010100
110011010000101100100
1101010000000000000
100001101000100100100
1000100000100110100
1000011010010001100101
101100100000011100
1000110010010001100100
100010001010110100
101011010011011100100
0110111101010000100
101011101010100101001
10010101001111010100
100001010000001100101
0101010000111001010
10000000101010
000010101010100
100010101100100
010011001011011
1000101100001010
10100100100010
1100110000000
001010100010010
0101101000001010
100001110110001010101
0100110010100001100101
01000101001011
101001101011011
00001010000100
1010101010101010
010010100010011
010100100001011
1000101100001010
0110101001001010
000011100101111
00000000001011
100001110110001010101
0100110010100001100101
001001101000000011000
101001101000010110000
001101100001101110000
00010100001010010100
0011011010010001100101
0011011010011000110101
100001010100000110100
00110100101101011101011
001010001000100100
0010011010000001100101
0000001011010111100
0000110100000000000
1000010000100110100
00100110100100010101
001100010000100100100
10010010000010110100
001100010010000110100
100011010100101100100
1010110010010011100100
00011010000001100101
0010110010000001101100
1001011010000100110100
00100100000001110101
011000010010100110100
110001101000001010101
1000111010000001101101
10101100001000110101
0000110010101100110101
1010101001011010
0000110011111100100
100110010010100110100
100011001010000010101
101011100001000000101
1010011010010100110100
11000101001010000100
100001001010000110101
10101001000100011000
000110010000110110100
101001101010000010100
001001000010100110110
00001110100000100100
1000110010000001010100
1010011010010100110101
00000010101010010101
1001011000010010111100
100001010000001100101
100001010010000110100
100101010000101110100
1010011010000000110100
000101000000110001
0010110010000010110101
1010010010000001100101
10001010010001010010
1000011010011101100100
000001101000101000000
101011001000100010101
001010010001010110100
000001101001000110000
101001101001010000100
000001101001000110000
10100110101110100110100
100010101001010010100
101001101000010111101
00001010100000000000
101011001000001000100
1010110010000100110100
1000110010011111110100
100001100010100110101
100001010101101110100
1000110010000001100101
101011101010101001101010
10000001010101001101010
0110100101000000101010
00101001010010011100010
101001101000100011101010
101001101010000011101010
01111100101010101100010
00001100101110000001011
11000100101100000100011
010001101010101001001010
11000100110010110101
1000011010010101100101
00000101001000001001011
0010111010100101001011
00100001000000011101
000111000000001100101
0000110010010101100100
0010011010010101100100
1010010010000101100100
101001101001010010100
0010110010010101010100
011000011000001100101
0010010010001101110101
100001100000100110100
100101100000011010100
10100100100010000101
1001110010011000010101
0100110010000001100101
00010110100001110100
00011000001010010101
00111001000101100100
100001010000101000100
10001110100000110000
0000110010010001110100
00000001000010000100
110010010010010110101
010000101010001100101
0000110010000000100
1001110010011000010101
0100110010000001100101
1100011010010001100101
0010110010110001100101
000110010000001110100
001000010000010110010
100011101001001110101
0010111010000010110010
101001100010010100100
1000011010000010110010
001001101001000000100
1110011010000010110010
0001011010110000110100
1000110010000010110010
0010110000010101100001
1000110010000010110010
0000110010010001100100
1000011010000010110010
100000010010000110100
0110010100010010100
1010110010010000110100
0010011010010001010100
1000110010110001100100
0000011010000001100101
00001101010010110001
1110100010000111100100
000001010000010110100
101000010010100110110
0001101000010010100
1010011010110101110000
11001101000000110100
1001011000011001110001
11001010010101010100
011011010110101100101
11000000000111100100
0010001001010100100
11011010010100110101
10101101001101010101
110110010000101110101
1100011011010100110100
1110011010010101100101
1110011011001010100100
001011011010101110101
00000000000001110100
10000001010010001110100
1000111010000001100101
1000010000110
001001000101011
001010101001110
00111011
1101101110101010
101010010100010
10010101011010
11001010
1001011010001010
000010010001010
0101000001011
1010101010111010
110101101010100
00001010000100
110010010101010
0000011
0001101010101010
0000011
10010110000010
0000011
001010100001001011
0000110101001101
1000101100001011
00001011
1010101010001010
10101010
00000000001010
00101011
0001101010101011
00001011
1000101000101010
1010011
100110100101010
10001010
110110100000010
00001011
0100101100001010
00011010
0000101010001010
00001011
100010100000011
01001011
1000000000011010
00101010
0011110000000101110100
10001101000000100101
00001000000111100100
01101100010001110100
00100101001000110100
1101011010000011100101
010000111001010110100
001011001010010010100
00001101000101100100
0010110010000101100100
10001101001000000101
0010011010010101110101
00001010000100110101
110011000001000000
100111100000100110000
1010111010100001100101
1000110010010100100100
00011001000011100100
1010110010000100110101
101000010110101100100
101011010000001100100
000000001101001010100
0000101010000100010100
1001010010010101100100
000010010000011100100
10011101001010110101
000011010001001000100
100011001000101010000
001011010110001100100
10011000001010100110
0010110010010101100100
1010010010000001100101
01010100101010
01010101001011
10000010011010
101110010101010
10011000000011
0010001000001011
1000011011001011
10101001001011
000010010001011
100010011001011
00101100000001010
100010001011011
00000000001010
1000101000001011
010000101001010
100000100010100
110110001100101
000010001001010
0011010110101010
0011101010100001010100100110101
1010101010101011
0011101010100001010100100110101
001010101010101
0011101010100001010100100110101
10011001010100
00001000001010100100110101
00110000100010
001011101001011
101010101010010
1010101010011010
1010101010101010
01001011110011011
10010101010100101011
01001010001011001010
10000110101011001011010
10100111010000111101010
100011010100011100100
000110010100100110100
100001101010000111000
10100100101010011001010
1000011010010000110101
101001100001000111010
1000011010100000100010
0001100101000011001010
1001100101000011001011
0101100010000100011
000100101000001101010
000010101001001101011
000111010100001001011
00011100100101000010
10010010000001100010
010110101001011101010
1001100101000001001010
11011101010001011101010
100110101010000001010
0001110101001011001010
000000000011001010
0010011010100001110011
0000011000100001110011
100001001000001001010
0000110101001001101010
001011101011100011001010
001000001011000111101010
0010011010010101110100
00101101011001101101010
11000110010000001101011
10000110101000001101010
1001100101010011101010
00010110101010100110010
1111000101100000110101
1010011001001111100010
001101101010001001101011
1000011011011001101010
110011001010001011001011
10001100010010011001011
001011101010000011001010
00001100101010100001011
00001100101001011101010
00010001001001101010
00100110110001011001010
00000110101000110101010
100001101010101101101111
11000100100010011001011
0000111010100011101011
1001100100001001101010
10001110101000000100010
11000100010000000101011
00001000101010101001010
001000001011000111101010
0010011010010101110100
100001101000000111000
000101101000000100111
10001100000010110000
1010110010000001110100
0100011001000010100001
0111100001100101110111
011001001000000110000
100011001000000000100
0100010010000000010100
1010010010000100110101
010111001010000001010
00100100100001001101010
00000110101010101101010
001001101010001001101011
101001001000000100100
0000110110100001110101
1010011010000000100100
100001101001000000100
1011111010001100100100
1010011010000000110101
101001101001010100101
1011011010000101110101
100000010010011100111
0010110000000100100
10100101001010110000
01001010000001110000
00000010100100000101
101111000000001010
01000010000101100100
1011101010000110010100
0001011010000010101
100111001001000110100
00100100101011010000
00010001000101100100
1000110100100011100
000001100000110110101
00000101001001100101
0000000010010000100100
101001100001000010100
100011010000101100100
001010101011010
100001110101011
0000101010001011
1000101000001011
1000101100001011
110010000011011
0011101010011011
0000101010101010
0010101000101010
101101010001010
100110101010011
0010101010001010
00101011001011
000001010011011
100010100001100
110001100011011
1000011110111010
10101010
100001000100100
00001101
0000011011001100
10011010
1010011011101101
1000001
1000101110011001
10101010
000001010101010
10101011
01001000001010
0000100
100010100110011
00001111
001010100101011
10101011
001010110010011
01001010
001010100010011
11001010
10011000101010
0101010
00110100101010
00101010
00010100000100
11000010
0101101000001011
10101010
010010100011011
0010010
01010000101010
00101010
00010100010010
00011011
011010101001010
00101010
0000100100001011
100010010011010
1000111010000010110100
1001011010010010110000
000110100000110100
000010101000100000100
1010110000010000110100
0000101010000101110100
0010111010000011110100
01111101000001110100
1100001010010100100101
101001101001110100100
000011100000000010001
1000011010000111100101
000001101000101100100
101001101000100100100
0000010110000001110100
00101100100010100100
0000111010011001100100
1100101010111010110100
100011010010100110100
1010011010010100110101
00100001010101100101
00011000000110000100
000011001000000110101
101000010011101100101
1011010100010010100
100000010110100100100
101001010010101100100
10000001011011000100
0001010100000101011
10000101001010010110
1010000100100000100
10101010000001000100
1010000101010010101
101000101101001001
10101001010101010101
100000100101000100
101010100101001000
1110010100010100101
1010001000010010000
00000001000101100101
00100101000010010100
100001010010110000100
10100001000100010100
10100101001010110101
10100101000000010100
100000010001000101
000101001010010100
10100101000000001001
01001000101000100
00100010100010010101
0010010100010010100
1010010100101000101
0010101001000000101
00100100010010100
100100100000010100
100010000001010101
000101010010101010101
10100100000111010101
00100101011010010101
1010010011010010101
101001010000100100
01000001011010000101
011001010100010010000
1010001001011000100
0000111010010101010100
0001001010010101110100
000011010000001100101
010001011000010011000
0110110010000101110100
001001101000001011000
0001110010000101110101
001001001010010111000
0000011010100001110100
101010001010000111000
000011101011000000001
000001001001000111000
0101010010100100100100
00000101001100111000
0000111010000000100100
0000101010100011000
00100100100101010100
100011001000010011000
0000110010001100110100
000011001010010011000
00100001001010000101
001001101100000011000
001001001000000100101
001000101010010011000
0010011010010100100100
001101001000000011000
0010011010000101010100
001011001000010011000
0001111010000000110100
000101001000000011000
001011010000001110100
100101010010001110101
1010000101100001001010
10101100101000000110101
10001111101000001101011
1001011010100010110000
000111010100010110010
000111010100010110000
100001100101111001101010
1000011010100010110000
101011001010000011001010
0000111010100000110000
001011101011000001101011
101011101011000010000
001000010101001101010
001011001010100110000
001011101010001101001010
010011101011001110000
1000111010000000101011
100001101010000110000
00110100100110011001011
1010010010101110110000
01010110100100011001011
0010011010100101010000
11101110101000101001011
0001111010100000110000
0100100010010101110101
0100010010010101110100
1010110010100000100100
0010011010010100110101
101001001000010000101
00011101000001110101
1010010010100101111100
001010010100000110100
101001010111100110100
0011110010010000110101
1010000101001110001
00011001000000010101
101001001011010010100
0010110010110101100100
101001101000010010100
000011001000101100100
1010010010000100110100
101001101000100010101
101001001001010010111
100011101000100110101
1010110010000101100101
001011100000000110101
10100001000010000100
101011101000000110001
0100100010010101110101
0100010010010101110100
100111010100001110101
10101101001101100101
1000010010100101110101
101011001010010100101
000001101000010110100
101011001000010100101
0100110010001100110000
001001101000010100101
01011001000000101001
00111101000010100101
000011101000000100101
111011001000010100101
100110010000101100101
10000111010010100101
101101001001010101001
10001010000010100101
0000011010110100110100
001011101000010100101
0000111010010101010100
0001001010010101110100
101001101011001111001010
011001101010101011101010
0000110010100000010100
11000001010000011101011
0000110010110001001010
10010001011101011101011
00001101010101011101010
101011101010101001101010
0000110100110011101010
110001100010110001101011
1000010101011010110010
00101110101010011101011
100011101010010011101010
100011101011010011101010
10000101010001001101010
101011101010000011101011
0000111010010101010100
0001001010010101110100
10001010101100100010010
00000110101010001010011
10100110101001001101011
00001001011010011001011
10101100010100001001010
1001000101010100101011
10000110101001011011011
001001001010001011101011
00000100101010011101010
10101100101101001001010
001001001010000011001011
0010001011000101101010
10011001010100011001011
1010111001101000001010
0000110101101000100
1001010001110010100
0000111010010101010100
0001001010010101110100
001010010010101100100
100010000010110000
0010110010110100110100
000010010100001100010
101010010100001110101
0000111010010101100000
00011001001010010100
000110010110101110100
0000010000000010110100
00010110100000000101
00010000001011110100
101011001000001100101
1000100000101100101
10011001000011100101
10011010101101010101
10001001000000100001
0000111010010101010100
0001001010010101110100
10001010110101000110
000011101000100000110
010001001001000010101
101001100010111000101
1010000100111100101
1110001000100110101
001011101000000100101
00010110000100000100
10100010001000010
001011101001100010101
1010110011001110110001
10001110110010000101
0000111001000100100
001001010011011100100
000011001000101110100
0000101001000100100
0000111010010101010100
0001001010010101110100
100101011011010010111
10100101000110000100
00001000101010110
110010100001100100
101000001010100100
0000011010010001000101
10100010000100100101
10000011100001001000
001101101000000000101
00110000100010010001
1010001000101100110
101101001001010000100
1010001001010000101
1110110010100001100100
00101110100010010100
111010000100001010100
0000111010010101010100
0001001010010101110100
0110111001000101101010
01100100101001001101011
1110100101000111001010
10100100101000001001011
000011001010110101101010
101011000100100110100
1010110010100000110100
1100110010110010010011
001010101010100001101010
1010110010100000110011
0000011010100001110100
0010010010000000110100
10101110101011001001110010101011
010111010101010000000000100000
1010010101010110010111010101010
100011001011000000000100000
0000110010101011000000010101010
00001100011000000000100000
100001000110001010011
0001110010101010
10011001010100010101011
100011101010101001101011
01000100101000001001011
00001001010101001001010
00110001010000011001011
010011001010000011101011
10100110101000100110011
101011001010010001100011
001011001011101011001011
110011101011001011001010
001001101010010001001010
00001101010101011101010
101000101010000010101010
1100001010100000001010
101011001010100000101011
0000100101000111001011
101001101111010001001011
10101100101000111001011
00001100101010101001010
101101001010101001001010
000001101010110011001011
101011001010000001101010
1100100101001011001010
100111001011000001001011
101001001010101001001010
10100110100000011101011
00100110010101011101011
00101100101100101100101
0000111000101011100011
1010111001010100110101
0010110010110001100101
000000101010101011001010
00000100101110101100010
000001100100010000010
0111100101010001001011
10101101010100111101010
001101101010101011000011
010101010000101110101
0000011010010101110100
0010011001001011101010
100001101011101001001011
00011001000001001011
001101001011001011001011
0000011010101010101010
001110010111001010100
00111001010110111101011
10100110010110011101011
1000011010000100101010
110011001010010111001010
110001101010101001101011
0000110010101001101011
10001100101100001101010
00101110101110001101111
100000001010010011001010
010011001011101011001010
101011101010101011001010
00000110101000011101010
10101100101010101100100
10001001010011011001010
01011001010101001101011
100001101011001011001010
0000110010100101100100
000010101000101010101
100011001010100001101010
000011101010110011001010
010101101010000011001010
001001101010101001101011
0101011010100001101010
00100110100100001001011
010101010000101110101
0000011010010101110100
00000110101010000100100
001011101010001011001010
000001101010001001001010
001011101010001011001010
00000100101010110110010
001011001010001011001010
00001001010101011001011
11011110010001011001010
0000011010100001110101
00000110010001011001010
110001101010010110101111
000011001010001001101011
10100111101000101010100
10101110101001010101010
01011101010100001101010
000011101010001011001011
000001101110100011001010
101001001010001001101010
10100001001001000101
1010001010011001100000
1000011000100010110101
0000110010011101100100
0000101001000000000
0000111010100010110101
010000010000001110100
0010010010110001100101
000001100011010100101
0000011010010101110100
1010010010010101110101
000011010001000110101
10101100100000010100
100011101000011100100
0000010010000101100100
1000011010010101110101
001000010110101100100
001011101001100110001
000011010001001110100
100011101000001110100
1010111010000010000100
00011000000001100100
001011010100101010100
1000011010111001100100
111001101000010110100
10000101000000110100
1100111011100101100100
000110010100001110100
1000011010010001100101
101001001000001100000
000010101000000110100
00101100100001000001
001001101010100100100
0000011010010101110100
10100000100001010100
1100011010010000110100
1010110000001110100
101010010001011100100
1001110010011001110100
000001101001011000100
1000011010010010110101
000111100010100110101
101011101000101110101
000011101000000110100
1000111111000010010101
001001100010100110100
001011100000001111001
0010111010110100100100
1010011010110101100101
01001001000101010101
1000011010100000110101
000010101000001110101
000000010000100100101
00000110100000111000
001001101010100100100
0000011010010101110100
1010001100001110100
0100111010000100110100
0000110010000001110101
1000011011100101110101
10101100101010111001
000001101000100110101
1000011010101110100101
001011101000000010101
10011100000101110101
000001010000100110101
000001101000011100101
0000011010000001110100
001001101010100100100
0000011010010101110100
10001010100001011000
111000110100110000
000111001001010011001
101001101001010110001
0000101000000110101
101001010000101100100
1010110011110110110100
1010111010100110100101
1011100010001000100100
0010011010000001100100
1010110011010001100100
0000110010100100111101
1010010010010010100101
0010010010000001110101
101010010110101100100
0000011010100011100100
001001010111010110111
101010010010000110101
000001001000011010001
010011010000000100101
0000010010100101100011
10100100101010100001010
000001101011000001101010
101010001010101010001010
10001101010100001101011
101000001010100000101010
1010001010100010101010
11001101010101011001010
101001101010000010001011
101010101010001010101010
10000110101000001101010
100011101010001101101010
11001110100101001011
1000110101001001001011
00000101001000100101
10100010000110110100
010001101010011001101010
10001100101001010001010
000010010100000100100
0010100101000101100010
101011001011100000101011
00100110101001011101010
001011001010101011001010
0010000101010100110101
00001110101000101010101
00001110101110100110100
1001101000001010
1010101010011010
010001010011010
000001010001011
0000100000001010
00000101100010
0010110010100001010100
110000101001001100100
000001010010101010100
0000110001000100100
000010010110101100100
010010100100100110101
0001010010000101110100
0000011010010100110101
101111001011000000101
1010110000010100010100
0010111010000101100101
10000110100100000101
01001110100001010100
11001100000101110100
1110110010010100110101
1000101010010100000101
101001100010000110100
000011101001010000101
101010101000001100101
10101100110100000101
1010011010010101110101
10100001000000110100
100011001001100100101
00000010100100010000
0001011010100101100101
011111001000010100101
110000010010001010100
1010110010100001110111
0010111010110011100101
110000010110101110100
00101100010101001101010
010111001010101001101011
00010110101011001101010
0000110010101011000011
0000000101110100110010
101001101110000111001010
000001101010001011001010
11000111101000011101010
001001001011101011001010
000001101011101011101010
000011101010101001101011
001101101011001010001011
00011100101000011101010
100101101010100010001010
0010110010100101101010
001001101010101011101011
00110110100101011001010
011111001011110011001010
00001100101000101001010
00101100101010101110100
0010110100000001101010
1010011010100000000010
0100110010100000010011
101001101010100101100010
00011100010001011101010
10100001010000001101011
01001110101010001101011
10100100101010111001010
101001100010100110101
000011000101001110101
101010101001010100100
1010010010110101110101
10001010000001110101
10101001000000110101
1000110001010000101
1010110010110100110100
100011101000010011000
1000010010000010110101
00000101000010011001
1010101000110001110100
000111010010100100100
0010110010000101100101
01011001001000110101
0101001000011001110101
000110000000010101
101001100010000100100
101000010000000010100
0000110010010100110100
1010011010110100110100
101011001001010100100
10001110100000100110
1010111010010100110101
0010011011000101110100
00101110100100011000
0010110010000101110101
010101100100000100101
0010110010110100100101
0000110010011001100100
101000101000111100101
0000011010010101110100
1000010101000011101010
10000110101000000110010
000001101010001000101011
000101101010000001101010
10101101011111111101011
100011100010000001101010
00100110101010011001011
11000100011100011001011
001000010101001110010
10101101101010001001011
10000010101000001100011
000001001010001100011
0010011010100101000011
00011101011000011001010
110111011010010010001010
10100100011000011001010
00100100101010001001010
0000011000000011001010
1000110010010011101011
10001101100110011001010
00101001010100001101011
001011101011100011001010
000110001000010001011
00000110101000011001010
1010011010100101100100
000001101011010010000
001001000010101100101
001001010010000110101
0100011010110111100100
00000101001010110000
101001101001000100100
00000101011110110000
000100010010101100000
0000010010000101110100
1010101010000000110100
00101100001010110001
10110101000001110100
1011011010010001110101
000110010111101110100
000001101001000111000
100011010011010110100
00101100110001100100
101001001001000010000
000010101001000111001
01001000100100000000
00010101011001110100
0001110010010100110101
00011101000010000100
00000101000110110100
001100010001001110101
0010110010010110100100
01000110000000010100
001001101011010100101
0010110010011010100100
000000010100110100100
001100010000101100001
001110010010110100100
001000010000110100100
0010111010000101110101
1010010010000001100101
0010010010000000110001
0110110010010101110100
0001011010011010110100
0000111010000100110101
100001001000101010100
000001000000010110101
0001011010001001110101
1010110010000101100101
0001100001000010100
0010110010000000100100
00001101010100110001
0001011010010000110101
1000011010010001110101
111011110010101110100
0000101010001011
10001010
100010010001010
00101011
000110101001010
00011010
100001101000010
10101011
000110101010010
1000000
000010100001010
10011011
01010000001010
0000101
10100101001010
0000010
000101010101011
0011011
0001101110111011
10101010
0011101010001011
00101010
00001100011011
00001010
00000111100011
00101011
0001101011001010
0011101
0000101000001010
00101011
0110101001101011
0100101010101011
0001010100100
110010010011010
1001101110101011
00010110101010001011
0000101010101010
00101011
0001101011011011
00001010
0010101000001010
10101010
101011001000101110101
1010111010100011100011
000010010000111100000
0010110101010100100101
1001011010010100100100
000011010010101110100
10111110101010100101010
100011101011000001001011
000111001010010011101011
101001110100010011001011010011001011
010011001011000001101010
10101110101010101110100
001011000000101110110
00000000001000000101
0000111010010100110101
1010011010000101100100
1010010010010100110100
100101100000001110100
1010110010000001110100
101011010000000110101
001001010010100110100
001000011010100110100
0000111010010001100100
1001111010000001100100
0001010010010100110100
0101010010010001010100
100001100010000110101
001001101011001010001
101001101000100110100
1010011010010000110101
101001101100000110000
001001101001000100101
101011001000001100100
1010011010000001110100
0011011010010000100100
101011001000001100000
1000011010010101110101
0000110010010000110101
100010010100101010100
101001100011000110100
0000110010100100110100
001010101000010001100
10000110100000100100
1010110010010011100100
000011001000000100100
1100101010011001100101
110011000000101110101
1010010000000100100
001110010010101010101
0010110010010000110100
000001101001001010101
1010011010000001100100
0000110010000001110100
01101100100100011001
100011000000001010100
101001101000101110101
1000110010000101100101
0000110100000110000
001011101010101010101011
100001101010101011101011
101011001010100110000
010011101010010101101010
000011101011000001101010
110001001010001001001010
00011000100101001001011
00100110101100000001010
000011101010001111101110
10101100100000000101110
011001101011000010111010
00101000110101100100
00101110010001011101011
011011101011001010101010
1011010011010110001011
101011101011000001101010
00001110101001101101010
00001100011101001101010
101001001010001001101010
01011001010101011101011
10101100101010001010100
00101100100110011001010
001001001010100001001010
10101100101010100001010
10000100101001001001011
001001101010101001101010
10100110010001001001011
000001001010101011001011
00000110101010110001011
10100110101011101100010
001011101010001011101010
01100110100100011101011
00000100010001001101010
101001101010001011101010
000001101010000001101010
10100110101000001110010
100001101010101001101010
010101001010101001001010
01000110101000110110011
10000110101000000101010
000001101010000001101010
100101001010001001101010
001001000000011101010
10101110101000001101010
010011101010000001101010
110001001010100111001010
100001101010001011101010
00101010101111001101010
0011110001000011101011
00101101010000001101010
0010101001111000101010
10110110101000011001010
101011000010101100100
001001101011010110000
0000110010010101100000
0000110010010101100101
1010010010100110110110
0010011001010001110100
000011101000000010101
100001010010110010110
0100111010000000110101
1010110010010000110100
001001101001010000100
1000011010100100110100
000001100001000110101
1000010011010110000
001001001001000100100
1010001010000001100101
001011101010000110001
100000010000000100100
101011010001101100101
0100011010110000110101
000011000000100110100
100011010000001100100
00111001000100110100
110001001000001100100
000010000000001000
0010101010000000110100
1000010101000000101
00101100001010000100
0000111010000001100100
0010111010000000110100
001010001000100110001
0100010010001000110100
10000010100100110100
101011101001100000101
0010011010010101101100
000110001010100100100
00001001001000000101
00011001001010000100
1010110000000101100100
00010001000000110100
100011001000100100100
1011011010010000100100
1000110010000101100101
0000110100000110000
1010110010000001110100
01000100011010010100
001011001000100110100
1010011010000000100100
000110010010000100101
1010010010010100100100
10100101000000100100
0010011010010101100100
100001101011000010101
00011001000001110100
101001000010100101101
10110001001101110100
1010011010010100110100
101001010100001110100
1000010010110000100100
00001100100010100000
01001100000010011000
0010010010010110110101
1000101010000011110100
00110101010010101100100
1000110010000101100101
0000110100000110000
100110010000101100100
1010110010010000100100
1010010000000000110100
100011001000001110100
0010011010010100110100
1010011010001010110100
1001010010010100110101
0000100100011010101
0010011010110101010101
101011001001000000100
1011011010010100110101
0010111010010001110101
1010010010010000110100
001001010000000110100
000001100001000110101
1000010011010110000
1000100010000001010100
010001101001000010101
001101101001010100100
1010011010010100010101
1000110010000101100101
0000110100000110000
000011001001010110001
1000011010000100100100
1000110010001000110101
000111001001011100101
010110100010011
110010000001010
10100110000001110100
0000110100001100100
000101100001001100100
101001101000100010101
0010010010010101100101
0000110010010100110101
0000101111001010
00010000001010
0000011010000001100101
10100110100000110101
00100101000010011000
0010011010000000110100
0000010010010100110100
000011001000010111001
1010110010110100110101
0010110010011011100101
100011100000010
10100110101001011011
010010000011010
10000110101000001010
110010100111011
000010001000101010
0101101001011010
0010011000101011011
110110101001011
00100100101000011011
0000111100001011
0000011010111000101
0001101000101111
0100110101010111010
010011000011011
0001110010000001011
011001000000100110101
00100101100000010101
00010100000100
00000101110
00001100001010
00101010010
1000101111001010
000001001011
101110000001011
000010111010
10000101011011
100011101010
00001010100100
100001101010
0010011000011011
00001001010
100110101100101
10010010010
0000101001001010
01011001011
010010101011010
10101011
10101000001010
00101011
001010110000100
0001111
0000101011001011
00001011
10010010000100
00101010
0000111010000100
00101010
101010100000100
10011010
110011100001010
00001010
000010000111010
000010
00010100010101
01001010
0001101000101010
10011011
010010100010010
00001010
0001101010001010
00001010
100001000101100
0001010
0001101001001011
01001010
000110010101010
1011011
0001101010001011
1000011
0000101011001010
0000101
1000010101000
1000101010011011
100010100010010
100010100100010
10000010001010
0000101100011011
100010100011010
100010111011000
010110000101010
0000101000001010
110001100101010
000010100101010
0001101001001011
110010000111011
000001100000001110100
0010110000000001000000
10101001000010010100
000011101011011010101
11001001000000110101
000010010100101010100
001101101000001100101
001011001001010110000
1000111010100100110101
1001110010000100100000
01011101000010010100
00110101000011100100
1001101000001000110101
000111010100100110101
1010110010000010010100
1010110010000101100100
000011000000100100
001001101000000000101
01001101000000110101
10011010001000010101
1000011010110000100100
0010011010001001100100
000011101010000000100
101011101010000100100
101111101000000100100
0000111010000001010100
1000110010000101100101
0000110100000110000
110010000100101
0001001010001100
10101100101000000100
1100111010000001010
0000010100001001
1001000010101001010
0000011010100000010
000111010000110
000011000100010
000011001010000011
0100111010100110110
00001011101010011010
1110011010010110100100
0000110001010000110100
1010010010010100100100
0001110010010000110101
00011101000000110000
0000010010010111100100
001001101001000000100
001110010000100110101
0000000010010100110100
001001101001001100100
1000011010010110110100
1010011010010100110100
100001010010011110101
1010110010010000110100
100010010110100110101
010001001000101100100
0010110001010101100101
010000001000000000100
1100111010010001110100
0010011010000100110101
0000011010000100111101
1000010010000001110101
100010101000000010100
1010010110000101100100
1001011000100100100
0000110010000100110100
001001101000001010100
01101001010010100101
0000111010010100110100
00000101010101010101
011110101000111100100
001000010010101100100
0000010010000000110100
00000010000001100101
000011101000010010101
010001001000000100100
00001001000000010100
1010110010000001110101
1000111010010101100101
0100011010110000001110
100011101000000100101
0000001010100000110101
1100011000001010
100010100000101
10001010000101
1000111000001011
100011010000000010101
1100110010000101011
0000110001010101010
00101000101011001011
1000000010010101100100
1010010010011000100100
00001100100101000101
001010010000101010100
00100100100000010000
00101000010000110000
100001001001010
100010101001010
1000110010000101100101
0000110100000110000
011011010010111100100
00011101000101100100
1000010010000100100101
001011101000000110100
1010000101010001011
00110100001001001010
00101010010010110000
100001010010000100101
1000110010000101100101
0000110100000110000
001011101100101
0101010000001010
00011100100100
10100111
0000101011001011
00101011
0000101000011010
0010010
0000101001001011
10100110
0010011010010100110100
10001110100
001010010010101110101
10000110100
000011001000100110100
10001000100
000101010010100110101
10000100100
0010111010000001100100
1001111000
0010110010010001100011
100001101010000011001010
01101110101000100100101
101011001010000011101011
000001101110001011001010
100010000101011101010
101001101010100001101011
11001100101010101010100
0010110010100101101011
001001001010001001101010
00001010101100001100010
11000111101000000110100
010101001001000111001
001001101000000110101
101001100010100110101
0000111010100001100101
110101001001010110000
001000010000101100101
100010101000100
00101010
0000101010001011
00001001
0010101010001010
10001101
1110011000100
00001010
11001001100010
00001010
010010100100100
00101010
000010010001010
11001011
000010101001010
00001010
100010000001010
00111010
001010000001011
00101111
0001101110100110
00001010
0010111001011011
01001011
00010010101010
10111010
100011100101010
0100010
1100101011011011
0001011
0010101010000100
00001010
1000011010001010
0101101
000110010101001
11001011010
0010110010010011110101
0000111010001101110100
001001101010100011001011
10001101010001011101011
001001010000100
1011001
0011101100111011
000000100001010
10011001000011100101
1010001011000100100
0000111010000100110101
110001101000000110101
100010100010011
010010000001010
0101011010010111100101
0010011010000101110101
100010101010010110100
00100010111011100101011
0000010010000001100100
00000011001011111101
010000010001000110100
000001101000101100100
10100110100000110101
1100110010001000110100
1000101010001010
00000000001010
10100100010100011101010
010011101011001001101011
1010011011011010
001101100011011
10101100000001100101
1010001010010001110100
101001101011011001101011
111111101010111011101011
100101101010111001001010
010011100100010001010
100011100010010010101
1110111010010000110101
000000010000100110101
1000110010000100110100
100011001000101110110
1010011010000000110000
0010011010010001101100
1000010000000111001
00001001000001111100
100011001000101110100
1010110010100111100101
1010101010000101100100
100011011010001100100
1010010010000001110101
0001110000000110000
000111010010100110100
1100110010110101010101
1100010010110101110101
1010110010010100110101
010011001010000100100
10101001001000110001
1010110110000001100100
00011101000000110100
101001101000101100100
100011001001010000100
01011101001010110001
100010000010001101101
0000111010000101110101
100011001000001111100
0001011010000001100101
0101010010000101110110
00101000001010110000
0000010100100110100
0010011010111001100101
011001101010010000101
0010110010000101100101
01001001000010100100
0000011000001100100
0011110010010001010100
001010000010111110100
1000010010001100100101
010110100000100110001
0000011010010101100100
1001111101001011100100
1010111010100101100100
0010101010100001010100
000011000000101010101
100111001000001110100
101000010010100110101
100101101010000110001
000000010010001100100
10000001001010000100
1100110010010001101101
001001001001010111000
0010110010000001100100
001001010010000110101
10101100100110000100
001010010000101100100
1011011010010101100100
1010011010010110100001
1010110010000011100101
1010110010010101001100
1010110010000001100101
100111000001001100101
0010011010010001010100
101011000000001100100
1000010010010101110000
10001101001001110000
0000011010010100110111
01000100100000110101
10111100100001010000
1000110010000001110100
00010010000101100100
100110010000011100100
1000100010000110110101
001111000000011100101
101011010011001100000
101001101001100010100
1100111010010001010100
11001100110100100100
1011010010010000110100
001110010010101010101
1010011010000101010100
101011101000101100100
100101101000101110100
0001100101000001110100
1001010010000001100100
101011000110100110100
1010111010100101100100
0010101010100001010100
0100011010000101100100
0100011010010010110101
1010011010010001100101
0110010010110000110101
00000110100000111000
0010110010110000110101
001110100010011001
00000101000100100101
101011101001000010001
01010010010111000101
110010010000100100100
1010111010101001100101
100110010010101110101
0010110010110101100100
0010111010010100110100
0010110010010101110100
0010011010000000110101
00011100000100110101
0001100011010011001
00001101001010000100
101011101000100110100
101011101001010000100
00101010010101100100
001011101000000111001
0001110000000001010100
000001000001101110100
101001101001010000100
0100101010000101110100
000011100000100110110
10101001001011110001
001001101000101100101
00110101001011100101
1010111010100101100100
0010101010100001010100
1010011010000111100100
0011001010010100110100
001011001000010010100
10001001000000000110
0000011010010100110101
0111010010010001110100
0010110010011000110100
101011001000000000101
11001100000101110100
101001101000100110100
0000110010110000110100
00101101000110110000
10001000100101110101
10011110100000110100
001011001000000010101
0010011010100101100100
0010001010110000110101
101101101001000010000
0000110010110100110101
10000001000001000100
10001100100000010100
001011001000101100100
1010110010110100110100
101111001000101100101
00000000001011
0010010001010
0001010010010101100100
010000010001001001010
1010110010110101110101
0010011010010000110100
0001110010010101100100
1001110100000110000
000011010110000110100
0010110010010000110101
00101101011010000101
101010010000011100100
10101110000101110101
110111001010000011000
100001101010000100100
1010110010100000110101
00001001001100110100
101011001000010110100
100011001000101110100
101111001010000000101
001011010110101100101
101101101000101100100
1010111010100101100100
0010101010100001010100
001010010001001110001
100011000000001100101
101011001001010100101
101001001011000101001
101011101000100110100
1000011010010101100100
010001101011010011000
1010110010010000110101
0010110010010101100000
00010101000100110100
10000100000101100101
00001001001000110101
000101010010000100110
1010110010010101000101
1010010110010100110101
000011001001000010100
001011010000100110100
010010001000110100101
011011001000001010101
1000110010000000110101
1010111010100101100100
0010101010100001010100
1000110010000010100100
1010010010000101000100
0010011010010001100100
101001101001111100100
100011101001000110100
101000010000010000100
10100110100010010000
010011101000000001101
10000100011000110001
0010010010010000100100
100101101000010010100
1010011010010001110000
1001010010000100110100
0010101010010101010100
1011010010010001110101
001001100100100110101
0011010010000001110100
01000100100100000101
0010111010001000100100
001011001000000010101
1010111010100101100100
0010101010100001010100
010011101100011
00001011
000010101001010
01001010
0010101000001010
0010100
1010101010111011
00101010
0000101011011010
10101010
0010101000101010
01001010
001110001001011
01001011
001001001001011
01001010
0101101000101011
0101010
1000101000101011
00001011
00100010011010
10000010011011
1100101010000100110100
1010101010110001010100
1010111010010101100100
101000010010001110101
101010010010001010101
0000110010000101100100
0000110010010100110100
100001101000100110100
101001100010011100100
1010011010000000110100
0100011010111001010101
1010111010010000110100
10011101000010110000
010110010010101100101
100111010010101100100
0010010010010100110100
10001010100000011001
0000101010000001010101
1010111010100101100100
0010101010100001010100
00111001000100100101
001011001001000100101
101000010010101100100
00000101000100110000
101011101010000011000
101001101001010110100
110001000100001100100
000010010000011100100
101011101001000100101
0010011010000101110101
0011011010000101110100
101000010100100100100
001011101000001110100
1010010010110011110100
000010101000001110100
010111000110001101101
1010111010100101100100
0010101010100001010100
0001101010001010
10110010
0011101000011011
10101011
0010100000000000
10101010
0100101010101010
1000010
100110100101101
1000010
0100101010001010
00001010
100011100100010
00001010
001001110101011
10101010
1010101100101010
0011011
00010010001010
1100010
000001001011011
10001010
100001001001001
01011001
001110100001011
0001010
1100101010111011
00001010
10000100100010
00001010
110001010001010
10101010
000011101010001
00100001
0000101011001010
10011010
1101101101011011
11000010
1011101110001011
1001010
010010100111010
01001010
0000101000111010
00011011
0100101001011010
11001010
0000101000111010
10001010
1101101010101011
00011011
10000000001010
01001011
010101001011010
11001010
000011010010101100101
101001101100100100100
00100110100001010110
100011001000110010100
0000101010001011100101
1000110010110101100100
000001101001010011000
0010011010010101100101
1000011010110000110101
1000110010110000110100
0010011010000011100101
10101000010000110100
01111100100000010101
0110011010001101100101
1010111010100101100100
0010101010100001010100
100010100011010
10011100000111011
0011101000001010
001000010101001010
0001101011011011
10101100101010011011
0001101001001011
00011000110000011
0000101000001011
10101110101100111011
0000111001101010
0000110010101001011
0100101010001010
001010010100101010
0001101010011011
11001100101010001011
001010100011010
0000110010101001011
1100101000011010
1010010101110001010
101011001000100110100
10100100000101110101
101111100010101110000
0000111010010100110110
1000110010010000100100
101010010000100100100
101001100000111110100
000001111001000110101
00101110000010011000
000011101010101110101
1000111010110011010101
00011101000000110100
1000111010000110100100
110011101000101110100
1011110010101000110100
00101100010011101100
0010011010000101100100
0001111010010100110100
100011001011100000101
000111001000100110101
0010011010010101010101
001011001001010110001
0010111010000001110100
000011001001010100100
1001011010101101110100
1010110000010100110100
0010011000101000000
001001101000001110101
1010111010100101100100
0010101010100001010100
00100000000100100101
0010110110010000110100
0110110010010111110100
1110010010010101100000
10001110000100100100
101000010010100110100
001011000010100110100
100011000110000110101
1010111010100101100100
0010101010100001010100
000011101000000110100
001011001000110000110
0010011010110101100100
100011101011001110100
0010011010100001010100
0000011010010101100101
1000010010001100100101
010110100000100110001
1010111010100101100100
0010101010100001010100
01010110101001011011011
01001100101110011001010
10110100101010011101010
01100100101001011100011
0101011010100101001011
10101101010000111011011
1000110010010101010100
01101100100100011000
000101000110101110101
000001010010001010101
100011011000110110101
001110010110101110100
011001010010000110101
1010011010001001110100
101001010010101110100
0000110010010101110100
0001101000001110100
0000111010010000100100
1000101000010
1001010
001010101010101
0010101
10001000001010
10001010
0000101110101011
00001010
100010010001011
10001010
1000101001001010
10111010
1000101000001010
00111011
0010111010010010100101
10001100001010010100
100001101011100101001010
1100010001010001001010
001001101001110000100
1010111010000110100100
1100111010010000110110
1010110011000000100100
000101101010010110100
000011010000001110100
0010110010000100110101
101001101000001010100
000001101000100110101
001011001000100100101
0000110010010000110101
10101110101000000001
100111001001011100001
0010111010010100100101
1001010010100000110100
0010111010010100100101
1000011010010000110100
000011101011010011000
000011001010000000100
001011101000001110100
101001001001001010100
0000111010101011110100
001111001010100011101010
00000110101011101100011
1001110011100001010100
0000010010111010010100
000101011011011
0000101000001011
000010100001010
11001010
0000101010001000110101
0010110010000001100100
1010110010010101110100
00011101001000111101
1010110010001001001011
0000100100001011101010
1000110010000111010101
0000011010010100110101
1001101011001010
1000111010100111011
1010111010100000100100
0100011010100000110100
1100101001001011
00100101010
0010110000100001100101
000110010110001000101
1100111101001011
1010100010001011
1010111010000101110100
0010010010110101000101
10111010011001100101
0001110100000111000
1010110100000000110
1010001100100000100
111010001000000110101
1000011010010100100100
1010010010110101100101
1010100010010001100101
1010001000100100100
1000110010010101110100
00001001000000100101
10001101011010000101
101001101000100110100
0000011010010001100100
100110000010100100100
101001101000100110101
0000110010010001100100
0010010010010101110101
10101100010101100100
00001110001010100100
100001001010101100100
000001101000001100100
1010011010010101100100
0011110010000110110101
10100101000000100100
000010011100000111101
001011010010001100100
1010110010000101100100
0000011010010010100101
1010110010010011110100
0000000100000010100
101001001000100100100
000011001001010100101
1000110010000000110100
100011001010100111000
1010110010110100100100
010011001000011100101
1010110010010001100100
000001101000000110100
101011001000000000101
001011001001000010100
000011010100101100101
101011001001000100101
100001011000000110100
10100110100000100101
0000010010010001100100
110001100010100010100
1000011010010000110101
0000111010000000110100
100010010010000110101
1010011010000000001
1000011010110000110101
1000011010010100110101
0000110010010000110101
00001101000000111000
0010110010010000110101
10100110100010111000
0010110010110000110101
100001101000001100110
1001010010010000110101
0001110010010001100101
0010111010010000110101
10011100000101110101
1011111010010000110101
000011001001000110100
0000011010110000110101
000000010110000100101
0011110010010000110101
0010111010010100100100
101011000010000110101
0000011010110101100100
1010110010010000110101
00001100100000100100
1010111010010000110101
101111000001000010101
100010010010000110101
0010110010010101100100
0000111010010000110101
10011100101000000110100
1010011010010000110101
00100010011001110100
0000010010110000110101
0000110010010010110101
101001100110000110101
10100001001000111000
0000010010110000110101
1010110010010011100100
1010011010010000110101
01100101001001110101
100001000110000110101
1010101010010000110101
101001000010101100100
00000110101000111000
00101100100100110000
10001100100010110100
100010010010001100100
1000110100000000101
0010011010010100110101
0100010010010100110100
1010010000010101100100
10101100011010100000
101001010110001100100
1010110010100000110100
0010101010000001110101
101001001001000110100
100010010010101100100
1010011010000100110100
0000110010000100110000
0010011010010000110100
001001101001011100100
001000010010000100101
0000010010010101110101
0010101010000100110100
101011001000101010100
00001110100000001000
1010011010000110100101
000001001000000100100
0010110010010011100100
00001001000001110100
001011111001000010100
101001101000101110100
1000011010010101100100
1010011010100101100100
101001001000000010100
0000010010000100010100
1010010010010001110000
101010101000001100101
0100110010000100110100
10100101001010110000
100001010110101110100
0100101010010011010100
000100010000111010100
0101101010000001100110
1010110010010001100100
0101101010000001010100
1010010010010100110100
0010011010000001110100
0000111010000100110101
110100001000001010101
1010101000010000010100
110001010010101100100
000011101001000111001
100010010000000110100
01101100100100011001
1000011010001010110100
000011010100001110101
001010100001011
00001011
1101101000101010
10100110
0010101010101110
10000101
000001110101110
1001010
10101100101010011101010
000001101010001001001011
001001101011101001101010
011011011011010011101011
001111101010101001101010
001001101010001001101010
001011101010101001101010
10110110101000101100011
00100100101010010100100
10101100101000100110010
001001000100110001011
101101101010100001101010
001001001010001111101011
100011101010101001101011
1000101010000101110101
1000111010110101110100
1001001010110010100
0010111000010100110100
10100110100000110100
101001101000111000101
10001010101000110100
0100110100010010100
0000011010010110110101
0011011000010101100101
101010001000100100100
010001010001001100100
10110101001010010101
1000111010000100110100
101011001001010100101
010011010000010110110
1110111010000111100101
1000011010010100110100
0010011010000101100100
001001101000000100100
101010100010101
01001010
1100101111011011
100010
11001000101101
1010101
1000001001001010
00010010
0101101101001011
10111010
0001101111001011
10001011
011010000001011
10001010
001110100100100
10101010
0010110000001010
10011010
0010101000001011
10101011
0001011010101110
11001011
0010001011001100
00101011
000011010001011
10101010
1100101000001010
00001010
1001101000101011
00011010
000110101000001110010000010
100111000010001101010010001101011
1010111001010000110011100001111
10010000101000001011
1010110100010010100100100
00100110101010101011
0011011010101001011
00001101000010010100
100011001000000011001
00000101000000011000
110101101000110011001
00001101000010110001
111010110000001010100
101011001000000111000
10000110001000000100
1000011010000101100100
010010010010001110101
1010110010010001110101
00010010000001110101
1000011010000000100101
100001101000101100101
101011000110101100100
101001100000100110100
100011010010100110100
001010010000100110100
0010111010010101110100
001011000011000110100
0011111000010000110101
0100011010010000110100
001011011000000110101
101011000010001110100
0010110010000100110101
00101101000111101100
001011001000001100101
000110010011001110101
000011001000000100101
000010010001101110101
0000111010000001110101
00011011000100110100
00011001000001100100
000001010011001110100
000110000000110101
00100001100000110110
1000011000100001100100
001011000100110001
0010001010010100110100
010101101000010010100
0110110010000001100101
00001101001111110101
000010000010101110100
1000011010000101110100
00011001000000111000
100011001000000101001
0010011010011001111101
001111101000010100100
000001010010001110100
0000100001010010001
011001101001001110101
1100110010001001111100
0010011010000001110100
00100001000101110100
0110011010000100110100
00101001011010011101
1010011000101000000
100000000000010000
100010010011001110101
0011110010010011100100
101011000001000110100
10000110110100010100
1001110010000101100100
100001101000101110100
101001101000000010100
1010011010000000110101
100011001000100110100
100001100100001110001
00001110010000011001
0001010100101001000
10101101001100110100
1010011000000101100100
00000101000011100101
0001111010010001100101
000011101000000110000
0010110010010101110111
100011001000010010100
00001100100010100100
0010111010110101100100
0010111010000100110100
000000000101011000
1000110011010110100
101011001001010110000
100010101001010000101
000111000000001110100
1010000001010000110
1010001010000011101100
001010010010100110100
1000111010110001100100
101011010100100100100
100011100000101100100
001011001000001110001
101001101001000110001
0010011010010001100100
1000101001011010100
101011101010011100000
1010011010000100110100
001000010011101110100
001001101000000111000
001001101000100010101
000001101000000110000
101111100011001100101
0011110000010110100100
100001010100000100101
00001101000000000101
1110110001010110000
101001101100100010101
00101100000111010100
11100101010111100100
10000010010101110100
1010111011010001000100
000011000000000110100
10000001001000100100
001001101000000110101
0010111001001010000
1010111010001100110100
100011101010100100101
00001101000000110100
000011101000000111000
001001110000001100100
001011000000000110100
00011001000001010100
100001010000000101100
000011101000000100100
00001100001011110101
000011101100011010101
1010101010000100100101
000111010100101010100
001011101001000100100
001010010001100101
0010010000000000110101
101011001000001100100
101010000101000100
10000110100010100101
1000011010010000100101
101001000010100110100
001010101001000010100
100111001000101110100
00110000000010000100
0010011010000101100000
0011011010010100110100
1010110010000000100100
1000110010010010100100
1010111010010001010101
101010100011101110100
0000011010010111110101
100001100101101000101
1010111010000001100101
100111010110001100100
101001101000010110101
100110000110111110101
1010011010000101000100
110011101001010111000
101101100010100110101
1010000100111000100
0010110010000010110100
1000110010010100100101
100111010011101100100
0000110010010000100100
1010110000101101100101
0000110010100101110101
1000011010000001110100
11011100001001110100
10000110101010010100
001011001001010010101
1010011010010100110000
001011010100010100100
01011110010100111100
10000101000001100100
00001100000100101100
1010001010010100101100
10101100000101110100
001111100000100110000
000110100100011000
101010101000001110100
100101010010000110110
000001010000110110100
10000110101100000000
1010011010110101100100
100011100100001010101
0001010010010000010101
10111001000000110101
1000011010001000000
1100110100010100100
0000110010000000010101
0001111000010110010100
10001110110000011000
001001101001000100100
1110110010110010011000
10100110111010100101010
001001010001011
10001110000001
1000101000001010
000110000001010
0000101000001011
0100101011001010
1000101010001010
0001101010001010
001010111001011
0000101010001011
1010110000010100110100
1000110010001101111100
011010010010000100100
0010110001010100101
00011101001000110101
1010011010000000110100
0000111010010100110100
1010011010010100110100
1110011010110001100000
0010011010000101100000
000010100101101
10101010
1100111010001010
10001011
101001000101010
00101011
100010010001010
00001010
001001010101010
000010
000010011001010
00011010
0000101001011010
0000010
10001001100100
10001111
001110110001011
10111011
101010100000100
0000011
1011101000001011
11001011
100011100111010
10001011
00110101100100
0010100
00010001100111
00001010
000011100001010
00011011
110010100001010
01011010
001000000101001011
10000
10001000100100
10101110101
00000100000000
00000110100
00001001000001
10100110100
100000001101000100
1000101000
101001010011101
00001010100
100001000000100
001100100
100100100000100
00001100001
00000110101100010001
101011001011010100001
100011010000101100100
0000010010000011100101
100000100100000001
10011001000010010001
000001010010100100100
01001001001000100000
000110010000001110101
0011010010010101111101
000111100000000100101
00101100000000011001
000011010000001100011
100010010010000100100
1000110010010001010101
000110010000101100100
010011001000001110100
10100110100010000100
001011001000101100100
10001101000010100100
1010010100000011000
0010011010100001110100
100011000011101010100
000001000100011000
001110011010001100101
01010110101000010001
0000110000000110110100
10101100100000000101
0010011011010001100001
000110010010001110101
1000110010110101100101
11100100010000010000
10101100100000010101
1000110010110001100101
001110010010000100100
00001001000011100101
0000110000000000110101
000011001001000100100
010110010010000100100
10100110101010110101
00100110101100001000
1010110010000001100100
10101100100000010101
1000110010110001100101
0100011000011010
00001010
10101100001011
00001011
110110110100010
10001010
1000101001001110
10101010
0100010000100
01001010
1000101111011011
00001010
00001101000100
0010011
100110101000100
1100010
010000101000100
00101010
010000101000101
00101011
00001110100100111010
0010011010110100110100
1010010000001110010
00011101001110100101
1010011010010000110000
100010010000000110100
000111010010001100100
0010111010010101110100
1000111101000010100
101011101011000110101
001000010010101110100
0000011010010001110100
1000010010000000110100
00110100010101100100
101001101010010110000
1000010010000100100100
001011001000001100101
0101110010010000000101
00101100001000010100
000111010010101110100
010011111000000100000
00001101001011000100
0010111011010000110100
000011100010000110100
000110010110100110100
000001101000110110100
0000001001000110100
101001101000010010111
00001000000001110100
101011000000100110100
10001101010010100101
001010010000001100100
0010111010100001110100
00101110101000000100
101001001001010100100
01011101001001000100
00110001001100110000
0000011000010101110100
000011101000001110111
0010010101100010100
01010100010000100
10101100100100110100
01001100010000100100
00011010010001100100
1010110010000001100100
1001100100000111000
101011001000000011000
1000001010010001101100
100011001000010010100
001000010111010110101
0001101000000011000
0101110010100001110100
0000110010000100110100
0010111010000001100100
11011001000001100100
01011010110001110100
0010010010010100110101
0000011010000101110100
10100110100011110000
1000111010001001001
1000111011011101110100
100011001000010110100
1000110010010101100100
0010110010000100010100
101001010010101100101
0010011010100100110110
100101001000100110101
1011111010010000110100
10011100000100101101
0000110010010101100100
1001100100
00001010000001100100
100011001010010010101
00001110011100010000
1010111010000101110100
101011001101000110100
1000110100010011001
10011001000000010101
0010110010010000100100
000011010010000101100
00011000010100100100
01010100010000100
10101100100100110100
1000110010010001100100
1010110010000111100100
011011001001010000101
1010110001100100100
101001101011010110101
00101100100110000101
000110010000101110100
1000110100000010100
101110100101000000001
100011001000101100100
000011010010101100100
0010111010110000110101
10100110100000011000
1000011010100100110100
1010011010110100110101
1010011010010100110101
101101100011101110101
101001010010001010101
0010011010010001100101
10000110100100000101
110011101011001110100
1010010010010001100101
0001011010010001100101
000011000000101100101
10010010010011100101
100001101001000010101
0000100010000011000
1010010010010101100100
101010101001000010100
1010111010010101100100
1010011111111100110101
001011010110001110101
001011001100100110100
1000110000101100100
10100110100101011001010
1010110000101100100
01011001000010000100
111011010011101100100
01010010000100110100
00001101001000000100
0011011010000100110100
1010110010000001110100
000010101001010110101
001111010000100110101
100011101000001110101
1010000100010000100
01010100010000100
10101100100100110100
0000000010111100100
0000110010000101010100
000110000000100101
001001101000011100100
100010010110101010100
101001101001011000101
1011011010000111100100
00011101101010110001
10100101000010000100
001001101000101110101
10101100001001110000
00000110100010011001
10100110011010100101
00100110001001110100
0000101010010111100100
0010110010000011100101
100000010010101110100
110101100000100110100
0000010010010100100100
000000000001011100100
01010100010000100
10101100100100110100
000010100101100100
010011001000001110100
001011100110001110100
00101101000010010100
00001010000100110100
010110010010100110101
00100110001010111001
0010111010010101110001
1101011010010100110110
01001100000001110100
1011100010010001010100
01000010000100110100
001001010010100110101
10100101001010010101
101010101001000010101
100011101001000110101
000001101001000110001
0010011010100110100101
00000000000001100100
10100000100001010001
01010100010000100
10101100100100110100
00011001010010111001
0000110010000001101101
1010011010000010110100
10100110000000110100
0000110010010000100100
10000001000101010101
000001101000001100100
001011100010100010100
00011101010001100100
0010011010010001110100
000001101001010010000
1000111010010101100101
0010110010010100100100
0010110010000101100110
100000010100101100100
0001100100010000100
000001100000100110101
010001101011110110001
001011101001000110100
0100011010000011100100
01010100010000100
10101100100100110100
1010110010000100110100
101001100001000110101
0010011010110011110001
1010011010010101100100
1010101010010001100101
0010011010110100110100
101001100011110110000
001010000010110110101
10100110000000110101
101011011000000110100
10100101101010000101
10110110100010111100
1010011110000000110100
10000100000000110100
1011110010010100110101
100001101010010011000
1011011010110100110101
10101110100010010100
10000101010100110100
1011011010010100110100
01010100010000100
10101100100100110100
001011001010000010101
1110011010110100100100
101000000101000100
100011000000100101100
101001001001000000100
1000111000010001110100
10001100001000100100
0010100110000100100
00100101000001000100
0000110010000101110110
1000110000101110101
1000111010010100110101
001110010110001100100
1110011010000101100100
10100101000010111100
10101100001001100100
010011101000001010101
1010100010000001100101
00110100001010
1000101110001011
01010100010000100
10101100100100110100
001000100000110101
0010100011000011000
00011100011000111000
0010001000000111000
000010001000001100100
001000001000101110101
00000100100000010101
00111000110001110110
101011101100001100101
101010010010000100100
000010010000001100100
00000110100000100100
101011011000101100100
0100111010010100100100
001010110000011001
001001110000100100100
10111100000000110100
10010100000111100100
1001110000000010001
1110110010011000110101
101001000011001100101
111000010010011100101
11110110100000000100
1010011010000101100101
1011110010010101010101
00101100000101100001
1000011000010101100011
0010010000010100010001
000001100010010110101
001011101001000100100
001000010110000110100
100101010010001101101
10101100100000010001
0010111010011001100100
110000101001011000101
1010011010010100110101
100001010000101110100
001010010111010110100
1000110010100001100100
101011010010010011011000100110110
01011001100101100100
1011110010010101110101
010110000000110000
1010110010010101100101
1000111010010001010100
00100001001010000110
0000110010010001100100
1000111010010001110100
00001100101001001000
00111110001110001100
001010010001011100100
101001101000001000100
000010010001000111101
000100010000001110100
0100100011000101100110
001000101001000100101
0000001010000001100101
101110000010011010100
000110010010001010100
00001010100001010100
1100101000001011
1100101
0001101000001010
00101010
00101000001110
11001010
001010000001110
100101
01001010001100
1011011
00100111100101
00101011
1010101011001010
00101010
00011010110101
1001101010111010
100011101010100
10101011
1001101000011110
10001010
010010101000100
10101010
110010010001011
10001010
1100101010011011
10101011
1100011011001011
10001011
1100101010011010
11001011
1000101010001010
000011
1000101000001010
00001011
10000011001010
00011010
100110100001011
10001010
1100100100001
10001010
0010101010001010
00000010
101010101001010
00001010
110010101000101
00101011
00000100010010
0000001000001010
100001100101010
10101010
000010000001010
10101011
10101001101100
1010010
10010100101010
1000100
110010000101011
1010010
000101000011010
1001100
1000001011001010
00111011
100001111001010
10001011
100010110010010
00011010
0010101100101010
00001010
0010101100010
10001010
001010101001010
00001010
0100101010001010
1010010
0000101010001010
01011010
001010101000101
00001011
000101000101011
10101010
100010110010100
0010010
1000100000001010
1100010
11000101001010
00001111
100010101001010
10001011
00000101001010
10001010
000101001010
10011011
0010001000101011
0101010
100010100101010
01001010
10001000010010
1000101
001010100110100
1001010
1010101000001010
01001010
00101010100101
00101010
00001010010010
00001010
00001000001011
00001010
1000101001001010
10111010
10010000001010
1000100
1000101010001011
0000010
110110010001011
01011011
010010100100011
01001011
010101010001011
00101011
1010101100101010
00011010
1010101010110010
10001000
100100110100
1000010
010011101000100100100
0010011110010000110100
1010011011011000100100
0000011110000001110100
1000011010010001110100
000101101001011000101
0001110010000011100101
0001110000000101110100
00111001011000110001
100111010000100110100
010010010110101100100
101001101000000110100
0100110001010110100
0000011010000000100100
1000011010000001100100
000110100110110100
10001101001000110000
000001101000000110110
01001001000100110000
000001100000100100101
100011101000000110100
0010011010110000110101
10100000000000100101
101011000010000100100
1000010010010111100111
0010011010010000110111
10000100110100110110
100110000110100010100
101011001011010010001
1110011010011100110101
00000100010101110100
0001010000100010001
010011001000001100100
1010010010110010100100
1000111010010001010100
0001110010000000100100
10100001101010100100
101000010010100100100
001001100000101110000
00000001001010100100
0000010010010011100101
0000110010000010100101
00011001000001100001
1001111010000100100100
1010111010000101100101
011011001001001110100
0010011010110001110100
101001010000101110100
1101110100101000101
1010011010010000110100
0100110010001110101
101101101010010110001
000111010000011100101
001011101001001100100
001011000000000110101
0011110010100111100100
001111000100101100100
1110101010010001110100
0000111010000101111101
0000111010000101110100
010011001011110100100
111011000001010100111
10000110100101001101010
10000001010011011001011
10000110101001001101110
0001110101000011001011
000011001010001101101011
000001101010101001101011
001011101010001001101010
100011010100000110001
110101101010001001101010
1100110010000001011010
1000001010100001101010
10000110010000101101010
000001101010000011001011
00000110101000001001011
0101011001100000001010
100001101011001111001010
1010111010010100100100
011011000000001110100
1100011110000011100100
10001100011100011000
0010110010000001110100
1010011010000001010100
100011010000001010100
0010111010100101010101
00001010100000010100
00100110100100010101
1110101000001011
0000101010011011
011011110100101
1010111001000010
1000101010111010
010010100001011
00001010100011
100011011011010
101000010000101100100
000111010010010110101
1101011010010011100101
1000011010000100110101
0010110010000001110100
0010001010011100111101
000001010111101110101
01100110100101100000
1000011010110000110101
001001100001000110101
10001101001000010100
100000011000010110100
101001111000010000100
101011101001101100101
100101010010101110100
101011101000000111001
100111011000000110100
1010011010010100110100
010011001000000100101
101011000010110110101
0010011010110100110101
000011001011001110101
100001010010001100100
001001000011000110111
000110001001000011000
1010111010110011100100
10000010110111100101
0101100100101000101
011011001000000110100
100101000111000110001
1000101000001010
111010101001011
100011010100001100101
100011000110100110100
00110110101010010101011
001011010101000100011
10001101010001011001010
00011100101110001001010
10100110101000000110011
101001101001000001011
001101101010000111101011
10111110011000011001011
0000110010000100110100
0010110010000100110100
00101100000000100100
1010011010010001000100
0010011000010110000
101001010010001100100
0010110010000100110001
001001101000010011000
0010110010010000110100
0010011010010100110100
001011010100100110100
00001110001000011000
1001100011010011000
101010010100000110100
001010010000100110100
101001010100101100100
1000110010000101110100
100000010010101100100
00010101000010011001
000010010100000110100
0010011010001001110100
001011000000100111000
101000010100000110100
1010011010000100110100
100011000010001100101
1010011010000100110100
110011001000100110100
0010011010010100100101
111010101000101011001
101001101000100110101
0100001000101110100
1000110100010111000
1000011010000101100101
000001101000100110100
1000011010100101110100
00010101000101100100
001011100000100101100
010011010000101110101
110001010000100110100
1000011010001101110101
0010110010100100110100
0010011010000001110100
010110010000100110100
0000011000010001010100
010111010000011100100
101001101000001110101
00000101000010011000
10000010010100110100
0001100100101100100
00100110100010000000
1101011010000100110100
100011010000000110100
011011001001010100101
101011001000110110000
1010011010001001100100
101011001001000000101
0010110010110110100100
000111010000101110101
1011010010010100110100
1011110010010101100100
000011001001001100100
101011000110000010101
10101110100000000101
10011000111000110101
0000100010010101110101
00001100100001000000
001011001000010011000
1000010010010110100001
1010011010001001100100
101011001001000000101
001011101010101001001011
000001101010101001101010
000001100101000010011
10100101010010000010
101101101011101011000011
001011001010101001101010
00000110001010100110010
101001001010101001101010
1100110001001001100010
001001101010001011101010
001001101110010000010
00100110010001011001010
101010101001000110001
0100111010010001100101
001010010001011
0101011
1000101010001010
00101011
001001101001010
10101010
101010110100111
00001011
1011101000111011
01001011
0100101000001010
11001010
1010101001001011
11001010
0000101010001011
0010101000011010
001010000001110
10100100100111
0100101011011010
10000100001010
0001101011001010
000010101001011
11001001010000
01000110101101010
010010010001010
01000110101101010
1100111000001010
01000110101101010
1000101000011011
01000110101101010
0010100101000
110010101001010
100001011001010
00101010
100110100001010
00101010
000101011001011
01001010
0000101010001011
00001011
0010101010011010
01001010
0100101011001010
01001010
0001110000010101100101
00001000010001100101
1010010010010101100100
100011010010100100101
10100110101100010100
100011001001000110101
101011001001001011001
000110010110101110101
101001010110101110101
1011010010010100110101
0000010010000101110100
101001001001001110100
00011001000010011001
1010011010100110100101
00111010000100100100
001011001000000011001
010011101001100110100
1010011010001000110100
00100110101000001001010
001001001001001001011
1010101001000110000
1001011010010100110100
1100111010000110110100
0010111010000110110101
011001101001010110101
0101110000000110010
000011101000000010100
100001101011100110110
1010011010000100110001
001000101000000100101
0010011010010101110100
1010011010010100110101
010011010010100111100
1001011010110000110100
0000011010110000110100
0000110001000110001
010111010010101100100
1010011010010100110100
000111010010100110101
0001111010000100110100
1010111010010000100100
0000111100100111001
001011101001010100100
100111010100100110100
100010100001010
10101110
001001000101010
10001010
111001011001011
1000010
010010010001011
10001011
1100101110001010
00001010
001010100001010
10101011
0010101101011011
10001010
00011100010101011001010
000101001010001011000010
100011001010100001101010
1010110010010101100101
00101001010000011001010
100001101011101011001011
10011001010101001101010
00001100100101010001011
101001101010010111001010
00101100010101011001010
100011001010110011101010
10001100100001001101010
00001001010101011001011
101011101010100011001011
10001100010000010010
10001110100000001101011
0000110010010011101011
000001100100000100100
10001100010000010001010
00111100101000011101010
01101100010100011001011
01001100010001011101011
0000100010010001110010
10101100101001001101010
0011011010010100110101
0000110010100001100101
0000110010000001100000
1010111010000101100100
10001000011001000100
1000101110011010110100
1001100100010010100
101001101000000110100
010110010010101100100
0000111010001001110101
001011101010000101101
0100001000001011000
00101101001010000100
1001011010100011000101
000011010100000100101
110011101011010110000
010010000100101
0010010
10100110100011
01001011
0101101011000010
00001011
1000110100010110110100
0010011010010000100100
0000011010011100110100
1010010010000100110100
010110010000110101
001001101001000000101
0010100010000011100100
10000110100100110100
101010110101010
10101010
100001001001010
0001011
1000101010001011
11001010
0011101010011011
00001001010010
0011011010001111000101
1010111110110101101101
11100100001100100101
00110110001000000101
1000101010111011
1010010011001011
1000100010001101010
00011011
000110110000100
1001101110011011
000010010001011
0010101001001010
1000011010010000110100
1000011010010001100101
1000011010110101110101
101010010100000110100
100001001000000100100
10001100100100010001
001001001000000100001
100011001011000000101
1010110010011000110101
00000010100001100100
000010010010101100100
101001101011010010100
0010111010001101100100
000001010110101100100
0010010010000110110100
1010011010000000100100
101011101000001100001
1010011010101000110100
00111110100000110101
0100010010010100110100
1011010010100100110101
1000111010010100110100
00000111101100100001011
101001100101001110001
100011010011011010101
0010110010010100100101
1010011010000001100100
1001111010010001101101
1010111010011001100100
001001001000000110100
010001101010001000101
1010011010000000100000
10110000001010110101
101001001001001100100
010010010010000110100
10101100000000011100
1000111010100001010100
0010101010100101010101
000010010010100110100
101001101000000110000
10000000000000110101
00010010010101100100
101001101011100010100
0000111010110000110101
0110010010100011100101
001000010101001100101
100111000110001110100
1010110010010101100100
1000011010010101110100
1010111010010001111110
100011010000101110101
001001101000000110100
1010011010000101010101
1000011010000100110100
0010011010010001110101
1011011011010001110101
0001011010010000110101
00111110100010010100
100001101001010110001
00001101010100000101
1000011010000100110110
001001101000010010101
1010011110010000110101
000011001010010011000
001011000100001110100
0000011010010000010100
100001100000100100101
1010011010011001100100
000001101001010010101
10001000100010100101
10001100100000110100
101011101001010110010010101100101
10011001000001110100
0001100100100010001
101011101000010000101
0010011010000101110101
1010110010101001110101
100001101010101000100
1010110010010100110101
001001101001000100100
000000001001001000100
1010011010110011100100
110011000010101101100
101001100010001100100
0001001010111100101
1010011010000000110101
00011010000000110100
001001010000001111100
101111001000000110000
101001101000101100100
0101010010110101100100
1000111010001001100100
10111001010000110101
001001101000100110101
100000110011001100101
0010111010010100100100
000111010010100110101
10000100100001010000
0100111010010100110000
10100110100000100101
1010010010010010110101
100001101101001110001
1000101001100010001
101011001001001100101
001001101000001110100
0000111010000100100101
10100110101100000000
10101100100000011110000
10000010110000110100
001001001000000110101
0010011010111000110101
100011100101001100101
0010010010000100110101
00010110100000110100
0010010010000000101
0100100010010100110100
0001100100010011001
010101001000001011001
1100101010001011
01001010
10001010001100
1111100
01000100011011
10101010
00100100001011
10011010
000001100010010
01001011
0100101000101010
00101010
0010001000000110
10001011
1010101000001010
1000010
100110111000010
0000011
0101101000000001
01001011
001011000001100
0000010
0000001100001010
01000100000010001011
0000101001001010
1000101001000010001011
0110101010101010
000001000001011001011
00000101000011
0000101010011010001011
000001000101010
0010101001010010001011
00010110000101
00100100000111001011
1000001010001010
001010010101001001011
100001001001010
00101000001010001011
100010100000011
10010000111010001011
0001101000001011
11001011010011001011
100000011000010
000010000001010
0000111000101110
1000101001101010
011010100000100
100011100101010
001010100000010
010010100010110
1010101000111011
101010000001110
000101010001010
001010001001010
10000100010010
1000110111101110
1010001001101010
101010000101011
000010100101010
00011010000010
1100111000101010
0001110000000100000
000010101000000101011
10001100101010101110101
0001100010000011101010
10001100101010001101011
00001001010001011001011
100011101010101101101011
00001001010001001101011
101011100010000011101010
10011001010101000101011
10001101010100001001010
0001100101000001001011
101101101010000011001011
0001101010001011101010
1010010101001010101010
00010000000010
000010101000011
010001010101110
0000101000001010
101010101010010
00001001000111
10101010000000
100001100101110
101001000001010
10101001100111110001010
101001000101010
00101110001000
000010101010011
00101010100010100101010
000101001011110
100010100100100
000001000001010
010101000001010
0000010001011
000010101010010
000010100001010
00001010100001010001010
1000001000001010
1000101000101010
00001010101010
000010100001011
00000101010011
00101010010110100101010
101001101011001001101010
10100110101010101110010
001001101011001011001010
001001101111001001101010
10000100010001111001010
10000100011000011101010
00001110101001011001010
00001100101001001101011
101001101010101001101010
01001101010010111001011
00001101011010001001010
10101100101000011001010
01011001000100110101
10100010010101100100
10100101010100110100
00001100100010110100
100001010110100110100
000001010000101110100
0000110010000101100100
001001101010101100100
100011000010000110101
1010110010110101100100
00001100100010110100
0010110010010001110100
000010100011011
0000010
0000101011011010
00011010
001110100000100
1000011
100010110000100
10001010
0000101000001011
1001101
0001101100011011
00001010
000010111100101
00001011
11100100000101
10001010
010001010001010
00001010
0000101100001010
1000100
010001011001011
01011011
0010101000001011
0001010
10101100011010110001
1010011010000001100000
100011001010010011001
1000110010000100110100
00100001011010010001
1010110010000001110100
0010110010010100100101
1010110010010101100101
001011000110001100100
101001010010001100100
10101010000010
0000101000011010
10101000000100
1010101010101011
00001001001010
0000101110001010
100001001010
1000101010101010
001010010011
0100101001010100101010
00001000001010
00101100100010
010110100100010
0000101000101010
01000100011010
101010101000010
000010100011110
10001000001010
0010100101010
0010101001000100101010
010010101010010
001010000001011
1010101001001010
00100100000101
000010101010100
10000100100010
000010110000010
001001010111011
000010110001011
1100101010111001111100
1100100010000101
10000100
110111001100001
01010110
0000101010001010
000011000101010
10001011010010
001011100001010
000001000100100100
00101101001010000100
100010100001011
000010000011011
0000101000001110
100010100101010
000010100001011
001001010001010
001001011001010
00010100001110000011100
1000101110011011
0010101000011011
0101010000010
100001010101010
000101000001011
100001000101010
00001010100100
10001001010101010101010
1010001100011010
01100000011011
000101010001011
10001100001010
10011000000010
10010100001011
0010010010101
0010101000000100000010
0010101000001011
000010100001011
100110101010011
010001000001010
0000101010001110
00001010010011
1000101111011010
0001000000101010011011
00000100001010100
1100101000001010100
1000101110001010100
0000101000101010110
0000111000011010
00000010001010
1100000000001010
0000101010101011
100010100101100
000010101010101
00001000000011
000010100001011
0010101010001011
1000101000101010
0010101000101010
0100101000111011
0000101011011010
11000100001010
101000100001011
1000101000001010
0000101011001011
1000101000001010
0001101001001010
00001011
001010100100011
00001011
010001010011011
00101110
0000101100101010
00001010
11001010010011
00001111
1100101100001011
000000
00010100100101
10001011
10001100001010
10111010
0011001000001110
00001010
1000010010000000110100
000001101000010110101
0010101010010100110101
00110100100000110101
0000011010010011101100
001011001000000110101
00010001001010
1110101010001010
010110110010010
01001000010010
0001100100101
0001101011011011
1000011010000111010101
0000010010000000110100
11100110101110000110010
0010011010001100110010
000111001011000010101
0000111010100101100101
100011100001011
110010111110110
10000110000111
0101011
01001010010110
10001011
01011001000010000101
000011001001001100100
1110110010100001100101
0010111110010001100101
100001100000001110100
0100110010110101100001
0010110010000000110100
1010011010010101110101
1000110100011001100101
00011101001010110100
1110111010000001110101
000011010001011100100
1010110010100001100101
0010011010110100100101
001011001000101110000
001000010011001110101
110010010011010100100
0000111010100100110101
000111000100001100100
100001101011000101100
0000010010010100110101
001001010010001100101
1000110000100010000
0010111010000101100101
10101110100001100101
0010011010001001100101
00001100101100110001
0010011010010001000100
000011001010010100101
001001101001010010101
010001010011110100110
000001101001000011000
101001101010010100101
101001100100101100101
111010001000101010100
0110011010011001100100
101011000100001100101
000011001011010010100
10001101001010000111
1010011010000101100100
100011010000000000
110011010010000100100
1010110010010101100100
0000111010110101100101
101011010110001110101
000000010010101010100
101001010000101100100
011110010010001100100
10100101000100110101
0000111010010000110101
1000110010010101100101
1010110000110101100100
0110110000010001110100
1010011010000101110110
101001100010100110000
0001110010000011000
000001100010100111100
001001101001000110100
10100001000010111000
00000110001010000100
0010011010111001100101
001001010010000110101
0011110010010100110101
101010001010001110101
0010110101000010100
0010110000000100100100
1100110010000001100101
000011000010101100101
0000110010000000110100
100001101000101100100
1000111010010101100101
00001100101010101100100
101011001000000000100
0010110011010001100100
1101100100110110001
0110111010001001100100
000011001000001100101
0000110010010010110101
0010011010010100110100
000011101000001110101
000101100000111100101
1001010010110101010100
001011001000100110101
100010010001011010101
001010101000011100001
00100110100010101001
1010111010010100100100
1010101010010100110101
10011001001000010101
1010011010010001110100
010110010110101110100
0001001000000110100
010011010010100110100
1010001010000100110101
010011010110101110101
100001101011000111000
01000101011001110101
000001101000001100101
0100110010110101100101
1000011010100100110101
01001101011000000100
101001101011000101101
001001101000101100100
1010011010000010110100
00001101000101110100
0100110010110100110101
0000010010000101110101
00110101000000110001
0000110010010000110101
000001101000001100101
11101100000000110100
00011001001010100101
0001110000100100100
00011011000010000110
100001000000010111
00111100100000111000
100010001010010111
1000011010010101001011
1000101100000000110
0010011010010100110100
10010000000111100100
100110010000101110101
00001111011100100
1010110010000110110100
1000010010011001110100
1010100000100100110100
1000010010000100110100
10001100100010011001
1000001000001110100
000001100010100110101
101011100010101001010
101111001010101001101011
00001111101001111010010
101010101010101011101011
0000010011001011101011
101001101011101011001010
00101100101001000100010
0000110101010100100010
10101100010001011001011
101011001011001011101010
00101100101001011001010
00001110101010101110100
101011101010101011101011
00111100011100011101011
001011001010100011001111
1001110100100011001010
101001001000100100100
000010010100011100101
00000100101011
0100101000001011
10101000010100
00001001001011
00010010101010
110110100101010
101101001001010
000010100010101
01010110101010
0110101010111010
000101110001110
000010010001010
0010101010001011
1000101001011011
00100101110100
10101001010101110001010
01100010010000010100
0110101010011001110101
0010110010010001010100
1000001010000101110100
001001101010101001101010
101001101011100001101010
00001110000100110100
1001110010010101100100
100110010010110110110
1010111010110101000100
0010010010010101100101
0010011010011101110100
0010110000000110000
0011011000001110001
1000110011000001100100
00000101011101110101
101011000100100110110
001001010010100110100
1100110000000001110101
0010111010000101100101
000011001010100100101
100010001010011100101
100101010001010
1000101000001011
100010110101110
0100001010101011
000000100100100
1000101010001010
1000101000111011
010010101011010
001101011001010
00011000001100
101010100001010
00001010100011
001010100001011
0010101110001010
000010010001011
011010100001010
00001000000100
0110101000011010
0000010100101
0000101010000101000010
000101000011011
100111001011
1000101010001010
100111001011
1001101000001010
100111001011
1000011010000000100100
0011011010000101100100
000000011011010
001010001101010
000111010010100100101
0000110010110000100100
00101101000000110100
00011010000010110100
0000110010001000110101
000011101000001100101
000000011011010
010101000001011
0100011010010010010100
1010110000000100110100
000011001010000110101
1000011010000001010100
0000101100010010100
110101101000001010111
101000010010101000000
00101100100010100110
1010000110000101010
1000010100000110100
1000111011010000110100
111010010000001000100
11000000010010110100
100001101010011000101
11000001000010000100
001001101001010010000
10010010000100110100
11001101000000000100
00001001001010110101
100010101000000110110
101001001010001110101
0010110000101100100
101001010110100110100
0000101101010110000
10011000001010000100
10111010010011110100
0001010100000110101
000001000010000110000
1010011010110000000101
101001010000111100110
100011101000101100000110110000
000101000000110110
11001001100000110000000110000
001000010010001100101
0000111010011001110100
0010011000010100110100
11000010001010100101
0100101010000011000
101000100
1010110010000111100100
100001001010100110100
110011101100010000101
001001101010001100101
1011111010010011110101
1010011010100100110101
101011001000011110001
0010011010100001000100
001011000000001010100
100001010110101100100
1010010010010100100101
100011001001000100101
1010110010010101100100
0010110010010110100101
1010110010010101100100
0010110010000101100100
100011101000010110000
101011001000010000101
010010010010000110101
0010110010000001100100
101101010000001110101
0010011010010001110101
101011001000000001100
1010101010010001100110
1010111010010100100100
010110010100100110100
1010110010110101100100
0010111010010100100100
0000010000000100100100
00001100010111100100
0000110010010100100000
0000110010000001100100
1000110001
1010110010110100100101
001011101000001100101
001011000010001100110
1000110010010101100101
0010110011000001110110
1000111010010100110100
1010110010010101110101
001011000101101100101
1010010000000101100100
1010110010010101100100
1010110010000001110101
1010110000000101110100
001011101000001100100
1010111010000111100100
001011001001000010100
1010010000001110101
001011001000010010110
1010110010000101100101
1010100100000100101
0010010010000001100101
0010110010000000100100
001011001010001110000
0010110010010101100101
1000110010000001110101
0010010010010101100111
000010010010101110101
001010101000000011100
01001011010100110100
00101100001010010001
10011001001010010100
1010110110010101100101
0000110010000001100100
1000110001
1010110010110100100101
001011101000001100101
00100100101001001110011
10001100101001011101010
10110110100101001101010
10011110101010001101010
00101100101001001001010
10001110101010101001010
100110000100010000010
101001001010100001101011
001001101010101001001010
01001101010001001100110
01011100101000101101100
100111101010101011101010
0001100101010101100010
00000110101100001110010
00101110101001011101010
00001110101001011001011
101001100010101111000010
001001101010001001001010
10001110101100101110110
10000110101010000110101
0001100010010011101010
10101010010101001101010
101011001010010011000010
10110001011101011001010
101011001010000001101010
1000110010100100101011
0001110010000011100101
0001110001101011000
00001110010000011100101
00001110001101011000
10100001000001100100
1010110000110010000
10011001000010000100
00100000000011100100
00001010100100110001
1010101010001000110101
000010001000000110110
001001101001000110101
00011010010101100100
000011101000000110101
001011001001000110100
1010110010110100100101
1000101100100011100100
101011001000010010101
000011010000010110101
0001101000110110100
0000100000100100100
1000111000010100100101
00011001000101100100
001011101000100000101
100011100010101100100
10100101001010100000
101001101011010011101011
00011100101000101001011
001111010000101010100
100000010000101010101
00000110100110011001010
100001001010101001101010
110011100010110011001011
101010000100001101010
10000100010101011011010
10100100101010011000010
10000100101010100001011
101001101011101011001011
000001101010001011001010
001000101010000011001011
10001010000000100
00101100100010000100
101010010010001100100
010001101001101100100
11001101000100110101
100010010010001100100
0010011010000100110101
101011001001010110000
000110010011001100100
1010110010010101110000
101011101001010000100
01011001001010000100
1010100010100001010101
10001100100101010001
1010011010000011110101
1011011010010101100101
10101001010000011101011
00011101100101001101010
00111100101010011001010
101001101010100011001010
00111001010100010101011
10000110010001001101010
00100110100101101001010
101111011010001011101010
10101110010011001101011
10101110101010101100101
0000111010010100110100
0010111010010101010101
1010111010000001100101
1010111010000100110100
10101100010010110000
0000110000110100110100
001001101000010100101
1100011010000011100100
10110101000001100100
101011010010100110101
00001000010111
000011000101010
0001000001110
00000101011110
100011010001011
000010010101010
010111100100010
11001000001110
01001001010010
0000010010101000101010
0010101000001011
00101010
110101101000111
00111010
000010000011011
00001010
100010100011010
1001010
0100101010001010
10100101010
001010010001110
010010101010
100010100001010
00101010010
1000000101011010
00000101011
1000110010001010
00000101011
1000011010001010
00000101011
010100010100101111010
0100110101000001101010
0100110101000011101010
101001100100100001010
000000001000101100010
0010110010010000010
01001100110011
010000001011011
01001110100011011
101101001001011
00010100101010
0001101010101010
0010111010001010
000010101001010
00000100001010
110101010101010
1010101000001010
00001010010010
1000101010101110
10001001000100
000010100001011
000110101100101101001010
00101010000100
110010010001010
0001100101111111
1010101000011010
101010000111010
11001000000010
011011100101110
000000100000010
1010010011010
100010110000100
001010101001010
00001010001010
000101011001010
1100101010011010
0000101000001010
1000101010011011
0000000001010
0010101000101010
100000000101000001011
1011101000001010
010010101001010
1100101100000101000010
001010000100001110
0100100
0010101000011010
000010000100001011
00001110101010
100010100001011
00110000101001001011
00101011
00001011101011001010
00001011
00101010101010011010
10001010101101001010
11000100101010001010
000010101010100000
001110101001011
00011010
0010110101000001011
0010011010000001010
000010000100100100
10101010
000000000010101010
10001010
0001100101000110
00001110
0100111010000110011
0100011001000001011
100110100110001100
00000010100111011
1001101110010110100
0010010
11001100101110001110
10001110101110101010
10010100101000111001010
00101001010001101101011
101101101010101001101010
0010111010101000101010
001101001010001011001010
010011001010111101101010
000010101001001101010
110011100010100111001011
0000110101000101001011
0010011010100100101011
101001101010010001101010
1000111010100111011101011
110101101010001101101011
0100100101000000001011
10000110101011011101010
0000110001000111010010
1010011010010100110100
1010100100100001001010
0110111001000101101010
1001100101000001001011
00101001010001001101010
01010010100000111101010
001001101010100101101011
100111001010101001111010
0000111010100001101010
1001100101000011101011
0010110010001111110101
0100011010000010000101
0000110001000011101011
101011001010011011101010
101011001010101011001010
000001101010100011101011
10110110101110100101011
10100110010100011101011
00001001010101011001010
10100001010100011101011
00000110101010000001011
100011001011100011101011
101101101010000001101010
100011001010100011101011
100011101001010000101
00010110011100011101011
10101001010001011001011
100011001011100011101011
00011001010101011001010
001011101010100011101011
11101100101010011101011
10001101011100011101011
0100111000010110110100
110001001001001110100
0000101000001010
1001110101010001011
1000101010001010
0000011001000101010
001011101010100010
00101101001010011010
101001010001010
0000000101000101010
00101000010100
110111110010011010
001101000101010
00101101101010011010
1010110101110101010
00001110101010101011
1010101010101010
00000110111010101010
0000101000101010
00100110101010101010
00001001010101101101011
10000110101001011001010
0000100101010001001010
0011100101001011001011
010001001011101011001010
01111100101010100110101
001011001010101111101010
100011001010001011001010
100001001010010101111010
100011001010100011001010
0100110010111000001011
00000101010000011101110
0100011010001000110100
10001110100001010001
1010110110010100110100
001011010010110110100
1100110010010100100100
0001101000101100100
0010110010010100100101
1010011010000101110100
000010000100000110101
100001101000110110100
000010010111001110100
0101010010000100110100
1010111010001000110100
0000110010010001100100
0000111010001110110100
00001101010101100100
101001101000010010100
00000010000000100100
1010110110010100110100
001011010010110110100
10100110101001011001010
0000011001000001100010
10001100101101001101010
00100110011001011001010
101011001010001001101010
00111001011001011001010
0010111010100001100100
001001101010101101101010
001011001010001011001110
001111001010001001101010
0000110001011001101010
10001100101010000001011
1010000101001011001011
00001101010101011101010
1000110010000100110100
00100001000001110100
000011010110100110100
1010110010010101100110
0000110010110100110101
10100110101011000100101
0100110010110001010100
001111010001100110
101001001001010000100
1000011010100101010101
000011000000100100101
10101000011000110100
1010110110000101100101
10000110000001100101
00101100101010110101010
001001101010000111001010
001001101010001101001010
010001001010001011001010
0010011000011
11001010
100001010011011
00101010
11000010011010
01101110
100001100001010
01101011
10001111001011
000101000001011
1000101000111010
10001010
1000111010001011
00011010
1100001010101010
1010010
11010110101010001011
10101100101000101110
000001001001011
1001010
001001010011011
00101110
001010101000100
1100011
101010100110100
10001010
001010000101010
11001010
000010101000010
00001011
001010010001010
001001011
00001000011011
10011011
1100101111001100
10011010
0001110011001011
0101010
100111101000010111000
1110110010000000110101
0100011010100010110100
0001011010011000110101
1011011010001000110100
0111010010011001100100
00000110101110101000
1010111010011010110101
1010110010011111100100
100011001000000110000
011001101000000110000
0000111010010000110100
101011000001010000101
000011001001011011001
10101110001001110001
0010111010110000110101
0000011010000001110100
010001101001000100001
10100110101001000110011
101001101010000011001010
00001110101000110110010
000001101010001101101010
000001101010100001101010
001101101010001101101010
000001101010000011101011
1101000101100000110010
100101101010001001101011
10100110101010000110011
001001101010000001101010
101111101010001111101011
010001101010100001101010
10100110101001000110011
1100101110001010
10101001000011
0010101010100010
00100000001010
00100100010010
001010010001010
10000110100010
00101000000010
000110101101100
0101001001110
1000111000101110
110010101000010
000011000001011
100010110000101011001011
0101101000001010
1100101000011010
000101000000010
001010100001010
001001000101010
000101000101010
0000101010100110
0010101011101110
10000100101010
101001000111010
100001011001110
0100111000011000000011
0110101000011010
1100101010011010
0001101001101000
101010100101011
00001000000100
0100101010001010
101001000101010
101010010001010
1101111010000
110010110101010
0000101001101010
10011001010100
1000101100011011
111001000001000
0000101011101110
000010000001010
0010101011000010
10101010010010
010010100001010
1000101000111010
01000101100100
010010110101010
1000101111011010
10001011
0000110000001101
00000100
000001011000001
11000001
111011001001000
01000000
00000000100100
10001000
0010110010001010110101
010011001000100100101
1010111010011000100100
1000110011011000000100
00001100101101010001
000011001000001110100
00001100100000000101
100011010010100110101
10100010000111
01010111
000100001001010
1000001
0000001110000000
00100100
000101000100100
00100110
0000101011101110
10001111
0010101011101010
00001010
1101101011101010
01001010
0001101000110011
111111001010
1000100001001010
111111001010
0010110110001010
111111001010
100010111000010
001011101010011
1001101010001110
100011010101010
0001101000101010
0000101000101010
1010001000001010
0000101010001010
000001000101010
110110101010010
1000101110001010
0000101000001011
0001101000001010
000010100101011
101101000101010
0100101000001010
010001010001010
0000101000011010
100010101001010
000110100011010
00000100101010
0110101000001011
100110101100000
000110100010010
0000101010000011
0000101010001010
000101001001010
1010101001101010
0100111001001010
101010110010010
0110100011001010
01001110001010
0001100000000
0000101000001010
0010100000010
1010101000000
101010100101010
0000101010001011
0100111000011011
00010100011010
1011101011011011
000010100001101100101011
000101010001010
001010101000101000101011
0000111001001011
001010101000101000101011
010010101000010
110110100010101000101011
00110101011010
101010101000101000101011
001010100011010
101010101100101000101011
0100101000001011
10101011000110000101011
000010011001010
101010101011101000101011
101010110110010
10101010100010000101011
000111010100000100000
000001010001010100101
101011001001010100101
101001010001000100100
10000100100101010001
1001110010100001010101
101011001000100100101
001011001000011100100
1010110010110100100101
001011101000001100101
0000011011010101110100
0110101010010011100100
0011101010110101010101
1000011010000001100100
1000110010000100100100
1010010010000100110100
0000000010110000110100
1010101010110100110100
1010110010110100100101
001011101000001100101
0100101000001011
001111101011
0101101100101111
001111101011
0100101010001010
001111101011
0000110010110100100100
001011001000110100101
110110100000011
1000101001101011
001010001001110
0010101000011010
1000011010111010
00000111011100
100010101010011
000110110011010
1100110010011011
101000100000011
100010100001010
10001010001110010001010
010000100011010
0011011001110010001010
000010100011010
0001011001110010001010
1100101000101010
101010100000101010001010
0010101011011010
110010101100001010001010
010010100101011
00000101100101110001010
00001010010011
0000000010101010001010
110010101011010
000010100000101010001010
001101001011010
000010101010001010001010
000010000001111
00101000000101010001010
100001101000101100100
001101010011000110100
001001001001010010000
10101100100000000000
000111001000001100100
1010011010010100100101
0000110110000000100
101000010010101110101
00101001000000110000
100001001010101100100
0010011010000100110000
01001000110001100100
01010101010000011101010
10010110100100011101010
000001101010000001101010
1011011010001011101011
0010100010000011101010
00101110010101001101010
11011100101010010101011
11001110101010011101010
10101100100110011101010
100001101010000011001010
0110101010001011
000101010101011
0101101011001011
1100101
1100101010111010
00001010
0000111010000011
1000011
0010111011011011
0000011
1010111000111010
00001011
0010001000001010
01101101
0010110100101
0000110
00000000110001
11101110
0011110010011000110101
101011001000010010101
10001101010001011101010
1000100010000011101010
1011100101000001100011
00000110101000001100010
1000111010100101100100
100001101010000011001011
0010110010100101100101
001010010010001110101
1000011010010110000100
000001101010100110100
1000111010010101100101
10101110001010010100
1000111010000000110100
1000011001010010100
0001101011101010
1000001000110011
1000111010000000101
101010010111010010100
100010000101111
1000101100101111
000010101000010
100010000100011
100010101000010
0010101010001010
1000110010000101100101
10101110100010110001
10001001010100110101
001011000011011100100
0010011010011010100101
010011101001010010101
101001101001000110001
1101111010011000110100
100010010110001100101
000101001001010110001
1001111010010001110101
001001100000001110101
00011100010001100100
0000011010000001100101
1100011010100001110101
000011101000001110100
0001110000101
1000101000001010
011010100000100
001010100001010
101110100000100
10101001001010
00001000001010
1010101000001010
010010000100110
1000101000100010
00010101000010101010
001010101010111110101111
10101100101010101101011
1000101010101100101010101110
10001100101010101101011
00001100101000001001000010
1010110010101000101011
1001010000010010100000100
10101101101010001101011
100010010100010111010101010
1010100101000101101011
0010010101000001010010010
1000110011100010001011
00001100101100010101000010
00001100101010001001011
00110100101000000100001010
000011001010001011101011
00101010101001010100001110
0000001011000111001011
000101000110000101001001010
0001101000101100100
0010110010110000110110
1000100100101010001
0010110010010001100101
101001101000100100101
1010001010010000100101
10001110001010100101
0010110010100001101000
0000110100000100100
00011000010001100100
100001000100001100100
001010010110100110101
00101001000010100100
01011000010001100101
1010010010010101100100
0011110001000100110100
00001101000001100101
01011001000010011000
0010111010110100110100
0000110010000000110101
001010101001000100100
1000011010000100110101
101011000001001110100
0010110001000000110101
10001100010100110000
101001101000111100100
00010100001010
010101010001011
000011000001010
000011010001010
1000101000101010
0010101000000110
1000101010001110
0011101010001111
11000101100011
1000101011001011
00000111100010
001010010011010
1010000100110
00101000001100
00000010000100
10001010000010
0010100101110
0010011110001010
001101000001010
1100101110101010
000011001000000110000
00000101001000111010101011010101
0000111010010001100100
0000111010001001100100
000001101011000010101
0011011010000001100100
001011111000010111000
0010110010000000110100
001011100011100111000
1010011010010001110101
00001101001010010100
0111111000000100110100
000001100001001010110
00011001001001100100
10101110100100010100
1010110010000101100100
00000001000011000000
00001101000000110000
1000110010000000110101
000011101001000100100
101000101000000100100
00001100000001100100
00101110100010000100
100110010010010001
0010000100000011001
000110000010110000
1010011010100100000
001001010000010110101
000101010000101010100
001011100001000010101
01011101001110110000
000011001000101010110
0000100010100110000
001011001001011110100
1000011010100100110101
010110010001001110011
010101010000000100100
0010011010000101110010
0001100000010110000
10011101000100100101
0010011010000100110100
1110011010010101110100
000011100000000110101
10011010000000110101
101010010010001110100
0010110010001011100101
0010010010000110110101
001011101000001110100
101011001000010110100
001001001000000000101
0100010010011000100100
001011101011001110101
1000010000000010110101
100000010010101110100
000001101000101110000
111001010101100110100
110001001000110010100
0000110010000000110101
0010010010110001110101
100011010010100110101
1010011010000010110100
0010110010001000110101
000101101000011100101
1000111010000000110100
0000011010010001110101
001011110000100110100
0000100000000110100
00101001011010011001
000111010010100110100
101111101000011000100
001111001011000110101
0010000100000011000
001011101010001101101010
001001101011101111001010
10101101010001011001010
11000110101000001101010
001001101010110011001010
00101100101000111001010
1010011001010001101011
01011101010001011001011
0100100001000111001010
10101110101000100110101
101001101111100011101011
000011101010001001001010
101011010001011001010
001001101111001011101010
0010011010100001110101
101011101010001101001010
100011001000000110100
0010110000000101100100
101011101011000110000
001001001000100100101
000011000010101110100
0000010011010110100
000110000100110101
0010111010010101000101
100011001011001110001
101001010000000100
100011011001010011000
000011101000111110101
100011101000001110101
101011100000001110100
000011001000001110101
0010101000010100
10000001001110001110111
10001101001101110100
10100101010001011000
0010011010010111110100
00101100010010101000
0001010010010100010101
000001000001000000
11110100010010110010
0000110010000101100101
00101100001000010110
10001000000000110100
100011101011000110100
00001101001011110100
1010111010000001100101
000011000000001110100
00001100110000110001
0110000100010100100
000001100010001110110
000011001001000111000
10101001000101010100
0010110010000101100110
0010110110010001110100
001011101000010000100
100001010000100011100
000011001001010111000
1000100110000001010110
101001100000001010101
000010010100000100100
1100111010000101010110
000001010000101110000
0000110010010000101
00010101000010100100
000000000101010100
100111010010001110110
000001101001010111000
0000010000100011100
01001010101011110100
00011101000101110110
00100001001001000110
01001011010001110100
00001110000000010100
1010110010100001100101
0010010100100000101
000011001000000110001
001001101000000010100
01001101000001100100
1010110010010100101110
0000110010000001100100
000011101001011110100
000001010101010
1010100010010
01001000000100
0000101000111010
0000100000000
0000101010000011
0100101000101011
0010111000101010
0110101000011011
10000101000110
000011001000000110000
00000101001000111010101011010101
110101111010000101101010
0010110010100101001011
00101101101010100101011
000000100010101011101010
000001010000100101110
000011000000010100101010001010
100011001100000110111
000011101011010111001010
0110011001000110101010
00100010101001011100110
010001101010101001101011
11001110101100001110100000011101010
101001101010100101011011
000001101010100001001011
00100110101001001100101
00010001010100101101010
10000101010000001101010
00001110101000011001011
001001100110001010101
1000011010010101110101
10001101010001100101
0010110010010101110100
10010101001101100100
00001101000101100100
0100111010000011100100
00011000010001110100
00101101101000110000100
1010111010000111010001
1010111011000101010110
10011001000000111010101011010101
000001010000001100101
1010110010000111100101
1101101100001010
10001010100000
100010100100010
0000110101000001010
1100111010000101110101
0010010010100100100101
1000000000010
00001010
100011100001010
00001011
001001101010010
00001010
000101011001011
00001011
110001110001010
10001010
000100100011
00001011
0000000001010
00101010
1010101110101010
00101010
000111001001010
00011010
000101010001010
10001111
0010101010101011
1000101
101010100011011
1100101
000010110011011
00001010
10010100001010
01101011
100001010001011
10101010
0001010001010
0000010
00110100011011
00101110
110010101000010
10101110
0110101001011010
10001010
1100101010001010
00100010
001010100001010
10101010
1010001000001010
01011010
1100101000001010
00101010
000010100001011
10001010
000000011110001
00101101
00000000000100
0001101
00000011000100
1000010000000100
000010100000011
00011011
1001101101001010
11001010
00001001001010
00001010
000010000101011
0000010
000101011001011
00001011
100010100101101
0010011
0000101011001010
1000010
0000101010100010
00101010
0010101101001010
00001011
1000101010001011
00101010
1000111010101011
00101010
00101001001010
00101011
0000101010001111
1000111
1000101011011011
00001011
000010101010011
001111
000010100001010
10101010
00000100101010
00001010
1000101110011011
0010111
00000001000100010100
000011000000100110100
000001110001011
00100101001011
0000001101001011
001001010001010
10011110100000111001
1000110010100011010100
00100010000101100100
001001001000100110100
0000010010010010100100
0000111010011001100101
001011001000000100101
1010011010001001100101
00011100100010110101
1000110010000010110100
100011001010010000100
00101001100001100100
0000110000100001100100
101001001000001000101
10000101000110110101
1001100100000110101
1000011010010101100100
101001010010000110101
100001010010100110101
101111100110110011101
0000011010010101100111
0000011010001101110100
00011101001011110110
001011010001000110101
000001101001001100100
100001010100101110100
10000110010000110100
1000110100110010001
100001101011011110100
10110110000010011000
1010011010000011100100
1100011010010001110100
1000110010000000110100
01011100000000110001
00010000101011110100
1010110010010101110101
010011101001011110101
000011010000100110100
001000010110101100100
1101000000101110100
1010011010010100110101
101011101001001000100
000111101001001110100
1011011010010100110101
1000010010010001110101
1010010010101001110101
01000001000101110100
001001101000010110100
00101001000101100101
0100111010010011100100
010011001011000110100
11000011010010100110100
0100011010101001100100
1000011010000101110100
1010011010000100110101
1001011010010001110100
100111001011010100100
100011000000110100
000011000000100110100
1000110010010110110100
0000100000101100100
0101110010010101110101
100111001000000010101
101001101000000100101
00100110100000001000
000111010011000100101
10000110011001100100
1010110010011001110100
001010000010010100100
1000110110010011001
000000010001001100110
00101100110100110101
010011101000011100000
0011110010110100100101
0100111010010111100100
00001101000101100100
0010111000000000000
10011101000011000100
00100101000001000101
100011001011100000101
000111001000100110101
100011001010010010001
100010001001010110001
1000110110000001001
00001101010010111000
0100100000101100110
0010111010001001100111
1011100100000000101
100011001000100010100
00000110100100000110
00101100010000100101
10100110011010110100
10000101000001000101
1010110010100101100100
111110011010000100100
0001111010010001110101
0010001001000110001
10011001101000110100
10000001011010000100
101011001000110010100
0000110010100101110110
0010110010010000110100
00101001001010110101
1010100001010100000
010100101000001100101
01010001100110001
101101110010001000101
0110111101010000100
101011101010100101001
110101010000101100101
011010000001011110000
10001110100000100100
1010011010010101010100
1010001000010000101
0111110010011001110101
0101101000011110101
100001101000001100100
0010111010010101110101
000011001010001110100
101001101000000110100
01100101000101110101
0000100100000000100
00110001000010100101
1000001010011001110101
100010011000100110101
1010101000010010100
000111100001011100
01011001001100010001
1010010010011010100101
1001100100110010000
1011011010000000110101
000111010000000110100
001001100001001110101
10011001001001110100
0010010100000010101
00000100000011000
001011000000001100100
1100011010001000110100
0000110010000100110101
10101010011001110100
001011100010111100110
001001101001100100101
0000010110011011010110
0000010010000000100100
1000110010001100100101
1000010010010101100101
01000100010110110101
001000010000010110110
10011100100000110101
01000100101001010100
1010010010000100100101
101010010001011100101
010001010000101110100
00110100001001110110
10000010010001100101
1010011010001001010100
10100110100001010001
1001001000001101000
000001111101000000101
00110001010100110100
000011101111010010100
001100010010000110100
000010100000101100101
000111011010001000100
000000010000101100100
0010000101000100110100
100011101000001010101
001111001010001110100
1000110010100101010100
1001100010010100010101
0010110010001001001
10001101000000000101
00100110100000110100
0010001010100101100101
100011101011010010101
0000100010010000110100
101010010100000100100
1010000010001110100
0001101000000100100
1100000100001011000
100010010000101100101
0010001101000110000
001101101100101110100
1010011010010101100110
00010100100001000101
010101101000101100100
0000111010001010001
010010101000010010100
00001100100010000000
101011101000001110101
001001001100010010100
1010110010110100100010
0000111010000001110100
0001010000001110000
00001100000011000
10101110100001010110
100110001101011110100
0011100110011010001
010101000001001001
0010110110010001100101
000011101000011010000
01010100100000110100
10011010111001110100
0000011010010101110000
0000111010100100100100
1000011010000000100101
011000000000011101
101010011010010110100
0001011010010001110100
100001101000000110100
000001100001010110100
110011010100001110100
100111101001001110100
000101101001001110100
001001101001000110101
10001010010001000100
0010010100000000100
00011001001000110100
000010101000000100111
0100101000001000100
01010101001100100101
010110010100100110101
00001101000101010100
010101110010101000101
111000010000100000100
000001000010101110101
01010101000010000101
10110011000100010100
10010011010011001110101
100000001001000111000
0010000000010000110100
10110001000010110101
1000111000110100110100
10110001000010110101
1000111000110100110100
1110111010111101100101
10100100100110110100
00001110100101110100
0010011010010101110101
1000111010000100100101
1010011000000000110100
001001010000001100100
10001100100000000001
0100110010001011100100
1010101010010100100101
1000110010010101100000
1000010010100000100100
000001101000010011000
1010110010100100110100
0001011010010101001011
000011101010100001101011
101011101010000001101011
001001101010000011001011
100001100010101011101011
110111001011000011101010
001000000000000110100
10000110000010110101
0000011010100001100101
001011101001001010101
1010011010000100100100
00001101001100000100
1011101101001010
10101001011100
000101010010001110100
1010001000110101110111
00100001010101010100
001010001000000110100
100001010000001100100
100001101000111110101
100011010000000100100
0010100010000000010110
100011000111010010100
000011101000001101000
00001100000100110000
001001100010100111100
0001000000100110101
1110100100011001101010
1000111010101001110101
10100001001000100100
000001101001001100101
1010011010010101010101
0100000000010010000
101011101000101000101
11011010001111100101
0010110010000001100101
1000111010000101100100
100011101000010110100
01010101001000100101
0000010010100101100000
0000101001011110100
101001100110001110101
0101101011010010100
10001001001000101010010001110101
1010011010111001110101
0011011010010100110110
10011100010001110101
101001001011000110101
101000010010101100100
00101001000100110101
1011010010010101100101
1010011010010101110101
100011010010000100100
1100011010000101100101
100111000001000110100
0010011010010101110101
00010100101010000
00001100000101011100
0001010010001100100
0000110100001100100
000010100000000101
101011101000010110111
00001010010001110100
00001010010001100101
0000101001010010100
001001101001001000110
00000101001000110100
100001100001001000
110001100000101000100
10110110100010011000
1000101010000000110100
1000010010010101100100
000000100100010100
1010011010000011110100
00000010000000111101
101011101000001110101
101010100011000101000
100001010010101110100
100101010000000100100
1010111010000000000
100101010000001110101
1010111010010010110100
1010100000000110110100
0100110010010001110100
1000111010000001110100
0110011010001100100101
001001101000000100100
0000011010000010110101
10100100010011011001
01101101001000110100
01000100010011100101
10010101001011010101
100011101001000010100
101001010000001110100
1010000100010010000
1010011010010101100100
00100100001000110101
000001100010111100001
000110000100000101
00001001000010100100
00000110100010010000
10100010000100110100
100010101000100110110
100101100010100110100
000001101000000100110
000010001000001110100
101010011010001100101
010000010010100110100
0010110010000001010100
010001001000101110100
001011101001110111000
0011011010010000110100
0000010000001100101
000111000000000110001
0000011010101000100101
100111001010100101001
001100010001010110110
100011101000101110000
111000010011011110100
1110011010010101110100
10011010000000110101
100111001001101010101
10011110100001010100
11010101000100100100
0100110010010011100100
101011010100100110101
011110101000110110100
10101101000001110100
011101000110000110101
110001000100100010100
10000101000101110100
01011001000011101100
001011101001101100101
1000111000000000100
10111001100001100101
1000111010010001010100
10100101001010010100
00100100000101100100
000011001001000111101
1000101010000000100100
000011001000100110100
0011110010100101110001
1000110010010001110101
001001010001001100101
1010010001000000101
1010010010000111100101
000101000111011
101010100011010
000001100001011
1001101100101010
1010101000011011
0000101010011010
000010100011011
101010010101001011
0000101010001010
10100101011
0101101011001010
10100101011
0100101010101010
10100101011
0100001000011010
10100101011
0110101000001010
00100100101010
000110100000100
00100100101010
0100111010001010
00100100101010
110011010011011
0000001000001011
001001010101010
100101000001010
00011100001011
101001010001010
11000001001000000010
110000010110001110110
10111001001010100001
1000110100101100000
1010000000010000100
000101111001010000101
0111011010110001100100
11001100001011101000
001011101000001010101
00010101010100110110
1100011010000000100
11011001000000010100
100001101000011100100
000111010000010110100
011011001000000010101
1010111010000001010110
001100010000000010100
0000101010010001100100
10001010100011111101
00100110100000011000
0000011010001100110100
11001001001000110101
000011001001011110100
100011101001001100001
0011011010011100110100
0000110010000101110101
001011001001010010100
0011011010000101110101
1011011010010000110100
000011100000101100101
100011001000110110101
10011101001100110100
1111011010010001100100
1010111010010101110101
1000110010110111100101
100100010000001110101
010101010001011
00101010
1000101110101010
00001011
1000101000101010
0000010
100010101011011
11011010
10010101101011
10101011
11010101001010
1010010
0000101000101011
0101010
0100101000101010
00111010
110110101001010
11001011
100010100100010
10101010
1000101100001010
0001011
010010100000100
10011011
1010101010011010
1010100
001101000101011
10011011
110110100001010
01001011
0010110001010
10001010
011010101001010
0001111
010010000001010
01001010
001001010001011
01001010
1100101000101010
01010110
1010101100001010
00001011
0001101011001010
00101010
1010111000001010
00101010
1000101000001011
10111011
100010100101010
01001010
000101101101010
00001011
10000100100010
00001010
1000101000001010
00001010
1010100000101
0000110
0010101000000010
00001011
11101000000000
1000100
0100101000001010
00001010
010000010101010
1010101000101011
001101000001010
0000101010000010
00001010101010100010
000110101100001010
0000101100001011
10101110101010101010
0101011010101000011
00001101010100100
000001000011010
00001010101001000
0011100101000001010
0010110010100011011
101010000001011
0000100010110000100
0000110000100000101
010010101000001010
001011101100011
0001110010010100100
00101100101110101010
10001100101010001011
100010101011011
10100110101001001000
010000010101001100
10001001010110001000
1010001001001010
11101111101000101010
0010110101010011011
001010100111000011
0010011010000100110101
10011101001011110101
10011110010000100101
10100001011110111001
100001010110100110100
101001101001001100100
1010110010000010110100
10000110101000000101
1010011010001010110100
101011001000010110100
1011110010101001110100
001011010110001100101
001010010010101100001
1010011010010101110100
10001110100000111001
000011010010001110100
10001010010101000100
11000000000001100000
0111000010101111110100
0000011010101011100101
0010111010010101100101
10100110100010110000
000001010011001110100
01000110101100111001
01101100100100011001
10001000000000110101
100001100010001110100
101001101010000110100
0010010010010101100100
0010110010010101110100
000010010001011100100
010011101000010100100
100001010110100110101
101001100000001100101
0000110010110100110101
0000011001000011101011
1001101000001011
000011000100001011
1000010010000100100100
101011001000010100100
1010110010000101110100
100011001000100100101
00010100111010110100
100011001000101000101
100110011001010
101010010001011
111001101001010
0100100
1100010010010000101101
101000010000101110100
00000110100000111001
101000001010110001010
100001101011001001101011
0010011010000100110100
000010010001101100101
10011110100100011001011
1010100010000100110100
001111000001111100100
1001010010100101110101
00100001000100100101
101001010100101110101
0000001010101010
01111100101010001011
00100110101000101010
10001101010000100
10001101010010
10010100101010101011
1000111001010001010
00001000100100101
1000101001101011
11001100101010011011
00000100101000101011
10101100000110100011010
1010001000101010
100011001010000101010011011
000111010101000100
100010100101000101001001111
0000010001011
0100100101110001010
0100110010110001010
000010010100001011
01001010011111101010
11111010
0001010010101001011
010011010000001010
10000101010
0010101110101011
000101011111011
0110100010100001010
00001010100100001001010
010001001100000101010001011
0000101101010110010
10001010
00001010101110011010
010010010001100
10110110111
0001101010011010
101001110001010
1100011010110001010
0000101010101010
001011000100001010
00001010100000100
001011001010110010100001010
1000101110011011
0000101010001010
1010010010000001100100
01010010100001100000
1010111010011110100
1010110010000101110110
1101111010011001100000
101011000100010010100
1010011010010100100100
1000110010010111010100
1010111010010100110100
011000011000001100101
001001101001001011001
0010110010011000110111
00100000010100100100
0100011010010001100101
101011101000011010101
100011000010100100100
1110011010010000110111
000011000000000110100
1101110010000100100100
1010111010110101110100
0100110010011001110100
100010101000000100101
100011101000001110101
101110010010100110110
0101110010000001100101
010001101000010100101
00010010000100110100
1010111010010100010100
10101001001100100100
100010011010100110101100010101
1000011010010011100101
1010011010000001100101
001001011010001100100
10000100000001100100
1000110011110010110100
101101101000101110100
000010101000000011000
100011101000011000100
001010101001010010100
0010110010100000110100
100000111000010110101
1101111010000001110100
0010001010001001110100
0000110011000000110100
0000110010010100110100
00101100100010010001
100001100000000110100
0100110001000010100
100011000000000110100
0011011010001010110100
0000110011000001110100
100000010000000110100
0000101010000000010100
100000010000000010100
101001101000101110100
000001101000000110100
110010101010110100
0000101010010001100101
00100110100100010000
0100110000010000100
1000011010000101110101
10111011100001101000
0100111000000011110100
11001110100110000000
10010010011000110100
011011101000000100010
101001010010001110100
000001101000000110101
010111011100001101100
000011010001001110101
001010010010100110100
000010010000001110101
000011010100011100110
001011101001010000101
10001010010001110100
10000100010100110100
10101001001010110100
001011101000001010100
00010100010001110101
0000110000111010010100
000110010000101100110
100011010010100000100
000000010000001100100
0000110010000001100101
100110100100101
101010101011
0000101010101010
10010101010
000010100001010
000100100010
110010100101011
0100101010101011
1010110010010010110100
001010010010101100100
1100110010001001100100
1010011010000111100100
1000010010010001110100
1010011010000101100101
1010110010010100100100
101001001000101100100
01001110010011010101
101011101000000010100
0000111010010100100100
000010010100100110101
00000111100011
00101011
0000101000011011
0001011
110010100011010
11001010
000010101111010
1000010
0100101001000010
10001010
1000011000111011
1000011
000011001000010000101
001001101000001110111
000011001010100101010101
0010111001000000010101
000011011001001010100
001111001001001100100
000001101001101100100
100011001001010100100
0011111000000110110100
0000111010000001110111
1100101010101010
10001011
110001100111011
00111011
1000101000001011
10001010
1100101011111011
00001010
110110001011010
10010011
1000101110011011
10010011
0111101110011010
10010011
000010100010010
1010111101111011
00000101011010
00001010
1100101101001011
10111010
0001101100101011
0011011
1100101101011011
1001011
000010111001010
00011010
0001101010001010
11001011
00000100000010
00001010
0010101111001010
00011011
0000001000001010
10001011
0000101101101011
0000010
0010101010011011
0000011
110010000101011
10001011
0101101001001010
10101011
1010101100001010
00101010
00000101001101
01001010
01010110001011
1000010
0011101010001010
00011011
0000101010001011
00101110
010101110011011
1010010
110110101001010
00001110
1001101100001011
0101010
1000101010101010
01001011
1010101001001011
00001010
00010100101011
001010100101010
00101010100010
10101010
01000100100011
1010011
1000101010001010
00001110
1001101010101010
01001010
0001101000011011
00101010
001010100011010
0000010
0000011000011001100101
0010011010000000110101
1001100100100011000010
00001100101000001100010
0000000010010100100101
0001000010011010100
001001010010101100100
00001100000011011001
110010100001010
1000110010100001011
1001100000100
10001100101010101010
0100101000001010
0000110101010001010
00010101001010
01001100101010011011
000001000001011
10000110010010010
00010100000100
0010010010100010010
00010101000100
0000101010001011
00010100001010
10000101100011
000101111001010
000101010001011
0000101000111010
0000101101001010
1001111010100000110100
100010010010101100100
00011100101101110000
10111010010000110100
0011001100001001010000
100011101000001110100
010101000001011
0001010
00111010001010
0010010
10000010001010
10001010
00010100001011
11001011
0001101011001010
00001011
010010100011011
00001010
1001001010001011
00101010
0010110100100
00111010
000110100111010
01001010
10000011010010110110
100001010010001010100
000010010011011
100001010100001010
0001101011001010
00000101100011
11110111101010001001010
000101001010000011101011
100001101010011001101010
001101101010101001001010
101101101110100011101010
1011010100110001001011
1000101000001010
0010111
000110010001010
0010100
00110010001011
10001011
1000101000101010
01001011
0010001000101010
10111011
0000101010001010
1010100
110101010010100
1010000
001001011100101
10101001
1100010001000100
0000000
101001101010001001101010
1011101101000011101010
10011001000010110001
1010100010000110101
101010001001010110000
0000100001010010101
0010110010010100110100
1010110100000110000
00000111100010100100
101011101101010010001
001011001001010110100
1001110010000000010100
0000011011000010110100
0010110010010101100100
000110010000101010100
1010010010010110101100
111010010010101101100
1000110010010100110100
001011001000000011000
1000110010000101110101
0000011011011000110101
000101001000010110101
0100011010011000110101
100011000110101100101
0110111110010001110100
1010010010110001100100
0000110010000010100
0000000100001100101
10000110001001010000
11000000101010010100
101001010000110001111
0010011010000000101
000011100010101010100
1000110100010000101
101011000110001110101
1000010010110101100100
10000101001001010000
10101101000000010000
0010001001010000101
10101010100000101100
11101110000000011100
101000010110100110101
110011011010010010100
00011100001110011000
0010000100001100100
1000101010010001110100
00001100100
10101001000110010100
101001101010100010100
00100101000000100101
000011001000010100100
1010110010000110010100
1010000010001010110100
101011001010010110100
001111000010101111110
0110111000101110111
010110010001000100100
001001101001010110000
101011101011001010001
000011010010000010100
00101100000110110100
101111101000001100110
00001110100100001000
10011100100101010001
100010010010011100101
10101100100000101000
1000111010001010110101
10100010000100110101
001110010100101100100
0010110010010010110101
100101101011011100100
1010111010110001010101
000001000110001100100
001010101000001100101
10101010000000000101
00100100100001010110
1010010100000100100
100011000000001100
00001101011010010100
001010101100101010100
10001000000101110100
000110010010101010100
1001010101010100100
10001100001000110110
111011001001010100101
010011100111011110100
000011101010100000100
1010011010101001110111
010111010001000110100
10001100100101100000
001011010000000110100
0100010010000100110100
10001110100110000011
000010011000001100110
000011101000101100100
100001001000101101101
000001101000000100100
000001101010101100100
0000011011010100110100
0010010010010001110110
1011100010000001110100
0000010010000000110100
1100001010000101000100
0000010010000001110100
1000010100010000100
000001101100011110101
100011100010100100100
001011001000000111100
001001000110010110100
100001100010011110101
10000101001010000100
100000010000100110100
00101000010000110100
1000001010010001100101
110001010000010110111
000001010010001110110
00011010011000110101
00000100100001000101
10000011000101100100
010110000000100110100
000011001001000110100
01010101010000010100
000110100011110100
0100101000001110101
10010100000101110110
010011010010001100101
000011010010101110100
11000001000100110100
000011010010000110110
00011010000100110100
001001101000100110101
100011001011010011101010
1000110101000101101010
00110110101000110001010
101011001010101111101010
0011011010100001110100
100001101000001110100
000101101000001100001
1000011010110001100100
0000110010000001100100
1010010010000000100000
0000111010000000110100
00000101000000010000
000001101000001100101
1000011010010001110100
00000110000011010100
111101001001100100101
000011001000001100100
1010110010010001100100
0000110100100100110100
000011100010001110100
1001011010011000110100
0010011010000100110100
11101100101001011101010
001101101010011011001010
100001001010101001101010
000011101010000001001111
001101101010001011101011
010001001011100011001010
100001101010101011101010
00100100101000001001010
110001101010101011101010
10000110101010100100101
000011101010100001101010
010001001010100011001010
101001101010001011101010
101001001010101001101011
00110110101000011101010
000011001010101011001010
10001100100101011101011
10100110101000000110011
1010011010010100110100
101011001000101110101
1010110010010101100100
100011010010101100111
0101110010010100101000
001010101001010010001
00001100100101001101010
100011101000010110101
000001100100011001011
10001001001101100101
00001110100100111001011
00011010001001010101
000001000011001100101
111111101011000111000
000011011011010000100
100000011000101100100
0010111010010110110100
110000101000101100101
10100100010100100101
0001110010110001000101
101011101011010010000
10100101001011010100
000001001001001010101
10100100100000011001010
0000111010010000110101
0000011010000000110101
000011000000101010101
1010010000110100110001
0010010010000001111100
1001011010000100110100
0000111010000001110100
100100010000010110101
0100010010101000110101
1000110010101000110101
0000010010010100110100
001001101000101100100
010011010000100110100
110011001000100100100
0001011010000101110101
1100011010000100110100
100011101010010101101010
100011001011100011001010
0000010110100100110100
1000011010010100110100
1101011010100101110101
0011110010100010110100
0101011010000100000100
0100111011010001100100
0100110000100001101010
00001110101000000110011
1000010000000000110100
0010011010100111100101
100110100111010
001010101001011
000100011011110
001010100101011
111100001000000110100
01000110100101001101010
000011010001011
100010100001010
1100101110001010
0000100100001010
0100010110011011
000010111100101100001011
0010010010100000100100
1010011001011000100101
00011001001011
0000000001011011
0010011110000101100101
00101111101
101001100001101110101
000010100
000001110001000101
000010100
100101010010000100100
00101010100
00001010100100100101
10001110100
1110111010000001010100
10011110100
00001100000101110101
1010010000
000001010010101010011
1000110100
100000101000010000100
1000110100
1010010010000100110100
00101100100
000001101100010010100
1010100101
100011101001000100100
10100100101
0100001010001001110100
0101100100
00100000001001100100
10100010101
00001010101100101000
10001110100
1000101010010001100100
1110110100
000110100000110100
10000110100
100001101000001010101
1100110001
000001010000101100000
00100010000010010100
0000001000011100100
000010000000010100
100110010010000110101
00101100000000000100
00000110101000010100
0000011010000100110101
1000010100100010101
101011101010010001001
100001101001001010101
01101100100010010100
0000001000011100100
000010000000010100
1010111000100101100101
10110000000010110001
1000111010010001110100
0011011010010100110100
000011010100000100101
1010011010011101110101
1010110010010101101100
0000110010110101100111
0011001000101100100
001010101001010111001
11010001000000110100
111011001000101100100
0000101010000001010110
000110101010001110001
001001001001000100100
1010001010000001100101
001011101010000110001
100000010000000100100
101011010001101100101
0100011010110000110101
000011000000100110100
100011010000001100100
0000101010010001110111
00011111001000100010
01001110001010011000
0010011010110101100101
00101100100010110100
0001100010000010100
1010100000011100110100
00100110011010100101
1000111110101001010110
1100111010000101010100
10001001001000101000
1010011010000100110101
100001000110001100100
0000011010010010100101
0000101010010000110100
000001101000001100100
000001101001010000100
000010010101001010010
000000101010101010101
000101101010000010100
100010101100010010101
00010101000001010101
1000011010110100110100
001011011001100110100
0100100100000000110
1010010010110101010101
101111101000001110101
10001110100100111001
000001101000001110100
1010111010000101010101
00011101000000100100
0010110010001011101010
11001101000010011001
100000101010001010100
10100101000001100101
1010011000001000100
10010101001101100100
00001101000101100100
000000101010101010101
000101101010000010100
01011011010101110100
0000110010000100100100
001100010000000110100
1010111010100100100101
01010010011101100101
0011010010010100110100
1010111010000101100101
0000101000010100100
000110010010100110100
100001010000111100100
01001100010100110101
000010000000110001
101001100000100110100
011011010010010100101
0000011010100101100100
100001101011010010001
000011001001010000101
0011110010100100110100
100011001000000011001
0000111010100000100101
1000000100001000000
10101010100010100101
010110110010000110100
01000001010010010100
0100011110000101110100
100000001000101100100
000111010000100110101
1110110000010001110100
010011001000001100100
00101100000010100101
0001010101001010001
01001100100001010100
1000011010100101010100
1000011010010001110100
0000101000000010100
0010011010000001110101
0000011011000001010100
0010010010010101010100
001101101010100101000
101010101000001110100
1011001010000001110100
01011001000001110101
000000101010000000101
101010001000001010101
0000101000000110100
10010110000000010100
000010010000101010101
1000101010010010101
110111010100001100000
1010110010001110100100
1000011010000101100100
1010111010100000010100
0010011010010001010100
1100011010010000110101
100011010110000110100
101000101001000100101
1010110010110101100110
000101010011101010000
0000101000000110100
10010110000000010100
101001010000001110010
1010111010000000110101
1010011010010000110100
0000101001010110000
1001111010010000110100
010111000000000101
000011010111101100100
1010010010011001100101
000100010000000110101
1010110010001000100100
000110010010000100101
110001001010000010100
101001100001010000100
101011001001000010100
010011010100000110101
000010010010000100100
0010110010000001100100
101001000001011100100
0000011010000001010101
0001110010010110100101
000011101010010101101
1010011010010000110100
10011001000011100100
000011001000000110101
001011000110001100100
01000101100000110101
01001110100000010001
101001010010000110100
010011011000001110101
10011101000001100101
001111001000000010100
100011001010000010100
1011011010000011000100
01000100100010010001
100001101000010100100
100101101000011010100
0110100000001110100
01111101010000010100
01001101001100100111
1010111000000101110100
10001001000101100100
000110010000110100100
00100110101010000100
001001001000000010100
1100101000101010
1000101010101000010
1000011010110001010101
101001010010011100100
0000111010100011010100
10001010010000010100
11001010011010
0000101
0010101111011010
10111010
100010100011010
1000010
1000101010001011
00101010
0000101010011010
00001010
0001101100111010
10001010
000101010001011
1010011
10010100101011
1001010
1000101000001010
10101010
000010110101100
100100
10000100011010
1010101
1000101000111010
1010101
0000001010101010
10011011
10100010001010
0101110
00001000011010
1001101
000001100101010
1000111011000101111
1010110010101010010
000001101000000100
101010000001010
00001100101010101010
0000010101000001011
0000110010100100010
10011100000110
00001001000101101
1100110010100101011
0001010101010001010
00001010001010
000011001000010100
00101100100010001011
0001100101000001001
1010101001001010
0010110001101001011
000110001000011010
001011101001000101
00011000010011
000111101110000010
00011100101000001011
1010011010100101010
001111101001110100100
10001001001100110101
000111001001101110100
110111010000001100101
01000001000010010001
0101100100000000101
00001010011000011000
01011000100001100101
0001100000110110100
00111100000111110101
101011001000101010000
1000010000100100100100
0000100000101100101
0000011010010001110100
00001000000110001
00100100100000110100
0000111010000000110100
1000010010000000110101
0000110010110101110100
000010101001001010100
00101100100010110100
10011001000101110100
0000110010010111100100
010000010000101100101
100011010010100101100
0000111010010111100100
0100010010000001100101
001001001000010100000
001001101100001110000
101011001010001100100
10001101100000110100
100000100000101100100
010101010001001101101
101010010100101100100
000001101010000100101
000001001000100110100
0000111010010001010100
0000111010010000110100
000000010100100100100
0010000101000000101
100000010000000010100
0001010010000100100101
0000110010100001110101
0100110010001000100101
100101001011000111001
101111010000000110100
010001001000101100100
101011100010101100100
1000110100001011000
00001101000101000100
100001101000010100101
0000011010000101110100
0000110010000000110101
0010010010000001100100
0000011010111011110100
1010110010110001110100
1010011010000001110101
001001101000000110100
0010101010010010110100
0010101000010000100
00000110001010100101
000110010000001010101
1010011010001000100101
01011001000010000101
01001101000101010101
1000101010111010110100
1010111010010100111101
10001010101001010100
0001011010000001110101
0000110010010101110100
00101001001010001001
100011010010101110100
1010100101100100101
00010110100100001000
001001101000010100100
000010111110000110101
000101001001010010110
00100110000100000101
11000101000000010100
00000001000110000101
00101111100000010101
000100010000100110100
0010011010000111100100
1010011010000000110100
0001100010000000101
101010101000011100100
1010011010010101010101
101011101011100000101
100001110000001010100
0010101010010001010100
00001101001010010100
101001101001000101001
1100001010010010100
000101010110100010100
1000011010001100110100
000010101000001100101
00001100001010100100
100110010010101100101
001010001000000010100
101000101000000110101
001000010000001010101
1010011011001001101100
11001101000000110100
100111010010101100100
00001010000000010100
00100101001010000100
0010110010010100110101
1010101001010101000
1010011010000100111100
10001010010001100101
0010011010110100110100
00001001000001110101
001011101000001010100
000001101000101010100
101011100001000010100
100010100110100110101
00000101000100110101
100110010010101100101
001010001000000010100
1001010100001010000
0001011000
00100001010100100101
00001010101
0010110010000100010101
10011100101
10101100000000010100
0010010100
101011001011011100100
10000110101
011011001010110011001
000011000
1010110010010001010101
011000101
001001001000101110101
101010100
010010010000001110100
00001101010000010100
10000101000100110101
00001110100000010101
101001010110010110101
10100110101000011000
1010101011010001110100
10001010100000010100
00000001000010110001
010011100000100110100
001001010101011010100
0000011010000011100101
00001100100100010000
101001001000000010100
000111010110101100101
101001010110101110100
100010011010001100101
1010011010111000110100
001010010010100100101
100011000100100110101
000010101000110000101
101011001000101100101
000010010010001010101
000100010010001100100
00010010010101100101
100111001000000010100
001000110100110100
10100001000010000100
1000101001100000101
0000011110000110110100
1000001010010000110101
11101100000011100101
010000000010100100
001011100000101110100
00000010100100101100
0011110010010100110101
00010010010101100101
100111001000000010100
100111010100001100100
0000110010010100110100
00000010100001100100
1010011010010100110100
1010110010000101010101
101111001001010100100
00101110000100110100
101010010000001010101
001001010000011010101
10101001000000010100
001001101000001110100
00100110100010101000
010011000100110110110
011011010010111110100
0000110010010111100101
101010101010000010100
00001101000000111000
1000101000100101100110
001001101000101001101
01000110000000010100
00001010000001100100
0000011010000101110101
10011100001001110100
000011000100000100100
10100101000001010101
100011101000100011101
00001010100000110100
1100011110010101100000
0000011010010000100100
001001111000000010100
1000110000101110100
100111010010101110100
000001101000001100101
00011100100000111000
00010100010000110001
0010011000001110100
100010010000000110100
100011001000000110101
0000011010010000100100
001001111000000010100
00011100100101010001
100011101011000100101
1000001011010000100
0001001000001010101
101011100010001110101
000111010010001110100
10001010010101110101
00010101000101100101
0000011010010000100100
001001111000000010100
10010100001011
1000100
000010100001010
11001010
0010100001010
0101010
11000100101011
0001010
00101010000100
0101011
000101010001011
10101010
101010100101010
00001010
0010101110001010
01001010
000001010011011
00101010
1010111011010101110111
10001100100
1011011010100001110100
00101110100
0000101010100000110110
0001110100
000010100001011
000011000101001011
1010011010101010010
00001100101010101010
00000100101000111010
10010100001010
001010101010110000
100001010000001010
00001001101010001011
100010100101010
0010011010101001011
1010011010001101010
0010101010000001011
100010001001010
11000110111010011010
0011010010101100010
11101100101110001010
10100100011011
0000100111010101010
1000010010000111010
00001101000000110
100101000101010
00110110101000101011
0110011010101010100
0010111010100001011
01000110001011
0000110001100001011
10010100101101101011
1010000101000101110
100010100011111
00001110101110001010
00011101010010010
1000011010100001010
101010100111001
00101101101010001001
0010111010100011010
101001100000011011
111010110010010
000110010100000101
1010000101100001011
1010110100100000011
100010100011010
0010111001100101010
0000000101010011010
00001100101000001010
101010100001010
1011111010111010100
1010111010010001011
000011010101010100
00100111000010
00000110101100011011
0000011010001001010
1010110010101011011
0000011010010000110100
0000011110010001110100
0001110010110001110101
000010101001000100100
001001001000100100101
0010010010001000100100
0010010010001010110101
001011101000011100100
001001001000100100100
100011000010010110101
001001100010001100100
11011001000000100101
10001110100001000100
100001010000001110100
0001010010010001110100
00001100000010000100
000110010010101110101
10110110100110100100
0100011010000110110100
000000100000010101
101001101000000110100
000001000100000100101
01001001001010010100
1011011010001101100100
0010011010000001110101
101001011010011100101
011001101000001011000
101001101000000110100
1001001000010010100
1010010100000010100
0010000110001000000
000010000010010100
1000001000010010101
10101101001010010101
10100000110100110101
10100101000010110101
11000101101000000111
000000100110010100
00000001001010000001
1000000100010100100
0100101001010010100
1000100100000010000
10001101001001010001
0000101001010010101
000101000000011100
1101101001000100000
1010001001000010100
0000010000010010100
11000001000001110100
000001001000101100101
1000111000000100110100
00000100000010010100
1011011010010010110100
111000101001000110110
110011001000001110110
00011000010010110101
00011101000000010100
00001101000001100100
100001101000000100100
0010110000100100110100
0000111010000010110001
000011000010000110100
0010110000000000110101
0000011000100001100101
001101101010010110100
0000110010010100110001
001011010100110110100
000110000110000110100
000000010000000111101
0000110010000000110100
00100110101000000100
000010010100100110101
000101101010001011000
001101101000010111000
000011000010010000100
000011001000010010100
0000011010000001110100
0000010010101010110101
1110011010000000100000
0000111010100000110100
001011010000101110101
0010100001000100100
001010010100001110100
000001101000001100100
00100001000001100100
0000010010010100110100
000001101010000010100
00011101011010110000
10101100001010110000
1000011010110100110100
1000011010010100110100
000111000010101010100
101011001000101100001
10001101000101100100
100010101000110110100
1000110101101000101
1000101010001000001
0000110010010100100100
001011101001001110000
100011001001000101001
00111010101010000100
101011101101010110101
101010000000000100101
00001100000001010100
101001101000000010100
0000011011010001010100
1010011010010100110111
00100110100010010101
0000100011010001110111
101111100010001110100
1000011010010101110100
1001101000010101000
10100000001000110100
110011001000010000100
1001000100100100100
01101010001001110100
000010101000000010100
110001101000000110100
101001101001000110100
000011101100001010100
10000001010000010100
1010011010110101100100
001000010010001010101
110111010110100110101
00101101001001010100
1010110000110000110101
100010010000001010100
110011010110001110100
110001101011000010100
1101011010000100100100
1010101011001010101
110001000100001111100
110010010111100110101
001010101010100101000
01000100011000110100
000011010010100110100
0110111011000011100100
0000110000010000010101
00000101001000010101
101001011000010101000
100011001000000010100
10011100100100100010110
001001011000001010001
010010100010000110100
0110100000010000101
00101010000111110101
0111110010010101100100
100011001000000000101
001111001000011000100
0010101010010001100000
001001100000000010100
00011010010001011100
10100110100001010100
0000110010010100010101
10101100000101100101
000011101000001100101
10001010101101000001
10100110010000001000
110011110000001100100
010010101000000110100
1010001010000001010101
01000100010000100101
101000001010010000101
0010101010010001100000
001001100000000010100
010001001010000011001010
00100100101000011100101
0010110010110011100100
000001001000000100001
1010011010010011110100
101011101001011010001
1000110000010011000
10101100011000011001
10111001000110110001
00110001011011100101
111001010110001110101
0000111010011100010101
001001000001101100100
101000101000000010100
000001100000010100101
101001010100000110100
1000011001000101100101
0000110010010000110100
110001101001000011000
101101010000101110100
100010101000101110101
00000110101100101100
100001101011000110100
000101101000000110101
000100100000000000
101001001000000010100
1000101000000100110110
000011010000101110100
10010010100101110100
10111110100000101000
0000101010000000110101
00001101000000100100
0010101010010100110100
000011010000111110101
00000001001010110000
001011001000000010100
100011101011001001101010
00000100101100000110100
100111001000000110100
100011101001000110101
10000110001101010000
1001011011000001100101
10001100000100110101
0100100000001110100
0010010101010000101
101000000000100110100
000011101001000110000
001000010110100110101
1010011010010101000100
0000111010100100110100
100001101000101110101
0110011110001011110100
1010110010001101010101
001011001010000010100
1000011010100010000100
100111001010001011101010
101000010100001001011
1010011010101000101011
000111001010101111101010
10001101010000011101010
001001010000001100101
001111101000000010100
000011001001010110100
0010111010110101100101
10100110100010100100
0000110010010010100001
1110011010000000110100
0001110010101000110101
00001101010001100101
001011001000000010100
101000011100101100101
00001101001010000101
111111100110110110101
0000111010000110110101
001001101000000110101
0010100000000100110101
000011001000100010100
100101101000000010100
100001101101000111100
000001101010000110101
000011010110101100100
100001100100000110101
0000110011000101100100
101011000100000110101
010011001000000000101
00100001000000110101
000011010101010010001
110001001010000011101010
01001110101100001100101
000001101010000011101010
00101110101101001101011
00001100101000011101010
011011010010111010
001011001001000111010100001110101
0000110010100110100101
100011001000001100100
0000110010000010110100
0000111010010101110001
000001101000010010100
000101001000000010100
00001110010000110000
1010011010010000110100
0000110010101001110100
001001010000011100110
101011000100001111100
101001010000001110101
000001101001000110100
0010011010010101100100
1010110010000110110101
000011000110100110101
1010010010110000110100
000011101010000010100
00101100000001100100
00101100101001011001010
001011100110000100100
11000100110100110101
0010010010000110100100
00001001000000010100
101000100000011
1010010
1011010110101010
010001000010101011
0001010101001011
00001011100010101011
0010101111001010
00001011100010101011
0100011000001010
1010001001111010
000111101011010
000000011000010
1010011001001011
0010001011001011
0010001000001010
100010000001011
000010100001001000
1100101010010010101
10100101010011000011
00100001010010010101
00100101011010000001
000010000100000100
000010101010010100
100001010110111100100
1000101000001110100
100011010000101100100
0100101001010000100
100001101001010110110
101011100011000110010
000110010000100110100
1010101010010100100100
11001010010001010111
101000010011000110111
101011101000001010101
00001001010010011100
000101100001101110100
000011011000000010100
1000011010111000010100
0000101000100100110111
000001010000000110100
01011001000010011000
10101100100010110101
1000101010110001110101
1010011010110010110101
1101011010101001100100
000011011010001110100
0000111010010100110001
001010101000000010101
100011001000000111000
01011100000100000101
1010011010010101100100
00001100011000110100
10010110100010011001
00011000010010110101
00011101000000010100
100010101001001110101
001010101000000110100
1000111010010001100101
0010111011100101110100
0010011010000000010100
001001101001010010101
100011001010001110101
0000110010000001110100
101011101001000110010
1011111010010001110100
101001100100001010101
1010110010011100010101
010011000000000100101
001011001010000010100
10100010101000100100
1000101010000000110100
10001100010001101000
101010101010000011001
1010110010110001100100
100011010010001010101
0000011010000000110100
000001101001000101001
0000101010010000110100
000010101011110010100
10010101001000110101
000001101010000010100
001011000001111
0000111001011001011
0000011010100011010
10101101101000101011
1101101110011010
00101110101000111010
110011010110010010
1100110101000011010
010101001001010
1000011010100001011
01010110101000101011
000011000100010100
00010001000000100101
0000110010110100110100
00110111100100011101011
100011110110010100101
0110101011001011
00001010
110001111001011
00001010
101011101100010
0011010
010101010001011
00111101000001010
10100100000001110101
10000100110100010100
001001101001010100101
0000011010011001110101
101011101000010100100
0010011010000001110100
000001100010001100100
000011010100010110100
1000011010000010110101
100101010000000110100
100011001000100110100
1010101010010100110101
1010111010010001010101
000000010100001010101
0001110010000001110100
0000011010000101010100
11000001011000111100
100010101000100110101
00011100001001110100
0010110010000101101100
0010111010000100110100
001001100000101010101
1001101011000100110101
001001101000000010100
000011101000100100100
11000110100100000101
1010011010000001001101
000010101000001110100
00001101001100110100
101001010101011100100
0000111010100010010100
1000101010010100110100
1000011010010100110101
101001101001000110101
1100011010110000110100
100011010110001110101
1001101011000100110101
001001101000000010100
00011000011001110100
1010110010000101100100
1001110000001010100
100011101000100000101
101001101010001100000
0010011000100000100100
000011000000000111000
0000111010000001110110
101011001000001010101
0010111010010000110100
000110010010001110101
100001101010000010100
00111001000010000100
0000111010000101100101
00011001001001010001
100000010010101110100
10100101000010110100
0100011000101000110101
100010010100001100100
001000010010001110101
000111001000010000100
110001010110000110100
000110010010001110101
100001101010000010100
1010011010010101010101
0000001010000000110101
000010010001100100100
100001101011110100100
0000110000010000110101
10100101000101110100
0000110010100001100101
0000011010100000100100
000011101100000101001
100101101000000010100
11000100000101100101
101010100000100010101
0100011000000101110100
0010011010000101010101
001001101001000110001
1010011010010100110101
0000110010010001011100
110011101011010000100
000011101100000101001
100101101000000010100
10101110000100
10011010
001010010001110
10001110
00101001111100
01011010
10100100000010
10111010
0000101011001010
00001011
1010011110001010
1000010
110001000100111
01101011
00101011111101110
100001010
0010111100101011
1001011
110010101001010
01000110101000111010
1010110010100100011
100110000100000011
00011010000010
1010110000100110110
1000100101000011010
0000000010100101010
100010101001010
1000111001000001011
00001100101011001010
0010011010010111010
000011001011
0011101000111011
0011000011011
00101010
1001011100001010
11001010
0000011010001010
00011010
1101011011010101100101
000010010100001110101
100011000010100110100
1010111010010101100100
1100101010000101000100
00000101000101110101
1000101010110001000100
0010011000010000110101
00100101001001010101
001000010000001010100
10000100010000010001
0000110010010000100101
001001001101110000000
1010110010000000010101
0000011010011000110100
100110010000011110101
101011001000001100101
100001001000000000101
0011011010000001010101
000011101000000010100
010010100010001100100
00101110000
10001000110001100100
10001100100
101010101011010010100
0100010100
101000100100101010110
00000110100
00100010000101000101
00000110101
100011001001000100100
110000100
1000101010010101000100
10011000100
1010110010110101100100
01010111000000010100
00100110000010010100
10001101000000010100
001001001001010110000
110101101000001100100
1010011010010101100100
1001010010000001010100
00110010000101100100
10101001000100100110
101011001010011011000
0010111010011010100100
001011000010100110100
01000110000101100001
100010101000101110101
1001011110000001100100
100111001000110100100
1011010011001010100100
0011011010000001010101
000011101000000010100
001001010010011010100
0010011000000010110101
101001101000100110100
001001101000001110100
00000101001000010101
101010111000101010100
1000010010000100100
101001100011001110101
010010101010001000100
101001101000001110100
00000001001000100101
101001101011000000110
1010011010010100110100
10001110000000010100
1011110010010100110100
0010010010110001100101
100001000110101010100
111011101001000000000
001111000000101100101
011011101000101100100
0010110010010101100100
0000001011100000101
101001101001010110101
1010110010010101100100
1010011010010100110100
10001110000000010100
00100001000101000101
110001101000101000100
000011101001010000101
10101000110001110101
100000101100000110100
01000100000000000101
100001010010001010100
0000110000011010110100
000000010001001110100
001001001000000010100
1001110010010000100100
11001110100001100100
010110010000001100101
000100101000001100100
101001010010100110100
0000010010010001100100
1000011010000100100100
100011010100001010101
000000010001001110100
001001001000000010100
101010100100010
1000010101010101010
10001100101000001010
0010111010101100011
0011101010111010
0010110001000001011
00000110101010001110
0010101010100001010
1010001000101010
00101100101001010000
1011110010111000100
1001110010100101011
1001101000000110100
10101011010101010100
100011101010100100101
001011000001001010101
00001001000011011000
1100000100100010000
00010010000101100101
1100011010010110110100
01010001000010000100
101011001010011010100
1010011000000100110100
0110011010110100110101
0000011010000000110100
101011101001100100101
0000010010110000110000
001011101000000010100
1001110010000101100000
0000011010101101100110
1000010010010001110100
10101110100100011000
00101110000001110001
10110001010100110101
0000110001000110000
0000110010001001110101
100011010000101100100
000011001010001100100
1000001010010101100100
10000100000100110101
0000010010010000110100
001011001000000010100
1011011010000001100100
1000110010010000100101
0010001010010001100100
101001101001000000101
0000011010000100110101
101010100000100110100
010000101000001110100
010001010101100110101
00000010101000110000
1010110010001000110100
001011001010100110100
001011001000000010100
1101011010000000100100
1000011010000100101001
1100011010011000110100
1000010010000101110100
0000010010000000110100
101000010110001010101
101101101000000110100
0010110010101000110101
100111101000001100101
010111101000000010100
1001010000100100100
100101001001000100100
01010000010100110100
000010010000001110100
101001101010101100101
110001101001010110101
0110000100100010110100
000011001011101100000
0000010010000010100
00001101000000010100
1000111010000000110111
101001101000010110100
000010010000100100101
00111101000110000101
001001000001101100100
101000101000000010100
0000000011010
10101110101000101010
1010110001000001011
101011001100011011
100110100001011
01111000101100101010
0000101010101000010
0000100101001001010
00000100000011
00101100101000111010
10010110101000010010
0100100010010011010
001101111010101011101011
00101110101110101110100
00001000100100001101010
00000110011000011001010
01001010100101101011
00110100101001111001010
100011101010100001101010
0000010101001101101010
001101101010000011101010
00100110101110100110010
1000111010100100110101
101001101010101001101010
11001110101001101101011
010001000110100011101010
00100001010110101101010
10111110100001001101011
00100110101010001100010
00100101011100011101011
000011000010000011101010
110011101010000001101010
1010010000000001101010
00100110011101001101011
001011001110000011101011
0010011001000001101011
0000011010100110110011
00100110101001101101011
001101101011000001101011
00001101011000001101010
001101010100001101010
10100101010000100011
101001000001001101010
010101101010110101001011
110001101010101001101110
00100110101000011001011
01001100101010001101011
000011101010100001101010
0000110111010001101010
101001101011000011001011
000011000010000011101010
110011101010000001101010
0000011010000100110100
101000010010101100101
100011010000111010100
110001101001000111101
1000011010010001010100
101001000010001010101
0000110010010001100101
10001101011000110101
1100111010000001100100
100001001010000010100
1000101010001001110101
1010011010000001010100
0000101000101101010101
100001101001010000100
0000111010100001100100
000001101000000010101
101111101000011100100
0101110010011011100100
1100111010000001100100
100001001010000010100
000111010110001010100
1010011010010000010101
10100001001000110101
0001110010110100110111
00100111100011110101
1010011010110110110100
10011100000001011101
100000101000000110100
10001001001010110100
110011101001000100101
1000011110010001010100
000010100000101100100
10001010101000101000
1011110000000001110101
101101101001000010101
000011000010000010100
10101100000011010100
0010001010010110110110
000001010010100110110
0010110010000001110101
1010110010010001010100
100011001001010010101
10101100100001000101
00101001001010010101
0000110010000001100100
000011000010001010101
110011001000000010100
0010011010010000100100
011010101001001110100
10101101000000010100
101011000010101010101
000011010010010110101
100101010000100110101
0100110001010110100
0010111010010101010111
11110101000001010101
10011100001010010100
0000011000000001100100
00101010010101110101
1000011010010000110100
00001101000001110100
000000010100000110101
100001101000000110101
100001101000000010100
0111101010001011
10001111
1000101110100010
10001111
0011101010011010
10001111
1010010000101101
10001111
000011100100001001011
100011001011000001001010
1010110010010101100100
11001100001010010101
000011000010001101000
10100001000000010001
0010010010000001100101
1100110010010001110100
001101101001000110000
0010111010000101100100
000111000001000110101
0100010010000101100100
000001100001000111100
0100010010100000110100
0000110010001000110100
01001101010000010100
110111001001000110001
00101100100010110001
1000011010000100110100
0100010010000100110101
0000111010000101110100
001011101000010100100
00100001000010010000
1000110010001001101101
1100110010001001100100
1010110100110000110100
0010110010101000100100
0000110010000101110110
0000110010001000110100
01001101010000010100
0000111011010001100101
100000110101011100101
100001100001001010110
100100101010100100100
100010010010001010100
101010101011000100100
0010101000001010000
000010100100001011100
00100110111010101110101
000011001010000010100
10000110100000110100
10101100101000001000
0010110010000101100100
1000011010000000110100
1010110010000001110100
00010001000000110100
000011101000101100101
00001101001000011000
0010110010010100100100
1010110011000100110101
10110111110000110101
001110000000000110100
00001101000001110000
000011001111010100101
000010000101000100
000001101100000010100
10001010000010
10011011
1101111100011010
00001010
000010100001010
00011010
0000101010101010
10001010
0100010000010
10001010
0000101010001010
01001010
0001101101001010
0000011
001011100010001
00001011
0010101100001010
00001011
0001010001010
00001010
0000101000001010
00001010
000000000000011
0000101111001011
001001000010101110100
101001010100101100100
000010101001010110100
0000011010010101100101
101000010110101100101
101011001011010000101
100010101000101100001
101010010000101010110
1000001010010001011101
1100111010010001110101
111010111000010111000
011011001000000010100
1110101000100
10100110101000101010
10001101001010101010
00010010100100100
01000110100110001101010
1001101010011011
100001000001010
10001010
001001011001010
0001011
0100101010001010
00101011
0010111010010010110101
0010111010010100110101
0001010011010010100
1010101010000001010101
100011010010001010100
0000110010100100110100
00001100010100100001
000010010000011010100
1000111010110011100100
100011000010111000101
000011000010101100101
1000101010010101110100
111011001011010011000
1010000001011010100
0000101010010100110100
000101010010010110100
100010101000001010101
1001011010010100110100
1010110010000000110101
001011001000000010100
101010010010111100100
0000011010000001110101
011011100010100110101
111011101000000100100
0000011010010001101101
01000010010000110101
0010110010000100100100
001010011001000110101
0010011010010101100101
1010011010010100100001
100011101000011010001
101101100100110110100
1010110010000000110101
001011001000000010100
10010001011010100101
1000111010000000110100
1000010010001100110101
1010010010000000110100
1010011010001110110100
0100100100001110110100
1000101110011000110101
001011001001101011001
0000010010111101100101
100101001001000110100
101001101000101100100
100001101000111011001
100010010100101110101
000001101000000010100
0001101000010100101
10000110100000010100
000110010001100100100
0010011010000101000100
00011000010101010100
101011101000000110101
101011000000100110101
100010101000101110101
100011101000001110100
0010111110010101110100
100001100010100110001
000011100010100110101
100010010100101110101
000001101000000010100
000011001000000110100
1000001010000001100101
00101000100001110000
01011100100100001000
1000111000101000000
1010111010001100100100
000011101000000000100
10000101001000110101
101000001001000100101
10100100001010100100
1000110010000001100101
000011101010000010100
0000101110001010
10111011
00101001010010
0001100
001001010011011
10001011
0010110001011010
0000101010001010
000111010010100110101
1011100010000000100101
100011011000010000100
1100011010000011110101
000111100010100110100
0001110010000000110101
100000010000011110100
001001101010100111001
00100110100010011000
1000111010010000110100
0100110010010101110100
0010111010100000100101
01000100101001000110101
10100100100010100101
01101100100010011000
001000010000000110101
0011011011001101100101
100001101011010011000
0000110001001101101010
10101110010101001101010
000011101110101011101011
001000001010000111001010
00000100001100101101111
100011001010000111001010
000001101010010011001111
0010000100010001001010
00000110100010001101010
101011101010100011001011
0000110010100100001010
00001110101000011101011
10100110100101001001010
00000100100001011101010
0000111010111001100100
0010100100100010100
001001100000000100100
110001101000101110100
0010011000000000100100
100001011011101000101
100010010100110100100
1101110010000100110101
1000111010100011100100
10000111100100011001
1010011010100101100101
010000010110000110100
11011110010000000000
1010010010001000110100
001011101000111001110101
101001101000000010001
00000100010000110001
0000111010100100110101
101010101011010000100
001001101000000101000
10101100011101101001011
100001101010001011000110
1011100010101101100101
0010011010011110100101
00011001010000101001
1000011001000111100100
00000110101010100101010
10100110101000100101010
1010011010010101110101
101011111001100111001
000011001010101111001010
1100010001010000000
0111100010110100100100
000001001010010010101
11011000101011
000110111100100
0100101110001011
01000110101011001011
1001011010100101011
00100110101000111011
000010100010010
000001010100001011
100001101010010100
10101110101100001010
101000101000100
11001010101011011011
0000101111011010
00101110101010101010
01001110001010
10111110101010001010
0000101100001010
0000011101000001010
0001101011001010
00000110101000001011
001101010001011
0000110001111001011
010001000001010
10010100101010001011
00110101001010
00000110101100001010
00100100111011
1010111001010001011
101010100001011
10101100101010001011
1000101100101010
101001100100010010
001101000011011
101010000010001011
0010101100101011
000010100100000100
1001101011001011
100010010100001011
001110100000101
000010010100001011
0000101010001010
0010111010100001011
100101101001110
0001100101010001010
000001100001010
10100110101001001010
01010100101010
1000110101100011011
0010101000101010
0110110101010101010
001010101010100
11001101001010101010
100101010101011
10101110101000101010
000101010001010
10100110101010111011
01010010001011
00111010101010010
100001011101010
10100110101100001011
101000000000100
010011011001010010
0100101001001011
1100111010110010010
000001010101010
01001010100001010
1000111010000000110100
1010110010010111101101
000001101001001110100
01001100110101010101
1010110010101111
10101100
1000100000001100
00100101
0010100001100000
00001100
0001000110000
0000001
1000110010010111
10010101
0010000010001100
10101010
10010010001001
0101100
100000010000100
1001101
111111000011000
10000001
1001000000100
0010000
0010100100000001
00000101
0100010001001100
00100100
000010000010100
01110101
0011010110110101
10000101
00100100010100
00100100
1100110000000100
00000100
1001011100110100
10000101
0010000000001101
00101100
001010000100100
10111100
001110000110001
0001000
000100101010111
11001101
0001010010011100
10101100
0010100100001001
1010001
000001000001110
00010001
00010000011001
00001001
000101100100001
11101100
0110011000010101
00100111
0100000000001
0010010001001101
1010000110010001
01010100
10100000011001
00110101
0001110000000100
10100110
000001000101100
10100100
000001100001011
11000100
00011000000100
0100100
1001000110001111
10111100
1100000100001000
0010101
1100110000000110
00000100
0011001010001001
00001011
000010001010100
00001011
00001010000011
00001010
00100000011011
0010100
110010100010100
10101010
101011100001010
000011100100101010
00101100101000111010
00001110101100001011
1000101010001011
0110011010100001011
1010111010101001010
0000111010100010100
01001010010110
0010011010100101010
0000010010100011011
0010011010100100010
100010100001010
100001010100010101
0000010001010101011
0010111010100101010
000110000101010
00110110101000001011
00101110101010101010
00001110101000011010
0001001001101
0100011010100000101
0000101010111011010
0110110010110000011
00011001010100
10011101010010010
10100101010000010
1010110010101011010
100110101000010
00101100101001001011
0011110001101001010
0000011001011000011
0010101110011010
000011001010001011
10100100101000001010
0001100101000111011
101110000110010
1010111010100010100
101011011000001010
1010011010101010101
0010011000000100
00010001101110101
01000000110000
10001011
0000101110101010
0010101
00101000001011
101001010000000001011
100010100001010
101010000100101010
0010110010101011010
000001001010000011
100010100001011
00001000101100111011
0000110001000001010
00001110101000011010
1001101010101010
0001110101010011010
1000111010100011011
000001101000011010
0010100011011
1000011001000101011
0010000101010001011
10000010101001001011
001010000101010
01001101101000011011
00100110101110001011
1010011010100011010
100010001001011
1100110110101101010
10010100101000001011
1000000101000001011
100001001001011
101001010100000111
10100001101001111010
0000010101010111011
101010100011011
10101110101010001011
00101110101001001011
000101010110010101
000000100001010
101011010101000100
1000110010100000101
00000110101100001010
000010010011011
0000111010110101011
0000100101011001010
0010010101000011010
000011001010
01010100101010
001010011011011
10001011
1000101010111010
10001011
1000101010001011
00001010
101001011001010
10000010
000010101001010
00001011
0100101010011010
10001011
0001101000001010
01001010
0000101010001010
00011010
110010101001010
11001011
0000101010011011
01001010
0100101000101010
1100011
0100101011001010
0001101
100110000001011
0001011
0111101010101010
1000100
001101011001011
10001011
1000101001001010
00101011
1000111010001010
10100010
0010101000000010
1000010
0101101101011010
10111010
0100101000001010
11001010
11000101001010
10001010
100001010011010
00101010
100010001100100
01001010
0100101001001010
00101010
1000101011011011
00001010
1010010000101
10001011
0000101010000010
10001010
1010101010001010
00001011
101001100001010
10001010
0100101010101011
10001011
010010000000010
1000100
0000010100001010
1000000
0101101010101010
0011011
100110100001011
10111010
101011001001100
0110000
1010010011001010
00011011
00010100000100
100001011000101001100
0010101011001011
1010000101000011010
010010000001010
0000101001001010
100001000001011
00001010
1010101010101010
00101010
0000101000001011
0011011
1010101000101010
10001010
001010100011011
00001010
1000101000111010
10101010
1010101010001010
00001010
1010101010001010
00101010
1101101110001011
00101010
1101101100101011
1000011
1000101010001011
00001010
0001101111001010
10001010
1010111010001011
10101011
100101000101011
1001010
000101001001011
10101010
00110101010011
10001010
000101010011010
10101010
01110011001010
10001011
10010101011011
00101010
0000000011011
1100101
001101000001010
010010
100010100101010
0010100
001101010101010
1010101
1010001010100
00001011
101010100001011
10111010
101110100101010
1010010
00101010011010
10111010
10101000101100
10001011
1010101010011011
1010011
0000101000001011
10111010
00010100000101
1010101
100101010011011
10101011
100001010101010
00101010
110010100011010
00101010
0100101010111010
10101111
000110101100100
11011011
000101110001110
10001010
100010100010011
11100010
00000100101011
00101010
01000111001010
01001010
1110100000010
01001011
0000101101001010
10101110
101001010101010
00001010
01011000010100
00101010
0000101011001010
01001010
1110101010000010
001000
01100101001100
1000100
1001101100101011
1100011
1000111011000011
10101011
101110100010111
10101011
1010101000001010
00101011
1011101010101010
00001010
1000101010101010
10001010
0010101000101010
0010110
1001101000001010
00101010
1010101000001010
00101010
1001101110011010
10011011
0110101010001011
00101011
1100101000001010
0001011
0000101000101010
10101010
0010101010001011
10011010
10101000010111
10001010
00101000000100
1001010
000110101011010
00100011
100010101011010
00001010
0010101001001011
00101011
1010101010101010
00001010
100101011001110
00001011
1010101000001110
00101011
100110100001101
00001010
1000101010101010
0000101
1010111001001011
0000100
0000101000011010
1001010
110010100011011
0101010
001010100101010
0001011
1001101000111010
01101010
10001000000011
10101010
100011100001101
00000101
0100101010111011
0010010
1010010000000100
10101000
010010000101101
1000100
1100111000000100
01001010
010001001001110
00011010
011010000100010
00101010
0000101101001011
001010101100011
000010101010010
1010101010001010
000110001001010
1000101100011011
000010001001010
000010111010011
000110001001010
0000101011001010
001010101001010
0010101110001011
10001010000010
0000101000111010
10000100001010
0000101000001011
00000100001010
1000101000001010
0000101110001010
00010101001011
1010101010001010
00011010000010
110010101010100
0000101111001000
00000100000010
100101000011010
000010110001010
1010101010001010
000001000001011
0010101110001011
000101101001011
0000101010001010
000010100001110
100010100011010
0000101011001011
000110001001011
000010101001011
0010001000001011
0000001000101011
000010100001010
001011010100010
000001001001010
100010101000010
1000101000001010
011001000011010
101010110000011
0010101000101110
00011110110011001010
1010001100101011
00001010
000001000011010
00001011
1000001000111010
10001100101001001010
10101010101011101011
01001010
0000101000011010
10000110101010001010
0010101000101010
0001101000001011
0001101010000010
0000101110101011
10100000001011
000010100001011
00000110000000110101
10000001000100100100
0000011010000100110100
00001110101
100111000010000101101010
100011101010000001101010
100101010101010
0010101000101010
000010100001010
10000110101010001011
000010000001011
01001100101000001011
10010000001010
000010100000
1010001010101011
1010101011001011
110010100001010
001010100001101
100000100010010
0000101010100010
0000111011001010
10001010
0000101010001010
0000100
0000101100001010
00100101010001010
00001100101100001011
10100000101000001001010
00101010101010
1000101000101
101010010001010
0000100101010001100011
100101000001010
0001110101010011011
10100110111000001011
0010111010111001010
1001101100000
00000
1101001101101
00101100
010110101010100
10000100
01001110000110
01010100
001001001011010
00001010
00000100000010
00011010
000010101100100
00001010
1001101110001010
10001010
100111001001010
00101011
00110011011010000101
0000001001010110101
010101010101011
00000101010
001011100100011
001010101010
0100101010101010
001010101010
1001101010101010
00100101011
101010101001010
010010101011
0000101010101010
101001101011
101010101100100
00010101011
1010101010011010
00010101010
000010100101011
001010101010
100101001011010
10001010100
000010101010011
00001010100
100010100001010
00001010100
000010100101010
1010001011
1010011001001011
10101010011
11010100101010
101010101011
00101011000100
001010101010
0001101110011010
001010101010
0010101011001010
000010111010
00000101001011
10001010010
0000101000001011
00100010010
1000101000101010
00101010010
0000101000011010
000010101010
1001101000111011
001010101010
1010001001001011
101010101010
101110000011010
000010101010
1000101011000110
000010101010
1000101001101010
000010101010
1000101001001010
000001101010
1000101011011010
000001101010
1001101100011010
000001101010
10010100001010
00101010010
1010101010000011
00001010010
1000010101010
00101010010
00101000101001
101010101010
011001100011010
100010101011
100010100101011
100000101010
100101000111010
000011101011
001010100000010
10001010011
0000101110101010
101010101011
0101101011011111
101010101010
00010100011010
10100101010
10100100000010
101010101011
1010101010001010
000010101010
010010100011010
001010101010
0110101010101011
100101101011
100001010101010
1001010011
0010101100101010
00101001010
0001101110011011
001000101011
00001010010010
001010101010
1000101010101010
000010101011
1010101000001011
100010101011
00001010011010
10010100010
1000101100001011
100010101010
11011010010010
010010101011
100101000101010
10000001010
1100101011011011
100110101010
1010101000001010
111010111010
000110100101010
001010111010
001110100110010
101010101011
100110010001010
100010101011
1010101100001011
101010101010
1000101010101011
000010101010
100010100010110
10001010101
101010100011010
10010101010
1000101010001010
100010111010
1001101000001010
001010101010
1000101001000
0000100
0010000010101010
1100100
000101011001010
00001010
10001010100100
00101011
00110100001011
0001011
0100101000101010
01001010
010111010001010
00111011
00101000001010
00011011
0010101010101011
10111010
100010100001010
10101010
0001010001010
00011011
0100101001001010
11001011
100011101001010
00111010
001010100001010
11001010
100010101001010
01001011
010101111001011
000011101011
0011101010001010
10001001010
1011101000001110
01001001010
0010101111001011
101010101011
000001011011011
000011101011
10000100101010
110010101010
1010101011011011
00101110101
100010011001010
00001001010
000101000101110
0001011011
0101000001010
00001001110
000101000001010
0001100011
10101000010010
00001100011
101010100000011
000010101011
1000010000000000
10100001
000010010010100
10101100
000010001001001
10010110
000010010110100
01000100
101011011001100
00000101
100000101000110
0001101
00000100101100
10100100
00010000001100
00001100
1000001000000110
00000110
1000000000000101
00001000
1000010001001100
00001010
000100010010101
00100001
001110101001011
00101011
0001101011001010
10001011
0000101001001010
10001010
000110100001011
10100010
000010011001011
10101011
000010101100011
00101010
1100101010101010
1001011
1000101010101010
00001110
00011000000010
00101011
000001000101011
11001010
10010010011111
00001011
010010100101010
00101010
000110101100100
001010
0010100000000
00001001000010010
1010011010100011010
0100101010100001010
10101000000100
00001001011
10000000000
100010101010
0101101011000010
010010101010
00001100100011
001010101010
0100011010001010
00111010010
1100101111001010
11000101010
100010111110011
000110111010
1000011000110010
110010101010
101010100011100
00001101010
1000101111011011
000010100010
100110100000011
100011101010
010010100001011
000010101010
00001011000100
0001101010
101110100000011
000011001010
00011000100101
10100101110
00101000001010
00000001011
0000101000000110
110011101011
101010100000010
000011101011
000000100001111
00001011100
1010011000001010
01010110010
10000101011101
110011001000
001010100011011
10000101011
0010010000011101010
00001010
10100010101101001011
010010010100110101
1000111000000001101
01001011
0010011010110001011
10001110101000001011
0110010000110100010
0110110
0000001001000011010
1100011010111011011
01000100100110010
1001010
101001101010010100
00001101010000100
00001100001110100
10101110
00100110101010001010
00001101101010011011
000101000101010100
00001010
00101101101000101011
1001111001110111010
00001010100010101011
10011011
1100110011100110100
00100110101000001011
10001011001011001011
0010100
0100110000100100010
10001100101000001011
000000000111101011
00001011
00011101000001011
00000010100000010
00001010000011100110
00101010
0010101010000101010
10101110101010001010
0010111000001110010
10001011
0100111010101000010
0010010010100101010
101010100000110011
1101011
000011011100001010
10100001100000100
1000000100110100
11001011
000001010101000101
100010011100001010
1010011010000001010
1010010000010101010
1000100
10001001101100101010
010011010100001010
10001010100011001010
00011010
100001000100001010
0100110101010011011
1001011010100101110
00001011
01000000100101011
1000011010010001011
100000100011101
1000001010
00000000101010001011
100011100100010110
100010000101100100
00000010
11011011010011011
100010000100101010010
00001010000000001010
10011010
011101100100001010
1000010101001001010
001010001001101010
00001010
0001010000100101010
1000111101010101010
01000000011101001010
00001010
101011001001001011
001001101000010010
10101010100011001010
10001010
0000010010010001010
0010100001010001101
11011010000010101111
0010100
11001110101010111010
00001010101000001011
101000100000011011
1010010
000110101010101010
10000101010001010
00001010000001001010
1010010
000111001011001100
10011101000000100
11010001001110011
00011011
0100011010100001011
11000110101000001011
1000101010101101010
1001011
0001110101000101010
10100101010100111
0011010000101101010
01011011
0000101010000101011
00001010101000111011
0000101010011101010
11011010
0000110010101001011
1100111010100101111
1100101001011101010
00100010
00011110001100101011
1000010101010111010
0001100010011101110
00101011
0000011010000011011
101011010100001010
110010000100100010
00001010
1000001010100001011
00110011101001011
0000101100101010
00011011
1000010110100001011
000011110101100001010
00001010000101101010
10001010
00000110101101001010
0100011010001001010
00101011001011100010
00101010
0010111010100000010
10100010101000101011
001101010010111010
1001010
0000100101010001011
0101111010001011011
10001010101001101011
00101010
101001101010100100
1000001010100001010
1000101101011101011
10001010
100001010100010100
1010111010000101010
00101010000110010
11011010
0000111010101001011
101001100111000010
00001010101001101011
0001010
0000010101010101011
000111010010111011
01001100001010
101011001010000010
001011010100000101
11000111001000111011
1001101000101010
0000110101000001011
1010111010100001011
0000110010100111011
1000101010001010
1000110010100100011
1000110001110101010
00011110101001001011
1100101001101110
00001100101010001010
1000101000101010
0000101011001010
01111010100010101010
00001010
00011100111000101011
00000010101010101011
11100110101000101010
10001010
0100011010100000101
100001101010001001001011
010110000100100010
01101010
00000111101000001010
000011100101010001111
00010000100100010
10101010
10110110101000101010
0000010011000011010
00001010000001101010
00001011
0000100010110000010
00000000101000001011
000010010101011
101011101011
000010100011010
10100010100
00000100001010
11100001011
10101000110111
100010101010
11001101000010
110001101010
000110110000011
100010101010
00000100000100
110001011010
001010100100100
001101111011
1001101000101010
10011011010
0000101000001010
00001001010
00100110000100
001111011010
0000101001101
01000110100
0010101000011011
000011001011
000101000101010
101011001011
101010111100100
001010101010
000111100100010
100010011011
11000010011011
010011001011
0000101000001011
000011001010
100001100000100
010010101011
0101101010001011
10011100101
000010110100011
010010001010
110010110000101
101011101010
0010010000011
000011001010
0101101000001011
1000100010
11001000010100
000111001010
100011101001010
001011101111
000001101001010
100010101010
0101000101011
101000101010
01010100001010
100001001011
00010000011011
100000001010
10010100001010
10101101010
110101001001010
101001101011
101001110001011
100001101010
010110110101100
11000110011
100010100010010
111001101011
000110100110010
000011101011
0010111010001011
001011101011
1000101000101010
100011101010
01100101001010
100001101010
0101101110111010
100011101010
000010100001010
11001110010
00110100001010
000011101010
010010111010011
101001001010
101001000001011
0010110001
00110110001101
10000101010
0110101001000010
001001101010
00011001000011
10011101010
000001110101010
00100000101
00001011000011
000001000
101011100010010
100001101011
00101001000010
00101101010
10001110001011
001001001010
0001101100111011
10000001100
001110001011111
111000111011
10001100001010
100010101011
1000101000001010
000001100010
000101000001011
100011101010
10101001101011
00011001011
00010100001010
001001101011
000000011011010
0010101001011011
000010000001010
100011001010
001011011001010
101001101010
000010100001110
10100111010
1000011000000110
100011001011
1001101000001010
01001001010
000010100001010
101000101010
110110101001010
100000011010
100010100001010
101001001010
000010100101010
101001101010
11001111010000
100111001110
0001101110001010
100010101011
1100101110001010
101000001010
00010101000101
000011101010
110011001101010
00000001010
000110101001011
000001101010
11000101001010
00101101011
1100000001011
000101101001
11001010010100
1000010100
101110100110100
00100110010
100010100001010
00100101010
0000101000001010
0000101010
01000101101100
100111011011
000001001010
1010001010
1100100000101010
100100001011
1010101010001011
101001101010
10101001010000
100001101010
0001101000001010
00101001010
0000001010001010
100010101010
110010100001010
101000101010
0010101000011010
100011001010
1100101000011011
110010011010
00001010100011
000010111010
10101010000011
111111001011
010101110011011
001001001011
000010100001010
101011000010
100010010001010
111011100011
000010101001011
100010000010
001010101011101
010101101010
010110100000101
101010101010
000010000001010
1000010
110100100011010
1100100
100010100000100
01101010
10101001001010
10011000
000010101010010
000011100011011
1101101000001011
1001010
000010110000010
10000000100
00011010100001
101101101010
010101011101010
0000100010
0000111000000010
11001010
0100101000011110
1001110010100010101
01001110101010001010
00101100101000000100
100110000100
00001110101010101011
00001100101010101010
1000010010100001000
0001111000001010
101011001101100011
1010110000000001011
0110011010100001010
100011101011011
1100011110101010010
01011100001000001010
0000110101010001010
100000100001011
10001100101010101011
01101001010000001
10000110101100001010
101001110001010
110010101010100011
101011001010000100
010010000100011010
000001000011010
0000101010101000010
00000110101000001010
00010110101010111010
1000010000100
100011101000001011
10101101101000101011
010001001001000010
101010101000110
01000110101000001010
0010011001000101111
0010011010100001011
101001010001011
00101110101000101010
00100110101000011010
100011001010000110
10100100101011
00011100101000001010
100000010100011101
00110000101001001010
0010101000011011
10101011
1100001000100010
00001010
000010000001
10001010
1010100101010011011
1001100
0000010000000
00101010
110011001010001011
01001000100001010
0000101001000001110
0100101001001001110
010010100101100101010
100001010100101100
000100101001000101
100110101001001110
1000001101100001010
0000110101101011011
110001000011010
0010100
10100110101000100001
10000100
00000110011011
0010000101100011010
000001100001011
010010101001011
010110011011011
00001011
10000000011011
00000010
0010101001001011
00001010
001010100001010
10011010
001011101101010
00001010
100001000011000
10001010
1000101011011010
10101010
010010100100010
10101010
0100101010001011
1000101000111010
00101001010100
0001010
010010100101010
1110010
1111101000001110
0000100
100000101100100
1010100
00000100100100
1000101000001011
0001101000001011
00001011000010101011
1110101110011010
00001011000010101011
1000101001001011
00001011000010101011
1101101101001
00001011000010101011
110101000001010
10001011
0101101000011011
10001010
010101000011011
1010101
1010101000011011
10101010
10001010000000
10101011
110010100011010
00101011
100010100001010
0001010
1101101101001011
11001011
1100101110110010
10001011
1100101001101010
01001110
0000101100101010
11101010
1000101001001010
00001010
000101010001010
10111011
0000101011001011
00001010
11011001000100
10001011
1000101000001010
10001010
00110110001011
0010100
00010101000110
00001010
101010110000010
0111100
10101001100010
10101011
1010101011011010
10001011
110010101011011
00001011
000010100001010
0100111
1010110100001010
10101010
00110100001011
00100011
1001101001011011
10011011
10010100001010
00001011
000101000110010
00001011
10011001010100
00101011
0000101011001010
01001010
100010000101110
1000011010101000010
100010101010010
10101000100001010
0000101000011011
10100110101000001010
01001010010010
0000000101000101010
010010100001010
010100010100001010
011001000001010
10000110101000011010
0001101010001010
100101100100000010
0010101010011010
100111010101010010
000101010101010
1000110110100000011
010010111100010
1001010101110001010
1100101010101010
1010110110101001010
1000101010100011
101001101001001100
01010101110101
0100110110100001010
100010001101110
10100110101000001010
001001000011011
00001100101010001010
1101101100001011
0000011
000010101010010
10101011
0000101011011011
0000010
1000101101001011
0010101000001011
010111111001011
1010101010111010
0000101100001011
1010101010111010
001010010101010
1010101010111010
0000101010001010
1010101010111010
10101000010101
1010101010111010
01000110100010
1010101010111010
0001101010001011
1010101010111010
000011100000100
1010101010111010
0010101000001010
1010101010111010
00001000001010
1010101010111010
00010000111011
1010101010111010
100010110100100
1010101010111010
001010010001010
1010101010111010
00000010001011
1010101010111010
001010101011011
1010101010111010
0100101010011010
0010011
00010101001010
0000011
001010101000011
0010110
01001110101000001101010
1010110001100111010
00000110101010100101010
1010110001100111010
00001100101001001101010
1010110001100111010
100000101010001001101011
101011000100001010
001001101010001001101011
101011000100001010
10100110100001001101011
101011000100001010
001011101011001011001010
1010110001000001010
001111011011001011001010
1010110001000001010
001111001010001011001010
1010110001000001010
11010100101010100110101
101011000100001010
11000100101010100110101
101011000100001010
10100110101010100110101
101011000100001010
0011100110100100011001011
101011000100001010
01000110100100011001011
101011000100001010
11001100100100011001011
101011000100001010
01011110101010001011100
1010110001100010010
0001111010010001011100
1010110001100010010
00011110101010001011100
1010110001100010010
0011110001000010101010
10101100010101001
00111100101000010101010
10101100010101001
00110111101000010101010
10101100010101001
001010101100011
001010111000101000001010
10000101101010101010
001010111000101000001010
0010101010100010
001010111000101000001010
110101001110100010101010
00011010000001101010101010001010
00000110100100010101010
00011010000001101010101010001010
0000100100100010101010
00011010000001101010101010001010
11010110100100010101010
00011010000001101010101010001010
110001101011100010101010
00011010000001101010101010001010
000010101011100010101010
00011010000001101010101010001010
00010101011101000001010
011010101001000001011
00010100010101010101001010
00101110101010110001010
0001110101010101001010
00101110101010110001010
01001110101110101001010
00101110101010110001010
0000111010010101001010
00101110101010110001010
00101100101010101001010
00101110101010110001010
00011110101110101001010
00101110101010110001010
00010101011101000001010
011010101001000001011
001001000001011
00001011
0001100001101010
00001011
100110110001010
00001011
1000101010001010
0001010
101001100100010
0001010
1000101010001011
0001010
000110100000010
00001010
00010100011011
00001010
000001010101010
00001010
001010100001010
00001010
01000110100110
000010100111011001110010001010
00010101010100
1001000000100100001010001010
000011001010011
10001100011001000101010001010
0100101010101011
001010001011010000010010001010
110110100001010
10001000101101001010010001010
00000000001000101
00011000000010010101010001010
000010101010100
1100011000010110000101010001010
0000101010001011
100010000001011000010010001010
000010000111010
00001011001010100000101010001010
000010000101000011
00010101100101010001010
000101010001011
01101000100100001010010001010
1100101001010101001011
10101010110010101100101010001010
01101000001010
01101010010010100010101010001010
101101100011010
1001101110011001001101110001010
0001101100101011
00111010010110100001010001010
110110101101101100001011
1010101000011101110001010
1000101001001010
00001010000110101101101010001010
00001010100010
0001011100010100000101010001010
000010100010101000001110
00000100100101010001010
0100101000001011
101001000001011000101010001010
010011000001011
1010010000100100101010001010
0001011010000110101101
101001001001001110100
00010101101100010100
00001000001101110001010
101110101001010
00001010000010100010111010001010
01011010000101010011010
010010111000101010001010
0110101010011010
10000100110100110010010001010
00011000001000100100
11000110001101110001010
000010000011010
10001010100010101000101110001010
00010000000
11001010110110100000101010001010
11001001001101111011010
10001010100101010001010
0000101000001010
10101010110110101000101110001010
0001101000001010
1010010000110101000101010001010
0100110010011011100100
0000011010000011100101
0000111010010001110100
1000110010000000110100
1010010010010001110101
1010011010110011100101
0000001000001010
0000101010001010
1000101000001010
0000101010001010
000001010101010
0000101010001010
100010100011010
1000010
0001101001001010
00101011
0001101100001010
00101011
1100101001001011
10011010
000110100011011
11011010
0010101010001010
00001011
000001001001011
10011011
0011101101001011
00101010
000101101011110
00001010
100110100001011
0000010
0001100101001010
0010010
100110100010010
00101010
100110101010011
01001010
00001000001010
10101110
0000101010011011
00011011
0000101101011011
10001010
1000101000011010
0000011
1000101100011011
00001010
0000101001001010
01001010
0000101000000111
00001010
1001101110001010
10001010
10010100101010
10011011
0010101000001011
00011010
1000101110001011
0100011
0000101000101011
00101011
010101010001010
00001011
001001010101011
00101010
100110001001011
00011010
1000101000011011
0000010
0000000001010
10001010
0000101000011011
00001010
0100101010001010
00101110
001001000001011
1000011
1100101110011011
01001011
0000101000001010
11001010
0000101001011010
00001011
0010001011001010
0000010
100001110001011
00001010
0000101001001011
0100011
000010001001011
11001011
10001010000011
00001010
1100010100011
1000011
0000101001001011
00001010
001010010101010
00001011
00001010000000
10001010
001010100011011
0000110
100110100001010
00001111
000001000001011
00001011
000010101010011
10001011
100110110000010
1000010
01000110000010
00011011
00010100001010
0001010
1000101000101010
00101010
0010111010001010
1001010
1000101110001010
00101010
1000100000011
00001010
101111110001010
01011011
0010101010001010
1000010
1000101000011011
00001010
000101001001010
0010010
11000111100101
00011111
00001000101010
00011011
10011001010010
1001011
0000101010111011
00001010
10110001001010
00001010
10010100011010
00001010
0000101000001011
0001010
1001101010001011
00001010
1001101100011011
00101011
10000110001111
1010100
1100111000001011
10001010
000110100101010
10001010
001010100001010
10001010
100000100001010
10101010
0010101010001010
11101010
0000101101101011
00101011
110001000101010
00101010
0000101011011010
0100011
10010101001010
00001011
1001101000001010
00111010
0000101000001011
10000010
0010101010001011
00101010
0000101011011010
0100100
0100101111001010
10001011
1001101010101010
0001011
000010100100011
00001010
1000101010001010
10001011
0010101110101010
00001011
110010110010100
0000101
000010101000101
0001011
110010010001010
10101011
10101010010011
00001010
001010010011011
00001010
0110101100001011
00101111
100001010001011
1001010
101010100101010
10111010
00000110101011
10001011
11000100101010
00111010
0100101000001010
00001010
0100111010101010
10001010
00011010000010
10111011
000101010101010
1001010
0100101011001010
10001011
0000101000001011
10001011
0100101000001011
10001011
01010101100100
1001100
01010100100110
01000100
0010110011001010
00101010
100010001101010
000010
100010101010010010
10001010
100010101101101
0000010
011001000101010
10101010101010111011
00101000101010
01001001101010
001001001000001110
10101110101110101010
00101010101110
11011011
11001010000100
10001100101010001011
0001010001011101010
0000101001001101010
10001101010100011001011
110010101010110101011
0000000101010
1000001011100011101011
0111
00010001000000101010
111001011
10101110101001010101010
0000001110110101100011010
001000101001100
00101000010100010
10001000110011
1101000010100001010
11011110101001011
010001101000000101
00101010001010
10010001011100000010
0010000101100001010
10000101011001110100
100010100100010
10001010
0001011000011010
10101010000011000111010
0000101001101010
10101100101000011010
00001100000010100
00000010001000101010
00010100000010
10000110101110101010
1101110101100100
0010101010100111011
101111010010011
0000100
0010111011101001110
1100101011001011
1000101010
10000000010010
000110101001001010100
100010101001101
11001010
1101101011101010
10001010010010111010010010010
100010000001011
001010100001010010010010010
001101000101011
001010101001010010010010010
0010101000001010
10001010000010010010010010
110110100011010
000010000001001010010010010
1010101000001011
0011101010001010010010010010
1000101000111011
001010100001011010010010010
000010111001011
001001001001010010010010010
11000011001011
000010100011010010010010010
0000111000011011
101010010011010010010010010
000111101001010
1010101010010111010010010010
0100001001001011
1010001000101010010010010010
100110000001011
10001000001010010010010010
010100000011010
10101000011010010010010010
0000111010011010
10000010011001010010010010
1001111000111010
10101010000010010010010010
1010101010001011
00000010001001010010010010
100010100001011
100000010011001010010010010
00101110100001100101
000001100010100110101
00000110101100110001
01001101000011111000
101011101000001110100
001001111001101111001
00111000010101010100
10110101001000100100
10000110010101001101011
0000101010011000110010
0010110010010111110100
101010010000101100101
110101101010011000100
01001001001001000101
01001100011010000101
101001010000001100100
01000010000001100100
0010110010110111100100
10101101010010000100
1000010000000111000
1000111010010101100100
000001101001010011000
000110010000000101
000011101011000111001
0011100100000110101
00001101011001110100
000001101000000110100
1000101010010001110101
0001010100001010100
0001010001000110100
1010101101011010
01110110101010001011
10000110101001001010
10101100101000111010
00100101001010
001000001010101010
10101110101010001011
0100100101000001011
00011010100001010
0010011010101001010
00100110101110101011
0010011010101001010
010000000010011
100010101010001011
1100110001000101010
0110011010100000010
00100101001010
1000110001010001010
10001101101110001010
1000011010101001011
1010101100011010
0010110001110001010
10000100101000111010
10100110101010101010
10100100111010
0010111001010101010
10100110101010101010
001011000100001110
000011000001010
0010010101000011011
10100110101010001010
00100110101010001010
010010110010011
10011101010001011
1100110000100001011
0010011010100001010
001001000101010
100010001010101010
10001100011001001011
10000110001011001011
1010011001001011
0010110001001001010
00000001101010001011
100110010100001010
00010101001010
0010011000010001010
00000100101010101010
0100011010110010101
000010000001011
0001110101010101010
0001000101110001010
00101100101010001010
1010101101011010
1001110001000001010
1010010101010001011
10000110101100101010
00000000011010
10100110101110001010
10101100101000001010
001001000100100010
1010101100001011
101000110000011010
110000101011001010
1000110010001001011
000101000011011
0000011010101001010
0010000101000001010
00101101101010101010
000010101000011
10000110101000001010
0001000101010001011
10101110101000001010
101010010101010
1000111001100011011
0001100101000011010
0001010101001011011
00101000001011
00101110101000001011
1000011010110001101
00001100101000011010
11001000011100
0010110010110000010
0001110101001001010
0010000101001001010
00000101000010
010110101000001010
0000111010110000011
00100110001000001011
010001111001010
001101011011000010
0110010010101010011
101010000101011011
00000100011010
10001110101011001010
10101100101100011010
010111010100100100
00010000101010
0000100101000000010
0001110101000101010
100001101010000101
0000101000001010
1100011001000111011
0001110010010101010
00000100101010111011
1010001000011011
0100111001010001011
011011010100001010
00001110101011001010
00001000100
00001110101000101011
100000010010001010
10001100001000011011
0000100111011
00001011
100001011001000
00101010
1000101010000001
1000101011001011
1001001010101100
00010111
0000101000011010
0011101001011010
110010110010011
0011010
1100001010001010
00001011
10001001100100
10001010
001000110010000
0000100
100011101011010
000010101000101111001011
100011000100101110100
001000010110100110100
100010010000001110100
000001101000001010000
100101010011010110100
1000011010000001100110
10000110100010000101
110001101001001110100
1010110010010100110101
0100001000000011100101
00001101000000110100
000001101000010110101
0000010010010101100101
0010010010000101100110
10100100101001101101010
000011101010001011001010
0110010000001101101011
00101100011010001100010
0010011010101001100100
000011101010001001101010
101000010100010011001
010001101010000011001011
10011100101000001101011
00001101010100011101010
00110111010000101110100
000011010000000110101
00110011110000001100101
1000010010000000111000
00001100001010
00100110101010011010
0000110000101010110
001001101010000101
001000110001100
001001100000001010
0010101010100101010
10101110101100101110
10010000011010
000011010101001010
00001011101000001011
0000011010100000010
1000111100001011
00110110001000001011
00001110001001001010
0000111010110001010
01000100101010
0100111001001111010
010000101000100101
001000010100001010
000010101001101
0010100101010011011
0100111010101000010
00000110101000101110
10011010000111
00011100111010011010
11000110111000001010
0000011010110000011
00101000000010
1000011110100001011
010001101000011011
1000110101000011011
0100011010101110
001011001000000100
0010011010000101010
10100110101100001010
0011001000001010
00101110101110001010
0000000101000001010
1000110101100010010
110110100001010
000110010101010011
00100110101011001010
10100110101101001010
01011010100010
00001100101110001011
00101110101100001010
10100110011000000010
00110101001010
10100110111111011011
0000111010000011010
1110011010000011011
00101010101010
001011101010001010
0101001101100001010
0101011101110000010
100011100001010
0110000101000001011
01000100101011011011
10101110101000001010
1000101000001110
1000110101010011010
0010111010111101101
00100110101001011011
101101010011011
1100111001001011011
010010010101001110
00101100101010001010
001110101000100
10010110111010001010
0000110010101101010
000011100110000100
000000011010
00101100101010001010
1000011010100000011
10000110101010001010
000101011001011
000010101000101000001010
110110110000100
00101010000001000001010
1101101001001011
10101011001101000001010
001110100001010
001010100110101000001010
11001010100101
000010101001101000001010
11000101011010
000010101001101000001010
00010000101010
10001010101100001010
101010101001010
00101010101000001010
1101101011001010
10100011101000001010
00101010001011
010010101101101100001010
100010100001110
10001010100101000001010
0100101100101011
101010100000101000001010
10010000111010
000010100011010
100001001000010
0001100
10001000011011
1010101
001011100001010
10001000000110
0010101000101010
010010101001010
00001001010011
10011010
001010100001011
010110100001010
111010101100100
00001011
01000100101010
1010010
0100101000001110
01101010
10101001001010
00001010
0000010010001001100100
001011001000000010100
000000010100010
10001011
1010101010011011
10001011
10101000011100
000100
00001000000100
00101010
000101011001011
00101011
1100101010001010
00001011
011101010001010
00001011
0001101010011011
0001010
000010110100100
0001010
1000101000011010
00001011
1000101110001010
00001010
1010101000101010
00001011
100010100001010
00101010
000110100100010
00100010
0000101010011010
01001010
001110011001010
10101110
01100101000011
0101011
100001010001010
10011010
00101010100101
00101010
10000110001010
1001011
000010101001011
00001011
00011000010100
00011011
100110010001011
00101010
1000101010011010
1000011
100010110010010
10000110011010101011
10101000101010101010
00011001010001001
000000000001010
001010101100001010
1000011010100111010
001000001100001011
000110111000110
100010101101001010
10001110101010001010
100011000110001010
11011000001011
000111010100001010
1010101001101101011
000001100100101010
100011000101
00100101101011011010
10101000111011010011
0000010010100001011
10001000001011
10100110101010011011
000001100010100010
10100110101110011011
10000001001011
10100110101111001010
000011010101001011
000110101000101011
000100111001011
1001001010001011
00010100001010
11001010
000001011001010
00001010
001010010101010
00001010
110110101110011
1001010
000110100001010
00111010
0000101010101000
00011011
010000001011010
00001010
0000101010101011
0001010
001010011001010
00101011
10011001001010
11001010
0100100001001010
00001011
10000100101010
11001010
000010010001110
10000010
00010000001011
00011010
101001100011010
0101110
00101010001011
10001010
0000101011001010
00111010
010000100001011
00011010
001010100001010
01010111
000010100001010
10111010
100001100001011
00111010
0010101000101011
1101101101101010
1101101010001010
00011010
0101101010001010
00001011
0010101110101110
00101000010100
101010100001010
0010010
1001101101001011
0000100
010010100001010
00010110000010
101011011100100
10101011
0000101001011
10101010
0000101000001011
011010110011101
010011000101010
0010100
11000100101011
11001010
1010010010100
01001010
1100001000100
00001010
000001010001011
01001010
110010010000
01001010
1000100001010
10001011
01001000100110
1001010
100010101001100
10111011
010011100000010
100010101001011
1001001001100
1001000001111
0010101000001010
00000100001010
101010101011010
00001011
011010101011111
00101010
001001010001011
00101011
0010101011001011
100010100011010
01001011000011
001010111010011
1010101000111011
001110110000011
00100011011010
1010101101001010
1000100000001011
11010101001101100001011
1001111101001010
101010100011011
010101010011010
0000101111001011
10100100001010
101001001001010
010110101001011
1001101000001011
0010101010001011
10001011101011100101011
000010100101010
0010111010100101010
1000010110000
0010110011101011011
000010000101110
000110110000001010
00001110011000101011
0010011010101010100
1000101001011011
0010001011111000011
10100110101000101010
00100100101000001010
00010101000100
0000100001110101010
0001110001000101110
00111100101000001010
1010011000000
0000010101010001010
001010100001011
0001010100000100
1010101010101010
1010011010100011010
000100101011
101011100010001010
0011101110011011
10010110101010100010
000000101010
00010100100010010
1001101110001101
101000000010
0101101010001010
1010101011001010
010011001000001011
10001010
000010001000100
1010001
110001000101101
1110100
1000000100100100
10010101
110010100010100
0010001
0001010000101101
11000100
010110100010001
10110001
1000010010100100
100001
0000000101100101
1010100
10001000100101
10101110
000010101001011
00000110101010101010
000011001010001000
100011000000011011
00001010010110
0000111010000001010
011010101000000
0000110010101000100
010001000001011
0000110010100101000
0000010010000001010
00101101001001100
1011101110011010
00001011
10110000001011
1000111
0100101000101010
10101011
010101010011011
11001010
1000101110001010
000101
100101100001011
00101110
10100010001110
00001010
011010100011010
01011010
1010111001011010
10000010
0011101100001001
00101011
101101010001011
11011010
000101010001010
10001010
010010100001011
10101111
001010000001010
10101010
1000101001011011
0000100
1000101100011010
00101010
00100110100010
10101011
10010100101101
10001011
1000101000001011
01001010
1100101010001010
01001010
1010101010101010
01001010
1001101010001010
01001010
1011111000011011
01001010
01001010000001
01001010
1010101011011010
01001010
100010101100010
01001010
1011101000001011
01001010
101010101100011
01001010
1100101011011010
01001010
100010010001010
01001010
001001010101010
01001010
000010010011011
01001010
000010010011111
01001010
1101101010011010
01001010
0101101000111011
01001010
1010101101001010
01001010
1010011001001011
000001010001010
0100100000101011
10001010
000010100010010
0001011
001010100101011
00100100010010
1100101010101011
1011101
100010100001010
00001010
100010110010010
01101010010010
000001010011010
10001010
0000101110011010
1010100
010010001001011
0010101100001010
0001101010100010
10101011
001001010001010
1010100
10100010111011
000010100000100
00001010001010
110010100010101
010010111011011
000010101000100
0010101000001011
1000010
110010000001010
0000011
01010111001011
10001010
1100101000111010
0010100
001110101011010
00001010
0001101000101010
00001011
101010100101010
10001010
0000010000100
1010110
001010010010010
00101010
100001010101010
10101011
101010100001011
11111011
0000101010001010
00001011
0100101100101010
00011010
0010101010101010
00001011
10011010101011
00101011
0010101100101010
10001010
101010101001010
10001010
1100101010001010
00111010
010010100101011
10101010
101010100101011
00101010
1001101100001011
00011010
0000101010001010
01001010
100010010001010
00001011
1001101010000010
1000010
1001101010001011
0010010
0000101100001010
01011011
1000101001011100
01001010
0100101010011011
00110010
0001101010111011
0001010
001001001011011
00101010
1000101001011010
10001011
0101101000100011
00001010
110011111101100
0001010
101011001001011
0000011
1010011101000
10111011
000101110010010
0000011
0000101000011010
1001010
000010111010010
1011001010101010011
10001100101000001010
100000010100011010
100000101101011
1010100
00100100011011
10101010
1100101010101011
0101010
101001011011011
00001010
1000101010011010
00101011
10000010011010
10101010
00011101001110
0100100
010101000101010
1011010
001101100011010
0011010
1000101000001010
10101100101001101010
1001110001101000
1000001
100100010100011
00000000
00110000001100
11001101
000110010100101
00101000
0100100000011001
10001001
100000110101011
00000101
1000110110011100
10001010
0001001001011001
00001010
110010000001000
0010100100101001
000101001001010
001111
000010101001010
0001111
1011101000001011
1001010
0010111100001010
10000011
001101011001011
11001010
1000101011001011
00101011
010010110001011
10001010
00100000001011
10001010
1000101010101011
0010010
1010011010000000110100
0010011010000001010100
000010000000101
10000101
0000110011001011
1101100
10001001000001
00100100
00001000000101
10100100
0011101010010101
11010111
001101001000111
01001000
101001111000100
10010100
010100100000100
00010111
00100000100000
10100100
001110100101011
10101011
000001110001010
10101010
10000100101010
1001010
01010100011010
11001010
1010101000001011
1001010
0011101100101010
10001011
01110000101010
10001010
0010101100101110
10001010
000010101010011
10001010
0001101010101011
00011010
0001101011000010
10001010
1100101101101011
0110110
00000100011101
0001010
001010100001010
00001011
1100101010000100
00101010
11000001000
10110010
10001010010100
00001010
000010100001010
1000010
00011010011011
0010101
1110101000001010
100010
0101010000111010
00011010
100000100101011
10101010
0010111000111010
1100010
100101000010010
00111010
0100101010011010
00001010
0010101010001011
00101011
0000001010001010
0010010
00100001001011
10001010
100010100011011
10001010
1000001011001010
10001010
1101111000011010
10001010
000110000011010
10001010
0100101100110010
10001010
000010100001010
10001010
1010011010001010
10001010
00100001001011
10001010
10100110101000011101010
00010110101000100101011
10000110101010101100010
00010110101000100101011
1000111010100001100010
00010110101000100101011
100001101010000011101010
00000110101000100101011
10100110101001010101010
10001110101000100101011
000000101010011
10101110101000001010
1100011010101001010
0010011010010001010
0000101011001011
00001110111000001011
1100011010101001011
00100110101000001011
000010100011010
00101010101000011010
10101010101000001010
000001101010100011
0001101010001010
1100011010100001010
00100110101010111011
10000110101000001010
001000101001010
00101100101110101010
00000110101000001010
0010010101100101011
11100101000011
0000110101110101011
10100110101000101011
0000110101000001010
1100101111001011
00011110101000001011
101111001010000011
000110101010001011
10011101100011
00111010101000111010
10111110101010001011
000011010101000100
001010111001001
011001101010100
000010111001010
001110110000101
001010100001011
00100110101000011011
00001000101011
10001110101011001010
00011001001100011
1000100101000111010
000101010011010
101010010101001011
010011010100000010
0010101010100011011
10110010011010
000100100010001010
10001110101000011010
101001100010000011
000101001101011
001001000111000011100
100101010101011
100110110000101110101011
010010001100011
1011110100001011
1010101010001011
1010101000101010
100010100011011
10100100100010
1010010100011
1010101000001011
010101001011010
10000001100011
01000101101011
000010100000100
110010100001011
0001011
0001000000010
1010011
101001010001010
00001010
0100100001010
1001011
01001000000010
00111011
11000000010011
0010010
1001100001011011
1110011
00010011001011
1000010
10101000111010
10101010
101010100001010
10101010
110010100011100
00111011
00100101001010
10100010
01011100001010
00001010
101010100010100
1001100
0000101100011010
01001010
000010100101010
0001010
0010001000001010
00101011
0010101010001010
01001010
0000101010101010
00101010
1010101000001011
10001010
001001010111010
00001010
0011101000001010
0111010
100101000111011
1001010
1100101011001010
1100100
100110100001011
10001010
100010100001010
10101011
00110110000010
0000010
0000101100001010
10101010
000010101000010
00101010
0000100000011
0101011
1001101010101010
10001011
0000101011010
1001010
001010101100011
0010101
110110101010010
10101010
10010100000111
11001010
101010101101101
00101010
0010101011011010
10001011
0000101100011010
00001011
1000101110001010
11011011
001010100011010
0000100
1000101011011010
1000010
000010111001010
0111010
010010101100101
10001010
1000101000001010
10101010
101101000101011
10011010
1110101000000010
10101010
010110100100101
10101010
100010101000100
01001010
1010101011001011
0000010
001010100100010
1010011
100000101011
1001011
0110101010011011
01001010
101001001001011
10001010
000010100001010
10001010
000010100100110
00111010
10011001010100
00101011
1000101000101010
0101011
0000101010001010
0101011
001001100001010
0101111
00000101001010
10111010
100001111011010
10111010
000101110001010
10111010
110110100110010
11011011
100010101001010
11011011
01010000000011
11011011
00010100111011
00101011
011111010000100
0000100
000010010000100
0000101
010000010101010
11001010
010010101001110
10100010
1010001010001110
11001010
100101000101010
01001011
10101010100010
00101010
00011000001010
10101010
0000010101001010
11001010
010101010011010
01001010
010101001011010
01001010
010101010011010
01001010
001010100101010
100110101001010
000010101001010
1000101001011
1000101100001011
01010010001011
101010001001011
100101000011011
0100101010001011
1001101000101010
101010101001010
10010010001010
00001010000100
000001000000101
010001100001010
001010110010100
0100101000001010
0000111000001011
00100101010010100100
000010010010101010100
1100110010000101010100
100010010000100110101
0010010100010000100
00000110100000000100
00001001000001110100
00001001000001100100
000000010010111100101
101011001000000110001
1010100101000011000
0010011010110100110101
0000110010000001100100
10101100010000110101
0000110010000110100100
100011001000000110101
010101101000001100101
101001101000010111001
10011101000111110100
00101001000100110101
010101010010101010100
011100010101101110101
010100010011010110101
1101110010001000110101
1000011010110000110100
001000010110010110101
011001101011010000100
1010111010100101101100
10000100100010000100
101001010010110100100
00001001000101100101
0000110010011001100100
001011010000100110101
0000010100000100100
000111010010000110101
00011001001101100100
101011001010100010100
000101001010100100
101000100000000101
001011001001000100100
10100000000000101
00101001010010000110
0011010001100
00101100101100001110
101110100001011
11000110101100001010
0100100011010
000110001011001010
0001101110011011
10000110101010001011
0010101010001011
0010110010111010011
1000101010111010
0101010010101001010
00110101001100
00010000011011
0001101011001011
10100110101100011010
00000111000010
0000111010110000011
00110110101010101001101010
0010010111010001101011
1000001000001010
010101010100101010
0010101000001010
1010001010010101010
10001011101000010101010101
00001010101000000011010100
01011100010101010110
000111010000000110100
00101010101010011010101
10010010000001100101
0010101100111011
011010101010
10010100011010
010001001011
100010110001010
0001101010
0101010001100
101010101010
1110101010101010
001010101010
01010001001011
000010101010
10010100000101010
1010010
00000000100001
010010101010
001101101010010110
01001010
00010000010101010
00011011
010101000010101011
10001010
0001101010110101010
1001101
0100100000010
000101010110111011
0010111010100001010
1010110001001010
00010000001011
1010011001011001011
10100110101100001010
00100110101110001011
10010011001010
1010110010100011010
11000110101000101010
00010110101000101011
100011010010111
0000000010111000011
00011010101011001011
10101110101011001011
10010010000001100100
10000100100010110001
1010110010010000100100
100001101000001010101
100011101000100110101
00001000100101110101
11011100101000010100
101011001000101100101
0000011010001000010100
100010010110101100100
00001100100010111001010
00100110100101011001010
1000101001001010
1000101101001011
101011001011011
101000010001011
100001100001010
100001010011011
001011010100000110100
10001101000100110101
0001111010000100110101
000010010000000110101
1000110010000100001010
1010011010000100110100
110010011001010
0000011010100001010
00000110101000000010
00101010101000001010
100001101000011
10001010
10000111101010001110
0000111010100100011
10000001111010
100110001000011011
00101100000000100
00011000010011010
00100101010100
1000000101011001010
00001010101010001010
00001100101010011010
0000101000011010
00100100000001010
010011010011001010
1010010101110001011
010110110011011
1001011010100011011
000110101100011011
0000010010101001101
10000100000010
0000100000111011
10100001000001110100
10100110001100110101
0000011010010000110100
1100111010100100110101
1010011010000001110100
00000001000001001100
100101010101010
10111010
100101100001010
10101011
100010100001101
10001010
011101101011010
00101011
100010100000010
00101011
0101101010011010
00101011
00010111001011
00001010
10100100000100
00001010
100010100001010
00011011
00010110001011
0000101
00011010000100
00100010
1000101010101011
00101011
1000101001101010
00100011
001011010001011
00011011
100010100001010
0000011
0010101000001010
00001011
0010101010000010
0101101
1010010000101
01001010
11001001101011
10001010
1000101100001111
0101101
101101000011011
00101011
010001101010100
01001010
101010100010010
1010100101100001010
100000000001010
11010110101000001011
000010100001010
1010010010100001011
1000101100001001
1000000101010101011
1101111010101010001010
000010101000001011
000110110000100
10100110000000010
0010010101000000110
1000110010100100100
100010100011001010
10100010
0010110010101000010
1000111010000001011
010100000011
0010011
1100110010000101011
0100011001010001010
001001101100101000
0100110
00100001010000100
00000000010100110
0001101000001010
000110100100010
0010101010101010
00101010
0000101111011011
10101011
1100101100001010
0100100
10110000001010
11011010
000101111001010
000010
1010101000001110
00101010
100010010101011
1000011
100001010101011
10101011
101101000101011
01001010
000010000001110
00101010
101010111000100
01001011
0001101010001010
00001010
1010101100101010
10101010
100010000001010
00001010
1000101000011010
00100010
1010101010001010
0001010
10001000001010
00101010
001010100101010
10101010
0110101010101010
00001011
000010001001011
0000100
010010001011011
1000011
010010100101011
1100100
010010101100010
10001010
010010000011010
11001011
0100101111001011
00101011
010010100001010
10001010
0110101110101010
11001011
01100101010010
1100110
000010100000010
10100011
001101000011010
01011010
1010101111011010
10001011
100010000101010
10001011
1001101111011011
10001011
1000101101001010
10001011
00001110001010
10001011
10001010000101
10001011
10001100111011
10001011
100101010101010
10001011
000101011011011
10001011
1000101100001011
10001011
1000101011001011
00101011
1010110000100011
01001011
000110010101010
10001010
1000101011001110
0010010
1001101000001010
11001010
1001101011001011
00001010
100010100000010
1100010
010110011010010
1000101000001010
0010100010001010
0100101011001010
1010110110101010
1010011001001011
000000101100011
001010001001010
0100101010101010
0000010
10000110100011
11010010
100001010001100
11011010
10000100011011
10001011
1011101010101011
10001011
0001101010101010
10101011
000010100111010
10101011
000010000011010
0010101
001001010101010
10011010
1010101000101010
10001011
1001001010101010
1110100
1100001010101010
00100110
110001000100011
0001011
1100101010001011
10001010
0000101010101011
00101010
1010101000101011
10001010
000110101010010
10001010
0100101010001010
10101011
0000101100101011
0000101
1000101000001010
0001101
0010101010001011
10101011
1000101000101010
11001010
000010101011100
00001011
10011000011010
1100011
100101011001010
00101011
001010100010011
10001010
10100110100011
00101011
101010101010010
100011010
0010101010100010
0011010
1000101000001011
10101010
1010111000101010
0101010
0110101010101010
01011010
110110001011010
10001011
100010101010100
01101010
0010101000101010
01001010
1101101000001011
1000100
000010100001010
00000010
000010111010100
10001011
0000101000001010
00101010
1110001010111010
10001010
000010101001011
00001010
100010000001010
0011010
100001000001010
11001010
00000100000010
10101010
1010101110101011
00011010
100010101100010
11001010
110110100001010
00001011
1010101001011010
0000100
110011101011010
00101011
0010101010001011
10001011
1101101110100011
01001011
1010101010101010
00011011
0010101010111010
10011010
110110010011010
01001010
0010101010101010
00111010
1100101100001010
00001010
100010100000101
00001010
100010100001010
00001010
00011000010010
10011010
1010101110001011
00001011
0000101000001010
00001010
1010101000000011
00101010
0110101110101011
0000011
0010001110100010
00001011
1101101001101011
00001010
1000101000101010
10001010
1100101010111010
1100101
001010101000101
10000010
00100101110001010
10101010
00000101001010
1010100
000101011011011
00101011
11001001100010
00101011
1000101000001010
00101011
1010101000001010
10001011
0010101000001011
10001010
110010111000100
00011010
0000101010101010
00001011
10101010001000
01101010
1010101101001011
00111010
1100101000101010
1010010
011000000101010
00001011
0110101011001010
0010010
011010100101010
10001010
010010101000010
0010010
0101101000101010
1000011
0110101011011011
11001011
00101011000010
10001010
0100101010101010
0101011
10000010101010
0010010
000011110101010
00001011
101010100010011
10001010
1100101000100011
00101011
001010101001011
10101010
1000001000001010
00101011
1010101000101010
10100011
00110101010011
00001011
1000101000001010
00101010
1110001001011011
00000011
0000101000100011
10001010
0110101110011010
00001010
1000101000101011
00001010
1100101100001010
10001011
1000101000001010
10101010
1000101100101010
01101010
111001001000000
10101011
00001010101010
10101011
1100101000001011
10101011
000010010101010
10101011
000101000101010
10101011
1100101000001011
10101011
10011001001011
10101011
00101000001011
0010011
100001000101010
00001010
101001011011111
10001011
1010101011001011
00001010
101000010001011
00011010
11001010111001011
11011011
100010010011011
00010010
110010100001011
00001010
100111000001011
11001011
1100101011011010
10001010
101101011001011
1001011
000101010001011
10000011
101010100100100
00101011
0010101010001011
1000101
000001000001010
0100010
1000111001011010
10001010
10000101011011
0000011
00001001100011
10101010
0010101010001010
0011100
101101010001010
00111010
000101000010011
10001011
000001010101010
00001011
0000101000001010
00111010
000010100001010
1001010
000010011001010
10001010
000010100100010
10101010
000010111011011
1010101
00111011001010
10011010
0010101010101010
1100100
100001010100010
1010101
011010100101011
10101010
11000101000011
11001011
000110101001011
10011010
001011100001100
00001011
01001000000011
10111011
100010101100010
00001011
1100101100011010
10001011
111010110001010
10101010
001101010101010
0001100
0010101010011011
1100100
10101010011100
10010010
10010100010110
00011010
1010101000001010
10001010
110110101001011
01001011
0000101010001010
01001010
000001010001010
0010010
110110100011011
00001010
0101101110001010
00101011
1100101110011011
0000010
0001101110101011
00001010
000010011011011
01001011
1001101001001010
1000101
000110101000010
01001011
0000101011011011
01001011
0111101010011010
10001010
00010100011010
10001010
0110101010001010
00101011
0101101011001010
00001010
0100101011001011
10001010
010101101001010
1001010
0100101001011010
00001011
011000100000010
0000011
01001010100100
01001010
0110101011001010
10001011
0101101011001010
00001011
01010000100011
00011010
01000100010010
00101010
0010101010001010
0000101
1100101010001010
0010101
0010101010101010
1000111
0010111010101011
10011010
000101000101010
10001011
1000101010100011
10001011
0110001001001011
10101011
000010001001011
10101010
1001101011001011
1000011
000110101000010
01001010
1001101001001010
00001011
10000011000010
10001011
101001110001010
1000010
1000101011001010
01001010
000110100100101
10001010
1000101010100011
00011011
010101011011011
00101011
100010101100100
10110010
001010101000010
01001010
0000101000001011
00101010
1000101010100011
00101010
1100101100011011
10001011
0000101011001001
10001010
10001010010010
10111011
1000111000101010
00001011
100010101101100
00001010
000001000101010
11011011
1000101100101010
00001011
001001101001010
01011010
1100010101000011
1010010
10010101101100
00011010
1001101000101010
10101010
101010011001010
00001010
1010101011001010
00111010
1010101010001010
00001011
0010101011011011
10001010
0010101110101011
0000010
100010100011010
1001101
1010101110001010
1010010
0000101010001011
00101011
0000101000101010
10001010
10110101000010
0000010
1000101010101011
11001011
100010111011011
00001011
01000100100100
11000010
1000101100001010
1100100
0100101001001011
01011010
1100101000100011
10001010
1100101011011010
11001011
1000101011001011
00001011
0100101111001011
0100011
101010101101100
00011011
100110100001011
01001010
00110100001011
00001011
001010101000010
01001010
0001101100001010
00101010
001010000101011
00001011
00100101001010
0001011
0010101011011010
00011011
010110101010100
01001011
1000101010101010
00101011
1011001010010
10001011
101010111100100
0000011
0100101010001010
00101011
100010111000010
00101011
1000101100101010
00100010
0011101011001010
10111011
001010001001010
01011011
000111000001011
10101010
10100111000101
11001010
100101100111011
100001
1000101000100010
00001011
11011010100101
00001011
0000101011001010
10101011
0101101001001011
00001010
110110101001011
10001010
110010001001010
10101011
110010101100101
10001010
000010100000011
01011010
0100101010001010
00101010
1000101010011010
00001011
11001001001010
00100011
0000101100001010
10111010
000101000101010
00001011
0000101010001010
01001010
1000101000001010
0010010
1101101101001011
00101011
010010101001100
10011010
1010101000111010
0101101
10010100111011
1100100
1000101000001011
00101010
10001010101100
00011010
1010101000001111
10001011
1010101001001010
0000011
1001101011001010
00001011
1101101010001010
01001010
10001001001010
0011011
1001101001001011
10001011
0010101000101011
00001010
1010001010001011
00001011
1010101010001010
0000101
10001010000011
10001010
10100100010010
00001011
000001010001010
00001010
001010000101010
00001011
1101101010001010
01001011
001010011001010
00101011
1000101010111011
0001010
100010000001110
10100110
000101000101011
00101010
1010101100101011
10001010
10101000001011
10101011
0000111010011010
00101010
001010010101011
10101011
100111100001010
10001011
000001000101011
00101011
100001000101010
10101010
101010100001011
10011010
101010101000011
0001011
1010101000101010
01001011
10001010001010
00011111
110010100011011
01001010
000001000001010
00101011
110001000001010
1001011
000010101000010
11001011
0101101110001010
00101011
1101101101000010
01001010
100010100010011
10001010
1000101001001010
10011011
10000100010010
11001110
010101010101010
10001010
101101110001010
11011010
1000101010000010
10001100
1000111100001010
10100010
101010100101011
10101011
10101001101100
00001011
1000101000100
10101010
000000000000010
10101010
1011101011001010
10111010
001010101100100
11001011
0001101010101011
01001011
0000101000100010
10101011
100001110101011
0011011
1000101110011011
0000100
1100101000011010
1001010
1010001000001011
01001010
0010101010001010
11101010
110010101010010
00101110
010110100101101
11011011
110001100100011
10001010
0000101110001010
00111011
1000101100100011
01001010
100101001001011
0000010
1000101010101010
00001011
101010000000011
1000010
101001110001010
00101011
10001010010011
1001011
101000110010010
10100011
00011000010110
10100011
010110001001010
10100011
0100101010011010
10100011
1010101001001011
10001011
1000100100100
1011100
001110000111011
10011111
110001001001010
00001011
1000101111001011
00101011
0010101110101011
11011010
11001100101011011011
0010011
0010101001011010
1000011
10001011000100
10011011
100001010001011
10001011
1100101001001011
10101010
110010101011010
10101010
001010100101010
00001111
101001110011011
00001010
0100101010101011
10001111
10001010101100
0001010
1010101000101110
00001101
000010101100010
00011010
0000000010100
10001010
10010101101100
11001011
1010101000001011
00001010
1000101000001011
0011010
0000101000101011
0010101
1100101010001011
00001011
1100101010001010
10101011
1101101100101010
0000010
00101000010010
00011010
1001101000001010
0001011
0001101100001010
00001010
11010100001010
01001010
100010101010100
10001010
00010100100010
00101011
11011010100100
00001011
100001111011010
00001010
0010101000001011
01001010
1000101010011010
00101011
01010101000010
00011010
000001000101010
00101010
0010101010101010
0011010
1001101110001010
10000010
00011010001011
10010011
1000100100100
00101011
1100010101001010
10100100
000010000101101
10101100
00001010010010
00101010
000010101000010
0000100
10010100000100
11001010
1010111011001011
000011
0110101011001010
10101010
0101101010001011
10001011
001110100010010
11001010
1000101010011010
00111010
10000101001010
00011011
1100101000011011
10101011
0100101010001010
10001010
0000101100001010
10101011
0101101000001010
00101011
00010101010010
0000011
000010011011011
00000011
0000101110011010
10101010
1100101000100011
10001011
1100101000011010
10011010
1010001001001010
1100100
0101010100011
10101011
1001101010001010
11001010
101010100001010
11001011
000010100001011
00001011
110001000101011
1000101
010110101001101
00101011
110010100101010
1001011
100101000110011
11001010
001010100101110
00101010
000000100000101
1100100
10101010001110
0000010
1010101010011010
00001010
101001011001011
01001010
1001101100101010
0100011
100010101001011
00001011
1101101101001011
00001010
101101010001011
11011010
00001001011010
10011011
00000000101010
00001011
100010100001010
1010011
101110100001100
10001010
101001010101011
01001011
0101101100001011
00001011
1100101100001011
00111011
101010000001010
10101011
1100101001101010
10001011
101001100011010
01001010
110110101000101
10101011
1101101011001010
10001011
110010110000010
1100100
110001010101010
00001010
110010001001011
10011011
100010100001010
11001010
11001010011011
10001011
0010101101001010
0000100
1000101110011010
10001110
000001010101010
00101011
0010101000001010
10001011
1010101000000010
00001010
010010100100100
10000010
0000101100001010
1000100
1100101010001011
00011010
000010110000011
10001010
0000101111011011
0000100
001010101010010
11001011
00001000000011
00101010
100110010001010
01001010
1010101001001010
00101011
100110100101010
1010011
100010100101011
10001010
10000100101010
10001011
010001010101010
00101010
11000100010010
01001011
101010101010010
1010010
0000101101101011
1001010
110010100001010
0011010
0000101010111010
10101011
0000101010001010
0010010
1000001010111010
11001110
001101010001011
00101011
1010101000011011
1001011
1001001101100
10101011
10100101000010
00001010
00001010000010
00011010
100001000001010
1010010
0010101010001011
10001010
110110100000011
0010011
011010100000010
10101011
101101010001010
110000
01011000100011
1001011
100110100100100
10101010
100001011001011
10101010
010010101000010
01001010
0100101000101010
10101010
1010101010101010
0010010
00001001100011
00001011
1000101010101010
10001011
000101010101010
01001011
011010100001010
00101011
01000100010010
11001010
0000101011001011
01001010
0001010100001
10101010
0001101000101011
00001010
000010100001011
00001010
000010101101100
00011010
1000101101001010
01011011
0000101100011010
00001011
0001011010000
00101011
000010111000101
10000010
1100101010011010
00001011
1000101000001010
00001011
001001001001010
11001010
0000101001001010
0101011
001010100101011
0101011
011010110010100
0101011
10101010100100
101100
0000101101101010
10001010
110010100001010
11001010
10111010100100
1011010
1100001010001010
10001010
1000101011001010
10001010
101010101001010
10001010
1000101101001010
01001010
100010100001011
00101010
1100101000001011
00001010
0000101110000010
10101010
001010100001010
00101010
10010100001010
00001010
01010111000010
00101011
0101101010011010
00111011
10110000000000
10000101
000100000000110
01000000
00100000100100
10101011010001
00011101011010
00001010
0110110001001010
10101011
00100100000101
10101101
11001010011011
00101010
101001010011010
01001010
110001000011011
00101011
1100101010001011
00111010
1100101010011010
10001010
110001001001010
1000101
11001001010011
1001010
010010111000010
00101011
0100101011001010
01011010
00010100000110
10101010
010101010001010
00101010
00000111011011
10001011
010000111000010
10011011
000101101011010
10001010
000101010001011
10011011
110001010101010
00001011
1100010100100
0011010
0010101011001011
11101011
110010000011011
0000010
1000101010111011
0000010
100101010111011
0000010
000010010101010
00101011
0110101000011010
10001011
101010100111010
00100011
1010101000111010
1000101001001011
0100101000011011
0000101010001011
1000101
0100101010111010
00001011
1010101010011011
11011011
1100001010011010
00011010
001010000111010
01011010
0010101100011010
01101010
1000111010011011
0101010
1000111000001010
00001010
1010011010111010
0000101001001010
0000000101001010
0001010
1010101010101011
10111010
1001110101101010101
001010101
001001011001011
0010100011001010
010001011001011
0010101000001011
101001100100101001010
11101100010101101001010
101111001011101011001010
10100110101010011100011
10100001010001011001010
10100110101110100100010
101011001010101011001011
001011101010001011001010
000111001011101001101010
001001101010101011101011
001001101010001001101010
00101110100101001101011
01011101010001011001111
000011101010101001001010
10100001010001001101010
0010110010100100110100
10100101010001001101011
00000100101010001101011
0000111010010100110101
0000011010100011100101
10100110101000101110011
11001100000010110010
101001001011001001001011
110001011011110001101011
001001101010100001101010
110011001010001001101010
001001101010001001101011
001001001011001001100011
10011100101110001001011
1000110010100110001011
000101001010010011001010
00101100010001011001011
00101100010101010001011
00100110101000001001010
00101110101100000110101
001011101011100000101010
000011000010101100101
101011100000001100101
0100111010111001100100
1000111010100001100100
100010101000001000011
00001101010001001101011
1010011010100000001010
000100101011100001101010
001010100100001101011
0000100111000001101111
101001101010111010101010
10100110101001001101010
1010010101000001001010
100010101010001000101110
10101110010011011101010
00101100010101011101010
111001101010001001101010
000001101011010011101010
1010001101100101001011
000011101010101101101010
10101010101001010101011
10000110101001011001010
101011101000001110101
0010111010000110110100
00100100010001001001010
1101011010100100001010
10101001011100001100011
101001101011101011001010
01010110100101011001010
101011001010000011101011
10001100101010001001011
0000011001100000101010
10101110101110100110100
10101110100101011101011
00100110101010110100011
010111010100100001010
10001101010101001101011
10100101010001001101011
000011000011001011001010
00001100010001011000010
001001101001010111001
001001010000101100100
10101101010001011000010
001011101010101011101010
00101110101001001101010
10101110101010001100011
11100001011000101101011
000011101010010011001010
10001101101010101101010
10101100101010101100010
1010010010100101100010
00101101101000100001010
00100110101010110101010
10001100101001001101010
0010011010100000001010
001001101010001011001010
101011101010000000101010
000011001010101001101011
000011000101011101011
11011100101000011101011
000011101010101001101010
01001100010001001111011
000001101011000011001011
10000110001010001011011
101001101010100001101011
10100110101000000110011
10100101010100011001010
001011101010101001001010
10011001010100000100010
000011101010111000101011
00001001010010001101010
10000110101001001101010
10100110100001011101010
0000110001010001101010
10100110101001100001010
00100110100100011100010
10100110100000001101010
000011000100011110010
101001010100001101011
100101101010101011001010
100001100100000001010
001001001010100000111010
1010110001000011101010
00000101010000001010
00010010101001011101010
100010100010101111001010
1000011001000011001011
10101110100010011101010
10100101010100011101010
10000110101010101101010
000011001011000011001010
101011001010101011101011
100011001000000010110
0010110010000101110100
00011100101000011101011
101001101010100011101010
101011101010001001101010
00011101011100011101010
10100110101000101000100
1010000100011011101010
10100110101010000001010
1010101010100100101011
010101101010101001001010
00001101011100001001010
1100100010101001101011
00101101010010001101011
0010110001000000110010
1010000101010001110100
001001010001001101011
001010101011010000101010
0010111001010100110011
100101101010101001101010
0010011001001011101011
000010101010100110100
10100110100101001101011
0011100101010001110010
001001101011001001101010
101011101010000011101010
10011001010001011101010
1101100100100001101110
000001001010001001010
0000001010000101111110
10000110101000001101010
10101100101010101101011
00101100010101001101010
10100110101001001101011
100001101011101001101011
10101110100000001101011
00101110101010001101010
001011001010101001101010
101001101011000011101011
00001001010000001101011
00000110101001001101011
000001001010000011101011
00101110001000100110011
11010100101000011101011
10100000101100010101110
111000101001011101010
10000101010100010101011
100010101010101010101011
100010011100001001010
00100110101101111101100
11000110010100011001010
01000110100000001101010
0000101010100001101010
10101101101000001101010
00100110101001001101011
101011001010100011101010
0000101101001001001010
10000110101001011101010
00100110101001001101010
00100110101001110001010
000001101010101001101010
100001001010000001001011
00010110101010011101010
00010100010001001100011
1001110001001011101010
101000011010001011101010
001001101011001001101010
1000011010100000110011
00011100100001111001010
001001101010001100001010
000011001010000011101010
101011001010001101101010
1000110010001000110100
10100010000001100101
101001101010001001101011
1000000010001001101011
10000001011001001101011
110011001111101001101011
000101101010001001101010
10001101010001011000110
001001101010000011101010
0000011010100011001011
1000011011010100100100
0010111010101011000100
10001100101010001001010
10110110001010010001011
10100110101000001010011
10011001010100111001010
10111100101001011101010
001011001010101011001010
0000110101101000110010
101101101010101011001011
1110011010010100110111
001011001010101001101011
101010101011000011101010
1000111001110101010011
000011010000100110011
000101111010010110100
000001010000000101010
0010110010100000100011
001001101010000011101011
001011101011001011101011
10000110101000001110011
101011000100010000010
00101110101000011101011
0010101010101100010010
001001101011000001101010
11001001010101011101011
1000110101000111101010
101011101010001011101010
1010011000100001100011
100110010100000110100
10101100101001011001011
00100001011001011101010
0010100101001001110100
00001110101010110110100
00101110101010001100010
1100100101100101110010
1100100101000001101010
0000111010100100101011
10000110101001011001010
00101001010100001101010
1000110010100010010100
0000010010000001100100
0010111010010000110100
10101110101010101100100
0000011000000001100001
0000101000001001001010
10101101010100011101010
00100110010101001101010
101001100100111001011
00100110101101010110010
00110011010000001001011
10100110001000100101010
10101101010001001101011
01110010101100101101010
00001010010100101101010
01011001010100011101011
111011001010101101101010
101001101010001001101011
00100110110000001101011
10100110101110101001011
0010000101000011001010
100011100010001001101010
10100110101001011101010
001101101010001001101011
000011101010100001101010
1010011010010100101010
10001100011101011001010
10001110101101001001010
00000110000000001001011
00001110101001001001010
1011011010100101110010
10000100101010101100010
00100110101101000110010
0000110010010111101011
00110110101100100110010
1010111000100011001010
010001001010101001101011
0011110101100110110010
10100110101010100110010
00100110101010101101010
000101001011001011100011
00010110101010010110101
101001101010000011001010
00000110101100100101010
10101100010101011001011
10101110101100100101010
10100101011100101111011
10001110010001011001010
101010010111000110100
000011101010101001001011
01010110100001001110011
01001101011010101001011
00111000010001101010
010010101000001101011
00100110010101001101010
10100101011101001101011
001001101010001001101010
000001001011000001101011
10101100101010100101010
101011101010100001101010
1001000101000011101011
10000110101010011001011
01001101010100001101011
0011100111010001110100
01001101011000011101010
01101101111100001101010
100110101010101101010
001001001011101011101011
10010101011000001101010
101001101010101001101011
00000110101001011101011
101001101010100001101010
11010001011001000101010
10100110101010001001011
11001100010001011101011
0010000101010000101010
00100110101010000001011
10000001010000011101010
000011010101000110100
001011101010101001001010
01001101010110111101011
10101110101010011101010
00101110101000000110010
0100110101000001110010
01001101011101001101010
001011001010101001101011
101011001010000001101011
0010011010000101010010
000001101010101001101010
0100100101010100001011
010010101010101110010
000001101010101001101110
1010110010111010000011
101001101011000001101010
000000101010000110010
1010011000100010110000
1000010101010100110011
001011101010101101101010
1000000100100101001010
00100001010100011101011
101001100000011011011
1100010001010101110100
1011110010110100110101
000001001000101100101
01011000110101100100
1000011010000010110100
1000100100100010001
10101110100100000100
0010110010010001110000
101011001000010110000
0000110010010000100101
1000110010010101110000
1100110010000100100100
1010011010110000110101
01100110010000100110100
001001101000001100100
001011001000010000101
10100110100010110100
1010011010000101110100
0010110010000100110101
1000110001011010101
0101100110010100101
0010101010110101010101
0000100100000100101
001010001000001100100
010011001000010110101
0010100010100000110101
0010111000000010100
001010010010001110101
10110110011010011001
00001100000010001100
1010001010010011110101
00001010100110000101
0010011010010001100100
0010110010110100110101
10110101000000100101
01001010010100110000
10100110000110010100
000001101000101010100
00000100100101010100
001011010011110100111
000011001000101011000
11000110100100011001
1000010010110100110101
1000111010010000110100
000111010000010110100
0001011010000101100001
10001101001000110101
0010011010100101010101
01101000100100111001
100011000010100100100
0000010010000110100100
1010011010000001010100
101001101001010110001
0000010010000101110101
001001001010000110100
110011101001000100100
101001100000101001000
0101110010000100110101
0100010010001100100101
0000011010100110110101
000011101000000010100
101001010010100110100
10100110000010011001
001010010011100100100
10111100000100100100
1000011010011001100100
1010011010110100000101
10100010101100011100
0010011010100100110100
001001001010011011000
0010011010000001110100
00100100001000110101
000110001000000110101
11100110010010101110100
0001010010011001110100
0010011010001100110100
010011101000001100100
110001001000010010101
10001001001101100100
100011101000000100100
101011100001000000100
010011000101000100101
0010011010000100101101
1100111010000100110100
0010011010000101110101
0100010010011001010100
10001000000010000100
0010110010010100110000
001001101000010110100
10100110000000110100
000001101010001110100
100001101100110100100
110101101010010010100
001111011001000000001
10110000000001010100
111000101100001000110
1010011010010111010101
10001101000101100101
10000110100000110001
110100011000110110100
001100010000100110100
100010110010101110101
1010011010010100110100
11011000010001110100
0011110011011010100100
1001110010000101110100
1010110010010101110100
10100101000101110101
00000001000101110100
101001001001100100101
10001110100110110101
001001101000010010100
0010011010010101110100
00011100100100000100
00101100101100111001
1000000010000010100100
000001101100000110100
101101101001101110100
001111001100000110001
100101001011000110100
0010010010010001100100
101011010001001010110
110100010011001110101
0011011010011010110100
110011000111001110100
0000011010010000110100
001001101000010100101
001000010010001100100
000011001000111100101
1010010010010100110101
000011001000010110101
10101100100010000101
101001100000100110101
100110010010001110000
1101011010010000100100
1010110010000100110100
0010011010100100110100
1011011010010101100100
001001101000001110101
101011101000100110000
100011101011010010100
0010110010110100100100
001011001001010011000
001001101000100110100
1010111011101100110100
010010010001000101
110001101001011100101
1000001010100100110101
10000001000010100101
11100100010100110100
1000111010000101110101
100001101000000010111
1000110010010001110101
00110001000100110100
101001101001010000101
100011001001010110001
000001101000010110101
010011010000001100101
01000001000001110101
110011101001010011000
0010111010000100110100
0010110010100101110100
110001100010101100100
0000010010000000110111
101000010010101110100
000010010010101110101
000100010010100100100
1010010000010101100000
10110001000000010100
10100010000101110101
0010011010100011100100
0000011110010100110101
1010011010110001100101
000011001000100110101
000111000000000010100
101110010000000110101
101011000101010010101
100011001000001110100
000110010000000110101
101010010010000110100
1010110010010101100100
00001100000000100101
0100010010011000110100
110101010010011100100
010011010000001010101
1010111010000000110101
000011010010100110000
1000111010011001110100
000101000010100110100
10011001001001110101
1100011010000101110100
001011101000001110100
1100110010000001110100
00001101010101110101
101001101101010010000
000010010110100100101
101000010000101100000
001001101000100110101
00010110100000101000
00101010001010010000
1010011110010110100100
10000101000001110000
000000010000001100110
000011010010111000101
000100010010101010101
0010110010000100100100
000011001000010110001
10100001001101110100
001010010010101100101
100011001000000011000
101011101001010110000
001011001000100110101
1010011010010001100100
00001101001010000100
00101100100000111100110
0001010010110001100100
1000111010011000010100
0001011010000100110100
00001100100101011000
1000010010010100110101
00100101011001110101
1010011010000100110100
101001101001011000101
10001110100000000000
110111001000000110000
101111001010010110101
001110011000000110100
001001010100000100100
001111001000011000101
000011010110100010100
0001010010000011100100
0000010010000001100100
0010010010000000100100
00001110100101010001
0101111010101000110101
001000010000100110101
1010110010010101100100
1100100100000010100
100001100010100100101
1010010010000001100100
000001101000101100101
0010011010011010110100
1010011000010000101000
10000110100000010100
1100011000110000100
0101010010101001100100
0100010010000001100101
101011101000000100101
10001011010000001110100
10001010000010100101
10001110001010100100
001001001000010111000
0000111010010001110100
00101101001010010100
000110010000100110101
0000111010010001110100
1000011010100101110101
00011001011011000100
0000011010000101100100
11000001001001100100
101001101001001100101
11001110001001100100
11000100100001100101
10001001011000100100
11001110100000110100
101010001010000110101
101010010011000110100
1100110100010100100
0010001010100100010101
1000111010000001100100
001011001000001010100
0010011000000110100
11101100100111011000
0101011010000001110100
000101100010100110101
0010111010010001110110
0010011010010100110101
1010110010110101110101
0000110010011000110100
1100101011011011
0010101010001011
1011000101010011
0110101010000100
1011000001001010
00001100001010
1000101011001010
0010101010001011
1000101010001010
100110100100010
0000111010001011
11001000010011
1000101010101001
0000001110111011
0101100001011
001010101001010
1000101000101010
000010000001011
0010101001011010
1010101000111010
000001100100011
10000111101000001010
0100101000101010
00101001010101
001010101000101
0010110101010001010
1010101000101010
1010101010001010
101010111001010
000101010001010
001010010111011
1010101000001110
1010101000101011
001010100101010
1100101000101011
101001010101010
101010100000010
1010101010101010
10010010101010
001010101001011
101000101100101
001001100101010
100101100111011
010101100101010
010101010001010
010101000101011
1100101000101011
010001000001010
0000101010101010
0010101000111011
1010101010001010
0010101000011010
010101010100010
0000101011011011
1101101000001010
0010111000101010
001101111001110
1001101011011010
1010001010101010
100010111000101
0010011010001010
0100100
010110100000010
0000010
1001101000001010
1010001000001010
010011101000011
001010100000010
1010011010001010
001010010011010
1000101000100011
100010101001010
1010101100101010
000010101100010
00010111100101
0010101110011010
00100101001010
00100101000010
000001010001011
1101111010101110
000010100001010
0001010010101010
100001000111010
1001101010101110
00100011101000
1000101010101011
1000101010001010
1010001100101011
0000011000001011
1010101100001011
001010000101011
001010111010
101010010101011
001010111011
001010100001011
100010101010
0000101000101010
10101001011
0010101000000010
001010101011
1001101010011011
100011101011
1000101000101010
000010101010
0000101110101010
00101010010
110010100011011
101101101010
110001001000011
010010011010
1100101101000011
110010001011
11001000100100
00100001010
1100101000101111
10000001100
110010100000010
01011001011
100101110001011
101001101010
1000101011011011
00011101111
1000101010001010
100011101010
0100111111001011
000011101011
10100100001011
101100101011
101101001001011
100011001010
0010010110111011
101001101010
000101101000010
000101101010
100010100001010
100001101010
00000101010101
100011101011
10100100001010
10110001011
100101010001011
000011001011
0101101011001110
0000010010
1010101100111010
000010111010
000010000101011
001110101011
1000101100001011
10001010011
0011101010101010
101001101010
0100101000011010
100011101011
101010100001010
011011001010
100010100101010
00001101010
001001010001011
0000000010
00100100001011
000011001011
0100101010001011
101001101011
1011101100001010
100001101011
110010111010100
10001001010
1010101010001011
00100001010
100010100001010
100000001010101010
001001010100011010
1000110001000001011
111000100101011001010
100010100100011
0010011010000011010
100000101000101011
000110001110001010
1000101100001010
000110101010001010
0000110010100001010
011110010100001011
001000111011100
01011100101001001010
1000001000000100
100101100000101010
0011000101000010
1011100101010101110
1010100010000001010
11001100101000001010
1010101000100010
00110110101100001011
0010010000101000100
10001101010100100
11000101000011
1000101110100100010
101001100100000011
0000111010101000011
10000010101000001010
0011101000101010
101000010111010010
10010110101000001011
1010011010100010011
100010111001010
10110110101111011011
1000111010101011011
1010111001011011011
010010110001011
1010011010101100011
10000110001010101010
00001110101001000011
10101010100100
0100110101000001010
10101110101000101010
0000110101110001010
1100101110111010
10000100101000101011
1010011010101100010
11000010101000001011
1011101001001101010
10011010
010001101010100010
10100101010000010
00100110111001010
11001010
001001010100100010
0000011010100010010
0010101000001101010
00011011
010000101000101010
1010010010000101011
0001101000010101011
10011011
10100110101010001010
101010010100000011
1000101001010101010
10011011
0001101001010001010
0010101011000101010
01001010101001101010
00101111
1010011010011001010
1010110010101001010
1000100000000000
0000100
0100100111001011010
001001101010111010
0010101010100101010
10111010
00101010101110111010
0000111010101000010
1010001000000100101
00001101000000100100
00101101011000100000
10101101001000000101
00101000011010000100
10001000000010000101
1010000100101001100
1000000000100010001
00100101001000011010
1010000000010000101
00000101011010010001
1000010101100000001
0010100100010010101
1010001010100100101
1001000000000110101
110000101001010010101
1000101000010000000
1010001001000001010
10100101010010010100
00001010001000101
000010010010010101
01001010101000001010
0001010101011001010
10110110010
1100100110111010100
001111001010
1010111010010001010
00100100100
1010111000101001101010
101001001011
1110110101001001101011
00011100100
000001000011100011011
00100110010
00011001110100001101010
00001001011
100000010010001011011
011101001011
111101101010101001101010
001001101010
001000100010000110000
1010011000
011001101000001100100
01101100100
110111001000000110101
0100000100
10101001000000111010100001010
0010101010011010
000001100100001010
001001011001001100100101010
1010101000101010
10111100101001001010
0010110010100010110010100001010
00001000001011
0010110110101011010
000010100101100
00001010000010100001011
110101000001100
00001011101010100001011
0110101111001010
0010101010110100001011
0000101011011010
0000000000000100001011
010110100111010
1010011100001100001011
01011010000100
11001000010110100001011
00100110000111011
000001100001101100001011
1010100100100101
00100100000110100001011
010011100101010
00111010100010100001011
000011010000011
000010100000011000001011
00011000000111
00001110010000100001011
0100001000101010
00001000010110100001011
0010011010011010
00000000010110100001011
0100100100101011
10101001010110100001011
000010011011010
00100000010110100001011
0011000100010
10001011000010100001011
1001100001001010
001010000000101100001011
011000000100010
0000001000010100001011
0000101001001010
100000000100101100001011
0010110000001001100100
000101100000000000
10000110000000110101
001011100010101110100
0100111010000101101101
00101100100101010001
10011101000010111000
000111010010001010100
0000111110100100100101
000001001001001110100
11001101011000000100
11000100010100000100
000011000010001010101
100010100011100100
0010011010100101110101
0000100100000000100
0101110010000001100100
001011001010000100111
0000110010100101110101
000011001000110000101
0010110010111000110100
0000101010000001100101
000011001001001010000
0000011010010000110101
000110010000001100101
010111010000101100100
000011000000001110101
0010100110011001100101
100011010000001110101
10101001100001110101
0010011010011000110100
000000010010111110101
00010110001000010100
0100110010010000110100
010001101000000010101
001001100000000010100
1010100010001001110110
0000000010000000100100
0100011011001000110100
0000100011010011100110
00111010110100110100
0011011010010001000100
10001001011010000101
001010101000100100101
001001101010011010101
000001100000101110101
100000010000101110100
1010110010010101110100
001011101001010010100
1000111010000101100101
0001011010010001100100
0000110010110100110100
1010101010011001111100
1000001010000101110100
011001001000101100100
000001101000010000101
0010011010000100100100
1000001000110110100
1000011010000101100100
1011011010110001110101
1010010010000100100100
0010011010110000110100
1011011010110000110100
1000010010010000100100
001011001000010100101
0000010010000011100101
010001101000000110100
000001010010100110100
101011100000100110100
011011101010011110100
10101001010001011000
00000111000011100100
0010100100000110000
0010110110101000100
00000001000000111000
0001010001011010100
000101000000001100101
000010010000001010100
100001010100001010111
000001101010101000100
0000010100000000000
000010110000000101
1000001000000000101
000001101001000011000
010100010000001110101
101111001001000100100
1000110100001001110100
1000011010010100110101
0000111010100010110101
001001101001100110001
100010001000010100100
1001010010011001100101
1110011010001011110101
010010101010100010101
1010111010000001110100
10101001000010100101
100001010010101110100
001011001000010000101
101011000100101100101
1010011010110100110101
1010011010000000100100
101001010000100110101
00000001001101100000
010011001101010000101
10011001000110110100
10101110101110000000
100010010010110110101
101010010010000100100
1000111010000100110100
110001100000001100101
0010110000100001100101
10100001000010010101
100010100001001111
1000010010000100110100
00001001000100100101
0010010010000000100100
000010100001011
10101010
0011101001011010
11011010
0010101000101011
00111010
000010100101010
00101010
0000001000100
10001011
0100001000001010
00101011
001010101000011
010010
1100111100111011
001110010000011
0000101010111011
100001100011010
001001010010101010100
101010101001010110000
10101000010001100101
100001101001000010111
10100110010010110001
10101110000010010100
1010110010110100110101
00000010000001100100
0010110010000001100100
1100110010101001110100
00100110000010100101
10001110101101010000
1010000001000011001
00100001001010110100
10011110000001010101
001101001000111110100
0010011010000100110100
1010011010010101110101
0000001010101010110101
1101111010101001110101
0000110010110100110100
0100000101000000101
10100000010001000100100
001011001011000110001
1010111010101100101
001000010010100110101
01000000010100110101
010010010100101010100
10001100101010100110100
001011101010101011101010
10000001010101001101010
001101101010000001101011
0010011010010101110010
101011101011000001101011
10000101010101111000110
10101100100000011101011
10100110101000100110110
0010011000001101101010
1011110001110110100011
10100101010101011001010
0000110000011000110100
1010011000000101100100
100011010100001110101
0010110010000001110000
1000011010000111100101
0011010010000000110100
000001101000001100100
000001101000000001101
000011010110000110100
0100110010000000000100
00000101001000001000
000011001001010000100
0010000010000001100100
100001011010001110100
000001101000101100101
0000011000000100110001
00001010110001100101
10101110100010100101
0000110010010101100100
000111000010010110100
00000110101001110101
000001110011000110101
1000011010000111100101
0011010010000000110100
1000100100000110100
00100110100000100100
1011110010010100100100
001011001000001110100
011011001001010000101
01001110010100110101
000111010010011100101
101001101001010000100
001011101010000000101011
1010010101001001101010
10100110101111000110101
0010011010010000110101
1000011010100001110101
000001101010000010100
0100010010010110100100
010001001000001100101
101001101001001100100
000011001000011100101
0101011010011000110101
1000100100000100101
011001101001000110000
001011001001100011001
000111000000000110100
1000011010010001110101
00011100100000111001
00000110101000100100
10101110100001100101
10101010001010110100
1011010000110011001010
1010110010110101100101
0000110100110011001010
000011010001001100101
101011101010101001101011
001011000110001100101
1010011110111010
101000001001010
1011101010011011
100001001001010
1011101000001011
10101001000001100
1010011110001011
000000010001010
1010110100110110000
10011101000001110101
1011010001000001000
001010010000001110101
0010110010110010110100
111001101011010000100
11101100010000110111
0101001000000110101
11001100001001110101
01010010101010000
000101101000011110100
000111001000001110101
000011001001001010001
00011001001011000101
00001100000100100100
001001001010100110101
0010000010000100100000
0001110010000001100100
0000111010000100110100
0001100010010001100100
00001101011101011101010
00100110110101001001011
1001001000001110100
0011011000000000110101
001110010101010110101
001110010010000110101
0010001010010101100100
00101101001010000101
0100110010000100100101
101011001000001110110
101011101000001100110
100011010010000110101
0000011010001011101010
10001110101101001100100
1000110010100001110000
001000010000100110101
111111001100010110100
00100101000010000100
00001101011000010010
0000011010100100100101
0001110010100010100101
000111011001010000100
1100110010101000011000
010110010000001100100
0010011010011000110100
1001110010000000110101
000001101011100011001011
0101110010010100110100
0000101010011010
010010110001110
100010010011011
101101110110010
0100111011001010
10010110100010
0100101001001011
0001010000011
001001101000000110101
101000010010001010101
1000110000001001101010
1010110010011000110100
0000011010010110110100
000011101100000110100
0000011010000000110100
00101100101000000110101
000011010000011110101
010100100100100101
1101011010011010110100
101011101001101110101
1010010010010101100100
101011001011010010000
1011011010010001110100
0000111010010010000
1010011010001001110100
100110010000001100101
000001001011010100101
001001101001100110001
0000011010010101110100
100011101000010110100
0000011000000101100100
10001100100001011101011
000000000110101010
1000101000011010
1010011010001010
1010101001011011
10001110100000100100
0010010010100100100100
001001001000000110100
0010011010100001110100
1000110010010000100001
001011101000000110100
1000011010100101100101
1000111010000001100101
10011001011010100101
101011101000010010100
0010011010011001100101
1000111010001001110100
1000111010001010100101
10101001000011100100
10101101001010111001
0000111010000101110101
110001001000001010101
0001111010000101100101
1101010010010110110100
0010110010100001110100
000111101010001001101010
00001010000011
0010011010111001010100
010010101010000110001
0010111001000011001011
0000110010100100100101
100001100011010
1000100100111010
101001000101010
0000101000011011
110010111100011
00010001001011
1100100000001010
100010101011010
010011000001011
0010101000011010
0001100001011
0010101111001010
010110111001001
00011010
110010100101110
0000101000001010
0101101111011011
001001100001011
0001101110
01001010000000101
010010010010100
100110000000101
010011
0010010011001000
1110000
100001000001000
0001101
1000100000010101
00000001
00001000001001
00010100
1000010000000
00110000
0000100000100100100
10100110101
0000011010000101100100
10001101001000100100
000101100001010
000011101010000110101010
0100100001010
0001101010100100101010
00001010001011
00000101010001010101010
100010101100101
100010101010001010101010
000010101000100
10001010101010101001010
000010010110
0101001010001010101010
00001001001010
101001101010000010101010
000010100111011
100010101010001010111010
10100000110000010
100001010001010
1010000001001010
00101001000100
1001011010010001010
000010010011011
100000011000001010
001010101000110
000000000010110
10001000010100
1000100100100011
00101001000101
001010000011
000010000001011
1000111010100101010
00001010001011
001010010000110
1000101010001010
000100010000001010
101010010001110
0000100100001010
0100101000001010
01101010000001010
1010000001010
0000101000001010
00100100001010
10011100100100000
0010101000101010
101001010001001101101
1000111010010100010100
1010001010100100100
0010110100100011001010
1001010100001011001011
10000001010001001011
100010111010101011101010
0011110101000010011010
0010000010000011100010
110101010100001001011
00010011001010010101
01101001011101011001010
0001110101010011101010
000101110110101001010
0000101001101110100
0010110010110000110101
0101101111001011
001010111010101010101010
00010011001010
1010100101000001001010
01000011101010
00000110101010000101010
1000001010011011
1101101000011011
000011011000100
0000100011011011
1100101011011011
0000011010111011
0001101110011011
100100101010100011101010
101001000101011
100010111010100010101010
101010100010100
101010101010100110101010
101010100001011
100010101010010110111010
100010101000010
001001101010100010101010
1000101110001011
101010101010000001101010
00010100010011
01001010101000000101010
000101010001011
01010110101010000101010
00010100001010
001001101010110001001010
101110100101010
100010101010100010101010
1000101000101010
10010101010000010101010
0001000001110
100101000101010
0001000011010
00000101010100
10101000010010
101010101001011
00100110000101
1001010000011
0000000110100
1010111000101010
0010001010011011
0000000001011
10000111000010
001010001100100
00101001010100
000101010011010
001001000101010
10000100011011
1010110010000101100101
1000110010001101100101
10101100101010000100
1000011010100100110101
00001001010101110100
1000111110100101100101
10001110000010110001
101000010010100100101
1010110010010100110100
101011001000100110100
000111010000101100100
10001101011001110100
1000010000100110101
010011010000100110101
0010110000001001100100
1010011010011001100100
00101100100101000000
000010010010100110100
0010010010010101000101
0000111010010001110100
000011000100001100000
1100011010000100000100
110000101001000010001
0010111010010000110101
001000010100101110101
0000110100000000101
1000011000000001100100
0000011010110101100100
0100011010000100110100
11000110001000111000
100001101000000110001
000011001010001100101
00001110100000011001
01011000010100110100
00100000010100110100
10000110100001100100
1000011010010101100101
100011010000001100100
0000011010000100110101
00101110000010010100
100001101000001110100
100010010110101100101
0000110010010101100100
100001101000101110101
0000011010000000110101
101011101000100110101
0000111010100011100100
00011001010101010101010
000011010110101100101
0000011001000101100100
1010110010000001100100
000011010100001100101
010001010000100110100
1010110010000101110100
101011101001000000101
000000010000100110100
100111010000100110100
00001101001000110000
001011001011000110100
1010011010110010110101
0010110010000001110100
100000101000101100101
000011011010000110101
100110010100101110101
1010000100000010100
1001110010110001100100
10001101001001110100
100011000000001100101
000011001000010110000
1001001001010100100
00100110100001000000
1010110010010101100100
101001010010000110100
000011101001000110100
100011001001001110110
1010011010000110010110
001010001010100101
000001101000001100000
10010001001010110001
001001010000101110100
011000010000100110101
10100110100100110000
001011001000010110001
1010110010000101010101
0100011010100100110100
10101100100100000001
010011000010010100
0010111010100101000100
100001001010001100101
1000111010010110010101
1010100010000010100
1100011010010110100100
10100010110100110111
1011010010000001100101
01100110000000101101
101011101000100010001
0000010010100001110100
010010001011000100100
000011101011010110001
001011001000101100100
0010011010000001100101
0000111010001010110100
001011101000000010100
11010111000010110100
001001101010010100101
101100010010100110101
0011011010001101110100
1010011010010001110100
1000110010010001110100
101000110000100101100
0001011010010100110101
000010010010100110100
1110010101010101110101
1010110010000100110100
0000010010010100110100
1111011000000010000
00001011001101100100
1010110010110101100100
0000011010000010110100
001011001011000011001
1100011010010110110100
1000110010000000110110
101011101000010111000
100111010010101100101
0000011010000100110101
1000101010000000111100
1000011010000100110101
00101100100000010100
0000110010010000100
011001101001001101100
00100100110001100100
000011010010100110101
001001001000000110101
1010011010010001110101
00000011010100110101
00011100100010010101
1000100010011010110100
00000001010001010100
1100110010110001100100
1001111010111011100100
100011001011100101101010
001001010110000101011
0101001010101011101011
001011111011010010101010
10000110101000000001011
00101110101000001101010
101011101011000001101010
000000010010010101010
100110010110000001010
100011010101100001011
1010111010010000110101
000011001010010011000
00100110000000110100
00001110100010000100
000001101000101100100
0010111010110010110101
0010011010110111110101
00011000010100110101
1010011010010010110101
000001101000010011000
001011010011010
10101100101001001010
001001010000001010
1010110011100101011
1011101100001011
00001010
0101101000101010
10101010
000010101011010
00101010
1100101010001011
10001010
1000100110000
00011011
1000101010011011
10101010
0000110010010001100100
0001011010010100100100
10101110001011010100
0001011010010101100101
0000110010110100100101
000111000100001110101
00001110010010010000
100001010010001100101
10001110001000100110
0011100101000000100101
100111001000001000100
000011101001100110101
00001101010100011001010
101001101110100001101110
10000100000011100100
001001001000010010101
00000101010000100100
000001100000001100101
000101101000000111001
100101101000001110101
100011101000000110101
0000011011000000110101
0000011010100000110101
0010111011110000110101
0000011010100101110100
0100111010000100110100
0011011110000001110101
101001101010010011001
111001000100010010011
1000110010100000101010
10100101010000001001010
1000011010100000100001010
000011101010100001101010
100011010100001101010
100011010000110010011
0000010010100001101010
1001000101000100110011
000001100100001101010
1100110101001011001011
0000010010100001101010
00001110100010111101011
0010011010100001101010
10101100101000001001011
001001101000001101010
00001110101000000100010
0000010010100001101010
00101100101100000100100
0000110010100001101010
0001001010100011101010
1010011010100001101010
00000110101001000110101
0000111010100001101010
00011100000010010100
0000011010101001100000
00001101000010011000
0000011010100101010100
100001101010000011000010
0010110010100000110100
0101100101001001001010
00100110011000010001010
00001100010000011101010
00011101011000010001010
00101100101100011001011
000011101011000010001010
001001101010101001100011
010001001011000010001010
101001001010001011001010
00101010101000010001010
10101100101001100101011
000001101011000010001010
10000100101000011111011
100010101011000010001010
101011101010100001001010
001001001011000010001010
00100100101100001001011
001011001010000010001010
11011100101000001101010
101101001010000010001010
1000110010010000110010
00011101011000010001010
0110011010000010110100
0010010010010101100100
110000110100110100110100
1100111010011000100100
100011101010100011101011
00100100101010001001011
000001101010001011101011
01001110101100000000100
101001101010101001101011
0010111010100000100101
010001001010101011101010
00000110101110001100011
001001001011101001101011
10000001010000011001011
000011000000011101010
00001001011000001101011
000011101010100011001010
0000011010100001100101
10001100101100001001010
00001100101110001100101
010001101010101011100010
1000111010000001001011
0011010000000100100101
101101101000001100101
000001101010010101101010
101101101010100001101011
000011101011110011001011
100001101010001001101011
00010101011101001001010
01000110101100101010100
1010011001100101100101
01011001010101101101011
00000010100011101011
000011001010101001101010
0101000101001001100100
010001001011001011101010
11000110101001011111011
10011100101110000100010
00100110101000100001010
001001101010101011101010
01100100101010001101011
110001100010001001101011
10100110101000111001011
00100001010101001101011
101001101010101001101010
001011001100001100100
1000000101000101101010
00100110101000001101011
100001100010000111000011
10100110010100011001011
10101110101001011001010
101011001010101100101010
100011101010101011101010
100110101010100001001010
101001101011101101101010
11101110101000001001110
1000010100110001101011
0001100101010110001011
100001101011000011101011
10101100101010101100011
001001101010100011001010
01001100101001101101010
000001101011101011001010
10100100100101001101011
00001010100001110111
100101010000100110100
10001101010101001101011
00000101010000011001011
100001100010101001101010
00100110101000100110100
001001101010000011001011
010011001010010011101010
101010101010000011001010
10001100101001011101010
1010000101000011000010
0000010101001011001010
10100001010101001101010
1010000101001110101010
101001101010100011101010
101001111010101111001010
101101101010101001101010
101101101010011010001
101001101010101001001011
00000110101000011101011
001011100110001011001010
00110001010101101101010
101011101011101010001011
10101110101010100101011
00101100101001001001011
10000110101010000001011
00100110100001011001010
100001001010001001101011
0101110010010001001010
001001101010001011001011
10100110100101001101011
1000110101010001101010
00100001010000001101011
100101001010000000101010
10001100101010011001011
0010011010100001101010
0010110010000101100100
000011101001011110001
0010110010010111100101
001001100100111100101
1000110010010101100101
0010110010111101100100
01011000100000100100
001011001000010100100
1000011000000000100100
000011001000001110101
0010110010000011100100
00001100100000000100
0001110010100000110101
0001110010110101000100
110011100000000110001
0100011010010101110101
1010110010110010110100
0010011010110000110100
001001010010010110100
100101101000011100101
1010011010010100110100
0010011110010110110101
0000110010100001101011
101001101010001001101010
1001110101000001101011
0010111011000100101010
1010011010100001100010
001011001010100011101010
10100110101000000101010
0010011010101001100101
10010110101000001100011
10000110010110011001010
101011001011100001101010
001001101011100001101010
0010111010100000001011
00100100101010100001010
10000110100001001101010
10101100101000001101010
001011001011001011101011
10101100101001001101010
001001010010010110100
100101101000011100101
1010011010010100110100
0010011110010110110101
000011010100100100100
00001100101001110001
0001011010000100110100
00001100000010110001
010011001010100011001
0010110010100001100101
00100100101100001101010
0001010000101001001010
1000100101001011001010
10100000110100011001010
1000110010100101001010
10000100101100101101010
00001100100000010100
000011001010101011101010
10000100101000101001011
10001100101100001001011
101011100010001011101010
00101100001001100010
001001010010010110100
100101101000011100101
1010011010010100110100
0010011110010110110101
1010110000100100110100
10101110101000011000
000000010100001110100
000011101000010010101
1000110000100010001
1000111010110100110101
0010011010000010010101
000001000110010010000
0010011010010000100100
10001100100100010100
001001101000101100100
0010111010010101110101
100101101000001110101
1010111011100010100101
1000010000010010100
011101101001000110100
000111001000001110100
101011000001000100101
001101100000110100
100010001000011110100
00011001000011110001
1010111010010001110100
0000101000010100100
0000011010100011100101
10000101001000110100
100011010100101110100
10100101001010010101
101011101010000011001
1010010100001000100
10100000100101110101
0000111010000000011100
1010011001001001100101
10100101000010010001
10000101011000000101
1000101001100000100
10010101001010000100
001001010000000010010
101000010101010010100
1010110000011101010100
1010110001000000110101
0010011010000001100100
000110010000100110101
0000110010010100100101
1000011010010101100100
1100011010010101110100
0000010010001000110100
01011010010100110100
00000010101000110100
0000010010110100111101
1010111010101000110100
1000010010010100100101
0110011010101000110100
0000110010010101100101
000001000001000110100
1011110010010101100101
01101101001000110100
100011000000101110100
1010110010001000110100
00010100110011110100
1100011010001000110100
10101100011101010101010
0100110101000101101011
110000001010101011111011
100101101010000010001010
00000110101011000101011
1000000101000011010011
11000110010101001001011
10100110101000000101010
1100110001010101001011
01000000101110010101011
11000110000000110011
011001101010101011001010
101010001001001010101
101001101010000101000
100101101011101011001011
00110101010001001001011
101000010010001011010
0010111010110100010011
1000110000000010100101
1010011010010001100000
0000100010000000110101
0000111010111011011101
100110000100111000011
1010110010100100100010
0100010101000001010
10101100101010001100010
11001100101010010101010
1000011010101010001010
101010101010000001101011
101011001010101011001010
100101101010001011101011
10000101011100010111011
10101100101000010001011
001001101010000011001011
100011100100100110010
00001101010010000010
100101101010001011001011
10001101010100101101011
1000110010101001000011
110011101010101011001010
10101010101100100001011
0010001010010100001011
00000000000011100100
00001101001100110101
101001000100001010010
001011101010100010101010
0011000010000001010
00101010010100001101010
001010000000101100
000000010100000010100
1010001010100011101010
10000000100010001010
101000011101000001010
1011110001000011001010
000011001010100011001110
101000010100000001010
00000110101010011101010
1000111010101010100010
1010011010000010110100
00100110000010000000
0010111010000001100101
01001101000001100100
000011001001010000101
0010110010010100110101
0010111110000101100100
010001101001001100100
01100100100000110000
1010111010011001110100
000001001001000100100
001011101000000011000
000111010010000100100
1010111010000000110101
10001100101000001100101
1000110010000101010100
10100110010100001100100
100001010010100110100
0000011010100101100101
1001010010001100100101
100010010000001100101
1111010010000101110100
1000011110110000100100
111001001010001100101
000110010110001100101
0000000010101001100101
000110010010000110101
000010010010000110101
011001000000100110101
00100101100000010101
1001110010000100110100
1000010010011010100001
1010011010010101110111
1010010010000100001
0010010000100100110100
010011010000100100001
1010011010100101100101
0001010001101100111
011011001000001100100
1100010001010000000
000011001010001010011010
10101110101010111100011
0010011010001101101011
000101101010010001101011
0010010011100101110100
0010101010010110100100
000001101010100001001010
10000110010010001001010
10001100101000011101011
00010001011010001101010
0000110010010011101010
1000110001110101100011
0100011010000000100100
000001001001000011001
111000010010000100101
000001000001001110100
010111010000010100
00101110101111100000
0010100100001110101
101010010000001110101
00011001010000110101
010011001001000100100
0110010010001101100101
1010010010001101100101
000010010000000100100
1010110010000001100100
100010010001001100101
00000010010101110101
0010110011001001100101
1001011010010000100101
1100011010011100100101
0000111010010100110101
1000011010010000110101
0010100100010100101
010001101000100010100
0101010010010011100100
00100000101000100100
001011001000011100100
1000111000010100110100
0000110100000101000
1000100010000100101
001000010010000110100
100000010001010010111
010101101001000010100
011010010011000110100
1100011010011000110101
1000110101000001111011
1101111001100101111010
1000011010100000110100
101001101010001011101011
1001010011001011001010
01011000101011001011
000001101000111100100
0101100100101100101
0101101000001010
00001010
000010100000010
10101011
100101000001001
1001010
001101000001010
010010
100110101010010
00001011
1000101110101110
10001011
0010001010101011
00010100101010
0010011010101011
00010100101010
0000100010101011
00010100101010
0010011010101011
00010100101010
0010101010101011
00010100101010
0010011010101011
00010100101010
0010101010101011
00010100101010
0000111010101011
00010100101010
0001011010101011
00010100101010
0001101010101011
00010100101010
0010101010101011
00010100101010
0000100110101011
00010100101010
100011010000001110101
10100100010101110100
001001100010101110101
0000111010110101110100
100000100010011000
0000111010110101110100
010010101000011010101
1110110000110101110100
1100100010110010011000
00100010111000000101
1100110010010011100101
00010101011110110001
1001011010110000110101
1000000101100010000
0010101000101010
110110100110101001001011
1010101010101010
1010010110110100110101001001011
10011010000111010010
110110100110101001001011
0100101000001011
10111010
1100101000111011
10101011
010110101001010
10101010
000110100010010
10101010
0000101110001011
1010010
10010000101010
100101100001010
10000100001011
1010101010101111
1010101000111011
00001010001010100101010
1001101000001010
00001010001010100101010
101000101001011
001010100101010
000100011100
00110100111010
1000011010011010
100010100101010
11000001100000000100
00101110010000001000100
00011010010000110101
0100011010001000101
101011101001000110100
0000011000000010100
00001101001010010100
000010100001000010110
101010101011010100101
1010111010011101111100
1000111110000000111100
1000011010000100110100
1000111110010000000101
00110010000101101101
001010101001010111100
101010101001010100110
001001001010010010100
110011010010000110101
00100101001010010101
111001010110100010101
00100101000010010101
1100001011010010100
000001101000101010100
101000100000100111101
1001110000010100010101
1001011110010101001101
00100101000101100100
011001010010001101001
100000010000001010110
1000111010000101100100
101000010010100110100
1000001000000101010101
01000110001000100110
00001100000010110100
0000011010000000110101
00001101000000110101
1000111010110000110100
101011101000011100100
101001101000101010100
00000110000100100100
100010010010001010100
100011000001010100100
1010100010001100100
0010100010010100110100
11000010010100010100
000000010110101110100
1001001001000010101
1010101000000110100
1011100000000110100
0010001010000100000100
1100000101110011000
01001010100101110100
010101000100010100
0001110100001000100
00010110100001111101011
00010110000111010101010
0001100100100001101011
00010110000111010101010
001010010001101100101
01010110000111010101010
100011101010010011001011
00010110000111010101010
10001100001010
0011001000011010
0001101010001011
10011000101010001010
00110010101010001011
100011001001000011
1000101010001011
010010000001010
110010111010011
000101010111010
1100111000001010
10001010
101001001010000111001010
000001100000000110101
1010011000100001101010
1000100111100100101010
0010100100001001101010
0100110001101000001011
00001100101000001110110
0100111001000001110010
101011100110100001101010
00101100101010000110010
000011001011110101101011
0010111010101000110010
000001101011000001101011
0010110010100001000010
000011000010100011001010
0001100101110001110010
01011001010000001101010
0010110010000000110010
1000110101000101100011
00001100101000110110010
00001100101010011100101
0000100101101000100010
001001101010010010001010
0100010010101000110010
100011001011100001001010
0000000010101001010010
1001000010010001001011
10000110101111001110010
0000110100001001101010
00000110101110010100010
010101010001110011
0100110101001001101011
0100110000001100101
001001101000001110100
001001101000000110100
0000101000011000101
100001101011101010101010
0101110010101100101011
10001100101000100110010
1010010000001011001011
1000001110100001101010
000001101010100111101010
101010101010101001101010
1010110101110101101011
00101001010000001101011
101001110010010011001011
000001101010000010101010
101001001010100101101110
1000111010000110101011
010011101010101001101010
00100001010101001001010
1010000100000010101010
101011001010101011001010
00000100100110101100011
110010101010000001101010
10000101010000011001010
000001101010000001101010
000111010010000101011
001011010011011110101
0011111010010101110101
11001110101010011101011
000011001010010011101010
000011001010000001001010
10110101010100011101010
10000100100101111101010
000111101011101011101010
0010101010011001110100
001011101000101000101
001001101000000110100
0000101000011000101
010011000010000010101010
00000110010000011001010
0000100101010000001010
01000001010001001101011
00100110101000101001010
00110100101000000110100
01101001010000011001010
001111001010001001101010
001011101010000011001010
100101001010101001001010
00010001010101001101010
001001101010000001101010
1010010010100100110010
010100101000100001010
101011001010101001101010
001101101010110101101010
00000110101010011000010
00000110101000100000010
0000111001000000110010
10100100101101000110010
01000110010101011001010
00110100101001011001011
010101101010000011001011
10101100101000001001110
001001101010100001001010
00000110101010101100100
0000110010010100110100
0100110001001001001011
001001101000001100100
000001101010000010100
001010110010001011001010
00101100101000001101010
00100110100000001001010
101011001011000001101010
001101101011000011001011
000000011010000001101011
1100011010110000110011
000001101010100011001011
100001101010000011001010
011011001010010001101010
100011001010110001101010
110001101010100001101010
000011001010101001101010
001011001010000011001010
101001001010101011001010
010001000100110110100
0011011010100101101010
0100100101010000001010
0001010100000001101010
00101101010100001001011
1000010010110101101010
1010110101000000101011
01011001010000001111010
00000110101000101001011
0000011010100100001010
001101101010000011001010
10001100101100000110010
001001001000000101011
001001101000001100100
000001101010000010100
101001001000100110101
1000110010000100101
10000100010000110100
0011011010000100110101
001111001010010111001
1011111010010000100101
10001010010000110100
10101100100100011000
1001011010000101110101
101111000000100110100
0010010010010011100101
001101101000101100100
0000011010000101110100
010101101000000011001
000111001001000110100
1010101010110101110100
0010011010001110110100
1010110010010101110101
1001110010100101010101
1010110010000001100100
000101101000001100100
0010111010000101100100
0000110010110011110101
1011110010000001100100
1010110010001101100100
11100101001011100101
001011001001000110101
1000101010110100100100
000111011000100110100
101001001000001110110
010011001011010000100
1011010010000001010101
100101001000000111001
1011110010011100000
1010101010010110110100
0010011010100101100100
1011111010000100110101
0010011010110100100101
001001101000010010101
0010111010010101100101
001000000000011100101
1010011010100001010101
1010011010110110110100
101011101010000010100
1000111010000001100101
0010110011010101100100
11101101101000000101
1010110000010001100100
00001001010001001101010
10100100010100101101011
1100100101011001001011
1001010101000101001010
0010110010010000110100
100011101011000100100
00010101001000000101
1010111010000001110000
100000010000001100100
001001101001100000101
100000101000000101
001001101001001100100
010011001001001011000
1010110010010010100101
00011001000101110101
010010010010011100100
000011001001100000101
00000101000111100100
10101111100000100101
100011101001001100101
010010010010101110100
110111001000001110101
1100100101011000110100
101001101001101010001
100001101000101100100
0010011000000110100100
0000010010110000100100
101101101000000110101
00110100011000100001
100001101000001110100
011001001000000111000
1010110011100001100100
1000011010010000100111
1100011010000101100111
0010111010010000110100
00000101000001110100
000011001001000110100
1010010000010101110100
00001110100011110001
100001101000001110101
0000010010010110110100
100000010010001100100
101011101000000010100
101001101011000110100
001111101000101100100
001100010000001100100
1010110000000110100100
1000011010000100110100
0111100100010011001011
0010010101000000110101
0010011010000100110100
000011010000100110100
100001101011000011000
1000001000010010100
100101101000000110101
100111010100010110100
000111101001010110001
101011010110101110100
000001001001010110100
01001000010100000100
1000111010100100100100
00001100010000011000
1000011010100100110100
00011101010100001001010
000011101011000110100
010011110010101110101
100010010000000110101
00011101000010011000
0001100010011010
0010100100001010
01011000000011
00000101011011
000101101011011
1000100110011011
00001101001001
1100010110011011
111110101011011
0000100100111010
0001011010001011
0000101100011011
000110101101011
001000100111011
000001100000011
001000101000101
010001111000011
100010010001011
100001101010000110100
1000011010100000110100
101001101001000101001
1010101010100100110100
00000101010000110101
101001010100110010100
11001110101000010101
100010101001001110101
01000101001110010101
0110011010010100110101
10000110001000010100
001001101000010000101
01011101000000010101
0101110001000010100
1001010100001110100
100001101011110110101
0010001011010010100
1001110100100110101
0010010100100111001
00101001001010000101
1010011010011001100100
110101101001000110100
100001000100000000
0000011000010000100100
100110010010101100100
000011101000100011000
11001100001000110101
1010010000001101101
000010100100000100
100011001010100110101
100111011110101100100
101011001000000000100
00011110100001000000
1000101010010011010101
11001101010000011101010
10100001010101001101010
1010110010100000010101
001011001010100001101011
1010110000100011101010
101001101010001011101011
100001101010000011101010
001101101010100001101011
10000110101110000110100
100101010100001001010
001011001010100110000
0001100101000011001010
100011010010101110101
10001110101001001101010
0000110100101011001010
00101100100101001101111
10101100101001001110000
1001110101000011101010
0010000001100101011
10100110101010101100010
1000110101001011000011
1000110100100001101010
1001110101010101100100
0010000101001101101010
111101001010101111001011
00100100101100011001010
10100101001101010100
001001101000101110100
10101100010000001101010
1001110001001001101010
001001100010101101101010
1001110101010001010010
0010110101100111101010
0000000100111100101010
1010100101110001001010
101000011101100001010
1000000101110101001010
10000010100000001010
101010011101010010100
0000100101010101001010
0001010101110111101011
000000010101000100011
000011010100000100011
000011101010100011001010
1011011010000100110100
10001100000000110101
0110011001001010101
0011011010010001100001
0100101000001000100
000111010010100110100
000101000000100010
00010010101001001010
00100100101000001100010
0000000101010001001010
000101101010001001010
000010010001001001010
100100101010001001010
101010010100000001010
000100001011101101010
001001101010010001101010
00010100101001000101010
1000010101010001001010
110101010101010010011
010111001010101010101110
10000011010000001100100
100011010110100100101
10101110101100100101
001011001001010010000
1010111110010001010101
00000001000100110101
100110010010010100100
101011101001000100000
0010010010101000100001
00001001001011000100
0000000100010101011
00101010100001000101
0000100100000100100
0000111010010101010100
1000011010010101100100
0100011010010100100100
00000010100000000100
0001011010000000100101
00010110100010010101
01000101000001110101
010011001001001110101
010000010100100110101
000110010001100100101
00110101000001110100
010011001000100110100
001001001000100110100
001010010000110110100
0000010100000010100
010001010100101000101
000111001000101110101
00001101011100100100
010111010011011100101
0100100100101100100
1000110010000001100100
01001110101001001110100
001011101000000110000
00100100110001100100
101011001010111001101011
00001110101001100100100
001101101001010100100
0101110010010101110100
00001101000001100101
00100100101010100000101
1000111010001001100100
0101011010011001100100
100011101000001100100
010011010000100110101
000011101010000010100
0010110010000101110100
0000010010000110000
0100110100110001100100
1000011110000011100101
101010010010001110101
000011010001001100100
100011010001001100100
1010010101000001110100
10101001000001010101
0000010000110100101
0000100101110001101011
00101001010101011101010
0100010010001001100100
001010010001000110100
101001101001101011100
10100100101001001000
01001100010000110100
010101101000000110101
1000111000110001100100
000001010000101100101
10001100010001100100
000011001011010011000
100101101000001010101
1010110100110100110101
1000111010001000110100
001010010010101100100
0111001101010000110001
001001101000100110101
1010011010010101100100
00000001101010110101
00100110101010101100101
1010101010100001101010
101100010100000110101
1000111010110010010101
000110010111010110011
0000011001101011101011
00011110101101000110100
10100110101010100111100
000110000001100
1000000111001010
0000011000111010
100000001000010
000101100000011
0000001010001011
0010011001001010
0000001110001010
000011011001010
000010101000010
00011000000010
0000100001011011
010111100101011
0000001100011
00011101000010
000010101001010
0010111101001010
0000000011011010
10001000001010
001000001100011
0000111000001010
00000011001000
1000000000010
101010000011011
0001100011011011
10100000000010
101001001001001110000
0000110010000110110100
110010101000011
00000001001010
0000000001010
100000101001010
00000000111011
000010100001010
00101100100100001100111
000011010000011001010
10101110100001110001
000001100010101100100
1010010010010100110101
001001101000000110101
100011100000101100100
000111100010001100101
100000101100100
00001000000011
1010110010000100010101
1010010010000001110100
0000111010000010110100
101001101000001100101
0000101010011011
101010010011011
000011101001001110101
1001110010011001110101
101011001110001001001011
00000001000001110100
010101110000010
0000001010001110
100100001011011
000010000011011
0001011111001010
1001001010111010
0100011000011011
100010001011010
010110100001010
100011001001010
1010101010101011
001000000011011
010011101101011001010
00000000001111
0110111110111011
0000100100001011
1010010010010001100100
1001011010000000100100
000111001010000100101
000110010000100110101
1100011000111011
101100000011011
1000011001011010
0010001000111011
0011011000011010
1000001010001010
0010000100011010
101000000011010
100001000100011
000000100100010
00101110101101101110010
100101101011001011001010
101011110110110110100
010010000001011001010
101010010011011
1000000111001011
000110110000011
10110001100011011
1001000010011010
0010000011001010
1100101100011011
00101011000010100000010
100101110101010
010100001010100000010
1100101010111010
0010100000010110000010
1100101011001011
001011110010100000010
10001010001011
1001010110010100000010
1001101011011011
1010101010010100000010
1001101010011011
10001010100010110000010
010001010011010
0010101110110100000010
1001101010111010
1010101010010100000010
0001100011001011
0010101010010100000010
0000101111011011
00011011110110100000010
0100101110101010
0010010100010110000010
101010111001010
100010100010100000010
0010011100101011
1010100100010100000010
110101000001011
0001010001010100000010
10001010100011
00001010101010100000010
1000101010101010
000010101000100000010
1101101010001011
1000101100000100000010
110110101000101
1010101010110100000010
0110000110001010
0010101010110110000010
1101101011001010
000101010110100000010
1100101011001011
0101010110110100000010
0110101000101011
00100010001110100000010
0010011010100101110101
1000011010010101100101
1000010010010110100100
00100100100000011001
101001101000010010101
101001101000000110100
0010011000000001110100
001111001001000011000
001001001010011110001
1001010010000100110101
000001101000010010101
001001101001001100100
100011101000000100100
00001110100000011000
100011100000010000101
1010111010110100100101
0000010010000110110100
000011010000100100100
100001101010000111000
0000011010000000100101
00100110010000110101
1010010010010100110101
100001101001010010110101
10100100010000111001
1000111010000000110100
00110100010010111100100
10101110010010000110101
1010010010110110110100
1010011010001001100100
0000110010000001100100
00100011010000011100100
0100110010000001110101
001001010001000100100
0010011010000010101101
101001001000001110100
1000011010110010100100
1000111010000001110100
111111000000000011000
00001101000001100100
1100110010011000110101
0010011010010001110101
1010111010000010000
1000101000101011
1000101000001010
1010101010101011
0000101011001010
0001101101001010
001010010001010
0001101010101011
010010101011101
10011100111000100100
0101011010001001100101
001101101010011100000
010011001001100101001
00011001010000110101
0010110010001010100101
000011001000100000100
110010010001011100100
0010011010010000110101
0001110010010101100100
0010111010010000100101
000101000010000110101
10001101000111100100
000001001001000110100
0100111010100111110100
000011010000010110100
000011000000110110100
0010110010010100110100
0011110000110100100100
10100001000101110100
100111001001100010101
1010011010000000110100
0000011010000100100101
00100101001001100101
001011001000001110101
0000111010100000110101
0010010010000001100100
010011100010001100100
01011101001000011000
0010010010110101100101
010011010001000110101
0000011010001001100100
001001101010001100101
001011001000010000101
001011000010000100
0010011010100101100101
000111001001001100100
001011010001001110101
0010110010011000100000
0000010010010101100100
100010100010010100
10011001000010000101
1010011010010101100101
10001110000101110100
0011011110010010110110
0000101010000001110100
0010011010010100110100
000011010100001100100
1000011010101000100000
1010111010010101110101
1010011010110110110100
1011011010100001110100
00111001000101110101
100011101011011010101
1000011010010101110101
100111010010101110101
0010001000010000100
0010000100000000000
010011011001001100100
1000110000010101100110
1010011010110000100100
001111010010010100100
0110000100010110100
000010010000011110101
1000010011010110001
001001101001001110100
00001100100100001001
0000011010000100100100
1010011010000100110100
100001101001000010000
000110101000011100100
001001101000000110101
1010111010100101100100
0010101010100001010100
1010011010001010
100010001001011
11000000000101
1010000010001011
000011100001010
0010000010001011
1000011000001010
100000001011011
0010101110011010
1000101100011010
0110111000011011
100000000001010
0001100011001010
010011010011010
000001100101101
100000000000010
000001100001010
0010100010001011
000010010001010
0010100000001010
01101101101011
101010000000000
010111000000010
0010100000001011
0101100000001011
100000000011011
000010000011011
0000100010001011
0000111000111010
0000000011011011
001011101000100011001
010011001010100000100
00100110010101001101010
00100110100101001101010
101001101010101001001011
101000010101001001011
10000110101100100001011
10100110100001011101010
100001101011100101101010
001001010100100001010
1010000101000100101010
10101100101110101100100
101011001010100001101010
10100110101001011101010
00100101011111000101010
0010010101000001101010
000011001011000001101011
110010010101010110001
0101110010001001101010
001001101010100011001110
10000110101011001011010
10100111010000111101010
01100110100110011101011
0100111010110001011011
100011000010101001101011
101011001010001001001011
100010101010001001101010
000100010100010010100
000001001010001100010
001001001010101011001010
1000110001011000100
0110110010010001110101
00101001010001001101011
000011101010100011001011
110001101011001001101011
001011101010101011101010
10100110101010001101010
1000011010100101001011
10101100101010011101010
00001100101001011001010
100111001010101011101010
001001101010101011001010
000011001010100001101010
00001100001000010101010
0010110001100100110100
1000101010100011101010
001011001011000001101010
001001101010101011001010
00001001010100011101011
00101001010101001101010
001001101010101011001010
001001101010000011001010
000011001010100011001010
000011001010101011001110
1010100101110101101011
000011001010101011001011
1000110010001011101010
000001101011101011001011
10001100101001011101011
000011111011001001101011
01011100001000001101111
001001101010001001101011
1000110010000001010100
000000100000011
0000100001011
0000001010000
0001010000010
0010111000001010
0000011010001000110100
000101011001010
1100110101000001101100
1000001010110
110000101010010001101010
10100101001110
11000011001000000101010
100001010001010
11100101101001001001010
0100101110001010
100010011101010100
100001000010000001010
00001100011000010101010
0000101000001010
000100100000011001010
100101001001010
000001010010000010110
0110000001011
00100000001010
0110100101000
10000110000100011101101
0001011011100000
10010101011
0010100001010000101010
0010011010001000110100
101001001010000011001010
001011101011100011101010
000001101010000001101011
001011010100100110011
001001101010000011001010
1010111010100000101011
010001111011001001101010
1000101000010001101010
010110101010001100010
001011001010000011011010
01000100101000001001011
101101100011000110100
1001001010011101100100
0010110001000000001011
010100010000001101010
00001000101000100101011
0000110001000101101010
1000011010100001101010
000111001011000001111111
1101110001011011101010
101011001010101011101010
10101101010010001101010
10001100101001011101010
10100101010000001101010
10001110010001001101010
1011011010100101010100
1000111010010000100100
1000110010010100110101
100011100010101110101
1000011010001111100101
101011001011010000101
100101011000110100
1001011010001001101110
01111011011001100110
00100000010001100101
0100110010001000101
10101001000000100100
01000000110000010100
001011010010001010101
10001001001010000100
100010101000100100100
101011100110101010100
101011001000010101000
101001101000000110100
010100010000000100100
0010100100100000001
10010001000101110100
0100000111010101000
100011000101010110101
10001100000001010101
00101110100111001101011
101010110010000100100
10011000001000110100
1000011010010101100101
101011101000010110000
101001001000010011001
10001101010010011000
0100100011000110100
100001100000000100101
010001101001100010100
1000011010010011100100
100001010110001110100
10000110100001110100
101011001010100011001011
10101100101001011101010
10101110101100010001010
00101110101001001101011
0010011001010100110100
00100110101001001101010
11101110101001000110100
11101100010101001101010
0110101010001011101010
0011110101101001101011
0010010001001011001010
1000110101001001101010
100011101010101011101010
000011001010001001101010
10101110010100001101011
000011001011110011001010
101011101010000011101110
10101100101000101010010
10101010100001001101011
100111001010101011001010
00100100100000001101011
10111101000011110001
0000011010010101110101
1010111011000001100101
1000011010010101100100
101001101010010110101
010000000011010
1011001010001011
1000100110111010
1010000110011011
0101101001101010
001110100100100
0101101000001010
101000000011011
0000111000011010
000101101111011
0010101100011011
000101000001010
0010001001001011
001001000101010
00010000001010
101000000011011
010010000001010
0010101110111011
110010000011010
01000100010010
110010110100010
0000101110011010
001010101001010
100010100111011
000011100111010
000010000011010
000001000001011
000010010001010
0110011010001010
10101000000010
00101101010011
1010100000001010
111001101011011
0010101011001010
010010000111010
00100100001010
010010001011011
10101000000101
001011000001010
101010000101011
0011100101001010
00001010000101
011001000011100
0010001000001011
101001011001010
1010100000011011
10101100101100001100100
0000011010010000110101
000001101000000110101
1000110010110101100101
0000110010010101100110
1000011010110001100101
00001100100101110101
1010111010100000110101
0100011010000001110100
010011010110001100011
001001010000000110101
0010010010000100100101
00000110101000110110100
0010011010010100100101
00000110000100100100
0000011010010010100101
00010010001101110100
1001110000000100101
0000110100101110100
0000100010010001110101
00001101000101000101
001010010000001100101
0000111010100001100101
001001101000001110101
000110111001000000110
001011100000000111101
1010010010110011100101
110001100010000010100
10000101000001110101
1000111010000100110100
10010000100100100
1000100010000010100
10011010000011001000
0010011010001100010101
00010101001001000101
001001010010101100101
00101101000110100111
111011001001011100100
01101110001010010000
1100100100000010100
0010110010100100110100
1011110010100001110110
101000010100000110100
1010010101100100100
000010100010110110100
00011001001000110100
0010111010101001110101
000110010011000100100
01011100101001011001010
000011001011001011101010
101111101010101011001010
00101100101001011101010
00001100101001011001010
100011001011001011101010
00001100101000001100010
101001101011001011101010
0001110101010101100010
001011001011001011101010
0011110001001011001010
00101100101001011101010
10101110101000011001011
00000110101001011101010
100011001001001100010
000111101011001011101010
0000110101100001110101
1000110010001011101010
0000110000100101100000
10010001011001011101010
1000110010100001101010
0100000101001011101010
0000010010000101100100
1010000000011000100
0110111010010100110100
100011101000010100100
001101011001101110111
0111010011000001110100
101001101101000110101
10000110100000000100
0000111010101011
00001010
1000101101001011
00101110101010111011
0100111011001011
01000011
0000101000100110111
0001111010100100010101
1011011010001010110101
1011101010000001100101
00100100010000011001011
0010011010010100110100
000111001000000100100
101101100110101100101
101001001000001110100
10101001101011111001
101011101011011111101010
000010010100100101010
101010110011010
000011001001100101
010011100011101110101
101001001001010100100
0001101001001010
0010110001011011011
0011110110000101110101
10100101001000110101
0010110011010110100
0100011010010010110101
101011000010100110100
1000011010100000100100
1011110010010100110101
0000111001011000100
11001101001000000100
0010011010100100110101
1000111010000010110101
011011101001001011001
00100001010001000101
0010011010010101101011
110011101000000000101
00001010110101110101
000111001001010
10100110101101011010
0010011010010100100100
001011010010001100100
001001101010000101101010
100111101101010100100
010011010100001100101
001001001001001110100
1010110010100000110100
1000011010100010110100
110001101001000011000
1100110010001011100101
01100100100101001101010
1010011011100100110111
1100111001001000110100
011011001100000110101
0000010100100010100
010001101001000110001
00100110100000110001
1011011010000000110100
001111001000100100101
001001001001001100100
0010011011000001100101
000000101000100110101
10000110100100000101
1001011010000000110100
00110100001011
000010100001011
1010011011011001110101
101001001001010110101
0100111010110101110101
100101011000001110100
00000001001010100111
010011101010000000100
00100110011010011000
101011101000010011000
101000010010011110100
000001101000001110100
1000111011000101010101
000001101000001100100
1010111010010101100101
1100110010100100110101
000001101000001110101
1100011010000000110100
1010110010001011000
010001001010000000100
000110010110100110100
0100111010010000110100
1010111010100101100100
0010101010100001010100
101000010010100
00100001
10011100100000100
10101010101
110000100010100100
1001101100
1000001001010101
1100110000
1100001001000100
1010000100
0000000010100110
1001100100
0000011010101010100
11111010110
110110101010010
0000000100
000001000010101
10001110100
100011101001001100
10000010
10011001001000000000
0000100010000001000101
1010011010010001000101
100001001001101000100
000101001000000000100
0010011010100001100100
0010110010000100110101
0111010010010001110100
000001101000110110100
0010011010000001110101
010100000000001100100
00001100000000100100
001010010000010100100
101010101000010110101
001010001000000101000
1000110010000101010100
0011111010010100100101
11011100100100100100
1001010010000100110100
0010111010000101100100
001011010001011100100
0000010010000000110100
1000011010100001100101
101001100100000100100
0110110010000001101101
1000110010010000100101
001101000000010110001
101011001000000011000
0000010010011010110101
101011101000110110101
11000100010101001101010
010011001010001011001011
010011000101000100101
1010011010001100100101
100010001000000100101
100100010001100110101
0100010010101001110101
010011000001001110101
100000010010010100100
10000110000000100101
000011001000000100100
0001000010000000100101
0000010000000000100
0000011010110100100101
0100010010110100100100
000001010100001100100
100011001000010110100
001001100010100110101
001001101011000110100
101011000010100110101
0000110010000000110100
010001001000100100101
000011010100000110100
1000011010010001110110
1000110000111000110100
00011101110010100100
1000110101100000100
10001001001010010110
101011001100100011000
0010110010001111110101
011011001101000110100
010011010010010110101
00001101001010110001
1000110010011010110101
0001000010100110110100
000001101011001110100
01111101000001110101
101001001000000010100
010110010100001100100
011010010000001110101
0000110010010001110100
001011000001000100101
00000010001001110101
10000000010001100101
000011010000101100100
000001001000010111001
0100111010101000100101
0100010010100010000100
100001101010011
0000000001001010
1000010000001011
001000001011010
1000111010000001110100
011101101000001110100
101010010010100110101
001011101000001101100
00000000000110100
0000110100000010100
0001011010000000100000
0110110100000111001
1010010010011011100100
000011001000001110010
0010011010010000110100
0001011010010100110100
0000011010010000110110
1010011010000000110100
000001001010101110100
00001100001010110101
000011010000100110100
1010111010000001110100
10110001000000010101
1010110000010100110101
000011010100000110100
0100101010000101110100
1010111010010101100110
0000010010011000100100
1011110010000001100101
1100110010110100000101
00100001011100110001
0000001010010101100100
0000110010010100100100
1010110010100101100100
0010110010000011100101
100001000100100100100
0011010010110010100100
10001110100010110000
101111000100010100101
0000011010110101100101
0010110010000101100100
010011000010100100
1000110010001001100101
101001101000001100100
100011101001000100100
01000101000000100100
0110110010000001110100
00101001000000000101
001011010001010100101
0100110010100011100100
10100100000000000101
0010111110010000100101
000011001010100100100
100111010010000110101
010011001001010000101
101001101011010110100
100001101011001001010
00001101100001100100
1000111010010110110100
00001101000101100101
1010001000000110101
1010101000010101100100
110111101000000110100
000110010010001100101
1100110010010011110100
101111001000010100000
100001101010000001101010
100001101010000001101011
10100110101001001101010
00100110101000100110100
001111011010101011001010
00001110101000011101011
000010101000000110011
1010110101101000101011
000001101011100001101011
101011001010000011101010
00011100101001010101010
0010010101001101101011
0000110100100011001010
001011101000001001011
0000011001001001001010
0001110010100100001011
0100011010101001001011
001011101010001001101010
0100100000001110101
100001101011010100101
0010011001010000100101
1010110010010001100101
000011101010001011001010
001001101001010000101
1010011010010100110100
00100110101001001100101
00100110101010000110100
00011100101000001001011
1000011010100001100101
0011110110010001110011
000111001000011110011
001011101000001100101
1010011000100000110101
000000010001101100101
101001100000001100101
1010110010000010100100
001001001000001100101
1010010010110001110101
00000001011010100000
101001100010101110010
0010110101010010001010
10011011101110100110011
011010101010001011001010
101100011000010011010
00001100101000001101011
000010101010101011101110
1010110001100100110010
00001110101010100110010
000011001100100101110
000111000000010100100
00101010101101001101010
100001101010101010101010
0000011010101011001010
000101101010000001101010
001011001000101010100
0000101000000110100
10000100100101001001
0101110100101100001001010000101
100011010110001010101
1100110010011101100101
011011001001001110101
01011001000000100101
10000000110100100101
1010111010110101110100
011011000010110110100
0010011011000001110101
10010100010101110100
0010101010010000110101
0011101000101010100
00001001011100000101
1010110100011001100101
10101101000011100101
0000010010110101110101
1000110010000011100100
0010110010100100100100
1011111010000101100101
101001101011101111001010
10101100100101001001010
001110010010011001010
10101100101000101001010
00001101001001110101
1100111010010101110101
1110011011010101100100
1000011000110101110100
1000010010000011100100
01000101001011100100
010001001000010110101
0110011010001001110100
100001010101011100100
100011010010011101100
0100011010101010110100
10000110101000000110100
1000011010000100110100
110011000000000110100
000001000000
0101011
001001010011010
00101011
0101010100010
10101010
100010101010010
01001010
1100111000001011
0010100
00010010001011
1001111
1001010000011
00101011
010010000010100
1010101
0001101001001010
10001010
1101101000011011
10000011
100110100001011
10000011
0000101111001010
10000011
1101101100011011
10000011
1000101001011011
10000011
110010100001010
10000011
1100101000001011
10000011
1001101110011010
10000011
0001101011001010
10000011
0101101001001010
10000011
11000000011011
10000011
110110101111010
10000011
100101000001010
10000011
1101110000100000100
00000110100110001000
010011000000001110101
01001010100100110101
0111100100010001000
0000001010110111110100
110001010010101110100
0000011010100100100100
101000101001000100101
010101010000100010101
1001101111111101000
0010110010010101100101
10110101010001010100
001001101001001010101
10011010100010101000
1000011010010100110100
00101010100000010101
10001110100001111001011
101001101000010011000
1001110010000001110101
01011001000101100100
010010010000001110101
00101110100000110101
0000110101000001110101
000110010001100110100
000110010000001110101
000001101100001100100
0010011010000001110101
0010110010010001100100
001001010100001110101
0010110010000100110001
100001101010000001110101
0100110010000100110001
00011000000001110101
0000110010000100100101
0000011010100001110101
101001000000001110101
000011000011001110100
1010111010000011110101
1010110010101001110101
100001101010001001101010
110001001011110011101011
01001110100000101100101
100111000100001100101
00100110101010001001011
00100110101010000110101
00011010010100110101
00101100101000001101110
101011001010001011001010
00100110100000011001010
0100110011000001101010
0001100101101001100110
00100001010100001101010
0000110010110000010100
1000010010000100110100
111001000110100110101
1000111010010000010101
1010011011010001110100
1000011010000001010100
1010011010010110110100
0000111010010100110101
1010011010010000110101
010011101000010111001
1010101010000001010100
0010111010010000110100
1010011010010100110101
0000011000000001100101
100001101000101110101
0010111010100101010101
0000101010010000110101
100001010101001100101
100101101000010010100
1000011010010100110101
100011101000101100101
0000011010010101110101
0010011010110100100101
0010111010000100110101
000011001000000011001
000001101000101110100
101001101001100010101
1011110101101000101
101001010110000110101
101001101011010011011011
000001101010001001101111
000010101000000110100
0010100010000101100101
000011001011000010101
1011110010100100110100
100001101011000110100
100011001011000110100
1001011010100011101011
10100110101000011001010
1000011010011101100100
00001101000000000100
1000101010110011001001
101000010010100100101
1100111010100001110100
0010010010100001100100
1000111010000101100101
10101110101000110101
101011101001101000100
101001101000000100101
11010001001100110100
10101001000101100101
110011100000101
10101010001011101010
011010101110011
0010100001001011010
0000101011000010
1001001100010001010
0000110111000010
000010100101010010
0000101011000010
0010000100100010010
000101011000010
1100111000001001010
1101101011000010
0100101000010101010
100011000011101010100
000001000100011000
00110101000010
00101011
0001001100010
01001010
10101010100010
10101010
0001001010001011
00111010
0000101110001010
00001010
01000101100100
10011011
110010100001011
1001011
1100101010111010
00001010
10000110011000000101
0010011010010001110101
110011001001001100100
1010111010100001100001
1100111010000001110100
00000110100000100100
001011101000000110001
0001011010000000110100
001001101010000010111
0010110010001001100101
0000111010010000110101
000011101000000110101
00000110101000001110101
1001010010100001110000
10100110010101101100100
101000011101000100100
001001101000101100100
11000001101000001110101
010001001000010000101
1010011010000100110101
10100110111100000100
0010011010000001100101
100110010010011001011
000111010011001100101
0010011010111000110100
1001111110110100110100
1000110010010100110100
00001100010100110100
00001001001000100100
00000110100000110101
1010010101110101101
000001100000101110101
0000100101011001001010
1010111001011011001010
100011010110100110001
10100110101000100110010
001011001010010011000
001000010000001110100
00001101001101100101
101000010010101100101
1000111010000001110000
0000100101010010100
00001010000001100100
000011001000001110100
1000110101010101100100
000001101000001010100
100010010010001100101
100011001000101100101
110111001001001100101
1000111010101101000100
100110010100101100101
00001010000001100100
1010101011001010
110010100000011
01111100100010000100
010011010010100110101
000001010011001110100
01000110101100111001
01101100100100011001
10001000000000110101
00100001100001101011
0000001011001010
00001100101010010101011
10001101001010
100101101001010000100
0000011000001101101
100011101000000110100
0010100001010111
00001100010001100100
10000101010101000
1010010101001001101011
1010101100101010
1001001010001010101011
00101001000001010000010
000101100101011
1001101000101010000101010001000011011
00010101001011
1010101000011000010101010001000011011
110010100101010
0010101000110110000101110001000011011
000101010101011
101010111001101010001000011011
00010111000100
110110111000101010001000011011
110001010101010
10101010100111010001000011011
010010100100101110100
000001010010100110100
10101010000011
100010000001000010101000101011
1011101000111011
10101011000010110010101000101011
1001101000001011
1000101010010100010101000101011
1100101101001010
10101010101010100010101000101011
1000101000101010
0001101001010100010101000101011
000101000101010
0011101001010100010101000101011
100010111100101100001011
0011100100101010
0000110000011010
0000101010011011
1001100010001010
1001101000011010
0101101110011010
0000100110011011
010000101000011
000000111100011
0101111010011011
0010100011001011
1011110010011011
100101000111011
1010101001001010
11010100010001010
000001000101010
000001000001010
1100111010011010
0001000100001011
0110000100001011
1000000000011011
0100111100001011
1000100100011010
000000100001010
101000010100010
0110000010011011
000010010001010
0100100010001010
0010100100001011
1100111000011010
1000100000011010
01000000001010
000000110001010
0010101010101010
01010100000010
0010001110101010
0000100010001010
000110001011010
0000000110111011
000101000101010
0000101000001011
0001100000001010
101010000001011
10011010100000101011
00100110101000100001010
1010000101010001101011
10101100101010100101010
10010110101010000110100
1010011010100001101010
100011100010100111100
001001101010100001101010
1010010101000010001010
001001101010000001101010
00000010101001110101
001011101010101001101010
0101110010011001110101
0100110010000000110100
1001101000100100101
1000110010001001110101
001001101000000100100
00111001000100110100
001001001001110110001
1010000100011001110101
0011110010100000110100
000011101011000010000
0110011010010101000100
0000011010100001100100
00101010110000101010
1000110010010101010
011000100101001101010
00010110101110101010
00100100101000101110
0100100101000100100
1000011010110000101
10101110101110101011
00011100101010001010
00001110101010101011
100011001011000011101010
000010100100001010
0000101000011011
100110101101101
100001011011010
1000101000001010
000011100011010
000000000011011
0100101011011010
100001000011011
0110101100001011
0000101011001011
000001001001011
000101000001011
11001100101111000001001
00100110101000001101011
10000110101000100110010
101011101010101011101010
110111101001000100100
1100010010100001100101
1010110010011001010100
1000011010000001110101
0000101000100110100
00100110100000000101
0000110000100001100100
000111101000100110101
101011010011011
0010000001011011
0100101000001010
1010100110011010
0101111101001010
0000101010111011
0100101110101011
1000101100101010
1000001010101010
1010101010001110
1000101000111010
0001101011001010
10001001100011
0100101000001011
0000001100001010
100010100101010
10101001001010
00000010
1100100000010
101001110111010011
10001010001010
11001010
010010100010011
110000010
000001110101111001010
001010000100001010
0010010001001001010
0010100001000101010
101001001011010
1010001010001011
0010011001001011
1000101110001011
0101010100100
10100010100100
0000110100011010
1001101010011011
110111000111010
1010100010001010
1100110010001010
01010100001101110011011
10010010001011
1000101100011010
1010111011011010
00111101010001010
11000011001010
1010000011011011
000011100001010
1010000100111010
101001000001011
0010100110001010
0110011000011010
0010001110011011
0010011010100000001010
100011001011010001101010
00011101010101011001010
00101101010000100011
010011101011100011001011
001001101011010001101010
0100110101010001001011
0101100110001001101010
00011101001111100100
000011010000101110100
00000110011001110101
001111001001010110000
001010100001000100
101000010111100110101
000101010010000110100
00101101000011010100
100011001010100110
001101001001000111000
1011010110101100000
0000011010000100110100
1100011010000101100101
01100011010110000110101
001001100110101100101
10010010100001100100
001011101011001110100
100011101000000000101
0000001110000100110100
1111001100100101100100
10000110100110000001
0000110010000000110101
1000111000001011
000001100111001011
100110101100011
00001101101010011010
010101001001010
00000110101010001010
0000000110101001001101010
00101100101010011010
010010001010000001101010
00100110101010011010
0100111001001010
0010101111001011
100011010001010
10001001001011
1000110000001010
000010000111011
0000110001001010
0010100001001011
0001101000101011
0000101000001010
00010010100010
1010101010101011
010101001011010
100101001011010
1001101110011011
1010101010001010
101101100011010
000110011011010
100110101001011
100010110011011
010010100011010
0000101
10110111100010
0101011
10010100101110
0001010
10110110010100
0010010
10010110000010
1001010
00001101100010
0010101101001010
110010001100010
1000101001001010
0100110100001010
0010101001001010
0000100000010
1010101101001010
101001100000101
1010101110011010
101001101001100
1010101000001011
001000100000010
1000101001001011
1000011000001011
1010111001011011
000011000001010
1000101000011010
100010110011111
00010100001011
0000101001011011
01011011
10010100100100
00011010
0000101110001011
01001011
0000111100001011
1000100
000010100000011
00001011
101011001000100100
0010000100000011001
000001101010000110100
0010011010000001110100
0010111010100101100101
0001001000100
0000100
00110010101010111
010010100
000001100001010
00001010
000010100010100
00011001
10100101100101
10011010
110001011001010
1000101111011010
100110001001010
1010101000001010
110001100011010
101010100000010
00011001100010
101010011001011
110010101011010
0010000000001011
1101101010011010
1010100110011011
0001110010101101101101
0100110000010101110100
101011100001000101
0010111010000100110101
010110010001100100101
1000011010010100100101
100010000100000110101
110011001000010010100
000000001001010010101
000001101001100010101
00001100101100100110100
0000111010000000110101
101001101001100010001
1010111010000100110101
1000111010110101100101
101001101000001110101
1001110010010000111100
11000110101010101100100
000010011001011
0010000001001011
0100010000001010
100000000001010
000110000001010
0000101100011011
0001110010001011
0000101111001011
00011001001010
0000100111001011
0000100000001010
1000101111001011
0000111001001010
1000101111001011
0000010000011011
0000000000011010
00001000100100
0000100001011010
000010010011011
0010000001011010
010000000101100
0001001001011010
010101100100100
0000001011011010
0000000000011011
0000001011011010
101110100011011
101000111001010
0001011000001011
0000100010001010
10100101100110100100
0000110101000000101
100010100001011
10001101100010
100010100001011
000000000000001100011011
001001010000100110101
000011101010000011001010
10100100010000110101
0110011010011000100101
000101100000101100100
0000111000100001100100
1100111010001001100101
010011000001011001010
1010011010110100110111
001001101000000110100
1100100010001011
0000001110001010
110110100000010
1010001010001010
00101001001010
0010100010111010
110110100100100
0001001100011010
000000000010100001010
10100111000101000011011
10101110101001011101011
010110010100101100100
01011001010101011001011
10001110010101001101010
001001101011101011001011
101011101010001001101011
100011101010000011001010
1000100100110001110010
0011110010110001100100
10001101001011000101
0010110010000001110100
001011000101001110100
0100111010011110110100
10101110100000010101
000001101001010111000
0010101010000001110101
10000110000100100100
001001001011010100111
010010010000010000101
0011011010000001110101
000101010100000000101
0010110010010100100101
1010010010000001100100
1010110010000101100101
1010111001001001101011
010001101010101011101011
101011001010001011001011
101001001010000011101010
10000100101001011101011
010001100101010100011
100010110001010
0000011001001010010010
011101100001010
11001011
01010101001010
10001011
0101010110101
10101010
01010000001011
00001011
00111011001010101010
0010010000010101010
11101010101011101011
10101010001110101010
0001010110001010
1000000100011111
1001000001001010
000110001011011
1100101010101110
0000101000001010
1001011010001010
1001101010001011
1000011010001010
100000100011011
101011101001011
100001010111011
1000111000011010
000010101001011
110110011001010
11100000100011
100001101001011
100000010001011
00011001100010
101010011001011
110010101001010
1010000010011011
1000011000111010
01010111
0001101011011011
00011011
00010010001010
0011001
0001101000111010
11001010
10100010101110
000010100001011
100001011001011
00001011
1100101100001010
1010101010001010
110110011011010
110010000001010
101011101010100011101010
100001101010100011001010
100001101010000100000
001000010010110110101
1000011010101101110101
11001100100100111000
101010010010001100100
101001101000100110101
000101001000100110101
0011011010000000100101
000011001000000100101
1010110010000100110100
001010100101011
1000101100001011
001100010110100110111
1001011010011000110101
000010010000000110100
0010111011010100110100
110101101000000010101
0011010010110000110100
101001101001010100100
1000111010010001110101
00011101000101110100
1010111010110000110101
101010101000101110101
0010011010010110100100
1000111010000101110101
0010011010010001100000
00011000010001100101
001001101000001100100
10101110101010011100101
1110111010010101100100
10000101000001100101
1110111010010101100100
1000111010000101100101
1110111010010101100100
1000110010011000110101
1010111010010001100101
10001100000010000100
1100011010010001100100
10011100101000111000
1010111010010110110100
0000011000001011
0010101000001010
0001100100011011
0000100000001010
101011000010010
0000101011001010
10001000000000
10001101
110010110110101
00111100
000001101010001
0000101
000101001101010
1001011
110110101001010
10001011
110010101011110
10001010
010010111100100
10011010
0100101010001010
10011010
0001101110001010
10011010
0001101111001011
10011010
0010011000011011
10011010
1000101100101011
10011010
0010101001001010
10101011
0100101000001010
00001011
0000101011001010
1100100
001110100001010
1011011
0001101101001010
11001010
101000001101011
100101110100010
1000101100101011
1000111000111010
0001100010011011
1011100101100
01011010000000
101011101010011
0010011000101010
0000100000001010
1000011010010010110100
1000111010010010110101
10000010011010
1010101010011011
