GītGov, 1: 1;1 1;meghaiḥ meduram ambaram vanabhuvaḥ śyāmāḥ tamāladrumaiḥ naktam bhīruḥ ayam tvam eva tat imam rādhe gṛham prāpaya |;
GītGov, 1: 1;1 2;ittham nandanideśataḥ calitayoḥ pratyadhvakuñjadrumam rādhāmādhavayoḥ jayanti yamunākūle rahaḥkelayaḥ ||;
GītGov, 1: 1;2 1;vāgdevatācaritacitritacittasadmā padmāvatīcaraṇacāraṇacakravartī |;
GītGov, 1: 1;2 2;śrīvāsudevaratikelikathāsametam etam karoti jayadevakaviḥ prabandham ||;
GītGov, 1: 1;3 1;vācaḥ pallavayati umāpatidharaḥ saṃdarbhaśuddhim girām jānīte jayadevaḥ eva śaraṇaḥ ślāghyaḥ durūhadrute |;
GītGov, 1: 1;3 2;śṛṅgārottarasatprameyaracanaiḥ ācāryagovardhanaspardhī ko .pi na viśrutaḥ śrutidharaḥ dhoyī kavikṣmāpatiḥ ||;
GītGov, 1: 1;4 1;yadi harismaraṇe sarasam manaḥ yadi vilāsakalāsu kutūhalam |;
GītGov, 1: 1;4 2;madhurakomalakāntapadāvalīm śṛṇu tadā jayadevasarasvatīm ||;
GītGov, 1: 1;5 1;pralayapayodhijale dhṛtavān asi vedam vihitavahitracaritram akhedam |;
GītGov, 1: 1;5 2;keśava dhṛtamīnaśarīra jaya jagadīśa hare ||;
GītGov, 1: 1;6 1;kṣitiḥ ativipulatare tava tiṣṭhati pṛṣṭhe dharaṇidharaṇakiṇacakragariṣṭhe |;
GītGov, 1: 1;6 2;keśava dhṛtakacchaparūpa jaya jagadīśa hare ||;
GītGov, 1: 1;7 1;vasati daśanaśikhare dharaṇī tava lagnā śaśini kalaṅkakalā iva nimagnā |;
GītGov, 1: 1;7 2;keśava dhṛtaśūkararūpa jaya jagadīśa hare ||;
GītGov, 1: 1;8 1;tava karakamalavare nakham adbhutaśṛṅgam dalitahiraṇyakaśiputanubhṛṅgam ||;
GītGov, 1: 1;9 1;keśava dhṛtanaraharirūpa jaya jagadīśa hare ||;
GītGov, 1: 1;10 1;chalayasi vikramaṇe balim adbhutavāmana padanakhanīrajanitajanapāvana |;
GītGov, 1: 1;10 2;keśava dhṛtavāmanarūpa jaya jagadīśa hare ||;
GītGov, 1: 1;11 1;kṣatriyarudhiramaye jagat apagatapāpam snapayasi payasi śamitabhavatāpam ||;
GītGov, 1: 1;12 1;keśava dhṛtabhṛgupatirūpa jaya jagadīśa hare ||;
GītGov, 1: 1;13 1;vitarasi dikṣu raṇe dikpatikamanīyam daśamukhamaulibalim ramaṇīyam ||;
GītGov, 1: 1;14 1;keśava dhṛtarāmaśarīra jaya jagadīśa hare ||;
GītGov, 1: 1;15 1;vahasi vapuṣi viśade vasanam jaladābham halahatibhītimilitayamunābham ||;
GītGov, 1: 1;16 1;keśava dhṛtahaladhararūpa jaya jagadīśa hare ||;
GītGov, 1: 1;17 1;nindasi yajñavidheḥ ahaha śrutijātam sadayahṛdaya darśitapaśughātam ||;
GītGov, 1: 1;18 1;keśava dhṛtabuddhaśarīra jaya jagadīśa hare ||;
GītGov, 1: 1;19 1;mlecchanivahanidhane kalayasi karavālam dhūmaketum iva kim api karālam |;
GītGov, 1: 1;19 2;keśava dhṛtakalkiśarīra jaya jagadīśa hare ||;
GītGov, 1: 1;20 1;śrījayadevakaveḥ idam uditam udāram śṛṇu sukhadam śubhadam bhavasāram |;
GītGov, 1: 1;20 2;keśava dhṛtadaśavidharūpa jaya jagadīśa hare ||;
GītGov, 1: 1;21 1;vedān uddharate jagat nivahate bhūgolam udbibhrate daityam dārayate balim chalayate kṣatrakṣayam kurvate |;
GītGov, 1: 1;21 2;paulastyam jayate halam kalayate kāruṇyam ātanvate mlecchān mūrchayate daśākṛtikṛte kṛṣṇāya tubhyam namaḥ ||;
GītGov, 1: 1;22 1;śritakamalākucamaṇḍala dhṛtakuṇḍala e |;"Suśrutasaṃhitā" Su, 1, 19: 19 16 1;navadhānyamāṣatilakalāyakulatthaniṣpāvaharitakaśākāmlalavaṇakaṭukaguḍapiṣṭavikṛtivallūraśuṣkaśākājāvikānūpaudakamāṃsavasāśītodakakṛśarāpāyasadadhidugdhatakraprabhṛtīn pariharet ||;PARTLY;+ parihṛ - dhṛ;"Nibandhasaṃgraha" NiSaṃ zu Su, Sū., 46, 523.1: -1 1 0;guṇaḥ ||;PARTLY;+ guṇa - dhṛ;"Nibandhasaṃgraha" NiSaṃ zu Su, Sū., 1, 25.1: -1 1 0;tadyuktam teṣāmityādi ||;PARTLY;+ tad - dhṛ;"Nibandhasaṃgraha" NiSaṃ zu Su, Sū., 14, 26.1: -1 1 0;tatretyādi ||;PARTLY;+ tatra - dhṛ;"Nibandhasaṃgraha" NiSaṃ zu Su, Sū., 15, 23.3: -1 1 0;abhighātādityādi ||;PARTLY;+ ityādi - dhṛ;"Nibandhasaṃgraha" NiSaṃ zu Su, Śār., 3, 13.1: -1 1 0;sadyogṛhītetyādi ||;PARTLY;+ sadyas - dhṛ;"Nibandhasaṃgraha" NiSaṃ zu Su, Sū., 14, 6.2: -1 1 0;evetyādi ||;PARTLY;+ eva - dhṛ;"Nibandhasaṃgraha" NiSaṃ zu Su, Śār., 3, 5.1: -1 1 0;tatretyādi ||;PARTLY;+ tatra - dhṛ;"Nibandhasaṃgraha" NiSaṃ zu Su, Sū., 14, 28.2: -1 1 0;ityādi ||;PARTLY;+ ityādi - dhṛ;"Nibandhasaṃgraha" NiSaṃ zu Su, Sū., 14, 30.1: -1 1 0;ityādi ||;PARTLY;+ ityādi - dhṛ;"Nibandhasaṃgraha" NiSaṃ zu Su, Śār., 3, 8.2: -1 1 0;pīnetyādi ||;PARTLY;+ ityādi - dhṛ;"Nibandhasaṃgraha" NiSaṃ zu Su, Sū., 14, 5.3: -1 1 0;cātretyādi ||;PARTLY;+ atra - dhṛ;"Nibandhasaṃgraha" NiSaṃ zu Su, Sū., 14, 6.2: -1 1 0;evetyādi ||;PARTLY;+ ityādi - dhṛ;"Nibandhasaṃgraha" NiSaṃ zu Su, Sū., 14, 5.3: -1 1 0;cātretyādi ||;PARTLY;+ ityādi - dhṛ;"Nibandhasaṃgraha" NiSaṃ zu Su, Sū., 14, 4.1: -1 1 0;khalvityādi ||;PARTLY;+ khalu - dhṛ;"Nibandhasaṃgraha" NiSaṃ zu Su, Utt., 1, 8.1: -1 1 0;nikhilenetyādi ||;PARTLY;+ nikhilena - dhṛ;"Nibandhasaṃgraha" NiSaṃ zu Su, Sū., 1, 25.2: -1 1 0;vyādhihetuḥ ||;PARTLY;+ hetu - dhṛ;"Nibandhasaṃgraha" NiSaṃ zu Su, Śār., 3, 32.2: -1 1 0;ityādi ||;PARTLY;+ ityādi - dhṛ;"Nibandhasaṃgraha" NiSaṃ zu Su, Sū., 14, 20.1: -1 1 0;ityādi ||;PARTLY;+ ityādi - dhṛ;"Nibandhasaṃgraha" NiSaṃ zu Su, Sū., 14, 12.2: -1 1 0;ityādi ||;PARTLY;+ ityādi - dhṛ;"Nibandhasaṃgraha" NiSaṃ zu Su, Sū., 24, 9.2: -1 1 0;tatrānnāśraddhārocaketyādi ||;PARTLY;+ anna - dhṛ;"Nibandhasaṃgraha" NiSaṃ zu Su, Śār., 3, 15.2: -1 1 0;śabdārcirjalasaṃtānavad thūtkaraṇam ||;PARTLY;+ vat - dhṛ;"Nibandhasaṃgraha" NiSaṃ zu Su, Sū., 24, 10.3: -1 1 0;kupitānāmityādi ||;PARTLY;+ kup - dhṛ;"Nibandhasaṃgraha" NiSaṃ zu Su, Śār., 3, 28.2: -1 1 0;ityādi ||;PARTLY;+ ityādi - dhṛ;"Nibandhasaṃgraha" NiSaṃ zu Su, Sū., 24, 12.3: -1 1 0;cetyādi ||;PARTLY;+ ca - dhṛ;"Nibandhasaṃgraha" NiSaṃ zu Su, Sū., 24, 12.3: -1 1 0;cetyādi ||;PARTLY;+ ityādi - dhṛ;"Nibandhasaṃgraha" NiSaṃ zu Su, Utt., 1, 9.2: -1 1 0;ityādi ||;PARTLY;+ ityādi - dhṛ;"Nibandhasaṃgraha" NiSaṃ zu Su, Sū., 24, 11.2: -1 2 0;punararthe ||;PARTLY;+ punar - dhṛ;"Nibandhasaṃgraha" NiSaṃ zu Su, Sū., 24, 10.3: -1 2 0;srotovaiguṇyādityarthaḥ ||;PARTLY;+ srotas - dhṛ;"Nibandhasaṃgraha" NiSaṃ zu Su, Cik., 29, 12.32: -1 2 0;ekatamam ||;PARTLY;+ ekatama - dhṛ;"Nibandhasaṃgraha" NiSaṃ zu Su, Śār., 3, 30.1: -1 2 0;jāgartītyarthaḥ ||;PARTLY;+ jāgṛ - dhṛ;"Nibandhasaṃgraha" NiSaṃ zu Su, Śār., 3, 3.1: -1 2 0;somaguṇabhūyiṣṭham ||;PARTLY;+ soma - dhṛ;"Nibandhasaṃgraha" NiSaṃ zu Su, Sū., 24, 9.2: -1 2 0;annavidveṣaḥ ||;PARTLY;+ vidveṣa - dhṛ;"Nibandhasaṃgraha" NiSaṃ zu Su, Sū., 24, 10.3: -1 2 0;srotovaiguṇyādityarthaḥ ||;PARTLY;+ vaiguṇya - dhṛ;"Nibandhasaṃgraha" NiSaṃ zu Su, Śār., 3, 3.1: -1 2 0;somaguṇabhūyiṣṭham ||;PARTLY;+ guṇa - dhṛ;"Nibandhasaṃgraha" NiSaṃ zu Su, Śār., 3, 30.1: -1 2 0;jāgartītyarthaḥ ||;PARTLY;+ iti - dhṛ;"Nibandhasaṃgraha" NiSaṃ zu Su, Śār., 3, 4.1: -1 2 0;vākyopakrame ||;PARTLY;+ upakrama - dhṛ;"Nibandhasaṃgraha" NiSaṃ zu Su, Sū., 14, 30.1: -1 2 0;śītoṣṇavarṣalakṣaṇaḥ atyuṣṇakāle ||;PARTLY;+ uṣṇa - dhṛ;"Nibandhasaṃgraha" NiSaṃ zu Su, Sū., 24, 10.3: -1 2 0;srotovaiguṇyādityarthaḥ ||;PARTLY;+ artha - dhṛ;"Nibandhasaṃgraha" NiSaṃ zu Su, Sū., 1, 8.8: -1 2 0;āyuḥsthāpanam ||;PARTLY;+ āyus - dhṛ;"Nibandhasaṃgraha" NiSaṃ zu Su, Sū., 24, 6.2: -1 2 0;prahāraśaktijātāḥ ||;PARTLY;+ prahāra - dhṛ;"Nibandhasaṃgraha" NiSaṃ zu Su, Sū., 1, 8.8: -1 2 0;āyuḥsthāpanam ||;PARTLY;+ sthāpana - dhṛ;"Nibandhasaṃgraha" NiSaṃ zu Su, Sū., 14, 28.2: -1 2 0;nityagakāladoṣaḥ ||;PARTLY;+ kāla - dhṛ;"Nibandhasaṃgraha" NiSaṃ zu Su, Sū., 24, 6.2: -1 2 0;prahāraśaktijātāḥ ||;PARTLY;+ śakti - dhṛ;"Nibandhasaṃgraha" NiSaṃ zu Su, Sū., 24, 6.2: -1 2 0;prahāraśaktijātāḥ ||;PARTLY;+ jan - dhṛ;"Nibandhasaṃgraha" NiSaṃ zu Su, Utt., 1, 9.2: -1 2 0;saṃbandhaḥ ||;PARTLY;+ sambandha - dhṛ;"Nibandhasaṃgraha" NiSaṃ zu Su, Sū., 14, 16.1: -1 2 0;sambadhyate ||;PARTLY;+ sambandh - dhṛ;"Nibandhasaṃgraha" NiSaṃ zu Su, Sū., 14, 20.1: -1 2 0;kathyante ||;PARTLY;+ kathay - dhṛ;"Nibandhasaṃgraha" NiSaṃ zu Su, Sū., 1, 2.1: -1 2 0;ceti ||;PARTLY;+ iti - dhṛ;"Nibandhasaṃgraha" NiSaṃ zu Su, Sū., 14, 5.3: -1 2 0;ityucyate ||;PARTLY;+ iti - dhṛ;"Nibandhasaṃgraha" NiSaṃ zu Su, Sū., 14, 5.3: -1 2 0;ityucyate ||;PARTLY;+ vac - dhṛ;"Nibandhasaṃgraha" NiSaṃ zu Su, Śār., 3, 13.1: -1 3 0;klamaḥ ||;PARTLY;+ klama - dhṛ;"Nibandhasaṃgraha" NiSaṃ zu Su, Śār., 3, 12.2: -1 3 0;kāyaśuciḥ ||;PARTLY;+ kāya - dhṛ;"Nibandhasaṃgraha" NiSaṃ zu Su, Śār., 3, 21.2: -1 3 0;prāptetyādi ||;PARTLY;+ prāp - dhṛ;"Nibandhasaṃgraha" NiSaṃ zu Su, Śār., 3, 21.2: -1 3 0;prāptetyādi ||;PARTLY;+ ityādi - dhṛ;"Nibandhasaṃgraha" NiSaṃ zu Su, Śār., 3, 4.1: -1 3 0;viśiṣṭasparśecchāsamārabdhaprayoge ||;PARTLY;+ sparśa - dhṛ;"Nibandhasaṃgraha" NiSaṃ zu Su, Sū., 14, 30.1: -1 3 0;atisvedite ||;PARTLY;+ sveday - dhṛ;"Nibandhasaṃgraha" NiSaṃ zu Su, Śār., 3, 4.1: -1 3 0;viśiṣṭasparśecchāsamārabdhaprayoge ||;PARTLY;+ icchā - dhṛ;"Nibandhasaṃgraha" NiSaṃ zu Su, Sū., 24, 5.5: -1 3 0;duṣṭaśukraśoṇitabalajātāḥ ||;PARTLY;+ śoṇita - dhṛ;"Nibandhasaṃgraha" NiSaṃ zu Su, Sū., 24, 5.5: -1 3 0;duṣṭaśukraśoṇitabalajātāḥ ||;PARTLY;+ bala - dhṛ;"Nibandhasaṃgraha" NiSaṃ zu Su, Sū., 14, 18.1: -1 3 0;kusumakalikāmadhyasthaḥ ||;PARTLY;+ kusuma - dhṛ;"Nibandhasaṃgraha" NiSaṃ zu Su, Sū., 14, 19.1: -1 3 0;paripakvaśarīratvāt ||;PARTLY;+ paripakva - dhṛ;"Nibandhasaṃgraha" NiSaṃ zu Su, Sū., 14, 16.1: -1 3 0;sūkṣmaprakāreṇa ||;PARTLY;+ prakāra - dhṛ;"Nibandhasaṃgraha" NiSaṃ zu Su, Sū., 14, 21.2: -1 3 0;kṛtvetyarthaḥ ||;PARTLY;+ artha - dhṛ;"Nibandhasaṃgraha" NiSaṃ zu Su, Sū., 14, 19.1: -1 3 0;paripakvaśarīratvāt ||;PARTLY;+ tva - dhṛ;"Nibandhasaṃgraha" NiSaṃ zu Su, Sū., 14, 18.1: -1 3 0;kusumakalikāmadhyasthaḥ ||;PARTLY;+ stha - dhṛ;"Nibandhasaṃgraha" NiSaṃ zu Su, Sū., 1, 3.1: -1 3 0;niścayārthaḥ ||;PARTLY;+ artha - dhṛ;"Nibandhasaṃgraha" NiSaṃ zu Su, Sū., 14, 26.1: -1 4 0;nātimahāmukhaśastrakṛtam ||;PARTLY;+ ati - dhṛ;"Nibandhasaṃgraha" NiSaṃ zu Su, Sū., 24, 9.2: -1 4 0;hṛdayotkledo.sakṛtṣṭhīvanam ||;PARTLY;+ ṣṭhīvana - dhṛ;"Nibandhasaṃgraha" NiSaṃ zu Su, Sū., 24, 6.2: -1 4 0;duṣṭavyāghrādayaḥ ||;PARTLY;+ vyāghra - dhṛ;"Nibandhasaṃgraha" NiSaṃ zu Su, Sū., 24, 12.3: -1 4 0;jvarātīsāraśoṣādayaḥ ||;PARTLY;+ śoṣa - dhṛ;"Nibandhasaṃgraha" NiSaṃ zu Su, Sū., 1, 25.3: -1 4 0;paṭhanti ||;PARTLY;+ paṭh - dhṛ;"Nibandhasaṃgraha" NiSaṃ zu Su, Sū., 15, 23.3: -1 4 0;hṛdayamucyate ||;PARTLY;+ hṛdaya - dhṛ;"Nibandhasaṃgraha" NiSaṃ zu Su, Sū., 24, 5.5: -1 4 0;śukraśoṇitasthitavātādidoṣajanitāḥ ||;PARTLY;+ śoṇita - dhṛ;"Nibandhasaṃgraha" NiSaṃ zu Su, Sū., 15, 23.3: -1 4 0;hṛdayamucyate ||;PARTLY;+ vac - dhṛ;"Nibandhasaṃgraha" NiSaṃ zu Su, Sū., 24, 5.5: -1 4 0;śukraśoṇitasthitavātādidoṣajanitāḥ ||;PARTLY;+ sthā - dhṛ;"Nibandhasaṃgraha" NiSaṃ zu Su, Śār., 3, 3.1: -1 4 0;ityādi ||;PARTLY;+ ityādi - dhṛ;"Nibandhasaṃgraha" NiSaṃ zu Su, Sū., 14, 17.1: -1 4 0;svabalaguṇotkarṣāt ||;PARTLY;+ sva - dhṛ;"Nibandhasaṃgraha" NiSaṃ zu Su, Utt., 1, 9.2: -1 4 0;sādhyāsādhyaparipāṭyā ||;PARTLY;+ sādhay - dhṛ;"Nibandhasaṃgraha" NiSaṃ zu Su, Utt., 1, 9.2: -1 4 0;sādhyāsādhyaparipāṭyā ||;PARTLY;+ asādhya - dhṛ;"Nibandhasaṃgraha" NiSaṃ zu Su, Sū., 1, 25.2: -1 4 0;nānye ||;PARTLY;+ na - dhṛ;"Nibandhasaṃgraha" NiSaṃ zu Su, Sū., 24, 11.2: -1 4 0;vyākhyānayanti ||;PARTLY;+ vyākhyānay - dhṛ;"Nibandhasaṃgraha" NiSaṃ zu Su, Sū., 24, 7.5: -1 4 0;yathārogamevopacāraḥ ||;PARTLY;+ yathā - dhṛ;"Nibandhasaṃgraha" NiSaṃ zu Su, Śār., 3, 32.2: -1 4 0;karoti ||;PARTLY;+ kṛ - dhṛ;"Nibandhasaṃgraha" NiSaṃ zu Su, Sū., 14, 3.4: -1 4 0;ityarthaḥ ||;PARTLY;+ artha - dhṛ;"Nibandhasaṃgraha" NiSaṃ zu Su, Sū., 14, 26.1: -1 5 0;tulyarekham ||;PARTLY;+ tulya - dhṛ;"Nibandhasaṃgraha" NiSaṃ zu Su, Sū., 24, 12.3: -1 5 0;bhinnakrame ||;PARTLY;+ bhinnakrama - dhṛ;"Nibandhasaṃgraha" NiSaṃ zu Su, Sū., 14, 30.1: -1 5 0;śiraḥśūlam ||;PARTLY;+ śūla - dhṛ;"Nibandhasaṃgraha" NiSaṃ zu Su, Sū., 1, 3.1: -1 5 0;upodayavākyatvācca ||;PARTLY;+ ca - dhṛ;"Nibandhasaṃgraha" NiSaṃ zu Su, Sū., 24, 11.2: -1 5 0;paṭhanti ||;PARTLY;+ paṭh - dhṛ;"Nibandhasaṃgraha" NiSaṃ zu Su, Śār., 3, 18.1: -1 5 0;iti ||;PARTLY;+ iti - dhṛ;"Nibandhasaṃgraha" NiSaṃ zu Su, Śār., 3, 5.1: -1 5 0;cirāyuṣaḥ ||;PARTLY;+ āyus - dhṛ;"Nibandhasaṃgraha" NiSaṃ zu Su, Sū., 14, 26.1: -1 6 0;adūragatikam ||;PARTLY;+ adūra - dhṛ;"Nibandhasaṃgraha" NiSaṃ zu Su, Śār., 3, 3.1: -1 6 0;parasparopakārādityādi ||;PARTLY;+ ityādi - dhṛ;"Nibandhasaṃgraha" NiSaṃ zu Su, Sū., 14, 3.4: -1 6 0;sūkṣmasroto.nusārītyarthaḥ ||;PARTLY;+ sūkṣma - dhṛ;"Nibandhasaṃgraha" NiSaṃ zu Su, Sū., 14, 16.1: -1 6 0;ityarthaḥ ||;PARTLY;+ iti - dhṛ;"Nibandhasaṃgraha" NiSaṃ zu Su, Sū., 24, 7.5: -1 6 0;ityarthaḥ ||;PARTLY;+ artha - dhṛ;"Nibandhasaṃgraha" NiSaṃ zu Su, Sū., 24, 8.4: -1 6 0;kāraṇam ||;PARTLY;+ kāraṇa - dhṛ;"Nibandhasaṃgraha" NiSaṃ zu Su, Śār., 3, 34: -1 6 0;iti ||;PARTLY;+ iti - dhṛ;"Nibandhasaṃgraha" NiSaṃ zu Su, Śār., 3, 5.1: -1 6 0;sārthakameva ||;PARTLY;+ eva - dhṛ;"Nibandhasaṃgraha" NiSaṃ zu Su, Sū., 14, 15.3: -1 6 3;iti ||;PARTLY;+ iti - dhṛ;"Nibandhasaṃgraha" NiSaṃ zu Su, Sū., 14, 6.2: -1 7 0;varṣāṇi ||;PARTLY;+ varṣa - dhṛ;"Nibandhasaṃgraha" NiSaṃ zu Su, Sū., 14, 28.2: -1 7 0;styānatvāt ||;PARTLY;+ styāna - dhṛ;"Nibandhasaṃgraha" NiSaṃ zu Su, Sū., 14, 21.2: -1 7 0;ityanye ||;PARTLY;+ iti - dhṛ;"Nibandhasaṃgraha" NiSaṃ zu Su, Sū., 14, 16.1: -1 7 0;iti ||;PARTLY;+ iti - dhṛ;"Nibandhasaṃgraha" NiSaṃ zu Su, Utt., 1, 8.1: -1 8 0;agniveśabheḍajātūkarṇaparāśarahārītakṣārapāṇiproktāsu ||;PARTLY;+ jātūkarṇa - dhṛ;"Nibandhasaṃgraha" NiSaṃ zu Su, Sū., 1, 25.2: -1 8 0;upekṣitam ||;PARTLY;+ upekṣ - dhṛ;"Nibandhasaṃgraha" NiSaṃ zu Su, Sū., 24, 8.4: -1 8 0;viṃśatirmahadādyāḥ ||;PARTLY;+ viṁśati - dhṛ;"Nibandhasaṃgraha" NiSaṃ zu Su, Sū., 14, 28.2: -1 8 0;pīḍitānām ||;PARTLY;+ pīḍay - dhṛ;"Nibandhasaṃgraha" NiSaṃ zu Su, Sū., 14, 30.1: -1 8 0;sarvatraivātihṛtam ||;PARTLY;+ sarvatra - dhṛ;"Nibandhasaṃgraha" NiSaṃ zu Su, Sū., 24, 12.3: -1 8 0;caturviṃśatitamo.dhyāyaḥ ||;PARTLY;+ caturviṁśatitama - dhṛ;"Nibandhasaṃgraha" NiSaṃ zu Su, Śār., 3, 32.2: -1 8 1;yathākramam |;PARTLY;+ yathākramam - dhṛ;"Nibandhasaṃgraha" NiSaṃ zu Su, Sū., 14, 10.2: -1 9 0;iti ||;PARTLY;+ iti - dhṛ;"Nibandhasaṃgraha" NiSaṃ zu Su, Sū., 24, 9.2: -1 9 0;granthītyādi ||;PARTLY;+ granthi - dhṛ;"Nibandhasaṃgraha" NiSaṃ zu Su, Sū., 14, 16.1: -1 9 0;iti ||;PARTLY;+ iti - dhṛ;"Nibandhasaṃgraha" NiSaṃ zu Su, Sū., 1, 2.1: -1 9 0;āyurvedotpattimiti ||;PARTLY;+ āyurveda - dhṛ;"Nibandhasaṃgraha" NiSaṃ zu Su, Śār., 3, 28.2: -1 9 0;piṇḍārthaḥ ||;PARTLY;+ piṇḍa - dhṛ;"Nibandhasaṃgraha" NiSaṃ zu Su, Sū., 24, 9.2: -1 10 0;adhyasthyadhidantetyādi ||;PARTLY;+ adhyasthi - dhṛ;"Nibandhasaṃgraha" NiSaṃ zu Su, Sū., 24, 11.2: -1 10 0;parityajyetyarthaḥ ||;PARTLY;+ iti - dhṛ;"Nibandhasaṃgraha" NiSaṃ zu Su, Sū., 24, 9.2: -1 10 0;adhyasthyadhidantetyādi ||;PARTLY;+ ityādi - dhṛ;"Nibandhasaṃgraha" NiSaṃ zu Su, Sū., 1, 2.1: -1 10 0;tvabhūtaprādurbhāvaḥ ||;PARTLY;+ tu - dhṛ;"Nibandhasaṃgraha" NiSaṃ zu Su, Utt., 1, 8.1: -1 10 0;unmādādayaḥ ||;PARTLY;+ ādi - dhṛ;"Nibandhasaṃgraha" NiSaṃ zu Su, Sū., 1, 2.1: -1 10 0;tvabhūtaprādurbhāvaḥ ||;PARTLY;+ prādurbhāva - dhṛ;"Nibandhasaṃgraha" NiSaṃ zu Su, Sū., 14, 15.3: -1 10 0;ityarthaḥ ||;PARTLY;+ artha - dhṛ;"Nibandhasaṃgraha" NiSaṃ zu Su, Sū., 24, 8.4: -1 10 0;pṛthagbhavantītyarthaḥ ||;PARTLY;+ bhū - dhṛ;"Nibandhasaṃgraha" NiSaṃ zu Su, Utt., 1, 8.1: -1 11 0;āgantukatvam ||;PARTLY;+ āgantuka - dhṛ;"Nibandhasaṃgraha" NiSaṃ zu Su, Utt., 1, 8.1: -1 11 0;āgantukatvam ||;PARTLY;+ tva - dhṛ;"Nibandhasaṃgraha" NiSaṃ zu Su, Sū., 14, 3.4: -1 12 0;arthaḥ ||;PARTLY;+ artha - dhṛ;"Nibandhasaṃgraha" NiSaṃ zu Su, Sū., 24, 7.5: -1 13 0;ityarthaḥ ||;PARTLY;+ iti - dhṛ;"Nibandhasaṃgraha" NiSaṃ zu Su, Sū., 14, 21.2: -1 14 0;styānatvarahitam ||;PARTLY;+ rahita - dhṛ;"Nibandhasaṃgraha" NiSaṃ zu Su, Śār., 3, 4.1: -1 14 0;guṇaiḥ ||;PARTLY;+ guṇa - dhṛ;"Nibandhasaṃgraha" NiSaṃ zu Su, Śār., 3, 28.2: -1 14 0;paśavaḥ ||;PARTLY;+ paśu - dhṛ;"Nibandhasaṃgraha" NiSaṃ zu Su, Cik., 29, 12.32: -1 15 0;kuḍavapramāṇam ||;PARTLY;+ kuḍava - dhṛ;"Nibandhasaṃgraha" NiSaṃ zu Su, Sū., 14, 3.4: -1 15 0;anugacchataḥ ||;PARTLY;+ anugam - dhṛ;"Nibandhasaṃgraha" NiSaṃ zu Su, Śār., 3, 18.1: -1 15 0;śabdasparśarūparasagandhāḥ ||;PARTLY;+ śabda - dhṛ;"Nibandhasaṃgraha" NiSaṃ zu Su, Sū., 1, 2.1: -1 15 0;yojanīyam ||;PARTLY;+ yuj - dhṛ;"Nibandhasaṃgraha" NiSaṃ zu Su, Cik., 29, 12.32: -1 15 0;kuḍavapramāṇam ||;PARTLY;+ pramāṇa - dhṛ;"Nibandhasaṃgraha" NiSaṃ zu Su, Śār., 3, 18.1: -1 15 0;śabdasparśarūparasagandhāḥ ||;PARTLY;+ sparśa - dhṛ;"Nibandhasaṃgraha" NiSaṃ zu Su, Śār., 3, 18.1: -1 15 0;śabdasparśarūparasagandhāḥ ||;PARTLY;+ rūpa - dhṛ;"Nibandhasaṃgraha" NiSaṃ zu Su, Sū., 1, 3.1: -1 15 0;doṣaḥ ||;PARTLY;+ doṣa - dhṛ;"Nibandhasaṃgraha" NiSaṃ zu Su, Sū., 1, 2.1: -1 16 0;yādṛguktavān ||;PARTLY;+ vac - dhṛ;"Nibandhasaṃgraha" NiSaṃ zu Su, Śār., 3, 28.2: -1 16 0;icchum ||;PARTLY;+ icchu - dhṛ;"Nibandhasaṃgraha" NiSaṃ zu Su, Śār., 3, 28.2: -1 17 0;amocakam ||;PARTLY;+ amocaka - dhṛ;"Nibandhasaṃgraha" NiSaṃ zu Su, Śār., 3, 4.1: -1 17 0;iti ||;PARTLY;+ iti - dhṛ;"Nibandhasaṃgraha" NiSaṃ zu Su, Sū., 14, 21.2: -1 18 0;styānatvāt ||;PARTLY;+ tva - dhṛ;"Nibandhasaṃgraha" NiSaṃ zu Su, Sū., 1, 2.1: -1 18 0;yadyapyadhyāyādau ||;PARTLY;+ yadi - dhṛ;"Nibandhasaṃgraha" NiSaṃ zu Su, Sū., 24, 7.5: -1 18 0;ityarthaḥ ||;PARTLY;+ artha - dhṛ;"Nibandhasaṃgraha" NiSaṃ zu Su, Sū., 14, 3.4: -1 18 0;tasminnityādi ||;PARTLY;+ ityādi - dhṛ;"Nibandhasaṃgraha" NiSaṃ zu Su, Sū., 24, 8.4: -1 18 0;nānātvamityarthaḥ ||;PARTLY;+ nānātva - dhṛ;"Nibandhasaṃgraha" NiSaṃ zu Su, Sū., 24, 9.2: -1 18 0;janmetyarthaḥ ||;PARTLY;+ janman - dhṛ;"Nibandhasaṃgraha" NiSaṃ zu Su, Sū., 24, 7.5: -1 19 0;kṣutpipāsetyādi ||;PARTLY;+ ityādi - dhṛ;"Nibandhasaṃgraha" NiSaṃ zu Su, Cik., 29, 12.32: -1 19 0;yamaḥ ||;PARTLY;+ yama - dhṛ;"Nibandhasaṃgraha" NiSaṃ zu Su, Śār., 3, 4.1: -1 19 0;durbodhatvajñāpanārtham ||;PARTLY;+ durbodha - dhṛ;"Nibandhasaṃgraha" NiSaṃ zu Su, Sū., 14, 3.4: -1 20 0;icchā ||;PARTLY;+ icchā - dhṛ;"Nibandhasaṃgraha" NiSaṃ zu Su, Śār., 3, 28.2: -1 21 0;camarānūkaḥ ||;PARTLY;+ camara - dhṛ;"Nibandhasaṃgraha" NiSaṃ zu Su, Śār., 3, 28.2: -1 21 0;camarānūkaḥ ||;PARTLY;+ anūka - dhṛ;"Nibandhasaṃgraha" NiSaṃ zu Su, Sū., 24, 9.2: -1 22 0;strīviṣaye.nabhilāṣaḥ ||;PARTLY;+ viṣaya - dhṛ;"Nibandhasaṃgraha" NiSaṃ zu Su, Sū., 24, 9.2: -1 22 0;strīviṣaye.nabhilāṣaḥ ||;PARTLY;+ anabhilāṣa - dhṛ;"Nibandhasaṃgraha" NiSaṃ zu Su, Cik., 29, 12.32: -1 22 0;kuryādityarthaḥ ||;PARTLY;+ artha - dhṛ;"Nibandhasaṃgraha" NiSaṃ zu Su, Sū., 24, 7.5: -1 24 0;akālakṛtāḥ ||;PARTLY;+ akāla - dhṛ;"Nibandhasaṃgraha" NiSaṃ zu Su, Sū., 14, 21.2: -1 24 0;nibandheṣu ||;PARTLY;+ nibandha - dhṛ;"Nibandhasaṃgraha" NiSaṃ zu Su, Sū., 24, 7.5: -1 24 0;akālakṛtāḥ ||;PARTLY;+ kṛ - dhṛ;"Nibandhasaṃgraha" NiSaṃ zu Su, Cik., 29, 12.32: -1 30 0;jejjaṭaḥ ||;PARTLY;+ jejjaṭa - dhṛ;"Nibandhasaṃgraha" NiSaṃ zu Su, Śār., 3, 4.1: -1 31 0;śrāddhādibhojanaṃ śarīrādisaṃyogadhāraṇahetutvāt ||;PARTLY;+ ādi - dhṛ;"Rājanighaṇṭu" RājNigh, 9: 9 223 1;iti mūlakandaphalapattrasundarakramanāmatadguṇanirūpaṇolvaṇam |;PARTLY;+ iti - dhṛ;"Rājanighaṇṭu" RājNigh, 13: 13 261 1;itthaṃ nānāphalatarulatānāmatattadguṇādivyaktākhyānapraguṇaracanācārusaurabhyasāram |;PARTLY;+ ittham - dhṛ;"Rājanighaṇṭu" RājNigh, 18: 18 54 2;sthūlataṇḍulasambhūtāgandho bahalagandhakṛt ||;PARTLY;+ bahalagandhakṛt - dhṛ;"Rājanighaṇṭu" RājNigh, 18: 18 163 1;itthaṃ prasiddhataradhānyaguṇābhidhānavīryābhivarṇanaviśṛṅkhalavāgvilāsam |;PARTLY;+ ittham - dhṛ;"Rājanighaṇṭu" RājNigh, 20: 20 123 1;iti paśupatipādāmbhojasevāsamādhipratisamayasamutthānandasaukhyaikasīmnā |;PARTLY;+ iti - dhṛ;"Rājanighaṇṭu" RājNigh, 23: 23 107 1;itthaṃ sattvarajastamastriguṇikānukrāntadoṣatrayaprakrāntocitakāladeśakalanābhikhyānasukhyāpitam |;PARTLY;+ ittham - dhṛ;"Rājanighaṇṭu" RājNigh, 25, 3: 27 27 2;lodhre pūgīphale caiva tūle ca kramukaḥ smṛtaḥ ||;PARTLY;+  - dhṛ;"Aṣṭāṅgahṛdayasaṃhitā" AHS, 1, 7: 7 56 2;grīṣme vāyucayādānaraukṣyarātryalpabhāvataḥ ||;PARTLY;+ grīṣma - dhṛ;"Aṣṭāṅgahṛdayasaṃhitā" AHS, 1, 10: 10 25 2;amlo dhātrīphalāmlīkāmātuluṅgāmlavetasam ||;PARTLY;+ amla - dhṛ;"Aṣṭāṅgahṛdayasaṃhitā" AHS, 1, 22: 22 17 1;vivarjayed divāsvapnabhāṣyāgnyātapaśukkrudhaḥ |;PARTLY;+ vivarjay - dhṛ;"Aṣṭāṅgahṛdayasaṃhitā" AHS, 6, 3: 83 24 2;dṛṣṭeḥ sādātirukkaṇḍūpothakījanmaśūnatāḥ ||;PARTLY;+ dṛṣṭi - dhṛ;"Sarvāṅgasundarā" SarvSund zu AHS, Sū., 9, 1.2: 2 1 0;tur avadhāraṇe ||;PARTLY;+ avadhāraṇa - dhṛ;"Sarvāṅgasundarā" SarvSund zu AHS, Sū., 9, 1.2: 2 24 0;iti ||;PARTLY;+ iti - dhṛ;"Sarvāṅgasundarā" SarvSund zu AHS, Sū., 9, 1.2: 2 53 0;iti ||;PARTLY;+ iti - dhṛ;"Sarvāṅgasundarā" SarvSund zu AHS, Sū., 9, 1.2: 2 84 0;iti ||;PARTLY;+ iti - dhṛ;"Sarvāṅgasundarā" SarvSund zu AHS, Sū., 9, 2.2: 4 5 0;iti ||;PARTLY;+ iti - dhṛ;"Sarvāṅgasundarā" SarvSund zu AHS, Sū., 9, 3.1: 6 11 0;iti ||;PARTLY;+ iti - dhṛ;"Sarvāṅgasundarā" SarvSund zu AHS, Sū., 9, 3.1: 6 19 0;iti ||;PARTLY;+ iti - dhṛ;"Sarvāṅgasundarā" SarvSund zu AHS, Sū., 9, 4.1: 7 6 0;brūmahe ||;PARTLY;+ brū - dhṛ;"Sarvāṅgasundarā" SarvSund zu AHS, Sū., 9, 18.1: 23 7 0;iti ||;PARTLY;+ iti - dhṛ;"Sarvāṅgasundarā" SarvSund zu AHS, Sū., 9, 24.2: 28 8 0;iti ||;PARTLY;+ iti - dhṛ;"Sarvāṅgasundarā" SarvSund zu AHS, Sū., 9, 26.1: 30 6 1;iti ||;PARTLY;+ iti - dhṛ;"Sarvāṅgasundarā" SarvSund zu AHS, Sū., 9, 27.1: 31 6 0;iti ||;PARTLY;+ iti - dhṛ;"Sarvāṅgasundarā" SarvSund zu AHS, Sū., 9, 28.1: 32 14 0;iti ||;PARTLY;+ iti - dhṛ;"Sarvāṅgasundarā" SarvSund zu AHS, Sū., 9, 29: 33 11 0;iti ||;PARTLY;+ iti - dhṛ;"Sarvāṅgasundarā" SarvSund zu AHS, Sū., 9, 29: 33 13 0;iti ||;PARTLY;+ iti - dhṛ;"Sarvāṅgasundarā" SarvSund zu AHS, Sū., 9, 29: 33 21 0;iti ||;PARTLY;+ iti - dhṛ;"Sarvāṅgasundarā" SarvSund zu AHS, Sū., 15, 6.2: 39 6 0;gundrā padaerakaḥ ||;PARTLY;+ gundrā - dhṛ;"Sarvāṅgasundarā" SarvSund zu AHS, Sū., 16, 11.2: 53 1 0;tur viśeṣe ||;PARTLY;+ viśeṣa - dhṛ;"Sarvāṅgasundarā" SarvSund zu AHS, Sū., 16, 15.1: 60 14 0;iti ||;PARTLY;+ iti - dhṛ;"Sarvāṅgasundarā" SarvSund zu AHS, Sū., 16, 18.2: 64 12 2;iti |;PARTLY;+ iti - dhṛ;"Sarvāṅgasundarā" SarvSund zu AHS, Sū., 16, 18.2: 64 20 0;iti ||;PARTLY;+ iti - dhṛ;"Sarvāṅgasundarā" SarvSund zu AHS, Sū., 16, 19.2: 66 13 0;iti ||;PARTLY;+ iti - dhṛ;"Sarvāṅgasundarā" SarvSund zu AHS, Sū., 16, 22.2: 69 6 0;iti ||;PARTLY;+ iti - dhṛ;"Sarvāṅgasundarā" SarvSund zu AHS, Utt., 39, 10.2: 75 7 0;iti ||;PARTLY;+ iti - dhṛ;"Sarvāṅgasundarā" SarvSund zu AHS, Utt., 39, 10.2: 75 11 0;iti ||;PARTLY;+ iti - dhṛ;"Sarvāṅgasundarā" SarvSund zu AHS, Utt., 39, 32.2: 81 5 0;indravajrā ||;PARTLY;+ indravajrā - dhṛ;"Sarvāṅgasundarā" SarvSund zu AHS, Utt., 39, 53.2: 88 12 0;upajātiḥ ||;PARTLY;+ upajāti - dhṛ;"Sarvāṅgasundarā" SarvSund zu AHS, Utt., 39, 78.2: 99 7 0;mālinī ||;PARTLY;+ mālinī - dhṛ;"Sarvāṅgasundarā" SarvSund zu AHS, Utt., 39, 79.2: 100 2 0;vasantatilakam ||;PARTLY;+ vasantatilaka - dhṛ;"Sarvāṅgasundarā" SarvSund zu AHS, Utt., 39, 107.2: 117 3 0;mālinī ||;PARTLY;+ mālinī - dhṛ;"Sarvāṅgasundarā" SarvSund zu AHS, Utt., 39, 108.2: 118 2 0;upajātiḥ ||;PARTLY;+ upajāti - dhṛ;"Sarvāṅgasundarā" SarvSund zu AHS, Utt., 39, 110.2: 119 3 0;indravajrā ||;PARTLY;+ indravajrā - dhṛ;"Ayurvedarasāyana" Ayurvedarasāyana zu AHS, Sū., 9, 1.1: 1 11 2;iti ||;PARTLY;+ iti - dhṛ;"Ayurvedarasāyana" Ayurvedarasāyana zu AHS, Sū., 9, 3.1: 6 7 0;iti ||;PARTLY;+ iti - dhṛ;"Ayurvedarasāyana" Ayurvedarasāyana zu AHS, Sū., 9, 4.1: 7 6 0;iti ||;PARTLY;+ iti - dhṛ;"Ayurvedarasāyana" Ayurvedarasāyana zu AHS, Sū., 9, 4.1: 7 17 0;ityādi ||;PARTLY;+ ityādi - dhṛ;"Ayurvedarasāyana" Ayurvedarasāyana zu AHS, Sū., 9, 11.2: 15 17 0;iti ||;PARTLY;+ iti - dhṛ;"Ayurvedarasāyana" Ayurvedarasāyana zu AHS, Sū., 9, 13.1: 18 6 0;iti ||;PARTLY;+ iti - dhṛ;"Ayurvedarasāyana" Ayurvedarasāyana zu AHS, Sū., 9, 21.2: 26 11 0;iti ||;PARTLY;+ iti - dhṛ;"Ayurvedarasāyana" Ayurvedarasāyana zu AHS, Sū., 9, 21.2: 26 14 0;iti ||;PARTLY;+ iti - dhṛ;"Ayurvedarasāyana" Ayurvedarasāyana zu AHS, Sū., 9, 21.2: 26 17 1;iti ||;PARTLY;+ iti - dhṛ;"Ayurvedarasāyana" Ayurvedarasāyana zu AHS, Sū., 9, 23.1: 27 12 0;iti ||;PARTLY;+ iti - dhṛ;"Ayurvedarasāyana" Ayurvedarasāyana zu AHS, Sū., 9, 23.1: 27 34 0;iti ||;PARTLY;+ iti - dhṛ;"Ayurvedarasāyana" Ayurvedarasāyana zu AHS, Sū., 9, 25.2: 29 18 1;iti ||;PARTLY;+ iti - dhṛ;"Ayurvedarasāyana" Ayurvedarasāyana zu AHS, Sū., 9, 27.1: 31 3 0;iti ||;PARTLY;+ iti - dhṛ;"Ayurvedarasāyana" Ayurvedarasāyana zu AHS, Sū., 9, 27.1: 31 12 1;iti ||;PARTLY;+ iti - dhṛ;"Ayurvedarasāyana" Ayurvedarasāyana zu AHS, Sū., 15, 1.2: 34 29 0;iti ||;PARTLY;+ iti - dhṛ;"Ayurvedarasāyana" Ayurvedarasāyana zu AHS, Sū., 15, 1.2: 34 36 0;tālīsapatram ||;PARTLY;+ tālīsapatra - dhṛ;"Ayurvedarasāyana" Ayurvedarasāyana zu AHS, Sū., 15, 1.2: 34 40 0;iti ||;PARTLY;+ iti - dhṛ;"Ayurvedarasāyana" Ayurvedarasāyana zu AHS, Sū., 15, 2.2: 35 15 0;iti ||;PARTLY;+ iti - dhṛ;"Ayurvedarasāyana" Ayurvedarasāyana zu AHS, Sū., 15, 3.2: 36 15 0;iti ||;PARTLY;+ iti - dhṛ;"Ayurvedarasāyana" Ayurvedarasāyana zu AHS, Sū., 15, 4.2: 37 27 0;iti ||;PARTLY;+ iti - dhṛ;"Ayurvedarasāyana" Ayurvedarasāyana zu AHS, Sū., 15, 5.2: 38 7 0;iti ||;PARTLY;+ iti - dhṛ;"Ayurvedarasāyana" Ayurvedarasāyana zu AHS, Sū., 15, 6.2: 39 11 0;iti ||;PARTLY;+ iti - dhṛ;"Ayurvedarasāyana" Ayurvedarasāyana zu AHS, Sū., 15, 7.2: 40 5 0;iti ||;PARTLY;+ iti - dhṛ;"Ayurvedarasāyana" Ayurvedarasāyana zu AHS, Sū., 15, 8.2: 41 31 2;vargaḥ sapañcakolo nirdiṣṭo dīpanīyo .yam ||;PARTLY;+  - dhṛ;"Ayurvedarasāyana" Ayurvedarasāyana zu AHS, Sū., 16, 3.1: 44 5 0;iti ||;PARTLY;+ iti - dhṛ;"Ayurvedarasāyana" Ayurvedarasāyana zu AHS, Sū., 16, 18.2: 64 5 2;iti ||;PARTLY;+ iti - dhṛ;"Ayurvedarasāyana" Ayurvedarasāyana zu AHS, Sū., 16, 18.2: 64 11 2;iti |;PARTLY;+ iti - dhṛ;"Ayurvedarasāyana" Ayurvedarasāyana zu AHS, Sū., 16, 19.1: 65 9 4;iti ||;PARTLY;+ iti - dhṛ;"Aṣṭāṅganighaṇṭu" AṣṭNigh, 1: 1 24 2;vīraṇyābhayalāmajjakośīram amṛṇālakam ||;PARTLY;+ amṛṇālaka - dhṛ;"Aṣṭāṅganighaṇṭu" AṣṭNigh, 1: 1 169 2;plakṣāmravañjulapiyālapalāśanandīkolīkadambaviralāmadhukaṃ madhūkam ||;PARTLY;+ madhūka - dhṛ;"Aṣṭāṅganighaṇṭu" AṣṭNigh, 1: 1 191 1;śyāmādantīdravantīkramukakuṭaraṇāśaṃkhinī carmasāhvā svarṇakṣīrīgavākṣīśikharirajanakacchinnarohākarañjāḥ |;PARTLY;+ carmasāhvā - dhṛ;"Mṛgendraṭīkā" MṛgṬīkā zu MṛgT, Vidyāpāda, 1, 1.2: 1 9 0;iti ||;PARTLY;+ iti - dhṛ;"Mṛgendraṭīkā" MṛgṬīkā zu MṛgT, Vidyāpāda, 1, 1.2: 1 35 2;ityādi ||;PARTLY;+ ityādi - dhṛ;"Mṛgendraṭīkā" MṛgṬīkā zu MṛgT, Vidyāpāda, 1, 5.2: 5 8 2;iti ||;PARTLY;+ iti - dhṛ;"Mṛgendraṭīkā" MṛgṬīkā zu MṛgT, Vidyāpāda, 1, 5.2: 5 11 0;iti ||;PARTLY;+ iti - dhṛ;"Mṛgendraṭīkā" MṛgṬīkā zu MṛgT, Vidyāpāda, 1, 5.2: 5 13 0;iti ||;PARTLY;+ iti - dhṛ;"Mṛgendraṭīkā" MṛgṬīkā zu MṛgT, Vidyāpāda, 1, 5.2: 5 14 1;tathā |;PARTLY;+ tathā - dhṛ;"Mṛgendraṭīkā" MṛgṬīkā zu MṛgT, Vidyāpāda, 1, 5.2: 5 15 0;iti ||;PARTLY;+ iti - dhṛ;"Mṛgendraṭīkā" MṛgṬīkā zu MṛgT, Vidyāpāda, 1, 5.2: 5 16 1;tathā |;PARTLY;+ tathā - dhṛ;"Mṛgendraṭīkā" MṛgṬīkā zu MṛgT, Vidyāpāda, 1, 5.2: 5 17 0;iti ||;PARTLY;+ iti - dhṛ;"Mṛgendraṭīkā" MṛgṬīkā zu MṛgT, Vidyāpāda, 1, 6.2: 6 5 1;iti |;PARTLY;+ iti - dhṛ;"Mṛgendraṭīkā" MṛgṬīkā zu MṛgT, Vidyāpāda, 1, 6.2: 6 9 3;iti ||;PARTLY;+ iti - dhṛ;"Mṛgendraṭīkā" MṛgṬīkā zu MṛgT, Vidyāpāda, 1, 7.2: 7 9 3;iti ||;PARTLY;+ iti - dhṛ;"Mṛgendraṭīkā" MṛgṬīkā zu MṛgT, Vidyāpāda, 1, 7.2: 7 13 0;iti ||;PARTLY;+ iti - dhṛ;"Mṛgendraṭīkā" MṛgṬīkā zu MṛgT, Vidyāpāda, 1, 8.2: 8 9 0;kiṃca ||;PARTLY;+ kiṁca - dhṛ;"Mṛgendraṭīkā" MṛgṬīkā zu MṛgT, Vidyāpāda, 1, 9.1: 9 8 3;iti ||;PARTLY;+ iti - dhṛ;"Mṛgendraṭīkā" MṛgṬīkā zu MṛgT, Vidyāpāda, 1, 9.1: 9 23 0;iti ||;PARTLY;+ iti - dhṛ;"Mṛgendraṭīkā" MṛgṬīkā zu MṛgT, Vidyāpāda, 1, 9.1: 9 30 0;iti ||;PARTLY;+ iti - dhṛ;"Mṛgendraṭīkā" MṛgṬīkā zu MṛgT, Vidyāpāda, 1, 9.1: 9 33 0;iti ||;PARTLY;+ iti - dhṛ;"Mṛgendraṭīkā" MṛgṬīkā zu MṛgT, Vidyāpāda, 1, 9.1: 9 42 2;iti ||;PARTLY;+ iti - dhṛ;"Mṛgendraṭīkā" MṛgṬīkā zu MṛgT, Vidyāpāda, 1, 9.2: 10 3 2;ityādi ||;PARTLY;+ ityādi - dhṛ;"Mṛgendraṭīkā" MṛgṬīkā zu MṛgT, Vidyāpāda, 1, 9.2: 10 5 1;tathā |;PARTLY;+ tathā - dhṛ;"Mṛgendraṭīkā" MṛgṬīkā zu MṛgT, Vidyāpāda, 1, 9.2: 10 5 3;ityādi ||;PARTLY;+ ityādi - dhṛ;"Mṛgendraṭīkā" MṛgṬīkā zu MṛgT, Vidyāpāda, 1, 9.2: 10 14 0;iti ||;PARTLY;+ iti - dhṛ;"Mṛgendraṭīkā" MṛgṬīkā zu MṛgT, Vidyāpāda, 1, 11.2: 13 9 0;iti ||;PARTLY;+ iti - dhṛ;"Mṛgendraṭīkā" MṛgṬīkā zu MṛgT, Vidyāpāda, 1, 11.2: 13 15 0;iti ||;PARTLY;+ iti - dhṛ;"Mṛgendraṭīkā" MṛgṬīkā zu MṛgT, Vidyāpāda, 1, 13.2: 16 8 0;yataḥ ||;PARTLY;+ yatas - dhṛ;"Mṛgendraṭīkā" MṛgṬīkā zu MṛgT, Vidyāpāda, 1, 14.2: 17 4 3;iti ||;PARTLY;+ iti - dhṛ;"Mṛgendraṭīkā" MṛgṬīkā zu MṛgT, Vidyāpāda, 1, 15.1: 18 4 2;iti ||;PARTLY;+ iti - dhṛ;"Mṛgendraṭīkā" MṛgṬīkā zu MṛgT, Vidyāpāda, 1, 21.2: 24 2 0;āha ||;PARTLY;+ ah - dhṛ;"Mṛgendraṭīkā" MṛgṬīkā zu MṛgT, Vidyāpāda, 3, 1.2: 64 29 0;iti ||;PARTLY;+ iti - dhṛ;"Mṛgendraṭīkā" MṛgṬīkā zu MṛgT, Vidyāpāda, 3, 1.2: 64 34 0;iti ||;PARTLY;+ iti - dhṛ;"Mṛgendraṭīkā" MṛgṬīkā zu MṛgT, Vidyāpāda, 3, 1.2: 64 37 2;iti ||;PARTLY;+ iti - dhṛ;"Mṛgendraṭīkā" MṛgṬīkā zu MṛgT, Vidyāpāda, 3, 1.2: 64 49 0;iti ||;PARTLY;+ iti - dhṛ;"Mṛgendraṭīkā" MṛgṬīkā zu MṛgT, Vidyāpāda, 3, 4.2: 68 3 2;iti ||;PARTLY;+ iti - dhṛ;"Mṛgendraṭīkā" MṛgṬīkā zu MṛgT, Vidyāpāda, 3, 5.1: 69 5 0;iti ||;PARTLY;+ iti - dhṛ;"Mṛgendraṭīkā" MṛgṬīkā zu MṛgT, Vidyāpāda, 3, 6.1: 70 3 0;iti ||;PARTLY;+ iti - dhṛ;"Mṛgendraṭīkā" MṛgṬīkā zu MṛgT, Vidyāpāda, 3, 6.1: 70 7 0;iti ||;PARTLY;+ iti - dhṛ;"Mṛgendraṭīkā" MṛgṬīkā zu MṛgT, Vidyāpāda, 3, 6.1: 70 18 0;iti ||;PARTLY;+ iti - dhṛ;"Mṛgendraṭīkā" MṛgṬīkā zu MṛgT, Vidyāpāda, 3, 7.1: 72 8 0;iti ||;PARTLY;+ iti - dhṛ;"Mṛgendraṭīkā" MṛgṬīkā zu MṛgT, Vidyāpāda, 3, 11.1: 78 4 0;iti ||;PARTLY;+ iti - dhṛ;"Mṛgendraṭīkā" MṛgṬīkā zu MṛgT, Vidyāpāda, 3, 13.3: 81 2 3;iti ||;PARTLY;+ iti - dhṛ;"Mṛgendraṭīkā" MṛgṬīkā zu MṛgT, Vidyāpāda, 4, 1.2: 83 6 0;iti ||;PARTLY;+ iti - dhṛ;"Mṛgendraṭīkā" MṛgṬīkā zu MṛgT, Vidyāpāda, 4, 5.2: 87 2 3;iti ||;PARTLY;+ iti - dhṛ;"Mṛgendraṭīkā" MṛgṬīkā zu MṛgT, Vidyāpāda, 4, 8.2: 90 3 0;iti ||;PARTLY;+ iti - dhṛ;"Mṛgendraṭīkā" MṛgṬīkā zu MṛgT, Vidyāpāda, 4, 9.2: 91 3 3;vidyeśvarāṇām ||;PARTLY;+ vidyeśvara - dhṛ;"Mṛgendraṭīkā" MṛgṬīkā zu MṛgT, Vidyāpāda, 5, 5.2: 101 5 0;iti ||;PARTLY;+ iti - dhṛ;"Mṛgendraṭīkā" MṛgṬīkā zu MṛgT, Vidyāpāda, 5, 11.1: 108 3 0;yasmāt ||;PARTLY;+ yad - dhṛ;"Mṛgendraṭīkā" MṛgṬīkā zu MṛgT, Vidyāpāda, 5, 15.2: 113 3 3;iti ||;PARTLY;+ iti - dhṛ;"Mṛgendraṭīkā" MṛgṬīkā zu MṛgT, Vidyāpāda, 5, 16.2: 114 4 1;nanu |;PARTLY;+ nanu - dhṛ;"Mṛgendraṭīkā" MṛgṬīkā zu MṛgT, Vidyāpāda, 5, 16.2: 114 8 0;iti ||;PARTLY;+ iti - dhṛ;"Mṛgendraṭīkā" MṛgṬīkā zu MṛgT, Vidyāpāda, 5, 18.2: 116 9 2;kṛtyam ||;PARTLY;+ kṛtya - dhṛ;"Mṛgendraṭīkā" MṛgṬīkā zu MṛgT, Vidyāpāda, 6, 4.1: 122 10 0;iti ||;PARTLY;+ iti - dhṛ;"Mṛgendraṭīkā" MṛgṬīkā zu MṛgT, Vidyāpāda, 6, 4.1: 122 11 1;tathā |;PARTLY;+ tathā - dhṛ;"Mṛgendraṭīkā" MṛgṬīkā zu MṛgT, Vidyāpāda, 6, 4.1: 122 12 0;iti ||;PARTLY;+ iti - dhṛ;"Mṛgendraṭīkā" MṛgṬīkā zu MṛgT, Vidyāpāda, 6, 5.1: 124 8 3;ityādi ||;PARTLY;+ ityādi - dhṛ;"Mṛgendraṭīkā" MṛgṬīkā zu MṛgT, Vidyāpāda, 6, 6.2: 129 12 0;iti ||;PARTLY;+ iti - dhṛ;"Mṛgendraṭīkā" MṛgṬīkā zu MṛgT, Vidyāpāda, 6, 7.2: 130 3 0;iti ||;PARTLY;+ iti - dhṛ;"Mṛgendraṭīkā" MṛgṬīkā zu MṛgT, Vidyāpāda, 6, 7.2: 130 10 0;iti ||;PARTLY;+ iti - dhṛ;"Mṛgendraṭīkā" MṛgṬīkā zu MṛgT, Vidyāpāda, 7, 8.2: 139 11 3;iti ||;PARTLY;+ iti - dhṛ;"Mṛgendraṭīkā" MṛgṬīkā zu MṛgT, Vidyāpāda, 7, 9.2: 140 7 3;iti ||;PARTLY;+ iti - dhṛ;"Mṛgendraṭīkā" MṛgṬīkā zu MṛgT, Vidyāpāda, 8, 2.2: 155 7 0;kiṃca ||;PARTLY;+ kiṁca - dhṛ;"Mṛgendraṭīkā" MṛgṬīkā zu MṛgT, Vidyāpāda, 8, 6.2: 159 7 2;iti ||;PARTLY;+ iti - dhṛ;"Mṛgendraṭīkā" MṛgṬīkā zu MṛgT, Vidyāpāda, 8, 6.2: 159 10 0;iti ||;PARTLY;+ iti - dhṛ;"Mṛgendraṭīkā" MṛgṬīkā zu MṛgT, Vidyāpāda, 9, 1.2: 160 6 0;iti ||;PARTLY;+ iti - dhṛ;"Mṛgendraṭīkā" MṛgṬīkā zu MṛgT, Vidyāpāda, 9, 2.2: 161 4 0;iti ||;PARTLY;+ iti - dhṛ;"Mṛgendraṭīkā" MṛgṬīkā zu MṛgT, Vidyāpāda, 9, 3.2: 162 4 0;kiṃca ||;PARTLY;+ kiṁca - dhṛ;"Mṛgendraṭīkā" MṛgṬīkā zu MṛgT, Vidyāpāda, 9, 12.2: 171 3 0;iti ||;PARTLY;+ iti - dhṛ;"Mṛgendraṭīkā" MṛgṬīkā zu MṛgT, Vidyāpāda, 10, 7.2: 186 5 3;iti ||;PARTLY;+ iti - dhṛ;"Mṛgendraṭīkā" MṛgṬīkā zu MṛgT, Vidyāpāda, 10, 10.2: 188 4 0;iti ||;PARTLY;+ iti - dhṛ;"Mṛgendraṭīkā" MṛgṬīkā zu MṛgT, Vidyāpāda, 10, 10.2: 188 5 1;tathā |;PARTLY;+ tathā - dhṛ;"Mṛgendraṭīkā" MṛgṬīkā zu MṛgT, Vidyāpāda, 10, 10.2: 188 6 0;iti ||;PARTLY;+ iti - dhṛ;"Mṛgendraṭīkā" MṛgṬīkā zu MṛgT, Vidyāpāda, 10, 13.2: 191 6 0;iti ||;PARTLY;+ iti - dhṛ;"Mṛgendraṭīkā" MṛgṬīkā zu MṛgT, Vidyāpāda, 10, 14.2: 192 4 0;iti ||;PARTLY;+ iti - dhṛ;"Mṛgendraṭīkā" MṛgṬīkā zu MṛgT, Vidyāpāda, 10, 18.2: 197 7 0;ityādi ||;PARTLY;+ ityādi - dhṛ;"Mṛgendraṭīkā" MṛgṬīkā zu MṛgT, Vidyāpāda, 10, 18.2: 197 11 2;iti ||;PARTLY;+ iti - dhṛ;"Mṛgendraṭīkā" MṛgṬīkā zu MṛgT, Vidyāpāda, 10, 21.2: 200 2 1;nanu |;PARTLY;+ nanu - dhṛ;"Mṛgendraṭīkā" MṛgṬīkā zu MṛgT, Vidyāpāda, 10, 23.2: 202 2 3;iti ||;PARTLY;+ iti - dhṛ;"Mṛgendraṭīkā" MṛgṬīkā zu MṛgT, Vidyāpāda, 10, 25.2: 204 4 0;iti ||;PARTLY;+ iti - dhṛ;"Mṛgendraṭīkā" MṛgṬīkā zu MṛgT, Vidyāpāda, 10, 25.2: 204 5 1;tathā |;PARTLY;+ tathā - dhṛ;"Mṛgendraṭīkā" MṛgṬīkā zu MṛgT, Vidyāpāda, 10, 25.2: 204 6 0;iti ||;PARTLY;+ iti - dhṛ;"Mṛgendraṭīkā" MṛgṬīkā zu MṛgT, Vidyāpāda, 10, 25.2: 204 9 0;iti ||;PARTLY;+ iti - dhṛ;"Mṛgendraṭīkā" MṛgṬīkā zu MṛgT, Vidyāpāda, 10, 25.2: 204 12 0;iti ||;PARTLY;+ iti - dhṛ;"Mṛgendraṭīkā" MṛgṬīkā zu MṛgT, Vidyāpāda, 11, 4.2: 216 4 0;yataḥ ||;PARTLY;+ yatas - dhṛ;"Mṛgendraṭīkā" MṛgṬīkā zu MṛgT, Vidyāpāda, 11, 11.2: 223 3 0;iti ||;PARTLY;+ iti - dhṛ;"Mṛgendraṭīkā" MṛgṬīkā zu MṛgT, Vidyāpāda, 11, 11.2: 223 5 0;iti ||;PARTLY;+ iti - dhṛ;"Mṛgendraṭīkā" MṛgṬīkā zu MṛgT, Vidyāpāda, 11, 11.2: 223 10 0;iti ||;PARTLY;+ iti - dhṛ;"Mṛgendraṭīkā" MṛgṬīkā zu MṛgT, Vidyāpāda, 11, 12.2: 224 5 0;iti ||;PARTLY;+ iti - dhṛ;"Mṛgendraṭīkā" MṛgṬīkā zu MṛgT, Vidyāpāda, 11, 15.2: 227 10 2;iti ||;PARTLY;+ iti - dhṛ;"Mṛgendraṭīkā" MṛgṬīkā zu MṛgT, Vidyāpāda, 11, 17.1: 230 4 0;iti ||;PARTLY;+ iti - dhṛ;"Mṛgendraṭīkā" MṛgṬīkā zu MṛgT, Vidyāpāda, 12, 2.2: 240 3 0;āha ||;PARTLY;+ ah - dhṛ;"Mṛgendraṭīkā" MṛgṬīkā zu MṛgT, Vidyāpāda, 12, 6.2: 245 2 3;iti ||;PARTLY;+ iti - dhṛ;"Mṛgendraṭīkā" MṛgṬīkā zu MṛgT, Vidyāpāda, 12, 9.2: 248 2 3;iti ||;PARTLY;+ iti - dhṛ;"Mṛgendraṭīkā" MṛgṬīkā zu MṛgT, Vidyāpāda, 12, 16.1: 253 7 0;iti ||;PARTLY;+ iti - dhṛ;"Ratnaṭīkā" GaṇaKārṬīkā zu GaṇaKār, 1.1: 1 34 0;yasmāt ||;PARTLY;+ yasmāt - dhṛ;"Ratnaṭīkā" GaṇaKārṬīkā zu GaṇaKār, 5.1: 6 2 0;kasmāt ||;PARTLY;+ ka - dhṛ;"Ratnaṭīkā" GaṇaKārṬīkā zu GaṇaKār, 5.1: 6 5 0;kasmāt ||;PARTLY;+ ka - dhṛ;"Ratnaṭīkā" GaṇaKārṬīkā zu GaṇaKār, 5.2: 7 16 1;tathā |;PARTLY;+ tathā - dhṛ;"Ratnaṭīkā" GaṇaKārṬīkā zu GaṇaKār, 6.1: 8 102 0;iti ||;PARTLY;+ iti - dhṛ;"Ratnaṭīkā" GaṇaKārṬīkā zu GaṇaKār, 6.1: 8 115 1;iti |;PARTLY;+ iti - dhṛ;"Ratnaṭīkā" GaṇaKārṬīkā zu GaṇaKār, 6.1: 8 119 0;vakṣyāmaḥ ||;PARTLY;+ vac - dhṛ;"Ratnaṭīkā" GaṇaKārṬīkā zu GaṇaKār, 6.1: 8 183 0;ucyate ||;PARTLY;+ vac - dhṛ;"Ratnaṭīkā" GaṇaKārṬīkā zu GaṇaKār, 6.2: 9 19 0;ucyate ||;PARTLY;+ vac - dhṛ;"Ratnaṭīkā" GaṇaKārṬīkā zu GaṇaKār, 6.2: 9 20 0;na ||;PARTLY;+ na - dhṛ;"Ratnaṭīkā" GaṇaKārṬīkā zu GaṇaKār, 8.2: 11 5 0;kasmāt ||;PARTLY;+ ka - dhṛ;"Tantrasāra" TantraS, 22: 22 20 1;evam ānandasaṃdohitatacceṣṭocchalatsthitiḥ |;PARTLY;+ evam - dhṛ;"Spandakārikānirṇaya" SpandaKārNir zu SpandaKār, 1, 1.2: 1 2 0;bahuvacanam anugrahadṛṣṭikaṭākṣitāśeṣānugrāhyābhedaprathanāya ||;PARTLY;+ bahuvacana - dhṛ;"Spandakārikānirṇaya" SpandaKārNir zu SpandaKār, 1, 2.2: 2 28 0;iti ||;PARTLY;+ iti - dhṛ;"Spandakārikānirṇaya" SpandaKārNir zu SpandaKār, 1, 2.2: 2 31 0;iti ||;PARTLY;+ iti - dhṛ;"Spandakārikānirṇaya" SpandaKārNir zu SpandaKār, 1, 2.2: 2 36 0;iti ||;PARTLY;+ iti - dhṛ;"Spandakārikānirṇaya" SpandaKārNir zu SpandaKār, 1, 2.2: 2 40 0;iti ||;PARTLY;+ iti - dhṛ;"Spandakārikānirṇaya" SpandaKārNir zu SpandaKār, 1, 2.2: 2 41 1;tathā |;PARTLY;+ tathā - dhṛ;"Spandakārikānirṇaya" SpandaKārNir zu SpandaKār, 1, 5.2: 5 13 0;iti ||;PARTLY;+ iti - dhṛ;"Spandakārikānirṇaya" SpandaKārNir zu SpandaKār, 1, 5.2: 5 15 0;iti ||;PARTLY;+ iti - dhṛ;"Spandakārikānirṇaya" SpandaKārNir zu SpandaKār, 1, 5.2: 5 17 0;iti ||;PARTLY;+ iti - dhṛ;"Spandakārikānirṇaya" SpandaKārNir zu SpandaKār, 1, 5.2: 5 19 0;iti ||;PARTLY;+ iti - dhṛ;"Spandakārikānirṇaya" SpandaKārNir zu SpandaKār, 1, 5.2: 5 22 0;iti ||;PARTLY;+ iti - dhṛ;"Spandakārikānirṇaya" SpandaKārNir zu SpandaKār, 1, 7.2: 6 12 0;iti ||;PARTLY;+ iti - dhṛ;"Spandakārikānirṇaya" SpandaKārNir zu SpandaKār, 1, 9.2: 8 4 0;iti ||;PARTLY;+ iti - dhṛ;"Spandakārikānirṇaya" SpandaKārNir zu SpandaKār, 1, 11.2: 10 8 1;iti ||;PARTLY;+ iti - dhṛ;"Spandakārikānirṇaya" SpandaKārNir zu SpandaKār, 1, 13.2: 11 25 0;iti ||;PARTLY;+ iti - dhṛ;"Spandakārikānirṇaya" SpandaKārNir zu SpandaKār, 1, 13.2: 11 32 0;iti ||;PARTLY;+ iti - dhṛ;"Spandakārikānirṇaya" SpandaKārNir zu SpandaKār, 1, 13.2: 11 35 0;iti ||;PARTLY;+ iti - dhṛ;"Spandakārikānirṇaya" SpandaKārNir zu SpandaKār, 1, 16.2: 12 3 0;iti ||;PARTLY;+ iti - dhṛ;"Spandakārikānirṇaya" SpandaKārNir zu SpandaKār, 1, 17.2: 13 6 3;jāgrat |;PARTLY;+ jāgṛ - dhṛ;"Spandakārikānirṇaya" SpandaKārNir zu SpandaKār, 1, 17.2: 13 6 4;ityādi |;PARTLY;+ ityādi - dhṛ;"Spandakārikānirṇaya" SpandaKārNir zu SpandaKār, 1, 17.2: 13 6 6;iti |;PARTLY;+ iti - dhṛ;"Spandakārikānirṇaya" SpandaKārNir zu SpandaKār, 1, 17.2: 13 6 8;ityādi |;PARTLY;+ ityādi - dhṛ;"Spandakārikānirṇaya" SpandaKārNir zu SpandaKār, 1, 17.2: 13 10 1;tathā |;PARTLY;+ tathā - dhṛ;"Spandakārikānirṇaya" SpandaKārNir zu SpandaKār, 1, 17.2: 13 10 3;iti |;PARTLY;+ iti - dhṛ;"Spandakārikānirṇaya" SpandaKārNir zu SpandaKār, 1, 17.2: 13 10 5;iti ||;PARTLY;+ iti - dhṛ;"Spandakārikānirṇaya" SpandaKārNir zu SpandaKār, 1, 19.2: 15 3 0;iti ||;PARTLY;+ iti - dhṛ;"Spandakārikānirṇaya" SpandaKārNir zu SpandaKār, 1, 20.2: 16 3 0;iti ||;PARTLY;+ iti - dhṛ;"Spandakārikānirṇaya" SpandaKārNir zu SpandaKār, 1, 22.2: 18 9 0;iti ||;PARTLY;+ iti - dhṛ;"Spandakārikānirṇaya" SpandaKārNir zu SpandaKār, 1, 25.2: 19 3 3;iti ||;PARTLY;+ iti - dhṛ;"Spandakārikānirṇaya" SpandaKārNir zu SpandaKār, Dvitīyo niḥṣyandaḥ, 2.2: 20 6 0;iti ||;PARTLY;+ iti - dhṛ;"Spandakārikānirṇaya" SpandaKārNir zu SpandaKār, Dvitīyo niḥṣyandaḥ, 4.2: 21 6 0;iti ||;PARTLY;+ iti - dhṛ;"Spandakārikānirṇaya" SpandaKārNir zu SpandaKār, Dvitīyo niḥṣyandaḥ, 7.2: 23 5 0;iti ||;PARTLY;+ iti - dhṛ;"Spandakārikānirṇaya" SpandaKārNir zu SpandaKār, Dvitīyo niḥṣyandaḥ, 7.2: 23 9 0;ityādinā ||;PARTLY;+ ityādi - dhṛ;"Spandakārikānirṇaya" SpandaKārNir zu SpandaKār, Dvitīyo niḥṣyandaḥ, 7.2: 23 19 0;iti ||;PARTLY;+ iti - dhṛ;"Spandakārikānirṇaya" SpandaKārNir zu SpandaKār, Tṛtīyo niḥṣyandaḥ, 2.2: 24 5 0;iti ||;PARTLY;+ iti - dhṛ;"Spandakārikānirṇaya" SpandaKārNir zu SpandaKār, Tṛtīyo niḥṣyandaḥ, 3.2: 25 2 3;iti ||;PARTLY;+ iti - dhṛ;"Spandakārikānirṇaya" SpandaKārNir zu SpandaKār, Tṛtīyo niḥṣyandaḥ, 10.2: 31 2 3;iti ||;PARTLY;+ iti - dhṛ;"Spandakārikānirṇaya" SpandaKārNir zu SpandaKār, Tṛtīyo niḥṣyandaḥ, 12.2: 33 4 4;iti ||;PARTLY;+ iti - dhṛ;"Spandakārikānirṇaya" SpandaKārNir zu SpandaKār, Tṛtīyo niḥṣyandaḥ, 13.2: 34 17 0;ityādi ||;PARTLY;+ ityādi - dhṛ;"Spandakārikānirṇaya" SpandaKārNir zu SpandaKār, Tṛtīyo niḥṣyandaḥ, 13.2: 34 18 1;tathā |;PARTLY;+ tathā - dhṛ;"Spandakārikānirṇaya" SpandaKārNir zu SpandaKār, Tṛtīyo niḥṣyandaḥ, 13.2: 34 22 0;iti ||;PARTLY;+ iti - dhṛ;"Spandakārikānirṇaya" SpandaKārNir zu SpandaKār, Tṛtīyo niḥṣyandaḥ, 14.2: 35 8 0;iti ||;PARTLY;+ iti - dhṛ;"Smaradīpikā" Smaradīpikā, 1: 1 67 2;kakṣākaṇṭhakapolamaṇḍalakucaśroṇīṣu deyā nakhāḥ sīmante śikharaṃ nakhair urasijau gṛhṇīta gāḍhaṃ tataḥ ||;PARTLY;+  - dhṛ;"Smaradīpikā" Smaradīpikā, 1: 1 161 1;āsīne lālayed bālāṃ taruṇīṃ śayane tathā |;PARTLY;+  - dhṛ;"Yogasūtra" YS, 1: 1 44 1;etayaiva savicārā nirvicārā ca sūkṣmaviṣayā vyākhyātā ||;PARTLY;+ ca - dhṛ;"Yogasūtra" YS, 3: 3 19 1;pratyayasya paracittajñānam ||;PARTLY;+ pratyaya - dhṛ;"Yogasūtra" YS, 3: 3 30 1;kaṇṭhakūpe kṣutpipāsānivṛttiḥ ||;PARTLY;+ kaṇṭhakūpa - dhṛ;"Yogasūtra" YS, 3: 3 32 1;mūrdhajyotiṣi siddhadarśanam ||;PARTLY;+ mūrdhajyotis - dhṛ;"Carakasaṃhitā" Ca, 1, 11: 11 6 5;iti |;PARTLY;+ iti - dhṛ;"Carakasaṃhitā" Ca, 1, 30: 30 52 1;śarīrasaṃkhyā sūtraṃ ca jāter aṣṭamamucyate |;PARTLY;+  - dhṛ;"Carakasaṃhitā" Ca, 4, 8: 54 8 3;iti |;PARTLY;+ iti - dhṛ;"Carakasaṃhitā" Ca, 4, 8: 54 39 7;iti ||;PARTLY;+ iti - dhṛ;"Carakasaṃhitā" Ca, 6, 10: 74 238 2;kruddhaḥ kṣīrāśayaṃ prāpya rasaṃ *stanyasya dūṣayet ||;PARTLY;+  - dhṛ;"Commentary on the Kādambarīsvīkaraṇasūtramañjarī" KādSvīSComm zu KādSvīS, 26.1: 25 3 0;kiṃca ||;PARTLY;+ kiṁca - dhṛ;"Sātvatatantra" SātT, 6: 6 13 2;nityānando nityamukto nirīho nispṛhapriyaḥ ||;PARTLY;+ nirīha - dhṛ;"Sātvatatantra" SātT, 6: 6 40 1;mahākūrmo viśvakāyaḥ śeṣabhṛk sarvapālakaḥ |;PARTLY;+ mahākūrma - dhṛ;"Sātvatatantra" SātT, 6: 6 100 2;tanūdarārpitajaganmṛkaṇḍatanayaḥ khagaḥ ||;PARTLY;+ khaga - dhṛ;"Sātvatatantra" SātT, 6: 6 112 1;lasadgaṇḍasthalīhaimamaulimālāvibhūṣitaḥ |;PARTLY;+  - dhṛ;"Sātvatatantra" SātT, 6: 6 156 2;syamantakanimittātmabhaktarkṣādhipajit śuciḥ ||;PARTLY;+ śuci - dhṛ;"Sātvatatantra" SātT, 6: 6 189 1;mumukṣumuktaviṣayijanānandakaro yaśaḥ |;PARTLY;+ yaśas - dhṛ;"Janmamaraṇavicāra" JanMVic, 1: 1 9 3;iti ||;PARTLY;+ iti - dhṛ;"Janmamaraṇavicāra" JanMVic, 1: 1 13 3;ityādi ||;PARTLY;+ ityādi - dhṛ;"Janmamaraṇavicāra" JanMVic, 1: 1 17 4;iti ||;PARTLY;+ iti - dhṛ;"Janmamaraṇavicāra" JanMVic, 1: 1 20 1;tathā |;PARTLY;+ tathā - dhṛ;"Janmamaraṇavicāra" JanMVic, 1: 1 27 0;iti ||;PARTLY;+ iti - dhṛ;"Janmamaraṇavicāra" JanMVic, 1: 1 40 0;iti ||;PARTLY;+ iti - dhṛ;"Janmamaraṇavicāra" JanMVic, 1: 1 47 1;iti ||;PARTLY;+ iti - dhṛ;"Janmamaraṇavicāra" JanMVic, 1: 1 55 0;iti ||;PARTLY;+ iti - dhṛ;"Janmamaraṇavicāra" JanMVic, 1: 1 67 0;iti ||;PARTLY;+ iti - dhṛ;"Janmamaraṇavicāra" JanMVic, 1: 1 71 0;iti ||;PARTLY;+ iti - dhṛ;"Janmamaraṇavicāra" JanMVic, 1: 1 80 0;iti ||;PARTLY;+ iti - dhṛ;"Janmamaraṇavicāra" JanMVic, 1: 1 88 0;iti ||;PARTLY;+ iti - dhṛ;"Janmamaraṇavicāra" JanMVic, 1: 1 100 3;iti ||;PARTLY;+ iti - dhṛ;"Janmamaraṇavicāra" JanMVic, 1: 1 107 0;iti ||;PARTLY;+ iti - dhṛ;"Janmamaraṇavicāra" JanMVic, 1: 1 113 0;iti ||;PARTLY;+ iti - dhṛ;"Janmamaraṇavicāra" JanMVic, 1: 1 125 0;iti ||;PARTLY;+ iti - dhṛ;"Janmamaraṇavicāra" JanMVic, 1: 1 128 4;iti ||;PARTLY;+ iti - dhṛ;"Janmamaraṇavicāra" JanMVic, 1: 1 133 3;iti ||;PARTLY;+ iti - dhṛ;"Janmamaraṇavicāra" JanMVic, 1: 1 139 2;iti ||;PARTLY;+ iti - dhṛ;"Janmamaraṇavicāra" JanMVic, 1: 1 148 3;iti ||;PARTLY;+ iti - dhṛ;"Janmamaraṇavicāra" JanMVic, 1: 1 151 3;iti ||;PARTLY;+ iti - dhṛ;"Janmamaraṇavicāra" JanMVic, 1: 1 155 3;iti ||;PARTLY;+ iti - dhṛ;"Janmamaraṇavicāra" JanMVic, 1: 1 157 3;iti ||;PARTLY;+ iti - dhṛ;"Janmamaraṇavicāra" JanMVic, 1: 1 158 4;iti ||;PARTLY;+ iti - dhṛ;"Janmamaraṇavicāra" JanMVic, 1: 1 159 4;iti ||;PARTLY;+ iti - dhṛ;"Janmamaraṇavicāra" JanMVic, 1: 1 162 3;iti ||;PARTLY;+ iti - dhṛ;"Janmamaraṇavicāra" JanMVic, 1: 1 163 4;iti ||;PARTLY;+ iti - dhṛ;"Janmamaraṇavicāra" JanMVic, 1: 1 164 1;tathā |;PARTLY;+ tathā - dhṛ;"Janmamaraṇavicāra" JanMVic, 1: 1 166 3;iti ||;PARTLY;+ iti - dhṛ;"Janmamaraṇavicāra" JanMVic, 1: 1 172 2;iti ||;PARTLY;+ iti - dhṛ;"Janmamaraṇavicāra" JanMVic, 1: 1 175 2;iti ||;PARTLY;+ iti - dhṛ;"Janmamaraṇavicāra" JanMVic, 1: 1 181 2;iti ||;PARTLY;+ iti - dhṛ;"Janmamaraṇavicāra" JanMVic, 1: 1 185 4;iti ||;PARTLY;+ iti - dhṛ;"Janmamaraṇavicāra" JanMVic, 1: 1 192 1;tilakam ||;PARTLY;+ tilaka - dhṛ;"Kauśikasūtra" Kauśikasūtra, 1, 7: 7 20 0;āśayati ||;PARTLY;+ āśay - dhṛ;"Kauśikasūtra" Kauśikasūtra, 1, 8: 8 15 0;palāśodumbarajambukāmpīlasragvaṅghaśirīṣasraktyavaraṇabilvajaṅgiḍakuṭakagarhyagalāvalavetasaśimbalasipunasyandanāraṇikāśmayoktatunyupūtudāravaḥ śāntāḥ ||;PARTLY;+ śam - dhṛ;"Kauśikasūtra" Kauśikasūtra, 1, 8: 8 16 0;citiprāyaścittiśamīśamakāsavaṃśāśāmyavākātalāśapalāśavāśāśiṃśapāśimbalasipunadarbhāpāmārgākṛtiloṣṭavalmīkavapādūrvāprāntavrīhiyavāḥ śāntāḥ ||;PARTLY;+ śam - dhṛ;"Kauśikasūtra" Kauśikasūtra, 2, 1: 10 3 0;āśayati ||;PARTLY;+ āśay - dhṛ;"Kauśikasūtra" Kauśikasūtra, 2, 1: 10 5 0;āvapati ||;PARTLY;+ āvap - dhṛ;"Kauśikasūtra" Kauśikasūtra, 2, 1: 10 6 0;bhakṣayati ||;PARTLY;+ bhakṣay - dhṛ;"Kauśikasūtra" Kauśikasūtra, 2, 2: 11 13 0;upatiṣṭhate ||;PARTLY;+ upasthā - dhṛ;"Kauśikasūtra" Kauśikasūtra, 2, 2: 11 15 0;pṛśnimanthaḥ ||;PARTLY;+ pṛśnimantha - dhṛ;"Kauśikasūtra" Kauśikasūtra, 2, 4: 13 10 0;avasiñcati ||;PARTLY;+ avasic - dhṛ;"Kauśikasūtra" Kauśikasūtra, 2, 5: 14 4 0;vāditraiḥ ||;PARTLY;+ vāditra - dhṛ;"Kauśikasūtra" Kauśikasūtra, 2, 5: 14 16 0;anvāha ||;PARTLY;+ anvah - dhṛ;"Kauśikasūtra" Kauśikasūtra, 2, 8: 17 5 0;viparidadhāne ||;PARTLY;+ viparidhā - dhṛ;"Kauśikasūtra" Kauśikasūtra, 2, 8: 17 8 0;āśayati ||;PARTLY;+ āśay - dhṛ;"Kauśikasūtra" Kauśikasūtra, 2, 8: 17 20 0;pratipadyate ||;PARTLY;+ pratipad - dhṛ;"Kauśikasūtra" Kauśikasūtra, 2, 8: 17 21 0;āśayati ||;PARTLY;+ āśay - dhṛ;"Kauśikasūtra" Kauśikasūtra, 3, 1: 18 8 0;aśnāti ||;PARTLY;+ aś - dhṛ;"Kauśikasūtra" Kauśikasūtra, 3, 1: 18 19 0;pūrvasya citrākarma ||;PARTLY;+ pūrva - dhṛ;"Kauśikasūtra" Kauśikasūtra, 3, 4: 21 6 0;anumantrayate ||;PARTLY;+ anumantray - dhṛ;"Kauśikasūtra" Kauśikasūtra, 4, 3: 25 8 0;avasiñcati ||;PARTLY;+ avasic - dhṛ;"Kauśikasūtra" Kauśikasūtra, 4, 3: 25 16 0;pratapati ||;PARTLY;+ pratap - dhṛ;"Kauśikasūtra" Kauśikasūtra, 4, 3: 25 17 0;ādadhāti ||;PARTLY;+ ādhā - dhṛ;"Kauśikasūtra" Kauśikasūtra, 4, 3: 25 19 0;saṃmṛdnāti ||;PARTLY;+ sammṛd - dhṛ;"Kauśikasūtra" Kauśikasūtra, 4, 3: 25 20 0;ādadhāti ||;PARTLY;+ ādhā - dhṛ;"Kauśikasūtra" Kauśikasūtra, 6, 1: 26 4 0;savyāni ||;PARTLY;+ savya - dhṛ;"Kauśikasūtra" Kauśikasūtra, 6, 1: 26 57 0;anvāha ||;PARTLY;+ anvah - dhṛ;"Kauśikasūtra" Kauśikasūtra, 7, 1: 27 9 0;pāyayati ||;PARTLY;+ pāyay - dhṛ;"Kauśikasūtra" Kauśikasūtra, 7, 1: 27 20 0;nikhanati ||;PARTLY;+ nikhan - dhṛ;"Kauśikasūtra" Kauśikasūtra, 7, 1: 27 21 0;ādadhāti ||;PARTLY;+ ādhā - dhṛ;"Kauśikasūtra" Kauśikasūtra, 7, 3: 29 2 0;prayacchati ||;PARTLY;+ prayam - dhṛ;"Kauśikasūtra" Kauśikasūtra, 7, 3: 29 21 0;āśayati ||;PARTLY;+ āśay - dhṛ;"Kauśikasūtra" Kauśikasūtra, 7, 10: 31 2 0;upatiṣṭhate ||;PARTLY;+ upasthā - dhṛ;"Uḍḍāmareśvaratantra" UḍḍT, 9: 9 30 1;hebhirihebherihe |;PARTLY;+ hebhirihebherihe - dhṛ;"Uḍḍāmareśvaratantra" UḍḍT, 14: 14 4 2;iti pūrvakhaṅgabhedaḥ ||;PARTLY;+ iti - dhṛ;"Ṭikanikayātrā" Ṭikanikayātrā, 9: 9 21 1;bhāradvājamayūcāpanakulāvalokanaṃ dhanyaḥ |;PARTLY;+ dhanya - dhṛ;"Pāśupatasūtra" PāśupSūtra, 1: 1 4 0;anusnānam ||;PARTLY;+ anusnāna - dhṛ;"Pāśupatasūtra" PāśupSūtra, 1: 1 5 0;nirmālyam ||;PARTLY;+ nirmālya - dhṛ;"Pāśupatasūtra" PāśupSūtra, 1: 1 15 0;upaspṛśya ||;PARTLY;+ upaspṛś - dhṛ;"Pāśupatasūtra" PāśupSūtra, 1: 1 19 1;carataḥ ||;PARTLY;+ car - dhṛ;"Pāśupatasūtra" PāśupSūtra, 1: 1 24 0;kāmarūpitvam ||;PARTLY;+ kāmarūpitva - dhṛ;"Pāśupatasūtra" PāśupSūtra, 1: 1 25 0;vikaraṇaḥ ||;PARTLY;+ vikaraṇa - dhṛ;"Pāśupatasūtra" PāśupSūtra, 1: 1 33 0;abhītaḥ ||;PARTLY;+ abhīta - dhṛ;"Pāśupatasūtra" PāśupSūtra, 1: 1 34 0;akṣayaḥ ||;PARTLY;+ akṣaya - dhṛ;"Pāśupatasūtra" PāśupSūtra, 1: 1 35 0;ajaraḥ ||;PARTLY;+ ajara - dhṛ;"Pāśupatasūtra" PāśupSūtra, 1: 1 36 1;amaraḥ ||;PARTLY;+ amara - dhṛ;"Pāśupatasūtra" PāśupSūtra, 1: 1 44 0;bhavodbhavaḥ ||;PARTLY;+ bhavodbhava - dhṛ;"Pāśupatasūtra" PāśupSūtra, 2: 2 1 1;vāmaḥ ||;PARTLY;+ vāma - dhṛ;"Pāśupatasūtra" PāśupSūtra, 2: 2 2 0;devasya ||;PARTLY;+ deva - dhṛ;"Pāśupatasūtra" PāśupSūtra, 2: 2 3 0;jyeṣṭhasya ||;PARTLY;+ jyeṣṭha - dhṛ;"Pāśupatasūtra" PāśupSūtra, 2: 2 4 0;rudrasya ||;PARTLY;+ rudra - dhṛ;"Pāśupatasūtra" PāśupSūtra, 2: 2 13 0;caryāyāṃ caryāyām ||;PARTLY;+ caryā - dhṛ;"Pāśupatasūtra" PāśupSūtra, 2: 2 18 0;tasmāt ||;PARTLY;+ tad - dhṛ;"Pāśupatasūtra" PāśupSūtra, 3: 3 3 0;avamataḥ ||;PARTLY;+ avaman - dhṛ;"Pāśupatasūtra" PāśupSūtra, 3: 3 10 0;tasmāt ||;PARTLY;+ tad - dhṛ;"Pāśupatasūtra" PāśupSūtra, 3: 3 12 0;krātheta vā ||;PARTLY;+ vā - dhṛ;"Pāśupatasūtra" PāśupSūtra, 3: 3 21 0;aghorebhyaḥ ||;PARTLY;+ aghora - dhṛ;"Pāśupatasūtra" PāśupSūtra, 3: 3 24 0;sarvebhyaḥ ||;PARTLY;+ sarva - dhṛ;"Pāśupatasūtra" PāśupSūtra, 4: 4 5 0;buddhyā ||;PARTLY;+ buddhi - dhṛ;"Pāśupatasūtra" PāśupSūtra, 4: 4 15 0;aninditakarmā ||;PARTLY;+ aninditakarman - dhṛ;"Pāśupatasūtra" PāśupSūtra, 5: 5 1 1;asaṅgaḥ ||;PARTLY;+ asaṅga - dhṛ;"Pāśupatasūtra" PāśupSūtra, 5: 5 2 0;yogī ||;PARTLY;+ yogin - dhṛ;"Pāśupatasūtra" PāśupSūtra, 5: 5 4 0;ajaḥ ||;PARTLY;+ aja - dhṛ;"Pāśupatasūtra" PāśupSūtra, 5: 5 5 0;maitraḥ ||;PARTLY;+ maitra - dhṛ;"Pāśupatasūtra" PāśupSūtra, 5: 5 28 0;maheśvaraḥ ||;PARTLY;+ maheśvara - dhṛ;"Pāśupatasūtra" PāśupSūtra, 5: 5 35 0;buddhyā ||;PARTLY;+ buddhi - dhṛ;"Pāśupatasūtra" PāśupSūtra, 5: 5 36 0;saṃcittam ||;PARTLY;+ saṁcit - dhṛ;"Pañcārthabhāṣya" PABh zu PāśupSūtra, 1, 1: 1 40 2;kasmāt |;PARTLY;+ kasmāt - dhṛ;"Pañcārthabhāṣya" PABh zu PāśupSūtra, 1, 1: 1 40 8;katham |;PARTLY;+ katham - dhṛ;"Pañcārthabhāṣya" PABh zu PāśupSūtra, 1, 1: 1 41 1;paśupatiḥ |;PARTLY;+ paśupati - dhṛ;"Pañcārthabhāṣya" PABh zu PāśupSūtra, 1, 1: 1 42 9;kasmāt |;PARTLY;+ kasmāt - dhṛ;"Pañcārthabhāṣya" PABh zu PāśupSūtra, 1, 1: 1 42 12;evaṃ ||;PARTLY;+ evam - dhṛ;"Pañcārthabhāṣya" PABh zu PāśupSūtra, 1, 1: 1 43 19;ucyate |;PARTLY;+ vac - dhṛ;"Pañcārthabhāṣya" PABh zu PāśupSūtra, 1, 1: 1 43 24;kasmāt |;PARTLY;+ kasmāt - dhṛ;"Pañcārthabhāṣya" PABh zu PāśupSūtra, 1, 1: 1 50 0;khyā prakathane ||;PARTLY;+ prakathana - dhṛ;"Pañcārthabhāṣya" PABh zu PāśupSūtra, 1, 2: 2 24 0;kasmāt ||;PARTLY;+ kasmāt - dhṛ;"Pañcārthabhāṣya" PABh zu PāśupSūtra, 1, 2: 2 28 0;ucyate ||;PARTLY;+ vac - dhṛ;"Pañcārthabhāṣya" PABh zu PāśupSūtra, 1, 8: 8 21 0;upatiṣṭhet ||;PARTLY;+ upasthā - dhṛ;"Pañcārthabhāṣya" PABh zu PāśupSūtra, 1, 9: 9 41 0;kasmāt ||;PARTLY;+ kasmāt - dhṛ;"Pañcārthabhāṣya" PABh zu PāśupSūtra, 1, 9: 9 45 0;kasmāt ||;PARTLY;+ kasmāt - dhṛ;"Pañcārthabhāṣya" PABh zu PāśupSūtra, 1, 9: 9 58 0;kasmāt ||;PARTLY;+ kasmāt - dhṛ;"Pañcārthabhāṣya" PABh zu PāśupSūtra, 1, 9: 9 68 0;kasmāt ||;PARTLY;+ kasmāt - dhṛ;"Pañcārthabhāṣya" PABh zu PāśupSūtra, 1, 9: 9 88 0;kasmāt ||;PARTLY;+ kasmāt - dhṛ;"Pañcārthabhāṣya" PABh zu PāśupSūtra, 1, 9: 9 96 0;katham ||;PARTLY;+ katham - dhṛ;"Pañcārthabhāṣya" PABh zu PāśupSūtra, 1, 9: 9 122 0;kasmāt ||;PARTLY;+ kasmāt - dhṛ;"Pañcārthabhāṣya" PABh zu PāśupSūtra, 1, 9: 9 125 0;kasmāt ||;PARTLY;+ kasmāt - dhṛ;"Pañcārthabhāṣya" PABh zu PāśupSūtra, 1, 9: 9 128 0;kasmāt ||;PARTLY;+ kasmāt - dhṛ;"Pañcārthabhāṣya" PABh zu PāśupSūtra, 1, 9: 9 134 0;kasmāt ||;PARTLY;+ kasmāt - dhṛ;"Pañcārthabhāṣya" PABh zu PāśupSūtra, 1, 9: 9 138 0;kasmāt ||;PARTLY;+ kasmāt - dhṛ;"Pañcārthabhāṣya" PABh zu PāśupSūtra, 1, 9: 9 154 0;kasmāt ||;PARTLY;+ kasmāt - dhṛ;"Pañcārthabhāṣya" PABh zu PāśupSūtra, 1, 9: 9 177 0;kasmāt ||;PARTLY;+ kasmāt - dhṛ;"Pañcārthabhāṣya" PABh zu PāśupSūtra, 1, 9: 9 194 0;kasmāt ||;PARTLY;+ kasmāt - dhṛ;"Pañcārthabhāṣya" PABh zu PāśupSūtra, 1, 9: 9 213 0;kasmāt ||;PARTLY;+ kasmāt - dhṛ;"Pañcārthabhāṣya" PABh zu PāśupSūtra, 1, 9: 9 237 0;kasmāt ||;PARTLY;+ kasmāt - dhṛ;"Pañcārthabhāṣya" PABh zu PāśupSūtra, 1, 9: 9 243 0;kasmāt ||;PARTLY;+ kasmāt - dhṛ;"Pañcārthabhāṣya" PABh zu PāśupSūtra, 1, 9: 9 252 0;kasmāt ||;PARTLY;+ ka - dhṛ;"Pañcārthabhāṣya" PABh zu PāśupSūtra, 1, 9: 9 270 0;kasmāt ||;PARTLY;+ ka - dhṛ;"Pañcārthabhāṣya" PABh zu PāśupSūtra, 1, 9: 9 275 1;kasmāt |;PARTLY;+ ka - dhṛ;"Pañcārthabhāṣya" PABh zu PāśupSūtra, 1, 9: 9 301 0;kasmāt ||;PARTLY;+ ka - dhṛ;"Pañcārthabhāṣya" PABh zu PāśupSūtra, 1, 9: 9 325 0;yasmād āha ||;PARTLY;+ ah - dhṛ;"Pañcārthabhāṣya" PABh zu PāśupSūtra, 1, 11: 12 2 3;yasmāt ||;PARTLY;+ yad - dhṛ;"Pañcārthabhāṣya" PABh zu PāśupSūtra, 1, 12: 13 9 0;īkṣa darśane ||;PARTLY;+ darśana - dhṛ;"Pañcārthabhāṣya" PABh zu PāśupSūtra, 1, 14: 15 7 0;yasmāt ||;PARTLY;+ yad - dhṛ;"Pañcārthabhāṣya" PABh zu PāśupSūtra, 1, 15: 16 7 0;kasmāt ||;PARTLY;+ ka - dhṛ;"Pañcārthabhāṣya" PABh zu PāśupSūtra, 1, 16: 17 4 0;kasmāt ||;PARTLY;+ ka - dhṛ;"Pañcārthabhāṣya" PABh zu PāśupSūtra, 1, 16: 17 15 0;ana prāṇane ||;PARTLY;+ prāṇana - dhṛ;"Pañcārthabhāṣya" PABh zu PāśupSūtra, 1, 16: 17 18 0;bandhayitavyāḥ ||;PARTLY;+ bandhay - dhṛ;"Pañcārthabhāṣya" PABh zu PāśupSūtra, 1, 18: 19 1 0;iti ||;PARTLY;+ iti - dhṛ;"Pañcārthabhāṣya" PABh zu PāśupSūtra, 1, 20: 21 12 0;viṣayebhyaḥ ||;PARTLY;+ viṣaya - dhṛ;"Pañcārthabhāṣya" PABh zu PāśupSūtra, 1, 20: 21 15 0;kramaśaḥ ||;PARTLY;+ kramaśas - dhṛ;"Pañcārthabhāṣya" PABh zu PāśupSūtra, 1, 23: 24 5 0;āha ||;PARTLY;+ ah - dhṛ;"Pañcārthabhāṣya" PABh zu PāśupSūtra, 1, 23: 24 11 0;kasmāt ||;PARTLY;+ ka - dhṛ;"Pañcārthabhāṣya" PABh zu PāśupSūtra, 1, 24: 25 6 0;katham ||;PARTLY;+ katham - dhṛ;"Pañcārthabhāṣya" PABh zu PāśupSūtra, 1, 24: 25 14 0;kasmāt ||;PARTLY;+ ka - dhṛ;"Pañcārthabhāṣya" PABh zu PāśupSūtra, 1, 24: 25 25 0;ucyate ||;PARTLY;+ vac - dhṛ;"Pañcārthabhāṣya" PABh zu PāśupSūtra, 1, 25: 26 5 0;kasmāt ||;PARTLY;+ ka - dhṛ;"Pañcārthabhāṣya" PABh zu PāśupSūtra, 1, 26: 27 3 0;kutaḥ ||;PARTLY;+ kutas - dhṛ;"Pañcārthabhāṣya" PABh zu PāśupSūtra, 1, 29: 30 5 0;viśa praveśane ||;PARTLY;+ praveśana - dhṛ;"Pañcārthabhāṣya" PABh zu PāśupSūtra, 1, 35: 36 3 0;kasmāt ||;PARTLY;+ ka - dhṛ;"Pañcārthabhāṣya" PABh zu PāśupSūtra, 1, 36.1: 37 2 0;mṛṅ prāṇatyāge ||;PARTLY;+ prāṇatyāga - dhṛ;"Pañcārthabhāṣya" PABh zu PāśupSūtra, 1, 36.1: 37 4 0;kasmāt ||;PARTLY;+ ka - dhṛ;"Pañcārthabhāṣya" PABh zu PāśupSūtra, 1, 36.1: 37 9 0;āha ||;PARTLY;+ ah - dhṛ;"Pañcārthabhāṣya" PABh zu PāśupSūtra, 1, 39: 40 12 0;katham ||;PARTLY;+ katham - dhṛ;"Pañcārthabhāṣya" PABh zu PāśupSūtra, 1, 40: 41 5 0;kasmāt ||;PARTLY;+ ka - dhṛ;"Pañcārthabhāṣya" PABh zu PāśupSūtra, 1, 40: 41 18 0;kasmāt ||;PARTLY;+ ka - dhṛ;"Pañcārthabhāṣya" PABh zu PāśupSūtra, 2, 2: 47 1 0;iti ||;PARTLY;+ iti - dhṛ;"Pañcārthabhāṣya" PABh zu PāśupSūtra, 2, 3: 48 1 0;iti ||;PARTLY;+ iti - dhṛ;"Pañcārthabhāṣya" PABh zu PāśupSūtra, 2, 4: 49 1 0;iti ||;PARTLY;+ iti - dhṛ;"Pañcārthabhāṣya" PABh zu PāśupSūtra, 2, 4: 49 9 0;ucyate ||;PARTLY;+ vac - dhṛ;"Pañcārthabhāṣya" PABh zu PāśupSūtra, 2, 5: 50 39 0;kasmāt ||;PARTLY;+ ka - dhṛ;"Pañcārthabhāṣya" PABh zu PāśupSūtra, 2, 5: 50 44 0;kasmāt ||;PARTLY;+ ka - dhṛ;"Pañcārthabhāṣya" PABh zu PāśupSūtra, 2, 6: 51 7 0;kasmāt ||;PARTLY;+ ka - dhṛ;"Pañcārthabhāṣya" PABh zu PāśupSūtra, 2, 6: 51 8 0;kāmitvāt ||;PARTLY;+ kāmitva - dhṛ;"Pañcārthabhāṣya" PABh zu PāśupSūtra, 2, 6: 51 21 0;cakṣiṅ kathane ||;PARTLY;+ kathana - dhṛ;"Pañcārthabhāṣya" PABh zu PāśupSūtra, 2, 7: 52 14 0;na ||;PARTLY;+ na - dhṛ;"Pañcārthabhāṣya" PABh zu PāśupSūtra, 2, 9: 54 1 0;iti ||;PARTLY;+ iti - dhṛ;"Pañcārthabhāṣya" PABh zu PāśupSūtra, 2, 11: 56 9 0;vidhivat ||;PARTLY;+ vidhivat - dhṛ;"Pañcārthabhāṣya" PABh zu PāśupSūtra, 2, 11: 56 20 0;kasmāt ||;PARTLY;+ ka - dhṛ;"Pañcārthabhāṣya" PABh zu PāśupSūtra, 2, 12: 57 1 0;iti ||;PARTLY;+ iti - dhṛ;"Pañcārthabhāṣya" PABh zu PāśupSūtra, 2, 12: 57 5 1;kasmāt ||;PARTLY;+ ka - dhṛ;"Pañcārthabhāṣya" PABh zu PāśupSūtra, 2, 12: 57 8 0;kasmāt ||;PARTLY;+ ka - dhṛ;"Pañcārthabhāṣya" PABh zu PāśupSūtra, 2, 12: 57 21 0;kasmāt ||;PARTLY;+ ka - dhṛ;"Pañcārthabhāṣya" PABh zu PāśupSūtra, 2, 13: 58 5 0;iti ||;PARTLY;+ iti - dhṛ;"Pañcārthabhāṣya" PABh zu PāśupSūtra, 2, 15: 60 2 0;kasmāt ||;PARTLY;+ ka - dhṛ;"Pañcārthabhāṣya" PABh zu PāśupSūtra, 2, 15: 60 6 0;kasmāt ||;PARTLY;+ ka - dhṛ;"Pañcārthabhāṣya" PABh zu PāśupSūtra, 2, 15: 60 11 0;kasmāt ||;PARTLY;+ ka - dhṛ;"Pañcārthabhāṣya" PABh zu PāśupSūtra, 2, 15: 60 16 0;kasmāt ||;PARTLY;+ ka - dhṛ;"Pañcārthabhāṣya" PABh zu PāśupSūtra, 2, 17: 62 10 0;gamayate ||;PARTLY;+ gamay - dhṛ;"Pañcārthabhāṣya" PABh zu PāśupSūtra, 2, 18: 63 1 0;iti ||;PARTLY;+ iti - dhṛ;"Pañcārthabhāṣya" PABh zu PāśupSūtra, 2, 19: 64 2 0;katham ||;PARTLY;+ katham - dhṛ;"Pañcārthabhāṣya" PABh zu PāśupSūtra, 2, 20: 65 4 0;katham ||;PARTLY;+ katham - dhṛ;"Pañcārthabhāṣya" PABh zu PāśupSūtra, 2, 21: 66 1 0;iti ||;PARTLY;+ iti - dhṛ;"Pañcārthabhāṣya" PABh zu PāśupSūtra, 2, 22.1: 67 1 0;iti ||;PARTLY;+ iti - dhṛ;"Pañcārthabhāṣya" PABh zu PāśupSūtra, 2, 23: 68 11 0;kasmāt ||;PARTLY;+ ka - dhṛ;"Pañcārthabhāṣya" PABh zu PāśupSūtra, 2, 23: 68 14 0;kasmāt ||;PARTLY;+ ka - dhṛ;"Pañcārthabhāṣya" PABh zu PāśupSūtra, 2, 23: 68 18 0;kasmāt ||;PARTLY;+ ka - dhṛ;"Pañcārthabhāṣya" PABh zu PāśupSūtra, 2, 24: 69 8 0;kasmāt ||;PARTLY;+ ka - dhṛ;"Pañcārthabhāṣya" PABh zu PāśupSūtra, 2, 26: 71 5 0;śamu damu upaśame ||;PARTLY;+ upaśama - dhṛ;"Pañcārthabhāṣya" PABh zu PāśupSūtra, 3, 1.1: 73 1 0;iti ||;PARTLY;+ iti - dhṛ;"Pañcārthabhāṣya" PABh zu PāśupSūtra, 3, 4: 76 4 0;kasmāt ||;PARTLY;+ ka - dhṛ;"Pañcārthabhāṣya" PABh zu PāśupSūtra, 3, 9: 81 7 0;ādatte ||;PARTLY;+ ādā - dhṛ;"Pañcārthabhāṣya" PABh zu PāśupSūtra, 3, 9: 81 8 0;ā grahaṇe ||;PARTLY;+ grahaṇa - dhṛ;"Pañcārthabhāṣya" PABh zu PāśupSūtra, 3, 10: 82 1 1;iti |;PARTLY;+ iti - dhṛ;"Pañcārthabhāṣya" PABh zu PāśupSūtra, 3, 10: 82 2 0;katham ||;PARTLY;+ katham - dhṛ;"Pañcārthabhāṣya" PABh zu PāśupSūtra, 3, 11: 83 2 0;kasmāt ||;PARTLY;+ ka - dhṛ;"Pañcārthabhāṣya" PABh zu PāśupSūtra, 3, 13: 85 2 0;kasmāt ||;PARTLY;+ ka - dhṛ;"Pañcārthabhāṣya" PABh zu PāśupSūtra, 3, 15: 87 2 0;katham ||;PARTLY;+ katham - dhṛ;"Pañcārthabhāṣya" PABh zu PāśupSūtra, 3, 15: 87 14 0;kasmāt ||;PARTLY;+ ka - dhṛ;"Pañcārthabhāṣya" PABh zu PāśupSūtra, 3, 15: 87 16 0;kasmāt ||;PARTLY;+ ka - dhṛ;"Pañcārthabhāṣya" PABh zu PāśupSūtra, 3, 20: 92 1 0;iti ||;PARTLY;+ iti - dhṛ;"Pañcārthabhāṣya" PABh zu PāśupSūtra, 3, 21: 93 2 0;katham ||;PARTLY;+ katham - dhṛ;"Pañcārthabhāṣya" PABh zu PāśupSūtra, 3, 23.1: 95 3 0;tara viśeṣaṇe ||;PARTLY;+ viśeṣaṇa - dhṛ;"Pañcārthabhāṣya" PABh zu PāśupSūtra, 3, 26: 98 10 0;kasmāt ||;PARTLY;+ ka - dhṛ;"Pañcārthabhāṣya" PABh zu PāśupSūtra, 4, 1: 99 1 0;guhū rakṣaṇe ||;PARTLY;+ rakṣaṇa - dhṛ;"Pañcārthabhāṣya" PABh zu PāśupSūtra, 4, 1: 99 23 0;katham ||;PARTLY;+ katham - dhṛ;"Pañcārthabhāṣya" PABh zu PāśupSūtra, 4, 2: 100 3 0;kasmāt ||;PARTLY;+ ka - dhṛ;"Pañcārthabhāṣya" PABh zu PāśupSūtra, 4, 3: 101 8 1;tathā |;PARTLY;+ tathā - dhṛ;"Pañcārthabhāṣya" PABh zu PāśupSūtra, 4, 4: 102 1 0;iti ||;PARTLY;+ iti - dhṛ;"Pañcārthabhāṣya" PABh zu PāśupSūtra, 4, 4: 102 8 0;katham ||;PARTLY;+ katham - dhṛ;"Pañcārthabhāṣya" PABh zu PāśupSūtra, 4, 5: 103 16 0;ucyate ||;PARTLY;+ vac - dhṛ;"Pañcārthabhāṣya" PABh zu PāśupSūtra, 4, 6: 104 2 1;atra |;PARTLY;+ atra - dhṛ;"Pañcārthabhāṣya" PABh zu PāśupSūtra, 4, 6: 104 14 0;atra virvistare ||;PARTLY;+ atra - dhṛ;"Pañcārthabhāṣya" PABh zu PāśupSūtra, 4, 6: 104 21 0;kasmāt ||;PARTLY;+ ka - dhṛ;"Pañcārthabhāṣya" PABh zu PāśupSūtra, 4, 7.1: 105 29 0;iti ||;PARTLY;+ iti - dhṛ;"Pañcārthabhāṣya" PABh zu PāśupSūtra, 4, 8: 106 11 0;janī prādurbhāve ||;PARTLY;+ prādurbhāva - dhṛ;"Pañcārthabhāṣya" PABh zu PāśupSūtra, 4, 9: 107 27 0;śreṣṭhaḥ ||;PARTLY;+ śreṣṭha - dhṛ;"Pañcārthabhāṣya" PABh zu PāśupSūtra, 4, 10: 108 30 0;kasmāt ||;PARTLY;+ ka - dhṛ;"Pañcārthabhāṣya" PABh zu PāśupSūtra, 4, 11: 109 6 0;ucyate ||;PARTLY;+ vac - dhṛ;"Pañcārthabhāṣya" PABh zu PāśupSūtra, 4, 17: 115 1 1;kasmāt |;PARTLY;+ ka - dhṛ;"Pañcārthabhāṣya" PABh zu PāśupSūtra, 4, 18: 116 2 0;kasmāt ||;PARTLY;+ ka - dhṛ;"Pañcārthabhāṣya" PABh zu PāśupSūtra, 4, 18: 116 10 0;na ||;PARTLY;+ na - dhṛ;"Pañcārthabhāṣya" PABh zu PāśupSūtra, 4, 20: 118 7 0;kasmāt ||;PARTLY;+ ka - dhṛ;"Pañcārthabhāṣya" PABh zu PāśupSūtra, 4, 22: 120 8 0;vida jñāne ||;PARTLY;+ jñāna - dhṛ;"Pañcārthabhāṣya" PABh zu PāśupSūtra, 4, 23: 121 3 0;dhīṅ saṃśleṣaṇe ||;PARTLY;+ saṁśleṣaṇa - dhṛ;"Pañcārthabhāṣya" PABh zu PāśupSūtra, 4, 24: 122 7 0;cuda preraṇe ||;PARTLY;+ preraṇa - dhṛ;"Pañcārthabhāṣya" PABh zu PāśupSūtra, 5, 2: 124 1 0;iti ||;PARTLY;+ iti - dhṛ;"Pañcārthabhāṣya" PABh zu PāśupSūtra, 5, 2: 124 4 0;iti ||;PARTLY;+ iti - dhṛ;"Pañcārthabhāṣya" PABh zu PāśupSūtra, 5, 2: 124 6 0;na ||;PARTLY;+ na - dhṛ;"Pañcārthabhāṣya" PABh zu PāśupSūtra, 5, 3: 125 14 1;iti |;PARTLY;+ iti - dhṛ;"Pañcārthabhāṣya" PABh zu PāśupSūtra, 5, 4: 126 5 0;na ||;PARTLY;+ na - dhṛ;"Pañcārthabhāṣya" PABh zu PāśupSūtra, 5, 6: 128 6 0;janī prādurbhāve ||;PARTLY;+ prādurbhāva - dhṛ;"Pañcārthabhāṣya" PABh zu PāśupSūtra, 5, 6: 128 9 0;ucyate ||;PARTLY;+ vac - dhṛ;"Pañcārthabhāṣya" PABh zu PāśupSūtra, 5, 7: 129 24 0;kasmāt ||;PARTLY;+ ka - dhṛ;"Pañcārthabhāṣya" PABh zu PāśupSūtra, 5, 8: 130 10 0;kasmāt ||;PARTLY;+ ka - dhṛ;"Pañcārthabhāṣya" PABh zu PāśupSūtra, 5, 9.1: 131 1 0;iti ||;PARTLY;+ iti - dhṛ;"Pañcārthabhāṣya" PABh zu PāśupSūtra, 5, 9.1: 131 5 0;guhū saṃvaraṇe ||;PARTLY;+ saṁvaraṇa - dhṛ;"Pañcārthabhāṣya" PABh zu PāśupSūtra, 5, 13: 135 11 0;kutaḥ ||;PARTLY;+ kutas - dhṛ;"Pañcārthabhāṣya" PABh zu PāśupSūtra, 5, 17: 139 18 0;aśa bhojane ||;PARTLY;+ bhojana - dhṛ;"Pañcārthabhāṣya" PABh zu PāśupSūtra, 5, 20: 142 3 0;atra ||;PARTLY;+ atra - dhṛ;"Pañcārthabhāṣya" PABh zu PāśupSūtra, 5, 20: 142 12 0;kasmāt ||;PARTLY;+ ka - dhṛ;"Pañcārthabhāṣya" PABh zu PāśupSūtra, 5, 20: 142 22 0;kasmāt ||;PARTLY;+ ka - dhṛ;"Pañcārthabhāṣya" PABh zu PāśupSūtra, 5, 20: 142 31 0;kasmāt ||;PARTLY;+ ka - dhṛ;"Pañcārthabhāṣya" PABh zu PāśupSūtra, 5, 21: 143 25 0;katham ||;PARTLY;+ katham - dhṛ;"Pañcārthabhāṣya" PABh zu PāśupSūtra, 5, 21: 143 29 0;katham ||;PARTLY;+ katham - dhṛ;"Pañcārthabhāṣya" PABh zu PāśupSūtra, 5, 24: 146 3 0;kiṃkāraṇam ||;PARTLY;+ kiṁkāraṇa - dhṛ;"Pañcārthabhāṣya" PABh zu PāśupSūtra, 5, 24: 146 6 0;abhir abhyāse ||;PARTLY;+ abhyāsa - dhṛ;"Pañcārthabhāṣya" PABh zu PāśupSūtra, 5, 24: 146 8 0;dhyai cintāyām ||;PARTLY;+ cintā - dhṛ;"Pañcārthabhāṣya" PABh zu PāśupSūtra, 5, 25: 147 2 0;kasmāt ||;PARTLY;+ ka - dhṛ;"Pañcārthabhāṣya" PABh zu PāśupSūtra, 5, 25: 147 18 0;dhāryaṃ coṃkārānucintanam ||;PARTLY;+ dhāray - dhṛ;"Pañcārthabhāṣya" PABh zu PāśupSūtra, 5, 25: 147 23 0;ḍukṛñ karaṇe ||;PARTLY;+ karaṇa - dhṛ;"Pañcārthabhāṣya" PABh zu PāśupSūtra, 5, 26: 148 8 0;vida jñāne ||;PARTLY;+ jñāna - dhṛ;"Pañcārthabhāṣya" PABh zu PāśupSūtra, 5, 26: 148 15 0;kasmāt ||;PARTLY;+ ka - dhṛ;"Pañcārthabhāṣya" PABh zu PāśupSūtra, 5, 34: 156 3 0;kimartham ||;PARTLY;+ kimartha - dhṛ;"Pañcārthabhāṣya" PABh zu PāśupSūtra, 5, 34: 156 17 0;kasmāt ||;PARTLY;+ ka - dhṛ;"Pañcārthabhāṣya" PABh zu PāśupSūtra, 5, 34: 156 43 0;kasmāt ||;PARTLY;+ ka - dhṛ;"Pañcārthabhāṣya" PABh zu PāśupSūtra, 5, 34: 156 62 0;iti ||;PARTLY;+ iti - dhṛ;"Pañcārthabhāṣya" PABh zu PāśupSūtra, 5, 34: 156 70 0;katham ||;PARTLY;+ katham - dhṛ;"Pañcārthabhāṣya" PABh zu PāśupSūtra, 5, 34: 156 77 0;iti ||;PARTLY;+ iti - dhṛ;"Pañcārthabhāṣya" PABh zu PāśupSūtra, 5, 34: 156 88 0;katham ||;PARTLY;+ katham - dhṛ;"Pañcārthabhāṣya" PABh zu PāśupSūtra, 5, 34: 156 90 0;kasmāt ||;PARTLY;+ ka - dhṛ;"Pañcārthabhāṣya" PABh zu PāśupSūtra, 5, 34: 156 108 1;evam |;PARTLY;+ evam - dhṛ;"Pañcārthabhāṣya" PABh zu PāśupSūtra, 5, 34: 156 108 4;iti ||;PARTLY;+ iti - dhṛ;"Pañcārthabhāṣya" PABh zu PāśupSūtra, 5, 34: 156 116 0;na ||;PARTLY;+ na - dhṛ;"Pañcārthabhāṣya" PABh zu PāśupSūtra, 5, 34: 156 119 0;kasmāt ||;PARTLY;+ ka - dhṛ;"Pañcārthabhāṣya" PABh zu PāśupSūtra, 5, 34: 156 125 0;kasmāt ||;PARTLY;+ ka - dhṛ;"Pañcārthabhāṣya" PABh zu PāśupSūtra, 5, 34: 156 130 0;kasmāt ||;PARTLY;+ ka - dhṛ;"Pañcārthabhāṣya" PABh zu PāśupSūtra, 5, 35: 157 4 0;na ||;PARTLY;+ na - dhṛ;"Pañcārthabhāṣya" PABh zu PāśupSūtra, 5, 38: 160 15 0;kasmāt ||;PARTLY;+ ka - dhṛ;"Pañcārthabhāṣya" PABh zu PāśupSūtra, 5, 38: 160 22 0;katham ||;PARTLY;+ katham - dhṛ;"Pañcārthabhāṣya" PABh zu PāśupSūtra, 5, 38: 160 24 0;katham ||;PARTLY;+ katham - dhṛ;"Pañcārthabhāṣya" PABh zu PāśupSūtra, 5, 39: 161 1 0;iti ||;PARTLY;+ iti - dhṛ;"Pañcārthabhāṣya" PABh zu PāśupSūtra, 5, 39: 161 3 1;uktam |;PARTLY;+ vac - dhṛ;"Pañcārthabhāṣya" PABh zu PāśupSūtra, 5, 39: 161 15 0;gamﾱ sṛpﾱ gatau ||;PARTLY;+ gati - dhṛ;"Pañcārthabhāṣya" PABh zu PāśupSūtra, 5, 39: 161 17 0;katham ||;PARTLY;+ katham - dhṛ;"Pañcārthabhāṣya" PABh zu PāśupSūtra, 5, 39: 161 26 0;kasmāt ||;PARTLY;+ ka - dhṛ;"Pañcārthabhāṣya" PABh zu PāśupSūtra, 5, 39: 161 28 0;kasmāt ||;PARTLY;+ ka - dhṛ;"Pañcārthabhāṣya" PABh zu PāśupSūtra, 5, 39: 161 36 0;kasmāt ||;PARTLY;+ ka - dhṛ;"Pañcārthabhāṣya" PABh zu PāśupSūtra, 5, 39: 161 39 0;kasmāt ||;PARTLY;+ ka - dhṛ;"Pañcārthabhāṣya" PABh zu PāśupSūtra, 5, 39: 161 42 0;kasmāt ||;PARTLY;+ ka - dhṛ;"Pañcārthabhāṣya" PABh zu PāśupSūtra, 5, 39: 161 45 0;kasmāt ||;PARTLY;+ ka - dhṛ;"Pañcārthabhāṣya" PABh zu PāśupSūtra, 5, 39: 161 49 0;kasmāt ||;PARTLY;+ ka - dhṛ;"Pañcārthabhāṣya" PABh zu PāśupSūtra, 5, 39: 161 52 0;kasmāt ||;PARTLY;+ ka - dhṛ;"Pañcārthabhāṣya" PABh zu PāśupSūtra, 5, 39: 161 56 0;kasmāt ||;PARTLY;+ ka - dhṛ;"Pañcārthabhāṣya" PABh zu PāśupSūtra, 5, 39: 161 59 0;kasmāt ||;PARTLY;+ ka - dhṛ;"Pañcārthabhāṣya" PABh zu PāśupSūtra, 5, 39: 161 62 0;iti ||;PARTLY;+ iti - dhṛ;"Pañcārthabhāṣya" PABh zu PāśupSūtra, 5, 39: 161 69 0;kasmāt ||;PARTLY;+ ka - dhṛ;"Pañcārthabhāṣya" PABh zu PāśupSūtra, 5, 40: 162 1 0;iti ||;PARTLY;+ iti - dhṛ;"Pañcārthabhāṣya" PABh zu PāśupSūtra, 5, 41: 163 8 0;ucyate ||;PARTLY;+ vac - dhṛ;"Pañcārthabhāṣya" PABh zu PāśupSūtra, 5, 43: 165 3 0;kasmāt ||;PARTLY;+ ka - dhṛ;"Pañcārthabhāṣya" PABh zu PāśupSūtra, 5, 45: 167 4 0;ucyate ||;PARTLY;+ vac - dhṛ;"Pañcārthabhāṣya" PABh zu PāśupSūtra, 5, 46: 168 10 0;iti ||;PARTLY;+ iti - dhṛ;"Pañcārthabhāṣya" PABh zu PāśupSūtra, 5, 46: 168 52 0;śubham ||;PARTLY;+ śubha - dhṛ;"Nādabindūpaniṣat" Nādabindūpaniṣat, 1: 1 21 0;iti ||;PARTLY;+ iti - dhṛ;"Bhāgavatapurāṇa" BhāgPur, 3, 10: 39 24 2;haṃsasārasacakrāhvakākolūkādayaḥ khagāḥ ||;PARTLY;+ khaga - dhṛ;"Bhāgavatapurāṇa" BhāgPur, 3, 15: 44 18 1;pārāvatānyabhṛtasārasacakravākadātyūhahaṃsaśukatittiribarhiṇāṃ yaḥ |;PARTLY;+ yad - dhṛ;"Bhāgavatapurāṇa" BhāgPur, 4, 7: 69 36 1;yajamāny uvāca |;PARTLY;+ vac - dhṛ;"Bhāgavatapurāṇa" BhāgPur, 8, 7: 91 14 1;ahīndrasāhasrakaṭhoradṛṅmukhaśvāsāgnidhūmāhatavarcaso .surāḥ |;PARTLY;+ asura - dhṛ;"Rasādhyāya" RAdhy, 1: 1 137 1;rūpyagadyāṇakayācohyanenābhyañjya gālite |;PARTLY;+ gālay - dhṛ;"Rasādhyāya" RAdhy, 1: 1 336 1;tyaktavyaṃ kābasammanītāryasajjikāpayaḥ |;PARTLY;+ tyaj - dhṛ;"Rasādhyāyaṭīkā" RAdhyṬ zu RAdhy, 12.2: 3 26 0;iti ||;PARTLY;+ iti - dhṛ;"Rasādhyāyaṭīkā" RAdhyṬ zu RAdhy, 42.2: 14 9 0;vajrakṣīram ||;PARTLY;+ vajrakṣīra - dhṛ;"Rasādhyāyaṭīkā" RAdhyṬ zu RAdhy, 42.2: 14 13 0;vajrakandaḥ ||;PARTLY;+ vajrakanda - dhṛ;"Rasādhyāyaṭīkā" RAdhyṬ zu RAdhy, 42.2: 14 15 0;bīaṅkaḥ ||;PARTLY;+ bīaṅka - dhṛ;"Rasādhyāyaṭīkā" RAdhyṬ zu RAdhy, 42.2: 14 18 0;aśvagandhā ||;PARTLY;+ aśvagandhā - dhṛ;"Rasādhyāyaṭīkā" RAdhyṬ zu RAdhy, 42.2: 14 19 0;nāhi ||;PARTLY;+ nāhī - dhṛ;"Rasādhyāyaṭīkā" RAdhyṬ zu RAdhy, 166.2: 31 2 0;lavaṇam ||;PARTLY;+ lavaṇa - dhṛ;"Rasādhyāyaṭīkā" RAdhyṬ zu RAdhy, 166.2: 31 3 0;tūrī ||;PARTLY;+ tūrī - dhṛ;"Vārāhagṛhyasūtra" VārGṛSū, 1: 1 23 4;svāhā |;PARTLY;+ svāhā - dhṛ;"Vārāhagṛhyasūtra" VārGṛSū, 1: 1 23 5;iti ||;PARTLY;+ iti - dhṛ;"Vārāhagṛhyasūtra" VārGṛSū, 1: 1 25 1;iti |;PARTLY;+ iti - dhṛ;"Vārāhagṛhyasūtra" VārGṛSū, 1: 1 32 3;svāhā |;PARTLY;+ svāhā - dhṛ;"Vārāhagṛhyasūtra" VārGṛSū, 2: 2 5 5;iti ||;PARTLY;+ iti - dhṛ;"Vārāhagṛhyasūtra" VārGṛSū, 2: 2 6 3;iti ||;PARTLY;+ iti - dhṛ;"Vārāhagṛhyasūtra" VārGṛSū, 4: 4 3 9;iti |;PARTLY;+ iti - dhṛ;"Vārāhagṛhyasūtra" VārGṛSū, 4: 4 5 4;iti ||;PARTLY;+ iti - dhṛ;"Vārāhagṛhyasūtra" VārGṛSū, 4: 4 8 5;iti ||;PARTLY;+ iti - dhṛ;"Vārāhagṛhyasūtra" VārGṛSū, 4: 4 22 1;iti |;PARTLY;+ iti - dhṛ;"Vārāhagṛhyasūtra" VārGṛSū, 5: 5 30 6;iti ||;PARTLY;+ iti - dhṛ;"Vārāhagṛhyasūtra" VārGṛSū, 5: 5 34 5;svāhā |;PARTLY;+ svāhā - dhṛ;"Vārāhagṛhyasūtra" VārGṛSū, 8: 8 2 5;svāhā |;PARTLY;+ svāhā - dhṛ;"Vārāhagṛhyasūtra" VārGṛSū, 8: 8 2 9;svāhā |;PARTLY;+ svāhā - dhṛ;"Vārāhagṛhyasūtra" VārGṛSū, 8: 8 2 10;iti ||;PARTLY;+ iti - dhṛ;"Vārāhagṛhyasūtra" VārGṛSū, 9: 9 3 4;iti ||;PARTLY;+ iti - dhṛ;"Vārāhagṛhyasūtra" VārGṛSū, 9: 9 11 3;iti ||;PARTLY;+ iti - dhṛ;"Vārāhagṛhyasūtra" VārGṛSū, 10: 10 16 1;dadāni |;PARTLY;+ dā - dhṛ;"Vārāhagṛhyasūtra" VārGṛSū, 13: 13 3 3;iti ||;PARTLY;+ iti - dhṛ;"Vārāhagṛhyasūtra" VārGṛSū, 13: 13 4 5;iti ||;PARTLY;+ iti - dhṛ;"Vārāhagṛhyasūtra" VārGṛSū, 14: 14 2 3;iti ||;PARTLY;+ iti - dhṛ;"Vārāhagṛhyasūtra" VārGṛSū, 14: 14 3 4;iti ||;PARTLY;+ iti - dhṛ;"Vārāhagṛhyasūtra" VārGṛSū, 14: 14 10 7;svāhā |;PARTLY;+ svāhā - dhṛ;"Vārāhagṛhyasūtra" VārGṛSū, 14: 14 10 10;iti ||;PARTLY;+ iti - dhṛ;"Vārāhagṛhyasūtra" VārGṛSū, 14: 14 12 10;prajāpataye |;PARTLY;+ prajāpati - dhṛ;"Vārāhagṛhyasūtra" VārGṛSū, 14: 14 13 15;iti ||;PARTLY;+ iti - dhṛ;"Vārāhagṛhyasūtra" VārGṛSū, 14: 14 15 3;iti ||;PARTLY;+ iti - dhṛ;"Vārāhagṛhyasūtra" VārGṛSū, 14: 14 18 7;svāhā |;PARTLY;+ svāhā - dhṛ;"Vārāhagṛhyasūtra" VārGṛSū, 14: 14 18 8;iti ||;PARTLY;+ iti - dhṛ;"Vārāhagṛhyasūtra" VārGṛSū, 14: 14 25 3;iti ||;PARTLY;+ iti - dhṛ;"Vārāhagṛhyasūtra" VārGṛSū, 15: 15 10 3;viśvahādābhyaṃ haviḥ |;PARTLY;+ havis - dhṛ;"Vārāhagṛhyasūtra" VārGṛSū, 17: 17 9 1;kāmāya |;PARTLY;+ kāma - dhṛ;"Vārāhagṛhyasūtra" VārGṛSū, 17: 17 17 3;dakṣiṇasyām |;PARTLY;+ dakṣiṇa - dhṛ;"Vārāhagṛhyasūtra" VārGṛSū, 17: 17 17 4;pratīcyām |;PARTLY;+ pratyañc - dhṛ;"Vārāhagṛhyasūtra" VārGṛSū, 17: 17 17 5;uttarasyām |;PARTLY;+ uttara - dhṛ;"Vārāhagṛhyasūtra" VārGṛSū, 17: 17 17 6;ūrdhvāyām |;PARTLY;+ ūrdhva - dhṛ;"Vṛddhayamasmṛti" Vṛddhayamasmṛti, 1: 1 10 1;na mārgasthānavalmīkānoṣarasthākhusaṃcitāt |;PARTLY;+ na - dhṛ;"Sarvadarśanasaṃgraha" SDS, 1: 1 3 5;iti ||;PARTLY;+ iti - dhṛ;"Sarvadarśanasaṃgraha" SDS, 1: 1 12 7;iti ||;PARTLY;+ iti - dhṛ;"Sarvadarśanasaṃgraha" SDS, 1: 1 16 3;iti ||;PARTLY;+ iti - dhṛ;"Sarvadarśanasaṃgraha" SDS, 1: 1 17 4;iti ||;PARTLY;+ iti - dhṛ;"Sarvadarśanasaṃgraha" SDS, 1: 1 46 1;tadā |;PARTLY;+ tadā - dhṛ;"Āyurvedadīpikā" ĀVDīp, 0: -1 1 13;parasparaguāāopaghātastu yadyapi doṣāṇā prāyo nāseva tathā.pyadṛṣṭavaśāt kvācedbhavatātie jñeyaṃ rasānāṃ tu pravalenā yopaghāto bhavatyeva |;PARTLY;+  - dhṛ;"Āyurvedadīpikā" ĀVDīp, 0: -1 1 18;asminvyākhyāne rasānāṃ doṣāṇāṃ ca ya utkarṣāpakarṣakṛto viṣamasamavāyaḥ pṛthagucyate sa na yutvateḥ yato viṣamasamavāye.pyutkṛṣṭasya rasasya tathā doṣasya co tkṛṣṭā guṇā apakṛṣṭastha cāpakṛṣṭā guṇā bhavantīti kṛtvā.vayavapra bhāvānanumānenaiva samudāyaprabhāvānumānaṃ śakyam |;PARTLY;+  - dhṛ;"Āyurvedadīpikā" ĀVDīp zu Ca, Sū., 1, 23.2: 5 4 0;niyujyeyaṃ vyāpārayeyam ||;PARTLY;+ vyāpāray - dhṛ;"Āyurvedadīpikā" ĀVDīp zu Ca, Sū., 28, 4.7: 124 7 2;iti ||;PARTLY;+ iti - dhṛ;"Āyurvedadīpikā" ĀVDīp zu Ca, Nid., 1, 7: 154 4 4;iti ||;PARTLY;+ iti - dhṛ;"Āyurvedadīpikā" ĀVDīp zu Ca, Vim., 3, 35.2: 199 13 4;iti ||;PARTLY;+ iti - dhṛ;"Āyurvedadīpikā" ĀVDīp zu Ca, Śār., 1, 77.2: 239 1 1;saṃprati ||;PARTLY;+ samprati - dhṛ;"Āyurvedadīpikā" ĀVDīp zu Ca, Śār., 1, 113.2: 255 4 0;iti ||;PARTLY;+ iti - dhṛ;"Āyurvedadīpikā" ĀVDīp zu Ca, Indr., 1, 7.6: 281 21 3;iti ||;PARTLY;+ iti - dhṛ;"Āyurvedadīpikā" ĀVDīp zu Ca, Cik., 1, 12.2: 288 4 0;iti ||;PARTLY;+ iti - dhṛ;"Āyurvedadīpikā" ĀVDīp zu Ca, Cik., 1, 12.2: 288 9 0;arcyaḥ arcanīyaḥ ||;PARTLY;+ arc - dhṛ;"Āyurvedadīpikā" ĀVDīp zu Ca, Si., 12, 41.1: 328 4 3;iti ||;PARTLY;+ iti - dhṛ;"Mahābhārata" MBh, 1, 1: 1 63 3;sūtaḥ |;PARTLY;+ sūta - dhṛ;"Mahābhārata" MBh, 1, 3: 3 133 1;iti |;PARTLY;+ iti - dhṛ;"Mahābhārata" MBh, 1, 11: 11 11 7;sūtaḥ |;PARTLY;+ sūta - dhṛ;"Mahābhārata" MBh, 1, 12: 12 5 15;śiva śiva |;PARTLY;+ śiva - dhṛ;"Mahābhārata" MBh, 1, 16: 16 15 3;sūtaḥ |;PARTLY;+ sūta - dhṛ;"Mahābhārata" MBh, 1, 27: 27 16 3;kāśyapaḥ |;PARTLY;+ kāśyapa - dhṛ;"Mahābhārata" MBh, 1, 27: 27 16 4;vālakhilyāḥ |;PARTLY;+ vālakhilya - dhṛ;"Mahābhārata" MBh, 1, 30: 30 15 2;garuḍaḥ |;PARTLY;+ garuḍa - dhṛ;"Mahābhārata" MBh, 1, 30: 30 15 3;vinatā |;PARTLY;+ vinatā - dhṛ;"Mahābhārata" MBh, 1, 39: 39 2 3;sūtaḥ |;PARTLY;+ sūta - dhṛ;"Mahābhārata" MBh, 1, 57: 57 57 6;matsyagandhā |;PARTLY;+ matsyagandhā - dhṛ;"Mahābhārata" MBh, 1, 57: 57 57 10;parāśaraḥ |;PARTLY;+ parāśara - dhṛ;"Mahābhārata" MBh, 1, 57: 57 57 14;vaiśaṃpāyanaḥ |;PARTLY;+ vaiśampāyana - dhṛ;"Mahābhārata" MBh, 1, 57: 57 57 16;matsyagandhā |;PARTLY;+ matsyagandhā - dhṛ;"Mahābhārata" MBh, 1, 57: 57 57 19;parāśaraḥ |;PARTLY;+ parāśara - dhṛ;"Mahābhārata" MBh, 1, 57: 57 57 62;vaiśaṃpāyanaḥ |;PARTLY;+ vaiśampāyana - dhṛ;"Mahābhārata" MBh, 1, 57: 57 68 41;vaiśaṃpāyanaḥ |;PARTLY;+ vaiśampāyana - dhṛ;"Mahābhārata" MBh, 1, 57: 57 68 70;vaiśaṃpāyanaḥ |;PARTLY;+ vaiśampāyana - dhṛ;"Mahābhārata" MBh, 1, 57: 57 68 76;vasuḥ |;PARTLY;+ vasu - dhṛ;"Mahābhārata" MBh, 1, 57: 57 68 80;pitaraḥ |;PARTLY;+ pitṛ - dhṛ;"Mahābhārata" MBh, 1, 57: 57 68 90;vaiśaṃpāyanaḥ |;PARTLY;+ vaiśampāyana - dhṛ;"Mahābhārata" MBh, 1, 57: 57 68 94;vasuḥ |;PARTLY;+ vasu - dhṛ;"Mahābhārata" MBh, 1, 57: 57 68 98;vaiśaṃpāyanaḥ |;PARTLY;+ vaiśampāyana - dhṛ;"Mahābhārata" MBh, 1, 57: 57 69 12;vaiśaṃpāyanaḥ |;PARTLY;+ vaiśampāyana - dhṛ;"Mahābhārata" MBh, 1, 57: 57 69 35;vaiśaṃpāyanaḥ |;PARTLY;+ vaiśampāyana - dhṛ;"Mahābhārata" MBh, 1, 57: 57 69 42;vāsavī |;PARTLY;+ vāsava - dhṛ;"Mahābhārata" MBh, 1, 57: 57 69 48;vaiśaṃpāyanaḥ |;PARTLY;+ vaiśampāyana - dhṛ;"Mahābhārata" MBh, 1, 57: 57 75 9;satyavatī |;PARTLY;+ satyavatī - dhṛ;"Mahābhārata" MBh, 1, 57: 57 75 15;vaiśaṃpāyanaḥ |;PARTLY;+ vaiśampāyana - dhṛ;"Mahābhārata" MBh, 1, 62: 62 2 3;janamejayaḥ |;PARTLY;+ janamejaya - dhṛ;"Mahābhārata" MBh, 1, 65: 65 7 3;duḥṣantaḥ |;PARTLY;+ duḥṣanta - dhṛ;"Mahābhārata" MBh, 1, 67: 67 5 4;duḥṣantaḥ |;PARTLY;+ duḥṣanta - dhṛ;"Mahābhārata" MBh, 1, 67: 67 17 3;vaiśaṃpāyanaḥ |;PARTLY;+ vaiśampāyana - dhṛ;"Mahābhārata" MBh, 1, 67: 67 17 4;śakuntalā |;PARTLY;+ śakuntalā - dhṛ;"Mahābhārata" MBh, 1, 67: 67 20 9;vaiśaṃpāyanaḥ |;PARTLY;+ vaiśampāyana - dhṛ;"Mahābhārata" MBh, 1, 67: 67 23 11;kaṇvaḥ |;PARTLY;+ kaṇva - dhṛ;"Mahābhārata" MBh, 1, 67: 67 23 13;vaiśaṃpāyanaḥ |;PARTLY;+ vaiśampāyana - dhṛ;"Mahābhārata" MBh, 1, 67: 67 23 21;śakuntalā |;PARTLY;+ śakuntalā - dhṛ;"Mahābhārata" MBh, 1, 67: 67 33 5;kaṇvaḥ |;PARTLY;+ kaṇva - dhṛ;"Mahābhārata" MBh, 1, 67: 67 33 6;vaiśaṃpāyanaḥ |;PARTLY;+ vaiśampāyana - dhṛ;"Mahābhārata" MBh, 1, 68: 68 9 3;kaṇvaḥ |;PARTLY;+ kaṇva - dhṛ;"Mahābhārata" MBh, 1, 68: 68 9 4;vaiśaṃpāyanaḥ |;PARTLY;+ vaiśampāyana - dhṛ;"Mahābhārata" MBh, 1, 68: 68 9 5;vaiśaṃpāyanaḥ |;PARTLY;+ vaiśampāyana - dhṛ;"Mahābhārata" MBh, 1, 68: 68 9 6;vaiśaṃpāyanaḥ |;PARTLY;+ vaiśampāyana - dhṛ;"Mahābhārata" MBh, 1, 68: 68 9 7;śakuntalā |;PARTLY;+ śakuntalā - dhṛ;"Mahābhārata" MBh, 1, 68: 68 9 8;vaiśaṃpāyanaḥ |;PARTLY;+ vaiśampāyana - dhṛ;"Mahābhārata" MBh, 1, 68: 68 9 9;kaṇvaḥ |;PARTLY;+ kaṇva - dhṛ;"Mahābhārata" MBh, 1, 68: 68 9 10;vaiśaṃpāyanaḥ |;PARTLY;+ vaiśampāyana - dhṛ;"Mahābhārata" MBh, 1, 68: 68 11 3;vaiśaṃpāyanaḥ |;PARTLY;+ vaiśampāyana - dhṛ;"Mahābhārata" MBh, 1, 68: 68 13 3;ṛṣayaḥ |;PARTLY;+ ṛṣi - dhṛ;"Mahābhārata" MBh, 1, 68: 68 13 4;vaiśaṃpāyanaḥ |;PARTLY;+ vaiśampāyana - dhṛ;"Mahābhārata" MBh, 1, 68: 68 13 5;nāgarāḥ |;PARTLY;+ nāgara - dhṛ;"Mahābhārata" MBh, 1, 68: 68 13 6;vaiśaṃpāyanaḥ |;PARTLY;+ vaiśampāyana - dhṛ;"Mahābhārata" MBh, 1, 68: 68 13 7;vaiśaṃpāyanaḥ |;PARTLY;+ vaiśampāyana - dhṛ;"Mahābhārata" MBh, 1, 68: 68 15 2;śakuntalā |;PARTLY;+ śakuntalā - dhṛ;"Mahābhārata" MBh, 1, 68: 68 17 3;vaiśaṃpāyanaḥ |;PARTLY;+ vaiśampāyana - dhṛ;"Mahābhārata" MBh, 1, 69: 69 33 3;vaiśaṃpāyanaḥ |;PARTLY;+ vaiśampāyana - dhṛ;"Mahābhārata" MBh, 1, 71: 71 31 5;kacaḥ |;PARTLY;+ kaca - dhṛ;"Mahābhārata" MBh, 1, 71: 71 34 2;vaiśaṃpāyanaḥ |;PARTLY;+ vaiśampāyana - dhṛ;"Mahābhārata" MBh, 1, 71: 71 41 2;kacaḥ |;PARTLY;+ kaca - dhṛ;"Mahābhārata" MBh, 1, 73: 73 19 4;yayātiḥ |;PARTLY;+ yayāti - dhṛ;"Mahābhārata" MBh, 1, 73: 73 19 5;devayānī |;PARTLY;+ devayānī - dhṛ;"Mahābhārata" MBh, 1, 73: 73 23 2;yayātiḥ |;PARTLY;+ yayāti - dhṛ;"Mahābhārata" MBh, 1, 73: 73 23 3;devayānī |;PARTLY;+ devayānī - dhṛ;"Mahābhārata" MBh, 1, 73: 73 23 16;dhātrī |;PARTLY;+ dhātrī - dhṛ;"Mahābhārata" MBh, 1, 75: 75 4 5;vṛṣaparvā |;PARTLY;+ vṛṣaparvan - dhṛ;"Mahābhārata" MBh, 1, 75: 75 11 10;vaiśaṃpāyanaḥ |;PARTLY;+ vaiśampāyana - dhṛ;"Mahābhārata" MBh, 1, 76: 76 16 4;vaiśaṃpāyanaḥ |;PARTLY;+ vaiśampāyana - dhṛ;"Mahābhārata" MBh, 1, 76: 76 27 5;śukraḥ |;PARTLY;+ śukra - dhṛ;"Mahābhārata" MBh, 1, 76: 76 27 6;vaiśaṃpāyanaḥ |;PARTLY;+ vaiśampāyana - dhṛ;"Mahābhārata" MBh, 1, 77: 77 9 3;vaiśaṃpāyanaḥ |;PARTLY;+ vaiśampāyana - dhṛ;"Mahābhārata" MBh, 1, 78: 78 1 2;yayātiḥ |;PARTLY;+ yayāti - dhṛ;"Mahābhārata" MBh, 1, 78: 78 1 3;vaiśaṃpāyanaḥ |;PARTLY;+ vaiśampāyana - dhṛ;"Mahābhārata" MBh, 1, 79: 79 23 3;druhyuḥ |;PARTLY;+ druhyu - dhṛ;"Mahābhārata" MBh, 1, 79: 79 23 4;yayātiḥ |;PARTLY;+ yayāti - dhṛ;"Mahābhārata" MBh, 1, 79: 79 23 5;anuḥ |;PARTLY;+ anu - dhṛ;"Mahābhārata" MBh, 1, 79: 79 23 6;yayātiḥ |;PARTLY;+ yayāti - dhṛ;"Mahābhārata" MBh, 1, 79: 79 23 7;vaiśaṃpāyanaḥ |;PARTLY;+ vaiśampāyana - dhṛ;"Mahābhārata" MBh, 1, 81: 81 3 3;janamejayaḥ |;PARTLY;+ janamejaya - dhṛ;"Mahābhārata" MBh, 1, 82: 82 5 4;indraḥ |;PARTLY;+ indra - dhṛ;"Mahābhārata" MBh, 1, 86: 86 17 3;aṣṭakaḥ |;PARTLY;+ aṣṭaka - dhṛ;"Mahābhārata" MBh, 1, 86: 86 17 4;yayātiḥ |;PARTLY;+ yayāti - dhṛ;"Mahābhārata" MBh, 1, 88: 88 12 4;vaiśaṃpāyanaḥ |;PARTLY;+ vaiśampāyana - dhṛ;"Mahābhārata" MBh, 1, 88: 88 12 5;vasumanāḥ |;PARTLY;+ vasumanas - dhṛ;"Mahābhārata" MBh, 1, 88: 88 12 6;mādhavī |;PARTLY;+ mādhavī - dhṛ;"Mahābhārata" MBh, 1, 88: 88 12 7;vaiśaṃpāyanaḥ |;PARTLY;+ vaiśampāyana - dhṛ;"Mahābhārata" MBh, 1, 88: 88 12 8;mādhavī |;PARTLY;+ mādhavī - dhṛ;"Mahābhārata" MBh, 1, 88: 88 12 9;yayātiḥ |;PARTLY;+ yayāti - dhṛ;"Mahābhārata" MBh, 1, 88: 88 12 10;vaiśaṃpāyanaḥ |;PARTLY;+ vaiśampāyana - dhṛ;"Mahābhārata" MBh, 1, 94: 94 55 7;vaiśaṃpāyanaḥ |;PARTLY;+ vaiśampāyana - dhṛ;"Mahābhārata" MBh, 1, 94: 94 64 3;sūtaḥ |;PARTLY;+ sūta - dhṛ;"Mahābhārata" MBh, 1, 94: 94 64 4;vaiśaṃpāyanaḥ |;PARTLY;+ vaiśampāyana - dhṛ;"Mahābhārata" MBh, 1, 94: 94 68 3;uccaiḥśravāḥ |;PARTLY;+ uccaiḥśravas - dhṛ;"Mahābhārata" MBh, 1, 96: 96 6 2;vaiśaṃpāyanaḥ |;PARTLY;+ vaiśampāyana - dhṛ;"Mahābhārata" MBh, 1, 96: 96 53 3;vicitravīryaḥ |;PARTLY;+ vicitravīrya - dhṛ;"Mahābhārata" MBh, 1, 96: 96 53 4;bhīṣmaḥ |;PARTLY;+ bhīṣma - dhṛ;"Mahābhārata" MBh, 1, 96: 96 53 5;vaiśaṃpāyanaḥ |;PARTLY;+ vaiśampāyana - dhṛ;"Mahābhārata" MBh, 1, 96: 96 53 6;ambā |;PARTLY;+ ambā - dhṛ;"Mahābhārata" MBh, 1, 96: 96 53 7;vaiśaṃpāyanaḥ |;PARTLY;+ vaiśampāyana - dhṛ;"Mahābhārata" MBh, 1, 96: 96 53 8;ambā |;PARTLY;+ ambā - dhṛ;"Mahābhārata" MBh, 1, 96: 96 53 9;yajñasenaḥ |;PARTLY;+ yajñasena - dhṛ;"Mahābhārata" MBh, 1, 96: 96 53 10;vaiśaṃpāyanaḥ |;PARTLY;+ vaiśampāyana - dhṛ;"Mahābhārata" MBh, 1, 96: 96 53 11;ambā |;PARTLY;+ ambā - dhṛ;"Mahābhārata" MBh, 1, 96: 96 53 12;vaiśaṃpāyanaḥ |;PARTLY;+ vaiśampāyana - dhṛ;"Mahābhārata" MBh, 1, 96: 96 53 13;vaiśaṃpāyanaḥ |;PARTLY;+ vaiśampāyana - dhṛ;"Mahābhārata" MBh, 1, 98: 98 17 11;patnī |;PARTLY;+ patnī - dhṛ;"Mahābhārata" MBh, 1, 98: 98 17 12;bhīṣmaḥ |;PARTLY;+ bhīṣma - dhṛ;"Mahābhārata" MBh, 1, 98: 98 17 13;patnī |;PARTLY;+ patnī - dhṛ;"Mahābhārata" MBh, 1, 98: 98 17 14;dīrghatamāḥ |;PARTLY;+ dīrghatamas - dhṛ;"Mahābhārata" MBh, 1, 98: 98 17 15;bhīṣmaḥ |;PARTLY;+ bhīṣma - dhṛ;"Mahābhārata" MBh, 1, 99: 99 3 4;satyavatī |;PARTLY;+ satyavatī - dhṛ;"Mahābhārata" MBh, 1, 99: 99 3 5;bhīṣmaḥ |;PARTLY;+ bhīṣma - dhṛ;"Mahābhārata" MBh, 1, 99: 99 3 6;satyavatī |;PARTLY;+ satyavatī - dhṛ;"Mahābhārata" MBh, 1, 99: 99 3 7;bhīṣmaḥ |;PARTLY;+ bhīṣma - dhṛ;"Mahābhārata" MBh, 1, 99: 99 3 8;vaiśaṃpāyanaḥ |;PARTLY;+ vaiśampāyana - dhṛ;"Mahābhārata" MBh, 1, 99: 99 4 3;vaiśaṃpāyanaḥ |;PARTLY;+ vaiśampāyana - dhṛ;"Mahābhārata" MBh, 1, 104: 104 9 22;sūryaḥ |;PARTLY;+ sūrya - dhṛ;"Mahābhārata" MBh, 1, 104: 104 9 23;vaiśaṃpāyanaḥ |;PARTLY;+ vaiśampāyana - dhṛ;"Mahābhārata" MBh, 1, 104: 104 9 24;sūryaḥ |;PARTLY;+ sūrya - dhṛ;"Mahābhārata" MBh, 1, 104: 104 9 25;kuntī |;PARTLY;+ kuntī - dhṛ;"Mahābhārata" MBh, 1, 104: 104 9 26;sūryaḥ |;PARTLY;+ sūrya - dhṛ;"Mahābhārata" MBh, 1, 104: 104 9 27;vaiśaṃpāyanaḥ |;PARTLY;+ vaiśampāyana - dhṛ;"Mahābhārata" MBh, 1, 104: 104 17 3;karṇaḥ |;PARTLY;+ karṇa - dhṛ;"Mahābhārata" MBh, 1, 104: 104 17 4;sūryaḥ |;PARTLY;+ sūrya - dhṛ;"Mahābhārata" MBh, 1, 104: 104 17 5;vaiśaṃpāyanaḥ |;PARTLY;+ vaiśampāyana - dhṛ;"Mahābhārata" MBh, 1, 104: 104 19 4;karṇaḥ |;PARTLY;+ karṇa - dhṛ;"Mahābhārata" MBh, 1, 111: 111 4 3;vaiśaṃpāyanaḥ |;PARTLY;+ vaiśampāyana - dhṛ;"Mahābhārata" MBh, 1, 111: 111 4 4;ṛṣayaḥ |;PARTLY;+ ṛṣi - dhṛ;"Mahābhārata" MBh, 1, 111: 111 4 5;vaiśaṃpāyanaḥ |;PARTLY;+ vaiśampāyana - dhṛ;"Mahābhārata" MBh, 1, 111: 111 21 4;vaiśaṃpāyanaḥ |;PARTLY;+ vaiśampāyana - dhṛ;"Mahābhārata" MBh, 1, 113: 113 10 3;uddālakaḥ |;PARTLY;+ uddālaka - dhṛ;"Mahābhārata" MBh, 1, 113: 113 10 4;brāhmaṇaḥ |;PARTLY;+ brāhmaṇa - dhṛ;"Mahābhārata" MBh, 1, 113: 113 10 5;pāṇḍuḥ |;PARTLY;+ pāṇḍu - dhṛ;"Mahābhārata" MBh, 1, 113: 113 37 3;kuntī |;PARTLY;+ kuntī - dhṛ;"Mahābhārata" MBh, 1, 113: 113 38 3;pāṇḍuḥ |;PARTLY;+ pāṇḍu - dhṛ;"Mahābhārata" MBh, 1, 113: 113 38 4;vaiśaṃpāyanaḥ |;PARTLY;+ vaiśampāyana - dhṛ;"Mahābhārata" MBh, 1, 114: 114 26 3;vaiśaṃpāyanaḥ |;PARTLY;+ vaiśampāyana - dhṛ;"Mahābhārata" MBh, 1, 114: 114 66 3;pāṇḍuḥ |;PARTLY;+ pāṇḍu - dhṛ;"Mahābhārata" MBh, 1, 115: 115 28 3;vaiśaṃpāyanaḥ |;PARTLY;+ vaiśampāyana - dhṛ;"Mahābhārata" MBh, 1, 116: 116 19 3;mādrī |;PARTLY;+ mādrī - dhṛ;"Mahābhārata" MBh, 1, 116: 116 22 4;vaiśaṃpāyanaḥ |;PARTLY;+ vaiśampāyana - dhṛ;"Mahābhārata" MBh, 1, 116: 116 22 5;kuntī |;PARTLY;+ kuntī - dhṛ;"Mahābhārata" MBh, 1, 116: 116 22 6;vaiśaṃpāyanaḥ |;PARTLY;+ vaiśampāyana - dhṛ;"Mahābhārata" MBh, 1, 116: 116 22 7;yudhiṣṭhiraḥ |;PARTLY;+ yudhiṣṭhira - dhṛ;"Mahābhārata" MBh, 1, 116: 116 22 8;bhīmaḥ |;PARTLY;+ bhīma - dhṛ;"Mahābhārata" MBh, 1, 116: 116 22 9;vaiśaṃpāyanaḥ |;PARTLY;+ vaiśampāyana - dhṛ;"Mahābhārata" MBh, 1, 116: 116 22 10;arjunaḥ |;PARTLY;+ arjuna - dhṛ;"Mahābhārata" MBh, 1, 116: 116 22 11;vaiśaṃpāyanaḥ |;PARTLY;+ vaiśampāyana - dhṛ;"Mahābhārata" MBh, 1, 116: 116 22 12;yamau |;PARTLY;+ yama - dhṛ;"Mahābhārata" MBh, 1, 116: 116 22 13;vaiśaṃpāyanaḥ |;PARTLY;+ vaiśampāyana - dhṛ;"Mahābhārata" MBh, 1, 116: 116 24 3;vaiśaṃpāyanaḥ |;PARTLY;+ vaiśampāyana - dhṛ;"Mahābhārata" MBh, 1, 116: 116 30 12;vaiśaṃpāyanaḥ |;PARTLY;+ vaiśampāyana - dhṛ;"Mahābhārata" MBh, 1, 116: 116 30 13;kuntī |;PARTLY;+ kuntī - dhṛ;"Mahābhārata" MBh, 1, 116: 116 30 14;mādrī |;PARTLY;+ mādrī - dhṛ;"Mahābhārata" MBh, 1, 116: 116 30 15;vaiśaṃpāyanaḥ |;PARTLY;+ vaiśampāyana - dhṛ;"Mahābhārata" MBh, 1, 118: 118 1 1;vaiśaṃpāyanaḥ |;PARTLY;+ vaiśampāyana - dhṛ;"Mahābhārata" MBh, 1, 119: 119 43 8;vaiśaṃpāyanaḥ |;PARTLY;+ vaiśampāyana - dhṛ;"Mahābhārata" MBh, 1, 119: 119 43 9;viduraḥ |;PARTLY;+ vidura - dhṛ;"Mahābhārata" MBh, 1, 119: 119 43 10;vaiśaṃpāyanaḥ |;PARTLY;+ vaiśampāyana - dhṛ;"Mahābhārata" MBh, 1, 123: 123 39 7;vaiśaṃpāyanaḥ |;PARTLY;+ vaiśampāyana - dhṛ;"Mahābhārata" MBh, 1, 126: 126 39 2;vaiśaṃpāyanaḥ |;PARTLY;+ vaiśampāyana - dhṛ;"Mahābhārata" MBh, 1, 128: 128 4 2;arjunaḥ |;PARTLY;+ arjuna - dhṛ;"Mahābhārata" MBh, 1, 128: 128 4 3;vaiśaṃpāyanaḥ |;PARTLY;+ vaiśampāyana - dhṛ;"Mahābhārata" MBh, 1, 128: 128 18 60;taṃ vai gaccheha nṛpate sa tvāṃ saṃyājayiṣyati |;PARTLY;+  - dhṛ;"Mahābhārata" MBh, 1, 129: 129 18 7;vaiśaṃpāyanaḥ |;PARTLY;+ vaiśampāyana - dhṛ;"Mahābhārata" MBh, 1, 129: 129 18 8;vaiśaṃpāyanaḥ |;PARTLY;+ vaiśampāyana - dhṛ;"Mahābhārata" MBh, 1, 129: 129 18 9;dhṛtarāṣṭraḥ |;PARTLY;+ dhṛtarāṣṭra - dhṛ;"Mahābhārata" MBh, 1, 129: 129 18 10;duryodhanaḥ |;PARTLY;+ duryodhana - dhṛ;"Mahābhārata" MBh, 1, 130: 130 1 1;duryodhanaḥ |;PARTLY;+ duryodhana - dhṛ;"Mahābhārata" MBh, 1, 130: 130 1 2;vaiśaṃpāyanaḥ |;PARTLY;+ vaiśampāyana - dhṛ;"Mahābhārata" MBh, 1, 137: 137 14 3;vaiśaṃpāyanaḥ |;PARTLY;+ vaiśampāyana - dhṛ;"Mahābhārata" MBh, 1, 137: 137 16 10;vaiśaṃpāyanaḥ |;PARTLY;+ vaiśampāyana - dhṛ;"Mahābhārata" MBh, 1, 137: 137 16 11;bhīṣmaḥ |;PARTLY;+ bhīṣma - dhṛ;"Mahābhārata" MBh, 1, 137: 137 16 12;vaiśaṃpāyanaḥ |;PARTLY;+ vaiśampāyana - dhṛ;"Mahābhārata" MBh, 1, 137: 137 16 13;viduraḥ |;PARTLY;+ vidura - dhṛ;"Mahābhārata" MBh, 1, 139: 139 28 3;rākṣasī |;PARTLY;+ rākṣasī - dhṛ;"Mahābhārata" MBh, 1, 139: 139 28 4;bhīmaḥ |;PARTLY;+ bhīma - dhṛ;"Mahābhārata" MBh, 1, 143: 143 1 1;vaiśaṃpāyanaḥ |;PARTLY;+ vaiśampāyana - dhṛ;"Mahābhārata" MBh, 1, 143: 143 16 3;vaiśaṃpāyanaḥ |;PARTLY;+ vaiśampāyana - dhṛ;"Mahābhārata" MBh, 1, 143: 143 19 3;vaiśaṃpāyanaḥ |;PARTLY;+ vaiśampāyana - dhṛ;"Mahābhārata" MBh, 1, 143: 143 27 3;vaiśaṃpāyanaḥ |;PARTLY;+ vaiśampāyana - dhṛ;"Mahābhārata" MBh, 1, 143: 143 36 5;vaiśaṃpāyanaḥ |;PARTLY;+ vaiśampāyana - dhṛ;"Mahābhārata" MBh, 1, 143: 143 37 2;hiḍimbā |;PARTLY;+ hiḍimbā - dhṛ;"Mahābhārata" MBh, 1, 144: 144 6 3;vyāsaḥ |;PARTLY;+ vyāsa - dhṛ;"Mahābhārata" MBh, 1, 144: 144 12 6;vyāsaḥ |;PARTLY;+ vyāsa - dhṛ;"Mahābhārata" MBh, 1, 145: 145 4 5;nāgarāḥ |;PARTLY;+ nāgara - dhṛ;"Mahābhārata" MBh, 1, 145: 145 29 4;brāhmaṇī |;PARTLY;+ brāhmaṇī - dhṛ;"Mahābhārata" MBh, 1, 145: 145 29 6;dvijaḥ |;PARTLY;+ dvija - dhṛ;"Mahābhārata" MBh, 1, 146: 146 19 3;hrīyamāṇām anāgasāḥ |;PARTLY;+ hrī - dhṛ;"Mahābhārata" MBh, 1, 150: 150 27 3;vaiśaṃpāyanaḥ |;PARTLY;+ vaiśampāyana - dhṛ;"Mahābhārata" MBh, 1, 151: 151 1 4;vaiśaṃpāyanaḥ |;PARTLY;+ vaiśampāyana - dhṛ;"Mahābhārata" MBh, 1, 151: 151 1 5;bhīmasenaḥ |;PARTLY;+ bhīmasena - dhṛ;"Mahābhārata" MBh, 1, 151: 151 1 6;vaiśaṃpāyanaḥ |;PARTLY;+ vaiśampāyana - dhṛ;"Mahābhārata" MBh, 1, 151: 151 13 6;vaiśaṃpāyanaḥ |;PARTLY;+ vaiśampāyana - dhṛ;"Mahābhārata" MBh, 1, 151: 151 25 34;brāhmaṇaḥ |;PARTLY;+ brāhmaṇa - dhṛ;"Mahābhārata" MBh, 1, 151: 151 25 35;vaiśaṃpāyanaḥ |;PARTLY;+ vaiśampāyana - dhṛ;"Mahābhārata" MBh, 1, 154: 154 18 3;droṇaḥ |;PARTLY;+ droṇa - dhṛ;"Mahābhārata" MBh, 1, 157: 157 16 3;vaiśaṃpāyanaḥ |;PARTLY;+ vaiśampāyana - dhṛ;"Mahābhārata" MBh, 1, 157: 157 16 4;yudhiṣṭhiraḥ |;PARTLY;+ yudhiṣṭhira - dhṛ;"Mahābhārata" MBh, 1, 157: 157 16 5;brāhmaṇāḥ |;PARTLY;+ brāhmaṇa - dhṛ;"Mahābhārata" MBh, 1, 157: 157 16 6;yudhiṣṭhiraḥ |;PARTLY;+ yudhiṣṭhira - dhṛ;"Mahābhārata" MBh, 1, 162: 162 18 3;gandharvaḥ |;PARTLY;+ gandharva - dhṛ;"Mahābhārata" MBh, 1, 162: 162 18 4;vasiṣṭhaḥ |;PARTLY;+ vasiṣṭha - dhṛ;"Mahābhārata" MBh, 1, 162: 162 18 5;sūryaḥ |;PARTLY;+ sūrya - dhṛ;"Mahābhārata" MBh, 1, 166: 166 1 1;arjunaḥ |;PARTLY;+ arjuna - dhṛ;"Mahābhārata" MBh, 1, 173: 173 1 1;gandharvaḥ |;PARTLY;+ gandharva - dhṛ;"Mahābhārata" MBh, 1, 182: 182 15 5;janamejayaḥ |;PARTLY;+ janamejaya - dhṛ;"Mahābhārata" MBh, 1, 182: 182 15 6;vaiśaṃpāyanaḥ |;PARTLY;+ vaiśampāyana - dhṛ;"Mahābhārata" MBh, 1, 188: 188 22 5;vyāsaḥ |;PARTLY;+ vyāsa - dhṛ;"Mahābhārata" MBh, 1, 188: 188 22 6;ṛṣiḥ |;PARTLY;+ ṛṣi - dhṛ;"Mahābhārata" MBh, 1, 188: 188 22 7;vyāsaḥ |;PARTLY;+ vyāsa - dhṛ;"Mahābhārata" MBh, 1, 188: 188 22 8;nāﾱāyanī |;PARTLY;+ nālāyanī - dhṛ;"Mahābhārata" MBh, 1, 188: 188 22 9;vyāsaḥ |;PARTLY;+ vyāsa - dhṛ;"Mahābhārata" MBh, 1, 188: 188 22 10;drupadaḥ |;PARTLY;+ drupada - dhṛ;"Mahābhārata" MBh, 1, 188: 188 22 11;vyāsaḥ |;PARTLY;+ vyāsa - dhṛ;"Mahābhārata" MBh, 1, 188: 188 22 12;indrasenā |;PARTLY;+ indrasenā - dhṛ;"Mahābhārata" MBh, 1, 188: 188 22 13;ṛṣiḥ |;PARTLY;+ ṛṣi - dhṛ;"Mahābhārata" MBh, 1, 188: 188 22 14;vyāsaḥ |;PARTLY;+ vyāsa - dhṛ;"Mahābhārata" MBh, 1, 188: 188 22 15;nāﾱāyanī |;PARTLY;+ nālāyanī - dhṛ;"Mahābhārata" MBh, 1, 188: 188 22 16;maheśvaraḥ |;PARTLY;+ maheśvara - dhṛ;"Mahābhārata" MBh, 1, 188: 188 22 17;nāﾱāyanī |;PARTLY;+ nālāyanī - dhṛ;"Mahābhārata" MBh, 1, 188: 188 22 18;maheśvaraḥ |;PARTLY;+ maheśvara - dhṛ;"Mahābhārata" MBh, 1, 188: 188 22 19;nāﾱāyanī |;PARTLY;+ nālāyanī - dhṛ;"Mahābhārata" MBh, 1, 188: 188 22 20;maheśvaraḥ |;PARTLY;+ maheśvara - dhṛ;"Mahābhārata" MBh, 1, 188: 188 22 21;vyāsaḥ |;PARTLY;+ vyāsa - dhṛ;"Mahābhārata" MBh, 1, 189: 189 49 3;vyāsaḥ |;PARTLY;+ vyāsa - dhṛ;"Mahābhārata" MBh, 1, 192: 192 7 3;vaiśaṃpāyanaḥ |;PARTLY;+ vaiśampāyana - dhṛ;"Mahābhārata" MBh, 1, 192: 192 7 4;śakuniḥ |;PARTLY;+ śakuni - dhṛ;"Mahābhārata" MBh, 1, 192: 192 7 5;vaiśaṃpāyanaḥ |;PARTLY;+ vaiśampāyana - dhṛ;"Mahābhārata" MBh, 1, 192: 192 7 6;vaiśaṃpāyanaḥ |;PARTLY;+ vaiśampāyana - dhṛ;"Mahābhārata" MBh, 1, 192: 192 17 3;vaiśaṃpāyanaḥ |;PARTLY;+ vaiśampāyana - dhṛ;"Mahābhārata" MBh, 1, 193: 193 1 1;vaiśaṃpāyanaḥ |;PARTLY;+ vaiśampāyana - dhṛ;"Mahābhārata" MBh, 1, 197: 197 29 3;dhṛtarāṣṭraḥ |;PARTLY;+ dhṛtarāṣṭra - dhṛ;"Mahābhārata" MBh, 1, 199: 199 9 3;vaiśaṃpāyanaḥ |;PARTLY;+ vaiśampāyana - dhṛ;"Mahābhārata" MBh, 1, 199: 199 9 4;kuntī |;PARTLY;+ kuntī - dhṛ;"Mahābhārata" MBh, 1, 199: 199 9 5;vaiśaṃpāyanaḥ |;PARTLY;+ vaiśampāyana - dhṛ;"Mahābhārata" MBh, 1, 199: 199 9 6;viduraḥ |;PARTLY;+ vidura - dhṛ;"Mahābhārata" MBh, 1, 199: 199 22 3;vaiśaṃpāyanaḥ |;PARTLY;+ vaiśampāyana - dhṛ;"Mahābhārata" MBh, 1, 199: 199 25 4;dhṛtarāṣṭraḥ |;PARTLY;+ dhṛtarāṣṭra - dhṛ;"Mahābhārata" MBh, 1, 199: 199 25 5;vaiśaṃpāyanaḥ |;PARTLY;+ vaiśampāyana - dhṛ;"Mahābhārata" MBh, 1, 199: 199 25 7;vaiśaṃpāyanaḥ |;PARTLY;+ vaiśampāyana - dhṛ;"Mahābhārata" MBh, 1, 199: 199 25 8;vaiśaṃpāyanaḥ |;PARTLY;+ vaiśampāyana - dhṛ;"Mahābhārata" MBh, 1, 199: 199 49 4;vaiśaṃpāyanaḥ |;PARTLY;+ vaiśampāyana - dhṛ;"Mahābhārata" MBh, 1, 199: 199 49 5;kuntī |;PARTLY;+ kuntī - dhṛ;"Mahābhārata" MBh, 1, 199: 199 49 6;vaiśaṃpāyanaḥ |;PARTLY;+ vaiśampāyana - dhṛ;"Mahābhārata" MBh, 1, 210: 210 2 3;satyabhāmā |;PARTLY;+ satyabhāmā - dhṛ;"Mahābhārata" MBh, 1, 210: 210 2 5;vaiśaṃpāyanaḥ |;PARTLY;+ vaiśampāyana - dhṛ;"Mahābhārata" MBh, 1, 212: 212 1 4;vaiśaṃpāyanaḥ |;PARTLY;+ vaiśampāyana - dhṛ;"Mahābhārata" MBh, 1, 212: 212 1 6;vaiśaṃpāyanaḥ |;PARTLY;+ vaiśampāyana - dhṛ;"Mahābhārata" MBh, 1, 212: 212 1 7;vāsudevaḥ |;PARTLY;+ vāsudeva - dhṛ;"Mahābhārata" MBh, 1, 212: 212 1 8;baladevaḥ |;PARTLY;+ baladeva - dhṛ;"Mahābhārata" MBh, 1, 212: 212 1 9;vaiśaṃpāyanaḥ |;PARTLY;+ vaiśampāyana - dhṛ;"Mahābhārata" MBh, 1, 213: 213 12 2;vaiśaṃpāyanaḥ |;PARTLY;+ vaiśampāyana - dhṛ;"Mahābhārata" MBh, 1, 213: 213 21 5;vaiśaṃpāyanaḥ |;PARTLY;+ vaiśampāyana - dhṛ;"Mahābhārata" MBh, 1, 217: 217 1 4;janamejayaḥ |;PARTLY;+ janamejaya - dhṛ;"Mahābhārata" MBh, 1, 217: 217 1 5;vaiśaṃpāyanaḥ |;PARTLY;+ vaiśampāyana - dhṛ;"Mahābhārata" MBh, 2, 0: 226 1 14;janamejayaḥ |;PARTLY;+ janamejaya - dhṛ;"Mahābhārata" MBh, 2, 1: 227 8 3;mayaḥ |;PARTLY;+ maya - dhṛ;"Mahābhārata" MBh, 2, 9: 235 20 15;saritaḥ sarvataścānyās |;PARTLY;+ sarit - dhṛ;"Mahābhārata" MBh, 2, 12: 238 17 2;vaiśaṃpāyanaḥ |;PARTLY;+ vaiśampāyana - dhṛ;"Mahābhārata" MBh, 2, 12: 238 29 3;dūtaḥ |;PARTLY;+ dūta - dhṛ;"Mahābhārata" MBh, 2, 54: 280 23 1;vaiśaṃpāyana uvāca |;PARTLY;+ vac - dhṛ;"Mahābhārata" MBh, 3, 135: 433 19 1;yavakrīr uvāca |;PARTLY;+ vac - dhṛ;"Mahābhārata" MBh, 3, 135: 433 27 1;yavakrīr uvāca |;PARTLY;+ vac - dhṛ;"Mahābhārata" MBh, 3, 135: 433 37 1;yavakrīr uvāca |;PARTLY;+ vac - dhṛ;"Mahābhārata" MBh, 3, 135: 433 39 1;yavakrīr uvāca |;PARTLY;+ vac - dhṛ;"Mahābhārata" MBh, 3, 136: 434 1 1;yavakrīr uvāca |;PARTLY;+ vac - dhṛ;"Mahābhārata" MBh, 3, 136: 434 17 1;yavakrīr uvāca |;PARTLY;+ vac - dhṛ;"Mahābhārata" MBh, 3, 191: 489 27 2;sādhu |;PARTLY;+ sādhu - dhṛ;"Mahābhārata" MBh, 4, 1: 598 2 4;vaiśaṃpāyanaḥ |;PARTLY;+ vaiśampāyana - dhṛ;"Mahābhārata" MBh, 4, 1: 598 24 2;vaiśaṃpāyanaḥ |;PARTLY;+ vaiśampāyana - dhṛ;"Mahābhārata" MBh, 4, 1: 598 24 5;yudhiṣṭhiraḥ |;PARTLY;+ yudhiṣṭhira - dhṛ;"Mahābhārata" MBh, 4, 2: 599 20 3;yudhiṣṭhiraḥ |;PARTLY;+ yudhiṣṭhira - dhṛ;"Mahābhārata" MBh, 4, 5: 602 6 4;yudhiṣṭhiraḥ |;PARTLY;+ yudhiṣṭhira - dhṛ;"Mahābhārata" MBh, 4, 5: 602 6 9;nakulaḥ |;PARTLY;+ nakula - dhṛ;"Mahābhārata" MBh, 4, 5: 602 6 14;yudhiṣṭhiraḥ |;PARTLY;+ yudhiṣṭhira - dhṛ;"Mahābhārata" MBh, 4, 5: 602 6 16;sahadevaḥ |;PARTLY;+ sahadeva - dhṛ;"Mahābhārata" MBh, 4, 5: 602 11 4;vaiśaṃpāyanaḥ |;PARTLY;+ vaiśampāyana - dhṛ;"Mahābhārata" MBh, 4, 5: 602 24 9;vaiśaṃpāyanaḥ |;PARTLY;+ vaiśampāyana - dhṛ;"Mahābhārata" MBh, 4, 5: 602 24 15;yudhiṣṭhiraḥ |;PARTLY;+ yudhiṣṭhira - dhṛ;"Mahābhārata" MBh, 4, 5: 602 24 37;vaiśaṃpāyanaḥ |;PARTLY;+ vaiśampāyana - dhṛ;"Mahābhārata" MBh, 4, 53: 650 21 2;ubhau divyāstraviduṣāvubhāvuttamatejasau |;PARTLY;+ ubh - dhṛ;"Mahābhārata" MBh, 7, 146: 1124 1 1;saṃjaya uvāca |;PARTLY;+ saṁjaya - dhṛ;"Mahābhārata" MBh, 12, 139: 1467 9 1;bhīṣma uvāca |;PARTLY;+ bhīṣma - dhṛ;"Mahābhārata" MBh, 12, 170: 1498 12 2;prabhavanti dhanajyāninirmuktasya nirāśiṣaḥ ||;PARTLY;+ prabhū - dhṛ;"Mahābhārata" MBh, 12, 329: 1657 36 2;gaccha |;PARTLY;+ gam - dhṛ;"Mugdhāvabodhinī" MuA zu RHT, 1, 1.2: 1 24 0;iti ||;PARTLY;+ iti - dhṛ;"Mugdhāvabodhinī" MuA zu RHT, 1, 1.2: 1 26 0;iti ||;PARTLY;+ iti - dhṛ;"Mugdhāvabodhinī" MuA zu RHT, 1, 2.2: 2 22 0;iti ||;PARTLY;+ iti - dhṛ;"Mugdhāvabodhinī" MuA zu RHT, 1, 3.2: 3 4 0;iti ||;PARTLY;+ iti - dhṛ;"Mugdhāvabodhinī" MuA zu RHT, 1, 3.2: 3 10 0;iti ||;PARTLY;+ iti - dhṛ;"Mugdhāvabodhinī" MuA zu RHT, 1, 3.2: 3 12 0;iti ||;PARTLY;+ iti - dhṛ;"Mugdhāvabodhinī" MuA zu RHT, 1, 3.2: 3 14 0;iti ||;PARTLY;+ iti - dhṛ;"Mugdhāvabodhinī" MuA zu RHT, 1, 3.2: 3 17 0;iti ||;PARTLY;+ iti - dhṛ;"Mugdhāvabodhinī" MuA zu RHT, 1, 3.2: 3 23 0;iti ||;PARTLY;+ iti - dhṛ;"Mugdhāvabodhinī" MuA zu RHT, 1, 3.2: 3 25 0;iti ||;PARTLY;+ iti - dhṛ;"Mugdhāvabodhinī" MuA zu RHT, 1, 3.2: 3 30 1;yathā |;PARTLY;+ yathā - dhṛ;"Mugdhāvabodhinī" MuA zu RHT, 1, 6.2: 7 9 4;iti ||;PARTLY;+ iti - dhṛ;"Mugdhāvabodhinī" MuA zu RHT, 1, 6.2: 7 11 3;iti ||;PARTLY;+ iti - dhṛ;"Mugdhāvabodhinī" MuA zu RHT, 1, 7.2: 8 12 0;iti ||;PARTLY;+ iti - dhṛ;"Mugdhāvabodhinī" MuA zu RHT, 1, 21.2: 20 3 0;iti ||;PARTLY;+ iti - dhṛ;"Mugdhāvabodhinī" MuA zu RHT, 1, 23.2: 22 7 0;iti ||;PARTLY;+ iti - dhṛ;"Mugdhāvabodhinī" MuA zu RHT, 1, 25.2: 24 3 0;ityādi ||;PARTLY;+ ityādi - dhṛ;"Mugdhāvabodhinī" MuA zu RHT, 1, 26.2: 25 3 0;iti ||;PARTLY;+ iti - dhṛ;"Mugdhāvabodhinī" MuA zu RHT, 1, 30.2: 28 5 0;iti ||;PARTLY;+ iti - dhṛ;"Mugdhāvabodhinī" MuA zu RHT, 2, 6.2: 36 16 3;iti ||;PARTLY;+ iti - dhṛ;"Mugdhāvabodhinī" MuA zu RHT, 2, 7.2: 37 14 0;iti ||;PARTLY;+ iti - dhṛ;"Mugdhāvabodhinī" MuA zu RHT, 2, 8.2: 38 12 0;iti ||;PARTLY;+ iti - dhṛ;"Mugdhāvabodhinī" MuA zu RHT, 2, 16.2: 39 12 0;iti ||;PARTLY;+ iti - dhṛ;"Mugdhāvabodhinī" MuA zu RHT, 2, 17.2: 40 9 0;iti ||;PARTLY;+ iti - dhṛ;"Mugdhāvabodhinī" MuA zu RHT, 2, 18.2: 41 11 0;iti ||;PARTLY;+ iti - dhṛ;"Mugdhāvabodhinī" MuA zu RHT, 2, 21.1: 43 9 0;iti ||;PARTLY;+ iti - dhṛ;"Mugdhāvabodhinī" MuA zu RHT, 3, 3.2: 46 8 0;iti ||;PARTLY;+ iti - dhṛ;"Mugdhāvabodhinī" MuA zu RHT, 3, 3.2: 46 12 0;iti ||;PARTLY;+ iti - dhṛ;"Mugdhāvabodhinī" MuA zu RHT, 3, 4.2: 47 3 1;yathā |;PARTLY;+ yathā - dhṛ;"Mugdhāvabodhinī" MuA zu RHT, 3, 4.2: 47 5 0;iti ||;PARTLY;+ iti - dhṛ;"Mugdhāvabodhinī" MuA zu RHT, 3, 4.2: 47 23 0;iti ||;PARTLY;+ iti - dhṛ;"Mugdhāvabodhinī" MuA zu RHT, 3, 5.2: 48 15 2;iti ||;PARTLY;+ iti - dhṛ;"Mugdhāvabodhinī" MuA zu RHT, 3, 6.2: 49 5 0;iti ||;PARTLY;+ iti - dhṛ;"Mugdhāvabodhinī" MuA zu RHT, 3, 6.2: 49 13 0;iti ||;PARTLY;+ iti - dhṛ;"Mugdhāvabodhinī" MuA zu RHT, 3, 6.2: 49 15 0;iti ||;PARTLY;+ iti - dhṛ;"Mugdhāvabodhinī" MuA zu RHT, 3, 9.2: 50 12 2;iti ||;PARTLY;+ iti - dhṛ;"Mugdhāvabodhinī" MuA zu RHT, 3, 10.2: 51 9 0;iti ||;PARTLY;+ iti - dhṛ;"Mugdhāvabodhinī" MuA zu RHT, 3, 10.2: 51 11 0;iti ||;PARTLY;+ iti - dhṛ;"Mugdhāvabodhinī" MuA zu RHT, 3, 11.2: 52 10 0;iti ||;PARTLY;+ iti - dhṛ;"Mugdhāvabodhinī" MuA zu RHT, 3, 11.2: 52 13 0;iti ||;PARTLY;+ iti - dhṛ;"Mugdhāvabodhinī" MuA zu RHT, 3, 15.2: 54 10 0;iti ||;PARTLY;+ iti - dhṛ;"Mugdhāvabodhinī" MuA zu RHT, 3, 16.2: 55 10 2;iti ||;PARTLY;+ iti - dhṛ;"Mugdhāvabodhinī" MuA zu RHT, 3, 16.2: 55 11 3;iti ||;PARTLY;+ iti - dhṛ;"Mugdhāvabodhinī" MuA zu RHT, 3, 16.2: 55 12 4;iti ||;PARTLY;+ iti - dhṛ;"Mugdhāvabodhinī" MuA zu RHT, 3, 17.2: 56 9 0;iti ||;PARTLY;+ iti - dhṛ;"Mugdhāvabodhinī" MuA zu RHT, 3, 19.2: 58 7 0;iti ||;PARTLY;+ iti - dhṛ;"Mugdhāvabodhinī" MuA zu RHT, 3, 24.1: 60 8 2;iti ||;PARTLY;+ iti - dhṛ;"Mugdhāvabodhinī" MuA zu RHT, 4, 8.2: 72 2 3;iti ||;PARTLY;+ iti - dhṛ;"Mugdhāvabodhinī" MuA zu RHT, 4, 16.2: 79 5 4;iti ||;PARTLY;+ iti - dhṛ;"Mugdhāvabodhinī" MuA zu RHT, 5, 7.2: 94 3 4;iti ||;PARTLY;+ iti - dhṛ;"Mugdhāvabodhinī" MuA zu RHT, 5, 7.2: 94 5 2;kaṅguṇikaṃ vinādoṣākarañjaśrīphalodbhavam |;PARTLY;+ kaṅguṇikā - dhṛ;"Mugdhāvabodhinī" MuA zu RHT, 5, 7.2: 94 5 7;iti ||;PARTLY;+ iti - dhṛ;"Mugdhāvabodhinī" MuA zu RHT, 5, 7.2: 94 9 5;iti ||;PARTLY;+ iti - dhṛ;"Mugdhāvabodhinī" MuA zu RHT, 5, 35.2: 113 3 4;iti ||;PARTLY;+ iti - dhṛ;"Mugdhāvabodhinī" MuA zu RHT, 5, 58.2: 125 22 4;iti ||;PARTLY;+ iti - dhṛ;"Mugdhāvabodhinī" MuA zu RHT, 7, 3.2: 137 4 3;iti ||;PARTLY;+ iti - dhṛ;"Mugdhāvabodhinī" MuA zu RHT, 10, 5.2: 174 8 0;yugmam ||;PARTLY;+ yugma - dhṛ;"Mugdhāvabodhinī" MuA zu RHT, 12, 10.1: 205 8 4;iti ||;PARTLY;+ iti - dhṛ;"Mugdhāvabodhinī" MuA zu RHT, 12, 13.1: 208 2 4;iti ||;PARTLY;+ iti - dhṛ;"Mugdhāvabodhinī" MuA zu RHT, 13, 1.2: 209 4 4;iti ||;PARTLY;+ iti - dhṛ;"Mugdhāvabodhinī" MuA zu RHT, 14, 8.1: 218 4 4;iti ||;PARTLY;+ iti - dhṛ;"Mugdhāvabodhinī" MuA zu RHT, 19, 33.2: 338 8 4;ityādibhiḥ ||;PARTLY;+ ityādi - dhṛ;"Mugdhāvabodhinī" MuA zu RHT, 19, 38.2: 342 5 0;yugmam ||;PARTLY;+ yugma - dhṛ;"Mugdhāvabodhinī" MuA zu RHT, 19, 41.2: 344 2 3;iti ||;PARTLY;+ iti - dhṛ;"Mugdhāvabodhinī" MuA zu RHT, 19, 41.2: 344 3 3;iti ||;PARTLY;+ iti - dhṛ;"Mugdhāvabodhinī" MuA zu RHT, 19, 76.2: 367 2 4;iti ||;PARTLY;+ iti - dhṛ;"Matsyapurāṇa" MPur, 74: 73 1 2;bhagavan bhavasaṃsārasāgarottārakāraka |;PARTLY;+ bhagavant - dhṛ;"Rājamārtaṇḍa" RājMār zu YS, 3, 47.1: 7 4 0;acayāryavattve pūrvavat ||;PARTLY;+ pūrvavat - dhṛ;"Hitopadeśa" Hitop, 1: 1 26 1;yataḥ |;PARTLY;+ yatas - dhṛ;"Hitopadeśa" Hitop, 1: 1 42 3;yataḥ |;PARTLY;+ yatas - dhṛ;"Hitopadeśa" Hitop, 2: 2 3 11;yataḥ |;PARTLY;+ yatas - dhṛ;"Hitopadeśa" Hitop, 2: 2 6 7;yataḥ |;PARTLY;+ yatas - dhṛ;"Hitopadeśa" Hitop, 2: 2 10 3;yataḥ |;PARTLY;+ yatas - dhṛ;"Hitopadeśa" Hitop, 2: 2 11 2;śṛṇu |;PARTLY;+ śru - dhṛ;"Hitopadeśa" Hitop, 2: 2 22 4;yataḥ |;PARTLY;+ yatas - dhṛ;"Hitopadeśa" Hitop, 2: 2 24 1;yataḥ |;PARTLY;+ yatas - dhṛ;"Hitopadeśa" Hitop, 2: 2 26 2;yataḥ |;PARTLY;+ yatas - dhṛ;"Hitopadeśa" Hitop, 2: 2 29 2;yataḥ |;PARTLY;+ yatas - dhṛ;"Hitopadeśa" Hitop, 2: 2 30 2;yataḥ |;PARTLY;+ yatas - dhṛ;"Hitopadeśa" Hitop, 2: 2 32 3;yataḥ |;PARTLY;+ yatas - dhṛ;"Hitopadeśa" Hitop, 2: 2 35 2;yataḥ |;PARTLY;+ yatas - dhṛ;"Hitopadeśa" Hitop, 2: 2 42 12;yataḥ |;PARTLY;+ yatas - dhṛ;"Hitopadeśa" Hitop, 2: 2 44 2;yataḥ |;PARTLY;+ yatas - dhṛ;"Hitopadeśa" Hitop, 2: 2 49 1;yataḥ |;PARTLY;+ yatas - dhṛ;"Hitopadeśa" Hitop, 2: 2 50 5;yataḥ |;PARTLY;+ yatas - dhṛ;"Hitopadeśa" Hitop, 2: 2 57 8;athavā |;PARTLY;+ athavā - dhṛ;"Hitopadeśa" Hitop, 2: 2 58 8;yataḥ |;PARTLY;+ yatas - dhṛ;"Hitopadeśa" Hitop, 2: 2 65 7;yataḥ |;PARTLY;+ yatas - dhṛ;"Hitopadeśa" Hitop, 2: 2 72 3;yataḥ |;PARTLY;+ yatas - dhṛ;"Hitopadeśa" Hitop, 2: 2 73 14;yataḥ |;PARTLY;+ yatas - dhṛ;"Hitopadeśa" Hitop, 2: 2 79 2;yataḥ |;PARTLY;+ yatas - dhṛ;"Hitopadeśa" Hitop, 2: 2 100 2;yataḥ |;PARTLY;+ yatas - dhṛ;"Hitopadeśa" Hitop, 2: 2 104 2;yataḥ |;PARTLY;+ yatas - dhṛ;"Hitopadeśa" Hitop, 2: 2 108 3;yataḥ |;PARTLY;+ yatas - dhṛ;"Hitopadeśa" Hitop, 2: 2 112 5;yataḥ |;PARTLY;+ yatas - dhṛ;"Hitopadeśa" Hitop, 2: 2 113 1;tathā |;PARTLY;+ tathā - dhṛ;"Hitopadeśa" Hitop, 2: 2 115 12;yataḥ |;PARTLY;+ yatas - dhṛ;"Hitopadeśa" Hitop, 2: 2 117 6;yataḥ |;PARTLY;+ yatas - dhṛ;"Hitopadeśa" Hitop, 2: 2 127 2;yataḥ |;PARTLY;+ yatas - dhṛ;"Hitopadeśa" Hitop, 2: 2 128 2;yataḥ |;PARTLY;+ yatas - dhṛ;"Hitopadeśa" Hitop, 2: 2 145 2;yataḥ |;PARTLY;+ yatas - dhṛ;"Hitopadeśa" Hitop, 2: 2 146 1;ataḥ |;PARTLY;+ atas - dhṛ;"Hitopadeśa" Hitop, 2: 2 149 3;śṛṇu |;PARTLY;+ śru - dhṛ;"Hitopadeśa" Hitop, 2: 2 151 1;yataḥ |;PARTLY;+ yatas - dhṛ;"Hitopadeśa" Hitop, 2: 2 153 1;yataḥ |;PARTLY;+ yatas - dhṛ;"Hitopadeśa" Hitop, 2: 2 159 4;athavā |;PARTLY;+ athavā - dhṛ;"Hitopadeśa" Hitop, 2: 2 163 1;yātu |;PARTLY;+ yā - dhṛ;"Hitopadeśa" Hitop, 2: 2 163 3;yataḥ |;PARTLY;+ yatas - dhṛ;"Hitopadeśa" Hitop, 2: 2 164 2;yataḥ |;PARTLY;+ yatas - dhṛ;"Hitopadeśa" Hitop, 2: 2 175 1;yataḥ |;PARTLY;+ yatas - dhṛ;"Hitopadeśa" Hitop, 2: 2 181 2;yataḥ |;PARTLY;+ yatas - dhṛ;"Hitopadeśa" Hitop, 2: 2 182 2;yataḥ |;PARTLY;+ yatas - dhṛ;"Hitopadeśa" Hitop, 2: 2 183 1;aparaṃ ca |;PARTLY;+ apara - dhṛ;"Hitopadeśa" Hitop, 2: 2 184 13;yataḥ |;PARTLY;+ yatas - dhṛ;"Hitopadeśa" Hitop, 2: 2 185 2;yataḥ |;PARTLY;+ yatas - dhṛ;"Hitopadeśa" Hitop, 2: 2 188 12;yataḥ |;PARTLY;+ yatas - dhṛ;"Hitopadeśa" Hitop, 2: 2 196 2;yataḥ |;PARTLY;+ yatas - dhṛ;"Hitopadeśa" Hitop, 2: 2 200 15;yataḥ |;PARTLY;+ yatas - dhṛ;"Hitopadeśa" Hitop, 3: 3 2 5;yataḥ |;PARTLY;+ yatas - dhṛ;"Hitopadeśa" Hitop, 3: 3 6 1;yataḥ |;PARTLY;+ yatas - dhṛ;"Hitopadeśa" Hitop, 3: 3 10 1;yataḥ |;PARTLY;+ yatas - dhṛ;"Hitopadeśa" Hitop, 3: 3 13 1;yataḥ |;PARTLY;+ yatas - dhṛ;"Hitopadeśa" Hitop, 3: 3 16 3;yataḥ |;PARTLY;+ yatas - dhṛ;"Hitopadeśa" Hitop, 3: 3 28 2;yataḥ |;PARTLY;+ yatas - dhṛ;"Hitopadeśa" Hitop, 3: 3 30 3;paśya |;PARTLY;+ paś - dhṛ;"Hitopadeśa" Hitop, 3: 3 31 13;paśya |;PARTLY;+ paś - dhṛ;"Hitopadeśa" Hitop, 3: 3 33 1;yataḥ |;PARTLY;+ yatas - dhṛ;"Hitopadeśa" Hitop, 3: 3 34 5;yataḥ |;PARTLY;+ yatas - dhṛ;"Hitopadeśa" Hitop, 3: 3 35 10;yataḥ |;PARTLY;+ yatas - dhṛ;"Hitopadeśa" Hitop, 3: 3 38 1;paśya |;PARTLY;+ paś - dhṛ;"Hitopadeśa" Hitop, 3: 3 46 4;yataḥ |;PARTLY;+ yatas - dhṛ;"Hitopadeśa" Hitop, 3: 3 51 2;yataḥ |;PARTLY;+ yatas - dhṛ;"Hitopadeśa" Hitop, 3: 3 52 2;paśya |;PARTLY;+ paś - dhṛ;"Hitopadeśa" Hitop, 3: 3 54 1;yataḥ |;PARTLY;+ yatas - dhṛ;"Hitopadeśa" Hitop, 3: 3 57 4;yataḥ |;PARTLY;+ yatas - dhṛ;"Hitopadeśa" Hitop, 3: 3 58 1;paśya |;PARTLY;+ paś - dhṛ;"Hitopadeśa" Hitop, 3: 3 63 2;yataḥ |;PARTLY;+ yatas - dhṛ;"Hitopadeśa" Hitop, 3: 3 64 2;yataḥ |;PARTLY;+ yatas - dhṛ;"Hitopadeśa" Hitop, 3: 3 65 2;yataḥ |;PARTLY;+ yatas - dhṛ;"Hitopadeśa" Hitop, 3: 3 66 2;gacchāmi |;PARTLY;+ gam - dhṛ;"Hitopadeśa" Hitop, 3: 3 67 2;yataḥ |;PARTLY;+ yatas - dhṛ;"Hitopadeśa" Hitop, 3: 3 68 2;yataḥ |;PARTLY;+ yatas - dhṛ;"Hitopadeśa" Hitop, 3: 3 71 1;yataḥ |;PARTLY;+ yatas - dhṛ;"Hitopadeśa" Hitop, 3: 3 74 1;paśya |;PARTLY;+ paś - dhṛ;"Hitopadeśa" Hitop, 3: 3 77 1;yataḥ |;PARTLY;+ yatas - dhṛ;"Hitopadeśa" Hitop, 3: 3 80 5;ucyatām |;PARTLY;+ vac - dhṛ;"Hitopadeśa" Hitop, 3: 3 80 10;śṛṇu |;PARTLY;+ śru - dhṛ;"Hitopadeśa" Hitop, 3: 3 80 18;yataḥ |;PARTLY;+ yatas - dhṛ;"Hitopadeśa" Hitop, 3: 3 81 8;paśya |;PARTLY;+ paś - dhṛ;"Hitopadeśa" Hitop, 3: 3 87 6;gacchāmi |;PARTLY;+ gam - dhṛ;"Hitopadeśa" Hitop, 3: 3 87 8;yataḥ |;PARTLY;+ yatas - dhṛ;"Hitopadeśa" Hitop, 3: 3 95 1;yataḥ |;PARTLY;+ yatas - dhṛ;"Hitopadeśa" Hitop, 3: 3 107 5;yataḥ |;PARTLY;+ yatas - dhṛ;"Hitopadeśa" Hitop, 3: 3 112 17;yataḥ |;PARTLY;+ yatas - dhṛ;"Hitopadeśa" Hitop, 3: 3 117 1;yataḥ |;PARTLY;+ yatas - dhṛ;"Hitopadeśa" Hitop, 3: 3 121 7;yataḥ |;PARTLY;+ yatas - dhṛ;"Hitopadeśa" Hitop, 3: 3 122 6;yataḥ |;PARTLY;+ yatas - dhṛ;"Hitopadeśa" Hitop, 3: 3 124 22;yataḥ |;PARTLY;+ yatas - dhṛ;"Hitopadeśa" Hitop, 3: 3 127 7;yataḥ |;PARTLY;+ yatas - dhṛ;"Hitopadeśa" Hitop, 3: 3 130 1;kiṃca |;PARTLY;+ kiṁca - dhṛ;"Hitopadeśa" Hitop, 3: 3 132 2;paśya |;PARTLY;+ paś - dhṛ;"Hitopadeśa" Hitop, 3: 3 134 2;yataḥ |;PARTLY;+ yatas - dhṛ;"Hitopadeśa" Hitop, 3: 3 136 3;yataḥ |;PARTLY;+ yatas - dhṛ;"Hitopadeśa" Hitop, 3: 3 146 1;kiṃca |;PARTLY;+ kiṁca - dhṛ;"Hitopadeśa" Hitop, 3: 3 147 2;kiṃca |;PARTLY;+ kiṁca - dhṛ;"Hitopadeśa" Hitop, 3: 3 148 2;yataḥ |;PARTLY;+ yatas - dhṛ;"Hitopadeśa" Hitop, 3: 3 150 9;athavā |;PARTLY;+ athavā - dhṛ;"Hitopadeśa" Hitop, 3: 3 152 17;yataḥ |;PARTLY;+ yatas - dhṛ;"Hitopadeśa" Hitop, 3: 3 154 3;paśya |;PARTLY;+ paś - dhṛ;"Hitopadeśa" Hitop, 3: 3 155 1;yataḥ |;PARTLY;+ yatas - dhṛ;"Hitopadeśa" Hitop, 3: 3 156 11;yataḥ |;PARTLY;+ yatas - dhṛ;"Hitopadeśa" Hitop, 3: 3 159 2;yataḥ |;PARTLY;+ yatas - dhṛ;"Hitopadeśa" Hitop, 3: 3 160 4;śṛṇu |;PARTLY;+ śru - dhṛ;"Hitopadeśa" Hitop, 3: 3 162 1;kiṃca |;PARTLY;+ kiṁca - dhṛ;"Hitopadeśa" Hitop, 3: 3 164 2;yataḥ |;PARTLY;+ yatas - dhṛ;"Hitopadeśa" Hitop, 3: 3 166 2;yataḥ |;PARTLY;+ yatas - dhṛ;"Hitopadeśa" Hitop, 3: 3 171 1;kiṃca |;PARTLY;+ kiṁca - dhṛ;"Hitopadeśa" Hitop, 4: 4 2 5;yataḥ |;PARTLY;+ yatas - dhṛ;"Hitopadeśa" Hitop, 4: 4 4 7;śrūyatām |;PARTLY;+ śru - dhṛ;"Hitopadeśa" Hitop, 4: 4 7 10;yataḥ |;PARTLY;+ yatas - dhṛ;"Hitopadeśa" Hitop, 4: 4 10 18;śṛṇu |;PARTLY;+ śru - dhṛ;"Hitopadeśa" Hitop, 4: 4 13 1;kiṃtu |;PARTLY;+ kiṁtu - dhṛ;"Hitopadeśa" Hitop, 4: 4 15 13;yataḥ |;PARTLY;+ yatas - dhṛ;"Hitopadeśa" Hitop, 4: 4 17 25;yataḥ |;PARTLY;+ yatas - dhṛ;"Hitopadeśa" Hitop, 4: 4 19 4;yataḥ |;PARTLY;+ yatas - dhṛ;"Hitopadeśa" Hitop, 4: 4 21 2;yataḥ |;PARTLY;+ yatas - dhṛ;"Hitopadeśa" Hitop, 4: 4 24 13;śrūyatām |;PARTLY;+ śru - dhṛ;"Hitopadeśa" Hitop, 4: 4 24 24;kintu |;PARTLY;+ kiṁtu - dhṛ;"Hitopadeśa" Hitop, 4: 4 25 3;paśya |;PARTLY;+ paś - dhṛ;"Hitopadeśa" Hitop, 4: 4 29 5;yataḥ |;PARTLY;+ yatas - dhṛ;"Hitopadeśa" Hitop, 4: 4 32 1;yataḥ |;PARTLY;+ yatas - dhṛ;"Hitopadeśa" Hitop, 4: 4 33 8;yataḥ |;PARTLY;+ yatas - dhṛ;"Hitopadeśa" Hitop, 4: 4 34 4;yataḥ |;PARTLY;+ yatas - dhṛ;"Hitopadeśa" Hitop, 4: 4 35 3;yataḥ |;PARTLY;+ yatas - dhṛ;"Hitopadeśa" Hitop, 4: 4 38 6;yataḥ |;PARTLY;+ yatas - dhṛ;"Hitopadeśa" Hitop, 4: 4 39 1;paśya |;PARTLY;+ paś - dhṛ;"Hitopadeśa" Hitop, 4: 4 40 9;yataḥ |;PARTLY;+ yatas - dhṛ;"Hitopadeśa" Hitop, 4: 4 44 1;kiṃca |;PARTLY;+ kiṁca - dhṛ;"Hitopadeśa" Hitop, 4: 4 50 1;kiṃca |;PARTLY;+ kiṁca - dhṛ;"Hitopadeśa" Hitop, 4: 4 53 1;kiṃca |;PARTLY;+ kiṁca - dhṛ;"Hitopadeśa" Hitop, 4: 4 57 5;yataḥ |;PARTLY;+ yatas - dhṛ;"Hitopadeśa" Hitop, 4: 4 58 1;kiṃca |;PARTLY;+ kiṁca - dhṛ;"Hitopadeśa" Hitop, 4: 4 60 21;yataḥ |;PARTLY;+ yatas - dhṛ;"Hitopadeśa" Hitop, 4: 4 62 7;yataḥ |;PARTLY;+ yatas - dhṛ;"Hitopadeśa" Hitop, 4: 4 67 2;yataḥ |;PARTLY;+ yatas - dhṛ;"Hitopadeśa" Hitop, 4: 4 69 6;yataḥ |;PARTLY;+ yatas - dhṛ;"Hitopadeśa" Hitop, 4: 4 80 1;yataḥ |;PARTLY;+ yatas - dhṛ;"Hitopadeśa" Hitop, 4: 4 99 2;kintu |;PARTLY;+ kiṁtu - dhṛ;"Hitopadeśa" Hitop, 4: 4 100 14;śṛṇu |;PARTLY;+ śru - dhṛ;"Hitopadeśa" Hitop, 4: 4 102 46;yataḥ |;PARTLY;+ yatas - dhṛ;"Hitopadeśa" Hitop, 4: 4 118 1;kiṃca |;PARTLY;+ kiṁca - dhṛ;"Hitopadeśa" Hitop, 4: 4 121 3;yataḥ |;PARTLY;+ yatas - dhṛ;"Hitopadeśa" Hitop, 4: 4 122 4;yataḥ |;PARTLY;+ yatas - dhṛ;"Hitopadeśa" Hitop, 4: 4 123 2;samāśvasihi |;PARTLY;+ samāśvas - dhṛ;"Hitopadeśa" Hitop, 4: 4 125 9;yataḥ |;PARTLY;+ yatas - dhṛ;"Hitopadeśa" Hitop, 4: 4 127 1;yataḥ |;PARTLY;+ yatas - dhṛ;"Hitopadeśa" Hitop, 4: 4 130 1;kiṃca |;PARTLY;+ kiṁca - dhṛ;"Hitopadeśa" Hitop, 4: 4 131 1;yataḥ |;PARTLY;+ yatas - dhṛ;"Hitopadeśa" Hitop, 4: 4 133 1;yataḥ |;PARTLY;+ yatas - dhṛ;"Hitopadeśa" Hitop, 4: 4 138 4;yataḥ |;PARTLY;+ yatas - dhṛ;"Hitopadeśa" Hitop, 4: 4 142 14;kintu |;PARTLY;+ kiṁtu - dhṛ;"Hitopadeśa" Hitop, 4: 4 146 2;yataḥ |;PARTLY;+ yatas - dhṛ;"Hitopadeśa" Hitop, 4: 4 148 8;yataḥ |;PARTLY;+ yatas - dhṛ;"Hitopadeśa" Hitop, 5: 5 1 3;viṣṇuśarmeṇoktam śrūyatām |;PARTLY;+ śru - dhṛ;"Hitopadeśa" Hitop, 5: 5 8 5;yataḥ |;PARTLY;+ yatas - dhṛ;"Hitopadeśa" Hitop, 5: 5 11 13;kintu |;PARTLY;+ kiṁtu - dhṛ;"Hitopadeśa" Hitop, 5: 5 12 23;iti |;PARTLY;+ iti - dhṛ;"Hitopadeśa" Hitop, 5: 5 14 5;yataḥ |;PARTLY;+ yatas - dhṛ;"Hitopadeśa" Hitop, 5: 5 17 3;śṛṇu |;PARTLY;+ śru - dhṛ;"Hitopadeśa" Hitop, 5: 5 19 10;yataḥ |;PARTLY;+ yatas - dhṛ;"Hitopadeśa" Hitop, 5: 5 20 1;kiṃca |;PARTLY;+ kiṁca - dhṛ;"Hitopadeśa" Hitop, 5: 5 23 8;yataḥ |;PARTLY;+ yatas - dhṛ;"Hitopadeśa" Hitop, 5: 5 36 3;vraja |;PARTLY;+ vraj - dhṛ;"Hitopadeśa" Hitop, 5: 5 36 7;śṛṇu |;PARTLY;+ śru - dhṛ;"Hitopadeśa" Hitop, 5: 5 55 10;yataḥ |;PARTLY;+ yatas - dhṛ;"Hitopadeśa" Hitop, 5: 5 57 4;yataḥ |;PARTLY;+ yatas - dhṛ;"Hitopadeśa" Hitop, 5: 5 60 10;yataḥ |;PARTLY;+ yatas - dhṛ;"Hitopadeśa" Hitop, 5: 5 61 16;yataḥ |;PARTLY;+ yatas - dhṛ;"Hitopadeśa" Hitop, 5: 5 65 8;yataḥ |;PARTLY;+ yatas - dhṛ;"Hitopadeśa" Hitop, 5: 5 69 2;śṛṇu |;PARTLY;+ śru - dhṛ;"Hitopadeśa" Hitop, 5: 5 75 1;yataḥ |;PARTLY;+ yatas - dhṛ;"Hitopadeśa" Hitop, 5: 5 92 1;yataḥ |;PARTLY;+ yatas - dhṛ;"Hitopadeśa" Hitop, 5: 5 96 1;yataḥ |;PARTLY;+ yatas - dhṛ;"Hitopadeśa" Hitop, 5: 5 102 7;yataḥ |;PARTLY;+ yatas - dhṛ;"Hitopadeśa" Hitop, 5: 5 104 3;yataḥ |;PARTLY;+ yatas - dhṛ;"Hitopadeśa" Hitop, 5: 5 106 2;yataḥ |;PARTLY;+ yatas - dhṛ;"Hitopadeśa" Hitop, 5: 5 107 3;yataḥ |;PARTLY;+ yatas - dhṛ;"Hitopadeśa" Hitop, 5: 5 112 7;yataḥ |;PARTLY;+ yatas - dhṛ;"Hitopadeśa" Hitop, 5: 5 140 2;yataḥ |;PARTLY;+ yatas - dhṛ;"Hitopadeśa" Hitop, 5: 5 143 1;kiṃca |;PARTLY;+ kiṁca - dhṛ;"Kāvyādarśa" KāvĀ, 2: 2 164 2;dharmeṇa haṃsasulabhenāspṛṣṭaghanajānitā ||;PARTLY;+ dharma - dhṛ;"Rasendracintāmaṇi" RCint, 8: 8 163 2;akṣodātyantāmlasvacchajalena prayatnena ||;PARTLY;+ prayatna - dhṛ;"Kirātārjunīya" Kir, 15: 15 25 1;devākānini kāvāde vāhikāsvasvakāhi vā |;PARTLY;+ vā - dhṛ;"Kirātārjunīya" Kir, 15: 15 25 2;kākārebhabhare kākā nisvabhavyavyabhasvani ||;PARTLY;+ kāka - dhṛ;"Rasasaṃketakalikā" RSK, 4: 4 17 1;puraṃ ṭaṅkadrayāṃ kṛṣṇadhūrtabījāṣṭaballakam |;PARTLY;+ pura - dhṛ;"Rasasaṃketakalikā" RSK, 4: 4 71 1;saptadhā bhāvayetyaścāccaṇakakṣāravāriṇā |;PARTLY;+ saptadhā - dhṛ;"Rasakāmadhenu" RKDh, 1, 2: 2 56 13;tasya |;PARTLY;+ tad - dhṛ;"Rasakāmadhenu" RKDh, 1, 2: 2 73 2;varālakaḥ pāharaśca kuśikuddalivardhanam ||;PARTLY;+ varālaka - dhṛ;"Rasakāmadhenu" RKDh, 1, 5: 3 21 2;rasaratnapradīpikāyām |;PARTLY;+ rasaratnapradīpikā - dhṛ;"Rasakāmadhenu" RKDh, 1, 5: 3 48 2;rasendracintāmaṇau |;PARTLY;+ rasendracintāmaṇi - dhṛ;"Rasakāmadhenu" RKDh, 1, 5: 3 107 1;rasaratnākare |;PARTLY;+ rasaratnākara - dhṛ;"Comm. on the Kāvyālaṃkāravṛtti" Comm. on the Kāvyālaṃkāravṛtti zu Kāvyālaṃkāravṛtti, 1, Dvitīya adhyāyaḥ, 11: 16 6 0;udāharaṇam ||;PARTLY;+ udāharaṇa - dhṛ;"Rasaratnasamuccayabodhinī" RRSBoṬ zu RRS, 2, 21.2: 3 2 6;iti ||;PARTLY;+ iti - dhṛ;"Rasaratnasamuccayabodhinī" RRSBoṬ zu RRS, 2, 104.2: 9 3 0;iti ||;PARTLY;+ iti - dhṛ;"Rasaratnasamuccayabodhinī" RRSBoṬ zu RRS, 2, 104.2: 9 6 0;iti ||;PARTLY;+ iti - dhṛ;"Rasaratnasamuccayabodhinī" RRSBoṬ zu RRS, 2, 142.2: 11 3 0;iti ||;PARTLY;+ iti - dhṛ;"Rasaratnasamuccayabodhinī" RRSBoṬ zu RRS, 4, 16.1: 24 2 0;iti ||;PARTLY;+ iti - dhṛ;"Rasaratnasamuccayabodhinī" RRSBoṬ zu RRS, 8, 29.2: 74 3 0;iti ||;PARTLY;+ iti - dhṛ;"Rasaratnasamuccayabodhinī" RRSBoṬ zu RRS, 8, 69.2: 96 4 0;iti ||;PARTLY;+ iti - dhṛ;"Rasaratnasamuccayabodhinī" RRSBoṬ zu RRS, 8, 70.2: 97 8 0;iti ||;PARTLY;+ iti - dhṛ;"Rasaratnasamuccayabodhinī" RRSBoṬ zu RRS, 8, 89.2: 110 2 4;iti ||;PARTLY;+ iti - dhṛ;"Rasaratnasamuccayabodhinī" RRSBoṬ zu RRS, 9, 43.2: 133 5 0;iti ||;PARTLY;+ iti - dhṛ;"Rasaratnasamuccayabodhinī" RRSBoṬ zu RRS, 9, 56.3: 139 5 1;kṛcidetad anantaraṃ |;PARTLY;+ anantaram - dhṛ;"Rasaratnasamuccayabodhinī" RRSBoṬ zu RRS, 9, 75.2: 143 1 0;spaṣṭam ||;PARTLY;+ spaṣṭa - dhṛ;"Rasaratnasamuccayabodhinī" RRSBoṬ zu RRS, 11, 71.2: 181 2 3;iti ||;PARTLY;+ iti - dhṛ;"Madanapālanighaṇṭu" MPālNigh, 1: 1 145 1;madano vāntikṛcchrotravraṇastrāvavināśanaḥ |;PARTLY;+ madana - dhṛ;"Liṅgapurāṇa" LiPur, 1, 18: 18 38 2;sarpakuṇḍalamālāya kaṭisūtrīkṛtāhine ||;PARTLY;+ mālā - dhṛ;"Liṅgapurāṇa" LiPur, 2, 26: 134 6 1;mantraḥ |;PARTLY;+ mantra - dhṛ;"Kauśikasūtradārilabhāṣya" KDār, 2: 1 3 6;siddhatvāt |;PARTLY;+ siddhatva - dhṛ;"Laṅkāvatārasūtra" LAS, 2: 2 153 1;pratyaśrauṣīt |;PARTLY;+ pratiśru - dhṛ;"Aṣṭāṅgasaṃgraha" ASaṃ, 1, 12: 1 44 2;ropaṇī tvaggadakledamedomehakaphāsrajit ||;PARTLY;+ ropaṇa - dhṛ;"Śārṅgadharasaṃhitādīpikā" ŚSDīp zu ŚdhSaṃh, 1, 3, 1.2: 2 4 4;iti ||;PARTLY;+ iti - dhṛ;"Śārṅgadharasaṃhitādīpikā" ŚSDīp zu ŚdhSaṃh, 1, 3, 1.2: 2 5 4;iti ||;PARTLY;+ iti - dhṛ;"Śārṅgadharasaṃhitādīpikā" ŚSDīp zu ŚdhSaṃh, 1, 3, 1.2: 2 9 1;yataḥ |;PARTLY;+ yatas - dhṛ;"Śārṅgadharasaṃhitādīpikā" ŚSDīp zu ŚdhSaṃh, 1, 3, 1.2: 2 9 4;iti ||;PARTLY;+ iti - dhṛ;"Śārṅgadharasaṃhitādīpikā" ŚSDīp zu ŚdhSaṃh, 1, 3, 5.2: 8 9 4;iti ||;PARTLY;+ iti - dhṛ;"Śārṅgadharasaṃhitādīpikā" ŚSDīp zu ŚdhSaṃh, 1, 3, 9.1: 10 17 4;iti ||;PARTLY;+ iti - dhṛ;"Śārṅgadharasaṃhitādīpikā" ŚSDīp zu ŚdhSaṃh, 1, 3, 9.1: 10 23 1;yataḥ |;PARTLY;+ yatas - dhṛ;"Śārṅgadharasaṃhitādīpikā" ŚSDīp zu ŚdhSaṃh, 1, 3, 9.1: 10 23 4;iti ||;PARTLY;+ iti - dhṛ;"Śārṅgadharasaṃhitādīpikā" ŚSDīp zu ŚdhSaṃh, 1, 3, 9.1: 10 25 0;dūṣyā ||;PARTLY;+ dūṣay - dhṛ;"Śārṅgadharasaṃhitādīpikā" ŚSDīp zu ŚdhSaṃh, 2, 11, 1.2: 11 11 0;iti ||;PARTLY;+ iti - dhṛ;"Śārṅgadharasaṃhitādīpikā" ŚSDīp zu ŚdhSaṃh, 2, 11, 27.1: 21 9 5;iti ||;PARTLY;+ iti - dhṛ;"Śārṅgadharasaṃhitādīpikā" ŚSDīp zu ŚdhSaṃh, 2, 11, 35.2: 23 7 1;yataḥ |;PARTLY;+ yatas - dhṛ;"Śārṅgadharasaṃhitādīpikā" ŚSDīp zu ŚdhSaṃh, 2, 11, 35.2: 23 8 2;iti ||;PARTLY;+ iti - dhṛ;"Śārṅgadharasaṃhitādīpikā" ŚSDīp zu ŚdhSaṃh, 2, 11, 35.2: 23 15 10;iti ||;PARTLY;+ iti - dhṛ;"Śārṅgadharasaṃhitādīpikā" ŚSDīp zu ŚdhSaṃh, 2, 11, 35.2: 23 22 6;ityādi ||;PARTLY;+ ityādi - dhṛ;"Śārṅgadharasaṃhitādīpikā" ŚSDīp zu ŚdhSaṃh, 2, 11, 45.2: 27 7 0;iti ||;PARTLY;+ iti - dhṛ;"Śārṅgadharasaṃhitādīpikā" ŚSDīp zu ŚdhSaṃh, 2, 11, 45.2: 27 14 1;yathā |;PARTLY;+ yathā - dhṛ;"Śārṅgadharasaṃhitādīpikā" ŚSDīp zu ŚdhSaṃh, 2, 11, 45.2: 27 14 2;kṣamāmṛcchikharākāraliṅgānyevāmlite sati |;PARTLY;+ as - dhṛ;"Śārṅgadharasaṃhitādīpikā" ŚSDīp zu ŚdhSaṃh, 2, 11, 45.2: 27 23 2;iti ||;PARTLY;+ iti - dhṛ;"Śārṅgadharasaṃhitādīpikā" ŚSDīp zu ŚdhSaṃh, 2, 11, 45.2: 27 24 5;iti ||;PARTLY;+ iti - dhṛ;"Śārṅgadharasaṃhitādīpikā" ŚSDīp zu ŚdhSaṃh, 2, 11, 48.1: 28 14 3;ityādi ||;PARTLY;+ ityādi - dhṛ;"Śārṅgadharasaṃhitādīpikā" ŚSDīp zu ŚdhSaṃh, 2, 11, 53.1: 29 8 3;ityādi ||;PARTLY;+ ityādi - dhṛ;"Śārṅgadharasaṃhitādīpikā" ŚSDīp zu ŚdhSaṃh, 2, 11, 53.1: 29 15 4;ityādi ||;PARTLY;+ ityādi - dhṛ;"Śārṅgadharasaṃhitādīpikā" ŚSDīp zu ŚdhSaṃh, 2, 11, 58.1: 31 9 4;iti ||;PARTLY;+ iti - dhṛ;"Śārṅgadharasaṃhitādīpikā" ŚSDīp zu ŚdhSaṃh, 2, 11, 61.1: 33 13 4;iti ||;PARTLY;+ iti - dhṛ;"Śārṅgadharasaṃhitādīpikā" ŚSDīp zu ŚdhSaṃh, 2, 11, 66.1: 34 3 4;iti ||;PARTLY;+ iti - dhṛ;"Śārṅgadharasaṃhitādīpikā" ŚSDīp zu ŚdhSaṃh, 2, 11, 66.1: 34 4 -1;iti |;PARTLY;+ iti - dhṛ;"Śārṅgadharasaṃhitādīpikā" ŚSDīp zu ŚdhSaṃh, 2, 11, 66.1: 34 4 0;athavā |;PARTLY;+ athavā - dhṛ;"Śārṅgadharasaṃhitādīpikā" ŚSDīp zu ŚdhSaṃh, 2, 11, 73.1: 37 10 4;iti ||;PARTLY;+ iti - dhṛ;"Śārṅgadharasaṃhitādīpikā" ŚSDīp zu ŚdhSaṃh, 2, 11, 73.1: 37 14 1;eke |;PARTLY;+ eka - dhṛ;"Śārṅgadharasaṃhitādīpikā" ŚSDīp zu ŚdhSaṃh, 2, 11, 78.2: 40 8 1;yataḥ |;PARTLY;+ yatas - dhṛ;"Śārṅgadharasaṃhitādīpikā" ŚSDīp zu ŚdhSaṃh, 2, 11, 78.2: 40 9 0;iti ||;PARTLY;+ iti - dhṛ;"Śārṅgadharasaṃhitādīpikā" ŚSDīp zu ŚdhSaṃh, 2, 11, 83.1: 41 11 2;iti ||;PARTLY;+ iti - dhṛ;"Śārṅgadharasaṃhitādīpikā" ŚSDīp zu ŚdhSaṃh, 2, 11, 83.1: 41 13 3;iti ||;PARTLY;+ iti - dhṛ;"Śārṅgadharasaṃhitādīpikā" ŚSDīp zu ŚdhSaṃh, 2, 11, 83.1: 41 21 4;iti ||;PARTLY;+ iti - dhṛ;"Śārṅgadharasaṃhitādīpikā" ŚSDīp zu ŚdhSaṃh, 2, 11, 88.1: 44 4 1;yataḥ |;PARTLY;+ yatas - dhṛ;"Śārṅgadharasaṃhitādīpikā" ŚSDīp zu ŚdhSaṃh, 2, 11, 88.1: 44 4 3;iti ||;PARTLY;+ iti - dhṛ;"Śārṅgadharasaṃhitādīpikā" ŚSDīp zu ŚdhSaṃh, 2, 11, 88.1: 44 13 6;iti ||;PARTLY;+ iti - dhṛ;"Śārṅgadharasaṃhitādīpikā" ŚSDīp zu ŚdhSaṃh, 2, 11, 92.1: 45 13 1;yataḥ |;PARTLY;+ yatas - dhṛ;"Śārṅgadharasaṃhitādīpikā" ŚSDīp zu ŚdhSaṃh, 2, 11, 92.1: 45 13 4;iti ||;PARTLY;+ iti - dhṛ;"Śārṅgadharasaṃhitādīpikā" ŚSDīp zu ŚdhSaṃh, 2, 11, 92.1: 45 17 3;iti ||;PARTLY;+ iti - dhṛ;"Śārṅgadharasaṃhitādīpikā" ŚSDīp zu ŚdhSaṃh, 2, 11, 92.1: 45 27 2;iti ||;PARTLY;+ iti - dhṛ;"Śārṅgadharasaṃhitādīpikā" ŚSDīp zu ŚdhSaṃh, 2, 11, 92.1: 45 30 0;iti ||;PARTLY;+ iti - dhṛ;"Śārṅgadharasaṃhitādīpikā" ŚSDīp zu ŚdhSaṃh, 2, 11, 93.2: 46 5 2;iti ||;PARTLY;+ iti - dhṛ;"Śārṅgadharasaṃhitādīpikā" ŚSDīp zu ŚdhSaṃh, 2, 11, 93.2: 46 7 0;satyam ||;PARTLY;+ satya - dhṛ;"Śārṅgadharasaṃhitādīpikā" ŚSDīp zu ŚdhSaṃh, 2, 11, 93.2: 46 9 4;iti ||;PARTLY;+ iti - dhṛ;"Śārṅgadharasaṃhitādīpikā" ŚSDīp zu ŚdhSaṃh, 2, 11, 93.2: 46 10 4;iti ||;PARTLY;+ iti - dhṛ;"Śārṅgadharasaṃhitādīpikā" ŚSDīp zu ŚdhSaṃh, 2, 11, 93.2: 46 12 4;iti ||;PARTLY;+ iti - dhṛ;"Śārṅgadharasaṃhitādīpikā" ŚSDīp zu ŚdhSaṃh, 2, 11, 93.2: 46 13 1;yataḥ |;PARTLY;+ yatas - dhṛ;"Śārṅgadharasaṃhitādīpikā" ŚSDīp zu ŚdhSaṃh, 2, 11, 93.2: 46 13 4;iti ||;PARTLY;+ iti - dhṛ;"Śārṅgadharasaṃhitādīpikā" ŚSDīp zu ŚdhSaṃh, 2, 11, 93.2: 46 14 4;iti ||;PARTLY;+ iti - dhṛ;"Śārṅgadharasaṃhitādīpikā" ŚSDīp zu ŚdhSaṃh, 2, 11, 93.2: 46 15 4;iti ||;PARTLY;+ iti - dhṛ;"Śārṅgadharasaṃhitādīpikā" ŚSDīp zu ŚdhSaṃh, 2, 11, 93.2: 46 18 4;iti ||;PARTLY;+ iti - dhṛ;"Śārṅgadharasaṃhitādīpikā" ŚSDīp zu ŚdhSaṃh, 2, 11, 93.2: 46 26 4;iti ||;PARTLY;+ iti - dhṛ;"Śārṅgadharasaṃhitādīpikā" ŚSDīp zu ŚdhSaṃh, 2, 11, 99.1: 47 14 3;iti ||;PARTLY;+ iti - dhṛ;"Śārṅgadharasaṃhitādīpikā" ŚSDīp zu ŚdhSaṃh, 2, 11, 101.1: 48 4 4;iti ||;PARTLY;+ iti - dhṛ;"Śārṅgadharasaṃhitādīpikā" ŚSDīp zu ŚdhSaṃh, 2, 11, 101.1: 48 6 1;yataḥ |;PARTLY;+ yatas - dhṛ;"Śārṅgadharasaṃhitādīpikā" ŚSDīp zu ŚdhSaṃh, 2, 11, 101.1: 48 7 3;ityādi ||;PARTLY;+ ityādi - dhṛ;"Śārṅgadharasaṃhitādīpikā" ŚSDīp zu ŚdhSaṃh, 2, 11, 101.1: 48 8 4;iti ||;PARTLY;+ iti - dhṛ;"Śārṅgadharasaṃhitādīpikā" ŚSDīp zu ŚdhSaṃh, 2, 11, 101.1: 48 13 4;iti ||;PARTLY;+ iti - dhṛ;"Śārṅgadharasaṃhitādīpikā" ŚSDīp zu ŚdhSaṃh, 2, 11, 104.2: 49 4 3;iti ||;PARTLY;+ iti - dhṛ;"Śārṅgadharasaṃhitādīpikā" ŚSDīp zu ŚdhSaṃh, 2, 11, 104.2: 49 6 4;iti ||;PARTLY;+ iti - dhṛ;"Śārṅgadharasaṃhitādīpikā" ŚSDīp zu ŚdhSaṃh, 2, 11, 104.2: 49 18 4;iti ||;PARTLY;+ iti - dhṛ;"Śārṅgadharasaṃhitādīpikā" ŚSDīp zu ŚdhSaṃh, 2, 11, 104.2: 49 19 5;iti ||;PARTLY;+ iti - dhṛ;"Śārṅgadharasaṃhitādīpikā" ŚSDīp zu ŚdhSaṃh, 2, 12, 1.2: 50 4 4;iti ||;PARTLY;+ iti - dhṛ;"Śārṅgadharasaṃhitādīpikā" ŚSDīp zu ŚdhSaṃh, 2, 12, 1.2: 50 18 4;iti ||;PARTLY;+ iti - dhṛ;"Śārṅgadharasaṃhitādīpikā" ŚSDīp zu ŚdhSaṃh, 2, 12, 1.2: 50 22 2;ityādi ||;PARTLY;+ ityādi - dhṛ;"Śārṅgadharasaṃhitādīpikā" ŚSDīp zu ŚdhSaṃh, 2, 12, 1.2: 50 28 0;iti ||;PARTLY;+ iti - dhṛ;"Śārṅgadharasaṃhitādīpikā" ŚSDīp zu ŚdhSaṃh, 2, 12, 2.2: 51 8 3;iti ||;PARTLY;+ iti - dhṛ;"Śārṅgadharasaṃhitādīpikā" ŚSDīp zu ŚdhSaṃh, 2, 12, 13.1: 53 3 4;iti ||;PARTLY;+ iti - dhṛ;"Śārṅgadharasaṃhitādīpikā" ŚSDīp zu ŚdhSaṃh, 2, 12, 13.1: 53 6 1;yataḥ |;PARTLY;+ yatas - dhṛ;"Śārṅgadharasaṃhitādīpikā" ŚSDīp zu ŚdhSaṃh, 2, 12, 13.1: 53 23 2;iti ||;PARTLY;+ iti - dhṛ;"Śārṅgadharasaṃhitādīpikā" ŚSDīp zu ŚdhSaṃh, 2, 12, 13.1: 53 30 2;iti ||;PARTLY;+ iti - dhṛ;"Śārṅgadharasaṃhitādīpikā" ŚSDīp zu ŚdhSaṃh, 2, 12, 13.1: 53 36 3;iti ||;PARTLY;+ iti - dhṛ;"Śārṅgadharasaṃhitādīpikā" ŚSDīp zu ŚdhSaṃh, 2, 12, 13.1: 53 42 4;iti ||;PARTLY;+ iti - dhṛ;"Śārṅgadharasaṃhitādīpikā" ŚSDīp zu ŚdhSaṃh, 2, 12, 13.1: 53 51 1;yathā |;PARTLY;+ yathā - dhṛ;"Śārṅgadharasaṃhitādīpikā" ŚSDīp zu ŚdhSaṃh, 2, 12, 13.1: 53 51 4;iti ||;PARTLY;+ iti - dhṛ;"Śārṅgadharasaṃhitādīpikā" ŚSDīp zu ŚdhSaṃh, 2, 12, 13.1: 53 52 1;athavā |;PARTLY;+ athavā - dhṛ;"Śārṅgadharasaṃhitādīpikā" ŚSDīp zu ŚdhSaṃh, 2, 12, 13.1: 53 52 4;iti ||;PARTLY;+ iti - dhṛ;"Śārṅgadharasaṃhitādīpikā" ŚSDīp zu ŚdhSaṃh, 2, 12, 13.1: 53 64 1;athavā |;PARTLY;+ athavā - dhṛ;"Śārṅgadharasaṃhitādīpikā" ŚSDīp zu ŚdhSaṃh, 2, 12, 13.1: 53 69 2;iti ||;PARTLY;+ iti - dhṛ;"Śārṅgadharasaṃhitādīpikā" ŚSDīp zu ŚdhSaṃh, 2, 12, 13.1: 53 76 0;iti ||;PARTLY;+ iti - dhṛ;"Śārṅgadharasaṃhitādīpikā" ŚSDīp zu ŚdhSaṃh, 2, 12, 13.1: 53 80 2;iti ||;PARTLY;+ iti - dhṛ;"Śārṅgadharasaṃhitādīpikā" ŚSDīp zu ŚdhSaṃh, 2, 12, 13.1: 53 84 4;iti ||;PARTLY;+ iti - dhṛ;"Śārṅgadharasaṃhitādīpikā" ŚSDīp zu ŚdhSaṃh, 2, 12, 13.1: 53 86 1;athavā |;PARTLY;+ athavā - dhṛ;"Śārṅgadharasaṃhitādīpikā" ŚSDīp zu ŚdhSaṃh, 2, 12, 13.1: 53 93 3;iti ||;PARTLY;+ iti - dhṛ;"Śārṅgadharasaṃhitādīpikā" ŚSDīp zu ŚdhSaṃh, 2, 12, 13.1: 53 95 3;iti ||;PARTLY;+ iti - dhṛ;"Śārṅgadharasaṃhitādīpikā" ŚSDīp zu ŚdhSaṃh, 2, 12, 13.1: 53 104 2;athavā |;PARTLY;+ athavā - dhṛ;"Śārṅgadharasaṃhitādīpikā" ŚSDīp zu ŚdhSaṃh, 2, 12, 15.1: 54 7 2;iti ||;PARTLY;+ iti - dhṛ;"Śārṅgadharasaṃhitādīpikā" ŚSDīp zu ŚdhSaṃh, 2, 12, 15.1: 54 9 1;yathā |;PARTLY;+ yathā - dhṛ;"Śārṅgadharasaṃhitādīpikā" ŚSDīp zu ŚdhSaṃh, 2, 12, 15.1: 54 11 2;iti ||;PARTLY;+ iti - dhṛ;"Śārṅgadharasaṃhitādīpikā" ŚSDīp zu ŚdhSaṃh, 2, 12, 16.1: 55 4 2;iti ||;PARTLY;+ iti - dhṛ;"Śārṅgadharasaṃhitādīpikā" ŚSDīp zu ŚdhSaṃh, 2, 12, 16.1: 55 6 4;iti ||;PARTLY;+ iti - dhṛ;"Śārṅgadharasaṃhitādīpikā" ŚSDīp zu ŚdhSaṃh, 2, 12, 16.1: 55 8 1;yathā |;PARTLY;+ yathā - dhṛ;"Śārṅgadharasaṃhitādīpikā" ŚSDīp zu ŚdhSaṃh, 2, 12, 16.1: 55 12 4;iti ||;PARTLY;+ iti - dhṛ;"Śārṅgadharasaṃhitādīpikā" ŚSDīp zu ŚdhSaṃh, 2, 12, 17.2: 56 4 4;iti ||;PARTLY;+ iti - dhṛ;"Śārṅgadharasaṃhitādīpikā" ŚSDīp zu ŚdhSaṃh, 2, 12, 21.1: 57 7 2;iti ||;PARTLY;+ iti - dhṛ;"Śārṅgadharasaṃhitādīpikā" ŚSDīp zu ŚdhSaṃh, 2, 12, 21.1: 57 13 2;yathā |;PARTLY;+ yathā - dhṛ;"Śārṅgadharasaṃhitādīpikā" ŚSDīp zu ŚdhSaṃh, 2, 12, 21.1: 57 14 2;iti ||;PARTLY;+ iti - dhṛ;"Śārṅgadharasaṃhitādīpikā" ŚSDīp zu ŚdhSaṃh, 2, 12, 24.2: 59 5 4;iti ||;PARTLY;+ iti - dhṛ;"Śārṅgadharasaṃhitādīpikā" ŚSDīp zu ŚdhSaṃh, 2, 12, 29.1: 60 7 3;iti ||;PARTLY;+ iti - dhṛ;"Śārṅgadharasaṃhitādīpikā" ŚSDīp zu ŚdhSaṃh, 2, 12, 29.1: 60 17 2;iti ||;PARTLY;+ iti - dhṛ;"Śārṅgadharasaṃhitādīpikā" ŚSDīp zu ŚdhSaṃh, 2, 12, 34.2: 61 12 2;iti ||;PARTLY;+ iti - dhṛ;"Śārṅgadharasaṃhitādīpikā" ŚSDīp zu ŚdhSaṃh, 2, 12, 34.2: 61 16 0;iti ||;PARTLY;+ iti - dhṛ;"Śārṅgadharasaṃhitādīpikā" ŚSDīp zu ŚdhSaṃh, 2, 12, 38.1: 62 7 0;iti ||;PARTLY;+ iti - dhṛ;"Śārṅgadharasaṃhitādīpikā" ŚSDīp zu ŚdhSaṃh, 2, 12, 44.2: 65 5 3;iti ||;PARTLY;+ iti - dhṛ;"Śārṅgadharasaṃhitādīpikā" ŚSDīp zu ŚdhSaṃh, 2, 12, 44.2: 65 10 4;ityādi ||;PARTLY;+ ityādi - dhṛ;"Śārṅgadharasaṃhitādīpikā" ŚSDīp zu ŚdhSaṃh, 2, 12, 50.1: 66 5 3;ityādi ||;PARTLY;+ ityādi - dhṛ;"Śārṅgadharasaṃhitādīpikā" ŚSDīp zu ŚdhSaṃh, 2, 12, 50.1: 66 9 4;iti ||;PARTLY;+ iti - dhṛ;"Śārṅgadharasaṃhitādīpikā" ŚSDīp zu ŚdhSaṃh, 2, 12, 55.2: 67 12 4;ityādi ||;PARTLY;+ ityādi - dhṛ;"Śārṅgadharasaṃhitādīpikā" ŚSDīp zu ŚdhSaṃh, 2, 12, 58.2: 68 22 4;iti ||;PARTLY;+ iti - dhṛ;"Śārṅgadharasaṃhitādīpikā" ŚSDīp zu ŚdhSaṃh, 2, 12, 86.1: 71 5 4;iti ||;PARTLY;+ iti - dhṛ;"Śārṅgadharasaṃhitādīpikā" ŚSDīp zu ŚdhSaṃh, 2, 12, 86.1: 71 37 2;iti ||;PARTLY;+ iti - dhṛ;"Śārṅgadharasaṃhitādīpikā" ŚSDīp zu ŚdhSaṃh, 2, 12, 86.1: 71 39 1;yataḥ |;PARTLY;+ yatas - dhṛ;"Śārṅgadharasaṃhitādīpikā" ŚSDīp zu ŚdhSaṃh, 2, 12, 86.1: 71 39 4;iti ||;PARTLY;+ iti - dhṛ;"Śārṅgadharasaṃhitādīpikā" ŚSDīp zu ŚdhSaṃh, 2, 12, 96.2: 72 8 3;iti ||;PARTLY;+ iti - dhṛ;"Śārṅgadharasaṃhitādīpikā" ŚSDīp zu ŚdhSaṃh, 2, 12, 120.2: 76 4 4;iti ||;PARTLY;+ iti - dhṛ;"Śārṅgadharasaṃhitādīpikā" ŚSDīp zu ŚdhSaṃh, 2, 12, 130.2: 78 13 4;ityādi ||;PARTLY;+ ityādi - dhṛ;"Śārṅgadharasaṃhitādīpikā" ŚSDīp zu ŚdhSaṃh, 2, 12, 153.1: 84 13 1;yataḥ |;PARTLY;+ yatas - dhṛ;"Śārṅgadharasaṃhitādīpikā" ŚSDīp zu ŚdhSaṃh, 2, 12, 153.1: 84 13 5;ityādi ||;PARTLY;+ ityādi - dhṛ;"Śārṅgadharasaṃhitādīpikā" ŚSDīp zu ŚdhSaṃh, 2, 12, 166.1: 86 3 5;ityādi ||;PARTLY;+ ityādi - dhṛ;"Śārṅgadharasaṃhitādīpikā" ŚSDīp zu ŚdhSaṃh, 2, 12, 171.2: 88 8 3;iti ||;PARTLY;+ iti - dhṛ;"Śārṅgadharasaṃhitādīpikā" ŚSDīp zu ŚdhSaṃh, 2, 12, 183.2: 91 8 5;iti ||;PARTLY;+ iti - dhṛ;"Śārṅgadharasaṃhitādīpikā" ŚSDīp zu ŚdhSaṃh, 2, 12, 194.1: 92 11 3;iti ||;PARTLY;+ iti - dhṛ;"Śārṅgadharasaṃhitādīpikā" ŚSDīp zu ŚdhSaṃh, 2, 12, 203.2: 94 4 4;iti ||;PARTLY;+ iti - dhṛ;"Śārṅgadharasaṃhitādīpikā" ŚSDīp zu ŚdhSaṃh, 2, 12, 252.2: 106 3 4;iti ||;PARTLY;+ iti - dhṛ;"Śārṅgadharasaṃhitādīpikā" ŚSDīp zu ŚdhSaṃh, 2, 12, 275.1: 111 1 0;ityādi ||;PARTLY;+ ityādi - dhṛ;"Gūḍhārthadīpikā" ŚGDīp zu ŚdhSaṃh, 2, 11, 4.2: 7 6 3;iti ||;PARTLY;+ iti - dhṛ;"Gūḍhārthadīpikā" ŚGDīp zu ŚdhSaṃh, 2, 11, 23.1: 14 4 0;iti ||;PARTLY;+ iti - dhṛ;"Gūḍhārthadīpikā" ŚGDīp zu ŚdhSaṃh, 2, 11, 23.1: 14 9 0;iti ||;PARTLY;+ iti - dhṛ;"Gūḍhārthadīpikā" ŚGDīp zu ŚdhSaṃh, 2, 11, 24.2: 15 4 5;iti ||;PARTLY;+ iti - dhṛ;"Gūḍhārthadīpikā" ŚGDīp zu ŚdhSaṃh, 2, 11, 35.2: 18 1 4;iti ||;PARTLY;+ iti - dhṛ;"Gūḍhārthadīpikā" ŚGDīp zu ŚdhSaṃh, 2, 11, 35.2: 18 2 11;iti ||;PARTLY;+ iti - dhṛ;"Gūḍhārthadīpikā" ŚGDīp zu ŚdhSaṃh, 2, 11, 37.1: 19 3 0;iti ||;PARTLY;+ iti - dhṛ;"Gūḍhārthadīpikā" ŚGDīp zu ŚdhSaṃh, 2, 11, 43.2: 21 4 0;iti ||;PARTLY;+ iti - dhṛ;"Gūḍhārthadīpikā" ŚGDīp zu ŚdhSaṃh, 2, 11, 43.2: 21 6 3;iti ||;PARTLY;+ iti - dhṛ;"Gūḍhārthadīpikā" ŚGDīp zu ŚdhSaṃh, 2, 11, 53.1: 24 7 0;iti ||;PARTLY;+ iti - dhṛ;"Gūḍhārthadīpikā" ŚGDīp zu ŚdhSaṃh, 2, 11, 53.1: 24 19 0;iti ||;PARTLY;+ iti - dhṛ;"Gūḍhārthadīpikā" ŚGDīp zu ŚdhSaṃh, 2, 11, 53.1: 24 25 0;iti ||;PARTLY;+ iti - dhṛ;"Gūḍhārthadīpikā" ŚGDīp zu ŚdhSaṃh, 2, 11, 53.1: 24 28 0;iti ||;PARTLY;+ iti - dhṛ;"Gūḍhārthadīpikā" ŚGDīp zu ŚdhSaṃh, 2, 11, 53.1: 24 45 3;iti ||;PARTLY;+ iti - dhṛ;"Gūḍhārthadīpikā" ŚGDīp zu ŚdhSaṃh, 2, 11, 61.1: 28 3 4;iti ||;PARTLY;+ iti - dhṛ;"Gūḍhārthadīpikā" ŚGDīp zu ŚdhSaṃh, 2, 11, 83.1: 36 3 0;iti ||;PARTLY;+ iti - dhṛ;"Gūḍhārthadīpikā" ŚGDīp zu ŚdhSaṃh, 2, 11, 92.1: 38 5 3;iti ||;PARTLY;+ iti - dhṛ;"Gūḍhārthadīpikā" ŚGDīp zu ŚdhSaṃh, 2, 12, 127.1: 67 1 1;sugamam ||;PARTLY;+ sugama - dhṛ;"Gūḍhārthadīpikā" ŚGDīp zu ŚdhSaṃh, 2, 12, 136.1: 69 1 1;sugamam ||;PARTLY;+ sugama - dhṛ;"Gūḍhārthadīpikā" ŚGDīp zu ŚdhSaṃh, 2, 12, 171.2: 77 1 1;sugamam ||;PARTLY;+ sugama - dhṛ;"Gūḍhārthadīpikā" ŚGDīp zu ŚdhSaṃh, 2, 12, 221.2: 88 1 1;sugamam ||;PARTLY;+ sugama - dhṛ;"Gūḍhārthadīpikā" ŚGDīp zu ŚdhSaṃh, 2, 12, 226.2: 90 1 1;sugamam ||;PARTLY;+ sugama - dhṛ;"Ānandakanda" ĀK, 1, 4: 4 138 1;alambuṣāhimarucāmusalītumburor api |;PARTLY;+ api - dhṛ;"Ānandakanda" ĀK, 1, 17: 17 35 2;kūṣmāṇḍālāburunimbapatraphalāni ca ||;PARTLY;+ ca - dhṛ;"Ānandakanda" ĀK, 1, 19: 18 133 2;dīvyan pustamayīkāntāstanahastamukhacyutaiḥ ||;PARTLY;+ dīv - dhṛ;"Ānandakanda" ĀK, 2, 8: 33 52 2;saurāṣṭrapauṇḍrakauverākarasūpārakau tathā ||;PARTLY;+ tathā - dhṛ;"Prasannapadā" Prasannapadā zu MMadhKār, 1, 2.2: 1 11 0;yasmāt ||;PARTLY;+ yad - dhṛ;"Prasannapadā" Prasannapadā zu MMadhKār, 1, 3.2: 2 24 1;ucyate ||;PARTLY;+ vac - dhṛ;"Skandapurāṇa Revākhaṇḍa)" SkPur Rkh, 1, 1: 1 14 1;vedopavedavedāṅgādīnyabhivyasya pūritaḥ |;PARTLY;+ pūray - dhṛ;"Skandapurāṇa Revākhaṇḍa)" SkPur Rkh, 1, 220: 220 30 3;iti arvamantra ||;PARTLY;+ iti - dhṛ;"Viṃśatikāvṛtti" ViṃVṛtti zu ViṃKār, 1, 4.2: 7 4 0;ayogāt ||;PARTLY;+ ayoga - dhṛ;"Viṃśatikāvṛtti" ViṃVṛtti zu ViṃKār, 1, 10.2: 16 5 0;yasmāt ||;PARTLY;+ yasmāt - dhṛ;"Viṃśatikāvṛtti" ViṃVṛtti zu ViṃKār, 1, 11.2: 17 1 0;iti ||;PARTLY;+ iti - dhṛ;"Viṃśatikāvṛtti" ViṃVṛtti zu ViṃKār, 1, 11.2: 17 11 0;yasmāt ||;PARTLY;+ yasmāt - dhṛ;"Viṃśatikāvṛtti" ViṃVṛtti zu ViṃKār, 1, 16.2: 27 5 1;yasmāt ||;PARTLY;+ yasmāt - dhṛ;"Viṃśatikāvṛtti" ViṃVṛtti zu ViṃKār, 1, 17.1: 29 6 0;yasmāt ||;PARTLY;+ yasmāt - dhṛ;"Viṃśatikāvṛtti" ViṃVṛtti zu ViṃKār, 1, 18.1: 31 5 1;yasmāt ||;PARTLY;+ yasmāt - dhṛ;"Ratnadīpikā" Ratnadīpikā, 3: 3 21 2;tado savipavābhinnaṃ śarkarā naśunodbhavam ||;PARTLY;+ śarkarā - dhṛ;"Pāraskaragṛhyasūtra" Pāraskaragṛhyasūtra, 1, 5: 3 9 2;prajāpatir jayān indrāya vṛṣṇe prāyacchad ugraḥ pṛtanā jayeṣu |;PARTLY;+ prajāpati - dhṛ;"Pāraskaragṛhyasūtra" Pāraskaragṛhyasūtra, 1, 6: 4 3 4;sāmāham asmi ṛk tvaṃ dyaur ahaṃ pṛthivī tvaṃ tāv ehi vivahāvahai sahareto dadhāvahai prajāṃ prajanayāvahai putrān vindyāvahai bahūn te santu jaradaṣṭayaḥ saṃpriyau rociṣṇū sumanasyamānau paśyema śaradaḥ śataṃ jīvema śaradaḥ śataṃ śṛṇuyāma śaradaḥ śatam iti ||;PARTLY;+ iti - dhṛ;"Pāraskaragṛhyasūtra" Pāraskaragṛhyasūtra, 1, 7: 5 2 4;tām adya gāthāṃ gāsyāmi yā strīṇām uttamaṃ yaśa iti ||;PARTLY;+ iti - dhṛ;"Pāraskaragṛhyasūtra" Pāraskaragṛhyasūtra, 1, 8: 6 10 2;iho sahasradakṣiṇo yajña iha pūṣā niṣīdantv iti ||;PARTLY;+ iti - dhṛ;"Pāraskaragṛhyasūtra" Pāraskaragṛhyasūtra, 1, 8: 6 19 2;dhruvam asi dhruvaṃ tvā paśyāmi dhruvaidhipoṣye mayi mahyaṃ tvādādabṛhaspatim aryā patyā prajāvatī saṃjīva śaradaḥ śatam iti ||;PARTLY;+ iti - dhṛ;"Pāraskaragṛhyasūtra" Pāraskaragṛhyasūtra, 1, 10: 8 4 1;prāyaścittiḥ ||;PARTLY;+ prāyaścitti - dhṛ;"Pāraskaragṛhyasūtra" Pāraskaragṛhyasūtra, 1, 11: 9 4 2;yāte patighnī prajāghnī paśughnī gṛhaghnī yaśoghnī ninditā tanūr jāraghnīṃ tata enāṃ karomi sā jīrya tvaṃ mayā sahāsāv iti ||;PARTLY;+ iti - dhṛ;"Pāraskaragṛhyasūtra" Pāraskaragṛhyasūtra, 1, 11: 9 9 3;vedāhaṃ tan māṃ tad vidyāt paśyema śaradaḥ śataṃ jīvema śaradaḥ śataṃ śṛṇuyāma śaradaḥ śatam iti ||;PARTLY;+ iti - dhṛ;"Hiraṇyakeśigṛhyasūtra" Hiraṇyakeśigṛhyasūtra, 1, 20: 1 4 4;iti ||;PARTLY;+ iti - dhṛ;"Hiraṇyakeśigṛhyasūtra" Hiraṇyakeśigṛhyasūtra, 1, 20: 1 7 4;svāhā |;PARTLY;+ svāhā - dhṛ;"Hiraṇyakeśigṛhyasūtra" Hiraṇyakeśigṛhyasūtra, 1, 20: 1 7 7;svāhā |;PARTLY;+ svāhā - dhṛ;"Hiraṇyakeśigṛhyasūtra" Hiraṇyakeśigṛhyasūtra, 1, 20: 1 7 10;svāhā |;PARTLY;+ svāhā - dhṛ;"Hiraṇyakeśigṛhyasūtra" Hiraṇyakeśigṛhyasūtra, 1, 20: 1 7 13;svāhā |;PARTLY;+ svāhā - dhṛ;"Hiraṇyakeśigṛhyasūtra" Hiraṇyakeśigṛhyasūtra, 1, 20: 1 7 16;svāhā |;PARTLY;+ svāhā - dhṛ;"Hiraṇyakeśigṛhyasūtra" Hiraṇyakeśigṛhyasūtra, 1, 20: 1 7 19;svāhā |;PARTLY;+ svāhā - dhṛ;"Hiraṇyakeśigṛhyasūtra" Hiraṇyakeśigṛhyasūtra, 1, 20: 1 7 20;iti ||;PARTLY;+ iti - dhṛ;"Hiraṇyakeśigṛhyasūtra" Hiraṇyakeśigṛhyasūtra, 1, 20: 1 8 6;prajāpate |;PARTLY;+ prajāpati - dhṛ;"Hiraṇyakeśigṛhyasūtra" Hiraṇyakeśigṛhyasūtra, 1, 20: 1 8 10;iti ||;PARTLY;+ iti - dhṛ;"Hiraṇyakeśigṛhyasūtra" Hiraṇyakeśigṛhyasūtra, 1, 21: 2 1 8;iti ||;PARTLY;+ iti - dhṛ;"Hiraṇyakeśigṛhyasūtra" Hiraṇyakeśigṛhyasūtra, 1, 21: 2 2 13;iti ||;PARTLY;+ iti - dhṛ;"Hiraṇyakeśigṛhyasūtra" Hiraṇyakeśigṛhyasūtra, 1, 21: 2 3 4;iti ||;PARTLY;+ iti - dhṛ;"Hiraṇyakeśigṛhyasūtra" Hiraṇyakeśigṛhyasūtra, 1, 21: 2 4 1;abhighārya |;PARTLY;+ abhighāray - dhṛ;"Hiraṇyakeśigṛhyasūtra" Hiraṇyakeśigṛhyasūtra, 1, 21: 2 4 4;svāhā |;PARTLY;+ svāhā - dhṛ;"Hiraṇyakeśigṛhyasūtra" Hiraṇyakeśigṛhyasūtra, 1, 21: 2 5 4;atigāhemahi dviṣaḥ |;PARTLY;+ atigāh - dhṛ;"Hiraṇyakeśigṛhyasūtra" Hiraṇyakeśigṛhyasūtra, 1, 21: 2 10 3;iti ||;PARTLY;+ iti - dhṛ;"Hiraṇyakeśigṛhyasūtra" Hiraṇyakeśigṛhyasūtra, 1, 22: 3 1 8;iti ||;PARTLY;+ iti - dhṛ;"Hiraṇyakeśigṛhyasūtra" Hiraṇyakeśigṛhyasūtra, 1, 23: 4 6 3;iti ||;PARTLY;+ iti - dhṛ;"Hiraṇyakeśigṛhyasūtra" Hiraṇyakeśigṛhyasūtra, 1, 23: 4 9 5;iti ||;PARTLY;+ iti - dhṛ;"Hiraṇyakeśigṛhyasūtra" Hiraṇyakeśigṛhyasūtra, 1, 24: 5 1 12;iti ||;PARTLY;+ iti - dhṛ;"Hiraṇyakeśigṛhyasūtra" Hiraṇyakeśigṛhyasūtra, 1, 24: 5 8 4;iti ||;PARTLY;+ iti - dhṛ;"Khādiragṛhyasūtra" KhGṛS, 2, 1: 3 21 0;abhighārya pratyanaktyavadānasthānāni ||;PARTLY;+ abhighāray - dhṛ;"Khādiragṛhyasūtra" KhGṛS, 2, 3: 5 3 0;tiṣṭhet ||;PARTLY;+ sthā - dhṛ;"Khādiragṛhyasūtra" KhGṛS, 2, 3: 5 4 0;avasiñcet ||;PARTLY;+ avasic - dhṛ;"Khādiragṛhyasūtra" KhGṛS, 2, 3: 5 5 0;tūṣṇīm ||;PARTLY;+ tūṣṇīm - dhṛ;"Khādiragṛhyasūtra" KhGṛS, 2, 3: 5 9 0;abhimṛśet ||;PARTLY;+ abhimṛś - dhṛ;"Khādiragṛhyasūtra" KhGṛS, 2, 3: 5 11 0;mātre ||;PARTLY;+ mātṛ - dhṛ;"Khādiragṛhyasūtra" KhGṛS, 2, 3: 5 12 0;ākhyāya ||;PARTLY;+ ākhyā - dhṛ;"Khādiragṛhyasūtra" KhGṛS, 2, 3: 5 14 0;abhijighret ||;PARTLY;+ abhighrā - dhṛ;"Khādiragṛhyasūtra" KhGṛS, 2, 3: 5 18 0;uttarataḥ ||;PARTLY;+ uttaratas - dhṛ;"Khādiragṛhyasūtra" KhGṛS, 2, 3: 5 19 0;ādāya ||;PARTLY;+ ādā - dhṛ;"Khādiragṛhyasūtra" KhGṛS, 2, 3: 5 28 0;ca ||;PARTLY;+ ca - dhṛ;"Khādiragṛhyasūtra" KhGṛS, 2, 3: 5 30 0;udaṅṅuutsṛpya kuśalīkārayed kuśalīkārayed yathāgotrakulakalpam ||;PARTLY;+ yathāgotrakulakalpam - dhṛ;"Khādiragṛhyasūtra" KhGṛS, 2, 3: 5 30 0;yathāgotrakulakalpam ||;PARTLY;+ yathāgotrakulakalpam - dhṛ;"Khādiragṛhyasūtra" KhGṛS, 2, 3: 5 31 0;nikhaneyuḥ ||;PARTLY;+ nikhan - dhṛ;"Khādiragṛhyasūtra" KhGṛS, 2, 3: 5 32 0;eke ||;PARTLY;+ eka - dhṛ;"Khādiragṛhyasūtra" KhGṛS, 2, 3: 5 33 0;dakṣiṇā ||;PARTLY;+ dakṣiṇā - dhṛ;"Khādiragṛhyasūtra" KhGṛS, 2, 4: 6 1 0;upanayet ||;PARTLY;+ upanī - dhṛ;"Khādiragṛhyasūtra" KhGṛS, 2, 4: 6 4 0;tasyā dvāviṃśāt ||;PARTLY;+ dvāviṁśa - dhṛ;"Khādiragṛhyasūtra" KhGṛS, 2, 4: 6 6 0;tasyā caturviṃśāt ||;PARTLY;+ caturviṁśa - dhṛ;"Khādiragṛhyasūtra" KhGṛS, 2, 4: 6 12 0;asmīti ||;PARTLY;+ as - dhṛ;"Khādiragṛhyasūtra" KhGṛS, 2, 4: 6 12 0;asmīti ||;PARTLY;+ iti - dhṛ;"Khādiragṛhyasūtra" KhGṛS, 2, 4: 6 12 0;asmīti ||;PARTLY;+ iti - dhṛ;"Khādiragṛhyasūtra" KhGṛS, 2, 4: 6 13 0;ācāryaḥ ||;PARTLY;+ ācārya - dhṛ;"Khādiragṛhyasūtra" KhGṛS, 2, 4: 6 14 0;āvartayet ||;PARTLY;+ āvartay - dhṛ;"Khādiragṛhyasūtra" KhGṛS, 2, 4: 6 15 0;iti ||;PARTLY;+ iti - dhṛ;"Khādiragṛhyasūtra" KhGṛS, 2, 4: 6 19 0;asīti ||;PARTLY;+ as - dhṛ;"Khādiragṛhyasūtra" KhGṛS, 2, 4: 6 19 0;asīti ||;PARTLY;+ iti - dhṛ;"Khādiragṛhyasūtra" KhGṛS, 2, 4: 6 19 0;asīti ||;PARTLY;+ iti - dhṛ;"Khādiragṛhyasūtra" KhGṛS, 2, 4: 6 20 0;iti ||;PARTLY;+ iti - dhṛ;"Khādiragṛhyasūtra" KhGṛS, 2, 4: 6 21 0;upasīdet ||;PARTLY;+ upasad - dhṛ;"Khādiragṛhyasūtra" KhGṛS, 2, 4: 6 23 0;caikaikaśaḥ ||;PARTLY;+ ca - dhṛ;"Khādiragṛhyasūtra" KhGṛS, 2, 4: 6 23 0;caikaikaśaḥ ||;PARTLY;+ ekaikaśas - dhṛ;"Khādiragṛhyasūtra" KhGṛS, 2, 4: 6 23 0;caikaikaśaḥ ||;PARTLY;+ ekaikaśas - dhṛ;"Khādiragṛhyasūtra" KhGṛS, 2, 4: 6 27 0;iti ||;PARTLY;+ iti - dhṛ;"Khādiragṛhyasūtra" KhGṛS, 2, 4: 6 29 0;agre ||;PARTLY;+ agre - dhṛ;"Khādiragṛhyasūtra" KhGṛS, 2, 4: 6 30 0;athānyās suhṛdaḥ ||;PARTLY;+ suhṛd - dhṛ;"Khādiragṛhyasūtra" KhGṛS, 2, 4: 6 30 0;suhṛdaḥ ||;PARTLY;+ suhṛd - dhṛ;"Khādiragṛhyasūtra" KhGṛS, 2, 4: 6 32 0;tūṣṇīṃ ||;PARTLY;+ tūṣṇīm - dhṛ;"Khādiragṛhyasūtra" KhGṛS, 2, 5: 7 1 0;kalpaḥ ||;PARTLY;+ kalpa - dhṛ;"Khādiragṛhyasūtra" KhGṛS, 2, 5: 7 6 0;upanayanam ||;PARTLY;+ upanayana - dhṛ;"Khādiragṛhyasūtra" KhGṛS, 2, 5: 7 8 0;ahatam ||;PARTLY;+ ahata - dhṛ;"Khādiragṛhyasūtra" KhGṛS, 2, 5: 7 13 0;skandet ||;PARTLY;+ skand - dhṛ;"Khādiragṛhyasūtra" KhGṛS, 2, 5: 7 14 0;ārohet ||;PARTLY;+ āruh - dhṛ;"Khādiragṛhyasūtra" KhGṛS, 2, 5: 7 16 0;mekhalādhāraṇabhaikṣacaryadaṇḍasamidādhānopasparśanaprātarabhivādā nityam ||;PARTLY;+ nitya - dhṛ;"Khādiragṛhyasūtra" KhGṛS, 2, 5: 7 17 0;godānavrātikādityavrataupaniṣadajyeṣṭhasāmikās saṃvatsarāḥ ||;PARTLY;+ saṁvatsara - dhṛ;"Khādiragṛhyasūtra" KhGṛS, 2, 5: 7 17 0;saṃvatsarāḥ ||;PARTLY;+ saṁvatsara - dhṛ;"Khādiragṛhyasūtra" KhGṛS, 2, 5: 7 18 0;ekeṣām ||;PARTLY;+ eka - dhṛ;"Khādiragṛhyasūtra" KhGṛS, 2, 5: 7 26 0;divā ||;PARTLY;+ divā - dhṛ;"Khādiragṛhyasūtra" KhGṛS, 2, 5: 7 28 0;cet ||;PARTLY;+ ced - dhṛ;"Khādiragṛhyasūtra" KhGṛS, 2, 5: 7 29 0;upoṣitāya pariṇaddhākṣāyānugāpayet ||;PARTLY;+ upavas - dhṛ;"Khādiragṛhyasūtra" KhGṛS, 2, 5: 7 30 0;ādityam ||;PARTLY;+ āditya - dhṛ;"Khādiragṛhyasūtra" KhGṛS, 2, 5: 7 31 0;vācam ||;PARTLY;+ vāc - dhṛ;"Khādiragṛhyasūtra" KhGṛS, 2, 5: 7 32 0;dakṣiṇā ||;PARTLY;+ dakṣiṇā - dhṛ;"Khādiragṛhyasūtra" KhGṛS, 2, 5: 7 33 0;ca ||;PARTLY;+ ca - dhṛ;"Khādiragṛhyasūtra" KhGṛS, 3, 1: 8 32 0;nājātalomyopahāsam icchet ||;PARTLY;+ iṣ - dhṛ;"Khādiragṛhyasūtra" KhGṛS, 3, 1: 9 32 0;nājātalomyopahāsam icchet ||;PARTLY;+ iṣ - dhṛ;"Āpastambagṛhyasūtra" ĀpGṛSū, 1: 1 4 1;pradakṣiṇam ||;PARTLY;+ pradakṣiṇam - dhṛ;"Āpastambagṛhyasūtra" ĀpGṛSū, 1: 1 8 1;prācīnāvītinā ||;PARTLY;+ prācīnāvītin - dhṛ;"Āpastambagṛhyasūtra" ĀpGṛSū, 1: 1 9 1;prasavyam ||;PARTLY;+ prasavya - dhṛ;"Āpastambagṛhyasūtra" ĀpGṛSū, 4: 3 2 1;phalgunībhyāṃ vyūhyate ||;PARTLY;+ phalgunī - dhṛ;"Āpastambagṛhyasūtra" ĀpGṛSū, 6: 5 9 1;āsthāpanam ||;PARTLY;+ āsthāpana - dhṛ;"Āpastambagṛhyasūtra" ĀpGṛSū, 6: 5 15 1;nityaḥ ||;PARTLY;+ nitya - dhṛ;"Āpastambagṛhyasūtra" ĀpGṛSū, 6: 5 16 1;dhāryaḥ ||;PARTLY;+ dhāray - dhṛ;"Āśvalāyanagṛhyasūtra" ĀśGS, 1, 7: 7 18 1;uttarām uttarayā ||;PARTLY;+ uttara - dhṛ;"Āśvalāyanagṛhyasūtra" ĀśGS, 1, 11: 11 6 1;āvṛtaiva kumāryai ||;PARTLY;+ kumārī - dhṛ;"Vetālapañcaviṃśatikā" VetPV, 7: 2 11 2;te ||;PARTLY;+ tvad - dhṛ;"Vetālapañcaviṃśatikā" VetPV, 7: 2 11 2;yathepsitam |;PARTLY;+ īpsay - dhṛ;"Rasaratnasamuccayaṭīkā" RRSṬīkā zu RRS, 3, 149: 24 3 3;iti ||;PARTLY;+ iti - dhṛ;"Rasaratnasamuccayaṭīkā" RRSṬīkā zu RRS, 4, 34.2: 33 7 0;jalagarbhatā ||;PARTLY;+ jalagarbhatā - dhṛ;"Rasaratnasamuccayaṭīkā" RRSṬīkā zu RRS, 5, 8.2: 35 8 0;iti ||;PARTLY;+ iti - dhṛ;"Rasaratnasamuccayaṭīkā" RRSṬīkā zu RRS, 5, 9.2: 36 2 0;girīṇām ||;PARTLY;+ giri - dhṛ;"Rasaratnasamuccayaṭīkā" RRSṬīkā zu RRS, 8, 5.2: 55 2 4;iti ||;PARTLY;+ iti - dhṛ;"Rasaratnasamuccayaṭīkā" RRSṬīkā zu RRS, 8, 26.2: 66 10 0;iti ||;PARTLY;+ iti - dhṛ;"Rasaratnasamuccayaṭīkā" RRSṬīkā zu RRS, 8, 31.2: 71 5 0;iti ||;PARTLY;+ iti - dhṛ;"Rasaratnasamuccayaṭīkā" RRSṬīkā zu RRS, 8, 51.2: 82 9 0;iti ||;PARTLY;+ iti - dhṛ;"Rasaratnasamuccayaṭīkā" RRSṬīkā zu RRS, 8, 52.2: 83 4 0;iti ||;PARTLY;+ iti - dhṛ;"Rasaratnasamuccayaṭīkā" RRSṬīkā zu RRS, 8, 52.2: 83 13 0;iti ||;PARTLY;+ iti - dhṛ;"Rasaratnasamuccayaṭīkā" RRSṬīkā zu RRS, 8, 54.2: 85 3 0;iti ||;PARTLY;+ iti - dhṛ;"Rasaratnasamuccayaṭīkā" RRSṬīkā zu RRS, 8, 54.2: 85 4 1;tathā |;PARTLY;+ tathā - dhṛ;"Rasaratnasamuccayaṭīkā" RRSṬīkā zu RRS, 8, 54.2: 85 5 0;iti ||;PARTLY;+ iti - dhṛ;"Rasaratnasamuccayaṭīkā" RRSṬīkā zu RRS, 8, 62.2: 86 10 0;iti ||;PARTLY;+ iti - dhṛ;"Rasaratnasamuccayaṭīkā" RRSṬīkā zu RRS, 8, 62.2: 86 16 0;iti ||;PARTLY;+ iti - dhṛ;"Rasaratnasamuccayaṭīkā" RRSṬīkā zu RRS, 8, 87.2: 104 7 1;yathā |;PARTLY;+ yathā - dhṛ;"Rasaratnasamuccayaṭīkā" RRSṬīkā zu RRS, 8, 87.2: 104 8 1;tathā |;PARTLY;+ tathā - dhṛ;"Rasaratnasamuccayaṭīkā" RRSṬīkā zu RRS, 8, 87.2: 104 10 1;tathā |;PARTLY;+ tathā - dhṛ;"Rasaratnasamuccayaṭīkā" RRSṬīkā zu RRS, 8, 88.2: 105 5 0;iti ||;PARTLY;+ iti - dhṛ;"Rasaratnasamuccayaṭīkā" RRSṬīkā zu RRS, 9, 8.3: 114 3 0;katham ||;PARTLY;+ katham - dhṛ;"Rasaratnasamuccayaṭīkā" RRSṬīkā zu RRS, 9, 16.3: 118 12 0;iti ||;PARTLY;+ iti - dhṛ;"Rasaratnasamuccayaṭīkā" RRSṬīkā zu RRS, 9, 25.2: 119 9 0;nirundhyāt ||;PARTLY;+ nirudh - dhṛ;"Rasaratnasamuccayaṭīkā" RRSṬīkā zu RRS, 9, 26.2: 120 10 2;iti ||;PARTLY;+ iti - dhṛ;"Rasaratnasamuccayaṭīkā" RRSṬīkā zu RRS, 9, 26.2: 120 14 0;iti ||;PARTLY;+ iti - dhṛ;"Rasaratnasamuccayaṭīkā" RRSṬīkā zu RRS, 9, 30.2: 121 10 0;iti ||;PARTLY;+ iti - dhṛ;"Rasaratnasamuccayaṭīkā" RRSṬīkā zu RRS, 9, 43.2: 126 7 2;iti ||;PARTLY;+ iti - dhṛ;"Rasaratnasamuccayaṭīkā" RRSṬīkā zu RRS, 9, 46.3: 127 8 0;iti ||;PARTLY;+ iti - dhṛ;"Rasaratnasamuccayaṭīkā" RRSṬīkā zu RRS, 10, 16.3: 144 8 0;iti ||;PARTLY;+ iti - dhṛ;"Rasaratnasamuccayaṭīkā" RRSṬīkā zu RRS, 10, 25.2: 148 6 3;iti ||;PARTLY;+ iti - dhṛ;"Rasaratnasamuccayaṭīkā" RRSṬīkā zu RRS, 10, 38.2: 156 27 4;iti ||;PARTLY;+ iti - dhṛ;"Rasaratnasamuccayaṭīkā" RRSṬīkā zu RRS, 10, 64.2: 168 5 2;iti ||;PARTLY;+ iti - dhṛ;"Rasaratnasamuccayaṭīkā" RRSṬīkā zu RRS, 11, 71.2: 179 3 0;iti ||;PARTLY;+ iti - dhṛ;"Rasaratnasamuccayaṭīkā" RRSṬīkā zu RRS, 11, 71.2: 179 11 0;iti ||;PARTLY;+ iti - dhṛ;"Baudhāyanagṛhyasūtra" BaudhGS, 1, 0: 1 14 2;asmākam indra ubhayaṃ jujoṣati yat saumyasyāndhaso bubodhati iti ||;PARTLY;+ iti - dhṛ;"Viṣṇusmṛti" ViSmṛ, 3: 3 20 1;ugrān ugreṣu ||;PARTLY;+ ugra - dhṛ;"Viṣṇusmṛti" ViSmṛ, 5: 5 176 1;madhyameṣu madhyamam ||;PARTLY;+ madhyama - dhṛ;"Viṣṇusmṛti" ViSmṛ, 18: 18 30 1;vaiśyasya vaiśyaḥ ||;PARTLY;+ vaiśya - dhṛ;"Viṣṇusmṛti" ViSmṛ, 18: 18 31 1;śūdraḥ śūdrasya ||;PARTLY;+ śūdra - dhṛ;"Viṣṇusmṛti" ViSmṛ, 28: 28 28 1;ṛte śilāphalakanauyānebhyaḥ ||;PARTLY;+ ṛte - dhṛ;"Viṣṇusmṛti" ViSmṛ, 30: 30 18 1;na hastyaśvoṣṭranaugoyāneṣu ||;PARTLY;+ na - dhṛ;"Viṣṇusmṛti" ViSmṛ, 37: 37 16 1;parivedanam ||;PARTLY;+ parivedana - dhṛ;"Viṣṇusmṛti" ViSmṛ, 38: 38 3 1;jaihmyam ||;PARTLY;+ jaihmya - dhṛ;"Viṣṇusmṛti" ViSmṛ, 43: 43 2 1;tāmisram ||;PARTLY;+ tāmisra - dhṛ;"Viṣṇusmṛti" ViSmṛ, 43: 43 3 1;andhatāmisram ||;PARTLY;+ andhatāmisra - dhṛ;"Viṣṇusmṛti" ViSmṛ, 43: 43 4 1;rauravam ||;PARTLY;+ raurava - dhṛ;"Viṣṇusmṛti" ViSmṛ, 43: 43 5 1;mahārauravam ||;PARTLY;+ mahāraurava - dhṛ;"Viṣṇusmṛti" ViSmṛ, 43: 43 6 1;kālasūtram ||;PARTLY;+ kālasūtra - dhṛ;"Viṣṇusmṛti" ViSmṛ, 43: 43 7 1;mahānarakam ||;PARTLY;+ mahānaraka - dhṛ;"Viṣṇusmṛti" ViSmṛ, 43: 43 8 1;saṃjīvanam ||;PARTLY;+ saṁjīvana - dhṛ;"Viṣṇusmṛti" ViSmṛ, 43: 43 9 1;avīci ||;PARTLY;+ avīci - dhṛ;"Viṣṇusmṛti" ViSmṛ, 43: 43 10 1;tapanam ||;PARTLY;+ tapana - dhṛ;"Viṣṇusmṛti" ViSmṛ, 43: 43 11 1;saṃpratāpanam ||;PARTLY;+ sampratāpana - dhṛ;"Viṣṇusmṛti" ViSmṛ, 43: 43 12 1;saṃghātakam ||;PARTLY;+ saṁghātaka - dhṛ;"Viṣṇusmṛti" ViSmṛ, 43: 43 13 1;kākolam ||;PARTLY;+ kākola - dhṛ;"Viṣṇusmṛti" ViSmṛ, 43: 43 14 1;kuḍmalam ||;PARTLY;+ kuḍmala - dhṛ;"Viṣṇusmṛti" ViSmṛ, 43: 43 15 1;pūtimṛttikam ||;PARTLY;+ pūtimṛttika - dhṛ;"Viṣṇusmṛti" ViSmṛ, 43: 43 16 1;lohaśaṅkuḥ ||;PARTLY;+ lohaśaṅku - dhṛ;"Viṣṇusmṛti" ViSmṛ, 43: 43 17 1;ṛbīsam ||;PARTLY;+ ṛbīsa - dhṛ;"Viṣṇusmṛti" ViSmṛ, 43: 43 18 1;viṣamapanthāḥ ||;PARTLY;+ viṣamapath - dhṛ;"Viṣṇusmṛti" ViSmṛ, 43: 43 19 1;kaṇṭakaśālmaliḥ ||;PARTLY;+ kaṇṭakaśālmali - dhṛ;"Viṣṇusmṛti" ViSmṛ, 43: 43 20 1;dīpanadī ||;PARTLY;+ dīpanadī - dhṛ;"Viṣṇusmṛti" ViSmṛ, 43: 43 21 1;asipatravanam ||;PARTLY;+ asipattravana - dhṛ;"Viṣṇusmṛti" ViSmṛ, 44: 44 24 1;lavaṇaṃ cīvivāk ||;PARTLY;+ lavaṇa - dhṛ;"Viṣṇusmṛti" ViSmṛ, 56: 56 3 1;aghamarṣaṇam ||;PARTLY;+ aghamarṣaṇa - dhṛ;"Viṣṇusmṛti" ViSmṛ, 56: 56 4 1;devakṛtam ||;PARTLY;+ devakṛta - dhṛ;"Viṣṇusmṛti" ViSmṛ, 56: 56 5 1;śuddhavatyaḥ ||;PARTLY;+ śuddhavatī - dhṛ;"Viṣṇusmṛti" ViSmṛ, 56: 56 6 1;taratsamandīyam ||;PARTLY;+ taratsamandīya - dhṛ;"Viṣṇusmṛti" ViSmṛ, 56: 56 7 1;kūśmāṇḍyaḥ ||;PARTLY;+ kūṣmāṇḍa - dhṛ;"Viṣṇusmṛti" ViSmṛ, 56: 56 8 1;pāvamānyaḥ ||;PARTLY;+ pāvamāna - dhṛ;"Viṣṇusmṛti" ViSmṛ, 56: 56 9 1;durgāsāvitrī ||;PARTLY;+ durgāsāvitrī - dhṛ;"Viṣṇusmṛti" ViSmṛ, 56: 56 10 1;atīṣaṅgāḥ ||;PARTLY;+ atīṣaṅga - dhṛ;"Viṣṇusmṛti" ViSmṛ, 56: 56 11 1;padastomāḥ ||;PARTLY;+ padastoma - dhṛ;"Viṣṇusmṛti" ViSmṛ, 56: 56 13 1;bhāruṇḍāṇi ||;PARTLY;+ bhāruṇḍa - dhṛ;"Viṣṇusmṛti" ViSmṛ, 56: 56 14 1;candrasāma ||;PARTLY;+ candrasāman - dhṛ;"Viṣṇusmṛti" ViSmṛ, 56: 56 16 1;abliṅgam ||;PARTLY;+ abliṅga - dhṛ;"Viṣṇusmṛti" ViSmṛ, 56: 56 17 1;bārhaspatyam ||;PARTLY;+ bārhaspatya - dhṛ;"Viṣṇusmṛti" ViSmṛ, 56: 56 18 1;gosūktam ||;PARTLY;+ gosūkta - dhṛ;"Viṣṇusmṛti" ViSmṛ, 56: 56 19 1;aśvasūktam ||;PARTLY;+ aśvasūkta - dhṛ;"Viṣṇusmṛti" ViSmṛ, 56: 56 21 1;śatarudriyam ||;PARTLY;+ śatarudriya - dhṛ;"Viṣṇusmṛti" ViSmṛ, 56: 56 22 1;atharvaśiraḥ ||;PARTLY;+ atharvaśiras - dhṛ;"Viṣṇusmṛti" ViSmṛ, 56: 56 23 1;trisuparṇam ||;PARTLY;+ trisuparṇa - dhṛ;"Viṣṇusmṛti" ViSmṛ, 56: 56 24 1;mahāvratam ||;PARTLY;+ mahāvrata - dhṛ;"Viṣṇusmṛti" ViSmṛ, 56: 56 25 1;nārāyaṇīyam ||;PARTLY;+ nārāyaṇīya - dhṛ;"Viṣṇusmṛti" ViSmṛ, 57: 57 2 1;vrātyāḥ ||;PARTLY;+ vrātya - dhṛ;"Viṣṇusmṛti" ViSmṛ, 57: 57 3 1;patitāḥ ||;PARTLY;+ patita - dhṛ;"Viṣṇusmṛti" ViSmṛ, 71: 71 16 1;raukme ca kuṇḍale ||;PARTLY;+ ca - dhṛ;"Viṣṇusmṛti" ViSmṛ, 77: 77 4 1;vyatīpātaḥ ||;PARTLY;+ vyatīpāta - dhṛ;"Viṣṇusmṛti" ViSmṛ, 82: 82 5 1;baiḍālavratikān ||;PARTLY;+ baiḍālavratika - dhṛ;"Viṣṇusmṛti" ViSmṛ, 82: 82 6 1;vṛthāliṅginaḥ ||;PARTLY;+ vṛthāliṅgin - dhṛ;"Viṣṇusmṛti" ViSmṛ, 82: 82 9 1;cikitsakān ||;PARTLY;+ cikitsaka - dhṛ;"Viṣṇusmṛti" ViSmṛ, 82: 82 16 1;vrātyān ||;PARTLY;+ vrātya - dhṛ;"Viṣṇusmṛti" ViSmṛ, 82: 82 19 1;sūcakān ||;PARTLY;+ sūcaka - dhṛ;"Viṣṇusmṛti" ViSmṛ, 82: 82 24 1;anadhīyānān ||;PARTLY;+ anadhīyāna - dhṛ;"Viṣṇusmṛti" ViSmṛ, 82: 82 27 1;nagnān ||;PARTLY;+ nagna - dhṛ;"Viṣṇusmṛti" ViSmṛ, 83: 83 2 1;triṇāciketaḥ ||;PARTLY;+ triṇāciketa - dhṛ;"Viṣṇusmṛti" ViSmṛ, 83: 83 5 1;vedapāragaḥ ||;PARTLY;+ vedapāraga - dhṛ;"Viṣṇusmṛti" ViSmṛ, 83: 83 16 1;trisuparṇaḥ ||;PARTLY;+ trisuparṇa - dhṛ;"Viṣṇusmṛti" ViSmṛ, 83: 83 17 1;jāmātā ||;PARTLY;+ jāmātṛ - dhṛ;"Viṣṇusmṛti" ViSmṛ, 85: 85 5 1;vaṭe ||;PARTLY;+ vaṭa - dhṛ;"Viṣṇusmṛti" ViSmṛ, 85: 85 7 1;varāhaparvate ||;PARTLY;+ varāhaparvata - dhṛ;"Viṣṇusmṛti" ViSmṛ, 85: 85 11 1;kuśāvarte ||;PARTLY;+ kuśāvarta - dhṛ;"Viṣṇusmṛti" ViSmṛ, 85: 85 12 1;binduke ||;PARTLY;+ binduka - dhṛ;"Viṣṇusmṛti" ViSmṛ, 85: 85 13 1;nīlaparvate ||;PARTLY;+ nīlaparvata - dhṛ;"Viṣṇusmṛti" ViSmṛ, 85: 85 14 1;kanakhale ||;PARTLY;+ kanakhala - dhṛ;"Viṣṇusmṛti" ViSmṛ, 85: 85 15 1;kubjāmre ||;PARTLY;+ kubjāmra - dhṛ;"Viṣṇusmṛti" ViSmṛ, 85: 85 16 1;bhṛgutuṅge ||;PARTLY;+ bhṛgutuṅga - dhṛ;"Viṣṇusmṛti" ViSmṛ, 85: 85 17 1;kedāre ||;PARTLY;+ kedāra - dhṛ;"Viṣṇusmṛti" ViSmṛ, 85: 85 18 1;mahālaye ||;PARTLY;+ mahālaya - dhṛ;"Viṣṇusmṛti" ViSmṛ, 85: 85 19 1;naḍantikāyām ||;PARTLY;+ naḍantikā - dhṛ;"Viṣṇusmṛti" ViSmṛ, 85: 85 20 1;sugandhāyām ||;PARTLY;+ sugandhā - dhṛ;"Viṣṇusmṛti" ViSmṛ, 85: 85 21 1;śākaṃbharyām ||;PARTLY;+ śākambharī - dhṛ;"Viṣṇusmṛti" ViSmṛ, 85: 85 22 1;phalgutīrthe ||;PARTLY;+ phalgutīrtha - dhṛ;"Viṣṇusmṛti" ViSmṛ, 85: 85 23 1;mahāgaṅgāyām ||;PARTLY;+ mahāgaṅgā - dhṛ;"Viṣṇusmṛti" ViSmṛ, 85: 85 24 1;trihalikāgrāme ||;PARTLY;+ trihalikāgrāma - dhṛ;"Viṣṇusmṛti" ViSmṛ, 85: 85 25 1;kumāradhārāyām ||;PARTLY;+ kumāradhārā - dhṛ;"Viṣṇusmṛti" ViSmṛ, 85: 85 26 1;prabhāse ||;PARTLY;+ prabhāsa - dhṛ;"Viṣṇusmṛti" ViSmṛ, 85: 85 28 1;gaṅgādvāre ||;PARTLY;+ gaṅgādvāra - dhṛ;"Viṣṇusmṛti" ViSmṛ, 85: 85 34 1;kaṇvāśrame ||;PARTLY;+ kaṇvāśrama - dhṛ;"Viṣṇusmṛti" ViSmṛ, 85: 85 35 1;kauśikyām ||;PARTLY;+ kauśikī - dhṛ;"Viṣṇusmṛti" ViSmṛ, 85: 85 38 1;śrīparvate ||;PARTLY;+ śrīparvata - dhṛ;"Viṣṇusmṛti" ViSmṛ, 85: 85 39 1;kālodake ||;PARTLY;+ kālodaka - dhṛ;"Viṣṇusmṛti" ViSmṛ, 85: 85 40 1;uttaramānase ||;PARTLY;+ uttaramānasa - dhṛ;"Viṣṇusmṛti" ViSmṛ, 85: 85 41 1;baḍabāyām ||;PARTLY;+ vaḍabā - dhṛ;"Viṣṇusmṛti" ViSmṛ, 85: 85 43 1;saptārṣe ||;PARTLY;+ saptārṣa - dhṛ;"Viṣṇusmṛti" ViSmṛ, 85: 85 44 1;viṣṇupade ||;PARTLY;+ viṣṇupada - dhṛ;"Viṣṇusmṛti" ViSmṛ, 85: 85 46 1;godāvaryām ||;PARTLY;+ godāvarī - dhṛ;"Viṣṇusmṛti" ViSmṛ, 85: 85 47 1;gomatyām ||;PARTLY;+ gomatī - dhṛ;"Viṣṇusmṛti" ViSmṛ, 85: 85 48 1;vetravatyām ||;PARTLY;+ vetravatī - dhṛ;"Viṣṇusmṛti" ViSmṛ, 85: 85 49 1;vipāśāyām ||;PARTLY;+ vipāśā - dhṛ;"Viṣṇusmṛti" ViSmṛ, 85: 85 50 1;vitastāyām ||;PARTLY;+ vitastā - dhṛ;"Viṣṇusmṛti" ViSmṛ, 85: 85 52 1;candrabhāgāyām ||;PARTLY;+ candrabhāgā - dhṛ;"Viṣṇusmṛti" ViSmṛ, 85: 85 53 1;irāvatyām ||;PARTLY;+ irāvatī - dhṛ;"Viṣṇusmṛti" ViSmṛ, 85: 85 56 1;ausaje ||;PARTLY;+ ausaja - dhṛ;"Viṣṇusmṛti" ViSmṛ, 85: 85 60 1;pulineṣu ||;PARTLY;+ pulina - dhṛ;"Viṣṇusmṛti" ViSmṛ, 85: 85 61 1;prasravaṇeṣu ||;PARTLY;+ prasravaṇa - dhṛ;"Viṣṇusmṛti" ViSmṛ, 85: 85 62 1;parvateṣu ||;PARTLY;+ parvata - dhṛ;"Viṣṇusmṛti" ViSmṛ, 85: 85 63 1;nikuñjeṣu ||;PARTLY;+ nikuñja - dhṛ;"Viṣṇusmṛti" ViSmṛ, 85: 85 64 1;vaneṣu ||;PARTLY;+ vana - dhṛ;"Viṣṇusmṛti" ViSmṛ, 85: 85 65 1;upavaneṣu ||;PARTLY;+ upavana - dhṛ;"Viṣṇusmṛti" ViSmṛ, 85: 85 67 1;manojñeṣu ||;PARTLY;+ manojña - dhṛ;"Viṣṇusmṛti" ViSmṛ, 86: 86 6 1;nīlam ||;PARTLY;+ nīla - dhṛ;"Viṣṇusmṛti" ViSmṛ, 95: 95 13 1;aśmakuṭṭaḥ ||;PARTLY;+ aśmakuṭṭa - dhṛ;"Viṣṇusmṛti" ViSmṛ, 96: 96 22 1;nirnamaskāraḥ ||;PARTLY;+ nirnamaskāra - dhṛ;"Viṣṇusmṛti" ViSmṛ, 96: 96 53 1;rajasvalam ||;PARTLY;+ rajasvala - dhṛ;"Viṣṇusmṛti" ViSmṛ, 98: 98 7 1;devadeva ||;PARTLY;+ devadeva - dhṛ;"Viṣṇusmṛti" ViSmṛ, 98: 98 8 1;vāsudeva ||;PARTLY;+ vāsudeva - dhṛ;"Viṣṇusmṛti" ViSmṛ, 98: 98 9 1;ādideva ||;PARTLY;+ ādideva - dhṛ;"Viṣṇusmṛti" ViSmṛ, 98: 98 10 1;kāmadeva ||;PARTLY;+ kāmadeva - dhṛ;"Viṣṇusmṛti" ViSmṛ, 98: 98 11 1;kāmapāla ||;PARTLY;+ kāmapāla - dhṛ;"Viṣṇusmṛti" ViSmṛ, 98: 98 12 1;mahīpāla ||;PARTLY;+ mahīpāla - dhṛ;"Viṣṇusmṛti" ViSmṛ, 98: 98 14 1;prajāpate ||;PARTLY;+ prajāpati - dhṛ;"Viṣṇusmṛti" ViSmṛ, 98: 98 16 1;mahāprajāpate ||;PARTLY;+ mahāprajāpati - dhṛ;"Viṣṇusmṛti" ViSmṛ, 98: 98 17 1;ūrjaspate ||;PARTLY;+ ūrjaspati - dhṛ;"Viṣṇusmṛti" ViSmṛ, 98: 98 18 1;vācaspate ||;PARTLY;+ vācaspati - dhṛ;"Viṣṇusmṛti" ViSmṛ, 98: 98 19 1;jagatpate ||;PARTLY;+ jagatpati - dhṛ;"Viṣṇusmṛti" ViSmṛ, 98: 98 20 1;divaspate ||;PARTLY;+ divaspati - dhṛ;"Viṣṇusmṛti" ViSmṛ, 98: 98 21 1;vanaspate ||;PARTLY;+ vanaspati - dhṛ;"Viṣṇusmṛti" ViSmṛ, 98: 98 22 1;payaspate ||;PARTLY;+ payaspati - dhṛ;"Viṣṇusmṛti" ViSmṛ, 98: 98 23 1;pṛthivīpate ||;PARTLY;+ pṛthivīpati - dhṛ;"Viṣṇusmṛti" ViSmṛ, 98: 98 24 1;salilapate ||;PARTLY;+ salilapati - dhṛ;"Viṣṇusmṛti" ViSmṛ, 98: 98 25 1;dikpate ||;PARTLY;+ dikpati - dhṛ;"Viṣṇusmṛti" ViSmṛ, 98: 98 26 1;mahatpate ||;PARTLY;+ mahatpati - dhṛ;"Viṣṇusmṛti" ViSmṛ, 98: 98 27 1;marutpate ||;PARTLY;+ marutpati - dhṛ;"Viṣṇusmṛti" ViSmṛ, 98: 98 28 1;lakṣmīpate ||;PARTLY;+ lakṣmīpati - dhṛ;"Viṣṇusmṛti" ViSmṛ, 98: 98 29 1;brahmarūpa ||;PARTLY;+ brahmarūpa - dhṛ;"Viṣṇusmṛti" ViSmṛ, 98: 98 30 1;brāhmaṇapriya ||;PARTLY;+ brāhmaṇapriya - dhṛ;"Viṣṇusmṛti" ViSmṛ, 98: 98 31 1;sarvaga ||;PARTLY;+ sarvaga - dhṛ;"Viṣṇusmṛti" ViSmṛ, 98: 98 32 1;acintya ||;PARTLY;+ acintya - dhṛ;"Viṣṇusmṛti" ViSmṛ, 98: 98 34 1;puruhūta ||;PARTLY;+ puruhūta - dhṛ;"Viṣṇusmṛti" ViSmṛ, 98: 98 35 1;puruṣṭuta ||;PARTLY;+ puruṣṭuta - dhṛ;"Viṣṇusmṛti" ViSmṛ, 98: 98 36 1;brahmaṇya ||;PARTLY;+ brahmaṇya - dhṛ;"Viṣṇusmṛti" ViSmṛ, 98: 98 37 1;brahmapriya ||;PARTLY;+ brahmapriya - dhṛ;"Viṣṇusmṛti" ViSmṛ, 98: 98 38 1;brahmakāyika ||;PARTLY;+ brahmakāyika - dhṛ;"Viṣṇusmṛti" ViSmṛ, 98: 98 39 1;mahākāyika ||;PARTLY;+ mahākāyika - dhṛ;"Viṣṇusmṛti" ViSmṛ, 98: 98 40 1;mahārājika ||;PARTLY;+ mahārājika - dhṛ;"Viṣṇusmṛti" ViSmṛ, 98: 98 41 1;caturmahārājika ||;PARTLY;+ caturmahārājika - dhṛ;"Viṣṇusmṛti" ViSmṛ, 98: 98 42 1;bhāsvara ||;PARTLY;+ bhāsvara - dhṛ;"Viṣṇusmṛti" ViSmṛ, 98: 98 43 1;mahābhāsvara ||;PARTLY;+ mahābhāsvara - dhṛ;"Viṣṇusmṛti" ViSmṛ, 98: 98 44 1;sapta ||;PARTLY;+ sapta - dhṛ;"Viṣṇusmṛti" ViSmṛ, 98: 98 45 1;mahābhāga ||;PARTLY;+ mahābhāga - dhṛ;"Viṣṇusmṛti" ViSmṛ, 98: 98 46 1;svara ||;PARTLY;+ svara - dhṛ;"Viṣṇusmṛti" ViSmṛ, 98: 98 47 1;tuṣita ||;PARTLY;+ tuṣita - dhṛ;"Viṣṇusmṛti" ViSmṛ, 98: 98 48 1;mahātuṣita ||;PARTLY;+ mahātuṣita - dhṛ;"Viṣṇusmṛti" ViSmṛ, 98: 98 49 1;pratardana ||;PARTLY;+ pratardana - dhṛ;"Viṣṇusmṛti" ViSmṛ, 98: 98 50 1;parinirmita ||;PARTLY;+ parinirmā - dhṛ;"Viṣṇusmṛti" ViSmṛ, 98: 98 51 1;aparinirmita ||;PARTLY;+ aparinirmita - dhṛ;"Viṣṇusmṛti" ViSmṛ, 98: 98 52 1;vaśavartin ||;PARTLY;+ vaśavartin - dhṛ;"Viṣṇusmṛti" ViSmṛ, 98: 98 53 1;yajña ||;PARTLY;+ yajña - dhṛ;"Viṣṇusmṛti" ViSmṛ, 98: 98 54 1;mahāyajña ||;PARTLY;+ mahāyajña - dhṛ;"Viṣṇusmṛti" ViSmṛ, 98: 98 55 1;yajñayoga ||;PARTLY;+ yajñayoga - dhṛ;"Viṣṇusmṛti" ViSmṛ, 98: 98 56 1;yajñagamya ||;PARTLY;+ yajñagamya - dhṛ;"Viṣṇusmṛti" ViSmṛ, 98: 98 57 1;yajñanidhana ||;PARTLY;+ yajñanidhana - dhṛ;"Viṣṇusmṛti" ViSmṛ, 98: 98 58 1;ajita ||;PARTLY;+ ajita - dhṛ;"Viṣṇusmṛti" ViSmṛ, 98: 98 59 1;vaikuṇṭha ||;PARTLY;+ vaikuṇṭha - dhṛ;"Viṣṇusmṛti" ViSmṛ, 98: 98 60 1;apāra ||;PARTLY;+ apāra - dhṛ;"Viṣṇusmṛti" ViSmṛ, 98: 98 62 1;purāṇa ||;PARTLY;+ purāṇa - dhṛ;"Viṣṇusmṛti" ViSmṛ, 98: 98 63 1;lekhya ||;PARTLY;+ likh - dhṛ;"Viṣṇusmṛti" ViSmṛ, 98: 98 65 1;citraśikhaṇḍadhara ||;PARTLY;+  - dhṛ;"Viṣṇusmṛti" ViSmṛ, 98: 98 68 1;viśveśvara ||;PARTLY;+ viśveśvara - dhṛ;"Viṣṇusmṛti" ViSmṛ, 98: 98 69 1;viśvadhara ||;PARTLY;+ viśvadhara - dhṛ;"Viṣṇusmṛti" ViSmṛ, 98: 98 70 1;śuciśravaḥ ||;PARTLY;+ śuciśravas - dhṛ;"Viṣṇusmṛti" ViSmṛ, 98: 98 72 1;ghṛtārciḥ ||;PARTLY;+ ghṛtārcis - dhṛ;"Viṣṇusmṛti" ViSmṛ, 98: 98 73 1;khaṇḍaparaśo ||;PARTLY;+ khaṇḍaparaśu - dhṛ;"Viṣṇusmṛti" ViSmṛ, 98: 98 74 1;padmanābha ||;PARTLY;+ padmanābha - dhṛ;"Viṣṇusmṛti" ViSmṛ, 98: 98 75 1;padmadhara ||;PARTLY;+ padmadhara - dhṛ;"Viṣṇusmṛti" ViSmṛ, 98: 98 76 1;padmadhārādhara ||;PARTLY;+ padmadhārādhara - dhṛ;"Viṣṇusmṛti" ViSmṛ, 98: 98 77 1;hṛṣīkeśa ||;PARTLY;+ hṛṣīkeśa - dhṛ;"Viṣṇusmṛti" ViSmṛ, 98: 98 78 1;ekaśṛṅga ||;PARTLY;+ ekaśṛṅga - dhṛ;"Viṣṇusmṛti" ViSmṛ, 98: 98 79 1;mahāvarāha ||;PARTLY;+ mahāvarāha - dhṛ;"Viṣṇusmṛti" ViSmṛ, 98: 98 80 1;druhiṇa ||;PARTLY;+ druhiṇa - dhṛ;"Viṣṇusmṛti" ViSmṛ, 98: 98 81 1;acyuta ||;PARTLY;+ acyuta - dhṛ;"Viṣṇusmṛti" ViSmṛ, 98: 98 82 1;ananta ||;PARTLY;+ ananta - dhṛ;"Viṣṇusmṛti" ViSmṛ, 98: 98 83 1;puruṣa ||;PARTLY;+ puruṣa - dhṛ;"Viṣṇusmṛti" ViSmṛ, 98: 98 84 1;mahāpuruṣa ||;PARTLY;+ mahāpuruṣa - dhṛ;"Viṣṇusmṛti" ViSmṛ, 98: 98 85 1;kapila ||;PARTLY;+ kapila - dhṛ;"Viṣṇusmṛti" ViSmṛ, 98: 98 86 1;sāṃkhyācārya ||;PARTLY;+ sāṁkhyācārya - dhṛ;"Viṣṇusmṛti" ViSmṛ, 98: 98 87 1;viṣvaksena ||;PARTLY;+ viṣvaksena - dhṛ;"Viṣṇusmṛti" ViSmṛ, 98: 98 88 1;dharma ||;PARTLY;+ dharma - dhṛ;"Viṣṇusmṛti" ViSmṛ, 98: 98 89 1;dharmada ||;PARTLY;+ dharmada - dhṛ;"Viṣṇusmṛti" ViSmṛ, 98: 98 90 1;dharmāṅga ||;PARTLY;+ dharmāṅga - dhṛ;"Viṣṇusmṛti" ViSmṛ, 98: 98 91 1;dharmavasuprada ||;PARTLY;+ dharmavasuprada - dhṛ;"Viṣṇusmṛti" ViSmṛ, 98: 98 93 1;viṣṇo ||;PARTLY;+ viṣṇu - dhṛ;"Viṣṇusmṛti" ViSmṛ, 98: 98 94 1;jiṣṇo ||;PARTLY;+ jiṣṇu - dhṛ;"Viṣṇusmṛti" ViSmṛ, 98: 98 95 1;sahiṣṇo ||;PARTLY;+ sahiṣṇu - dhṛ;"Viṣṇusmṛti" ViSmṛ, 98: 98 96 1;kṛṣṇa ||;PARTLY;+ kṛṣṇa - dhṛ;"Viṣṇusmṛti" ViSmṛ, 98: 98 97 1;puṇḍarīkākṣa ||;PARTLY;+ puṇḍarīkākṣa - dhṛ;"Viṣṇusmṛti" ViSmṛ, 98: 98 98 1;nārāyaṇa ||;PARTLY;+ nārāyaṇa - dhṛ;"Viṣṇusmṛti" ViSmṛ, 98: 98 99 1;parāyaṇa ||;PARTLY;+ parāyaṇa - dhṛ;"Viṣṇusmṛti" ViSmṛ, 98: 98 100 1;jagatparāyaṇa ||;PARTLY;+ jagatparāyaṇa - dhṛ;"Gṛhastharatnākara" GṛRĀ, 2: 2 3 1;nāradaḥ |;PARTLY;+ nārada - dhṛ;"Gṛhastharatnākara" GṛRĀ, 2: 2 8 1;hārītaḥ |;PARTLY;+ hārīta - dhṛ;"Gṛhastharatnākara" GṛRĀ, 2: 2 13 1;vasiṣṭhaḥ |;PARTLY;+ vasiṣṭha - dhṛ;"Gṛhastharatnākara" GṛRĀ, 2: 2 23 2;paiṭhīnasiḥ |;PARTLY;+ paiṭhīnasi - dhṛ;"Gṛhastharatnākara" GṛRĀ, 3: 3 2 2;devalaḥ |;PARTLY;+ devala - dhṛ;"Gṛhastharatnākara" GṛRĀ, 3: 3 4 1;vyāsaḥ |;PARTLY;+ vyāsa - dhṛ;"Gṛhastharatnākara" GṛRĀ, 3: 3 6 1;saṃvartaḥ |;PARTLY;+ saṁvarta - dhṛ;"Gṛhastharatnākara" GṛRĀ, 3: 3 8 1;yamaḥ |;PARTLY;+ yama - dhṛ;"Gṛhastharatnākara" GṛRĀ, 3: 3 10 1;hārītaḥ |;PARTLY;+ hārīta - dhṛ;"Gṛhastharatnākara" GṛRĀ, 3: 3 13 1;āpastambaḥ |;PARTLY;+ āpastamba - dhṛ;"Gṛhastharatnākara" GṛRĀ, 3: 3 16 1;baudhāyanaḥ |;PARTLY;+ baudhāyana - dhṛ;"Gṛhastharatnākara" GṛRĀ, 7: 4 5 1;devalaḥ |;PARTLY;+ devala - dhṛ;"Gṛhastharatnākara" GṛRĀ, 7: 4 7 1;paiṭhīnasiḥ |;PARTLY;+ paiṭhīnasi - dhṛ;"Gṛhastharatnākara" GṛRĀ, 7: 4 8 1;hārītaḥ |;PARTLY;+ hārīta - dhṛ;"Gṛhastharatnākara" GṛRĀ, 7: 4 11 1;vasiṣṭhaḥ |;PARTLY;+ vasiṣṭha - dhṛ;"Gṛhastharatnākara" GṛRĀ, 7: 4 16 1;kaśyapaḥ |;PARTLY;+ kaśyapa - dhṛ;"Gṛhastharatnākara" GṛRĀ, 7: 4 17 1;āpastambaḥ |;PARTLY;+ āpastamba - dhṛ;"Gṛhastharatnākara" GṛRĀ, 7: 4 18 1;manuḥ |;PARTLY;+ manu - dhṛ;"Gṛhastharatnākara" GṛRĀ, 7: 4 28 1;kaśyapaḥ |;PARTLY;+ kaśyapa - dhṛ;"Gṛhastharatnākara" GṛRĀ, 7: 4 31 1;manuḥ |;PARTLY;+ manu - dhṛ;"Gṛhastharatnākara" GṛRĀ, 7: 4 33 1;āpastambaḥ |;PARTLY;+ āpastamba - dhṛ;"Gṛhastharatnākara" GṛRĀ, 8: 5 5 1;devalaḥ |;PARTLY;+ devala - dhṛ;"Gṛhastharatnākara" GṛRĀ, 8: 5 6 1;gotamaḥ |;PARTLY;+ gotama - dhṛ;"Gṛhastharatnākara" GṛRĀ, 8: 5 8 1;viṣṇuḥ |;PARTLY;+ viṣṇu - dhṛ;"Gṛhastharatnākara" GṛRĀ, 8: 5 11 1;vasiṣṭhaḥ |;PARTLY;+ vasiṣṭha - dhṛ;"Gṛhastharatnākara" GṛRĀ, 9: 6 5 1;devalaḥ |;PARTLY;+ devala - dhṛ;"Gṛhastharatnākara" GṛRĀ, 9: 6 7 1;āśvalāyanaḥ |;PARTLY;+ āśvalāyana - dhṛ;"Gṛhastharatnākara" GṛRĀ, 9: 6 9 1;hārītaḥ |;PARTLY;+ hārīta - dhṛ;"Gṛhastharatnākara" GṛRĀ, 9: 6 11 1;vasiṣṭhaḥ |;PARTLY;+ vasiṣṭha - dhṛ;"Parāśarasmṛtiṭīkā" Parāśarasmṛtiṭīkā zu ParDhSmṛti, 2, 2.1: 1 4 0;iti ||;PARTLY;+ iti - dhṛ;"Parāśarasmṛtiṭīkā" Parāśarasmṛtiṭīkā zu ParDhSmṛti, 2, 2.2: 2 7 0;iti ||;PARTLY;+ iti - dhṛ;"Parāśarasmṛtiṭīkā" Parāśarasmṛtiṭīkā zu ParDhSmṛti, 2, 2.2: 2 11 0;iti ||;PARTLY;+ iti - dhṛ;"Parāśarasmṛtiṭīkā" Parāśarasmṛtiṭīkā zu ParDhSmṛti, 2, 2.2: 2 13 0;iti ||;PARTLY;+ iti - dhṛ;"Parāśarasmṛtiṭīkā" Parāśarasmṛtiṭīkā zu ParDhSmṛti, 2, 2.2: 2 17 0;iti ||;PARTLY;+ iti - dhṛ;"Parāśarasmṛtiṭīkā" Parāśarasmṛtiṭīkā zu ParDhSmṛti, 2, 2.2: 2 19 0;iti ||;PARTLY;+ iti - dhṛ;"Parāśarasmṛtiṭīkā" Parāśarasmṛtiṭīkā zu ParDhSmṛti, 2, 2.2: 2 20 0;bāḍham ||;PARTLY;+ bāḍha - dhṛ;"Parāśarasmṛtiṭīkā" Parāśarasmṛtiṭīkā zu ParDhSmṛti, 2, 2.2: 2 31 0;iti ||;PARTLY;+ iti - dhṛ;"Parāśarasmṛtiṭīkā" Parāśarasmṛtiṭīkā zu ParDhSmṛti, 2, 3.2: 3 1 1;iti ||;PARTLY;+ iti - dhṛ;"Parāśarasmṛtiṭīkā" Parāśarasmṛtiṭīkā zu ParDhSmṛti, 2, 4.2: 4 1 0;iti ||;PARTLY;+ iti - dhṛ;"Parāśarasmṛtiṭīkā" Parāśarasmṛtiṭīkā zu ParDhSmṛti, 2, 4.2: 4 11 0;iti ||;PARTLY;+ iti - dhṛ;"Parāśarasmṛtiṭīkā" Parāśarasmṛtiṭīkā zu ParDhSmṛti, 2, 5.2: 5 5 0;iti ||;PARTLY;+ iti - dhṛ;"Parāśarasmṛtiṭīkā" Parāśarasmṛtiṭīkā zu ParDhSmṛti, 2, 6.2: 6 1 1;iti ||;PARTLY;+ iti - dhṛ;"Parāśarasmṛtiṭīkā" Parāśarasmṛtiṭīkā zu ParDhSmṛti, 2, 6.2: 6 7 0;iti ||;PARTLY;+ iti - dhṛ;"Parāśarasmṛtiṭīkā" Parāśarasmṛtiṭīkā zu ParDhSmṛti, 2, 7.2: 7 1 1;iti ||;PARTLY;+ iti - dhṛ;"Parāśarasmṛtiṭīkā" Parāśarasmṛtiṭīkā zu ParDhSmṛti, 2, 7.2: 7 6 0;iti ||;PARTLY;+ iti - dhṛ;"Parāśarasmṛtiṭīkā" Parāśarasmṛtiṭīkā zu ParDhSmṛti, 2, 7.2: 7 8 0;iti ||;PARTLY;+ iti - dhṛ;"Parāśarasmṛtiṭīkā" Parāśarasmṛtiṭīkā zu ParDhSmṛti, 2, 7.2: 7 11 0;iti ||;PARTLY;+ iti - dhṛ;"Parāśarasmṛtiṭīkā" Parāśarasmṛtiṭīkā zu ParDhSmṛti, 2, 7.2: 7 13 0;iti ||;PARTLY;+ iti - dhṛ;"Parāśarasmṛtiṭīkā" Parāśarasmṛtiṭīkā zu ParDhSmṛti, 2, 7.2: 7 15 0;iti ||;PARTLY;+ iti - dhṛ;"Parāśarasmṛtiṭīkā" Parāśarasmṛtiṭīkā zu ParDhSmṛti, 2, 7.2: 7 17 0;iti ||;PARTLY;+ iti - dhṛ;"Parāśarasmṛtiṭīkā" Parāśarasmṛtiṭīkā zu ParDhSmṛti, 2, 7.2: 7 19 0;iti ||;PARTLY;+ iti - dhṛ;"Parāśarasmṛtiṭīkā" Parāśarasmṛtiṭīkā zu ParDhSmṛti, 2, 7.2: 7 24 0;iti ||;PARTLY;+ iti - dhṛ;"Parāśarasmṛtiṭīkā" Parāśarasmṛtiṭīkā zu ParDhSmṛti, 2, 7.2: 7 29 0;iti ||;PARTLY;+ iti - dhṛ;"Parāśarasmṛtiṭīkā" Parāśarasmṛtiṭīkā zu ParDhSmṛti, 2, 7.2: 7 34 0;iti ||;PARTLY;+ iti - dhṛ;"Parāśarasmṛtiṭīkā" Parāśarasmṛtiṭīkā zu ParDhSmṛti, 2, 8.1: 8 1 0;iti ||;PARTLY;+ iti - dhṛ;"Parāśarasmṛtiṭīkā" Parāśarasmṛtiṭīkā zu ParDhSmṛti, 2, 9.1: 9 1 0;iti ||;PARTLY;+ iti - dhṛ;"Parāśarasmṛtiṭīkā" Parāśarasmṛtiṭīkā zu ParDhSmṛti, 2, 10.1: 10 1 1;iti ||;PARTLY;+ iti - dhṛ;"Parāśarasmṛtiṭīkā" Parāśarasmṛtiṭīkā zu ParDhSmṛti, 2, 11.1: 11 1 1;iti ||;PARTLY;+ iti - dhṛ;"Parāśarasmṛtiṭīkā" Parāśarasmṛtiṭīkā zu ParDhSmṛti, 2, 12.1: 12 1 1;iti ||;PARTLY;+ iti - dhṛ;"Parāśarasmṛtiṭīkā" Parāśarasmṛtiṭīkā zu ParDhSmṛti, 2, 13.1: 13 6 0;iti ||;PARTLY;+ iti - dhṛ;"Parāśarasmṛtiṭīkā" Parāśarasmṛtiṭīkā zu ParDhSmṛti, 2, 14.1: 14 1 1;iti ||;PARTLY;+ iti - dhṛ;"Parāśarasmṛtiṭīkā" Parāśarasmṛtiṭīkā zu ParDhSmṛti, 2, 14.1: 14 5 0;iti ||;PARTLY;+ iti - dhṛ;"Parāśarasmṛtiṭīkā" Parāśarasmṛtiṭīkā zu ParDhSmṛti, 2, 15.1: 15 1 0;iti ||;PARTLY;+ iti - dhṛ;"Parāśarasmṛtiṭīkā" Parāśarasmṛtiṭīkā zu ParDhSmṛti, 2, 15.2: 16 9 0;iti ||;PARTLY;+ iti - dhṛ;"Parāśarasmṛtiṭīkā" Parāśarasmṛtiṭīkā zu ParDhSmṛti, 2, 15.2: 16 11 0;iti ||;PARTLY;+ iti - dhṛ;"Parāśarasmṛtiṭīkā" Parāśarasmṛtiṭīkā zu ParDhSmṛti, 2, 15.2: 16 15 0;iti ||;PARTLY;+ iti - dhṛ;"Parāśarasmṛtiṭīkā" Parāśarasmṛtiṭīkā zu ParDhSmṛti, 2, 15.2: 16 20 0;iti ||;PARTLY;+ iti - dhṛ;"Parāśarasmṛtiṭīkā" Parāśarasmṛtiṭīkā zu ParDhSmṛti, 2, 15.2: 16 22 0;iti ||;PARTLY;+ iti - dhṛ;"Parāśarasmṛtiṭīkā" Parāśarasmṛtiṭīkā zu ParDhSmṛti, 2, 15.2: 16 25 0;iti ||;PARTLY;+ iti - dhṛ;"Parāśarasmṛtiṭīkā" Parāśarasmṛtiṭīkā zu ParDhSmṛti, 2, 15.2: 16 28 0;iti ||;PARTLY;+ iti - dhṛ;"Parāśarasmṛtiṭīkā" Parāśarasmṛtiṭīkā zu ParDhSmṛti, 2, 15.2: 16 31 0;iti ||;PARTLY;+ iti - dhṛ;"Parāśarasmṛtiṭīkā" Parāśarasmṛtiṭīkā zu ParDhSmṛti, 2, 15.2: 16 36 0;iti ||;PARTLY;+ iti - dhṛ;"Parāśarasmṛtiṭīkā" Parāśarasmṛtiṭīkā zu ParDhSmṛti, 2, 15.2: 16 44 0;iti ||;PARTLY;+ iti - dhṛ;"Parāśarasmṛtiṭīkā" Parāśarasmṛtiṭīkā zu ParDhSmṛti, 2, 15.2: 16 47 0;iti ||;PARTLY;+ iti - dhṛ;"Parāśarasmṛtiṭīkā" Parāśarasmṛtiṭīkā zu ParDhSmṛti, 2, 15.2: 16 54 0;iti ||;PARTLY;+ iti - dhṛ;"Parāśarasmṛtiṭīkā" Parāśarasmṛtiṭīkā zu ParDhSmṛti, 2, 15.2: 16 56 0;iti ||;PARTLY;+ iti - dhṛ;"Parāśarasmṛtiṭīkā" Parāśarasmṛtiṭīkā zu ParDhSmṛti, 2, 15.2: 16 58 0;iti ||;PARTLY;+ iti - dhṛ;"Parāśarasmṛtiṭīkā" Parāśarasmṛtiṭīkā zu ParDhSmṛti, 2, 15.2: 16 60 0;iti ||;PARTLY;+ iti - dhṛ;"Parāśarasmṛtiṭīkā" Parāśarasmṛtiṭīkā zu ParDhSmṛti, 2, 15.2: 16 62 0;iti ||;PARTLY;+ iti - dhṛ;"Parāśarasmṛtiṭīkā" Parāśarasmṛtiṭīkā zu ParDhSmṛti, 2, 15.2: 16 66 0;iti ||;PARTLY;+ iti - dhṛ;"Parāśarasmṛtiṭīkā" Parāśarasmṛtiṭīkā zu ParDhSmṛti, 2, 15.2: 16 68 0;iti ||;PARTLY;+ iti - dhṛ;"Parāśarasmṛtiṭīkā" Parāśarasmṛtiṭīkā zu ParDhSmṛti, 2, 15.2: 16 76 0;iti ||;PARTLY;+ iti - dhṛ;"Parāśarasmṛtiṭīkā" Parāśarasmṛtiṭīkā zu ParDhSmṛti, 2, 15.2: 16 79 0;iti ||;PARTLY;+ iti - dhṛ;"Parāśarasmṛtiṭīkā" Parāśarasmṛtiṭīkā zu ParDhSmṛti, 2, 15.2: 16 83 0;iti ||;PARTLY;+ iti - dhṛ;"Parāśarasmṛtiṭīkā" Parāśarasmṛtiṭīkā zu ParDhSmṛti, 2, 15.2: 16 86 0;iti ||;PARTLY;+ iti - dhṛ;"Parāśarasmṛtiṭīkā" Parāśarasmṛtiṭīkā zu ParDhSmṛti, 2, 15.2: 16 91 0;iti ||;PARTLY;+ iti - dhṛ;"Parāśarasmṛtiṭīkā" Parāśarasmṛtiṭīkā zu ParDhSmṛti, 2, 15.2: 16 92 1;viṣṇudharmottare |;PARTLY;+ viṣṇudharmottara - dhṛ;"Parāśarasmṛtiṭīkā" Parāśarasmṛtiṭīkā zu ParDhSmṛti, 2, 15.2: 16 93 0;iti ||;PARTLY;+ iti - dhṛ;"Parāśarasmṛtiṭīkā" Parāśarasmṛtiṭīkā zu ParDhSmṛti, 2, 15.2: 16 96 0;iti ||;PARTLY;+ iti - dhṛ;"Parāśarasmṛtiṭīkā" Parāśarasmṛtiṭīkā zu ParDhSmṛti, 2, 15.2: 16 98 0;iti ||;PARTLY;+ iti - dhṛ;"Parāśarasmṛtiṭīkā" Parāśarasmṛtiṭīkā zu ParDhSmṛti, 2, 15.2: 16 101 2;iti ||;PARTLY;+ iti - dhṛ;"Parāśarasmṛtiṭīkā" Parāśarasmṛtiṭīkā zu ParDhSmṛti, 2, 15.2: 16 103 0;iti ||;PARTLY;+ iti - dhṛ;"Parāśarasmṛtiṭīkā" Parāśarasmṛtiṭīkā zu ParDhSmṛti, 2, 15.2: 16 109 0;iti ||;PARTLY;+ iti - dhṛ;"Parāśarasmṛtiṭīkā" Parāśarasmṛtiṭīkā zu ParDhSmṛti, 2, 15.2: 16 115 0;iti ||;PARTLY;+ iti - dhṛ;"Parāśarasmṛtiṭīkā" Parāśarasmṛtiṭīkā zu ParDhSmṛti, 2, 15.2: 16 116 1;bhaviṣyatpurāṇe |;PARTLY;+ bhaviṣyapurāṇa - dhṛ;"Parāśarasmṛtiṭīkā" Parāśarasmṛtiṭīkā zu ParDhSmṛti, 2, 15.2: 16 117 2;iti ||;PARTLY;+ iti - dhṛ;"Parāśarasmṛtiṭīkā" Parāśarasmṛtiṭīkā zu ParDhSmṛti, 2, 15.2: 16 119 0;iti ||;PARTLY;+ iti - dhṛ;"Parāśarasmṛtiṭīkā" Parāśarasmṛtiṭīkā zu ParDhSmṛti, 2, 15.2: 16 124 0;iti ||;PARTLY;+ iti - dhṛ;"Parāśarasmṛtiṭīkā" Parāśarasmṛtiṭīkā zu ParDhSmṛti, 2, 15.2: 16 131 0;iti ||;PARTLY;+ iti - dhṛ;"Parāśarasmṛtiṭīkā" Parāśarasmṛtiṭīkā zu ParDhSmṛti, 2, 15.2: 16 137 0;iti ||;PARTLY;+ iti - dhṛ;"Parāśarasmṛtiṭīkā" Parāśarasmṛtiṭīkā zu ParDhSmṛti, 2, 15.2: 16 141 0;iti ||;PARTLY;+ iti - dhṛ;"Parāśarasmṛtiṭīkā" Parāśarasmṛtiṭīkā zu ParDhSmṛti, 2, 15.2: 16 143 0;iti ||;PARTLY;+ iti - dhṛ;"Parāśarasmṛtiṭīkā" Parāśarasmṛtiṭīkā zu ParDhSmṛti, 2, 15.2: 16 145 0;iti ||;PARTLY;+ iti - dhṛ;"Parāśarasmṛtiṭīkā" Parāśarasmṛtiṭīkā zu ParDhSmṛti, 2, 15.2: 16 147 0;iti ||;PARTLY;+ iti - dhṛ;"Parāśarasmṛtiṭīkā" Parāśarasmṛtiṭīkā zu ParDhSmṛti, 2, 15.2: 16 152 0;iti ||;PARTLY;+ iti - dhṛ;"Parāśarasmṛtiṭīkā" Parāśarasmṛtiṭīkā zu ParDhSmṛti, 2, 15.2: 16 154 0;iti ||;PARTLY;+ iti - dhṛ;"Parāśarasmṛtiṭīkā" Parāśarasmṛtiṭīkā zu ParDhSmṛti, 2, 15.2: 16 155 1;laugākṣiḥ |;PARTLY;+ laugākṣi - dhṛ;"Parāśarasmṛtiṭīkā" Parāśarasmṛtiṭīkā zu ParDhSmṛti, 2, 15.2: 16 156 0;iti ||;PARTLY;+ iti - dhṛ;"Parāśarasmṛtiṭīkā" Parāśarasmṛtiṭīkā zu ParDhSmṛti, 2, 15.2: 16 159 0;iti ||;PARTLY;+ iti - dhṛ;"Parāśarasmṛtiṭīkā" Parāśarasmṛtiṭīkā zu ParDhSmṛti, 2, 15.2: 16 164 0;iti ||;PARTLY;+ iti - dhṛ;"Parāśarasmṛtiṭīkā" Parāśarasmṛtiṭīkā zu ParDhSmṛti, 2, 15.2: 16 165 1;baijavāpaḥ |;PARTLY;+ baijavāpa - dhṛ;"Parāśarasmṛtiṭīkā" Parāśarasmṛtiṭīkā zu ParDhSmṛti, 2, 15.2: 16 166 0;iti ||;PARTLY;+ iti - dhṛ;"Parāśarasmṛtiṭīkā" Parāśarasmṛtiṭīkā zu ParDhSmṛti, 2, 15.2: 16 168 0;iti ||;PARTLY;+ iti - dhṛ;"Parāśarasmṛtiṭīkā" Parāśarasmṛtiṭīkā zu ParDhSmṛti, 2, 15.2: 16 170 0;iti ||;PARTLY;+ iti - dhṛ;"Parāśarasmṛtiṭīkā" Parāśarasmṛtiṭīkā zu ParDhSmṛti, 2, 15.2: 16 172 0;iti ||;PARTLY;+ iti - dhṛ;"Parāśarasmṛtiṭīkā" Parāśarasmṛtiṭīkā zu ParDhSmṛti, 2, 15.2: 16 174 0;iti ||;PARTLY;+ iti - dhṛ;"Parāśarasmṛtiṭīkā" Parāśarasmṛtiṭīkā zu ParDhSmṛti, 2, 15.2: 16 179 0;iti ||;PARTLY;+ iti - dhṛ;"Parāśarasmṛtiṭīkā" Parāśarasmṛtiṭīkā zu ParDhSmṛti, 2, 15.2: 16 184 0;iti ||;PARTLY;+ iti - dhṛ;"Parāśarasmṛtiṭīkā" Parāśarasmṛtiṭīkā zu ParDhSmṛti, 2, 15.2: 16 187 0;iti ||;PARTLY;+ iti - dhṛ;"Parāśarasmṛtiṭīkā" Parāśarasmṛtiṭīkā zu ParDhSmṛti, 2, 15.2: 16 190 0;iti ||;PARTLY;+ iti - dhṛ;"Parāśarasmṛtiṭīkā" Parāśarasmṛtiṭīkā zu ParDhSmṛti, 2, 15.2: 16 192 0;iti ||;PARTLY;+ iti - dhṛ;"Parāśarasmṛtiṭīkā" Parāśarasmṛtiṭīkā zu ParDhSmṛti, 2, 15.2: 16 200 3;iti ||;PARTLY;+ iti - dhṛ;"Parāśarasmṛtiṭīkā" Parāśarasmṛtiṭīkā zu ParDhSmṛti, 2, 15.2: 16 208 0;iti ||;PARTLY;+ iti - dhṛ;"Parāśarasmṛtiṭīkā" Parāśarasmṛtiṭīkā zu ParDhSmṛti, 2, 15.2: 16 210 0;iti ||;PARTLY;+ iti - dhṛ;"Parāśarasmṛtiṭīkā" Parāśarasmṛtiṭīkā zu ParDhSmṛti, 2, 15.2: 16 213 0;iti ||;PARTLY;+ iti - dhṛ;"Parāśarasmṛtiṭīkā" Parāśarasmṛtiṭīkā zu ParDhSmṛti, 2, 15.2: 16 215 0;iti ||;PARTLY;+ iti - dhṛ;"Parāśarasmṛtiṭīkā" Parāśarasmṛtiṭīkā zu ParDhSmṛti, 2, 15.2: 16 218 0;iti ||;PARTLY;+ iti - dhṛ;"Parāśarasmṛtiṭīkā" Parāśarasmṛtiṭīkā zu ParDhSmṛti, 2, 15.2: 16 220 0;iti ||;PARTLY;+ iti - dhṛ;"Parāśarasmṛtiṭīkā" Parāśarasmṛtiṭīkā zu ParDhSmṛti, 2, 15.2: 16 222 0;iti ||;PARTLY;+ iti - dhṛ;"Parāśarasmṛtiṭīkā" Parāśarasmṛtiṭīkā zu ParDhSmṛti, 2, 15.2: 16 224 2;vāsaḥ |;PARTLY;+ vāsas - dhṛ;"Parāśarasmṛtiṭīkā" Parāśarasmṛtiṭīkā zu ParDhSmṛti, 2, 15.2: 16 225 0;iti ||;PARTLY;+ iti - dhṛ;"Parāśarasmṛtiṭīkā" Parāśarasmṛtiṭīkā zu ParDhSmṛti, 2, 15.2: 16 226 1;vasiṣṭhaḥ |;PARTLY;+ vasiṣṭha - dhṛ;"Parāśarasmṛtiṭīkā" Parāśarasmṛtiṭīkā zu ParDhSmṛti, 2, 15.2: 16 227 0;iti ||;PARTLY;+ iti - dhṛ;"Parāśarasmṛtiṭīkā" Parāśarasmṛtiṭīkā zu ParDhSmṛti, 2, 15.2: 16 229 0;iti ||;PARTLY;+ iti - dhṛ;"Parāśarasmṛtiṭīkā" Parāśarasmṛtiṭīkā zu ParDhSmṛti, 2, 15.2: 16 233 0;iti ||;PARTLY;+ iti - dhṛ;"Parāśarasmṛtiṭīkā" Parāśarasmṛtiṭīkā zu ParDhSmṛti, 2, 15.2: 16 235 0;iti ||;PARTLY;+ iti - dhṛ;"Parāśarasmṛtiṭīkā" Parāśarasmṛtiṭīkā zu ParDhSmṛti, 2, 15.2: 16 237 0;iti ||;PARTLY;+ iti - dhṛ;"Parāśarasmṛtiṭīkā" Parāśarasmṛtiṭīkā zu ParDhSmṛti, 2, 15.2: 16 239 0;iti ||;PARTLY;+ iti - dhṛ;"Parāśarasmṛtiṭīkā" Parāśarasmṛtiṭīkā zu ParDhSmṛti, 2, 15.2: 16 241 0;iti ||;PARTLY;+ iti - dhṛ;"Parāśarasmṛtiṭīkā" Parāśarasmṛtiṭīkā zu ParDhSmṛti, 2, 15.2: 16 243 0;iti ||;PARTLY;+ iti - dhṛ;"Parāśarasmṛtiṭīkā" Parāśarasmṛtiṭīkā zu ParDhSmṛti, 2, 15.2: 16 245 0;iti ||;PARTLY;+ iti - dhṛ;"Parāśarasmṛtiṭīkā" Parāśarasmṛtiṭīkā zu ParDhSmṛti, 2, 15.2: 16 247 0;iti ||;PARTLY;+ iti - dhṛ;"Parāśarasmṛtiṭīkā" Parāśarasmṛtiṭīkā zu ParDhSmṛti, 2, 15.2: 16 249 0;iti ||;PARTLY;+ iti - dhṛ;"Parāśarasmṛtiṭīkā" Parāśarasmṛtiṭīkā zu ParDhSmṛti, 2, 15.2: 16 251 0;iti ||;PARTLY;+ iti - dhṛ;"Parāśarasmṛtiṭīkā" Parāśarasmṛtiṭīkā zu ParDhSmṛti, 2, 15.2: 16 254 0;iti ||;PARTLY;+ iti - dhṛ;"Parāśarasmṛtiṭīkā" Parāśarasmṛtiṭīkā zu ParDhSmṛti, 2, 15.2: 16 255 1;ṛṣyaśṛṅgaḥ |;PARTLY;+ ṛṣyaśṛṅga - dhṛ;"Parāśarasmṛtiṭīkā" Parāśarasmṛtiṭīkā zu ParDhSmṛti, 2, 15.2: 16 256 0;iti ||;PARTLY;+ iti - dhṛ;"Parāśarasmṛtiṭīkā" Parāśarasmṛtiṭīkā zu ParDhSmṛti, 2, 15.2: 16 259 0;iti ||;PARTLY;+ iti - dhṛ;"Parāśarasmṛtiṭīkā" Parāśarasmṛtiṭīkā zu ParDhSmṛti, 2, 15.2: 16 260 1;kātyāyanaḥ |;PARTLY;+ kātyāyana - dhṛ;"Parāśarasmṛtiṭīkā" Parāśarasmṛtiṭīkā zu ParDhSmṛti, 2, 15.2: 16 261 0;iti ||;PARTLY;+ iti - dhṛ;"Parāśarasmṛtiṭīkā" Parāśarasmṛtiṭīkā zu ParDhSmṛti, 2, 15.2: 16 263 0;iti ||;PARTLY;+ iti - dhṛ;"Parāśarasmṛtiṭīkā" Parāśarasmṛtiṭīkā zu ParDhSmṛti, 2, 15.2: 16 271 0;iti ||;PARTLY;+ iti - dhṛ;"Parāśarasmṛtiṭīkā" Parāśarasmṛtiṭīkā zu ParDhSmṛti, 2, 15.2: 16 274 0;iti ||;PARTLY;+ iti - dhṛ;"Parāśarasmṛtiṭīkā" Parāśarasmṛtiṭīkā zu ParDhSmṛti, 2, 15.2: 16 276 0;iti ||;PARTLY;+ iti - dhṛ;"Parāśarasmṛtiṭīkā" Parāśarasmṛtiṭīkā zu ParDhSmṛti, 2, 15.2: 16 278 0;iti ||;PARTLY;+ iti - dhṛ;"Parāśarasmṛtiṭīkā" Parāśarasmṛtiṭīkā zu ParDhSmṛti, 2, 15.2: 16 280 0;iti ||;PARTLY;+ iti - dhṛ;"Parāśarasmṛtiṭīkā" Parāśarasmṛtiṭīkā zu ParDhSmṛti, 2, 15.2: 16 284 0;iti ||;PARTLY;+ iti - dhṛ;"Parāśarasmṛtiṭīkā" Parāśarasmṛtiṭīkā zu ParDhSmṛti, 2, 15.2: 16 288 2;iti ||;PARTLY;+ iti - dhṛ;"Parāśarasmṛtiṭīkā" Parāśarasmṛtiṭīkā zu ParDhSmṛti, 2, 15.2: 16 290 2;iti ||;PARTLY;+ iti - dhṛ;"Parāśarasmṛtiṭīkā" Parāśarasmṛtiṭīkā zu ParDhSmṛti, 2, 15.2: 16 292 0;iti ||;PARTLY;+ iti - dhṛ;"Parāśarasmṛtiṭīkā" Parāśarasmṛtiṭīkā zu ParDhSmṛti, 2, 15.2: 16 295 0;iti ||;PARTLY;+ iti - dhṛ;"Parāśarasmṛtiṭīkā" Parāśarasmṛtiṭīkā zu ParDhSmṛti, 2, 15.2: 16 298 0;iti ||;PARTLY;+ iti - dhṛ;"Parāśarasmṛtiṭīkā" Parāśarasmṛtiṭīkā zu ParDhSmṛti, 2, 15.2: 16 301 0;iti ||;PARTLY;+ iti - dhṛ;"Parāśarasmṛtiṭīkā" Parāśarasmṛtiṭīkā zu ParDhSmṛti, 2, 15.2: 16 305 0;iti ||;PARTLY;+ iti - dhṛ;"Parāśarasmṛtiṭīkā" Parāśarasmṛtiṭīkā zu ParDhSmṛti, 2, 15.2: 16 307 0;iti ||;PARTLY;+ iti - dhṛ;"Parāśarasmṛtiṭīkā" Parāśarasmṛtiṭīkā zu ParDhSmṛti, 2, 15.2: 16 309 0;iti ||;PARTLY;+ iti - dhṛ;"Parāśarasmṛtiṭīkā" Parāśarasmṛtiṭīkā zu ParDhSmṛti, 2, 15.2: 16 311 2;iti ||;PARTLY;+ iti - dhṛ;"Parāśarasmṛtiṭīkā" Parāśarasmṛtiṭīkā zu ParDhSmṛti, 2, 15.2: 16 314 0;iti ||;PARTLY;+ iti - dhṛ;"Parāśarasmṛtiṭīkā" Parāśarasmṛtiṭīkā zu ParDhSmṛti, 2, 15.2: 16 317 0;iti ||;PARTLY;+ iti - dhṛ;"Parāśarasmṛtiṭīkā" Parāśarasmṛtiṭīkā zu ParDhSmṛti, 2, 15.2: 16 321 2;iti ||;PARTLY;+ iti - dhṛ;"Parāśarasmṛtiṭīkā" Parāśarasmṛtiṭīkā zu ParDhSmṛti, 2, 15.2: 16 324 0;iti ||;PARTLY;+ iti - dhṛ;"Parāśarasmṛtiṭīkā" Parāśarasmṛtiṭīkā zu ParDhSmṛti, 2, 15.2: 16 328 0;iti ||;PARTLY;+ iti - dhṛ;"Parāśarasmṛtiṭīkā" Parāśarasmṛtiṭīkā zu ParDhSmṛti, 2, 15.2: 16 331 0;iti ||;PARTLY;+ iti - dhṛ;"Parāśarasmṛtiṭīkā" Parāśarasmṛtiṭīkā zu ParDhSmṛti, 2, 15.2: 16 337 0;iti ||;PARTLY;+ iti - dhṛ;"Parāśarasmṛtiṭīkā" Parāśarasmṛtiṭīkā zu ParDhSmṛti, 2, 15.2: 16 340 0;iti ||;PARTLY;+ iti - dhṛ;"Parāśarasmṛtiṭīkā" Parāśarasmṛtiṭīkā zu ParDhSmṛti, 2, 15.2: 16 343 0;iti ||;PARTLY;+ iti - dhṛ;"Parāśarasmṛtiṭīkā" Parāśarasmṛtiṭīkā zu ParDhSmṛti, 2, 15.2: 16 346 0;iti ||;PARTLY;+ iti - dhṛ;"Parāśarasmṛtiṭīkā" Parāśarasmṛtiṭīkā zu ParDhSmṛti, 2, 15.2: 16 347 4;iti ||;PARTLY;+ iti - dhṛ;"Parāśarasmṛtiṭīkā" Parāśarasmṛtiṭīkā zu ParDhSmṛti, 2, 15.2: 16 349 0;iti ||;PARTLY;+ iti - dhṛ;"Parāśarasmṛtiṭīkā" Parāśarasmṛtiṭīkā zu ParDhSmṛti, 2, 15.2: 16 352 0;iti ||;PARTLY;+ iti - dhṛ;"Parāśarasmṛtiṭīkā" Parāśarasmṛtiṭīkā zu ParDhSmṛti, 2, 15.2: 16 354 0;iti ||;PARTLY;+ iti - dhṛ;"Parāśarasmṛtiṭīkā" Parāśarasmṛtiṭīkā zu ParDhSmṛti, 2, 15.2: 16 356 0;iti ||;PARTLY;+ iti - dhṛ;"Parāśarasmṛtiṭīkā" Parāśarasmṛtiṭīkā zu ParDhSmṛti, 2, 15.2: 16 359 1;yamaḥ |;PARTLY;+ yama - dhṛ;"Parāśarasmṛtiṭīkā" Parāśarasmṛtiṭīkā zu ParDhSmṛti, 2, 15.2: 16 360 0;iti ||;PARTLY;+ iti - dhṛ;"Parāśarasmṛtiṭīkā" Parāśarasmṛtiṭīkā zu ParDhSmṛti, 2, 15.2: 16 361 1;manuḥ |;PARTLY;+ manu - dhṛ;"Parāśarasmṛtiṭīkā" Parāśarasmṛtiṭīkā zu ParDhSmṛti, 2, 15.2: 16 362 0;iti ||;PARTLY;+ iti - dhṛ;"Parāśarasmṛtiṭīkā" Parāśarasmṛtiṭīkā zu ParDhSmṛti, 2, 15.2: 16 364 0;iti ||;PARTLY;+ iti - dhṛ;"Parāśarasmṛtiṭīkā" Parāśarasmṛtiṭīkā zu ParDhSmṛti, 2, 15.2: 16 368 0;iti ||;PARTLY;+ iti - dhṛ;"Parāśarasmṛtiṭīkā" Parāśarasmṛtiṭīkā zu ParDhSmṛti, 2, 15.2: 16 369 1;viśvāmitraḥ |;PARTLY;+ viśvāmitra - dhṛ;"Parāśarasmṛtiṭīkā" Parāśarasmṛtiṭīkā zu ParDhSmṛti, 2, 15.2: 16 370 0;iti ||;PARTLY;+ iti - dhṛ;"Parāśarasmṛtiṭīkā" Parāśarasmṛtiṭīkā zu ParDhSmṛti, 2, 15.2: 16 372 0;iti ||;PARTLY;+ iti - dhṛ;"Parāśarasmṛtiṭīkā" Parāśarasmṛtiṭīkā zu ParDhSmṛti, 2, 15.2: 16 377 0;iti ||;PARTLY;+ iti - dhṛ;"Parāśarasmṛtiṭīkā" Parāśarasmṛtiṭīkā zu ParDhSmṛti, 2, 15.2: 16 378 1;yamaḥ |;PARTLY;+ yama - dhṛ;"Parāśarasmṛtiṭīkā" Parāśarasmṛtiṭīkā zu ParDhSmṛti, 2, 15.2: 16 379 0;iti ||;PARTLY;+ iti - dhṛ;"Parāśarasmṛtiṭīkā" Parāśarasmṛtiṭīkā zu ParDhSmṛti, 2, 15.2: 16 380 1;kūrmapurāṇe |;PARTLY;+ kūrmapurāṇa - dhṛ;"Parāśarasmṛtiṭīkā" Parāśarasmṛtiṭīkā zu ParDhSmṛti, 2, 15.2: 16 381 0;iti ||;PARTLY;+ iti - dhṛ;"Parāśarasmṛtiṭīkā" Parāśarasmṛtiṭīkā zu ParDhSmṛti, 2, 15.2: 16 383 0;iti ||;PARTLY;+ iti - dhṛ;"Parāśarasmṛtiṭīkā" Parāśarasmṛtiṭīkā zu ParDhSmṛti, 2, 15.2: 16 387 0;iti ||;PARTLY;+ iti - dhṛ;"Parāśarasmṛtiṭīkā" Parāśarasmṛtiṭīkā zu ParDhSmṛti, 2, 15.2: 16 389 0;iti ||;PARTLY;+ iti - dhṛ;"Parāśarasmṛtiṭīkā" Parāśarasmṛtiṭīkā zu ParDhSmṛti, 2, 15.2: 16 393 0;iti ||;PARTLY;+ iti - dhṛ;"Parāśarasmṛtiṭīkā" Parāśarasmṛtiṭīkā zu ParDhSmṛti, 2, 15.2: 16 394 1;yamaḥ |;PARTLY;+ yama - dhṛ;"Parāśarasmṛtiṭīkā" Parāśarasmṛtiṭīkā zu ParDhSmṛti, 2, 15.2: 16 395 0;iti ||;PARTLY;+ iti - dhṛ;"Parāśarasmṛtiṭīkā" Parāśarasmṛtiṭīkā zu ParDhSmṛti, 2, 15.2: 16 398 0;iti ||;PARTLY;+ iti - dhṛ;"Parāśarasmṛtiṭīkā" Parāśarasmṛtiṭīkā zu ParDhSmṛti, 2, 15.2: 16 404 0;iti ||;PARTLY;+ iti - dhṛ;"Parāśarasmṛtiṭīkā" Parāśarasmṛtiṭīkā zu ParDhSmṛti, 2, 15.2: 16 408 0;iti ||;PARTLY;+ iti - dhṛ;"Parāśarasmṛtiṭīkā" Parāśarasmṛtiṭīkā zu ParDhSmṛti, 2, 15.2: 16 412 0;iti ||;PARTLY;+ iti - dhṛ;"Parāśarasmṛtiṭīkā" Parāśarasmṛtiṭīkā zu ParDhSmṛti, 2, 15.2: 16 413 10;āhūtādhyāyī |;PARTLY;+ āhūtādhyāyin - dhṛ;"Parāśarasmṛtiṭīkā" Parāśarasmṛtiṭīkā zu ParDhSmṛti, 2, 15.2: 16 413 14;iti ||;PARTLY;+ iti - dhṛ;"Parāśarasmṛtiṭīkā" Parāśarasmṛtiṭīkā zu ParDhSmṛti, 2, 15.2: 16 415 12;iti ||;PARTLY;+ iti - dhṛ;"Parāśarasmṛtiṭīkā" Parāśarasmṛtiṭīkā zu ParDhSmṛti, 2, 15.2: 16 417 0;iti ||;PARTLY;+ iti - dhṛ;"Parāśarasmṛtiṭīkā" Parāśarasmṛtiṭīkā zu ParDhSmṛti, 2, 15.2: 16 419 0;iti ||;PARTLY;+ iti - dhṛ;"Parāśarasmṛtiṭīkā" Parāśarasmṛtiṭīkā zu ParDhSmṛti, 2, 15.2: 16 424 0;iti ||;PARTLY;+ iti - dhṛ;"Parāśarasmṛtiṭīkā" Parāśarasmṛtiṭīkā zu ParDhSmṛti, 2, 15.2: 16 427 0;iti ||;PARTLY;+ iti - dhṛ;"Parāśarasmṛtiṭīkā" Parāśarasmṛtiṭīkā zu ParDhSmṛti, 2, 15.2: 16 431 0;iti ||;PARTLY;+ iti - dhṛ;"Parāśarasmṛtiṭīkā" Parāśarasmṛtiṭīkā zu ParDhSmṛti, 2, 15.2: 16 434 0;iti ||;PARTLY;+ iti - dhṛ;"Parāśarasmṛtiṭīkā" Parāśarasmṛtiṭīkā zu ParDhSmṛti, 2, 15.2: 16 439 0;iti ||;PARTLY;+ iti - dhṛ;"Parāśarasmṛtiṭīkā" Parāśarasmṛtiṭīkā zu ParDhSmṛti, 2, 15.2: 16 442 0;iti ||;PARTLY;+ iti - dhṛ;"Parāśarasmṛtiṭīkā" Parāśarasmṛtiṭīkā zu ParDhSmṛti, 2, 15.2: 16 446 0;iti ||;PARTLY;+ iti - dhṛ;"Parāśarasmṛtiṭīkā" Parāśarasmṛtiṭīkā zu ParDhSmṛti, 2, 15.2: 16 448 0;iti ||;PARTLY;+ iti - dhṛ;"Parāśarasmṛtiṭīkā" Parāśarasmṛtiṭīkā zu ParDhSmṛti, 2, 15.2: 16 450 0;iti ||;PARTLY;+ iti - dhṛ;"Parāśarasmṛtiṭīkā" Parāśarasmṛtiṭīkā zu ParDhSmṛti, 2, 15.2: 16 457 0;iti ||;PARTLY;+ iti - dhṛ;"Parāśarasmṛtiṭīkā" Parāśarasmṛtiṭīkā zu ParDhSmṛti, 2, 15.2: 16 460 0;iti ||;PARTLY;+ iti - dhṛ;"Parāśarasmṛtiṭīkā" Parāśarasmṛtiṭīkā zu ParDhSmṛti, 2, 15.2: 16 465 2;iti ||;PARTLY;+ iti - dhṛ;"Parāśarasmṛtiṭīkā" Parāśarasmṛtiṭīkā zu ParDhSmṛti, 2, 15.2: 16 469 0;iti ||;PARTLY;+ iti - dhṛ;"Parāśarasmṛtiṭīkā" Parāśarasmṛtiṭīkā zu ParDhSmṛti, 2, 15.2: 16 471 2;iti ||;PARTLY;+ iti - dhṛ;"Parāśarasmṛtiṭīkā" Parāśarasmṛtiṭīkā zu ParDhSmṛti, 2, 15.2: 16 474 0;iti ||;PARTLY;+ iti - dhṛ;"Parāśarasmṛtiṭīkā" Parāśarasmṛtiṭīkā zu ParDhSmṛti, 2, 15.2: 16 477 0;iti ||;PARTLY;+ iti - dhṛ;"Parāśarasmṛtiṭīkā" Parāśarasmṛtiṭīkā zu ParDhSmṛti, 2, 15.2: 16 485 2;iti ||;PARTLY;+ iti - dhṛ;"Parāśarasmṛtiṭīkā" Parāśarasmṛtiṭīkā zu ParDhSmṛti, 2, 15.2: 16 487 0;iti ||;PARTLY;+ iti - dhṛ;"Parāśarasmṛtiṭīkā" Parāśarasmṛtiṭīkā zu ParDhSmṛti, 2, 15.2: 16 492 2;iti ||;PARTLY;+ iti - dhṛ;"Parāśarasmṛtiṭīkā" Parāśarasmṛtiṭīkā zu ParDhSmṛti, 2, 15.2: 16 493 1;baudhāyanaḥ |;PARTLY;+ baudhāyana - dhṛ;"Parāśarasmṛtiṭīkā" Parāśarasmṛtiṭīkā zu ParDhSmṛti, 2, 15.2: 16 494 0;iti ||;PARTLY;+ iti - dhṛ;"Parāśarasmṛtiṭīkā" Parāśarasmṛtiṭīkā zu ParDhSmṛti, 2, 15.2: 16 496 0;iti ||;PARTLY;+ iti - dhṛ;"Parāśarasmṛtiṭīkā" Parāśarasmṛtiṭīkā zu ParDhSmṛti, 2, 15.2: 16 498 0;iti ||;PARTLY;+ iti - dhṛ;"Parāśarasmṛtiṭīkā" Parāśarasmṛtiṭīkā zu ParDhSmṛti, 2, 15.2: 16 501 0;iti ||;PARTLY;+ iti - dhṛ;"Parāśarasmṛtiṭīkā" Parāśarasmṛtiṭīkā zu ParDhSmṛti, 2, 15.2: 16 509 0;iti ||;PARTLY;+ iti - dhṛ;"Parāśarasmṛtiṭīkā" Parāśarasmṛtiṭīkā zu ParDhSmṛti, 2, 15.2: 16 512 0;iti ||;PARTLY;+ iti - dhṛ;"Parāśarasmṛtiṭīkā" Parāśarasmṛtiṭīkā zu ParDhSmṛti, 2, 15.2: 16 542 0;iti ||;PARTLY;+ iti - dhṛ;"Parāśarasmṛtiṭīkā" Parāśarasmṛtiṭīkā zu ParDhSmṛti, 2, 15.2: 16 544 0;iti ||;PARTLY;+ iti - dhṛ;"Parāśarasmṛtiṭīkā" Parāśarasmṛtiṭīkā zu ParDhSmṛti, 2, 15.2: 16 552 0;iti ||;PARTLY;+ iti - dhṛ;"Parāśarasmṛtiṭīkā" Parāśarasmṛtiṭīkā zu ParDhSmṛti, 2, 15.2: 16 554 1;anyathā |;PARTLY;+ anyathā - dhṛ;"Parāśarasmṛtiṭīkā" Parāśarasmṛtiṭīkā zu ParDhSmṛti, 2, 15.2: 16 559 0;iti ||;PARTLY;+ iti - dhṛ;"Parāśarasmṛtiṭīkā" Parāśarasmṛtiṭīkā zu ParDhSmṛti, 2, 15.2: 16 562 0;iti ||;PARTLY;+ iti - dhṛ;"Parāśarasmṛtiṭīkā" Parāśarasmṛtiṭīkā zu ParDhSmṛti, 2, 15.2: 16 572 1;iti |;PARTLY;+ iti - dhṛ;"Parāśarasmṛtiṭīkā" Parāśarasmṛtiṭīkā zu ParDhSmṛti, 2, 15.2: 16 575 0;iti ||;PARTLY;+ iti - dhṛ;"Parāśarasmṛtiṭīkā" Parāśarasmṛtiṭīkā zu ParDhSmṛti, 2, 15.2: 16 578 0;satyam ||;PARTLY;+ satya - dhṛ;"Parāśarasmṛtiṭīkā" Parāśarasmṛtiṭīkā zu ParDhSmṛti, 2, 15.2: 16 581 0;iti ||;PARTLY;+ iti - dhṛ;"Parāśarasmṛtiṭīkā" Parāśarasmṛtiṭīkā zu ParDhSmṛti, 2, 15.2: 16 592 0;iti ||;PARTLY;+ iti - dhṛ;"Parāśarasmṛtiṭīkā" Parāśarasmṛtiṭīkā zu ParDhSmṛti, 2, 15.2: 16 600 0;iti ||;PARTLY;+ iti - dhṛ;"Parāśarasmṛtiṭīkā" Parāśarasmṛtiṭīkā zu ParDhSmṛti, 2, 15.2: 16 602 0;iti ||;PARTLY;+ iti - dhṛ;"Parāśarasmṛtiṭīkā" Parāśarasmṛtiṭīkā zu ParDhSmṛti, 2, 15.2: 16 604 0;iti ||;PARTLY;+ iti - dhṛ;"Parāśarasmṛtiṭīkā" Parāśarasmṛtiṭīkā zu ParDhSmṛti, 2, 15.2: 16 605 1;vyāsaḥ |;PARTLY;+ vyāsa - dhṛ;"Parāśarasmṛtiṭīkā" Parāśarasmṛtiṭīkā zu ParDhSmṛti, 2, 15.2: 16 606 0;iti ||;PARTLY;+ iti - dhṛ;"Parāśarasmṛtiṭīkā" Parāśarasmṛtiṭīkā zu ParDhSmṛti, 2, 15.2: 16 609 2;iti ||;PARTLY;+ iti - dhṛ;"Parāśarasmṛtiṭīkā" Parāśarasmṛtiṭīkā zu ParDhSmṛti, 2, 15.2: 16 623 0;iti ||;PARTLY;+ iti - dhṛ;"Parāśarasmṛtiṭīkā" Parāśarasmṛtiṭīkā zu ParDhSmṛti, 2, 15.2: 16 630 0;iti ||;PARTLY;+ iti - dhṛ;"Parāśarasmṛtiṭīkā" Parāśarasmṛtiṭīkā zu ParDhSmṛti, 2, 15.2: 16 637 0;iti ||;PARTLY;+ iti - dhṛ;"Parāśarasmṛtiṭīkā" Parāśarasmṛtiṭīkā zu ParDhSmṛti, 2, 15.2: 16 644 3;iti ||;PARTLY;+ iti - dhṛ;"Parāśarasmṛtiṭīkā" Parāśarasmṛtiṭīkā zu ParDhSmṛti, 2, 15.2: 16 657 0;iti ||;PARTLY;+ iti - dhṛ;"Parāśarasmṛtiṭīkā" Parāśarasmṛtiṭīkā zu ParDhSmṛti, 2, 15.2: 16 665 0;iti ||;PARTLY;+ iti - dhṛ;"Parāśarasmṛtiṭīkā" Parāśarasmṛtiṭīkā zu ParDhSmṛti, 2, 15.2: 16 666 1;bhṛguḥ |;PARTLY;+ bhṛgu - dhṛ;"Parāśarasmṛtiṭīkā" Parāśarasmṛtiṭīkā zu ParDhSmṛti, 2, 15.2: 16 667 0;iti ||;PARTLY;+ iti - dhṛ;"Parāśarasmṛtiṭīkā" Parāśarasmṛtiṭīkā zu ParDhSmṛti, 2, 15.2: 16 671 0;iti ||;PARTLY;+ iti - dhṛ;"Parāśarasmṛtiṭīkā" Parāśarasmṛtiṭīkā zu ParDhSmṛti, 2, 15.2: 16 675 0;iti ||;PARTLY;+ iti - dhṛ;"Parāśarasmṛtiṭīkā" Parāśarasmṛtiṭīkā zu ParDhSmṛti, 2, 15.2: 16 679 0;iti ||;PARTLY;+ iti - dhṛ;"Parāśarasmṛtiṭīkā" Parāśarasmṛtiṭīkā zu ParDhSmṛti, 2, 15.2: 16 681 0;iti ||;PARTLY;+ iti - dhṛ;"Parāśarasmṛtiṭīkā" Parāśarasmṛtiṭīkā zu ParDhSmṛti, 2, 15.2: 16 683 0;iti ||;PARTLY;+ iti - dhṛ;"Parāśarasmṛtiṭīkā" Parāśarasmṛtiṭīkā zu ParDhSmṛti, 2, 15.2: 16 688 0;iti ||;PARTLY;+ iti - dhṛ;"Kāmasūtra" KāSū, 1, 1: 1 13 2;śāstrasaṃgrahaḥ |;PARTLY;+ śāstrasaṁgraha - dhṛ;"Kāmasūtra" KāSū, 1, 1: 1 13 21;puruṣāyitam |;PARTLY;+ puruṣāyita - dhṛ;"Kāmasūtra" KāSū, 1, 1: 1 13 23;aupariṣṭakam |;PARTLY;+ aupariṣṭaka - dhṛ;"Kāmasūtra" KāSū, 1, 1: 1 13 24;ratārambhāvasānikam |;PARTLY;+ ratārambhāvasānika - dhṛ;"Kāmasūtra" KāSū, 1, 1: 1 13 48;āntaḥpurikam |;PARTLY;+ āntaḥpurika - dhṛ;"Kāmasūtra" KāSū, 1, 1: 1 13 58;abhiyogāḥ |;PARTLY;+ abhiyoga - dhṛ;"Kāmasūtra" KāSū, 1, 1: 1 13 81;subhagaṃkaraṇam |;PARTLY;+ subhagaṁkaraṇa - dhṛ;"Kāmasūtra" KāSū, 1, 1: 1 13 82;vaśīkaraṇam |;PARTLY;+ vaśīkaraṇa - dhṛ;"Kāmasūtra" KāSū, 1, 4: 4 12 1;yakṣarātriḥ |;PARTLY;+ yakṣarātri - dhṛ;"Kāmasūtra" KāSū, 1, 4: 4 12 2;kaumudījāgaraḥ |;PARTLY;+ kaumudījāgara - dhṛ;"Kāmasūtra" KāSū, 1, 4: 4 12 3;suvasantakaḥ ||;PARTLY;+ suvasantaka - dhṛ;"Kāmasūtra" KāSū, 1, 5: 5 3 2;iti ||;PARTLY;+ iti - dhṛ;"Kāmasūtra" KāSū, 2, 2: 7 21 1;ityupasūhanayogā bābhravīyāḥ ||;PARTLY;+ bābhravīya - dhṛ;"Kāmasūtra" KāSū, 5, 1: 23 16 11;nirapatyā |;PARTLY;+ nirapatya - dhṛ;"Kāmasūtra" KāSū, 6, 3: 31 2 14;gṛhakarma |;PARTLY;+ gṛhakarman - dhṛ;"Kāmasūtra" KāSū, 6, 3: 31 7 9;anapekṣaṇam |;PARTLY;+ anapekṣaṇa - dhṛ;"Kūrmapurāṇa" KūPur, 2, 1: 52 3 1;tadvadāśeṣasaṃsāraduḥkhanāśam anuttamam |;PARTLY;+ anuttama - dhṛ;"Sūryaśatakaṭīkā" Sūryaśatakaṭīkā zu SūryaŚ, 1, 1.2: 1 4 0;kiṃbhūtam ||;PARTLY;+ kimbhūta - dhṛ;"Sūryaśatakaṭīkā" Sūryaśatakaṭīkā zu SūryaŚ, 1, 2.2: 2 7 0;kasmai ||;PARTLY;+ ka - dhṛ;"Sūryaśatakaṭīkā" Sūryaśatakaṭīkā zu SūryaŚ, 1, 3.2: 3 2 0;kān ||;PARTLY;+ ka - dhṛ;"Sūryaśatakaṭīkā" Sūryaśatakaṭīkā zu SūryaŚ, 1, 3.2: 3 3 0;vo yuṣmān ||;PARTLY;+ tvad - dhṛ;"Sūryaśatakaṭīkā" Sūryaśatakaṭīkā zu SūryaŚ, 1, 4.2: 4 8 0;kīdṛśe ||;PARTLY;+ kīdṛśa - dhṛ;"Sūryaśatakaṭīkā" Sūryaśatakaṭīkā zu SūryaŚ, 1, 4.2: 4 15 0;kīdṛśam ||;PARTLY;+ kīdṛśa - dhṛ;"Sūryaśatakaṭīkā" Sūryaśatakaṭīkā zu SūryaŚ, 1, 5.2: 5 10 0;tātsthyāt ||;PARTLY;+ tātsthya - dhṛ;"Sūryaśatakaṭīkā" Sūryaśatakaṭīkā zu SūryaŚ, 1, 6.2: 6 3 0;kiṃviśiṣṭāḥ ||;PARTLY;+ kiṁviśiṣṭa - dhṛ;"Sūryaśatakaṭīkā" Sūryaśatakaṭīkā zu SūryaŚ, 1, 6.2: 6 5 0;kaiḥ ||;PARTLY;+ ka - dhṛ;"Sūryaśatakaṭīkā" Sūryaśatakaṭīkā zu SūryaŚ, 1, 6.2: 6 9 0;kān ||;PARTLY;+ ka - dhṛ;"Sūryaśatakaṭīkā" Sūryaśatakaṭīkā zu SūryaŚ, 1, 7.2: 7 7 0;kim ||;PARTLY;+ ka - dhṛ;"Sūryaśatakaṭīkā" Sūryaśatakaṭīkā zu SūryaŚ, 1, 7.2: 7 18 0;kutaḥ ||;PARTLY;+ kutas - dhṛ;"Sūryaśatakaṭīkā" Sūryaśatakaṭīkā zu SūryaŚ, 1, 8.2: 8 3 0;kena ||;PARTLY;+ ka - dhṛ;"Sūryaśatakaṭīkā" Sūryaśatakaṭīkā zu SūryaŚ, 1, 8.2: 8 9 0;kiṃbhūtāḥ ||;PARTLY;+ kimbhūta - dhṛ;"Sūryaśatakaṭīkā" Sūryaśatakaṭīkā zu SūryaŚ, 1, 8.2: 8 14 0;kva ||;PARTLY;+ kva - dhṛ;"Sūryaśatakaṭīkā" Sūryaśatakaṭīkā zu SūryaŚ, 1, 9.2: 9 2 0;kiṃbhūtāḥ ||;PARTLY;+ kimbhūta - dhṛ;"Sūryaśatakaṭīkā" Sūryaśatakaṭīkā zu SūryaŚ, 1, 9.2: 9 4 0;kāsām ||;PARTLY;+ ka - dhṛ;"Sūryaśatakaṭīkā" Sūryaśatakaṭīkā zu SūryaŚ, 1, 9.2: 9 10 0;kva ||;PARTLY;+ kva - dhṛ;"Sūryaśatakaṭīkā" Sūryaśatakaṭīkā zu SūryaŚ, 1, 11.2: 11 5 0;kva ||;PARTLY;+ kva - dhṛ;"Sūryaśatakaṭīkā" Sūryaśatakaṭīkā zu SūryaŚ, 1, 11.2: 11 10 0;kva ||;PARTLY;+ kva - dhṛ;"Sūryaśatakaṭīkā" Sūryaśatakaṭīkā zu SūryaŚ, 1, 12.2: 12 6 0;kva ||;PARTLY;+ kva - dhṛ;"Sūryaśatakaṭīkā" Sūryaśatakaṭīkā zu SūryaŚ, 1, 12.2: 12 8 0;kiṃbhūte ||;PARTLY;+ kimbhūta - dhṛ;"Sūryaśatakaṭīkā" Sūryaśatakaṭīkā zu SūryaŚ, 1, 12.2: 12 12 0;kiṃbhūtāḥ ||;PARTLY;+ kimbhūta - dhṛ;"Sūryaśatakaṭīkā" Sūryaśatakaṭīkā zu SūryaŚ, 1, 12.2: 12 22 0;kaiḥ ||;PARTLY;+ ka - dhṛ;"Sūryaśatakaṭīkā" Sūryaśatakaṭīkā zu SūryaŚ, 1, 12.2: 12 25 0;katham ||;PARTLY;+ katham - dhṛ;"Sūryaśatakaṭīkā" Sūryaśatakaṭīkā zu SūryaŚ, 1, 13.2: 13 8 0;kaiḥ ||;PARTLY;+ ka - dhṛ;"Sūryaśatakaṭīkā" Sūryaśatakaṭīkā zu SūryaŚ, 1, 13.2: 13 10 0;kiyadbhiḥ ||;PARTLY;+ kiyat - dhṛ;"Sūryaśatakaṭīkā" Sūryaśatakaṭīkā zu SūryaŚ, 1, 14.2: 14 3 0;kiṃviśiṣṭāḥ ||;PARTLY;+ kiṁviśiṣṭa - dhṛ;"Sūryaśatakaṭīkā" Sūryaśatakaṭīkā zu SūryaŚ, 1, 14.2: 14 11 0;kva ||;PARTLY;+ kva - dhṛ;"Sūryaśatakaṭīkā" Sūryaśatakaṭīkā zu SūryaŚ, 1, 14.2: 14 16 0;kiṃbhūtāḥ ||;PARTLY;+ kimbhūta - dhṛ;"Sūryaśatakaṭīkā" Sūryaśatakaṭīkā zu SūryaŚ, 1, 15.2: 15 6 0;kasmin ||;PARTLY;+ ka - dhṛ;"Sūryaśatakaṭīkā" Sūryaśatakaṭīkā zu SūryaŚ, 1, 15.2: 15 11 0;kām ||;PARTLY;+ ka - dhṛ;"Sūryaśatakaṭīkā" Sūryaśatakaṭīkā zu SūryaŚ, 1, 15.2: 15 12 0;avasthām ||;PARTLY;+ avasthā - dhṛ;"Sūryaśatakaṭīkā" Sūryaśatakaṭīkā zu SūryaŚ, 1, 15.2: 15 13 0;kāsām ||;PARTLY;+ ka - dhṛ;"Sūryaśatakaṭīkā" Sūryaśatakaṭīkā zu SūryaŚ, 1, 15.2: 15 16 0;kīdṛśīm ||;PARTLY;+ kīdṛśa - dhṛ;"Sūryaśatakaṭīkā" Sūryaśatakaṭīkā zu SūryaŚ, 1, 16.2: 16 3 0;kiṃbhūtaḥ ||;PARTLY;+ kimbhūta - dhṛ;"Sūryaśatakaṭīkā" Sūryaśatakaṭīkā zu SūryaŚ, 1, 16.2: 16 5 0;kena ||;PARTLY;+ ka - dhṛ;"Sūryaśatakaṭīkā" Sūryaśatakaṭīkā zu SūryaŚ, 1, 17.2: 17 2 0;vo yuṣmākam ||;PARTLY;+ tvad - dhṛ;"Sūryaśatakaṭīkā" Sūryaśatakaṭīkā zu SūryaŚ, 1, 17.2: 17 5 0;dhvaṃsayitvā ||;PARTLY;+ dhvaṁsay - dhṛ;"Sūryaśatakaṭīkā" Sūryaśatakaṭīkā zu SūryaŚ, 1, 17.2: 17 6 0;kām ||;PARTLY;+ ka - dhṛ;"Sūryaśatakaṭīkā" Sūryaśatakaṭīkā zu SūryaŚ, 1, 17.2: 17 11 0;kathaṃbhūtām ||;PARTLY;+ kathaṁbhūta - dhṛ;"Śāṅkhāyanagṛhyasūtra" ŚGṛS, 1, 10: 6 3 1;śākhāpaśūnām ||;PARTLY;+ śākhāpaśu - dhṛ;"Arthaśāstra" ArthaŚ, 2, 10: 31 53 2;iti ||;PARTLY;+ iti - dhṛ;"Arthaśāstra" ArthaŚ, 2, 10: 31 56 2;iti ||;PARTLY;+ iti - dhṛ;"Arthaśāstra" ArthaŚ, 2, 10: 31 62 2;iti ||;PARTLY;+ iti - dhṛ;"Arthaśāstra" ArthaŚ, 2, 11: 32 55 2;iti ||;PARTLY;+ iti - dhṛ;"Arthaśāstra" ArthaŚ, 2, 11: 32 59 2;iti ||;PARTLY;+ iti - dhṛ;"Arthaśāstra" ArthaŚ, 2, 11: 32 68 2;iti ||;PARTLY;+ iti - dhṛ;"Arthaśāstra" ArthaŚ, 2, 11: 32 87 2;iti ||;PARTLY;+ iti - dhṛ;"Arthaśāstra" ArthaŚ, 2, 11: 32 91 2;iti ||;PARTLY;+ iti - dhṛ;"Arthaśāstra" ArthaŚ, 2, 11: 32 115 2;iti ||;PARTLY;+ iti - dhṛ;"Arthaśāstra" ArthaŚ, 4, 11: 50 5 1;vadhe vadhaḥ ||;PARTLY;+ vadha - dhṛ;"Arthaśāstra" ArthaŚ, 14, 3: 57 39 1;svāhā ||;PARTLY;+ svāhā - dhṛ;"Arthaśāstra" ArthaŚ, 14, 3: 57 52 1;svāhā ||;PARTLY;+ svāhā - dhṛ;"Nāṭyaśāstra" NāṭŚ, 6: 5 32 10;ucyate |;PARTLY;+ vac - dhṛ;"Nāṭyaśāstra" NāṭŚ, 6: 5 64 5;bhāvāś cāsyāsaṃmohotsāhāvegāmarṣacapalataugryagarvasvedavepathuromāñcagadgadādayaḥ |;PARTLY;+ bhāva - dhṛ;"Nāṭyaśāstra" NāṭŚ, 6: 5 64 9;ucyate |;PARTLY;+ vac - dhṛ;"Nāṭyaśāstra" NāṭŚ, 6: 5 64 13;kasmāt |;PARTLY;+ kasmāt - dhṛ;"Nāṭyaśāstravivṛti" NŚVi zu NāṭŚ, 6, 32.2: 1 31 1;tena |;PARTLY;+ tena - dhṛ;"Nāṭyaśāstravivṛti" NŚVi zu NāṭŚ, 6, 32.2: 1 32 0;iti ||;PARTLY;+ iti - dhṛ;"Nāṭyaśāstravivṛti" NŚVi zu NāṭŚ, 6, 32.2: 1 43 0;iti ||;PARTLY;+ iti - dhṛ;"Nāṭyaśāstravivṛti" NŚVi zu NāṭŚ, 6, 32.2: 1 52 1;iti ||;PARTLY;+ iti - dhṛ;"Nāṭyaśāstravivṛti" NŚVi zu NāṭŚ, 6, 32.2: 1 79 0;satyam ||;PARTLY;+ satya - dhṛ;"Nāṭyaśāstravivṛti" NŚVi zu NāṭŚ, 6, 32.2: 1 166 3;iti ||;PARTLY;+ iti - dhṛ;"Nāṭyaśāstravivṛti" NŚVi zu NāṭŚ, 6, 32.2: 1 169 0;iti ||;PARTLY;+ iti - dhṛ;"Nāṭyaśāstravivṛti" NŚVi zu NāṭŚ, 6, 66.2: 2 7 0;iti ||;PARTLY;+ iti - dhṛ;"Nāṭyaśāstravivṛti" NŚVi zu NāṭŚ, 6, 66.2: 2 41 0;iti ||;PARTLY;+ iti - dhṛ;"Nāṭyaśāstravivṛti" NŚVi zu NāṭŚ, 6, 66.2: 2 54 0;bhāve ṇyadantau ||;PARTLY;+ bhāva - dhṛ;"Sāṃkhyakārikābhāṣya" SKBh zu SāṃKār, 1.2: 1 3 11;kva |;PARTLY;+ kva - dhṛ;"Sāṃkhyakārikābhāṣya" SKBh zu SāṃKār, 1.2: 1 3 19;na |;PARTLY;+ na - dhṛ;"Sāṃkhyakārikābhāṣya" SKBh zu SāṃKār, 1.2: 1 3 27;yathā |;PARTLY;+ yathā - dhṛ;"Sāṃkhyakārikābhāṣya" SKBh zu SāṃKār, 1.2: 1 4 12;ucyate ||;PARTLY;+ vac - dhṛ;"Sāṃkhyakārikābhāṣya" SKBh zu SāṃKār, 2.2: 2 2 2;yathā |;PARTLY;+ yathā - dhṛ;"Sāṃkhyakārikābhāṣya" SKBh zu SāṃKār, 2.2: 2 3 6;ucyate |;PARTLY;+ vac - dhṛ;"Sāṃkhyakārikābhāṣya" SKBh zu SāṃKār, 3.2: 3 1 3;avikṛtiḥ |;PARTLY;+ avikṛti - dhṛ;"Sāṃkhyakārikābhāṣya" SKBh zu SāṃKār, 4.2: 4 1 1;dṛṣṭam |;PARTLY;+ dṛṣṭa - dhṛ;"Sāṃkhyakārikābhāṣya" SKBh zu SāṃKār, 4.2: 4 3 15;itaretarābhāvaḥ |;PARTLY;+ itaretarābhāva - dhṛ;"Sāṃkhyakārikābhāṣya" SKBh zu SāṃKār, 4.2: 4 4 2;pratibhānvāsasaṃjñānam iti |;PARTLY;+ iti - dhṛ;"Sāṃkhyakārikābhāṣya" SKBh zu SāṃKār, 7.2: 7 1 3;sāmīpyāt |;PARTLY;+ sāmīpya - dhṛ;"Sāṃkhyakārikābhāṣya" SKBh zu SāṃKār, 7.2: 7 1 9;saukṣmyāt |;PARTLY;+ saukṣmya - dhṛ;"Sāṃkhyakārikābhāṣya" SKBh zu SāṃKār, 7.2: 7 1 11;vyavadhānāt |;PARTLY;+ vyavadhāna - dhṛ;"Sāṃkhyakārikābhāṣya" SKBh zu SāṃKār, 7.2: 7 1 13;abhibhavāt |;PARTLY;+ abhibhava - dhṛ;"Sāṃkhyakārikābhāṣya" SKBh zu SāṃKār, 16.2: 16 1 2;triguṇataḥ triguṇāt |;PARTLY;+ triguṇa - dhṛ;"Sāṃkhyakārikābhāṣya" SKBh zu SāṃKār, 17.2: 17 4 0;kasmāt ||;PARTLY;+ kasmāt - dhṛ;"Sāṃkhyakārikābhāṣya" SKBh zu SāṃKār, 17.2: 17 16 0;adhiṣṭhānāt ||;PARTLY;+ adhiṣṭhāna - dhṛ;"Sāṃkhyakārikābhāṣya" SKBh zu SāṃKār, 20.2: 20 1 7;katham |;PARTLY;+ katham - dhṛ;"Sāṃkhyakārikābhāṣya" SKBh zu SāṃKār, 20.2: 20 1 13;ucyate ||;PARTLY;+ vac - dhṛ;"Sāṃkhyakārikābhāṣya" SKBh zu SāṃKār, 27.2: 27 1 25;katham |;PARTLY;+ katham - dhṛ;"Sāṃkhyakārikābhāṣya" SKBh zu SāṃKār, 30.2: 30 1 20;kiṃca ||;PARTLY;+ kiṁca - dhṛ;"Sāṃkhyakārikābhāṣya" SKBh zu SāṃKār, 32.2: 32 1 12;kiṃca ||;PARTLY;+ kiṁca - dhṛ;"Sāṃkhyakārikābhāṣya" SKBh zu SāṃKār, 36.2: 36 1 2;kiṃviśiṣṭāḥ |;PARTLY;+ kiṁviśiṣṭa - dhṛ;"Sāṃkhyakārikābhāṣya" SKBh zu SāṃKār, 41.2: 41 1 6;nirāśrayam |;PARTLY;+ nirāśraya - dhṛ;"Sāṃkhyakārikābhāṣya" SKBh zu SāṃKār, 42.2: 42 1 13;katham |;PARTLY;+ katham - dhṛ;"Sāṃkhyakārikābhāṣya" SKBh zu SāṃKār, 46.2: 46 1 6;aśaktiḥ |;PARTLY;+ aśakti - dhṛ;"Sāṃkhyakārikābhāṣya" SKBh zu SāṃKār, 51.2: 51 1 1;ūhaḥ |;PARTLY;+ ūha - dhṛ;"Sāṃkhyakārikābhāṣya" SKBh zu SāṃKār, 51.2: 51 1 17;dānam |;PARTLY;+ dāna - dhṛ;"Sāṃkhyakārikābhāṣya" SKBh zu SāṃKār, 56.2: 56 1 7;katham |;PARTLY;+ katham - dhṛ;"Sāṃkhyakārikābhāṣya" SKBh zu SāṃKār, 57.2: 57 1 3;kiṃca ||;PARTLY;+ kiṁca - dhṛ;"Sāṃkhyakārikābhāṣya" SKBh zu SāṃKār, 60.2: 60 1 2;katham |;PARTLY;+ katham - dhṛ;"Sāṃkhyakārikābhāṣya" SKBh zu SāṃKār, 61.2: 61 1 3;kasmāt |;PARTLY;+ kasmāt - dhṛ;"Sāṃkhyakārikābhāṣya" SKBh zu SāṃKār, 62.2: 62 2 4;ucyate ||;PARTLY;+ vac - dhṛ;"Sāṃkhyakārikābhāṣya" SKBh zu SāṃKār, 67.2: 67 1 2;katham |;PARTLY;+ katham - dhṛ;"Chāndogyopaniṣad" ChāUp, 1, 3: 3 6 2;prāṇa evot |;PARTLY;+ prāṇa - dhṛ;"Chāndogyopaniṣad" ChāUp, 1, 3: 3 6 6;annaṃ tham |;PARTLY;+ anna - dhṛ;"Chāndogyopaniṣad" ChāUp, 1, 3: 3 7 1;dyaur evot |;PARTLY;+ div - dhṛ;"Chāndogyopaniṣad" ChāUp, 1, 3: 3 7 3;pṛthivī tham |;PARTLY;+ pṛthivī - dhṛ;"Chāndogyopaniṣad" ChāUp, 1, 3: 3 7 4;āditya evot |;PARTLY;+ āditya - dhṛ;"Chāndogyopaniṣad" ChāUp, 1, 3: 3 7 6;agnis tham |;PARTLY;+ agni - dhṛ;"Chāndogyopaniṣad" ChāUp, 1, 3: 3 7 7;sāmaveda evot |;PARTLY;+ sāmaveda - dhṛ;"Chāndogyopaniṣad" ChāUp, 1, 3: 3 7 9;ṛgvedas tham |;PARTLY;+ ṛgveda - dhṛ;"Chāndogyopaniṣad" ChāUp, 1, 11: 11 5 3;prāṇam abhyujjihate |;PARTLY;+ prāṇa - dhṛ;"Chāndogyopaniṣad" ChāUp, 1, 12: 12 5 4;annapate 3.nnamihā 2..harā2..haro3miti ||;PARTLY;+ annapati - dhṛ;"Chāndogyopaniṣad" ChāUp, 3, 16: 53 5 5;prāṇā vāvādityāḥ |;PARTLY;+ prāṇa - dhṛ;"Chāndogyopaniṣad" ChāUp, 3, 17: 54 7 1;ādit pratnasya retasaḥ |;PARTLY;+ retas - dhṛ;"Chāndogyopaniṣad" ChāUp, 3, 17: 54 7 2;ud vayaṃ tamasaspari |;PARTLY;+ mad - dhṛ;"Chāndogyopaniṣad" ChāUp, 4, 17: 73 10 1;mānavaḥ |;PARTLY;+ mānava - dhṛ;"Chāndogyopaniṣad" ChāUp, 5, 10: 83 5 2;ākāśam |;PARTLY;+ ākāśa - dhṛ;"Chāndogyopaniṣad" ChāUp, 6, 7: 104 3 5;aśāna |;PARTLY;+ aś - dhṛ;"Chāndogyopaniṣad" ChāUp, 7, 9: 122 1 4;athavādraṣṭāśrotāmantāboddhākartāvijñātā bhavati |;PARTLY;+ bhū - dhṛ;"Chāndogyopaniṣad" ChāUp, 7, 26: 138 2 4;iti |;PARTLY;+ iti - dhṛ;"Nirukta" Nirukta, 1, 7: 7 5 0;jaritā garitā ||;PARTLY;+ jaritṛ - dhṛ;"Vaiśeṣikasūtra" VaiśSū, 1, 1: 1 26 1;rūpānāṃ rūpam ||;PARTLY;+ rūpa - dhṛ;"Vaiśeṣikasūtra" VaiśSū, 2, 2: 4 33 1;abhāvāt ||;PARTLY;+ abhāva - dhṛ;"Vaiśeṣikasūtra" VaiśSū, 2, 2: 4 35 1;doṣāt ||;PARTLY;+ doṣa - dhṛ;"Vaiśeṣikasūtra" VaiśSū, 6, 2: 12 3 0;cāturāśramyam upadhāccānupadhācca ||;PARTLY;+ cāturāśramya - dhṛ;"Vaiśeṣikasūtra" VaiśSū, 6, 2: 12 14 1;tṛpteḥ ||;PARTLY;+ tṛpti - dhṛ;"Vaiśeṣikasūtra" VaiśSū, 6, 2: 12 15 1;adṛṣṭāt ||;PARTLY;+ adṛṣṭa - dhṛ;"Vaiśeṣikasūtravṛtti" VaiSūVṛ zu VaiśSū, 2, 2, 2: 30 4 0;na ||;PARTLY;+ na - dhṛ;"Vaiśeṣikasūtravṛtti" VaiSūVṛ zu VaiśSū, 2, 2, 3: 31 2 0;kiṃca ||;PARTLY;+ kiṁca - dhṛ;"Vaiśeṣikasūtravṛtti" VaiSūVṛ zu VaiśSū, 2, 2, 6: 34 6 0;kiṃca ||;PARTLY;+ kiṁca - dhṛ;"Vaiśeṣikasūtravṛtti" VaiSūVṛ zu VaiśSū, 2, 2, 12.1: 40 3 1;kiṃca ||;PARTLY;+ kiṁca - dhṛ;"Vaiśeṣikasūtravṛtti" VaiSūVṛ zu VaiśSū, 2, 2, 28.1: 56 3 0;kiṃtu ||;PARTLY;+ kiṁtu - dhṛ;"Vaiśeṣikasūtravṛtti" VaiSūVṛ zu VaiśSū, 2, 2, 30: 58 2 0;kiṃca ||;PARTLY;+ kiṁca - dhṛ;"Vaiśeṣikasūtravṛtti" VaiSūVṛ zu VaiśSū, 2, 2, 31.1: 59 1 1;kiṃca ||;PARTLY;+ kiṁca - dhṛ;"Vaiśeṣikasūtravṛtti" VaiSūVṛ zu VaiśSū, 2, 2, 32.1: 60 2 1;kiṃca ||;PARTLY;+ kiṁca - dhṛ;"Vaiśeṣikasūtravṛtti" VaiSūVṛ zu VaiśSū, 3, 1, 12.1: 83 5 0;kiṃca ||;PARTLY;+ kiṁca - dhṛ;"Vaiśeṣikasūtravṛtti" VaiSūVṛ zu VaiśSū, 3, 2, 14: 101 6 0;nanu ||;PARTLY;+ nanu - dhṛ;"Vaiśeṣikasūtravṛtti" VaiSūVṛ zu VaiśSū, 4, 1, 12.1: 116 2 1;kutaḥ ||;PARTLY;+ kutas - dhṛ;"Vaiśeṣikasūtravṛtti" VaiSūVṛ zu VaiśSū, 4, 2, 3: 121 4 0;kutaḥ ||;PARTLY;+ kutas - dhṛ;"Vaiśeṣikasūtravṛtti" VaiSūVṛ zu VaiśSū, 4, 2, 8: 126 4 1;ataḥ ||;PARTLY;+ atas - dhṛ;"Vaiśeṣikasūtravṛtti" VaiSūVṛ zu VaiśSū, 6, 1, 6: 179 3 0;kutaḥ ||;PARTLY;+ kutas - dhṛ;"Vaiśeṣikasūtravṛtti" VaiSūVṛ zu VaiśSū, 6, 1, 13.1: 186 2 1;tataḥ ||;PARTLY;+ tatas - dhṛ;"Vaiśeṣikasūtravṛtti" VaiSūVṛ zu VaiśSū, 6, 2, 6: 197 3 1;kiṃca ||;PARTLY;+ kiṁca - dhṛ;"Vaiśeṣikasūtravṛtti" VaiSūVṛ zu VaiśSū, 6, 2, 8: 199 3 1;nanu ||;PARTLY;+ nanu - dhṛ;"Vaiśeṣikasūtravṛtti" VaiSūVṛ zu VaiśSū, 6, 2, 13.1: 204 3 0;kiñca ||;PARTLY;+ kiṁca - dhṛ;"Vaiśeṣikasūtravṛtti" VaiSūVṛ zu VaiśSū, 6, 2, 14.1: 205 2 0;kiṃca ||;PARTLY;+ kiṁca - dhṛ;"Vaiśeṣikasūtravṛtti" VaiSūVṛ zu VaiśSū, 6, 2, 15.1: 206 2 0;kiṃca ||;PARTLY;+ kiṁca - dhṛ;"Vaiśeṣikasūtravṛtti" VaiSūVṛ zu VaiśSū, 6, 2, 16.1: 207 3 0;tataḥ ||;PARTLY;+ tatas - dhṛ;"Vaiśeṣikasūtravṛtti" VaiSūVṛ zu VaiśSū, 7, 1, 3: 213 2 0;tatra ||;PARTLY;+ tatra - dhṛ;"Vaiśeṣikasūtravṛtti" VaiSūVṛ zu VaiśSū, 7, 1, 7: 217 2 0;yataḥ ||;PARTLY;+ yatas - dhṛ;"Vaiśeṣikasūtravṛtti" VaiSūVṛ zu VaiśSū, 7, 1, 18.1: 228 3 0;kutaḥ ||;PARTLY;+ kutas - dhṛ;"Vaiśeṣikasūtravṛtti" VaiSūVṛ zu VaiśSū, 7, 1, 25.1: 235 2 0;kiṃtu ||;PARTLY;+ kiṁtu - dhṛ;"Vaiśeṣikasūtravṛtti" VaiSūVṛ zu VaiśSū, 7, 1, 26.1: 236 2 0;tasya ||;PARTLY;+ tad - dhṛ;"Vaiśeṣikasūtravṛtti" VaiSūVṛ zu VaiśSū, 7, 1, 31: 241 2 0;tathā ||;PARTLY;+ tathā - dhṛ;"Vaiśeṣikasūtravṛtti" VaiSūVṛ zu VaiśSū, 8, 1, 1: 274 2 1;tasya ||;PARTLY;+ tad - dhṛ;"Vaiśeṣikasūtravṛtti" VaiSūVṛ zu VaiśSū, 9, 1.1: 291 4 0;paścāt ||;PARTLY;+ paścāt - dhṛ;"Vaiśeṣikasūtravṛtti" VaiSūVṛ zu VaiśSū, 9, 14.1: 304 2 1;kiṃca ||;PARTLY;+ kiṁca - dhṛ;"Sāṃkhyatattvakaumudī" STKau zu SāṃKār, 1.2: 1 2 1;iti |;PARTLY;+ iti - dhṛ;"Sāṃkhyatattvakaumudī" STKau zu SāṃKār, 1.2: 1 2 6;nirākaroti |;PARTLY;+ nirākṛ - dhṛ;"Sāṃkhyatattvakaumudī" STKau zu SāṃKār, 1.2: 1 2 8;kutaḥ |;PARTLY;+ kutas - dhṛ;"Sāṃkhyatattvakaumudī" STKau zu SāṃKār, 2.2: 2 2 1;tathā |;PARTLY;+ tathā - dhṛ;"Sāṃkhyatattvakaumudī" STKau zu SāṃKār, 2.2: 2 3 1;iti |;PARTLY;+ iti - dhṛ;"Sāṃkhyatattvakaumudī" STKau zu SāṃKār, 5.2: 5 2 1;iti |;PARTLY;+ iti - dhṛ;"Sāṃkhyatattvakaumudī" STKau zu SāṃKār, 5.2: 5 3 17;sārvavibhaktikas tasiḥ |;PARTLY;+ sārvavibhaktika - dhṛ;"Sāṃkhyatattvakaumudī" STKau zu SāṃKār, 5.2: 5 3 56;na |;PARTLY;+ na - dhṛ;"Sāṃkhyatattvakaumudī" STKau zu SāṃKār, 8.2: 7 1 22;kutaḥ |;PARTLY;+ kutas - dhṛ;"Sāṃkhyatattvakaumudī" STKau zu SāṃKār, 9.2: 8 2 1;iti |;PARTLY;+ iti - dhṛ;"Sāṃkhyatattvakaumudī" STKau zu SāṃKār, 10.2: 9 1 12;āśritam |;PARTLY;+ āśri - dhṛ;"Sāṃkhyatattvakaumudī" STKau zu SāṃKār, 11.2: 10 1 3;aviveki |;PARTLY;+ avivekin - dhṛ;"Sāṃkhyatattvakaumudī" STKau zu SāṃKār, 11.2: 10 1 13;acetanam |;PARTLY;+ acetana - dhṛ;"Sāṃkhyatattvakaumudī" STKau zu SāṃKār, 12.2: 11 1 46;iti |;PARTLY;+ iti - dhṛ;"Sāṃkhyatattvakaumudī" STKau zu SāṃKār, 15.2: 14 1 2;kutaḥ |;PARTLY;+ kutas - dhṛ;"Sāṃkhyatattvakaumudī" STKau zu SāṃKār, 15.2: 14 1 11;svārthikaḥ ṣyañ |;PARTLY;+ svārthika - dhṛ;"Sāṃkhyatattvakaumudī" STKau zu SāṃKār, 15.2: 14 1 30;samanvayāt |;PARTLY;+ samanvaya - dhṛ;"Buddhacarita" BCar, 4: 4 33 1;muhurmuhur madavyājasrastanīlāṃśukāparā |;PARTLY;+ muhur - dhṛ;"Yogasūtrabhāṣya" YSBhā zu YS, 1, 9.1: 8 1 7;yathā |;PARTLY;+ yathā - dhṛ;"Yogasūtrabhāṣya" YSBhā zu YS, 1, 9.1: 8 1 9;tathā |;PARTLY;+ tathā - dhṛ;"Yogasūtrabhāṣya" YSBhā zu YS, 1, 10.1: 9 1 2;katham |;PARTLY;+ katham - dhṛ;"Yogasūtrabhāṣya" YSBhā zu YS, 1, 24.1: 23 1 20;kasmāt |;PARTLY;+ kasmāt - dhṛ;"Yogasūtrabhāṣya" YSBhā zu YS, 1, 24.1: 23 2 1;kiṃca ||;PARTLY;+ kiṁca - dhṛ;"Yogasūtrabhāṣya" YSBhā zu YS, 1, 32.1: 31 1 11;katham |;PARTLY;+ katham - dhṛ;"Yogasūtrabhāṣya" YSBhā zu YS, 2, 4.1: 48 11 1;katham ||;PARTLY;+ katham - dhṛ;"Yogasūtrabhāṣya" YSBhā zu YS, 2, 4.1: 48 23 1;kasmāt ||;PARTLY;+ kasmāt - dhṛ;"Yogasūtrabhāṣya" YSBhā zu YS, 2, 9.1: 53 6 1;kasmāt ||;PARTLY;+ kasmāt - dhṛ;"Yogasūtrabhāṣya" YSBhā zu YS, 2, 13.1: 57 8 1;kasmāt ||;PARTLY;+ kasmāt - dhṛ;"Yogasūtrabhāṣya" YSBhā zu YS, 2, 13.1: 57 11 1;kasmāt ||;PARTLY;+ kasmāt - dhṛ;"Yogasūtrabhāṣya" YSBhā zu YS, 2, 13.1: 57 14 1;kasmāt ||;PARTLY;+ kasmāt - dhṛ;"Yogasūtrabhāṣya" YSBhā zu YS, 2, 13.1: 57 26 1;kasmāt ||;PARTLY;+ kasmāt - dhṛ;"Yogasūtrabhāṣya" YSBhā zu YS, 2, 13.1: 57 36 1;kasmāt ||;PARTLY;+ kasmāt - dhṛ;"Yogasūtrabhāṣya" YSBhā zu YS, 2, 15.1: 59 11 1;kasmāt ||;PARTLY;+ kasmāt - dhṛ;"Yogasūtrabhāṣya" YSBhā zu YS, 2, 15.1: 59 26 1;kasmāt ||;PARTLY;+ kasmāt - dhṛ;"Yogasūtrabhāṣya" YSBhā zu YS, 2, 17.1: 61 6 1;kasmāt ||;PARTLY;+ kasmāt - dhṛ;"Yogasūtrabhāṣya" YSBhā zu YS, 2, 17.1: 61 10 1;kasmāt ||;PARTLY;+ kasmāt - dhṛ;"Yogasūtrabhāṣya" YSBhā zu YS, 2, 17.1: 61 13 1;kasmāt ||;PARTLY;+ kasmāt - dhṛ;"Yogasūtrabhāṣya" YSBhā zu YS, 2, 19.1: 63 16 1;kasmāt ||;PARTLY;+ kasmāt - dhṛ;"Yogasūtrabhāṣya" YSBhā zu YS, 2, 20.1: 64 5 1;kasmāt ||;PARTLY;+ kasmāt - dhṛ;"Yogasūtrabhāṣya" YSBhā zu YS, 2, 20.1: 64 8 1;kasmāt ||;PARTLY;+ kasmāt - dhṛ;"Yogasūtrabhāṣya" YSBhā zu YS, 2, 20.1: 64 16 1;kasmāt ||;PARTLY;+ kasmāt - dhṛ;"Yogasūtrabhāṣya" YSBhā zu YS, 2, 21.1: 65 4 1;kasmāt ||;PARTLY;+ kasmāt - dhṛ;"Yogasūtrabhāṣya" YSBhā zu YS, 2, 28.1: 72 13 1;iti ||;PARTLY;+ iti - dhṛ;"Yogasūtrabhāṣya" YSBhā zu YS, 2, 29.1: 73 2 1;tatra ||;PARTLY;+ tatra - dhṛ;"Yogasūtrabhāṣya" YSBhā zu YS, 2, 40.1: 84 3 1;kiṃca ||;PARTLY;+ kiṁca - dhṛ;"Yogasūtrabhāṣya" YSBhā zu YS, 2, 42.1: 86 2 1;iti ||;PARTLY;+ iti - dhṛ;"Yogasūtrabhāṣya" YSBhā zu YS, 2, 45.1: 89 5 1;tatra ||;PARTLY;+ tatra - dhṛ;"Yogasūtrabhāṣya" YSBhā zu YS, 2, 52.1: 96 7 1;kiṃca ||;PARTLY;+ kiṁca - dhṛ;"Yogasūtrabhāṣya" YSBhā zu YS, 3, 35.1: 101 7 3;iti ||;PARTLY;+ iti - dhṛ;"Yogasūtrabhāṣya" YSBhā zu YS, 3, 45.1: 111 10 1;kasmāt ||;PARTLY;+ kasmāt - dhṛ;"Yogasūtrabhāṣya" YSBhā zu YS, 4, 6.1: 121 6 1;yataḥ ||;PARTLY;+ yatas - dhṛ;"Yogasūtrabhāṣya" YSBhā zu YS, 4, 9.1: 124 3 1;kasmāt ||;PARTLY;+ kasmāt - dhṛ;"Yogasūtrabhāṣya" YSBhā zu YS, 4, 10.1: 125 15 1;kathaṃ ||;PARTLY;+ katham - dhṛ;"Yogasūtrabhāṣya" YSBhā zu YS, 4, 13.1: 128 2 1;iti ||;PARTLY;+ iti - dhṛ;"Yogasūtrabhāṣya" YSBhā zu YS, 4, 15.1: 130 1 3;kathaṃ |;PARTLY;+ katham - dhṛ;"Yogasūtrabhāṣya" YSBhā zu YS, 4, 30.1: 138 5 1;iti ||;PARTLY;+ iti - dhṛ;"Nyāyasūtra" NyāSū, 2, 2: 4 25 0;sampradānāt ||;PARTLY;+ sampradāna - dhṛ;"Nyāyasūtra" NyāSū, 2, 2: 4 29 0;abhyāsāt ||;PARTLY;+ abhyāsa - dhṛ;"Nyāyasūtra" NyāSū, 4, 1: 7 2 0;tathā doṣāḥ ||;PARTLY;+ doṣa - dhṛ;"Nyāyasūtra" NyāSū, 5, 1: 9 25 0;aviśeṣasamaḥ ||;PARTLY;+ aviśeṣasama - dhṛ;"Nyāyasūtra" NyāSū, 5, 1: 9 27 0;ubhayokāraṇopapatter upapattisamaḥ ||;PARTLY;+ upapattisama - dhṛ;"Nyāyasūtra" NyāSū, 5, 1: 9 28 0;uapapattikāraṇābhyaniñjānād apratiṣedhaḥ ||;PARTLY;+ apratiṣedha - dhṛ;"Nyāyabhāṣya" NyāBh zu NyāSū, 3, 2, 41: 5 32 1;kasmāt ||;PARTLY;+ kasmāt - dhṛ;"Yājñavalkyasmṛti" YāSmṛ, 1: 1 170 1;saṃdhinyanirdaśāvatsāgopayaḥ parivarjayet |;PARTLY;+ parivarjay - dhṛ;"Yājñavalkyasmṛti" YāSmṛ, 3: 3 4 2;kāmodakaṃ sakhiprattāsvasrīyaśvaśurartvijām ||;PARTLY;+ kāmodaka - dhṛ;"Nighaṇṭuśeṣa" NighŚeṣa, 1: 1 2 1;puṣpaḥ [... au4 Zeichenjh] śukavṛkṣaḥ śukapriyaḥ |;PARTLY;+ śukapriya - dhṛ;"Tantrākhyāyikā" TAkhy, 1: 1 55 1;bhavatu ||;PARTLY;+ bhū - dhṛ;"Tantrākhyāyikā" TAkhy, 1: 1 73 1;muñca ||;PARTLY;+ muc - dhṛ;"Tantrākhyāyikā" TAkhy, 1: 1 93 1;paritrāyadhvam paritrāyadhvam ||;PARTLY;+ paritrā - dhṛ;"Tantrākhyāyikā" TAkhy, 1: 1 107 1;gomāyuḥ ||;PARTLY;+ gomāyu - dhṛ;"Tantrākhyāyikā" TAkhy, 1: 1 110 1;vāyasaḥ ||;PARTLY;+ vāyasa - dhṛ;"Tantrākhyāyikā" TAkhy, 1: 1 112 1;gomāyuḥ ||;PARTLY;+ gomāyu - dhṛ;"Tantrākhyāyikā" TAkhy, 1: 1 116 1;bakaḥ ||;PARTLY;+ baka - dhṛ;"Tantrākhyāyikā" TAkhy, 1: 1 122 1;kulīrakaḥ ||;PARTLY;+ kulīraka - dhṛ;"Tantrākhyāyikā" TAkhy, 1: 1 124 1;bakaḥ ||;PARTLY;+ baka - dhṛ;"Tantrākhyāyikā" TAkhy, 1: 1 135 1;bakaḥ ||;PARTLY;+ baka - dhṛ;"Tantrākhyāyikā" TAkhy, 1: 1 149 1;athavā ||;PARTLY;+ athavā - dhṛ;"Tantrākhyāyikā" TAkhy, 1: 1 164 1;gomāyuḥ ||;PARTLY;+ gomāyu - dhṛ;"Tantrākhyāyikā" TAkhy, 1: 1 195 1;śaśakaḥ ||;PARTLY;+ śaśaka - dhṛ;"Tantrākhyāyikā" TAkhy, 1: 1 197 1;siṃhaḥ ||;PARTLY;+ siṁha - dhṛ;"Tantrākhyāyikā" TAkhy, 1: 1 199 1;śaśaḥ ||;PARTLY;+ śaśa - dhṛ;"Tantrākhyāyikā" TAkhy, 1: 1 220 1;matkuṇaḥ ||;PARTLY;+ matkuṇa - dhṛ;"Tantrākhyāyikā" TAkhy, 1: 1 276 1;siṃhaḥ ||;PARTLY;+ siṁha - dhṛ;"Tantrākhyāyikā" TAkhy, 1: 1 290 1;katham ||;PARTLY;+ katham - dhṛ;"Tantrākhyāyikā" TAkhy, 1: 1 305 1;kākaḥ ||;PARTLY;+ kāka - dhṛ;"Tantrākhyāyikā" TAkhy, 1: 1 310 1;siṃhaḥ ||;PARTLY;+ siṁha - dhṛ;"Tantrākhyāyikā" TAkhy, 1: 1 311 1;katham ||;PARTLY;+ katham - dhṛ;"Tantrākhyāyikā" TAkhy, 1: 1 312 1;kākaḥ ||;PARTLY;+ kāka - dhṛ;"Tantrākhyāyikā" TAkhy, 1: 1 314 1;siṃhaḥ ||;PARTLY;+ siṁha - dhṛ;"Tantrākhyāyikā" TAkhy, 1: 1 315 1;kaṣṭam ||;PARTLY;+ kaṣṭa - dhṛ;"Tantrākhyāyikā" TAkhy, 1: 1 321 1;kākaḥ ||;PARTLY;+ kāka - dhṛ;"Tantrākhyāyikā" TAkhy, 1: 1 330 1;siṃhaḥ ||;PARTLY;+ siṁha - dhṛ;"Tantrākhyāyikā" TAkhy, 1: 1 332 1;kākaḥ ||;PARTLY;+ kāka - dhṛ;"Tantrākhyāyikā" TAkhy, 1: 1 376 1;ṭīṭibhaḥ ||;PARTLY;+ ṭīṭibha - dhṛ;"Tantrākhyāyikā" TAkhy, 1: 1 378 1;ṭīṭibhī ||;PARTLY;+ ṭīṭibhī - dhṛ;"Tantrākhyāyikā" TAkhy, 1: 1 484 1;svāmin ||;PARTLY;+ svāmin - dhṛ;"Tantrākhyāyikā" TAkhy, 1: 1 562 1;bakaḥ ||;PARTLY;+ baka - dhṛ;"Tantrākhyāyikā" TAkhy, 1: 1 627 1;paritrāyadhvam ||;PARTLY;+ paritrā - dhṛ;"Tantrākhyāyikā" TAkhy, 2: 2 63 1;iti ||;PARTLY;+ iti - dhṛ;"Tantrākhyāyikā" TAkhy, 2: 2 94 1;iti ||;PARTLY;+ iti - dhṛ;"Tantrākhyāyikā" TAkhy, 2: 2 123 1;sthīyatām ||;PARTLY;+ sthā - dhṛ;"Tantrākhyāyikā" TAkhy, 2: 2 129 1;yataḥ ||;PARTLY;+ yatas - dhṛ;"Tantrākhyāyikā" TAkhy, 2: 2 177 1;yatkāraṇam |;PARTLY;+ yatkāraṇam - dhṛ;"Tantrākhyāyikā" TAkhy, 2: 2 189 1;yatkāraṇam |;PARTLY;+ yatkāraṇam - dhṛ;"Tantrākhyāyikā" TAkhy, 2: 2 191 1;katham |;PARTLY;+ katham - dhṛ;"Tantrākhyāyikā" TAkhy, 2: 2 219 1;iti ||;PARTLY;+ iti - dhṛ;"Tantrākhyāyikā" TAkhy, 2: 2 384 1;iti ||;PARTLY;+ iti - dhṛ;"Daśakumāracarita" DKCar, 1, 4: 4 5 2;bhavatu |;PARTLY;+ bhū - dhṛ;"Daśakumāracarita" DKCar, 2, 1: 6 62 1;āgacchatu ||;PARTLY;+ āgam - dhṛ;"Daśakumāracarita" DKCar, 2, 2: 7 184 1;gaccha ||;PARTLY;+ gam - dhṛ;"Daśakumāracarita" DKCar, 2, 4: 9 150 0;śrūyatām ||;PARTLY;+ śru - dhṛ;"Daśakumāracarita" DKCar, 2, 5: 10 80 1;śrūyatām ||;PARTLY;+ śru - dhṛ;"Daśakumāracarita" DKCar, 2, 6: 11 41 1;nahi nahi ||;PARTLY;+ nahi - dhṛ;"Daśakumāracarita" DKCar, 2, 6: 11 260 1;sā tathaivopagrāhitavatī ||;PARTLY;+ tad - dhṛ;"Gautamadharmasūtra" GautDhS, 1, 1: 1 14 0;dvāviṃśate rājanyasya ||;PARTLY;+ rājanya - dhṛ;"Gautamadharmasūtra" GautDhS, 1, 2: 2 1 2;ahutāt |;PARTLY;+ ahuta - dhṛ;"Gautamadharmasūtra" GautDhS, 1, 2: 2 1 3;brahmacārī |;PARTLY;+ brahmacārin - dhṛ;"Gautamadharmasūtra" GautDhS, 1, 3: 3 11 1;ūrdhvaretāḥ ||;PARTLY;+ ūrdhvaretas - dhṛ;"Gautamadharmasūtra" GautDhS, 1, 3: 3 24 1;anārambhī ||;PARTLY;+ anārambhin - dhṛ;"Gautamadharmasūtra" GautDhS, 1, 7: 7 17 1;rasānāṃ rasaiḥ ||;PARTLY;+ rasa - dhṛ;"Gautamadharmasūtra" GautDhS, 1, 9: 9 2 1;snātakaḥ ||;PARTLY;+ snātaka - dhṛ;"Gautamadharmasūtra" GautDhS, 1, 9: 9 32 1;agnimukhopadhamanavigṛhyavādabahirgandhamālyadhāraṇapāpīyasāvalekhanabhāryāsahabhojanāñjantyavekṣaṇakudvārapraveśanapādapādadhāvanāsandīsthabhojananadībāhutaraṇavṛkṣaviṣamārohaṇāvarohaṇaprāṇavyāyacchanāni varjayet ||;PARTLY;+ varjay - dhṛ;"Gautamadharmasūtra" GautDhS, 1, 9: 9 40 1;na bhasmakarīṣakṛṣṭacchāyāpathikāmyeṣu ||;PARTLY;+ na - dhṛ;"Gautamadharmasūtra" GautDhS, 2, 3: 12 33 1;kāritākāyikāśikhādhibhogāś ca ||;PARTLY;+ ca - dhṛ;"Gautamadharmasūtra" GautDhS, 2, 3: 12 36 1;na śrotriyapravrajitarājapurṣaiḥ ||;PARTLY;+ na - dhṛ;"Gautamadharmasūtra" GautDhS, 2, 5: 14 11 1;yuddhe ||;PARTLY;+ yuddha - dhṛ;"Gautamadharmasūtra" GautDhS, 2, 6: 15 17 1;upapatiḥ |;PARTLY;+ upapati - dhṛ;"Gautamadharmasūtra" GautDhS, 2, 6: 15 21 2;guṇavantam ||;PARTLY;+ guṇavat - dhṛ;"Gautamadharmasūtra" GautDhS, 2, 7: 16 42 1;prasyandini ||;PARTLY;+ prasyandin - dhṛ;"Gautamadharmasūtra" GautDhS, 3, 4: 22 1 1;prāyaścittam ||;PARTLY;+ prāyaścitta - dhṛ;"Gautamadharmasūtra" GautDhS, 3, 6: 24 5 1;strīṣu ||;PARTLY;+ strī - dhṛ;"Kṛṣiparāśara" KṛṣiPar, 1: 1 43 3;adhamatamādhamamadhyamamahadatimahāmbhasāṃ nipātaḥ ||;PARTLY;+ nipāta - dhṛ;"Trikāṇḍaśeṣa" TriKŚ, 2: 1 71 1;kecukaṃ peculī pecā nārīco viśvalocanaḥ |;PARTLY;+ kecuka - dhṛ;"Viṣṇupurāṇa" ViPur, 4, 19: 75 18 3;iti ||;PARTLY;+ iti - dhṛ;"Viṣṇupurāṇa" ViPur, 4, 21: 77 18 3;iti ||;PARTLY;+ iti - dhṛ;"Viṣṇupurāṇa" ViPur, 5, 13: 93 31 1;dhvajavajrāṅkuśābjāṅkarekhāvantyāli paśyata |;PARTLY;+ paś - dhṛ;"Baudhāyanadharmasūtra" BaudhDhSū, 1, 1: 1 6 3;iti ||;PARTLY;+ iti - dhṛ;"Baudhāyanadharmasūtra" BaudhDhSū, 1, 1: 1 16 3;iti ||;PARTLY;+ iti - dhṛ;"Baudhāyanadharmasūtra" BaudhDhSū, 1, 8: 8 2 3;iti ||;PARTLY;+ iti - dhṛ;"Baudhāyanadharmasūtra" BaudhDhSū, 1, 8: 8 23 4;iti ||;PARTLY;+ iti - dhṛ;"Baudhāyanadharmasūtra" BaudhDhSū, 1, 8: 8 24 3;iti ||;PARTLY;+ iti - dhṛ;"Baudhāyanadharmasūtra" BaudhDhSū, 1, 8: 8 25 4;iti ||;PARTLY;+ iti - dhṛ;"Bṛhatkathāślokasaṃgraha" BKŚS, 5: 5 95 1;atha pakṣānilabhrāntasaṃbhāntajanavīkṣitaḥ |;PARTLY;+ atha - dhṛ;"Bṛhatkathāślokasaṃgraha" BKŚS, 7: 7 13 1;rūḍhā dāḍimagarbhābhadaśanodbhāsatiānanā |;PARTLY;+ ruh - dhṛ;"Bṛhatkathāślokasaṃgraha" BKŚS, 18: 18 583 2;mṛṣṭahāṭakadaṇḍālītaṭite paṭamaṇḍape ||;PARTLY;+ paṭamaṇḍapa - dhṛ;"Bṛhatkathāślokasaṃgraha" BKŚS, 20: 20 370 1;tataḥ pṛṣatagokarṇaparaṃparaparaṃparāḥ |;PARTLY;+ tatas - dhṛ;"Bṛhatkathāślokasaṃgraha" BKŚS, 20: 20 382 1;tataḥ paṭumarudvyastabhamsaskandhavasuṃdharaḥ |;PARTLY;+ tatas - dhṛ;"Kātyāyanasmṛti" KātySmṛ, 1: 1 226 1;dvāramārgakriyābhogajalavāhādike tathā |;PARTLY;+ tathā - dhṛ;"Kātyāyanasmṛti" KātySmṛ, 1: 1 230 2;yukticihneṅgitākāravākcakṣuśceṣṭitair nṛṇām ||;PARTLY;+ nṛ - dhṛ;"Nāradasmṛti" NāSmṛ, 2, 1: 4 60 2;gandhadravyairakāvetratūlamūlatuśād ṛte ||;PARTLY;+ ṛte - dhṛ;"Garuḍapurāṇa" GarPur, 1, 5: 5 1 1;irir uvāca |;PARTLY;+ vac - dhṛ;"Garuḍapurāṇa" GarPur, 1, 19: 19 10 1;divā ṣaḍedanetrādripañcatrimānuṣāṃśakaiḥ |;PARTLY;+ divā - dhṛ;"Garuḍapurāṇa" GarPur, 1, 45: 45 2 2;sabjakaumādakīcakraśaṅkhī vibhuḥ ||;PARTLY;+ vibhu - dhṛ;"Garuḍapurāṇa" GarPur, 1, 45: 45 6 1;cakrābjaśaṅkhagādine namaḥ |;PARTLY;+ namas - dhṛ;"Garuḍapurāṇa" GarPur, 1, 59: 59 40 1;kālaṃ pravadhyanniśaktidā neṣṭamanda |;PARTLY;+ kāla - dhṛ;"Garuḍapurāṇa" GarPur, 1, 117: 115 11 1;campakaiḥ svarṇavāyādojinmodakasaṃpradaḥ |;PARTLY;+ campaka - dhṛ;"Kāśikāvṛtti" Kāśikāvṛtti zu Aṣṭādhyāyī, 1, 1, 1.1: 1 1 3;āśvalāyanaḥ |;PARTLY;+ āśvalāyana - dhṛ;"Kāśikāvṛtti" Kāśikāvṛtti zu Aṣṭādhyāyī, 1, 1, 1.1: 1 1 4;aitikāyanaḥ |;PARTLY;+ aitikāyana - dhṛ;"Kāśikāvṛtti" Kāśikāvṛtti zu Aṣṭādhyāyī, 1, 1, 1.1: 1 1 5;aupagavaḥ |;PARTLY;+ aupagava - dhṛ;"Kāśikāvṛtti" Kāśikāvṛtti zu Aṣṭādhyāyī, 1, 1, 1.1: 1 1 6;aupamanyavaḥ |;PARTLY;+ aupamanyava - dhṛ;"Kāśikāvṛtti" Kāśikāvṛtti zu Aṣṭādhyāyī, 1, 1, 1.1: 1 1 7;śālīyaḥ |;PARTLY;+ śālīya - dhṛ;"Kāśikāvṛtti" Kāśikāvṛtti zu Aṣṭādhyāyī, 1, 1, 1.1: 1 1 8;mālīyaḥ |;PARTLY;+ mālīya - dhṛ;"Kāśikāvṛtti" Kāśikāvṛtti zu Aṣṭādhyāyī, 1, 1, 2.1: 2 1 3;taritā |;PARTLY;+ tṛ - dhṛ;"Kāśikāvṛtti" Kāśikāvṛtti zu Aṣṭādhyāyī, 1, 1, 2.1: 2 1 4;cetā |;PARTLY;+ ci - dhṛ;"Kāśikāvṛtti" Kāśikāvṛtti zu Aṣṭādhyāyī, 1, 1, 2.1: 2 1 5;stotā |;PARTLY;+ stu - dhṛ;"Kāśikāvṛtti" Kāśikāvṛtti zu Aṣṭādhyāyī, 1, 1, 2.1: 2 1 6;jayanti |;PARTLY;+ ji - dhṛ;"Kāśikāvṛtti" Kāśikāvṛtti zu Aṣṭādhyāyī, 1, 1, 3.1: 3 1 6;nayati |;PARTLY;+ nī - dhṛ;"Kāśikāvṛtti" Kāśikāvṛtti zu Aṣṭādhyāyī, 1, 1, 3.1: 3 1 7;bhavati |;PARTLY;+ bhū - dhṛ;"Kāśikāvṛtti" Kāśikāvṛtti zu Aṣṭādhyāyī, 1, 1, 3.1: 3 1 9;ahārṣīt |;PARTLY;+ hṛ - dhṛ;"Kāśikāvṛtti" Kāśikāvṛtti zu Aṣṭādhyāyī, 1, 1, 3.1: 3 1 10;acaiṣīt |;PARTLY;+ ci - dhṛ;"Kāśikāvṛtti" Kāśikāvṛtti zu Aṣṭādhyāyī, 1, 1, 3.1: 3 1 11;anaiṣīt |;PARTLY;+ nī - dhṛ;"Kāśikāvṛtti" Kāśikāvṛtti zu Aṣṭādhyāyī, 1, 1, 3.1: 3 1 12;alāvīt |;PARTLY;+ lū - dhṛ;"Kāśikāvṛtti" Kāśikāvṛtti zu Aṣṭādhyāyī, 1, 1, 3.1: 3 1 13;astāvīt |;PARTLY;+ stu - dhṛ;"Kāśikāvṛtti" Kāśikāvṛtti zu Aṣṭādhyāyī, 1, 1, 3.1: 3 1 18;medyate |;PARTLY;+ med - dhṛ;"Kāśikāvṛtti" Kāśikāvṛtti zu Aṣṭādhyāyī, 1, 1, 3.1: 3 1 19;abibhayuḥ |;PARTLY;+ bhī - dhṛ;"Kāśikāvṛtti" Kāśikāvṛtti zu Aṣṭādhyāyī, 1, 1, 3.1: 3 1 21;yānam |;PARTLY;+ yāna - dhṛ;"Kāśikāvṛtti" Kāśikāvṛtti zu Aṣṭādhyāyī, 1, 1, 3.1: 3 1 22;glāyati |;PARTLY;+ glā - dhṛ;"Kāśikāvṛtti" Kāśikāvṛtti zu Aṣṭādhyāyī, 1, 1, 4.1: 4 1 2;loluvaḥ |;PARTLY;+ loluva - dhṛ;"Kāśikāvṛtti" Kāśikāvṛtti zu Aṣṭādhyāyī, 1, 1, 4.1: 4 1 3;popuvaḥ |;PARTLY;+ popuva - dhṛ;"Kāśikāvṛtti" Kāśikāvṛtti zu Aṣṭādhyāyī, 1, 1, 4.1: 4 1 4;marīmṛjaḥ |;PARTLY;+ marīmṛja - dhṛ;"Kāśikāvṛtti" Kāśikāvṛtti zu Aṣṭādhyāyī, 1, 1, 5.1: 5 1 3;citaḥ citavān |;PARTLY;+ ci - dhṛ;"Kāśikāvṛtti" Kāśikāvṛtti zu Aṣṭādhyāyī, 1, 1, 5.1: 5 1 4;stutaḥ stutavān |;PARTLY;+ stu - dhṛ;"Kāśikāvṛtti" Kāśikāvṛtti zu Aṣṭādhyāyī, 1, 1, 5.1: 5 1 5;bhinnaḥ bhinnavān |;PARTLY;+ bhid - dhṛ;"Kāśikāvṛtti" Kāśikāvṛtti zu Aṣṭādhyāyī, 1, 1, 5.1: 5 1 8;mṛṣṭaḥ mṛjanti |;PARTLY;+ mṛj - dhṛ;"Kāśikāvṛtti" Kāśikāvṛtti zu Aṣṭādhyāyī, 1, 1, 5.1: 5 1 11;bhūṣṇuḥ |;PARTLY;+ bhūṣṇu - dhṛ;"Kāśikāvṛtti" Kāśikāvṛtti zu Aṣṭādhyāyī, 1, 1, 5.1: 5 1 16;parimṛjanti parimārjanti |;PARTLY;+ parimṛj - dhṛ;"Kāśikāvṛtti" Kāśikāvṛtti zu Aṣṭādhyāyī, 1, 1, 5.1: 5 1 17;parimṛjantu parimārjantu |;PARTLY;+ parimṛj - dhṛ;"Kāśikāvṛtti" Kāśikāvṛtti zu Aṣṭādhyāyī, 1, 1, 8.1: 8 1 5;cana āṁ indraḥ |;PARTLY;+ indra - dhṛ;"Kāśikāvṛtti" Kāśikāvṛtti zu Aṣṭādhyāyī, 1, 1, 13.1: 13 1 4;asme indrābṛhaspatī |;PARTLY;+ indrābṛhaspati - dhṛ;"Kāśikāvṛtti" Kāśikāvṛtti zu Aṣṭādhyāyī, 1, 1, 13.1: 13 1 5;yuṣme iti |;PARTLY;+ iti - dhṛ;"Kāśikāvṛtti" Kāśikāvṛtti zu Aṣṭādhyāyī, 1, 1, 13.1: 13 1 6;asme iti |;PARTLY;+ iti - dhṛ;"Kāśikāvṛtti" Kāśikāvṛtti zu Aṣṭādhyāyī, 1, 1, 13.1: 13 1 7;tve rāyaḥ |;PARTLY;+ rai - dhṛ;"Kāśikāvṛtti" Kāśikāvṛtti zu Aṣṭādhyāyī, 1, 1, 13.1: 13 1 9;tve iti |;PARTLY;+ iti - dhṛ;"Kāśikāvṛtti" Kāśikāvṛtti zu Aṣṭādhyāyī, 1, 1, 19.1: 19 1 -1;nadyātiḥ |;PARTLY;+ nadyāti - dhṛ;"Kāśikāvṛtti" Kāśikāvṛtti zu Aṣṭādhyāyī, 1, 1, 20.1: 20 1 2;ḍudāñ praṇidadāti |;PARTLY;+ praṇidā - dhṛ;"Kāśikāvṛtti" Kāśikāvṛtti zu Aṣṭādhyāyī, 1, 1, 20.1: 20 1 3;dāṇ praṇidātā |;PARTLY;+ praṇidā - dhṛ;"Kāśikāvṛtti" Kāśikāvṛtti zu Aṣṭādhyāyī, 1, 1, 20.1: 20 1 6;ḍudhāñ praṇidadhāti |;PARTLY;+ praṇidhā - dhṛ;"Kāśikāvṛtti" Kāśikāvṛtti zu Aṣṭādhyāyī, 1, 1, 22.1: 22 1 2;kumāritarā |;PARTLY;+ kumāritarā - dhṛ;"Kāśikāvṛtti" Kāśikāvṛtti zu Aṣṭādhyāyī, 1, 1, 23.1: 23 1 3;bahudhā |;PARTLY;+ bahudhā - dhṛ;"Kāśikāvṛtti" Kāśikāvṛtti zu Aṣṭādhyāyī, 1, 1, 23.1: 23 1 4;bahukaḥ |;PARTLY;+ bahuka - dhṛ;"Kāśikāvṛtti" Kāśikāvṛtti zu Aṣṭādhyāyī, 1, 1, 23.1: 23 1 5;bahuśaḥ |;PARTLY;+ bahuśas - dhṛ;"Kāśikāvṛtti" Kāśikāvṛtti zu Aṣṭādhyāyī, 1, 1, 23.1: 23 1 7;gaṇadhā |;PARTLY;+ gaṇadhā - dhṛ;"Kāśikāvṛtti" Kāśikāvṛtti zu Aṣṭādhyāyī, 1, 1, 23.1: 23 1 8;gaṇakaḥ |;PARTLY;+ gaṇaka - dhṛ;"Kāśikāvṛtti" Kāśikāvṛtti zu Aṣṭādhyāyī, 1, 1, 23.1: 23 1 9;gaṇaśaḥ |;PARTLY;+ gaṇaśas - dhṛ;"Kāśikāvṛtti" Kāśikāvṛtti zu Aṣṭādhyāyī, 1, 1, 23.1: 23 1 11;tāvaddhā |;PARTLY;+ tāvaddhā - dhṛ;"Kāśikāvṛtti" Kāśikāvṛtti zu Aṣṭādhyāyī, 1, 1, 23.1: 23 1 12;tāvatkaḥ |;PARTLY;+ tāvatka - dhṛ;"Kāśikāvṛtti" Kāśikāvṛtti zu Aṣṭādhyāyī, 1, 1, 23.1: 23 1 13;tāvacchaḥ |;PARTLY;+ tāvacchas - dhṛ;"Kāśikāvṛtti" Kāśikāvṛtti zu Aṣṭādhyāyī, 1, 1, 23.1: 23 1 15;katidhā |;PARTLY;+ katidhā - dhṛ;"Kāśikāvṛtti" Kāśikāvṛtti zu Aṣṭādhyāyī, 1, 1, 23.1: 23 1 16;katikaḥ |;PARTLY;+ katika - dhṛ;"Kāśikāvṛtti" Kāśikāvṛtti zu Aṣṭādhyāyī, 1, 1, 23.1: 23 1 17;katiśaḥ |;PARTLY;+ katiśas - dhṛ;"Kāśikāvṛtti" Kāśikāvṛtti zu Aṣṭādhyāyī, 1, 1, 24.1: 24 1 6;sapta |;PARTLY;+ saptan - dhṛ;"Kāśikāvṛtti" Kāśikāvṛtti zu Aṣṭādhyāyī, 1, 1, 24.1: 24 1 7;nava |;PARTLY;+ navan - dhṛ;"Kāśikāvṛtti" Kāśikāvṛtti zu Aṣṭādhyāyī, 1, 1, 24.1: 24 1 8;daśa |;PARTLY;+ daśan - dhṛ;"Kāśikāvṛtti" Kāśikāvṛtti zu Aṣṭādhyāyī, 1, 1, 26.1: 26 1 2;kṛtaḥ |;PARTLY;+ kṛ - dhṛ;"Kāśikāvṛtti" Kāśikāvṛtti zu Aṣṭādhyāyī, 1, 1, 26.1: 26 1 3;kṛtavān |;PARTLY;+ kṛ - dhṛ;"Kāśikāvṛtti" Kāśikāvṛtti zu Aṣṭādhyāyī, 1, 1, 26.1: 26 1 4;bhuktaḥ |;PARTLY;+ bhuj - dhṛ;"Kāśikāvṛtti" Kāśikāvṛtti zu Aṣṭādhyāyī, 1, 1, 26.1: 26 1 5;bhuktavān |;PARTLY;+ bhuj - dhṛ;"Kāśikāvṛtti" Kāśikāvṛtti zu Aṣṭādhyāyī, 1, 1, 27.1: 27 1 2;sarvaḥ sarvau sarve |;PARTLY;+ sarva - dhṛ;"Kāśikāvṛtti" Kāśikāvṛtti zu Aṣṭādhyāyī, 1, 1, 27.1: 27 1 3;sarvasmai |;PARTLY;+ sarva - dhṛ;"Kāśikāvṛtti" Kāśikāvṛtti zu Aṣṭādhyāyī, 1, 1, 27.1: 27 1 4;sarvasmāt |;PARTLY;+ sarva - dhṛ;"Kāśikāvṛtti" Kāśikāvṛtti zu Aṣṭādhyāyī, 1, 1, 27.1: 27 1 5;sarveṣām |;PARTLY;+ sarva - dhṛ;"Kāśikāvṛtti" Kāśikāvṛtti zu Aṣṭādhyāyī, 1, 1, 27.1: 27 1 6;sarvasmin |;PARTLY;+ sarva - dhṛ;"Kāśikāvṛtti" Kāśikāvṛtti zu Aṣṭādhyāyī, 1, 1, 27.1: 27 1 7;sarvakaḥ |;PARTLY;+ sarvaka - dhṛ;"Kāśikāvṛtti" Kāśikāvṛtti zu Aṣṭādhyāyī, 1, 1, 27.1: 27 1 8;viśvaḥ viśvau viśve |;PARTLY;+ viśva - dhṛ;"Kāśikāvṛtti" Kāśikāvṛtti zu Aṣṭādhyāyī, 1, 1, 27.1: 27 1 9;viśvasmai |;PARTLY;+ viśva - dhṛ;"Kāśikāvṛtti" Kāśikāvṛtti zu Aṣṭādhyāyī, 1, 1, 27.1: 27 1 10;viśvasmāt |;PARTLY;+ viśva - dhṛ;"Kāśikāvṛtti" Kāśikāvṛtti zu Aṣṭādhyāyī, 1, 1, 27.1: 27 1 11;viśveṣām |;PARTLY;+ viśva - dhṛ;"Kāśikāvṛtti" Kāśikāvṛtti zu Aṣṭādhyāyī, 1, 1, 27.1: 27 1 12;viśvasmin |;PARTLY;+ viśva - dhṛ;"Kāśikāvṛtti" Kāśikāvṛtti zu Aṣṭādhyāyī, 1, 1, 27.1: 27 1 13;viśvakaḥ |;PARTLY;+ viśvaka - dhṛ;"Kāśikāvṛtti" Kāśikāvṛtti zu Aṣṭādhyāyī, 1, 1, 27.1: 27 1 14;ubha |;PARTLY;+ ubh - dhṛ;"Kāśikāvṛtti" Kāśikāvṛtti zu Aṣṭādhyāyī, 1, 1, 27.1: 27 1 15;ubhaya |;PARTLY;+ ubhaya - dhṛ;"Kāśikāvṛtti" Kāśikāvṛtti zu Aṣṭādhyāyī, 1, 1, 27.1: 27 1 18;ubhaye |;PARTLY;+ ubhaya - dhṛ;"Kāśikāvṛtti" Kāśikāvṛtti zu Aṣṭādhyāyī, 1, 1, 27.1: 27 1 19;ubhayasmai |;PARTLY;+ ubhaya - dhṛ;"Kāśikāvṛtti" Kāśikāvṛtti zu Aṣṭādhyāyī, 1, 1, 27.1: 27 1 20;ubhayasmāt |;PARTLY;+ ubhaya - dhṛ;"Kāśikāvṛtti" Kāśikāvṛtti zu Aṣṭādhyāyī, 1, 1, 27.1: 27 1 21;ubhayeṣām |;PARTLY;+ ubhaya - dhṛ;"Kāśikāvṛtti" Kāśikāvṛtti zu Aṣṭādhyāyī, 1, 1, 27.1: 27 1 22;ubhayasmin |;PARTLY;+ ubhaya - dhṛ;"Kāśikāvṛtti" Kāśikāvṛtti zu Aṣṭādhyāyī, 1, 1, 27.1: 27 1 25;katarasmai katamasmai |;PARTLY;+ katama - dhṛ;"Kāśikāvṛtti" Kāśikāvṛtti zu Aṣṭādhyāyī, 1, 1, 27.1: 27 1 29;itarasmai |;PARTLY;+ itara - dhṛ;"Kāśikāvṛtti" Kāśikāvṛtti zu Aṣṭādhyāyī, 1, 1, 27.1: 27 1 30;anyasmai |;PARTLY;+ anya - dhṛ;"Kāśikāvṛtti" Kāśikāvṛtti zu Aṣṭādhyāyī, 1, 1, 27.1: 27 1 37;nema nemasmai |;PARTLY;+ nema - dhṛ;"Kāśikāvṛtti" Kāśikāvṛtti zu Aṣṭādhyāyī, 1, 1, 33.1: 33 1 4;prathame prathamāḥ |;PARTLY;+ prathama - dhṛ;"Kāśikāvṛtti" Kāśikāvṛtti zu Aṣṭādhyāyī, 1, 1, 33.1: 33 1 5;carame caramāḥ |;PARTLY;+ carama - dhṛ;"Kāśikāvṛtti" Kāśikāvṛtti zu Aṣṭādhyāyī, 1, 1, 33.1: 33 1 6;dvitaye dvitayāḥ |;PARTLY;+ dvitaya - dhṛ;"Kāśikāvṛtti" Kāśikāvṛtti zu Aṣṭādhyāyī, 1, 1, 33.1: 33 1 7;alpe alpāḥ |;PARTLY;+ alpa - dhṛ;"Kāśikāvṛtti" Kāśikāvṛtti zu Aṣṭādhyāyī, 1, 1, 33.1: 33 1 8;ardhe ardhāḥ |;PARTLY;+ ardha - dhṛ;"Kāśikāvṛtti" Kāśikāvṛtti zu Aṣṭādhyāyī, 1, 1, 33.1: 33 1 9;katipaye katipayāḥ |;PARTLY;+ katipaya - dhṛ;"Kāśikāvṛtti" Kāśikāvṛtti zu Aṣṭādhyāyī, 1, 1, 33.1: 33 1 10;neme nemāḥ |;PARTLY;+ nema - dhṛ;"Kāśikāvṛtti" Kāśikāvṛtti zu Aṣṭādhyāyī, 1, 1, 34.1: 34 1 4;pūrve pūrvāḥ |;PARTLY;+ pūrva - dhṛ;"Kāśikāvṛtti" Kāśikāvṛtti zu Aṣṭādhyāyī, 1, 1, 34.1: 34 1 5;pare parāḥ |;PARTLY;+ para - dhṛ;"Kāśikāvṛtti" Kāśikāvṛtti zu Aṣṭādhyāyī, 1, 1, 34.1: 34 1 6;avare avarāḥ |;PARTLY;+ avara - dhṛ;"Kāśikāvṛtti" Kāśikāvṛtti zu Aṣṭādhyāyī, 1, 1, 34.1: 34 1 7;dakṣiṇe dakṣiṇāḥ |;PARTLY;+ dakṣiṇa - dhṛ;"Kāśikāvṛtti" Kāśikāvṛtti zu Aṣṭādhyāyī, 1, 1, 34.1: 34 1 8;uttare uttarāḥ |;PARTLY;+ uttara - dhṛ;"Kāśikāvṛtti" Kāśikāvṛtti zu Aṣṭādhyāyī, 1, 1, 34.1: 34 1 9;apare aparāḥ |;PARTLY;+ apara - dhṛ;"Kāśikāvṛtti" Kāśikāvṛtti zu Aṣṭādhyāyī, 1, 1, 34.1: 34 1 10;adhare adharāḥ |;PARTLY;+ adhara - dhṛ;"Kāśikāvṛtti" Kāśikāvṛtti zu Aṣṭādhyāyī, 1, 1, 36.1: 36 1 11;apurīti vaktavyam |;PARTLY;+ vac - dhṛ;"Kāśikāvṛtti" Kāśikāvṛtti zu Aṣṭādhyāyī, 1, 1, 36.1: 36 1 14;dvitīyasmai dvitīyāya |;PARTLY;+ dvitīya - dhṛ;"Kāśikāvṛtti" Kāśikāvṛtti zu Aṣṭādhyāyī, 1, 1, 36.1: 36 1 15;tṛtīyasmai tṛtīyāya ||;PARTLY;+ tṛtīya - dhṛ;"Kāśikāvṛtti" Kāśikāvṛtti zu Aṣṭādhyāyī, 1, 1, 39.1: 39 1 3;saṃpannaṃkāraṃ bhuṅkte |;PARTLY;+ bhuj - dhṛ;"Kāśikāvṛtti" Kāśikāvṛtti zu Aṣṭādhyāyī, 1, 1, 39.1: 39 1 4;lavaṇaṃkāraṃ bhuṅkte |;PARTLY;+ bhuj - dhṛ;"Kāśikāvṛtti" Kāśikāvṛtti zu Aṣṭādhyāyī, 1, 1, 40.1: 40 1 2;kṛtvā |;PARTLY;+ kṛ - dhṛ;"Kāśikāvṛtti" Kāśikāvṛtti zu Aṣṭādhyāyī, 1, 1, 40.1: 40 1 3;hṛtvā |;PARTLY;+ hṛ - dhṛ;"Kāśikāvṛtti" Kāśikāvṛtti zu Aṣṭādhyāyī, 1, 1, 40.1: 40 1 5;purā vatsānāmapākartoḥ |;PARTLY;+ purā - dhṛ;"Kāśikāvṛtti" Kāśikāvṛtti zu Aṣṭādhyāyī, 1, 1, 40.1: 40 1 7;kasun sṛpitṛdoḥ kasun |;PARTLY;+ kasun - dhṛ;"Kāśikāvṛtti" Kāśikāvṛtti zu Aṣṭādhyāyī, 1, 1, 42.1: 42 1 5;dadhīni |;PARTLY;+ dadhi - dhṛ;"Kāśikāvṛtti" Kāśikāvṛtti zu Aṣṭādhyāyī, 1, 1, 42.1: 42 1 6;madhūni |;PARTLY;+ madhu - dhṛ;"Kāśikāvṛtti" Kāśikāvṛtti zu Aṣṭādhyāyī, 1, 1, 42.1: 42 1 7;trapūṇi |;PARTLY;+ trapu - dhṛ;"Kāśikāvṛtti" Kāśikāvṛtti zu Aṣṭādhyāyī, 1, 1, 42.1: 42 1 8;jatūni |;PARTLY;+ jatu - dhṛ;"Kāśikāvṛtti" Kāśikāvṛtti zu Aṣṭādhyāyī, 1, 1, 43.1: 43 1 4;rājā rājānau rājānaḥ |;PARTLY;+ rājan - dhṛ;"Kāśikāvṛtti" Kāśikāvṛtti zu Aṣṭādhyāyī, 1, 1, 43.1: 43 1 5;rājānam rājānau |;PARTLY;+ rājan - dhṛ;"Kāśikāvṛtti" Kāśikāvṛtti zu Aṣṭādhyāyī, 1, 1, 44.1: 44 1 8;śuśuvatuḥ śiśviyatuḥ |;PARTLY;+ śvi - dhṛ;"Kāśikāvṛtti" Kāśikāvṛtti zu Aṣṭādhyāyī, 1, 1, 47: 45 1 5;viruṇaddhi |;PARTLY;+ virudh - dhṛ;"Kāśikāvṛtti" Kāśikāvṛtti zu Aṣṭādhyāyī, 1, 1, 47: 45 1 6;muñcati |;PARTLY;+ muc - dhṛ;"Kāśikāvṛtti" Kāśikāvṛtti zu Aṣṭādhyāyī, 1, 1, 47: 45 1 7;payāṃsi |;PARTLY;+ payas - dhṛ;"Kāśikāvṛtti" Kāśikāvṛtti zu Aṣṭādhyāyī, 1, 1, 47: 45 1 10;magnaḥ |;PARTLY;+ majj - dhṛ;"Kāśikāvṛtti" Kāśikāvṛtti zu Aṣṭādhyāyī, 1, 1, 47: 45 1 11;magnavān |;PARTLY;+ majj - dhṛ;"Kāśikāvṛtti" Kāśikāvṛtti zu Aṣṭādhyāyī, 1, 1, 47: 45 1 12;maṅktā |;PARTLY;+ maṅktṛ - dhṛ;"Kāśikāvṛtti" Kāśikāvṛtti zu Aṣṭādhyāyī, 1, 1, 47: 45 1 13;maṅktum ||;PARTLY;+ majj - dhṛ;"Kāśikāvṛtti" Kāśikāvṛtti zu Aṣṭādhyāyī, 6, 1, 90: 46 4 0;aikṣiṣṭa ||;PARTLY;+ īkṣ - dhṛ;"Kāśikāvṛtti" Kāśikāvṛtti zu Aṣṭādhyāyī, 6, 1, 90: 46 5 0;aikṣata ||;PARTLY;+ īkṣ - dhṛ;"Kāśikāvṛtti" Kāśikāvṛtti zu Aṣṭādhyāyī, 6, 1, 90: 46 8 0;ārdhnot ||;PARTLY;+ ṛdh - dhṛ;"Aṣṭādhyāyī" Aṣṭādhyāyī, 1, 1: 1 13 1;śe ||;PARTLY;+ śe - dhṛ;"Aṣṭādhyāyī" Aṣṭādhyāyī, 1, 1: 1 17 1;uñaḥ ||;PARTLY;+ uñ - dhṛ;"Aṣṭādhyāyī" Aṣṭādhyāyī, 1, 1: 1 18 1;ūṃ ||;PARTLY;+ ūṁ - dhṛ;"Aṣṭādhyāyī" Aṣṭādhyāyī, 1, 4: 4 23 0;kārake ||;PARTLY;+ kāraka - dhṛ;"Aṣṭādhyāyī" Aṣṭādhyāyī, 1, 4: 4 83 0;karmapravacanīyāḥ ||;PARTLY;+ karmapravacanīya - dhṛ;"Aṣṭādhyāyī" Aṣṭādhyāyī, 1, 4: 4 86 0;hīne ||;PARTLY;+ hīna - dhṛ;"Aṣṭādhyāyī" Aṣṭādhyāyī, 1, 4: 4 103 0;supaḥ ||;PARTLY;+ sup - dhṛ;"Aṣṭādhyāyī" Aṣṭādhyāyī, 2, 1: 5 5 0;avyayībhāvaḥ ||;PARTLY;+ avyayībhāva - dhṛ;"Aṣṭādhyāyī" Aṣṭādhyāyī, 2, 1: 5 11 0;vibhāṣā ||;PARTLY;+ vibhāṣā - dhṛ;"Aṣṭādhyāyī" Aṣṭādhyāyī, 2, 1: 5 22 0;tatpuruṣaḥ ||;PARTLY;+ tatpuruṣa - dhṛ;"Aṣṭādhyāyī" Aṣṭādhyāyī, 2, 1: 5 27 0;sāmi ||;PARTLY;+ sāmi - dhṛ;"Aṣṭādhyāyī" Aṣṭādhyāyī, 2, 1: 5 28 0;kālāḥ ||;PARTLY;+ kāla - dhṛ;"Aṣṭādhyāyī" Aṣṭādhyāyī, 2, 1: 5 44 0;sañjñāyām ||;PARTLY;+ saṁjñā - dhṛ;"Aṣṭādhyāyī" Aṣṭādhyāyī, 2, 1: 5 46 0;tatra ||;PARTLY;+ tatra - dhṛ;"Aṣṭādhyāyī" Aṣṭādhyāyī, 2, 1: 5 47 0;kṣepe ||;PARTLY;+ kṣepa - dhṛ;"Aṣṭādhyāyī" Aṣṭādhyāyī, 2, 1: 5 69 0;varṇo varṇena ||;PARTLY;+ varṇa - dhṛ;"Aṣṭādhyāyī" Aṣṭādhyāyī, 2, 2: 6 6 0;nañ ||;PARTLY;+ nañ - dhṛ;"Aṣṭādhyāyī" Aṣṭādhyāyī, 2, 2: 6 8 0;ṣaṣṭhī ||;PARTLY;+ ṣaṣṭha - dhṛ;"Aṣṭādhyāyī" Aṣṭādhyāyī, 2, 2: 6 36 0;niṣṭhā ||;PARTLY;+ niṣṭhā - dhṛ;"Aṣṭādhyāyī" Aṣṭādhyāyī, 2, 3: 7 23 0;hetau ||;PARTLY;+ hetu - dhṛ;"Aṣṭādhyāyī" Aṣṭādhyāyī, 2, 4: 8 35 0;ārdhadhātuke ||;PARTLY;+ ārdhadhātuka - dhṛ;"Aṣṭādhyāyī" Aṣṭādhyāyī, 2, 4: 8 81 0;āmaḥ ||;PARTLY;+ ām - dhṛ;"Aṣṭādhyāyī" Aṣṭādhyāyī, 3, 1: 9 1 0;pratyayaḥ ||;PARTLY;+ pratyaya - dhṛ;"Aṣṭādhyāyī" Aṣṭādhyāyī, 3, 1: 9 91 0;dhātoḥ ||;PARTLY;+ dhātu - dhṛ;"Aṣṭādhyāyī" Aṣṭādhyāyī, 3, 2: 10 12 0;arhaḥ ||;PARTLY;+ arh - dhṛ;"Aṣṭādhyāyī" Aṣṭādhyāyī, 3, 2: 10 80 0;vrate ||;PARTLY;+ vrata - dhṛ;"Aṣṭādhyāyī" Aṣṭādhyāyī, 3, 2: 10 82 0;manaḥ ||;PARTLY;+ man - dhṛ;"Aṣṭādhyāyī" Aṣṭādhyāyī, 3, 2: 10 84 0;bhūte ||;PARTLY;+ bhūta - dhṛ;"Aṣṭādhyāyī" Aṣṭādhyāyī, 3, 2: 10 102 0;niṣṭhā ||;PARTLY;+ niṣṭhā - dhṛ;"Aṣṭādhyāyī" Aṣṭādhyāyī, 3, 2: 10 110 0;luṅ ||;PARTLY;+ luṅ - dhṛ;"Aṣṭādhyāyī" Aṣṭādhyāyī, 3, 2: 10 135 0;tṛn ||;PARTLY;+ tṛn - dhṛ;"Aṣṭādhyāyī" Aṣṭādhyāyī, 3, 3: 11 18 0;bhāve ||;PARTLY;+ bhāva - dhṛ;"Aṣṭādhyāyī" Aṣṭādhyāyī, 3, 3: 11 101 0;icchā ||;PARTLY;+ icchā - dhṛ;"Aṣṭādhyāyī" Aṣṭādhyāyī, 3, 3: 11 109 0;sañjñāyām ||;PARTLY;+ saṁjñā - dhṛ;"Aṣṭādhyāyī" Aṣṭādhyāyī, 3, 4: 12 42 0;sañjñāyām ||;PARTLY;+ saṁjñā - dhṛ;"Aṣṭādhyāyī" Aṣṭādhyāyī, 3, 4: 12 50 0;samāsattau ||;PARTLY;+ samāsatti - dhṛ;"Aṣṭādhyāyī" Aṣṭādhyāyī, 3, 4: 12 77 0;lasya ||;PARTLY;+ la - dhṛ;"Aṣṭādhyāyī" Aṣṭādhyāyī, 4, 1: 13 3 0;striyām ||;PARTLY;+ strī - dhṛ;"Aṣṭādhyāyī" Aṣṭādhyāyī, 4, 1: 13 11 0;manaḥ ||;PARTLY;+ man - dhṛ;"Aṣṭādhyāyī" Aṣṭādhyāyī, 4, 1: 13 21 0;dvigoḥ ||;PARTLY;+ dvigu - dhṛ;"Aṣṭādhyāyī" Aṣṭādhyāyī, 4, 1: 13 61 0;vāhaḥ ||;PARTLY;+ vāh - dhṛ;"Aṣṭādhyāyī" Aṣṭādhyāyī, 4, 1: 13 72 0;sañjñāyām ||;PARTLY;+ saṁjñā - dhṛ;"Aṣṭādhyāyī" Aṣṭādhyāyī, 4, 1: 13 76 0;taddhitāḥ ||;PARTLY;+ taddhita - dhṛ;"Aṣṭādhyāyī" Aṣṭādhyāyī, 4, 2: 14 78 0;roṇī ||;PARTLY;+ roṇī - dhṛ;"Aṣṭādhyāyī" Aṣṭādhyāyī, 4, 2: 14 92 0;śeṣe ||;PARTLY;+ śeṣa - dhṛ;"Aṣṭādhyāyī" Aṣṭādhyāyī, 4, 3: 15 41 0;sambhūte ||;PARTLY;+ sambhū - dhṛ;"Aṣṭādhyāyī" Aṣṭādhyāyī, 4, 3: 15 83 0;prabhavati ||;PARTLY;+ prabhū - dhṛ;"Aṣṭādhyāyī" Aṣṭādhyāyī, 4, 3: 15 95 0;bhaktiḥ ||;PARTLY;+ bhakti - dhṛ;"Aṣṭādhyāyī" Aṣṭādhyāyī, 4, 3: 15 115 0;upajñāte ||;PARTLY;+ upajñā - dhṛ;"Aṣṭādhyāyī" Aṣṭādhyāyī, 4, 3: 15 117 0;sañjñāyām ||;PARTLY;+ saṁjñā - dhṛ;"Aṣṭādhyāyī" Aṣṭādhyāyī, 4, 4: 16 3 0;saṃskṛtam ||;PARTLY;+ saṁskṛ - dhṛ;"Aṣṭādhyāyī" Aṣṭādhyāyī, 4, 4: 16 5 0;tarati ||;PARTLY;+ tṛ - dhṛ;"Aṣṭādhyāyī" Aṣṭādhyāyī, 4, 4: 16 8 0;carati ||;PARTLY;+ car - dhṛ;"Aṣṭādhyāyī" Aṣṭādhyāyī, 4, 4: 16 22 0;saṃsṛṣṭe ||;PARTLY;+ saṁsṛj - dhṛ;"Aṣṭādhyāyī" Aṣṭādhyāyī, 4, 4: 16 32 0;uñchati ||;PARTLY;+ uñch - dhṛ;"Aṣṭādhyāyī" Aṣṭādhyāyī, 4, 4: 16 33 0;rakṣati ||;PARTLY;+ rakṣ - dhṛ;"Aṣṭādhyāyī" Aṣṭādhyāyī, 4, 4: 16 50 0;avakrayaḥ ||;PARTLY;+ avakraya - dhṛ;"Aṣṭādhyāyī" Aṣṭādhyāyī, 4, 4: 16 55 0;śilpam ||;PARTLY;+ śilpa - dhṛ;"Aṣṭādhyāyī" Aṣṭādhyāyī, 4, 4: 16 57 0;praharaṇam ||;PARTLY;+ praharaṇa - dhṛ;"Aṣṭādhyāyī" Aṣṭādhyāyī, 4, 4: 16 61 0;śīlaṃ ||;PARTLY;+ śīla - dhṛ;"Aṣṭādhyāyī" Aṣṭādhyāyī, 4, 4: 16 139 0;madhoḥ ||;PARTLY;+ madhu - dhṛ;"Aṣṭādhyāyī" Aṣṭādhyāyī, 5, 1: 17 78 0;kālāt ||;PARTLY;+ kāla - dhṛ;"Aṣṭādhyāyī" Aṣṭādhyāyī, 5, 1: 17 99 0;sampādini ||;PARTLY;+ sampādin - dhṛ;"Aṣṭādhyāyī" Aṣṭādhyāyī, 5, 1: 17 109 0;prayojanam ||;PARTLY;+ prayojana - dhṛ;"Aṣṭādhyāyī" Aṣṭādhyāyī, 5, 2: 18 14 0;āgavīnaḥ ||;PARTLY;+ āgavīna - dhṛ;"Aṣṭādhyāyī" Aṣṭādhyāyī, 5, 2: 18 73 0;adhikam ||;PARTLY;+ adhika - dhṛ;"Aṣṭādhyāyī" Aṣṭādhyāyī, 5, 3: 19 17 0;adhunā ||;PARTLY;+ adhunā - dhṛ;"Aṣṭādhyāyī" Aṣṭādhyāyī, 5, 3: 19 32 0;paścāt ||;PARTLY;+ paścāt - dhṛ;"Aṣṭādhyāyī" Aṣṭādhyāyī, 5, 3: 19 74 0;kutsite ||;PARTLY;+ kutsay - dhṛ;"Aṣṭādhyāyī" Aṣṭādhyāyī, 5, 3: 19 76 0;anukampāyām ||;PARTLY;+ anukampā - dhṛ;"Aṣṭādhyāyī" Aṣṭādhyāyī, 5, 3: 19 85 0;alpe ||;PARTLY;+ alpa - dhṛ;"Aṣṭādhyāyī" Aṣṭādhyāyī, 5, 3: 19 86 0;hrasve ||;PARTLY;+ hrasva - dhṛ;"Aṣṭādhyāyī" Aṣṭādhyāyī, 5, 4: 20 32 0;rakte ||;PARTLY;+ rañj - dhṛ;"Aṣṭādhyāyī" Aṣṭādhyāyī, 6, 1: 21 10 0;ślau ||;PARTLY;+ ślu - dhṛ;"Aṣṭādhyāyī" Aṣṭādhyāyī, 6, 1: 21 11 0;caṅi ||;PARTLY;+ caṅ - dhṛ;"Aṣṭādhyāyī" Aṣṭādhyāyī, 6, 1: 21 40 0;veñaḥ ||;PARTLY;+ veñ - dhṛ;"Aṣṭādhyāyī" Aṣṭādhyāyī, 6, 1: 21 72 0;saṃhitāyām ||;PARTLY;+ saṁhitā - dhṛ;"Aṣṭādhyāyī" Aṣṭādhyāyī, 6, 1: 21 75 0;dīrghāt ||;PARTLY;+ dīrgha - dhṛ;"Aṣṭādhyāyī" Aṣṭādhyāyī, 6, 1: 21 162 0;dhātoḥ ||;PARTLY;+ dhātu - dhṛ;"Aṣṭādhyāyī" Aṣṭādhyāyī, 6, 1: 21 164 0;taddhitasya ||;PARTLY;+ taddhita - dhṛ;"Aṣṭādhyāyī" Aṣṭādhyāyī, 6, 1: 21 182 0;na gośvansāvavarṇarāḍaṅkruṅkṛdbhyaḥ ||;PARTLY;+ na - dhṛ;"Aṣṭādhyāyī" Aṣṭādhyāyī, 6, 1: 21 221 0;īvatyāḥ ||;PARTLY;+ īvatī - dhṛ;"Aṣṭādhyāyī" Aṣṭādhyāyī, 6, 1: 21 222 0;cau ||;PARTLY;+ cu - dhṛ;"Aṣṭādhyāyī" Aṣṭādhyāyī, 6, 1: 21 223 0;samāsasya ||;PARTLY;+ samāsa - dhṛ;"Aṣṭādhyāyī" Aṣṭādhyāyī, 6, 2: 22 35 0;saṅkhyā ||;PARTLY;+ saṁkhyā - dhṛ;"Aṣṭādhyāyī" Aṣṭādhyāyī, 6, 2: 22 44 0;arthe ||;PARTLY;+ artha - dhṛ;"Aṣṭādhyāyī" Aṣṭādhyāyī, 6, 2: 22 79 0;ṇini ||;PARTLY;+ ṇin - dhṛ;"Aṣṭādhyāyī" Aṣṭādhyāyī, 6, 2: 22 92 0;antaḥ ||;PARTLY;+ anta - dhṛ;"Aṣṭādhyāyī" Aṣṭādhyāyī, 6, 2: 22 108 0;kṣepe ||;PARTLY;+ kṣepa - dhṛ;"Aṣṭādhyāyī" Aṣṭādhyāyī, 6, 2: 22 143 0;antaḥ ||;PARTLY;+ anta - dhṛ;"Aṣṭādhyāyī" Aṣṭādhyāyī, 6, 2: 22 159 0;sañjñāyām ||;PARTLY;+ saṁjñā - dhṛ;"Aṣṭādhyāyī" Aṣṭādhyāyī, 6, 2: 22 179 0;antaḥ ||;PARTLY;+ antar - dhṛ;"Aṣṭādhyāyī" Aṣṭādhyāyī, 6, 3: 23 114 0;saṃhitāyām ||;PARTLY;+ saṁhitā - dhṛ;"Aṣṭādhyāyī" Aṣṭādhyāyī, 6, 3: 23 118 0;vale ||;PARTLY;+ vala - dhṛ;"Aṣṭādhyāyī" Aṣṭādhyāyī, 6, 3: 23 138 0;cau ||;PARTLY;+ cu - dhṛ;"Aṣṭādhyāyī" Aṣṭādhyāyī, 6, 3: 23 139 0;samprasāraṇasya ||;PARTLY;+ samprasāraṇa - dhṛ;"Aṣṭādhyāyī" Aṣṭādhyāyī, 6, 4: 24 1 0;aṅgasya ||;PARTLY;+ aṅga - dhṛ;"Aṣṭādhyāyī" Aṣṭādhyāyī, 6, 4: 24 3 0;nāmi ||;PARTLY;+ nām - dhṛ;"Aṣṭādhyāyī" Aṣṭādhyāyī, 6, 4: 24 46 0;ārdhadhātuke ||;PARTLY;+ ārdhadhātuka - dhṛ;"Aṣṭādhyāyī" Aṣṭādhyāyī, 6, 4: 24 59 0;kṣiyaḥ ||;PARTLY;+ kṣi - dhṛ;"Aṣṭādhyāyī" Aṣṭādhyāyī, 6, 4: 24 79 0;striyāḥ ||;PARTLY;+ strī - dhṛ;"Aṣṭādhyāyī" Aṣṭādhyāyī, 6, 4: 24 129 0;bhasya ||;PARTLY;+ bha - dhṛ;"Aṣṭādhyāyī" Aṣṭādhyāyī, 6, 4: 24 138 0;acaḥ ||;PARTLY;+ ac - dhṛ;"Aṣṭādhyāyī" Aṣṭādhyāyī, 6, 4: 24 143 0;ṭeḥ ||;PARTLY;+ ṭi - dhṛ;"Aṣṭādhyāyī" Aṣṭādhyāyī, 6, 4: 24 155 0;ṭeḥ ||;PARTLY;+ ṭi - dhṛ;"Aṣṭādhyāyī" Aṣṭādhyāyī, 6, 4: 24 167 0;an ||;PARTLY;+ an - dhṛ;"Aṣṭādhyāyī" Aṣṭādhyāyī, 7, 2: 26 69 0;saniṃsasanivāṃsam ||;PARTLY;+ saniṁsasanivāṁsam - dhṛ;"Aṣṭādhyāyī" Aṣṭādhyāyī, 7, 4: 28 59 0;hrasvaḥ ||;PARTLY;+ hrasva - dhṛ;"Aṣṭādhyāyī" Aṣṭādhyāyī, 8, 1: 29 16 0;padasya ||;PARTLY;+ pada - dhṛ;"Aṣṭādhyāyī" Aṣṭādhyāyī, 8, 1: 29 17 0;padāt ||;PARTLY;+ pada - dhṛ;"Aṣṭādhyāyī" Aṣṭādhyāyī, 8, 1: 29 70 0;gatir gatau ||;PARTLY;+ gati - dhṛ;"Aṣṭādhyāyī" Aṣṭādhyāyī, 8, 2: 30 11 0;sañjñāyām ||;PARTLY;+ saṁjñā - dhṛ;"Aṣṭādhyāyī" Aṣṭādhyāyī, 8, 2: 30 68 0;ahan ||;PARTLY;+ ahan - dhṛ;"Aṣṭādhyāyī" Aṣṭādhyāyī, 8, 2: 30 97 0;vicāryamāṇānām ||;PARTLY;+ vicāray - dhṛ;"Aṣṭādhyāyī" Aṣṭādhyāyī, 8, 3: 31 14 0;ro ri ||;PARTLY;+ r - dhṛ;"Aṣṭādhyāyī" Aṣṭādhyāyī, 8, 3: 31 67 0;stanbheḥ ||;PARTLY;+ stanbhi - dhṛ;"Aṣṭādhyāyī" Aṣṭādhyāyī, 8, 3: 31 107 0;suñaḥ ||;PARTLY;+ suñ - dhṛ;"Aṣṭādhyāyī" Aṣṭādhyāyī, 8, 3: 31 115 0;soḍhaḥ ||;PARTLY;+ soḍh - dhṛ;"Aṣṭādhyāyī" Aṣṭādhyāyī, 8, 4: 32 19 0;aniteḥ ||;PARTLY;+ aniti - dhṛ;"Aṣṭādhyāyī" Aṣṭādhyāyī, 8, 4: 32 20 0;antaḥ ||;PARTLY;+ anta - dhṛ;"Aṣṭādhyāyī" Aṣṭādhyāyī, 8, 4: 32 44 0;śāt ||;PARTLY;+ śa - dhṛ;"Aitareyopaniṣad" AitUp, 2, 5: 8 1 3;iti |;PARTLY;+ iti - dhṛ;"Kṛṣṇāmṛtamahārṇava" KAM, 1: 1 13 1;nāradaḥ |;PARTLY;+ nārada - dhṛ;"Kṛṣṇāmṛtamahārṇava" KAM, 1: 1 14 1;pulastyaḥ |;PARTLY;+ pulastya - dhṛ;"Kṛṣṇāmṛtamahārṇava" KAM, 1: 1 17 1;dharmaḥ |;PARTLY;+ dharma - dhṛ;"Kṛṣṇāmṛtamahārṇava" KAM, 1: 1 20 1;mārkaṇḍeyaḥ |;PARTLY;+ mārkaṇḍeya - dhṛ;"Kṛṣṇāmṛtamahārṇava" KAM, 1: 1 23 1;marīciḥ |;PARTLY;+ marīci - dhṛ;"Kṛṣṇāmṛtamahārṇava" KAM, 1: 1 24 1;atriḥ |;PARTLY;+ atri - dhṛ;"Kṛṣṇāmṛtamahārṇava" KAM, 1: 1 25 1;aṅgirāḥ |;PARTLY;+ aṅgiras - dhṛ;"Kṛṣṇāmṛtamahārṇava" KAM, 1: 1 26 1;pulahaḥ |;PARTLY;+ pulaha - dhṛ;"Kṛṣṇāmṛtamahārṇava" KAM, 1: 1 32 1;ātreyaḥ |;PARTLY;+ ātreya - dhṛ;"Kṛṣṇāmṛtamahārṇava" KAM, 1: 1 33 1;brahmā |;PARTLY;+ brahman - dhṛ;"Kṛṣṇāmṛtamahārṇava" KAM, 1: 1 34 1;śaṃkaraḥ |;PARTLY;+ śaṁkara - dhṛ;"Kṛṣṇāmṛtamahārṇava" KAM, 1: 1 44 1;agastyaḥ |;PARTLY;+ agastya - dhṛ;"Kṛṣṇāmṛtamahārṇava" KAM, 1: 1 55 1;aurvaḥ |;PARTLY;+ aurva - dhṛ;"Kṛṣṇāmṛtamahārṇava" KAM, 1: 1 65 1;kauśikaḥ |;PARTLY;+ kauśika - dhṛ;"Kṛṣṇāmṛtamahārṇava" KAM, 1: 1 74 1;śaṅkaraḥ |;PARTLY;+ śaṁkara - dhṛ;"Kṛṣṇāmṛtamahārṇava" KAM, 1: 1 176 1;dharmavibhūṣaṇaḥ |;PARTLY;+ dharmavibhūṣaṇa - dhṛ;"Kṛṣṇāmṛtamahārṇava" KAM, 1: 1 179 1;brahmā |;PARTLY;+ brahman - dhṛ;"Haribhaktivilāsa" HBhVil, 1: 1 38 1;mantramuktāvalyām |;PARTLY;+ mantramuktāvalī - dhṛ;"Haribhaktivilāsa" HBhVil, 1: 1 45 1;viṣṇusmṛtau |;PARTLY;+ viṣṇusmṛti - dhṛ;"Haribhaktivilāsa" HBhVil, 1: 1 51 1;kiṃca |;PARTLY;+ kiṁca - dhṛ;"Haribhaktivilāsa" HBhVil, 1: 1 57 1;tattvasāgare |;PARTLY;+ tattvasāgara - dhṛ;"Haribhaktivilāsa" HBhVil, 1: 1 60 1;mantramuktāvalyām |;PARTLY;+ mantramuktāvalī - dhṛ;"Haribhaktivilāsa" HBhVil, 1: 1 65 1;agastyasaṃhitāyām |;PARTLY;+ agastyasaṁhitā - dhṛ;"Haribhaktivilāsa" HBhVil, 1: 1 72 1;hayaśīrṣapañcarātre |;PARTLY;+ hayaśīrṣapañcarātra - dhṛ;"Haribhaktivilāsa" HBhVil, 1: 1 75 1;mantramuktāvalyāṃ |;PARTLY;+ mantramuktāvalī - dhṛ;"Haribhaktivilāsa" HBhVil, 1: 1 85 1;kiṃca |;PARTLY;+ kiṁca - dhṛ;"Haribhaktivilāsa" HBhVil, 1: 1 97 1;kiṃca |;PARTLY;+ kiṁca - dhṛ;"Haribhaktivilāsa" HBhVil, 1: 1 103 1;vaiṣṇavatantre |;PARTLY;+ vaiṣṇavatantra - dhṛ;"Haribhaktivilāsa" HBhVil, 1: 1 106 1;kiṃca |;PARTLY;+ kiṁca - dhṛ;"Haribhaktivilāsa" HBhVil, 1: 1 109 1;nārasiṃhe |;PARTLY;+ nārasiṁha - dhṛ;"Haribhaktivilāsa" HBhVil, 1: 1 114 1;mahābhārate |;PARTLY;+ mahābhārata - dhṛ;"Haribhaktivilāsa" HBhVil, 1: 1 116 1;pañcarātre |;PARTLY;+ pañcarātra - dhṛ;"Haribhaktivilāsa" HBhVil, 1: 1 117 1;vaiṣṇavatantre |;PARTLY;+ vaiṣṇavatantra - dhṛ;"Haribhaktivilāsa" HBhVil, 1: 1 122 1;āgame |;PARTLY;+ āgama - dhṛ;"Haribhaktivilāsa" HBhVil, 1: 1 137 1;liṅgapurāṇe |;PARTLY;+ liṅgapurāṇa - dhṛ;"Haribhaktivilāsa" HBhVil, 1: 1 139 1;bhaviṣyapurāṇe |;PARTLY;+ bhaviṣyapurāṇa - dhṛ;"Haribhaktivilāsa" HBhVil, 1: 1 148 1;agastyasaṃhitāyām |;PARTLY;+ agastyasaṁhitā - dhṛ;"Haribhaktivilāsa" HBhVil, 1: 1 190 1;kiṃca |;PARTLY;+ kiṁca - dhṛ;"Haribhaktivilāsa" HBhVil, 1: 1 204 1;saradātilake |;PARTLY;+ saradātilaka - dhṛ;"Haribhaktivilāsa" HBhVil, 1: 1 229 1;saradātilake |;PARTLY;+ saradātilaka - dhṛ;"Haribhaktivilāsa" HBhVil, 2: 2 3 1;āgame |;PARTLY;+ āgama - dhṛ;"Haribhaktivilāsa" HBhVil, 2: 2 13 1;āgame |;PARTLY;+ āgama - dhṛ;"Haribhaktivilāsa" HBhVil, 2: 2 17 1;gautamīye |;PARTLY;+ gautamīya - dhṛ;"Haribhaktivilāsa" HBhVil, 2: 2 23 1;nāradatantre |;PARTLY;+ nāradatantra - dhṛ;"Haribhaktivilāsa" HBhVil, 2: 2 25 1;sārasaṅgrahe |;PARTLY;+ sārasaṁgraha - dhṛ;"Haribhaktivilāsa" HBhVil, 2: 2 28 1;rudrayāmale |;PARTLY;+ rudrayāmala - dhṛ;"Haribhaktivilāsa" HBhVil, 2: 2 122 1;vaśiṣṭhasaṃhitāyām |;PARTLY;+ vaśiṣṭhasaṁhitā - dhṛ;"Haribhaktivilāsa" HBhVil, 3: 3 5 1;viṣṇupurāṇe |;PARTLY;+ viṣṇupurāṇa - dhṛ;"Haribhaktivilāsa" HBhVil, 3: 3 17 1;kiṃca |;PARTLY;+ kiṁca - dhṛ;"Haribhaktivilāsa" HBhVil, 3: 3 18 1;kiṃca |;PARTLY;+ kiṁca - dhṛ;"Haribhaktivilāsa" HBhVil, 3: 3 45 1;kiṃca |;PARTLY;+ kiṁca - dhṛ;"Haribhaktivilāsa" HBhVil, 3: 3 51 1;kiṃca |;PARTLY;+ kiṁca - dhṛ;"Haribhaktivilāsa" HBhVil, 3: 3 54 1;brahmavaivarte |;PARTLY;+ brahmavaivarta - dhṛ;"Haribhaktivilāsa" HBhVil, 3: 3 61 1;pāṇḍavagītāyām |;PARTLY;+ pāṇḍavagītā - dhṛ;"Haribhaktivilāsa" HBhVil, 3: 3 70 1;skānde |;PARTLY;+ skānda - dhṛ;"Haribhaktivilāsa" HBhVil, 3: 3 73 1;vāmanapurāṇe |;PARTLY;+ vāmanapurāṇa - dhṛ;"Haribhaktivilāsa" HBhVil, 3: 3 76 1;viṣṇudharmottare |;PARTLY;+ viṣṇudharmottara - dhṛ;"Haribhaktivilāsa" HBhVil, 3: 3 80 1;vaiṣṇave |;PARTLY;+ vaiṣṇava - dhṛ;"Haribhaktivilāsa" HBhVil, 3: 3 81 1;gāruḍe |;PARTLY;+ gāruḍa - dhṛ;"Haribhaktivilāsa" HBhVil, 3: 3 88 1;vāmanapurāṇe |;PARTLY;+ vāmanapurāṇa - dhṛ;"Haribhaktivilāsa" HBhVil, 3: 3 89 1;viṣṇudharmottare |;PARTLY;+ viṣṇudharmottara - dhṛ;"Haribhaktivilāsa" HBhVil, 3: 3 94 1;mahābhārate |;PARTLY;+ mahābhārata - dhṛ;"Haribhaktivilāsa" HBhVil, 3: 3 95 1;garuḍapurāṇe |;PARTLY;+ garuḍapurāṇa - dhṛ;"Haribhaktivilāsa" HBhVil, 3: 3 96 1;viṣṇupurāṇe |;PARTLY;+ viṣṇupurāṇa - dhṛ;"Haribhaktivilāsa" HBhVil, 3: 3 115 1;bṛhatśātātāpasmṛtau |;PARTLY;+ bṛhatśātātāpasmṛti - dhṛ;"Haribhaktivilāsa" HBhVil, 3: 3 117 1;viṣṇudharme |;PARTLY;+ viṣṇudharma - dhṛ;"Haribhaktivilāsa" HBhVil, 3: 3 133 1;atrismṛtau |;PARTLY;+ atrismṛti - dhṛ;"Haribhaktivilāsa" HBhVil, 3: 3 135 1;nāradapañcarātre |;PARTLY;+ nāradapañcarātra - dhṛ;"Haribhaktivilāsa" HBhVil, 3: 3 147 1;viṣṇudharmottare |;PARTLY;+ viṣṇudharmottara - dhṛ;"Haribhaktivilāsa" HBhVil, 3: 3 174 1;yamasmṛtau |;PARTLY;+ yamasmṛti - dhṛ;"Haribhaktivilāsa" HBhVil, 3: 3 175 1;kiṃca |;PARTLY;+ kiṁca - dhṛ;"Haribhaktivilāsa" HBhVil, 3: 3 180 1;śaṅkhasmṛtau |;PARTLY;+ śaṅkhasmṛti - dhṛ;"Haribhaktivilāsa" HBhVil, 3: 3 181 1;dakṣasmṛtau |;PARTLY;+ dakṣasmṛti - dhṛ;"Haribhaktivilāsa" HBhVil, 3: 3 182 1;dakṣaḥ |;PARTLY;+ dakṣa - dhṛ;"Haribhaktivilāsa" HBhVil, 3: 3 183 1;brāhme |;PARTLY;+ brāhma - dhṛ;"Haribhaktivilāsa" HBhVil, 3: 3 193 1;yājñavalkyasmṛtau |;PARTLY;+ yājñavalkyasmṛti - dhṛ;"Haribhaktivilāsa" HBhVil, 3: 3 194 1;bharadvājasmṛtau |;PARTLY;+ bharadvājasmṛti - dhṛ;"Haribhaktivilāsa" HBhVil, 3: 3 198 1;kiṃca |;PARTLY;+ kiṁca - dhṛ;"Haribhaktivilāsa" HBhVil, 3: 3 210 1;kāśīkhaṇḍe |;PARTLY;+ kāśīkhaṇḍa - dhṛ;"Haribhaktivilāsa" HBhVil, 3: 3 212 1;manuḥ |;PARTLY;+ manu - dhṛ;"Haribhaktivilāsa" HBhVil, 3: 3 213 1;saṃvartakaḥ |;PARTLY;+ saṁvartaka - dhṛ;"Haribhaktivilāsa" HBhVil, 3: 3 214 1;kātyāyanaḥ |;PARTLY;+ kātyāyana - dhṛ;"Haribhaktivilāsa" HBhVil, 3: 3 215 1;vṛddhavaśiṣṭhaḥ |;PARTLY;+ vṛddhavaśiṣṭha - dhṛ;"Haribhaktivilāsa" HBhVil, 3: 3 219 1;paiṭhīnasiḥ |;PARTLY;+ paiṭhīnasi - dhṛ;"Haribhaktivilāsa" HBhVil, 3: 3 224 1;smṛtau |;PARTLY;+ smṛti - dhṛ;"Haribhaktivilāsa" HBhVil, 3: 3 225 1;kiṃca |;PARTLY;+ kiṁca - dhṛ;"Haribhaktivilāsa" HBhVil, 3: 3 237 1;dakṣaḥ |;PARTLY;+ dakṣa - dhṛ;"Haribhaktivilāsa" HBhVil, 3: 3 239 1;kiṃca |;PARTLY;+ kiṁca - dhṛ;"Haribhaktivilāsa" HBhVil, 3: 3 242 1;kāśīkhaṇḍe |;PARTLY;+ kāśīkhaṇḍa - dhṛ;"Haribhaktivilāsa" HBhVil, 3: 3 250 1;atrismṛtau |;PARTLY;+ atrismṛti - dhṛ;"Haribhaktivilāsa" HBhVil, 3: 3 280 1;kiṃca |;PARTLY;+ kiṁca - dhṛ;"Haribhaktivilāsa" HBhVil, 3: 3 289 1;padmapurāṇe |;PARTLY;+ padmapurāṇa - dhṛ;"Haribhaktivilāsa" HBhVil, 3: 3 297 1;kiṃca |;PARTLY;+ kiṁca - dhṛ;"Haribhaktivilāsa" HBhVil, 3: 3 301 1;garuḍapurāṇe |;PARTLY;+ garuḍapurāṇa - dhṛ;"Haribhaktivilāsa" HBhVil, 3: 3 307 1;manusmṛtau |;PARTLY;+ manusmṛti - dhṛ;"Haribhaktivilāsa" HBhVil, 3: 3 310 1;kiṃca |;PARTLY;+ kiṁca - dhṛ;"Haribhaktivilāsa" HBhVil, 3: 3 311 1;kiṃca |;PARTLY;+ kiṁca - dhṛ;"Haribhaktivilāsa" HBhVil, 3: 3 335 1;pādme |;PARTLY;+ pādma - dhṛ;"Haribhaktivilāsa" HBhVil, 3: 3 351 1;kiṃca |;PARTLY;+ kiṁca - dhṛ;"Haribhaktivilāsa" HBhVil, 3: 3 352 1;kāśīkāṇḍe |;PARTLY;+ kāśīkāṇḍa - dhṛ;"Haribhaktivilāsa" HBhVil, 4: 4 26 1;nārasiṃhe |;PARTLY;+ nārasiṁha - dhṛ;"Haribhaktivilāsa" HBhVil, 4: 4 38 1;nāradīye |;PARTLY;+ nāradīya - dhṛ;"Haribhaktivilāsa" HBhVil, 4: 4 39 1;haribhaktisudhodaye |;PARTLY;+ haribhaktisudhodaya - dhṛ;"Haribhaktivilāsa" HBhVil, 4: 4 40 1;āgame |;PARTLY;+ āgama - dhṛ;"Haribhaktivilāsa" HBhVil, 4: 4 50 1;dvārakāmāhātmye |;PARTLY;+ dvārakāmāhātmya - dhṛ;"Haribhaktivilāsa" HBhVil, 4: 4 51 1;viṣṇudharmottare |;PARTLY;+ viṣṇudharmottara - dhṛ;"Haribhaktivilāsa" HBhVil, 4: 4 56 1;nārasiṃhe |;PARTLY;+ nārasiṁha - dhṛ;"Haribhaktivilāsa" HBhVil, 4: 4 57 1;mārkaṇḍeyapurāṇe |;PARTLY;+ mārkaṇḍeyapurāṇa - dhṛ;"Haribhaktivilāsa" HBhVil, 4: 4 59 1;brāhme |;PARTLY;+ brāhma - dhṛ;"Haribhaktivilāsa" HBhVil, 4: 4 63 1;manuḥ |;PARTLY;+ manu - dhṛ;"Haribhaktivilāsa" HBhVil, 4: 4 64 1;śaṅkhaḥ |;PARTLY;+ śaṅkha - dhṛ;"Haribhaktivilāsa" HBhVil, 4: 4 65 1;kiṃca |;PARTLY;+ kiṁca - dhṛ;"Haribhaktivilāsa" HBhVil, 4: 4 67 1;brāhme |;PARTLY;+ brāhma - dhṛ;"Haribhaktivilāsa" HBhVil, 4: 4 70 1;manuḥ |;PARTLY;+ manu - dhṛ;"Haribhaktivilāsa" HBhVil, 4: 4 71 1;vṛddhaśātātapaḥ |;PARTLY;+ vṛddhaśātātapa - dhṛ;"Haribhaktivilāsa" HBhVil, 4: 4 77 1;śātātapaḥ |;PARTLY;+ śātātapa - dhṛ;"Haribhaktivilāsa" HBhVil, 4: 4 78 1;yamaḥ |;PARTLY;+ yama - dhṛ;"Haribhaktivilāsa" HBhVil, 4: 4 79 1;śaṅkhaḥ |;PARTLY;+ śaṅkha - dhṛ;"Haribhaktivilāsa" HBhVil, 4: 4 80 1;kiṃca |;PARTLY;+ kiṁca - dhṛ;"Haribhaktivilāsa" HBhVil, 4: 4 81 1;manuḥ |;PARTLY;+ manu - dhṛ;"Haribhaktivilāsa" HBhVil, 4: 4 84 1;kiṃca |;PARTLY;+ kiṁca - dhṛ;"Haribhaktivilāsa" HBhVil, 4: 4 85 1;bṛhaspatiḥ |;PARTLY;+ bṛhaspati - dhṛ;"Haribhaktivilāsa" HBhVil, 4: 4 86 1;viṣṇuḥ |;PARTLY;+ viṣṇu - dhṛ;"Haribhaktivilāsa" HBhVil, 4: 4 87 1;baudhāyanaḥ |;PARTLY;+ baudhāyana - dhṛ;"Haribhaktivilāsa" HBhVil, 4: 4 89 1;śaṅkhaḥ |;PARTLY;+ śaṅkha - dhṛ;"Haribhaktivilāsa" HBhVil, 4: 4 90 1;brāhme |;PARTLY;+ brāhma - dhṛ;"Haribhaktivilāsa" HBhVil, 4: 4 92 1;bṛhaspatiḥ |;PARTLY;+ bṛhaspati - dhṛ;"Haribhaktivilāsa" HBhVil, 4: 4 117 1;ṣaṭtriṃśanmate |;PARTLY;+ ṣaṭtriṁśanmata - dhṛ;"Haribhaktivilāsa" HBhVil, 4: 4 122 1;vṛddhamanuḥ |;PARTLY;+ vṛddhamanu - dhṛ;"Haribhaktivilāsa" HBhVil, 4: 4 125 1;bhṛguḥ |;PARTLY;+ bhṛgu - dhṛ;"Haribhaktivilāsa" HBhVil, 4: 4 126 1;yājñavalkyaḥ |;PARTLY;+ yājñavalkya - dhṛ;"Haribhaktivilāsa" HBhVil, 4: 4 128 1;ṣaṭtriṃśanmate |;PARTLY;+ ṣaṭtriṁśanmata - dhṛ;"Haribhaktivilāsa" HBhVil, 4: 4 134 1;kiṃca |;PARTLY;+ kiṁca - dhṛ;"Haribhaktivilāsa" HBhVil, 4: 4 138 1;gāruḍe |;PARTLY;+ gāruḍa - dhṛ;"Haribhaktivilāsa" HBhVil, 4: 4 151 1;gobhilaḥ |;PARTLY;+ gobhila - dhṛ;"Haribhaktivilāsa" HBhVil, 4: 4 152 1;trailokyasammohanapañcarātre |;PARTLY;+ trailokyasaṁmohanapañcarātra - dhṛ;"Haribhaktivilāsa" HBhVil, 4: 4 153 1;aṅgirāḥ |;PARTLY;+ aṅgiras - dhṛ;"Haribhaktivilāsa" HBhVil, 4: 4 162 1;bahvṛcapariśiṣṭe |;PARTLY;+ bahvṛcapariśiṣṭa - dhṛ;"Haribhaktivilāsa" HBhVil, 4: 4 174 1;kiṃca |;PARTLY;+ kiṁca - dhṛ;"Haribhaktivilāsa" HBhVil, 4: 4 183 1;padmapurāṇe |;PARTLY;+ padmapurāṇa - dhṛ;"Haribhaktivilāsa" HBhVil, 4: 4 184 1;skānde |;PARTLY;+ skānda - dhṛ;"Haribhaktivilāsa" HBhVil, 4: 4 193 1;padmapurāṇe |;PARTLY;+ padmapurāṇa - dhṛ;"Haribhaktivilāsa" HBhVil, 4: 4 221 1;smṛtiḥ |;PARTLY;+ smṛti - dhṛ;"Haribhaktivilāsa" HBhVil, 4: 4 229 1;skandapurāṇe |;PARTLY;+ skandapurāṇa - dhṛ;"Haribhaktivilāsa" HBhVil, 4: 4 244 1;garuḍapurāṇe |;PARTLY;+ garuḍapurāṇa - dhṛ;"Haribhaktivilāsa" HBhVil, 4: 4 247 1;smṛtau |;PARTLY;+ smṛti - dhṛ;"Haribhaktivilāsa" HBhVil, 4: 4 248 1;ādityapurāṇe |;PARTLY;+ ādityapurāṇa - dhṛ;"Haribhaktivilāsa" HBhVil, 4: 4 272 1;kiṃca |;PARTLY;+ kiṁca - dhṛ;"Haribhaktivilāsa" HBhVil, 4: 4 283 1;kiṃca |;PARTLY;+ kiṁca - dhṛ;"Haribhaktivilāsa" HBhVil, 4: 4 289 1;kiṃca |;PARTLY;+ kiṁca - dhṛ;"Haribhaktivilāsa" HBhVil, 4: 4 292 1;kiṃca |;PARTLY;+ kiṁca - dhṛ;"Haribhaktivilāsa" HBhVil, 4: 4 295 1;kiṃca |;PARTLY;+ kiṁca - dhṛ;"Haribhaktivilāsa" HBhVil, 4: 4 297 1;gautamīye |;PARTLY;+ gautamīya - dhṛ;"Haribhaktivilāsa" HBhVil, 4: 4 309 1;skānde |;PARTLY;+ skānda - dhṛ;"Haribhaktivilāsa" HBhVil, 4: 4 317 1;gāruḍe |;PARTLY;+ gāruḍa - dhṛ;"Haribhaktivilāsa" HBhVil, 4: 4 319 1;agastyasaṃhitāyām |;PARTLY;+ agastyasaṁhitā - dhṛ;"Haribhaktivilāsa" HBhVil, 4: 4 320 1;nāradīye |;PARTLY;+ nāradīya - dhṛ;"Haribhaktivilāsa" HBhVil, 4: 4 321 1;kiṃca |;PARTLY;+ kiṁca - dhṛ;"Haribhaktivilāsa" HBhVil, 4: 4 323 1;skānde |;PARTLY;+ skānda - dhṛ;"Haribhaktivilāsa" HBhVil, 4: 4 343 1;smṛtimahārṇave |;PARTLY;+ smṛtimahārṇava - dhṛ;"Haribhaktivilāsa" HBhVil, 4: 4 346 1;śrutiṣu |;PARTLY;+ śruti - dhṛ;"Haribhaktivilāsa" HBhVil, 4: 4 351 1;manusmṛtau |;PARTLY;+ manusmṛti - dhṛ;"Haribhaktivilāsa" HBhVil, 4: 4 352 1;kiṃca |;PARTLY;+ kiṁca - dhṛ;"Haribhaktivilāsa" HBhVil, 4: 4 353 1;vāmanakalpe |;PARTLY;+ vāmanakalpa - dhṛ;"Haribhaktivilāsa" HBhVil, 4: 4 354 1;viṣṇurahasye |;PARTLY;+ viṣṇurahasya - dhṛ;"Haribhaktivilāsa" HBhVil, 4: 4 357 1;pādme |;PARTLY;+ pādma - dhṛ;"Haribhaktivilāsa" HBhVil, 4: 4 359 1;ādityapurāṇe |;PARTLY;+ ādityapurāṇa - dhṛ;"Haribhaktivilāsa" HBhVil, 4: 4 361 1;brahmavaivarte |;PARTLY;+ brahmavaivarta - dhṛ;"Haribhaktivilāsa" HBhVil, 4: 4 366 1;pañcarātre |;PARTLY;+ pañcarātra - dhṛ;"Haribhaktivilāsa" HBhVil, 4: 4 367 1;agastyasaṃhitāyāṃ |;PARTLY;+ agastyasaṁhitā - dhṛ;"Haribhaktivilāsa" HBhVil, 5: 5 1 -6;sanātanaḥ |;PARTLY;+ sanātana - dhṛ;"Haribhaktivilāsa" HBhVil, 5: 5 2 3;sanātanaḥ |;PARTLY;+ sanātana - dhṛ;"Haribhaktivilāsa" HBhVil, 5: 5 5 1;sanātanaḥ |;PARTLY;+ sanātana - dhṛ;"Haribhaktivilāsa" HBhVil, 5: 5 6 1;sanātanaḥ |;PARTLY;+ sanātana - dhṛ;"Haribhaktivilāsa" HBhVil, 5: 5 9 1;sanātanaḥ |;PARTLY;+ sanātana - dhṛ;"Haribhaktivilāsa" HBhVil, 5: 5 10 1;sanātanaḥ |;PARTLY;+ sanātana - dhṛ;"Haribhaktivilāsa" HBhVil, 5: 5 11 1;sanātanaḥ |;PARTLY;+ sanātana - dhṛ;"Haribhaktivilāsa" HBhVil, 5: 5 12 1;sanātanaḥ |;PARTLY;+ sanātana - dhṛ;"Haribhaktivilāsa" HBhVil, 5: 5 13 1;sanātanaḥ |;PARTLY;+ sanātana - dhṛ;"Haribhaktivilāsa" HBhVil, 5: 5 22 1;nāradapañcarātre |;PARTLY;+ nāradapañcarātra - dhṛ;"Haribhaktivilāsa" HBhVil, 5: 5 24 1;nāradapañcarātre |;PARTLY;+ nāradapañcarātra - dhṛ;"Haribhaktivilāsa" HBhVil, 5: 5 31 1;devīpurāṇe |;PARTLY;+ devīpurāṇa - dhṛ;"Haribhaktivilāsa" HBhVil, 5: 5 33 1;kiṃca |;PARTLY;+ kiṁca - dhṛ;"Haribhaktivilāsa" HBhVil, 5: 5 34 1;vārāhe |;PARTLY;+ vārāha - dhṛ;"Haribhaktivilāsa" HBhVil, 5: 5 41 1;kiṃca |;PARTLY;+ kiṁca - dhṛ;"Haribhaktivilāsa" HBhVil, 5: 5 131 1;sanātanaḥ |;PARTLY;+ sanātana - dhṛ;"Haribhaktivilāsa" HBhVil, 5: 5 132 1;sanātanaḥ |;PARTLY;+ sanātana - dhṛ;"Haribhaktivilāsa" HBhVil, 5: 5 143 1;kramadīpikāyāṃ |;PARTLY;+ kramadīpikā - dhṛ;"Haribhaktivilāsa" HBhVil, 5: 5 145 1;sanātanaḥ |;PARTLY;+ sanātana - dhṛ;"Haribhaktivilāsa" HBhVil, 5: 5 153 1;kiṃca |;PARTLY;+ kiṁca - dhṛ;"Haribhaktivilāsa" HBhVil, 5: 5 243 1;vaiṣṇavatantre |;PARTLY;+ vaiṣṇavatantra - dhṛ;"Haribhaktivilāsa" HBhVil, 5: 5 252 1;saṃmohanatantre |;PARTLY;+ saṁmohanatantra - dhṛ;"Haribhaktivilāsa" HBhVil, 5: 5 277 2;siddhārthasaṃhitāyām |;PARTLY;+ siddhārthasaṁhitā - dhṛ;"Haribhaktivilāsa" HBhVil, 5: 5 296 1;gautamīyatantre |;PARTLY;+ gautamīyatantra - dhṛ;"Haribhaktivilāsa" HBhVil, 5: 5 297 1;skandapurāṇe |;PARTLY;+ skandapurāṇa - dhṛ;"Haribhaktivilāsa" HBhVil, 5: 5 311 1;tathā |;PARTLY;+ tathā - dhṛ;"Haribhaktivilāsa" HBhVil, 5: 5 327 1;brāhme |;PARTLY;+ brāhma - dhṛ;"Haribhaktivilāsa" HBhVil, 5: 5 336 1;kiṃca |;PARTLY;+ kiṁca - dhṛ;"Haribhaktivilāsa" HBhVil, 5: 5 343 1;brāhme |;PARTLY;+ brāhma - dhṛ;"Haribhaktivilāsa" HBhVil, 5: 5 351 1;kiṃca |;PARTLY;+ kiṁca - dhṛ;"Haribhaktivilāsa" HBhVil, 5: 5 355 1;gautamīye |;PARTLY;+ gautamīya - dhṛ;"Haribhaktivilāsa" HBhVil, 5: 5 424 1;garuḍapurāṇe |;PARTLY;+ garuḍapurāṇa - dhṛ;"Haribhaktivilāsa" HBhVil, 5: 5 448 1;pādme |;PARTLY;+ pādma - dhṛ;"Haribhaktivilāsa" HBhVil, 5: 5 454 1;yathā |;PARTLY;+ yathā - dhṛ;"Haribhaktivilāsa" HBhVil, 5: 5 463 1;vārāhe |;PARTLY;+ vārāha - dhṛ;"Haribhaktivilāsa" HBhVil, 5: 5 464 1;gāruḍe |;PARTLY;+ gāruḍa - dhṛ;"Haribhaktivilāsa" HBhVil, 5: 5 467 1;kapilapañcarātre |;PARTLY;+ kapilapañcarātra - dhṛ;"Śyainikaśāstra" Śyainikaśāstra, 5: 5 20 2;caṇḍāṃśukarasaṃcārarahitāyām anāratam ||;PARTLY;+ anāratam - dhṛ;"Narmamālā" KṣNarm, 2: 2 43 2;pañcacandanalīpaṭṭabandhaṃ bhaviṣyati ||;PARTLY;+ bhū - dhṛ;"Āryāsaptaśatī" Āsapt, 2: 2 129 1;uttamabhujaṅgasaṅgamanispandanitambacāpalas tasyāḥ |;PARTLY;+ tad - dhṛ;"Āryāsaptaśatī" Āsapt, 2: 2 159 2;sā giriśabhujabhujaṅgamapheṇopadhānādya nidrāti ||;PARTLY;+ tad - dhṛ;"Devīkālottarāgama" DevīĀgama, 1: 1 2 1;īśvara uvāca |;PARTLY;+ īśvara - dhṛ;"Saṃvitsiddhi" SaṃSi, 1: 1 26 1;tathā |;PARTLY;+ tathā - dhṛ;"Saṃvitsiddhi" SaṃSi, 1: 1 27 1;tathā |;PARTLY;+ tathā - dhṛ;"Saṃvitsiddhi" SaṃSi, 1: 1 49 5;iti ||;PARTLY;+ iti - dhṛ;"Pañcaviṃśabrāhmaṇa" PB, 11: 11 6 2;samārabhate dvirātrasyāvrisraṃsāya |;PARTLY;+ samārabh - dhṛ;"Śukasaptati" Śusa, 1: 1 8 10;yataḥ |;PARTLY;+ yatas - dhṛ;"Śukasaptati" Śusa, 3: 3 1 2;śukaḥ |;PARTLY;+ śuka - dhṛ;"Śukasaptati" Śusa, 5: 5 1 2;śukaḥ |;PARTLY;+ śuka - dhṛ;"Śukasaptati" Śusa, 5: 5 3 2;yataḥ |;PARTLY;+ yatas - dhṛ;"Śukasaptati" Śusa, 5: 5 5 1;kiñca |;PARTLY;+ kiṁca - dhṛ;"Śukasaptati" Śusa, 5: 5 18 3;yataḥ |;PARTLY;+ yatas - dhṛ;"Śukasaptati" Śusa, 6: 6 2 4;yataḥ |;PARTLY;+ yatas - dhṛ;"Śukasaptati" Śusa, 6: 6 9 1;kiñca |;PARTLY;+ kiṁca - dhṛ;"Śukasaptati" Śusa, 7: 7 3 1;kiñca |;PARTLY;+ kiṁca - dhṛ;"Śukasaptati" Śusa, 7: 7 7 1;kiñca |;PARTLY;+ kiṁca - dhṛ;"Śukasaptati" Śusa, 8: 8 1 3;yataḥ |;PARTLY;+ yatas - dhṛ;"Śukasaptati" Śusa, 9: 9 2 5;yataḥ |;PARTLY;+ yatas - dhṛ;"Śukasaptati" Śusa, 9: 9 3 2;yataḥ |;PARTLY;+ yatas - dhṛ;"Śukasaptati" Śusa, 11: 11 5 1;kiñca |;PARTLY;+ kiṁca - dhṛ;"Śukasaptati" Śusa, 15: 15 4 1;kiñca |;PARTLY;+ kiṁca - dhṛ;"Śukasaptati" Śusa, 21: 21 5 1;kiñca |;PARTLY;+ kiṁca - dhṛ;"Śukasaptati" Śusa, 26: 26 2 12;yataḥ |;PARTLY;+ yatas - dhṛ;"Bṛhadāraṇyakopaniṣad" BĀU, 1, 5: 5 21 15;tāni jñātuṃ dadhrire |;PARTLY;+ jñā - kuṇḍala;"Bṛhadāraṇyakopaniṣad" BĀU, 2, 6: 12 1 9;gautamaḥ ||;PARTLY;+ gautama - dhṛ;"Bṛhadāraṇyakopaniṣad" BĀU, 2, 6: 12 2 1;āgniveśyāt |;PARTLY;+ āgniveśya - dhṛ;"Bṛhadāraṇyakopaniṣad" BĀU, 2, 6: 12 2 3;ānabhimlāta ānabhimlātāt |;PARTLY;+ ānabhimlāta - dhṛ;"Bṛhadāraṇyakopaniṣad" BĀU, 2, 6: 12 2 4;ānabhimlāta ānabhimlātāt |;PARTLY;+ ānabhimlāta - dhṛ;"Bṛhadāraṇyakopaniṣad" BĀU, 2, 6: 12 2 14;kauśikāyaniḥ ||;PARTLY;+ kauśikāyani - dhṛ;"Bṛhadāraṇyakopaniṣad" BĀU, 2, 6: 12 3 1;ghṛtakauśikāt |;PARTLY;+ ghṛtakauśika - dhṛ;"Bṛhadāraṇyakopaniṣad" BĀU, 2, 6: 12 3 2;ghṛtakauśikaḥ prāśaryāyaṇāt |;PARTLY;+ ghṛtakauśika - dhṛ;"Bṛhadāraṇyakopaniṣad" BĀU, 2, 6: 12 3 37;brahma svayaṃbhu |;PARTLY;+ brahman - dhṛ;"Bṛhadāraṇyakopaniṣad" BĀU, 3, 2: 14 11 5;ādhmāyati |;PARTLY;+ ādham - dhṛ;"Bṛhadāraṇyakopaniṣad" BĀU, 4, 4: 25 2 14;savijñano bhavati |;PARTLY;+ bhū - dhṛ;"Bṛhadāraṇyakopaniṣad" BĀU, 4, 6: 27 1 9;gautamaḥ ||;PARTLY;+ gautama - dhṛ;"Bṛhadāraṇyakopaniṣad" BĀU, 4, 6: 27 2 1;agniveśyāt |;PARTLY;+ agniveśya - dhṛ;"Bṛhadāraṇyakopaniṣad" BĀU, 4, 6: 27 2 3;gārgyo gārgyāt |;PARTLY;+ gārgya - dhṛ;"Bṛhadāraṇyakopaniṣad" BĀU, 4, 6: 27 2 15;kauśikāyaniḥ ||;PARTLY;+ kauśikāyani - dhṛ;"Bṛhadāraṇyakopaniṣad" BĀU, 4, 6: 27 3 1;ghṛtakauśikāt |;PARTLY;+ ghṛtakauśika - dhṛ;"Bṛhadāraṇyakopaniṣad" BĀU, 4, 6: 27 3 3;pārāśaryaḥ pārāśaryāt |;PARTLY;+ pārāśarya - dhṛ;"Bṛhadāraṇyakopaniṣad" BĀU, 4, 6: 27 3 13;gautamo gautamāt |;PARTLY;+ gautama - dhṛ;"Bṛhadāraṇyakopaniṣad" BĀU, 5, 2: 29 1 5;vyajñāsiṣṭā3 iti |;PARTLY;+ iti - dhṛ;"Bṛhadāraṇyakopaniṣad" BĀU, 5, 2: 29 2 3;vyajñāsiṣṭā3 iti |;PARTLY;+ iti - dhṛ;"Bṛhadāraṇyakopaniṣad" BĀU, 5, 2: 29 3 3;vyajñāsiṣṭā3 iti |;PARTLY;+ iti - dhṛ;"Bṛhadāraṇyakopaniṣad" BĀU, 5, 13: 40 1 1;uktham |;PARTLY;+ uktha - dhṛ;"Bṛhadāraṇyakopaniṣad" BĀU, 5, 13: 40 2 1;yajuḥ |;PARTLY;+ yajus - dhṛ;"Bṛhadāraṇyakopaniṣad" BĀU, 5, 13: 40 3 1;sāma |;PARTLY;+ sāman - dhṛ;"Bṛhadāraṇyakopaniṣad" BĀU, 5, 13: 40 4 1;kṣatram |;PARTLY;+ kṣatra - dhṛ;"Bṛhadāraṇyakopaniṣad" BĀU, 5, 14: 41 7 3;apad asi |;PARTLY;+ as - dhṛ;"Bṛhadāraṇyakopaniṣad" BĀU, 6, 2: 44 7 6;sa hopāyanakīrtyovāsa ||;PARTLY;+ tad - dhṛ;"Bṛhadāraṇyakopaniṣad" BĀU, 6, 2: 44 14 3;samit samit |;PARTLY;+ samidh - dhṛ;"Bṛhadāraṇyakopaniṣad" BĀU, 6, 2: 44 14 4;dhūmo dhūmaḥ |;PARTLY;+ dhūma - dhṛ;"Bṛhadāraṇyakopaniṣad" BĀU, 6, 2: 44 14 6;aṅgārā aṅgārāḥ |;PARTLY;+ aṅgāra - dhṛ;"Bṛhadāraṇyakopaniṣad" BĀU, 6, 2: 44 14 7;viṣphuliṅgā viṣphuliṅgāḥ |;PARTLY;+ visphuliṅga - dhṛ;"Bṛhadāraṇyakopaniṣad" BĀU, 6, 5: 47 1 12;kāpīputraḥ ||;PARTLY;+ kāpīputra - dhṛ;"Bṛhadāraṇyakopaniṣad" BĀU, 6, 5: 47 2 1;ātreyīputrāt |;PARTLY;+ ātreyīputra - dhṛ;"Bṛhadāraṇyakopaniṣad" BĀU, 6, 5: 47 2 8;vārkāruṇīputro vārkāruṇīputrāt |;PARTLY;+ vārkāruṇīputra - dhṛ;"Bṛhadāraṇyakopaniṣad" BĀU, 6, 5: 47 2 28;āsuriḥ ||;PARTLY;+ āsuri - dhṛ;"Bṛhadāraṇyakopaniṣad" BĀU, 6, 5: 47 3 1;yājñavalkyāt |;PARTLY;+ yājñavalkya - dhṛ;"Śāṅkhāyanāraṇyaka" ŚāĀr, 3, 7: 33 3 0;iti ||;PARTLY;+ iti - dhṛ;"Śāṅkhāyanāraṇyaka" ŚāĀr, 4, 8: 41 4 0;iti ||;PARTLY;+ iti - dhṛ;"Śāṅkhāyanāraṇyaka" ŚāĀr, 4, 13: 46 4 0;prāṇaṃ prāṇaḥ ||;PARTLY;+ prāṇa - dhṛ;"Śāṅkhāyanāraṇyaka" ŚāĀr, 4, 13: 46 8 0;prāṇaṃ prāṇaḥ ||;PARTLY;+ prāṇa - dhṛ;"Śāṅkhāyanāraṇyaka" ŚāĀr, 4, 13: 46 12 0;prāṇaṃ prāṇaḥ ||;PARTLY;+ prāṇa - dhṛ;"Śāṅkhāyanāraṇyaka" ŚāĀr, 4, 13: 46 16 0;prāṇaṃ prāṇaḥ ||;PARTLY;+ prāṇa - dhṛ;"Śāṅkhāyanāraṇyaka" ŚāĀr, 7, 14: 90 5 0;iti ||;PARTLY;+ iti - dhṛ;"Śāṅkhāyanāraṇyaka" ŚāĀr, 7, 19: 95 8 0;iti ||;PARTLY;+ iti - dhṛ;"Śāṅkhāyanāraṇyaka" ŚāĀr, 7, 21: 97 10 0;iti ||;PARTLY;+ iti - dhṛ;"Śāṅkhāyanāraṇyaka" ŚāĀr, 8, 4: 103 3 0;iti ||;PARTLY;+ iti - dhṛ;"Śāṅkhāyanāraṇyaka" ŚāĀr, 8, 5: 104 3 0;iti ||;PARTLY;+ iti - dhṛ;"Śāṅkhāyanāraṇyaka" ŚāĀr, 8, 6: 105 3 0;iti ||;PARTLY;+ iti - dhṛ;"Śāṅkhāyanāraṇyaka" ŚāĀr, 9, 1: 111 1 0;om ||;PARTLY;+ oṁ - dhṛ;"Śāṅkhāyanāraṇyaka" ŚāĀr, 12, 1: 135 1 1;om |;PARTLY;+ oṁ - dhṛ;"Abhidhānacintāmaṇi" AbhCint, 1: 1 5 2;janyāt kṛtkartṛsṛṭsraṣṭṛvidhātṛkarasūsamāḥ ||;PARTLY;+ jan - dhṛ;"Abhidhānacintāmaṇi" AbhCint, 1: 1 6 1;janakād yonijaruhajanmabhūsūtyaṇādayaḥ |;PARTLY;+ janaka - dhṛ;"Abhidhānacintāmaṇi" AbhCint, 1: 1 7 1;śāliśekharamatvarthamālibhartṛdharā api |;PARTLY;+ api - dhṛ;"Abhidhānacintāmaṇi" AbhCint, 1: 1 7 2;bhojyād bhugandhovrataliṭpāyipāśāśanādayaḥ ||;PARTLY;+ bhuj - dhṛ;"Abhidhānacintāmaṇi" AbhCint, 1: 1 10 2;vadhyād bhiddveṣijiddhātidhrugripudhvaṃsiśāsanāḥ ||;PARTLY;+ vadh - dhṛ;"Ṛgveda" ṚV, 1, 25: 25 6 2;dhṛtavratāya dāśuṣe ||;PARTLY;+ dāś - kuṇḍala;"Ṛgveda" ṚV, 8, 68: 688 19 2;avadyam adhi dīdharat ||;PARTLY;+ adhi - kuṇḍala;"Kathāsaritsāgara" KSS, 4, 2: 22 107 2;śaradambhodharotsaṅgasaṅginīvendavī kalā ||;PARTLY;+ kalā - dhṛ;"Kauṣītakyupaniṣad" KauṣUp, 1: 1 7 3;iti |;PARTLY;+ iti - dhṛ;"Taittirīyopaniṣad" TaittUp, 1, 4: 4 2 1;kurvāṇācīram ātmanaḥ |;PARTLY;+ ātman - dhṛ;"Avadānaśataka" AvŚat, 2: 2 7 3;iti ||;PARTLY;+ iti - dhṛ;"Avadānaśataka" AvŚat, 2: 2 12 3;iti ||;PARTLY;+ iti - dhṛ;"Avadānaśataka" AvŚat, 3: 3 10 3;iti ||;PARTLY;+ iti - dhṛ;"Avadānaśataka" AvŚat, 3: 3 15 3;iti ||;PARTLY;+ iti - dhṛ;"Avadānaśataka" AvŚat, 4: 4 8 3;iti ||;PARTLY;+ iti - dhṛ;"Avadānaśataka" AvŚat, 4: 4 13 3;iti ||;PARTLY;+ iti - dhṛ;"Śikṣāsamuccaya" ŚiSam, 1: 1 40 1;iti |;PARTLY;+ iti - dhṛ;"Śikṣāsamuccaya" ŚiSam, 1: 1 43 1;iti |;PARTLY;+ iti - dhṛ;"Śikṣāsamuccaya" ŚiSam, 1: 1 44 2;śraddhayā |;PARTLY;+ śraddhā - dhṛ;"Śikṣāsamuccaya" ŚiSam, 1: 1 48 1;iti |;PARTLY;+ iti - dhṛ;"Śikṣāsamuccaya" ŚiSam, 1: 1 49 1;peyālaṃ ||;PARTLY;+ peyālam - dhṛ;"Śikṣāsamuccaya" ŚiSam, 1: 1 58 8;āha |;PARTLY;+ ah - dhṛ;"Aitareyabrāhmaṇa" AitBr, 2, 20: 50 16 0;anuparyāvṛtyāḥ ||;PARTLY;+ anuparyāvṛt - dhṛ;"Divyāvadāna" Divyāv, 2: 2 92 3;iti ||;PARTLY;+ iti - dhṛ;"Divyāvadāna" Divyāv, 2: 2 482 0;kalpayāmi ||;PARTLY;+ kalpay - dhṛ;"Divyāvadāna" Divyāv, 2: 2 484 3;iti ||;PARTLY;+ iti - dhṛ;"Divyāvadāna" Divyāv, 2: 2 493 0;saṃnipatitaḥ ||;PARTLY;+ saṁnipat - dhṛ;"Divyāvadāna" Divyāv, 2: 2 498 2;iti ||;PARTLY;+ iti - dhṛ;"Divyāvadāna" Divyāv, 2: 2 505 3;iti ||;PARTLY;+ iti - dhṛ;"Divyāvadāna" Divyāv, 2: 2 523 3;iti ||;PARTLY;+ iti - dhṛ;"Divyāvadāna" Divyāv, 3: 3 12 0;iti ||;PARTLY;+ iti - dhṛ;"Divyāvadāna" Divyāv, 3: 3 21 0;antarhitaḥ ||;PARTLY;+ antardhā - dhṛ;"Divyāvadāna" Divyāv, 4: 4 41 0;iti ||;PARTLY;+ iti - dhṛ;"Divyāvadāna" Divyāv, 4: 4 71 0;iti ||;PARTLY;+ iti - dhṛ;"Divyāvadāna" Divyāv, 5: 5 4 0;iti ||;PARTLY;+ iti - dhṛ;"Divyāvadāna" Divyāv, 5: 5 13 0;iti ||;PARTLY;+ iti - dhṛ;"Divyāvadāna" Divyāv, 5: 5 33 0;iti ||;PARTLY;+ iti - dhṛ;"Divyāvadāna" Divyāv, 5: 5 36 0;iti ||;PARTLY;+ iti - dhṛ;"Divyāvadāna" Divyāv, 6: 6 57 0;antardhāsyati ||;PARTLY;+ antardhā - dhṛ;"Divyāvadāna" Divyāv, 6: 6 58 0;antarhitaḥ ||;PARTLY;+ antardhā - dhṛ;"Divyāvadāna" Divyāv, 6: 6 92 1;iti ||;PARTLY;+ iti - dhṛ;"Divyāvadāna" Divyāv, 7: 7 58 0;iti ||;PARTLY;+ iti - dhṛ;"Divyāvadāna" Divyāv, 7: 7 70 0;iti ||;PARTLY;+ iti - dhṛ;"Divyāvadāna" Divyāv, 9: 9 103 3;iti ||;PARTLY;+ iti - dhṛ;"Divyāvadāna" Divyāv, 10: 10 73 3;iti ||;PARTLY;+ iti - dhṛ;"Divyāvadāna" Divyāv, 11: 11 45 1;iti ||;PARTLY;+ iti - dhṛ;"Divyāvadāna" Divyāv, 11: 11 65 3;iti ||;PARTLY;+ iti - dhṛ;"Divyāvadāna" Divyāv, 11: 11 111 3;iti ||;PARTLY;+ iti - dhṛ;"Divyāvadāna" Divyāv, 13: 13 257 3;iti ||;PARTLY;+ iti - dhṛ;"Divyāvadāna" Divyāv, 13: 13 309 1;iti ||;PARTLY;+ iti - dhṛ;"Divyāvadāna" Divyāv, 17: 17 167 1;āgacchatu ||;PARTLY;+ āgam - dhṛ;"Divyāvadāna" Divyāv, 19: 19 350 1;sthāpayata ||;PARTLY;+ sthāpay - dhṛ;"Lalitavistara" LalVis, 1: 1 62 1;iti ||;PARTLY;+ iti - dhṛ;"Lalitavistara" LalVis, 12: 12 26 1;iti ||;PARTLY;+ iti - dhṛ;"Lalitavistara" LalVis, 12: 12 81 17;jijñāsiṣyāmahe ||;PARTLY;+ jijñās - dhṛ;"Baudhāyanaśrautasūtra" BaudhŚS, 1, 1: 1 8 0;parisamūhanti ||;PARTLY;+ parisamūh - dhṛ;"Baudhāyanaśrautasūtra" BaudhŚS, 3, 1: 4 9 0;uddhanti ||;PARTLY;+ uddhan - dhṛ;"Gopathabrāhmaṇa NEW" GB, 1, 1, 23: 23 21 0;yajuṣi yajuḥ ||;PARTLY;+ yajus - dhṛ;"Gopathabrāhmaṇa NEW" GB, 1, 1, 23: 23 22 0;sāmni sāma ||;PARTLY;+ sāman - dhṛ;"Gopathabrāhmaṇa NEW" GB, 1, 1, 23: 23 23 0;sūtre sūtram ||;PARTLY;+ sūtra - dhṛ;"Gopathabrāhmaṇa NEW" GB, 1, 1, 23: 23 24 0;brāhmaṇe brāhmaṇam ||;PARTLY;+ brāhmaṇa - dhṛ;"Gopathabrāhmaṇa NEW" GB, 1, 1, 23: 23 25 0;śloke ślokaḥ ||;PARTLY;+ śloka - dhṛ;"Gopathabrāhmaṇa NEW" GB, 1, 1, 26: 26 11 0;prasāraṇam ||;PARTLY;+ prasāraṇa - dhṛ;"Kātyāyanaśrautasūtra" KātyŚS, 1, 1: 1 6 0;adānaṃ pūrvayoḥ ||;PARTLY;+ pūrva - dhṛ;"Taittirīyasaṃhitā" TS, 2, 1, 1: 1 3 1;ālabheta |;PARTLY;+ ālabh - dhṛ;"Taittirīyasaṃhitā" TS, 2, 1, 1: 1 6 1;acāyat |;PARTLY;+ cāy - dhṛ;"Taittirīyasaṃhitā" TS, 2, 1, 1: 1 7 11;samṛddhyai |;PARTLY;+ samṛddhi - dhṛ;"Taittirīyasaṃhitā" TS, 2, 1, 1: 1 7 12;vāyavyam ||;PARTLY;+ vāyavya - dhṛ;"Taittirīyasaṃhitā" TS, 2, 3, 1: 3 3 1;gṛhṇāti |;PARTLY;+ grah - dhṛ;"Taittirīyasaṃhitā" TS, 4, 2, 2: 7 1 9;namaḥ ||;PARTLY;+ namas - dhṛ;
GītGov, 1: 1;22 2;kalitalalitavanamāla jaya jayadeva hare ||;
GītGov, 1: 1;23 1;dinamaṇimaṇḍalamaṇḍana bhavakhaṇḍana e |;
GītGov, 1: 1;23 2;munijanamānasahaṃsa jaya jayadeva hare ||;
GītGov, 1: 1;24 1;kāliyaviṣadharagañjana janarañjana e |;
GītGov, 1: 1;24 2;yadukulanalinadineśa jaya jayadeva hare ||;
GītGov, 1: 1;25 1;madhumuranarakavināśana garuḍāsana e |;
GītGov, 1: 1;25 2;surakulakelinidāna jaya jayadeva hare ||;
GītGov, 1: 1;26 1;amalakamaladalalocana bhavamocana e |;
GītGov, 1: 1;26 2;tribhuvanabhavananidhāna jaya jayadeva hare ||;
GītGov, 1: 1;27 1;janakasutākṛtabhūṣaṇa jitadūṣaṇa e |;
GītGov, 1: 1;27 2;samaraśamitadaśakaṇṭha jaya jayadeva hare ||;
GītGov, 1: 1;28 1;abhinavajaladharasundara dhṛtamandara e |;
GītGov, 1: 1;28 2;śrīmukhacandracakora jaya jayadeva hare ||;
GītGov, 1: 1;29 1;śrījayadevakaveḥ idam kurute mudam e |;"Gītagovinda" GītGov, 6: 6 16 1;śrījayadevakaveḥ idam uditam |;PARTLY;+ vad - kṛ;
GītGov, 1: 1;29 2;maṅgalam ujjvalagītam jaya jayadeva hare ||;
GītGov, 1: 1;30 1;padmāpayodharataṭīparirambhalagnakāśmīramudritam uraḥ madhusūdanasya |;
GītGov, 1: 1;30 2;vyaktānurāgam iva khelatanaṅgakhedasvedāmbupūram anupūrayatu priyam vaḥ ||;
GītGov, 1: 1;31 1;vasante vāsantīkusumasukumāraiḥ avayavaiḥ bhramantīm kāntāre bahuvihitakṛṣṇānusaraṇām |;
GītGov, 1: 1;31 2;amandam kandarpajvarajanitacintākulatayā valadbādhām rādhām sarasam idam ūce sahacarī ||;
GītGov, 1: 1;32 1;lalitalavaṅgalatāpariśīlanakomalamalayasamīre madhukaranikarakarambitakokilakūjitakuñjakuṭīre |;
GītGov, 1: 1;32 2;viharati hariḥ iha sarasavasante nṛtyati yuvatijanena samam sakhi virahijanasya durante ||;"Gītagovinda" GītGov, 1: 1 34 1;viharati hariḥ iha sarasavasante nṛtyati yuvatijanena samam sakhi virahijanasya durante ||;GOOD;;"Gītagovinda" GītGov, 1: 1 36 1;viharati hariḥ iha sarasavasante nṛtyati yuvatijanena samam sakhi virahijanasya durante ||;GOOD;;"Gītagovinda" GītGov, 1: 1 37 2;viharati hariḥ iha sarasavasante nṛtyati yuvatijanena samam sakhi virahijanasya durante ||;GOOD;;"Gītagovinda" GītGov, 1: 1 38 2;viharati hariḥ iha sarasavasante nṛtyati yuvatijanena samam sakhi virahijanasya durante ||;GOOD;;"Gītagovinda" GītGov, 1: 1 39 2;viharati hariḥ iha sarasavasante nṛtyati yuvatijanena samam sakhi virahijanasya durante ||;GOOD;;"Gītagovinda" GītGov, 1: 1 40 2;viharati hariḥ iha sarasavasante nṛtyati yuvatijanena samam sakhi virahijanasya durante ||;GOOD;;"Gītagovinda" GītGov, 1: 1 41 2;viharati hariḥ iha sarasavasante nṛtyati yuvatijanena samam sakhi virahijanasya durante ||;GOOD;;
GītGov, 1: 1;33 1;unmadamadanamanorathapathikavadhūjanajanitavilāpe alikulasaṃkulakusumasamūhanirākulabakulakalāpe ||;
GītGov, 1: 1;34 1;viharati hariḥ iha sarasavasante nṛtyati yuvatijanena samam sakhi virahijanasya durante ||;"Gītagovinda" GītGov, 1: 1 32 2;viharati hariḥ iha sarasavasante nṛtyati yuvatijanena samam sakhi virahijanasya durante ||;GOOD;;"Gītagovinda" GītGov, 1: 1 36 1;viharati hariḥ iha sarasavasante nṛtyati yuvatijanena samam sakhi virahijanasya durante ||;GOOD;;"Gītagovinda" GītGov, 1: 1 37 2;viharati hariḥ iha sarasavasante nṛtyati yuvatijanena samam sakhi virahijanasya durante ||;GOOD;;"Gītagovinda" GītGov, 1: 1 38 2;viharati hariḥ iha sarasavasante nṛtyati yuvatijanena samam sakhi virahijanasya durante ||;GOOD;;"Gītagovinda" GītGov, 1: 1 39 2;viharati hariḥ iha sarasavasante nṛtyati yuvatijanena samam sakhi virahijanasya durante ||;GOOD;;"Gītagovinda" GītGov, 1: 1 40 2;viharati hariḥ iha sarasavasante nṛtyati yuvatijanena samam sakhi virahijanasya durante ||;GOOD;;"Gītagovinda" GītGov, 1: 1 41 2;viharati hariḥ iha sarasavasante nṛtyati yuvatijanena samam sakhi virahijanasya durante ||;GOOD;;
GītGov, 1: 1;35 1;mṛgamadasaurabharabhasavaśaṃvadanavadalamālatamāle yuvajanahṛdayavidāraṇamanasijanakharucikiṃśukajāle ||;
GītGov, 1: 1;36 1;viharati hariḥ iha sarasavasante nṛtyati yuvatijanena samam sakhi virahijanasya durante ||;"Gītagovinda" GītGov, 1: 1 32 2;viharati hariḥ iha sarasavasante nṛtyati yuvatijanena samam sakhi virahijanasya durante ||;GOOD;;"Gītagovinda" GītGov, 1: 1 34 1;viharati hariḥ iha sarasavasante nṛtyati yuvatijanena samam sakhi virahijanasya durante ||;GOOD;;"Gītagovinda" GītGov, 1: 1 37 2;viharati hariḥ iha sarasavasante nṛtyati yuvatijanena samam sakhi virahijanasya durante ||;GOOD;;"Gītagovinda" GītGov, 1: 1 38 2;viharati hariḥ iha sarasavasante nṛtyati yuvatijanena samam sakhi virahijanasya durante ||;GOOD;;"Gītagovinda" GītGov, 1: 1 39 2;viharati hariḥ iha sarasavasante nṛtyati yuvatijanena samam sakhi virahijanasya durante ||;GOOD;;"Gītagovinda" GītGov, 1: 1 40 2;viharati hariḥ iha sarasavasante nṛtyati yuvatijanena samam sakhi virahijanasya durante ||;GOOD;;"Gītagovinda" GītGov, 1: 1 41 2;viharati hariḥ iha sarasavasante nṛtyati yuvatijanena samam sakhi virahijanasya durante ||;GOOD;;
GītGov, 1: 1;37 1;madanamahīpatikanakadaṇḍarucikesarakusumavikāse militaśilīmukhapāṭalipaṭalakṛtasmaratūṇavilāse |;
GītGov, 1: 1;37 2;viharati hariḥ iha sarasavasante nṛtyati yuvatijanena samam sakhi virahijanasya durante ||;"Gītagovinda" GītGov, 1: 1 32 2;viharati hariḥ iha sarasavasante nṛtyati yuvatijanena samam sakhi virahijanasya durante ||;GOOD;;"Gītagovinda" GītGov, 1: 1 34 1;viharati hariḥ iha sarasavasante nṛtyati yuvatijanena samam sakhi virahijanasya durante ||;GOOD;;"Gītagovinda" GītGov, 1: 1 36 1;viharati hariḥ iha sarasavasante nṛtyati yuvatijanena samam sakhi virahijanasya durante ||;GOOD;;"Gītagovinda" GītGov, 1: 1 38 2;viharati hariḥ iha sarasavasante nṛtyati yuvatijanena samam sakhi virahijanasya durante ||;GOOD;;"Gītagovinda" GītGov, 1: 1 39 2;viharati hariḥ iha sarasavasante nṛtyati yuvatijanena samam sakhi virahijanasya durante ||;GOOD;;"Gītagovinda" GītGov, 1: 1 40 2;viharati hariḥ iha sarasavasante nṛtyati yuvatijanena samam sakhi virahijanasya durante ||;GOOD;;"Gītagovinda" GītGov, 1: 1 41 2;viharati hariḥ iha sarasavasante nṛtyati yuvatijanena samam sakhi virahijanasya durante ||;GOOD;;
GītGov, 1: 1;38 1;vigalitalajjitajagadavalokanataruṇakaruṇakṛtahāse virahinikṛntanakuntamukhākṛtiketakadanturitāśe |;
GītGov, 1: 1;38 2;viharati hariḥ iha sarasavasante nṛtyati yuvatijanena samam sakhi virahijanasya durante ||;"Gītagovinda" GītGov, 1: 1 32 2;viharati hariḥ iha sarasavasante nṛtyati yuvatijanena samam sakhi virahijanasya durante ||;GOOD;;"Gītagovinda" GītGov, 1: 1 34 1;viharati hariḥ iha sarasavasante nṛtyati yuvatijanena samam sakhi virahijanasya durante ||;GOOD;;"Gītagovinda" GītGov, 1: 1 36 1;viharati hariḥ iha sarasavasante nṛtyati yuvatijanena samam sakhi virahijanasya durante ||;GOOD;;"Gītagovinda" GītGov, 1: 1 37 2;viharati hariḥ iha sarasavasante nṛtyati yuvatijanena samam sakhi virahijanasya durante ||;GOOD;;"Gītagovinda" GītGov, 1: 1 39 2;viharati hariḥ iha sarasavasante nṛtyati yuvatijanena samam sakhi virahijanasya durante ||;GOOD;;"Gītagovinda" GītGov, 1: 1 40 2;viharati hariḥ iha sarasavasante nṛtyati yuvatijanena samam sakhi virahijanasya durante ||;GOOD;;"Gītagovinda" GītGov, 1: 1 41 2;viharati hariḥ iha sarasavasante nṛtyati yuvatijanena samam sakhi virahijanasya durante ||;GOOD;;
GītGov, 1: 1;39 1;mādhavikāparimalalalite navamālikajātisugandhau munimanasām api mohanakāriṇi taruṇakāraṇabandhau |;
GītGov, 1: 1;39 2;viharati hariḥ iha sarasavasante nṛtyati yuvatijanena samam sakhi virahijanasya durante ||;"Gītagovinda" GītGov, 1: 1 32 2;viharati hariḥ iha sarasavasante nṛtyati yuvatijanena samam sakhi virahijanasya durante ||;GOOD;;"Gītagovinda" GītGov, 1: 1 34 1;viharati hariḥ iha sarasavasante nṛtyati yuvatijanena samam sakhi virahijanasya durante ||;GOOD;;"Gītagovinda" GītGov, 1: 1 36 1;viharati hariḥ iha sarasavasante nṛtyati yuvatijanena samam sakhi virahijanasya durante ||;GOOD;;"Gītagovinda" GītGov, 1: 1 37 2;viharati hariḥ iha sarasavasante nṛtyati yuvatijanena samam sakhi virahijanasya durante ||;GOOD;;"Gītagovinda" GītGov, 1: 1 38 2;viharati hariḥ iha sarasavasante nṛtyati yuvatijanena samam sakhi virahijanasya durante ||;GOOD;;"Gītagovinda" GītGov, 1: 1 40 2;viharati hariḥ iha sarasavasante nṛtyati yuvatijanena samam sakhi virahijanasya durante ||;GOOD;;"Gītagovinda" GītGov, 1: 1 41 2;viharati hariḥ iha sarasavasante nṛtyati yuvatijanena samam sakhi virahijanasya durante ||;GOOD;;
GītGov, 1: 1;40 1;sphuradatimuktalatāparirambhaṇamukulitapulakitacūte vṛndāvanavipine parisaraparigatayamunājalapūte |;
GītGov, 1: 1;40 2;viharati hariḥ iha sarasavasante nṛtyati yuvatijanena samam sakhi virahijanasya durante ||;"Gītagovinda" GītGov, 1: 1 32 2;viharati hariḥ iha sarasavasante nṛtyati yuvatijanena samam sakhi virahijanasya durante ||;GOOD;;"Gītagovinda" GītGov, 1: 1 34 1;viharati hariḥ iha sarasavasante nṛtyati yuvatijanena samam sakhi virahijanasya durante ||;GOOD;;"Gītagovinda" GītGov, 1: 1 36 1;viharati hariḥ iha sarasavasante nṛtyati yuvatijanena samam sakhi virahijanasya durante ||;GOOD;;"Gītagovinda" GītGov, 1: 1 37 2;viharati hariḥ iha sarasavasante nṛtyati yuvatijanena samam sakhi virahijanasya durante ||;GOOD;;"Gītagovinda" GītGov, 1: 1 38 2;viharati hariḥ iha sarasavasante nṛtyati yuvatijanena samam sakhi virahijanasya durante ||;GOOD;;"Gītagovinda" GītGov, 1: 1 39 2;viharati hariḥ iha sarasavasante nṛtyati yuvatijanena samam sakhi virahijanasya durante ||;GOOD;;"Gītagovinda" GītGov, 1: 1 41 2;viharati hariḥ iha sarasavasante nṛtyati yuvatijanena samam sakhi virahijanasya durante ||;GOOD;;
GītGov, 1: 1;41 1;śrījayadevabhaṇitam idam udayati haricaraṇasmṛtisāram sarasavasantasamayavanavarṇanam anugatamadanavikāram |;
GītGov, 1: 1;41 2;viharati hariḥ iha sarasavasante nṛtyati yuvatijanena samam sakhi virahijanasya durante ||;"Gītagovinda" GītGov, 1: 1 32 2;viharati hariḥ iha sarasavasante nṛtyati yuvatijanena samam sakhi virahijanasya durante ||;GOOD;;"Gītagovinda" GītGov, 1: 1 34 1;viharati hariḥ iha sarasavasante nṛtyati yuvatijanena samam sakhi virahijanasya durante ||;GOOD;;"Gītagovinda" GītGov, 1: 1 36 1;viharati hariḥ iha sarasavasante nṛtyati yuvatijanena samam sakhi virahijanasya durante ||;GOOD;;"Gītagovinda" GītGov, 1: 1 37 2;viharati hariḥ iha sarasavasante nṛtyati yuvatijanena samam sakhi virahijanasya durante ||;GOOD;;"Gītagovinda" GītGov, 1: 1 38 2;viharati hariḥ iha sarasavasante nṛtyati yuvatijanena samam sakhi virahijanasya durante ||;GOOD;;"Gītagovinda" GītGov, 1: 1 39 2;viharati hariḥ iha sarasavasante nṛtyati yuvatijanena samam sakhi virahijanasya durante ||;GOOD;;"Gītagovinda" GītGov, 1: 1 40 2;viharati hariḥ iha sarasavasante nṛtyati yuvatijanena samam sakhi virahijanasya durante ||;GOOD;;
GītGov, 1: 1;42 1;daravidalitamallīvallicañcatparāgaprakaṭitapaṭavāsaiḥ vāsayan kānanāni |;
GītGov, 1: 1;42 2;iha hi dahati cetaḥ ketakīgandhabandhuḥ prasaratasamabāṇaprāṇavatgandhavāhaḥ ||;
GītGov, 1: 1;43 1;unmīlanmadhugandhalubdhamadhupavyādhūtacūtaṅkurakrīḍatkokilakākalīkalakalaiḥ udgīrṇakarṇajvarāḥ |;"Mahābhārata" MBh, 1, 126: 126 15 1;karṇa uvāca |;PARTLY;+ vac - udgṛ;"Mahābhārata" MBh, 1, 126: 126 19 1;karṇa uvāca |;PARTLY;+ vac - udgṛ;"Mahābhārata" MBh, 1, 181: 181 15 1;karṇa uvāca |;PARTLY;+ vac - udgṛ;"Mahābhārata" MBh, 1, 194: 194 1 1;karṇa uvāca |;PARTLY;+ vac - udgṛ;"Mahābhārata" MBh, 1, 196: 196 13 1;karṇa uvāca |;PARTLY;+ vac - udgṛ;"Mahābhārata" MBh, 2, 63: 289 1 1;karṇa uvāca |;PARTLY;+ vac - udgṛ;"Mahābhārata" MBh, 2, 64: 290 1 1;karṇa uvāca |;PARTLY;+ vac - udgṛ;"Mahābhārata" MBh, 3, 8: 306 12 1;karṇa uvāca |;PARTLY;+ vac - udgṛ;"Mahābhārata" MBh, 3, 241: 539 15 1;karṇa uvāca |;PARTLY;+ vac - udgṛ;"Mahābhārata" MBh, 3, 284: 582 21 1;karṇa uvāca |;PARTLY;+ vac - udgṛ;"Mahābhārata" MBh, 3, 284: 582 23 1;karṇa uvāca |;PARTLY;+ vac - udgṛ;"Mahābhārata" MBh, 3, 286: 584 1 1;karṇa uvāca |;PARTLY;+ vac - udgṛ;"Mahābhārata" MBh, 3, 294: 592 6 1;karṇa uvāca |;PARTLY;+ vac - udgṛ;"Mahābhārata" MBh, 3, 294: 592 21 1;karṇa uvāca |;PARTLY;+ vac - udgṛ;"Mahābhārata" MBh, 3, 294: 592 26 1;karṇa uvāca |;PARTLY;+ vac - udgṛ;"Mahābhārata" MBh, 3, 294: 592 29 1;karṇa uvāca |;PARTLY;+ vac - udgṛ;"Mahābhārata" MBh, 3, 294: 592 34 1;karṇa uvāca |;PARTLY;+ vac - udgṛ;"Mahābhārata" MBh, 4, 37: 634 13 1;karṇa uvāca |;PARTLY;+ vac - udgṛ;"Mahābhārata" MBh, 4, 43: 640 1 1;karṇa uvāca |;PARTLY;+ vac - udgṛ;"Mahābhārata" MBh, 4, 55: 652 7 1;karṇa uvāca |;PARTLY;+ vac - udgṛ;"Mahābhārata" MBh, 5, 48: 712 29 1;karṇa uvāca |;PARTLY;+ vac - udgṛ;"Mahābhārata" MBh, 5, 61: 725 12 1;karṇa uvāca |;PARTLY;+ vac - udgṛ;"Mahābhārata" MBh, 5, 139: 803 1 1;karṇa uvāca |;PARTLY;+ vac - udgṛ;"Mahābhārata" MBh, 5, 141: 805 45 1;karṇa uvāca |;PARTLY;+ vac - udgṛ;"Mahābhārata" MBh, 5, 143: 807 1 1;karṇa uvāca |;PARTLY;+ vac - udgṛ;"Mahābhārata" MBh, 5, 144: 808 4 1;karṇa uvāca |;PARTLY;+ vac - udgṛ;"Mahābhārata" MBh, 5, 153: 817 25 1;karṇa uvāca |;PARTLY;+ vac - udgṛ;"Mahābhārata" MBh, 6, 41: 902 87 1;karṇa uvāca |;PARTLY;+ vac - udgṛ;"Mahābhārata" MBh, 6, 117: 978 21 1;karṇa uvāca |;PARTLY;+ vac - udgṛ;"Mahābhārata" MBh, 7, 2: 980 4 1;karṇa uvāca |;PARTLY;+ vac - udgṛ;"Mahābhārata" MBh, 7, 2: 980 11 1;karṇa uvāca |;PARTLY;+ vac - udgṛ;"Mahābhārata" MBh, 7, 5: 983 3 1;karṇa uvāca |;PARTLY;+ vac - udgṛ;"Mahābhārata" MBh, 7, 5: 983 12 1;karṇa uvāca |;PARTLY;+ vac - udgṛ;"Mahābhārata" MBh, 7, 21: 999 18 1;karṇa uvāca |;PARTLY;+ vac - udgṛ;"Mahābhārata" MBh, 7, 127: 1105 12 1;karṇa uvāca |;PARTLY;+ vac - udgṛ;"Mahābhārata" MBh, 7, 133: 1111 5 1;karṇa uvāca |;PARTLY;+ vac - udgṛ;"Mahābhārata" MBh, 7, 134: 1112 4 1;karṇa uvāca |;PARTLY;+ vac - udgṛ;"Mahābhārata" MBh, 8, 6: 1156 33 1;karṇa uvāca |;PARTLY;+ vac - udgṛ;"Mahābhārata" MBh, 8, 25: 1175 7 1;karṇa uvāca |;PARTLY;+ vac - udgṛ;"Mahābhārata" MBh, 8, 27: 1177 28 1;karṇa uvāca |;PARTLY;+ vac - udgṛ;"Mahābhārata" MBh, 8, 57: 1207 33 1;karṇa uvāca |;PARTLY;+ vac - udgṛ;"Āpastambagṛhyasūtra" ĀpGṛSū, 12: 11 13 1;karṇāv uttareṇa ||;PARTLY;+ uttara - udgṛ;"Aitareyopaniṣad" AitUp, 1, 1: 1 4 11;karṇau nirabhidyetām |;PARTLY;+ nirbhid - udgṛ;"Aitareyopaniṣad" AitUp, 1, 1: 1 4 12;karṇābhyāṃ śrotram |;PARTLY;+ śrotra - udgṛ;"Taittirīyopaniṣad" TaittUp, 1, 4: 4 1 7;karṇābhyāṃ bhūri viśruvam |;PARTLY;+ bhūri - udgṛ;
GītGov, 1: 1;43 2;nīyante pathikaiḥ katham katham api dhyānavadhānakṣaṇaprāptaprāṇasamāsamāgamarasollāsaiḥ amī vāsarāḥ ||;
GītGov, 1: 1;44 1;anekanārīparirambhasambhramasphuranmanohārivilāsalālasam |;
GītGov, 1: 1;44 2;murārim ārāt upadarśayantī asau sakhī samakṣam punaḥ āha rādhikām ||;
GītGov, 1: 1;45 1;candanacarcitanīlakalevarapītavasanavanamālī |;
GītGov, 1: 1;45 2;kelicalanmaṇikuṇḍalamaṇḍitagaṇḍayugasmitaśālī |;
GītGov, 1: 1;45 3;hariḥ iha mugdhavadhūnikare vilāsini vilasati kelipare ||;"Gītagovinda" GītGov, 1: 1 46 3;hariḥ iha mugdhavadhūnikare vilāsini vilasati kelipare ||;GOOD;;"Gītagovinda" GītGov, 1: 1 47 3;hariḥ iha mugdhavadhūnikare vilāsini vilasati kelipare ||;GOOD;;"Gītagovinda" GītGov, 1: 1 48 3;hariḥ iha mugdhavadhūnikare vilāsini vilasati kelipare ||;GOOD;;"Gītagovinda" GītGov, 1: 1 49 3;hariḥ iha mugdhavadhūnikare vilāsini vilasati kelipare ||;GOOD;;"Gītagovinda" GītGov, 1: 1 50 3;hariḥ iha mugdhavadhūnikare vilāsini vilasati kelipare ||;GOOD;;"Gītagovinda" GītGov, 1: 1 51 3;hariḥ iha mugdhavadhūnikare vilāsini vilasati kelipare ||;GOOD;;"Gītagovinda" GītGov, 1: 1 52 3;hariḥ iha mugdhavadhūnikare vilāsini vilasati kelipare ||;GOOD;;
GītGov, 1: 1;46 1;pīnapayodharabhāreṇa harim parirabhya sarāgam |;
GītGov, 1: 1;46 2;gopavadhūḥ anugāyati kācit udañcitapañcamarāgam |;
GītGov, 1: 1;46 3;hariḥ iha mugdhavadhūnikare vilāsini vilasati kelipare ||;"Gītagovinda" GītGov, 1: 1 45 3;hariḥ iha mugdhavadhūnikare vilāsini vilasati kelipare ||;GOOD;;"Gītagovinda" GītGov, 1: 1 47 3;hariḥ iha mugdhavadhūnikare vilāsini vilasati kelipare ||;GOOD;;"Gītagovinda" GītGov, 1: 1 48 3;hariḥ iha mugdhavadhūnikare vilāsini vilasati kelipare ||;GOOD;;"Gītagovinda" GītGov, 1: 1 49 3;hariḥ iha mugdhavadhūnikare vilāsini vilasati kelipare ||;GOOD;;"Gītagovinda" GītGov, 1: 1 50 3;hariḥ iha mugdhavadhūnikare vilāsini vilasati kelipare ||;GOOD;;"Gītagovinda" GītGov, 1: 1 51 3;hariḥ iha mugdhavadhūnikare vilāsini vilasati kelipare ||;GOOD;;"Gītagovinda" GītGov, 1: 1 52 3;hariḥ iha mugdhavadhūnikare vilāsini vilasati kelipare ||;GOOD;;
GītGov, 1: 1;47 1;kāpi vilāsavilolavilocanakhelanajanitamanojam |;
GītGov, 1: 1;47 2;dhyāyati mugdhavadhūḥ adhikam madhusūdanavadanasarojam |;
GītGov, 1: 1;47 3;hariḥ iha mugdhavadhūnikare vilāsini vilasati kelipare ||;"Gītagovinda" GītGov, 1: 1 45 3;hariḥ iha mugdhavadhūnikare vilāsini vilasati kelipare ||;GOOD;;"Gītagovinda" GītGov, 1: 1 46 3;hariḥ iha mugdhavadhūnikare vilāsini vilasati kelipare ||;GOOD;;"Gītagovinda" GītGov, 1: 1 48 3;hariḥ iha mugdhavadhūnikare vilāsini vilasati kelipare ||;GOOD;;"Gītagovinda" GītGov, 1: 1 49 3;hariḥ iha mugdhavadhūnikare vilāsini vilasati kelipare ||;GOOD;;"Gītagovinda" GītGov, 1: 1 50 3;hariḥ iha mugdhavadhūnikare vilāsini vilasati kelipare ||;GOOD;;"Gītagovinda" GītGov, 1: 1 51 3;hariḥ iha mugdhavadhūnikare vilāsini vilasati kelipare ||;GOOD;;"Gītagovinda" GītGov, 1: 1 52 3;hariḥ iha mugdhavadhūnikare vilāsini vilasati kelipare ||;GOOD;;
GītGov, 1: 1;48 1;kāpi kapolatale militā lapitum kimapi śrutimūle |;
GītGov, 1: 1;48 2;cāru cucumba nitambavatī dayitam pulakaiḥ anukūle |;
GītGov, 1: 1;48 3;hariḥ iha mugdhavadhūnikare vilāsini vilasati kelipare ||;"Gītagovinda" GītGov, 1: 1 45 3;hariḥ iha mugdhavadhūnikare vilāsini vilasati kelipare ||;GOOD;;"Gītagovinda" GītGov, 1: 1 46 3;hariḥ iha mugdhavadhūnikare vilāsini vilasati kelipare ||;GOOD;;"Gītagovinda" GītGov, 1: 1 47 3;hariḥ iha mugdhavadhūnikare vilāsini vilasati kelipare ||;GOOD;;"Gītagovinda" GītGov, 1: 1 49 3;hariḥ iha mugdhavadhūnikare vilāsini vilasati kelipare ||;GOOD;;"Gītagovinda" GītGov, 1: 1 50 3;hariḥ iha mugdhavadhūnikare vilāsini vilasati kelipare ||;GOOD;;"Gītagovinda" GītGov, 1: 1 51 3;hariḥ iha mugdhavadhūnikare vilāsini vilasati kelipare ||;GOOD;;"Gītagovinda" GītGov, 1: 1 52 3;hariḥ iha mugdhavadhūnikare vilāsini vilasati kelipare ||;GOOD;;
GītGov, 1: 1;49 1;kelikalākutukena ca kācit amum yamunājalakūle |;
GītGov, 1: 1;49 2;mañjulavañjulakuñjagatam vicakarṣa kareṇa dukūle |;
GītGov, 1: 1;49 3;hariḥ iha mugdhavadhūnikare vilāsini vilasati kelipare ||;"Gītagovinda" GītGov, 1: 1 45 3;hariḥ iha mugdhavadhūnikare vilāsini vilasati kelipare ||;GOOD;;"Gītagovinda" GītGov, 1: 1 46 3;hariḥ iha mugdhavadhūnikare vilāsini vilasati kelipare ||;GOOD;;"Gītagovinda" GītGov, 1: 1 47 3;hariḥ iha mugdhavadhūnikare vilāsini vilasati kelipare ||;GOOD;;"Gītagovinda" GītGov, 1: 1 48 3;hariḥ iha mugdhavadhūnikare vilāsini vilasati kelipare ||;GOOD;;"Gītagovinda" GītGov, 1: 1 50 3;hariḥ iha mugdhavadhūnikare vilāsini vilasati kelipare ||;GOOD;;"Gītagovinda" GītGov, 1: 1 51 3;hariḥ iha mugdhavadhūnikare vilāsini vilasati kelipare ||;GOOD;;"Gītagovinda" GītGov, 1: 1 52 3;hariḥ iha mugdhavadhūnikare vilāsini vilasati kelipare ||;GOOD;;
GītGov, 1: 1;50 1;karatalatālataralavalayāvalikalitakalasvanavaṃśe |;
GītGov, 1: 1;50 2;rāsarase sahanṛtyaparā hariṇā yuvatiḥ praśaśaṃse |;
GītGov, 1: 1;50 3;hariḥ iha mugdhavadhūnikare vilāsini vilasati kelipare ||;"Gītagovinda" GītGov, 1: 1 45 3;hariḥ iha mugdhavadhūnikare vilāsini vilasati kelipare ||;GOOD;;"Gītagovinda" GītGov, 1: 1 46 3;hariḥ iha mugdhavadhūnikare vilāsini vilasati kelipare ||;GOOD;;"Gītagovinda" GītGov, 1: 1 47 3;hariḥ iha mugdhavadhūnikare vilāsini vilasati kelipare ||;GOOD;;"Gītagovinda" GītGov, 1: 1 48 3;hariḥ iha mugdhavadhūnikare vilāsini vilasati kelipare ||;GOOD;;"Gītagovinda" GītGov, 1: 1 49 3;hariḥ iha mugdhavadhūnikare vilāsini vilasati kelipare ||;GOOD;;"Gītagovinda" GītGov, 1: 1 51 3;hariḥ iha mugdhavadhūnikare vilāsini vilasati kelipare ||;GOOD;;"Gītagovinda" GītGov, 1: 1 52 3;hariḥ iha mugdhavadhūnikare vilāsini vilasati kelipare ||;GOOD;;
GītGov, 1: 1;51 1;śliṣyati kāmapi cumbati kāmapi kāmapi ramayati rāmām |;
GītGov, 1: 1;51 2;paśyati sasmitacāruparām aparām anugacchati vāmām |;
GītGov, 1: 1;51 3;hariḥ iha mugdhavadhūnikare vilāsini vilasati kelipare ||;"Gītagovinda" GītGov, 1: 1 45 3;hariḥ iha mugdhavadhūnikare vilāsini vilasati kelipare ||;GOOD;;"Gītagovinda" GītGov, 1: 1 46 3;hariḥ iha mugdhavadhūnikare vilāsini vilasati kelipare ||;GOOD;;"Gītagovinda" GītGov, 1: 1 47 3;hariḥ iha mugdhavadhūnikare vilāsini vilasati kelipare ||;GOOD;;"Gītagovinda" GītGov, 1: 1 48 3;hariḥ iha mugdhavadhūnikare vilāsini vilasati kelipare ||;GOOD;;"Gītagovinda" GītGov, 1: 1 49 3;hariḥ iha mugdhavadhūnikare vilāsini vilasati kelipare ||;GOOD;;"Gītagovinda" GītGov, 1: 1 50 3;hariḥ iha mugdhavadhūnikare vilāsini vilasati kelipare ||;GOOD;;"Gītagovinda" GītGov, 1: 1 52 3;hariḥ iha mugdhavadhūnikare vilāsini vilasati kelipare ||;GOOD;;
GītGov, 1: 1;52 1;śrījayadevakaveḥ idam adbhutakeśavakelirahasyam |;
GītGov, 1: 1;52 2;vṛndāvanavipine lalitam vitanotu śubhāni yaśasyam |;
GītGov, 1: 1;52 3;hariḥ iha mugdhavadhūnikare vilāsini vilasati kelipare ||;"Gītagovinda" GītGov, 1: 1 45 3;hariḥ iha mugdhavadhūnikare vilāsini vilasati kelipare ||;GOOD;;"Gītagovinda" GītGov, 1: 1 46 3;hariḥ iha mugdhavadhūnikare vilāsini vilasati kelipare ||;GOOD;;"Gītagovinda" GītGov, 1: 1 47 3;hariḥ iha mugdhavadhūnikare vilāsini vilasati kelipare ||;GOOD;;"Gītagovinda" GītGov, 1: 1 48 3;hariḥ iha mugdhavadhūnikare vilāsini vilasati kelipare ||;GOOD;;"Gītagovinda" GītGov, 1: 1 49 3;hariḥ iha mugdhavadhūnikare vilāsini vilasati kelipare ||;GOOD;;"Gītagovinda" GītGov, 1: 1 50 3;hariḥ iha mugdhavadhūnikare vilāsini vilasati kelipare ||;GOOD;;"Gītagovinda" GītGov, 1: 1 51 3;hariḥ iha mugdhavadhūnikare vilāsini vilasati kelipare ||;GOOD;;
GītGov, 1: 1;53 1;viśveṣām anurañjanena janayan ānandam indīvaraśreṇīśyāmalakomalaiḥ upanayan aṅgaiḥ anaṅgotsavam |;
GītGov, 1: 1;53 2;svacchandam vrajasundarībhiḥ abhitaḥ pratiaṅgam āliṅgitaḥ śṛṅgāraḥ sakhi mūrtimān iva madhau mugdhaḥ hariḥ krīḍati ||;
GītGov, 1: 1;54 1;adya utsaṅgavasadbhujaṅgakavalakleśāt iva īśācalam prāleyaplavanecchayā anusarati śrīkhaṇḍaśailānilaḥ |;
GītGov, 1: 1;54 2;kiṃca snigdharasālamaulimukulāni ālokya harṣodayāt unmīlanti kuhūḥ kuhūḥ iti kalottālāḥ pikānām giraḥ ||;
GītGov, 2: 2;1 1;viharati vane rādhā sādhāraṇapraṇaye harau vigalitanijotkarṣāt īrṣyāvaśena gatā anyataḥ |;
GītGov, 2: 2;1 2;kvacit api latākuñje guñjanmadhuvratamaṇḍalī mukharaśikhare līnā dīnā api uvāca rahaḥ sakhīm ||;
GītGov, 2: 2;2 1;saṃcaradadharasudhāmadhuradhvanimukharitamohanavaṃśam |;
GītGov, 2: 2;2 2;calitadṛgañcalacañcalamaulikapolavilolavataṃsam ||;
GītGov, 2: 2;3 1;rāse harim iha vihitavilāsam smarati manaḥ mama kṛtaparihāsam ||;"Gītagovinda" GītGov, 2: 2 5 1;rāse harim iha vihitavilāsam smarati manaḥ mama kṛtaparihāsam ||;GOOD;;"Gītagovinda" GītGov, 2: 2 7 1;rāse harim iha vihitavilāsam smarati manaḥ mama kṛtaparihāsam ||;GOOD;;"Gītagovinda" GītGov, 2: 2 9 1;rāse harim iha vihitavilāsam smarati manaḥ mama kṛtaparihāsam ||;GOOD;;"Gītagovinda" GītGov, 2: 2 11 1;rāse harim iha vihitavilāsam smarati manaḥ mama kṛtaparihāsam ||;GOOD;;"Gītagovinda" GītGov, 2: 2 13 1;rāse harim iha vihitavilāsam smarati manaḥ mama kṛtaparihāsam ||;GOOD;;"Gītagovinda" GītGov, 2: 2 15 1;rāse harim iha vihitavilāsam smarati manaḥ mama kṛtaparihāsam ||;GOOD;;"Gītagovinda" GītGov, 2: 2 17 1;rāse harim iha vihitavilāsam smarati manaḥ mama kṛtaparihāsam ||;GOOD;;
GītGov, 2: 2;4 1;candrakacārumayūraśikhaṇḍakamaṇḍalavalayitakeśam |;
GītGov, 2: 2;4 2;pracurapurandaradhanuranurañjitameduramudirasuveśam ||;
GītGov, 2: 2;5 1;rāse harim iha vihitavilāsam smarati manaḥ mama kṛtaparihāsam ||;"Gītagovinda" GītGov, 2: 2 3 1;rāse harim iha vihitavilāsam smarati manaḥ mama kṛtaparihāsam ||;GOOD;;"Gītagovinda" GītGov, 2: 2 7 1;rāse harim iha vihitavilāsam smarati manaḥ mama kṛtaparihāsam ||;GOOD;;"Gītagovinda" GītGov, 2: 2 9 1;rāse harim iha vihitavilāsam smarati manaḥ mama kṛtaparihāsam ||;GOOD;;"Gītagovinda" GītGov, 2: 2 11 1;rāse harim iha vihitavilāsam smarati manaḥ mama kṛtaparihāsam ||;GOOD;;"Gītagovinda" GītGov, 2: 2 13 1;rāse harim iha vihitavilāsam smarati manaḥ mama kṛtaparihāsam ||;GOOD;;"Gītagovinda" GītGov, 2: 2 15 1;rāse harim iha vihitavilāsam smarati manaḥ mama kṛtaparihāsam ||;GOOD;;"Gītagovinda" GītGov, 2: 2 17 1;rāse harim iha vihitavilāsam smarati manaḥ mama kṛtaparihāsam ||;GOOD;;
GītGov, 2: 2;6 1;gopakadambanitambavatīmukhacumbanalambhitalobham |;
GītGov, 2: 2;6 2;bandhujīvamadhurādharapallavam ullasitasmitaśobham ||;
GītGov, 2: 2;7 1;rāse harim iha vihitavilāsam smarati manaḥ mama kṛtaparihāsam ||;"Gītagovinda" GītGov, 2: 2 3 1;rāse harim iha vihitavilāsam smarati manaḥ mama kṛtaparihāsam ||;GOOD;;"Gītagovinda" GītGov, 2: 2 5 1;rāse harim iha vihitavilāsam smarati manaḥ mama kṛtaparihāsam ||;GOOD;;"Gītagovinda" GītGov, 2: 2 9 1;rāse harim iha vihitavilāsam smarati manaḥ mama kṛtaparihāsam ||;GOOD;;"Gītagovinda" GītGov, 2: 2 11 1;rāse harim iha vihitavilāsam smarati manaḥ mama kṛtaparihāsam ||;GOOD;;"Gītagovinda" GītGov, 2: 2 13 1;rāse harim iha vihitavilāsam smarati manaḥ mama kṛtaparihāsam ||;GOOD;;"Gītagovinda" GītGov, 2: 2 15 1;rāse harim iha vihitavilāsam smarati manaḥ mama kṛtaparihāsam ||;GOOD;;"Gītagovinda" GītGov, 2: 2 17 1;rāse harim iha vihitavilāsam smarati manaḥ mama kṛtaparihāsam ||;GOOD;;
GītGov, 2: 2;8 1;vipulapulakabhujapallavavalayitaballavayuvatisahasram |;
GītGov, 2: 2;8 2;karacaraṇorasi maṇigaṇabhūṣaṇakiraṇavibhinnatamisram ||;
GītGov, 2: 2;9 1;rāse harim iha vihitavilāsam smarati manaḥ mama kṛtaparihāsam ||;"Gītagovinda" GītGov, 2: 2 3 1;rāse harim iha vihitavilāsam smarati manaḥ mama kṛtaparihāsam ||;GOOD;;"Gītagovinda" GītGov, 2: 2 5 1;rāse harim iha vihitavilāsam smarati manaḥ mama kṛtaparihāsam ||;GOOD;;"Gītagovinda" GītGov, 2: 2 7 1;rāse harim iha vihitavilāsam smarati manaḥ mama kṛtaparihāsam ||;GOOD;;"Gītagovinda" GītGov, 2: 2 11 1;rāse harim iha vihitavilāsam smarati manaḥ mama kṛtaparihāsam ||;GOOD;;"Gītagovinda" GītGov, 2: 2 13 1;rāse harim iha vihitavilāsam smarati manaḥ mama kṛtaparihāsam ||;GOOD;;"Gītagovinda" GītGov, 2: 2 15 1;rāse harim iha vihitavilāsam smarati manaḥ mama kṛtaparihāsam ||;GOOD;;"Gītagovinda" GītGov, 2: 2 17 1;rāse harim iha vihitavilāsam smarati manaḥ mama kṛtaparihāsam ||;GOOD;;
GītGov, 2: 2;10 1;jaladapaṭalavaladinduvinindakacandanatilakalalāṭam |;
GītGov, 2: 2;10 2;pīnaghanastanamaṇḍalamardananirdayahṛdayakapāṭam ||;
GītGov, 2: 2;11 1;rāse harim iha vihitavilāsam smarati manaḥ mama kṛtaparihāsam ||;"Gītagovinda" GītGov, 2: 2 3 1;rāse harim iha vihitavilāsam smarati manaḥ mama kṛtaparihāsam ||;GOOD;;"Gītagovinda" GītGov, 2: 2 5 1;rāse harim iha vihitavilāsam smarati manaḥ mama kṛtaparihāsam ||;GOOD;;"Gītagovinda" GītGov, 2: 2 7 1;rāse harim iha vihitavilāsam smarati manaḥ mama kṛtaparihāsam ||;GOOD;;"Gītagovinda" GītGov, 2: 2 9 1;rāse harim iha vihitavilāsam smarati manaḥ mama kṛtaparihāsam ||;GOOD;;"Gītagovinda" GītGov, 2: 2 13 1;rāse harim iha vihitavilāsam smarati manaḥ mama kṛtaparihāsam ||;GOOD;;"Gītagovinda" GītGov, 2: 2 15 1;rāse harim iha vihitavilāsam smarati manaḥ mama kṛtaparihāsam ||;GOOD;;"Gītagovinda" GītGov, 2: 2 17 1;rāse harim iha vihitavilāsam smarati manaḥ mama kṛtaparihāsam ||;GOOD;;
GītGov, 2: 2;12 1;maṇimayamakaramanoharakuṇḍalamaṇḍitagaṇḍam udāram |;
GītGov, 2: 2;12 2;pītavasanam anugatamunimanujasurāsuravaraparivāram ||;
GītGov, 2: 2;13 1;rāse harim iha vihitavilāsam smarati manaḥ mama kṛtaparihāsam ||;"Gītagovinda" GītGov, 2: 2 3 1;rāse harim iha vihitavilāsam smarati manaḥ mama kṛtaparihāsam ||;GOOD;;"Gītagovinda" GītGov, 2: 2 5 1;rāse harim iha vihitavilāsam smarati manaḥ mama kṛtaparihāsam ||;GOOD;;"Gītagovinda" GītGov, 2: 2 7 1;rāse harim iha vihitavilāsam smarati manaḥ mama kṛtaparihāsam ||;GOOD;;"Gītagovinda" GītGov, 2: 2 9 1;rāse harim iha vihitavilāsam smarati manaḥ mama kṛtaparihāsam ||;GOOD;;"Gītagovinda" GītGov, 2: 2 11 1;rāse harim iha vihitavilāsam smarati manaḥ mama kṛtaparihāsam ||;GOOD;;"Gītagovinda" GītGov, 2: 2 15 1;rāse harim iha vihitavilāsam smarati manaḥ mama kṛtaparihāsam ||;GOOD;;"Gītagovinda" GītGov, 2: 2 17 1;rāse harim iha vihitavilāsam smarati manaḥ mama kṛtaparihāsam ||;GOOD;;
GītGov, 2: 2;14 1;viśadakadambatale militam kalikaluṣabhayaṃ śamayantam |;
GītGov, 2: 2;14 2;mām api kimapi taraṅgadanaṅgadṛśā manasā ramayantam ||;
GītGov, 2: 2;15 1;rāse harim iha vihitavilāsam smarati manaḥ mama kṛtaparihāsam ||;"Gītagovinda" GītGov, 2: 2 3 1;rāse harim iha vihitavilāsam smarati manaḥ mama kṛtaparihāsam ||;GOOD;;"Gītagovinda" GītGov, 2: 2 5 1;rāse harim iha vihitavilāsam smarati manaḥ mama kṛtaparihāsam ||;GOOD;;"Gītagovinda" GītGov, 2: 2 7 1;rāse harim iha vihitavilāsam smarati manaḥ mama kṛtaparihāsam ||;GOOD;;"Gītagovinda" GītGov, 2: 2 9 1;rāse harim iha vihitavilāsam smarati manaḥ mama kṛtaparihāsam ||;GOOD;;"Gītagovinda" GītGov, 2: 2 11 1;rāse harim iha vihitavilāsam smarati manaḥ mama kṛtaparihāsam ||;GOOD;;"Gītagovinda" GītGov, 2: 2 13 1;rāse harim iha vihitavilāsam smarati manaḥ mama kṛtaparihāsam ||;GOOD;;"Gītagovinda" GītGov, 2: 2 17 1;rāse harim iha vihitavilāsam smarati manaḥ mama kṛtaparihāsam ||;GOOD;;
GītGov, 2: 2;16 1;śrījayadevabhaṇitam atisundaramohanamadhuripurūpam |;
GītGov, 2: 2;16 2;haricaraṇasmaraṇam prati saṃprati puṇyavatām anurūpam ||;
GītGov, 2: 2;17 1;rāse harim iha vihitavilāsam smarati manaḥ mama kṛtaparihāsam ||;"Gītagovinda" GītGov, 2: 2 3 1;rāse harim iha vihitavilāsam smarati manaḥ mama kṛtaparihāsam ||;GOOD;;"Gītagovinda" GītGov, 2: 2 5 1;rāse harim iha vihitavilāsam smarati manaḥ mama kṛtaparihāsam ||;GOOD;;"Gītagovinda" GītGov, 2: 2 7 1;rāse harim iha vihitavilāsam smarati manaḥ mama kṛtaparihāsam ||;GOOD;;"Gītagovinda" GītGov, 2: 2 9 1;rāse harim iha vihitavilāsam smarati manaḥ mama kṛtaparihāsam ||;GOOD;;"Gītagovinda" GītGov, 2: 2 11 1;rāse harim iha vihitavilāsam smarati manaḥ mama kṛtaparihāsam ||;GOOD;;"Gītagovinda" GītGov, 2: 2 13 1;rāse harim iha vihitavilāsam smarati manaḥ mama kṛtaparihāsam ||;GOOD;;"Gītagovinda" GītGov, 2: 2 15 1;rāse harim iha vihitavilāsam smarati manaḥ mama kṛtaparihāsam ||;GOOD;;
GītGov, 2: 2;18 1;gaṇayati guṇagrāmam bhāmam bhramāt api na īhate vahati ca parītoṣam doṣam vimuñcati dūrataḥ |;
GītGov, 2: 2;18 2;yuvatiṣu valattṛṣṇe kṛṣṇe vihāriṇi mām vinā punaḥ api manaḥ vāmam kāmam karoti karomi kim ||;
GītGov, 2: 2;19 1;nibhṛtanikuñjagṛham gatayā niśi rahasi nilīya vasantam |;
GītGov, 2: 2;19 2;cakitavilokitasakaladiśā ratirabhasarasena hasantam ||;
GītGov, 2: 2;20 1;sakhi he keśimathanam udāram ramaya mayā saha madanamanorathabhāvitayā savikāram ||;"Gītagovinda" GītGov, 2: 2 22 1;sakhi he keśimathanam udāram ramaya mayā saha madanamanorathabhāvitayā savikāram ||;GOOD;;"Gītagovinda" GītGov, 2: 2 24 1;sakhi he keśimathanam udāram ramaya mayā saha madanamanorathabhāvitayā savikāram ||;GOOD;;"Gītagovinda" GītGov, 2: 2 26 1;sakhi he keśimathanam udāram ramaya mayā saha madanamanorathabhāvitayā savikāram ||;GOOD;;"Gītagovinda" GītGov, 2: 2 28 1;sakhi he keśimathanam udāram ramaya mayā saha madanamanorathabhāvitayā savikāram ||;GOOD;;"Gītagovinda" GītGov, 2: 2 30 1;sakhi he keśimathanam udāram ramaya mayā saha madanamanorathabhāvitayā savikāram ||;GOOD;;"Gītagovinda" GītGov, 2: 2 32 1;sakhi he keśimathanam udāram ramaya mayā saha madanamanorathabhāvitayā savikāram ||;GOOD;;"Gītagovinda" GītGov, 2: 2 34 1;sakhi he keśimathanam udāram ramaya mayā saha madanamanorathabhāvitayā savikāram ||;GOOD;;
GītGov, 2: 2;21 1;prathamasamāgamalajjitayā paṭucāṭuśataiḥ anukūlam |;
GītGov, 2: 2;21 2;mṛdumadhurasmitabhāṣitayā śithilīkṛtajaghanadukūlam ||;
GītGov, 2: 2;22 1;sakhi he keśimathanam udāram ramaya mayā saha madanamanorathabhāvitayā savikāram ||;"Gītagovinda" GītGov, 2: 2 20 1;sakhi he keśimathanam udāram ramaya mayā saha madanamanorathabhāvitayā savikāram ||;GOOD;;"Gītagovinda" GītGov, 2: 2 24 1;sakhi he keśimathanam udāram ramaya mayā saha madanamanorathabhāvitayā savikāram ||;GOOD;;"Gītagovinda" GītGov, 2: 2 26 1;sakhi he keśimathanam udāram ramaya mayā saha madanamanorathabhāvitayā savikāram ||;GOOD;;"Gītagovinda" GītGov, 2: 2 28 1;sakhi he keśimathanam udāram ramaya mayā saha madanamanorathabhāvitayā savikāram ||;GOOD;;"Gītagovinda" GītGov, 2: 2 30 1;sakhi he keśimathanam udāram ramaya mayā saha madanamanorathabhāvitayā savikāram ||;GOOD;;"Gītagovinda" GītGov, 2: 2 32 1;sakhi he keśimathanam udāram ramaya mayā saha madanamanorathabhāvitayā savikāram ||;GOOD;;"Gītagovinda" GītGov, 2: 2 34 1;sakhi he keśimathanam udāram ramaya mayā saha madanamanorathabhāvitayā savikāram ||;GOOD;;
GītGov, 2: 2;23 1;kisalayaśayananiveśitayā ciram urasi mama eva śayānam |;
GītGov, 2: 2;23 2;kṛtaparirambhaṇacumbanayā parirabhya kṛtādharapānam ||;
GītGov, 2: 2;24 1;sakhi he keśimathanam udāram ramaya mayā saha madanamanorathabhāvitayā savikāram ||;"Gītagovinda" GītGov, 2: 2 20 1;sakhi he keśimathanam udāram ramaya mayā saha madanamanorathabhāvitayā savikāram ||;GOOD;;"Gītagovinda" GītGov, 2: 2 22 1;sakhi he keśimathanam udāram ramaya mayā saha madanamanorathabhāvitayā savikāram ||;GOOD;;"Gītagovinda" GītGov, 2: 2 26 1;sakhi he keśimathanam udāram ramaya mayā saha madanamanorathabhāvitayā savikāram ||;GOOD;;"Gītagovinda" GītGov, 2: 2 28 1;sakhi he keśimathanam udāram ramaya mayā saha madanamanorathabhāvitayā savikāram ||;GOOD;;"Gītagovinda" GītGov, 2: 2 30 1;sakhi he keśimathanam udāram ramaya mayā saha madanamanorathabhāvitayā savikāram ||;GOOD;;"Gītagovinda" GītGov, 2: 2 32 1;sakhi he keśimathanam udāram ramaya mayā saha madanamanorathabhāvitayā savikāram ||;GOOD;;"Gītagovinda" GītGov, 2: 2 34 1;sakhi he keśimathanam udāram ramaya mayā saha madanamanorathabhāvitayā savikāram ||;GOOD;;
GītGov, 2: 2;25 1;alasanimīlitalocanayā pulakāvalilalitakapolam |;
GītGov, 2: 2;25 2;śramajalasakalakalevarayā varamadanamadāt atilolam ||;
GītGov, 2: 2;26 1;sakhi he keśimathanam udāram ramaya mayā saha madanamanorathabhāvitayā savikāram ||;"Gītagovinda" GītGov, 2: 2 20 1;sakhi he keśimathanam udāram ramaya mayā saha madanamanorathabhāvitayā savikāram ||;GOOD;;"Gītagovinda" GītGov, 2: 2 22 1;sakhi he keśimathanam udāram ramaya mayā saha madanamanorathabhāvitayā savikāram ||;GOOD;;"Gītagovinda" GītGov, 2: 2 24 1;sakhi he keśimathanam udāram ramaya mayā saha madanamanorathabhāvitayā savikāram ||;GOOD;;"Gītagovinda" GītGov, 2: 2 28 1;sakhi he keśimathanam udāram ramaya mayā saha madanamanorathabhāvitayā savikāram ||;GOOD;;"Gītagovinda" GītGov, 2: 2 30 1;sakhi he keśimathanam udāram ramaya mayā saha madanamanorathabhāvitayā savikāram ||;GOOD;;"Gītagovinda" GītGov, 2: 2 32 1;sakhi he keśimathanam udāram ramaya mayā saha madanamanorathabhāvitayā savikāram ||;GOOD;;"Gītagovinda" GītGov, 2: 2 34 1;sakhi he keśimathanam udāram ramaya mayā saha madanamanorathabhāvitayā savikāram ||;GOOD;;
GītGov, 2: 2;27 1;kokilakalaravakūjitayā jitamanasijatantravicāram |;
GītGov, 2: 2;27 2;ślathakusumākulakuntalayā nakhalikhitaghanastanabhāram ||;
GītGov, 2: 2;28 1;sakhi he keśimathanam udāram ramaya mayā saha madanamanorathabhāvitayā savikāram ||;"Gītagovinda" GītGov, 2: 2 20 1;sakhi he keśimathanam udāram ramaya mayā saha madanamanorathabhāvitayā savikāram ||;GOOD;;"Gītagovinda" GītGov, 2: 2 22 1;sakhi he keśimathanam udāram ramaya mayā saha madanamanorathabhāvitayā savikāram ||;GOOD;;"Gītagovinda" GītGov, 2: 2 24 1;sakhi he keśimathanam udāram ramaya mayā saha madanamanorathabhāvitayā savikāram ||;GOOD;;"Gītagovinda" GītGov, 2: 2 26 1;sakhi he keśimathanam udāram ramaya mayā saha madanamanorathabhāvitayā savikāram ||;GOOD;;"Gītagovinda" GītGov, 2: 2 30 1;sakhi he keśimathanam udāram ramaya mayā saha madanamanorathabhāvitayā savikāram ||;GOOD;;"Gītagovinda" GītGov, 2: 2 32 1;sakhi he keśimathanam udāram ramaya mayā saha madanamanorathabhāvitayā savikāram ||;GOOD;;"Gītagovinda" GītGov, 2: 2 34 1;sakhi he keśimathanam udāram ramaya mayā saha madanamanorathabhāvitayā savikāram ||;GOOD;;
GītGov, 2: 2;29 1;caraṇaraṇitamaṇinūpurayā paripūritasuratavitānam |;
GītGov, 2: 2;29 2;mukharaviśṛṅkhalamekhalayā sakacagrahacumbanadānam ||;
GītGov, 2: 2;30 1;sakhi he keśimathanam udāram ramaya mayā saha madanamanorathabhāvitayā savikāram ||;"Gītagovinda" GītGov, 2: 2 20 1;sakhi he keśimathanam udāram ramaya mayā saha madanamanorathabhāvitayā savikāram ||;GOOD;;"Gītagovinda" GītGov, 2: 2 22 1;sakhi he keśimathanam udāram ramaya mayā saha madanamanorathabhāvitayā savikāram ||;GOOD;;"Gītagovinda" GītGov, 2: 2 24 1;sakhi he keśimathanam udāram ramaya mayā saha madanamanorathabhāvitayā savikāram ||;GOOD;;"Gītagovinda" GītGov, 2: 2 26 1;sakhi he keśimathanam udāram ramaya mayā saha madanamanorathabhāvitayā savikāram ||;GOOD;;"Gītagovinda" GītGov, 2: 2 28 1;sakhi he keśimathanam udāram ramaya mayā saha madanamanorathabhāvitayā savikāram ||;GOOD;;"Gītagovinda" GītGov, 2: 2 32 1;sakhi he keśimathanam udāram ramaya mayā saha madanamanorathabhāvitayā savikāram ||;GOOD;;"Gītagovinda" GītGov, 2: 2 34 1;sakhi he keśimathanam udāram ramaya mayā saha madanamanorathabhāvitayā savikāram ||;GOOD;;
GītGov, 2: 2;31 1;ratisukhasamayarasālasayā daramukulitanayanasarojam |;
GītGov, 2: 2;31 2;niḥsahanipatitatanulatayā madhusūdanam uditamanojam ||;
GītGov, 2: 2;32 1;sakhi he keśimathanam udāram ramaya mayā saha madanamanorathabhāvitayā savikāram ||;"Gītagovinda" GītGov, 2: 2 20 1;sakhi he keśimathanam udāram ramaya mayā saha madanamanorathabhāvitayā savikāram ||;GOOD;;"Gītagovinda" GītGov, 2: 2 22 1;sakhi he keśimathanam udāram ramaya mayā saha madanamanorathabhāvitayā savikāram ||;GOOD;;"Gītagovinda" GītGov, 2: 2 24 1;sakhi he keśimathanam udāram ramaya mayā saha madanamanorathabhāvitayā savikāram ||;GOOD;;"Gītagovinda" GītGov, 2: 2 26 1;sakhi he keśimathanam udāram ramaya mayā saha madanamanorathabhāvitayā savikāram ||;GOOD;;"Gītagovinda" GītGov, 2: 2 28 1;sakhi he keśimathanam udāram ramaya mayā saha madanamanorathabhāvitayā savikāram ||;GOOD;;"Gītagovinda" GītGov, 2: 2 30 1;sakhi he keśimathanam udāram ramaya mayā saha madanamanorathabhāvitayā savikāram ||;GOOD;;"Gītagovinda" GītGov, 2: 2 34 1;sakhi he keśimathanam udāram ramaya mayā saha madanamanorathabhāvitayā savikāram ||;GOOD;;
GītGov, 2: 2;33 1;śrījayadevabhaṇitam idam atiśayamadhuripunidhuvanaśīlam |;
GītGov, 2: 2;33 2;sukham utkaṇṭhitagopavadhūkathitam vitanotu salīlam ||;
GītGov, 2: 2;34 1;sakhi he keśimathanam udāram ramaya mayā saha madanamanorathabhāvitayā savikāram ||;"Gītagovinda" GītGov, 2: 2 20 1;sakhi he keśimathanam udāram ramaya mayā saha madanamanorathabhāvitayā savikāram ||;GOOD;;"Gītagovinda" GītGov, 2: 2 22 1;sakhi he keśimathanam udāram ramaya mayā saha madanamanorathabhāvitayā savikāram ||;GOOD;;"Gītagovinda" GītGov, 2: 2 24 1;sakhi he keśimathanam udāram ramaya mayā saha madanamanorathabhāvitayā savikāram ||;GOOD;;"Gītagovinda" GītGov, 2: 2 26 1;sakhi he keśimathanam udāram ramaya mayā saha madanamanorathabhāvitayā savikāram ||;GOOD;;"Gītagovinda" GītGov, 2: 2 28 1;sakhi he keśimathanam udāram ramaya mayā saha madanamanorathabhāvitayā savikāram ||;GOOD;;"Gītagovinda" GītGov, 2: 2 30 1;sakhi he keśimathanam udāram ramaya mayā saha madanamanorathabhāvitayā savikāram ||;GOOD;;"Gītagovinda" GītGov, 2: 2 32 1;sakhi he keśimathanam udāram ramaya mayā saha madanamanorathabhāvitayā savikāram ||;GOOD;;
GītGov, 2: 2;35 1;hastasrastavilāsavaṃśam anṛjubhrūvallimat ballavī vṛndotsāridṛgantavīkṣitam atisvedārdragaṇḍasthalam |;
GītGov, 2: 2;35 2;mām udvīkṣya vilakṣitam smitasudhāmugdhānanam kānane govindam vrajasundarīgaṇavṛtam paśyāmi hṛṣyāmi ca ||;
GītGov, 2: 2;36 1;durālokastokastabakanavakāśokalatikāvikāsaḥ kāsāropavanapavano .pi vyathayati |;
GītGov, 2: 2;36 2;api bhrāmyadbhṛṅgīraṇitaramaṇīyā na mukulaprasūtiḥ cūtānām sakhi śikhariṇī iyam sukhayati ||;
GītGov, 3: 3;1 1;kaṃsāriḥ api saṃsāravāsanābandhaśṛṅkhalām |;
GītGov, 3: 3;1 2;rādhām ādhāya hṛdaye tatyāja vrajasundarīḥ ||;
GītGov, 3: 3;2 1;itaḥ tataḥ tām anusṛtya rādhikām anaṅgabāṇavraṇakhinnamānasaḥ |;
GītGov, 3: 3;2 2;kṛtānutāpaḥ sa kalindanandinītaṭāntakuñje viṣasāda mādhavaḥ ||;
GītGov, 3: 3;3 1;mām iyam calitā vilokya vṛtam vadhūnicayena |;
GītGov, 3: 3;3 2;sāparādhatayā mām api na vāritātibhayena ||;
GītGov, 3: 3;4 1;harihari hatādaratayā gatā sā kupitā iva ||;"Gītagovinda" GītGov, 3: 3 6 1;harihari hatādaratayā gatā sā kupitā iva ||;PARTLY;+ hari ;"Gītagovinda" GītGov, 3: 3 8 1;harihari hatādaratayā gatā sā kupitā iva ||;PARTLY;+ hari ;"Gītagovinda" GītGov, 3: 3 10 1;harihari hatādaratayā gatā sā kupitā iva ||;PARTLY;+ hari ;"Gītagovinda" GītGov, 3: 3 12 1;harihari hatādaratayā gatā sā kupitā iva ||;PARTLY;+ hari ;"Gītagovinda" GītGov, 3: 3 14 1;harihari hatādaratayā gatā sā kupitā iva ||;PARTLY;+ hari ;"Gītagovinda" GītGov, 3: 3 16 1;harihari hatādaratayā gatā sā kupitā iva ||;PARTLY;+ hari ;"Gītagovinda" GītGov, 3: 3 18 1;harihari hatādaratayā gatā sā kupitā iva ||;PARTLY;+ hari ;
GītGov, 3: 3;5 1;kim kariṣyati kim vadiṣyati sā ciram viraheṇa |;
GītGov, 3: 3;5 2;kim dhanena janena kim mama jīvitena gṛheṇa ||;
GītGov, 3: 3;6 1;harihari hatādaratayā gatā sā kupitā iva ||;"Gītagovinda" GītGov, 3: 3 8 1;harihari hatādaratayā gatā sā kupitā iva ||;GOOD;;"Gītagovinda" GītGov, 3: 3 10 1;harihari hatādaratayā gatā sā kupitā iva ||;GOOD;;"Gītagovinda" GītGov, 3: 3 12 1;harihari hatādaratayā gatā sā kupitā iva ||;GOOD;;"Gītagovinda" GītGov, 3: 3 14 1;harihari hatādaratayā gatā sā kupitā iva ||;GOOD;;"Gītagovinda" GītGov, 3: 3 16 1;harihari hatādaratayā gatā sā kupitā iva ||;GOOD;;"Gītagovinda" GītGov, 3: 3 18 1;harihari hatādaratayā gatā sā kupitā iva ||;GOOD;;"Gītagovinda" GītGov, 3: 3 4 1;harihari hatādaratayā gatā sā kupitā iva ||;PARTLY;+ bhaya - hari;
GītGov, 3: 3;7 1;cintayāmi tadānanam kuṭilabhru kopabhareṇa |;
GītGov, 3: 3;7 2;śoṇapadmam iva upari bhramatā ākulam bhramareṇa ||;
GītGov, 3: 3;8 1;harihari hatādaratayā gatā sā kupitā iva ||;"Gītagovinda" GītGov, 3: 3 6 1;harihari hatādaratayā gatā sā kupitā iva ||;GOOD;;"Gītagovinda" GītGov, 3: 3 10 1;harihari hatādaratayā gatā sā kupitā iva ||;GOOD;;"Gītagovinda" GītGov, 3: 3 12 1;harihari hatādaratayā gatā sā kupitā iva ||;GOOD;;"Gītagovinda" GītGov, 3: 3 14 1;harihari hatādaratayā gatā sā kupitā iva ||;GOOD;;"Gītagovinda" GītGov, 3: 3 16 1;harihari hatādaratayā gatā sā kupitā iva ||;GOOD;;"Gītagovinda" GītGov, 3: 3 18 1;harihari hatādaratayā gatā sā kupitā iva ||;GOOD;;"Gītagovinda" GītGov, 3: 3 4 1;harihari hatādaratayā gatā sā kupitā iva ||;PARTLY;+ bhaya - hari;
GītGov, 3: 3;9 1;tām aham hṛdi saṃgatām aniśam bhṛśam ramayāmi |;
GītGov, 3: 3;9 2;kim vane anusarāmi tām iha kim vṛthā vilapāmi ||;
GītGov, 3: 3;10 1;harihari hatādaratayā gatā sā kupitā iva ||;"Gītagovinda" GītGov, 3: 3 6 1;harihari hatādaratayā gatā sā kupitā iva ||;GOOD;;"Gītagovinda" GītGov, 3: 3 8 1;harihari hatādaratayā gatā sā kupitā iva ||;GOOD;;"Gītagovinda" GītGov, 3: 3 12 1;harihari hatādaratayā gatā sā kupitā iva ||;GOOD;;"Gītagovinda" GītGov, 3: 3 14 1;harihari hatādaratayā gatā sā kupitā iva ||;GOOD;;"Gītagovinda" GītGov, 3: 3 16 1;harihari hatādaratayā gatā sā kupitā iva ||;GOOD;;"Gītagovinda" GītGov, 3: 3 18 1;harihari hatādaratayā gatā sā kupitā iva ||;GOOD;;"Gītagovinda" GītGov, 3: 3 4 1;harihari hatādaratayā gatā sā kupitā iva ||;PARTLY;+ bhaya - hari;
GītGov, 3: 3;11 1;tanvi khinnam asūyayā hṛdayam tava ākalayāmi |;
GītGov, 3: 3;11 2;tat na vedmi kutaḥ gatā asi na tena te anunayāmi ||;
GītGov, 3: 3;12 1;harihari hatādaratayā gatā sā kupitā iva ||;"Gītagovinda" GītGov, 3: 3 6 1;harihari hatādaratayā gatā sā kupitā iva ||;GOOD;;"Gītagovinda" GītGov, 3: 3 8 1;harihari hatādaratayā gatā sā kupitā iva ||;GOOD;;"Gītagovinda" GītGov, 3: 3 10 1;harihari hatādaratayā gatā sā kupitā iva ||;GOOD;;"Gītagovinda" GītGov, 3: 3 14 1;harihari hatādaratayā gatā sā kupitā iva ||;GOOD;;"Gītagovinda" GītGov, 3: 3 16 1;harihari hatādaratayā gatā sā kupitā iva ||;GOOD;;"Gītagovinda" GītGov, 3: 3 18 1;harihari hatādaratayā gatā sā kupitā iva ||;GOOD;;"Gītagovinda" GītGov, 3: 3 4 1;harihari hatādaratayā gatā sā kupitā iva ||;PARTLY;+ bhaya - hari;
GītGov, 3: 3;13 1;dṛśyase purataḥ gatāgatam eva me vidadhāsi |;
GītGov, 3: 3;13 2;kim purā iva sasaṃbhramaṃ parirambhaṇam na dadāsi ||;
GītGov, 3: 3;14 1;harihari hatādaratayā gatā sā kupitā iva ||;"Gītagovinda" GītGov, 3: 3 6 1;harihari hatādaratayā gatā sā kupitā iva ||;GOOD;;"Gītagovinda" GītGov, 3: 3 8 1;harihari hatādaratayā gatā sā kupitā iva ||;GOOD;;"Gītagovinda" GītGov, 3: 3 10 1;harihari hatādaratayā gatā sā kupitā iva ||;GOOD;;"Gītagovinda" GītGov, 3: 3 12 1;harihari hatādaratayā gatā sā kupitā iva ||;GOOD;;"Gītagovinda" GītGov, 3: 3 16 1;harihari hatādaratayā gatā sā kupitā iva ||;GOOD;;"Gītagovinda" GītGov, 3: 3 18 1;harihari hatādaratayā gatā sā kupitā iva ||;GOOD;;"Gītagovinda" GītGov, 3: 3 4 1;harihari hatādaratayā gatā sā kupitā iva ||;PARTLY;+ bhaya - hari;
GītGov, 3: 3;15 1;kṣamyatām aparam kadāpi tava īdṛśam na karomi |;
GītGov, 3: 3;15 2;dehi sundari darśanam mama manmathena dunomi ||;
GītGov, 3: 3;16 1;harihari hatādaratayā gatā sā kupitā iva ||;"Gītagovinda" GītGov, 3: 3 6 1;harihari hatādaratayā gatā sā kupitā iva ||;GOOD;;"Gītagovinda" GītGov, 3: 3 8 1;harihari hatādaratayā gatā sā kupitā iva ||;GOOD;;"Gītagovinda" GītGov, 3: 3 10 1;harihari hatādaratayā gatā sā kupitā iva ||;GOOD;;"Gītagovinda" GītGov, 3: 3 12 1;harihari hatādaratayā gatā sā kupitā iva ||;GOOD;;"Gītagovinda" GītGov, 3: 3 14 1;harihari hatādaratayā gatā sā kupitā iva ||;GOOD;;"Gītagovinda" GītGov, 3: 3 18 1;harihari hatādaratayā gatā sā kupitā iva ||;GOOD;;"Gītagovinda" GītGov, 3: 3 4 1;harihari hatādaratayā gatā sā kupitā iva ||;PARTLY;+ bhaya - hari;
GītGov, 3: 3;17 1;varṇitam jayadevakena hareḥ idam pravaṇena |;
GītGov, 3: 3;17 2;kindubilvasamudrasambhavarohiṇīramaṇena ||;
GītGov, 3: 3;18 1;harihari hatādaratayā gatā sā kupitā iva ||;"Gītagovinda" GītGov, 3: 3 6 1;harihari hatādaratayā gatā sā kupitā iva ||;GOOD;;"Gītagovinda" GītGov, 3: 3 8 1;harihari hatādaratayā gatā sā kupitā iva ||;GOOD;;"Gītagovinda" GītGov, 3: 3 10 1;harihari hatādaratayā gatā sā kupitā iva ||;GOOD;;"Gītagovinda" GītGov, 3: 3 12 1;harihari hatādaratayā gatā sā kupitā iva ||;GOOD;;"Gītagovinda" GītGov, 3: 3 14 1;harihari hatādaratayā gatā sā kupitā iva ||;GOOD;;"Gītagovinda" GītGov, 3: 3 16 1;harihari hatādaratayā gatā sā kupitā iva ||;GOOD;;"Gītagovinda" GītGov, 3: 3 4 1;harihari hatādaratayā gatā sā kupitā iva ||;PARTLY;+ bhaya - hari;
GītGov, 3: 3;19 1;hṛdi bisalatāhāraḥ na ayam bhujaṅgamanāyakaḥ kuvalayadalaśreṇī kaṇṭhe na sā garaladyutiḥ |;
GītGov, 3: 3;19 2;malayajarajaḥ na idam bhasma prihārahite mayi prahara na harabhrāntyā anaṅga krudhā kimu dhāvasi ||;
GītGov, 3: 3;20 1;pāṇau mā kuru cūtasāyakam amum mā cāpam āropaya krīḍānirjitaviśva mūrchitajanāghātena kim pauruṣam |;
GītGov, 3: 3;20 2;tasyāḥ eva mṛgīdṛśaḥ manasijapreṅkhatkaṭākṣāśuga śreṇījarjaritam manāk api manaḥ na adya api saṃdhukṣate ||;
GītGov, 3: 3;21 1;bhrūcāpe nihitaḥ kaṭākṣaviśikhaḥ nirmātu marmavyathām śyāmātmā kuṭilaḥ karotu kabarībhāraḥ api mārodyamam |;
GītGov, 3: 3;21 2;moham tāvat ayam ca tanvi tanutām bimbādharaḥ rāgavān sadvṛttastanamaṇḍalaḥ tava katham prāṇaiḥ mama krīḍati ||;
GītGov, 3: 3;22 1;tāni sparśasukhāni te ca taralāḥ snigdhāḥ dṛśoḥ vibhramāḥ tadvaktrāmbujasaurabham saḥ ca sudhāsyandī girām vakrimā |;
GītGov, 3: 3;22 2;sā bimbādharamādhurī iti viṣayāsaṅge api cen mānasam tasyām lagnasamādhi hanta virahavyādhiḥ katham vardhate ||;
GītGov, 3: 3;23 1;bhrūpallavam dhanuḥ apāṅgataraṅgitāni bāṇāḥ guṇaḥ śravaṇapāliḥ iti smareṇa |;
GītGov, 3: 3;23 2;tasyām anaṅgajayajaṅgamadevatāyām astrāṇi nirjitajaganti kim arpitāni ||;
GītGov, 4: 4;1 1;yamunātīravānīranikuñje mandamāsthitam |;
GītGov, 4: 4;1 2;prāha premabharodbhrāntam mādhavam rādhikāsakhī ||;
GītGov, 4: 4;2 1;nindati candanam indukaraṇam anu vindati khedam adhīram |;
GītGov, 4: 4;2 2;vyālanilayamilanena garalam iva kalayati malayasamīram ||;
GītGov, 4: 4;3 1;sā virahe tava dīnā mādhava manasijaviśikhabhayāt iva bhāvanayā tvayi līnā ||;"Gītagovinda" GītGov, 4: 4 5 1;sā virahe tava dīnā mādhava manasijaviśikhabhayāt iva bhāvanayā tvayi līnā ||;GOOD;;"Gītagovinda" GītGov, 4: 4 7 1;sā virahe tava dīnā mādhava manasijaviśikhabhayāt iva bhāvanayā tvayi līnā ||;GOOD;;"Gītagovinda" GītGov, 4: 4 9 1;sā virahe tava dīnā mādhava manasijaviśikhabhayāt iva bhāvanayā tvayi līnā ||;GOOD;;"Gītagovinda" GītGov, 4: 4 11 1;sā virahe tava dīnā mādhava manasijaviśikhabhayāt iva bhāvanayā tvayi līnā ||;GOOD;;"Gītagovinda" GītGov, 4: 4 13 1;sā virahe tava dīnā mādhava manasijaviśikhabhayāt iva bhāvanayā tvayi līnā ||;GOOD;;"Gītagovinda" GītGov, 4: 4 15 1;sā virahe tava dīnā mādhava manasijaviśikhabhayāt iva bhāvanayā tvayi līnā ||;GOOD;;"Gītagovinda" GītGov, 4: 4 17 1;sā virahe tava dīnā mādhava manasijaviśikhabhayāt iva bhāvanayā tvayi līnā ||;GOOD;;
GītGov, 4: 4;4 1;aviralanipatitamadanaśarāt iva bhavadavanāya viśālam |;
GītGov, 4: 4;4 2;svahṛdayamarmaṇi varma karoti sajalanalinīdalajālam ||;
GītGov, 4: 4;5 1;sā virahe tava dīnā mādhava manasijaviśikhabhayāt iva bhāvanayā tvayi līnā ||;"Gītagovinda" GītGov, 4: 4 3 1;sā virahe tava dīnā mādhava manasijaviśikhabhayāt iva bhāvanayā tvayi līnā ||;GOOD;;"Gītagovinda" GītGov, 4: 4 7 1;sā virahe tava dīnā mādhava manasijaviśikhabhayāt iva bhāvanayā tvayi līnā ||;GOOD;;"Gītagovinda" GītGov, 4: 4 9 1;sā virahe tava dīnā mādhava manasijaviśikhabhayāt iva bhāvanayā tvayi līnā ||;GOOD;;"Gītagovinda" GītGov, 4: 4 11 1;sā virahe tava dīnā mādhava manasijaviśikhabhayāt iva bhāvanayā tvayi līnā ||;GOOD;;"Gītagovinda" GītGov, 4: 4 13 1;sā virahe tava dīnā mādhava manasijaviśikhabhayāt iva bhāvanayā tvayi līnā ||;GOOD;;"Gītagovinda" GītGov, 4: 4 15 1;sā virahe tava dīnā mādhava manasijaviśikhabhayāt iva bhāvanayā tvayi līnā ||;GOOD;;"Gītagovinda" GītGov, 4: 4 17 1;sā virahe tava dīnā mādhava manasijaviśikhabhayāt iva bhāvanayā tvayi līnā ||;GOOD;;
GītGov, 4: 4;6 1;kusumaviśikhaśaratalpam analpavilāsakalākamanīyam |;
GītGov, 4: 4;6 2;vratam iva tava parirambhasukhāya karoti kusumaśayanīyam ||;
GītGov, 4: 4;7 1;sā virahe tava dīnā mādhava manasijaviśikhabhayāt iva bhāvanayā tvayi līnā ||;"Gītagovinda" GītGov, 4: 4 3 1;sā virahe tava dīnā mādhava manasijaviśikhabhayāt iva bhāvanayā tvayi līnā ||;GOOD;;"Gītagovinda" GītGov, 4: 4 5 1;sā virahe tava dīnā mādhava manasijaviśikhabhayāt iva bhāvanayā tvayi līnā ||;GOOD;;"Gītagovinda" GītGov, 4: 4 9 1;sā virahe tava dīnā mādhava manasijaviśikhabhayāt iva bhāvanayā tvayi līnā ||;GOOD;;"Gītagovinda" GītGov, 4: 4 11 1;sā virahe tava dīnā mādhava manasijaviśikhabhayāt iva bhāvanayā tvayi līnā ||;GOOD;;"Gītagovinda" GītGov, 4: 4 13 1;sā virahe tava dīnā mādhava manasijaviśikhabhayāt iva bhāvanayā tvayi līnā ||;GOOD;;"Gītagovinda" GītGov, 4: 4 15 1;sā virahe tava dīnā mādhava manasijaviśikhabhayāt iva bhāvanayā tvayi līnā ||;GOOD;;"Gītagovinda" GītGov, 4: 4 17 1;sā virahe tava dīnā mādhava manasijaviśikhabhayāt iva bhāvanayā tvayi līnā ||;GOOD;;
GītGov, 4: 4;8 1;vahati ca galitavilocanajalabharam ānanakamalam udāram |;
GītGov, 4: 4;8 2;vidhum iva vikaṭavidhuntudadantadalanagalitāmṛtadhāram ||;"Suśrutasaṃhitā" Su, 1, 19: 19 16 1;navadhānyamāṣatilakalāyakulatthaniṣpāvaharitakaśākāmlalavaṇakaṭukaguḍapiṣṭavikṛtivallūraśuṣkaśākājāvikānūpaudakamāṃsavasāśītodakakṛśarāpāyasadadhidugdhatakraprabhṛtīn pariharet ||;PARTLY;+ parihṛ - vidhu;"Nibandhasaṃgraha" NiSaṃ zu Su, Sū., 46, 523.1: -1 1 0;guṇaḥ ||;PARTLY;+ guṇa - vidhu;"Nibandhasaṃgraha" NiSaṃ zu Su, Sū., 1, 25.1: -1 1 0;tadyuktam teṣāmityādi ||;PARTLY;+ tad - vidhu;"Nibandhasaṃgraha" NiSaṃ zu Su, Sū., 14, 26.1: -1 1 0;tatretyādi ||;PARTLY;+ tatra - vidhu;"Nibandhasaṃgraha" NiSaṃ zu Su, Sū., 15, 23.3: -1 1 0;abhighātādityādi ||;PARTLY;+ ityādi - vidhu;"Nibandhasaṃgraha" NiSaṃ zu Su, Śār., 3, 13.1: -1 1 0;sadyogṛhītetyādi ||;PARTLY;+ sadyas - vidhu;"Nibandhasaṃgraha" NiSaṃ zu Su, Sū., 14, 6.2: -1 1 0;evetyādi ||;PARTLY;+ eva - vidhu;"Nibandhasaṃgraha" NiSaṃ zu Su, Śār., 3, 5.1: -1 1 0;tatretyādi ||;PARTLY;+ tatra - vidhu;"Nibandhasaṃgraha" NiSaṃ zu Su, Sū., 14, 28.2: -1 1 0;ityādi ||;PARTLY;+ ityādi - vidhu;"Nibandhasaṃgraha" NiSaṃ zu Su, Sū., 14, 30.1: -1 1 0;ityādi ||;PARTLY;+ ityādi - vidhu;"Nibandhasaṃgraha" NiSaṃ zu Su, Śār., 3, 8.2: -1 1 0;pīnetyādi ||;PARTLY;+ ityādi - vidhu;"Nibandhasaṃgraha" NiSaṃ zu Su, Sū., 14, 5.3: -1 1 0;cātretyādi ||;PARTLY;+ atra - vidhu;"Nibandhasaṃgraha" NiSaṃ zu Su, Sū., 14, 6.2: -1 1 0;evetyādi ||;PARTLY;+ ityādi - vidhu;"Nibandhasaṃgraha" NiSaṃ zu Su, Sū., 14, 5.3: -1 1 0;cātretyādi ||;PARTLY;+ ityādi - vidhu;"Nibandhasaṃgraha" NiSaṃ zu Su, Sū., 14, 4.1: -1 1 0;khalvityādi ||;PARTLY;+ khalu - vidhu;"Nibandhasaṃgraha" NiSaṃ zu Su, Utt., 1, 8.1: -1 1 0;nikhilenetyādi ||;PARTLY;+ nikhilena - vidhu;"Nibandhasaṃgraha" NiSaṃ zu Su, Sū., 1, 25.2: -1 1 0;vyādhihetuḥ ||;PARTLY;+ hetu - vidhu;"Nibandhasaṃgraha" NiSaṃ zu Su, Śār., 3, 32.2: -1 1 0;ityādi ||;PARTLY;+ ityādi - vidhu;"Nibandhasaṃgraha" NiSaṃ zu Su, Sū., 14, 20.1: -1 1 0;ityādi ||;PARTLY;+ ityādi - vidhu;"Nibandhasaṃgraha" NiSaṃ zu Su, Sū., 14, 12.2: -1 1 0;ityādi ||;PARTLY;+ ityādi - vidhu;"Nibandhasaṃgraha" NiSaṃ zu Su, Sū., 24, 9.2: -1 1 0;tatrānnāśraddhārocaketyādi ||;PARTLY;+ anna - vidhu;"Nibandhasaṃgraha" NiSaṃ zu Su, Śār., 3, 15.2: -1 1 0;śabdārcirjalasaṃtānavad thūtkaraṇam ||;PARTLY;+ vat - vidhu;"Nibandhasaṃgraha" NiSaṃ zu Su, Sū., 24, 10.3: -1 1 0;kupitānāmityādi ||;PARTLY;+ kup - vidhu;"Nibandhasaṃgraha" NiSaṃ zu Su, Śār., 3, 28.2: -1 1 0;ityādi ||;PARTLY;+ ityādi - vidhu;"Nibandhasaṃgraha" NiSaṃ zu Su, Sū., 24, 12.3: -1 1 0;cetyādi ||;PARTLY;+ ca - vidhu;"Nibandhasaṃgraha" NiSaṃ zu Su, Sū., 24, 12.3: -1 1 0;cetyādi ||;PARTLY;+ ityādi - vidhu;"Nibandhasaṃgraha" NiSaṃ zu Su, Utt., 1, 9.2: -1 1 0;ityādi ||;PARTLY;+ ityādi - vidhu;"Nibandhasaṃgraha" NiSaṃ zu Su, Sū., 24, 11.2: -1 2 0;punararthe ||;PARTLY;+ punar - vidhu;"Nibandhasaṃgraha" NiSaṃ zu Su, Sū., 24, 10.3: -1 2 0;srotovaiguṇyādityarthaḥ ||;PARTLY;+ srotas - vidhu;"Nibandhasaṃgraha" NiSaṃ zu Su, Cik., 29, 12.32: -1 2 0;ekatamam ||;PARTLY;+ ekatama - vidhu;"Nibandhasaṃgraha" NiSaṃ zu Su, Śār., 3, 30.1: -1 2 0;jāgartītyarthaḥ ||;PARTLY;+ jāgṛ - vidhu;"Nibandhasaṃgraha" NiSaṃ zu Su, Śār., 3, 3.1: -1 2 0;somaguṇabhūyiṣṭham ||;PARTLY;+ soma - vidhu;"Nibandhasaṃgraha" NiSaṃ zu Su, Sū., 24, 9.2: -1 2 0;annavidveṣaḥ ||;PARTLY;+ vidveṣa - vidhu;"Nibandhasaṃgraha" NiSaṃ zu Su, Sū., 24, 10.3: -1 2 0;srotovaiguṇyādityarthaḥ ||;PARTLY;+ vaiguṇya - vidhu;"Nibandhasaṃgraha" NiSaṃ zu Su, Śār., 3, 3.1: -1 2 0;somaguṇabhūyiṣṭham ||;PARTLY;+ guṇa - vidhu;"Nibandhasaṃgraha" NiSaṃ zu Su, Śār., 3, 30.1: -1 2 0;jāgartītyarthaḥ ||;PARTLY;+ iti - vidhu;"Nibandhasaṃgraha" NiSaṃ zu Su, Śār., 3, 4.1: -1 2 0;vākyopakrame ||;PARTLY;+ upakrama - vidhu;"Nibandhasaṃgraha" NiSaṃ zu Su, Sū., 14, 30.1: -1 2 0;śītoṣṇavarṣalakṣaṇaḥ atyuṣṇakāle ||;PARTLY;+ uṣṇa - vidhu;"Nibandhasaṃgraha" NiSaṃ zu Su, Sū., 24, 10.3: -1 2 0;srotovaiguṇyādityarthaḥ ||;PARTLY;+ artha - vidhu;"Nibandhasaṃgraha" NiSaṃ zu Su, Sū., 1, 8.8: -1 2 0;āyuḥsthāpanam ||;PARTLY;+ āyus - vidhu;"Nibandhasaṃgraha" NiSaṃ zu Su, Sū., 24, 6.2: -1 2 0;prahāraśaktijātāḥ ||;PARTLY;+ prahāra - vidhu;"Nibandhasaṃgraha" NiSaṃ zu Su, Sū., 1, 8.8: -1 2 0;āyuḥsthāpanam ||;PARTLY;+ sthāpana - vidhu;"Nibandhasaṃgraha" NiSaṃ zu Su, Sū., 14, 28.2: -1 2 0;nityagakāladoṣaḥ ||;PARTLY;+ kāla - vidhu;"Nibandhasaṃgraha" NiSaṃ zu Su, Sū., 24, 6.2: -1 2 0;prahāraśaktijātāḥ ||;PARTLY;+ śakti - vidhu;"Nibandhasaṃgraha" NiSaṃ zu Su, Sū., 24, 6.2: -1 2 0;prahāraśaktijātāḥ ||;PARTLY;+ jan - vidhu;"Nibandhasaṃgraha" NiSaṃ zu Su, Utt., 1, 9.2: -1 2 0;saṃbandhaḥ ||;PARTLY;+ sambandha - vidhu;"Nibandhasaṃgraha" NiSaṃ zu Su, Sū., 14, 16.1: -1 2 0;sambadhyate ||;PARTLY;+ sambandh - vidhu;"Nibandhasaṃgraha" NiSaṃ zu Su, Sū., 14, 20.1: -1 2 0;kathyante ||;PARTLY;+ kathay - vidhu;"Nibandhasaṃgraha" NiSaṃ zu Su, Sū., 1, 2.1: -1 2 0;ceti ||;PARTLY;+ iti - vidhu;"Nibandhasaṃgraha" NiSaṃ zu Su, Sū., 14, 5.3: -1 2 0;ityucyate ||;PARTLY;+ iti - vidhu;"Nibandhasaṃgraha" NiSaṃ zu Su, Sū., 14, 5.3: -1 2 0;ityucyate ||;PARTLY;+ vac - vidhu;"Nibandhasaṃgraha" NiSaṃ zu Su, Śār., 3, 13.1: -1 3 0;klamaḥ ||;PARTLY;+ klama - vidhu;"Nibandhasaṃgraha" NiSaṃ zu Su, Śār., 3, 12.2: -1 3 0;kāyaśuciḥ ||;PARTLY;+ kāya - vidhu;"Nibandhasaṃgraha" NiSaṃ zu Su, Śār., 3, 21.2: -1 3 0;prāptetyādi ||;PARTLY;+ prāp - vidhu;"Nibandhasaṃgraha" NiSaṃ zu Su, Śār., 3, 21.2: -1 3 0;prāptetyādi ||;PARTLY;+ ityādi - vidhu;"Nibandhasaṃgraha" NiSaṃ zu Su, Śār., 3, 4.1: -1 3 0;viśiṣṭasparśecchāsamārabdhaprayoge ||;PARTLY;+ sparśa - vidhu;"Nibandhasaṃgraha" NiSaṃ zu Su, Sū., 14, 30.1: -1 3 0;atisvedite ||;PARTLY;+ sveday - vidhu;"Nibandhasaṃgraha" NiSaṃ zu Su, Śār., 3, 4.1: -1 3 0;viśiṣṭasparśecchāsamārabdhaprayoge ||;PARTLY;+ icchā - vidhu;"Nibandhasaṃgraha" NiSaṃ zu Su, Sū., 24, 5.5: -1 3 0;duṣṭaśukraśoṇitabalajātāḥ ||;PARTLY;+ śoṇita - vidhu;"Nibandhasaṃgraha" NiSaṃ zu Su, Sū., 24, 5.5: -1 3 0;duṣṭaśukraśoṇitabalajātāḥ ||;PARTLY;+ bala - vidhu;"Nibandhasaṃgraha" NiSaṃ zu Su, Sū., 14, 18.1: -1 3 0;kusumakalikāmadhyasthaḥ ||;PARTLY;+ kusuma - vidhu;"Nibandhasaṃgraha" NiSaṃ zu Su, Sū., 14, 19.1: -1 3 0;paripakvaśarīratvāt ||;PARTLY;+ paripakva - vidhu;"Nibandhasaṃgraha" NiSaṃ zu Su, Sū., 14, 16.1: -1 3 0;sūkṣmaprakāreṇa ||;PARTLY;+ prakāra - vidhu;"Nibandhasaṃgraha" NiSaṃ zu Su, Sū., 14, 21.2: -1 3 0;kṛtvetyarthaḥ ||;PARTLY;+ artha - vidhu;"Nibandhasaṃgraha" NiSaṃ zu Su, Sū., 14, 19.1: -1 3 0;paripakvaśarīratvāt ||;PARTLY;+ tva - vidhu;"Nibandhasaṃgraha" NiSaṃ zu Su, Sū., 14, 18.1: -1 3 0;kusumakalikāmadhyasthaḥ ||;PARTLY;+ stha - vidhu;"Nibandhasaṃgraha" NiSaṃ zu Su, Sū., 1, 3.1: -1 3 0;niścayārthaḥ ||;PARTLY;+ artha - vidhu;"Nibandhasaṃgraha" NiSaṃ zu Su, Sū., 14, 26.1: -1 4 0;nātimahāmukhaśastrakṛtam ||;PARTLY;+ ati - vidhu;"Nibandhasaṃgraha" NiSaṃ zu Su, Sū., 24, 9.2: -1 4 0;hṛdayotkledo.sakṛtṣṭhīvanam ||;PARTLY;+ ṣṭhīvana - vidhu;"Nibandhasaṃgraha" NiSaṃ zu Su, Sū., 24, 6.2: -1 4 0;duṣṭavyāghrādayaḥ ||;PARTLY;+ vyāghra - vidhu;"Nibandhasaṃgraha" NiSaṃ zu Su, Sū., 24, 12.3: -1 4 0;jvarātīsāraśoṣādayaḥ ||;PARTLY;+ śoṣa - vidhu;"Nibandhasaṃgraha" NiSaṃ zu Su, Sū., 1, 25.3: -1 4 0;paṭhanti ||;PARTLY;+ paṭh - vidhu;"Nibandhasaṃgraha" NiSaṃ zu Su, Sū., 15, 23.3: -1 4 0;hṛdayamucyate ||;PARTLY;+ hṛdaya - vidhu;"Nibandhasaṃgraha" NiSaṃ zu Su, Sū., 24, 5.5: -1 4 0;śukraśoṇitasthitavātādidoṣajanitāḥ ||;PARTLY;+ śoṇita - vidhu;"Nibandhasaṃgraha" NiSaṃ zu Su, Sū., 15, 23.3: -1 4 0;hṛdayamucyate ||;PARTLY;+ vac - vidhu;"Nibandhasaṃgraha" NiSaṃ zu Su, Sū., 24, 5.5: -1 4 0;śukraśoṇitasthitavātādidoṣajanitāḥ ||;PARTLY;+ sthā - vidhu;"Nibandhasaṃgraha" NiSaṃ zu Su, Śār., 3, 3.1: -1 4 0;ityādi ||;PARTLY;+ ityādi - vidhu;"Nibandhasaṃgraha" NiSaṃ zu Su, Sū., 14, 17.1: -1 4 0;svabalaguṇotkarṣāt ||;PARTLY;+ sva - vidhu;"Nibandhasaṃgraha" NiSaṃ zu Su, Utt., 1, 9.2: -1 4 0;sādhyāsādhyaparipāṭyā ||;PARTLY;+ sādhay - vidhu;"Nibandhasaṃgraha" NiSaṃ zu Su, Utt., 1, 9.2: -1 4 0;sādhyāsādhyaparipāṭyā ||;PARTLY;+ asādhya - vidhu;"Nibandhasaṃgraha" NiSaṃ zu Su, Sū., 1, 25.2: -1 4 0;nānye ||;PARTLY;+ na - vidhu;"Nibandhasaṃgraha" NiSaṃ zu Su, Sū., 24, 11.2: -1 4 0;vyākhyānayanti ||;PARTLY;+ vyākhyānay - vidhu;"Nibandhasaṃgraha" NiSaṃ zu Su, Sū., 24, 7.5: -1 4 0;yathārogamevopacāraḥ ||;PARTLY;+ yathā - vidhu;"Nibandhasaṃgraha" NiSaṃ zu Su, Śār., 3, 32.2: -1 4 0;karoti ||;PARTLY;+ kṛ - vidhu;"Nibandhasaṃgraha" NiSaṃ zu Su, Sū., 14, 3.4: -1 4 0;ityarthaḥ ||;PARTLY;+ artha - vidhu;"Nibandhasaṃgraha" NiSaṃ zu Su, Sū., 14, 26.1: -1 5 0;tulyarekham ||;PARTLY;+ tulya - vidhu;"Nibandhasaṃgraha" NiSaṃ zu Su, Sū., 24, 12.3: -1 5 0;bhinnakrame ||;PARTLY;+ bhinnakrama - vidhu;"Nibandhasaṃgraha" NiSaṃ zu Su, Sū., 14, 30.1: -1 5 0;śiraḥśūlam ||;PARTLY;+ śūla - vidhu;"Nibandhasaṃgraha" NiSaṃ zu Su, Sū., 1, 3.1: -1 5 0;upodayavākyatvācca ||;PARTLY;+ ca - vidhu;"Nibandhasaṃgraha" NiSaṃ zu Su, Sū., 24, 11.2: -1 5 0;paṭhanti ||;PARTLY;+ paṭh - vidhu;"Nibandhasaṃgraha" NiSaṃ zu Su, Śār., 3, 18.1: -1 5 0;iti ||;PARTLY;+ iti - vidhu;"Nibandhasaṃgraha" NiSaṃ zu Su, Śār., 3, 5.1: -1 5 0;cirāyuṣaḥ ||;PARTLY;+ āyus - vidhu;"Nibandhasaṃgraha" NiSaṃ zu Su, Sū., 14, 26.1: -1 6 0;adūragatikam ||;PARTLY;+ adūra - vidhu;"Nibandhasaṃgraha" NiSaṃ zu Su, Śār., 3, 3.1: -1 6 0;parasparopakārādityādi ||;PARTLY;+ ityādi - vidhu;"Nibandhasaṃgraha" NiSaṃ zu Su, Sū., 14, 3.4: -1 6 0;sūkṣmasroto.nusārītyarthaḥ ||;PARTLY;+ sūkṣma - vidhu;"Nibandhasaṃgraha" NiSaṃ zu Su, Sū., 14, 16.1: -1 6 0;ityarthaḥ ||;PARTLY;+ iti - vidhu;"Nibandhasaṃgraha" NiSaṃ zu Su, Sū., 24, 7.5: -1 6 0;ityarthaḥ ||;PARTLY;+ artha - vidhu;"Nibandhasaṃgraha" NiSaṃ zu Su, Sū., 24, 8.4: -1 6 0;kāraṇam ||;PARTLY;+ kāraṇa - vidhu;"Nibandhasaṃgraha" NiSaṃ zu Su, Śār., 3, 34: -1 6 0;iti ||;PARTLY;+ iti - vidhu;"Nibandhasaṃgraha" NiSaṃ zu Su, Śār., 3, 5.1: -1 6 0;sārthakameva ||;PARTLY;+ eva - vidhu;"Nibandhasaṃgraha" NiSaṃ zu Su, Sū., 14, 15.3: -1 6 3;iti ||;PARTLY;+ iti - vidhu;"Nibandhasaṃgraha" NiSaṃ zu Su, Sū., 14, 6.2: -1 7 0;varṣāṇi ||;PARTLY;+ varṣa - vidhu;"Nibandhasaṃgraha" NiSaṃ zu Su, Sū., 14, 28.2: -1 7 0;styānatvāt ||;PARTLY;+ styāna - vidhu;"Nibandhasaṃgraha" NiSaṃ zu Su, Sū., 14, 21.2: -1 7 0;ityanye ||;PARTLY;+ iti - vidhu;"Nibandhasaṃgraha" NiSaṃ zu Su, Sū., 14, 16.1: -1 7 0;iti ||;PARTLY;+ iti - vidhu;"Nibandhasaṃgraha" NiSaṃ zu Su, Utt., 1, 8.1: -1 8 0;agniveśabheḍajātūkarṇaparāśarahārītakṣārapāṇiproktāsu ||;PARTLY;+ jātūkarṇa - vidhu;"Nibandhasaṃgraha" NiSaṃ zu Su, Sū., 1, 25.2: -1 8 0;upekṣitam ||;PARTLY;+ upekṣ - vidhu;"Nibandhasaṃgraha" NiSaṃ zu Su, Sū., 24, 8.4: -1 8 0;viṃśatirmahadādyāḥ ||;PARTLY;+ viṁśati - vidhu;"Nibandhasaṃgraha" NiSaṃ zu Su, Sū., 14, 28.2: -1 8 0;pīḍitānām ||;PARTLY;+ pīḍay - vidhu;"Nibandhasaṃgraha" NiSaṃ zu Su, Sū., 14, 30.1: -1 8 0;sarvatraivātihṛtam ||;PARTLY;+ sarvatra - vidhu;"Nibandhasaṃgraha" NiSaṃ zu Su, Sū., 24, 12.3: -1 8 0;caturviṃśatitamo.dhyāyaḥ ||;PARTLY;+ caturviṁśatitama - vidhu;"Nibandhasaṃgraha" NiSaṃ zu Su, Śār., 3, 32.2: -1 8 1;yathākramam |;PARTLY;+ yathākramam - vidhu;"Nibandhasaṃgraha" NiSaṃ zu Su, Sū., 14, 10.2: -1 9 0;iti ||;PARTLY;+ iti - vidhu;"Nibandhasaṃgraha" NiSaṃ zu Su, Sū., 24, 9.2: -1 9 0;granthītyādi ||;PARTLY;+ granthi - vidhu;"Nibandhasaṃgraha" NiSaṃ zu Su, Sū., 14, 16.1: -1 9 0;iti ||;PARTLY;+ iti - vidhu;"Nibandhasaṃgraha" NiSaṃ zu Su, Sū., 1, 2.1: -1 9 0;āyurvedotpattimiti ||;PARTLY;+ āyurveda - vidhu;"Nibandhasaṃgraha" NiSaṃ zu Su, Śār., 3, 28.2: -1 9 0;piṇḍārthaḥ ||;PARTLY;+ piṇḍa - vidhu;"Nibandhasaṃgraha" NiSaṃ zu Su, Sū., 24, 9.2: -1 10 0;adhyasthyadhidantetyādi ||;PARTLY;+ adhyasthi - vidhu;"Nibandhasaṃgraha" NiSaṃ zu Su, Sū., 24, 11.2: -1 10 0;parityajyetyarthaḥ ||;PARTLY;+ iti - vidhu;"Nibandhasaṃgraha" NiSaṃ zu Su, Sū., 24, 9.2: -1 10 0;adhyasthyadhidantetyādi ||;PARTLY;+ ityādi - vidhu;"Nibandhasaṃgraha" NiSaṃ zu Su, Sū., 1, 2.1: -1 10 0;tvabhūtaprādurbhāvaḥ ||;PARTLY;+ tu - vidhu;"Nibandhasaṃgraha" NiSaṃ zu Su, Utt., 1, 8.1: -1 10 0;unmādādayaḥ ||;PARTLY;+ ādi - vidhu;"Nibandhasaṃgraha" NiSaṃ zu Su, Sū., 1, 2.1: -1 10 0;tvabhūtaprādurbhāvaḥ ||;PARTLY;+ prādurbhāva - vidhu;"Nibandhasaṃgraha" NiSaṃ zu Su, Sū., 14, 15.3: -1 10 0;ityarthaḥ ||;PARTLY;+ artha - vidhu;"Nibandhasaṃgraha" NiSaṃ zu Su, Sū., 24, 8.4: -1 10 0;pṛthagbhavantītyarthaḥ ||;PARTLY;+ bhū - vidhu;"Nibandhasaṃgraha" NiSaṃ zu Su, Utt., 1, 8.1: -1 11 0;āgantukatvam ||;PARTLY;+ āgantuka - vidhu;"Nibandhasaṃgraha" NiSaṃ zu Su, Utt., 1, 8.1: -1 11 0;āgantukatvam ||;PARTLY;+ tva - vidhu;"Nibandhasaṃgraha" NiSaṃ zu Su, Sū., 14, 3.4: -1 12 0;arthaḥ ||;PARTLY;+ artha - vidhu;"Nibandhasaṃgraha" NiSaṃ zu Su, Sū., 24, 7.5: -1 13 0;ityarthaḥ ||;PARTLY;+ iti - vidhu;"Nibandhasaṃgraha" NiSaṃ zu Su, Sū., 14, 21.2: -1 14 0;styānatvarahitam ||;PARTLY;+ rahita - vidhu;"Nibandhasaṃgraha" NiSaṃ zu Su, Śār., 3, 4.1: -1 14 0;guṇaiḥ ||;PARTLY;+ guṇa - vidhu;"Nibandhasaṃgraha" NiSaṃ zu Su, Śār., 3, 28.2: -1 14 0;paśavaḥ ||;PARTLY;+ paśu - vidhu;"Nibandhasaṃgraha" NiSaṃ zu Su, Cik., 29, 12.32: -1 15 0;kuḍavapramāṇam ||;PARTLY;+ kuḍava - vidhu;"Nibandhasaṃgraha" NiSaṃ zu Su, Sū., 14, 3.4: -1 15 0;anugacchataḥ ||;PARTLY;+ anugam - vidhu;"Nibandhasaṃgraha" NiSaṃ zu Su, Śār., 3, 18.1: -1 15 0;śabdasparśarūparasagandhāḥ ||;PARTLY;+ śabda - vidhu;"Nibandhasaṃgraha" NiSaṃ zu Su, Sū., 1, 2.1: -1 15 0;yojanīyam ||;PARTLY;+ yuj - vidhu;"Nibandhasaṃgraha" NiSaṃ zu Su, Cik., 29, 12.32: -1 15 0;kuḍavapramāṇam ||;PARTLY;+ pramāṇa - vidhu;"Nibandhasaṃgraha" NiSaṃ zu Su, Śār., 3, 18.1: -1 15 0;śabdasparśarūparasagandhāḥ ||;PARTLY;+ sparśa - vidhu;"Nibandhasaṃgraha" NiSaṃ zu Su, Śār., 3, 18.1: -1 15 0;śabdasparśarūparasagandhāḥ ||;PARTLY;+ rūpa - vidhu;"Nibandhasaṃgraha" NiSaṃ zu Su, Sū., 1, 3.1: -1 15 0;doṣaḥ ||;PARTLY;+ doṣa - vidhu;"Nibandhasaṃgraha" NiSaṃ zu Su, Sū., 1, 2.1: -1 16 0;yādṛguktavān ||;PARTLY;+ vac - vidhu;"Nibandhasaṃgraha" NiSaṃ zu Su, Śār., 3, 28.2: -1 16 0;icchum ||;PARTLY;+ icchu - vidhu;"Nibandhasaṃgraha" NiSaṃ zu Su, Śār., 3, 28.2: -1 17 0;amocakam ||;PARTLY;+ amocaka - vidhu;"Nibandhasaṃgraha" NiSaṃ zu Su, Śār., 3, 4.1: -1 17 0;iti ||;PARTLY;+ iti - vidhu;"Nibandhasaṃgraha" NiSaṃ zu Su, Sū., 14, 21.2: -1 18 0;styānatvāt ||;PARTLY;+ tva - vidhu;"Nibandhasaṃgraha" NiSaṃ zu Su, Sū., 1, 2.1: -1 18 0;yadyapyadhyāyādau ||;PARTLY;+ yadi - vidhu;"Nibandhasaṃgraha" NiSaṃ zu Su, Sū., 24, 7.5: -1 18 0;ityarthaḥ ||;PARTLY;+ artha - vidhu;"Nibandhasaṃgraha" NiSaṃ zu Su, Sū., 14, 3.4: -1 18 0;tasminnityādi ||;PARTLY;+ ityādi - vidhu;"Nibandhasaṃgraha" NiSaṃ zu Su, Sū., 24, 8.4: -1 18 0;nānātvamityarthaḥ ||;PARTLY;+ nānātva - vidhu;"Nibandhasaṃgraha" NiSaṃ zu Su, Sū., 24, 9.2: -1 18 0;janmetyarthaḥ ||;PARTLY;+ janman - vidhu;"Nibandhasaṃgraha" NiSaṃ zu Su, Sū., 24, 7.5: -1 19 0;kṣutpipāsetyādi ||;PARTLY;+ ityādi - vidhu;"Nibandhasaṃgraha" NiSaṃ zu Su, Cik., 29, 12.32: -1 19 0;yamaḥ ||;PARTLY;+ yama - vidhu;"Nibandhasaṃgraha" NiSaṃ zu Su, Śār., 3, 4.1: -1 19 0;durbodhatvajñāpanārtham ||;PARTLY;+ durbodha - vidhu;"Nibandhasaṃgraha" NiSaṃ zu Su, Sū., 14, 3.4: -1 20 0;icchā ||;PARTLY;+ icchā - vidhu;"Nibandhasaṃgraha" NiSaṃ zu Su, Śār., 3, 28.2: -1 21 0;camarānūkaḥ ||;PARTLY;+ camara - vidhu;"Nibandhasaṃgraha" NiSaṃ zu Su, Śār., 3, 28.2: -1 21 0;camarānūkaḥ ||;PARTLY;+ anūka - vidhu;"Nibandhasaṃgraha" NiSaṃ zu Su, Sū., 24, 9.2: -1 22 0;strīviṣaye.nabhilāṣaḥ ||;PARTLY;+ viṣaya - vidhu;"Nibandhasaṃgraha" NiSaṃ zu Su, Sū., 24, 9.2: -1 22 0;strīviṣaye.nabhilāṣaḥ ||;PARTLY;+ anabhilāṣa - vidhu;"Nibandhasaṃgraha" NiSaṃ zu Su, Cik., 29, 12.32: -1 22 0;kuryādityarthaḥ ||;PARTLY;+ artha - vidhu;"Nibandhasaṃgraha" NiSaṃ zu Su, Sū., 24, 7.5: -1 24 0;akālakṛtāḥ ||;PARTLY;+ akāla - vidhu;"Nibandhasaṃgraha" NiSaṃ zu Su, Sū., 14, 21.2: -1 24 0;nibandheṣu ||;PARTLY;+ nibandha - vidhu;"Nibandhasaṃgraha" NiSaṃ zu Su, Sū., 24, 7.5: -1 24 0;akālakṛtāḥ ||;PARTLY;+ kṛ - vidhu;"Nibandhasaṃgraha" NiSaṃ zu Su, Cik., 29, 12.32: -1 30 0;jejjaṭaḥ ||;PARTLY;+ jejjaṭa - vidhu;"Nibandhasaṃgraha" NiSaṃ zu Su, Śār., 3, 4.1: -1 31 0;śrāddhādibhojanaṃ śarīrādisaṃyogadhāraṇahetutvāt ||;PARTLY;+ ādi - vidhu;"Rājanighaṇṭu" RājNigh, 9: 9 223 1;iti mūlakandaphalapattrasundarakramanāmatadguṇanirūpaṇolvaṇam |;PARTLY;+ iti - vidhu;"Rājanighaṇṭu" RājNigh, 13: 13 261 1;itthaṃ nānāphalatarulatānāmatattadguṇādivyaktākhyānapraguṇaracanācārusaurabhyasāram |;PARTLY;+ ittham - vidhu;"Rājanighaṇṭu" RājNigh, 18: 18 54 2;sthūlataṇḍulasambhūtāgandho bahalagandhakṛt ||;PARTLY;+ bahalagandhakṛt - vidhu;"Rājanighaṇṭu" RājNigh, 18: 18 163 1;itthaṃ prasiddhataradhānyaguṇābhidhānavīryābhivarṇanaviśṛṅkhalavāgvilāsam |;PARTLY;+ ittham - vidhu;"Rājanighaṇṭu" RājNigh, 20: 20 123 1;iti paśupatipādāmbhojasevāsamādhipratisamayasamutthānandasaukhyaikasīmnā |;PARTLY;+ iti - vidhu;"Rājanighaṇṭu" RājNigh, 23: 23 107 1;itthaṃ sattvarajastamastriguṇikānukrāntadoṣatrayaprakrāntocitakāladeśakalanābhikhyānasukhyāpitam |;PARTLY;+ ittham - vidhu;"Rājanighaṇṭu" RājNigh, 25, 3: 27 27 2;lodhre pūgīphale caiva tūle ca kramukaḥ smṛtaḥ ||;PARTLY;+  - vidhu;"Aṣṭāṅgahṛdayasaṃhitā" AHS, 1, 7: 7 56 2;grīṣme vāyucayādānaraukṣyarātryalpabhāvataḥ ||;PARTLY;+ grīṣma - vidhu;"Aṣṭāṅgahṛdayasaṃhitā" AHS, 1, 10: 10 25 2;amlo dhātrīphalāmlīkāmātuluṅgāmlavetasam ||;PARTLY;+ amla - vidhu;"Aṣṭāṅgahṛdayasaṃhitā" AHS, 1, 22: 22 17 1;vivarjayed divāsvapnabhāṣyāgnyātapaśukkrudhaḥ |;PARTLY;+ vivarjay - vidhu;"Aṣṭāṅgahṛdayasaṃhitā" AHS, 6, 3: 83 24 2;dṛṣṭeḥ sādātirukkaṇḍūpothakījanmaśūnatāḥ ||;PARTLY;+ dṛṣṭi - vidhu;"Sarvāṅgasundarā" SarvSund zu AHS, Sū., 9, 1.2: 2 1 0;tur avadhāraṇe ||;PARTLY;+ avadhāraṇa - vidhu;"Sarvāṅgasundarā" SarvSund zu AHS, Sū., 9, 1.2: 2 24 0;iti ||;PARTLY;+ iti - vidhu;"Sarvāṅgasundarā" SarvSund zu AHS, Sū., 9, 1.2: 2 53 0;iti ||;PARTLY;+ iti - vidhu;"Sarvāṅgasundarā" SarvSund zu AHS, Sū., 9, 1.2: 2 84 0;iti ||;PARTLY;+ iti - vidhu;"Sarvāṅgasundarā" SarvSund zu AHS, Sū., 9, 2.2: 4 5 0;iti ||;PARTLY;+ iti - vidhu;"Sarvāṅgasundarā" SarvSund zu AHS, Sū., 9, 3.1: 6 11 0;iti ||;PARTLY;+ iti - vidhu;"Sarvāṅgasundarā" SarvSund zu AHS, Sū., 9, 3.1: 6 19 0;iti ||;PARTLY;+ iti - vidhu;"Sarvāṅgasundarā" SarvSund zu AHS, Sū., 9, 4.1: 7 6 0;brūmahe ||;PARTLY;+ brū - vidhu;"Sarvāṅgasundarā" SarvSund zu AHS, Sū., 9, 18.1: 23 7 0;iti ||;PARTLY;+ iti - vidhu;"Sarvāṅgasundarā" SarvSund zu AHS, Sū., 9, 24.2: 28 8 0;iti ||;PARTLY;+ iti - vidhu;"Sarvāṅgasundarā" SarvSund zu AHS, Sū., 9, 26.1: 30 6 1;iti ||;PARTLY;+ iti - vidhu;"Sarvāṅgasundarā" SarvSund zu AHS, Sū., 9, 27.1: 31 6 0;iti ||;PARTLY;+ iti - vidhu;"Sarvāṅgasundarā" SarvSund zu AHS, Sū., 9, 28.1: 32 14 0;iti ||;PARTLY;+ iti - vidhu;"Sarvāṅgasundarā" SarvSund zu AHS, Sū., 9, 29: 33 11 0;iti ||;PARTLY;+ iti - vidhu;"Sarvāṅgasundarā" SarvSund zu AHS, Sū., 9, 29: 33 13 0;iti ||;PARTLY;+ iti - vidhu;"Sarvāṅgasundarā" SarvSund zu AHS, Sū., 9, 29: 33 21 0;iti ||;PARTLY;+ iti - vidhu;"Sarvāṅgasundarā" SarvSund zu AHS, Sū., 15, 6.2: 39 6 0;gundrā padaerakaḥ ||;PARTLY;+ gundrā - vidhu;"Sarvāṅgasundarā" SarvSund zu AHS, Sū., 16, 11.2: 53 1 0;tur viśeṣe ||;PARTLY;+ viśeṣa - vidhu;"Sarvāṅgasundarā" SarvSund zu AHS, Sū., 16, 15.1: 60 14 0;iti ||;PARTLY;+ iti - vidhu;"Sarvāṅgasundarā" SarvSund zu AHS, Sū., 16, 18.2: 64 12 2;iti |;PARTLY;+ iti - vidhu;"Sarvāṅgasundarā" SarvSund zu AHS, Sū., 16, 18.2: 64 20 0;iti ||;PARTLY;+ iti - vidhu;"Sarvāṅgasundarā" SarvSund zu AHS, Sū., 16, 19.2: 66 13 0;iti ||;PARTLY;+ iti - vidhu;"Sarvāṅgasundarā" SarvSund zu AHS, Sū., 16, 22.2: 69 6 0;iti ||;PARTLY;+ iti - vidhu;"Sarvāṅgasundarā" SarvSund zu AHS, Utt., 39, 10.2: 75 7 0;iti ||;PARTLY;+ iti - vidhu;"Sarvāṅgasundarā" SarvSund zu AHS, Utt., 39, 10.2: 75 11 0;iti ||;PARTLY;+ iti - vidhu;"Sarvāṅgasundarā" SarvSund zu AHS, Utt., 39, 32.2: 81 5 0;indravajrā ||;PARTLY;+ indravajrā - vidhu;"Sarvāṅgasundarā" SarvSund zu AHS, Utt., 39, 53.2: 88 12 0;upajātiḥ ||;PARTLY;+ upajāti - vidhu;"Sarvāṅgasundarā" SarvSund zu AHS, Utt., 39, 78.2: 99 7 0;mālinī ||;PARTLY;+ mālinī - vidhu;"Sarvāṅgasundarā" SarvSund zu AHS, Utt., 39, 79.2: 100 2 0;vasantatilakam ||;PARTLY;+ vasantatilaka - vidhu;"Sarvāṅgasundarā" SarvSund zu AHS, Utt., 39, 107.2: 117 3 0;mālinī ||;PARTLY;+ mālinī - vidhu;"Sarvāṅgasundarā" SarvSund zu AHS, Utt., 39, 108.2: 118 2 0;upajātiḥ ||;PARTLY;+ upajāti - vidhu;"Sarvāṅgasundarā" SarvSund zu AHS, Utt., 39, 110.2: 119 3 0;indravajrā ||;PARTLY;+ indravajrā - vidhu;"Ayurvedarasāyana" Ayurvedarasāyana zu AHS, Sū., 9, 1.1: 1 11 2;iti ||;PARTLY;+ iti - vidhu;"Ayurvedarasāyana" Ayurvedarasāyana zu AHS, Sū., 9, 3.1: 6 7 0;iti ||;PARTLY;+ iti - vidhu;"Ayurvedarasāyana" Ayurvedarasāyana zu AHS, Sū., 9, 4.1: 7 6 0;iti ||;PARTLY;+ iti - vidhu;"Ayurvedarasāyana" Ayurvedarasāyana zu AHS, Sū., 9, 4.1: 7 17 0;ityādi ||;PARTLY;+ ityādi - vidhu;"Ayurvedarasāyana" Ayurvedarasāyana zu AHS, Sū., 9, 11.2: 15 17 0;iti ||;PARTLY;+ iti - vidhu;"Ayurvedarasāyana" Ayurvedarasāyana zu AHS, Sū., 9, 13.1: 18 6 0;iti ||;PARTLY;+ iti - vidhu;"Ayurvedarasāyana" Ayurvedarasāyana zu AHS, Sū., 9, 21.2: 26 11 0;iti ||;PARTLY;+ iti - vidhu;"Ayurvedarasāyana" Ayurvedarasāyana zu AHS, Sū., 9, 21.2: 26 14 0;iti ||;PARTLY;+ iti - vidhu;"Ayurvedarasāyana" Ayurvedarasāyana zu AHS, Sū., 9, 21.2: 26 17 1;iti ||;PARTLY;+ iti - vidhu;"Ayurvedarasāyana" Ayurvedarasāyana zu AHS, Sū., 9, 23.1: 27 12 0;iti ||;PARTLY;+ iti - vidhu;"Ayurvedarasāyana" Ayurvedarasāyana zu AHS, Sū., 9, 23.1: 27 34 0;iti ||;PARTLY;+ iti - vidhu;"Ayurvedarasāyana" Ayurvedarasāyana zu AHS, Sū., 9, 25.2: 29 18 1;iti ||;PARTLY;+ iti - vidhu;"Ayurvedarasāyana" Ayurvedarasāyana zu AHS, Sū., 9, 27.1: 31 3 0;iti ||;PARTLY;+ iti - vidhu;"Ayurvedarasāyana" Ayurvedarasāyana zu AHS, Sū., 9, 27.1: 31 12 1;iti ||;PARTLY;+ iti - vidhu;"Ayurvedarasāyana" Ayurvedarasāyana zu AHS, Sū., 15, 1.2: 34 29 0;iti ||;PARTLY;+ iti - vidhu;"Ayurvedarasāyana" Ayurvedarasāyana zu AHS, Sū., 15, 1.2: 34 36 0;tālīsapatram ||;PARTLY;+ tālīsapatra - vidhu;"Ayurvedarasāyana" Ayurvedarasāyana zu AHS, Sū., 15, 1.2: 34 40 0;iti ||;PARTLY;+ iti - vidhu;"Ayurvedarasāyana" Ayurvedarasāyana zu AHS, Sū., 15, 2.2: 35 15 0;iti ||;PARTLY;+ iti - vidhu;"Ayurvedarasāyana" Ayurvedarasāyana zu AHS, Sū., 15, 3.2: 36 15 0;iti ||;PARTLY;+ iti - vidhu;"Ayurvedarasāyana" Ayurvedarasāyana zu AHS, Sū., 15, 4.2: 37 27 0;iti ||;PARTLY;+ iti - vidhu;"Ayurvedarasāyana" Ayurvedarasāyana zu AHS, Sū., 15, 5.2: 38 7 0;iti ||;PARTLY;+ iti - vidhu;"Ayurvedarasāyana" Ayurvedarasāyana zu AHS, Sū., 15, 6.2: 39 11 0;iti ||;PARTLY;+ iti - vidhu;"Ayurvedarasāyana" Ayurvedarasāyana zu AHS, Sū., 15, 7.2: 40 5 0;iti ||;PARTLY;+ iti - vidhu;"Ayurvedarasāyana" Ayurvedarasāyana zu AHS, Sū., 15, 8.2: 41 31 2;vargaḥ sapañcakolo nirdiṣṭo dīpanīyo .yam ||;PARTLY;+  - vidhu;"Ayurvedarasāyana" Ayurvedarasāyana zu AHS, Sū., 16, 3.1: 44 5 0;iti ||;PARTLY;+ iti - vidhu;"Ayurvedarasāyana" Ayurvedarasāyana zu AHS, Sū., 16, 18.2: 64 5 2;iti ||;PARTLY;+ iti - vidhu;"Ayurvedarasāyana" Ayurvedarasāyana zu AHS, Sū., 16, 18.2: 64 11 2;iti |;PARTLY;+ iti - vidhu;"Ayurvedarasāyana" Ayurvedarasāyana zu AHS, Sū., 16, 19.1: 65 9 4;iti ||;PARTLY;+ iti - vidhu;"Aṣṭāṅganighaṇṭu" AṣṭNigh, 1: 1 24 2;vīraṇyābhayalāmajjakośīram amṛṇālakam ||;PARTLY;+ amṛṇālaka - vidhu;"Aṣṭāṅganighaṇṭu" AṣṭNigh, 1: 1 169 2;plakṣāmravañjulapiyālapalāśanandīkolīkadambaviralāmadhukaṃ madhūkam ||;PARTLY;+ madhūka - vidhu;"Aṣṭāṅganighaṇṭu" AṣṭNigh, 1: 1 191 1;śyāmādantīdravantīkramukakuṭaraṇāśaṃkhinī carmasāhvā svarṇakṣīrīgavākṣīśikharirajanakacchinnarohākarañjāḥ |;PARTLY;+ carmasāhvā - vidhu;"Mṛgendraṭīkā" MṛgṬīkā zu MṛgT, Vidyāpāda, 1, 1.2: 1 9 0;iti ||;PARTLY;+ iti - vidhu;"Mṛgendraṭīkā" MṛgṬīkā zu MṛgT, Vidyāpāda, 1, 1.2: 1 35 2;ityādi ||;PARTLY;+ ityādi - vidhu;"Mṛgendraṭīkā" MṛgṬīkā zu MṛgT, Vidyāpāda, 1, 5.2: 5 8 2;iti ||;PARTLY;+ iti - vidhu;"Mṛgendraṭīkā" MṛgṬīkā zu MṛgT, Vidyāpāda, 1, 5.2: 5 11 0;iti ||;PARTLY;+ iti - vidhu;"Mṛgendraṭīkā" MṛgṬīkā zu MṛgT, Vidyāpāda, 1, 5.2: 5 13 0;iti ||;PARTLY;+ iti - vidhu;"Mṛgendraṭīkā" MṛgṬīkā zu MṛgT, Vidyāpāda, 1, 5.2: 5 14 1;tathā |;PARTLY;+ tathā - vidhu;"Mṛgendraṭīkā" MṛgṬīkā zu MṛgT, Vidyāpāda, 1, 5.2: 5 15 0;iti ||;PARTLY;+ iti - vidhu;"Mṛgendraṭīkā" MṛgṬīkā zu MṛgT, Vidyāpāda, 1, 5.2: 5 16 1;tathā |;PARTLY;+ tathā - vidhu;"Mṛgendraṭīkā" MṛgṬīkā zu MṛgT, Vidyāpāda, 1, 5.2: 5 17 0;iti ||;PARTLY;+ iti - vidhu;"Mṛgendraṭīkā" MṛgṬīkā zu MṛgT, Vidyāpāda, 1, 6.2: 6 5 1;iti |;PARTLY;+ iti - vidhu;"Mṛgendraṭīkā" MṛgṬīkā zu MṛgT, Vidyāpāda, 1, 6.2: 6 9 3;iti ||;PARTLY;+ iti - vidhu;"Mṛgendraṭīkā" MṛgṬīkā zu MṛgT, Vidyāpāda, 1, 7.2: 7 9 3;iti ||;PARTLY;+ iti - vidhu;"Mṛgendraṭīkā" MṛgṬīkā zu MṛgT, Vidyāpāda, 1, 7.2: 7 13 0;iti ||;PARTLY;+ iti - vidhu;"Mṛgendraṭīkā" MṛgṬīkā zu MṛgT, Vidyāpāda, 1, 8.2: 8 9 0;kiṃca ||;PARTLY;+ kiṁca - vidhu;"Mṛgendraṭīkā" MṛgṬīkā zu MṛgT, Vidyāpāda, 1, 9.1: 9 8 3;iti ||;PARTLY;+ iti - vidhu;"Mṛgendraṭīkā" MṛgṬīkā zu MṛgT, Vidyāpāda, 1, 9.1: 9 23 0;iti ||;PARTLY;+ iti - vidhu;"Mṛgendraṭīkā" MṛgṬīkā zu MṛgT, Vidyāpāda, 1, 9.1: 9 30 0;iti ||;PARTLY;+ iti - vidhu;"Mṛgendraṭīkā" MṛgṬīkā zu MṛgT, Vidyāpāda, 1, 9.1: 9 33 0;iti ||;PARTLY;+ iti - vidhu;"Mṛgendraṭīkā" MṛgṬīkā zu MṛgT, Vidyāpāda, 1, 9.1: 9 42 2;iti ||;PARTLY;+ iti - vidhu;"Mṛgendraṭīkā" MṛgṬīkā zu MṛgT, Vidyāpāda, 1, 9.2: 10 3 2;ityādi ||;PARTLY;+ ityādi - vidhu;"Mṛgendraṭīkā" MṛgṬīkā zu MṛgT, Vidyāpāda, 1, 9.2: 10 5 1;tathā |;PARTLY;+ tathā - vidhu;"Mṛgendraṭīkā" MṛgṬīkā zu MṛgT, Vidyāpāda, 1, 9.2: 10 5 3;ityādi ||;PARTLY;+ ityādi - vidhu;"Mṛgendraṭīkā" MṛgṬīkā zu MṛgT, Vidyāpāda, 1, 9.2: 10 14 0;iti ||;PARTLY;+ iti - vidhu;"Mṛgendraṭīkā" MṛgṬīkā zu MṛgT, Vidyāpāda, 1, 11.2: 13 9 0;iti ||;PARTLY;+ iti - vidhu;"Mṛgendraṭīkā" MṛgṬīkā zu MṛgT, Vidyāpāda, 1, 11.2: 13 15 0;iti ||;PARTLY;+ iti - vidhu;"Mṛgendraṭīkā" MṛgṬīkā zu MṛgT, Vidyāpāda, 1, 13.2: 16 8 0;yataḥ ||;PARTLY;+ yatas - vidhu;"Mṛgendraṭīkā" MṛgṬīkā zu MṛgT, Vidyāpāda, 1, 14.2: 17 4 3;iti ||;PARTLY;+ iti - vidhu;"Mṛgendraṭīkā" MṛgṬīkā zu MṛgT, Vidyāpāda, 1, 15.1: 18 4 2;iti ||;PARTLY;+ iti - vidhu;"Mṛgendraṭīkā" MṛgṬīkā zu MṛgT, Vidyāpāda, 1, 21.2: 24 2 0;āha ||;PARTLY;+ ah - vidhu;"Mṛgendraṭīkā" MṛgṬīkā zu MṛgT, Vidyāpāda, 3, 1.2: 64 29 0;iti ||;PARTLY;+ iti - vidhu;"Mṛgendraṭīkā" MṛgṬīkā zu MṛgT, Vidyāpāda, 3, 1.2: 64 34 0;iti ||;PARTLY;+ iti - vidhu;"Mṛgendraṭīkā" MṛgṬīkā zu MṛgT, Vidyāpāda, 3, 1.2: 64 37 2;iti ||;PARTLY;+ iti - vidhu;"Mṛgendraṭīkā" MṛgṬīkā zu MṛgT, Vidyāpāda, 3, 1.2: 64 49 0;iti ||;PARTLY;+ iti - vidhu;"Mṛgendraṭīkā" MṛgṬīkā zu MṛgT, Vidyāpāda, 3, 4.2: 68 3 2;iti ||;PARTLY;+ iti - vidhu;"Mṛgendraṭīkā" MṛgṬīkā zu MṛgT, Vidyāpāda, 3, 5.1: 69 5 0;iti ||;PARTLY;+ iti - vidhu;"Mṛgendraṭīkā" MṛgṬīkā zu MṛgT, Vidyāpāda, 3, 6.1: 70 3 0;iti ||;PARTLY;+ iti - vidhu;"Mṛgendraṭīkā" MṛgṬīkā zu MṛgT, Vidyāpāda, 3, 6.1: 70 7 0;iti ||;PARTLY;+ iti - vidhu;"Mṛgendraṭīkā" MṛgṬīkā zu MṛgT, Vidyāpāda, 3, 6.1: 70 18 0;iti ||;PARTLY;+ iti - vidhu;"Mṛgendraṭīkā" MṛgṬīkā zu MṛgT, Vidyāpāda, 3, 7.1: 72 8 0;iti ||;PARTLY;+ iti - vidhu;"Mṛgendraṭīkā" MṛgṬīkā zu MṛgT, Vidyāpāda, 3, 11.1: 78 4 0;iti ||;PARTLY;+ iti - vidhu;"Mṛgendraṭīkā" MṛgṬīkā zu MṛgT, Vidyāpāda, 3, 13.3: 81 2 3;iti ||;PARTLY;+ iti - vidhu;"Mṛgendraṭīkā" MṛgṬīkā zu MṛgT, Vidyāpāda, 4, 1.2: 83 6 0;iti ||;PARTLY;+ iti - vidhu;"Mṛgendraṭīkā" MṛgṬīkā zu MṛgT, Vidyāpāda, 4, 5.2: 87 2 3;iti ||;PARTLY;+ iti - vidhu;"Mṛgendraṭīkā" MṛgṬīkā zu MṛgT, Vidyāpāda, 4, 8.2: 90 3 0;iti ||;PARTLY;+ iti - vidhu;"Mṛgendraṭīkā" MṛgṬīkā zu MṛgT, Vidyāpāda, 4, 9.2: 91 3 3;vidyeśvarāṇām ||;PARTLY;+ vidyeśvara - vidhu;"Mṛgendraṭīkā" MṛgṬīkā zu MṛgT, Vidyāpāda, 5, 5.2: 101 5 0;iti ||;PARTLY;+ iti - vidhu;"Mṛgendraṭīkā" MṛgṬīkā zu MṛgT, Vidyāpāda, 5, 11.1: 108 3 0;yasmāt ||;PARTLY;+ yad - vidhu;"Mṛgendraṭīkā" MṛgṬīkā zu MṛgT, Vidyāpāda, 5, 15.2: 113 3 3;iti ||;PARTLY;+ iti - vidhu;"Mṛgendraṭīkā" MṛgṬīkā zu MṛgT, Vidyāpāda, 5, 16.2: 114 4 1;nanu |;PARTLY;+ nanu - vidhu;"Mṛgendraṭīkā" MṛgṬīkā zu MṛgT, Vidyāpāda, 5, 16.2: 114 8 0;iti ||;PARTLY;+ iti - vidhu;"Mṛgendraṭīkā" MṛgṬīkā zu MṛgT, Vidyāpāda, 5, 18.2: 116 9 2;kṛtyam ||;PARTLY;+ kṛtya - vidhu;"Mṛgendraṭīkā" MṛgṬīkā zu MṛgT, Vidyāpāda, 6, 4.1: 122 10 0;iti ||;PARTLY;+ iti - vidhu;"Mṛgendraṭīkā" MṛgṬīkā zu MṛgT, Vidyāpāda, 6, 4.1: 122 11 1;tathā |;PARTLY;+ tathā - vidhu;"Mṛgendraṭīkā" MṛgṬīkā zu MṛgT, Vidyāpāda, 6, 4.1: 122 12 0;iti ||;PARTLY;+ iti - vidhu;"Mṛgendraṭīkā" MṛgṬīkā zu MṛgT, Vidyāpāda, 6, 5.1: 124 8 3;ityādi ||;PARTLY;+ ityādi - vidhu;"Mṛgendraṭīkā" MṛgṬīkā zu MṛgT, Vidyāpāda, 6, 6.2: 129 12 0;iti ||;PARTLY;+ iti - vidhu;"Mṛgendraṭīkā" MṛgṬīkā zu MṛgT, Vidyāpāda, 6, 7.2: 130 3 0;iti ||;PARTLY;+ iti - vidhu;"Mṛgendraṭīkā" MṛgṬīkā zu MṛgT, Vidyāpāda, 6, 7.2: 130 10 0;iti ||;PARTLY;+ iti - vidhu;"Mṛgendraṭīkā" MṛgṬīkā zu MṛgT, Vidyāpāda, 7, 8.2: 139 11 3;iti ||;PARTLY;+ iti - vidhu;"Mṛgendraṭīkā" MṛgṬīkā zu MṛgT, Vidyāpāda, 7, 9.2: 140 7 3;iti ||;PARTLY;+ iti - vidhu;"Mṛgendraṭīkā" MṛgṬīkā zu MṛgT, Vidyāpāda, 8, 2.2: 155 7 0;kiṃca ||;PARTLY;+ kiṁca - vidhu;"Mṛgendraṭīkā" MṛgṬīkā zu MṛgT, Vidyāpāda, 8, 6.2: 159 7 2;iti ||;PARTLY;+ iti - vidhu;"Mṛgendraṭīkā" MṛgṬīkā zu MṛgT, Vidyāpāda, 8, 6.2: 159 10 0;iti ||;PARTLY;+ iti - vidhu;"Mṛgendraṭīkā" MṛgṬīkā zu MṛgT, Vidyāpāda, 9, 1.2: 160 6 0;iti ||;PARTLY;+ iti - vidhu;"Mṛgendraṭīkā" MṛgṬīkā zu MṛgT, Vidyāpāda, 9, 2.2: 161 4 0;iti ||;PARTLY;+ iti - vidhu;"Mṛgendraṭīkā" MṛgṬīkā zu MṛgT, Vidyāpāda, 9, 3.2: 162 4 0;kiṃca ||;PARTLY;+ kiṁca - vidhu;"Mṛgendraṭīkā" MṛgṬīkā zu MṛgT, Vidyāpāda, 9, 12.2: 171 3 0;iti ||;PARTLY;+ iti - vidhu;"Mṛgendraṭīkā" MṛgṬīkā zu MṛgT, Vidyāpāda, 10, 7.2: 186 5 3;iti ||;PARTLY;+ iti - vidhu;"Mṛgendraṭīkā" MṛgṬīkā zu MṛgT, Vidyāpāda, 10, 10.2: 188 4 0;iti ||;PARTLY;+ iti - vidhu;"Mṛgendraṭīkā" MṛgṬīkā zu MṛgT, Vidyāpāda, 10, 10.2: 188 5 1;tathā |;PARTLY;+ tathā - vidhu;"Mṛgendraṭīkā" MṛgṬīkā zu MṛgT, Vidyāpāda, 10, 10.2: 188 6 0;iti ||;PARTLY;+ iti - vidhu;"Mṛgendraṭīkā" MṛgṬīkā zu MṛgT, Vidyāpāda, 10, 13.2: 191 6 0;iti ||;PARTLY;+ iti - vidhu;"Mṛgendraṭīkā" MṛgṬīkā zu MṛgT, Vidyāpāda, 10, 14.2: 192 4 0;iti ||;PARTLY;+ iti - vidhu;"Mṛgendraṭīkā" MṛgṬīkā zu MṛgT, Vidyāpāda, 10, 18.2: 197 7 0;ityādi ||;PARTLY;+ ityādi - vidhu;"Mṛgendraṭīkā" MṛgṬīkā zu MṛgT, Vidyāpāda, 10, 18.2: 197 11 2;iti ||;PARTLY;+ iti - vidhu;"Mṛgendraṭīkā" MṛgṬīkā zu MṛgT, Vidyāpāda, 10, 21.2: 200 2 1;nanu |;PARTLY;+ nanu - vidhu;"Mṛgendraṭīkā" MṛgṬīkā zu MṛgT, Vidyāpāda, 10, 23.2: 202 2 3;iti ||;PARTLY;+ iti - vidhu;"Mṛgendraṭīkā" MṛgṬīkā zu MṛgT, Vidyāpāda, 10, 25.2: 204 4 0;iti ||;PARTLY;+ iti - vidhu;"Mṛgendraṭīkā" MṛgṬīkā zu MṛgT, Vidyāpāda, 10, 25.2: 204 5 1;tathā |;PARTLY;+ tathā - vidhu;"Mṛgendraṭīkā" MṛgṬīkā zu MṛgT, Vidyāpāda, 10, 25.2: 204 6 0;iti ||;PARTLY;+ iti - vidhu;"Mṛgendraṭīkā" MṛgṬīkā zu MṛgT, Vidyāpāda, 10, 25.2: 204 9 0;iti ||;PARTLY;+ iti - vidhu;"Mṛgendraṭīkā" MṛgṬīkā zu MṛgT, Vidyāpāda, 10, 25.2: 204 12 0;iti ||;PARTLY;+ iti - vidhu;"Mṛgendraṭīkā" MṛgṬīkā zu MṛgT, Vidyāpāda, 11, 4.2: 216 4 0;yataḥ ||;PARTLY;+ yatas - vidhu;"Mṛgendraṭīkā" MṛgṬīkā zu MṛgT, Vidyāpāda, 11, 11.2: 223 3 0;iti ||;PARTLY;+ iti - vidhu;"Mṛgendraṭīkā" MṛgṬīkā zu MṛgT, Vidyāpāda, 11, 11.2: 223 5 0;iti ||;PARTLY;+ iti - vidhu;"Mṛgendraṭīkā" MṛgṬīkā zu MṛgT, Vidyāpāda, 11, 11.2: 223 10 0;iti ||;PARTLY;+ iti - vidhu;"Mṛgendraṭīkā" MṛgṬīkā zu MṛgT, Vidyāpāda, 11, 12.2: 224 5 0;iti ||;PARTLY;+ iti - vidhu;"Mṛgendraṭīkā" MṛgṬīkā zu MṛgT, Vidyāpāda, 11, 15.2: 227 10 2;iti ||;PARTLY;+ iti - vidhu;"Mṛgendraṭīkā" MṛgṬīkā zu MṛgT, Vidyāpāda, 11, 17.1: 230 4 0;iti ||;PARTLY;+ iti - vidhu;"Mṛgendraṭīkā" MṛgṬīkā zu MṛgT, Vidyāpāda, 12, 2.2: 240 3 0;āha ||;PARTLY;+ ah - vidhu;"Mṛgendraṭīkā" MṛgṬīkā zu MṛgT, Vidyāpāda, 12, 6.2: 245 2 3;iti ||;PARTLY;+ iti - vidhu;"Mṛgendraṭīkā" MṛgṬīkā zu MṛgT, Vidyāpāda, 12, 9.2: 248 2 3;iti ||;PARTLY;+ iti - vidhu;"Mṛgendraṭīkā" MṛgṬīkā zu MṛgT, Vidyāpāda, 12, 16.1: 253 7 0;iti ||;PARTLY;+ iti - vidhu;"Ratnaṭīkā" GaṇaKārṬīkā zu GaṇaKār, 1.1: 1 34 0;yasmāt ||;PARTLY;+ yasmāt - vidhu;"Ratnaṭīkā" GaṇaKārṬīkā zu GaṇaKār, 5.1: 6 2 0;kasmāt ||;PARTLY;+ ka - vidhu;"Ratnaṭīkā" GaṇaKārṬīkā zu GaṇaKār, 5.1: 6 5 0;kasmāt ||;PARTLY;+ ka - vidhu;"Ratnaṭīkā" GaṇaKārṬīkā zu GaṇaKār, 5.2: 7 16 1;tathā |;PARTLY;+ tathā - vidhu;"Ratnaṭīkā" GaṇaKārṬīkā zu GaṇaKār, 6.1: 8 102 0;iti ||;PARTLY;+ iti - vidhu;"Ratnaṭīkā" GaṇaKārṬīkā zu GaṇaKār, 6.1: 8 115 1;iti |;PARTLY;+ iti - vidhu;"Ratnaṭīkā" GaṇaKārṬīkā zu GaṇaKār, 6.1: 8 119 0;vakṣyāmaḥ ||;PARTLY;+ vac - vidhu;"Ratnaṭīkā" GaṇaKārṬīkā zu GaṇaKār, 6.1: 8 183 0;ucyate ||;PARTLY;+ vac - vidhu;"Ratnaṭīkā" GaṇaKārṬīkā zu GaṇaKār, 6.2: 9 19 0;ucyate ||;PARTLY;+ vac - vidhu;"Ratnaṭīkā" GaṇaKārṬīkā zu GaṇaKār, 6.2: 9 20 0;na ||;PARTLY;+ na - vidhu;"Ratnaṭīkā" GaṇaKārṬīkā zu GaṇaKār, 8.2: 11 5 0;kasmāt ||;PARTLY;+ ka - vidhu;"Tantrasāra" TantraS, 22: 22 20 1;evam ānandasaṃdohitatacceṣṭocchalatsthitiḥ |;PARTLY;+ evam - vidhu;"Spandakārikānirṇaya" SpandaKārNir zu SpandaKār, 1, 1.2: 1 2 0;bahuvacanam anugrahadṛṣṭikaṭākṣitāśeṣānugrāhyābhedaprathanāya ||;PARTLY;+ bahuvacana - vidhu;"Spandakārikānirṇaya" SpandaKārNir zu SpandaKār, 1, 2.2: 2 28 0;iti ||;PARTLY;+ iti - vidhu;"Spandakārikānirṇaya" SpandaKārNir zu SpandaKār, 1, 2.2: 2 31 0;iti ||;PARTLY;+ iti - vidhu;"Spandakārikānirṇaya" SpandaKārNir zu SpandaKār, 1, 2.2: 2 36 0;iti ||;PARTLY;+ iti - vidhu;"Spandakārikānirṇaya" SpandaKārNir zu SpandaKār, 1, 2.2: 2 40 0;iti ||;PARTLY;+ iti - vidhu;"Spandakārikānirṇaya" SpandaKārNir zu SpandaKār, 1, 2.2: 2 41 1;tathā |;PARTLY;+ tathā - vidhu;"Spandakārikānirṇaya" SpandaKārNir zu SpandaKār, 1, 5.2: 5 13 0;iti ||;PARTLY;+ iti - vidhu;"Spandakārikānirṇaya" SpandaKārNir zu SpandaKār, 1, 5.2: 5 15 0;iti ||;PARTLY;+ iti - vidhu;"Spandakārikānirṇaya" SpandaKārNir zu SpandaKār, 1, 5.2: 5 17 0;iti ||;PARTLY;+ iti - vidhu;"Spandakārikānirṇaya" SpandaKārNir zu SpandaKār, 1, 5.2: 5 19 0;iti ||;PARTLY;+ iti - vidhu;"Spandakārikānirṇaya" SpandaKārNir zu SpandaKār, 1, 5.2: 5 22 0;iti ||;PARTLY;+ iti - vidhu;"Spandakārikānirṇaya" SpandaKārNir zu SpandaKār, 1, 7.2: 6 12 0;iti ||;PARTLY;+ iti - vidhu;"Spandakārikānirṇaya" SpandaKārNir zu SpandaKār, 1, 9.2: 8 4 0;iti ||;PARTLY;+ iti - vidhu;"Spandakārikānirṇaya" SpandaKārNir zu SpandaKār, 1, 11.2: 10 8 1;iti ||;PARTLY;+ iti - vidhu;"Spandakārikānirṇaya" SpandaKārNir zu SpandaKār, 1, 13.2: 11 25 0;iti ||;PARTLY;+ iti - vidhu;"Spandakārikānirṇaya" SpandaKārNir zu SpandaKār, 1, 13.2: 11 32 0;iti ||;PARTLY;+ iti - vidhu;"Spandakārikānirṇaya" SpandaKārNir zu SpandaKār, 1, 13.2: 11 35 0;iti ||;PARTLY;+ iti - vidhu;"Spandakārikānirṇaya" SpandaKārNir zu SpandaKār, 1, 16.2: 12 3 0;iti ||;PARTLY;+ iti - vidhu;"Spandakārikānirṇaya" SpandaKārNir zu SpandaKār, 1, 17.2: 13 6 3;jāgrat |;PARTLY;+ jāgṛ - vidhu;"Spandakārikānirṇaya" SpandaKārNir zu SpandaKār, 1, 17.2: 13 6 4;ityādi |;PARTLY;+ ityādi - vidhu;"Spandakārikānirṇaya" SpandaKārNir zu SpandaKār, 1, 17.2: 13 6 6;iti |;PARTLY;+ iti - vidhu;"Spandakārikānirṇaya" SpandaKārNir zu SpandaKār, 1, 17.2: 13 6 8;ityādi |;PARTLY;+ ityādi - vidhu;"Spandakārikānirṇaya" SpandaKārNir zu SpandaKār, 1, 17.2: 13 10 1;tathā |;PARTLY;+ tathā - vidhu;"Spandakārikānirṇaya" SpandaKārNir zu SpandaKār, 1, 17.2: 13 10 3;iti |;PARTLY;+ iti - vidhu;"Spandakārikānirṇaya" SpandaKārNir zu SpandaKār, 1, 17.2: 13 10 5;iti ||;PARTLY;+ iti - vidhu;"Spandakārikānirṇaya" SpandaKārNir zu SpandaKār, 1, 19.2: 15 3 0;iti ||;PARTLY;+ iti - vidhu;"Spandakārikānirṇaya" SpandaKārNir zu SpandaKār, 1, 20.2: 16 3 0;iti ||;PARTLY;+ iti - vidhu;"Spandakārikānirṇaya" SpandaKārNir zu SpandaKār, 1, 22.2: 18 9 0;iti ||;PARTLY;+ iti - vidhu;"Spandakārikānirṇaya" SpandaKārNir zu SpandaKār, 1, 25.2: 19 3 3;iti ||;PARTLY;+ iti - vidhu;"Spandakārikānirṇaya" SpandaKārNir zu SpandaKār, Dvitīyo niḥṣyandaḥ, 2.2: 20 6 0;iti ||;PARTLY;+ iti - vidhu;"Spandakārikānirṇaya" SpandaKārNir zu SpandaKār, Dvitīyo niḥṣyandaḥ, 4.2: 21 6 0;iti ||;PARTLY;+ iti - vidhu;"Spandakārikānirṇaya" SpandaKārNir zu SpandaKār, Dvitīyo niḥṣyandaḥ, 7.2: 23 5 0;iti ||;PARTLY;+ iti - vidhu;"Spandakārikānirṇaya" SpandaKārNir zu SpandaKār, Dvitīyo niḥṣyandaḥ, 7.2: 23 9 0;ityādinā ||;PARTLY;+ ityādi - vidhu;"Spandakārikānirṇaya" SpandaKārNir zu SpandaKār, Dvitīyo niḥṣyandaḥ, 7.2: 23 19 0;iti ||;PARTLY;+ iti - vidhu;"Spandakārikānirṇaya" SpandaKārNir zu SpandaKār, Tṛtīyo niḥṣyandaḥ, 2.2: 24 5 0;iti ||;PARTLY;+ iti - vidhu;"Spandakārikānirṇaya" SpandaKārNir zu SpandaKār, Tṛtīyo niḥṣyandaḥ, 3.2: 25 2 3;iti ||;PARTLY;+ iti - vidhu;"Spandakārikānirṇaya" SpandaKārNir zu SpandaKār, Tṛtīyo niḥṣyandaḥ, 10.2: 31 2 3;iti ||;PARTLY;+ iti - vidhu;"Spandakārikānirṇaya" SpandaKārNir zu SpandaKār, Tṛtīyo niḥṣyandaḥ, 12.2: 33 4 4;iti ||;PARTLY;+ iti - vidhu;"Spandakārikānirṇaya" SpandaKārNir zu SpandaKār, Tṛtīyo niḥṣyandaḥ, 13.2: 34 17 0;ityādi ||;PARTLY;+ ityādi - vidhu;"Spandakārikānirṇaya" SpandaKārNir zu SpandaKār, Tṛtīyo niḥṣyandaḥ, 13.2: 34 18 1;tathā |;PARTLY;+ tathā - vidhu;"Spandakārikānirṇaya" SpandaKārNir zu SpandaKār, Tṛtīyo niḥṣyandaḥ, 13.2: 34 22 0;iti ||;PARTLY;+ iti - vidhu;"Spandakārikānirṇaya" SpandaKārNir zu SpandaKār, Tṛtīyo niḥṣyandaḥ, 14.2: 35 8 0;iti ||;PARTLY;+ iti - vidhu;"Smaradīpikā" Smaradīpikā, 1: 1 67 2;kakṣākaṇṭhakapolamaṇḍalakucaśroṇīṣu deyā nakhāḥ sīmante śikharaṃ nakhair urasijau gṛhṇīta gāḍhaṃ tataḥ ||;PARTLY;+  - vidhu;"Smaradīpikā" Smaradīpikā, 1: 1 161 1;āsīne lālayed bālāṃ taruṇīṃ śayane tathā |;PARTLY;+  - vidhu;"Yogasūtra" YS, 1: 1 44 1;etayaiva savicārā nirvicārā ca sūkṣmaviṣayā vyākhyātā ||;PARTLY;+ ca - vidhu;"Yogasūtra" YS, 3: 3 19 1;pratyayasya paracittajñānam ||;PARTLY;+ pratyaya - vidhu;"Yogasūtra" YS, 3: 3 30 1;kaṇṭhakūpe kṣutpipāsānivṛttiḥ ||;PARTLY;+ kaṇṭhakūpa - vidhu;"Yogasūtra" YS, 3: 3 32 1;mūrdhajyotiṣi siddhadarśanam ||;PARTLY;+ mūrdhajyotis - vidhu;"Carakasaṃhitā" Ca, 1, 11: 11 6 5;iti |;PARTLY;+ iti - vidhu;"Carakasaṃhitā" Ca, 1, 30: 30 52 1;śarīrasaṃkhyā sūtraṃ ca jāter aṣṭamamucyate |;PARTLY;+  - vidhu;"Carakasaṃhitā" Ca, 4, 8: 54 8 3;iti |;PARTLY;+ iti - vidhu;"Carakasaṃhitā" Ca, 4, 8: 54 39 7;iti ||;PARTLY;+ iti - vidhu;"Carakasaṃhitā" Ca, 6, 10: 74 238 2;kruddhaḥ kṣīrāśayaṃ prāpya rasaṃ *stanyasya dūṣayet ||;PARTLY;+  - vidhu;"Commentary on the Kādambarīsvīkaraṇasūtramañjarī" KādSvīSComm zu KādSvīS, 26.1: 25 3 0;kiṃca ||;PARTLY;+ kiṁca - vidhu;"Sātvatatantra" SātT, 6: 6 13 2;nityānando nityamukto nirīho nispṛhapriyaḥ ||;PARTLY;+ nirīha - vidhu;"Sātvatatantra" SātT, 6: 6 40 1;mahākūrmo viśvakāyaḥ śeṣabhṛk sarvapālakaḥ |;PARTLY;+ mahākūrma - vidhu;"Sātvatatantra" SātT, 6: 6 100 2;tanūdarārpitajaganmṛkaṇḍatanayaḥ khagaḥ ||;PARTLY;+ khaga - vidhu;"Sātvatatantra" SātT, 6: 6 112 1;lasadgaṇḍasthalīhaimamaulimālāvibhūṣitaḥ |;PARTLY;+  - vidhu;"Sātvatatantra" SātT, 6: 6 156 2;syamantakanimittātmabhaktarkṣādhipajit śuciḥ ||;PARTLY;+ śuci - vidhu;"Sātvatatantra" SātT, 6: 6 189 1;mumukṣumuktaviṣayijanānandakaro yaśaḥ |;PARTLY;+ yaśas - vidhu;"Janmamaraṇavicāra" JanMVic, 1: 1 9 3;iti ||;PARTLY;+ iti - vidhu;"Janmamaraṇavicāra" JanMVic, 1: 1 13 3;ityādi ||;PARTLY;+ ityādi - vidhu;"Janmamaraṇavicāra" JanMVic, 1: 1 17 4;iti ||;PARTLY;+ iti - vidhu;"Janmamaraṇavicāra" JanMVic, 1: 1 20 1;tathā |;PARTLY;+ tathā - vidhu;"Janmamaraṇavicāra" JanMVic, 1: 1 27 0;iti ||;PARTLY;+ iti - vidhu;"Janmamaraṇavicāra" JanMVic, 1: 1 40 0;iti ||;PARTLY;+ iti - vidhu;"Janmamaraṇavicāra" JanMVic, 1: 1 47 1;iti ||;PARTLY;+ iti - vidhu;"Janmamaraṇavicāra" JanMVic, 1: 1 55 0;iti ||;PARTLY;+ iti - vidhu;"Janmamaraṇavicāra" JanMVic, 1: 1 67 0;iti ||;PARTLY;+ iti - vidhu;"Janmamaraṇavicāra" JanMVic, 1: 1 71 0;iti ||;PARTLY;+ iti - vidhu;"Janmamaraṇavicāra" JanMVic, 1: 1 80 0;iti ||;PARTLY;+ iti - vidhu;"Janmamaraṇavicāra" JanMVic, 1: 1 88 0;iti ||;PARTLY;+ iti - vidhu;"Janmamaraṇavicāra" JanMVic, 1: 1 100 3;iti ||;PARTLY;+ iti - vidhu;"Janmamaraṇavicāra" JanMVic, 1: 1 107 0;iti ||;PARTLY;+ iti - vidhu;"Janmamaraṇavicāra" JanMVic, 1: 1 113 0;iti ||;PARTLY;+ iti - vidhu;"Janmamaraṇavicāra" JanMVic, 1: 1 125 0;iti ||;PARTLY;+ iti - vidhu;"Janmamaraṇavicāra" JanMVic, 1: 1 128 4;iti ||;PARTLY;+ iti - vidhu;"Janmamaraṇavicāra" JanMVic, 1: 1 133 3;iti ||;PARTLY;+ iti - vidhu;"Janmamaraṇavicāra" JanMVic, 1: 1 139 2;iti ||;PARTLY;+ iti - vidhu;"Janmamaraṇavicāra" JanMVic, 1: 1 148 3;iti ||;PARTLY;+ iti - vidhu;"Janmamaraṇavicāra" JanMVic, 1: 1 151 3;iti ||;PARTLY;+ iti - vidhu;"Janmamaraṇavicāra" JanMVic, 1: 1 155 3;iti ||;PARTLY;+ iti - vidhu;"Janmamaraṇavicāra" JanMVic, 1: 1 157 3;iti ||;PARTLY;+ iti - vidhu;"Janmamaraṇavicāra" JanMVic, 1: 1 158 4;iti ||;PARTLY;+ iti - vidhu;"Janmamaraṇavicāra" JanMVic, 1: 1 159 4;iti ||;PARTLY;+ iti - vidhu;"Janmamaraṇavicāra" JanMVic, 1: 1 162 3;iti ||;PARTLY;+ iti - vidhu;"Janmamaraṇavicāra" JanMVic, 1: 1 163 4;iti ||;PARTLY;+ iti - vidhu;"Janmamaraṇavicāra" JanMVic, 1: 1 164 1;tathā |;PARTLY;+ tathā - vidhu;"Janmamaraṇavicāra" JanMVic, 1: 1 166 3;iti ||;PARTLY;+ iti - vidhu;"Janmamaraṇavicāra" JanMVic, 1: 1 172 2;iti ||;PARTLY;+ iti - vidhu;"Janmamaraṇavicāra" JanMVic, 1: 1 175 2;iti ||;PARTLY;+ iti - vidhu;"Janmamaraṇavicāra" JanMVic, 1: 1 181 2;iti ||;PARTLY;+ iti - vidhu;"Janmamaraṇavicāra" JanMVic, 1: 1 185 4;iti ||;PARTLY;+ iti - vidhu;"Janmamaraṇavicāra" JanMVic, 1: 1 192 1;tilakam ||;PARTLY;+ tilaka - vidhu;"Kauśikasūtra" Kauśikasūtra, 1, 7: 7 20 0;āśayati ||;PARTLY;+ āśay - vidhu;"Kauśikasūtra" Kauśikasūtra, 1, 8: 8 15 0;palāśodumbarajambukāmpīlasragvaṅghaśirīṣasraktyavaraṇabilvajaṅgiḍakuṭakagarhyagalāvalavetasaśimbalasipunasyandanāraṇikāśmayoktatunyupūtudāravaḥ śāntāḥ ||;PARTLY;+ śam - vidhu;"Kauśikasūtra" Kauśikasūtra, 1, 8: 8 16 0;citiprāyaścittiśamīśamakāsavaṃśāśāmyavākātalāśapalāśavāśāśiṃśapāśimbalasipunadarbhāpāmārgākṛtiloṣṭavalmīkavapādūrvāprāntavrīhiyavāḥ śāntāḥ ||;PARTLY;+ śam - vidhu;"Kauśikasūtra" Kauśikasūtra, 2, 1: 10 3 0;āśayati ||;PARTLY;+ āśay - vidhu;"Kauśikasūtra" Kauśikasūtra, 2, 1: 10 5 0;āvapati ||;PARTLY;+ āvap - vidhu;"Kauśikasūtra" Kauśikasūtra, 2, 1: 10 6 0;bhakṣayati ||;PARTLY;+ bhakṣay - vidhu;"Kauśikasūtra" Kauśikasūtra, 2, 2: 11 13 0;upatiṣṭhate ||;PARTLY;+ upasthā - vidhu;"Kauśikasūtra" Kauśikasūtra, 2, 2: 11 15 0;pṛśnimanthaḥ ||;PARTLY;+ pṛśnimantha - vidhu;"Kauśikasūtra" Kauśikasūtra, 2, 4: 13 10 0;avasiñcati ||;PARTLY;+ avasic - vidhu;"Kauśikasūtra" Kauśikasūtra, 2, 5: 14 4 0;vāditraiḥ ||;PARTLY;+ vāditra - vidhu;"Kauśikasūtra" Kauśikasūtra, 2, 5: 14 16 0;anvāha ||;PARTLY;+ anvah - vidhu;"Kauśikasūtra" Kauśikasūtra, 2, 8: 17 5 0;viparidadhāne ||;PARTLY;+ viparidhā - vidhu;"Kauśikasūtra" Kauśikasūtra, 2, 8: 17 8 0;āśayati ||;PARTLY;+ āśay - vidhu;"Kauśikasūtra" Kauśikasūtra, 2, 8: 17 20 0;pratipadyate ||;PARTLY;+ pratipad - vidhu;"Kauśikasūtra" Kauśikasūtra, 2, 8: 17 21 0;āśayati ||;PARTLY;+ āśay - vidhu;"Kauśikasūtra" Kauśikasūtra, 3, 1: 18 8 0;aśnāti ||;PARTLY;+ aś - vidhu;"Kauśikasūtra" Kauśikasūtra, 3, 1: 18 19 0;pūrvasya citrākarma ||;PARTLY;+ pūrva - vidhu;"Kauśikasūtra" Kauśikasūtra, 3, 4: 21 6 0;anumantrayate ||;PARTLY;+ anumantray - vidhu;"Kauśikasūtra" Kauśikasūtra, 4, 3: 25 8 0;avasiñcati ||;PARTLY;+ avasic - vidhu;"Kauśikasūtra" Kauśikasūtra, 4, 3: 25 16 0;pratapati ||;PARTLY;+ pratap - vidhu;"Kauśikasūtra" Kauśikasūtra, 4, 3: 25 17 0;ādadhāti ||;PARTLY;+ ādhā - vidhu;"Kauśikasūtra" Kauśikasūtra, 4, 3: 25 19 0;saṃmṛdnāti ||;PARTLY;+ sammṛd - vidhu;"Kauśikasūtra" Kauśikasūtra, 4, 3: 25 20 0;ādadhāti ||;PARTLY;+ ādhā - vidhu;"Kauśikasūtra" Kauśikasūtra, 6, 1: 26 4 0;savyāni ||;PARTLY;+ savya - vidhu;"Kauśikasūtra" Kauśikasūtra, 6, 1: 26 57 0;anvāha ||;PARTLY;+ anvah - vidhu;"Kauśikasūtra" Kauśikasūtra, 7, 1: 27 9 0;pāyayati ||;PARTLY;+ pāyay - vidhu;"Kauśikasūtra" Kauśikasūtra, 7, 1: 27 20 0;nikhanati ||;PARTLY;+ nikhan - vidhu;"Kauśikasūtra" Kauśikasūtra, 7, 1: 27 21 0;ādadhāti ||;PARTLY;+ ādhā - vidhu;"Kauśikasūtra" Kauśikasūtra, 7, 3: 29 2 0;prayacchati ||;PARTLY;+ prayam - vidhu;"Kauśikasūtra" Kauśikasūtra, 7, 3: 29 21 0;āśayati ||;PARTLY;+ āśay - vidhu;"Kauśikasūtra" Kauśikasūtra, 7, 10: 31 2 0;upatiṣṭhate ||;PARTLY;+ upasthā - vidhu;"Uḍḍāmareśvaratantra" UḍḍT, 9: 9 30 1;hebhirihebherihe |;PARTLY;+ hebhirihebherihe - vidhu;"Uḍḍāmareśvaratantra" UḍḍT, 14: 14 4 2;iti pūrvakhaṅgabhedaḥ ||;PARTLY;+ iti - vidhu;"Ṭikanikayātrā" Ṭikanikayātrā, 9: 9 21 1;bhāradvājamayūcāpanakulāvalokanaṃ dhanyaḥ |;PARTLY;+ dhanya - vidhu;"Pāśupatasūtra" PāśupSūtra, 1: 1 4 0;anusnānam ||;PARTLY;+ anusnāna - vidhu;"Pāśupatasūtra" PāśupSūtra, 1: 1 5 0;nirmālyam ||;PARTLY;+ nirmālya - vidhu;"Pāśupatasūtra" PāśupSūtra, 1: 1 15 0;upaspṛśya ||;PARTLY;+ upaspṛś - vidhu;"Pāśupatasūtra" PāśupSūtra, 1: 1 19 1;carataḥ ||;PARTLY;+ car - vidhu;"Pāśupatasūtra" PāśupSūtra, 1: 1 24 0;kāmarūpitvam ||;PARTLY;+ kāmarūpitva - vidhu;"Pāśupatasūtra" PāśupSūtra, 1: 1 25 0;vikaraṇaḥ ||;PARTLY;+ vikaraṇa - vidhu;"Pāśupatasūtra" PāśupSūtra, 1: 1 33 0;abhītaḥ ||;PARTLY;+ abhīta - vidhu;"Pāśupatasūtra" PāśupSūtra, 1: 1 34 0;akṣayaḥ ||;PARTLY;+ akṣaya - vidhu;"Pāśupatasūtra" PāśupSūtra, 1: 1 35 0;ajaraḥ ||;PARTLY;+ ajara - vidhu;"Pāśupatasūtra" PāśupSūtra, 1: 1 36 1;amaraḥ ||;PARTLY;+ amara - vidhu;"Pāśupatasūtra" PāśupSūtra, 1: 1 44 0;bhavodbhavaḥ ||;PARTLY;+ bhavodbhava - vidhu;"Pāśupatasūtra" PāśupSūtra, 2: 2 1 1;vāmaḥ ||;PARTLY;+ vāma - vidhu;"Pāśupatasūtra" PāśupSūtra, 2: 2 2 0;devasya ||;PARTLY;+ deva - vidhu;"Pāśupatasūtra" PāśupSūtra, 2: 2 3 0;jyeṣṭhasya ||;PARTLY;+ jyeṣṭha - vidhu;"Pāśupatasūtra" PāśupSūtra, 2: 2 4 0;rudrasya ||;PARTLY;+ rudra - vidhu;"Pāśupatasūtra" PāśupSūtra, 2: 2 13 0;caryāyāṃ caryāyām ||;PARTLY;+ caryā - vidhu;"Pāśupatasūtra" PāśupSūtra, 2: 2 18 0;tasmāt ||;PARTLY;+ tad - vidhu;"Pāśupatasūtra" PāśupSūtra, 3: 3 3 0;avamataḥ ||;PARTLY;+ avaman - vidhu;"Pāśupatasūtra" PāśupSūtra, 3: 3 10 0;tasmāt ||;PARTLY;+ tad - vidhu;"Pāśupatasūtra" PāśupSūtra, 3: 3 12 0;krātheta vā ||;PARTLY;+ vā - vidhu;"Pāśupatasūtra" PāśupSūtra, 3: 3 21 0;aghorebhyaḥ ||;PARTLY;+ aghora - vidhu;"Pāśupatasūtra" PāśupSūtra, 3: 3 24 0;sarvebhyaḥ ||;PARTLY;+ sarva - vidhu;"Pāśupatasūtra" PāśupSūtra, 4: 4 5 0;buddhyā ||;PARTLY;+ buddhi - vidhu;"Pāśupatasūtra" PāśupSūtra, 4: 4 15 0;aninditakarmā ||;PARTLY;+ aninditakarman - vidhu;"Pāśupatasūtra" PāśupSūtra, 5: 5 1 1;asaṅgaḥ ||;PARTLY;+ asaṅga - vidhu;"Pāśupatasūtra" PāśupSūtra, 5: 5 2 0;yogī ||;PARTLY;+ yogin - vidhu;"Pāśupatasūtra" PāśupSūtra, 5: 5 4 0;ajaḥ ||;PARTLY;+ aja - vidhu;"Pāśupatasūtra" PāśupSūtra, 5: 5 5 0;maitraḥ ||;PARTLY;+ maitra - vidhu;"Pāśupatasūtra" PāśupSūtra, 5: 5 28 0;maheśvaraḥ ||;PARTLY;+ maheśvara - vidhu;"Pāśupatasūtra" PāśupSūtra, 5: 5 35 0;buddhyā ||;PARTLY;+ buddhi - vidhu;"Pāśupatasūtra" PāśupSūtra, 5: 5 36 0;saṃcittam ||;PARTLY;+ saṁcit - vidhu;"Pañcārthabhāṣya" PABh zu PāśupSūtra, 1, 1: 1 40 2;kasmāt |;PARTLY;+ kasmāt - vidhu;"Pañcārthabhāṣya" PABh zu PāśupSūtra, 1, 1: 1 40 8;katham |;PARTLY;+ katham - vidhu;"Pañcārthabhāṣya" PABh zu PāśupSūtra, 1, 1: 1 41 1;paśupatiḥ |;PARTLY;+ paśupati - vidhu;"Pañcārthabhāṣya" PABh zu PāśupSūtra, 1, 1: 1 42 9;kasmāt |;PARTLY;+ kasmāt - vidhu;"Pañcārthabhāṣya" PABh zu PāśupSūtra, 1, 1: 1 42 12;evaṃ ||;PARTLY;+ evam - vidhu;"Pañcārthabhāṣya" PABh zu PāśupSūtra, 1, 1: 1 43 19;ucyate |;PARTLY;+ vac - vidhu;"Pañcārthabhāṣya" PABh zu PāśupSūtra, 1, 1: 1 43 24;kasmāt |;PARTLY;+ kasmāt - vidhu;"Pañcārthabhāṣya" PABh zu PāśupSūtra, 1, 1: 1 50 0;khyā prakathane ||;PARTLY;+ prakathana - vidhu;"Pañcārthabhāṣya" PABh zu PāśupSūtra, 1, 2: 2 24 0;kasmāt ||;PARTLY;+ kasmāt - vidhu;"Pañcārthabhāṣya" PABh zu PāśupSūtra, 1, 2: 2 28 0;ucyate ||;PARTLY;+ vac - vidhu;"Pañcārthabhāṣya" PABh zu PāśupSūtra, 1, 8: 8 21 0;upatiṣṭhet ||;PARTLY;+ upasthā - vidhu;"Pañcārthabhāṣya" PABh zu PāśupSūtra, 1, 9: 9 41 0;kasmāt ||;PARTLY;+ kasmāt - vidhu;"Pañcārthabhāṣya" PABh zu PāśupSūtra, 1, 9: 9 45 0;kasmāt ||;PARTLY;+ kasmāt - vidhu;"Pañcārthabhāṣya" PABh zu PāśupSūtra, 1, 9: 9 58 0;kasmāt ||;PARTLY;+ kasmāt - vidhu;"Pañcārthabhāṣya" PABh zu PāśupSūtra, 1, 9: 9 68 0;kasmāt ||;PARTLY;+ kasmāt - vidhu;"Pañcārthabhāṣya" PABh zu PāśupSūtra, 1, 9: 9 88 0;kasmāt ||;PARTLY;+ kasmāt - vidhu;"Pañcārthabhāṣya" PABh zu PāśupSūtra, 1, 9: 9 96 0;katham ||;PARTLY;+ katham - vidhu;"Pañcārthabhāṣya" PABh zu PāśupSūtra, 1, 9: 9 122 0;kasmāt ||;PARTLY;+ kasmāt - vidhu;"Pañcārthabhāṣya" PABh zu PāśupSūtra, 1, 9: 9 125 0;kasmāt ||;PARTLY;+ kasmāt - vidhu;"Pañcārthabhāṣya" PABh zu PāśupSūtra, 1, 9: 9 128 0;kasmāt ||;PARTLY;+ kasmāt - vidhu;"Pañcārthabhāṣya" PABh zu PāśupSūtra, 1, 9: 9 134 0;kasmāt ||;PARTLY;+ kasmāt - vidhu;"Pañcārthabhāṣya" PABh zu PāśupSūtra, 1, 9: 9 138 0;kasmāt ||;PARTLY;+ kasmāt - vidhu;"Pañcārthabhāṣya" PABh zu PāśupSūtra, 1, 9: 9 154 0;kasmāt ||;PARTLY;+ kasmāt - vidhu;"Pañcārthabhāṣya" PABh zu PāśupSūtra, 1, 9: 9 177 0;kasmāt ||;PARTLY;+ kasmāt - vidhu;"Pañcārthabhāṣya" PABh zu PāśupSūtra, 1, 9: 9 194 0;kasmāt ||;PARTLY;+ kasmāt - vidhu;"Pañcārthabhāṣya" PABh zu PāśupSūtra, 1, 9: 9 213 0;kasmāt ||;PARTLY;+ kasmāt - vidhu;"Pañcārthabhāṣya" PABh zu PāśupSūtra, 1, 9: 9 237 0;kasmāt ||;PARTLY;+ kasmāt - vidhu;"Pañcārthabhāṣya" PABh zu PāśupSūtra, 1, 9: 9 243 0;kasmāt ||;PARTLY;+ kasmāt - vidhu;"Pañcārthabhāṣya" PABh zu PāśupSūtra, 1, 9: 9 252 0;kasmāt ||;PARTLY;+ ka - vidhu;"Pañcārthabhāṣya" PABh zu PāśupSūtra, 1, 9: 9 270 0;kasmāt ||;PARTLY;+ ka - vidhu;"Pañcārthabhāṣya" PABh zu PāśupSūtra, 1, 9: 9 275 1;kasmāt |;PARTLY;+ ka - vidhu;"Pañcārthabhāṣya" PABh zu PāśupSūtra, 1, 9: 9 301 0;kasmāt ||;PARTLY;+ ka - vidhu;"Pañcārthabhāṣya" PABh zu PāśupSūtra, 1, 9: 9 325 0;yasmād āha ||;PARTLY;+ ah - vidhu;"Pañcārthabhāṣya" PABh zu PāśupSūtra, 1, 11: 12 2 3;yasmāt ||;PARTLY;+ yad - vidhu;"Pañcārthabhāṣya" PABh zu PāśupSūtra, 1, 12: 13 9 0;īkṣa darśane ||;PARTLY;+ darśana - vidhu;"Pañcārthabhāṣya" PABh zu PāśupSūtra, 1, 14: 15 7 0;yasmāt ||;PARTLY;+ yad - vidhu;"Pañcārthabhāṣya" PABh zu PāśupSūtra, 1, 15: 16 7 0;kasmāt ||;PARTLY;+ ka - vidhu;"Pañcārthabhāṣya" PABh zu PāśupSūtra, 1, 16: 17 4 0;kasmāt ||;PARTLY;+ ka - vidhu;"Pañcārthabhāṣya" PABh zu PāśupSūtra, 1, 16: 17 15 0;ana prāṇane ||;PARTLY;+ prāṇana - vidhu;"Pañcārthabhāṣya" PABh zu PāśupSūtra, 1, 16: 17 18 0;bandhayitavyāḥ ||;PARTLY;+ bandhay - vidhu;"Pañcārthabhāṣya" PABh zu PāśupSūtra, 1, 18: 19 1 0;iti ||;PARTLY;+ iti - vidhu;"Pañcārthabhāṣya" PABh zu PāśupSūtra, 1, 20: 21 12 0;viṣayebhyaḥ ||;PARTLY;+ viṣaya - vidhu;"Pañcārthabhāṣya" PABh zu PāśupSūtra, 1, 20: 21 15 0;kramaśaḥ ||;PARTLY;+ kramaśas - vidhu;"Pañcārthabhāṣya" PABh zu PāśupSūtra, 1, 23: 24 5 0;āha ||;PARTLY;+ ah - vidhu;"Pañcārthabhāṣya" PABh zu PāśupSūtra, 1, 23: 24 11 0;kasmāt ||;PARTLY;+ ka - vidhu;"Pañcārthabhāṣya" PABh zu PāśupSūtra, 1, 24: 25 6 0;katham ||;PARTLY;+ katham - vidhu;"Pañcārthabhāṣya" PABh zu PāśupSūtra, 1, 24: 25 14 0;kasmāt ||;PARTLY;+ ka - vidhu;"Pañcārthabhāṣya" PABh zu PāśupSūtra, 1, 24: 25 25 0;ucyate ||;PARTLY;+ vac - vidhu;"Pañcārthabhāṣya" PABh zu PāśupSūtra, 1, 25: 26 5 0;kasmāt ||;PARTLY;+ ka - vidhu;"Pañcārthabhāṣya" PABh zu PāśupSūtra, 1, 26: 27 3 0;kutaḥ ||;PARTLY;+ kutas - vidhu;"Pañcārthabhāṣya" PABh zu PāśupSūtra, 1, 29: 30 5 0;viśa praveśane ||;PARTLY;+ praveśana - vidhu;"Pañcārthabhāṣya" PABh zu PāśupSūtra, 1, 35: 36 3 0;kasmāt ||;PARTLY;+ ka - vidhu;"Pañcārthabhāṣya" PABh zu PāśupSūtra, 1, 36.1: 37 2 0;mṛṅ prāṇatyāge ||;PARTLY;+ prāṇatyāga - vidhu;"Pañcārthabhāṣya" PABh zu PāśupSūtra, 1, 36.1: 37 4 0;kasmāt ||;PARTLY;+ ka - vidhu;"Pañcārthabhāṣya" PABh zu PāśupSūtra, 1, 36.1: 37 9 0;āha ||;PARTLY;+ ah - vidhu;"Pañcārthabhāṣya" PABh zu PāśupSūtra, 1, 39: 40 12 0;katham ||;PARTLY;+ katham - vidhu;"Pañcārthabhāṣya" PABh zu PāśupSūtra, 1, 40: 41 5 0;kasmāt ||;PARTLY;+ ka - vidhu;"Pañcārthabhāṣya" PABh zu PāśupSūtra, 1, 40: 41 18 0;kasmāt ||;PARTLY;+ ka - vidhu;"Pañcārthabhāṣya" PABh zu PāśupSūtra, 2, 2: 47 1 0;iti ||;PARTLY;+ iti - vidhu;"Pañcārthabhāṣya" PABh zu PāśupSūtra, 2, 3: 48 1 0;iti ||;PARTLY;+ iti - vidhu;"Pañcārthabhāṣya" PABh zu PāśupSūtra, 2, 4: 49 1 0;iti ||;PARTLY;+ iti - vidhu;"Pañcārthabhāṣya" PABh zu PāśupSūtra, 2, 4: 49 9 0;ucyate ||;PARTLY;+ vac - vidhu;"Pañcārthabhāṣya" PABh zu PāśupSūtra, 2, 5: 50 39 0;kasmāt ||;PARTLY;+ ka - vidhu;"Pañcārthabhāṣya" PABh zu PāśupSūtra, 2, 5: 50 44 0;kasmāt ||;PARTLY;+ ka - vidhu;"Pañcārthabhāṣya" PABh zu PāśupSūtra, 2, 6: 51 7 0;kasmāt ||;PARTLY;+ ka - vidhu;"Pañcārthabhāṣya" PABh zu PāśupSūtra, 2, 6: 51 8 0;kāmitvāt ||;PARTLY;+ kāmitva - vidhu;"Pañcārthabhāṣya" PABh zu PāśupSūtra, 2, 6: 51 21 0;cakṣiṅ kathane ||;PARTLY;+ kathana - vidhu;"Pañcārthabhāṣya" PABh zu PāśupSūtra, 2, 7: 52 14 0;na ||;PARTLY;+ na - vidhu;"Pañcārthabhāṣya" PABh zu PāśupSūtra, 2, 9: 54 1 0;iti ||;PARTLY;+ iti - vidhu;"Pañcārthabhāṣya" PABh zu PāśupSūtra, 2, 11: 56 9 0;vidhivat ||;PARTLY;+ vidhivat - vidhu;"Pañcārthabhāṣya" PABh zu PāśupSūtra, 2, 11: 56 20 0;kasmāt ||;PARTLY;+ ka - vidhu;"Pañcārthabhāṣya" PABh zu PāśupSūtra, 2, 12: 57 1 0;iti ||;PARTLY;+ iti - vidhu;"Pañcārthabhāṣya" PABh zu PāśupSūtra, 2, 12: 57 5 1;kasmāt ||;PARTLY;+ ka - vidhu;"Pañcārthabhāṣya" PABh zu PāśupSūtra, 2, 12: 57 8 0;kasmāt ||;PARTLY;+ ka - vidhu;"Pañcārthabhāṣya" PABh zu PāśupSūtra, 2, 12: 57 21 0;kasmāt ||;PARTLY;+ ka - vidhu;"Pañcārthabhāṣya" PABh zu PāśupSūtra, 2, 13: 58 5 0;iti ||;PARTLY;+ iti - vidhu;"Pañcārthabhāṣya" PABh zu PāśupSūtra, 2, 15: 60 2 0;kasmāt ||;PARTLY;+ ka - vidhu;"Pañcārthabhāṣya" PABh zu PāśupSūtra, 2, 15: 60 6 0;kasmāt ||;PARTLY;+ ka - vidhu;"Pañcārthabhāṣya" PABh zu PāśupSūtra, 2, 15: 60 11 0;kasmāt ||;PARTLY;+ ka - vidhu;"Pañcārthabhāṣya" PABh zu PāśupSūtra, 2, 15: 60 16 0;kasmāt ||;PARTLY;+ ka - vidhu;"Pañcārthabhāṣya" PABh zu PāśupSūtra, 2, 17: 62 10 0;gamayate ||;PARTLY;+ gamay - vidhu;"Pañcārthabhāṣya" PABh zu PāśupSūtra, 2, 18: 63 1 0;iti ||;PARTLY;+ iti - vidhu;"Pañcārthabhāṣya" PABh zu PāśupSūtra, 2, 19: 64 2 0;katham ||;PARTLY;+ katham - vidhu;"Pañcārthabhāṣya" PABh zu PāśupSūtra, 2, 20: 65 4 0;katham ||;PARTLY;+ katham - vidhu;"Pañcārthabhāṣya" PABh zu PāśupSūtra, 2, 21: 66 1 0;iti ||;PARTLY;+ iti - vidhu;"Pañcārthabhāṣya" PABh zu PāśupSūtra, 2, 22.1: 67 1 0;iti ||;PARTLY;+ iti - vidhu;"Pañcārthabhāṣya" PABh zu PāśupSūtra, 2, 23: 68 11 0;kasmāt ||;PARTLY;+ ka - vidhu;"Pañcārthabhāṣya" PABh zu PāśupSūtra, 2, 23: 68 14 0;kasmāt ||;PARTLY;+ ka - vidhu;"Pañcārthabhāṣya" PABh zu PāśupSūtra, 2, 23: 68 18 0;kasmāt ||;PARTLY;+ ka - vidhu;"Pañcārthabhāṣya" PABh zu PāśupSūtra, 2, 24: 69 8 0;kasmāt ||;PARTLY;+ ka - vidhu;"Pañcārthabhāṣya" PABh zu PāśupSūtra, 2, 26: 71 5 0;śamu damu upaśame ||;PARTLY;+ upaśama - vidhu;"Pañcārthabhāṣya" PABh zu PāśupSūtra, 3, 1.1: 73 1 0;iti ||;PARTLY;+ iti - vidhu;"Pañcārthabhāṣya" PABh zu PāśupSūtra, 3, 4: 76 4 0;kasmāt ||;PARTLY;+ ka - vidhu;"Pañcārthabhāṣya" PABh zu PāśupSūtra, 3, 9: 81 7 0;ādatte ||;PARTLY;+ ādā - vidhu;"Pañcārthabhāṣya" PABh zu PāśupSūtra, 3, 9: 81 8 0;ā grahaṇe ||;PARTLY;+ grahaṇa - vidhu;"Pañcārthabhāṣya" PABh zu PāśupSūtra, 3, 10: 82 1 1;iti |;PARTLY;+ iti - vidhu;"Pañcārthabhāṣya" PABh zu PāśupSūtra, 3, 10: 82 2 0;katham ||;PARTLY;+ katham - vidhu;"Pañcārthabhāṣya" PABh zu PāśupSūtra, 3, 11: 83 2 0;kasmāt ||;PARTLY;+ ka - vidhu;"Pañcārthabhāṣya" PABh zu PāśupSūtra, 3, 13: 85 2 0;kasmāt ||;PARTLY;+ ka - vidhu;"Pañcārthabhāṣya" PABh zu PāśupSūtra, 3, 15: 87 2 0;katham ||;PARTLY;+ katham - vidhu;"Pañcārthabhāṣya" PABh zu PāśupSūtra, 3, 15: 87 14 0;kasmāt ||;PARTLY;+ ka - vidhu;"Pañcārthabhāṣya" PABh zu PāśupSūtra, 3, 15: 87 16 0;kasmāt ||;PARTLY;+ ka - vidhu;"Pañcārthabhāṣya" PABh zu PāśupSūtra, 3, 20: 92 1 0;iti ||;PARTLY;+ iti - vidhu;"Pañcārthabhāṣya" PABh zu PāśupSūtra, 3, 21: 93 2 0;katham ||;PARTLY;+ katham - vidhu;"Pañcārthabhāṣya" PABh zu PāśupSūtra, 3, 23.1: 95 3 0;tara viśeṣaṇe ||;PARTLY;+ viśeṣaṇa - vidhu;"Pañcārthabhāṣya" PABh zu PāśupSūtra, 3, 26: 98 10 0;kasmāt ||;PARTLY;+ ka - vidhu;"Pañcārthabhāṣya" PABh zu PāśupSūtra, 4, 1: 99 1 0;guhū rakṣaṇe ||;PARTLY;+ rakṣaṇa - vidhu;"Pañcārthabhāṣya" PABh zu PāśupSūtra, 4, 1: 99 23 0;katham ||;PARTLY;+ katham - vidhu;"Pañcārthabhāṣya" PABh zu PāśupSūtra, 4, 2: 100 3 0;kasmāt ||;PARTLY;+ ka - vidhu;"Pañcārthabhāṣya" PABh zu PāśupSūtra, 4, 3: 101 8 1;tathā |;PARTLY;+ tathā - vidhu;"Pañcārthabhāṣya" PABh zu PāśupSūtra, 4, 4: 102 1 0;iti ||;PARTLY;+ iti - vidhu;"Pañcārthabhāṣya" PABh zu PāśupSūtra, 4, 4: 102 8 0;katham ||;PARTLY;+ katham - vidhu;"Pañcārthabhāṣya" PABh zu PāśupSūtra, 4, 5: 103 16 0;ucyate ||;PARTLY;+ vac - vidhu;"Pañcārthabhāṣya" PABh zu PāśupSūtra, 4, 6: 104 2 1;atra |;PARTLY;+ atra - vidhu;"Pañcārthabhāṣya" PABh zu PāśupSūtra, 4, 6: 104 14 0;atra virvistare ||;PARTLY;+ atra - vidhu;"Pañcārthabhāṣya" PABh zu PāśupSūtra, 4, 6: 104 21 0;kasmāt ||;PARTLY;+ ka - vidhu;"Pañcārthabhāṣya" PABh zu PāśupSūtra, 4, 7.1: 105 29 0;iti ||;PARTLY;+ iti - vidhu;"Pañcārthabhāṣya" PABh zu PāśupSūtra, 4, 8: 106 11 0;janī prādurbhāve ||;PARTLY;+ prādurbhāva - vidhu;"Pañcārthabhāṣya" PABh zu PāśupSūtra, 4, 9: 107 27 0;śreṣṭhaḥ ||;PARTLY;+ śreṣṭha - vidhu;"Pañcārthabhāṣya" PABh zu PāśupSūtra, 4, 10: 108 30 0;kasmāt ||;PARTLY;+ ka - vidhu;"Pañcārthabhāṣya" PABh zu PāśupSūtra, 4, 11: 109 6 0;ucyate ||;PARTLY;+ vac - vidhu;"Pañcārthabhāṣya" PABh zu PāśupSūtra, 4, 17: 115 1 1;kasmāt |;PARTLY;+ ka - vidhu;"Pañcārthabhāṣya" PABh zu PāśupSūtra, 4, 18: 116 2 0;kasmāt ||;PARTLY;+ ka - vidhu;"Pañcārthabhāṣya" PABh zu PāśupSūtra, 4, 18: 116 10 0;na ||;PARTLY;+ na - vidhu;"Pañcārthabhāṣya" PABh zu PāśupSūtra, 4, 20: 118 7 0;kasmāt ||;PARTLY;+ ka - vidhu;"Pañcārthabhāṣya" PABh zu PāśupSūtra, 4, 22: 120 8 0;vida jñāne ||;PARTLY;+ jñāna - vidhu;"Pañcārthabhāṣya" PABh zu PāśupSūtra, 4, 23: 121 3 0;dhīṅ saṃśleṣaṇe ||;PARTLY;+ saṁśleṣaṇa - vidhu;"Pañcārthabhāṣya" PABh zu PāśupSūtra, 4, 24: 122 7 0;cuda preraṇe ||;PARTLY;+ preraṇa - vidhu;"Pañcārthabhāṣya" PABh zu PāśupSūtra, 5, 2: 124 1 0;iti ||;PARTLY;+ iti - vidhu;"Pañcārthabhāṣya" PABh zu PāśupSūtra, 5, 2: 124 4 0;iti ||;PARTLY;+ iti - vidhu;"Pañcārthabhāṣya" PABh zu PāśupSūtra, 5, 2: 124 6 0;na ||;PARTLY;+ na - vidhu;"Pañcārthabhāṣya" PABh zu PāśupSūtra, 5, 3: 125 14 1;iti |;PARTLY;+ iti - vidhu;"Pañcārthabhāṣya" PABh zu PāśupSūtra, 5, 4: 126 5 0;na ||;PARTLY;+ na - vidhu;"Pañcārthabhāṣya" PABh zu PāśupSūtra, 5, 6: 128 6 0;janī prādurbhāve ||;PARTLY;+ prādurbhāva - vidhu;"Pañcārthabhāṣya" PABh zu PāśupSūtra, 5, 6: 128 9 0;ucyate ||;PARTLY;+ vac - vidhu;"Pañcārthabhāṣya" PABh zu PāśupSūtra, 5, 7: 129 24 0;kasmāt ||;PARTLY;+ ka - vidhu;"Pañcārthabhāṣya" PABh zu PāśupSūtra, 5, 8: 130 10 0;kasmāt ||;PARTLY;+ ka - vidhu;"Pañcārthabhāṣya" PABh zu PāśupSūtra, 5, 9.1: 131 1 0;iti ||;PARTLY;+ iti - vidhu;"Pañcārthabhāṣya" PABh zu PāśupSūtra, 5, 9.1: 131 5 0;guhū saṃvaraṇe ||;PARTLY;+ saṁvaraṇa - vidhu;"Pañcārthabhāṣya" PABh zu PāśupSūtra, 5, 13: 135 11 0;kutaḥ ||;PARTLY;+ kutas - vidhu;"Pañcārthabhāṣya" PABh zu PāśupSūtra, 5, 17: 139 18 0;aśa bhojane ||;PARTLY;+ bhojana - vidhu;"Pañcārthabhāṣya" PABh zu PāśupSūtra, 5, 19: 141 5 0;iva iti upamāyām ||;PARTLY;+ upamā - vidhu;"Pañcārthabhāṣya" PABh zu PāśupSūtra, 5, 20: 142 3 0;atra ||;PARTLY;+ atra - vidhu;"Pañcārthabhāṣya" PABh zu PāśupSūtra, 5, 20: 142 12 0;kasmāt ||;PARTLY;+ ka - vidhu;"Pañcārthabhāṣya" PABh zu PāśupSūtra, 5, 20: 142 22 0;kasmāt ||;PARTLY;+ ka - vidhu;"Pañcārthabhāṣya" PABh zu PāśupSūtra, 5, 20: 142 31 0;kasmāt ||;PARTLY;+ ka - vidhu;"Pañcārthabhāṣya" PABh zu PāśupSūtra, 5, 21: 143 25 0;katham ||;PARTLY;+ katham - vidhu;"Pañcārthabhāṣya" PABh zu PāśupSūtra, 5, 21: 143 29 0;katham ||;PARTLY;+ katham - vidhu;"Pañcārthabhāṣya" PABh zu PāśupSūtra, 5, 24: 146 3 0;kiṃkāraṇam ||;PARTLY;+ kiṁkāraṇa - vidhu;"Pañcārthabhāṣya" PABh zu PāśupSūtra, 5, 24: 146 6 0;abhir abhyāse ||;PARTLY;+ abhyāsa - vidhu;"Pañcārthabhāṣya" PABh zu PāśupSūtra, 5, 24: 146 8 0;dhyai cintāyām ||;PARTLY;+ cintā - vidhu;"Pañcārthabhāṣya" PABh zu PāśupSūtra, 5, 25: 147 2 0;kasmāt ||;PARTLY;+ ka - vidhu;"Pañcārthabhāṣya" PABh zu PāśupSūtra, 5, 25: 147 18 0;dhāryaṃ coṃkārānucintanam ||;PARTLY;+ dhāray - vidhu;"Pañcārthabhāṣya" PABh zu PāśupSūtra, 5, 25: 147 23 0;ḍukṛñ karaṇe ||;PARTLY;+ karaṇa - vidhu;"Pañcārthabhāṣya" PABh zu PāśupSūtra, 5, 26: 148 8 0;vida jñāne ||;PARTLY;+ jñāna - vidhu;"Pañcārthabhāṣya" PABh zu PāśupSūtra, 5, 26: 148 15 0;kasmāt ||;PARTLY;+ ka - vidhu;"Pañcārthabhāṣya" PABh zu PāśupSūtra, 5, 34: 156 3 0;kimartham ||;PARTLY;+ kimartha - vidhu;"Pañcārthabhāṣya" PABh zu PāśupSūtra, 5, 34: 156 17 0;kasmāt ||;PARTLY;+ ka - vidhu;"Pañcārthabhāṣya" PABh zu PāśupSūtra, 5, 34: 156 43 0;kasmāt ||;PARTLY;+ ka - vidhu;"Pañcārthabhāṣya" PABh zu PāśupSūtra, 5, 34: 156 62 0;iti ||;PARTLY;+ iti - vidhu;"Pañcārthabhāṣya" PABh zu PāśupSūtra, 5, 34: 156 70 0;katham ||;PARTLY;+ katham - vidhu;"Pañcārthabhāṣya" PABh zu PāśupSūtra, 5, 34: 156 77 0;iti ||;PARTLY;+ iti - vidhu;"Pañcārthabhāṣya" PABh zu PāśupSūtra, 5, 34: 156 88 0;katham ||;PARTLY;+ katham - vidhu;"Pañcārthabhāṣya" PABh zu PāśupSūtra, 5, 34: 156 90 0;kasmāt ||;PARTLY;+ ka - vidhu;"Pañcārthabhāṣya" PABh zu PāśupSūtra, 5, 34: 156 108 1;evam |;PARTLY;+ evam - vidhu;"Pañcārthabhāṣya" PABh zu PāśupSūtra, 5, 34: 156 108 4;iti ||;PARTLY;+ iti - vidhu;"Pañcārthabhāṣya" PABh zu PāśupSūtra, 5, 34: 156 116 0;na ||;PARTLY;+ na - vidhu;"Pañcārthabhāṣya" PABh zu PāśupSūtra, 5, 34: 156 119 0;kasmāt ||;PARTLY;+ ka - vidhu;"Pañcārthabhāṣya" PABh zu PāśupSūtra, 5, 34: 156 125 0;kasmāt ||;PARTLY;+ ka - vidhu;"Pañcārthabhāṣya" PABh zu PāśupSūtra, 5, 34: 156 130 0;kasmāt ||;PARTLY;+ ka - vidhu;"Pañcārthabhāṣya" PABh zu PāśupSūtra, 5, 35: 157 4 0;na ||;PARTLY;+ na - vidhu;"Pañcārthabhāṣya" PABh zu PāśupSūtra, 5, 38: 160 15 0;kasmāt ||;PARTLY;+ ka - vidhu;"Pañcārthabhāṣya" PABh zu PāśupSūtra, 5, 38: 160 22 0;katham ||;PARTLY;+ katham - vidhu;"Pañcārthabhāṣya" PABh zu PāśupSūtra, 5, 38: 160 24 0;katham ||;PARTLY;+ katham - vidhu;"Pañcārthabhāṣya" PABh zu PāśupSūtra, 5, 39: 161 1 0;iti ||;PARTLY;+ iti - vidhu;"Pañcārthabhāṣya" PABh zu PāśupSūtra, 5, 39: 161 3 1;uktam |;PARTLY;+ vac - vidhu;"Pañcārthabhāṣya" PABh zu PāśupSūtra, 5, 39: 161 15 0;gamﾱ sṛpﾱ gatau ||;PARTLY;+ gati - vidhu;"Pañcārthabhāṣya" PABh zu PāśupSūtra, 5, 39: 161 17 0;katham ||;PARTLY;+ katham - vidhu;"Pañcārthabhāṣya" PABh zu PāśupSūtra, 5, 39: 161 26 0;kasmāt ||;PARTLY;+ ka - vidhu;"Pañcārthabhāṣya" PABh zu PāśupSūtra, 5, 39: 161 28 0;kasmāt ||;PARTLY;+ ka - vidhu;"Pañcārthabhāṣya" PABh zu PāśupSūtra, 5, 39: 161 36 0;kasmāt ||;PARTLY;+ ka - vidhu;"Pañcārthabhāṣya" PABh zu PāśupSūtra, 5, 39: 161 39 0;kasmāt ||;PARTLY;+ ka - vidhu;"Pañcārthabhāṣya" PABh zu PāśupSūtra, 5, 39: 161 42 0;kasmāt ||;PARTLY;+ ka - vidhu;"Pañcārthabhāṣya" PABh zu PāśupSūtra, 5, 39: 161 45 0;kasmāt ||;PARTLY;+ ka - vidhu;"Pañcārthabhāṣya" PABh zu PāśupSūtra, 5, 39: 161 49 0;kasmāt ||;PARTLY;+ ka - vidhu;"Pañcārthabhāṣya" PABh zu PāśupSūtra, 5, 39: 161 52 0;kasmāt ||;PARTLY;+ ka - vidhu;"Pañcārthabhāṣya" PABh zu PāśupSūtra, 5, 39: 161 56 0;kasmāt ||;PARTLY;+ ka - vidhu;"Pañcārthabhāṣya" PABh zu PāśupSūtra, 5, 39: 161 59 0;kasmāt ||;PARTLY;+ ka - vidhu;"Pañcārthabhāṣya" PABh zu PāśupSūtra, 5, 39: 161 62 0;iti ||;PARTLY;+ iti - vidhu;"Pañcārthabhāṣya" PABh zu PāśupSūtra, 5, 39: 161 69 0;kasmāt ||;PARTLY;+ ka - vidhu;"Pañcārthabhāṣya" PABh zu PāśupSūtra, 5, 40: 162 1 0;iti ||;PARTLY;+ iti - vidhu;"Pañcārthabhāṣya" PABh zu PāśupSūtra, 5, 41: 163 8 0;ucyate ||;PARTLY;+ vac - vidhu;"Pañcārthabhāṣya" PABh zu PāśupSūtra, 5, 43: 165 3 0;kasmāt ||;PARTLY;+ ka - vidhu;"Pañcārthabhāṣya" PABh zu PāśupSūtra, 5, 45: 167 4 0;ucyate ||;PARTLY;+ vac - vidhu;"Pañcārthabhāṣya" PABh zu PāśupSūtra, 5, 46: 168 10 0;iti ||;PARTLY;+ iti - vidhu;"Pañcārthabhāṣya" PABh zu PāśupSūtra, 5, 46: 168 52 0;śubham ||;PARTLY;+ śubha - vidhu;"Nādabindūpaniṣat" Nādabindūpaniṣat, 1: 1 21 0;iti ||;PARTLY;+ iti - vidhu;"Bhāgavatapurāṇa" BhāgPur, 3, 10: 39 24 2;haṃsasārasacakrāhvakākolūkādayaḥ khagāḥ ||;PARTLY;+ khaga - vidhu;"Bhāgavatapurāṇa" BhāgPur, 3, 15: 44 18 1;pārāvatānyabhṛtasārasacakravākadātyūhahaṃsaśukatittiribarhiṇāṃ yaḥ |;PARTLY;+ yad - vidhu;"Bhāgavatapurāṇa" BhāgPur, 4, 7: 69 36 1;yajamāny uvāca |;PARTLY;+ vac - vidhu;"Bhāgavatapurāṇa" BhāgPur, 8, 7: 91 14 1;ahīndrasāhasrakaṭhoradṛṅmukhaśvāsāgnidhūmāhatavarcaso .surāḥ |;PARTLY;+ asura - vidhu;"Rasādhyāya" RAdhy, 1: 1 137 1;rūpyagadyāṇakayācohyanenābhyañjya gālite |;PARTLY;+ gālay - vidhu;"Rasādhyāya" RAdhy, 1: 1 336 1;tyaktavyaṃ kābasammanītāryasajjikāpayaḥ |;PARTLY;+ tyaj - vidhu;"Rasādhyāyaṭīkā" RAdhyṬ zu RAdhy, 12.2: 3 26 0;iti ||;PARTLY;+ iti - vidhu;"Rasādhyāyaṭīkā" RAdhyṬ zu RAdhy, 42.2: 14 9 0;vajrakṣīram ||;PARTLY;+ vajrakṣīra - vidhu;"Rasādhyāyaṭīkā" RAdhyṬ zu RAdhy, 42.2: 14 13 0;vajrakandaḥ ||;PARTLY;+ vajrakanda - vidhu;"Rasādhyāyaṭīkā" RAdhyṬ zu RAdhy, 42.2: 14 15 0;bīaṅkaḥ ||;PARTLY;+ bīaṅka - vidhu;"Rasādhyāyaṭīkā" RAdhyṬ zu RAdhy, 42.2: 14 18 0;aśvagandhā ||;PARTLY;+ aśvagandhā - vidhu;"Rasādhyāyaṭīkā" RAdhyṬ zu RAdhy, 42.2: 14 19 0;nāhi ||;PARTLY;+ nāhī - vidhu;"Rasādhyāyaṭīkā" RAdhyṬ zu RAdhy, 166.2: 31 2 0;lavaṇam ||;PARTLY;+ lavaṇa - vidhu;"Rasādhyāyaṭīkā" RAdhyṬ zu RAdhy, 166.2: 31 3 0;tūrī ||;PARTLY;+ tūrī - vidhu;"Vārāhagṛhyasūtra" VārGṛSū, 1: 1 23 4;svāhā |;PARTLY;+ svāhā - vidhu;"Vārāhagṛhyasūtra" VārGṛSū, 1: 1 23 5;iti ||;PARTLY;+ iti - vidhu;"Vārāhagṛhyasūtra" VārGṛSū, 1: 1 25 1;iti |;PARTLY;+ iti - vidhu;"Vārāhagṛhyasūtra" VārGṛSū, 1: 1 32 3;svāhā |;PARTLY;+ svāhā - vidhu;"Vārāhagṛhyasūtra" VārGṛSū, 2: 2 5 5;iti ||;PARTLY;+ iti - vidhu;"Vārāhagṛhyasūtra" VārGṛSū, 2: 2 6 3;iti ||;PARTLY;+ iti - vidhu;"Vārāhagṛhyasūtra" VārGṛSū, 4: 4 3 9;iti |;PARTLY;+ iti - vidhu;"Vārāhagṛhyasūtra" VārGṛSū, 4: 4 5 4;iti ||;PARTLY;+ iti - vidhu;"Vārāhagṛhyasūtra" VārGṛSū, 4: 4 8 5;iti ||;PARTLY;+ iti - vidhu;"Vārāhagṛhyasūtra" VārGṛSū, 4: 4 22 1;iti |;PARTLY;+ iti - vidhu;"Vārāhagṛhyasūtra" VārGṛSū, 5: 5 30 6;iti ||;PARTLY;+ iti - vidhu;"Vārāhagṛhyasūtra" VārGṛSū, 5: 5 34 5;svāhā |;PARTLY;+ svāhā - vidhu;"Vārāhagṛhyasūtra" VārGṛSū, 8: 8 2 5;svāhā |;PARTLY;+ svāhā - vidhu;"Vārāhagṛhyasūtra" VārGṛSū, 8: 8 2 9;svāhā |;PARTLY;+ svāhā - vidhu;"Vārāhagṛhyasūtra" VārGṛSū, 8: 8 2 10;iti ||;PARTLY;+ iti - vidhu;"Vārāhagṛhyasūtra" VārGṛSū, 9: 9 3 4;iti ||;PARTLY;+ iti - vidhu;"Vārāhagṛhyasūtra" VārGṛSū, 9: 9 11 3;iti ||;PARTLY;+ iti - vidhu;"Vārāhagṛhyasūtra" VārGṛSū, 10: 10 16 1;dadāni |;PARTLY;+ dā - vidhu;"Vārāhagṛhyasūtra" VārGṛSū, 13: 13 3 3;iti ||;PARTLY;+ iti - vidhu;"Vārāhagṛhyasūtra" VārGṛSū, 13: 13 4 5;iti ||;PARTLY;+ iti - vidhu;"Vārāhagṛhyasūtra" VārGṛSū, 14: 14 2 3;iti ||;PARTLY;+ iti - vidhu;"Vārāhagṛhyasūtra" VārGṛSū, 14: 14 3 4;iti ||;PARTLY;+ iti - vidhu;"Vārāhagṛhyasūtra" VārGṛSū, 14: 14 10 7;svāhā |;PARTLY;+ svāhā - vidhu;"Vārāhagṛhyasūtra" VārGṛSū, 14: 14 10 10;iti ||;PARTLY;+ iti - vidhu;"Vārāhagṛhyasūtra" VārGṛSū, 14: 14 12 10;prajāpataye |;PARTLY;+ prajāpati - vidhu;"Vārāhagṛhyasūtra" VārGṛSū, 14: 14 13 15;iti ||;PARTLY;+ iti - vidhu;"Vārāhagṛhyasūtra" VārGṛSū, 14: 14 15 3;iti ||;PARTLY;+ iti - vidhu;"Vārāhagṛhyasūtra" VārGṛSū, 14: 14 18 7;svāhā |;PARTLY;+ svāhā - vidhu;"Vārāhagṛhyasūtra" VārGṛSū, 14: 14 18 8;iti ||;PARTLY;+ iti - vidhu;"Vārāhagṛhyasūtra" VārGṛSū, 14: 14 25 3;iti ||;PARTLY;+ iti - vidhu;"Vārāhagṛhyasūtra" VārGṛSū, 15: 15 10 3;viśvahādābhyaṃ haviḥ |;PARTLY;+ havis - vidhu;"Vārāhagṛhyasūtra" VārGṛSū, 17: 17 9 1;kāmāya |;PARTLY;+ kāma - vidhu;"Vārāhagṛhyasūtra" VārGṛSū, 17: 17 17 3;dakṣiṇasyām |;PARTLY;+ dakṣiṇa - vidhu;"Vārāhagṛhyasūtra" VārGṛSū, 17: 17 17 4;pratīcyām |;PARTLY;+ pratyañc - vidhu;"Vārāhagṛhyasūtra" VārGṛSū, 17: 17 17 5;uttarasyām |;PARTLY;+ uttara - vidhu;"Vārāhagṛhyasūtra" VārGṛSū, 17: 17 17 6;ūrdhvāyām |;PARTLY;+ ūrdhva - vidhu;"Vṛddhayamasmṛti" Vṛddhayamasmṛti, 1: 1 10 1;na mārgasthānavalmīkānoṣarasthākhusaṃcitāt |;PARTLY;+ na - vidhu;"Rāmāyaṇa" Rām, 5, 5: 329 12 2;samudram iva gambhīraṃ samudram iva niḥsvanam ||;PARTLY;+ gambhīra - vidhu;"Sarvadarśanasaṃgraha" SDS, 1: 1 3 5;iti ||;PARTLY;+ iti - vidhu;"Sarvadarśanasaṃgraha" SDS, 1: 1 12 7;iti ||;PARTLY;+ iti - vidhu;"Sarvadarśanasaṃgraha" SDS, 1: 1 16 3;iti ||;PARTLY;+ iti - vidhu;"Sarvadarśanasaṃgraha" SDS, 1: 1 17 4;iti ||;PARTLY;+ iti - vidhu;"Sarvadarśanasaṃgraha" SDS, 1: 1 46 1;tadā |;PARTLY;+ tadā - vidhu;"Āyurvedadīpikā" ĀVDīp, 0: -1 1 13;parasparaguāāopaghātastu yadyapi doṣāṇā prāyo nāseva tathā.pyadṛṣṭavaśāt kvācedbhavatātie jñeyaṃ rasānāṃ tu pravalenā yopaghāto bhavatyeva |;PARTLY;+  - vidhu;"Āyurvedadīpikā" ĀVDīp, 0: -1 1 18;asminvyākhyāne rasānāṃ doṣāṇāṃ ca ya utkarṣāpakarṣakṛto viṣamasamavāyaḥ pṛthagucyate sa na yutvateḥ yato viṣamasamavāye.pyutkṛṣṭasya rasasya tathā doṣasya co tkṛṣṭā guṇā apakṛṣṭastha cāpakṛṣṭā guṇā bhavantīti kṛtvā.vayavapra bhāvānanumānenaiva samudāyaprabhāvānumānaṃ śakyam |;PARTLY;+  - vidhu;"Āyurvedadīpikā" ĀVDīp zu Ca, Sū., 1, 23.2: 5 4 0;niyujyeyaṃ vyāpārayeyam ||;PARTLY;+ vyāpāray - vidhu;"Āyurvedadīpikā" ĀVDīp zu Ca, Sū., 28, 4.7: 124 7 2;iti ||;PARTLY;+ iti - vidhu;"Āyurvedadīpikā" ĀVDīp zu Ca, Nid., 1, 7: 154 4 4;iti ||;PARTLY;+ iti - vidhu;"Āyurvedadīpikā" ĀVDīp zu Ca, Vim., 3, 35.2: 199 13 4;iti ||;PARTLY;+ iti - vidhu;"Āyurvedadīpikā" ĀVDīp zu Ca, Śār., 1, 77.2: 239 1 1;saṃprati ||;PARTLY;+ samprati - vidhu;"Āyurvedadīpikā" ĀVDīp zu Ca, Śār., 1, 113.2: 255 4 0;iti ||;PARTLY;+ iti - vidhu;"Āyurvedadīpikā" ĀVDīp zu Ca, Indr., 1, 7.6: 281 21 3;iti ||;PARTLY;+ iti - vidhu;"Āyurvedadīpikā" ĀVDīp zu Ca, Cik., 1, 12.2: 288 4 0;iti ||;PARTLY;+ iti - vidhu;"Āyurvedadīpikā" ĀVDīp zu Ca, Cik., 1, 12.2: 288 9 0;arcyaḥ arcanīyaḥ ||;PARTLY;+ arc - vidhu;"Āyurvedadīpikā" ĀVDīp zu Ca, Si., 12, 41.1: 328 4 3;iti ||;PARTLY;+ iti - vidhu;"Mahābhārata" MBh, 1, 1: 1 63 3;sūtaḥ |;PARTLY;+ sūta - vidhu;"Mahābhārata" MBh, 1, 3: 3 133 1;iti |;PARTLY;+ iti - vidhu;"Mahābhārata" MBh, 1, 11: 11 11 7;sūtaḥ |;PARTLY;+ sūta - vidhu;"Mahābhārata" MBh, 1, 12: 12 5 15;śiva śiva |;PARTLY;+ śiva - vidhu;"Mahābhārata" MBh, 1, 16: 16 15 3;sūtaḥ |;PARTLY;+ sūta - vidhu;"Mahābhārata" MBh, 1, 27: 27 16 3;kāśyapaḥ |;PARTLY;+ kāśyapa - vidhu;"Mahābhārata" MBh, 1, 27: 27 16 4;vālakhilyāḥ |;PARTLY;+ vālakhilya - vidhu;"Mahābhārata" MBh, 1, 30: 30 15 2;garuḍaḥ |;PARTLY;+ garuḍa - vidhu;"Mahābhārata" MBh, 1, 30: 30 15 3;vinatā |;PARTLY;+ vinatā - vidhu;"Mahābhārata" MBh, 1, 39: 39 2 3;sūtaḥ |;PARTLY;+ sūta - vidhu;"Mahābhārata" MBh, 1, 57: 57 57 6;matsyagandhā |;PARTLY;+ matsyagandhā - vidhu;"Mahābhārata" MBh, 1, 57: 57 57 10;parāśaraḥ |;PARTLY;+ parāśara - vidhu;"Mahābhārata" MBh, 1, 57: 57 57 14;vaiśaṃpāyanaḥ |;PARTLY;+ vaiśampāyana - vidhu;"Mahābhārata" MBh, 1, 57: 57 57 16;matsyagandhā |;PARTLY;+ matsyagandhā - vidhu;"Mahābhārata" MBh, 1, 57: 57 57 19;parāśaraḥ |;PARTLY;+ parāśara - vidhu;"Mahābhārata" MBh, 1, 57: 57 57 62;vaiśaṃpāyanaḥ |;PARTLY;+ vaiśampāyana - vidhu;"Mahābhārata" MBh, 1, 57: 57 68 41;vaiśaṃpāyanaḥ |;PARTLY;+ vaiśampāyana - vidhu;"Mahābhārata" MBh, 1, 57: 57 68 70;vaiśaṃpāyanaḥ |;PARTLY;+ vaiśampāyana - vidhu;"Mahābhārata" MBh, 1, 57: 57 68 76;vasuḥ |;PARTLY;+ vasu - vidhu;"Mahābhārata" MBh, 1, 57: 57 68 80;pitaraḥ |;PARTLY;+ pitṛ - vidhu;"Mahābhārata" MBh, 1, 57: 57 68 90;vaiśaṃpāyanaḥ |;PARTLY;+ vaiśampāyana - vidhu;"Mahābhārata" MBh, 1, 57: 57 68 94;vasuḥ |;PARTLY;+ vasu - vidhu;"Mahābhārata" MBh, 1, 57: 57 68 98;vaiśaṃpāyanaḥ |;PARTLY;+ vaiśampāyana - vidhu;"Mahābhārata" MBh, 1, 57: 57 69 12;vaiśaṃpāyanaḥ |;PARTLY;+ vaiśampāyana - vidhu;"Mahābhārata" MBh, 1, 57: 57 69 35;vaiśaṃpāyanaḥ |;PARTLY;+ vaiśampāyana - vidhu;"Mahābhārata" MBh, 1, 57: 57 69 42;vāsavī |;PARTLY;+ vāsava - vidhu;"Mahābhārata" MBh, 1, 57: 57 69 48;vaiśaṃpāyanaḥ |;PARTLY;+ vaiśampāyana - vidhu;"Mahābhārata" MBh, 1, 57: 57 75 9;satyavatī |;PARTLY;+ satyavatī - vidhu;"Mahābhārata" MBh, 1, 57: 57 75 15;vaiśaṃpāyanaḥ |;PARTLY;+ vaiśampāyana - vidhu;"Mahābhārata" MBh, 1, 62: 62 2 3;janamejayaḥ |;PARTLY;+ janamejaya - vidhu;"Mahābhārata" MBh, 1, 65: 65 7 3;duḥṣantaḥ |;PARTLY;+ duḥṣanta - vidhu;"Mahābhārata" MBh, 1, 67: 67 5 4;duḥṣantaḥ |;PARTLY;+ duḥṣanta - vidhu;"Mahābhārata" MBh, 1, 67: 67 17 3;vaiśaṃpāyanaḥ |;PARTLY;+ vaiśampāyana - vidhu;"Mahābhārata" MBh, 1, 67: 67 17 4;śakuntalā |;PARTLY;+ śakuntalā - vidhu;"Mahābhārata" MBh, 1, 67: 67 20 9;vaiśaṃpāyanaḥ |;PARTLY;+ vaiśampāyana - vidhu;"Mahābhārata" MBh, 1, 67: 67 23 11;kaṇvaḥ |;PARTLY;+ kaṇva - vidhu;"Mahābhārata" MBh, 1, 67: 67 23 13;vaiśaṃpāyanaḥ |;PARTLY;+ vaiśampāyana - vidhu;"Mahābhārata" MBh, 1, 67: 67 23 21;śakuntalā |;PARTLY;+ śakuntalā - vidhu;"Mahābhārata" MBh, 1, 67: 67 33 5;kaṇvaḥ |;PARTLY;+ kaṇva - vidhu;"Mahābhārata" MBh, 1, 67: 67 33 6;vaiśaṃpāyanaḥ |;PARTLY;+ vaiśampāyana - vidhu;"Mahābhārata" MBh, 1, 68: 68 9 3;kaṇvaḥ |;PARTLY;+ kaṇva - vidhu;"Mahābhārata" MBh, 1, 68: 68 9 4;vaiśaṃpāyanaḥ |;PARTLY;+ vaiśampāyana - vidhu;"Mahābhārata" MBh, 1, 68: 68 9 5;vaiśaṃpāyanaḥ |;PARTLY;+ vaiśampāyana - vidhu;"Mahābhārata" MBh, 1, 68: 68 9 6;vaiśaṃpāyanaḥ |;PARTLY;+ vaiśampāyana - vidhu;"Mahābhārata" MBh, 1, 68: 68 9 7;śakuntalā |;PARTLY;+ śakuntalā - vidhu;"Mahābhārata" MBh, 1, 68: 68 9 8;vaiśaṃpāyanaḥ |;PARTLY;+ vaiśampāyana - vidhu;"Mahābhārata" MBh, 1, 68: 68 9 9;kaṇvaḥ |;PARTLY;+ kaṇva - vidhu;"Mahābhārata" MBh, 1, 68: 68 9 10;vaiśaṃpāyanaḥ |;PARTLY;+ vaiśampāyana - vidhu;"Mahābhārata" MBh, 1, 68: 68 11 3;vaiśaṃpāyanaḥ |;PARTLY;+ vaiśampāyana - vidhu;"Mahābhārata" MBh, 1, 68: 68 13 3;ṛṣayaḥ |;PARTLY;+ ṛṣi - vidhu;"Mahābhārata" MBh, 1, 68: 68 13 4;vaiśaṃpāyanaḥ |;PARTLY;+ vaiśampāyana - vidhu;"Mahābhārata" MBh, 1, 68: 68 13 5;nāgarāḥ |;PARTLY;+ nāgara - vidhu;"Mahābhārata" MBh, 1, 68: 68 13 6;vaiśaṃpāyanaḥ |;PARTLY;+ vaiśampāyana - vidhu;"Mahābhārata" MBh, 1, 68: 68 13 7;vaiśaṃpāyanaḥ |;PARTLY;+ vaiśampāyana - vidhu;"Mahābhārata" MBh, 1, 68: 68 15 2;śakuntalā |;PARTLY;+ śakuntalā - vidhu;"Mahābhārata" MBh, 1, 68: 68 17 3;vaiśaṃpāyanaḥ |;PARTLY;+ vaiśampāyana - vidhu;"Mahābhārata" MBh, 1, 69: 69 33 3;vaiśaṃpāyanaḥ |;PARTLY;+ vaiśampāyana - vidhu;"Mahābhārata" MBh, 1, 71: 71 31 5;kacaḥ |;PARTLY;+ kaca - vidhu;"Mahābhārata" MBh, 1, 71: 71 34 2;vaiśaṃpāyanaḥ |;PARTLY;+ vaiśampāyana - vidhu;"Mahābhārata" MBh, 1, 71: 71 41 2;kacaḥ |;PARTLY;+ kaca - vidhu;"Mahābhārata" MBh, 1, 73: 73 19 4;yayātiḥ |;PARTLY;+ yayāti - vidhu;"Mahābhārata" MBh, 1, 73: 73 19 5;devayānī |;PARTLY;+ devayānī - vidhu;"Mahābhārata" MBh, 1, 73: 73 23 2;yayātiḥ |;PARTLY;+ yayāti - vidhu;"Mahābhārata" MBh, 1, 73: 73 23 3;devayānī |;PARTLY;+ devayānī - vidhu;"Mahābhārata" MBh, 1, 73: 73 23 16;dhātrī |;PARTLY;+ dhātrī - vidhu;"Mahābhārata" MBh, 1, 75: 75 4 5;vṛṣaparvā |;PARTLY;+ vṛṣaparvan - vidhu;"Mahābhārata" MBh, 1, 75: 75 11 10;vaiśaṃpāyanaḥ |;PARTLY;+ vaiśampāyana - vidhu;"Mahābhārata" MBh, 1, 76: 76 16 4;vaiśaṃpāyanaḥ |;PARTLY;+ vaiśampāyana - vidhu;"Mahābhārata" MBh, 1, 76: 76 27 5;śukraḥ |;PARTLY;+ śukra - vidhu;"Mahābhārata" MBh, 1, 76: 76 27 6;vaiśaṃpāyanaḥ |;PARTLY;+ vaiśampāyana - vidhu;"Mahābhārata" MBh, 1, 77: 77 9 3;vaiśaṃpāyanaḥ |;PARTLY;+ vaiśampāyana - vidhu;"Mahābhārata" MBh, 1, 78: 78 1 2;yayātiḥ |;PARTLY;+ yayāti - vidhu;"Mahābhārata" MBh, 1, 78: 78 1 3;vaiśaṃpāyanaḥ |;PARTLY;+ vaiśampāyana - vidhu;"Mahābhārata" MBh, 1, 79: 79 23 3;druhyuḥ |;PARTLY;+ druhyu - vidhu;"Mahābhārata" MBh, 1, 79: 79 23 4;yayātiḥ |;PARTLY;+ yayāti - vidhu;"Mahābhārata" MBh, 1, 79: 79 23 5;anuḥ |;PARTLY;+ anu - vidhu;"Mahābhārata" MBh, 1, 79: 79 23 6;yayātiḥ |;PARTLY;+ yayāti - vidhu;"Mahābhārata" MBh, 1, 79: 79 23 7;vaiśaṃpāyanaḥ |;PARTLY;+ vaiśampāyana - vidhu;"Mahābhārata" MBh, 1, 81: 81 3 3;janamejayaḥ |;PARTLY;+ janamejaya - vidhu;"Mahābhārata" MBh, 1, 82: 82 5 4;indraḥ |;PARTLY;+ indra - vidhu;"Mahābhārata" MBh, 1, 86: 86 17 3;aṣṭakaḥ |;PARTLY;+ aṣṭaka - vidhu;"Mahābhārata" MBh, 1, 86: 86 17 4;yayātiḥ |;PARTLY;+ yayāti - vidhu;"Mahābhārata" MBh, 1, 88: 88 12 4;vaiśaṃpāyanaḥ |;PARTLY;+ vaiśampāyana - vidhu;"Mahābhārata" MBh, 1, 88: 88 12 5;vasumanāḥ |;PARTLY;+ vasumanas - vidhu;"Mahābhārata" MBh, 1, 88: 88 12 6;mādhavī |;PARTLY;+ mādhavī - vidhu;"Mahābhārata" MBh, 1, 88: 88 12 7;vaiśaṃpāyanaḥ |;PARTLY;+ vaiśampāyana - vidhu;"Mahābhārata" MBh, 1, 88: 88 12 8;mādhavī |;PARTLY;+ mādhavī - vidhu;"Mahābhārata" MBh, 1, 88: 88 12 9;yayātiḥ |;PARTLY;+ yayāti - vidhu;"Mahābhārata" MBh, 1, 88: 88 12 10;vaiśaṃpāyanaḥ |;PARTLY;+ vaiśampāyana - vidhu;"Mahābhārata" MBh, 1, 94: 94 55 7;vaiśaṃpāyanaḥ |;PARTLY;+ vaiśampāyana - vidhu;"Mahābhārata" MBh, 1, 94: 94 64 3;sūtaḥ |;PARTLY;+ sūta - vidhu;"Mahābhārata" MBh, 1, 94: 94 64 4;vaiśaṃpāyanaḥ |;PARTLY;+ vaiśampāyana - vidhu;"Mahābhārata" MBh, 1, 94: 94 68 3;uccaiḥśravāḥ |;PARTLY;+ uccaiḥśravas - vidhu;"Mahābhārata" MBh, 1, 96: 96 6 2;vaiśaṃpāyanaḥ |;PARTLY;+ vaiśampāyana - vidhu;"Mahābhārata" MBh, 1, 96: 96 53 3;vicitravīryaḥ |;PARTLY;+ vicitravīrya - vidhu;"Mahābhārata" MBh, 1, 96: 96 53 4;bhīṣmaḥ |;PARTLY;+ bhīṣma - vidhu;"Mahābhārata" MBh, 1, 96: 96 53 5;vaiśaṃpāyanaḥ |;PARTLY;+ vaiśampāyana - vidhu;"Mahābhārata" MBh, 1, 96: 96 53 6;ambā |;PARTLY;+ ambā - vidhu;"Mahābhārata" MBh, 1, 96: 96 53 7;vaiśaṃpāyanaḥ |;PARTLY;+ vaiśampāyana - vidhu;"Mahābhārata" MBh, 1, 96: 96 53 8;ambā |;PARTLY;+ ambā - vidhu;"Mahābhārata" MBh, 1, 96: 96 53 9;yajñasenaḥ |;PARTLY;+ yajñasena - vidhu;"Mahābhārata" MBh, 1, 96: 96 53 10;vaiśaṃpāyanaḥ |;PARTLY;+ vaiśampāyana - vidhu;"Mahābhārata" MBh, 1, 96: 96 53 11;ambā |;PARTLY;+ ambā - vidhu;"Mahābhārata" MBh, 1, 96: 96 53 12;vaiśaṃpāyanaḥ |;PARTLY;+ vaiśampāyana - vidhu;"Mahābhārata" MBh, 1, 96: 96 53 13;vaiśaṃpāyanaḥ |;PARTLY;+ vaiśampāyana - vidhu;"Mahābhārata" MBh, 1, 98: 98 17 11;patnī |;PARTLY;+ patnī - vidhu;"Mahābhārata" MBh, 1, 98: 98 17 12;bhīṣmaḥ |;PARTLY;+ bhīṣma - vidhu;"Mahābhārata" MBh, 1, 98: 98 17 13;patnī |;PARTLY;+ patnī - vidhu;"Mahābhārata" MBh, 1, 98: 98 17 14;dīrghatamāḥ |;PARTLY;+ dīrghatamas - vidhu;"Mahābhārata" MBh, 1, 98: 98 17 15;bhīṣmaḥ |;PARTLY;+ bhīṣma - vidhu;"Mahābhārata" MBh, 1, 99: 99 3 4;satyavatī |;PARTLY;+ satyavatī - vidhu;"Mahābhārata" MBh, 1, 99: 99 3 5;bhīṣmaḥ |;PARTLY;+ bhīṣma - vidhu;"Mahābhārata" MBh, 1, 99: 99 3 6;satyavatī |;PARTLY;+ satyavatī - vidhu;"Mahābhārata" MBh, 1, 99: 99 3 7;bhīṣmaḥ |;PARTLY;+ bhīṣma - vidhu;"Mahābhārata" MBh, 1, 99: 99 3 8;vaiśaṃpāyanaḥ |;PARTLY;+ vaiśampāyana - vidhu;"Mahābhārata" MBh, 1, 99: 99 4 3;vaiśaṃpāyanaḥ |;PARTLY;+ vaiśampāyana - vidhu;"Mahābhārata" MBh, 1, 104: 104 9 22;sūryaḥ |;PARTLY;+ sūrya - vidhu;"Mahābhārata" MBh, 1, 104: 104 9 23;vaiśaṃpāyanaḥ |;PARTLY;+ vaiśampāyana - vidhu;"Mahābhārata" MBh, 1, 104: 104 9 24;sūryaḥ |;PARTLY;+ sūrya - vidhu;"Mahābhārata" MBh, 1, 104: 104 9 25;kuntī |;PARTLY;+ kuntī - vidhu;"Mahābhārata" MBh, 1, 104: 104 9 26;sūryaḥ |;PARTLY;+ sūrya - vidhu;"Mahābhārata" MBh, 1, 104: 104 9 27;vaiśaṃpāyanaḥ |;PARTLY;+ vaiśampāyana - vidhu;"Mahābhārata" MBh, 1, 104: 104 17 3;karṇaḥ |;PARTLY;+ karṇa - vidhu;"Mahābhārata" MBh, 1, 104: 104 17 4;sūryaḥ |;PARTLY;+ sūrya - vidhu;"Mahābhārata" MBh, 1, 104: 104 17 5;vaiśaṃpāyanaḥ |;PARTLY;+ vaiśampāyana - vidhu;"Mahābhārata" MBh, 1, 104: 104 19 4;karṇaḥ |;PARTLY;+ karṇa - vidhu;"Mahābhārata" MBh, 1, 111: 111 4 3;vaiśaṃpāyanaḥ |;PARTLY;+ vaiśampāyana - vidhu;"Mahābhārata" MBh, 1, 111: 111 4 4;ṛṣayaḥ |;PARTLY;+ ṛṣi - vidhu;"Mahābhārata" MBh, 1, 111: 111 4 5;vaiśaṃpāyanaḥ |;PARTLY;+ vaiśampāyana - vidhu;"Mahābhārata" MBh, 1, 111: 111 21 4;vaiśaṃpāyanaḥ |;PARTLY;+ vaiśampāyana - vidhu;"Mahābhārata" MBh, 1, 113: 113 10 3;uddālakaḥ |;PARTLY;+ uddālaka - vidhu;"Mahābhārata" MBh, 1, 113: 113 10 4;brāhmaṇaḥ |;PARTLY;+ brāhmaṇa - vidhu;"Mahābhārata" MBh, 1, 113: 113 10 5;pāṇḍuḥ |;PARTLY;+ pāṇḍu - vidhu;"Mahābhārata" MBh, 1, 113: 113 37 3;kuntī |;PARTLY;+ kuntī - vidhu;"Mahābhārata" MBh, 1, 113: 113 38 3;pāṇḍuḥ |;PARTLY;+ pāṇḍu - vidhu;"Mahābhārata" MBh, 1, 113: 113 38 4;vaiśaṃpāyanaḥ |;PARTLY;+ vaiśampāyana - vidhu;"Mahābhārata" MBh, 1, 114: 114 26 3;vaiśaṃpāyanaḥ |;PARTLY;+ vaiśampāyana - vidhu;"Mahābhārata" MBh, 1, 114: 114 66 3;pāṇḍuḥ |;PARTLY;+ pāṇḍu - vidhu;"Mahābhārata" MBh, 1, 115: 115 28 3;vaiśaṃpāyanaḥ |;PARTLY;+ vaiśampāyana - vidhu;"Mahābhārata" MBh, 1, 116: 116 19 3;mādrī |;PARTLY;+ mādrī - vidhu;"Mahābhārata" MBh, 1, 116: 116 22 4;vaiśaṃpāyanaḥ |;PARTLY;+ vaiśampāyana - vidhu;"Mahābhārata" MBh, 1, 116: 116 22 5;kuntī |;PARTLY;+ kuntī - vidhu;"Mahābhārata" MBh, 1, 116: 116 22 6;vaiśaṃpāyanaḥ |;PARTLY;+ vaiśampāyana - vidhu;"Mahābhārata" MBh, 1, 116: 116 22 7;yudhiṣṭhiraḥ |;PARTLY;+ yudhiṣṭhira - vidhu;"Mahābhārata" MBh, 1, 116: 116 22 8;bhīmaḥ |;PARTLY;+ bhīma - vidhu;"Mahābhārata" MBh, 1, 116: 116 22 9;vaiśaṃpāyanaḥ |;PARTLY;+ vaiśampāyana - vidhu;"Mahābhārata" MBh, 1, 116: 116 22 10;arjunaḥ |;PARTLY;+ arjuna - vidhu;"Mahābhārata" MBh, 1, 116: 116 22 11;vaiśaṃpāyanaḥ |;PARTLY;+ vaiśampāyana - vidhu;"Mahābhārata" MBh, 1, 116: 116 22 12;yamau |;PARTLY;+ yama - vidhu;"Mahābhārata" MBh, 1, 116: 116 22 13;vaiśaṃpāyanaḥ |;PARTLY;+ vaiśampāyana - vidhu;"Mahābhārata" MBh, 1, 116: 116 24 3;vaiśaṃpāyanaḥ |;PARTLY;+ vaiśampāyana - vidhu;"Mahābhārata" MBh, 1, 116: 116 30 12;vaiśaṃpāyanaḥ |;PARTLY;+ vaiśampāyana - vidhu;"Mahābhārata" MBh, 1, 116: 116 30 13;kuntī |;PARTLY;+ kuntī - vidhu;"Mahābhārata" MBh, 1, 116: 116 30 14;mādrī |;PARTLY;+ mādrī - vidhu;"Mahābhārata" MBh, 1, 116: 116 30 15;vaiśaṃpāyanaḥ |;PARTLY;+ vaiśampāyana - vidhu;"Mahābhārata" MBh, 1, 118: 118 1 1;vaiśaṃpāyanaḥ |;PARTLY;+ vaiśampāyana - vidhu;"Mahābhārata" MBh, 1, 119: 119 43 8;vaiśaṃpāyanaḥ |;PARTLY;+ vaiśampāyana - vidhu;"Mahābhārata" MBh, 1, 119: 119 43 9;viduraḥ |;PARTLY;+ vidura - vidhu;"Mahābhārata" MBh, 1, 119: 119 43 10;vaiśaṃpāyanaḥ |;PARTLY;+ vaiśampāyana - vidhu;"Mahābhārata" MBh, 1, 123: 123 39 7;vaiśaṃpāyanaḥ |;PARTLY;+ vaiśampāyana - vidhu;"Mahābhārata" MBh, 1, 126: 126 39 2;vaiśaṃpāyanaḥ |;PARTLY;+ vaiśampāyana - vidhu;"Mahābhārata" MBh, 1, 128: 128 4 2;arjunaḥ |;PARTLY;+ arjuna - vidhu;"Mahābhārata" MBh, 1, 128: 128 4 3;vaiśaṃpāyanaḥ |;PARTLY;+ vaiśampāyana - vidhu;"Mahābhārata" MBh, 1, 128: 128 18 60;taṃ vai gaccheha nṛpate sa tvāṃ saṃyājayiṣyati |;PARTLY;+  - vidhu;"Mahābhārata" MBh, 1, 129: 129 18 7;vaiśaṃpāyanaḥ |;PARTLY;+ vaiśampāyana - vidhu;"Mahābhārata" MBh, 1, 129: 129 18 8;vaiśaṃpāyanaḥ |;PARTLY;+ vaiśampāyana - vidhu;"Mahābhārata" MBh, 1, 129: 129 18 9;dhṛtarāṣṭraḥ |;PARTLY;+ dhṛtarāṣṭra - vidhu;"Mahābhārata" MBh, 1, 129: 129 18 10;duryodhanaḥ |;PARTLY;+ duryodhana - vidhu;"Mahābhārata" MBh, 1, 130: 130 1 1;duryodhanaḥ |;PARTLY;+ duryodhana - vidhu;"Mahābhārata" MBh, 1, 130: 130 1 2;vaiśaṃpāyanaḥ |;PARTLY;+ vaiśampāyana - vidhu;"Mahābhārata" MBh, 1, 137: 137 14 3;vaiśaṃpāyanaḥ |;PARTLY;+ vaiśampāyana - vidhu;"Mahābhārata" MBh, 1, 137: 137 16 10;vaiśaṃpāyanaḥ |;PARTLY;+ vaiśampāyana - vidhu;"Mahābhārata" MBh, 1, 137: 137 16 11;bhīṣmaḥ |;PARTLY;+ bhīṣma - vidhu;"Mahābhārata" MBh, 1, 137: 137 16 12;vaiśaṃpāyanaḥ |;PARTLY;+ vaiśampāyana - vidhu;"Mahābhārata" MBh, 1, 137: 137 16 13;viduraḥ |;PARTLY;+ vidura - vidhu;"Mahābhārata" MBh, 1, 139: 139 28 3;rākṣasī |;PARTLY;+ rākṣasī - vidhu;"Mahābhārata" MBh, 1, 139: 139 28 4;bhīmaḥ |;PARTLY;+ bhīma - vidhu;"Mahābhārata" MBh, 1, 143: 143 1 1;vaiśaṃpāyanaḥ |;PARTLY;+ vaiśampāyana - vidhu;"Mahābhārata" MBh, 1, 143: 143 16 3;vaiśaṃpāyanaḥ |;PARTLY;+ vaiśampāyana - vidhu;"Mahābhārata" MBh, 1, 143: 143 19 3;vaiśaṃpāyanaḥ |;PARTLY;+ vaiśampāyana - vidhu;"Mahābhārata" MBh, 1, 143: 143 27 3;vaiśaṃpāyanaḥ |;PARTLY;+ vaiśampāyana - vidhu;"Mahābhārata" MBh, 1, 143: 143 36 5;vaiśaṃpāyanaḥ |;PARTLY;+ vaiśampāyana - vidhu;"Mahābhārata" MBh, 1, 143: 143 37 2;hiḍimbā |;PARTLY;+ hiḍimbā - vidhu;"Mahābhārata" MBh, 1, 144: 144 6 3;vyāsaḥ |;PARTLY;+ vyāsa - vidhu;"Mahābhārata" MBh, 1, 144: 144 12 6;vyāsaḥ |;PARTLY;+ vyāsa - vidhu;"Mahābhārata" MBh, 1, 145: 145 4 5;nāgarāḥ |;PARTLY;+ nāgara - vidhu;"Mahābhārata" MBh, 1, 145: 145 29 4;brāhmaṇī |;PARTLY;+ brāhmaṇī - vidhu;"Mahābhārata" MBh, 1, 145: 145 29 6;dvijaḥ |;PARTLY;+ dvija - vidhu;"Mahābhārata" MBh, 1, 146: 146 19 3;hrīyamāṇām anāgasāḥ |;PARTLY;+ hrī - vidhu;"Mahābhārata" MBh, 1, 150: 150 27 3;vaiśaṃpāyanaḥ |;PARTLY;+ vaiśampāyana - vidhu;"Mahābhārata" MBh, 1, 151: 151 1 4;vaiśaṃpāyanaḥ |;PARTLY;+ vaiśampāyana - vidhu;"Mahābhārata" MBh, 1, 151: 151 1 5;bhīmasenaḥ |;PARTLY;+ bhīmasena - vidhu;"Mahābhārata" MBh, 1, 151: 151 1 6;vaiśaṃpāyanaḥ |;PARTLY;+ vaiśampāyana - vidhu;"Mahābhārata" MBh, 1, 151: 151 13 6;vaiśaṃpāyanaḥ |;PARTLY;+ vaiśampāyana - vidhu;"Mahābhārata" MBh, 1, 151: 151 25 34;brāhmaṇaḥ |;PARTLY;+ brāhmaṇa - vidhu;"Mahābhārata" MBh, 1, 151: 151 25 35;vaiśaṃpāyanaḥ |;PARTLY;+ vaiśampāyana - vidhu;"Mahābhārata" MBh, 1, 154: 154 18 3;droṇaḥ |;PARTLY;+ droṇa - vidhu;"Mahābhārata" MBh, 1, 157: 157 16 3;vaiśaṃpāyanaḥ |;PARTLY;+ vaiśampāyana - vidhu;"Mahābhārata" MBh, 1, 157: 157 16 4;yudhiṣṭhiraḥ |;PARTLY;+ yudhiṣṭhira - vidhu;"Mahābhārata" MBh, 1, 157: 157 16 5;brāhmaṇāḥ |;PARTLY;+ brāhmaṇa - vidhu;"Mahābhārata" MBh, 1, 157: 157 16 6;yudhiṣṭhiraḥ |;PARTLY;+ yudhiṣṭhira - vidhu;"Mahābhārata" MBh, 1, 162: 162 18 3;gandharvaḥ |;PARTLY;+ gandharva - vidhu;"Mahābhārata" MBh, 1, 162: 162 18 4;vasiṣṭhaḥ |;PARTLY;+ vasiṣṭha - vidhu;"Mahābhārata" MBh, 1, 162: 162 18 5;sūryaḥ |;PARTLY;+ sūrya - vidhu;"Mahābhārata" MBh, 1, 166: 166 1 1;arjunaḥ |;PARTLY;+ arjuna - vidhu;"Mahābhārata" MBh, 1, 173: 173 1 1;gandharvaḥ |;PARTLY;+ gandharva - vidhu;"Mahābhārata" MBh, 1, 182: 182 15 5;janamejayaḥ |;PARTLY;+ janamejaya - vidhu;"Mahābhārata" MBh, 1, 182: 182 15 6;vaiśaṃpāyanaḥ |;PARTLY;+ vaiśampāyana - vidhu;"Mahābhārata" MBh, 1, 188: 188 22 5;vyāsaḥ |;PARTLY;+ vyāsa - vidhu;"Mahābhārata" MBh, 1, 188: 188 22 6;ṛṣiḥ |;PARTLY;+ ṛṣi - vidhu;"Mahābhārata" MBh, 1, 188: 188 22 7;vyāsaḥ |;PARTLY;+ vyāsa - vidhu;"Mahābhārata" MBh, 1, 188: 188 22 8;nāﾱāyanī |;PARTLY;+ nālāyanī - vidhu;"Mahābhārata" MBh, 1, 188: 188 22 9;vyāsaḥ |;PARTLY;+ vyāsa - vidhu;"Mahābhārata" MBh, 1, 188: 188 22 10;drupadaḥ |;PARTLY;+ drupada - vidhu;"Mahābhārata" MBh, 1, 188: 188 22 11;vyāsaḥ |;PARTLY;+ vyāsa - vidhu;"Mahābhārata" MBh, 1, 188: 188 22 12;indrasenā |;PARTLY;+ indrasenā - vidhu;"Mahābhārata" MBh, 1, 188: 188 22 13;ṛṣiḥ |;PARTLY;+ ṛṣi - vidhu;"Mahābhārata" MBh, 1, 188: 188 22 14;vyāsaḥ |;PARTLY;+ vyāsa - vidhu;"Mahābhārata" MBh, 1, 188: 188 22 15;nāﾱāyanī |;PARTLY;+ nālāyanī - vidhu;"Mahābhārata" MBh, 1, 188: 188 22 16;maheśvaraḥ |;PARTLY;+ maheśvara - vidhu;"Mahābhārata" MBh, 1, 188: 188 22 17;nāﾱāyanī |;PARTLY;+ nālāyanī - vidhu;"Mahābhārata" MBh, 1, 188: 188 22 18;maheśvaraḥ |;PARTLY;+ maheśvara - vidhu;"Mahābhārata" MBh, 1, 188: 188 22 19;nāﾱāyanī |;PARTLY;+ nālāyanī - vidhu;"Mahābhārata" MBh, 1, 188: 188 22 20;maheśvaraḥ |;PARTLY;+ maheśvara - vidhu;"Mahābhārata" MBh, 1, 188: 188 22 21;vyāsaḥ |;PARTLY;+ vyāsa - vidhu;"Mahābhārata" MBh, 1, 189: 189 49 3;vyāsaḥ |;PARTLY;+ vyāsa - vidhu;"Mahābhārata" MBh, 1, 192: 192 7 3;vaiśaṃpāyanaḥ |;PARTLY;+ vaiśampāyana - vidhu;"Mahābhārata" MBh, 1, 192: 192 7 4;śakuniḥ |;PARTLY;+ śakuni - vidhu;"Mahābhārata" MBh, 1, 192: 192 7 5;vaiśaṃpāyanaḥ |;PARTLY;+ vaiśampāyana - vidhu;"Mahābhārata" MBh, 1, 192: 192 7 6;vaiśaṃpāyanaḥ |;PARTLY;+ vaiśampāyana - vidhu;"Mahābhārata" MBh, 1, 192: 192 17 3;vaiśaṃpāyanaḥ |;PARTLY;+ vaiśampāyana - vidhu;"Mahābhārata" MBh, 1, 193: 193 1 1;vaiśaṃpāyanaḥ |;PARTLY;+ vaiśampāyana - vidhu;"Mahābhārata" MBh, 1, 197: 197 29 3;dhṛtarāṣṭraḥ |;PARTLY;+ dhṛtarāṣṭra - vidhu;"Mahābhārata" MBh, 1, 199: 199 9 3;vaiśaṃpāyanaḥ |;PARTLY;+ vaiśampāyana - vidhu;"Mahābhārata" MBh, 1, 199: 199 9 4;kuntī |;PARTLY;+ kuntī - vidhu;"Mahābhārata" MBh, 1, 199: 199 9 5;vaiśaṃpāyanaḥ |;PARTLY;+ vaiśampāyana - vidhu;"Mahābhārata" MBh, 1, 199: 199 9 6;viduraḥ |;PARTLY;+ vidura - vidhu;"Mahābhārata" MBh, 1, 199: 199 22 3;vaiśaṃpāyanaḥ |;PARTLY;+ vaiśampāyana - vidhu;"Mahābhārata" MBh, 1, 199: 199 25 4;dhṛtarāṣṭraḥ |;PARTLY;+ dhṛtarāṣṭra - vidhu;"Mahābhārata" MBh, 1, 199: 199 25 5;vaiśaṃpāyanaḥ |;PARTLY;+ vaiśampāyana - vidhu;"Mahābhārata" MBh, 1, 199: 199 25 7;vaiśaṃpāyanaḥ |;PARTLY;+ vaiśampāyana - vidhu;"Mahābhārata" MBh, 1, 199: 199 25 8;vaiśaṃpāyanaḥ |;PARTLY;+ vaiśampāyana - vidhu;"Mahābhārata" MBh, 1, 199: 199 49 4;vaiśaṃpāyanaḥ |;PARTLY;+ vaiśampāyana - vidhu;"Mahābhārata" MBh, 1, 199: 199 49 5;kuntī |;PARTLY;+ kuntī - vidhu;"Mahābhārata" MBh, 1, 199: 199 49 6;vaiśaṃpāyanaḥ |;PARTLY;+ vaiśampāyana - vidhu;"Mahābhārata" MBh, 1, 210: 210 2 3;satyabhāmā |;PARTLY;+ satyabhāmā - vidhu;"Mahābhārata" MBh, 1, 210: 210 2 5;vaiśaṃpāyanaḥ |;PARTLY;+ vaiśampāyana - vidhu;"Mahābhārata" MBh, 1, 212: 212 1 4;vaiśaṃpāyanaḥ |;PARTLY;+ vaiśampāyana - vidhu;"Mahābhārata" MBh, 1, 212: 212 1 6;vaiśaṃpāyanaḥ |;PARTLY;+ vaiśampāyana - vidhu;"Mahābhārata" MBh, 1, 212: 212 1 7;vāsudevaḥ |;PARTLY;+ vāsudeva - vidhu;"Mahābhārata" MBh, 1, 212: 212 1 8;baladevaḥ |;PARTLY;+ baladeva - vidhu;"Mahābhārata" MBh, 1, 212: 212 1 9;vaiśaṃpāyanaḥ |;PARTLY;+ vaiśampāyana - vidhu;"Mahābhārata" MBh, 1, 213: 213 12 2;vaiśaṃpāyanaḥ |;PARTLY;+ vaiśampāyana - vidhu;"Mahābhārata" MBh, 1, 213: 213 21 5;vaiśaṃpāyanaḥ |;PARTLY;+ vaiśampāyana - vidhu;"Mahābhārata" MBh, 1, 217: 217 1 4;janamejayaḥ |;PARTLY;+ janamejaya - vidhu;"Mahābhārata" MBh, 1, 217: 217 1 5;vaiśaṃpāyanaḥ |;PARTLY;+ vaiśampāyana - vidhu;"Mahābhārata" MBh, 2, 0: 226 1 14;janamejayaḥ |;PARTLY;+ janamejaya - vidhu;"Mahābhārata" MBh, 2, 1: 227 8 3;mayaḥ |;PARTLY;+ maya - vidhu;"Mahābhārata" MBh, 2, 9: 235 20 15;saritaḥ sarvataścānyās |;PARTLY;+ sarit - vidhu;"Mahābhārata" MBh, 2, 12: 238 17 2;vaiśaṃpāyanaḥ |;PARTLY;+ vaiśampāyana - vidhu;"Mahābhārata" MBh, 2, 12: 238 29 3;dūtaḥ |;PARTLY;+ dūta - vidhu;"Mahābhārata" MBh, 2, 54: 280 23 1;vaiśaṃpāyana uvāca |;PARTLY;+ vac - vidhu;"Mahābhārata" MBh, 3, 135: 433 19 1;yavakrīr uvāca |;PARTLY;+ vac - vidhu;"Mahābhārata" MBh, 3, 135: 433 27 1;yavakrīr uvāca |;PARTLY;+ vac - vidhu;"Mahābhārata" MBh, 3, 135: 433 37 1;yavakrīr uvāca |;PARTLY;+ vac - vidhu;"Mahābhārata" MBh, 3, 135: 433 39 1;yavakrīr uvāca |;PARTLY;+ vac - vidhu;"Mahābhārata" MBh, 3, 136: 434 1 1;yavakrīr uvāca |;PARTLY;+ vac - vidhu;"Mahābhārata" MBh, 3, 136: 434 17 1;yavakrīr uvāca |;PARTLY;+ vac - vidhu;"Mahābhārata" MBh, 3, 191: 489 27 2;sādhu |;PARTLY;+ sādhu - vidhu;"Mahābhārata" MBh, 4, 1: 598 2 4;vaiśaṃpāyanaḥ |;PARTLY;+ vaiśampāyana - vidhu;"Mahābhārata" MBh, 4, 1: 598 24 2;vaiśaṃpāyanaḥ |;PARTLY;+ vaiśampāyana - vidhu;"Mahābhārata" MBh, 4, 1: 598 24 5;yudhiṣṭhiraḥ |;PARTLY;+ yudhiṣṭhira - vidhu;"Mahābhārata" MBh, 4, 2: 599 20 3;yudhiṣṭhiraḥ |;PARTLY;+ yudhiṣṭhira - vidhu;"Mahābhārata" MBh, 4, 5: 602 6 4;yudhiṣṭhiraḥ |;PARTLY;+ yudhiṣṭhira - vidhu;"Mahābhārata" MBh, 4, 5: 602 6 9;nakulaḥ |;PARTLY;+ nakula - vidhu;"Mahābhārata" MBh, 4, 5: 602 6 14;yudhiṣṭhiraḥ |;PARTLY;+ yudhiṣṭhira - vidhu;"Mahābhārata" MBh, 4, 5: 602 6 16;sahadevaḥ |;PARTLY;+ sahadeva - vidhu;"Mahābhārata" MBh, 4, 5: 602 11 4;vaiśaṃpāyanaḥ |;PARTLY;+ vaiśampāyana - vidhu;"Mahābhārata" MBh, 4, 5: 602 24 9;vaiśaṃpāyanaḥ |;PARTLY;+ vaiśampāyana - vidhu;"Mahābhārata" MBh, 4, 5: 602 24 15;yudhiṣṭhiraḥ |;PARTLY;+ yudhiṣṭhira - vidhu;"Mahābhārata" MBh, 4, 5: 602 24 37;vaiśaṃpāyanaḥ |;PARTLY;+ vaiśampāyana - vidhu;"Mahābhārata" MBh, 4, 53: 650 21 2;ubhau divyāstraviduṣāvubhāvuttamatejasau |;PARTLY;+ ubh - vidhu;"Mahābhārata" MBh, 7, 146: 1124 1 1;saṃjaya uvāca |;PARTLY;+ saṁjaya - vidhu;"Mahābhārata" MBh, 12, 139: 1467 9 1;bhīṣma uvāca |;PARTLY;+ bhīṣma - vidhu;"Mahābhārata" MBh, 12, 170: 1498 12 2;prabhavanti dhanajyāninirmuktasya nirāśiṣaḥ ||;PARTLY;+ prabhū - vidhu;"Mahābhārata" MBh, 12, 329: 1657 36 2;gaccha |;PARTLY;+ gam - vidhu;"Mugdhāvabodhinī" MuA zu RHT, 1, 1.2: 1 24 0;iti ||;PARTLY;+ iti - vidhu;"Mugdhāvabodhinī" MuA zu RHT, 1, 1.2: 1 26 0;iti ||;PARTLY;+ iti - vidhu;"Mugdhāvabodhinī" MuA zu RHT, 1, 2.2: 2 22 0;iti ||;PARTLY;+ iti - vidhu;"Mugdhāvabodhinī" MuA zu RHT, 1, 3.2: 3 4 0;iti ||;PARTLY;+ iti - vidhu;"Mugdhāvabodhinī" MuA zu RHT, 1, 3.2: 3 10 0;iti ||;PARTLY;+ iti - vidhu;"Mugdhāvabodhinī" MuA zu RHT, 1, 3.2: 3 12 0;iti ||;PARTLY;+ iti - vidhu;"Mugdhāvabodhinī" MuA zu RHT, 1, 3.2: 3 14 0;iti ||;PARTLY;+ iti - vidhu;"Mugdhāvabodhinī" MuA zu RHT, 1, 3.2: 3 17 0;iti ||;PARTLY;+ iti - vidhu;"Mugdhāvabodhinī" MuA zu RHT, 1, 3.2: 3 23 0;iti ||;PARTLY;+ iti - vidhu;"Mugdhāvabodhinī" MuA zu RHT, 1, 3.2: 3 25 0;iti ||;PARTLY;+ iti - vidhu;"Mugdhāvabodhinī" MuA zu RHT, 1, 3.2: 3 30 1;yathā |;PARTLY;+ yathā - vidhu;"Mugdhāvabodhinī" MuA zu RHT, 1, 6.2: 7 9 4;iti ||;PARTLY;+ iti - vidhu;"Mugdhāvabodhinī" MuA zu RHT, 1, 6.2: 7 11 3;iti ||;PARTLY;+ iti - vidhu;"Mugdhāvabodhinī" MuA zu RHT, 1, 7.2: 8 12 0;iti ||;PARTLY;+ iti - vidhu;"Mugdhāvabodhinī" MuA zu RHT, 1, 13.2: 12 10 0;iveti sādṛśye ||;PARTLY;+ sādṛśya - vidhu;"Mugdhāvabodhinī" MuA zu RHT, 1, 21.2: 20 3 0;iti ||;PARTLY;+ iti - vidhu;"Mugdhāvabodhinī" MuA zu RHT, 1, 23.2: 22 7 0;iti ||;PARTLY;+ iti - vidhu;"Mugdhāvabodhinī" MuA zu RHT, 1, 25.2: 24 3 0;ityādi ||;PARTLY;+ ityādi - vidhu;"Mugdhāvabodhinī" MuA zu RHT, 1, 26.2: 25 3 0;iti ||;PARTLY;+ iti - vidhu;"Mugdhāvabodhinī" MuA zu RHT, 1, 30.2: 28 5 0;iti ||;PARTLY;+ iti - vidhu;"Mugdhāvabodhinī" MuA zu RHT, 2, 6.2: 36 16 3;iti ||;PARTLY;+ iti - vidhu;"Mugdhāvabodhinī" MuA zu RHT, 2, 7.2: 37 14 0;iti ||;PARTLY;+ iti - vidhu;"Mugdhāvabodhinī" MuA zu RHT, 2, 8.2: 38 12 0;iti ||;PARTLY;+ iti - vidhu;"Mugdhāvabodhinī" MuA zu RHT, 2, 16.2: 39 12 0;iti ||;PARTLY;+ iti - vidhu;"Mugdhāvabodhinī" MuA zu RHT, 2, 17.2: 40 9 0;iti ||;PARTLY;+ iti - vidhu;"Mugdhāvabodhinī" MuA zu RHT, 2, 18.2: 41 11 0;iti ||;PARTLY;+ iti - vidhu;"Mugdhāvabodhinī" MuA zu RHT, 2, 21.1: 43 9 0;iti ||;PARTLY;+ iti - vidhu;"Mugdhāvabodhinī" MuA zu RHT, 3, 3.2: 46 8 0;iti ||;PARTLY;+ iti - vidhu;"Mugdhāvabodhinī" MuA zu RHT, 3, 3.2: 46 12 0;iti ||;PARTLY;+ iti - vidhu;"Mugdhāvabodhinī" MuA zu RHT, 3, 4.2: 47 3 1;yathā |;PARTLY;+ yathā - vidhu;"Mugdhāvabodhinī" MuA zu RHT, 3, 4.2: 47 5 0;iti ||;PARTLY;+ iti - vidhu;"Mugdhāvabodhinī" MuA zu RHT, 3, 4.2: 47 23 0;iti ||;PARTLY;+ iti - vidhu;"Mugdhāvabodhinī" MuA zu RHT, 3, 5.2: 48 15 2;iti ||;PARTLY;+ iti - vidhu;"Mugdhāvabodhinī" MuA zu RHT, 3, 6.2: 49 5 0;iti ||;PARTLY;+ iti - vidhu;"Mugdhāvabodhinī" MuA zu RHT, 3, 6.2: 49 13 0;iti ||;PARTLY;+ iti - vidhu;"Mugdhāvabodhinī" MuA zu RHT, 3, 6.2: 49 15 0;iti ||;PARTLY;+ iti - vidhu;"Mugdhāvabodhinī" MuA zu RHT, 3, 9.2: 50 12 2;iti ||;PARTLY;+ iti - vidhu;"Mugdhāvabodhinī" MuA zu RHT, 3, 10.2: 51 9 0;iti ||;PARTLY;+ iti - vidhu;"Mugdhāvabodhinī" MuA zu RHT, 3, 10.2: 51 11 0;iti ||;PARTLY;+ iti - vidhu;"Mugdhāvabodhinī" MuA zu RHT, 3, 11.2: 52 10 0;iti ||;PARTLY;+ iti - vidhu;"Mugdhāvabodhinī" MuA zu RHT, 3, 11.2: 52 13 0;iti ||;PARTLY;+ iti - vidhu;"Mugdhāvabodhinī" MuA zu RHT, 3, 15.2: 54 10 0;iti ||;PARTLY;+ iti - vidhu;"Mugdhāvabodhinī" MuA zu RHT, 3, 16.2: 55 10 2;iti ||;PARTLY;+ iti - vidhu;"Mugdhāvabodhinī" MuA zu RHT, 3, 16.2: 55 11 3;iti ||;PARTLY;+ iti - vidhu;"Mugdhāvabodhinī" MuA zu RHT, 3, 16.2: 55 12 4;iti ||;PARTLY;+ iti - vidhu;"Mugdhāvabodhinī" MuA zu RHT, 3, 17.2: 56 9 0;iti ||;PARTLY;+ iti - vidhu;"Mugdhāvabodhinī" MuA zu RHT, 3, 19.2: 58 7 0;iti ||;PARTLY;+ iti - vidhu;"Mugdhāvabodhinī" MuA zu RHT, 3, 24.1: 60 8 2;iti ||;PARTLY;+ iti - vidhu;"Mugdhāvabodhinī" MuA zu RHT, 4, 8.2: 72 2 3;iti ||;PARTLY;+ iti - vidhu;"Mugdhāvabodhinī" MuA zu RHT, 4, 16.2: 79 5 4;iti ||;PARTLY;+ iti - vidhu;"Mugdhāvabodhinī" MuA zu RHT, 5, 7.2: 94 3 4;iti ||;PARTLY;+ iti - vidhu;"Mugdhāvabodhinī" MuA zu RHT, 5, 7.2: 94 5 2;kaṅguṇikaṃ vinādoṣākarañjaśrīphalodbhavam |;PARTLY;+ kaṅguṇikā - vidhu;"Mugdhāvabodhinī" MuA zu RHT, 5, 7.2: 94 5 7;iti ||;PARTLY;+ iti - vidhu;"Mugdhāvabodhinī" MuA zu RHT, 5, 7.2: 94 9 5;iti ||;PARTLY;+ iti - vidhu;"Mugdhāvabodhinī" MuA zu RHT, 5, 35.2: 113 3 4;iti ||;PARTLY;+ iti - vidhu;"Mugdhāvabodhinī" MuA zu RHT, 5, 58.2: 125 22 4;iti ||;PARTLY;+ iti - vidhu;"Mugdhāvabodhinī" MuA zu RHT, 7, 3.2: 137 4 3;iti ||;PARTLY;+ iti - vidhu;"Mugdhāvabodhinī" MuA zu RHT, 10, 5.2: 174 8 0;yugmam ||;PARTLY;+ yugma - vidhu;"Mugdhāvabodhinī" MuA zu RHT, 12, 10.1: 205 8 4;iti ||;PARTLY;+ iti - vidhu;"Mugdhāvabodhinī" MuA zu RHT, 12, 13.1: 208 2 4;iti ||;PARTLY;+ iti - vidhu;"Mugdhāvabodhinī" MuA zu RHT, 13, 1.2: 209 4 4;iti ||;PARTLY;+ iti - vidhu;"Mugdhāvabodhinī" MuA zu RHT, 14, 8.1: 218 4 4;iti ||;PARTLY;+ iti - vidhu;"Mugdhāvabodhinī" MuA zu RHT, 19, 33.2: 338 8 4;ityādibhiḥ ||;PARTLY;+ ityādi - vidhu;"Mugdhāvabodhinī" MuA zu RHT, 19, 38.2: 342 5 0;yugmam ||;PARTLY;+ yugma - vidhu;"Mugdhāvabodhinī" MuA zu RHT, 19, 41.2: 344 2 3;iti ||;PARTLY;+ iti - vidhu;"Mugdhāvabodhinī" MuA zu RHT, 19, 41.2: 344 3 3;iti ||;PARTLY;+ iti - vidhu;"Mugdhāvabodhinī" MuA zu RHT, 19, 76.2: 367 2 4;iti ||;PARTLY;+ iti - vidhu;"Matsyapurāṇa" MPur, 74: 73 1 2;bhagavan bhavasaṃsārasāgarottārakāraka |;PARTLY;+ bhagavant - vidhu;"Rājamārtaṇḍa" RājMār zu YS, 3, 47.1: 7 4 0;acayāryavattve pūrvavat ||;PARTLY;+ pūrvavat - vidhu;"Hitopadeśa" Hitop, 1: 1 26 1;yataḥ |;PARTLY;+ yatas - vidhu;"Hitopadeśa" Hitop, 1: 1 42 3;yataḥ |;PARTLY;+ yatas - vidhu;"Hitopadeśa" Hitop, 2: 2 3 11;yataḥ |;PARTLY;+ yatas - vidhu;"Hitopadeśa" Hitop, 2: 2 6 7;yataḥ |;PARTLY;+ yatas - vidhu;"Hitopadeśa" Hitop, 2: 2 10 3;yataḥ |;PARTLY;+ yatas - vidhu;"Hitopadeśa" Hitop, 2: 2 11 2;śṛṇu |;PARTLY;+ śru - vidhu;"Hitopadeśa" Hitop, 2: 2 22 4;yataḥ |;PARTLY;+ yatas - vidhu;"Hitopadeśa" Hitop, 2: 2 24 1;yataḥ |;PARTLY;+ yatas - vidhu;"Hitopadeśa" Hitop, 2: 2 26 2;yataḥ |;PARTLY;+ yatas - vidhu;"Hitopadeśa" Hitop, 2: 2 29 2;yataḥ |;PARTLY;+ yatas - vidhu;"Hitopadeśa" Hitop, 2: 2 30 2;yataḥ |;PARTLY;+ yatas - vidhu;"Hitopadeśa" Hitop, 2: 2 32 3;yataḥ |;PARTLY;+ yatas - vidhu;"Hitopadeśa" Hitop, 2: 2 35 2;yataḥ |;PARTLY;+ yatas - vidhu;"Hitopadeśa" Hitop, 2: 2 42 12;yataḥ |;PARTLY;+ yatas - vidhu;"Hitopadeśa" Hitop, 2: 2 44 2;yataḥ |;PARTLY;+ yatas - vidhu;"Hitopadeśa" Hitop, 2: 2 49 1;yataḥ |;PARTLY;+ yatas - vidhu;"Hitopadeśa" Hitop, 2: 2 50 5;yataḥ |;PARTLY;+ yatas - vidhu;"Hitopadeśa" Hitop, 2: 2 57 8;athavā |;PARTLY;+ athavā - vidhu;"Hitopadeśa" Hitop, 2: 2 58 8;yataḥ |;PARTLY;+ yatas - vidhu;"Hitopadeśa" Hitop, 2: 2 65 7;yataḥ |;PARTLY;+ yatas - vidhu;"Hitopadeśa" Hitop, 2: 2 72 3;yataḥ |;PARTLY;+ yatas - vidhu;"Hitopadeśa" Hitop, 2: 2 73 14;yataḥ |;PARTLY;+ yatas - vidhu;"Hitopadeśa" Hitop, 2: 2 79 2;yataḥ |;PARTLY;+ yatas - vidhu;"Hitopadeśa" Hitop, 2: 2 100 2;yataḥ |;PARTLY;+ yatas - vidhu;"Hitopadeśa" Hitop, 2: 2 104 2;yataḥ |;PARTLY;+ yatas - vidhu;"Hitopadeśa" Hitop, 2: 2 108 3;yataḥ |;PARTLY;+ yatas - vidhu;"Hitopadeśa" Hitop, 2: 2 112 5;yataḥ |;PARTLY;+ yatas - vidhu;"Hitopadeśa" Hitop, 2: 2 113 1;tathā |;PARTLY;+ tathā - vidhu;"Hitopadeśa" Hitop, 2: 2 115 12;yataḥ |;PARTLY;+ yatas - vidhu;"Hitopadeśa" Hitop, 2: 2 117 6;yataḥ |;PARTLY;+ yatas - vidhu;"Hitopadeśa" Hitop, 2: 2 127 2;yataḥ |;PARTLY;+ yatas - vidhu;"Hitopadeśa" Hitop, 2: 2 128 2;yataḥ |;PARTLY;+ yatas - vidhu;"Hitopadeśa" Hitop, 2: 2 145 2;yataḥ |;PARTLY;+ yatas - vidhu;"Hitopadeśa" Hitop, 2: 2 146 1;ataḥ |;PARTLY;+ atas - vidhu;"Hitopadeśa" Hitop, 2: 2 149 3;śṛṇu |;PARTLY;+ śru - vidhu;"Hitopadeśa" Hitop, 2: 2 151 1;yataḥ |;PARTLY;+ yatas - vidhu;"Hitopadeśa" Hitop, 2: 2 153 1;yataḥ |;PARTLY;+ yatas - vidhu;"Hitopadeśa" Hitop, 2: 2 159 4;athavā |;PARTLY;+ athavā - vidhu;"Hitopadeśa" Hitop, 2: 2 163 1;yātu |;PARTLY;+ yā - vidhu;"Hitopadeśa" Hitop, 2: 2 163 3;yataḥ |;PARTLY;+ yatas - vidhu;"Hitopadeśa" Hitop, 2: 2 164 2;yataḥ |;PARTLY;+ yatas - vidhu;"Hitopadeśa" Hitop, 2: 2 175 1;yataḥ |;PARTLY;+ yatas - vidhu;"Hitopadeśa" Hitop, 2: 2 181 2;yataḥ |;PARTLY;+ yatas - vidhu;"Hitopadeśa" Hitop, 2: 2 182 2;yataḥ |;PARTLY;+ yatas - vidhu;"Hitopadeśa" Hitop, 2: 2 183 1;aparaṃ ca |;PARTLY;+ apara - vidhu;"Hitopadeśa" Hitop, 2: 2 184 13;yataḥ |;PARTLY;+ yatas - vidhu;"Hitopadeśa" Hitop, 2: 2 185 2;yataḥ |;PARTLY;+ yatas - vidhu;"Hitopadeśa" Hitop, 2: 2 188 12;yataḥ |;PARTLY;+ yatas - vidhu;"Hitopadeśa" Hitop, 2: 2 196 2;yataḥ |;PARTLY;+ yatas - vidhu;"Hitopadeśa" Hitop, 2: 2 200 15;yataḥ |;PARTLY;+ yatas - vidhu;"Hitopadeśa" Hitop, 3: 3 2 5;yataḥ |;PARTLY;+ yatas - vidhu;"Hitopadeśa" Hitop, 3: 3 6 1;yataḥ |;PARTLY;+ yatas - vidhu;"Hitopadeśa" Hitop, 3: 3 10 1;yataḥ |;PARTLY;+ yatas - vidhu;"Hitopadeśa" Hitop, 3: 3 13 1;yataḥ |;PARTLY;+ yatas - vidhu;"Hitopadeśa" Hitop, 3: 3 16 3;yataḥ |;PARTLY;+ yatas - vidhu;"Hitopadeśa" Hitop, 3: 3 28 2;yataḥ |;PARTLY;+ yatas - vidhu;"Hitopadeśa" Hitop, 3: 3 30 3;paśya |;PARTLY;+ paś - vidhu;"Hitopadeśa" Hitop, 3: 3 31 13;paśya |;PARTLY;+ paś - vidhu;"Hitopadeśa" Hitop, 3: 3 33 1;yataḥ |;PARTLY;+ yatas - vidhu;"Hitopadeśa" Hitop, 3: 3 34 5;yataḥ |;PARTLY;+ yatas - vidhu;"Hitopadeśa" Hitop, 3: 3 35 10;yataḥ |;PARTLY;+ yatas - vidhu;"Hitopadeśa" Hitop, 3: 3 38 1;paśya |;PARTLY;+ paś - vidhu;"Hitopadeśa" Hitop, 3: 3 46 4;yataḥ |;PARTLY;+ yatas - vidhu;"Hitopadeśa" Hitop, 3: 3 51 2;yataḥ |;PARTLY;+ yatas - vidhu;"Hitopadeśa" Hitop, 3: 3 52 2;paśya |;PARTLY;+ paś - vidhu;"Hitopadeśa" Hitop, 3: 3 54 1;yataḥ |;PARTLY;+ yatas - vidhu;"Hitopadeśa" Hitop, 3: 3 57 4;yataḥ |;PARTLY;+ yatas - vidhu;"Hitopadeśa" Hitop, 3: 3 58 1;paśya |;PARTLY;+ paś - vidhu;"Hitopadeśa" Hitop, 3: 3 63 2;yataḥ |;PARTLY;+ yatas - vidhu;"Hitopadeśa" Hitop, 3: 3 64 2;yataḥ |;PARTLY;+ yatas - vidhu;"Hitopadeśa" Hitop, 3: 3 65 2;yataḥ |;PARTLY;+ yatas - vidhu;"Hitopadeśa" Hitop, 3: 3 66 2;gacchāmi |;PARTLY;+ gam - vidhu;"Hitopadeśa" Hitop, 3: 3 67 2;yataḥ |;PARTLY;+ yatas - vidhu;"Hitopadeśa" Hitop, 3: 3 68 2;yataḥ |;PARTLY;+ yatas - vidhu;"Hitopadeśa" Hitop, 3: 3 71 1;yataḥ |;PARTLY;+ yatas - vidhu;"Hitopadeśa" Hitop, 3: 3 74 1;paśya |;PARTLY;+ paś - vidhu;"Hitopadeśa" Hitop, 3: 3 77 1;yataḥ |;PARTLY;+ yatas - vidhu;"Hitopadeśa" Hitop, 3: 3 80 5;ucyatām |;PARTLY;+ vac - vidhu;"Hitopadeśa" Hitop, 3: 3 80 10;śṛṇu |;PARTLY;+ śru - vidhu;"Hitopadeśa" Hitop, 3: 3 80 18;yataḥ |;PARTLY;+ yatas - vidhu;"Hitopadeśa" Hitop, 3: 3 81 8;paśya |;PARTLY;+ paś - vidhu;"Hitopadeśa" Hitop, 3: 3 87 6;gacchāmi |;PARTLY;+ gam - vidhu;"Hitopadeśa" Hitop, 3: 3 87 8;yataḥ |;PARTLY;+ yatas - vidhu;"Hitopadeśa" Hitop, 3: 3 95 1;yataḥ |;PARTLY;+ yatas - vidhu;"Hitopadeśa" Hitop, 3: 3 107 5;yataḥ |;PARTLY;+ yatas - vidhu;"Hitopadeśa" Hitop, 3: 3 112 17;yataḥ |;PARTLY;+ yatas - vidhu;"Hitopadeśa" Hitop, 3: 3 117 1;yataḥ |;PARTLY;+ yatas - vidhu;"Hitopadeśa" Hitop, 3: 3 121 7;yataḥ |;PARTLY;+ yatas - vidhu;"Hitopadeśa" Hitop, 3: 3 122 6;yataḥ |;PARTLY;+ yatas - vidhu;"Hitopadeśa" Hitop, 3: 3 124 22;yataḥ |;PARTLY;+ yatas - vidhu;"Hitopadeśa" Hitop, 3: 3 127 7;yataḥ |;PARTLY;+ yatas - vidhu;"Hitopadeśa" Hitop, 3: 3 130 1;kiṃca |;PARTLY;+ kiṁca - vidhu;"Hitopadeśa" Hitop, 3: 3 132 2;paśya |;PARTLY;+ paś - vidhu;"Hitopadeśa" Hitop, 3: 3 134 2;yataḥ |;PARTLY;+ yatas - vidhu;"Hitopadeśa" Hitop, 3: 3 136 3;yataḥ |;PARTLY;+ yatas - vidhu;"Hitopadeśa" Hitop, 3: 3 146 1;kiṃca |;PARTLY;+ kiṁca - vidhu;"Hitopadeśa" Hitop, 3: 3 147 2;kiṃca |;PARTLY;+ kiṁca - vidhu;"Hitopadeśa" Hitop, 3: 3 148 2;yataḥ |;PARTLY;+ yatas - vidhu;"Hitopadeśa" Hitop, 3: 3 150 9;athavā |;PARTLY;+ athavā - vidhu;"Hitopadeśa" Hitop, 3: 3 152 17;yataḥ |;PARTLY;+ yatas - vidhu;"Hitopadeśa" Hitop, 3: 3 154 3;paśya |;PARTLY;+ paś - vidhu;"Hitopadeśa" Hitop, 3: 3 155 1;yataḥ |;PARTLY;+ yatas - vidhu;"Hitopadeśa" Hitop, 3: 3 156 11;yataḥ |;PARTLY;+ yatas - vidhu;"Hitopadeśa" Hitop, 3: 3 159 2;yataḥ |;PARTLY;+ yatas - vidhu;"Hitopadeśa" Hitop, 3: 3 160 4;śṛṇu |;PARTLY;+ śru - vidhu;"Hitopadeśa" Hitop, 3: 3 162 1;kiṃca |;PARTLY;+ kiṁca - vidhu;"Hitopadeśa" Hitop, 3: 3 164 2;yataḥ |;PARTLY;+ yatas - vidhu;"Hitopadeśa" Hitop, 3: 3 166 2;yataḥ |;PARTLY;+ yatas - vidhu;"Hitopadeśa" Hitop, 3: 3 171 1;kiṃca |;PARTLY;+ kiṁca - vidhu;"Hitopadeśa" Hitop, 4: 4 2 5;yataḥ |;PARTLY;+ yatas - vidhu;"Hitopadeśa" Hitop, 4: 4 4 7;śrūyatām |;PARTLY;+ śru - vidhu;"Hitopadeśa" Hitop, 4: 4 7 10;yataḥ |;PARTLY;+ yatas - vidhu;"Hitopadeśa" Hitop, 4: 4 10 18;śṛṇu |;PARTLY;+ śru - vidhu;"Hitopadeśa" Hitop, 4: 4 13 1;kiṃtu |;PARTLY;+ kiṁtu - vidhu;"Hitopadeśa" Hitop, 4: 4 15 13;yataḥ |;PARTLY;+ yatas - vidhu;"Hitopadeśa" Hitop, 4: 4 17 25;yataḥ |;PARTLY;+ yatas - vidhu;"Hitopadeśa" Hitop, 4: 4 19 4;yataḥ |;PARTLY;+ yatas - vidhu;"Hitopadeśa" Hitop, 4: 4 21 2;yataḥ |;PARTLY;+ yatas - vidhu;"Hitopadeśa" Hitop, 4: 4 24 13;śrūyatām |;PARTLY;+ śru - vidhu;"Hitopadeśa" Hitop, 4: 4 24 24;kintu |;PARTLY;+ kiṁtu - vidhu;"Hitopadeśa" Hitop, 4: 4 25 3;paśya |;PARTLY;+ paś - vidhu;"Hitopadeśa" Hitop, 4: 4 29 5;yataḥ |;PARTLY;+ yatas - vidhu;"Hitopadeśa" Hitop, 4: 4 32 1;yataḥ |;PARTLY;+ yatas - vidhu;"Hitopadeśa" Hitop, 4: 4 33 8;yataḥ |;PARTLY;+ yatas - vidhu;"Hitopadeśa" Hitop, 4: 4 34 4;yataḥ |;PARTLY;+ yatas - vidhu;"Hitopadeśa" Hitop, 4: 4 35 3;yataḥ |;PARTLY;+ yatas - vidhu;"Hitopadeśa" Hitop, 4: 4 38 6;yataḥ |;PARTLY;+ yatas - vidhu;"Hitopadeśa" Hitop, 4: 4 39 1;paśya |;PARTLY;+ paś - vidhu;"Hitopadeśa" Hitop, 4: 4 40 9;yataḥ |;PARTLY;+ yatas - vidhu;"Hitopadeśa" Hitop, 4: 4 44 1;kiṃca |;PARTLY;+ kiṁca - vidhu;"Hitopadeśa" Hitop, 4: 4 50 1;kiṃca |;PARTLY;+ kiṁca - vidhu;"Hitopadeśa" Hitop, 4: 4 53 1;kiṃca |;PARTLY;+ kiṁca - vidhu;"Hitopadeśa" Hitop, 4: 4 57 5;yataḥ |;PARTLY;+ yatas - vidhu;"Hitopadeśa" Hitop, 4: 4 58 1;kiṃca |;PARTLY;+ kiṁca - vidhu;"Hitopadeśa" Hitop, 4: 4 60 21;yataḥ |;PARTLY;+ yatas - vidhu;"Hitopadeśa" Hitop, 4: 4 62 7;yataḥ |;PARTLY;+ yatas - vidhu;"Hitopadeśa" Hitop, 4: 4 67 2;yataḥ |;PARTLY;+ yatas - vidhu;"Hitopadeśa" Hitop, 4: 4 69 6;yataḥ |;PARTLY;+ yatas - vidhu;"Hitopadeśa" Hitop, 4: 4 80 1;yataḥ |;PARTLY;+ yatas - vidhu;"Hitopadeśa" Hitop, 4: 4 99 2;kintu |;PARTLY;+ kiṁtu - vidhu;"Hitopadeśa" Hitop, 4: 4 100 14;śṛṇu |;PARTLY;+ śru - vidhu;"Hitopadeśa" Hitop, 4: 4 102 46;yataḥ |;PARTLY;+ yatas - vidhu;"Hitopadeśa" Hitop, 4: 4 118 1;kiṃca |;PARTLY;+ kiṁca - vidhu;"Hitopadeśa" Hitop, 4: 4 121 3;yataḥ |;PARTLY;+ yatas - vidhu;"Hitopadeśa" Hitop, 4: 4 122 4;yataḥ |;PARTLY;+ yatas - vidhu;"Hitopadeśa" Hitop, 4: 4 123 2;samāśvasihi |;PARTLY;+ samāśvas - vidhu;"Hitopadeśa" Hitop, 4: 4 125 9;yataḥ |;PARTLY;+ yatas - vidhu;"Hitopadeśa" Hitop, 4: 4 127 1;yataḥ |;PARTLY;+ yatas - vidhu;"Hitopadeśa" Hitop, 4: 4 130 1;kiṃca |;PARTLY;+ kiṁca - vidhu;"Hitopadeśa" Hitop, 4: 4 131 1;yataḥ |;PARTLY;+ yatas - vidhu;"Hitopadeśa" Hitop, 4: 4 133 1;yataḥ |;PARTLY;+ yatas - vidhu;"Hitopadeśa" Hitop, 4: 4 138 4;yataḥ |;PARTLY;+ yatas - vidhu;"Hitopadeśa" Hitop, 4: 4 142 14;kintu |;PARTLY;+ kiṁtu - vidhu;"Hitopadeśa" Hitop, 4: 4 146 2;yataḥ |;PARTLY;+ yatas - vidhu;"Hitopadeśa" Hitop, 4: 4 148 8;yataḥ |;PARTLY;+ yatas - vidhu;"Hitopadeśa" Hitop, 5: 5 1 3;viṣṇuśarmeṇoktam śrūyatām |;PARTLY;+ śru - vidhu;"Hitopadeśa" Hitop, 5: 5 8 5;yataḥ |;PARTLY;+ yatas - vidhu;"Hitopadeśa" Hitop, 5: 5 11 13;kintu |;PARTLY;+ kiṁtu - vidhu;"Hitopadeśa" Hitop, 5: 5 12 23;iti |;PARTLY;+ iti - vidhu;"Hitopadeśa" Hitop, 5: 5 14 5;yataḥ |;PARTLY;+ yatas - vidhu;"Hitopadeśa" Hitop, 5: 5 17 3;śṛṇu |;PARTLY;+ śru - vidhu;"Hitopadeśa" Hitop, 5: 5 19 10;yataḥ |;PARTLY;+ yatas - vidhu;"Hitopadeśa" Hitop, 5: 5 20 1;kiṃca |;PARTLY;+ kiṁca - vidhu;"Hitopadeśa" Hitop, 5: 5 23 8;yataḥ |;PARTLY;+ yatas - vidhu;"Hitopadeśa" Hitop, 5: 5 36 3;vraja |;PARTLY;+ vraj - vidhu;"Hitopadeśa" Hitop, 5: 5 36 7;śṛṇu |;PARTLY;+ śru - vidhu;"Hitopadeśa" Hitop, 5: 5 55 10;yataḥ |;PARTLY;+ yatas - vidhu;"Hitopadeśa" Hitop, 5: 5 57 4;yataḥ |;PARTLY;+ yatas - vidhu;"Hitopadeśa" Hitop, 5: 5 60 10;yataḥ |;PARTLY;+ yatas - vidhu;"Hitopadeśa" Hitop, 5: 5 61 16;yataḥ |;PARTLY;+ yatas - vidhu;"Hitopadeśa" Hitop, 5: 5 65 8;yataḥ |;PARTLY;+ yatas - vidhu;"Hitopadeśa" Hitop, 5: 5 69 2;śṛṇu |;PARTLY;+ śru - vidhu;"Hitopadeśa" Hitop, 5: 5 75 1;yataḥ |;PARTLY;+ yatas - vidhu;"Hitopadeśa" Hitop, 5: 5 92 1;yataḥ |;PARTLY;+ yatas - vidhu;"Hitopadeśa" Hitop, 5: 5 96 1;yataḥ |;PARTLY;+ yatas - vidhu;"Hitopadeśa" Hitop, 5: 5 102 7;yataḥ |;PARTLY;+ yatas - vidhu;"Hitopadeśa" Hitop, 5: 5 104 3;yataḥ |;PARTLY;+ yatas - vidhu;"Hitopadeśa" Hitop, 5: 5 106 2;yataḥ |;PARTLY;+ yatas - vidhu;"Hitopadeśa" Hitop, 5: 5 107 3;yataḥ |;PARTLY;+ yatas - vidhu;"Hitopadeśa" Hitop, 5: 5 112 7;yataḥ |;PARTLY;+ yatas - vidhu;"Hitopadeśa" Hitop, 5: 5 140 2;yataḥ |;PARTLY;+ yatas - vidhu;"Hitopadeśa" Hitop, 5: 5 143 1;kiṃca |;PARTLY;+ kiṁca - vidhu;"Kāvyādarśa" KāvĀ, 2: 2 164 2;dharmeṇa haṃsasulabhenāspṛṣṭaghanajānitā ||;PARTLY;+ dharma - vidhu;"Rasendracintāmaṇi" RCint, 8: 8 163 2;akṣodātyantāmlasvacchajalena prayatnena ||;PARTLY;+ prayatna - vidhu;"Kirātārjunīya" Kir, 15: 15 25 1;devākānini kāvāde vāhikāsvasvakāhi vā |;PARTLY;+ vā - vidhu;"Kirātārjunīya" Kir, 15: 15 25 2;kākārebhabhare kākā nisvabhavyavyabhasvani ||;PARTLY;+ kāka - vidhu;"Rasasaṃketakalikā" RSK, 4: 4 17 1;puraṃ ṭaṅkadrayāṃ kṛṣṇadhūrtabījāṣṭaballakam |;PARTLY;+ pura - vidhu;"Rasasaṃketakalikā" RSK, 4: 4 71 1;saptadhā bhāvayetyaścāccaṇakakṣāravāriṇā |;PARTLY;+ saptadhā - vidhu;"Rasakāmadhenu" RKDh, 1, 2: 2 56 13;tasya |;PARTLY;+ tad - vidhu;"Rasakāmadhenu" RKDh, 1, 2: 2 73 2;varālakaḥ pāharaśca kuśikuddalivardhanam ||;PARTLY;+ varālaka - vidhu;"Rasakāmadhenu" RKDh, 1, 5: 3 21 2;rasaratnapradīpikāyām |;PARTLY;+ rasaratnapradīpikā - vidhu;"Rasakāmadhenu" RKDh, 1, 5: 3 48 2;rasendracintāmaṇau |;PARTLY;+ rasendracintāmaṇi - vidhu;"Rasakāmadhenu" RKDh, 1, 5: 3 107 1;rasaratnākare |;PARTLY;+ rasaratnākara - vidhu;"Comm. on the Kāvyālaṃkāravṛtti" Comm. on the Kāvyālaṃkāravṛtti zu Kāvyālaṃkāravṛtti, 1, Dvitīya adhyāyaḥ, 11: 16 6 0;udāharaṇam ||;PARTLY;+ udāharaṇa - vidhu;"Rasaratnasamuccayabodhinī" RRSBoṬ zu RRS, 2, 21.2: 3 2 6;iti ||;PARTLY;+ iti - vidhu;"Rasaratnasamuccayabodhinī" RRSBoṬ zu RRS, 2, 104.2: 9 3 0;iti ||;PARTLY;+ iti - vidhu;"Rasaratnasamuccayabodhinī" RRSBoṬ zu RRS, 2, 104.2: 9 6 0;iti ||;PARTLY;+ iti - vidhu;"Rasaratnasamuccayabodhinī" RRSBoṬ zu RRS, 2, 142.2: 11 3 0;iti ||;PARTLY;+ iti - vidhu;"Rasaratnasamuccayabodhinī" RRSBoṬ zu RRS, 4, 16.1: 24 2 0;iti ||;PARTLY;+ iti - vidhu;"Rasaratnasamuccayabodhinī" RRSBoṬ zu RRS, 8, 29.2: 74 3 0;iti ||;PARTLY;+ iti - vidhu;"Rasaratnasamuccayabodhinī" RRSBoṬ zu RRS, 8, 69.2: 96 4 0;iti ||;PARTLY;+ iti - vidhu;"Rasaratnasamuccayabodhinī" RRSBoṬ zu RRS, 8, 70.2: 97 8 0;iti ||;PARTLY;+ iti - vidhu;"Rasaratnasamuccayabodhinī" RRSBoṬ zu RRS, 8, 89.2: 110 2 4;iti ||;PARTLY;+ iti - vidhu;"Rasaratnasamuccayabodhinī" RRSBoṬ zu RRS, 9, 43.2: 133 5 0;iti ||;PARTLY;+ iti - vidhu;"Rasaratnasamuccayabodhinī" RRSBoṬ zu RRS, 9, 56.3: 139 5 1;kṛcidetad anantaraṃ |;PARTLY;+ anantaram - vidhu;"Rasaratnasamuccayabodhinī" RRSBoṬ zu RRS, 9, 75.2: 143 1 0;spaṣṭam ||;PARTLY;+ spaṣṭa - vidhu;"Rasaratnasamuccayabodhinī" RRSBoṬ zu RRS, 11, 71.2: 181 2 3;iti ||;PARTLY;+ iti - vidhu;"Madanapālanighaṇṭu" MPālNigh, 1: 1 145 1;madano vāntikṛcchrotravraṇastrāvavināśanaḥ |;PARTLY;+ madana - vidhu;"Liṅgapurāṇa" LiPur, 2, 26: 134 6 1;mantraḥ |;PARTLY;+ mantra - vidhu;"Kauśikasūtradārilabhāṣya" KDār, 2: 1 3 6;siddhatvāt |;PARTLY;+ siddhatva - vidhu;"Laṅkāvatārasūtra" LAS, 2: 2 153 1;pratyaśrauṣīt |;PARTLY;+ pratiśru - vidhu;"Aṣṭāṅgasaṃgraha" ASaṃ, 1, 12: 1 44 2;ropaṇī tvaggadakledamedomehakaphāsrajit ||;PARTLY;+ ropaṇa - vidhu;"Śārṅgadharasaṃhitādīpikā" ŚSDīp zu ŚdhSaṃh, 1, 3, 1.2: 2 4 4;iti ||;PARTLY;+ iti - vidhu;"Śārṅgadharasaṃhitādīpikā" ŚSDīp zu ŚdhSaṃh, 1, 3, 1.2: 2 5 4;iti ||;PARTLY;+ iti - vidhu;"Śārṅgadharasaṃhitādīpikā" ŚSDīp zu ŚdhSaṃh, 1, 3, 1.2: 2 9 1;yataḥ |;PARTLY;+ yatas - vidhu;"Śārṅgadharasaṃhitādīpikā" ŚSDīp zu ŚdhSaṃh, 1, 3, 1.2: 2 9 4;iti ||;PARTLY;+ iti - vidhu;"Śārṅgadharasaṃhitādīpikā" ŚSDīp zu ŚdhSaṃh, 1, 3, 5.2: 8 9 4;iti ||;PARTLY;+ iti - vidhu;"Śārṅgadharasaṃhitādīpikā" ŚSDīp zu ŚdhSaṃh, 1, 3, 9.1: 10 17 4;iti ||;PARTLY;+ iti - vidhu;"Śārṅgadharasaṃhitādīpikā" ŚSDīp zu ŚdhSaṃh, 1, 3, 9.1: 10 23 1;yataḥ |;PARTLY;+ yatas - vidhu;"Śārṅgadharasaṃhitādīpikā" ŚSDīp zu ŚdhSaṃh, 1, 3, 9.1: 10 23 4;iti ||;PARTLY;+ iti - vidhu;"Śārṅgadharasaṃhitādīpikā" ŚSDīp zu ŚdhSaṃh, 1, 3, 9.1: 10 25 0;dūṣyā ||;PARTLY;+ dūṣay - vidhu;"Śārṅgadharasaṃhitādīpikā" ŚSDīp zu ŚdhSaṃh, 2, 11, 1.2: 11 11 0;iti ||;PARTLY;+ iti - vidhu;"Śārṅgadharasaṃhitādīpikā" ŚSDīp zu ŚdhSaṃh, 2, 11, 27.1: 21 9 5;iti ||;PARTLY;+ iti - vidhu;"Śārṅgadharasaṃhitādīpikā" ŚSDīp zu ŚdhSaṃh, 2, 11, 35.2: 23 7 1;yataḥ |;PARTLY;+ yatas - vidhu;"Śārṅgadharasaṃhitādīpikā" ŚSDīp zu ŚdhSaṃh, 2, 11, 35.2: 23 8 2;iti ||;PARTLY;+ iti - vidhu;"Śārṅgadharasaṃhitādīpikā" ŚSDīp zu ŚdhSaṃh, 2, 11, 35.2: 23 15 10;iti ||;PARTLY;+ iti - vidhu;"Śārṅgadharasaṃhitādīpikā" ŚSDīp zu ŚdhSaṃh, 2, 11, 35.2: 23 22 6;ityādi ||;PARTLY;+ ityādi - vidhu;"Śārṅgadharasaṃhitādīpikā" ŚSDīp zu ŚdhSaṃh, 2, 11, 45.2: 27 7 0;iti ||;PARTLY;+ iti - vidhu;"Śārṅgadharasaṃhitādīpikā" ŚSDīp zu ŚdhSaṃh, 2, 11, 45.2: 27 14 1;yathā |;PARTLY;+ yathā - vidhu;"Śārṅgadharasaṃhitādīpikā" ŚSDīp zu ŚdhSaṃh, 2, 11, 45.2: 27 14 2;kṣamāmṛcchikharākāraliṅgānyevāmlite sati |;PARTLY;+ as - vidhu;"Śārṅgadharasaṃhitādīpikā" ŚSDīp zu ŚdhSaṃh, 2, 11, 45.2: 27 23 2;iti ||;PARTLY;+ iti - vidhu;"Śārṅgadharasaṃhitādīpikā" ŚSDīp zu ŚdhSaṃh, 2, 11, 45.2: 27 24 5;iti ||;PARTLY;+ iti - vidhu;"Śārṅgadharasaṃhitādīpikā" ŚSDīp zu ŚdhSaṃh, 2, 11, 48.1: 28 14 3;ityādi ||;PARTLY;+ ityādi - vidhu;"Śārṅgadharasaṃhitādīpikā" ŚSDīp zu ŚdhSaṃh, 2, 11, 53.1: 29 8 3;ityādi ||;PARTLY;+ ityādi - vidhu;"Śārṅgadharasaṃhitādīpikā" ŚSDīp zu ŚdhSaṃh, 2, 11, 53.1: 29 15 4;ityādi ||;PARTLY;+ ityādi - vidhu;"Śārṅgadharasaṃhitādīpikā" ŚSDīp zu ŚdhSaṃh, 2, 11, 58.1: 31 9 4;iti ||;PARTLY;+ iti - vidhu;"Śārṅgadharasaṃhitādīpikā" ŚSDīp zu ŚdhSaṃh, 2, 11, 61.1: 33 13 4;iti ||;PARTLY;+ iti - vidhu;"Śārṅgadharasaṃhitādīpikā" ŚSDīp zu ŚdhSaṃh, 2, 11, 66.1: 34 3 4;iti ||;PARTLY;+ iti - vidhu;"Śārṅgadharasaṃhitādīpikā" ŚSDīp zu ŚdhSaṃh, 2, 11, 66.1: 34 4 -1;iti |;PARTLY;+ iti - vidhu;"Śārṅgadharasaṃhitādīpikā" ŚSDīp zu ŚdhSaṃh, 2, 11, 66.1: 34 4 0;athavā |;PARTLY;+ athavā - vidhu;"Śārṅgadharasaṃhitādīpikā" ŚSDīp zu ŚdhSaṃh, 2, 11, 73.1: 37 10 4;iti ||;PARTLY;+ iti - vidhu;"Śārṅgadharasaṃhitādīpikā" ŚSDīp zu ŚdhSaṃh, 2, 11, 73.1: 37 14 1;eke |;PARTLY;+ eka - vidhu;"Śārṅgadharasaṃhitādīpikā" ŚSDīp zu ŚdhSaṃh, 2, 11, 78.2: 40 8 1;yataḥ |;PARTLY;+ yatas - vidhu;"Śārṅgadharasaṃhitādīpikā" ŚSDīp zu ŚdhSaṃh, 2, 11, 78.2: 40 9 0;iti ||;PARTLY;+ iti - vidhu;"Śārṅgadharasaṃhitādīpikā" ŚSDīp zu ŚdhSaṃh, 2, 11, 83.1: 41 11 2;iti ||;PARTLY;+ iti - vidhu;"Śārṅgadharasaṃhitādīpikā" ŚSDīp zu ŚdhSaṃh, 2, 11, 83.1: 41 13 3;iti ||;PARTLY;+ iti - vidhu;"Śārṅgadharasaṃhitādīpikā" ŚSDīp zu ŚdhSaṃh, 2, 11, 83.1: 41 21 4;iti ||;PARTLY;+ iti - vidhu;"Śārṅgadharasaṃhitādīpikā" ŚSDīp zu ŚdhSaṃh, 2, 11, 88.1: 44 4 1;yataḥ |;PARTLY;+ yatas - vidhu;"Śārṅgadharasaṃhitādīpikā" ŚSDīp zu ŚdhSaṃh, 2, 11, 88.1: 44 4 3;iti ||;PARTLY;+ iti - vidhu;"Śārṅgadharasaṃhitādīpikā" ŚSDīp zu ŚdhSaṃh, 2, 11, 88.1: 44 13 6;iti ||;PARTLY;+ iti - vidhu;"Śārṅgadharasaṃhitādīpikā" ŚSDīp zu ŚdhSaṃh, 2, 11, 92.1: 45 13 1;yataḥ |;PARTLY;+ yatas - vidhu;"Śārṅgadharasaṃhitādīpikā" ŚSDīp zu ŚdhSaṃh, 2, 11, 92.1: 45 13 4;iti ||;PARTLY;+ iti - vidhu;"Śārṅgadharasaṃhitādīpikā" ŚSDīp zu ŚdhSaṃh, 2, 11, 92.1: 45 17 3;iti ||;PARTLY;+ iti - vidhu;"Śārṅgadharasaṃhitādīpikā" ŚSDīp zu ŚdhSaṃh, 2, 11, 92.1: 45 27 2;iti ||;PARTLY;+ iti - vidhu;"Śārṅgadharasaṃhitādīpikā" ŚSDīp zu ŚdhSaṃh, 2, 11, 92.1: 45 30 0;iti ||;PARTLY;+ iti - vidhu;"Śārṅgadharasaṃhitādīpikā" ŚSDīp zu ŚdhSaṃh, 2, 11, 93.2: 46 5 2;iti ||;PARTLY;+ iti - vidhu;"Śārṅgadharasaṃhitādīpikā" ŚSDīp zu ŚdhSaṃh, 2, 11, 93.2: 46 7 0;satyam ||;PARTLY;+ satya - vidhu;"Śārṅgadharasaṃhitādīpikā" ŚSDīp zu ŚdhSaṃh, 2, 11, 93.2: 46 9 4;iti ||;PARTLY;+ iti - vidhu;"Śārṅgadharasaṃhitādīpikā" ŚSDīp zu ŚdhSaṃh, 2, 11, 93.2: 46 10 4;iti ||;PARTLY;+ iti - vidhu;"Śārṅgadharasaṃhitādīpikā" ŚSDīp zu ŚdhSaṃh, 2, 11, 93.2: 46 12 4;iti ||;PARTLY;+ iti - vidhu;"Śārṅgadharasaṃhitādīpikā" ŚSDīp zu ŚdhSaṃh, 2, 11, 93.2: 46 13 1;yataḥ |;PARTLY;+ yatas - vidhu;"Śārṅgadharasaṃhitādīpikā" ŚSDīp zu ŚdhSaṃh, 2, 11, 93.2: 46 13 4;iti ||;PARTLY;+ iti - vidhu;"Śārṅgadharasaṃhitādīpikā" ŚSDīp zu ŚdhSaṃh, 2, 11, 93.2: 46 14 4;iti ||;PARTLY;+ iti - vidhu;"Śārṅgadharasaṃhitādīpikā" ŚSDīp zu ŚdhSaṃh, 2, 11, 93.2: 46 15 4;iti ||;PARTLY;+ iti - vidhu;"Śārṅgadharasaṃhitādīpikā" ŚSDīp zu ŚdhSaṃh, 2, 11, 93.2: 46 18 4;iti ||;PARTLY;+ iti - vidhu;"Śārṅgadharasaṃhitādīpikā" ŚSDīp zu ŚdhSaṃh, 2, 11, 93.2: 46 26 4;iti ||;PARTLY;+ iti - vidhu;"Śārṅgadharasaṃhitādīpikā" ŚSDīp zu ŚdhSaṃh, 2, 11, 99.1: 47 14 3;iti ||;PARTLY;+ iti - vidhu;"Śārṅgadharasaṃhitādīpikā" ŚSDīp zu ŚdhSaṃh, 2, 11, 101.1: 48 4 4;iti ||;PARTLY;+ iti - vidhu;"Śārṅgadharasaṃhitādīpikā" ŚSDīp zu ŚdhSaṃh, 2, 11, 101.1: 48 6 1;yataḥ |;PARTLY;+ yatas - vidhu;"Śārṅgadharasaṃhitādīpikā" ŚSDīp zu ŚdhSaṃh, 2, 11, 101.1: 48 7 3;ityādi ||;PARTLY;+ ityādi - vidhu;"Śārṅgadharasaṃhitādīpikā" ŚSDīp zu ŚdhSaṃh, 2, 11, 101.1: 48 8 4;iti ||;PARTLY;+ iti - vidhu;"Śārṅgadharasaṃhitādīpikā" ŚSDīp zu ŚdhSaṃh, 2, 11, 101.1: 48 13 4;iti ||;PARTLY;+ iti - vidhu;"Śārṅgadharasaṃhitādīpikā" ŚSDīp zu ŚdhSaṃh, 2, 11, 104.2: 49 4 3;iti ||;PARTLY;+ iti - vidhu;"Śārṅgadharasaṃhitādīpikā" ŚSDīp zu ŚdhSaṃh, 2, 11, 104.2: 49 6 4;iti ||;PARTLY;+ iti - vidhu;"Śārṅgadharasaṃhitādīpikā" ŚSDīp zu ŚdhSaṃh, 2, 11, 104.2: 49 18 4;iti ||;PARTLY;+ iti - vidhu;"Śārṅgadharasaṃhitādīpikā" ŚSDīp zu ŚdhSaṃh, 2, 11, 104.2: 49 19 5;iti ||;PARTLY;+ iti - vidhu;"Śārṅgadharasaṃhitādīpikā" ŚSDīp zu ŚdhSaṃh, 2, 12, 1.2: 50 4 4;iti ||;PARTLY;+ iti - vidhu;"Śārṅgadharasaṃhitādīpikā" ŚSDīp zu ŚdhSaṃh, 2, 12, 1.2: 50 18 4;iti ||;PARTLY;+ iti - vidhu;"Śārṅgadharasaṃhitādīpikā" ŚSDīp zu ŚdhSaṃh, 2, 12, 1.2: 50 22 2;ityādi ||;PARTLY;+ ityādi - vidhu;"Śārṅgadharasaṃhitādīpikā" ŚSDīp zu ŚdhSaṃh, 2, 12, 1.2: 50 28 0;iti ||;PARTLY;+ iti - vidhu;"Śārṅgadharasaṃhitādīpikā" ŚSDīp zu ŚdhSaṃh, 2, 12, 2.2: 51 8 3;iti ||;PARTLY;+ iti - vidhu;"Śārṅgadharasaṃhitādīpikā" ŚSDīp zu ŚdhSaṃh, 2, 12, 13.1: 53 3 4;iti ||;PARTLY;+ iti - vidhu;"Śārṅgadharasaṃhitādīpikā" ŚSDīp zu ŚdhSaṃh, 2, 12, 13.1: 53 6 1;yataḥ |;PARTLY;+ yatas - vidhu;"Śārṅgadharasaṃhitādīpikā" ŚSDīp zu ŚdhSaṃh, 2, 12, 13.1: 53 23 2;iti ||;PARTLY;+ iti - vidhu;"Śārṅgadharasaṃhitādīpikā" ŚSDīp zu ŚdhSaṃh, 2, 12, 13.1: 53 30 2;iti ||;PARTLY;+ iti - vidhu;"Śārṅgadharasaṃhitādīpikā" ŚSDīp zu ŚdhSaṃh, 2, 12, 13.1: 53 36 3;iti ||;PARTLY;+ iti - vidhu;"Śārṅgadharasaṃhitādīpikā" ŚSDīp zu ŚdhSaṃh, 2, 12, 13.1: 53 42 4;iti ||;PARTLY;+ iti - vidhu;"Śārṅgadharasaṃhitādīpikā" ŚSDīp zu ŚdhSaṃh, 2, 12, 13.1: 53 51 1;yathā |;PARTLY;+ yathā - vidhu;"Śārṅgadharasaṃhitādīpikā" ŚSDīp zu ŚdhSaṃh, 2, 12, 13.1: 53 51 4;iti ||;PARTLY;+ iti - vidhu;"Śārṅgadharasaṃhitādīpikā" ŚSDīp zu ŚdhSaṃh, 2, 12, 13.1: 53 52 1;athavā |;PARTLY;+ athavā - vidhu;"Śārṅgadharasaṃhitādīpikā" ŚSDīp zu ŚdhSaṃh, 2, 12, 13.1: 53 52 4;iti ||;PARTLY;+ iti - vidhu;"Śārṅgadharasaṃhitādīpikā" ŚSDīp zu ŚdhSaṃh, 2, 12, 13.1: 53 64 1;athavā |;PARTLY;+ athavā - vidhu;"Śārṅgadharasaṃhitādīpikā" ŚSDīp zu ŚdhSaṃh, 2, 12, 13.1: 53 69 2;iti ||;PARTLY;+ iti - vidhu;"Śārṅgadharasaṃhitādīpikā" ŚSDīp zu ŚdhSaṃh, 2, 12, 13.1: 53 76 0;iti ||;PARTLY;+ iti - vidhu;"Śārṅgadharasaṃhitādīpikā" ŚSDīp zu ŚdhSaṃh, 2, 12, 13.1: 53 80 2;iti ||;PARTLY;+ iti - vidhu;"Śārṅgadharasaṃhitādīpikā" ŚSDīp zu ŚdhSaṃh, 2, 12, 13.1: 53 84 4;iti ||;PARTLY;+ iti - vidhu;"Śārṅgadharasaṃhitādīpikā" ŚSDīp zu ŚdhSaṃh, 2, 12, 13.1: 53 86 1;athavā |;PARTLY;+ athavā - vidhu;"Śārṅgadharasaṃhitādīpikā" ŚSDīp zu ŚdhSaṃh, 2, 12, 13.1: 53 93 3;iti ||;PARTLY;+ iti - vidhu;"Śārṅgadharasaṃhitādīpikā" ŚSDīp zu ŚdhSaṃh, 2, 12, 13.1: 53 95 3;iti ||;PARTLY;+ iti - vidhu;"Śārṅgadharasaṃhitādīpikā" ŚSDīp zu ŚdhSaṃh, 2, 12, 13.1: 53 104 2;athavā |;PARTLY;+ athavā - vidhu;"Śārṅgadharasaṃhitādīpikā" ŚSDīp zu ŚdhSaṃh, 2, 12, 15.1: 54 7 2;iti ||;PARTLY;+ iti - vidhu;"Śārṅgadharasaṃhitādīpikā" ŚSDīp zu ŚdhSaṃh, 2, 12, 15.1: 54 9 1;yathā |;PARTLY;+ yathā - vidhu;"Śārṅgadharasaṃhitādīpikā" ŚSDīp zu ŚdhSaṃh, 2, 12, 15.1: 54 11 2;iti ||;PARTLY;+ iti - vidhu;"Śārṅgadharasaṃhitādīpikā" ŚSDīp zu ŚdhSaṃh, 2, 12, 16.1: 55 4 2;iti ||;PARTLY;+ iti - vidhu;"Śārṅgadharasaṃhitādīpikā" ŚSDīp zu ŚdhSaṃh, 2, 12, 16.1: 55 6 4;iti ||;PARTLY;+ iti - vidhu;"Śārṅgadharasaṃhitādīpikā" ŚSDīp zu ŚdhSaṃh, 2, 12, 16.1: 55 8 1;yathā |;PARTLY;+ yathā - vidhu;"Śārṅgadharasaṃhitādīpikā" ŚSDīp zu ŚdhSaṃh, 2, 12, 16.1: 55 12 4;iti ||;PARTLY;+ iti - vidhu;"Śārṅgadharasaṃhitādīpikā" ŚSDīp zu ŚdhSaṃh, 2, 12, 17.2: 56 4 4;iti ||;PARTLY;+ iti - vidhu;"Śārṅgadharasaṃhitādīpikā" ŚSDīp zu ŚdhSaṃh, 2, 12, 21.1: 57 7 2;iti ||;PARTLY;+ iti - vidhu;"Śārṅgadharasaṃhitādīpikā" ŚSDīp zu ŚdhSaṃh, 2, 12, 21.1: 57 13 2;yathā |;PARTLY;+ yathā - vidhu;"Śārṅgadharasaṃhitādīpikā" ŚSDīp zu ŚdhSaṃh, 2, 12, 21.1: 57 14 2;iti ||;PARTLY;+ iti - vidhu;"Śārṅgadharasaṃhitādīpikā" ŚSDīp zu ŚdhSaṃh, 2, 12, 24.2: 59 5 4;iti ||;PARTLY;+ iti - vidhu;"Śārṅgadharasaṃhitādīpikā" ŚSDīp zu ŚdhSaṃh, 2, 12, 29.1: 60 7 3;iti ||;PARTLY;+ iti - vidhu;"Śārṅgadharasaṃhitādīpikā" ŚSDīp zu ŚdhSaṃh, 2, 12, 29.1: 60 17 2;iti ||;PARTLY;+ iti - vidhu;"Śārṅgadharasaṃhitādīpikā" ŚSDīp zu ŚdhSaṃh, 2, 12, 34.2: 61 12 2;iti ||;PARTLY;+ iti - vidhu;"Śārṅgadharasaṃhitādīpikā" ŚSDīp zu ŚdhSaṃh, 2, 12, 34.2: 61 16 0;iti ||;PARTLY;+ iti - vidhu;"Śārṅgadharasaṃhitādīpikā" ŚSDīp zu ŚdhSaṃh, 2, 12, 38.1: 62 7 0;iti ||;PARTLY;+ iti - vidhu;"Śārṅgadharasaṃhitādīpikā" ŚSDīp zu ŚdhSaṃh, 2, 12, 44.2: 65 5 3;iti ||;PARTLY;+ iti - vidhu;"Śārṅgadharasaṃhitādīpikā" ŚSDīp zu ŚdhSaṃh, 2, 12, 44.2: 65 10 4;ityādi ||;PARTLY;+ ityādi - vidhu;"Śārṅgadharasaṃhitādīpikā" ŚSDīp zu ŚdhSaṃh, 2, 12, 50.1: 66 5 3;ityādi ||;PARTLY;+ ityādi - vidhu;"Śārṅgadharasaṃhitādīpikā" ŚSDīp zu ŚdhSaṃh, 2, 12, 50.1: 66 9 4;iti ||;PARTLY;+ iti - vidhu;"Śārṅgadharasaṃhitādīpikā" ŚSDīp zu ŚdhSaṃh, 2, 12, 55.2: 67 12 4;ityādi ||;PARTLY;+ ityādi - vidhu;"Śārṅgadharasaṃhitādīpikā" ŚSDīp zu ŚdhSaṃh, 2, 12, 58.2: 68 22 4;iti ||;PARTLY;+ iti - vidhu;"Śārṅgadharasaṃhitādīpikā" ŚSDīp zu ŚdhSaṃh, 2, 12, 86.1: 71 5 4;iti ||;PARTLY;+ iti - vidhu;"Śārṅgadharasaṃhitādīpikā" ŚSDīp zu ŚdhSaṃh, 2, 12, 86.1: 71 37 2;iti ||;PARTLY;+ iti - vidhu;"Śārṅgadharasaṃhitādīpikā" ŚSDīp zu ŚdhSaṃh, 2, 12, 86.1: 71 39 1;yataḥ |;PARTLY;+ yatas - vidhu;"Śārṅgadharasaṃhitādīpikā" ŚSDīp zu ŚdhSaṃh, 2, 12, 86.1: 71 39 4;iti ||;PARTLY;+ iti - vidhu;"Śārṅgadharasaṃhitādīpikā" ŚSDīp zu ŚdhSaṃh, 2, 12, 96.2: 72 8 3;iti ||;PARTLY;+ iti - vidhu;"Śārṅgadharasaṃhitādīpikā" ŚSDīp zu ŚdhSaṃh, 2, 12, 120.2: 76 4 4;iti ||;PARTLY;+ iti - vidhu;"Śārṅgadharasaṃhitādīpikā" ŚSDīp zu ŚdhSaṃh, 2, 12, 130.2: 78 13 4;ityādi ||;PARTLY;+ ityādi - vidhu;"Śārṅgadharasaṃhitādīpikā" ŚSDīp zu ŚdhSaṃh, 2, 12, 153.1: 84 13 1;yataḥ |;PARTLY;+ yatas - vidhu;"Śārṅgadharasaṃhitādīpikā" ŚSDīp zu ŚdhSaṃh, 2, 12, 153.1: 84 13 5;ityādi ||;PARTLY;+ ityādi - vidhu;"Śārṅgadharasaṃhitādīpikā" ŚSDīp zu ŚdhSaṃh, 2, 12, 166.1: 86 3 5;ityādi ||;PARTLY;+ ityādi - vidhu;"Śārṅgadharasaṃhitādīpikā" ŚSDīp zu ŚdhSaṃh, 2, 12, 171.2: 88 8 3;iti ||;PARTLY;+ iti - vidhu;"Śārṅgadharasaṃhitādīpikā" ŚSDīp zu ŚdhSaṃh, 2, 12, 183.2: 91 8 5;iti ||;PARTLY;+ iti - vidhu;"Śārṅgadharasaṃhitādīpikā" ŚSDīp zu ŚdhSaṃh, 2, 12, 194.1: 92 11 3;iti ||;PARTLY;+ iti - vidhu;"Śārṅgadharasaṃhitādīpikā" ŚSDīp zu ŚdhSaṃh, 2, 12, 203.2: 94 4 4;iti ||;PARTLY;+ iti - vidhu;"Śārṅgadharasaṃhitādīpikā" ŚSDīp zu ŚdhSaṃh, 2, 12, 252.2: 106 3 4;iti ||;PARTLY;+ iti - vidhu;"Śārṅgadharasaṃhitādīpikā" ŚSDīp zu ŚdhSaṃh, 2, 12, 275.1: 111 1 0;ityādi ||;PARTLY;+ ityādi - vidhu;"Gūḍhārthadīpikā" ŚGDīp zu ŚdhSaṃh, 2, 11, 4.2: 7 6 3;iti ||;PARTLY;+ iti - vidhu;"Gūḍhārthadīpikā" ŚGDīp zu ŚdhSaṃh, 2, 11, 23.1: 14 4 0;iti ||;PARTLY;+ iti - vidhu;"Gūḍhārthadīpikā" ŚGDīp zu ŚdhSaṃh, 2, 11, 23.1: 14 9 0;iti ||;PARTLY;+ iti - vidhu;"Gūḍhārthadīpikā" ŚGDīp zu ŚdhSaṃh, 2, 11, 24.2: 15 4 5;iti ||;PARTLY;+ iti - vidhu;"Gūḍhārthadīpikā" ŚGDīp zu ŚdhSaṃh, 2, 11, 35.2: 18 1 4;iti ||;PARTLY;+ iti - vidhu;"Gūḍhārthadīpikā" ŚGDīp zu ŚdhSaṃh, 2, 11, 35.2: 18 2 11;iti ||;PARTLY;+ iti - vidhu;"Gūḍhārthadīpikā" ŚGDīp zu ŚdhSaṃh, 2, 11, 37.1: 19 3 0;iti ||;PARTLY;+ iti - vidhu;"Gūḍhārthadīpikā" ŚGDīp zu ŚdhSaṃh, 2, 11, 43.2: 21 4 0;iti ||;PARTLY;+ iti - vidhu;"Gūḍhārthadīpikā" ŚGDīp zu ŚdhSaṃh, 2, 11, 43.2: 21 6 3;iti ||;PARTLY;+ iti - vidhu;"Gūḍhārthadīpikā" ŚGDīp zu ŚdhSaṃh, 2, 11, 53.1: 24 7 0;iti ||;PARTLY;+ iti - vidhu;"Gūḍhārthadīpikā" ŚGDīp zu ŚdhSaṃh, 2, 11, 53.1: 24 19 0;iti ||;PARTLY;+ iti - vidhu;"Gūḍhārthadīpikā" ŚGDīp zu ŚdhSaṃh, 2, 11, 53.1: 24 25 0;iti ||;PARTLY;+ iti - vidhu;"Gūḍhārthadīpikā" ŚGDīp zu ŚdhSaṃh, 2, 11, 53.1: 24 28 0;iti ||;PARTLY;+ iti - vidhu;"Gūḍhārthadīpikā" ŚGDīp zu ŚdhSaṃh, 2, 11, 53.1: 24 45 3;iti ||;PARTLY;+ iti - vidhu;"Gūḍhārthadīpikā" ŚGDīp zu ŚdhSaṃh, 2, 11, 61.1: 28 3 4;iti ||;PARTLY;+ iti - vidhu;"Gūḍhārthadīpikā" ŚGDīp zu ŚdhSaṃh, 2, 11, 83.1: 36 3 0;iti ||;PARTLY;+ iti - vidhu;"Gūḍhārthadīpikā" ŚGDīp zu ŚdhSaṃh, 2, 11, 92.1: 38 5 3;iti ||;PARTLY;+ iti - vidhu;"Gūḍhārthadīpikā" ŚGDīp zu ŚdhSaṃh, 2, 12, 127.1: 67 1 1;sugamam ||;PARTLY;+ sugama - vidhu;"Gūḍhārthadīpikā" ŚGDīp zu ŚdhSaṃh, 2, 12, 136.1: 69 1 1;sugamam ||;PARTLY;+ sugama - vidhu;"Gūḍhārthadīpikā" ŚGDīp zu ŚdhSaṃh, 2, 12, 171.2: 77 1 1;sugamam ||;PARTLY;+ sugama - vidhu;"Gūḍhārthadīpikā" ŚGDīp zu ŚdhSaṃh, 2, 12, 221.2: 88 1 1;sugamam ||;PARTLY;+ sugama - vidhu;"Gūḍhārthadīpikā" ŚGDīp zu ŚdhSaṃh, 2, 12, 226.2: 90 1 1;sugamam ||;PARTLY;+ sugama - vidhu;"Ānandakanda" ĀK, 1, 4: 4 138 1;alambuṣāhimarucāmusalītumburor api |;PARTLY;+ api - vidhu;"Ānandakanda" ĀK, 1, 17: 17 35 2;kūṣmāṇḍālāburunimbapatraphalāni ca ||;PARTLY;+ ca - vidhu;"Ānandakanda" ĀK, 1, 19: 18 133 2;dīvyan pustamayīkāntāstanahastamukhacyutaiḥ ||;PARTLY;+ dīv - vidhu;"Ānandakanda" ĀK, 2, 8: 33 52 2;saurāṣṭrapauṇḍrakauverākarasūpārakau tathā ||;PARTLY;+ tathā - vidhu;"Prasannapadā" Prasannapadā zu MMadhKār, 1, 2.2: 1 11 0;yasmāt ||;PARTLY;+ yad - vidhu;"Prasannapadā" Prasannapadā zu MMadhKār, 1, 3.2: 2 24 1;ucyate ||;PARTLY;+ vac - vidhu;"Skandapurāṇa Revākhaṇḍa)" SkPur Rkh, 1, 1: 1 14 1;vedopavedavedāṅgādīnyabhivyasya pūritaḥ |;PARTLY;+ pūray - vidhu;"Skandapurāṇa Revākhaṇḍa)" SkPur Rkh, 1, 220: 220 30 3;iti arvamantra ||;PARTLY;+ iti - vidhu;"Viṃśatikāvṛtti" ViṃVṛtti zu ViṃKār, 1, 3.1: 3 1 0;svapna iva svapnavat ||;PARTLY;+ vat - vidhu;"Viṃśatikāvṛtti" ViṃVṛtti zu ViṃKār, 1, 4.1: 6 2 0;narakeṣviva narakavat ||;PARTLY;+ vat - vidhu;"Viṃśatikāvṛtti" ViṃVṛtti zu ViṃKār, 1, 4.2: 7 4 0;ayogāt ||;PARTLY;+ ayoga - vidhu;"Viṃśatikāvṛtti" ViṃVṛtti zu ViṃKār, 1, 10.2: 16 5 0;yasmāt ||;PARTLY;+ yasmāt - vidhu;"Viṃśatikāvṛtti" ViṃVṛtti zu ViṃKār, 1, 11.2: 17 1 0;iti ||;PARTLY;+ iti - vidhu;"Viṃśatikāvṛtti" ViṃVṛtti zu ViṃKār, 1, 11.2: 17 11 0;yasmāt ||;PARTLY;+ yasmāt - vidhu;"Viṃśatikāvṛtti" ViṃVṛtti zu ViṃKār, 1, 16.2: 27 5 1;yasmāt ||;PARTLY;+ yasmāt - vidhu;"Viṃśatikāvṛtti" ViṃVṛtti zu ViṃKār, 1, 17.1: 29 6 0;yasmāt ||;PARTLY;+ yasmāt - vidhu;"Viṃśatikāvṛtti" ViṃVṛtti zu ViṃKār, 1, 18.1: 31 5 1;yasmāt ||;PARTLY;+ yasmāt - vidhu;"Ratnadīpikā" Ratnadīpikā, 3: 3 21 2;tado savipavābhinnaṃ śarkarā naśunodbhavam ||;PARTLY;+ śarkarā - vidhu;"Pāraskaragṛhyasūtra" Pāraskaragṛhyasūtra, 1, 5: 3 9 2;prajāpatir jayān indrāya vṛṣṇe prāyacchad ugraḥ pṛtanā jayeṣu |;PARTLY;+ prajāpati - vidhu;"Pāraskaragṛhyasūtra" Pāraskaragṛhyasūtra, 1, 6: 4 3 4;sāmāham asmi ṛk tvaṃ dyaur ahaṃ pṛthivī tvaṃ tāv ehi vivahāvahai sahareto dadhāvahai prajāṃ prajanayāvahai putrān vindyāvahai bahūn te santu jaradaṣṭayaḥ saṃpriyau rociṣṇū sumanasyamānau paśyema śaradaḥ śataṃ jīvema śaradaḥ śataṃ śṛṇuyāma śaradaḥ śatam iti ||;PARTLY;+ iti - vidhu;"Pāraskaragṛhyasūtra" Pāraskaragṛhyasūtra, 1, 7: 5 2 4;tām adya gāthāṃ gāsyāmi yā strīṇām uttamaṃ yaśa iti ||;PARTLY;+ iti - vidhu;"Pāraskaragṛhyasūtra" Pāraskaragṛhyasūtra, 1, 8: 6 10 2;iho sahasradakṣiṇo yajña iha pūṣā niṣīdantv iti ||;PARTLY;+ iti - vidhu;"Pāraskaragṛhyasūtra" Pāraskaragṛhyasūtra, 1, 8: 6 19 2;dhruvam asi dhruvaṃ tvā paśyāmi dhruvaidhipoṣye mayi mahyaṃ tvādādabṛhaspatim aryā patyā prajāvatī saṃjīva śaradaḥ śatam iti ||;PARTLY;+ iti - vidhu;"Pāraskaragṛhyasūtra" Pāraskaragṛhyasūtra, 1, 10: 8 4 1;prāyaścittiḥ ||;PARTLY;+ prāyaścitti - vidhu;"Pāraskaragṛhyasūtra" Pāraskaragṛhyasūtra, 1, 11: 9 4 2;yāte patighnī prajāghnī paśughnī gṛhaghnī yaśoghnī ninditā tanūr jāraghnīṃ tata enāṃ karomi sā jīrya tvaṃ mayā sahāsāv iti ||;PARTLY;+ iti - vidhu;"Pāraskaragṛhyasūtra" Pāraskaragṛhyasūtra, 1, 11: 9 9 3;vedāhaṃ tan māṃ tad vidyāt paśyema śaradaḥ śataṃ jīvema śaradaḥ śataṃ śṛṇuyāma śaradaḥ śatam iti ||;PARTLY;+ iti - vidhu;"Hiraṇyakeśigṛhyasūtra" Hiraṇyakeśigṛhyasūtra, 1, 20: 1 4 4;iti ||;PARTLY;+ iti - vidhu;"Hiraṇyakeśigṛhyasūtra" Hiraṇyakeśigṛhyasūtra, 1, 20: 1 7 4;svāhā |;PARTLY;+ svāhā - vidhu;"Hiraṇyakeśigṛhyasūtra" Hiraṇyakeśigṛhyasūtra, 1, 20: 1 7 7;svāhā |;PARTLY;+ svāhā - vidhu;"Hiraṇyakeśigṛhyasūtra" Hiraṇyakeśigṛhyasūtra, 1, 20: 1 7 10;svāhā |;PARTLY;+ svāhā - vidhu;"Hiraṇyakeśigṛhyasūtra" Hiraṇyakeśigṛhyasūtra, 1, 20: 1 7 13;svāhā |;PARTLY;+ svāhā - vidhu;"Hiraṇyakeśigṛhyasūtra" Hiraṇyakeśigṛhyasūtra, 1, 20: 1 7 16;svāhā |;PARTLY;+ svāhā - vidhu;"Hiraṇyakeśigṛhyasūtra" Hiraṇyakeśigṛhyasūtra, 1, 20: 1 7 19;svāhā |;PARTLY;+ svāhā - vidhu;"Hiraṇyakeśigṛhyasūtra" Hiraṇyakeśigṛhyasūtra, 1, 20: 1 7 20;iti ||;PARTLY;+ iti - vidhu;"Hiraṇyakeśigṛhyasūtra" Hiraṇyakeśigṛhyasūtra, 1, 20: 1 8 6;prajāpate |;PARTLY;+ prajāpati - vidhu;"Hiraṇyakeśigṛhyasūtra" Hiraṇyakeśigṛhyasūtra, 1, 20: 1 8 10;iti ||;PARTLY;+ iti - vidhu;"Hiraṇyakeśigṛhyasūtra" Hiraṇyakeśigṛhyasūtra, 1, 21: 2 1 8;iti ||;PARTLY;+ iti - vidhu;"Hiraṇyakeśigṛhyasūtra" Hiraṇyakeśigṛhyasūtra, 1, 21: 2 2 13;iti ||;PARTLY;+ iti - vidhu;"Hiraṇyakeśigṛhyasūtra" Hiraṇyakeśigṛhyasūtra, 1, 21: 2 3 4;iti ||;PARTLY;+ iti - vidhu;"Hiraṇyakeśigṛhyasūtra" Hiraṇyakeśigṛhyasūtra, 1, 21: 2 4 1;abhighārya |;PARTLY;+ abhighāray - vidhu;"Hiraṇyakeśigṛhyasūtra" Hiraṇyakeśigṛhyasūtra, 1, 21: 2 4 4;svāhā |;PARTLY;+ svāhā - vidhu;"Hiraṇyakeśigṛhyasūtra" Hiraṇyakeśigṛhyasūtra, 1, 21: 2 5 4;atigāhemahi dviṣaḥ |;PARTLY;+ atigāh - vidhu;"Hiraṇyakeśigṛhyasūtra" Hiraṇyakeśigṛhyasūtra, 1, 21: 2 10 3;iti ||;PARTLY;+ iti - vidhu;"Hiraṇyakeśigṛhyasūtra" Hiraṇyakeśigṛhyasūtra, 1, 22: 3 1 8;iti ||;PARTLY;+ iti - vidhu;"Hiraṇyakeśigṛhyasūtra" Hiraṇyakeśigṛhyasūtra, 1, 23: 4 6 3;iti ||;PARTLY;+ iti - vidhu;"Hiraṇyakeśigṛhyasūtra" Hiraṇyakeśigṛhyasūtra, 1, 23: 4 9 5;iti ||;PARTLY;+ iti - vidhu;"Hiraṇyakeśigṛhyasūtra" Hiraṇyakeśigṛhyasūtra, 1, 24: 5 1 12;iti ||;PARTLY;+ iti - vidhu;"Hiraṇyakeśigṛhyasūtra" Hiraṇyakeśigṛhyasūtra, 1, 24: 5 8 4;iti ||;PARTLY;+ iti - vidhu;"Khādiragṛhyasūtra" KhGṛS, 2, 1: 3 21 0;abhighārya pratyanaktyavadānasthānāni ||;PARTLY;+ abhighāray - vidhu;"Khādiragṛhyasūtra" KhGṛS, 2, 3: 5 3 0;tiṣṭhet ||;PARTLY;+ sthā - vidhu;"Khādiragṛhyasūtra" KhGṛS, 2, 3: 5 4 0;avasiñcet ||;PARTLY;+ avasic - vidhu;"Khādiragṛhyasūtra" KhGṛS, 2, 3: 5 5 0;tūṣṇīm ||;PARTLY;+ tūṣṇīm - vidhu;"Khādiragṛhyasūtra" KhGṛS, 2, 3: 5 9 0;abhimṛśet ||;PARTLY;+ abhimṛś - vidhu;"Khādiragṛhyasūtra" KhGṛS, 2, 3: 5 11 0;mātre ||;PARTLY;+ mātṛ - vidhu;"Khādiragṛhyasūtra" KhGṛS, 2, 3: 5 12 0;ākhyāya ||;PARTLY;+ ākhyā - vidhu;"Khādiragṛhyasūtra" KhGṛS, 2, 3: 5 14 0;abhijighret ||;PARTLY;+ abhighrā - vidhu;"Khādiragṛhyasūtra" KhGṛS, 2, 3: 5 18 0;uttarataḥ ||;PARTLY;+ uttaratas - vidhu;"Khādiragṛhyasūtra" KhGṛS, 2, 3: 5 19 0;ādāya ||;PARTLY;+ ādā - vidhu;"Khādiragṛhyasūtra" KhGṛS, 2, 3: 5 28 0;ca ||;PARTLY;+ ca - vidhu;"Khādiragṛhyasūtra" KhGṛS, 2, 3: 5 30 0;udaṅṅuutsṛpya kuśalīkārayed kuśalīkārayed yathāgotrakulakalpam ||;PARTLY;+ yathāgotrakulakalpam - vidhu;"Khādiragṛhyasūtra" KhGṛS, 2, 3: 5 30 0;yathāgotrakulakalpam ||;PARTLY;+ yathāgotrakulakalpam - vidhu;"Khādiragṛhyasūtra" KhGṛS, 2, 3: 5 31 0;nikhaneyuḥ ||;PARTLY;+ nikhan - vidhu;"Khādiragṛhyasūtra" KhGṛS, 2, 3: 5 32 0;eke ||;PARTLY;+ eka - vidhu;"Khādiragṛhyasūtra" KhGṛS, 2, 3: 5 33 0;dakṣiṇā ||;PARTLY;+ dakṣiṇā - vidhu;"Khādiragṛhyasūtra" KhGṛS, 2, 4: 6 1 0;upanayet ||;PARTLY;+ upanī - vidhu;"Khādiragṛhyasūtra" KhGṛS, 2, 4: 6 4 0;tasyā dvāviṃśāt ||;PARTLY;+ dvāviṁśa - vidhu;"Khādiragṛhyasūtra" KhGṛS, 2, 4: 6 6 0;tasyā caturviṃśāt ||;PARTLY;+ caturviṁśa - vidhu;"Khādiragṛhyasūtra" KhGṛS, 2, 4: 6 12 0;asmīti ||;PARTLY;+ as - vidhu;"Khādiragṛhyasūtra" KhGṛS, 2, 4: 6 12 0;asmīti ||;PARTLY;+ iti - vidhu;"Khādiragṛhyasūtra" KhGṛS, 2, 4: 6 12 0;asmīti ||;PARTLY;+ iti - vidhu;"Khādiragṛhyasūtra" KhGṛS, 2, 4: 6 13 0;ācāryaḥ ||;PARTLY;+ ācārya - vidhu;"Khādiragṛhyasūtra" KhGṛS, 2, 4: 6 14 0;āvartayet ||;PARTLY;+ āvartay - vidhu;"Khādiragṛhyasūtra" KhGṛS, 2, 4: 6 15 0;iti ||;PARTLY;+ iti - vidhu;"Khādiragṛhyasūtra" KhGṛS, 2, 4: 6 19 0;asīti ||;PARTLY;+ as - vidhu;"Khādiragṛhyasūtra" KhGṛS, 2, 4: 6 19 0;asīti ||;PARTLY;+ iti - vidhu;"Khādiragṛhyasūtra" KhGṛS, 2, 4: 6 19 0;asīti ||;PARTLY;+ iti - vidhu;"Khādiragṛhyasūtra" KhGṛS, 2, 4: 6 20 0;iti ||;PARTLY;+ iti - vidhu;"Khādiragṛhyasūtra" KhGṛS, 2, 4: 6 21 0;upasīdet ||;PARTLY;+ upasad - vidhu;"Khādiragṛhyasūtra" KhGṛS, 2, 4: 6 23 0;caikaikaśaḥ ||;PARTLY;+ ca - vidhu;"Khādiragṛhyasūtra" KhGṛS, 2, 4: 6 23 0;caikaikaśaḥ ||;PARTLY;+ ekaikaśas - vidhu;"Khādiragṛhyasūtra" KhGṛS, 2, 4: 6 23 0;caikaikaśaḥ ||;PARTLY;+ ekaikaśas - vidhu;"Khādiragṛhyasūtra" KhGṛS, 2, 4: 6 27 0;iti ||;PARTLY;+ iti - vidhu;"Khādiragṛhyasūtra" KhGṛS, 2, 4: 6 29 0;agre ||;PARTLY;+ agre - vidhu;"Khādiragṛhyasūtra" KhGṛS, 2, 4: 6 30 0;athānyās suhṛdaḥ ||;PARTLY;+ suhṛd - vidhu;"Khādiragṛhyasūtra" KhGṛS, 2, 4: 6 30 0;suhṛdaḥ ||;PARTLY;+ suhṛd - vidhu;"Khādiragṛhyasūtra" KhGṛS, 2, 4: 6 32 0;tūṣṇīṃ ||;PARTLY;+ tūṣṇīm - vidhu;"Khādiragṛhyasūtra" KhGṛS, 2, 5: 7 1 0;kalpaḥ ||;PARTLY;+ kalpa - vidhu;"Khādiragṛhyasūtra" KhGṛS, 2, 5: 7 6 0;upanayanam ||;PARTLY;+ upanayana - vidhu;"Khādiragṛhyasūtra" KhGṛS, 2, 5: 7 8 0;ahatam ||;PARTLY;+ ahata - vidhu;"Khādiragṛhyasūtra" KhGṛS, 2, 5: 7 13 0;skandet ||;PARTLY;+ skand - vidhu;"Khādiragṛhyasūtra" KhGṛS, 2, 5: 7 14 0;ārohet ||;PARTLY;+ āruh - vidhu;"Khādiragṛhyasūtra" KhGṛS, 2, 5: 7 16 0;mekhalādhāraṇabhaikṣacaryadaṇḍasamidādhānopasparśanaprātarabhivādā nityam ||;PARTLY;+ nitya - vidhu;"Khādiragṛhyasūtra" KhGṛS, 2, 5: 7 17 0;godānavrātikādityavrataupaniṣadajyeṣṭhasāmikās saṃvatsarāḥ ||;PARTLY;+ saṁvatsara - vidhu;"Khādiragṛhyasūtra" KhGṛS, 2, 5: 7 17 0;saṃvatsarāḥ ||;PARTLY;+ saṁvatsara - vidhu;"Khādiragṛhyasūtra" KhGṛS, 2, 5: 7 18 0;ekeṣām ||;PARTLY;+ eka - vidhu;"Khādiragṛhyasūtra" KhGṛS, 2, 5: 7 26 0;divā ||;PARTLY;+ divā - vidhu;"Khādiragṛhyasūtra" KhGṛS, 2, 5: 7 28 0;cet ||;PARTLY;+ ced - vidhu;"Khādiragṛhyasūtra" KhGṛS, 2, 5: 7 29 0;upoṣitāya pariṇaddhākṣāyānugāpayet ||;PARTLY;+ upavas - vidhu;"Khādiragṛhyasūtra" KhGṛS, 2, 5: 7 30 0;ādityam ||;PARTLY;+ āditya - vidhu;"Khādiragṛhyasūtra" KhGṛS, 2, 5: 7 31 0;vācam ||;PARTLY;+ vāc - vidhu;"Khādiragṛhyasūtra" KhGṛS, 2, 5: 7 32 0;dakṣiṇā ||;PARTLY;+ dakṣiṇā - vidhu;"Khādiragṛhyasūtra" KhGṛS, 2, 5: 7 33 0;ca ||;PARTLY;+ ca - vidhu;"Khādiragṛhyasūtra" KhGṛS, 3, 1: 8 32 0;nājātalomyopahāsam icchet ||;PARTLY;+ iṣ - vidhu;"Khādiragṛhyasūtra" KhGṛS, 3, 1: 9 32 0;nājātalomyopahāsam icchet ||;PARTLY;+ iṣ - vidhu;"Āpastambagṛhyasūtra" ĀpGṛSū, 1: 1 4 1;pradakṣiṇam ||;PARTLY;+ pradakṣiṇam - vidhu;"Āpastambagṛhyasūtra" ĀpGṛSū, 1: 1 8 1;prācīnāvītinā ||;PARTLY;+ prācīnāvītin - vidhu;"Āpastambagṛhyasūtra" ĀpGṛSū, 1: 1 9 1;prasavyam ||;PARTLY;+ prasavya - vidhu;"Āpastambagṛhyasūtra" ĀpGṛSū, 4: 3 2 1;phalgunībhyāṃ vyūhyate ||;PARTLY;+ phalgunī - vidhu;"Āpastambagṛhyasūtra" ĀpGṛSū, 6: 5 9 1;āsthāpanam ||;PARTLY;+ āsthāpana - vidhu;"Āpastambagṛhyasūtra" ĀpGṛSū, 6: 5 15 1;nityaḥ ||;PARTLY;+ nitya - vidhu;"Āpastambagṛhyasūtra" ĀpGṛSū, 6: 5 16 1;dhāryaḥ ||;PARTLY;+ dhāray - vidhu;"Āśvalāyanagṛhyasūtra" ĀśGS, 1, 7: 7 18 1;uttarām uttarayā ||;PARTLY;+ uttara - vidhu;"Āśvalāyanagṛhyasūtra" ĀśGS, 1, 11: 11 6 1;āvṛtaiva kumāryai ||;PARTLY;+ kumārī - vidhu;"Vetālapañcaviṃśatikā" VetPV, 7: 2 11 2;te ||;PARTLY;+ tvad - vidhu;"Vetālapañcaviṃśatikā" VetPV, 7: 2 11 2;yathepsitam |;PARTLY;+ īpsay - vidhu;"Rasaratnasamuccayaṭīkā" RRSṬīkā zu RRS, 3, 149: 24 3 3;iti ||;PARTLY;+ iti - vidhu;"Rasaratnasamuccayaṭīkā" RRSṬīkā zu RRS, 4, 34.2: 33 7 0;jalagarbhatā ||;PARTLY;+ jalagarbhatā - vidhu;"Rasaratnasamuccayaṭīkā" RRSṬīkā zu RRS, 5, 8.2: 35 8 0;iti ||;PARTLY;+ iti - vidhu;"Rasaratnasamuccayaṭīkā" RRSṬīkā zu RRS, 5, 9.2: 36 2 0;girīṇām ||;PARTLY;+ giri - vidhu;"Rasaratnasamuccayaṭīkā" RRSṬīkā zu RRS, 8, 5.2: 55 2 4;iti ||;PARTLY;+ iti - vidhu;"Rasaratnasamuccayaṭīkā" RRSṬīkā zu RRS, 8, 26.2: 66 10 0;iti ||;PARTLY;+ iti - vidhu;"Rasaratnasamuccayaṭīkā" RRSṬīkā zu RRS, 8, 31.2: 71 5 0;iti ||;PARTLY;+ iti - vidhu;"Rasaratnasamuccayaṭīkā" RRSṬīkā zu RRS, 8, 51.2: 82 9 0;iti ||;PARTLY;+ iti - vidhu;"Rasaratnasamuccayaṭīkā" RRSṬīkā zu RRS, 8, 52.2: 83 4 0;iti ||;PARTLY;+ iti - vidhu;"Rasaratnasamuccayaṭīkā" RRSṬīkā zu RRS, 8, 52.2: 83 13 0;iti ||;PARTLY;+ iti - vidhu;"Rasaratnasamuccayaṭīkā" RRSṬīkā zu RRS, 8, 54.2: 85 3 0;iti ||;PARTLY;+ iti - vidhu;"Rasaratnasamuccayaṭīkā" RRSṬīkā zu RRS, 8, 54.2: 85 4 1;tathā |;PARTLY;+ tathā - vidhu;"Rasaratnasamuccayaṭīkā" RRSṬīkā zu RRS, 8, 54.2: 85 5 0;iti ||;PARTLY;+ iti - vidhu;"Rasaratnasamuccayaṭīkā" RRSṬīkā zu RRS, 8, 62.2: 86 10 0;iti ||;PARTLY;+ iti - vidhu;"Rasaratnasamuccayaṭīkā" RRSṬīkā zu RRS, 8, 62.2: 86 16 0;iti ||;PARTLY;+ iti - vidhu;"Rasaratnasamuccayaṭīkā" RRSṬīkā zu RRS, 8, 87.2: 104 7 1;yathā |;PARTLY;+ yathā - vidhu;"Rasaratnasamuccayaṭīkā" RRSṬīkā zu RRS, 8, 87.2: 104 8 1;tathā |;PARTLY;+ tathā - vidhu;"Rasaratnasamuccayaṭīkā" RRSṬīkā zu RRS, 8, 87.2: 104 10 1;tathā |;PARTLY;+ tathā - vidhu;"Rasaratnasamuccayaṭīkā" RRSṬīkā zu RRS, 8, 88.2: 105 5 0;iti ||;PARTLY;+ iti - vidhu;"Rasaratnasamuccayaṭīkā" RRSṬīkā zu RRS, 9, 8.3: 114 3 0;katham ||;PARTLY;+ katham - vidhu;"Rasaratnasamuccayaṭīkā" RRSṬīkā zu RRS, 9, 16.3: 118 12 0;iti ||;PARTLY;+ iti - vidhu;"Rasaratnasamuccayaṭīkā" RRSṬīkā zu RRS, 9, 25.2: 119 9 0;nirundhyāt ||;PARTLY;+ nirudh - vidhu;"Rasaratnasamuccayaṭīkā" RRSṬīkā zu RRS, 9, 26.2: 120 10 2;iti ||;PARTLY;+ iti - vidhu;"Rasaratnasamuccayaṭīkā" RRSṬīkā zu RRS, 9, 26.2: 120 14 0;iti ||;PARTLY;+ iti - vidhu;"Rasaratnasamuccayaṭīkā" RRSṬīkā zu RRS, 9, 30.2: 121 10 0;iti ||;PARTLY;+ iti - vidhu;"Rasaratnasamuccayaṭīkā" RRSṬīkā zu RRS, 9, 43.2: 126 7 2;iti ||;PARTLY;+ iti - vidhu;"Rasaratnasamuccayaṭīkā" RRSṬīkā zu RRS, 9, 46.3: 127 8 0;iti ||;PARTLY;+ iti - vidhu;"Rasaratnasamuccayaṭīkā" RRSṬīkā zu RRS, 10, 16.3: 144 8 0;iti ||;PARTLY;+ iti - vidhu;"Rasaratnasamuccayaṭīkā" RRSṬīkā zu RRS, 10, 25.2: 148 6 3;iti ||;PARTLY;+ iti - vidhu;"Rasaratnasamuccayaṭīkā" RRSṬīkā zu RRS, 10, 38.2: 156 27 4;iti ||;PARTLY;+ iti - vidhu;"Rasaratnasamuccayaṭīkā" RRSṬīkā zu RRS, 10, 64.2: 168 5 2;iti ||;PARTLY;+ iti - vidhu;"Rasaratnasamuccayaṭīkā" RRSṬīkā zu RRS, 11, 71.2: 179 3 0;iti ||;PARTLY;+ iti - vidhu;"Rasaratnasamuccayaṭīkā" RRSṬīkā zu RRS, 11, 71.2: 179 11 0;iti ||;PARTLY;+ iti - vidhu;"Baudhāyanagṛhyasūtra" BaudhGS, 1, 0: 1 14 2;asmākam indra ubhayaṃ jujoṣati yat saumyasyāndhaso bubodhati iti ||;PARTLY;+ iti - vidhu;"Viṣṇusmṛti" ViSmṛ, 3: 3 20 1;ugrān ugreṣu ||;PARTLY;+ ugra - vidhu;"Viṣṇusmṛti" ViSmṛ, 5: 5 176 1;madhyameṣu madhyamam ||;PARTLY;+ madhyama - vidhu;"Viṣṇusmṛti" ViSmṛ, 18: 18 30 1;vaiśyasya vaiśyaḥ ||;PARTLY;+ vaiśya - vidhu;"Viṣṇusmṛti" ViSmṛ, 18: 18 31 1;śūdraḥ śūdrasya ||;PARTLY;+ śūdra - vidhu;"Viṣṇusmṛti" ViSmṛ, 28: 28 28 1;ṛte śilāphalakanauyānebhyaḥ ||;PARTLY;+ ṛte - vidhu;"Viṣṇusmṛti" ViSmṛ, 30: 30 18 1;na hastyaśvoṣṭranaugoyāneṣu ||;PARTLY;+ na - vidhu;"Viṣṇusmṛti" ViSmṛ, 37: 37 16 1;parivedanam ||;PARTLY;+ parivedana - vidhu;"Viṣṇusmṛti" ViSmṛ, 38: 38 3 1;jaihmyam ||;PARTLY;+ jaihmya - vidhu;"Viṣṇusmṛti" ViSmṛ, 43: 43 2 1;tāmisram ||;PARTLY;+ tāmisra - vidhu;"Viṣṇusmṛti" ViSmṛ, 43: 43 3 1;andhatāmisram ||;PARTLY;+ andhatāmisra - vidhu;"Viṣṇusmṛti" ViSmṛ, 43: 43 4 1;rauravam ||;PARTLY;+ raurava - vidhu;"Viṣṇusmṛti" ViSmṛ, 43: 43 5 1;mahārauravam ||;PARTLY;+ mahāraurava - vidhu;"Viṣṇusmṛti" ViSmṛ, 43: 43 6 1;kālasūtram ||;PARTLY;+ kālasūtra - vidhu;"Viṣṇusmṛti" ViSmṛ, 43: 43 7 1;mahānarakam ||;PARTLY;+ mahānaraka - vidhu;"Viṣṇusmṛti" ViSmṛ, 43: 43 8 1;saṃjīvanam ||;PARTLY;+ saṁjīvana - vidhu;"Viṣṇusmṛti" ViSmṛ, 43: 43 9 1;avīci ||;PARTLY;+ avīci - vidhu;"Viṣṇusmṛti" ViSmṛ, 43: 43 10 1;tapanam ||;PARTLY;+ tapana - vidhu;"Viṣṇusmṛti" ViSmṛ, 43: 43 11 1;saṃpratāpanam ||;PARTLY;+ sampratāpana - vidhu;"Viṣṇusmṛti" ViSmṛ, 43: 43 12 1;saṃghātakam ||;PARTLY;+ saṁghātaka - vidhu;"Viṣṇusmṛti" ViSmṛ, 43: 43 13 1;kākolam ||;PARTLY;+ kākola - vidhu;"Viṣṇusmṛti" ViSmṛ, 43: 43 14 1;kuḍmalam ||;PARTLY;+ kuḍmala - vidhu;"Viṣṇusmṛti" ViSmṛ, 43: 43 15 1;pūtimṛttikam ||;PARTLY;+ pūtimṛttika - vidhu;"Viṣṇusmṛti" ViSmṛ, 43: 43 16 1;lohaśaṅkuḥ ||;PARTLY;+ lohaśaṅku - vidhu;"Viṣṇusmṛti" ViSmṛ, 43: 43 17 1;ṛbīsam ||;PARTLY;+ ṛbīsa - vidhu;"Viṣṇusmṛti" ViSmṛ, 43: 43 18 1;viṣamapanthāḥ ||;PARTLY;+ viṣamapath - vidhu;"Viṣṇusmṛti" ViSmṛ, 43: 43 19 1;kaṇṭakaśālmaliḥ ||;PARTLY;+ kaṇṭakaśālmali - vidhu;"Viṣṇusmṛti" ViSmṛ, 43: 43 20 1;dīpanadī ||;PARTLY;+ dīpanadī - vidhu;"Viṣṇusmṛti" ViSmṛ, 43: 43 21 1;asipatravanam ||;PARTLY;+ asipattravana - vidhu;"Viṣṇusmṛti" ViSmṛ, 44: 44 24 1;lavaṇaṃ cīvivāk ||;PARTLY;+ lavaṇa - vidhu;"Viṣṇusmṛti" ViSmṛ, 56: 56 3 1;aghamarṣaṇam ||;PARTLY;+ aghamarṣaṇa - vidhu;"Viṣṇusmṛti" ViSmṛ, 56: 56 4 1;devakṛtam ||;PARTLY;+ devakṛta - vidhu;"Viṣṇusmṛti" ViSmṛ, 56: 56 5 1;śuddhavatyaḥ ||;PARTLY;+ śuddhavatī - vidhu;"Viṣṇusmṛti" ViSmṛ, 56: 56 6 1;taratsamandīyam ||;PARTLY;+ taratsamandīya - vidhu;"Viṣṇusmṛti" ViSmṛ, 56: 56 7 1;kūśmāṇḍyaḥ ||;PARTLY;+ kūṣmāṇḍa - vidhu;"Viṣṇusmṛti" ViSmṛ, 56: 56 8 1;pāvamānyaḥ ||;PARTLY;+ pāvamāna - vidhu;"Viṣṇusmṛti" ViSmṛ, 56: 56 9 1;durgāsāvitrī ||;PARTLY;+ durgāsāvitrī - vidhu;"Viṣṇusmṛti" ViSmṛ, 56: 56 10 1;atīṣaṅgāḥ ||;PARTLY;+ atīṣaṅga - vidhu;"Viṣṇusmṛti" ViSmṛ, 56: 56 11 1;padastomāḥ ||;PARTLY;+ padastoma - vidhu;"Viṣṇusmṛti" ViSmṛ, 56: 56 13 1;bhāruṇḍāṇi ||;PARTLY;+ bhāruṇḍa - vidhu;"Viṣṇusmṛti" ViSmṛ, 56: 56 14 1;candrasāma ||;PARTLY;+ candrasāman - vidhu;"Viṣṇusmṛti" ViSmṛ, 56: 56 16 1;abliṅgam ||;PARTLY;+ abliṅga - vidhu;"Viṣṇusmṛti" ViSmṛ, 56: 56 17 1;bārhaspatyam ||;PARTLY;+ bārhaspatya - vidhu;"Viṣṇusmṛti" ViSmṛ, 56: 56 18 1;gosūktam ||;PARTLY;+ gosūkta - vidhu;"Viṣṇusmṛti" ViSmṛ, 56: 56 19 1;aśvasūktam ||;PARTLY;+ aśvasūkta - vidhu;"Viṣṇusmṛti" ViSmṛ, 56: 56 21 1;śatarudriyam ||;PARTLY;+ śatarudriya - vidhu;"Viṣṇusmṛti" ViSmṛ, 56: 56 22 1;atharvaśiraḥ ||;PARTLY;+ atharvaśiras - vidhu;"Viṣṇusmṛti" ViSmṛ, 56: 56 23 1;trisuparṇam ||;PARTLY;+ trisuparṇa - vidhu;"Viṣṇusmṛti" ViSmṛ, 56: 56 24 1;mahāvratam ||;PARTLY;+ mahāvrata - vidhu;"Viṣṇusmṛti" ViSmṛ, 56: 56 25 1;nārāyaṇīyam ||;PARTLY;+ nārāyaṇīya - vidhu;"Viṣṇusmṛti" ViSmṛ, 57: 57 2 1;vrātyāḥ ||;PARTLY;+ vrātya - vidhu;"Viṣṇusmṛti" ViSmṛ, 57: 57 3 1;patitāḥ ||;PARTLY;+ patita - vidhu;"Viṣṇusmṛti" ViSmṛ, 77: 77 4 1;vyatīpātaḥ ||;PARTLY;+ vyatīpāta - vidhu;"Viṣṇusmṛti" ViSmṛ, 82: 82 5 1;baiḍālavratikān ||;PARTLY;+ baiḍālavratika - vidhu;"Viṣṇusmṛti" ViSmṛ, 82: 82 6 1;vṛthāliṅginaḥ ||;PARTLY;+ vṛthāliṅgin - vidhu;"Viṣṇusmṛti" ViSmṛ, 82: 82 9 1;cikitsakān ||;PARTLY;+ cikitsaka - vidhu;"Viṣṇusmṛti" ViSmṛ, 82: 82 16 1;vrātyān ||;PARTLY;+ vrātya - vidhu;"Viṣṇusmṛti" ViSmṛ, 82: 82 19 1;sūcakān ||;PARTLY;+ sūcaka - vidhu;"Viṣṇusmṛti" ViSmṛ, 82: 82 24 1;anadhīyānān ||;PARTLY;+ anadhīyāna - vidhu;"Viṣṇusmṛti" ViSmṛ, 82: 82 27 1;nagnān ||;PARTLY;+ nagna - vidhu;"Viṣṇusmṛti" ViSmṛ, 83: 83 2 1;triṇāciketaḥ ||;PARTLY;+ triṇāciketa - vidhu;"Viṣṇusmṛti" ViSmṛ, 83: 83 5 1;vedapāragaḥ ||;PARTLY;+ vedapāraga - vidhu;"Viṣṇusmṛti" ViSmṛ, 83: 83 16 1;trisuparṇaḥ ||;PARTLY;+ trisuparṇa - vidhu;"Viṣṇusmṛti" ViSmṛ, 83: 83 17 1;jāmātā ||;PARTLY;+ jāmātṛ - vidhu;"Viṣṇusmṛti" ViSmṛ, 85: 85 5 1;vaṭe ||;PARTLY;+ vaṭa - vidhu;"Viṣṇusmṛti" ViSmṛ, 85: 85 7 1;varāhaparvate ||;PARTLY;+ varāhaparvata - vidhu;"Viṣṇusmṛti" ViSmṛ, 85: 85 11 1;kuśāvarte ||;PARTLY;+ kuśāvarta - vidhu;"Viṣṇusmṛti" ViSmṛ, 85: 85 12 1;binduke ||;PARTLY;+ binduka - vidhu;"Viṣṇusmṛti" ViSmṛ, 85: 85 13 1;nīlaparvate ||;PARTLY;+ nīlaparvata - vidhu;"Viṣṇusmṛti" ViSmṛ, 85: 85 14 1;kanakhale ||;PARTLY;+ kanakhala - vidhu;"Viṣṇusmṛti" ViSmṛ, 85: 85 15 1;kubjāmre ||;PARTLY;+ kubjāmra - vidhu;"Viṣṇusmṛti" ViSmṛ, 85: 85 16 1;bhṛgutuṅge ||;PARTLY;+ bhṛgutuṅga - vidhu;"Viṣṇusmṛti" ViSmṛ, 85: 85 17 1;kedāre ||;PARTLY;+ kedāra - vidhu;"Viṣṇusmṛti" ViSmṛ, 85: 85 18 1;mahālaye ||;PARTLY;+ mahālaya - vidhu;"Viṣṇusmṛti" ViSmṛ, 85: 85 19 1;naḍantikāyām ||;PARTLY;+ naḍantikā - vidhu;"Viṣṇusmṛti" ViSmṛ, 85: 85 20 1;sugandhāyām ||;PARTLY;+ sugandhā - vidhu;"Viṣṇusmṛti" ViSmṛ, 85: 85 21 1;śākaṃbharyām ||;PARTLY;+ śākambharī - vidhu;"Viṣṇusmṛti" ViSmṛ, 85: 85 22 1;phalgutīrthe ||;PARTLY;+ phalgutīrtha - vidhu;"Viṣṇusmṛti" ViSmṛ, 85: 85 23 1;mahāgaṅgāyām ||;PARTLY;+ mahāgaṅgā - vidhu;"Viṣṇusmṛti" ViSmṛ, 85: 85 24 1;trihalikāgrāme ||;PARTLY;+ trihalikāgrāma - vidhu;"Viṣṇusmṛti" ViSmṛ, 85: 85 25 1;kumāradhārāyām ||;PARTLY;+ kumāradhārā - vidhu;"Viṣṇusmṛti" ViSmṛ, 85: 85 26 1;prabhāse ||;PARTLY;+ prabhāsa - vidhu;"Viṣṇusmṛti" ViSmṛ, 85: 85 28 1;gaṅgādvāre ||;PARTLY;+ gaṅgādvāra - vidhu;"Viṣṇusmṛti" ViSmṛ, 85: 85 34 1;kaṇvāśrame ||;PARTLY;+ kaṇvāśrama - vidhu;"Viṣṇusmṛti" ViSmṛ, 85: 85 35 1;kauśikyām ||;PARTLY;+ kauśikī - vidhu;"Viṣṇusmṛti" ViSmṛ, 85: 85 38 1;śrīparvate ||;PARTLY;+ śrīparvata - vidhu;"Viṣṇusmṛti" ViSmṛ, 85: 85 39 1;kālodake ||;PARTLY;+ kālodaka - vidhu;"Viṣṇusmṛti" ViSmṛ, 85: 85 40 1;uttaramānase ||;PARTLY;+ uttaramānasa - vidhu;"Viṣṇusmṛti" ViSmṛ, 85: 85 41 1;baḍabāyām ||;PARTLY;+ vaḍabā - vidhu;"Viṣṇusmṛti" ViSmṛ, 85: 85 43 1;saptārṣe ||;PARTLY;+ saptārṣa - vidhu;"Viṣṇusmṛti" ViSmṛ, 85: 85 44 1;viṣṇupade ||;PARTLY;+ viṣṇupada - vidhu;"Viṣṇusmṛti" ViSmṛ, 85: 85 46 1;godāvaryām ||;PARTLY;+ godāvarī - vidhu;"Viṣṇusmṛti" ViSmṛ, 85: 85 47 1;gomatyām ||;PARTLY;+ gomatī - vidhu;"Viṣṇusmṛti" ViSmṛ, 85: 85 48 1;vetravatyām ||;PARTLY;+ vetravatī - vidhu;"Viṣṇusmṛti" ViSmṛ, 85: 85 49 1;vipāśāyām ||;PARTLY;+ vipāśā - vidhu;"Viṣṇusmṛti" ViSmṛ, 85: 85 50 1;vitastāyām ||;PARTLY;+ vitastā - vidhu;"Viṣṇusmṛti" ViSmṛ, 85: 85 52 1;candrabhāgāyām ||;PARTLY;+ candrabhāgā - vidhu;"Viṣṇusmṛti" ViSmṛ, 85: 85 53 1;irāvatyām ||;PARTLY;+ irāvatī - vidhu;"Viṣṇusmṛti" ViSmṛ, 85: 85 56 1;ausaje ||;PARTLY;+ ausaja - vidhu;"Viṣṇusmṛti" ViSmṛ, 85: 85 60 1;pulineṣu ||;PARTLY;+ pulina - vidhu;"Viṣṇusmṛti" ViSmṛ, 85: 85 61 1;prasravaṇeṣu ||;PARTLY;+ prasravaṇa - vidhu;"Viṣṇusmṛti" ViSmṛ, 85: 85 62 1;parvateṣu ||;PARTLY;+ parvata - vidhu;"Viṣṇusmṛti" ViSmṛ, 85: 85 63 1;nikuñjeṣu ||;PARTLY;+ nikuñja - vidhu;"Viṣṇusmṛti" ViSmṛ, 85: 85 64 1;vaneṣu ||;PARTLY;+ vana - vidhu;"Viṣṇusmṛti" ViSmṛ, 85: 85 65 1;upavaneṣu ||;PARTLY;+ upavana - vidhu;"Viṣṇusmṛti" ViSmṛ, 85: 85 67 1;manojñeṣu ||;PARTLY;+ manojña - vidhu;"Viṣṇusmṛti" ViSmṛ, 86: 86 6 1;nīlam ||;PARTLY;+ nīla - vidhu;"Viṣṇusmṛti" ViSmṛ, 95: 95 13 1;aśmakuṭṭaḥ ||;PARTLY;+ aśmakuṭṭa - vidhu;"Viṣṇusmṛti" ViSmṛ, 96: 96 22 1;nirnamaskāraḥ ||;PARTLY;+ nirnamaskāra - vidhu;"Viṣṇusmṛti" ViSmṛ, 96: 96 53 1;rajasvalam ||;PARTLY;+ rajasvala - vidhu;"Viṣṇusmṛti" ViSmṛ, 98: 98 7 1;devadeva ||;PARTLY;+ devadeva - vidhu;"Viṣṇusmṛti" ViSmṛ, 98: 98 8 1;vāsudeva ||;PARTLY;+ vāsudeva - vidhu;"Viṣṇusmṛti" ViSmṛ, 98: 98 9 1;ādideva ||;PARTLY;+ ādideva - vidhu;"Viṣṇusmṛti" ViSmṛ, 98: 98 10 1;kāmadeva ||;PARTLY;+ kāmadeva - vidhu;"Viṣṇusmṛti" ViSmṛ, 98: 98 11 1;kāmapāla ||;PARTLY;+ kāmapāla - vidhu;"Viṣṇusmṛti" ViSmṛ, 98: 98 12 1;mahīpāla ||;PARTLY;+ mahīpāla - vidhu;"Viṣṇusmṛti" ViSmṛ, 98: 98 14 1;prajāpate ||;PARTLY;+ prajāpati - vidhu;"Viṣṇusmṛti" ViSmṛ, 98: 98 16 1;mahāprajāpate ||;PARTLY;+ mahāprajāpati - vidhu;"Viṣṇusmṛti" ViSmṛ, 98: 98 17 1;ūrjaspate ||;PARTLY;+ ūrjaspati - vidhu;"Viṣṇusmṛti" ViSmṛ, 98: 98 18 1;vācaspate ||;PARTLY;+ vācaspati - vidhu;"Viṣṇusmṛti" ViSmṛ, 98: 98 19 1;jagatpate ||;PARTLY;+ jagatpati - vidhu;"Viṣṇusmṛti" ViSmṛ, 98: 98 20 1;divaspate ||;PARTLY;+ divaspati - vidhu;"Viṣṇusmṛti" ViSmṛ, 98: 98 21 1;vanaspate ||;PARTLY;+ vanaspati - vidhu;"Viṣṇusmṛti" ViSmṛ, 98: 98 22 1;payaspate ||;PARTLY;+ payaspati - vidhu;"Viṣṇusmṛti" ViSmṛ, 98: 98 23 1;pṛthivīpate ||;PARTLY;+ pṛthivīpati - vidhu;"Viṣṇusmṛti" ViSmṛ, 98: 98 24 1;salilapate ||;PARTLY;+ salilapati - vidhu;"Viṣṇusmṛti" ViSmṛ, 98: 98 25 1;dikpate ||;PARTLY;+ dikpati - vidhu;"Viṣṇusmṛti" ViSmṛ, 98: 98 26 1;mahatpate ||;PARTLY;+ mahatpati - vidhu;"Viṣṇusmṛti" ViSmṛ, 98: 98 27 1;marutpate ||;PARTLY;+ marutpati - vidhu;"Viṣṇusmṛti" ViSmṛ, 98: 98 28 1;lakṣmīpate ||;PARTLY;+ lakṣmīpati - vidhu;"Viṣṇusmṛti" ViSmṛ, 98: 98 29 1;brahmarūpa ||;PARTLY;+ brahmarūpa - vidhu;"Viṣṇusmṛti" ViSmṛ, 98: 98 30 1;brāhmaṇapriya ||;PARTLY;+ brāhmaṇapriya - vidhu;"Viṣṇusmṛti" ViSmṛ, 98: 98 31 1;sarvaga ||;PARTLY;+ sarvaga - vidhu;"Viṣṇusmṛti" ViSmṛ, 98: 98 32 1;acintya ||;PARTLY;+ acintya - vidhu;"Viṣṇusmṛti" ViSmṛ, 98: 98 34 1;puruhūta ||;PARTLY;+ puruhūta - vidhu;"Viṣṇusmṛti" ViSmṛ, 98: 98 35 1;puruṣṭuta ||;PARTLY;+ puruṣṭuta - vidhu;"Viṣṇusmṛti" ViSmṛ, 98: 98 36 1;brahmaṇya ||;PARTLY;+ brahmaṇya - vidhu;"Viṣṇusmṛti" ViSmṛ, 98: 98 37 1;brahmapriya ||;PARTLY;+ brahmapriya - vidhu;"Viṣṇusmṛti" ViSmṛ, 98: 98 38 1;brahmakāyika ||;PARTLY;+ brahmakāyika - vidhu;"Viṣṇusmṛti" ViSmṛ, 98: 98 39 1;mahākāyika ||;PARTLY;+ mahākāyika - vidhu;"Viṣṇusmṛti" ViSmṛ, 98: 98 40 1;mahārājika ||;PARTLY;+ mahārājika - vidhu;"Viṣṇusmṛti" ViSmṛ, 98: 98 41 1;caturmahārājika ||;PARTLY;+ caturmahārājika - vidhu;"Viṣṇusmṛti" ViSmṛ, 98: 98 42 1;bhāsvara ||;PARTLY;+ bhāsvara - vidhu;"Viṣṇusmṛti" ViSmṛ, 98: 98 43 1;mahābhāsvara ||;PARTLY;+ mahābhāsvara - vidhu;"Viṣṇusmṛti" ViSmṛ, 98: 98 44 1;sapta ||;PARTLY;+ sapta - vidhu;"Viṣṇusmṛti" ViSmṛ, 98: 98 45 1;mahābhāga ||;PARTLY;+ mahābhāga - vidhu;"Viṣṇusmṛti" ViSmṛ, 98: 98 46 1;svara ||;PARTLY;+ svara - vidhu;"Viṣṇusmṛti" ViSmṛ, 98: 98 47 1;tuṣita ||;PARTLY;+ tuṣita - vidhu;"Viṣṇusmṛti" ViSmṛ, 98: 98 48 1;mahātuṣita ||;PARTLY;+ mahātuṣita - vidhu;"Viṣṇusmṛti" ViSmṛ, 98: 98 49 1;pratardana ||;PARTLY;+ pratardana - vidhu;"Viṣṇusmṛti" ViSmṛ, 98: 98 50 1;parinirmita ||;PARTLY;+ parinirmā - vidhu;"Viṣṇusmṛti" ViSmṛ, 98: 98 51 1;aparinirmita ||;PARTLY;+ aparinirmita - vidhu;"Viṣṇusmṛti" ViSmṛ, 98: 98 52 1;vaśavartin ||;PARTLY;+ vaśavartin - vidhu;"Viṣṇusmṛti" ViSmṛ, 98: 98 53 1;yajña ||;PARTLY;+ yajña - vidhu;"Viṣṇusmṛti" ViSmṛ, 98: 98 54 1;mahāyajña ||;PARTLY;+ mahāyajña - vidhu;"Viṣṇusmṛti" ViSmṛ, 98: 98 55 1;yajñayoga ||;PARTLY;+ yajñayoga - vidhu;"Viṣṇusmṛti" ViSmṛ, 98: 98 56 1;yajñagamya ||;PARTLY;+ yajñagamya - vidhu;"Viṣṇusmṛti" ViSmṛ, 98: 98 57 1;yajñanidhana ||;PARTLY;+ yajñanidhana - vidhu;"Viṣṇusmṛti" ViSmṛ, 98: 98 58 1;ajita ||;PARTLY;+ ajita - vidhu;"Viṣṇusmṛti" ViSmṛ, 98: 98 59 1;vaikuṇṭha ||;PARTLY;+ vaikuṇṭha - vidhu;"Viṣṇusmṛti" ViSmṛ, 98: 98 60 1;apāra ||;PARTLY;+ apāra - vidhu;"Viṣṇusmṛti" ViSmṛ, 98: 98 62 1;purāṇa ||;PARTLY;+ purāṇa - vidhu;"Viṣṇusmṛti" ViSmṛ, 98: 98 63 1;lekhya ||;PARTLY;+ likh - vidhu;"Viṣṇusmṛti" ViSmṛ, 98: 98 65 1;citraśikhaṇḍadhara ||;PARTLY;+  - vidhu;"Viṣṇusmṛti" ViSmṛ, 98: 98 68 1;viśveśvara ||;PARTLY;+ viśveśvara - vidhu;"Viṣṇusmṛti" ViSmṛ, 98: 98 69 1;viśvadhara ||;PARTLY;+ viśvadhara - vidhu;"Viṣṇusmṛti" ViSmṛ, 98: 98 70 1;śuciśravaḥ ||;PARTLY;+ śuciśravas - vidhu;"Viṣṇusmṛti" ViSmṛ, 98: 98 72 1;ghṛtārciḥ ||;PARTLY;+ ghṛtārcis - vidhu;"Viṣṇusmṛti" ViSmṛ, 98: 98 73 1;khaṇḍaparaśo ||;PARTLY;+ khaṇḍaparaśu - vidhu;"Viṣṇusmṛti" ViSmṛ, 98: 98 74 1;padmanābha ||;PARTLY;+ padmanābha - vidhu;"Viṣṇusmṛti" ViSmṛ, 98: 98 75 1;padmadhara ||;PARTLY;+ padmadhara - vidhu;"Viṣṇusmṛti" ViSmṛ, 98: 98 76 1;padmadhārādhara ||;PARTLY;+ padmadhārādhara - vidhu;"Viṣṇusmṛti" ViSmṛ, 98: 98 77 1;hṛṣīkeśa ||;PARTLY;+ hṛṣīkeśa - vidhu;"Viṣṇusmṛti" ViSmṛ, 98: 98 78 1;ekaśṛṅga ||;PARTLY;+ ekaśṛṅga - vidhu;"Viṣṇusmṛti" ViSmṛ, 98: 98 79 1;mahāvarāha ||;PARTLY;+ mahāvarāha - vidhu;"Viṣṇusmṛti" ViSmṛ, 98: 98 80 1;druhiṇa ||;PARTLY;+ druhiṇa - vidhu;"Viṣṇusmṛti" ViSmṛ, 98: 98 81 1;acyuta ||;PARTLY;+ acyuta - vidhu;"Viṣṇusmṛti" ViSmṛ, 98: 98 82 1;ananta ||;PARTLY;+ ananta - vidhu;"Viṣṇusmṛti" ViSmṛ, 98: 98 83 1;puruṣa ||;PARTLY;+ puruṣa - vidhu;"Viṣṇusmṛti" ViSmṛ, 98: 98 84 1;mahāpuruṣa ||;PARTLY;+ mahāpuruṣa - vidhu;"Viṣṇusmṛti" ViSmṛ, 98: 98 85 1;kapila ||;PARTLY;+ kapila - vidhu;"Viṣṇusmṛti" ViSmṛ, 98: 98 86 1;sāṃkhyācārya ||;PARTLY;+ sāṁkhyācārya - vidhu;"Viṣṇusmṛti" ViSmṛ, 98: 98 87 1;viṣvaksena ||;PARTLY;+ viṣvaksena - vidhu;"Viṣṇusmṛti" ViSmṛ, 98: 98 88 1;dharma ||;PARTLY;+ dharma - vidhu;"Viṣṇusmṛti" ViSmṛ, 98: 98 89 1;dharmada ||;PARTLY;+ dharmada - vidhu;"Viṣṇusmṛti" ViSmṛ, 98: 98 90 1;dharmāṅga ||;PARTLY;+ dharmāṅga - vidhu;"Viṣṇusmṛti" ViSmṛ, 98: 98 91 1;dharmavasuprada ||;PARTLY;+ dharmavasuprada - vidhu;"Viṣṇusmṛti" ViSmṛ, 98: 98 93 1;viṣṇo ||;PARTLY;+ viṣṇu - vidhu;"Viṣṇusmṛti" ViSmṛ, 98: 98 94 1;jiṣṇo ||;PARTLY;+ jiṣṇu - vidhu;"Viṣṇusmṛti" ViSmṛ, 98: 98 95 1;sahiṣṇo ||;PARTLY;+ sahiṣṇu - vidhu;"Viṣṇusmṛti" ViSmṛ, 98: 98 96 1;kṛṣṇa ||;PARTLY;+ kṛṣṇa - vidhu;"Viṣṇusmṛti" ViSmṛ, 98: 98 97 1;puṇḍarīkākṣa ||;PARTLY;+ puṇḍarīkākṣa - vidhu;"Viṣṇusmṛti" ViSmṛ, 98: 98 98 1;nārāyaṇa ||;PARTLY;+ nārāyaṇa - vidhu;"Viṣṇusmṛti" ViSmṛ, 98: 98 99 1;parāyaṇa ||;PARTLY;+ parāyaṇa - vidhu;"Viṣṇusmṛti" ViSmṛ, 98: 98 100 1;jagatparāyaṇa ||;PARTLY;+ jagatparāyaṇa - vidhu;"Gṛhastharatnākara" GṛRĀ, 2: 2 3 1;nāradaḥ |;PARTLY;+ nārada - vidhu;"Gṛhastharatnākara" GṛRĀ, 2: 2 8 1;hārītaḥ |;PARTLY;+ hārīta - vidhu;"Gṛhastharatnākara" GṛRĀ, 2: 2 13 1;vasiṣṭhaḥ |;PARTLY;+ vasiṣṭha - vidhu;"Gṛhastharatnākara" GṛRĀ, 2: 2 23 2;paiṭhīnasiḥ |;PARTLY;+ paiṭhīnasi - vidhu;"Gṛhastharatnākara" GṛRĀ, 3: 3 2 2;devalaḥ |;PARTLY;+ devala - vidhu;"Gṛhastharatnākara" GṛRĀ, 3: 3 4 1;vyāsaḥ |;PARTLY;+ vyāsa - vidhu;"Gṛhastharatnākara" GṛRĀ, 3: 3 6 1;saṃvartaḥ |;PARTLY;+ saṁvarta - vidhu;"Gṛhastharatnākara" GṛRĀ, 3: 3 8 1;yamaḥ |;PARTLY;+ yama - vidhu;"Gṛhastharatnākara" GṛRĀ, 3: 3 10 1;hārītaḥ |;PARTLY;+ hārīta - vidhu;"Gṛhastharatnākara" GṛRĀ, 3: 3 13 1;āpastambaḥ |;PARTLY;+ āpastamba - vidhu;"Gṛhastharatnākara" GṛRĀ, 3: 3 16 1;baudhāyanaḥ |;PARTLY;+ baudhāyana - vidhu;"Gṛhastharatnākara" GṛRĀ, 7: 4 5 1;devalaḥ |;PARTLY;+ devala - vidhu;"Gṛhastharatnākara" GṛRĀ, 7: 4 7 1;paiṭhīnasiḥ |;PARTLY;+ paiṭhīnasi - vidhu;"Gṛhastharatnākara" GṛRĀ, 7: 4 8 1;hārītaḥ |;PARTLY;+ hārīta - vidhu;"Gṛhastharatnākara" GṛRĀ, 7: 4 11 1;vasiṣṭhaḥ |;PARTLY;+ vasiṣṭha - vidhu;"Gṛhastharatnākara" GṛRĀ, 7: 4 16 1;kaśyapaḥ |;PARTLY;+ kaśyapa - vidhu;"Gṛhastharatnākara" GṛRĀ, 7: 4 17 1;āpastambaḥ |;PARTLY;+ āpastamba - vidhu;"Gṛhastharatnākara" GṛRĀ, 7: 4 18 1;manuḥ |;PARTLY;+ manu - vidhu;"Gṛhastharatnākara" GṛRĀ, 7: 4 28 1;kaśyapaḥ |;PARTLY;+ kaśyapa - vidhu;"Gṛhastharatnākara" GṛRĀ, 7: 4 31 1;manuḥ |;PARTLY;+ manu - vidhu;"Gṛhastharatnākara" GṛRĀ, 7: 4 33 1;āpastambaḥ |;PARTLY;+ āpastamba - vidhu;"Gṛhastharatnākara" GṛRĀ, 8: 5 5 1;devalaḥ |;PARTLY;+ devala - vidhu;"Gṛhastharatnākara" GṛRĀ, 8: 5 6 1;gotamaḥ |;PARTLY;+ gotama - vidhu;"Gṛhastharatnākara" GṛRĀ, 8: 5 8 1;viṣṇuḥ |;PARTLY;+ viṣṇu - vidhu;"Gṛhastharatnākara" GṛRĀ, 8: 5 11 1;vasiṣṭhaḥ |;PARTLY;+ vasiṣṭha - vidhu;"Gṛhastharatnākara" GṛRĀ, 9: 6 5 1;devalaḥ |;PARTLY;+ devala - vidhu;"Gṛhastharatnākara" GṛRĀ, 9: 6 7 1;āśvalāyanaḥ |;PARTLY;+ āśvalāyana - vidhu;"Gṛhastharatnākara" GṛRĀ, 9: 6 9 1;hārītaḥ |;PARTLY;+ hārīta - vidhu;"Gṛhastharatnākara" GṛRĀ, 9: 6 11 1;vasiṣṭhaḥ |;PARTLY;+ vasiṣṭha - vidhu;"Parāśarasmṛtiṭīkā" Parāśarasmṛtiṭīkā zu ParDhSmṛti, 2, 2.1: 1 4 0;iti ||;PARTLY;+ iti - vidhu;"Parāśarasmṛtiṭīkā" Parāśarasmṛtiṭīkā zu ParDhSmṛti, 2, 2.2: 2 7 0;iti ||;PARTLY;+ iti - vidhu;"Parāśarasmṛtiṭīkā" Parāśarasmṛtiṭīkā zu ParDhSmṛti, 2, 2.2: 2 11 0;iti ||;PARTLY;+ iti - vidhu;"Parāśarasmṛtiṭīkā" Parāśarasmṛtiṭīkā zu ParDhSmṛti, 2, 2.2: 2 13 0;iti ||;PARTLY;+ iti - vidhu;"Parāśarasmṛtiṭīkā" Parāśarasmṛtiṭīkā zu ParDhSmṛti, 2, 2.2: 2 17 0;iti ||;PARTLY;+ iti - vidhu;"Parāśarasmṛtiṭīkā" Parāśarasmṛtiṭīkā zu ParDhSmṛti, 2, 2.2: 2 19 0;iti ||;PARTLY;+ iti - vidhu;"Parāśarasmṛtiṭīkā" Parāśarasmṛtiṭīkā zu ParDhSmṛti, 2, 2.2: 2 20 0;bāḍham ||;PARTLY;+ bāḍha - vidhu;"Parāśarasmṛtiṭīkā" Parāśarasmṛtiṭīkā zu ParDhSmṛti, 2, 2.2: 2 31 0;iti ||;PARTLY;+ iti - vidhu;"Parāśarasmṛtiṭīkā" Parāśarasmṛtiṭīkā zu ParDhSmṛti, 2, 3.2: 3 1 1;iti ||;PARTLY;+ iti - vidhu;"Parāśarasmṛtiṭīkā" Parāśarasmṛtiṭīkā zu ParDhSmṛti, 2, 4.2: 4 1 0;iti ||;PARTLY;+ iti - vidhu;"Parāśarasmṛtiṭīkā" Parāśarasmṛtiṭīkā zu ParDhSmṛti, 2, 4.2: 4 11 0;iti ||;PARTLY;+ iti - vidhu;"Parāśarasmṛtiṭīkā" Parāśarasmṛtiṭīkā zu ParDhSmṛti, 2, 5.2: 5 5 0;iti ||;PARTLY;+ iti - vidhu;"Parāśarasmṛtiṭīkā" Parāśarasmṛtiṭīkā zu ParDhSmṛti, 2, 6.2: 6 1 1;iti ||;PARTLY;+ iti - vidhu;"Parāśarasmṛtiṭīkā" Parāśarasmṛtiṭīkā zu ParDhSmṛti, 2, 6.2: 6 7 0;iti ||;PARTLY;+ iti - vidhu;"Parāśarasmṛtiṭīkā" Parāśarasmṛtiṭīkā zu ParDhSmṛti, 2, 7.2: 7 1 1;iti ||;PARTLY;+ iti - vidhu;"Parāśarasmṛtiṭīkā" Parāśarasmṛtiṭīkā zu ParDhSmṛti, 2, 7.2: 7 6 0;iti ||;PARTLY;+ iti - vidhu;"Parāśarasmṛtiṭīkā" Parāśarasmṛtiṭīkā zu ParDhSmṛti, 2, 7.2: 7 8 0;iti ||;PARTLY;+ iti - vidhu;"Parāśarasmṛtiṭīkā" Parāśarasmṛtiṭīkā zu ParDhSmṛti, 2, 7.2: 7 11 0;iti ||;PARTLY;+ iti - vidhu;"Parāśarasmṛtiṭīkā" Parāśarasmṛtiṭīkā zu ParDhSmṛti, 2, 7.2: 7 13 0;iti ||;PARTLY;+ iti - vidhu;"Parāśarasmṛtiṭīkā" Parāśarasmṛtiṭīkā zu ParDhSmṛti, 2, 7.2: 7 15 0;iti ||;PARTLY;+ iti - vidhu;"Parāśarasmṛtiṭīkā" Parāśarasmṛtiṭīkā zu ParDhSmṛti, 2, 7.2: 7 17 0;iti ||;PARTLY;+ iti - vidhu;"Parāśarasmṛtiṭīkā" Parāśarasmṛtiṭīkā zu ParDhSmṛti, 2, 7.2: 7 19 0;iti ||;PARTLY;+ iti - vidhu;"Parāśarasmṛtiṭīkā" Parāśarasmṛtiṭīkā zu ParDhSmṛti, 2, 7.2: 7 24 0;iti ||;PARTLY;+ iti - vidhu;"Parāśarasmṛtiṭīkā" Parāśarasmṛtiṭīkā zu ParDhSmṛti, 2, 7.2: 7 29 0;iti ||;PARTLY;+ iti - vidhu;"Parāśarasmṛtiṭīkā" Parāśarasmṛtiṭīkā zu ParDhSmṛti, 2, 7.2: 7 34 0;iti ||;PARTLY;+ iti - vidhu;"Parāśarasmṛtiṭīkā" Parāśarasmṛtiṭīkā zu ParDhSmṛti, 2, 8.1: 8 1 0;iti ||;PARTLY;+ iti - vidhu;"Parāśarasmṛtiṭīkā" Parāśarasmṛtiṭīkā zu ParDhSmṛti, 2, 9.1: 9 1 0;iti ||;PARTLY;+ iti - vidhu;"Parāśarasmṛtiṭīkā" Parāśarasmṛtiṭīkā zu ParDhSmṛti, 2, 10.1: 10 1 1;iti ||;PARTLY;+ iti - vidhu;"Parāśarasmṛtiṭīkā" Parāśarasmṛtiṭīkā zu ParDhSmṛti, 2, 11.1: 11 1 1;iti ||;PARTLY;+ iti - vidhu;"Parāśarasmṛtiṭīkā" Parāśarasmṛtiṭīkā zu ParDhSmṛti, 2, 12.1: 12 1 1;iti ||;PARTLY;+ iti - vidhu;"Parāśarasmṛtiṭīkā" Parāśarasmṛtiṭīkā zu ParDhSmṛti, 2, 13.1: 13 6 0;iti ||;PARTLY;+ iti - vidhu;"Parāśarasmṛtiṭīkā" Parāśarasmṛtiṭīkā zu ParDhSmṛti, 2, 14.1: 14 1 1;iti ||;PARTLY;+ iti - vidhu;"Parāśarasmṛtiṭīkā" Parāśarasmṛtiṭīkā zu ParDhSmṛti, 2, 14.1: 14 5 0;iti ||;PARTLY;+ iti - vidhu;"Parāśarasmṛtiṭīkā" Parāśarasmṛtiṭīkā zu ParDhSmṛti, 2, 15.1: 15 1 0;iti ||;PARTLY;+ iti - vidhu;"Parāśarasmṛtiṭīkā" Parāśarasmṛtiṭīkā zu ParDhSmṛti, 2, 15.2: 16 9 0;iti ||;PARTLY;+ iti - vidhu;"Parāśarasmṛtiṭīkā" Parāśarasmṛtiṭīkā zu ParDhSmṛti, 2, 15.2: 16 11 0;iti ||;PARTLY;+ iti - vidhu;"Parāśarasmṛtiṭīkā" Parāśarasmṛtiṭīkā zu ParDhSmṛti, 2, 15.2: 16 15 0;iti ||;PARTLY;+ iti - vidhu;"Parāśarasmṛtiṭīkā" Parāśarasmṛtiṭīkā zu ParDhSmṛti, 2, 15.2: 16 20 0;iti ||;PARTLY;+ iti - vidhu;"Parāśarasmṛtiṭīkā" Parāśarasmṛtiṭīkā zu ParDhSmṛti, 2, 15.2: 16 22 0;iti ||;PARTLY;+ iti - vidhu;"Parāśarasmṛtiṭīkā" Parāśarasmṛtiṭīkā zu ParDhSmṛti, 2, 15.2: 16 25 0;iti ||;PARTLY;+ iti - vidhu;"Parāśarasmṛtiṭīkā" Parāśarasmṛtiṭīkā zu ParDhSmṛti, 2, 15.2: 16 28 0;iti ||;PARTLY;+ iti - vidhu;"Parāśarasmṛtiṭīkā" Parāśarasmṛtiṭīkā zu ParDhSmṛti, 2, 15.2: 16 31 0;iti ||;PARTLY;+ iti - vidhu;"Parāśarasmṛtiṭīkā" Parāśarasmṛtiṭīkā zu ParDhSmṛti, 2, 15.2: 16 36 0;iti ||;PARTLY;+ iti - vidhu;"Parāśarasmṛtiṭīkā" Parāśarasmṛtiṭīkā zu ParDhSmṛti, 2, 15.2: 16 44 0;iti ||;PARTLY;+ iti - vidhu;"Parāśarasmṛtiṭīkā" Parāśarasmṛtiṭīkā zu ParDhSmṛti, 2, 15.2: 16 47 0;iti ||;PARTLY;+ iti - vidhu;"Parāśarasmṛtiṭīkā" Parāśarasmṛtiṭīkā zu ParDhSmṛti, 2, 15.2: 16 54 0;iti ||;PARTLY;+ iti - vidhu;"Parāśarasmṛtiṭīkā" Parāśarasmṛtiṭīkā zu ParDhSmṛti, 2, 15.2: 16 56 0;iti ||;PARTLY;+ iti - vidhu;"Parāśarasmṛtiṭīkā" Parāśarasmṛtiṭīkā zu ParDhSmṛti, 2, 15.2: 16 58 0;iti ||;PARTLY;+ iti - vidhu;"Parāśarasmṛtiṭīkā" Parāśarasmṛtiṭīkā zu ParDhSmṛti, 2, 15.2: 16 60 0;iti ||;PARTLY;+ iti - vidhu;"Parāśarasmṛtiṭīkā" Parāśarasmṛtiṭīkā zu ParDhSmṛti, 2, 15.2: 16 62 0;iti ||;PARTLY;+ iti - vidhu;"Parāśarasmṛtiṭīkā" Parāśarasmṛtiṭīkā zu ParDhSmṛti, 2, 15.2: 16 66 0;iti ||;PARTLY;+ iti - vidhu;"Parāśarasmṛtiṭīkā" Parāśarasmṛtiṭīkā zu ParDhSmṛti, 2, 15.2: 16 68 0;iti ||;PARTLY;+ iti - vidhu;"Parāśarasmṛtiṭīkā" Parāśarasmṛtiṭīkā zu ParDhSmṛti, 2, 15.2: 16 76 0;iti ||;PARTLY;+ iti - vidhu;"Parāśarasmṛtiṭīkā" Parāśarasmṛtiṭīkā zu ParDhSmṛti, 2, 15.2: 16 79 0;iti ||;PARTLY;+ iti - vidhu;"Parāśarasmṛtiṭīkā" Parāśarasmṛtiṭīkā zu ParDhSmṛti, 2, 15.2: 16 83 0;iti ||;PARTLY;+ iti - vidhu;"Parāśarasmṛtiṭīkā" Parāśarasmṛtiṭīkā zu ParDhSmṛti, 2, 15.2: 16 86 0;iti ||;PARTLY;+ iti - vidhu;"Parāśarasmṛtiṭīkā" Parāśarasmṛtiṭīkā zu ParDhSmṛti, 2, 15.2: 16 91 0;iti ||;PARTLY;+ iti - vidhu;"Parāśarasmṛtiṭīkā" Parāśarasmṛtiṭīkā zu ParDhSmṛti, 2, 15.2: 16 92 1;viṣṇudharmottare |;PARTLY;+ viṣṇudharmottara - vidhu;"Parāśarasmṛtiṭīkā" Parāśarasmṛtiṭīkā zu ParDhSmṛti, 2, 15.2: 16 93 0;iti ||;PARTLY;+ iti - vidhu;"Parāśarasmṛtiṭīkā" Parāśarasmṛtiṭīkā zu ParDhSmṛti, 2, 15.2: 16 96 0;iti ||;PARTLY;+ iti - vidhu;"Parāśarasmṛtiṭīkā" Parāśarasmṛtiṭīkā zu ParDhSmṛti, 2, 15.2: 16 98 0;iti ||;PARTLY;+ iti - vidhu;"Parāśarasmṛtiṭīkā" Parāśarasmṛtiṭīkā zu ParDhSmṛti, 2, 15.2: 16 101 2;iti ||;PARTLY;+ iti - vidhu;"Parāśarasmṛtiṭīkā" Parāśarasmṛtiṭīkā zu ParDhSmṛti, 2, 15.2: 16 103 0;iti ||;PARTLY;+ iti - vidhu;"Parāśarasmṛtiṭīkā" Parāśarasmṛtiṭīkā zu ParDhSmṛti, 2, 15.2: 16 109 0;iti ||;PARTLY;+ iti - vidhu;"Parāśarasmṛtiṭīkā" Parāśarasmṛtiṭīkā zu ParDhSmṛti, 2, 15.2: 16 115 0;iti ||;PARTLY;+ iti - vidhu;"Parāśarasmṛtiṭīkā" Parāśarasmṛtiṭīkā zu ParDhSmṛti, 2, 15.2: 16 116 1;bhaviṣyatpurāṇe |;PARTLY;+ bhaviṣyapurāṇa - vidhu;"Parāśarasmṛtiṭīkā" Parāśarasmṛtiṭīkā zu ParDhSmṛti, 2, 15.2: 16 117 2;iti ||;PARTLY;+ iti - vidhu;"Parāśarasmṛtiṭīkā" Parāśarasmṛtiṭīkā zu ParDhSmṛti, 2, 15.2: 16 119 0;iti ||;PARTLY;+ iti - vidhu;"Parāśarasmṛtiṭīkā" Parāśarasmṛtiṭīkā zu ParDhSmṛti, 2, 15.2: 16 124 0;iti ||;PARTLY;+ iti - vidhu;"Parāśarasmṛtiṭīkā" Parāśarasmṛtiṭīkā zu ParDhSmṛti, 2, 15.2: 16 131 0;iti ||;PARTLY;+ iti - vidhu;"Parāśarasmṛtiṭīkā" Parāśarasmṛtiṭīkā zu ParDhSmṛti, 2, 15.2: 16 137 0;iti ||;PARTLY;+ iti - vidhu;"Parāśarasmṛtiṭīkā" Parāśarasmṛtiṭīkā zu ParDhSmṛti, 2, 15.2: 16 141 0;iti ||;PARTLY;+ iti - vidhu;"Parāśarasmṛtiṭīkā" Parāśarasmṛtiṭīkā zu ParDhSmṛti, 2, 15.2: 16 143 0;iti ||;PARTLY;+ iti - vidhu;"Parāśarasmṛtiṭīkā" Parāśarasmṛtiṭīkā zu ParDhSmṛti, 2, 15.2: 16 145 0;iti ||;PARTLY;+ iti - vidhu;"Parāśarasmṛtiṭīkā" Parāśarasmṛtiṭīkā zu ParDhSmṛti, 2, 15.2: 16 147 0;iti ||;PARTLY;+ iti - vidhu;"Parāśarasmṛtiṭīkā" Parāśarasmṛtiṭīkā zu ParDhSmṛti, 2, 15.2: 16 152 0;iti ||;PARTLY;+ iti - vidhu;"Parāśarasmṛtiṭīkā" Parāśarasmṛtiṭīkā zu ParDhSmṛti, 2, 15.2: 16 154 0;iti ||;PARTLY;+ iti - vidhu;"Parāśarasmṛtiṭīkā" Parāśarasmṛtiṭīkā zu ParDhSmṛti, 2, 15.2: 16 155 1;laugākṣiḥ |;PARTLY;+ laugākṣi - vidhu;"Parāśarasmṛtiṭīkā" Parāśarasmṛtiṭīkā zu ParDhSmṛti, 2, 15.2: 16 156 0;iti ||;PARTLY;+ iti - vidhu;"Parāśarasmṛtiṭīkā" Parāśarasmṛtiṭīkā zu ParDhSmṛti, 2, 15.2: 16 159 0;iti ||;PARTLY;+ iti - vidhu;"Parāśarasmṛtiṭīkā" Parāśarasmṛtiṭīkā zu ParDhSmṛti, 2, 15.2: 16 164 0;iti ||;PARTLY;+ iti - vidhu;"Parāśarasmṛtiṭīkā" Parāśarasmṛtiṭīkā zu ParDhSmṛti, 2, 15.2: 16 165 1;baijavāpaḥ |;PARTLY;+ baijavāpa - vidhu;"Parāśarasmṛtiṭīkā" Parāśarasmṛtiṭīkā zu ParDhSmṛti, 2, 15.2: 16 166 0;iti ||;PARTLY;+ iti - vidhu;"Parāśarasmṛtiṭīkā" Parāśarasmṛtiṭīkā zu ParDhSmṛti, 2, 15.2: 16 168 0;iti ||;PARTLY;+ iti - vidhu;"Parāśarasmṛtiṭīkā" Parāśarasmṛtiṭīkā zu ParDhSmṛti, 2, 15.2: 16 170 0;iti ||;PARTLY;+ iti - vidhu;"Parāśarasmṛtiṭīkā" Parāśarasmṛtiṭīkā zu ParDhSmṛti, 2, 15.2: 16 172 0;iti ||;PARTLY;+ iti - vidhu;"Parāśarasmṛtiṭīkā" Parāśarasmṛtiṭīkā zu ParDhSmṛti, 2, 15.2: 16 174 0;iti ||;PARTLY;+ iti - vidhu;"Parāśarasmṛtiṭīkā" Parāśarasmṛtiṭīkā zu ParDhSmṛti, 2, 15.2: 16 179 0;iti ||;PARTLY;+ iti - vidhu;"Parāśarasmṛtiṭīkā" Parāśarasmṛtiṭīkā zu ParDhSmṛti, 2, 15.2: 16 184 0;iti ||;PARTLY;+ iti - vidhu;"Parāśarasmṛtiṭīkā" Parāśarasmṛtiṭīkā zu ParDhSmṛti, 2, 15.2: 16 187 0;iti ||;PARTLY;+ iti - vidhu;"Parāśarasmṛtiṭīkā" Parāśarasmṛtiṭīkā zu ParDhSmṛti, 2, 15.2: 16 190 0;iti ||;PARTLY;+ iti - vidhu;"Parāśarasmṛtiṭīkā" Parāśarasmṛtiṭīkā zu ParDhSmṛti, 2, 15.2: 16 192 0;iti ||;PARTLY;+ iti - vidhu;"Parāśarasmṛtiṭīkā" Parāśarasmṛtiṭīkā zu ParDhSmṛti, 2, 15.2: 16 200 3;iti ||;PARTLY;+ iti - vidhu;"Parāśarasmṛtiṭīkā" Parāśarasmṛtiṭīkā zu ParDhSmṛti, 2, 15.2: 16 208 0;iti ||;PARTLY;+ iti - vidhu;"Parāśarasmṛtiṭīkā" Parāśarasmṛtiṭīkā zu ParDhSmṛti, 2, 15.2: 16 210 0;iti ||;PARTLY;+ iti - vidhu;"Parāśarasmṛtiṭīkā" Parāśarasmṛtiṭīkā zu ParDhSmṛti, 2, 15.2: 16 213 0;iti ||;PARTLY;+ iti - vidhu;"Parāśarasmṛtiṭīkā" Parāśarasmṛtiṭīkā zu ParDhSmṛti, 2, 15.2: 16 215 0;iti ||;PARTLY;+ iti - vidhu;"Parāśarasmṛtiṭīkā" Parāśarasmṛtiṭīkā zu ParDhSmṛti, 2, 15.2: 16 218 0;iti ||;PARTLY;+ iti - vidhu;"Parāśarasmṛtiṭīkā" Parāśarasmṛtiṭīkā zu ParDhSmṛti, 2, 15.2: 16 220 0;iti ||;PARTLY;+ iti - vidhu;"Parāśarasmṛtiṭīkā" Parāśarasmṛtiṭīkā zu ParDhSmṛti, 2, 15.2: 16 222 0;iti ||;PARTLY;+ iti - vidhu;"Parāśarasmṛtiṭīkā" Parāśarasmṛtiṭīkā zu ParDhSmṛti, 2, 15.2: 16 224 2;vāsaḥ |;PARTLY;+ vāsas - vidhu;"Parāśarasmṛtiṭīkā" Parāśarasmṛtiṭīkā zu ParDhSmṛti, 2, 15.2: 16 225 0;iti ||;PARTLY;+ iti - vidhu;"Parāśarasmṛtiṭīkā" Parāśarasmṛtiṭīkā zu ParDhSmṛti, 2, 15.2: 16 226 1;vasiṣṭhaḥ |;PARTLY;+ vasiṣṭha - vidhu;"Parāśarasmṛtiṭīkā" Parāśarasmṛtiṭīkā zu ParDhSmṛti, 2, 15.2: 16 227 0;iti ||;PARTLY;+ iti - vidhu;"Parāśarasmṛtiṭīkā" Parāśarasmṛtiṭīkā zu ParDhSmṛti, 2, 15.2: 16 229 0;iti ||;PARTLY;+ iti - vidhu;"Parāśarasmṛtiṭīkā" Parāśarasmṛtiṭīkā zu ParDhSmṛti, 2, 15.2: 16 233 0;iti ||;PARTLY;+ iti - vidhu;"Parāśarasmṛtiṭīkā" Parāśarasmṛtiṭīkā zu ParDhSmṛti, 2, 15.2: 16 235 0;iti ||;PARTLY;+ iti - vidhu;"Parāśarasmṛtiṭīkā" Parāśarasmṛtiṭīkā zu ParDhSmṛti, 2, 15.2: 16 237 0;iti ||;PARTLY;+ iti - vidhu;"Parāśarasmṛtiṭīkā" Parāśarasmṛtiṭīkā zu ParDhSmṛti, 2, 15.2: 16 239 0;iti ||;PARTLY;+ iti - vidhu;"Parāśarasmṛtiṭīkā" Parāśarasmṛtiṭīkā zu ParDhSmṛti, 2, 15.2: 16 241 0;iti ||;PARTLY;+ iti - vidhu;"Parāśarasmṛtiṭīkā" Parāśarasmṛtiṭīkā zu ParDhSmṛti, 2, 15.2: 16 243 0;iti ||;PARTLY;+ iti - vidhu;"Parāśarasmṛtiṭīkā" Parāśarasmṛtiṭīkā zu ParDhSmṛti, 2, 15.2: 16 245 0;iti ||;PARTLY;+ iti - vidhu;"Parāśarasmṛtiṭīkā" Parāśarasmṛtiṭīkā zu ParDhSmṛti, 2, 15.2: 16 247 0;iti ||;PARTLY;+ iti - vidhu;"Parāśarasmṛtiṭīkā" Parāśarasmṛtiṭīkā zu ParDhSmṛti, 2, 15.2: 16 249 0;iti ||;PARTLY;+ iti - vidhu;"Parāśarasmṛtiṭīkā" Parāśarasmṛtiṭīkā zu ParDhSmṛti, 2, 15.2: 16 251 0;iti ||;PARTLY;+ iti - vidhu;"Parāśarasmṛtiṭīkā" Parāśarasmṛtiṭīkā zu ParDhSmṛti, 2, 15.2: 16 254 0;iti ||;PARTLY;+ iti - vidhu;"Parāśarasmṛtiṭīkā" Parāśarasmṛtiṭīkā zu ParDhSmṛti, 2, 15.2: 16 255 1;ṛṣyaśṛṅgaḥ |;PARTLY;+ ṛṣyaśṛṅga - vidhu;"Parāśarasmṛtiṭīkā" Parāśarasmṛtiṭīkā zu ParDhSmṛti, 2, 15.2: 16 256 0;iti ||;PARTLY;+ iti - vidhu;"Parāśarasmṛtiṭīkā" Parāśarasmṛtiṭīkā zu ParDhSmṛti, 2, 15.2: 16 259 0;iti ||;PARTLY;+ iti - vidhu;"Parāśarasmṛtiṭīkā" Parāśarasmṛtiṭīkā zu ParDhSmṛti, 2, 15.2: 16 260 1;kātyāyanaḥ |;PARTLY;+ kātyāyana - vidhu;"Parāśarasmṛtiṭīkā" Parāśarasmṛtiṭīkā zu ParDhSmṛti, 2, 15.2: 16 261 0;iti ||;PARTLY;+ iti - vidhu;"Parāśarasmṛtiṭīkā" Parāśarasmṛtiṭīkā zu ParDhSmṛti, 2, 15.2: 16 263 0;iti ||;PARTLY;+ iti - vidhu;"Parāśarasmṛtiṭīkā" Parāśarasmṛtiṭīkā zu ParDhSmṛti, 2, 15.2: 16 271 0;iti ||;PARTLY;+ iti - vidhu;"Parāśarasmṛtiṭīkā" Parāśarasmṛtiṭīkā zu ParDhSmṛti, 2, 15.2: 16 274 0;iti ||;PARTLY;+ iti - vidhu;"Parāśarasmṛtiṭīkā" Parāśarasmṛtiṭīkā zu ParDhSmṛti, 2, 15.2: 16 276 0;iti ||;PARTLY;+ iti - vidhu;"Parāśarasmṛtiṭīkā" Parāśarasmṛtiṭīkā zu ParDhSmṛti, 2, 15.2: 16 278 0;iti ||;PARTLY;+ iti - vidhu;"Parāśarasmṛtiṭīkā" Parāśarasmṛtiṭīkā zu ParDhSmṛti, 2, 15.2: 16 280 0;iti ||;PARTLY;+ iti - vidhu;"Parāśarasmṛtiṭīkā" Parāśarasmṛtiṭīkā zu ParDhSmṛti, 2, 15.2: 16 284 0;iti ||;PARTLY;+ iti - vidhu;"Parāśarasmṛtiṭīkā" Parāśarasmṛtiṭīkā zu ParDhSmṛti, 2, 15.2: 16 288 2;iti ||;PARTLY;+ iti - vidhu;"Parāśarasmṛtiṭīkā" Parāśarasmṛtiṭīkā zu ParDhSmṛti, 2, 15.2: 16 290 2;iti ||;PARTLY;+ iti - vidhu;"Parāśarasmṛtiṭīkā" Parāśarasmṛtiṭīkā zu ParDhSmṛti, 2, 15.2: 16 292 0;iti ||;PARTLY;+ iti - vidhu;"Parāśarasmṛtiṭīkā" Parāśarasmṛtiṭīkā zu ParDhSmṛti, 2, 15.2: 16 295 0;iti ||;PARTLY;+ iti - vidhu;"Parāśarasmṛtiṭīkā" Parāśarasmṛtiṭīkā zu ParDhSmṛti, 2, 15.2: 16 298 0;iti ||;PARTLY;+ iti - vidhu;"Parāśarasmṛtiṭīkā" Parāśarasmṛtiṭīkā zu ParDhSmṛti, 2, 15.2: 16 301 0;iti ||;PARTLY;+ iti - vidhu;"Parāśarasmṛtiṭīkā" Parāśarasmṛtiṭīkā zu ParDhSmṛti, 2, 15.2: 16 305 0;iti ||;PARTLY;+ iti - vidhu;"Parāśarasmṛtiṭīkā" Parāśarasmṛtiṭīkā zu ParDhSmṛti, 2, 15.2: 16 307 0;iti ||;PARTLY;+ iti - vidhu;"Parāśarasmṛtiṭīkā" Parāśarasmṛtiṭīkā zu ParDhSmṛti, 2, 15.2: 16 309 0;iti ||;PARTLY;+ iti - vidhu;"Parāśarasmṛtiṭīkā" Parāśarasmṛtiṭīkā zu ParDhSmṛti, 2, 15.2: 16 311 2;iti ||;PARTLY;+ iti - vidhu;"Parāśarasmṛtiṭīkā" Parāśarasmṛtiṭīkā zu ParDhSmṛti, 2, 15.2: 16 314 0;iti ||;PARTLY;+ iti - vidhu;"Parāśarasmṛtiṭīkā" Parāśarasmṛtiṭīkā zu ParDhSmṛti, 2, 15.2: 16 317 0;iti ||;PARTLY;+ iti - vidhu;"Parāśarasmṛtiṭīkā" Parāśarasmṛtiṭīkā zu ParDhSmṛti, 2, 15.2: 16 321 2;iti ||;PARTLY;+ iti - vidhu;"Parāśarasmṛtiṭīkā" Parāśarasmṛtiṭīkā zu ParDhSmṛti, 2, 15.2: 16 324 0;iti ||;PARTLY;+ iti - vidhu;"Parāśarasmṛtiṭīkā" Parāśarasmṛtiṭīkā zu ParDhSmṛti, 2, 15.2: 16 328 0;iti ||;PARTLY;+ iti - vidhu;"Parāśarasmṛtiṭīkā" Parāśarasmṛtiṭīkā zu ParDhSmṛti, 2, 15.2: 16 331 0;iti ||;PARTLY;+ iti - vidhu;"Parāśarasmṛtiṭīkā" Parāśarasmṛtiṭīkā zu ParDhSmṛti, 2, 15.2: 16 337 0;iti ||;PARTLY;+ iti - vidhu;"Parāśarasmṛtiṭīkā" Parāśarasmṛtiṭīkā zu ParDhSmṛti, 2, 15.2: 16 340 0;iti ||;PARTLY;+ iti - vidhu;"Parāśarasmṛtiṭīkā" Parāśarasmṛtiṭīkā zu ParDhSmṛti, 2, 15.2: 16 343 0;iti ||;PARTLY;+ iti - vidhu;"Parāśarasmṛtiṭīkā" Parāśarasmṛtiṭīkā zu ParDhSmṛti, 2, 15.2: 16 346 0;iti ||;PARTLY;+ iti - vidhu;"Parāśarasmṛtiṭīkā" Parāśarasmṛtiṭīkā zu ParDhSmṛti, 2, 15.2: 16 347 4;iti ||;PARTLY;+ iti - vidhu;"Parāśarasmṛtiṭīkā" Parāśarasmṛtiṭīkā zu ParDhSmṛti, 2, 15.2: 16 349 0;iti ||;PARTLY;+ iti - vidhu;"Parāśarasmṛtiṭīkā" Parāśarasmṛtiṭīkā zu ParDhSmṛti, 2, 15.2: 16 352 0;iti ||;PARTLY;+ iti - vidhu;"Parāśarasmṛtiṭīkā" Parāśarasmṛtiṭīkā zu ParDhSmṛti, 2, 15.2: 16 354 0;iti ||;PARTLY;+ iti - vidhu;"Parāśarasmṛtiṭīkā" Parāśarasmṛtiṭīkā zu ParDhSmṛti, 2, 15.2: 16 356 0;iti ||;PARTLY;+ iti - vidhu;"Parāśarasmṛtiṭīkā" Parāśarasmṛtiṭīkā zu ParDhSmṛti, 2, 15.2: 16 359 1;yamaḥ |;PARTLY;+ yama - vidhu;"Parāśarasmṛtiṭīkā" Parāśarasmṛtiṭīkā zu ParDhSmṛti, 2, 15.2: 16 360 0;iti ||;PARTLY;+ iti - vidhu;"Parāśarasmṛtiṭīkā" Parāśarasmṛtiṭīkā zu ParDhSmṛti, 2, 15.2: 16 361 1;manuḥ |;PARTLY;+ manu - vidhu;"Parāśarasmṛtiṭīkā" Parāśarasmṛtiṭīkā zu ParDhSmṛti, 2, 15.2: 16 362 0;iti ||;PARTLY;+ iti - vidhu;"Parāśarasmṛtiṭīkā" Parāśarasmṛtiṭīkā zu ParDhSmṛti, 2, 15.2: 16 364 0;iti ||;PARTLY;+ iti - vidhu;"Parāśarasmṛtiṭīkā" Parāśarasmṛtiṭīkā zu ParDhSmṛti, 2, 15.2: 16 368 0;iti ||;PARTLY;+ iti - vidhu;"Parāśarasmṛtiṭīkā" Parāśarasmṛtiṭīkā zu ParDhSmṛti, 2, 15.2: 16 369 1;viśvāmitraḥ |;PARTLY;+ viśvāmitra - vidhu;"Parāśarasmṛtiṭīkā" Parāśarasmṛtiṭīkā zu ParDhSmṛti, 2, 15.2: 16 370 0;iti ||;PARTLY;+ iti - vidhu;"Parāśarasmṛtiṭīkā" Parāśarasmṛtiṭīkā zu ParDhSmṛti, 2, 15.2: 16 372 0;iti ||;PARTLY;+ iti - vidhu;"Parāśarasmṛtiṭīkā" Parāśarasmṛtiṭīkā zu ParDhSmṛti, 2, 15.2: 16 377 0;iti ||;PARTLY;+ iti - vidhu;"Parāśarasmṛtiṭīkā" Parāśarasmṛtiṭīkā zu ParDhSmṛti, 2, 15.2: 16 378 1;yamaḥ |;PARTLY;+ yama - vidhu;"Parāśarasmṛtiṭīkā" Parāśarasmṛtiṭīkā zu ParDhSmṛti, 2, 15.2: 16 379 0;iti ||;PARTLY;+ iti - vidhu;"Parāśarasmṛtiṭīkā" Parāśarasmṛtiṭīkā zu ParDhSmṛti, 2, 15.2: 16 380 1;kūrmapurāṇe |;PARTLY;+ kūrmapurāṇa - vidhu;"Parāśarasmṛtiṭīkā" Parāśarasmṛtiṭīkā zu ParDhSmṛti, 2, 15.2: 16 381 0;iti ||;PARTLY;+ iti - vidhu;"Parāśarasmṛtiṭīkā" Parāśarasmṛtiṭīkā zu ParDhSmṛti, 2, 15.2: 16 383 0;iti ||;PARTLY;+ iti - vidhu;"Parāśarasmṛtiṭīkā" Parāśarasmṛtiṭīkā zu ParDhSmṛti, 2, 15.2: 16 387 0;iti ||;PARTLY;+ iti - vidhu;"Parāśarasmṛtiṭīkā" Parāśarasmṛtiṭīkā zu ParDhSmṛti, 2, 15.2: 16 389 0;iti ||;PARTLY;+ iti - vidhu;"Parāśarasmṛtiṭīkā" Parāśarasmṛtiṭīkā zu ParDhSmṛti, 2, 15.2: 16 393 0;iti ||;PARTLY;+ iti - vidhu;"Parāśarasmṛtiṭīkā" Parāśarasmṛtiṭīkā zu ParDhSmṛti, 2, 15.2: 16 394 1;yamaḥ |;PARTLY;+ yama - vidhu;"Parāśarasmṛtiṭīkā" Parāśarasmṛtiṭīkā zu ParDhSmṛti, 2, 15.2: 16 395 0;iti ||;PARTLY;+ iti - vidhu;"Parāśarasmṛtiṭīkā" Parāśarasmṛtiṭīkā zu ParDhSmṛti, 2, 15.2: 16 398 0;iti ||;PARTLY;+ iti - vidhu;"Parāśarasmṛtiṭīkā" Parāśarasmṛtiṭīkā zu ParDhSmṛti, 2, 15.2: 16 404 0;iti ||;PARTLY;+ iti - vidhu;"Parāśarasmṛtiṭīkā" Parāśarasmṛtiṭīkā zu ParDhSmṛti, 2, 15.2: 16 408 0;iti ||;PARTLY;+ iti - vidhu;"Parāśarasmṛtiṭīkā" Parāśarasmṛtiṭīkā zu ParDhSmṛti, 2, 15.2: 16 412 0;iti ||;PARTLY;+ iti - vidhu;"Parāśarasmṛtiṭīkā" Parāśarasmṛtiṭīkā zu ParDhSmṛti, 2, 15.2: 16 413 10;āhūtādhyāyī |;PARTLY;+ āhūtādhyāyin - vidhu;"Parāśarasmṛtiṭīkā" Parāśarasmṛtiṭīkā zu ParDhSmṛti, 2, 15.2: 16 413 14;iti ||;PARTLY;+ iti - vidhu;"Parāśarasmṛtiṭīkā" Parāśarasmṛtiṭīkā zu ParDhSmṛti, 2, 15.2: 16 415 12;iti ||;PARTLY;+ iti - vidhu;"Parāśarasmṛtiṭīkā" Parāśarasmṛtiṭīkā zu ParDhSmṛti, 2, 15.2: 16 417 0;iti ||;PARTLY;+ iti - vidhu;"Parāśarasmṛtiṭīkā" Parāśarasmṛtiṭīkā zu ParDhSmṛti, 2, 15.2: 16 419 0;iti ||;PARTLY;+ iti - vidhu;"Parāśarasmṛtiṭīkā" Parāśarasmṛtiṭīkā zu ParDhSmṛti, 2, 15.2: 16 424 0;iti ||;PARTLY;+ iti - vidhu;"Parāśarasmṛtiṭīkā" Parāśarasmṛtiṭīkā zu ParDhSmṛti, 2, 15.2: 16 427 0;iti ||;PARTLY;+ iti - vidhu;"Parāśarasmṛtiṭīkā" Parāśarasmṛtiṭīkā zu ParDhSmṛti, 2, 15.2: 16 431 0;iti ||;PARTLY;+ iti - vidhu;"Parāśarasmṛtiṭīkā" Parāśarasmṛtiṭīkā zu ParDhSmṛti, 2, 15.2: 16 434 0;iti ||;PARTLY;+ iti - vidhu;"Parāśarasmṛtiṭīkā" Parāśarasmṛtiṭīkā zu ParDhSmṛti, 2, 15.2: 16 439 0;iti ||;PARTLY;+ iti - vidhu;"Parāśarasmṛtiṭīkā" Parāśarasmṛtiṭīkā zu ParDhSmṛti, 2, 15.2: 16 442 0;iti ||;PARTLY;+ iti - vidhu;"Parāśarasmṛtiṭīkā" Parāśarasmṛtiṭīkā zu ParDhSmṛti, 2, 15.2: 16 446 0;iti ||;PARTLY;+ iti - vidhu;"Parāśarasmṛtiṭīkā" Parāśarasmṛtiṭīkā zu ParDhSmṛti, 2, 15.2: 16 448 0;iti ||;PARTLY;+ iti - vidhu;"Parāśarasmṛtiṭīkā" Parāśarasmṛtiṭīkā zu ParDhSmṛti, 2, 15.2: 16 450 0;iti ||;PARTLY;+ iti - vidhu;"Parāśarasmṛtiṭīkā" Parāśarasmṛtiṭīkā zu ParDhSmṛti, 2, 15.2: 16 457 0;iti ||;PARTLY;+ iti - vidhu;"Parāśarasmṛtiṭīkā" Parāśarasmṛtiṭīkā zu ParDhSmṛti, 2, 15.2: 16 460 0;iti ||;PARTLY;+ iti - vidhu;"Parāśarasmṛtiṭīkā" Parāśarasmṛtiṭīkā zu ParDhSmṛti, 2, 15.2: 16 465 2;iti ||;PARTLY;+ iti - vidhu;"Parāśarasmṛtiṭīkā" Parāśarasmṛtiṭīkā zu ParDhSmṛti, 2, 15.2: 16 469 0;iti ||;PARTLY;+ iti - vidhu;"Parāśarasmṛtiṭīkā" Parāśarasmṛtiṭīkā zu ParDhSmṛti, 2, 15.2: 16 471 2;iti ||;PARTLY;+ iti - vidhu;"Parāśarasmṛtiṭīkā" Parāśarasmṛtiṭīkā zu ParDhSmṛti, 2, 15.2: 16 474 0;iti ||;PARTLY;+ iti - vidhu;"Parāśarasmṛtiṭīkā" Parāśarasmṛtiṭīkā zu ParDhSmṛti, 2, 15.2: 16 477 0;iti ||;PARTLY;+ iti - vidhu;"Parāśarasmṛtiṭīkā" Parāśarasmṛtiṭīkā zu ParDhSmṛti, 2, 15.2: 16 485 2;iti ||;PARTLY;+ iti - vidhu;"Parāśarasmṛtiṭīkā" Parāśarasmṛtiṭīkā zu ParDhSmṛti, 2, 15.2: 16 487 0;iti ||;PARTLY;+ iti - vidhu;"Parāśarasmṛtiṭīkā" Parāśarasmṛtiṭīkā zu ParDhSmṛti, 2, 15.2: 16 492 2;iti ||;PARTLY;+ iti - vidhu;"Parāśarasmṛtiṭīkā" Parāśarasmṛtiṭīkā zu ParDhSmṛti, 2, 15.2: 16 493 1;baudhāyanaḥ |;PARTLY;+ baudhāyana - vidhu;"Parāśarasmṛtiṭīkā" Parāśarasmṛtiṭīkā zu ParDhSmṛti, 2, 15.2: 16 494 0;iti ||;PARTLY;+ iti - vidhu;"Parāśarasmṛtiṭīkā" Parāśarasmṛtiṭīkā zu ParDhSmṛti, 2, 15.2: 16 496 0;iti ||;PARTLY;+ iti - vidhu;"Parāśarasmṛtiṭīkā" Parāśarasmṛtiṭīkā zu ParDhSmṛti, 2, 15.2: 16 498 0;iti ||;PARTLY;+ iti - vidhu;"Parāśarasmṛtiṭīkā" Parāśarasmṛtiṭīkā zu ParDhSmṛti, 2, 15.2: 16 501 0;iti ||;PARTLY;+ iti - vidhu;"Parāśarasmṛtiṭīkā" Parāśarasmṛtiṭīkā zu ParDhSmṛti, 2, 15.2: 16 509 0;iti ||;PARTLY;+ iti - vidhu;"Parāśarasmṛtiṭīkā" Parāśarasmṛtiṭīkā zu ParDhSmṛti, 2, 15.2: 16 512 0;iti ||;PARTLY;+ iti - vidhu;"Parāśarasmṛtiṭīkā" Parāśarasmṛtiṭīkā zu ParDhSmṛti, 2, 15.2: 16 542 0;iti ||;PARTLY;+ iti - vidhu;"Parāśarasmṛtiṭīkā" Parāśarasmṛtiṭīkā zu ParDhSmṛti, 2, 15.2: 16 544 0;iti ||;PARTLY;+ iti - vidhu;"Parāśarasmṛtiṭīkā" Parāśarasmṛtiṭīkā zu ParDhSmṛti, 2, 15.2: 16 552 0;iti ||;PARTLY;+ iti - vidhu;"Parāśarasmṛtiṭīkā" Parāśarasmṛtiṭīkā zu ParDhSmṛti, 2, 15.2: 16 554 1;anyathā |;PARTLY;+ anyathā - vidhu;"Parāśarasmṛtiṭīkā" Parāśarasmṛtiṭīkā zu ParDhSmṛti, 2, 15.2: 16 559 0;iti ||;PARTLY;+ iti - vidhu;"Parāśarasmṛtiṭīkā" Parāśarasmṛtiṭīkā zu ParDhSmṛti, 2, 15.2: 16 562 0;iti ||;PARTLY;+ iti - vidhu;"Parāśarasmṛtiṭīkā" Parāśarasmṛtiṭīkā zu ParDhSmṛti, 2, 15.2: 16 572 1;iti |;PARTLY;+ iti - vidhu;"Parāśarasmṛtiṭīkā" Parāśarasmṛtiṭīkā zu ParDhSmṛti, 2, 15.2: 16 575 0;iti ||;PARTLY;+ iti - vidhu;"Parāśarasmṛtiṭīkā" Parāśarasmṛtiṭīkā zu ParDhSmṛti, 2, 15.2: 16 578 0;satyam ||;PARTLY;+ satya - vidhu;"Parāśarasmṛtiṭīkā" Parāśarasmṛtiṭīkā zu ParDhSmṛti, 2, 15.2: 16 581 0;iti ||;PARTLY;+ iti - vidhu;"Parāśarasmṛtiṭīkā" Parāśarasmṛtiṭīkā zu ParDhSmṛti, 2, 15.2: 16 592 0;iti ||;PARTLY;+ iti - vidhu;"Parāśarasmṛtiṭīkā" Parāśarasmṛtiṭīkā zu ParDhSmṛti, 2, 15.2: 16 600 0;iti ||;PARTLY;+ iti - vidhu;"Parāśarasmṛtiṭīkā" Parāśarasmṛtiṭīkā zu ParDhSmṛti, 2, 15.2: 16 602 0;iti ||;PARTLY;+ iti - vidhu;"Parāśarasmṛtiṭīkā" Parāśarasmṛtiṭīkā zu ParDhSmṛti, 2, 15.2: 16 604 0;iti ||;PARTLY;+ iti - vidhu;"Parāśarasmṛtiṭīkā" Parāśarasmṛtiṭīkā zu ParDhSmṛti, 2, 15.2: 16 605 1;vyāsaḥ |;PARTLY;+ vyāsa - vidhu;"Parāśarasmṛtiṭīkā" Parāśarasmṛtiṭīkā zu ParDhSmṛti, 2, 15.2: 16 606 0;iti ||;PARTLY;+ iti - vidhu;"Parāśarasmṛtiṭīkā" Parāśarasmṛtiṭīkā zu ParDhSmṛti, 2, 15.2: 16 609 2;iti ||;PARTLY;+ iti - vidhu;"Parāśarasmṛtiṭīkā" Parāśarasmṛtiṭīkā zu ParDhSmṛti, 2, 15.2: 16 623 0;iti ||;PARTLY;+ iti - vidhu;"Parāśarasmṛtiṭīkā" Parāśarasmṛtiṭīkā zu ParDhSmṛti, 2, 15.2: 16 630 0;iti ||;PARTLY;+ iti - vidhu;"Parāśarasmṛtiṭīkā" Parāśarasmṛtiṭīkā zu ParDhSmṛti, 2, 15.2: 16 637 0;iti ||;PARTLY;+ iti - vidhu;"Parāśarasmṛtiṭīkā" Parāśarasmṛtiṭīkā zu ParDhSmṛti, 2, 15.2: 16 644 3;iti ||;PARTLY;+ iti - vidhu;"Parāśarasmṛtiṭīkā" Parāśarasmṛtiṭīkā zu ParDhSmṛti, 2, 15.2: 16 657 0;iti ||;PARTLY;+ iti - vidhu;"Parāśarasmṛtiṭīkā" Parāśarasmṛtiṭīkā zu ParDhSmṛti, 2, 15.2: 16 665 0;iti ||;PARTLY;+ iti - vidhu;"Parāśarasmṛtiṭīkā" Parāśarasmṛtiṭīkā zu ParDhSmṛti, 2, 15.2: 16 666 1;bhṛguḥ |;PARTLY;+ bhṛgu - vidhu;"Parāśarasmṛtiṭīkā" Parāśarasmṛtiṭīkā zu ParDhSmṛti, 2, 15.2: 16 667 0;iti ||;PARTLY;+ iti - vidhu;"Parāśarasmṛtiṭīkā" Parāśarasmṛtiṭīkā zu ParDhSmṛti, 2, 15.2: 16 671 0;iti ||;PARTLY;+ iti - vidhu;"Parāśarasmṛtiṭīkā" Parāśarasmṛtiṭīkā zu ParDhSmṛti, 2, 15.2: 16 675 0;iti ||;PARTLY;+ iti - vidhu;"Parāśarasmṛtiṭīkā" Parāśarasmṛtiṭīkā zu ParDhSmṛti, 2, 15.2: 16 679 0;iti ||;PARTLY;+ iti - vidhu;"Parāśarasmṛtiṭīkā" Parāśarasmṛtiṭīkā zu ParDhSmṛti, 2, 15.2: 16 681 0;iti ||;PARTLY;+ iti - vidhu;"Parāśarasmṛtiṭīkā" Parāśarasmṛtiṭīkā zu ParDhSmṛti, 2, 15.2: 16 683 0;iti ||;PARTLY;+ iti - vidhu;"Parāśarasmṛtiṭīkā" Parāśarasmṛtiṭīkā zu ParDhSmṛti, 2, 15.2: 16 688 0;iti ||;PARTLY;+ iti - vidhu;"Kāmasūtra" KāSū, 1, 1: 1 13 2;śāstrasaṃgrahaḥ |;PARTLY;+ śāstrasaṁgraha - vidhu;"Kāmasūtra" KāSū, 1, 1: 1 13 21;puruṣāyitam |;PARTLY;+ puruṣāyita - vidhu;"Kāmasūtra" KāSū, 1, 1: 1 13 23;aupariṣṭakam |;PARTLY;+ aupariṣṭaka - vidhu;"Kāmasūtra" KāSū, 1, 1: 1 13 24;ratārambhāvasānikam |;PARTLY;+ ratārambhāvasānika - vidhu;"Kāmasūtra" KāSū, 1, 1: 1 13 48;āntaḥpurikam |;PARTLY;+ āntaḥpurika - vidhu;"Kāmasūtra" KāSū, 1, 1: 1 13 58;abhiyogāḥ |;PARTLY;+ abhiyoga - vidhu;"Kāmasūtra" KāSū, 1, 1: 1 13 81;subhagaṃkaraṇam |;PARTLY;+ subhagaṁkaraṇa - vidhu;"Kāmasūtra" KāSū, 1, 1: 1 13 82;vaśīkaraṇam |;PARTLY;+ vaśīkaraṇa - vidhu;"Kāmasūtra" KāSū, 1, 4: 4 12 1;yakṣarātriḥ |;PARTLY;+ yakṣarātri - vidhu;"Kāmasūtra" KāSū, 1, 4: 4 12 2;kaumudījāgaraḥ |;PARTLY;+ kaumudījāgara - vidhu;"Kāmasūtra" KāSū, 1, 4: 4 12 3;suvasantakaḥ ||;PARTLY;+ suvasantaka - vidhu;"Kāmasūtra" KāSū, 1, 5: 5 3 2;iti ||;PARTLY;+ iti - vidhu;"Kāmasūtra" KāSū, 2, 2: 7 21 1;ityupasūhanayogā bābhravīyāḥ ||;PARTLY;+ bābhravīya - vidhu;"Kāmasūtra" KāSū, 5, 1: 23 16 11;nirapatyā |;PARTLY;+ nirapatya - vidhu;"Kāmasūtra" KāSū, 6, 3: 31 2 14;gṛhakarma |;PARTLY;+ gṛhakarman - vidhu;"Kāmasūtra" KāSū, 6, 3: 31 7 9;anapekṣaṇam |;PARTLY;+ anapekṣaṇa - vidhu;"Kūrmapurāṇa" KūPur, 2, 1: 52 3 1;tadvadāśeṣasaṃsāraduḥkhanāśam anuttamam |;PARTLY;+ anuttama - vidhu;"Sūryaśatakaṭīkā" Sūryaśatakaṭīkā zu SūryaŚ, 1, 1.2: 1 4 0;kiṃbhūtam ||;PARTLY;+ kimbhūta - vidhu;"Sūryaśatakaṭīkā" Sūryaśatakaṭīkā zu SūryaŚ, 1, 2.2: 2 7 0;kasmai ||;PARTLY;+ ka - vidhu;"Sūryaśatakaṭīkā" Sūryaśatakaṭīkā zu SūryaŚ, 1, 3.2: 3 2 0;kān ||;PARTLY;+ ka - vidhu;"Sūryaśatakaṭīkā" Sūryaśatakaṭīkā zu SūryaŚ, 1, 3.2: 3 3 0;vo yuṣmān ||;PARTLY;+ tvad - vidhu;"Sūryaśatakaṭīkā" Sūryaśatakaṭīkā zu SūryaŚ, 1, 4.2: 4 8 0;kīdṛśe ||;PARTLY;+ kīdṛśa - vidhu;"Sūryaśatakaṭīkā" Sūryaśatakaṭīkā zu SūryaŚ, 1, 4.2: 4 15 0;kīdṛśam ||;PARTLY;+ kīdṛśa - vidhu;"Sūryaśatakaṭīkā" Sūryaśatakaṭīkā zu SūryaŚ, 1, 5.2: 5 5 0;vihitasvāgata iva ||;PARTLY;+ svāgata - vidhu;"Sūryaśatakaṭīkā" Sūryaśatakaṭīkā zu SūryaŚ, 1, 5.2: 5 10 0;tātsthyāt ||;PARTLY;+ tātsthya - vidhu;"Sūryaśatakaṭīkā" Sūryaśatakaṭīkā zu SūryaŚ, 1, 6.2: 6 3 0;kiṃviśiṣṭāḥ ||;PARTLY;+ kiṁviśiṣṭa - vidhu;"Sūryaśatakaṭīkā" Sūryaśatakaṭīkā zu SūryaŚ, 1, 6.2: 6 5 0;kaiḥ ||;PARTLY;+ ka - vidhu;"Sūryaśatakaṭīkā" Sūryaśatakaṭīkā zu SūryaŚ, 1, 6.2: 6 9 0;kān ||;PARTLY;+ ka - vidhu;"Sūryaśatakaṭīkā" Sūryaśatakaṭīkā zu SūryaŚ, 1, 7.2: 7 7 0;kim ||;PARTLY;+ ka - vidhu;"Sūryaśatakaṭīkā" Sūryaśatakaṭīkā zu SūryaŚ, 1, 7.2: 7 18 0;kutaḥ ||;PARTLY;+ kutas - vidhu;"Sūryaśatakaṭīkā" Sūryaśatakaṭīkā zu SūryaŚ, 1, 8.2: 8 3 0;kena ||;PARTLY;+ ka - vidhu;"Sūryaśatakaṭīkā" Sūryaśatakaṭīkā zu SūryaŚ, 1, 8.2: 8 9 0;kiṃbhūtāḥ ||;PARTLY;+ kimbhūta - vidhu;"Sūryaśatakaṭīkā" Sūryaśatakaṭīkā zu SūryaŚ, 1, 8.2: 8 14 0;kva ||;PARTLY;+ kva - vidhu;"Sūryaśatakaṭīkā" Sūryaśatakaṭīkā zu SūryaŚ, 1, 9.2: 9 2 0;kiṃbhūtāḥ ||;PARTLY;+ kimbhūta - vidhu;"Sūryaśatakaṭīkā" Sūryaśatakaṭīkā zu SūryaŚ, 1, 9.2: 9 4 0;kāsām ||;PARTLY;+ ka - vidhu;"Sūryaśatakaṭīkā" Sūryaśatakaṭīkā zu SūryaŚ, 1, 9.2: 9 10 0;kva ||;PARTLY;+ kva - vidhu;"Sūryaśatakaṭīkā" Sūryaśatakaṭīkā zu SūryaŚ, 1, 11.2: 11 5 0;kva ||;PARTLY;+ kva - vidhu;"Sūryaśatakaṭīkā" Sūryaśatakaṭīkā zu SūryaŚ, 1, 11.2: 11 10 0;kva ||;PARTLY;+ kva - vidhu;"Sūryaśatakaṭīkā" Sūryaśatakaṭīkā zu SūryaŚ, 1, 12.2: 12 6 0;kva ||;PARTLY;+ kva - vidhu;"Sūryaśatakaṭīkā" Sūryaśatakaṭīkā zu SūryaŚ, 1, 12.2: 12 8 0;kiṃbhūte ||;PARTLY;+ kimbhūta - vidhu;"Sūryaśatakaṭīkā" Sūryaśatakaṭīkā zu SūryaŚ, 1, 12.2: 12 12 0;kiṃbhūtāḥ ||;PARTLY;+ kimbhūta - vidhu;"Sūryaśatakaṭīkā" Sūryaśatakaṭīkā zu SūryaŚ, 1, 12.2: 12 22 0;kaiḥ ||;PARTLY;+ ka - vidhu;"Sūryaśatakaṭīkā" Sūryaśatakaṭīkā zu SūryaŚ, 1, 12.2: 12 25 0;katham ||;PARTLY;+ katham - vidhu;"Sūryaśatakaṭīkā" Sūryaśatakaṭīkā zu SūryaŚ, 1, 13.2: 13 8 0;kaiḥ ||;PARTLY;+ ka - vidhu;"Sūryaśatakaṭīkā" Sūryaśatakaṭīkā zu SūryaŚ, 1, 13.2: 13 10 0;kiyadbhiḥ ||;PARTLY;+ kiyat - vidhu;"Sūryaśatakaṭīkā" Sūryaśatakaṭīkā zu SūryaŚ, 1, 14.2: 14 3 0;kiṃviśiṣṭāḥ ||;PARTLY;+ kiṁviśiṣṭa - vidhu;"Sūryaśatakaṭīkā" Sūryaśatakaṭīkā zu SūryaŚ, 1, 14.2: 14 6 0;kiṃbhūtā iva dhayanti ||;PARTLY;+ dhā - vidhu;"Sūryaśatakaṭīkā" Sūryaśatakaṭīkā zu SūryaŚ, 1, 14.2: 14 11 0;kva ||;PARTLY;+ kva - vidhu;"Sūryaśatakaṭīkā" Sūryaśatakaṭīkā zu SūryaŚ, 1, 14.2: 14 16 0;kiṃbhūtāḥ ||;PARTLY;+ kimbhūta - vidhu;"Sūryaśatakaṭīkā" Sūryaśatakaṭīkā zu SūryaŚ, 1, 15.2: 15 6 0;kasmin ||;PARTLY;+ ka - vidhu;"Sūryaśatakaṭīkā" Sūryaśatakaṭīkā zu SūryaŚ, 1, 15.2: 15 11 0;kām ||;PARTLY;+ ka - vidhu;"Sūryaśatakaṭīkā" Sūryaśatakaṭīkā zu SūryaŚ, 1, 15.2: 15 12 0;avasthām ||;PARTLY;+ avasthā - vidhu;"Sūryaśatakaṭīkā" Sūryaśatakaṭīkā zu SūryaŚ, 1, 15.2: 15 13 0;kāsām ||;PARTLY;+ ka - vidhu;"Sūryaśatakaṭīkā" Sūryaśatakaṭīkā zu SūryaŚ, 1, 15.2: 15 16 0;kīdṛśīm ||;PARTLY;+ kīdṛśa - vidhu;"Sūryaśatakaṭīkā" Sūryaśatakaṭīkā zu SūryaŚ, 1, 16.2: 16 3 0;kiṃbhūtaḥ ||;PARTLY;+ kimbhūta - vidhu;"Sūryaśatakaṭīkā" Sūryaśatakaṭīkā zu SūryaŚ, 1, 16.2: 16 5 0;kena ||;PARTLY;+ ka - vidhu;"Sūryaśatakaṭīkā" Sūryaśatakaṭīkā zu SūryaŚ, 1, 17.2: 17 2 0;vo yuṣmākam ||;PARTLY;+ tvad - vidhu;"Sūryaśatakaṭīkā" Sūryaśatakaṭīkā zu SūryaŚ, 1, 17.2: 17 5 0;dhvaṃsayitvā ||;PARTLY;+ dhvaṁsay - vidhu;"Sūryaśatakaṭīkā" Sūryaśatakaṭīkā zu SūryaŚ, 1, 17.2: 17 6 0;kām ||;PARTLY;+ ka - vidhu;"Sūryaśatakaṭīkā" Sūryaśatakaṭīkā zu SūryaŚ, 1, 17.2: 17 11 0;kathaṃbhūtām ||;PARTLY;+ kathaṁbhūta - vidhu;"Śāṅkhāyanagṛhyasūtra" ŚGṛS, 1, 10: 6 3 1;śākhāpaśūnām ||;PARTLY;+ śākhāpaśu - vidhu;"Arthaśāstra" ArthaŚ, 2, 10: 31 53 2;iti ||;PARTLY;+ iti - vidhu;"Arthaśāstra" ArthaŚ, 2, 10: 31 56 2;iti ||;PARTLY;+ iti - vidhu;"Arthaśāstra" ArthaŚ, 2, 10: 31 62 2;iti ||;PARTLY;+ iti - vidhu;"Arthaśāstra" ArthaŚ, 2, 11: 32 55 2;iti ||;PARTLY;+ iti - vidhu;"Arthaśāstra" ArthaŚ, 2, 11: 32 59 2;iti ||;PARTLY;+ iti - vidhu;"Arthaśāstra" ArthaŚ, 2, 11: 32 68 2;iti ||;PARTLY;+ iti - vidhu;"Arthaśāstra" ArthaŚ, 2, 11: 32 87 2;iti ||;PARTLY;+ iti - vidhu;"Arthaśāstra" ArthaŚ, 2, 11: 32 91 2;iti ||;PARTLY;+ iti - vidhu;"Arthaśāstra" ArthaŚ, 2, 11: 32 115 2;iti ||;PARTLY;+ iti - vidhu;"Arthaśāstra" ArthaŚ, 4, 11: 50 5 1;vadhe vadhaḥ ||;PARTLY;+ vadha - vidhu;"Arthaśāstra" ArthaŚ, 14, 3: 57 39 1;svāhā ||;PARTLY;+ svāhā - vidhu;"Arthaśāstra" ArthaŚ, 14, 3: 57 52 1;svāhā ||;PARTLY;+ svāhā - vidhu;"Nāṭyaśāstra" NāṭŚ, 6: 5 32 10;ucyate |;PARTLY;+ vac - vidhu;"Nāṭyaśāstra" NāṭŚ, 6: 5 64 5;bhāvāś cāsyāsaṃmohotsāhāvegāmarṣacapalataugryagarvasvedavepathuromāñcagadgadādayaḥ |;PARTLY;+ bhāva - vidhu;"Nāṭyaśāstra" NāṭŚ, 6: 5 64 9;ucyate |;PARTLY;+ vac - vidhu;"Nāṭyaśāstra" NāṭŚ, 6: 5 64 13;kasmāt |;PARTLY;+ kasmāt - vidhu;"Nāṭyaśāstravivṛti" NŚVi zu NāṭŚ, 6, 32.2: 1 30 0;aṅgairivāṅgikam ||;PARTLY;+ āṅgika - vidhu;"Nāṭyaśāstravivṛti" NŚVi zu NāṭŚ, 6, 32.2: 1 31 1;tena |;PARTLY;+ tena - vidhu;"Nāṭyaśāstravivṛti" NŚVi zu NāṭŚ, 6, 32.2: 1 32 0;iti ||;PARTLY;+ iti - vidhu;"Nāṭyaśāstravivṛti" NŚVi zu NāṭŚ, 6, 32.2: 1 43 0;iti ||;PARTLY;+ iti - vidhu;"Nāṭyaśāstravivṛti" NŚVi zu NāṭŚ, 6, 32.2: 1 52 1;iti ||;PARTLY;+ iti - vidhu;"Nāṭyaśāstravivṛti" NŚVi zu NāṭŚ, 6, 32.2: 1 79 0;satyam ||;PARTLY;+ satya - vidhu;"Nāṭyaśāstravivṛti" NŚVi zu NāṭŚ, 6, 32.2: 1 166 3;iti ||;PARTLY;+ iti - vidhu;"Nāṭyaśāstravivṛti" NŚVi zu NāṭŚ, 6, 32.2: 1 169 0;iti ||;PARTLY;+ iti - vidhu;"Nāṭyaśāstravivṛti" NŚVi zu NāṭŚ, 6, 66.2: 2 7 0;iti ||;PARTLY;+ iti - vidhu;"Nāṭyaśāstravivṛti" NŚVi zu NāṭŚ, 6, 66.2: 2 41 0;iti ||;PARTLY;+ iti - vidhu;"Nāṭyaśāstravivṛti" NŚVi zu NāṭŚ, 6, 66.2: 2 54 0;bhāve ṇyadantau ||;PARTLY;+ bhāva - vidhu;"Sāṃkhyakārikābhāṣya" SKBh zu SāṃKār, 1.2: 1 3 11;kva |;PARTLY;+ kva - vidhu;"Sāṃkhyakārikābhāṣya" SKBh zu SāṃKār, 1.2: 1 3 19;na |;PARTLY;+ na - vidhu;"Sāṃkhyakārikābhāṣya" SKBh zu SāṃKār, 1.2: 1 3 27;yathā |;PARTLY;+ yathā - vidhu;"Sāṃkhyakārikābhāṣya" SKBh zu SāṃKār, 1.2: 1 4 12;ucyate ||;PARTLY;+ vac - vidhu;"Sāṃkhyakārikābhāṣya" SKBh zu SāṃKār, 2.2: 2 2 2;yathā |;PARTLY;+ yathā - vidhu;"Sāṃkhyakārikābhāṣya" SKBh zu SāṃKār, 2.2: 2 3 6;ucyate |;PARTLY;+ vac - vidhu;"Sāṃkhyakārikābhāṣya" SKBh zu SāṃKār, 3.2: 3 1 3;avikṛtiḥ |;PARTLY;+ avikṛti - vidhu;"Sāṃkhyakārikābhāṣya" SKBh zu SāṃKār, 4.2: 4 1 1;dṛṣṭam |;PARTLY;+ dṛṣṭa - vidhu;"Sāṃkhyakārikābhāṣya" SKBh zu SāṃKār, 4.2: 4 3 15;itaretarābhāvaḥ |;PARTLY;+ itaretarābhāva - vidhu;"Sāṃkhyakārikābhāṣya" SKBh zu SāṃKār, 4.2: 4 4 2;pratibhānvāsasaṃjñānam iti |;PARTLY;+ iti - vidhu;"Sāṃkhyakārikābhāṣya" SKBh zu SāṃKār, 7.2: 7 1 3;sāmīpyāt |;PARTLY;+ sāmīpya - vidhu;"Sāṃkhyakārikābhāṣya" SKBh zu SāṃKār, 7.2: 7 1 9;saukṣmyāt |;PARTLY;+ saukṣmya - vidhu;"Sāṃkhyakārikābhāṣya" SKBh zu SāṃKār, 7.2: 7 1 11;vyavadhānāt |;PARTLY;+ vyavadhāna - vidhu;"Sāṃkhyakārikābhāṣya" SKBh zu SāṃKār, 7.2: 7 1 13;abhibhavāt |;PARTLY;+ abhibhava - vidhu;"Sāṃkhyakārikābhāṣya" SKBh zu SāṃKār, 16.2: 16 1 2;triguṇataḥ triguṇāt |;PARTLY;+ triguṇa - vidhu;"Sāṃkhyakārikābhāṣya" SKBh zu SāṃKār, 17.2: 17 4 0;kasmāt ||;PARTLY;+ kasmāt - vidhu;"Sāṃkhyakārikābhāṣya" SKBh zu SāṃKār, 17.2: 17 16 0;adhiṣṭhānāt ||;PARTLY;+ adhiṣṭhāna - vidhu;"Sāṃkhyakārikābhāṣya" SKBh zu SāṃKār, 20.2: 20 1 7;katham |;PARTLY;+ katham - vidhu;"Sāṃkhyakārikābhāṣya" SKBh zu SāṃKār, 20.2: 20 1 13;ucyate ||;PARTLY;+ vac - vidhu;"Sāṃkhyakārikābhāṣya" SKBh zu SāṃKār, 27.2: 27 1 25;katham |;PARTLY;+ katham - vidhu;"Sāṃkhyakārikābhāṣya" SKBh zu SāṃKār, 30.2: 30 1 20;kiṃca ||;PARTLY;+ kiṁca - vidhu;"Sāṃkhyakārikābhāṣya" SKBh zu SāṃKār, 32.2: 32 1 12;kiṃca ||;PARTLY;+ kiṁca - vidhu;"Sāṃkhyakārikābhāṣya" SKBh zu SāṃKār, 36.2: 36 1 2;kiṃviśiṣṭāḥ |;PARTLY;+ kiṁviśiṣṭa - vidhu;"Sāṃkhyakārikābhāṣya" SKBh zu SāṃKār, 41.2: 41 1 6;nirāśrayam |;PARTLY;+ nirāśraya - vidhu;"Sāṃkhyakārikābhāṣya" SKBh zu SāṃKār, 42.2: 42 1 13;katham |;PARTLY;+ katham - vidhu;"Sāṃkhyakārikābhāṣya" SKBh zu SāṃKār, 46.2: 46 1 6;aśaktiḥ |;PARTLY;+ aśakti - vidhu;"Sāṃkhyakārikābhāṣya" SKBh zu SāṃKār, 51.2: 51 1 1;ūhaḥ |;PARTLY;+ ūha - vidhu;"Sāṃkhyakārikābhāṣya" SKBh zu SāṃKār, 51.2: 51 1 17;dānam |;PARTLY;+ dāna - vidhu;"Sāṃkhyakārikābhāṣya" SKBh zu SāṃKār, 56.2: 56 1 7;katham |;PARTLY;+ katham - vidhu;"Sāṃkhyakārikābhāṣya" SKBh zu SāṃKār, 57.2: 57 1 3;kiṃca ||;PARTLY;+ kiṁca - vidhu;"Sāṃkhyakārikābhāṣya" SKBh zu SāṃKār, 60.2: 60 1 2;katham |;PARTLY;+ katham - vidhu;"Sāṃkhyakārikābhāṣya" SKBh zu SāṃKār, 61.2: 61 1 3;kasmāt |;PARTLY;+ kasmāt - vidhu;"Sāṃkhyakārikābhāṣya" SKBh zu SāṃKār, 62.2: 62 2 4;ucyate ||;PARTLY;+ vac - vidhu;"Sāṃkhyakārikābhāṣya" SKBh zu SāṃKār, 67.2: 67 1 2;katham |;PARTLY;+ katham - vidhu;"Chāndogyopaniṣad" ChāUp, 1, 3: 3 6 2;prāṇa evot |;PARTLY;+ prāṇa - vidhu;"Chāndogyopaniṣad" ChāUp, 1, 3: 3 6 6;annaṃ tham |;PARTLY;+ anna - vidhu;"Chāndogyopaniṣad" ChāUp, 1, 3: 3 7 1;dyaur evot |;PARTLY;+ div - vidhu;"Chāndogyopaniṣad" ChāUp, 1, 3: 3 7 3;pṛthivī tham |;PARTLY;+ pṛthivī - vidhu;"Chāndogyopaniṣad" ChāUp, 1, 3: 3 7 4;āditya evot |;PARTLY;+ āditya - vidhu;"Chāndogyopaniṣad" ChāUp, 1, 3: 3 7 6;agnis tham |;PARTLY;+ agni - vidhu;"Chāndogyopaniṣad" ChāUp, 1, 3: 3 7 7;sāmaveda evot |;PARTLY;+ sāmaveda - vidhu;"Chāndogyopaniṣad" ChāUp, 1, 3: 3 7 9;ṛgvedas tham |;PARTLY;+ ṛgveda - vidhu;"Chāndogyopaniṣad" ChāUp, 1, 11: 11 5 3;prāṇam abhyujjihate |;PARTLY;+ prāṇa - vidhu;"Chāndogyopaniṣad" ChāUp, 1, 12: 12 5 4;annapate 3.nnamihā 2..harā2..haro3miti ||;PARTLY;+ annapati - vidhu;"Chāndogyopaniṣad" ChāUp, 3, 16: 53 5 5;prāṇā vāvādityāḥ |;PARTLY;+ prāṇa - vidhu;"Chāndogyopaniṣad" ChāUp, 3, 17: 54 7 1;ādit pratnasya retasaḥ |;PARTLY;+ retas - vidhu;"Chāndogyopaniṣad" ChāUp, 3, 17: 54 7 2;ud vayaṃ tamasaspari |;PARTLY;+ mad - vidhu;"Chāndogyopaniṣad" ChāUp, 4, 17: 73 10 1;mānavaḥ |;PARTLY;+ mānava - vidhu;"Chāndogyopaniṣad" ChāUp, 5, 10: 83 5 2;ākāśam |;PARTLY;+ ākāśa - vidhu;"Chāndogyopaniṣad" ChāUp, 6, 7: 104 3 5;aśāna |;PARTLY;+ aś - vidhu;"Chāndogyopaniṣad" ChāUp, 7, 6: 119 1 2;dhyāyatīva pṛthivī |;PARTLY;+ pṛthivī - vidhu;"Chāndogyopaniṣad" ChāUp, 7, 6: 119 1 3;dhyāyatīvāntarikṣam |;PARTLY;+ antarikṣa - vidhu;"Chāndogyopaniṣad" ChāUp, 7, 6: 119 1 4;dhyāyatīva dyauḥ |;PARTLY;+ div - vidhu;"Chāndogyopaniṣad" ChāUp, 7, 6: 119 1 5;dhyāyantīvāpaḥ |;PARTLY;+ ap - vidhu;"Chāndogyopaniṣad" ChāUp, 7, 6: 119 1 6;dhyāyantīva parvatāḥ |;PARTLY;+ parvata - vidhu;"Chāndogyopaniṣad" ChāUp, 7, 9: 122 1 4;athavādraṣṭāśrotāmantāboddhākartāvijñātā bhavati |;PARTLY;+ bhū - vidhu;"Chāndogyopaniṣad" ChāUp, 7, 26: 138 2 4;iti |;PARTLY;+ iti - vidhu;"Chāndogyopaniṣad" ChāUp, 8, 10: 148 4 6;api roditīva |;PARTLY;+ rud - vidhu;"Nirukta" Nirukta, 1, 7: 7 5 0;jaritā garitā ||;PARTLY;+ jaritṛ - vidhu;"Vaiśeṣikasūtra" VaiśSū, 1, 1: 1 26 1;rūpānāṃ rūpam ||;PARTLY;+ rūpa - vidhu;"Vaiśeṣikasūtra" VaiśSū, 2, 2: 4 33 1;abhāvāt ||;PARTLY;+ abhāva - vidhu;"Vaiśeṣikasūtra" VaiśSū, 2, 2: 4 35 1;doṣāt ||;PARTLY;+ doṣa - vidhu;"Vaiśeṣikasūtra" VaiśSū, 6, 2: 12 3 0;cāturāśramyam upadhāccānupadhācca ||;PARTLY;+ cāturāśramya - vidhu;"Vaiśeṣikasūtra" VaiśSū, 6, 2: 12 14 1;tṛpteḥ ||;PARTLY;+ tṛpti - vidhu;"Vaiśeṣikasūtra" VaiśSū, 6, 2: 12 15 1;adṛṣṭāt ||;PARTLY;+ adṛṣṭa - vidhu;"Vaiśeṣikasūtravṛtti" VaiSūVṛ zu VaiśSū, 2, 2, 2: 30 4 0;na ||;PARTLY;+ na - vidhu;"Vaiśeṣikasūtravṛtti" VaiSūVṛ zu VaiśSū, 2, 2, 3: 31 2 0;kiṃca ||;PARTLY;+ kiṁca - vidhu;"Vaiśeṣikasūtravṛtti" VaiSūVṛ zu VaiśSū, 2, 2, 6: 34 6 0;kiṃca ||;PARTLY;+ kiṁca - vidhu;"Vaiśeṣikasūtravṛtti" VaiSūVṛ zu VaiśSū, 2, 2, 12.1: 40 3 1;kiṃca ||;PARTLY;+ kiṁca - vidhu;"Vaiśeṣikasūtravṛtti" VaiSūVṛ zu VaiśSū, 2, 2, 28.1: 56 3 0;kiṃtu ||;PARTLY;+ kiṁtu - vidhu;"Vaiśeṣikasūtravṛtti" VaiSūVṛ zu VaiśSū, 2, 2, 30: 58 2 0;kiṃca ||;PARTLY;+ kiṁca - vidhu;"Vaiśeṣikasūtravṛtti" VaiSūVṛ zu VaiśSū, 2, 2, 31.1: 59 1 1;kiṃca ||;PARTLY;+ kiṁca - vidhu;"Vaiśeṣikasūtravṛtti" VaiSūVṛ zu VaiśSū, 2, 2, 32.1: 60 2 1;kiṃca ||;PARTLY;+ kiṁca - vidhu;"Vaiśeṣikasūtravṛtti" VaiSūVṛ zu VaiśSū, 3, 1, 12.1: 83 5 0;kiṃca ||;PARTLY;+ kiṁca - vidhu;"Vaiśeṣikasūtravṛtti" VaiSūVṛ zu VaiśSū, 3, 2, 14: 101 6 0;nanu ||;PARTLY;+ nanu - vidhu;"Vaiśeṣikasūtravṛtti" VaiSūVṛ zu VaiśSū, 4, 1, 12.1: 116 2 1;kutaḥ ||;PARTLY;+ kutas - vidhu;"Vaiśeṣikasūtravṛtti" VaiSūVṛ zu VaiśSū, 4, 2, 3: 121 4 0;kutaḥ ||;PARTLY;+ kutas - vidhu;"Vaiśeṣikasūtravṛtti" VaiSūVṛ zu VaiśSū, 4, 2, 8: 126 4 1;ataḥ ||;PARTLY;+ atas - vidhu;"Vaiśeṣikasūtravṛtti" VaiSūVṛ zu VaiśSū, 6, 1, 6: 179 3 0;kutaḥ ||;PARTLY;+ kutas - vidhu;"Vaiśeṣikasūtravṛtti" VaiSūVṛ zu VaiśSū, 6, 1, 13.1: 186 2 1;tataḥ ||;PARTLY;+ tatas - vidhu;"Vaiśeṣikasūtravṛtti" VaiSūVṛ zu VaiśSū, 6, 2, 6: 197 3 1;kiṃca ||;PARTLY;+ kiṁca - vidhu;"Vaiśeṣikasūtravṛtti" VaiSūVṛ zu VaiśSū, 6, 2, 8: 199 3 1;nanu ||;PARTLY;+ nanu - vidhu;"Vaiśeṣikasūtravṛtti" VaiSūVṛ zu VaiśSū, 6, 2, 13.1: 204 3 0;kiñca ||;PARTLY;+ kiṁca - vidhu;"Vaiśeṣikasūtravṛtti" VaiSūVṛ zu VaiśSū, 6, 2, 14.1: 205 2 0;kiṃca ||;PARTLY;+ kiṁca - vidhu;"Vaiśeṣikasūtravṛtti" VaiSūVṛ zu VaiśSū, 6, 2, 15.1: 206 2 0;kiṃca ||;PARTLY;+ kiṁca - vidhu;"Vaiśeṣikasūtravṛtti" VaiSūVṛ zu VaiśSū, 6, 2, 16.1: 207 3 0;tataḥ ||;PARTLY;+ tatas - vidhu;"Vaiśeṣikasūtravṛtti" VaiSūVṛ zu VaiśSū, 7, 1, 3: 213 2 0;tatra ||;PARTLY;+ tatra - vidhu;"Vaiśeṣikasūtravṛtti" VaiSūVṛ zu VaiśSū, 7, 1, 7: 217 2 0;yataḥ ||;PARTLY;+ yatas - vidhu;"Vaiśeṣikasūtravṛtti" VaiSūVṛ zu VaiśSū, 7, 1, 18.1: 228 3 0;kutaḥ ||;PARTLY;+ kutas - vidhu;"Vaiśeṣikasūtravṛtti" VaiSūVṛ zu VaiśSū, 7, 1, 25.1: 235 2 0;kiṃtu ||;PARTLY;+ kiṁtu - vidhu;"Vaiśeṣikasūtravṛtti" VaiSūVṛ zu VaiśSū, 7, 1, 26.1: 236 2 0;tasya ||;PARTLY;+ tad - vidhu;"Vaiśeṣikasūtravṛtti" VaiSūVṛ zu VaiśSū, 7, 1, 31: 241 2 0;tathā ||;PARTLY;+ tathā - vidhu;"Vaiśeṣikasūtravṛtti" VaiSūVṛ zu VaiśSū, 8, 1, 1: 274 2 1;tasya ||;PARTLY;+ tad - vidhu;"Vaiśeṣikasūtravṛtti" VaiSūVṛ zu VaiśSū, 9, 1.1: 291 4 0;paścāt ||;PARTLY;+ paścāt - vidhu;"Vaiśeṣikasūtravṛtti" VaiSūVṛ zu VaiśSū, 9, 14.1: 304 2 1;kiṃca ||;PARTLY;+ kiṁca - vidhu;"Sāṃkhyatattvakaumudī" STKau zu SāṃKār, 1.2: 1 2 1;iti |;PARTLY;+ iti - vidhu;"Sāṃkhyatattvakaumudī" STKau zu SāṃKār, 1.2: 1 2 6;nirākaroti |;PARTLY;+ nirākṛ - vidhu;"Sāṃkhyatattvakaumudī" STKau zu SāṃKār, 1.2: 1 2 8;kutaḥ |;PARTLY;+ kutas - vidhu;"Sāṃkhyatattvakaumudī" STKau zu SāṃKār, 2.2: 2 2 1;tathā |;PARTLY;+ tathā - vidhu;"Sāṃkhyatattvakaumudī" STKau zu SāṃKār, 2.2: 2 3 1;iti |;PARTLY;+ iti - vidhu;"Sāṃkhyatattvakaumudī" STKau zu SāṃKār, 5.2: 5 2 1;iti |;PARTLY;+ iti - vidhu;"Sāṃkhyatattvakaumudī" STKau zu SāṃKār, 5.2: 5 3 17;sārvavibhaktikas tasiḥ |;PARTLY;+ sārvavibhaktika - vidhu;"Sāṃkhyatattvakaumudī" STKau zu SāṃKār, 5.2: 5 3 56;na |;PARTLY;+ na - vidhu;"Sāṃkhyatattvakaumudī" STKau zu SāṃKār, 8.2: 7 1 22;kutaḥ |;PARTLY;+ kutas - vidhu;"Sāṃkhyatattvakaumudī" STKau zu SāṃKār, 9.2: 8 2 1;iti |;PARTLY;+ iti - vidhu;"Sāṃkhyatattvakaumudī" STKau zu SāṃKār, 10.2: 9 1 12;āśritam |;PARTLY;+ āśri - vidhu;"Sāṃkhyatattvakaumudī" STKau zu SāṃKār, 11.2: 10 1 3;aviveki |;PARTLY;+ avivekin - vidhu;"Sāṃkhyatattvakaumudī" STKau zu SāṃKār, 11.2: 10 1 13;acetanam |;PARTLY;+ acetana - vidhu;"Sāṃkhyatattvakaumudī" STKau zu SāṃKār, 12.2: 11 1 46;iti |;PARTLY;+ iti - vidhu;"Sāṃkhyatattvakaumudī" STKau zu SāṃKār, 15.2: 14 1 2;kutaḥ |;PARTLY;+ kutas - vidhu;"Sāṃkhyatattvakaumudī" STKau zu SāṃKār, 15.2: 14 1 11;svārthikaḥ ṣyañ |;PARTLY;+ svārthika - vidhu;"Sāṃkhyatattvakaumudī" STKau zu SāṃKār, 15.2: 14 1 30;samanvayāt |;PARTLY;+ samanvaya - vidhu;"Buddhacarita" BCar, 4: 4 33 1;muhurmuhur madavyājasrastanīlāṃśukāparā |;PARTLY;+ muhur - vidhu;"Yogasūtrabhāṣya" YSBhā zu YS, 1, 9.1: 8 1 7;yathā |;PARTLY;+ yathā - vidhu;"Yogasūtrabhāṣya" YSBhā zu YS, 1, 9.1: 8 1 9;tathā |;PARTLY;+ tathā - vidhu;"Yogasūtrabhāṣya" YSBhā zu YS, 1, 10.1: 9 1 2;katham |;PARTLY;+ katham - vidhu;"Yogasūtrabhāṣya" YSBhā zu YS, 1, 24.1: 23 1 20;kasmāt |;PARTLY;+ kasmāt - vidhu;"Yogasūtrabhāṣya" YSBhā zu YS, 1, 24.1: 23 2 1;kiṃca ||;PARTLY;+ kiṁca - vidhu;"Yogasūtrabhāṣya" YSBhā zu YS, 1, 32.1: 31 1 11;katham |;PARTLY;+ katham - vidhu;"Yogasūtrabhāṣya" YSBhā zu YS, 2, 4.1: 48 11 1;katham ||;PARTLY;+ katham - vidhu;"Yogasūtrabhāṣya" YSBhā zu YS, 2, 4.1: 48 23 1;kasmāt ||;PARTLY;+ kasmāt - vidhu;"Yogasūtrabhāṣya" YSBhā zu YS, 2, 9.1: 53 6 1;kasmāt ||;PARTLY;+ kasmāt - vidhu;"Yogasūtrabhāṣya" YSBhā zu YS, 2, 13.1: 57 8 1;kasmāt ||;PARTLY;+ kasmāt - vidhu;"Yogasūtrabhāṣya" YSBhā zu YS, 2, 13.1: 57 11 1;kasmāt ||;PARTLY;+ kasmāt - vidhu;"Yogasūtrabhāṣya" YSBhā zu YS, 2, 13.1: 57 14 1;kasmāt ||;PARTLY;+ kasmāt - vidhu;"Yogasūtrabhāṣya" YSBhā zu YS, 2, 13.1: 57 26 1;kasmāt ||;PARTLY;+ kasmāt - vidhu;"Yogasūtrabhāṣya" YSBhā zu YS, 2, 13.1: 57 36 1;kasmāt ||;PARTLY;+ kasmāt - vidhu;"Yogasūtrabhāṣya" YSBhā zu YS, 2, 15.1: 59 11 1;kasmāt ||;PARTLY;+ kasmāt - vidhu;"Yogasūtrabhāṣya" YSBhā zu YS, 2, 15.1: 59 26 1;kasmāt ||;PARTLY;+ kasmāt - vidhu;"Yogasūtrabhāṣya" YSBhā zu YS, 2, 17.1: 61 6 1;kasmāt ||;PARTLY;+ kasmāt - vidhu;"Yogasūtrabhāṣya" YSBhā zu YS, 2, 17.1: 61 10 1;kasmāt ||;PARTLY;+ kasmāt - vidhu;"Yogasūtrabhāṣya" YSBhā zu YS, 2, 17.1: 61 13 1;kasmāt ||;PARTLY;+ kasmāt - vidhu;"Yogasūtrabhāṣya" YSBhā zu YS, 2, 19.1: 63 16 1;kasmāt ||;PARTLY;+ kasmāt - vidhu;"Yogasūtrabhāṣya" YSBhā zu YS, 2, 20.1: 64 5 1;kasmāt ||;PARTLY;+ kasmāt - vidhu;"Yogasūtrabhāṣya" YSBhā zu YS, 2, 20.1: 64 8 1;kasmāt ||;PARTLY;+ kasmāt - vidhu;"Yogasūtrabhāṣya" YSBhā zu YS, 2, 20.1: 64 16 1;kasmāt ||;PARTLY;+ kasmāt - vidhu;"Yogasūtrabhāṣya" YSBhā zu YS, 2, 21.1: 65 4 1;kasmāt ||;PARTLY;+ kasmāt - vidhu;"Yogasūtrabhāṣya" YSBhā zu YS, 2, 28.1: 72 13 1;iti ||;PARTLY;+ iti - vidhu;"Yogasūtrabhāṣya" YSBhā zu YS, 2, 29.1: 73 2 1;tatra ||;PARTLY;+ tatra - vidhu;"Yogasūtrabhāṣya" YSBhā zu YS, 2, 40.1: 84 3 1;kiṃca ||;PARTLY;+ kiṁca - vidhu;"Yogasūtrabhāṣya" YSBhā zu YS, 2, 42.1: 86 2 1;iti ||;PARTLY;+ iti - vidhu;"Yogasūtrabhāṣya" YSBhā zu YS, 2, 45.1: 89 5 1;tatra ||;PARTLY;+ tatra - vidhu;"Yogasūtrabhāṣya" YSBhā zu YS, 2, 52.1: 96 7 1;kiṃca ||;PARTLY;+ kiṁca - vidhu;"Yogasūtrabhāṣya" YSBhā zu YS, 3, 35.1: 101 7 3;iti ||;PARTLY;+ iti - vidhu;"Yogasūtrabhāṣya" YSBhā zu YS, 3, 45.1: 111 10 1;kasmāt ||;PARTLY;+ kasmāt - vidhu;"Yogasūtrabhāṣya" YSBhā zu YS, 4, 6.1: 121 6 1;yataḥ ||;PARTLY;+ yatas - vidhu;"Yogasūtrabhāṣya" YSBhā zu YS, 4, 9.1: 124 3 1;kasmāt ||;PARTLY;+ kasmāt - vidhu;"Yogasūtrabhāṣya" YSBhā zu YS, 4, 10.1: 125 15 1;kathaṃ ||;PARTLY;+ katham - vidhu;"Yogasūtrabhāṣya" YSBhā zu YS, 4, 13.1: 128 2 1;iti ||;PARTLY;+ iti - vidhu;"Yogasūtrabhāṣya" YSBhā zu YS, 4, 15.1: 130 1 3;kathaṃ |;PARTLY;+ katham - vidhu;"Yogasūtrabhāṣya" YSBhā zu YS, 4, 30.1: 138 5 1;iti ||;PARTLY;+ iti - vidhu;"Nyāyasūtra" NyāSū, 2, 2: 4 25 0;sampradānāt ||;PARTLY;+ sampradāna - vidhu;"Nyāyasūtra" NyāSū, 2, 2: 4 29 0;abhyāsāt ||;PARTLY;+ abhyāsa - vidhu;"Nyāyasūtra" NyāSū, 4, 1: 7 2 0;tathā doṣāḥ ||;PARTLY;+ doṣa - vidhu;"Nyāyasūtra" NyāSū, 5, 1: 9 25 0;aviśeṣasamaḥ ||;PARTLY;+ aviśeṣasama - vidhu;"Nyāyasūtra" NyāSū, 5, 1: 9 27 0;ubhayokāraṇopapatter upapattisamaḥ ||;PARTLY;+ upapattisama - vidhu;"Nyāyasūtra" NyāSū, 5, 1: 9 28 0;uapapattikāraṇābhyaniñjānād apratiṣedhaḥ ||;PARTLY;+ apratiṣedha - vidhu;"Nyāyabhāṣya" NyāBh zu NyāSū, 3, 2, 41: 5 32 1;kasmāt ||;PARTLY;+ kasmāt - vidhu;"Yājñavalkyasmṛti" YāSmṛ, 1: 1 170 1;saṃdhinyanirdaśāvatsāgopayaḥ parivarjayet |;PARTLY;+ parivarjay - vidhu;"Yājñavalkyasmṛti" YāSmṛ, 3: 3 4 2;kāmodakaṃ sakhiprattāsvasrīyaśvaśurartvijām ||;PARTLY;+ kāmodaka - vidhu;"Nighaṇṭuśeṣa" NighŚeṣa, 1: 1 2 1;puṣpaḥ [... au4 Zeichenjh] śukavṛkṣaḥ śukapriyaḥ |;PARTLY;+ śukapriya - vidhu;"Tantrākhyāyikā" TAkhy, 1: 1 55 1;bhavatu ||;PARTLY;+ bhū - vidhu;"Tantrākhyāyikā" TAkhy, 1: 1 73 1;muñca ||;PARTLY;+ muc - vidhu;"Tantrākhyāyikā" TAkhy, 1: 1 93 1;paritrāyadhvam paritrāyadhvam ||;PARTLY;+ paritrā - vidhu;"Tantrākhyāyikā" TAkhy, 1: 1 107 1;gomāyuḥ ||;PARTLY;+ gomāyu - vidhu;"Tantrākhyāyikā" TAkhy, 1: 1 110 1;vāyasaḥ ||;PARTLY;+ vāyasa - vidhu;"Tantrākhyāyikā" TAkhy, 1: 1 112 1;gomāyuḥ ||;PARTLY;+ gomāyu - vidhu;"Tantrākhyāyikā" TAkhy, 1: 1 116 1;bakaḥ ||;PARTLY;+ baka - vidhu;"Tantrākhyāyikā" TAkhy, 1: 1 122 1;kulīrakaḥ ||;PARTLY;+ kulīraka - vidhu;"Tantrākhyāyikā" TAkhy, 1: 1 124 1;bakaḥ ||;PARTLY;+ baka - vidhu;"Tantrākhyāyikā" TAkhy, 1: 1 135 1;bakaḥ ||;PARTLY;+ baka - vidhu;"Tantrākhyāyikā" TAkhy, 1: 1 149 1;athavā ||;PARTLY;+ athavā - vidhu;"Tantrākhyāyikā" TAkhy, 1: 1 164 1;gomāyuḥ ||;PARTLY;+ gomāyu - vidhu;"Tantrākhyāyikā" TAkhy, 1: 1 195 1;śaśakaḥ ||;PARTLY;+ śaśaka - vidhu;"Tantrākhyāyikā" TAkhy, 1: 1 197 1;siṃhaḥ ||;PARTLY;+ siṁha - vidhu;"Tantrākhyāyikā" TAkhy, 1: 1 199 1;śaśaḥ ||;PARTLY;+ śaśa - vidhu;"Tantrākhyāyikā" TAkhy, 1: 1 220 1;matkuṇaḥ ||;PARTLY;+ matkuṇa - vidhu;"Tantrākhyāyikā" TAkhy, 1: 1 276 1;siṃhaḥ ||;PARTLY;+ siṁha - vidhu;"Tantrākhyāyikā" TAkhy, 1: 1 290 1;katham ||;PARTLY;+ katham - vidhu;"Tantrākhyāyikā" TAkhy, 1: 1 305 1;kākaḥ ||;PARTLY;+ kāka - vidhu;"Tantrākhyāyikā" TAkhy, 1: 1 310 1;siṃhaḥ ||;PARTLY;+ siṁha - vidhu;"Tantrākhyāyikā" TAkhy, 1: 1 311 1;katham ||;PARTLY;+ katham - vidhu;"Tantrākhyāyikā" TAkhy, 1: 1 312 1;kākaḥ ||;PARTLY;+ kāka - vidhu;"Tantrākhyāyikā" TAkhy, 1: 1 314 1;siṃhaḥ ||;PARTLY;+ siṁha - vidhu;"Tantrākhyāyikā" TAkhy, 1: 1 315 1;kaṣṭam ||;PARTLY;+ kaṣṭa - vidhu;"Tantrākhyāyikā" TAkhy, 1: 1 321 1;kākaḥ ||;PARTLY;+ kāka - vidhu;"Tantrākhyāyikā" TAkhy, 1: 1 330 1;siṃhaḥ ||;PARTLY;+ siṁha - vidhu;"Tantrākhyāyikā" TAkhy, 1: 1 332 1;kākaḥ ||;PARTLY;+ kāka - vidhu;"Tantrākhyāyikā" TAkhy, 1: 1 376 1;ṭīṭibhaḥ ||;PARTLY;+ ṭīṭibha - vidhu;"Tantrākhyāyikā" TAkhy, 1: 1 378 1;ṭīṭibhī ||;PARTLY;+ ṭīṭibhī - vidhu;"Tantrākhyāyikā" TAkhy, 1: 1 484 1;svāmin ||;PARTLY;+ svāmin - vidhu;"Tantrākhyāyikā" TAkhy, 1: 1 562 1;bakaḥ ||;PARTLY;+ baka - vidhu;"Tantrākhyāyikā" TAkhy, 1: 1 627 1;paritrāyadhvam ||;PARTLY;+ paritrā - vidhu;"Tantrākhyāyikā" TAkhy, 2: 2 63 1;iti ||;PARTLY;+ iti - vidhu;"Tantrākhyāyikā" TAkhy, 2: 2 94 1;iti ||;PARTLY;+ iti - vidhu;"Tantrākhyāyikā" TAkhy, 2: 2 123 1;sthīyatām ||;PARTLY;+ sthā - vidhu;"Tantrākhyāyikā" TAkhy, 2: 2 129 1;yataḥ ||;PARTLY;+ yatas - vidhu;"Tantrākhyāyikā" TAkhy, 2: 2 177 1;yatkāraṇam |;PARTLY;+ yatkāraṇam - vidhu;"Tantrākhyāyikā" TAkhy, 2: 2 189 1;yatkāraṇam |;PARTLY;+ yatkāraṇam - vidhu;"Tantrākhyāyikā" TAkhy, 2: 2 191 1;katham |;PARTLY;+ katham - vidhu;"Tantrākhyāyikā" TAkhy, 2: 2 219 1;iti ||;PARTLY;+ iti - vidhu;"Tantrākhyāyikā" TAkhy, 2: 2 384 1;iti ||;PARTLY;+ iti - vidhu;"Daśakumāracarita" DKCar, 1, 4: 4 5 2;bhavatu |;PARTLY;+ bhū - vidhu;"Daśakumāracarita" DKCar, 2, 1: 6 62 1;āgacchatu ||;PARTLY;+ āgam - vidhu;"Daśakumāracarita" DKCar, 2, 2: 7 184 1;gaccha ||;PARTLY;+ gam - vidhu;"Daśakumāracarita" DKCar, 2, 4: 9 150 0;śrūyatām ||;PARTLY;+ śru - vidhu;"Daśakumāracarita" DKCar, 2, 5: 10 80 1;śrūyatām ||;PARTLY;+ śru - vidhu;"Daśakumāracarita" DKCar, 2, 6: 11 41 1;nahi nahi ||;PARTLY;+ nahi - vidhu;"Daśakumāracarita" DKCar, 2, 6: 11 260 1;sā tathaivopagrāhitavatī ||;PARTLY;+ tad - vidhu;"Gautamadharmasūtra" GautDhS, 1, 1: 1 14 0;dvāviṃśate rājanyasya ||;PARTLY;+ rājanya - vidhu;"Gautamadharmasūtra" GautDhS, 1, 2: 2 1 2;ahutāt |;PARTLY;+ ahuta - vidhu;"Gautamadharmasūtra" GautDhS, 1, 2: 2 1 3;brahmacārī |;PARTLY;+ brahmacārin - vidhu;"Gautamadharmasūtra" GautDhS, 1, 3: 3 11 1;ūrdhvaretāḥ ||;PARTLY;+ ūrdhvaretas - vidhu;"Gautamadharmasūtra" GautDhS, 1, 3: 3 24 1;anārambhī ||;PARTLY;+ anārambhin - vidhu;"Gautamadharmasūtra" GautDhS, 1, 7: 7 17 1;rasānāṃ rasaiḥ ||;PARTLY;+ rasa - vidhu;"Gautamadharmasūtra" GautDhS, 1, 9: 9 2 1;snātakaḥ ||;PARTLY;+ snātaka - vidhu;"Gautamadharmasūtra" GautDhS, 1, 9: 9 32 1;agnimukhopadhamanavigṛhyavādabahirgandhamālyadhāraṇapāpīyasāvalekhanabhāryāsahabhojanāñjantyavekṣaṇakudvārapraveśanapādapādadhāvanāsandīsthabhojananadībāhutaraṇavṛkṣaviṣamārohaṇāvarohaṇaprāṇavyāyacchanāni varjayet ||;PARTLY;+ varjay - vidhu;"Gautamadharmasūtra" GautDhS, 1, 9: 9 40 1;na bhasmakarīṣakṛṣṭacchāyāpathikāmyeṣu ||;PARTLY;+ na - vidhu;"Gautamadharmasūtra" GautDhS, 2, 3: 12 33 1;kāritākāyikāśikhādhibhogāś ca ||;PARTLY;+ ca - vidhu;"Gautamadharmasūtra" GautDhS, 2, 3: 12 36 1;na śrotriyapravrajitarājapurṣaiḥ ||;PARTLY;+ na - vidhu;"Gautamadharmasūtra" GautDhS, 2, 5: 14 11 1;yuddhe ||;PARTLY;+ yuddha - vidhu;"Gautamadharmasūtra" GautDhS, 2, 6: 15 17 1;upapatiḥ |;PARTLY;+ upapati - vidhu;"Gautamadharmasūtra" GautDhS, 2, 6: 15 21 2;guṇavantam ||;PARTLY;+ guṇavat - vidhu;"Gautamadharmasūtra" GautDhS, 2, 7: 16 42 1;prasyandini ||;PARTLY;+ prasyandin - vidhu;"Gautamadharmasūtra" GautDhS, 3, 4: 22 1 1;prāyaścittam ||;PARTLY;+ prāyaścitta - vidhu;"Gautamadharmasūtra" GautDhS, 3, 6: 24 5 1;strīṣu ||;PARTLY;+ strī - vidhu;"Kṛṣiparāśara" KṛṣiPar, 1: 1 43 3;adhamatamādhamamadhyamamahadatimahāmbhasāṃ nipātaḥ ||;PARTLY;+ nipāta - vidhu;"Trikāṇḍaśeṣa" TriKŚ, 2: 1 71 1;kecukaṃ peculī pecā nārīco viśvalocanaḥ |;PARTLY;+ kecuka - vidhu;"Viṣṇupurāṇa" ViPur, 4, 19: 75 18 3;iti ||;PARTLY;+ iti - vidhu;"Viṣṇupurāṇa" ViPur, 4, 21: 77 18 3;iti ||;PARTLY;+ iti - vidhu;"Viṣṇupurāṇa" ViPur, 5, 13: 93 31 1;dhvajavajrāṅkuśābjāṅkarekhāvantyāli paśyata |;PARTLY;+ paś - vidhu;"Baudhāyanadharmasūtra" BaudhDhSū, 1, 1: 1 6 3;iti ||;PARTLY;+ iti - vidhu;"Baudhāyanadharmasūtra" BaudhDhSū, 1, 1: 1 16 3;iti ||;PARTLY;+ iti - vidhu;"Baudhāyanadharmasūtra" BaudhDhSū, 1, 3: 3 40 1;daṇḍa iva plavet ||;PARTLY;+ plu - vidhu;"Baudhāyanadharmasūtra" BaudhDhSū, 1, 8: 8 2 3;iti ||;PARTLY;+ iti - vidhu;"Baudhāyanadharmasūtra" BaudhDhSū, 1, 8: 8 23 4;iti ||;PARTLY;+ iti - vidhu;"Baudhāyanadharmasūtra" BaudhDhSū, 1, 8: 8 24 3;iti ||;PARTLY;+ iti - vidhu;"Baudhāyanadharmasūtra" BaudhDhSū, 1, 8: 8 25 4;iti ||;PARTLY;+ iti - vidhu;"Bṛhatkathāślokasaṃgraha" BKŚS, 5: 5 95 1;atha pakṣānilabhrāntasaṃbhāntajanavīkṣitaḥ |;PARTLY;+ atha - vidhu;"Bṛhatkathāślokasaṃgraha" BKŚS, 7: 7 13 1;rūḍhā dāḍimagarbhābhadaśanodbhāsatiānanā |;PARTLY;+ ruh - vidhu;"Bṛhatkathāślokasaṃgraha" BKŚS, 9: 9 95 2;praśastir iva vinyastā bhittau vindhyaśilābhṛtaḥ ||;PARTLY;+ bhitti - vidhu;"Bṛhatkathāślokasaṃgraha" BKŚS, 10: 10 50 2;ājīvārthacikitsākaṃ cikitsakam ivādhanam ||;PARTLY;+ adhana - vidhu;"Bṛhatkathāślokasaṃgraha" BKŚS, 18: 18 327 2;avagrahahṛtāmbhaskaṃ taḍāgam iva riktakam ||;PARTLY;+ riktaka - vidhu;"Bṛhatkathāślokasaṃgraha" BKŚS, 18: 18 583 2;mṛṣṭahāṭakadaṇḍālītaṭite paṭamaṇḍape ||;PARTLY;+ paṭamaṇḍapa - vidhu;"Bṛhatkathāślokasaṃgraha" BKŚS, 20: 20 370 1;tataḥ pṛṣatagokarṇaparaṃparaparaṃparāḥ |;PARTLY;+ tatas - vidhu;"Bṛhatkathāślokasaṃgraha" BKŚS, 20: 20 382 1;tataḥ paṭumarudvyastabhamsaskandhavasuṃdharaḥ |;PARTLY;+ tatas - vidhu;"Kātyāyanasmṛti" KātySmṛ, 1: 1 226 1;dvāramārgakriyābhogajalavāhādike tathā |;PARTLY;+ tathā - vidhu;"Kātyāyanasmṛti" KātySmṛ, 1: 1 230 2;yukticihneṅgitākāravākcakṣuśceṣṭitair nṛṇām ||;PARTLY;+ nṛ - vidhu;"Nāradasmṛti" NāSmṛ, 2, 1: 4 60 2;gandhadravyairakāvetratūlamūlatuśād ṛte ||;PARTLY;+ ṛte - vidhu;"Garuḍapurāṇa" GarPur, 1, 5: 5 1 1;irir uvāca |;PARTLY;+ vac - vidhu;"Garuḍapurāṇa" GarPur, 1, 19: 19 10 1;divā ṣaḍedanetrādripañcatrimānuṣāṃśakaiḥ |;PARTLY;+ divā - vidhu;"Garuḍapurāṇa" GarPur, 1, 45: 45 2 2;sabjakaumādakīcakraśaṅkhī vibhuḥ ||;PARTLY;+ vibhu - vidhu;"Garuḍapurāṇa" GarPur, 1, 45: 45 6 1;cakrābjaśaṅkhagādine namaḥ |;PARTLY;+ namas - vidhu;"Garuḍapurāṇa" GarPur, 1, 59: 59 40 1;kālaṃ pravadhyanniśaktidā neṣṭamanda |;PARTLY;+ kāla - vidhu;"Garuḍapurāṇa" GarPur, 1, 117: 115 11 1;campakaiḥ svarṇavāyādojinmodakasaṃpradaḥ |;PARTLY;+ campaka - vidhu;"Kāśikāvṛtti" Kāśikāvṛtti zu Aṣṭādhyāyī, 1, 1, 1.1: 1 1 3;āśvalāyanaḥ |;PARTLY;+ āśvalāyana - vidhu;"Kāśikāvṛtti" Kāśikāvṛtti zu Aṣṭādhyāyī, 1, 1, 1.1: 1 1 4;aitikāyanaḥ |;PARTLY;+ aitikāyana - vidhu;"Kāśikāvṛtti" Kāśikāvṛtti zu Aṣṭādhyāyī, 1, 1, 1.1: 1 1 5;aupagavaḥ |;PARTLY;+ aupagava - vidhu;"Kāśikāvṛtti" Kāśikāvṛtti zu Aṣṭādhyāyī, 1, 1, 1.1: 1 1 6;aupamanyavaḥ |;PARTLY;+ aupamanyava - vidhu;"Kāśikāvṛtti" Kāśikāvṛtti zu Aṣṭādhyāyī, 1, 1, 1.1: 1 1 7;śālīyaḥ |;PARTLY;+ śālīya - vidhu;"Kāśikāvṛtti" Kāśikāvṛtti zu Aṣṭādhyāyī, 1, 1, 1.1: 1 1 8;mālīyaḥ |;PARTLY;+ mālīya - vidhu;"Kāśikāvṛtti" Kāśikāvṛtti zu Aṣṭādhyāyī, 1, 1, 2.1: 2 1 3;taritā |;PARTLY;+ tṛ - vidhu;"Kāśikāvṛtti" Kāśikāvṛtti zu Aṣṭādhyāyī, 1, 1, 2.1: 2 1 4;cetā |;PARTLY;+ ci - vidhu;"Kāśikāvṛtti" Kāśikāvṛtti zu Aṣṭādhyāyī, 1, 1, 2.1: 2 1 5;stotā |;PARTLY;+ stu - vidhu;"Kāśikāvṛtti" Kāśikāvṛtti zu Aṣṭādhyāyī, 1, 1, 2.1: 2 1 6;jayanti |;PARTLY;+ ji - vidhu;"Kāśikāvṛtti" Kāśikāvṛtti zu Aṣṭādhyāyī, 1, 1, 3.1: 3 1 6;nayati |;PARTLY;+ nī - vidhu;"Kāśikāvṛtti" Kāśikāvṛtti zu Aṣṭādhyāyī, 1, 1, 3.1: 3 1 7;bhavati |;PARTLY;+ bhū - vidhu;"Kāśikāvṛtti" Kāśikāvṛtti zu Aṣṭādhyāyī, 1, 1, 3.1: 3 1 9;ahārṣīt |;PARTLY;+ hṛ - vidhu;"Kāśikāvṛtti" Kāśikāvṛtti zu Aṣṭādhyāyī, 1, 1, 3.1: 3 1 10;acaiṣīt |;PARTLY;+ ci - vidhu;"Kāśikāvṛtti" Kāśikāvṛtti zu Aṣṭādhyāyī, 1, 1, 3.1: 3 1 11;anaiṣīt |;PARTLY;+ nī - vidhu;"Kāśikāvṛtti" Kāśikāvṛtti zu Aṣṭādhyāyī, 1, 1, 3.1: 3 1 12;alāvīt |;PARTLY;+ lū - vidhu;"Kāśikāvṛtti" Kāśikāvṛtti zu Aṣṭādhyāyī, 1, 1, 3.1: 3 1 13;astāvīt |;PARTLY;+ stu - vidhu;"Kāśikāvṛtti" Kāśikāvṛtti zu Aṣṭādhyāyī, 1, 1, 3.1: 3 1 18;medyate |;PARTLY;+ med - vidhu;"Kāśikāvṛtti" Kāśikāvṛtti zu Aṣṭādhyāyī, 1, 1, 3.1: 3 1 19;abibhayuḥ |;PARTLY;+ bhī - vidhu;"Kāśikāvṛtti" Kāśikāvṛtti zu Aṣṭādhyāyī, 1, 1, 3.1: 3 1 21;yānam |;PARTLY;+ yāna - vidhu;"Kāśikāvṛtti" Kāśikāvṛtti zu Aṣṭādhyāyī, 1, 1, 3.1: 3 1 22;glāyati |;PARTLY;+ glā - vidhu;"Kāśikāvṛtti" Kāśikāvṛtti zu Aṣṭādhyāyī, 1, 1, 4.1: 4 1 2;loluvaḥ |;PARTLY;+ loluva - vidhu;"Kāśikāvṛtti" Kāśikāvṛtti zu Aṣṭādhyāyī, 1, 1, 4.1: 4 1 3;popuvaḥ |;PARTLY;+ popuva - vidhu;"Kāśikāvṛtti" Kāśikāvṛtti zu Aṣṭādhyāyī, 1, 1, 4.1: 4 1 4;marīmṛjaḥ |;PARTLY;+ marīmṛja - vidhu;"Kāśikāvṛtti" Kāśikāvṛtti zu Aṣṭādhyāyī, 1, 1, 5.1: 5 1 3;citaḥ citavān |;PARTLY;+ ci - vidhu;"Kāśikāvṛtti" Kāśikāvṛtti zu Aṣṭādhyāyī, 1, 1, 5.1: 5 1 4;stutaḥ stutavān |;PARTLY;+ stu - vidhu;"Kāśikāvṛtti" Kāśikāvṛtti zu Aṣṭādhyāyī, 1, 1, 5.1: 5 1 5;bhinnaḥ bhinnavān |;PARTLY;+ bhid - vidhu;"Kāśikāvṛtti" Kāśikāvṛtti zu Aṣṭādhyāyī, 1, 1, 5.1: 5 1 8;mṛṣṭaḥ mṛjanti |;PARTLY;+ mṛj - vidhu;"Kāśikāvṛtti" Kāśikāvṛtti zu Aṣṭādhyāyī, 1, 1, 5.1: 5 1 11;bhūṣṇuḥ |;PARTLY;+ bhūṣṇu - vidhu;"Kāśikāvṛtti" Kāśikāvṛtti zu Aṣṭādhyāyī, 1, 1, 5.1: 5 1 16;parimṛjanti parimārjanti |;PARTLY;+ parimṛj - vidhu;"Kāśikāvṛtti" Kāśikāvṛtti zu Aṣṭādhyāyī, 1, 1, 5.1: 5 1 17;parimṛjantu parimārjantu |;PARTLY;+ parimṛj - vidhu;"Kāśikāvṛtti" Kāśikāvṛtti zu Aṣṭādhyāyī, 1, 1, 8.1: 8 1 5;cana āṁ indraḥ |;PARTLY;+ indra - vidhu;"Kāśikāvṛtti" Kāśikāvṛtti zu Aṣṭādhyāyī, 1, 1, 13.1: 13 1 4;asme indrābṛhaspatī |;PARTLY;+ indrābṛhaspati - vidhu;"Kāśikāvṛtti" Kāśikāvṛtti zu Aṣṭādhyāyī, 1, 1, 13.1: 13 1 5;yuṣme iti |;PARTLY;+ iti - vidhu;"Kāśikāvṛtti" Kāśikāvṛtti zu Aṣṭādhyāyī, 1, 1, 13.1: 13 1 6;asme iti |;PARTLY;+ iti - vidhu;"Kāśikāvṛtti" Kāśikāvṛtti zu Aṣṭādhyāyī, 1, 1, 13.1: 13 1 7;tve rāyaḥ |;PARTLY;+ rai - vidhu;"Kāśikāvṛtti" Kāśikāvṛtti zu Aṣṭādhyāyī, 1, 1, 13.1: 13 1 9;tve iti |;PARTLY;+ iti - vidhu;"Kāśikāvṛtti" Kāśikāvṛtti zu Aṣṭādhyāyī, 1, 1, 19.1: 19 1 -1;nadyātiḥ |;PARTLY;+ nadyāti - vidhu;"Kāśikāvṛtti" Kāśikāvṛtti zu Aṣṭādhyāyī, 1, 1, 20.1: 20 1 2;ḍudāñ praṇidadāti |;PARTLY;+ praṇidā - vidhu;"Kāśikāvṛtti" Kāśikāvṛtti zu Aṣṭādhyāyī, 1, 1, 20.1: 20 1 3;dāṇ praṇidātā |;PARTLY;+ praṇidā - vidhu;"Kāśikāvṛtti" Kāśikāvṛtti zu Aṣṭādhyāyī, 1, 1, 20.1: 20 1 6;ḍudhāñ praṇidadhāti |;PARTLY;+ praṇidhā - vidhu;"Kāśikāvṛtti" Kāśikāvṛtti zu Aṣṭādhyāyī, 1, 1, 22.1: 22 1 2;kumāritarā |;PARTLY;+ kumāritarā - vidhu;"Kāśikāvṛtti" Kāśikāvṛtti zu Aṣṭādhyāyī, 1, 1, 23.1: 23 1 3;bahudhā |;PARTLY;+ bahudhā - vidhu;"Kāśikāvṛtti" Kāśikāvṛtti zu Aṣṭādhyāyī, 1, 1, 23.1: 23 1 4;bahukaḥ |;PARTLY;+ bahuka - vidhu;"Kāśikāvṛtti" Kāśikāvṛtti zu Aṣṭādhyāyī, 1, 1, 23.1: 23 1 5;bahuśaḥ |;PARTLY;+ bahuśas - vidhu;"Kāśikāvṛtti" Kāśikāvṛtti zu Aṣṭādhyāyī, 1, 1, 23.1: 23 1 7;gaṇadhā |;PARTLY;+ gaṇadhā - vidhu;"Kāśikāvṛtti" Kāśikāvṛtti zu Aṣṭādhyāyī, 1, 1, 23.1: 23 1 8;gaṇakaḥ |;PARTLY;+ gaṇaka - vidhu;"Kāśikāvṛtti" Kāśikāvṛtti zu Aṣṭādhyāyī, 1, 1, 23.1: 23 1 9;gaṇaśaḥ |;PARTLY;+ gaṇaśas - vidhu;"Kāśikāvṛtti" Kāśikāvṛtti zu Aṣṭādhyāyī, 1, 1, 23.1: 23 1 11;tāvaddhā |;PARTLY;+ tāvaddhā - vidhu;"Kāśikāvṛtti" Kāśikāvṛtti zu Aṣṭādhyāyī, 1, 1, 23.1: 23 1 12;tāvatkaḥ |;PARTLY;+ tāvatka - vidhu;"Kāśikāvṛtti" Kāśikāvṛtti zu Aṣṭādhyāyī, 1, 1, 23.1: 23 1 13;tāvacchaḥ |;PARTLY;+ tāvacchas - vidhu;"Kāśikāvṛtti" Kāśikāvṛtti zu Aṣṭādhyāyī, 1, 1, 23.1: 23 1 15;katidhā |;PARTLY;+ katidhā - vidhu;"Kāśikāvṛtti" Kāśikāvṛtti zu Aṣṭādhyāyī, 1, 1, 23.1: 23 1 16;katikaḥ |;PARTLY;+ katika - vidhu;"Kāśikāvṛtti" Kāśikāvṛtti zu Aṣṭādhyāyī, 1, 1, 23.1: 23 1 17;katiśaḥ |;PARTLY;+ katiśas - vidhu;"Kāśikāvṛtti" Kāśikāvṛtti zu Aṣṭādhyāyī, 1, 1, 24.1: 24 1 6;sapta |;PARTLY;+ saptan - vidhu;"Kāśikāvṛtti" Kāśikāvṛtti zu Aṣṭādhyāyī, 1, 1, 24.1: 24 1 7;nava |;PARTLY;+ navan - vidhu;"Kāśikāvṛtti" Kāśikāvṛtti zu Aṣṭādhyāyī, 1, 1, 24.1: 24 1 8;daśa |;PARTLY;+ daśan - vidhu;"Kāśikāvṛtti" Kāśikāvṛtti zu Aṣṭādhyāyī, 1, 1, 26.1: 26 1 2;kṛtaḥ |;PARTLY;+ kṛ - vidhu;"Kāśikāvṛtti" Kāśikāvṛtti zu Aṣṭādhyāyī, 1, 1, 26.1: 26 1 3;kṛtavān |;PARTLY;+ kṛ - vidhu;"Kāśikāvṛtti" Kāśikāvṛtti zu Aṣṭādhyāyī, 1, 1, 26.1: 26 1 4;bhuktaḥ |;PARTLY;+ bhuj - vidhu;"Kāśikāvṛtti" Kāśikāvṛtti zu Aṣṭādhyāyī, 1, 1, 26.1: 26 1 5;bhuktavān |;PARTLY;+ bhuj - vidhu;"Kāśikāvṛtti" Kāśikāvṛtti zu Aṣṭādhyāyī, 1, 1, 27.1: 27 1 2;sarvaḥ sarvau sarve |;PARTLY;+ sarva - vidhu;"Kāśikāvṛtti" Kāśikāvṛtti zu Aṣṭādhyāyī, 1, 1, 27.1: 27 1 3;sarvasmai |;PARTLY;+ sarva - vidhu;"Kāśikāvṛtti" Kāśikāvṛtti zu Aṣṭādhyāyī, 1, 1, 27.1: 27 1 4;sarvasmāt |;PARTLY;+ sarva - vidhu;"Kāśikāvṛtti" Kāśikāvṛtti zu Aṣṭādhyāyī, 1, 1, 27.1: 27 1 5;sarveṣām |;PARTLY;+ sarva - vidhu;"Kāśikāvṛtti" Kāśikāvṛtti zu Aṣṭādhyāyī, 1, 1, 27.1: 27 1 6;sarvasmin |;PARTLY;+ sarva - vidhu;"Kāśikāvṛtti" Kāśikāvṛtti zu Aṣṭādhyāyī, 1, 1, 27.1: 27 1 7;sarvakaḥ |;PARTLY;+ sarvaka - vidhu;"Kāśikāvṛtti" Kāśikāvṛtti zu Aṣṭādhyāyī, 1, 1, 27.1: 27 1 8;viśvaḥ viśvau viśve |;PARTLY;+ viśva - vidhu;"Kāśikāvṛtti" Kāśikāvṛtti zu Aṣṭādhyāyī, 1, 1, 27.1: 27 1 9;viśvasmai |;PARTLY;+ viśva - vidhu;"Kāśikāvṛtti" Kāśikāvṛtti zu Aṣṭādhyāyī, 1, 1, 27.1: 27 1 10;viśvasmāt |;PARTLY;+ viśva - vidhu;"Kāśikāvṛtti" Kāśikāvṛtti zu Aṣṭādhyāyī, 1, 1, 27.1: 27 1 11;viśveṣām |;PARTLY;+ viśva - vidhu;"Kāśikāvṛtti" Kāśikāvṛtti zu Aṣṭādhyāyī, 1, 1, 27.1: 27 1 12;viśvasmin |;PARTLY;+ viśva - vidhu;"Kāśikāvṛtti" Kāśikāvṛtti zu Aṣṭādhyāyī, 1, 1, 27.1: 27 1 13;viśvakaḥ |;PARTLY;+ viśvaka - vidhu;"Kāśikāvṛtti" Kāśikāvṛtti zu Aṣṭādhyāyī, 1, 1, 27.1: 27 1 14;ubha |;PARTLY;+ ubh - vidhu;"Kāśikāvṛtti" Kāśikāvṛtti zu Aṣṭādhyāyī, 1, 1, 27.1: 27 1 15;ubhaya |;PARTLY;+ ubhaya - vidhu;"Kāśikāvṛtti" Kāśikāvṛtti zu Aṣṭādhyāyī, 1, 1, 27.1: 27 1 18;ubhaye |;PARTLY;+ ubhaya - vidhu;"Kāśikāvṛtti" Kāśikāvṛtti zu Aṣṭādhyāyī, 1, 1, 27.1: 27 1 19;ubhayasmai |;PARTLY;+ ubhaya - vidhu;"Kāśikāvṛtti" Kāśikāvṛtti zu Aṣṭādhyāyī, 1, 1, 27.1: 27 1 20;ubhayasmāt |;PARTLY;+ ubhaya - vidhu;"Kāśikāvṛtti" Kāśikāvṛtti zu Aṣṭādhyāyī, 1, 1, 27.1: 27 1 21;ubhayeṣām |;PARTLY;+ ubhaya - vidhu;"Kāśikāvṛtti" Kāśikāvṛtti zu Aṣṭādhyāyī, 1, 1, 27.1: 27 1 22;ubhayasmin |;PARTLY;+ ubhaya - vidhu;"Kāśikāvṛtti" Kāśikāvṛtti zu Aṣṭādhyāyī, 1, 1, 27.1: 27 1 25;katarasmai katamasmai |;PARTLY;+ katama - vidhu;"Kāśikāvṛtti" Kāśikāvṛtti zu Aṣṭādhyāyī, 1, 1, 27.1: 27 1 29;itarasmai |;PARTLY;+ itara - vidhu;"Kāśikāvṛtti" Kāśikāvṛtti zu Aṣṭādhyāyī, 1, 1, 27.1: 27 1 30;anyasmai |;PARTLY;+ anya - vidhu;"Kāśikāvṛtti" Kāśikāvṛtti zu Aṣṭādhyāyī, 1, 1, 27.1: 27 1 37;nema nemasmai |;PARTLY;+ nema - vidhu;"Kāśikāvṛtti" Kāśikāvṛtti zu Aṣṭādhyāyī, 1, 1, 33.1: 33 1 4;prathame prathamāḥ |;PARTLY;+ prathama - vidhu;"Kāśikāvṛtti" Kāśikāvṛtti zu Aṣṭādhyāyī, 1, 1, 33.1: 33 1 5;carame caramāḥ |;PARTLY;+ carama - vidhu;"Kāśikāvṛtti" Kāśikāvṛtti zu Aṣṭādhyāyī, 1, 1, 33.1: 33 1 6;dvitaye dvitayāḥ |;PARTLY;+ dvitaya - vidhu;"Kāśikāvṛtti" Kāśikāvṛtti zu Aṣṭādhyāyī, 1, 1, 33.1: 33 1 7;alpe alpāḥ |;PARTLY;+ alpa - vidhu;"Kāśikāvṛtti" Kāśikāvṛtti zu Aṣṭādhyāyī, 1, 1, 33.1: 33 1 8;ardhe ardhāḥ |;PARTLY;+ ardha - vidhu;"Kāśikāvṛtti" Kāśikāvṛtti zu Aṣṭādhyāyī, 1, 1, 33.1: 33 1 9;katipaye katipayāḥ |;PARTLY;+ katipaya - vidhu;"Kāśikāvṛtti" Kāśikāvṛtti zu Aṣṭādhyāyī, 1, 1, 33.1: 33 1 10;neme nemāḥ |;PARTLY;+ nema - vidhu;"Kāśikāvṛtti" Kāśikāvṛtti zu Aṣṭādhyāyī, 1, 1, 34.1: 34 1 4;pūrve pūrvāḥ |;PARTLY;+ pūrva - vidhu;"Kāśikāvṛtti" Kāśikāvṛtti zu Aṣṭādhyāyī, 1, 1, 34.1: 34 1 5;pare parāḥ |;PARTLY;+ para - vidhu;"Kāśikāvṛtti" Kāśikāvṛtti zu Aṣṭādhyāyī, 1, 1, 34.1: 34 1 6;avare avarāḥ |;PARTLY;+ avara - vidhu;"Kāśikāvṛtti" Kāśikāvṛtti zu Aṣṭādhyāyī, 1, 1, 34.1: 34 1 7;dakṣiṇe dakṣiṇāḥ |;PARTLY;+ dakṣiṇa - vidhu;"Kāśikāvṛtti" Kāśikāvṛtti zu Aṣṭādhyāyī, 1, 1, 34.1: 34 1 8;uttare uttarāḥ |;PARTLY;+ uttara - vidhu;"Kāśikāvṛtti" Kāśikāvṛtti zu Aṣṭādhyāyī, 1, 1, 34.1: 34 1 9;apare aparāḥ |;PARTLY;+ apara - vidhu;"Kāśikāvṛtti" Kāśikāvṛtti zu Aṣṭādhyāyī, 1, 1, 34.1: 34 1 10;adhare adharāḥ |;PARTLY;+ adhara - vidhu;"Kāśikāvṛtti" Kāśikāvṛtti zu Aṣṭādhyāyī, 1, 1, 36.1: 36 1 11;apurīti vaktavyam |;PARTLY;+ vac - vidhu;"Kāśikāvṛtti" Kāśikāvṛtti zu Aṣṭādhyāyī, 1, 1, 36.1: 36 1 14;dvitīyasmai dvitīyāya |;PARTLY;+ dvitīya - vidhu;"Kāśikāvṛtti" Kāśikāvṛtti zu Aṣṭādhyāyī, 1, 1, 36.1: 36 1 15;tṛtīyasmai tṛtīyāya ||;PARTLY;+ tṛtīya - vidhu;"Kāśikāvṛtti" Kāśikāvṛtti zu Aṣṭādhyāyī, 1, 1, 39.1: 39 1 3;saṃpannaṃkāraṃ bhuṅkte |;PARTLY;+ bhuj - vidhu;"Kāśikāvṛtti" Kāśikāvṛtti zu Aṣṭādhyāyī, 1, 1, 39.1: 39 1 4;lavaṇaṃkāraṃ bhuṅkte |;PARTLY;+ bhuj - vidhu;"Kāśikāvṛtti" Kāśikāvṛtti zu Aṣṭādhyāyī, 1, 1, 40.1: 40 1 2;kṛtvā |;PARTLY;+ kṛ - vidhu;"Kāśikāvṛtti" Kāśikāvṛtti zu Aṣṭādhyāyī, 1, 1, 40.1: 40 1 3;hṛtvā |;PARTLY;+ hṛ - vidhu;"Kāśikāvṛtti" Kāśikāvṛtti zu Aṣṭādhyāyī, 1, 1, 40.1: 40 1 5;purā vatsānāmapākartoḥ |;PARTLY;+ purā - vidhu;"Kāśikāvṛtti" Kāśikāvṛtti zu Aṣṭādhyāyī, 1, 1, 40.1: 40 1 7;kasun sṛpitṛdoḥ kasun |;PARTLY;+ kasun - vidhu;"Kāśikāvṛtti" Kāśikāvṛtti zu Aṣṭādhyāyī, 1, 1, 42.1: 42 1 5;dadhīni |;PARTLY;+ dadhi - vidhu;"Kāśikāvṛtti" Kāśikāvṛtti zu Aṣṭādhyāyī, 1, 1, 42.1: 42 1 6;madhūni |;PARTLY;+ madhu - vidhu;"Kāśikāvṛtti" Kāśikāvṛtti zu Aṣṭādhyāyī, 1, 1, 42.1: 42 1 7;trapūṇi |;PARTLY;+ trapu - vidhu;"Kāśikāvṛtti" Kāśikāvṛtti zu Aṣṭādhyāyī, 1, 1, 42.1: 42 1 8;jatūni |;PARTLY;+ jatu - vidhu;"Kāśikāvṛtti" Kāśikāvṛtti zu Aṣṭādhyāyī, 1, 1, 43.1: 43 1 4;rājā rājānau rājānaḥ |;PARTLY;+ rājan - vidhu;"Kāśikāvṛtti" Kāśikāvṛtti zu Aṣṭādhyāyī, 1, 1, 43.1: 43 1 5;rājānam rājānau |;PARTLY;+ rājan - vidhu;"Kāśikāvṛtti" Kāśikāvṛtti zu Aṣṭādhyāyī, 1, 1, 44.1: 44 1 8;śuśuvatuḥ śiśviyatuḥ |;PARTLY;+ śvi - vidhu;"Kāśikāvṛtti" Kāśikāvṛtti zu Aṣṭādhyāyī, 1, 1, 47: 45 1 5;viruṇaddhi |;PARTLY;+ virudh - vidhu;"Kāśikāvṛtti" Kāśikāvṛtti zu Aṣṭādhyāyī, 1, 1, 47: 45 1 6;muñcati |;PARTLY;+ muc - vidhu;"Kāśikāvṛtti" Kāśikāvṛtti zu Aṣṭādhyāyī, 1, 1, 47: 45 1 7;payāṃsi |;PARTLY;+ payas - vidhu;"Kāśikāvṛtti" Kāśikāvṛtti zu Aṣṭādhyāyī, 1, 1, 47: 45 1 10;magnaḥ |;PARTLY;+ majj - vidhu;"Kāśikāvṛtti" Kāśikāvṛtti zu Aṣṭādhyāyī, 1, 1, 47: 45 1 11;magnavān |;PARTLY;+ majj - vidhu;"Kāśikāvṛtti" Kāśikāvṛtti zu Aṣṭādhyāyī, 1, 1, 47: 45 1 12;maṅktā |;PARTLY;+ maṅktṛ - vidhu;"Kāśikāvṛtti" Kāśikāvṛtti zu Aṣṭādhyāyī, 1, 1, 47: 45 1 13;maṅktum ||;PARTLY;+ majj - vidhu;"Kāśikāvṛtti" Kāśikāvṛtti zu Aṣṭādhyāyī, 6, 1, 90: 46 4 0;aikṣiṣṭa ||;PARTLY;+ īkṣ - vidhu;"Kāśikāvṛtti" Kāśikāvṛtti zu Aṣṭādhyāyī, 6, 1, 90: 46 5 0;aikṣata ||;PARTLY;+ īkṣ - vidhu;"Kāśikāvṛtti" Kāśikāvṛtti zu Aṣṭādhyāyī, 6, 1, 90: 46 8 0;ārdhnot ||;PARTLY;+ ṛdh - vidhu;"Aṣṭādhyāyī" Aṣṭādhyāyī, 1, 1: 1 13 1;śe ||;PARTLY;+ śe - vidhu;"Aṣṭādhyāyī" Aṣṭādhyāyī, 1, 1: 1 17 1;uñaḥ ||;PARTLY;+ uñ - vidhu;"Aṣṭādhyāyī" Aṣṭādhyāyī, 1, 1: 1 18 1;ūṃ ||;PARTLY;+ ūṁ - vidhu;"Aṣṭādhyāyī" Aṣṭādhyāyī, 1, 4: 4 23 0;kārake ||;PARTLY;+ kāraka - vidhu;"Aṣṭādhyāyī" Aṣṭādhyāyī, 1, 4: 4 83 0;karmapravacanīyāḥ ||;PARTLY;+ karmapravacanīya - vidhu;"Aṣṭādhyāyī" Aṣṭādhyāyī, 1, 4: 4 86 0;hīne ||;PARTLY;+ hīna - vidhu;"Aṣṭādhyāyī" Aṣṭādhyāyī, 1, 4: 4 103 0;supaḥ ||;PARTLY;+ sup - vidhu;"Aṣṭādhyāyī" Aṣṭādhyāyī, 2, 1: 5 5 0;avyayībhāvaḥ ||;PARTLY;+ avyayībhāva - vidhu;"Aṣṭādhyāyī" Aṣṭādhyāyī, 2, 1: 5 11 0;vibhāṣā ||;PARTLY;+ vibhāṣā - vidhu;"Aṣṭādhyāyī" Aṣṭādhyāyī, 2, 1: 5 22 0;tatpuruṣaḥ ||;PARTLY;+ tatpuruṣa - vidhu;"Aṣṭādhyāyī" Aṣṭādhyāyī, 2, 1: 5 27 0;sāmi ||;PARTLY;+ sāmi - vidhu;"Aṣṭādhyāyī" Aṣṭādhyāyī, 2, 1: 5 28 0;kālāḥ ||;PARTLY;+ kāla - vidhu;"Aṣṭādhyāyī" Aṣṭādhyāyī, 2, 1: 5 44 0;sañjñāyām ||;PARTLY;+ saṁjñā - vidhu;"Aṣṭādhyāyī" Aṣṭādhyāyī, 2, 1: 5 46 0;tatra ||;PARTLY;+ tatra - vidhu;"Aṣṭādhyāyī" Aṣṭādhyāyī, 2, 1: 5 47 0;kṣepe ||;PARTLY;+ kṣepa - vidhu;"Aṣṭādhyāyī" Aṣṭādhyāyī, 2, 1: 5 69 0;varṇo varṇena ||;PARTLY;+ varṇa - vidhu;"Aṣṭādhyāyī" Aṣṭādhyāyī, 2, 2: 6 6 0;nañ ||;PARTLY;+ nañ - vidhu;"Aṣṭādhyāyī" Aṣṭādhyāyī, 2, 2: 6 8 0;ṣaṣṭhī ||;PARTLY;+ ṣaṣṭha - vidhu;"Aṣṭādhyāyī" Aṣṭādhyāyī, 2, 2: 6 36 0;niṣṭhā ||;PARTLY;+ niṣṭhā - vidhu;"Aṣṭādhyāyī" Aṣṭādhyāyī, 2, 3: 7 23 0;hetau ||;PARTLY;+ hetu - vidhu;"Aṣṭādhyāyī" Aṣṭādhyāyī, 2, 4: 8 35 0;ārdhadhātuke ||;PARTLY;+ ārdhadhātuka - vidhu;"Aṣṭādhyāyī" Aṣṭādhyāyī, 2, 4: 8 81 0;āmaḥ ||;PARTLY;+ ām - vidhu;"Aṣṭādhyāyī" Aṣṭādhyāyī, 3, 1: 9 1 0;pratyayaḥ ||;PARTLY;+ pratyaya - vidhu;"Aṣṭādhyāyī" Aṣṭādhyāyī, 3, 1: 9 91 0;dhātoḥ ||;PARTLY;+ dhātu - vidhu;"Aṣṭādhyāyī" Aṣṭādhyāyī, 3, 2: 10 12 0;arhaḥ ||;PARTLY;+ arh - vidhu;"Aṣṭādhyāyī" Aṣṭādhyāyī, 3, 2: 10 35 0;vidhvaruṣos tudaḥ ||;PARTLY;+ tud - iva;"Aṣṭādhyāyī" Aṣṭādhyāyī, 3, 2: 10 80 0;vrate ||;PARTLY;+ vrata - vidhu;"Aṣṭādhyāyī" Aṣṭādhyāyī, 3, 2: 10 82 0;manaḥ ||;PARTLY;+ man - vidhu;"Aṣṭādhyāyī" Aṣṭādhyāyī, 3, 2: 10 84 0;bhūte ||;PARTLY;+ bhūta - vidhu;"Aṣṭādhyāyī" Aṣṭādhyāyī, 3, 2: 10 102 0;niṣṭhā ||;PARTLY;+ niṣṭhā - vidhu;"Aṣṭādhyāyī" Aṣṭādhyāyī, 3, 2: 10 110 0;luṅ ||;PARTLY;+ luṅ - vidhu;"Aṣṭādhyāyī" Aṣṭādhyāyī, 3, 2: 10 135 0;tṛn ||;PARTLY;+ tṛn - vidhu;"Aṣṭādhyāyī" Aṣṭādhyāyī, 3, 3: 11 18 0;bhāve ||;PARTLY;+ bhāva - vidhu;"Aṣṭādhyāyī" Aṣṭādhyāyī, 3, 3: 11 101 0;icchā ||;PARTLY;+ icchā - vidhu;"Aṣṭādhyāyī" Aṣṭādhyāyī, 3, 3: 11 109 0;sañjñāyām ||;PARTLY;+ saṁjñā - vidhu;"Aṣṭādhyāyī" Aṣṭādhyāyī, 3, 4: 12 42 0;sañjñāyām ||;PARTLY;+ saṁjñā - vidhu;"Aṣṭādhyāyī" Aṣṭādhyāyī, 3, 4: 12 50 0;samāsattau ||;PARTLY;+ samāsatti - vidhu;"Aṣṭādhyāyī" Aṣṭādhyāyī, 3, 4: 12 77 0;lasya ||;PARTLY;+ la - vidhu;"Aṣṭādhyāyī" Aṣṭādhyāyī, 4, 1: 13 3 0;striyām ||;PARTLY;+ strī - vidhu;"Aṣṭādhyāyī" Aṣṭādhyāyī, 4, 1: 13 11 0;manaḥ ||;PARTLY;+ man - vidhu;"Aṣṭādhyāyī" Aṣṭādhyāyī, 4, 1: 13 21 0;dvigoḥ ||;PARTLY;+ dvigu - vidhu;"Aṣṭādhyāyī" Aṣṭādhyāyī, 4, 1: 13 61 0;vāhaḥ ||;PARTLY;+ vāh - vidhu;"Aṣṭādhyāyī" Aṣṭādhyāyī, 4, 1: 13 72 0;sañjñāyām ||;PARTLY;+ saṁjñā - vidhu;"Aṣṭādhyāyī" Aṣṭādhyāyī, 4, 1: 13 76 0;taddhitāḥ ||;PARTLY;+ taddhita - vidhu;"Aṣṭādhyāyī" Aṣṭādhyāyī, 4, 2: 14 78 0;roṇī ||;PARTLY;+ roṇī - vidhu;"Aṣṭādhyāyī" Aṣṭādhyāyī, 4, 2: 14 92 0;śeṣe ||;PARTLY;+ śeṣa - vidhu;"Aṣṭādhyāyī" Aṣṭādhyāyī, 4, 3: 15 41 0;sambhūte ||;PARTLY;+ sambhū - vidhu;"Aṣṭādhyāyī" Aṣṭādhyāyī, 4, 3: 15 83 0;prabhavati ||;PARTLY;+ prabhū - vidhu;"Aṣṭādhyāyī" Aṣṭādhyāyī, 4, 3: 15 95 0;bhaktiḥ ||;PARTLY;+ bhakti - vidhu;"Aṣṭādhyāyī" Aṣṭādhyāyī, 4, 3: 15 115 0;upajñāte ||;PARTLY;+ upajñā - vidhu;"Aṣṭādhyāyī" Aṣṭādhyāyī, 4, 3: 15 117 0;sañjñāyām ||;PARTLY;+ saṁjñā - vidhu;"Aṣṭādhyāyī" Aṣṭādhyāyī, 4, 4: 16 3 0;saṃskṛtam ||;PARTLY;+ saṁskṛ - vidhu;"Aṣṭādhyāyī" Aṣṭādhyāyī, 4, 4: 16 5 0;tarati ||;PARTLY;+ tṛ - vidhu;"Aṣṭādhyāyī" Aṣṭādhyāyī, 4, 4: 16 8 0;carati ||;PARTLY;+ car - vidhu;"Aṣṭādhyāyī" Aṣṭādhyāyī, 4, 4: 16 22 0;saṃsṛṣṭe ||;PARTLY;+ saṁsṛj - vidhu;"Aṣṭādhyāyī" Aṣṭādhyāyī, 4, 4: 16 32 0;uñchati ||;PARTLY;+ uñch - vidhu;"Aṣṭādhyāyī" Aṣṭādhyāyī, 4, 4: 16 33 0;rakṣati ||;PARTLY;+ rakṣ - vidhu;"Aṣṭādhyāyī" Aṣṭādhyāyī, 4, 4: 16 50 0;avakrayaḥ ||;PARTLY;+ avakraya - vidhu;"Aṣṭādhyāyī" Aṣṭādhyāyī, 4, 4: 16 55 0;śilpam ||;PARTLY;+ śilpa - vidhu;"Aṣṭādhyāyī" Aṣṭādhyāyī, 4, 4: 16 57 0;praharaṇam ||;PARTLY;+ praharaṇa - vidhu;"Aṣṭādhyāyī" Aṣṭādhyāyī, 4, 4: 16 61 0;śīlaṃ ||;PARTLY;+ śīla - vidhu;"Aṣṭādhyāyī" Aṣṭādhyāyī, 4, 4: 16 139 0;madhoḥ ||;PARTLY;+ madhu - vidhu;"Aṣṭādhyāyī" Aṣṭādhyāyī, 5, 1: 17 78 0;kālāt ||;PARTLY;+ kāla - vidhu;"Aṣṭādhyāyī" Aṣṭādhyāyī, 5, 1: 17 99 0;sampādini ||;PARTLY;+ sampādin - vidhu;"Aṣṭādhyāyī" Aṣṭādhyāyī, 5, 1: 17 109 0;prayojanam ||;PARTLY;+ prayojana - vidhu;"Aṣṭādhyāyī" Aṣṭādhyāyī, 5, 1: 17 116 0;tatra tasyeva ||;PARTLY;+ tad - vidhu;"Aṣṭādhyāyī" Aṣṭādhyāyī, 5, 2: 18 14 0;āgavīnaḥ ||;PARTLY;+ āgavīna - vidhu;"Aṣṭādhyāyī" Aṣṭādhyāyī, 5, 2: 18 73 0;adhikam ||;PARTLY;+ adhika - vidhu;"Aṣṭādhyāyī" Aṣṭādhyāyī, 5, 3: 19 17 0;adhunā ||;PARTLY;+ adhunā - vidhu;"Aṣṭādhyāyī" Aṣṭādhyāyī, 5, 3: 19 32 0;paścāt ||;PARTLY;+ paścāt - vidhu;"Aṣṭādhyāyī" Aṣṭādhyāyī, 5, 3: 19 74 0;kutsite ||;PARTLY;+ kutsay - vidhu;"Aṣṭādhyāyī" Aṣṭādhyāyī, 5, 3: 19 76 0;anukampāyām ||;PARTLY;+ anukampā - vidhu;"Aṣṭādhyāyī" Aṣṭādhyāyī, 5, 3: 19 85 0;alpe ||;PARTLY;+ alpa - vidhu;"Aṣṭādhyāyī" Aṣṭādhyāyī, 5, 3: 19 86 0;hrasve ||;PARTLY;+ hrasva - vidhu;"Aṣṭādhyāyī" Aṣṭādhyāyī, 5, 4: 20 32 0;rakte ||;PARTLY;+ rañj - vidhu;"Aṣṭādhyāyī" Aṣṭādhyāyī, 6, 1: 21 10 0;ślau ||;PARTLY;+ ślu - vidhu;"Aṣṭādhyāyī" Aṣṭādhyāyī, 6, 1: 21 11 0;caṅi ||;PARTLY;+ caṅ - vidhu;"Aṣṭādhyāyī" Aṣṭādhyāyī, 6, 1: 21 40 0;veñaḥ ||;PARTLY;+ veñ - vidhu;"Aṣṭādhyāyī" Aṣṭādhyāyī, 6, 1: 21 72 0;saṃhitāyām ||;PARTLY;+ saṁhitā - vidhu;"Aṣṭādhyāyī" Aṣṭādhyāyī, 6, 1: 21 75 0;dīrghāt ||;PARTLY;+ dīrgha - vidhu;"Aṣṭādhyāyī" Aṣṭādhyāyī, 6, 1: 21 162 0;dhātoḥ ||;PARTLY;+ dhātu - vidhu;"Aṣṭādhyāyī" Aṣṭādhyāyī, 6, 1: 21 164 0;taddhitasya ||;PARTLY;+ taddhita - vidhu;"Aṣṭādhyāyī" Aṣṭādhyāyī, 6, 1: 21 182 0;na gośvansāvavarṇarāḍaṅkruṅkṛdbhyaḥ ||;PARTLY;+ na - vidhu;"Aṣṭādhyāyī" Aṣṭādhyāyī, 6, 1: 21 221 0;īvatyāḥ ||;PARTLY;+ īvatī - vidhu;"Aṣṭādhyāyī" Aṣṭādhyāyī, 6, 1: 21 222 0;cau ||;PARTLY;+ cu - vidhu;"Aṣṭādhyāyī" Aṣṭādhyāyī, 6, 1: 21 223 0;samāsasya ||;PARTLY;+ samāsa - vidhu;"Aṣṭādhyāyī" Aṣṭādhyāyī, 6, 2: 22 35 0;saṅkhyā ||;PARTLY;+ saṁkhyā - vidhu;"Aṣṭādhyāyī" Aṣṭādhyāyī, 6, 2: 22 44 0;arthe ||;PARTLY;+ artha - vidhu;"Aṣṭādhyāyī" Aṣṭādhyāyī, 6, 2: 22 79 0;ṇini ||;PARTLY;+ ṇin - vidhu;"Aṣṭādhyāyī" Aṣṭādhyāyī, 6, 2: 22 92 0;antaḥ ||;PARTLY;+ anta - vidhu;"Aṣṭādhyāyī" Aṣṭādhyāyī, 6, 2: 22 108 0;kṣepe ||;PARTLY;+ kṣepa - vidhu;"Aṣṭādhyāyī" Aṣṭādhyāyī, 6, 2: 22 143 0;antaḥ ||;PARTLY;+ anta - vidhu;"Aṣṭādhyāyī" Aṣṭādhyāyī, 6, 2: 22 159 0;sañjñāyām ||;PARTLY;+ saṁjñā - vidhu;"Aṣṭādhyāyī" Aṣṭādhyāyī, 6, 2: 22 179 0;antaḥ ||;PARTLY;+ antar - vidhu;"Aṣṭādhyāyī" Aṣṭādhyāyī, 6, 3: 23 114 0;saṃhitāyām ||;PARTLY;+ saṁhitā - vidhu;"Aṣṭādhyāyī" Aṣṭādhyāyī, 6, 3: 23 118 0;vale ||;PARTLY;+ vala - vidhu;"Aṣṭādhyāyī" Aṣṭādhyāyī, 6, 3: 23 138 0;cau ||;PARTLY;+ cu - vidhu;"Aṣṭādhyāyī" Aṣṭādhyāyī, 6, 3: 23 139 0;samprasāraṇasya ||;PARTLY;+ samprasāraṇa - vidhu;"Aṣṭādhyāyī" Aṣṭādhyāyī, 6, 4: 24 1 0;aṅgasya ||;PARTLY;+ aṅga - vidhu;"Aṣṭādhyāyī" Aṣṭādhyāyī, 6, 4: 24 3 0;nāmi ||;PARTLY;+ nām - vidhu;"Aṣṭādhyāyī" Aṣṭādhyāyī, 6, 4: 24 46 0;ārdhadhātuke ||;PARTLY;+ ārdhadhātuka - vidhu;"Aṣṭādhyāyī" Aṣṭādhyāyī, 6, 4: 24 59 0;kṣiyaḥ ||;PARTLY;+ kṣi - vidhu;"Aṣṭādhyāyī" Aṣṭādhyāyī, 6, 4: 24 79 0;striyāḥ ||;PARTLY;+ strī - vidhu;"Aṣṭādhyāyī" Aṣṭādhyāyī, 6, 4: 24 129 0;bhasya ||;PARTLY;+ bha - vidhu;"Aṣṭādhyāyī" Aṣṭādhyāyī, 6, 4: 24 138 0;acaḥ ||;PARTLY;+ ac - vidhu;"Aṣṭādhyāyī" Aṣṭādhyāyī, 6, 4: 24 143 0;ṭeḥ ||;PARTLY;+ ṭi - vidhu;"Aṣṭādhyāyī" Aṣṭādhyāyī, 6, 4: 24 155 0;ṭeḥ ||;PARTLY;+ ṭi - vidhu;"Aṣṭādhyāyī" Aṣṭādhyāyī, 6, 4: 24 167 0;an ||;PARTLY;+ an - vidhu;"Aṣṭādhyāyī" Aṣṭādhyāyī, 7, 2: 26 69 0;saniṃsasanivāṃsam ||;PARTLY;+ saniṁsasanivāṁsam - vidhu;"Aṣṭādhyāyī" Aṣṭādhyāyī, 7, 4: 28 59 0;hrasvaḥ ||;PARTLY;+ hrasva - vidhu;"Aṣṭādhyāyī" Aṣṭādhyāyī, 8, 1: 29 16 0;padasya ||;PARTLY;+ pada - vidhu;"Aṣṭādhyāyī" Aṣṭādhyāyī, 8, 1: 29 17 0;padāt ||;PARTLY;+ pada - vidhu;"Aṣṭādhyāyī" Aṣṭādhyāyī, 8, 1: 29 70 0;gatir gatau ||;PARTLY;+ gati - vidhu;"Aṣṭādhyāyī" Aṣṭādhyāyī, 8, 2: 30 11 0;sañjñāyām ||;PARTLY;+ saṁjñā - vidhu;"Aṣṭādhyāyī" Aṣṭādhyāyī, 8, 2: 30 68 0;ahan ||;PARTLY;+ ahan - vidhu;"Aṣṭādhyāyī" Aṣṭādhyāyī, 8, 2: 30 97 0;vicāryamāṇānām ||;PARTLY;+ vicāray - vidhu;"Aṣṭādhyāyī" Aṣṭādhyāyī, 8, 3: 31 14 0;ro ri ||;PARTLY;+ r - vidhu;"Aṣṭādhyāyī" Aṣṭādhyāyī, 8, 3: 31 67 0;stanbheḥ ||;PARTLY;+ stanbhi - vidhu;"Aṣṭādhyāyī" Aṣṭādhyāyī, 8, 3: 31 107 0;suñaḥ ||;PARTLY;+ suñ - vidhu;"Aṣṭādhyāyī" Aṣṭādhyāyī, 8, 3: 31 115 0;soḍhaḥ ||;PARTLY;+ soḍh - vidhu;"Aṣṭādhyāyī" Aṣṭādhyāyī, 8, 4: 32 19 0;aniteḥ ||;PARTLY;+ aniti - vidhu;"Aṣṭādhyāyī" Aṣṭādhyāyī, 8, 4: 32 20 0;antaḥ ||;PARTLY;+ anta - vidhu;"Aṣṭādhyāyī" Aṣṭādhyāyī, 8, 4: 32 44 0;śāt ||;PARTLY;+ śa - vidhu;"Aitareyopaniṣad" AitUp, 2, 5: 8 1 3;iti |;PARTLY;+ iti - vidhu;"Kṛṣṇāmṛtamahārṇava" KAM, 1: 1 13 1;nāradaḥ |;PARTLY;+ nārada - vidhu;"Kṛṣṇāmṛtamahārṇava" KAM, 1: 1 14 1;pulastyaḥ |;PARTLY;+ pulastya - vidhu;"Kṛṣṇāmṛtamahārṇava" KAM, 1: 1 17 1;dharmaḥ |;PARTLY;+ dharma - vidhu;"Kṛṣṇāmṛtamahārṇava" KAM, 1: 1 20 1;mārkaṇḍeyaḥ |;PARTLY;+ mārkaṇḍeya - vidhu;"Kṛṣṇāmṛtamahārṇava" KAM, 1: 1 23 1;marīciḥ |;PARTLY;+ marīci - vidhu;"Kṛṣṇāmṛtamahārṇava" KAM, 1: 1 24 1;atriḥ |;PARTLY;+ atri - vidhu;"Kṛṣṇāmṛtamahārṇava" KAM, 1: 1 25 1;aṅgirāḥ |;PARTLY;+ aṅgiras - vidhu;"Kṛṣṇāmṛtamahārṇava" KAM, 1: 1 26 1;pulahaḥ |;PARTLY;+ pulaha - vidhu;"Kṛṣṇāmṛtamahārṇava" KAM, 1: 1 32 1;ātreyaḥ |;PARTLY;+ ātreya - vidhu;"Kṛṣṇāmṛtamahārṇava" KAM, 1: 1 33 1;brahmā |;PARTLY;+ brahman - vidhu;"Kṛṣṇāmṛtamahārṇava" KAM, 1: 1 34 1;śaṃkaraḥ |;PARTLY;+ śaṁkara - vidhu;"Kṛṣṇāmṛtamahārṇava" KAM, 1: 1 44 1;agastyaḥ |;PARTLY;+ agastya - vidhu;"Kṛṣṇāmṛtamahārṇava" KAM, 1: 1 55 1;aurvaḥ |;PARTLY;+ aurva - vidhu;"Kṛṣṇāmṛtamahārṇava" KAM, 1: 1 65 1;kauśikaḥ |;PARTLY;+ kauśika - vidhu;"Kṛṣṇāmṛtamahārṇava" KAM, 1: 1 74 1;śaṅkaraḥ |;PARTLY;+ śaṁkara - vidhu;"Kṛṣṇāmṛtamahārṇava" KAM, 1: 1 176 1;dharmavibhūṣaṇaḥ |;PARTLY;+ dharmavibhūṣaṇa - vidhu;"Kṛṣṇāmṛtamahārṇava" KAM, 1: 1 179 1;brahmā |;PARTLY;+ brahman - vidhu;"Haribhaktivilāsa" HBhVil, 1: 1 38 1;mantramuktāvalyām |;PARTLY;+ mantramuktāvalī - vidhu;"Haribhaktivilāsa" HBhVil, 1: 1 45 1;viṣṇusmṛtau |;PARTLY;+ viṣṇusmṛti - vidhu;"Haribhaktivilāsa" HBhVil, 1: 1 51 1;kiṃca |;PARTLY;+ kiṁca - vidhu;"Haribhaktivilāsa" HBhVil, 1: 1 57 1;tattvasāgare |;PARTLY;+ tattvasāgara - vidhu;"Haribhaktivilāsa" HBhVil, 1: 1 60 1;mantramuktāvalyām |;PARTLY;+ mantramuktāvalī - vidhu;"Haribhaktivilāsa" HBhVil, 1: 1 65 1;agastyasaṃhitāyām |;PARTLY;+ agastyasaṁhitā - vidhu;"Haribhaktivilāsa" HBhVil, 1: 1 72 1;hayaśīrṣapañcarātre |;PARTLY;+ hayaśīrṣapañcarātra - vidhu;"Haribhaktivilāsa" HBhVil, 1: 1 75 1;mantramuktāvalyāṃ |;PARTLY;+ mantramuktāvalī - vidhu;"Haribhaktivilāsa" HBhVil, 1: 1 85 1;kiṃca |;PARTLY;+ kiṁca - vidhu;"Haribhaktivilāsa" HBhVil, 1: 1 97 1;kiṃca |;PARTLY;+ kiṁca - vidhu;"Haribhaktivilāsa" HBhVil, 1: 1 103 1;vaiṣṇavatantre |;PARTLY;+ vaiṣṇavatantra - vidhu;"Haribhaktivilāsa" HBhVil, 1: 1 106 1;kiṃca |;PARTLY;+ kiṁca - vidhu;"Haribhaktivilāsa" HBhVil, 1: 1 109 1;nārasiṃhe |;PARTLY;+ nārasiṁha - vidhu;"Haribhaktivilāsa" HBhVil, 1: 1 114 1;mahābhārate |;PARTLY;+ mahābhārata - vidhu;"Haribhaktivilāsa" HBhVil, 1: 1 116 1;pañcarātre |;PARTLY;+ pañcarātra - vidhu;"Haribhaktivilāsa" HBhVil, 1: 1 117 1;vaiṣṇavatantre |;PARTLY;+ vaiṣṇavatantra - vidhu;"Haribhaktivilāsa" HBhVil, 1: 1 122 1;āgame |;PARTLY;+ āgama - vidhu;"Haribhaktivilāsa" HBhVil, 1: 1 137 1;liṅgapurāṇe |;PARTLY;+ liṅgapurāṇa - vidhu;"Haribhaktivilāsa" HBhVil, 1: 1 139 1;bhaviṣyapurāṇe |;PARTLY;+ bhaviṣyapurāṇa - vidhu;"Haribhaktivilāsa" HBhVil, 1: 1 148 1;agastyasaṃhitāyām |;PARTLY;+ agastyasaṁhitā - vidhu;"Haribhaktivilāsa" HBhVil, 1: 1 190 1;kiṃca |;PARTLY;+ kiṁca - vidhu;"Haribhaktivilāsa" HBhVil, 1: 1 204 1;saradātilake |;PARTLY;+ saradātilaka - vidhu;"Haribhaktivilāsa" HBhVil, 1: 1 229 1;saradātilake |;PARTLY;+ saradātilaka - vidhu;"Haribhaktivilāsa" HBhVil, 2: 2 3 1;āgame |;PARTLY;+ āgama - vidhu;"Haribhaktivilāsa" HBhVil, 2: 2 13 1;āgame |;PARTLY;+ āgama - vidhu;"Haribhaktivilāsa" HBhVil, 2: 2 17 1;gautamīye |;PARTLY;+ gautamīya - vidhu;"Haribhaktivilāsa" HBhVil, 2: 2 23 1;nāradatantre |;PARTLY;+ nāradatantra - vidhu;"Haribhaktivilāsa" HBhVil, 2: 2 25 1;sārasaṅgrahe |;PARTLY;+ sārasaṁgraha - vidhu;"Haribhaktivilāsa" HBhVil, 2: 2 28 1;rudrayāmale |;PARTLY;+ rudrayāmala - vidhu;"Haribhaktivilāsa" HBhVil, 2: 2 122 1;vaśiṣṭhasaṃhitāyām |;PARTLY;+ vaśiṣṭhasaṁhitā - vidhu;"Haribhaktivilāsa" HBhVil, 3: 3 5 1;viṣṇupurāṇe |;PARTLY;+ viṣṇupurāṇa - vidhu;"Haribhaktivilāsa" HBhVil, 3: 3 17 1;kiṃca |;PARTLY;+ kiṁca - vidhu;"Haribhaktivilāsa" HBhVil, 3: 3 18 1;kiṃca |;PARTLY;+ kiṁca - vidhu;"Haribhaktivilāsa" HBhVil, 3: 3 45 1;kiṃca |;PARTLY;+ kiṁca - vidhu;"Haribhaktivilāsa" HBhVil, 3: 3 51 1;kiṃca |;PARTLY;+ kiṁca - vidhu;"Haribhaktivilāsa" HBhVil, 3: 3 54 1;brahmavaivarte |;PARTLY;+ brahmavaivarta - vidhu;"Haribhaktivilāsa" HBhVil, 3: 3 61 1;pāṇḍavagītāyām |;PARTLY;+ pāṇḍavagītā - vidhu;"Haribhaktivilāsa" HBhVil, 3: 3 70 1;skānde |;PARTLY;+ skānda - vidhu;"Haribhaktivilāsa" HBhVil, 3: 3 73 1;vāmanapurāṇe |;PARTLY;+ vāmanapurāṇa - vidhu;"Haribhaktivilāsa" HBhVil, 3: 3 76 1;viṣṇudharmottare |;PARTLY;+ viṣṇudharmottara - vidhu;"Haribhaktivilāsa" HBhVil, 3: 3 80 1;vaiṣṇave |;PARTLY;+ vaiṣṇava - vidhu;"Haribhaktivilāsa" HBhVil, 3: 3 81 1;gāruḍe |;PARTLY;+ gāruḍa - vidhu;"Haribhaktivilāsa" HBhVil, 3: 3 88 1;vāmanapurāṇe |;PARTLY;+ vāmanapurāṇa - vidhu;"Haribhaktivilāsa" HBhVil, 3: 3 89 1;viṣṇudharmottare |;PARTLY;+ viṣṇudharmottara - vidhu;"Haribhaktivilāsa" HBhVil, 3: 3 94 1;mahābhārate |;PARTLY;+ mahābhārata - vidhu;"Haribhaktivilāsa" HBhVil, 3: 3 95 1;garuḍapurāṇe |;PARTLY;+ garuḍapurāṇa - vidhu;"Haribhaktivilāsa" HBhVil, 3: 3 96 1;viṣṇupurāṇe |;PARTLY;+ viṣṇupurāṇa - vidhu;"Haribhaktivilāsa" HBhVil, 3: 3 115 1;bṛhatśātātāpasmṛtau |;PARTLY;+ bṛhatśātātāpasmṛti - vidhu;"Haribhaktivilāsa" HBhVil, 3: 3 117 1;viṣṇudharme |;PARTLY;+ viṣṇudharma - vidhu;"Haribhaktivilāsa" HBhVil, 3: 3 133 1;atrismṛtau |;PARTLY;+ atrismṛti - vidhu;"Haribhaktivilāsa" HBhVil, 3: 3 135 1;nāradapañcarātre |;PARTLY;+ nāradapañcarātra - vidhu;"Haribhaktivilāsa" HBhVil, 3: 3 147 1;viṣṇudharmottare |;PARTLY;+ viṣṇudharmottara - vidhu;"Haribhaktivilāsa" HBhVil, 3: 3 174 1;yamasmṛtau |;PARTLY;+ yamasmṛti - vidhu;"Haribhaktivilāsa" HBhVil, 3: 3 175 1;kiṃca |;PARTLY;+ kiṁca - vidhu;"Haribhaktivilāsa" HBhVil, 3: 3 180 1;śaṅkhasmṛtau |;PARTLY;+ śaṅkhasmṛti - vidhu;"Haribhaktivilāsa" HBhVil, 3: 3 181 1;dakṣasmṛtau |;PARTLY;+ dakṣasmṛti - vidhu;"Haribhaktivilāsa" HBhVil, 3: 3 182 1;dakṣaḥ |;PARTLY;+ dakṣa - vidhu;"Haribhaktivilāsa" HBhVil, 3: 3 183 1;brāhme |;PARTLY;+ brāhma - vidhu;"Haribhaktivilāsa" HBhVil, 3: 3 193 1;yājñavalkyasmṛtau |;PARTLY;+ yājñavalkyasmṛti - vidhu;"Haribhaktivilāsa" HBhVil, 3: 3 194 1;bharadvājasmṛtau |;PARTLY;+ bharadvājasmṛti - vidhu;"Haribhaktivilāsa" HBhVil, 3: 3 198 1;kiṃca |;PARTLY;+ kiṁca - vidhu;"Haribhaktivilāsa" HBhVil, 3: 3 210 1;kāśīkhaṇḍe |;PARTLY;+ kāśīkhaṇḍa - vidhu;"Haribhaktivilāsa" HBhVil, 3: 3 212 1;manuḥ |;PARTLY;+ manu - vidhu;"Haribhaktivilāsa" HBhVil, 3: 3 213 1;saṃvartakaḥ |;PARTLY;+ saṁvartaka - vidhu;"Haribhaktivilāsa" HBhVil, 3: 3 214 1;kātyāyanaḥ |;PARTLY;+ kātyāyana - vidhu;"Haribhaktivilāsa" HBhVil, 3: 3 215 1;vṛddhavaśiṣṭhaḥ |;PARTLY;+ vṛddhavaśiṣṭha - vidhu;"Haribhaktivilāsa" HBhVil, 3: 3 219 1;paiṭhīnasiḥ |;PARTLY;+ paiṭhīnasi - vidhu;"Haribhaktivilāsa" HBhVil, 3: 3 224 1;smṛtau |;PARTLY;+ smṛti - vidhu;"Haribhaktivilāsa" HBhVil, 3: 3 225 1;kiṃca |;PARTLY;+ kiṁca - vidhu;"Haribhaktivilāsa" HBhVil, 3: 3 237 1;dakṣaḥ |;PARTLY;+ dakṣa - vidhu;"Haribhaktivilāsa" HBhVil, 3: 3 239 1;kiṃca |;PARTLY;+ kiṁca - vidhu;"Haribhaktivilāsa" HBhVil, 3: 3 242 1;kāśīkhaṇḍe |;PARTLY;+ kāśīkhaṇḍa - vidhu;"Haribhaktivilāsa" HBhVil, 3: 3 250 1;atrismṛtau |;PARTLY;+ atrismṛti - vidhu;"Haribhaktivilāsa" HBhVil, 3: 3 280 1;kiṃca |;PARTLY;+ kiṁca - vidhu;"Haribhaktivilāsa" HBhVil, 3: 3 289 1;padmapurāṇe |;PARTLY;+ padmapurāṇa - vidhu;"Haribhaktivilāsa" HBhVil, 3: 3 297 1;kiṃca |;PARTLY;+ kiṁca - vidhu;"Haribhaktivilāsa" HBhVil, 3: 3 301 1;garuḍapurāṇe |;PARTLY;+ garuḍapurāṇa - vidhu;"Haribhaktivilāsa" HBhVil, 3: 3 307 1;manusmṛtau |;PARTLY;+ manusmṛti - vidhu;"Haribhaktivilāsa" HBhVil, 3: 3 310 1;kiṃca |;PARTLY;+ kiṁca - vidhu;"Haribhaktivilāsa" HBhVil, 3: 3 311 1;kiṃca |;PARTLY;+ kiṁca - vidhu;"Haribhaktivilāsa" HBhVil, 3: 3 335 1;pādme |;PARTLY;+ pādma - vidhu;"Haribhaktivilāsa" HBhVil, 3: 3 351 1;kiṃca |;PARTLY;+ kiṁca - vidhu;"Haribhaktivilāsa" HBhVil, 3: 3 352 1;kāśīkāṇḍe |;PARTLY;+ kāśīkāṇḍa - vidhu;"Haribhaktivilāsa" HBhVil, 4: 4 26 1;nārasiṃhe |;PARTLY;+ nārasiṁha - vidhu;"Haribhaktivilāsa" HBhVil, 4: 4 38 1;nāradīye |;PARTLY;+ nāradīya - vidhu;"Haribhaktivilāsa" HBhVil, 4: 4 39 1;haribhaktisudhodaye |;PARTLY;+ haribhaktisudhodaya - vidhu;"Haribhaktivilāsa" HBhVil, 4: 4 40 1;āgame |;PARTLY;+ āgama - vidhu;"Haribhaktivilāsa" HBhVil, 4: 4 50 1;dvārakāmāhātmye |;PARTLY;+ dvārakāmāhātmya - vidhu;"Haribhaktivilāsa" HBhVil, 4: 4 51 1;viṣṇudharmottare |;PARTLY;+ viṣṇudharmottara - vidhu;"Haribhaktivilāsa" HBhVil, 4: 4 56 1;nārasiṃhe |;PARTLY;+ nārasiṁha - vidhu;"Haribhaktivilāsa" HBhVil, 4: 4 57 1;mārkaṇḍeyapurāṇe |;PARTLY;+ mārkaṇḍeyapurāṇa - vidhu;"Haribhaktivilāsa" HBhVil, 4: 4 59 1;brāhme |;PARTLY;+ brāhma - vidhu;"Haribhaktivilāsa" HBhVil, 4: 4 63 1;manuḥ |;PARTLY;+ manu - vidhu;"Haribhaktivilāsa" HBhVil, 4: 4 64 1;śaṅkhaḥ |;PARTLY;+ śaṅkha - vidhu;"Haribhaktivilāsa" HBhVil, 4: 4 65 1;kiṃca |;PARTLY;+ kiṁca - vidhu;"Haribhaktivilāsa" HBhVil, 4: 4 67 1;brāhme |;PARTLY;+ brāhma - vidhu;"Haribhaktivilāsa" HBhVil, 4: 4 70 1;manuḥ |;PARTLY;+ manu - vidhu;"Haribhaktivilāsa" HBhVil, 4: 4 71 1;vṛddhaśātātapaḥ |;PARTLY;+ vṛddhaśātātapa - vidhu;"Haribhaktivilāsa" HBhVil, 4: 4 77 1;śātātapaḥ |;PARTLY;+ śātātapa - vidhu;"Haribhaktivilāsa" HBhVil, 4: 4 78 1;yamaḥ |;PARTLY;+ yama - vidhu;"Haribhaktivilāsa" HBhVil, 4: 4 79 1;śaṅkhaḥ |;PARTLY;+ śaṅkha - vidhu;"Haribhaktivilāsa" HBhVil, 4: 4 80 1;kiṃca |;PARTLY;+ kiṁca - vidhu;"Haribhaktivilāsa" HBhVil, 4: 4 81 1;manuḥ |;PARTLY;+ manu - vidhu;"Haribhaktivilāsa" HBhVil, 4: 4 84 1;kiṃca |;PARTLY;+ kiṁca - vidhu;"Haribhaktivilāsa" HBhVil, 4: 4 85 1;bṛhaspatiḥ |;PARTLY;+ bṛhaspati - vidhu;"Haribhaktivilāsa" HBhVil, 4: 4 86 1;viṣṇuḥ |;PARTLY;+ viṣṇu - vidhu;"Haribhaktivilāsa" HBhVil, 4: 4 87 1;baudhāyanaḥ |;PARTLY;+ baudhāyana - vidhu;"Haribhaktivilāsa" HBhVil, 4: 4 89 1;śaṅkhaḥ |;PARTLY;+ śaṅkha - vidhu;"Haribhaktivilāsa" HBhVil, 4: 4 90 1;brāhme |;PARTLY;+ brāhma - vidhu;"Haribhaktivilāsa" HBhVil, 4: 4 92 1;bṛhaspatiḥ |;PARTLY;+ bṛhaspati - vidhu;"Haribhaktivilāsa" HBhVil, 4: 4 117 1;ṣaṭtriṃśanmate |;PARTLY;+ ṣaṭtriṁśanmata - vidhu;"Haribhaktivilāsa" HBhVil, 4: 4 122 1;vṛddhamanuḥ |;PARTLY;+ vṛddhamanu - vidhu;"Haribhaktivilāsa" HBhVil, 4: 4 125 1;bhṛguḥ |;PARTLY;+ bhṛgu - vidhu;"Haribhaktivilāsa" HBhVil, 4: 4 126 1;yājñavalkyaḥ |;PARTLY;+ yājñavalkya - vidhu;"Haribhaktivilāsa" HBhVil, 4: 4 128 1;ṣaṭtriṃśanmate |;PARTLY;+ ṣaṭtriṁśanmata - vidhu;"Haribhaktivilāsa" HBhVil, 4: 4 134 1;kiṃca |;PARTLY;+ kiṁca - vidhu;"Haribhaktivilāsa" HBhVil, 4: 4 138 1;gāruḍe |;PARTLY;+ gāruḍa - vidhu;"Haribhaktivilāsa" HBhVil, 4: 4 151 1;gobhilaḥ |;PARTLY;+ gobhila - vidhu;"Haribhaktivilāsa" HBhVil, 4: 4 152 1;trailokyasammohanapañcarātre |;PARTLY;+ trailokyasaṁmohanapañcarātra - vidhu;"Haribhaktivilāsa" HBhVil, 4: 4 153 1;aṅgirāḥ |;PARTLY;+ aṅgiras - vidhu;"Haribhaktivilāsa" HBhVil, 4: 4 162 1;bahvṛcapariśiṣṭe |;PARTLY;+ bahvṛcapariśiṣṭa - vidhu;"Haribhaktivilāsa" HBhVil, 4: 4 174 1;kiṃca |;PARTLY;+ kiṁca - vidhu;"Haribhaktivilāsa" HBhVil, 4: 4 183 1;padmapurāṇe |;PARTLY;+ padmapurāṇa - vidhu;"Haribhaktivilāsa" HBhVil, 4: 4 184 1;skānde |;PARTLY;+ skānda - vidhu;"Haribhaktivilāsa" HBhVil, 4: 4 193 1;padmapurāṇe |;PARTLY;+ padmapurāṇa - vidhu;"Haribhaktivilāsa" HBhVil, 4: 4 221 1;smṛtiḥ |;PARTLY;+ smṛti - vidhu;"Haribhaktivilāsa" HBhVil, 4: 4 229 1;skandapurāṇe |;PARTLY;+ skandapurāṇa - vidhu;"Haribhaktivilāsa" HBhVil, 4: 4 244 1;garuḍapurāṇe |;PARTLY;+ garuḍapurāṇa - vidhu;"Haribhaktivilāsa" HBhVil, 4: 4 247 1;smṛtau |;PARTLY;+ smṛti - vidhu;"Haribhaktivilāsa" HBhVil, 4: 4 248 1;ādityapurāṇe |;PARTLY;+ ādityapurāṇa - vidhu;"Haribhaktivilāsa" HBhVil, 4: 4 272 1;kiṃca |;PARTLY;+ kiṁca - vidhu;"Haribhaktivilāsa" HBhVil, 4: 4 283 1;kiṃca |;PARTLY;+ kiṁca - vidhu;"Haribhaktivilāsa" HBhVil, 4: 4 289 1;kiṃca |;PARTLY;+ kiṁca - vidhu;"Haribhaktivilāsa" HBhVil, 4: 4 292 1;kiṃca |;PARTLY;+ kiṁca - vidhu;"Haribhaktivilāsa" HBhVil, 4: 4 295 1;kiṃca |;PARTLY;+ kiṁca - vidhu;"Haribhaktivilāsa" HBhVil, 4: 4 297 1;gautamīye |;PARTLY;+ gautamīya - vidhu;"Haribhaktivilāsa" HBhVil, 4: 4 309 1;skānde |;PARTLY;+ skānda - vidhu;"Haribhaktivilāsa" HBhVil, 4: 4 317 1;gāruḍe |;PARTLY;+ gāruḍa - vidhu;"Haribhaktivilāsa" HBhVil, 4: 4 319 1;agastyasaṃhitāyām |;PARTLY;+ agastyasaṁhitā - vidhu;"Haribhaktivilāsa" HBhVil, 4: 4 320 1;nāradīye |;PARTLY;+ nāradīya - vidhu;"Haribhaktivilāsa" HBhVil, 4: 4 321 1;kiṃca |;PARTLY;+ kiṁca - vidhu;"Haribhaktivilāsa" HBhVil, 4: 4 323 1;skānde |;PARTLY;+ skānda - vidhu;"Haribhaktivilāsa" HBhVil, 4: 4 343 1;smṛtimahārṇave |;PARTLY;+ smṛtimahārṇava - vidhu;"Haribhaktivilāsa" HBhVil, 4: 4 346 1;śrutiṣu |;PARTLY;+ śruti - vidhu;"Haribhaktivilāsa" HBhVil, 4: 4 351 1;manusmṛtau |;PARTLY;+ manusmṛti - vidhu;"Haribhaktivilāsa" HBhVil, 4: 4 352 1;kiṃca |;PARTLY;+ kiṁca - vidhu;"Haribhaktivilāsa" HBhVil, 4: 4 353 1;vāmanakalpe |;PARTLY;+ vāmanakalpa - vidhu;"Haribhaktivilāsa" HBhVil, 4: 4 354 1;viṣṇurahasye |;PARTLY;+ viṣṇurahasya - vidhu;"Haribhaktivilāsa" HBhVil, 4: 4 357 1;pādme |;PARTLY;+ pādma - vidhu;"Haribhaktivilāsa" HBhVil, 4: 4 359 1;ādityapurāṇe |;PARTLY;+ ādityapurāṇa - vidhu;"Haribhaktivilāsa" HBhVil, 4: 4 361 1;brahmavaivarte |;PARTLY;+ brahmavaivarta - vidhu;"Haribhaktivilāsa" HBhVil, 4: 4 366 1;pañcarātre |;PARTLY;+ pañcarātra - vidhu;"Haribhaktivilāsa" HBhVil, 4: 4 367 1;agastyasaṃhitāyāṃ |;PARTLY;+ agastyasaṁhitā - vidhu;"Haribhaktivilāsa" HBhVil, 5: 5 1 -6;sanātanaḥ |;PARTLY;+ sanātana - vidhu;"Haribhaktivilāsa" HBhVil, 5: 5 2 3;sanātanaḥ |;PARTLY;+ sanātana - vidhu;"Haribhaktivilāsa" HBhVil, 5: 5 5 1;sanātanaḥ |;PARTLY;+ sanātana - vidhu;"Haribhaktivilāsa" HBhVil, 5: 5 6 1;sanātanaḥ |;PARTLY;+ sanātana - vidhu;"Haribhaktivilāsa" HBhVil, 5: 5 9 1;sanātanaḥ |;PARTLY;+ sanātana - vidhu;"Haribhaktivilāsa" HBhVil, 5: 5 10 1;sanātanaḥ |;PARTLY;+ sanātana - vidhu;"Haribhaktivilāsa" HBhVil, 5: 5 11 1;sanātanaḥ |;PARTLY;+ sanātana - vidhu;"Haribhaktivilāsa" HBhVil, 5: 5 12 1;sanātanaḥ |;PARTLY;+ sanātana - vidhu;"Haribhaktivilāsa" HBhVil, 5: 5 13 1;sanātanaḥ |;PARTLY;+ sanātana - vidhu;"Haribhaktivilāsa" HBhVil, 5: 5 22 1;nāradapañcarātre |;PARTLY;+ nāradapañcarātra - vidhu;"Haribhaktivilāsa" HBhVil, 5: 5 24 1;nāradapañcarātre |;PARTLY;+ nāradapañcarātra - vidhu;"Haribhaktivilāsa" HBhVil, 5: 5 31 1;devīpurāṇe |;PARTLY;+ devīpurāṇa - vidhu;"Haribhaktivilāsa" HBhVil, 5: 5 33 1;kiṃca |;PARTLY;+ kiṁca - vidhu;"Haribhaktivilāsa" HBhVil, 5: 5 34 1;vārāhe |;PARTLY;+ vārāha - vidhu;"Haribhaktivilāsa" HBhVil, 5: 5 41 1;kiṃca |;PARTLY;+ kiṁca - vidhu;"Haribhaktivilāsa" HBhVil, 5: 5 131 1;sanātanaḥ |;PARTLY;+ sanātana - vidhu;"Haribhaktivilāsa" HBhVil, 5: 5 132 1;sanātanaḥ |;PARTLY;+ sanātana - vidhu;"Haribhaktivilāsa" HBhVil, 5: 5 143 1;kramadīpikāyāṃ |;PARTLY;+ kramadīpikā - vidhu;"Haribhaktivilāsa" HBhVil, 5: 5 145 1;sanātanaḥ |;PARTLY;+ sanātana - vidhu;"Haribhaktivilāsa" HBhVil, 5: 5 153 1;kiṃca |;PARTLY;+ kiṁca - vidhu;"Haribhaktivilāsa" HBhVil, 5: 5 243 1;vaiṣṇavatantre |;PARTLY;+ vaiṣṇavatantra - vidhu;"Haribhaktivilāsa" HBhVil, 5: 5 252 1;saṃmohanatantre |;PARTLY;+ saṁmohanatantra - vidhu;"Haribhaktivilāsa" HBhVil, 5: 5 277 2;siddhārthasaṃhitāyām |;PARTLY;+ siddhārthasaṁhitā - vidhu;"Haribhaktivilāsa" HBhVil, 5: 5 296 1;gautamīyatantre |;PARTLY;+ gautamīyatantra - vidhu;"Haribhaktivilāsa" HBhVil, 5: 5 297 1;skandapurāṇe |;PARTLY;+ skandapurāṇa - vidhu;"Haribhaktivilāsa" HBhVil, 5: 5 311 1;tathā |;PARTLY;+ tathā - vidhu;"Haribhaktivilāsa" HBhVil, 5: 5 327 1;brāhme |;PARTLY;+ brāhma - vidhu;"Haribhaktivilāsa" HBhVil, 5: 5 336 1;kiṃca |;PARTLY;+ kiṁca - vidhu;"Haribhaktivilāsa" HBhVil, 5: 5 343 1;brāhme |;PARTLY;+ brāhma - vidhu;"Haribhaktivilāsa" HBhVil, 5: 5 351 1;kiṃca |;PARTLY;+ kiṁca - vidhu;"Haribhaktivilāsa" HBhVil, 5: 5 355 1;gautamīye |;PARTLY;+ gautamīya - vidhu;"Haribhaktivilāsa" HBhVil, 5: 5 424 1;garuḍapurāṇe |;PARTLY;+ garuḍapurāṇa - vidhu;"Haribhaktivilāsa" HBhVil, 5: 5 448 1;pādme |;PARTLY;+ pādma - vidhu;"Haribhaktivilāsa" HBhVil, 5: 5 454 1;yathā |;PARTLY;+ yathā - vidhu;"Haribhaktivilāsa" HBhVil, 5: 5 463 1;vārāhe |;PARTLY;+ vārāha - vidhu;"Haribhaktivilāsa" HBhVil, 5: 5 464 1;gāruḍe |;PARTLY;+ gāruḍa - vidhu;"Haribhaktivilāsa" HBhVil, 5: 5 467 1;kapilapañcarātre |;PARTLY;+ kapilapañcarātra - vidhu;"Śyainikaśāstra" Śyainikaśāstra, 5: 5 20 2;caṇḍāṃśukarasaṃcārarahitāyām anāratam ||;PARTLY;+ anāratam - vidhu;"Narmamālā" KṣNarm, 2: 2 43 2;pañcacandanalīpaṭṭabandhaṃ bhaviṣyati ||;PARTLY;+ bhū - vidhu;"Āryāsaptaśatī" Āsapt, 2: 2 129 1;uttamabhujaṅgasaṅgamanispandanitambacāpalas tasyāḥ |;PARTLY;+ tad - vidhu;"Āryāsaptaśatī" Āsapt, 2: 2 159 2;sā giriśabhujabhujaṅgamapheṇopadhānādya nidrāti ||;PARTLY;+ tad - vidhu;"Devīkālottarāgama" DevīĀgama, 1: 1 2 1;īśvara uvāca |;PARTLY;+ īśvara - vidhu;"Saṃvitsiddhi" SaṃSi, 1: 1 26 1;tathā |;PARTLY;+ tathā - vidhu;"Saṃvitsiddhi" SaṃSi, 1: 1 27 1;tathā |;PARTLY;+ tathā - vidhu;"Saṃvitsiddhi" SaṃSi, 1: 1 49 5;iti ||;PARTLY;+ iti - vidhu;"Pañcaviṃśabrāhmaṇa" PB, 11: 11 6 2;samārabhate dvirātrasyāvrisraṃsāya |;PARTLY;+ samārabh - vidhu;"Śukasaptati" Śusa, 1: 1 8 10;yataḥ |;PARTLY;+ yatas - vidhu;"Śukasaptati" Śusa, 3: 3 1 2;śukaḥ |;PARTLY;+ śuka - vidhu;"Śukasaptati" Śusa, 5: 5 1 2;śukaḥ |;PARTLY;+ śuka - vidhu;"Śukasaptati" Śusa, 5: 5 3 2;yataḥ |;PARTLY;+ yatas - vidhu;"Śukasaptati" Śusa, 5: 5 5 1;kiñca |;PARTLY;+ kiṁca - vidhu;"Śukasaptati" Śusa, 5: 5 18 3;yataḥ |;PARTLY;+ yatas - vidhu;"Śukasaptati" Śusa, 6: 6 2 4;yataḥ |;PARTLY;+ yatas - vidhu;"Śukasaptati" Śusa, 6: 6 9 1;kiñca |;PARTLY;+ kiṁca - vidhu;"Śukasaptati" Śusa, 7: 7 3 1;kiñca |;PARTLY;+ kiṁca - vidhu;"Śukasaptati" Śusa, 7: 7 7 1;kiñca |;PARTLY;+ kiṁca - vidhu;"Śukasaptati" Śusa, 8: 8 1 3;yataḥ |;PARTLY;+ yatas - vidhu;"Śukasaptati" Śusa, 9: 9 2 5;yataḥ |;PARTLY;+ yatas - vidhu;"Śukasaptati" Śusa, 9: 9 3 2;yataḥ |;PARTLY;+ yatas - vidhu;"Śukasaptati" Śusa, 11: 11 5 1;kiñca |;PARTLY;+ kiṁca - vidhu;"Śukasaptati" Śusa, 15: 15 4 1;kiñca |;PARTLY;+ kiṁca - vidhu;"Śukasaptati" Śusa, 21: 21 5 1;kiñca |;PARTLY;+ kiṁca - vidhu;"Śukasaptati" Śusa, 26: 26 2 12;yataḥ |;PARTLY;+ yatas - vidhu;"Bṛhadāraṇyakopaniṣad" BĀU, 2, 6: 12 1 9;gautamaḥ ||;PARTLY;+ gautama - vidhu;"Bṛhadāraṇyakopaniṣad" BĀU, 2, 6: 12 2 1;āgniveśyāt |;PARTLY;+ āgniveśya - vidhu;"Bṛhadāraṇyakopaniṣad" BĀU, 2, 6: 12 2 3;ānabhimlāta ānabhimlātāt |;PARTLY;+ ānabhimlāta - vidhu;"Bṛhadāraṇyakopaniṣad" BĀU, 2, 6: 12 2 4;ānabhimlāta ānabhimlātāt |;PARTLY;+ ānabhimlāta - vidhu;"Bṛhadāraṇyakopaniṣad" BĀU, 2, 6: 12 2 14;kauśikāyaniḥ ||;PARTLY;+ kauśikāyani - vidhu;"Bṛhadāraṇyakopaniṣad" BĀU, 2, 6: 12 3 1;ghṛtakauśikāt |;PARTLY;+ ghṛtakauśika - vidhu;"Bṛhadāraṇyakopaniṣad" BĀU, 2, 6: 12 3 2;ghṛtakauśikaḥ prāśaryāyaṇāt |;PARTLY;+ ghṛtakauśika - vidhu;"Bṛhadāraṇyakopaniṣad" BĀU, 2, 6: 12 3 37;brahma svayaṃbhu |;PARTLY;+ brahman - vidhu;"Bṛhadāraṇyakopaniṣad" BĀU, 3, 2: 14 11 5;ādhmāyati |;PARTLY;+ ādham - vidhu;"Bṛhadāraṇyakopaniṣad" BĀU, 4, 4: 25 2 14;savijñano bhavati |;PARTLY;+ bhū - vidhu;"Bṛhadāraṇyakopaniṣad" BĀU, 4, 6: 27 1 9;gautamaḥ ||;PARTLY;+ gautama - vidhu;"Bṛhadāraṇyakopaniṣad" BĀU, 4, 6: 27 2 1;agniveśyāt |;PARTLY;+ agniveśya - vidhu;"Bṛhadāraṇyakopaniṣad" BĀU, 4, 6: 27 2 3;gārgyo gārgyāt |;PARTLY;+ gārgya - vidhu;"Bṛhadāraṇyakopaniṣad" BĀU, 4, 6: 27 2 15;kauśikāyaniḥ ||;PARTLY;+ kauśikāyani - vidhu;"Bṛhadāraṇyakopaniṣad" BĀU, 4, 6: 27 3 1;ghṛtakauśikāt |;PARTLY;+ ghṛtakauśika - vidhu;"Bṛhadāraṇyakopaniṣad" BĀU, 4, 6: 27 3 3;pārāśaryaḥ pārāśaryāt |;PARTLY;+ pārāśarya - vidhu;"Bṛhadāraṇyakopaniṣad" BĀU, 4, 6: 27 3 13;gautamo gautamāt |;PARTLY;+ gautama - vidhu;"Bṛhadāraṇyakopaniṣad" BĀU, 5, 2: 29 1 5;vyajñāsiṣṭā3 iti |;PARTLY;+ iti - vidhu;"Bṛhadāraṇyakopaniṣad" BĀU, 5, 2: 29 2 3;vyajñāsiṣṭā3 iti |;PARTLY;+ iti - vidhu;"Bṛhadāraṇyakopaniṣad" BĀU, 5, 2: 29 3 3;vyajñāsiṣṭā3 iti |;PARTLY;+ iti - vidhu;"Bṛhadāraṇyakopaniṣad" BĀU, 5, 13: 40 1 1;uktham |;PARTLY;+ uktha - vidhu;"Bṛhadāraṇyakopaniṣad" BĀU, 5, 13: 40 2 1;yajuḥ |;PARTLY;+ yajus - vidhu;"Bṛhadāraṇyakopaniṣad" BĀU, 5, 13: 40 3 1;sāma |;PARTLY;+ sāman - vidhu;"Bṛhadāraṇyakopaniṣad" BĀU, 5, 13: 40 4 1;kṣatram |;PARTLY;+ kṣatra - vidhu;"Bṛhadāraṇyakopaniṣad" BĀU, 5, 14: 41 7 3;apad asi |;PARTLY;+ as - vidhu;"Bṛhadāraṇyakopaniṣad" BĀU, 6, 2: 44 7 6;sa hopāyanakīrtyovāsa ||;PARTLY;+ tad - vidhu;"Bṛhadāraṇyakopaniṣad" BĀU, 6, 2: 44 14 3;samit samit |;PARTLY;+ samidh - vidhu;"Bṛhadāraṇyakopaniṣad" BĀU, 6, 2: 44 14 4;dhūmo dhūmaḥ |;PARTLY;+ dhūma - vidhu;"Bṛhadāraṇyakopaniṣad" BĀU, 6, 2: 44 14 6;aṅgārā aṅgārāḥ |;PARTLY;+ aṅgāra - vidhu;"Bṛhadāraṇyakopaniṣad" BĀU, 6, 2: 44 14 7;viṣphuliṅgā viṣphuliṅgāḥ |;PARTLY;+ visphuliṅga - vidhu;"Bṛhadāraṇyakopaniṣad" BĀU, 6, 5: 47 1 12;kāpīputraḥ ||;PARTLY;+ kāpīputra - vidhu;"Bṛhadāraṇyakopaniṣad" BĀU, 6, 5: 47 2 1;ātreyīputrāt |;PARTLY;+ ātreyīputra - vidhu;"Bṛhadāraṇyakopaniṣad" BĀU, 6, 5: 47 2 8;vārkāruṇīputro vārkāruṇīputrāt |;PARTLY;+ vārkāruṇīputra - vidhu;"Bṛhadāraṇyakopaniṣad" BĀU, 6, 5: 47 2 28;āsuriḥ ||;PARTLY;+ āsuri - vidhu;"Bṛhadāraṇyakopaniṣad" BĀU, 6, 5: 47 3 1;yājñavalkyāt |;PARTLY;+ yājñavalkya - vidhu;"Śāṅkhāyanāraṇyaka" ŚāĀr, 3, 7: 33 3 0;iti ||;PARTLY;+ iti - vidhu;"Śāṅkhāyanāraṇyaka" ŚāĀr, 4, 8: 41 4 0;iti ||;PARTLY;+ iti - vidhu;"Śāṅkhāyanāraṇyaka" ŚāĀr, 4, 13: 46 4 0;prāṇaṃ prāṇaḥ ||;PARTLY;+ prāṇa - vidhu;"Śāṅkhāyanāraṇyaka" ŚāĀr, 4, 13: 46 8 0;prāṇaṃ prāṇaḥ ||;PARTLY;+ prāṇa - vidhu;"Śāṅkhāyanāraṇyaka" ŚāĀr, 4, 13: 46 12 0;prāṇaṃ prāṇaḥ ||;PARTLY;+ prāṇa - vidhu;"Śāṅkhāyanāraṇyaka" ŚāĀr, 4, 13: 46 16 0;prāṇaṃ prāṇaḥ ||;PARTLY;+ prāṇa - vidhu;"Śāṅkhāyanāraṇyaka" ŚāĀr, 7, 14: 90 5 0;iti ||;PARTLY;+ iti - vidhu;"Śāṅkhāyanāraṇyaka" ŚāĀr, 7, 19: 95 8 0;iti ||;PARTLY;+ iti - vidhu;"Śāṅkhāyanāraṇyaka" ŚāĀr, 7, 21: 97 10 0;iti ||;PARTLY;+ iti - vidhu;"Śāṅkhāyanāraṇyaka" ŚāĀr, 8, 4: 103 3 0;iti ||;PARTLY;+ iti - vidhu;"Śāṅkhāyanāraṇyaka" ŚāĀr, 8, 5: 104 3 0;iti ||;PARTLY;+ iti - vidhu;"Śāṅkhāyanāraṇyaka" ŚāĀr, 8, 6: 105 3 0;iti ||;PARTLY;+ iti - vidhu;"Śāṅkhāyanāraṇyaka" ŚāĀr, 9, 1: 111 1 0;om ||;PARTLY;+ oṁ - vidhu;"Śāṅkhāyanāraṇyaka" ŚāĀr, 12, 1: 135 1 1;om |;PARTLY;+ oṁ - vidhu;"Abhidhānacintāmaṇi" AbhCint, 1: 1 5 2;janyāt kṛtkartṛsṛṭsraṣṭṛvidhātṛkarasūsamāḥ ||;PARTLY;+ jan - vidhu;"Abhidhānacintāmaṇi" AbhCint, 1: 1 6 1;janakād yonijaruhajanmabhūsūtyaṇādayaḥ |;PARTLY;+ janaka - vidhu;"Abhidhānacintāmaṇi" AbhCint, 1: 1 7 1;śāliśekharamatvarthamālibhartṛdharā api |;PARTLY;+ api - vidhu;"Abhidhānacintāmaṇi" AbhCint, 1: 1 7 2;bhojyād bhugandhovrataliṭpāyipāśāśanādayaḥ ||;PARTLY;+ bhuj - vidhu;"Abhidhānacintāmaṇi" AbhCint, 1: 1 10 2;vadhyād bhiddveṣijiddhātidhrugripudhvaṃsiśāsanāḥ ||;PARTLY;+ vadh - vidhu;"Ṛgveda" ṚV, 1, 3: 3 8 2;usrā iva svasarāṇi ||;PARTLY;+ svasara - vidhu;"Ṛgveda" ṚV, 3, 52: 286 3 2;vadhūyur iva yoṣaṇām ||;PARTLY;+ yoṣaṇā - vidhu;"Ṛgveda" ṚV, 3, 62: 296 8 2;vadhūyur iva yoṣaṇām ||;PARTLY;+ yoṣaṇā - vidhu;"Ṛgveda" ṚV, 4, 32: 328 16 2;vadhūyur iva yoṣaṇām ||;PARTLY;+ yoṣaṇā - vidhu;"Ṛgveda" ṚV, 5, 61: 415 10 2;taranta iva maṃhanā ||;PARTLY;+ maṁhanā - vidhu;"Ṛgveda" ṚV, 8, 2: 622 20 2;aśrīra iva jāmātā ||;PARTLY;+ jāmātṛ - vidhu;"Ṛgveda" ṚV, 8, 6: 626 4 2;samudrāyeva sindhavaḥ ||;PARTLY;+ sindhu - vidhu;"Ṛgveda" ṚV, 8, 19: 639 23 2;asura iva nirṇijam ||;PARTLY;+ nirṇij - vidhu;"Ṛgveda" ṚV, 8, 34: 654 17 2;bhrājante sūryā iva ||;PARTLY;+ sūrya - vidhu;"Ṛgveda" ṚV, 8, 43: 663 5 2;uṣasām iva ketavaḥ ||;PARTLY;+ ketu - vidhu;"Ṛgveda" ṚV, 8, 98: 718 7 2;udeva yanta udabhiḥ ||;PARTLY;+ i - vidhu;"Ṛgveda" ṚV, 9, 2: 725 9 2;parjanyo vṛṣṭimāṁ iva ||;PARTLY;+ vṛṣṭimat - vidhu;"Ṛgveda" ṚV, 9, 10: 733 2 2;bharāsaḥ kāriṇām iva ||;PARTLY;+ kārin - vidhu;"Ṛgveda" ṚV, 9, 33: 756 1 2;vanāni mahiṣā iva ||;PARTLY;+ mahiṣa - vidhu;"Ṛgveda" ṚV, 10, 9: 846 2 2;uśatīr iva mātaraḥ ||;PARTLY;+ mātṛ - vidhu;"Kathāsaritsāgara" KSS, 4, 2: 22 107 2;śaradambhodharotsaṅgasaṅginīvendavī kalā ||;PARTLY;+ kalā - vidhu;"Kauṣītakyupaniṣad" KauṣUp, 1: 1 7 3;iti |;PARTLY;+ iti - vidhu;"Taittirīyopaniṣad" TaittUp, 1, 4: 4 2 1;kurvāṇācīram ātmanaḥ |;PARTLY;+ ātman - vidhu;"Atharvaveda Śaunaka)" AVŚ, 1, 5: 5 2 2;uśatīr iva mātaraḥ ||;PARTLY;+ mātṛ - vidhu;"Avadānaśataka" AvŚat, 2: 2 7 3;iti ||;PARTLY;+ iti - vidhu;"Avadānaśataka" AvŚat, 2: 2 12 3;iti ||;PARTLY;+ iti - vidhu;"Avadānaśataka" AvŚat, 3: 3 10 3;iti ||;PARTLY;+ iti - vidhu;"Avadānaśataka" AvŚat, 3: 3 15 3;iti ||;PARTLY;+ iti - vidhu;"Avadānaśataka" AvŚat, 4: 4 8 3;iti ||;PARTLY;+ iti - vidhu;"Avadānaśataka" AvŚat, 4: 4 13 3;iti ||;PARTLY;+ iti - vidhu;"Śikṣāsamuccaya" ŚiSam, 1: 1 40 1;iti |;PARTLY;+ iti - vidhu;"Śikṣāsamuccaya" ŚiSam, 1: 1 43 1;iti |;PARTLY;+ iti - vidhu;"Śikṣāsamuccaya" ŚiSam, 1: 1 44 2;śraddhayā |;PARTLY;+ śraddhā - vidhu;"Śikṣāsamuccaya" ŚiSam, 1: 1 48 1;iti |;PARTLY;+ iti - vidhu;"Śikṣāsamuccaya" ŚiSam, 1: 1 49 1;peyālaṃ ||;PARTLY;+ peyālam - vidhu;"Śikṣāsamuccaya" ŚiSam, 1: 1 58 8;āha |;PARTLY;+ ah - vidhu;"Aitareyabrāhmaṇa" AitBr, 2, 20: 50 16 0;anuparyāvṛtyāḥ ||;PARTLY;+ anuparyāvṛt - vidhu;"Divyāvadāna" Divyāv, 2: 2 92 3;iti ||;PARTLY;+ iti - vidhu;"Divyāvadāna" Divyāv, 2: 2 482 0;kalpayāmi ||;PARTLY;+ kalpay - vidhu;"Divyāvadāna" Divyāv, 2: 2 484 3;iti ||;PARTLY;+ iti - vidhu;"Divyāvadāna" Divyāv, 2: 2 493 0;saṃnipatitaḥ ||;PARTLY;+ saṁnipat - vidhu;"Divyāvadāna" Divyāv, 2: 2 498 2;iti ||;PARTLY;+ iti - vidhu;"Divyāvadāna" Divyāv, 2: 2 505 3;iti ||;PARTLY;+ iti - vidhu;"Divyāvadāna" Divyāv, 2: 2 523 3;iti ||;PARTLY;+ iti - vidhu;"Divyāvadāna" Divyāv, 3: 3 12 0;iti ||;PARTLY;+ iti - vidhu;"Divyāvadāna" Divyāv, 3: 3 21 0;antarhitaḥ ||;PARTLY;+ antardhā - vidhu;"Divyāvadāna" Divyāv, 4: 4 41 0;iti ||;PARTLY;+ iti - vidhu;"Divyāvadāna" Divyāv, 4: 4 71 0;iti ||;PARTLY;+ iti - vidhu;"Divyāvadāna" Divyāv, 5: 5 4 0;iti ||;PARTLY;+ iti - vidhu;"Divyāvadāna" Divyāv, 5: 5 13 0;iti ||;PARTLY;+ iti - vidhu;"Divyāvadāna" Divyāv, 5: 5 33 0;iti ||;PARTLY;+ iti - vidhu;"Divyāvadāna" Divyāv, 5: 5 36 0;iti ||;PARTLY;+ iti - vidhu;"Divyāvadāna" Divyāv, 6: 6 57 0;antardhāsyati ||;PARTLY;+ antardhā - vidhu;"Divyāvadāna" Divyāv, 6: 6 58 0;antarhitaḥ ||;PARTLY;+ antardhā - vidhu;"Divyāvadāna" Divyāv, 6: 6 92 1;iti ||;PARTLY;+ iti - vidhu;"Divyāvadāna" Divyāv, 7: 7 58 0;iti ||;PARTLY;+ iti - vidhu;"Divyāvadāna" Divyāv, 7: 7 70 0;iti ||;PARTLY;+ iti - vidhu;"Divyāvadāna" Divyāv, 9: 9 103 3;iti ||;PARTLY;+ iti - vidhu;"Divyāvadāna" Divyāv, 10: 10 73 3;iti ||;PARTLY;+ iti - vidhu;"Divyāvadāna" Divyāv, 11: 11 45 1;iti ||;PARTLY;+ iti - vidhu;"Divyāvadāna" Divyāv, 11: 11 65 3;iti ||;PARTLY;+ iti - vidhu;"Divyāvadāna" Divyāv, 11: 11 111 3;iti ||;PARTLY;+ iti - vidhu;"Divyāvadāna" Divyāv, 13: 13 257 3;iti ||;PARTLY;+ iti - vidhu;"Divyāvadāna" Divyāv, 13: 13 309 1;iti ||;PARTLY;+ iti - vidhu;"Divyāvadāna" Divyāv, 17: 17 167 1;āgacchatu ||;PARTLY;+ āgam - vidhu;"Divyāvadāna" Divyāv, 19: 19 350 1;sthāpayata ||;PARTLY;+ sthāpay - vidhu;"Jaiminīyabrāhmaṇa" JB, 1, 23: 16 5 0;prāvabhrā iva sarpanti ||;PARTLY;+ sṛp - vidhu;"Lalitavistara" LalVis, 1: 1 62 1;iti ||;PARTLY;+ iti - vidhu;"Lalitavistara" LalVis, 12: 12 26 1;iti ||;PARTLY;+ iti - vidhu;"Lalitavistara" LalVis, 12: 12 81 17;jijñāsiṣyāmahe ||;PARTLY;+ jijñās - vidhu;"Baudhāyanaśrautasūtra" BaudhŚS, 1, 1: 1 8 0;parisamūhanti ||;PARTLY;+ parisamūh - vidhu;"Baudhāyanaśrautasūtra" BaudhŚS, 3, 1: 4 9 0;uddhanti ||;PARTLY;+ uddhan - vidhu;"Gopathabrāhmaṇa NEW" GB, 1, 1, 23: 23 21 0;yajuṣi yajuḥ ||;PARTLY;+ yajus - vidhu;"Gopathabrāhmaṇa NEW" GB, 1, 1, 23: 23 22 0;sāmni sāma ||;PARTLY;+ sāman - vidhu;"Gopathabrāhmaṇa NEW" GB, 1, 1, 23: 23 23 0;sūtre sūtram ||;PARTLY;+ sūtra - vidhu;"Gopathabrāhmaṇa NEW" GB, 1, 1, 23: 23 24 0;brāhmaṇe brāhmaṇam ||;PARTLY;+ brāhmaṇa - vidhu;"Gopathabrāhmaṇa NEW" GB, 1, 1, 23: 23 25 0;śloke ślokaḥ ||;PARTLY;+ śloka - vidhu;"Gopathabrāhmaṇa NEW" GB, 1, 1, 26: 26 11 0;prasāraṇam ||;PARTLY;+ prasāraṇa - vidhu;"Kātyāyanaśrautasūtra" KātyŚS, 1, 1: 1 6 0;adānaṃ pūrvayoḥ ||;PARTLY;+ pūrva - vidhu;"Taittirīyasaṃhitā" TS, 2, 1, 1: 1 3 1;ālabheta |;PARTLY;+ ālabh - vidhu;"Taittirīyasaṃhitā" TS, 2, 1, 1: 1 6 1;acāyat |;PARTLY;+ cāy - vidhu;"Taittirīyasaṃhitā" TS, 2, 1, 1: 1 7 11;samṛddhyai |;PARTLY;+ samṛddhi - vidhu;"Taittirīyasaṃhitā" TS, 2, 1, 1: 1 7 12;vāyavyam ||;PARTLY;+ vāyavya - vidhu;"Taittirīyasaṃhitā" TS, 2, 3, 1: 3 3 1;gṛhṇāti |;PARTLY;+ grah - vidhu;"Taittirīyasaṃhitā" TS, 4, 2, 2: 7 1 9;namaḥ ||;PARTLY;+ namas - vidhu;
GītGov, 4: 4;9 1;sā virahe tava dīnā mādhava manasijaviśikhabhayāt iva bhāvanayā tvayi līnā ||;"Gītagovinda" GītGov, 4: 4 3 1;sā virahe tava dīnā mādhava manasijaviśikhabhayāt iva bhāvanayā tvayi līnā ||;GOOD;;"Gītagovinda" GītGov, 4: 4 5 1;sā virahe tava dīnā mādhava manasijaviśikhabhayāt iva bhāvanayā tvayi līnā ||;GOOD;;"Gītagovinda" GītGov, 4: 4 7 1;sā virahe tava dīnā mādhava manasijaviśikhabhayāt iva bhāvanayā tvayi līnā ||;GOOD;;"Gītagovinda" GītGov, 4: 4 11 1;sā virahe tava dīnā mādhava manasijaviśikhabhayāt iva bhāvanayā tvayi līnā ||;GOOD;;"Gītagovinda" GītGov, 4: 4 13 1;sā virahe tava dīnā mādhava manasijaviśikhabhayāt iva bhāvanayā tvayi līnā ||;GOOD;;"Gītagovinda" GītGov, 4: 4 15 1;sā virahe tava dīnā mādhava manasijaviśikhabhayāt iva bhāvanayā tvayi līnā ||;GOOD;;"Gītagovinda" GītGov, 4: 4 17 1;sā virahe tava dīnā mādhava manasijaviśikhabhayāt iva bhāvanayā tvayi līnā ||;GOOD;;
GītGov, 4: 4;10 1;vilikhati rahasi kuraṅgamadena bhavantam asamaśarabhūtam |;
GītGov, 4: 4;10 2;praṇamati makaram adhaḥ vinidhāya kare ca śaram navacūtam ||;
GītGov, 4: 4;11 1;sā virahe tava dīnā mādhava manasijaviśikhabhayāt iva bhāvanayā tvayi līnā ||;"Gītagovinda" GītGov, 4: 4 3 1;sā virahe tava dīnā mādhava manasijaviśikhabhayāt iva bhāvanayā tvayi līnā ||;GOOD;;"Gītagovinda" GītGov, 4: 4 5 1;sā virahe tava dīnā mādhava manasijaviśikhabhayāt iva bhāvanayā tvayi līnā ||;GOOD;;"Gītagovinda" GītGov, 4: 4 7 1;sā virahe tava dīnā mādhava manasijaviśikhabhayāt iva bhāvanayā tvayi līnā ||;GOOD;;"Gītagovinda" GītGov, 4: 4 9 1;sā virahe tava dīnā mādhava manasijaviśikhabhayāt iva bhāvanayā tvayi līnā ||;GOOD;;"Gītagovinda" GītGov, 4: 4 13 1;sā virahe tava dīnā mādhava manasijaviśikhabhayāt iva bhāvanayā tvayi līnā ||;GOOD;;"Gītagovinda" GītGov, 4: 4 15 1;sā virahe tava dīnā mādhava manasijaviśikhabhayāt iva bhāvanayā tvayi līnā ||;GOOD;;"Gītagovinda" GītGov, 4: 4 17 1;sā virahe tava dīnā mādhava manasijaviśikhabhayāt iva bhāvanayā tvayi līnā ||;GOOD;;
GītGov, 4: 4;12 1;pratipadam idam api nigadati mādhava tava caraṇe patitā aham |;
GītGov, 4: 4;12 2;tvayi vimukhe mayi sapadi sudhānidhiḥ api tanute tanudāham ||;
GītGov, 4: 4;13 1;sā virahe tava dīnā mādhava manasijaviśikhabhayāt iva bhāvanayā tvayi līnā ||;"Gītagovinda" GītGov, 4: 4 3 1;sā virahe tava dīnā mādhava manasijaviśikhabhayāt iva bhāvanayā tvayi līnā ||;GOOD;;"Gītagovinda" GītGov, 4: 4 5 1;sā virahe tava dīnā mādhava manasijaviśikhabhayāt iva bhāvanayā tvayi līnā ||;GOOD;;"Gītagovinda" GītGov, 4: 4 7 1;sā virahe tava dīnā mādhava manasijaviśikhabhayāt iva bhāvanayā tvayi līnā ||;GOOD;;"Gītagovinda" GītGov, 4: 4 9 1;sā virahe tava dīnā mādhava manasijaviśikhabhayāt iva bhāvanayā tvayi līnā ||;GOOD;;"Gītagovinda" GītGov, 4: 4 11 1;sā virahe tava dīnā mādhava manasijaviśikhabhayāt iva bhāvanayā tvayi līnā ||;GOOD;;"Gītagovinda" GītGov, 4: 4 15 1;sā virahe tava dīnā mādhava manasijaviśikhabhayāt iva bhāvanayā tvayi līnā ||;GOOD;;"Gītagovinda" GītGov, 4: 4 17 1;sā virahe tava dīnā mādhava manasijaviśikhabhayāt iva bhāvanayā tvayi līnā ||;GOOD;;
GītGov, 4: 4;14 1;dhyānalayena puraḥ parikalpya bhavantam atīva durāpam |;
GītGov, 4: 4;14 2;vilapati hasati viṣīdati roditi cañcati muñcati tāpam ||;
GītGov, 4: 4;15 1;sā virahe tava dīnā mādhava manasijaviśikhabhayāt iva bhāvanayā tvayi līnā ||;"Gītagovinda" GītGov, 4: 4 3 1;sā virahe tava dīnā mādhava manasijaviśikhabhayāt iva bhāvanayā tvayi līnā ||;GOOD;;"Gītagovinda" GītGov, 4: 4 5 1;sā virahe tava dīnā mādhava manasijaviśikhabhayāt iva bhāvanayā tvayi līnā ||;GOOD;;"Gītagovinda" GītGov, 4: 4 7 1;sā virahe tava dīnā mādhava manasijaviśikhabhayāt iva bhāvanayā tvayi līnā ||;GOOD;;"Gītagovinda" GītGov, 4: 4 9 1;sā virahe tava dīnā mādhava manasijaviśikhabhayāt iva bhāvanayā tvayi līnā ||;GOOD;;"Gītagovinda" GītGov, 4: 4 11 1;sā virahe tava dīnā mādhava manasijaviśikhabhayāt iva bhāvanayā tvayi līnā ||;GOOD;;"Gītagovinda" GītGov, 4: 4 13 1;sā virahe tava dīnā mādhava manasijaviśikhabhayāt iva bhāvanayā tvayi līnā ||;GOOD;;"Gītagovinda" GītGov, 4: 4 17 1;sā virahe tava dīnā mādhava manasijaviśikhabhayāt iva bhāvanayā tvayi līnā ||;GOOD;;
GītGov, 4: 4;16 1;śrījayadevabhaṇitam idam adhikam yadi manasā naṭanīyam |;
GītGov, 4: 4;16 2;harivirahākulaballavayuvatisakhīvacanam paṭhanīyam ||;
GītGov, 4: 4;17 1;sā virahe tava dīnā mādhava manasijaviśikhabhayāt iva bhāvanayā tvayi līnā ||;"Gītagovinda" GītGov, 4: 4 3 1;sā virahe tava dīnā mādhava manasijaviśikhabhayāt iva bhāvanayā tvayi līnā ||;GOOD;;"Gītagovinda" GītGov, 4: 4 5 1;sā virahe tava dīnā mādhava manasijaviśikhabhayāt iva bhāvanayā tvayi līnā ||;GOOD;;"Gītagovinda" GītGov, 4: 4 7 1;sā virahe tava dīnā mādhava manasijaviśikhabhayāt iva bhāvanayā tvayi līnā ||;GOOD;;"Gītagovinda" GītGov, 4: 4 9 1;sā virahe tava dīnā mādhava manasijaviśikhabhayāt iva bhāvanayā tvayi līnā ||;GOOD;;"Gītagovinda" GītGov, 4: 4 11 1;sā virahe tava dīnā mādhava manasijaviśikhabhayāt iva bhāvanayā tvayi līnā ||;GOOD;;"Gītagovinda" GītGov, 4: 4 13 1;sā virahe tava dīnā mādhava manasijaviśikhabhayāt iva bhāvanayā tvayi līnā ||;GOOD;;"Gītagovinda" GītGov, 4: 4 15 1;sā virahe tava dīnā mādhava manasijaviśikhabhayāt iva bhāvanayā tvayi līnā ||;GOOD;;
GītGov, 4: 4;18 1;āvāsaḥ vipināyate priyasakhīmālā api jālāyate tāpaḥ api śvasitena dāvadahanajvālākalāpāyate |;
GītGov, 4: 4;18 2;sā api tvadviraheṇa hanta hariṇīrūpāyate hā katham kandarpaḥ api yamāyate viracayan śārdūlavikrīḍitam ||;
GītGov, 4: 4;19 1;stanavinihitam api hāram udāram |;
GītGov, 4: 4;19 2;sā manute kṛśatanuḥ atibhāram ||;
GītGov, 4: 4;20 1;rādhikā virahe tava keśava ||;"Gītagovinda" GītGov, 4: 4 22 1;rādhikā virahe tava keśava ||;GOOD;;"Gītagovinda" GītGov, 4: 4 24 1;rādhikā virahe tava keśava ||;GOOD;;"Gītagovinda" GītGov, 4: 4 26 1;rādhikā virahe tava keśava ||;GOOD;;"Gītagovinda" GītGov, 4: 4 28 1;rādhikā virahe tava keśava ||;GOOD;;"Gītagovinda" GītGov, 4: 4 30 1;rādhikā virahe tava keśava ||;GOOD;;"Gītagovinda" GītGov, 4: 4 32 1;rādhikā virahe tava keśava ||;GOOD;;"Gītagovinda" GītGov, 4: 4 34 1;rādhikā virahe tava keśava ||;GOOD;;
GītGov, 4: 4;21 1;sarasamasṛṇam api malayajapaṅkam |;
GītGov, 4: 4;21 2;paśyati viṣam iva vapuṣi saśaṅkam ||;
GītGov, 4: 4;22 1;rādhikā virahe tava keśava ||;"Gītagovinda" GītGov, 4: 4 20 1;rādhikā virahe tava keśava ||;GOOD;;"Gītagovinda" GītGov, 4: 4 24 1;rādhikā virahe tava keśava ||;GOOD;;"Gītagovinda" GītGov, 4: 4 26 1;rādhikā virahe tava keśava ||;GOOD;;"Gītagovinda" GītGov, 4: 4 28 1;rādhikā virahe tava keśava ||;GOOD;;"Gītagovinda" GītGov, 4: 4 30 1;rādhikā virahe tava keśava ||;GOOD;;"Gītagovinda" GītGov, 4: 4 32 1;rādhikā virahe tava keśava ||;GOOD;;"Gītagovinda" GītGov, 4: 4 34 1;rādhikā virahe tava keśava ||;GOOD;;
GītGov, 4: 4;23 1;śvasitapavanam anupamapariṇāham |;
GītGov, 4: 4;23 2;madanadahanam iva vahati sadāham ||;
GītGov, 4: 4;24 1;rādhikā virahe tava keśava ||;"Gītagovinda" GītGov, 4: 4 20 1;rādhikā virahe tava keśava ||;GOOD;;"Gītagovinda" GītGov, 4: 4 22 1;rādhikā virahe tava keśava ||;GOOD;;"Gītagovinda" GītGov, 4: 4 26 1;rādhikā virahe tava keśava ||;GOOD;;"Gītagovinda" GītGov, 4: 4 28 1;rādhikā virahe tava keśava ||;GOOD;;"Gītagovinda" GītGov, 4: 4 30 1;rādhikā virahe tava keśava ||;GOOD;;"Gītagovinda" GītGov, 4: 4 32 1;rādhikā virahe tava keśava ||;GOOD;;"Gītagovinda" GītGov, 4: 4 34 1;rādhikā virahe tava keśava ||;GOOD;;
GītGov, 4: 4;25 1;diśi diśi kirati sajalakaṇajālam |;
GītGov, 4: 4;25 2;nayananalinam iva vigalitanālam ||;
GītGov, 4: 4;26 1;rādhikā virahe tava keśava ||;"Gītagovinda" GītGov, 4: 4 20 1;rādhikā virahe tava keśava ||;GOOD;;"Gītagovinda" GītGov, 4: 4 22 1;rādhikā virahe tava keśava ||;GOOD;;"Gītagovinda" GītGov, 4: 4 24 1;rādhikā virahe tava keśava ||;GOOD;;"Gītagovinda" GītGov, 4: 4 28 1;rādhikā virahe tava keśava ||;GOOD;;"Gītagovinda" GītGov, 4: 4 30 1;rādhikā virahe tava keśava ||;GOOD;;"Gītagovinda" GītGov, 4: 4 32 1;rādhikā virahe tava keśava ||;GOOD;;"Gītagovinda" GītGov, 4: 4 34 1;rādhikā virahe tava keśava ||;GOOD;;
GītGov, 4: 4;27 1;nayanaviṣayam api kisalayatalpam |;
GītGov, 4: 4;27 2;kalayati vihitahutāśavikalpam ||;
GītGov, 4: 4;28 1;rādhikā virahe tava keśava ||;"Gītagovinda" GītGov, 4: 4 20 1;rādhikā virahe tava keśava ||;GOOD;;"Gītagovinda" GītGov, 4: 4 22 1;rādhikā virahe tava keśava ||;GOOD;;"Gītagovinda" GītGov, 4: 4 24 1;rādhikā virahe tava keśava ||;GOOD;;"Gītagovinda" GītGov, 4: 4 26 1;rādhikā virahe tava keśava ||;GOOD;;"Gītagovinda" GītGov, 4: 4 30 1;rādhikā virahe tava keśava ||;GOOD;;"Gītagovinda" GītGov, 4: 4 32 1;rādhikā virahe tava keśava ||;GOOD;;"Gītagovinda" GītGov, 4: 4 34 1;rādhikā virahe tava keśava ||;GOOD;;
GītGov, 4: 4;29 1;tyajati na pāṇitalena kapolam |;
GītGov, 4: 4;29 2;bālaśaśinam iva sāyam alolam ||;
GītGov, 4: 4;30 1;rādhikā virahe tava keśava ||;"Gītagovinda" GītGov, 4: 4 20 1;rādhikā virahe tava keśava ||;GOOD;;"Gītagovinda" GītGov, 4: 4 22 1;rādhikā virahe tava keśava ||;GOOD;;"Gītagovinda" GītGov, 4: 4 24 1;rādhikā virahe tava keśava ||;GOOD;;"Gītagovinda" GītGov, 4: 4 26 1;rādhikā virahe tava keśava ||;GOOD;;"Gītagovinda" GītGov, 4: 4 28 1;rādhikā virahe tava keśava ||;GOOD;;"Gītagovinda" GītGov, 4: 4 32 1;rādhikā virahe tava keśava ||;GOOD;;"Gītagovinda" GītGov, 4: 4 34 1;rādhikā virahe tava keśava ||;GOOD;;
GītGov, 4: 4;31 1;hariḥ iti hariḥ iti japati sakāmam |;
GītGov, 4: 4;31 2;virahavihitamaraṇā iva nikāmam ||;
GītGov, 4: 4;32 1;rādhikā virahe tava keśava ||;"Gītagovinda" GītGov, 4: 4 20 1;rādhikā virahe tava keśava ||;GOOD;;"Gītagovinda" GītGov, 4: 4 22 1;rādhikā virahe tava keśava ||;GOOD;;"Gītagovinda" GītGov, 4: 4 24 1;rādhikā virahe tava keśava ||;GOOD;;"Gītagovinda" GītGov, 4: 4 26 1;rādhikā virahe tava keśava ||;GOOD;;"Gītagovinda" GītGov, 4: 4 28 1;rādhikā virahe tava keśava ||;GOOD;;"Gītagovinda" GītGov, 4: 4 30 1;rādhikā virahe tava keśava ||;GOOD;;"Gītagovinda" GītGov, 4: 4 34 1;rādhikā virahe tava keśava ||;GOOD;;
GītGov, 4: 4;33 1;śrījayadevabhaṇitam iti gītam |;"Gītagovinda" GītGov, 7: 7 69 1;śrījayadevabhaṇitavacanena |;PARTLY;+ vacana - iti;
GītGov, 4: 4;33 2;sukhayatu keśavapadam upanītam ||;
GītGov, 4: 4;34 1;rādhikā virahe tava keśava ||;"Gītagovinda" GītGov, 4: 4 20 1;rādhikā virahe tava keśava ||;GOOD;;"Gītagovinda" GītGov, 4: 4 22 1;rādhikā virahe tava keśava ||;GOOD;;"Gītagovinda" GītGov, 4: 4 24 1;rādhikā virahe tava keśava ||;GOOD;;"Gītagovinda" GītGov, 4: 4 26 1;rādhikā virahe tava keśava ||;GOOD;;"Gītagovinda" GītGov, 4: 4 28 1;rādhikā virahe tava keśava ||;GOOD;;"Gītagovinda" GītGov, 4: 4 30 1;rādhikā virahe tava keśava ||;GOOD;;"Gītagovinda" GītGov, 4: 4 32 1;rādhikā virahe tava keśava ||;GOOD;;
GītGov, 4: 4;35 1;sā romāñcati sītkaroti vilapati utkampate tāmyati dhyāyati udbhramati pramīlati patati udyāti mūrchati api |;
GītGov, 4: 4;35 2;etāvati atanujvare varatanuḥ jīvet na kim te rasāt svaḥvaidyapratima prasīdasi yadi tyaktaḥ anyathā na antakaḥ ||;
GītGov, 4: 4;36 1;smarāturām daivatavaidyahṛdya tvadaṅgasaṅgāmṛtamātrasādhyām |;
GītGov, 4: 4;36 2;vimuktabādhām kuruṣe na rādhām upendra vajrāt api dāruṇaḥ asi ||;
GītGov, 4: 4;37 1;kandarpajvarasaṃjvarāturatanoḥ āścaryam asyāḥ ciram cetaḥ candanacandramaḥkamalinīcintāsu saṃtāmyati |;
GītGov, 4: 4;37 2;kiṃtu klāntivaśena śītalatanum tvām ekam eva priyam dhyāyantī rahasi sthitā kathamapi kṣīṇā kṣaṇam prāṇiti ||;
GītGov, 4: 4;38 1;kṣaṇam api virahaḥ purā na sehe nayananimīlanakhinnayā yayā te |;
GītGov, 4: 4;38 2;śvasiti katham asau rasālaśākhām ciraviraheṇa vilokya puṣpitāgrām ||;
GītGov, 5: 5;1 1;aham iha nivasāmi yāhi rādhām anunaya madvacanena ca ānayethāḥ |;
GītGov, 5: 5;1 2;iti madhuripuṇā sakhī niyuktā svayam idam etya punaḥ jagāda rādhām ||;
GītGov, 5: 5;2 1;vahati malayasamīre madanam upanidhāya |;
GītGov, 5: 5;2 2;sphuṭati kusumanikare virahihṛdayadalanāya ||;
GītGov, 5: 5;3 1;tava virahe vanamālī sakhi sīdati ||;"Gītagovinda" GītGov, 5: 5 5 1;tava virahe vanamālī sakhi sīdati ||;GOOD;;"Gītagovinda" GītGov, 5: 5 7 1;tava virahe vanamālī sakhi sīdati ||;GOOD;;"Gītagovinda" GītGov, 5: 5 9 1;tava virahe vanamālī sakhi sīdati ||;GOOD;;"Gītagovinda" GītGov, 5: 5 11 1;tava virahe vanamālī sakhi sīdati ||;GOOD;;
GītGov, 5: 5;4 1;dahati śiśiramayūkhe maraṇam anukaroti |;
GītGov, 5: 5;4 2;patati madanaviśikhe vilapati vikalataraḥ ati ||;
GītGov, 5: 5;5 1;tava virahe vanamālī sakhi sīdati ||;"Gītagovinda" GītGov, 5: 5 3 1;tava virahe vanamālī sakhi sīdati ||;GOOD;;"Gītagovinda" GītGov, 5: 5 7 1;tava virahe vanamālī sakhi sīdati ||;GOOD;;"Gītagovinda" GītGov, 5: 5 9 1;tava virahe vanamālī sakhi sīdati ||;GOOD;;"Gītagovinda" GītGov, 5: 5 11 1;tava virahe vanamālī sakhi sīdati ||;GOOD;;
GītGov, 5: 5;6 1;dhvanati madhupasamūhe śravaṇam apidadhāti |;
GītGov, 5: 5;6 2;manasi valitavirahe niśi niśi rujam upayāti ||;
GītGov, 5: 5;7 1;tava virahe vanamālī sakhi sīdati ||;"Gītagovinda" GītGov, 5: 5 3 1;tava virahe vanamālī sakhi sīdati ||;GOOD;;"Gītagovinda" GītGov, 5: 5 5 1;tava virahe vanamālī sakhi sīdati ||;GOOD;;"Gītagovinda" GītGov, 5: 5 9 1;tava virahe vanamālī sakhi sīdati ||;GOOD;;"Gītagovinda" GītGov, 5: 5 11 1;tava virahe vanamālī sakhi sīdati ||;GOOD;;
GītGov, 5: 5;8 1;vasati vipinavitāne tyajati lalitadhāma |;
GītGov, 5: 5;8 2;luṭhati dharaṇiśayane bahu vilapati tava nāma ||;
GītGov, 5: 5;9 1;tava virahe vanamālī sakhi sīdati ||;"Gītagovinda" GītGov, 5: 5 3 1;tava virahe vanamālī sakhi sīdati ||;GOOD;;"Gītagovinda" GītGov, 5: 5 5 1;tava virahe vanamālī sakhi sīdati ||;GOOD;;"Gītagovinda" GītGov, 5: 5 7 1;tava virahe vanamālī sakhi sīdati ||;GOOD;;"Gītagovinda" GītGov, 5: 5 11 1;tava virahe vanamālī sakhi sīdati ||;GOOD;;
GītGov, 5: 5;10 1;bhaṇati kavijayadeve virahivilasitena |;
GītGov, 5: 5;10 2;manasi rabhasavibhave hariḥ udayatu sukṛtena ||;
GītGov, 5: 5;11 1;tava virahe vanamālī sakhi sīdati ||;"Gītagovinda" GītGov, 5: 5 3 1;tava virahe vanamālī sakhi sīdati ||;GOOD;;"Gītagovinda" GītGov, 5: 5 5 1;tava virahe vanamālī sakhi sīdati ||;GOOD;;"Gītagovinda" GītGov, 5: 5 7 1;tava virahe vanamālī sakhi sīdati ||;GOOD;;"Gītagovinda" GītGov, 5: 5 9 1;tava virahe vanamālī sakhi sīdati ||;GOOD;;
GītGov, 5: 5;12 1;pūrvam yatra samam tvayā ratipateḥ āsāditāḥ siddhayaḥ tasmin eva nikuñjamanmathamahātīrthe punaḥ mādhavaḥ |;
GītGov, 5: 5;12 2;dhyāyan tvām aniśam japan api tava eva ālāpamantrāvalīm bhūyaḥ tvatkucakumbhanirbharaparīrambhāmṛtam vāñchati ||;
GītGov, 5: 5;13 1;ratisukhasāre gatam abhisāre madanamanoharaveśam |;
GītGov, 5: 5;13 2;na kuru nitambini gamanavilambanam anusara tam hṛdayeśam ||;
GītGov, 5: 5;14 1;dhīrasamīre yamunātīre vasati vane vanamālī ||;"Gītagovinda" GītGov, 5: 5 16 1;dhīrasamīre yamunātīre vasati vane vanamālī ||;GOOD;;"Gītagovinda" GītGov, 5: 5 18 1;dhīrasamīre yamunātīre vasati vane vanamālī ||;GOOD;;"Gītagovinda" GītGov, 5: 5 20 1;dhīrasamīre yamunātīre vasati vane vanamālī ||;GOOD;;"Gītagovinda" GītGov, 5: 5 22 1;dhīrasamīre yamunātīre vasati vane vanamālī ||;GOOD;;"Gītagovinda" GītGov, 5: 5 24 1;dhīrasamīre yamunātīre vasati vane vanamālī ||;GOOD;;"Gītagovinda" GītGov, 5: 5 26 1;dhīrasamīre yamunātīre vasati vane vanamālī ||;GOOD;;"Gītagovinda" GītGov, 5: 5 28 1;dhīrasamīre yamunātīre vasati vane vanamālī ||;GOOD;;
GītGov, 5: 5;15 1;nāmasametam kṛtasaṅketam vādayate mṛduveṇum |;
GītGov, 5: 5;15 2;bahu manute nanu te tanusaṃgatapavanacalitam api reṇum ||;
GītGov, 5: 5;16 1;dhīrasamīre yamunātīre vasati vane vanamālī ||;"Gītagovinda" GītGov, 5: 5 14 1;dhīrasamīre yamunātīre vasati vane vanamālī ||;GOOD;;"Gītagovinda" GītGov, 5: 5 18 1;dhīrasamīre yamunātīre vasati vane vanamālī ||;GOOD;;"Gītagovinda" GītGov, 5: 5 20 1;dhīrasamīre yamunātīre vasati vane vanamālī ||;GOOD;;"Gītagovinda" GītGov, 5: 5 22 1;dhīrasamīre yamunātīre vasati vane vanamālī ||;GOOD;;"Gītagovinda" GītGov, 5: 5 24 1;dhīrasamīre yamunātīre vasati vane vanamālī ||;GOOD;;"Gītagovinda" GītGov, 5: 5 26 1;dhīrasamīre yamunātīre vasati vane vanamālī ||;GOOD;;"Gītagovinda" GītGov, 5: 5 28 1;dhīrasamīre yamunātīre vasati vane vanamālī ||;GOOD;;
GītGov, 5: 5;17 1;patati patatre vicalati patre śaṅkitabhavadupayānam |;
GītGov, 5: 5;17 2;racayati śayanam sacakitanayanam paśyati tava panthānam ||;
GītGov, 5: 5;18 1;dhīrasamīre yamunātīre vasati vane vanamālī ||;"Gītagovinda" GītGov, 5: 5 14 1;dhīrasamīre yamunātīre vasati vane vanamālī ||;GOOD;;"Gītagovinda" GītGov, 5: 5 16 1;dhīrasamīre yamunātīre vasati vane vanamālī ||;GOOD;;"Gītagovinda" GītGov, 5: 5 20 1;dhīrasamīre yamunātīre vasati vane vanamālī ||;GOOD;;"Gītagovinda" GītGov, 5: 5 22 1;dhīrasamīre yamunātīre vasati vane vanamālī ||;GOOD;;"Gītagovinda" GītGov, 5: 5 24 1;dhīrasamīre yamunātīre vasati vane vanamālī ||;GOOD;;"Gītagovinda" GītGov, 5: 5 26 1;dhīrasamīre yamunātīre vasati vane vanamālī ||;GOOD;;"Gītagovinda" GītGov, 5: 5 28 1;dhīrasamīre yamunātīre vasati vane vanamālī ||;GOOD;;
GītGov, 5: 5;19 1;mukharam adhīram tyaja mañjīram ripum iva kelisulolam |;
GītGov, 5: 5;19 2;cala sakhi kuñjam satimirapuñjam śīlaya nīlanicolam ||;
GītGov, 5: 5;20 1;dhīrasamīre yamunātīre vasati vane vanamālī ||;"Gītagovinda" GītGov, 5: 5 14 1;dhīrasamīre yamunātīre vasati vane vanamālī ||;GOOD;;"Gītagovinda" GītGov, 5: 5 16 1;dhīrasamīre yamunātīre vasati vane vanamālī ||;GOOD;;"Gītagovinda" GītGov, 5: 5 18 1;dhīrasamīre yamunātīre vasati vane vanamālī ||;GOOD;;"Gītagovinda" GītGov, 5: 5 22 1;dhīrasamīre yamunātīre vasati vane vanamālī ||;GOOD;;"Gītagovinda" GītGov, 5: 5 24 1;dhīrasamīre yamunātīre vasati vane vanamālī ||;GOOD;;"Gītagovinda" GītGov, 5: 5 26 1;dhīrasamīre yamunātīre vasati vane vanamālī ||;GOOD;;"Gītagovinda" GītGov, 5: 5 28 1;dhīrasamīre yamunātīre vasati vane vanamālī ||;GOOD;;
GītGov, 5: 5;21 1;urasi murāreḥ upahitahāre ghane iva taralabalāke |;
GītGov, 5: 5;21 2;taḍit iva pīte rativiparīte rājasi sukṛtavipāke ||;
GītGov, 5: 5;22 1;dhīrasamīre yamunātīre vasati vane vanamālī ||;"Gītagovinda" GītGov, 5: 5 14 1;dhīrasamīre yamunātīre vasati vane vanamālī ||;GOOD;;"Gītagovinda" GītGov, 5: 5 16 1;dhīrasamīre yamunātīre vasati vane vanamālī ||;GOOD;;"Gītagovinda" GītGov, 5: 5 18 1;dhīrasamīre yamunātīre vasati vane vanamālī ||;GOOD;;"Gītagovinda" GītGov, 5: 5 20 1;dhīrasamīre yamunātīre vasati vane vanamālī ||;GOOD;;"Gītagovinda" GītGov, 5: 5 24 1;dhīrasamīre yamunātīre vasati vane vanamālī ||;GOOD;;"Gītagovinda" GītGov, 5: 5 26 1;dhīrasamīre yamunātīre vasati vane vanamālī ||;GOOD;;"Gītagovinda" GītGov, 5: 5 28 1;dhīrasamīre yamunātīre vasati vane vanamālī ||;GOOD;;
GītGov, 5: 5;23 1;vigalitavasanam parihṛtarasanam ghaṭaya jaghanam apidhānam |;
GītGov, 5: 5;23 2;kisalayaśayane paṅkajanayane nidhim iva harṣanidānam ||;
GītGov, 5: 5;24 1;dhīrasamīre yamunātīre vasati vane vanamālī ||;"Gītagovinda" GītGov, 5: 5 14 1;dhīrasamīre yamunātīre vasati vane vanamālī ||;GOOD;;"Gītagovinda" GītGov, 5: 5 16 1;dhīrasamīre yamunātīre vasati vane vanamālī ||;GOOD;;"Gītagovinda" GītGov, 5: 5 18 1;dhīrasamīre yamunātīre vasati vane vanamālī ||;GOOD;;"Gītagovinda" GītGov, 5: 5 20 1;dhīrasamīre yamunātīre vasati vane vanamālī ||;GOOD;;"Gītagovinda" GītGov, 5: 5 22 1;dhīrasamīre yamunātīre vasati vane vanamālī ||;GOOD;;"Gītagovinda" GītGov, 5: 5 26 1;dhīrasamīre yamunātīre vasati vane vanamālī ||;GOOD;;"Gītagovinda" GītGov, 5: 5 28 1;dhīrasamīre yamunātīre vasati vane vanamālī ||;GOOD;;
GītGov, 5: 5;25 1;hariḥ abhimānī rajaniḥ idānīm iyam api yāti virāmam |;
GītGov, 5: 5;25 2;kuru mama vacanam satvararacanam pūraya madhuripukāmam ||;
GītGov, 5: 5;26 1;dhīrasamīre yamunātīre vasati vane vanamālī ||;"Gītagovinda" GītGov, 5: 5 14 1;dhīrasamīre yamunātīre vasati vane vanamālī ||;GOOD;;"Gītagovinda" GītGov, 5: 5 16 1;dhīrasamīre yamunātīre vasati vane vanamālī ||;GOOD;;"Gītagovinda" GītGov, 5: 5 18 1;dhīrasamīre yamunātīre vasati vane vanamālī ||;GOOD;;"Gītagovinda" GītGov, 5: 5 20 1;dhīrasamīre yamunātīre vasati vane vanamālī ||;GOOD;;"Gītagovinda" GītGov, 5: 5 22 1;dhīrasamīre yamunātīre vasati vane vanamālī ||;GOOD;;"Gītagovinda" GītGov, 5: 5 24 1;dhīrasamīre yamunātīre vasati vane vanamālī ||;GOOD;;"Gītagovinda" GītGov, 5: 5 28 1;dhīrasamīre yamunātīre vasati vane vanamālī ||;GOOD;;
GītGov, 5: 5;27 1;śrījayadeve kṛtahariseve bhaṇati paramaramaṇīyam |;
GītGov, 5: 5;27 2;pramuditahṛdayam harim atisadayam namata sukṛtakamanīyam ||;
GītGov, 5: 5;28 1;dhīrasamīre yamunātīre vasati vane vanamālī ||;"Gītagovinda" GītGov, 5: 5 14 1;dhīrasamīre yamunātīre vasati vane vanamālī ||;GOOD;;"Gītagovinda" GītGov, 5: 5 16 1;dhīrasamīre yamunātīre vasati vane vanamālī ||;GOOD;;"Gītagovinda" GītGov, 5: 5 18 1;dhīrasamīre yamunātīre vasati vane vanamālī ||;GOOD;;"Gītagovinda" GītGov, 5: 5 20 1;dhīrasamīre yamunātīre vasati vane vanamālī ||;GOOD;;"Gītagovinda" GītGov, 5: 5 22 1;dhīrasamīre yamunātīre vasati vane vanamālī ||;GOOD;;"Gītagovinda" GītGov, 5: 5 24 1;dhīrasamīre yamunātīre vasati vane vanamālī ||;GOOD;;"Gītagovinda" GītGov, 5: 5 26 1;dhīrasamīre yamunātīre vasati vane vanamālī ||;GOOD;;
GītGov, 5: 5;29 1;vikirati muhuḥ śvāsān āśāḥ puraḥ muhuḥ īkṣate praviśati muhuḥ kuñjam guñjan muhuḥ bahu tāmyati |;
GītGov, 5: 5;29 2;racayati muhuḥ śayyām paryākulam muhuḥ īkṣate madanakadanaklāntaḥ kānte priyaḥ tava vartate ||;
GītGov, 5: 5;30 1;tvadvāmyena samam samagram adhunā tigmāṃśuḥ astam gataḥ govindasya manorathena ca samam prāptam tamaḥ sāndratām |;
GītGov, 5: 5;30 2;kokānām karuṇasvanena sadṛśī dīrghā madabhyarthanā tat mugdhe viphalam vilambanam asau ramyaḥ abhisārakṣaṇaḥ ||;
GītGov, 5: 5;31 1;āśleṣāt anu cumbanāt anu nakhollekhāt anu svāntaja prodbodhāt anu saṃbhramāt anu ratārambhāt anu prītayoḥ |;
GītGov, 5: 5;31 2;anyārtham gatayoḥ bhramāt militayoḥ saṃbhāṣaṇaiḥ jānatoḥ dampatyoḥ iha kaḥ na kaḥ na tamasi vrīḍāvimiśraḥ rasaḥ ||;
GītGov, 5: 5;32 1;sabhayacakitam vinyasyantīm dṛśam timire pathi pratitaru muhuḥ sthitvā mandam padāni vitanvatīm |;
GītGov, 5: 5;32 2;kathamapi rahaḥ prāptām aṅgaiḥ anaṅgataraṃgibhiḥ sumukhi subhagaḥ paśyan saḥ tvām upaitu kṛtārthatām ||;
GītGov, 6: 6;1 1;atha tām gantum aśaktām ciram anuraktām latāgṛhe dṛṣṭvā |;
GītGov, 6: 6;1 2;taccaritam govinde manasijamande sakhī prāha ||;
GītGov, 6: 6;2 1;paśyati diśi diśi rahasi bhavantam |;
GītGov, 6: 6;2 2;tadadharamadhuramadhūni pibantam ||;
GītGov, 6: 6;3 1;nātha hare sīdati rādhā vāsagṛhe ||;"Gītagovinda" GītGov, 6: 6 5 1;nātha hare sīdati rādhā vāsagṛhe ||;GOOD;;"Gītagovinda" GītGov, 6: 6 7 1;nātha hare sīdati rādhā vāsagṛhe ||;GOOD;;"Gītagovinda" GītGov, 6: 6 9 1;nātha hare sīdati rādhā vāsagṛhe ||;GOOD;;"Gītagovinda" GītGov, 6: 6 11 1;nātha hare sīdati rādhā vāsagṛhe ||;GOOD;;"Gītagovinda" GītGov, 6: 6 13 1;nātha hare sīdati rādhā vāsagṛhe ||;GOOD;;"Gītagovinda" GītGov, 6: 6 15 1;nātha hare sīdati rādhā vāsagṛhe ||;GOOD;;"Gītagovinda" GītGov, 6: 6 17 1;nātha hare sīdati rādhā vāsagṛhe ||;GOOD;;
GītGov, 6: 6;4 1;tvadabhisaraṇarabhasena valantī |;
GītGov, 6: 6;4 2;patati padāni kiyanti calantī ||;
GītGov, 6: 6;5 1;nātha hare sīdati rādhā vāsagṛhe ||;"Gītagovinda" GītGov, 6: 6 3 1;nātha hare sīdati rādhā vāsagṛhe ||;GOOD;;"Gītagovinda" GītGov, 6: 6 7 1;nātha hare sīdati rādhā vāsagṛhe ||;GOOD;;"Gītagovinda" GītGov, 6: 6 9 1;nātha hare sīdati rādhā vāsagṛhe ||;GOOD;;"Gītagovinda" GītGov, 6: 6 11 1;nātha hare sīdati rādhā vāsagṛhe ||;GOOD;;"Gītagovinda" GītGov, 6: 6 13 1;nātha hare sīdati rādhā vāsagṛhe ||;GOOD;;"Gītagovinda" GītGov, 6: 6 15 1;nātha hare sīdati rādhā vāsagṛhe ||;GOOD;;"Gītagovinda" GītGov, 6: 6 17 1;nātha hare sīdati rādhā vāsagṛhe ||;GOOD;;
GītGov, 6: 6;6 1;vihitaviśadabisakisalayavalayā |;
GītGov, 6: 6;6 2;jīvati param iha tava ratikalayā ||;
GītGov, 6: 6;7 1;nātha hare sīdati rādhā vāsagṛhe ||;"Gītagovinda" GītGov, 6: 6 3 1;nātha hare sīdati rādhā vāsagṛhe ||;GOOD;;"Gītagovinda" GītGov, 6: 6 5 1;nātha hare sīdati rādhā vāsagṛhe ||;GOOD;;"Gītagovinda" GītGov, 6: 6 9 1;nātha hare sīdati rādhā vāsagṛhe ||;GOOD;;"Gītagovinda" GītGov, 6: 6 11 1;nātha hare sīdati rādhā vāsagṛhe ||;GOOD;;"Gītagovinda" GītGov, 6: 6 13 1;nātha hare sīdati rādhā vāsagṛhe ||;GOOD;;"Gītagovinda" GītGov, 6: 6 15 1;nātha hare sīdati rādhā vāsagṛhe ||;GOOD;;"Gītagovinda" GītGov, 6: 6 17 1;nātha hare sīdati rādhā vāsagṛhe ||;GOOD;;
GītGov, 6: 6;8 1;muhuḥ avalokitamaṇḍanalīlā |;
GītGov, 6: 6;8 2;madhuripuḥ aham iti bhāvanaśīlā ||;
GītGov, 6: 6;9 1;nātha hare sīdati rādhā vāsagṛhe ||;"Gītagovinda" GītGov, 6: 6 3 1;nātha hare sīdati rādhā vāsagṛhe ||;GOOD;;"Gītagovinda" GītGov, 6: 6 5 1;nātha hare sīdati rādhā vāsagṛhe ||;GOOD;;"Gītagovinda" GītGov, 6: 6 7 1;nātha hare sīdati rādhā vāsagṛhe ||;GOOD;;"Gītagovinda" GītGov, 6: 6 11 1;nātha hare sīdati rādhā vāsagṛhe ||;GOOD;;"Gītagovinda" GītGov, 6: 6 13 1;nātha hare sīdati rādhā vāsagṛhe ||;GOOD;;"Gītagovinda" GītGov, 6: 6 15 1;nātha hare sīdati rādhā vāsagṛhe ||;GOOD;;"Gītagovinda" GītGov, 6: 6 17 1;nātha hare sīdati rādhā vāsagṛhe ||;GOOD;;
GītGov, 6: 6;10 1;tvaritam upaiti na katham abhisāram |;
GītGov, 6: 6;10 2;hariḥ iti vadati sakhīm anuvāram ||;
GītGov, 6: 6;11 1;nātha hare sīdati rādhā vāsagṛhe ||;"Gītagovinda" GītGov, 6: 6 3 1;nātha hare sīdati rādhā vāsagṛhe ||;GOOD;;"Gītagovinda" GītGov, 6: 6 5 1;nātha hare sīdati rādhā vāsagṛhe ||;GOOD;;"Gītagovinda" GītGov, 6: 6 7 1;nātha hare sīdati rādhā vāsagṛhe ||;GOOD;;"Gītagovinda" GītGov, 6: 6 9 1;nātha hare sīdati rādhā vāsagṛhe ||;GOOD;;"Gītagovinda" GītGov, 6: 6 13 1;nātha hare sīdati rādhā vāsagṛhe ||;GOOD;;"Gītagovinda" GītGov, 6: 6 15 1;nātha hare sīdati rādhā vāsagṛhe ||;GOOD;;"Gītagovinda" GītGov, 6: 6 17 1;nātha hare sīdati rādhā vāsagṛhe ||;GOOD;;
GītGov, 6: 6;12 1;śliṣyati cumbati jaladharakalpam |;
GītGov, 6: 6;12 2;hariḥ upagataḥ iti timiram analpam ||;
GītGov, 6: 6;13 1;nātha hare sīdati rādhā vāsagṛhe ||;"Gītagovinda" GītGov, 6: 6 3 1;nātha hare sīdati rādhā vāsagṛhe ||;GOOD;;"Gītagovinda" GītGov, 6: 6 5 1;nātha hare sīdati rādhā vāsagṛhe ||;GOOD;;"Gītagovinda" GītGov, 6: 6 7 1;nātha hare sīdati rādhā vāsagṛhe ||;GOOD;;"Gītagovinda" GītGov, 6: 6 9 1;nātha hare sīdati rādhā vāsagṛhe ||;GOOD;;"Gītagovinda" GītGov, 6: 6 11 1;nātha hare sīdati rādhā vāsagṛhe ||;GOOD;;"Gītagovinda" GītGov, 6: 6 15 1;nātha hare sīdati rādhā vāsagṛhe ||;GOOD;;"Gītagovinda" GītGov, 6: 6 17 1;nātha hare sīdati rādhā vāsagṛhe ||;GOOD;;
GītGov, 6: 6;14 1;bhavati vilambini vigalitalajjā |;
GītGov, 6: 6;14 2;vilapati roditi vāsakasajjā ||;"Mahābhārata" MBh, 1, 3: 3 3 2;kiṃ rodiṣi |;PARTLY;+ kim - vilap;
GītGov, 6: 6;15 1;nātha hare sīdati rādhā vāsagṛhe ||;"Gītagovinda" GītGov, 6: 6 3 1;nātha hare sīdati rādhā vāsagṛhe ||;GOOD;;"Gītagovinda" GītGov, 6: 6 5 1;nātha hare sīdati rādhā vāsagṛhe ||;GOOD;;"Gītagovinda" GītGov, 6: 6 7 1;nātha hare sīdati rādhā vāsagṛhe ||;GOOD;;"Gītagovinda" GītGov, 6: 6 9 1;nātha hare sīdati rādhā vāsagṛhe ||;GOOD;;"Gītagovinda" GītGov, 6: 6 11 1;nātha hare sīdati rādhā vāsagṛhe ||;GOOD;;"Gītagovinda" GītGov, 6: 6 13 1;nātha hare sīdati rādhā vāsagṛhe ||;GOOD;;"Gītagovinda" GītGov, 6: 6 17 1;nātha hare sīdati rādhā vāsagṛhe ||;GOOD;;
GītGov, 6: 6;16 1;śrījayadevakaveḥ idam uditam |;"Gītagovinda" GītGov, 1: 1 29 1;śrījayadevakaveḥ idam kurute mudam e |;PARTLY;+ mud - vad;
GītGov, 6: 6;16 2;rasikajanam tanutām atimuditam ||;
GītGov, 6: 6;17 1;nātha hare sīdati rādhā vāsagṛhe ||;"Gītagovinda" GītGov, 6: 6 3 1;nātha hare sīdati rādhā vāsagṛhe ||;GOOD;;"Gītagovinda" GītGov, 6: 6 5 1;nātha hare sīdati rādhā vāsagṛhe ||;GOOD;;"Gītagovinda" GītGov, 6: 6 7 1;nātha hare sīdati rādhā vāsagṛhe ||;GOOD;;"Gītagovinda" GītGov, 6: 6 9 1;nātha hare sīdati rādhā vāsagṛhe ||;GOOD;;"Gītagovinda" GītGov, 6: 6 11 1;nātha hare sīdati rādhā vāsagṛhe ||;GOOD;;"Gītagovinda" GītGov, 6: 6 13 1;nātha hare sīdati rādhā vāsagṛhe ||;GOOD;;"Gītagovinda" GītGov, 6: 6 15 1;nātha hare sīdati rādhā vāsagṛhe ||;GOOD;;
GītGov, 6: 6;18 1;vipulapulakapāliḥ sphītasītkāram antar janitajaḍimakākuvyākulam vyāharantī |;
GītGov, 6: 6;18 2;tava kitava vidhāya amandakandarpacintām rasajaladhinimagnā dhyānalagnā mṛgākṣī ||;
GītGov, 6: 6;19 1;aṅgeṣu ābharaṇam karoti bahuśaḥ patre api saṃcāriṇi prāptam tvām pariśaṅkate vitanute śayyām ciram dhyāyati |;
GītGov, 6: 6;19 2;iti ākalpavikalpatalparacanāsaṃkalpalīlāśatavyāsaktā api vinā tvayā varatanuḥ naiṣā niśām neṣyati ||;
GītGov, 7: 7;1 1;atra antare ca kulaṭākulavartmapātasaṃjātapātakaḥ iva sphuṭalāñchanaśrīḥ |;
GītGov, 7: 7;1 2;vṛndāvanāntaram adīpayat aṃśujālair diksundarīvadanacandanabinduḥ induḥ ||;
GītGov, 7: 7;2 1;prasarati śaśadharabimbe vihitavilambe ca mādhave vidhurā |;
GītGov, 7: 7;2 2;viracitavividhavilāpam sā paritāpam cakāra uccaiḥ ||;
GītGov, 7: 7;3 1;kathitasamaye api hariḥ ahaha na yayau vanam |;
GītGov, 7: 7;3 2;mama viphalam idam amalarūpam api yauvanam ||;
GītGov, 7: 7;4 1;yāmi he kam iha śaraṇam sakhījanavacanavañcitā ||;"Gītagovinda" GītGov, 7: 7 6 1;yāmi he kam iha śaraṇam sakhījanavacanavañcitā ||;GOOD;;"Gītagovinda" GītGov, 7: 7 8 1;yāmi he kam iha śaraṇam sakhījanavacanavañcitā ||;GOOD;;"Gītagovinda" GītGov, 7: 7 10 1;yāmi he kam iha śaraṇam sakhījanavacanavañcitā ||;GOOD;;"Gītagovinda" GītGov, 7: 7 12 1;yāmi he kam iha śaraṇam sakhījanavacanavañcitā ||;GOOD;;"Gītagovinda" GītGov, 7: 7 14 1;yāmi he kam iha śaraṇam sakhījanavacanavañcitā ||;GOOD;;"Gītagovinda" GītGov, 7: 7 16 1;yāmi he kam iha śaraṇam sakhījanavacanavañcitā ||;GOOD;;"Gītagovinda" GītGov, 7: 7 18 1;yāmi he kam iha śaraṇam sakhījanavacanavañcitā ||;GOOD;;
GītGov, 7: 7;5 1;yat anugamanāya niśi gahanam api śīlitam |;
GītGov, 7: 7;5 2;tena mama hṛdayam idam asamaśarakīlitam ||;
GītGov, 7: 7;6 1;yāmi he kam iha śaraṇam sakhījanavacanavañcitā ||;"Gītagovinda" GītGov, 7: 7 4 1;yāmi he kam iha śaraṇam sakhījanavacanavañcitā ||;GOOD;;"Gītagovinda" GītGov, 7: 7 8 1;yāmi he kam iha śaraṇam sakhījanavacanavañcitā ||;GOOD;;"Gītagovinda" GītGov, 7: 7 10 1;yāmi he kam iha śaraṇam sakhījanavacanavañcitā ||;GOOD;;"Gītagovinda" GītGov, 7: 7 12 1;yāmi he kam iha śaraṇam sakhījanavacanavañcitā ||;GOOD;;"Gītagovinda" GītGov, 7: 7 14 1;yāmi he kam iha śaraṇam sakhījanavacanavañcitā ||;GOOD;;"Gītagovinda" GītGov, 7: 7 16 1;yāmi he kam iha śaraṇam sakhījanavacanavañcitā ||;GOOD;;"Gītagovinda" GītGov, 7: 7 18 1;yāmi he kam iha śaraṇam sakhījanavacanavañcitā ||;GOOD;;
GītGov, 7: 7;7 1;mama maraṇam eva varam ativitathaketanā |;
GītGov, 7: 7;7 2;kim iha viṣahāmi virahānalam acetanā ||;
GītGov, 7: 7;8 1;yāmi he kam iha śaraṇam sakhījanavacanavañcitā ||;"Gītagovinda" GītGov, 7: 7 4 1;yāmi he kam iha śaraṇam sakhījanavacanavañcitā ||;GOOD;;"Gītagovinda" GītGov, 7: 7 6 1;yāmi he kam iha śaraṇam sakhījanavacanavañcitā ||;GOOD;;"Gītagovinda" GītGov, 7: 7 10 1;yāmi he kam iha śaraṇam sakhījanavacanavañcitā ||;GOOD;;"Gītagovinda" GītGov, 7: 7 12 1;yāmi he kam iha śaraṇam sakhījanavacanavañcitā ||;GOOD;;"Gītagovinda" GītGov, 7: 7 14 1;yāmi he kam iha śaraṇam sakhījanavacanavañcitā ||;GOOD;;"Gītagovinda" GītGov, 7: 7 16 1;yāmi he kam iha śaraṇam sakhījanavacanavañcitā ||;GOOD;;"Gītagovinda" GītGov, 7: 7 18 1;yāmi he kam iha śaraṇam sakhījanavacanavañcitā ||;GOOD;;
GītGov, 7: 7;9 1;mām ahaha vidhurayati madhuramadhuyāminī |;
GītGov, 7: 7;9 2;kāpi harim anubhavati kṛtasukṛtakāminī ||;
GītGov, 7: 7;10 1;yāmi he kam iha śaraṇam sakhījanavacanavañcitā ||;"Gītagovinda" GītGov, 7: 7 4 1;yāmi he kam iha śaraṇam sakhījanavacanavañcitā ||;GOOD;;"Gītagovinda" GītGov, 7: 7 6 1;yāmi he kam iha śaraṇam sakhījanavacanavañcitā ||;GOOD;;"Gītagovinda" GītGov, 7: 7 8 1;yāmi he kam iha śaraṇam sakhījanavacanavañcitā ||;GOOD;;"Gītagovinda" GītGov, 7: 7 12 1;yāmi he kam iha śaraṇam sakhījanavacanavañcitā ||;GOOD;;"Gītagovinda" GītGov, 7: 7 14 1;yāmi he kam iha śaraṇam sakhījanavacanavañcitā ||;GOOD;;"Gītagovinda" GītGov, 7: 7 16 1;yāmi he kam iha śaraṇam sakhījanavacanavañcitā ||;GOOD;;"Gītagovinda" GītGov, 7: 7 18 1;yāmi he kam iha śaraṇam sakhījanavacanavañcitā ||;GOOD;;
GītGov, 7: 7;11 1;ahaha kalayāmi valayādimaṇibhūṣaṇam |;
GītGov, 7: 7;11 2;harivirahadahanavahanena bahudūṣaṇam ||;
GītGov, 7: 7;12 1;yāmi he kam iha śaraṇam sakhījanavacanavañcitā ||;"Gītagovinda" GītGov, 7: 7 4 1;yāmi he kam iha śaraṇam sakhījanavacanavañcitā ||;GOOD;;"Gītagovinda" GītGov, 7: 7 6 1;yāmi he kam iha śaraṇam sakhījanavacanavañcitā ||;GOOD;;"Gītagovinda" GītGov, 7: 7 8 1;yāmi he kam iha śaraṇam sakhījanavacanavañcitā ||;GOOD;;"Gītagovinda" GītGov, 7: 7 10 1;yāmi he kam iha śaraṇam sakhījanavacanavañcitā ||;GOOD;;"Gītagovinda" GītGov, 7: 7 14 1;yāmi he kam iha śaraṇam sakhījanavacanavañcitā ||;GOOD;;"Gītagovinda" GītGov, 7: 7 16 1;yāmi he kam iha śaraṇam sakhījanavacanavañcitā ||;GOOD;;"Gītagovinda" GītGov, 7: 7 18 1;yāmi he kam iha śaraṇam sakhījanavacanavañcitā ||;GOOD;;
GītGov, 7: 7;13 1;kusumasukumāratanum atanuśaralīlayā |;
GītGov, 7: 7;13 2;srak api hṛdi hanti mām ativiṣamaśilayā ||;
GītGov, 7: 7;14 1;yāmi he kam iha śaraṇam sakhījanavacanavañcitā ||;"Gītagovinda" GītGov, 7: 7 4 1;yāmi he kam iha śaraṇam sakhījanavacanavañcitā ||;GOOD;;"Gītagovinda" GītGov, 7: 7 6 1;yāmi he kam iha śaraṇam sakhījanavacanavañcitā ||;GOOD;;"Gītagovinda" GītGov, 7: 7 8 1;yāmi he kam iha śaraṇam sakhījanavacanavañcitā ||;GOOD;;"Gītagovinda" GītGov, 7: 7 10 1;yāmi he kam iha śaraṇam sakhījanavacanavañcitā ||;GOOD;;"Gītagovinda" GītGov, 7: 7 12 1;yāmi he kam iha śaraṇam sakhījanavacanavañcitā ||;GOOD;;"Gītagovinda" GītGov, 7: 7 16 1;yāmi he kam iha śaraṇam sakhījanavacanavañcitā ||;GOOD;;"Gītagovinda" GītGov, 7: 7 18 1;yāmi he kam iha śaraṇam sakhījanavacanavañcitā ||;GOOD;;
GītGov, 7: 7;15 1;aham iha nivasāmi nagaṇitavanavetasā |;
GītGov, 7: 7;15 2;smarati madhusūdanaḥ mām api na cetasā ||;
GītGov, 7: 7;16 1;yāmi he kam iha śaraṇam sakhījanavacanavañcitā ||;"Gītagovinda" GītGov, 7: 7 4 1;yāmi he kam iha śaraṇam sakhījanavacanavañcitā ||;GOOD;;"Gītagovinda" GītGov, 7: 7 6 1;yāmi he kam iha śaraṇam sakhījanavacanavañcitā ||;GOOD;;"Gītagovinda" GītGov, 7: 7 8 1;yāmi he kam iha śaraṇam sakhījanavacanavañcitā ||;GOOD;;"Gītagovinda" GītGov, 7: 7 10 1;yāmi he kam iha śaraṇam sakhījanavacanavañcitā ||;GOOD;;"Gītagovinda" GītGov, 7: 7 12 1;yāmi he kam iha śaraṇam sakhījanavacanavañcitā ||;GOOD;;"Gītagovinda" GītGov, 7: 7 14 1;yāmi he kam iha śaraṇam sakhījanavacanavañcitā ||;GOOD;;"Gītagovinda" GītGov, 7: 7 18 1;yāmi he kam iha śaraṇam sakhījanavacanavañcitā ||;GOOD;;
GītGov, 7: 7;17 1;haricaraṇaśaraṇajayadevakavibhāratī |;
GītGov, 7: 7;17 2;vasatu hṛdi yuvatiḥ iva komalakalāvatī ||;
GītGov, 7: 7;18 1;yāmi he kam iha śaraṇam sakhījanavacanavañcitā ||;"Gītagovinda" GītGov, 7: 7 4 1;yāmi he kam iha śaraṇam sakhījanavacanavañcitā ||;GOOD;;"Gītagovinda" GītGov, 7: 7 6 1;yāmi he kam iha śaraṇam sakhījanavacanavañcitā ||;GOOD;;"Gītagovinda" GītGov, 7: 7 8 1;yāmi he kam iha śaraṇam sakhījanavacanavañcitā ||;GOOD;;"Gītagovinda" GītGov, 7: 7 10 1;yāmi he kam iha śaraṇam sakhījanavacanavañcitā ||;GOOD;;"Gītagovinda" GītGov, 7: 7 12 1;yāmi he kam iha śaraṇam sakhījanavacanavañcitā ||;GOOD;;"Gītagovinda" GītGov, 7: 7 14 1;yāmi he kam iha śaraṇam sakhījanavacanavañcitā ||;GOOD;;"Gītagovinda" GītGov, 7: 7 16 1;yāmi he kam iha śaraṇam sakhījanavacanavañcitā ||;GOOD;;
GītGov, 7: 7;19 1;tat kim kāmapi kāminīm abhisṛtaḥ kim vā kalākelibhiḥ baddhaḥ bandhubhiḥ andhakāriṇi vanopānte kimu bhrāmyati |;
GītGov, 7: 7;19 2;kāntaḥ klāntamanāḥ manāk api pathi prasthātum eva akṣamaḥ saṃketīkṛtamañjuvañjulalatākuñje api yat na āgataḥ ||;
GītGov, 7: 7;20 1;atha āgatām mādhavam antareṇa sakhīm iyam vīkṣya viṣādamūkām |;
GītGov, 7: 7;20 2;viśaṅkamānā ramitam kayāpi janārdanam dṛṣṭavat etat āha ||;
GītGov, 7: 7;21 1;smarasamarocitaviracitaveśā |;
GītGov, 7: 7;21 2;galitakusumadaravilulitakeśā ||;
GītGov, 7: 7;22 1;kāpi madhuripuṇā vilasati yuvatiḥ adhikaguṇā ||;"Gītagovinda" GītGov, 7: 7 24 1;kāpi madhuripuṇā vilasati yuvatiḥ adhikaguṇā ||;GOOD;;"Gītagovinda" GītGov, 7: 7 26 1;kāpi madhuripuṇā vilasati yuvatiḥ adhikaguṇā ||;GOOD;;"Gītagovinda" GītGov, 7: 7 28 1;kāpi madhuripuṇā vilasati yuvatiḥ adhikaguṇā ||;GOOD;;"Gītagovinda" GītGov, 7: 7 30 1;kāpi madhuripuṇā vilasati yuvatiḥ adhikaguṇā ||;GOOD;;"Gītagovinda" GītGov, 7: 7 32 1;kāpi madhuripuṇā vilasati yuvatiḥ adhikaguṇā ||;GOOD;;"Gītagovinda" GītGov, 7: 7 34 1;kāpi madhuripuṇā vilasati yuvatiḥ adhikaguṇā ||;GOOD;;"Gītagovinda" GītGov, 7: 7 36 1;kāpi madhuripuṇā vilasati yuvatiḥ adhikaguṇā ||;GOOD;;
GītGov, 7: 7;23 1;hariparirambhaṇavalitavikārā |;
GītGov, 7: 7;23 2;kucakalaśopari taralitahārā ||;
GītGov, 7: 7;24 1;kāpi madhuripuṇā vilasati yuvatiḥ adhikaguṇā ||;"Gītagovinda" GītGov, 7: 7 22 1;kāpi madhuripuṇā vilasati yuvatiḥ adhikaguṇā ||;GOOD;;"Gītagovinda" GītGov, 7: 7 26 1;kāpi madhuripuṇā vilasati yuvatiḥ adhikaguṇā ||;GOOD;;"Gītagovinda" GītGov, 7: 7 28 1;kāpi madhuripuṇā vilasati yuvatiḥ adhikaguṇā ||;GOOD;;"Gītagovinda" GītGov, 7: 7 30 1;kāpi madhuripuṇā vilasati yuvatiḥ adhikaguṇā ||;GOOD;;"Gītagovinda" GītGov, 7: 7 32 1;kāpi madhuripuṇā vilasati yuvatiḥ adhikaguṇā ||;GOOD;;"Gītagovinda" GītGov, 7: 7 34 1;kāpi madhuripuṇā vilasati yuvatiḥ adhikaguṇā ||;GOOD;;"Gītagovinda" GītGov, 7: 7 36 1;kāpi madhuripuṇā vilasati yuvatiḥ adhikaguṇā ||;GOOD;;
GītGov, 7: 7;25 1;vicaladalakalalitānanacandrā |;
GītGov, 7: 7;25 2;tadadharapānarabhasakṛtatandrā ||;
GītGov, 7: 7;26 1;kāpi madhuripuṇā vilasati yuvatiḥ adhikaguṇā ||;"Gītagovinda" GītGov, 7: 7 22 1;kāpi madhuripuṇā vilasati yuvatiḥ adhikaguṇā ||;GOOD;;"Gītagovinda" GītGov, 7: 7 24 1;kāpi madhuripuṇā vilasati yuvatiḥ adhikaguṇā ||;GOOD;;"Gītagovinda" GītGov, 7: 7 28 1;kāpi madhuripuṇā vilasati yuvatiḥ adhikaguṇā ||;GOOD;;"Gītagovinda" GītGov, 7: 7 30 1;kāpi madhuripuṇā vilasati yuvatiḥ adhikaguṇā ||;GOOD;;"Gītagovinda" GītGov, 7: 7 32 1;kāpi madhuripuṇā vilasati yuvatiḥ adhikaguṇā ||;GOOD;;"Gītagovinda" GītGov, 7: 7 34 1;kāpi madhuripuṇā vilasati yuvatiḥ adhikaguṇā ||;GOOD;;"Gītagovinda" GītGov, 7: 7 36 1;kāpi madhuripuṇā vilasati yuvatiḥ adhikaguṇā ||;GOOD;;
GītGov, 7: 7;27 1;cañcalakuṇḍaladalitakapolā |;
GītGov, 7: 7;27 2;mukharitarasanajaghanagatilolā ||;
GītGov, 7: 7;28 1;kāpi madhuripuṇā vilasati yuvatiḥ adhikaguṇā ||;"Gītagovinda" GītGov, 7: 7 22 1;kāpi madhuripuṇā vilasati yuvatiḥ adhikaguṇā ||;GOOD;;"Gītagovinda" GītGov, 7: 7 24 1;kāpi madhuripuṇā vilasati yuvatiḥ adhikaguṇā ||;GOOD;;"Gītagovinda" GītGov, 7: 7 26 1;kāpi madhuripuṇā vilasati yuvatiḥ adhikaguṇā ||;GOOD;;"Gītagovinda" GītGov, 7: 7 30 1;kāpi madhuripuṇā vilasati yuvatiḥ adhikaguṇā ||;GOOD;;"Gītagovinda" GītGov, 7: 7 32 1;kāpi madhuripuṇā vilasati yuvatiḥ adhikaguṇā ||;GOOD;;"Gītagovinda" GītGov, 7: 7 34 1;kāpi madhuripuṇā vilasati yuvatiḥ adhikaguṇā ||;GOOD;;"Gītagovinda" GītGov, 7: 7 36 1;kāpi madhuripuṇā vilasati yuvatiḥ adhikaguṇā ||;GOOD;;
GītGov, 7: 7;29 1;dayitavilokitalajjitahasitā |;
GītGov, 7: 7;29 2;bahuvidhakūjitaratirasarasitā ||;
GītGov, 7: 7;30 1;kāpi madhuripuṇā vilasati yuvatiḥ adhikaguṇā ||;"Gītagovinda" GītGov, 7: 7 22 1;kāpi madhuripuṇā vilasati yuvatiḥ adhikaguṇā ||;GOOD;;"Gītagovinda" GītGov, 7: 7 24 1;kāpi madhuripuṇā vilasati yuvatiḥ adhikaguṇā ||;GOOD;;"Gītagovinda" GītGov, 7: 7 26 1;kāpi madhuripuṇā vilasati yuvatiḥ adhikaguṇā ||;GOOD;;"Gītagovinda" GītGov, 7: 7 28 1;kāpi madhuripuṇā vilasati yuvatiḥ adhikaguṇā ||;GOOD;;"Gītagovinda" GītGov, 7: 7 32 1;kāpi madhuripuṇā vilasati yuvatiḥ adhikaguṇā ||;GOOD;;"Gītagovinda" GītGov, 7: 7 34 1;kāpi madhuripuṇā vilasati yuvatiḥ adhikaguṇā ||;GOOD;;"Gītagovinda" GītGov, 7: 7 36 1;kāpi madhuripuṇā vilasati yuvatiḥ adhikaguṇā ||;GOOD;;
GītGov, 7: 7;31 1;vipulapulakapṛthuvepathubhaṅgā |;
GītGov, 7: 7;31 2;śvasitanimīlitavikasadanaṅgā ||;
GītGov, 7: 7;32 1;kāpi madhuripuṇā vilasati yuvatiḥ adhikaguṇā ||;"Gītagovinda" GītGov, 7: 7 22 1;kāpi madhuripuṇā vilasati yuvatiḥ adhikaguṇā ||;GOOD;;"Gītagovinda" GītGov, 7: 7 24 1;kāpi madhuripuṇā vilasati yuvatiḥ adhikaguṇā ||;GOOD;;"Gītagovinda" GītGov, 7: 7 26 1;kāpi madhuripuṇā vilasati yuvatiḥ adhikaguṇā ||;GOOD;;"Gītagovinda" GītGov, 7: 7 28 1;kāpi madhuripuṇā vilasati yuvatiḥ adhikaguṇā ||;GOOD;;"Gītagovinda" GītGov, 7: 7 30 1;kāpi madhuripuṇā vilasati yuvatiḥ adhikaguṇā ||;GOOD;;"Gītagovinda" GītGov, 7: 7 34 1;kāpi madhuripuṇā vilasati yuvatiḥ adhikaguṇā ||;GOOD;;"Gītagovinda" GītGov, 7: 7 36 1;kāpi madhuripuṇā vilasati yuvatiḥ adhikaguṇā ||;GOOD;;
GītGov, 7: 7;33 1;śramajalakaṇabharasubhagaśarīrā |;
GītGov, 7: 7;33 2;paripatitā urasi ratiraṇadhīrā ||;
GītGov, 7: 7;34 1;kāpi madhuripuṇā vilasati yuvatiḥ adhikaguṇā ||;"Gītagovinda" GītGov, 7: 7 22 1;kāpi madhuripuṇā vilasati yuvatiḥ adhikaguṇā ||;GOOD;;"Gītagovinda" GītGov, 7: 7 24 1;kāpi madhuripuṇā vilasati yuvatiḥ adhikaguṇā ||;GOOD;;"Gītagovinda" GītGov, 7: 7 26 1;kāpi madhuripuṇā vilasati yuvatiḥ adhikaguṇā ||;GOOD;;"Gītagovinda" GītGov, 7: 7 28 1;kāpi madhuripuṇā vilasati yuvatiḥ adhikaguṇā ||;GOOD;;"Gītagovinda" GītGov, 7: 7 30 1;kāpi madhuripuṇā vilasati yuvatiḥ adhikaguṇā ||;GOOD;;"Gītagovinda" GītGov, 7: 7 32 1;kāpi madhuripuṇā vilasati yuvatiḥ adhikaguṇā ||;GOOD;;"Gītagovinda" GītGov, 7: 7 36 1;kāpi madhuripuṇā vilasati yuvatiḥ adhikaguṇā ||;GOOD;;
GītGov, 7: 7;35 1;śrījayadevabhaṇitahariramitam |;"Gītagovinda" GītGov, 7: 7 69 1;śrījayadevabhaṇitavacanena |;PARTLY;+ vacana - hari;
GītGov, 7: 7;35 2;kalikaluṣam janayatu pariśamitam ||;
GītGov, 7: 7;36 1;kāpi madhuripuṇā vilasati yuvatiḥ adhikaguṇā ||;"Gītagovinda" GītGov, 7: 7 22 1;kāpi madhuripuṇā vilasati yuvatiḥ adhikaguṇā ||;GOOD;;"Gītagovinda" GītGov, 7: 7 24 1;kāpi madhuripuṇā vilasati yuvatiḥ adhikaguṇā ||;GOOD;;"Gītagovinda" GītGov, 7: 7 26 1;kāpi madhuripuṇā vilasati yuvatiḥ adhikaguṇā ||;GOOD;;"Gītagovinda" GītGov, 7: 7 28 1;kāpi madhuripuṇā vilasati yuvatiḥ adhikaguṇā ||;GOOD;;"Gītagovinda" GītGov, 7: 7 30 1;kāpi madhuripuṇā vilasati yuvatiḥ adhikaguṇā ||;GOOD;;"Gītagovinda" GītGov, 7: 7 32 1;kāpi madhuripuṇā vilasati yuvatiḥ adhikaguṇā ||;GOOD;;"Gītagovinda" GītGov, 7: 7 34 1;kāpi madhuripuṇā vilasati yuvatiḥ adhikaguṇā ||;GOOD;;
GītGov, 7: 7;37 1;virahapāṇḍumurārimukhāmbujadyutiḥ iyam tirayan api cetanām |;
GītGov, 7: 7;37 2;vidhuḥ atīva tanoti manobhuvaḥ sahṛdaye hṛdaye madanavyathām ||;
GītGov, 7: 7;38 1;samuditamadane ramaṇīvadane cumbanavalitādhare |;
GītGov, 7: 7;38 2;mṛgamadatilakam likhati sapulakam mṛgam iva rajanīkare ||;
GītGov, 7: 7;39 1;ramate yamunāpulinavane vijayī murāriḥ adhunā ||;"Gītagovinda" GītGov, 7: 7 41 1;ramate yamunāpulinavane vijayī murāriḥ adhunā ||;GOOD;;"Gītagovinda" GītGov, 7: 7 43 1;ramate yamunāpulinavane vijayī murāriḥ adhunā ||;GOOD;;"Gītagovinda" GītGov, 7: 7 45 1;ramate yamunāpulinavane vijayī murāriḥ adhunā ||;GOOD;;"Gītagovinda" GītGov, 7: 7 47 1;ramate yamunāpulinavane vijayī murāriḥ adhunā ||;GOOD;;"Gītagovinda" GītGov, 7: 7 49 1;ramate yamunāpulinavane vijayī murāriḥ adhunā ||;GOOD;;"Gītagovinda" GītGov, 7: 7 51 1;ramate yamunāpulinavane vijayī murāriḥ adhunā ||;GOOD;;"Gītagovinda" GītGov, 7: 7 53 1;ramate yamunāpulinavane vijayī murāriḥ adhunā ||;GOOD;;
GītGov, 7: 7;40 1;ghanacayarucire racayati cikure taralitataruṇānane |;
GītGov, 7: 7;40 2;kurabakakusumam capalāsuṣamam ratipatimṛgakānane ||;
GītGov, 7: 7;41 1;ramate yamunāpulinavane vijayī murāriḥ adhunā ||;"Gītagovinda" GītGov, 7: 7 39 1;ramate yamunāpulinavane vijayī murāriḥ adhunā ||;GOOD;;"Gītagovinda" GītGov, 7: 7 43 1;ramate yamunāpulinavane vijayī murāriḥ adhunā ||;GOOD;;"Gītagovinda" GītGov, 7: 7 45 1;ramate yamunāpulinavane vijayī murāriḥ adhunā ||;GOOD;;"Gītagovinda" GītGov, 7: 7 47 1;ramate yamunāpulinavane vijayī murāriḥ adhunā ||;GOOD;;"Gītagovinda" GītGov, 7: 7 49 1;ramate yamunāpulinavane vijayī murāriḥ adhunā ||;GOOD;;"Gītagovinda" GītGov, 7: 7 51 1;ramate yamunāpulinavane vijayī murāriḥ adhunā ||;GOOD;;"Gītagovinda" GītGov, 7: 7 53 1;ramate yamunāpulinavane vijayī murāriḥ adhunā ||;GOOD;;
GītGov, 7: 7;42 1;ghaṭayati sughane kucayugagagane mṛgamadarucirūṣite |;
GītGov, 7: 7;42 2;maṇisaram amalam tārakapaṭalam nakhapadaśaśibhūṣite ||;
GītGov, 7: 7;43 1;ramate yamunāpulinavane vijayī murāriḥ adhunā ||;"Gītagovinda" GītGov, 7: 7 39 1;ramate yamunāpulinavane vijayī murāriḥ adhunā ||;GOOD;;"Gītagovinda" GītGov, 7: 7 41 1;ramate yamunāpulinavane vijayī murāriḥ adhunā ||;GOOD;;"Gītagovinda" GītGov, 7: 7 45 1;ramate yamunāpulinavane vijayī murāriḥ adhunā ||;GOOD;;"Gītagovinda" GītGov, 7: 7 47 1;ramate yamunāpulinavane vijayī murāriḥ adhunā ||;GOOD;;"Gītagovinda" GītGov, 7: 7 49 1;ramate yamunāpulinavane vijayī murāriḥ adhunā ||;GOOD;;"Gītagovinda" GītGov, 7: 7 51 1;ramate yamunāpulinavane vijayī murāriḥ adhunā ||;GOOD;;"Gītagovinda" GītGov, 7: 7 53 1;ramate yamunāpulinavane vijayī murāriḥ adhunā ||;GOOD;;
GītGov, 7: 7;44 1;jitabisaśakale mṛdubhujayugale karatalanalinīdale |;
GītGov, 7: 7;44 2;marakatavalayam madhukaranicayam vitarati himaśītale ||;
GītGov, 7: 7;45 1;ramate yamunāpulinavane vijayī murāriḥ adhunā ||;"Gītagovinda" GītGov, 7: 7 39 1;ramate yamunāpulinavane vijayī murāriḥ adhunā ||;GOOD;;"Gītagovinda" GītGov, 7: 7 41 1;ramate yamunāpulinavane vijayī murāriḥ adhunā ||;GOOD;;"Gītagovinda" GītGov, 7: 7 43 1;ramate yamunāpulinavane vijayī murāriḥ adhunā ||;GOOD;;"Gītagovinda" GītGov, 7: 7 47 1;ramate yamunāpulinavane vijayī murāriḥ adhunā ||;GOOD;;"Gītagovinda" GītGov, 7: 7 49 1;ramate yamunāpulinavane vijayī murāriḥ adhunā ||;GOOD;;"Gītagovinda" GītGov, 7: 7 51 1;ramate yamunāpulinavane vijayī murāriḥ adhunā ||;GOOD;;"Gītagovinda" GītGov, 7: 7 53 1;ramate yamunāpulinavane vijayī murāriḥ adhunā ||;GOOD;;
GītGov, 7: 7;46 1;ratigṛhajaghane vipulāpaghane manasijakanakāsane |;
GītGov, 7: 7;46 2;maṇimayarasanam toraṇahasanam vikirati kṛtavāsane ||;
GītGov, 7: 7;47 1;ramate yamunāpulinavane vijayī murāriḥ adhunā ||;"Gītagovinda" GītGov, 7: 7 39 1;ramate yamunāpulinavane vijayī murāriḥ adhunā ||;GOOD;;"Gītagovinda" GītGov, 7: 7 41 1;ramate yamunāpulinavane vijayī murāriḥ adhunā ||;GOOD;;"Gītagovinda" GītGov, 7: 7 43 1;ramate yamunāpulinavane vijayī murāriḥ adhunā ||;GOOD;;"Gītagovinda" GītGov, 7: 7 45 1;ramate yamunāpulinavane vijayī murāriḥ adhunā ||;GOOD;;"Gītagovinda" GītGov, 7: 7 49 1;ramate yamunāpulinavane vijayī murāriḥ adhunā ||;GOOD;;"Gītagovinda" GītGov, 7: 7 51 1;ramate yamunāpulinavane vijayī murāriḥ adhunā ||;GOOD;;"Gītagovinda" GītGov, 7: 7 53 1;ramate yamunāpulinavane vijayī murāriḥ adhunā ||;GOOD;;
GītGov, 7: 7;48 1;caraṇakisalaye kamalānilaye nakhamaṇigaṇapūjite |;
GītGov, 7: 7;48 2;bahirapavaraṇam yāvakabharaṇam janayati hṛdi yojite ||;
GītGov, 7: 7;49 1;ramate yamunāpulinavane vijayī murāriḥ adhunā ||;"Gītagovinda" GītGov, 7: 7 39 1;ramate yamunāpulinavane vijayī murāriḥ adhunā ||;GOOD;;"Gītagovinda" GītGov, 7: 7 41 1;ramate yamunāpulinavane vijayī murāriḥ adhunā ||;GOOD;;"Gītagovinda" GītGov, 7: 7 43 1;ramate yamunāpulinavane vijayī murāriḥ adhunā ||;GOOD;;"Gītagovinda" GītGov, 7: 7 45 1;ramate yamunāpulinavane vijayī murāriḥ adhunā ||;GOOD;;"Gītagovinda" GītGov, 7: 7 47 1;ramate yamunāpulinavane vijayī murāriḥ adhunā ||;GOOD;;"Gītagovinda" GītGov, 7: 7 51 1;ramate yamunāpulinavane vijayī murāriḥ adhunā ||;GOOD;;"Gītagovinda" GītGov, 7: 7 53 1;ramate yamunāpulinavane vijayī murāriḥ adhunā ||;GOOD;;
GītGov, 7: 7;50 1;ramayati sudṛśam kāmapi subhṛśam khalahaladharasodare |;
GītGov, 7: 7;50 2;kim aphalam avasam ciram iha virasam vada sakhi viṭapodare ||;
GītGov, 7: 7;51 1;ramate yamunāpulinavane vijayī murāriḥ adhunā ||;"Gītagovinda" GītGov, 7: 7 39 1;ramate yamunāpulinavane vijayī murāriḥ adhunā ||;GOOD;;"Gītagovinda" GītGov, 7: 7 41 1;ramate yamunāpulinavane vijayī murāriḥ adhunā ||;GOOD;;"Gītagovinda" GītGov, 7: 7 43 1;ramate yamunāpulinavane vijayī murāriḥ adhunā ||;GOOD;;"Gītagovinda" GītGov, 7: 7 45 1;ramate yamunāpulinavane vijayī murāriḥ adhunā ||;GOOD;;"Gītagovinda" GītGov, 7: 7 47 1;ramate yamunāpulinavane vijayī murāriḥ adhunā ||;GOOD;;"Gītagovinda" GītGov, 7: 7 49 1;ramate yamunāpulinavane vijayī murāriḥ adhunā ||;GOOD;;"Gītagovinda" GītGov, 7: 7 53 1;ramate yamunāpulinavane vijayī murāriḥ adhunā ||;GOOD;;
GītGov, 7: 7;52 1;iha rasabhaṇane kṛtahariguṇane madhuripupadasevake |;
GītGov, 7: 7;52 2;kaliyugacaritam na vasatu duritam kavinṛpajayadevake ||;
GītGov, 7: 7;53 1;ramate yamunāpulinavane vijayī murāriḥ adhunā ||;"Gītagovinda" GītGov, 7: 7 39 1;ramate yamunāpulinavane vijayī murāriḥ adhunā ||;GOOD;;"Gītagovinda" GītGov, 7: 7 41 1;ramate yamunāpulinavane vijayī murāriḥ adhunā ||;GOOD;;"Gītagovinda" GītGov, 7: 7 43 1;ramate yamunāpulinavane vijayī murāriḥ adhunā ||;GOOD;;"Gītagovinda" GītGov, 7: 7 45 1;ramate yamunāpulinavane vijayī murāriḥ adhunā ||;GOOD;;"Gītagovinda" GītGov, 7: 7 47 1;ramate yamunāpulinavane vijayī murāriḥ adhunā ||;GOOD;;"Gītagovinda" GītGov, 7: 7 49 1;ramate yamunāpulinavane vijayī murāriḥ adhunā ||;GOOD;;"Gītagovinda" GītGov, 7: 7 51 1;ramate yamunāpulinavane vijayī murāriḥ adhunā ||;GOOD;;
GītGov, 7: 7;54 1;na āyātaḥ sakhi nirdayaḥ yadi śaṭhaḥ tvam dūti kim dūyase svacchandam bahuvallabhaḥ saḥ ramate kim tatra te dūṣaṇam |;
GītGov, 7: 7;54 2;paśya adya priyasaṃgamāya dayitasya ākṛṣyamāṇam guṇair utkaṇṭhārtibharāt iva sphuṭat idam cetaḥ svayam yāsyāmi ||;
GītGov, 7: 7;55 1;anilataralakuvalayanayanena |;
GītGov, 7: 7;55 2;tapati na sā kisalayaśayanena ||;
GītGov, 7: 7;56 1;sakhi yā ramitā vanamālinā ||;"Gītagovinda" GītGov, 7: 7 58 1;sakhi yā ramitā vanamālinā ||;GOOD;;"Gītagovinda" GītGov, 7: 7 60 1;sakhi yā ramitā vanamālinā ||;GOOD;;"Gītagovinda" GītGov, 7: 7 62 1;sakhi yā ramitā vanamālinā ||;GOOD;;"Gītagovinda" GītGov, 7: 7 64 1;sakhi yā ramitā vanamālinā ||;GOOD;;"Gītagovinda" GītGov, 7: 7 66 1;sakhi yā ramitā vanamālinā ||;GOOD;;"Gītagovinda" GītGov, 7: 7 68 1;sakhi yā ramitā vanamālinā ||;GOOD;;"Gītagovinda" GītGov, 7: 7 70 1;sakhi yā ramitā vanamālinā ||;GOOD;;
GītGov, 7: 7;57 1;vikasitasarasijalalitamukhena |;
GītGov, 7: 7;57 2;sphuṭati na sā manasijaviśikhena ||;
GītGov, 7: 7;58 1;sakhi yā ramitā vanamālinā ||;"Gītagovinda" GītGov, 7: 7 56 1;sakhi yā ramitā vanamālinā ||;GOOD;;"Gītagovinda" GītGov, 7: 7 60 1;sakhi yā ramitā vanamālinā ||;GOOD;;"Gītagovinda" GītGov, 7: 7 62 1;sakhi yā ramitā vanamālinā ||;GOOD;;"Gītagovinda" GītGov, 7: 7 64 1;sakhi yā ramitā vanamālinā ||;GOOD;;"Gītagovinda" GītGov, 7: 7 66 1;sakhi yā ramitā vanamālinā ||;GOOD;;"Gītagovinda" GītGov, 7: 7 68 1;sakhi yā ramitā vanamālinā ||;GOOD;;"Gītagovinda" GītGov, 7: 7 70 1;sakhi yā ramitā vanamālinā ||;GOOD;;
GītGov, 7: 7;59 1;amṛtamadhuramṛdutaravacanena |;
GītGov, 7: 7;59 2;jvalati na sā malayajapavanena ||;
GītGov, 7: 7;60 1;sakhi yā ramitā vanamālinā ||;"Gītagovinda" GītGov, 7: 7 56 1;sakhi yā ramitā vanamālinā ||;GOOD;;"Gītagovinda" GītGov, 7: 7 58 1;sakhi yā ramitā vanamālinā ||;GOOD;;"Gītagovinda" GītGov, 7: 7 62 1;sakhi yā ramitā vanamālinā ||;GOOD;;"Gītagovinda" GītGov, 7: 7 64 1;sakhi yā ramitā vanamālinā ||;GOOD;;"Gītagovinda" GītGov, 7: 7 66 1;sakhi yā ramitā vanamālinā ||;GOOD;;"Gītagovinda" GītGov, 7: 7 68 1;sakhi yā ramitā vanamālinā ||;GOOD;;"Gītagovinda" GītGov, 7: 7 70 1;sakhi yā ramitā vanamālinā ||;GOOD;;
GītGov, 7: 7;61 1;sthalajalaruharucikaracaraṇena |;
GītGov, 7: 7;61 2;luṭhati na sā himakarakiraṇena ||;
GītGov, 7: 7;62 1;sakhi yā ramitā vanamālinā ||;"Gītagovinda" GītGov, 7: 7 56 1;sakhi yā ramitā vanamālinā ||;GOOD;;"Gītagovinda" GītGov, 7: 7 58 1;sakhi yā ramitā vanamālinā ||;GOOD;;"Gītagovinda" GītGov, 7: 7 60 1;sakhi yā ramitā vanamālinā ||;GOOD;;"Gītagovinda" GītGov, 7: 7 64 1;sakhi yā ramitā vanamālinā ||;GOOD;;"Gītagovinda" GītGov, 7: 7 66 1;sakhi yā ramitā vanamālinā ||;GOOD;;"Gītagovinda" GītGov, 7: 7 68 1;sakhi yā ramitā vanamālinā ||;GOOD;;"Gītagovinda" GītGov, 7: 7 70 1;sakhi yā ramitā vanamālinā ||;GOOD;;
GītGov, 7: 7;63 1;sajalajaladasamudayarucireṇa |;
GītGov, 7: 7;63 2;dalati na sā hṛdi ciraviraheṇa ||;
GītGov, 7: 7;64 1;sakhi yā ramitā vanamālinā ||;"Gītagovinda" GītGov, 7: 7 56 1;sakhi yā ramitā vanamālinā ||;GOOD;;"Gītagovinda" GītGov, 7: 7 58 1;sakhi yā ramitā vanamālinā ||;GOOD;;"Gītagovinda" GītGov, 7: 7 60 1;sakhi yā ramitā vanamālinā ||;GOOD;;"Gītagovinda" GītGov, 7: 7 62 1;sakhi yā ramitā vanamālinā ||;GOOD;;"Gītagovinda" GītGov, 7: 7 66 1;sakhi yā ramitā vanamālinā ||;GOOD;;"Gītagovinda" GītGov, 7: 7 68 1;sakhi yā ramitā vanamālinā ||;GOOD;;"Gītagovinda" GītGov, 7: 7 70 1;sakhi yā ramitā vanamālinā ||;GOOD;;
GītGov, 7: 7;65 1;kanakanikaṣaruciśucivasanena |;
GītGov, 7: 7;65 2;śvasiti na sā parijanahasanena ||;
GītGov, 7: 7;66 1;sakhi yā ramitā vanamālinā ||;"Gītagovinda" GītGov, 7: 7 56 1;sakhi yā ramitā vanamālinā ||;GOOD;;"Gītagovinda" GītGov, 7: 7 58 1;sakhi yā ramitā vanamālinā ||;GOOD;;"Gītagovinda" GītGov, 7: 7 60 1;sakhi yā ramitā vanamālinā ||;GOOD;;"Gītagovinda" GītGov, 7: 7 62 1;sakhi yā ramitā vanamālinā ||;GOOD;;"Gītagovinda" GītGov, 7: 7 64 1;sakhi yā ramitā vanamālinā ||;GOOD;;"Gītagovinda" GītGov, 7: 7 68 1;sakhi yā ramitā vanamālinā ||;GOOD;;"Gītagovinda" GītGov, 7: 7 70 1;sakhi yā ramitā vanamālinā ||;GOOD;;
GītGov, 7: 7;67 1;sakalabhuvanajanavarataruṇena |;
GītGov, 7: 7;67 2;vahati na sā rujam atikaruṇena ||;
GītGov, 7: 7;68 1;sakhi yā ramitā vanamālinā ||;"Gītagovinda" GītGov, 7: 7 56 1;sakhi yā ramitā vanamālinā ||;GOOD;;"Gītagovinda" GītGov, 7: 7 58 1;sakhi yā ramitā vanamālinā ||;GOOD;;"Gītagovinda" GītGov, 7: 7 60 1;sakhi yā ramitā vanamālinā ||;GOOD;;"Gītagovinda" GītGov, 7: 7 62 1;sakhi yā ramitā vanamālinā ||;GOOD;;"Gītagovinda" GītGov, 7: 7 64 1;sakhi yā ramitā vanamālinā ||;GOOD;;"Gītagovinda" GītGov, 7: 7 66 1;sakhi yā ramitā vanamālinā ||;GOOD;;"Gītagovinda" GītGov, 7: 7 70 1;sakhi yā ramitā vanamālinā ||;GOOD;;
GītGov, 7: 7;69 1;śrījayadevabhaṇitavacanena |;"Gītagovinda" GītGov, 4: 4 33 1;śrījayadevabhaṇitam iti gītam |;PARTLY;+ gā - vacana;"Gītagovinda" GītGov, 7: 7 35 1;śrījayadevabhaṇitahariramitam |;PARTLY;+ ramita - vacana;"Gītagovinda" GītGov, 9: 9 16 1;śrījayadevabhaṇitam atilalitam |;PARTLY;+ lal - vacana;
GītGov, 7: 7;69 2;praviśatu hariḥ api hṛdayam anena ||;
GītGov, 7: 7;70 1;sakhi yā ramitā vanamālinā ||;"Gītagovinda" GītGov, 7: 7 56 1;sakhi yā ramitā vanamālinā ||;GOOD;;"Gītagovinda" GītGov, 7: 7 58 1;sakhi yā ramitā vanamālinā ||;GOOD;;"Gītagovinda" GītGov, 7: 7 60 1;sakhi yā ramitā vanamālinā ||;GOOD;;"Gītagovinda" GītGov, 7: 7 62 1;sakhi yā ramitā vanamālinā ||;GOOD;;"Gītagovinda" GītGov, 7: 7 64 1;sakhi yā ramitā vanamālinā ||;GOOD;;"Gītagovinda" GītGov, 7: 7 66 1;sakhi yā ramitā vanamālinā ||;GOOD;;"Gītagovinda" GītGov, 7: 7 68 1;sakhi yā ramitā vanamālinā ||;GOOD;;
GītGov, 7: 7;71 1;manobhavānandana candanānila prasīda re dakṣiṇa muñca vāmatām |;
GītGov, 7: 7;71 2;kṣaṇam jagatprāṇa vidhāya mādhavaṃ puraḥ mama prāṇaharaḥ bhaviṣyasi ||;
GītGov, 7: 7;72 1;ripuḥ iva sakhīsaṃvāsaḥ ayam śikhī iva himānilaḥ viṣam iva sudhāraśmiḥ yasmin dunoti manaḥgate |;
GītGov, 7: 7;72 2;hṛdayam adaye tasmin evam punaḥ valate balāt kuvalayadṛśām vāmaḥ kāmaḥ nikāmaniraṅkuśaḥ ||;
GītGov, 7: 7;73 1;bādhām vidhehi malayānila pañcabāṇa prāṇān gṛhāṇa na gṛham punaḥ āśrayiṣye |;
GītGov, 7: 7;73 2;kim te kṛtāntabhagini kṣamayā taraṅgaiḥ aṅgāni siñca mama śāmyatu dehadāhaḥ ||;
GītGov, 8: 8;1 1;atha kathamapi yāminīm vinīya smaraśarajarjaritā api sā prabhāte |;
GītGov, 8: 8;1 2;anunayavacanam vadantam agre praṇatam api priyam āha sābhyasūyam ||;
GītGov, 8: 8;2 1;rajanijanitagurujāgararāgakaṣāyitam alasaniveśam |;
GītGov, 8: 8;2 2;vahati nayanam anurāgam iva sphuṭam uditarasābhiniveśam ||;
GītGov, 8: 8;3 1;harihari yāhi mādhava yāhi keśava mā vada kaitavavādam tām anusara sarasīruhalocana yā tava harati viṣādam ||;"Gītagovinda" GītGov, 8: 8 5 1;harihari yāhi mādhava yāhi keśava mā vada kaitavavādam tām anusara sarasīruhalocana yā tava harati viṣādam ||;GOOD;;"Gītagovinda" GītGov, 8: 8 7 1;harihari yāhi mādhava yāhi keśava mā vada kaitavavādam tām anusara sarasīruhalocana yā tava harati viṣādam ||;GOOD;;"Gītagovinda" GītGov, 8: 8 9 1;harihari yāhi mādhava yāhi keśava mā vada kaitavavādam tām anusara sarasīruhalocana yā tava harati viṣādam ||;GOOD;;"Gītagovinda" GītGov, 8: 8 11 1;harihari yāhi mādhava yāhi keśava mā vada kaitavavādam tām anusara sarasīruhalocana yā tava harati viṣādam ||;GOOD;;"Gītagovinda" GītGov, 8: 8 13 1;harihari yāhi mādhava yāhi keśava mā vada kaitavavādam tām anusara sarasīruhalocana yā tava harati viṣādam ||;GOOD;;"Gītagovinda" GītGov, 8: 8 15 1;harihari yāhi mādhava yāhi keśava mā vada kaitavavādam tām anusara sarasīruhalocana yā tava harati viṣādam ||;GOOD;;"Gītagovinda" GītGov, 8: 8 17 1;harihari yāhi mādhava yāhi keśava mā vada kaitavavādam tām anusara sarasīruhalocana yā tava harati viṣādam ||;GOOD;;
GītGov, 8: 8;4 1;kajjalamalinavilocanacumbanaviracitanīlimarūpam |;
GītGov, 8: 8;4 2;daśanavasanam aruṇam tava kṛṣṇa tanoti tanoḥ anurūpam ||;
GītGov, 8: 8;5 1;harihari yāhi mādhava yāhi keśava mā vada kaitavavādam tām anusara sarasīruhalocana yā tava harati viṣādam ||;"Gītagovinda" GītGov, 8: 8 3 1;harihari yāhi mādhava yāhi keśava mā vada kaitavavādam tām anusara sarasīruhalocana yā tava harati viṣādam ||;GOOD;;"Gītagovinda" GītGov, 8: 8 7 1;harihari yāhi mādhava yāhi keśava mā vada kaitavavādam tām anusara sarasīruhalocana yā tava harati viṣādam ||;GOOD;;"Gītagovinda" GītGov, 8: 8 9 1;harihari yāhi mādhava yāhi keśava mā vada kaitavavādam tām anusara sarasīruhalocana yā tava harati viṣādam ||;GOOD;;"Gītagovinda" GītGov, 8: 8 11 1;harihari yāhi mādhava yāhi keśava mā vada kaitavavādam tām anusara sarasīruhalocana yā tava harati viṣādam ||;GOOD;;"Gītagovinda" GītGov, 8: 8 13 1;harihari yāhi mādhava yāhi keśava mā vada kaitavavādam tām anusara sarasīruhalocana yā tava harati viṣādam ||;GOOD;;"Gītagovinda" GītGov, 8: 8 15 1;harihari yāhi mādhava yāhi keśava mā vada kaitavavādam tām anusara sarasīruhalocana yā tava harati viṣādam ||;GOOD;;"Gītagovinda" GītGov, 8: 8 17 1;harihari yāhi mādhava yāhi keśava mā vada kaitavavādam tām anusara sarasīruhalocana yā tava harati viṣādam ||;GOOD;;
GītGov, 8: 8;6 1;vapuḥ anuharati tava smarasaṅgarakharanakharakṣatarekham |;
GītGov, 8: 8;6 2;marakataśakalakalitakaladhautalipeḥ iva ratijayalekham ||;
GītGov, 8: 8;7 1;harihari yāhi mādhava yāhi keśava mā vada kaitavavādam tām anusara sarasīruhalocana yā tava harati viṣādam ||;"Gītagovinda" GītGov, 8: 8 3 1;harihari yāhi mādhava yāhi keśava mā vada kaitavavādam tām anusara sarasīruhalocana yā tava harati viṣādam ||;GOOD;;"Gītagovinda" GītGov, 8: 8 5 1;harihari yāhi mādhava yāhi keśava mā vada kaitavavādam tām anusara sarasīruhalocana yā tava harati viṣādam ||;GOOD;;"Gītagovinda" GītGov, 8: 8 9 1;harihari yāhi mādhava yāhi keśava mā vada kaitavavādam tām anusara sarasīruhalocana yā tava harati viṣādam ||;GOOD;;"Gītagovinda" GītGov, 8: 8 11 1;harihari yāhi mādhava yāhi keśava mā vada kaitavavādam tām anusara sarasīruhalocana yā tava harati viṣādam ||;GOOD;;"Gītagovinda" GītGov, 8: 8 13 1;harihari yāhi mādhava yāhi keśava mā vada kaitavavādam tām anusara sarasīruhalocana yā tava harati viṣādam ||;GOOD;;"Gītagovinda" GītGov, 8: 8 15 1;harihari yāhi mādhava yāhi keśava mā vada kaitavavādam tām anusara sarasīruhalocana yā tava harati viṣādam ||;GOOD;;"Gītagovinda" GītGov, 8: 8 17 1;harihari yāhi mādhava yāhi keśava mā vada kaitavavādam tām anusara sarasīruhalocana yā tava harati viṣādam ||;GOOD;;
GītGov, 8: 8;8 1;caraṇakamalagaladalaktakasiktam idam tava hṛdayam udāram |;
GītGov, 8: 8;8 2;darśayati iva bahiḥ madanadrumanavakisalayaparivāram ||;
GītGov, 8: 8;9 1;harihari yāhi mādhava yāhi keśava mā vada kaitavavādam tām anusara sarasīruhalocana yā tava harati viṣādam ||;"Gītagovinda" GītGov, 8: 8 3 1;harihari yāhi mādhava yāhi keśava mā vada kaitavavādam tām anusara sarasīruhalocana yā tava harati viṣādam ||;GOOD;;"Gītagovinda" GītGov, 8: 8 5 1;harihari yāhi mādhava yāhi keśava mā vada kaitavavādam tām anusara sarasīruhalocana yā tava harati viṣādam ||;GOOD;;"Gītagovinda" GītGov, 8: 8 7 1;harihari yāhi mādhava yāhi keśava mā vada kaitavavādam tām anusara sarasīruhalocana yā tava harati viṣādam ||;GOOD;;"Gītagovinda" GītGov, 8: 8 11 1;harihari yāhi mādhava yāhi keśava mā vada kaitavavādam tām anusara sarasīruhalocana yā tava harati viṣādam ||;GOOD;;"Gītagovinda" GītGov, 8: 8 13 1;harihari yāhi mādhava yāhi keśava mā vada kaitavavādam tām anusara sarasīruhalocana yā tava harati viṣādam ||;GOOD;;"Gītagovinda" GītGov, 8: 8 15 1;harihari yāhi mādhava yāhi keśava mā vada kaitavavādam tām anusara sarasīruhalocana yā tava harati viṣādam ||;GOOD;;"Gītagovinda" GītGov, 8: 8 17 1;harihari yāhi mādhava yāhi keśava mā vada kaitavavādam tām anusara sarasīruhalocana yā tava harati viṣādam ||;GOOD;;
GītGov, 8: 8;10 1;daśanapadam bhavadadharagatam mama janayati cetasi khedam |;
GītGov, 8: 8;10 2;kathayati katham adhunā api mayā saha tava vapuḥ etat abhedam ||;
GītGov, 8: 8;11 1;harihari yāhi mādhava yāhi keśava mā vada kaitavavādam tām anusara sarasīruhalocana yā tava harati viṣādam ||;"Gītagovinda" GītGov, 8: 8 3 1;harihari yāhi mādhava yāhi keśava mā vada kaitavavādam tām anusara sarasīruhalocana yā tava harati viṣādam ||;GOOD;;"Gītagovinda" GītGov, 8: 8 5 1;harihari yāhi mādhava yāhi keśava mā vada kaitavavādam tām anusara sarasīruhalocana yā tava harati viṣādam ||;GOOD;;"Gītagovinda" GītGov, 8: 8 7 1;harihari yāhi mādhava yāhi keśava mā vada kaitavavādam tām anusara sarasīruhalocana yā tava harati viṣādam ||;GOOD;;"Gītagovinda" GītGov, 8: 8 9 1;harihari yāhi mādhava yāhi keśava mā vada kaitavavādam tām anusara sarasīruhalocana yā tava harati viṣādam ||;GOOD;;"Gītagovinda" GītGov, 8: 8 13 1;harihari yāhi mādhava yāhi keśava mā vada kaitavavādam tām anusara sarasīruhalocana yā tava harati viṣādam ||;GOOD;;"Gītagovinda" GītGov, 8: 8 15 1;harihari yāhi mādhava yāhi keśava mā vada kaitavavādam tām anusara sarasīruhalocana yā tava harati viṣādam ||;GOOD;;"Gītagovinda" GītGov, 8: 8 17 1;harihari yāhi mādhava yāhi keśava mā vada kaitavavādam tām anusara sarasīruhalocana yā tava harati viṣādam ||;GOOD;;
GītGov, 8: 8;12 1;bahiḥ iva malinataram tava kṛṣṇa manaḥ api bhaviṣyati nūnam |;
GītGov, 8: 8;12 2;katham atha vañcayase janam anugatam asamaśarajvaradūnam ||;
GītGov, 8: 8;13 1;harihari yāhi mādhava yāhi keśava mā vada kaitavavādam tām anusara sarasīruhalocana yā tava harati viṣādam ||;"Gītagovinda" GītGov, 8: 8 3 1;harihari yāhi mādhava yāhi keśava mā vada kaitavavādam tām anusara sarasīruhalocana yā tava harati viṣādam ||;GOOD;;"Gītagovinda" GītGov, 8: 8 5 1;harihari yāhi mādhava yāhi keśava mā vada kaitavavādam tām anusara sarasīruhalocana yā tava harati viṣādam ||;GOOD;;"Gītagovinda" GītGov, 8: 8 7 1;harihari yāhi mādhava yāhi keśava mā vada kaitavavādam tām anusara sarasīruhalocana yā tava harati viṣādam ||;GOOD;;"Gītagovinda" GītGov, 8: 8 9 1;harihari yāhi mādhava yāhi keśava mā vada kaitavavādam tām anusara sarasīruhalocana yā tava harati viṣādam ||;GOOD;;"Gītagovinda" GītGov, 8: 8 11 1;harihari yāhi mādhava yāhi keśava mā vada kaitavavādam tām anusara sarasīruhalocana yā tava harati viṣādam ||;GOOD;;"Gītagovinda" GītGov, 8: 8 15 1;harihari yāhi mādhava yāhi keśava mā vada kaitavavādam tām anusara sarasīruhalocana yā tava harati viṣādam ||;GOOD;;"Gītagovinda" GītGov, 8: 8 17 1;harihari yāhi mādhava yāhi keśava mā vada kaitavavādam tām anusara sarasīruhalocana yā tava harati viṣādam ||;GOOD;;
GītGov, 8: 8;14 1;bhramati bhavān abalākavalāya vaneṣu kim atra vicitram |;
GītGov, 8: 8;14 2;prathayati pūtanikā eva vadhūvadhanirdayabālacaritram ||;
GītGov, 8: 8;15 1;harihari yāhi mādhava yāhi keśava mā vada kaitavavādam tām anusara sarasīruhalocana yā tava harati viṣādam ||;"Gītagovinda" GītGov, 8: 8 3 1;harihari yāhi mādhava yāhi keśava mā vada kaitavavādam tām anusara sarasīruhalocana yā tava harati viṣādam ||;GOOD;;"Gītagovinda" GītGov, 8: 8 5 1;harihari yāhi mādhava yāhi keśava mā vada kaitavavādam tām anusara sarasīruhalocana yā tava harati viṣādam ||;GOOD;;"Gītagovinda" GītGov, 8: 8 7 1;harihari yāhi mādhava yāhi keśava mā vada kaitavavādam tām anusara sarasīruhalocana yā tava harati viṣādam ||;GOOD;;"Gītagovinda" GītGov, 8: 8 9 1;harihari yāhi mādhava yāhi keśava mā vada kaitavavādam tām anusara sarasīruhalocana yā tava harati viṣādam ||;GOOD;;"Gītagovinda" GītGov, 8: 8 11 1;harihari yāhi mādhava yāhi keśava mā vada kaitavavādam tām anusara sarasīruhalocana yā tava harati viṣādam ||;GOOD;;"Gītagovinda" GītGov, 8: 8 13 1;harihari yāhi mādhava yāhi keśava mā vada kaitavavādam tām anusara sarasīruhalocana yā tava harati viṣādam ||;GOOD;;"Gītagovinda" GītGov, 8: 8 17 1;harihari yāhi mādhava yāhi keśava mā vada kaitavavādam tām anusara sarasīruhalocana yā tava harati viṣādam ||;GOOD;;
GītGov, 8: 8;16 1;śrījayadevabhaṇitarativañcitakhaṇḍitayuvativilāpam |;
GītGov, 8: 8;16 2;śṛṇuta sudhāmadhuram vibudhāḥ vibudhālayataḥ api durāpam ||;
GītGov, 8: 8;17 1;harihari yāhi mādhava yāhi keśava mā vada kaitavavādam tām anusara sarasīruhalocana yā tava harati viṣādam ||;"Gītagovinda" GītGov, 8: 8 3 1;harihari yāhi mādhava yāhi keśava mā vada kaitavavādam tām anusara sarasīruhalocana yā tava harati viṣādam ||;GOOD;;"Gītagovinda" GītGov, 8: 8 5 1;harihari yāhi mādhava yāhi keśava mā vada kaitavavādam tām anusara sarasīruhalocana yā tava harati viṣādam ||;GOOD;;"Gītagovinda" GītGov, 8: 8 7 1;harihari yāhi mādhava yāhi keśava mā vada kaitavavādam tām anusara sarasīruhalocana yā tava harati viṣādam ||;GOOD;;"Gītagovinda" GītGov, 8: 8 9 1;harihari yāhi mādhava yāhi keśava mā vada kaitavavādam tām anusara sarasīruhalocana yā tava harati viṣādam ||;GOOD;;"Gītagovinda" GītGov, 8: 8 11 1;harihari yāhi mādhava yāhi keśava mā vada kaitavavādam tām anusara sarasīruhalocana yā tava harati viṣādam ||;GOOD;;"Gītagovinda" GītGov, 8: 8 13 1;harihari yāhi mādhava yāhi keśava mā vada kaitavavādam tām anusara sarasīruhalocana yā tava harati viṣādam ||;GOOD;;"Gītagovinda" GītGov, 8: 8 15 1;harihari yāhi mādhava yāhi keśava mā vada kaitavavādam tām anusara sarasīruhalocana yā tava harati viṣādam ||;GOOD;;
GītGov, 8: 8;18 1;tava idam paśyantyāḥ prasaradanurāgam bahiḥ iva priyāpādālaktachuritam aruṇachāyahṛdayam |;
GītGov, 8: 8;18 2;mama adya prakhyātapraṇayabharabhaṅgena kitava tvadālokaḥ śokād api kim api lajjām janayati ||;
GītGov, 9: 9;1 1;tām atha manmathakhinnām ratirasabhinnām viṣādasampannām |;
GītGov, 9: 9;1 2;anucintitaharicaritām kalahāntaritām uvāca sakhī ||;
GītGov, 9: 9;2 1;hariḥ abhisarati vahati madhupavane |;
GītGov, 9: 9;2 2;kim aparam adhikasukham sakhi bhavane ||;
GītGov, 9: 9;3 1;mādhave mā kuru mānini mānam aye ||;"Gītagovinda" GītGov, 9: 9 5 1;mādhave mā kuru mānini mānam aye ||;GOOD;;"Gītagovinda" GītGov, 9: 9 7 1;mādhave mā kuru mānini mānam aye ||;GOOD;;"Gītagovinda" GītGov, 9: 9 9 1;mādhave mā kuru mānini mānam aye ||;GOOD;;"Gītagovinda" GītGov, 9: 9 11 1;mādhave mā kuru mānini mānam aye ||;GOOD;;"Gītagovinda" GītGov, 9: 9 13 1;mādhave mā kuru mānini mānam aye ||;GOOD;;"Gītagovinda" GītGov, 9: 9 15 1;mādhave mā kuru mānini mānam aye ||;GOOD;;"Gītagovinda" GītGov, 9: 9 17 1;mādhave mā kuru mānini mānam aye ||;GOOD;;
GītGov, 9: 9;4 1;tālaphalāt api gurum atisarasam |;
GītGov, 9: 9;4 2;kim viphalīkuruṣe kucakalaśam ||;
GītGov, 9: 9;5 1;mādhave mā kuru mānini mānam aye ||;"Gītagovinda" GītGov, 9: 9 3 1;mādhave mā kuru mānini mānam aye ||;GOOD;;"Gītagovinda" GītGov, 9: 9 7 1;mādhave mā kuru mānini mānam aye ||;GOOD;;"Gītagovinda" GītGov, 9: 9 9 1;mādhave mā kuru mānini mānam aye ||;GOOD;;"Gītagovinda" GītGov, 9: 9 11 1;mādhave mā kuru mānini mānam aye ||;GOOD;;"Gītagovinda" GītGov, 9: 9 13 1;mādhave mā kuru mānini mānam aye ||;GOOD;;"Gītagovinda" GītGov, 9: 9 15 1;mādhave mā kuru mānini mānam aye ||;GOOD;;"Gītagovinda" GītGov, 9: 9 17 1;mādhave mā kuru mānini mānam aye ||;GOOD;;
GītGov, 9: 9;6 1;kati na kathitam idam anupadam aciram |;
GītGov, 9: 9;6 2;mā parihara harim atiśayaruciram ||;
GītGov, 9: 9;7 1;mādhave mā kuru mānini mānam aye ||;"Gītagovinda" GītGov, 9: 9 3 1;mādhave mā kuru mānini mānam aye ||;GOOD;;"Gītagovinda" GītGov, 9: 9 5 1;mādhave mā kuru mānini mānam aye ||;GOOD;;"Gītagovinda" GītGov, 9: 9 9 1;mādhave mā kuru mānini mānam aye ||;GOOD;;"Gītagovinda" GītGov, 9: 9 11 1;mādhave mā kuru mānini mānam aye ||;GOOD;;"Gītagovinda" GītGov, 9: 9 13 1;mādhave mā kuru mānini mānam aye ||;GOOD;;"Gītagovinda" GītGov, 9: 9 15 1;mādhave mā kuru mānini mānam aye ||;GOOD;;"Gītagovinda" GītGov, 9: 9 17 1;mādhave mā kuru mānini mānam aye ||;GOOD;;
GītGov, 9: 9;8 1;kim iti viṣīdasi rodiṣi vikalā |;
GītGov, 9: 9;8 2;vihasati yuvatisabhā tava sakalā ||;
GītGov, 9: 9;9 1;mādhave mā kuru mānini mānam aye ||;"Gītagovinda" GītGov, 9: 9 3 1;mādhave mā kuru mānini mānam aye ||;GOOD;;"Gītagovinda" GītGov, 9: 9 5 1;mādhave mā kuru mānini mānam aye ||;GOOD;;"Gītagovinda" GītGov, 9: 9 7 1;mādhave mā kuru mānini mānam aye ||;GOOD;;"Gītagovinda" GītGov, 9: 9 11 1;mādhave mā kuru mānini mānam aye ||;GOOD;;"Gītagovinda" GītGov, 9: 9 13 1;mādhave mā kuru mānini mānam aye ||;GOOD;;"Gītagovinda" GītGov, 9: 9 15 1;mādhave mā kuru mānini mānam aye ||;GOOD;;"Gītagovinda" GītGov, 9: 9 17 1;mādhave mā kuru mānini mānam aye ||;GOOD;;
GītGov, 9: 9;10 1;sajalanalinīdalaśītalaśayane |;
GītGov, 9: 9;10 2;harim avalokaya saphalaya nayane ||;
GītGov, 9: 9;11 1;mādhave mā kuru mānini mānam aye ||;"Gītagovinda" GītGov, 9: 9 3 1;mādhave mā kuru mānini mānam aye ||;GOOD;;"Gītagovinda" GītGov, 9: 9 5 1;mādhave mā kuru mānini mānam aye ||;GOOD;;"Gītagovinda" GītGov, 9: 9 7 1;mādhave mā kuru mānini mānam aye ||;GOOD;;"Gītagovinda" GītGov, 9: 9 9 1;mādhave mā kuru mānini mānam aye ||;GOOD;;"Gītagovinda" GītGov, 9: 9 13 1;mādhave mā kuru mānini mānam aye ||;GOOD;;"Gītagovinda" GītGov, 9: 9 15 1;mādhave mā kuru mānini mānam aye ||;GOOD;;"Gītagovinda" GītGov, 9: 9 17 1;mādhave mā kuru mānini mānam aye ||;GOOD;;
GītGov, 9: 9;12 1;janayasi manasi kim iti gurukhedam |;
GītGov, 9: 9;12 2;śṛṇu mama vacanam anīhitabhedam ||;
GītGov, 9: 9;13 1;mādhave mā kuru mānini mānam aye ||;"Gītagovinda" GītGov, 9: 9 3 1;mādhave mā kuru mānini mānam aye ||;GOOD;;"Gītagovinda" GītGov, 9: 9 5 1;mādhave mā kuru mānini mānam aye ||;GOOD;;"Gītagovinda" GītGov, 9: 9 7 1;mādhave mā kuru mānini mānam aye ||;GOOD;;"Gītagovinda" GītGov, 9: 9 9 1;mādhave mā kuru mānini mānam aye ||;GOOD;;"Gītagovinda" GītGov, 9: 9 11 1;mādhave mā kuru mānini mānam aye ||;GOOD;;"Gītagovinda" GītGov, 9: 9 15 1;mādhave mā kuru mānini mānam aye ||;GOOD;;"Gītagovinda" GītGov, 9: 9 17 1;mādhave mā kuru mānini mānam aye ||;GOOD;;
GītGov, 9: 9;14 1;hariḥ upayātu vadatu bahumadhuram |;
GītGov, 9: 9;14 2;kim iti karoṣi hṛdayam atividhuram ||;
GītGov, 9: 9;15 1;mādhave mā kuru mānini mānam aye ||;"Gītagovinda" GītGov, 9: 9 3 1;mādhave mā kuru mānini mānam aye ||;GOOD;;"Gītagovinda" GītGov, 9: 9 5 1;mādhave mā kuru mānini mānam aye ||;GOOD;;"Gītagovinda" GītGov, 9: 9 7 1;mādhave mā kuru mānini mānam aye ||;GOOD;;"Gītagovinda" GītGov, 9: 9 9 1;mādhave mā kuru mānini mānam aye ||;GOOD;;"Gītagovinda" GītGov, 9: 9 11 1;mādhave mā kuru mānini mānam aye ||;GOOD;;"Gītagovinda" GītGov, 9: 9 13 1;mādhave mā kuru mānini mānam aye ||;GOOD;;"Gītagovinda" GītGov, 9: 9 17 1;mādhave mā kuru mānini mānam aye ||;GOOD;;
GītGov, 9: 9;16 1;śrījayadevabhaṇitam atilalitam |;"Gītagovinda" GītGov, 7: 7 69 1;śrījayadevabhaṇitavacanena |;PARTLY;+ vacana - ati;
GītGov, 9: 9;16 2;sukhayatu rasikajanam haricaritam ||;
GītGov, 9: 9;17 1;mādhave mā kuru mānini mānam aye ||;"Gītagovinda" GītGov, 9: 9 3 1;mādhave mā kuru mānini mānam aye ||;GOOD;;"Gītagovinda" GītGov, 9: 9 5 1;mādhave mā kuru mānini mānam aye ||;GOOD;;"Gītagovinda" GītGov, 9: 9 7 1;mādhave mā kuru mānini mānam aye ||;GOOD;;"Gītagovinda" GītGov, 9: 9 9 1;mādhave mā kuru mānini mānam aye ||;GOOD;;"Gītagovinda" GītGov, 9: 9 11 1;mādhave mā kuru mānini mānam aye ||;GOOD;;"Gītagovinda" GītGov, 9: 9 13 1;mādhave mā kuru mānini mānam aye ||;GOOD;;"Gītagovinda" GītGov, 9: 9 15 1;mādhave mā kuru mānini mānam aye ||;GOOD;;
GītGov, 9: 9;18 1;snigdhe yat paruṣā asi yat praṇamati stabdhā asi yat rāgiṇi dveṣasthā asi yat unmukhe vimukhatām yātā asi tasmin priye |;
GītGov, 9: 9;18 2;yuktam tat viparītakāriṇi tava śrīkhaṇḍacarcā viṣam śītāṃśuḥ tapanaḥ himam hutavahaḥ krīḍāmudaḥ yātanāḥ ||;
GītGov, 10: 10;1 1;atra antare masṛṇaroṣavaśām asīmaniḥśvāsaniḥsahamukhīm sumukhīm upetya |;
GītGov, 10: 10;1 2;savrīḍam īkṣitasakhīvadanām dinānte sānandagadgadapadam hariḥ iti uvāca ||;
GītGov, 10: 10;2 1;vadasi yadi kiṃcit api dantarucikaumudī harati daratimiram atighoram |;
GītGov, 10: 10;2 2;sphuradadharasīdhave tava vadanacandramāḥ rocayatu locanacakoram ||;
GītGov, 10: 10;3 1;priye cāruśīle muñca mayi mānam anidānam sapadi madanānalaḥ dahati mama mānasam dehi mukhakamalamadhupānam ||;"Gītagovinda" GītGov, 10: 10 5 1;priye cāruśīle muñca mayi mānam anidānam sapadi madanānalaḥ dahati mama mānasam dehi mukhakamalamadhupānam ||;GOOD;;"Gītagovinda" GītGov, 10: 10 7 1;priye cāruśīle muñca mayi mānam anidānam sapadi madanānalaḥ dahati mama mānasam dehi mukhakamalamadhupānam ||;GOOD;;"Gītagovinda" GītGov, 10: 10 9 1;priye cāruśīle muñca mayi mānam anidānam sapadi madanānalaḥ dahati mama mānasam dehi mukhakamalamadhupānam ||;GOOD;;"Gītagovinda" GītGov, 10: 10 11 1;priye cāruśīle muñca mayi mānam anidānam sapadi madanānalaḥ dahati mama mānasam dehi mukhakamalamadhupānam ||;GOOD;;"Gītagovinda" GītGov, 10: 10 13 1;priye cāruśīle muñca mayi mānam anidānam sapadi madanānalaḥ dahati mama mānasam dehi mukhakamalamadhupānam ||;GOOD;;"Gītagovinda" GītGov, 10: 10 15 1;priye cāruśīle muñca mayi mānam anidānam sapadi madanānalaḥ dahati mama mānasam dehi mukhakamalamadhupānam ||;GOOD;;"Gītagovinda" GītGov, 10: 10 17 1;priye cāruśīle muñca mayi mānam anidānam sapadi madanānalaḥ dahati mama mānasam dehi mukhakamalamadhupānam ||;GOOD;;
GītGov, 10: 10;4 1;satyam eva asi yadi sudati mayi kopinī dehi kharanakharaśaraghātam |;
GītGov, 10: 10;4 2;ghaṭaya bhujabandhanam janaya radakhaṇḍanam yena vā bhavati sukhajātam ||;
GītGov, 10: 10;5 1;priye cāruśīle muñca mayi mānam anidānam sapadi madanānalaḥ dahati mama mānasam dehi mukhakamalamadhupānam ||;"Gītagovinda" GītGov, 10: 10 3 1;priye cāruśīle muñca mayi mānam anidānam sapadi madanānalaḥ dahati mama mānasam dehi mukhakamalamadhupānam ||;GOOD;;"Gītagovinda" GītGov, 10: 10 7 1;priye cāruśīle muñca mayi mānam anidānam sapadi madanānalaḥ dahati mama mānasam dehi mukhakamalamadhupānam ||;GOOD;;"Gītagovinda" GītGov, 10: 10 9 1;priye cāruśīle muñca mayi mānam anidānam sapadi madanānalaḥ dahati mama mānasam dehi mukhakamalamadhupānam ||;GOOD;;"Gītagovinda" GītGov, 10: 10 11 1;priye cāruśīle muñca mayi mānam anidānam sapadi madanānalaḥ dahati mama mānasam dehi mukhakamalamadhupānam ||;GOOD;;"Gītagovinda" GītGov, 10: 10 13 1;priye cāruśīle muñca mayi mānam anidānam sapadi madanānalaḥ dahati mama mānasam dehi mukhakamalamadhupānam ||;GOOD;;"Gītagovinda" GītGov, 10: 10 15 1;priye cāruśīle muñca mayi mānam anidānam sapadi madanānalaḥ dahati mama mānasam dehi mukhakamalamadhupānam ||;GOOD;;"Gītagovinda" GītGov, 10: 10 17 1;priye cāruśīle muñca mayi mānam anidānam sapadi madanānalaḥ dahati mama mānasam dehi mukhakamalamadhupānam ||;GOOD;;
GītGov, 10: 10;6 1;tvam asi mama bhūṣaṇam tvam asi mama jīvanam tvam asi mama bhavajaladhiratnam |;
GītGov, 10: 10;6 2;bhavatu bhavatī iha mayi satatam anurodhinī tatra mama hṛdayam atiyatnam ||;
GītGov, 10: 10;7 1;priye cāruśīle muñca mayi mānam anidānam sapadi madanānalaḥ dahati mama mānasam dehi mukhakamalamadhupānam ||;"Gītagovinda" GītGov, 10: 10 3 1;priye cāruśīle muñca mayi mānam anidānam sapadi madanānalaḥ dahati mama mānasam dehi mukhakamalamadhupānam ||;GOOD;;"Gītagovinda" GītGov, 10: 10 5 1;priye cāruśīle muñca mayi mānam anidānam sapadi madanānalaḥ dahati mama mānasam dehi mukhakamalamadhupānam ||;GOOD;;"Gītagovinda" GītGov, 10: 10 9 1;priye cāruśīle muñca mayi mānam anidānam sapadi madanānalaḥ dahati mama mānasam dehi mukhakamalamadhupānam ||;GOOD;;"Gītagovinda" GītGov, 10: 10 11 1;priye cāruśīle muñca mayi mānam anidānam sapadi madanānalaḥ dahati mama mānasam dehi mukhakamalamadhupānam ||;GOOD;;"Gītagovinda" GītGov, 10: 10 13 1;priye cāruśīle muñca mayi mānam anidānam sapadi madanānalaḥ dahati mama mānasam dehi mukhakamalamadhupānam ||;GOOD;;"Gītagovinda" GītGov, 10: 10 15 1;priye cāruśīle muñca mayi mānam anidānam sapadi madanānalaḥ dahati mama mānasam dehi mukhakamalamadhupānam ||;GOOD;;"Gītagovinda" GītGov, 10: 10 17 1;priye cāruśīle muñca mayi mānam anidānam sapadi madanānalaḥ dahati mama mānasam dehi mukhakamalamadhupānam ||;GOOD;;
GītGov, 10: 10;8 1;nīlanalinābham api tanvi tava locanam dhārayati kokanadarūpam |;
GītGov, 10: 10;8 2;kusumaśarabāṇabhāvena yadi rañjayasi kṛṣṇam idam etat anurūpam ||;
GītGov, 10: 10;9 1;priye cāruśīle muñca mayi mānam anidānam sapadi madanānalaḥ dahati mama mānasam dehi mukhakamalamadhupānam ||;"Gītagovinda" GītGov, 10: 10 3 1;priye cāruśīle muñca mayi mānam anidānam sapadi madanānalaḥ dahati mama mānasam dehi mukhakamalamadhupānam ||;GOOD;;"Gītagovinda" GītGov, 10: 10 5 1;priye cāruśīle muñca mayi mānam anidānam sapadi madanānalaḥ dahati mama mānasam dehi mukhakamalamadhupānam ||;GOOD;;"Gītagovinda" GītGov, 10: 10 7 1;priye cāruśīle muñca mayi mānam anidānam sapadi madanānalaḥ dahati mama mānasam dehi mukhakamalamadhupānam ||;GOOD;;"Gītagovinda" GītGov, 10: 10 11 1;priye cāruśīle muñca mayi mānam anidānam sapadi madanānalaḥ dahati mama mānasam dehi mukhakamalamadhupānam ||;GOOD;;"Gītagovinda" GītGov, 10: 10 13 1;priye cāruśīle muñca mayi mānam anidānam sapadi madanānalaḥ dahati mama mānasam dehi mukhakamalamadhupānam ||;GOOD;;"Gītagovinda" GītGov, 10: 10 15 1;priye cāruśīle muñca mayi mānam anidānam sapadi madanānalaḥ dahati mama mānasam dehi mukhakamalamadhupānam ||;GOOD;;"Gītagovinda" GītGov, 10: 10 17 1;priye cāruśīle muñca mayi mānam anidānam sapadi madanānalaḥ dahati mama mānasam dehi mukhakamalamadhupānam ||;GOOD;;
GītGov, 10: 10;10 1;sphuratu kucakumbhayoḥ upari maṇimañjarī rañjayatu tava hṛdayadeśam |;
GītGov, 10: 10;10 2;rasatu raśanā api tava ghanajaghanamaṇḍale ghoṣayatu manmathanideśam ||;
GītGov, 10: 10;11 1;priye cāruśīle muñca mayi mānam anidānam sapadi madanānalaḥ dahati mama mānasam dehi mukhakamalamadhupānam ||;"Gītagovinda" GītGov, 10: 10 3 1;priye cāruśīle muñca mayi mānam anidānam sapadi madanānalaḥ dahati mama mānasam dehi mukhakamalamadhupānam ||;GOOD;;"Gītagovinda" GītGov, 10: 10 5 1;priye cāruśīle muñca mayi mānam anidānam sapadi madanānalaḥ dahati mama mānasam dehi mukhakamalamadhupānam ||;GOOD;;"Gītagovinda" GītGov, 10: 10 7 1;priye cāruśīle muñca mayi mānam anidānam sapadi madanānalaḥ dahati mama mānasam dehi mukhakamalamadhupānam ||;GOOD;;"Gītagovinda" GītGov, 10: 10 9 1;priye cāruśīle muñca mayi mānam anidānam sapadi madanānalaḥ dahati mama mānasam dehi mukhakamalamadhupānam ||;GOOD;;"Gītagovinda" GītGov, 10: 10 13 1;priye cāruśīle muñca mayi mānam anidānam sapadi madanānalaḥ dahati mama mānasam dehi mukhakamalamadhupānam ||;GOOD;;"Gītagovinda" GītGov, 10: 10 15 1;priye cāruśīle muñca mayi mānam anidānam sapadi madanānalaḥ dahati mama mānasam dehi mukhakamalamadhupānam ||;GOOD;;"Gītagovinda" GītGov, 10: 10 17 1;priye cāruśīle muñca mayi mānam anidānam sapadi madanānalaḥ dahati mama mānasam dehi mukhakamalamadhupānam ||;GOOD;;
GītGov, 10: 10;12 1;sthalakamalagañjanam mama hṛdayarañjanam janitaratiraṅgaparabhāgam |;
GītGov, 10: 10;12 2;bhaṇa masṛṇavāṇi karavāṇi padapaṅkajam sarasalasadalaktakarāgam ||;
GītGov, 10: 10;13 1;priye cāruśīle muñca mayi mānam anidānam sapadi madanānalaḥ dahati mama mānasam dehi mukhakamalamadhupānam ||;"Gītagovinda" GītGov, 10: 10 3 1;priye cāruśīle muñca mayi mānam anidānam sapadi madanānalaḥ dahati mama mānasam dehi mukhakamalamadhupānam ||;GOOD;;"Gītagovinda" GītGov, 10: 10 5 1;priye cāruśīle muñca mayi mānam anidānam sapadi madanānalaḥ dahati mama mānasam dehi mukhakamalamadhupānam ||;GOOD;;"Gītagovinda" GītGov, 10: 10 7 1;priye cāruśīle muñca mayi mānam anidānam sapadi madanānalaḥ dahati mama mānasam dehi mukhakamalamadhupānam ||;GOOD;;"Gītagovinda" GītGov, 10: 10 9 1;priye cāruśīle muñca mayi mānam anidānam sapadi madanānalaḥ dahati mama mānasam dehi mukhakamalamadhupānam ||;GOOD;;"Gītagovinda" GītGov, 10: 10 11 1;priye cāruśīle muñca mayi mānam anidānam sapadi madanānalaḥ dahati mama mānasam dehi mukhakamalamadhupānam ||;GOOD;;"Gītagovinda" GītGov, 10: 10 15 1;priye cāruśīle muñca mayi mānam anidānam sapadi madanānalaḥ dahati mama mānasam dehi mukhakamalamadhupānam ||;GOOD;;"Gītagovinda" GītGov, 10: 10 17 1;priye cāruśīle muñca mayi mānam anidānam sapadi madanānalaḥ dahati mama mānasam dehi mukhakamalamadhupānam ||;GOOD;;
GītGov, 10: 10;14 1;smaragaralakhaṇḍanam mama śirasi maṇḍanam dehi padapallavam udāram |;
GītGov, 10: 10;14 2;jvalati mayi dāruṇaḥ madanakadanāruṇaḥ haratu tadupāhitavikāram ||;
GītGov, 10: 10;15 1;priye cāruśīle muñca mayi mānam anidānam sapadi madanānalaḥ dahati mama mānasam dehi mukhakamalamadhupānam ||;"Gītagovinda" GītGov, 10: 10 3 1;priye cāruśīle muñca mayi mānam anidānam sapadi madanānalaḥ dahati mama mānasam dehi mukhakamalamadhupānam ||;GOOD;;"Gītagovinda" GītGov, 10: 10 5 1;priye cāruśīle muñca mayi mānam anidānam sapadi madanānalaḥ dahati mama mānasam dehi mukhakamalamadhupānam ||;GOOD;;"Gītagovinda" GītGov, 10: 10 7 1;priye cāruśīle muñca mayi mānam anidānam sapadi madanānalaḥ dahati mama mānasam dehi mukhakamalamadhupānam ||;GOOD;;"Gītagovinda" GītGov, 10: 10 9 1;priye cāruśīle muñca mayi mānam anidānam sapadi madanānalaḥ dahati mama mānasam dehi mukhakamalamadhupānam ||;GOOD;;"Gītagovinda" GītGov, 10: 10 11 1;priye cāruśīle muñca mayi mānam anidānam sapadi madanānalaḥ dahati mama mānasam dehi mukhakamalamadhupānam ||;GOOD;;"Gītagovinda" GītGov, 10: 10 13 1;priye cāruśīle muñca mayi mānam anidānam sapadi madanānalaḥ dahati mama mānasam dehi mukhakamalamadhupānam ||;GOOD;;"Gītagovinda" GītGov, 10: 10 17 1;priye cāruśīle muñca mayi mānam anidānam sapadi madanānalaḥ dahati mama mānasam dehi mukhakamalamadhupānam ||;GOOD;;
GītGov, 10: 10;16 1;iti caṭulacāṭupaṭucāru muravairiṇaḥ rādhikām adhi vacanajātam |;
GītGov, 10: 10;16 2;jayati padmāvatīramaṇajayadevakavibhāratībhaṇitam atiśātam ||;
GītGov, 10: 10;17 1;priye cāruśīle muñca mayi mānam anidānam sapadi madanānalaḥ dahati mama mānasam dehi mukhakamalamadhupānam ||;"Gītagovinda" GītGov, 10: 10 3 1;priye cāruśīle muñca mayi mānam anidānam sapadi madanānalaḥ dahati mama mānasam dehi mukhakamalamadhupānam ||;GOOD;;"Gītagovinda" GītGov, 10: 10 5 1;priye cāruśīle muñca mayi mānam anidānam sapadi madanānalaḥ dahati mama mānasam dehi mukhakamalamadhupānam ||;GOOD;;"Gītagovinda" GītGov, 10: 10 7 1;priye cāruśīle muñca mayi mānam anidānam sapadi madanānalaḥ dahati mama mānasam dehi mukhakamalamadhupānam ||;GOOD;;"Gītagovinda" GītGov, 10: 10 9 1;priye cāruśīle muñca mayi mānam anidānam sapadi madanānalaḥ dahati mama mānasam dehi mukhakamalamadhupānam ||;GOOD;;"Gītagovinda" GītGov, 10: 10 11 1;priye cāruśīle muñca mayi mānam anidānam sapadi madanānalaḥ dahati mama mānasam dehi mukhakamalamadhupānam ||;GOOD;;"Gītagovinda" GītGov, 10: 10 13 1;priye cāruśīle muñca mayi mānam anidānam sapadi madanānalaḥ dahati mama mānasam dehi mukhakamalamadhupānam ||;GOOD;;"Gītagovinda" GītGov, 10: 10 15 1;priye cāruśīle muñca mayi mānam anidānam sapadi madanānalaḥ dahati mama mānasam dehi mukhakamalamadhupānam ||;GOOD;;
GītGov, 10: 10;18 1;parihara kṛtātaṅke śaṅkām tvayā satatam ghanastanajaghanayā ākrānte svānte parānavakāśini |;
GītGov, 10: 10;18 2;viśati vitanoḥ anyaḥ dhanyaḥ na kaḥ api mamāntaram stanabharaparīrambhārambhe vidhehi vidheyatām ||;
GītGov, 10: 10;19 1;mugdhe vidhehi mayi nirdayadantadaṃśadoḥvallibandhanibiḍastanapīḍanāni |;"Nibandhasaṃgraha" NiSaṃ zu Su, Sū., 24, 11.2: -1 8 0;śiṣyabuddhivyākulatvahetutvādasmābhir saṃśleṣaḥ ||;PARTLY;+ saṁśleṣa - muh;"Pāśupatasūtra" PāśupSūtra, 1: 1 43 0;bhajasva mām ||;PARTLY;+ bhaj - muh;"Pañcārthabhāṣya" PABh zu PāśupSūtra, 1, 9: 9 218 0;mayi vartate ||;PARTLY;+ vṛt - muh;"Pañcārthabhāṣya" PABh zu PāśupSūtra, 1, 27: 28 5 0;vaśyāḥ vidheyāḥ ||;PARTLY;+ vaśya - muh;"Vārāhagṛhyasūtra" VārGṛSū, 4: 4 12 3;ahamasau |;PARTLY;+ adas - muh;"Vārāhagṛhyasūtra" VārGṛSū, 8: 8 2 4;ahaṃ sūrya ivājani |;PARTLY;+ sūrya - muh;"Vārāhagṛhyasūtra" VārGṛSū, 8: 8 2 8;ahaṃ sūrya ivājani |;PARTLY;+ sūrya - muh;"Vārāhagṛhyasūtra" VārGṛSū, 11: 11 10 2;na mā riṣāmeti ||;PARTLY;+ na - muh;"Hitopadeśa" Hitop, 2: 2 200 14;mamāsamīkṣyakāriṇaḥ |;PARTLY;+ asamīkṣyakārin - muh;"Sūryaśatakaṭīkā" Sūryaśatakaṭīkā zu SūryaŚ, 1, 12.2: 12 3 0;ācarantyo vidadhatyaḥ ||;PARTLY;+ ācar - muh;"Chāndogyopaniṣad" ChāUp, 8, 14: 152 1 4;yaśo .ham anuprāpatsi |;PARTLY;+ yaśas - muh;"Tantrākhyāyikā" TAkhy, 1: 1 402 1;ahaṃ kacchapaḥ ||;PARTLY;+ kacchapa - muh;"Daśakumāracarita" DKCar, 2, 2: 7 342 1;tato .ham evāhanyeya ||;PARTLY;+ tatas - muh;"Bṛhatkathāślokasaṃgraha" BKŚS, 20: 20 289 1;ubheṭīkūṭapaṭalaprāsādādigatā ca mām |;PARTLY;+ ca - muh;"Kāśikāvṛtti" Kāśikāvṛtti zu Aṣṭādhyāyī, 1, 1, 2.1: 2 1 7;ahaṃ pace |;PARTLY;+ pac - muh;"Kāśikāvṛtti" Kāśikāvṛtti zu Aṣṭādhyāyī, 1, 1, 13.1: 13 1 8;me rāyaḥ |;PARTLY;+ rai - muh;"Kāśikāvṛtti" Kāśikāvṛtti zu Aṣṭādhyāyī, 1, 1, 13.1: 13 1 10;me iti |;PARTLY;+ iti - muh;"Āryāsaptaśatī" Āsapt, 2: 2 327 2;tvaṃ mama bhagnāvastitakusumāyudhaviśikhaphalikeva ||;PARTLY;+ tvad - muh;"Ṛgveda" ṚV, 1, 7: 7 6 2;asmabhyam apratiṣkutaḥ ||;PARTLY;+ apratiṣkuta - muh;"Ṛgveda" ṚV, 4, 55: 351 9 2;asmabhyaṃ vājinīvati ||;PARTLY;+ vājinīvat - muh;"Taittirīyopaniṣad" TaittUp, 1, 1: 1 1 15;avatu mām |;PARTLY;+ av - muh;"Divyāvadāna" Divyāv, 1: 1 284 0;bubhukṣitā vayam ||;PARTLY;+ bubhukṣ - muh;"Divyāvadāna" Divyāv, 1: 1 285 0;asmākamanuprayaccha ||;PARTLY;+ anuprayam - muh;"Divyāvadāna" Divyāv, 19: 19 265 1;ahaṃ bhakṣayāmi ||;PARTLY;+ bhakṣay - muh;
GītGov, 10: 10;19 2;caṇḍi tvam eva mudam añca na pañcabāṇacaṇḍālakāṇḍadalanāt asavaḥ prayāntu ||;
GītGov, 10: 10;20 1;vyathayati vṛthā maunam tanvi prapañcaya pañcamam taruṇi madhurālāpaiḥ tāpam vinodaya dṛṣṭibhiḥ |;
GītGov, 10: 10;20 2;sumukhi vimukhībhāvam tāvat vimuñca na muñca mām svayam atiśayasnigdhaḥ mugdhe priyaḥ aham upasthitaḥ ||;
GītGov, 10: 10;21 1;bandhūkadyutibāndhavaḥ ayam adharaḥ snigdhaḥ madhūkachaviḥ gaṇḍaḥ caṇḍi cakāsti nīlanalinaśrīmocanam locanam |;
GītGov, 10: 10;21 2;nāsā abhyeti tilaprasūnapadavīm kundābhadanti priye prāyaḥ tvanmukhasevayā vijayate viśvam saḥ puṣpāyudhaḥ ||;
GītGov, 10: 10;22 1;dṛśau tava madālase vadanam indusaṃdīpakam gatiḥ janamanoramā vidhutarambham ūrudvayam |;
GītGov, 10: 10;22 2;ratiḥ tava kalāvatī ruciracitralekhe bhruvau aho vibudhayauvatam vahasi tanvi pṛthvīgatā ||;
GītGov, 11: 11;1 1;suciram anunayena prīṇayitvā mṛgākṣīm gatavati kṛtaveśe keśave kuñjaśayyām |;
GītGov, 11: 11;1 2;racitarucirabhūṣām dṛṣṭimoṣe pradoṣe sphurati niravasādām kāpi rādhām jagāda ||;
GītGov, 11: 11;2 1;viracitacāṭuvacanaracanam caraṇe racitapraṇipātam |;
GītGov, 11: 11;2 2;saṃprati mañjulavañjulasīmani keliśayanam anuyātam ||;
GītGov, 11: 11;3 1;mugdhe madhumathanam anugatam anusara rādhike ||;"Gītagovinda" GītGov, 11: 11 5 1;mugdhe madhumathanam anugatam anusara rādhike ||;GOOD;;"Gītagovinda" GītGov, 11: 11 7 1;mugdhe madhumathanam anugatam anusara rādhike ||;GOOD;;"Gītagovinda" GītGov, 11: 11 9 1;mugdhe madhumathanam anugatam anusara rādhike ||;GOOD;;"Gītagovinda" GītGov, 11: 11 11 1;mugdhe madhumathanam anugatam anusara rādhike ||;GOOD;;"Gītagovinda" GītGov, 11: 11 13 1;mugdhe madhumathanam anugatam anusara rādhike ||;GOOD;;"Gītagovinda" GītGov, 11: 11 15 1;mugdhe madhumathanam anugatam anusara rādhike ||;GOOD;;"Gītagovinda" GītGov, 11: 11 17 1;mugdhe madhumathanam anugatam anusara rādhike ||;GOOD;;
GītGov, 11: 11;4 1;ghanajaghanastanabhārabhare daramantharacaraṇavihāram |;
GītGov, 11: 11;4 2;mukharitamaṇimañjīram upaihi vidhehi marālavikāram ||;
GītGov, 11: 11;5 1;mugdhe madhumathanam anugatam anusara rādhike ||;"Gītagovinda" GītGov, 11: 11 3 1;mugdhe madhumathanam anugatam anusara rādhike ||;GOOD;;"Gītagovinda" GītGov, 11: 11 7 1;mugdhe madhumathanam anugatam anusara rādhike ||;GOOD;;"Gītagovinda" GītGov, 11: 11 9 1;mugdhe madhumathanam anugatam anusara rādhike ||;GOOD;;"Gītagovinda" GītGov, 11: 11 11 1;mugdhe madhumathanam anugatam anusara rādhike ||;GOOD;;"Gītagovinda" GītGov, 11: 11 13 1;mugdhe madhumathanam anugatam anusara rādhike ||;GOOD;;"Gītagovinda" GītGov, 11: 11 15 1;mugdhe madhumathanam anugatam anusara rādhike ||;GOOD;;"Gītagovinda" GītGov, 11: 11 17 1;mugdhe madhumathanam anugatam anusara rādhike ||;GOOD;;
GītGov, 11: 11;6 1;śṛṇu ramaṇīyataram taruṇījanamohanamadhupavirāvam |;
GītGov, 11: 11;6 2;kusumaśarāsanaśāsanabandini pikanikare bhaja bhāvam ||;
GītGov, 11: 11;7 1;mugdhe madhumathanam anugatam anusara rādhike ||;"Gītagovinda" GītGov, 11: 11 3 1;mugdhe madhumathanam anugatam anusara rādhike ||;GOOD;;"Gītagovinda" GītGov, 11: 11 5 1;mugdhe madhumathanam anugatam anusara rādhike ||;GOOD;;"Gītagovinda" GītGov, 11: 11 9 1;mugdhe madhumathanam anugatam anusara rādhike ||;GOOD;;"Gītagovinda" GītGov, 11: 11 11 1;mugdhe madhumathanam anugatam anusara rādhike ||;GOOD;;"Gītagovinda" GītGov, 11: 11 13 1;mugdhe madhumathanam anugatam anusara rādhike ||;GOOD;;"Gītagovinda" GītGov, 11: 11 15 1;mugdhe madhumathanam anugatam anusara rādhike ||;GOOD;;"Gītagovinda" GītGov, 11: 11 17 1;mugdhe madhumathanam anugatam anusara rādhike ||;GOOD;;
GītGov, 11: 11;8 1;anilataralakisalayanikareṇa kareṇa latānikurambam |;
GītGov, 11: 11;8 2;preraṇam iva karabhoru karoti gatim pratimuñca vilambam ||;
GītGov, 11: 11;9 1;mugdhe madhumathanam anugatam anusara rādhike ||;"Gītagovinda" GītGov, 11: 11 3 1;mugdhe madhumathanam anugatam anusara rādhike ||;GOOD;;"Gītagovinda" GītGov, 11: 11 5 1;mugdhe madhumathanam anugatam anusara rādhike ||;GOOD;;"Gītagovinda" GītGov, 11: 11 7 1;mugdhe madhumathanam anugatam anusara rādhike ||;GOOD;;"Gītagovinda" GītGov, 11: 11 11 1;mugdhe madhumathanam anugatam anusara rādhike ||;GOOD;;"Gītagovinda" GītGov, 11: 11 13 1;mugdhe madhumathanam anugatam anusara rādhike ||;GOOD;;"Gītagovinda" GītGov, 11: 11 15 1;mugdhe madhumathanam anugatam anusara rādhike ||;GOOD;;"Gītagovinda" GītGov, 11: 11 17 1;mugdhe madhumathanam anugatam anusara rādhike ||;GOOD;;
GītGov, 11: 11;10 1;sphuritam anaṅgataraṅgavaśāt iva sūcitahariparirambham |;
GītGov, 11: 11;10 2;pṛccha manoharahāravimalajaladhāram amum kucakumbham ||;
GītGov, 11: 11;11 1;mugdhe madhumathanam anugatam anusara rādhike ||;"Gītagovinda" GītGov, 11: 11 3 1;mugdhe madhumathanam anugatam anusara rādhike ||;GOOD;;"Gītagovinda" GītGov, 11: 11 5 1;mugdhe madhumathanam anugatam anusara rādhike ||;GOOD;;"Gītagovinda" GītGov, 11: 11 7 1;mugdhe madhumathanam anugatam anusara rādhike ||;GOOD;;"Gītagovinda" GītGov, 11: 11 9 1;mugdhe madhumathanam anugatam anusara rādhike ||;GOOD;;"Gītagovinda" GītGov, 11: 11 13 1;mugdhe madhumathanam anugatam anusara rādhike ||;GOOD;;"Gītagovinda" GītGov, 11: 11 15 1;mugdhe madhumathanam anugatam anusara rādhike ||;GOOD;;"Gītagovinda" GītGov, 11: 11 17 1;mugdhe madhumathanam anugatam anusara rādhike ||;GOOD;;
GītGov, 11: 11;12 1;adhigatam akhilasakhībhiḥ idam tava vapuḥ api ratiraṇasajjam |;
GītGov, 11: 11;12 2;caṇḍi rasitaraśanāravaḍiṇḍimam abhisara sarasam alajjam ||;
GītGov, 11: 11;13 1;mugdhe madhumathanam anugatam anusara rādhike ||;"Gītagovinda" GītGov, 11: 11 3 1;mugdhe madhumathanam anugatam anusara rādhike ||;GOOD;;"Gītagovinda" GītGov, 11: 11 5 1;mugdhe madhumathanam anugatam anusara rādhike ||;GOOD;;"Gītagovinda" GītGov, 11: 11 7 1;mugdhe madhumathanam anugatam anusara rādhike ||;GOOD;;"Gītagovinda" GītGov, 11: 11 9 1;mugdhe madhumathanam anugatam anusara rādhike ||;GOOD;;"Gītagovinda" GītGov, 11: 11 11 1;mugdhe madhumathanam anugatam anusara rādhike ||;GOOD;;"Gītagovinda" GītGov, 11: 11 15 1;mugdhe madhumathanam anugatam anusara rādhike ||;GOOD;;"Gītagovinda" GītGov, 11: 11 17 1;mugdhe madhumathanam anugatam anusara rādhike ||;GOOD;;
GītGov, 11: 11;14 1;smaraśarasubhaganakhena kareṇa sakhīm avalambya salīlam |;
GītGov, 11: 11;14 2;cala valayakvaṇitaiḥ avabodhaya harim api nijagatiśīlam ||;
GītGov, 11: 11;15 1;mugdhe madhumathanam anugatam anusara rādhike ||;"Gītagovinda" GītGov, 11: 11 3 1;mugdhe madhumathanam anugatam anusara rādhike ||;GOOD;;"Gītagovinda" GītGov, 11: 11 5 1;mugdhe madhumathanam anugatam anusara rādhike ||;GOOD;;"Gītagovinda" GītGov, 11: 11 7 1;mugdhe madhumathanam anugatam anusara rādhike ||;GOOD;;"Gītagovinda" GītGov, 11: 11 9 1;mugdhe madhumathanam anugatam anusara rādhike ||;GOOD;;"Gītagovinda" GītGov, 11: 11 11 1;mugdhe madhumathanam anugatam anusara rādhike ||;GOOD;;"Gītagovinda" GītGov, 11: 11 13 1;mugdhe madhumathanam anugatam anusara rādhike ||;GOOD;;"Gītagovinda" GītGov, 11: 11 17 1;mugdhe madhumathanam anugatam anusara rādhike ||;GOOD;;
GītGov, 11: 11;16 1;śrījayadevabhaṇitam adharīkṛtahāram udāsitavāmam |;
GītGov, 11: 11;16 2;harivinihitamanasām adhitiṣṭhatu kaṇṭhataṭīm avirāmam ||;
GītGov, 11: 11;17 1;mugdhe madhumathanam anugatam anusara rādhike ||;"Gītagovinda" GītGov, 11: 11 3 1;mugdhe madhumathanam anugatam anusara rādhike ||;GOOD;;"Gītagovinda" GītGov, 11: 11 5 1;mugdhe madhumathanam anugatam anusara rādhike ||;GOOD;;"Gītagovinda" GītGov, 11: 11 7 1;mugdhe madhumathanam anugatam anusara rādhike ||;GOOD;;"Gītagovinda" GītGov, 11: 11 9 1;mugdhe madhumathanam anugatam anusara rādhike ||;GOOD;;"Gītagovinda" GītGov, 11: 11 11 1;mugdhe madhumathanam anugatam anusara rādhike ||;GOOD;;"Gītagovinda" GītGov, 11: 11 13 1;mugdhe madhumathanam anugatam anusara rādhike ||;GOOD;;"Gītagovinda" GītGov, 11: 11 15 1;mugdhe madhumathanam anugatam anusara rādhike ||;GOOD;;
GītGov, 11: 11;18 1;sā mām drakṣyati vakṣyati smarakathām pratyaṅgam āliṅganaiḥ prītim yāsyati raṃsyate sakhi samāgatya iti cintākulaḥ |;
GītGov, 11: 11;18 2;saḥ tvām paśyati vepate pulakayati ānandati svidyati pratyudgacchati mūrchati sthiratamaḥpuñje nikuñje priyaḥ ||;
GītGov, 11: 11;19 1;akṣṇoḥ nikṣipadañjanam śravaṇayoḥ tāpicchagucchāvalīm mūrdhni śyāmasarojadāma kucayoḥ kastūrikāpatrakam |;
GītGov, 11: 11;19 2;dhūrtānām abhisārasatvarahṛdām viṣvaknikuñje sakhi dhvāntam nīlanicolacāru sudṛśām pratyaṅgam āliṅgati ||;
GītGov, 11: 11;20 1;kāśmīragauravapuṣām abhisārikāṇām ābaddharekham abhitaḥ rucimañjarībhiḥ |;
GītGov, 11: 11;20 2;etat tamāladalanīlatamam tamisram tatpremahemanikaṣopalatām tanoti ||;
GītGov, 11: 11;21 1;hārāvalītaralakāñcidāmakeyūrakaṅkaṇamaṇidyutidīpitasya |;
GītGov, 11: 11;21 2;dvāre nikuñjanilayasya harim nirīkṣya vrīḍāvatīm atha sakhī nijagāda rādhām ||;
GītGov, 11: 11;22 1;mañjutarakuñjatalakelisadane |;
GītGov, 11: 11;22 2;vilasa ratirabhasahasitavadane ||;
GītGov, 11: 11;23 1;praviśa rādhe mādhavasamīpam iha ||;"Gītagovinda" GītGov, 11: 11 25 1;praviśa rādhe mādhavasamīpam iha ||;GOOD;;"Gītagovinda" GītGov, 11: 11 27 1;praviśa rādhe mādhavasamīpam iha ||;GOOD;;"Gītagovinda" GītGov, 11: 11 29 1;praviśa rādhe mādhavasamīpam iha ||;GOOD;;"Gītagovinda" GītGov, 11: 11 31 1;praviśa rādhe mādhavasamīpam iha ||;GOOD;;"Gītagovinda" GītGov, 11: 11 33 1;praviśa rādhe mādhavasamīpam iha ||;GOOD;;"Gītagovinda" GītGov, 11: 11 35 1;praviśa rādhe mādhavasamīpam iha ||;GOOD;;"Gītagovinda" GītGov, 11: 11 37 1;praviśa rādhe mādhavasamīpam iha ||;GOOD;;
GītGov, 11: 11;24 1;navabhavadaśokadalaśayanasāre |;
GītGov, 11: 11;24 2;vilasa kucakalaśataralahāre ||;
GītGov, 11: 11;25 1;praviśa rādhe mādhavasamīpam iha ||;"Gītagovinda" GītGov, 11: 11 23 1;praviśa rādhe mādhavasamīpam iha ||;GOOD;;"Gītagovinda" GītGov, 11: 11 27 1;praviśa rādhe mādhavasamīpam iha ||;GOOD;;"Gītagovinda" GītGov, 11: 11 29 1;praviśa rādhe mādhavasamīpam iha ||;GOOD;;"Gītagovinda" GītGov, 11: 11 31 1;praviśa rādhe mādhavasamīpam iha ||;GOOD;;"Gītagovinda" GītGov, 11: 11 33 1;praviśa rādhe mādhavasamīpam iha ||;GOOD;;"Gītagovinda" GītGov, 11: 11 35 1;praviśa rādhe mādhavasamīpam iha ||;GOOD;;"Gītagovinda" GītGov, 11: 11 37 1;praviśa rādhe mādhavasamīpam iha ||;GOOD;;
GītGov, 11: 11;26 1;kusumacayaracitaśucivāsagehe |;
GītGov, 11: 11;26 2;vilasa kusumasukumāradehe ||;
GītGov, 11: 11;27 1;praviśa rādhe mādhavasamīpam iha ||;"Gītagovinda" GītGov, 11: 11 23 1;praviśa rādhe mādhavasamīpam iha ||;GOOD;;"Gītagovinda" GītGov, 11: 11 25 1;praviśa rādhe mādhavasamīpam iha ||;GOOD;;"Gītagovinda" GītGov, 11: 11 29 1;praviśa rādhe mādhavasamīpam iha ||;GOOD;;"Gītagovinda" GītGov, 11: 11 31 1;praviśa rādhe mādhavasamīpam iha ||;GOOD;;"Gītagovinda" GītGov, 11: 11 33 1;praviśa rādhe mādhavasamīpam iha ||;GOOD;;"Gītagovinda" GītGov, 11: 11 35 1;praviśa rādhe mādhavasamīpam iha ||;GOOD;;"Gītagovinda" GītGov, 11: 11 37 1;praviśa rādhe mādhavasamīpam iha ||;GOOD;;
GītGov, 11: 11;28 1;calamalayavanapavanasurabhiśīte |;
GītGov, 11: 11;28 2;vilasa rasavalitalalitagīte ||;
GītGov, 11: 11;29 1;praviśa rādhe mādhavasamīpam iha ||;"Gītagovinda" GītGov, 11: 11 23 1;praviśa rādhe mādhavasamīpam iha ||;GOOD;;"Gītagovinda" GītGov, 11: 11 25 1;praviśa rādhe mādhavasamīpam iha ||;GOOD;;"Gītagovinda" GītGov, 11: 11 27 1;praviśa rādhe mādhavasamīpam iha ||;GOOD;;"Gītagovinda" GītGov, 11: 11 31 1;praviśa rādhe mādhavasamīpam iha ||;GOOD;;"Gītagovinda" GītGov, 11: 11 33 1;praviśa rādhe mādhavasamīpam iha ||;GOOD;;"Gītagovinda" GītGov, 11: 11 35 1;praviśa rādhe mādhavasamīpam iha ||;GOOD;;"Gītagovinda" GītGov, 11: 11 37 1;praviśa rādhe mādhavasamīpam iha ||;GOOD;;
GītGov, 11: 11;30 1;madhumuditamadhupakulakalitarāve |;
GītGov, 11: 11;30 2;vilasa madanarasasarasabhāve ||;
GītGov, 11: 11;31 1;praviśa rādhe mādhavasamīpam iha ||;"Gītagovinda" GītGov, 11: 11 23 1;praviśa rādhe mādhavasamīpam iha ||;GOOD;;"Gītagovinda" GītGov, 11: 11 25 1;praviśa rādhe mādhavasamīpam iha ||;GOOD;;"Gītagovinda" GītGov, 11: 11 27 1;praviśa rādhe mādhavasamīpam iha ||;GOOD;;"Gītagovinda" GītGov, 11: 11 29 1;praviśa rādhe mādhavasamīpam iha ||;GOOD;;"Gītagovinda" GītGov, 11: 11 33 1;praviśa rādhe mādhavasamīpam iha ||;GOOD;;"Gītagovinda" GītGov, 11: 11 35 1;praviśa rādhe mādhavasamīpam iha ||;GOOD;;"Gītagovinda" GītGov, 11: 11 37 1;praviśa rādhe mādhavasamīpam iha ||;GOOD;;
GītGov, 11: 11;32 1;madhuratarapikanikaraninadamukhare |;
GītGov, 11: 11;32 2;vilasa daśanaruciruciraśikhare ||;
GītGov, 11: 11;33 1;praviśa rādhe mādhavasamīpam iha ||;"Gītagovinda" GītGov, 11: 11 23 1;praviśa rādhe mādhavasamīpam iha ||;GOOD;;"Gītagovinda" GītGov, 11: 11 25 1;praviśa rādhe mādhavasamīpam iha ||;GOOD;;"Gītagovinda" GītGov, 11: 11 27 1;praviśa rādhe mādhavasamīpam iha ||;GOOD;;"Gītagovinda" GītGov, 11: 11 29 1;praviśa rādhe mādhavasamīpam iha ||;GOOD;;"Gītagovinda" GītGov, 11: 11 31 1;praviśa rādhe mādhavasamīpam iha ||;GOOD;;"Gītagovinda" GītGov, 11: 11 35 1;praviśa rādhe mādhavasamīpam iha ||;GOOD;;"Gītagovinda" GītGov, 11: 11 37 1;praviśa rādhe mādhavasamīpam iha ||;GOOD;;
GītGov, 11: 11;34 1;vitatabahuvallinavapallavaghane |;
GītGov, 11: 11;34 2;vilasa ciram alasapīnajaghane ||;
GītGov, 11: 11;35 1;praviśa rādhe mādhavasamīpam iha ||;"Gītagovinda" GītGov, 11: 11 23 1;praviśa rādhe mādhavasamīpam iha ||;GOOD;;"Gītagovinda" GītGov, 11: 11 25 1;praviśa rādhe mādhavasamīpam iha ||;GOOD;;"Gītagovinda" GītGov, 11: 11 27 1;praviśa rādhe mādhavasamīpam iha ||;GOOD;;"Gītagovinda" GītGov, 11: 11 29 1;praviśa rādhe mādhavasamīpam iha ||;GOOD;;"Gītagovinda" GītGov, 11: 11 31 1;praviśa rādhe mādhavasamīpam iha ||;GOOD;;"Gītagovinda" GītGov, 11: 11 33 1;praviśa rādhe mādhavasamīpam iha ||;GOOD;;"Gītagovinda" GītGov, 11: 11 37 1;praviśa rādhe mādhavasamīpam iha ||;GOOD;;
GītGov, 11: 11;36 1;vihitapadmāvatīsukhasamāje |;
GītGov, 11: 11;36 2;kuru murāre maṅgalaśatāni bhaṇati jayadevakavirāje ||;
GītGov, 11: 11;37 1;praviśa rādhe mādhavasamīpam iha ||;"Gītagovinda" GītGov, 11: 11 23 1;praviśa rādhe mādhavasamīpam iha ||;GOOD;;"Gītagovinda" GītGov, 11: 11 25 1;praviśa rādhe mādhavasamīpam iha ||;GOOD;;"Gītagovinda" GītGov, 11: 11 27 1;praviśa rādhe mādhavasamīpam iha ||;GOOD;;"Gītagovinda" GītGov, 11: 11 29 1;praviśa rādhe mādhavasamīpam iha ||;GOOD;;"Gītagovinda" GītGov, 11: 11 31 1;praviśa rādhe mādhavasamīpam iha ||;GOOD;;"Gītagovinda" GītGov, 11: 11 33 1;praviśa rādhe mādhavasamīpam iha ||;GOOD;;"Gītagovinda" GītGov, 11: 11 35 1;praviśa rādhe mādhavasamīpam iha ||;GOOD;;
GītGov, 11: 11;38 1;tvām cittena ciram vahan ayam atiśrāntaḥ bhṛśam tāpitaḥ kandarpeṇa tu pātum icchati sudhāsaṃbādhabimbādharam |;
GītGov, 11: 11;38 2;asya aṅgam tat alaṃkuru kṣaṇam iha bhrūkṣepalakṣmīlavakrīte dāse iva upasevitapadāmbhoje kutaḥ sambhramaḥ ||;
GītGov, 11: 11;39 1;sā sasādhvasasānandam govinde lolalocanā |;
GītGov, 11: 11;39 2;siñjānamañjumañjīram praviveśa niveśanam ||;
GītGov, 11: 11;40 1;rādhāvadanavilokanavikasitavividhavikāravibhaṅgam |;
GītGov, 11: 11;40 2;jalanidhim iva vidhumaṇḍaladarśanataralitatuṅgataraṅgam ||;
GītGov, 11: 11;41 1;harim ekarasam ciram abhilaṣitavilāsam sā dadarśa guruharṣavaśaṃvadavadanam anaṅganivāsam ||;"Gītagovinda" GītGov, 11: 11 43 1;harim ekarasam ciram abhilaṣitavilāsam sā dadarśa guruharṣavaśaṃvadavadanam anaṅganivāsam ||;GOOD;;"Gītagovinda" GītGov, 11: 11 45 1;harim ekarasam ciram abhilaṣitavilāsam sā dadarśa guruharṣavaśaṃvadavadanam anaṅganivāsam ||;GOOD;;"Gītagovinda" GītGov, 11: 11 47 1;harim ekarasam ciram abhilaṣitavilāsam sā dadarśa guruharṣavaśaṃvadavadanam anaṅganivāsam ||;GOOD;;"Gītagovinda" GītGov, 11: 11 49 1;harim ekarasam ciram abhilaṣitavilāsam sā dadarśa guruharṣavaśaṃvadavadanam anaṅganivāsam ||;GOOD;;"Gītagovinda" GītGov, 11: 11 51 1;harim ekarasam ciram abhilaṣitavilāsam sā dadarśa guruharṣavaśaṃvadavadanam anaṅganivāsam ||;GOOD;;"Gītagovinda" GītGov, 11: 11 53 1;harim ekarasam ciram abhilaṣitavilāsam sā dadarśa guruharṣavaśaṃvadavadanam anaṅganivāsam ||;GOOD;;"Gītagovinda" GītGov, 11: 11 55 1;harim ekarasam ciram abhilaṣitavilāsam sā dadarśa guruharṣavaśaṃvadavadanam anaṅganivāsam ||;GOOD;;
GītGov, 11: 11;42 1;hāram amalataratāram urasi dadhatam parirabhya vidūram |;
GītGov, 11: 11;42 2;sphuṭataraphenakadambakarambitam iva yamunājalapūram ||;
GītGov, 11: 11;43 1;harim ekarasam ciram abhilaṣitavilāsam sā dadarśa guruharṣavaśaṃvadavadanam anaṅganivāsam ||;"Gītagovinda" GītGov, 11: 11 41 1;harim ekarasam ciram abhilaṣitavilāsam sā dadarśa guruharṣavaśaṃvadavadanam anaṅganivāsam ||;GOOD;;"Gītagovinda" GītGov, 11: 11 45 1;harim ekarasam ciram abhilaṣitavilāsam sā dadarśa guruharṣavaśaṃvadavadanam anaṅganivāsam ||;GOOD;;"Gītagovinda" GītGov, 11: 11 47 1;harim ekarasam ciram abhilaṣitavilāsam sā dadarśa guruharṣavaśaṃvadavadanam anaṅganivāsam ||;GOOD;;"Gītagovinda" GītGov, 11: 11 49 1;harim ekarasam ciram abhilaṣitavilāsam sā dadarśa guruharṣavaśaṃvadavadanam anaṅganivāsam ||;GOOD;;"Gītagovinda" GītGov, 11: 11 51 1;harim ekarasam ciram abhilaṣitavilāsam sā dadarśa guruharṣavaśaṃvadavadanam anaṅganivāsam ||;GOOD;;"Gītagovinda" GītGov, 11: 11 53 1;harim ekarasam ciram abhilaṣitavilāsam sā dadarśa guruharṣavaśaṃvadavadanam anaṅganivāsam ||;GOOD;;"Gītagovinda" GītGov, 11: 11 55 1;harim ekarasam ciram abhilaṣitavilāsam sā dadarśa guruharṣavaśaṃvadavadanam anaṅganivāsam ||;GOOD;;
GītGov, 11: 11;44 1;śyāmalamṛdulakalevaramaṇḍalam adhigatagauradukūlam |;
GītGov, 11: 11;44 2;nīlanalinam iva pītaparāgapaṭalabharavalayitamūlam ||;
GītGov, 11: 11;45 1;harim ekarasam ciram abhilaṣitavilāsam sā dadarśa guruharṣavaśaṃvadavadanam anaṅganivāsam ||;"Gītagovinda" GītGov, 11: 11 41 1;harim ekarasam ciram abhilaṣitavilāsam sā dadarśa guruharṣavaśaṃvadavadanam anaṅganivāsam ||;GOOD;;"Gītagovinda" GītGov, 11: 11 43 1;harim ekarasam ciram abhilaṣitavilāsam sā dadarśa guruharṣavaśaṃvadavadanam anaṅganivāsam ||;GOOD;;"Gītagovinda" GītGov, 11: 11 47 1;harim ekarasam ciram abhilaṣitavilāsam sā dadarśa guruharṣavaśaṃvadavadanam anaṅganivāsam ||;GOOD;;"Gītagovinda" GītGov, 11: 11 49 1;harim ekarasam ciram abhilaṣitavilāsam sā dadarśa guruharṣavaśaṃvadavadanam anaṅganivāsam ||;GOOD;;"Gītagovinda" GītGov, 11: 11 51 1;harim ekarasam ciram abhilaṣitavilāsam sā dadarśa guruharṣavaśaṃvadavadanam anaṅganivāsam ||;GOOD;;"Gītagovinda" GītGov, 11: 11 53 1;harim ekarasam ciram abhilaṣitavilāsam sā dadarśa guruharṣavaśaṃvadavadanam anaṅganivāsam ||;GOOD;;"Gītagovinda" GītGov, 11: 11 55 1;harim ekarasam ciram abhilaṣitavilāsam sā dadarśa guruharṣavaśaṃvadavadanam anaṅganivāsam ||;GOOD;;
GītGov, 11: 11;46 1;taraladṛgañcalacalanamanoharavadanajanitaratirāgam |;
GītGov, 11: 11;46 2;sphuṭakamalodarakhelitakhañjanayugam iva śaradi taḍāgam ||;
GītGov, 11: 11;47 1;harim ekarasam ciram abhilaṣitavilāsam sā dadarśa guruharṣavaśaṃvadavadanam anaṅganivāsam ||;"Gītagovinda" GītGov, 11: 11 41 1;harim ekarasam ciram abhilaṣitavilāsam sā dadarśa guruharṣavaśaṃvadavadanam anaṅganivāsam ||;GOOD;;"Gītagovinda" GītGov, 11: 11 43 1;harim ekarasam ciram abhilaṣitavilāsam sā dadarśa guruharṣavaśaṃvadavadanam anaṅganivāsam ||;GOOD;;"Gītagovinda" GītGov, 11: 11 45 1;harim ekarasam ciram abhilaṣitavilāsam sā dadarśa guruharṣavaśaṃvadavadanam anaṅganivāsam ||;GOOD;;"Gītagovinda" GītGov, 11: 11 49 1;harim ekarasam ciram abhilaṣitavilāsam sā dadarśa guruharṣavaśaṃvadavadanam anaṅganivāsam ||;GOOD;;"Gītagovinda" GītGov, 11: 11 51 1;harim ekarasam ciram abhilaṣitavilāsam sā dadarśa guruharṣavaśaṃvadavadanam anaṅganivāsam ||;GOOD;;"Gītagovinda" GītGov, 11: 11 53 1;harim ekarasam ciram abhilaṣitavilāsam sā dadarśa guruharṣavaśaṃvadavadanam anaṅganivāsam ||;GOOD;;"Gītagovinda" GītGov, 11: 11 55 1;harim ekarasam ciram abhilaṣitavilāsam sā dadarśa guruharṣavaśaṃvadavadanam anaṅganivāsam ||;GOOD;;
GītGov, 11: 11;48 1;vadanakamalapariśīlanamilitamihirasamakuṇḍalaśobham |;
GītGov, 11: 11;48 2;smitarucirucirasamullasitādharapallavakṛtaratilobham ||;
GītGov, 11: 11;49 1;harim ekarasam ciram abhilaṣitavilāsam sā dadarśa guruharṣavaśaṃvadavadanam anaṅganivāsam ||;"Gītagovinda" GītGov, 11: 11 41 1;harim ekarasam ciram abhilaṣitavilāsam sā dadarśa guruharṣavaśaṃvadavadanam anaṅganivāsam ||;GOOD;;"Gītagovinda" GītGov, 11: 11 43 1;harim ekarasam ciram abhilaṣitavilāsam sā dadarśa guruharṣavaśaṃvadavadanam anaṅganivāsam ||;GOOD;;"Gītagovinda" GītGov, 11: 11 45 1;harim ekarasam ciram abhilaṣitavilāsam sā dadarśa guruharṣavaśaṃvadavadanam anaṅganivāsam ||;GOOD;;"Gītagovinda" GītGov, 11: 11 47 1;harim ekarasam ciram abhilaṣitavilāsam sā dadarśa guruharṣavaśaṃvadavadanam anaṅganivāsam ||;GOOD;;"Gītagovinda" GītGov, 11: 11 51 1;harim ekarasam ciram abhilaṣitavilāsam sā dadarśa guruharṣavaśaṃvadavadanam anaṅganivāsam ||;GOOD;;"Gītagovinda" GītGov, 11: 11 53 1;harim ekarasam ciram abhilaṣitavilāsam sā dadarśa guruharṣavaśaṃvadavadanam anaṅganivāsam ||;GOOD;;"Gītagovinda" GītGov, 11: 11 55 1;harim ekarasam ciram abhilaṣitavilāsam sā dadarśa guruharṣavaśaṃvadavadanam anaṅganivāsam ||;GOOD;;
GītGov, 11: 11;50 1;śaśikiraṇachuritodarajaladharasundarasakusumakośam |;
GītGov, 11: 11;50 2;timiroditavidhumaṇḍalanirmalamalayajatilakaniveśam ||;
GītGov, 11: 11;51 1;harim ekarasam ciram abhilaṣitavilāsam sā dadarśa guruharṣavaśaṃvadavadanam anaṅganivāsam ||;"Gītagovinda" GītGov, 11: 11 41 1;harim ekarasam ciram abhilaṣitavilāsam sā dadarśa guruharṣavaśaṃvadavadanam anaṅganivāsam ||;GOOD;;"Gītagovinda" GītGov, 11: 11 43 1;harim ekarasam ciram abhilaṣitavilāsam sā dadarśa guruharṣavaśaṃvadavadanam anaṅganivāsam ||;GOOD;;"Gītagovinda" GītGov, 11: 11 45 1;harim ekarasam ciram abhilaṣitavilāsam sā dadarśa guruharṣavaśaṃvadavadanam anaṅganivāsam ||;GOOD;;"Gītagovinda" GītGov, 11: 11 47 1;harim ekarasam ciram abhilaṣitavilāsam sā dadarśa guruharṣavaśaṃvadavadanam anaṅganivāsam ||;GOOD;;"Gītagovinda" GītGov, 11: 11 49 1;harim ekarasam ciram abhilaṣitavilāsam sā dadarśa guruharṣavaśaṃvadavadanam anaṅganivāsam ||;GOOD;;"Gītagovinda" GītGov, 11: 11 53 1;harim ekarasam ciram abhilaṣitavilāsam sā dadarśa guruharṣavaśaṃvadavadanam anaṅganivāsam ||;GOOD;;"Gītagovinda" GītGov, 11: 11 55 1;harim ekarasam ciram abhilaṣitavilāsam sā dadarśa guruharṣavaśaṃvadavadanam anaṅganivāsam ||;GOOD;;
GītGov, 11: 11;52 1;vipulapulakabharadanturitam ratikelikalābhiḥ adhīram |;
GītGov, 11: 11;52 2;maṇigaṇakiraṇasamūhasamujjvalabhūṣaṇasubhagaśarīram ||;
GītGov, 11: 11;53 1;harim ekarasam ciram abhilaṣitavilāsam sā dadarśa guruharṣavaśaṃvadavadanam anaṅganivāsam ||;"Gītagovinda" GītGov, 11: 11 41 1;harim ekarasam ciram abhilaṣitavilāsam sā dadarśa guruharṣavaśaṃvadavadanam anaṅganivāsam ||;GOOD;;"Gītagovinda" GītGov, 11: 11 43 1;harim ekarasam ciram abhilaṣitavilāsam sā dadarśa guruharṣavaśaṃvadavadanam anaṅganivāsam ||;GOOD;;"Gītagovinda" GītGov, 11: 11 45 1;harim ekarasam ciram abhilaṣitavilāsam sā dadarśa guruharṣavaśaṃvadavadanam anaṅganivāsam ||;GOOD;;"Gītagovinda" GītGov, 11: 11 47 1;harim ekarasam ciram abhilaṣitavilāsam sā dadarśa guruharṣavaśaṃvadavadanam anaṅganivāsam ||;GOOD;;"Gītagovinda" GītGov, 11: 11 49 1;harim ekarasam ciram abhilaṣitavilāsam sā dadarśa guruharṣavaśaṃvadavadanam anaṅganivāsam ||;GOOD;;"Gītagovinda" GītGov, 11: 11 51 1;harim ekarasam ciram abhilaṣitavilāsam sā dadarśa guruharṣavaśaṃvadavadanam anaṅganivāsam ||;GOOD;;"Gītagovinda" GītGov, 11: 11 55 1;harim ekarasam ciram abhilaṣitavilāsam sā dadarśa guruharṣavaśaṃvadavadanam anaṅganivāsam ||;GOOD;;
GītGov, 11: 11;54 1;śrījayadevabhaṇitavibhavadviguṇīkṛtabhūṣaṇabhāram |;
GītGov, 11: 11;54 2;praṇamata hṛdi suciram vinidhāya harim sukṛtodayasāram ||;
GītGov, 11: 11;55 1;harim ekarasam ciram abhilaṣitavilāsam sā dadarśa guruharṣavaśaṃvadavadanam anaṅganivāsam ||;"Gītagovinda" GītGov, 11: 11 41 1;harim ekarasam ciram abhilaṣitavilāsam sā dadarśa guruharṣavaśaṃvadavadanam anaṅganivāsam ||;GOOD;;"Gītagovinda" GītGov, 11: 11 43 1;harim ekarasam ciram abhilaṣitavilāsam sā dadarśa guruharṣavaśaṃvadavadanam anaṅganivāsam ||;GOOD;;"Gītagovinda" GītGov, 11: 11 45 1;harim ekarasam ciram abhilaṣitavilāsam sā dadarśa guruharṣavaśaṃvadavadanam anaṅganivāsam ||;GOOD;;"Gītagovinda" GītGov, 11: 11 47 1;harim ekarasam ciram abhilaṣitavilāsam sā dadarśa guruharṣavaśaṃvadavadanam anaṅganivāsam ||;GOOD;;"Gītagovinda" GītGov, 11: 11 49 1;harim ekarasam ciram abhilaṣitavilāsam sā dadarśa guruharṣavaśaṃvadavadanam anaṅganivāsam ||;GOOD;;"Gītagovinda" GītGov, 11: 11 51 1;harim ekarasam ciram abhilaṣitavilāsam sā dadarśa guruharṣavaśaṃvadavadanam anaṅganivāsam ||;GOOD;;"Gītagovinda" GītGov, 11: 11 53 1;harim ekarasam ciram abhilaṣitavilāsam sā dadarśa guruharṣavaśaṃvadavadanam anaṅganivāsam ||;GOOD;;
GītGov, 11: 11;56 1;atikramya apāṅgam śravaṇapathaparyantagamanaprayāsena iva akṣṇoḥ taralataratāram patitayoḥ |;
GītGov, 11: 11;56 2;idānīm rādhāyāḥ priyatamasamālokasamaye papāta svedāmbuprasara iva harṣāśrunikaraḥ ||;
GītGov, 11: 11;57 1;bhajantyāḥ talpāntam kṛtakapaṭakaṇḍūtipihitasmitam yāte gehāt bahiḥ avahitālīparijane |;
GītGov, 11: 11;57 2;priyāsyam paśyantyāḥ smaraśarasamākūtasubhagam salajjā lajjā api vyagamat iva dūram mṛgadṛśaḥ ||;
GītGov, 12: 12;1 1;gatavati sakhīvṛnde amandatrapābharanirbharasmaraparavaśākūtasphītasmitasnapitādharām |;
GītGov, 12: 12;1 2;sarasamanasam dṛṣṭvā rādhām muhuḥ navapallavaprasavaśayane nikṣiptākṣīm uvāca hariḥ priyām ||;
GītGov, 12: 12;2 1;kisalayaśayanatale kuru kāmini caraṇanalinaviniveśam |;
GītGov, 12: 12;2 2;tava padapallavavairiparābhavam idam anubhavatu suveśam ||;
GītGov, 12: 12;3 1;kṣaṇam adhunā nārāyaṇam anugatam anusara rādhike ||;"Gītagovinda" GītGov, 12: 12 5 1;kṣaṇam adhunā nārāyaṇam anugatam anusara rādhike ||;GOOD;;"Gītagovinda" GītGov, 12: 12 7 1;kṣaṇam adhunā nārāyaṇam anugatam anusara rādhike ||;GOOD;;"Gītagovinda" GītGov, 12: 12 9 1;kṣaṇam adhunā nārāyaṇam anugatam anusara rādhike ||;GOOD;;"Gītagovinda" GītGov, 12: 12 11 1;kṣaṇam adhunā nārāyaṇam anugatam anusara rādhike ||;GOOD;;"Gītagovinda" GītGov, 12: 12 13 1;kṣaṇam adhunā nārāyaṇam anugatam anusara rādhike ||;GOOD;;"Gītagovinda" GītGov, 12: 12 15 1;kṣaṇam adhunā nārāyaṇam anugatam anusara rādhike ||;GOOD;;"Gītagovinda" GītGov, 12: 12 17 1;kṣaṇam adhunā nārāyaṇam anugatam anusara rādhike ||;GOOD;;
GītGov, 12: 12;4 1;karakamalena karomi caraṇamaham āgamitā asi vidūram |;
GītGov, 12: 12;4 2;kṣaṇam upakuru śayanopari mām iva nūpuram anugataśūram ||;
GītGov, 12: 12;5 1;kṣaṇam adhunā nārāyaṇam anugatam anusara rādhike ||;"Gītagovinda" GītGov, 12: 12 3 1;kṣaṇam adhunā nārāyaṇam anugatam anusara rādhike ||;GOOD;;"Gītagovinda" GītGov, 12: 12 7 1;kṣaṇam adhunā nārāyaṇam anugatam anusara rādhike ||;GOOD;;"Gītagovinda" GītGov, 12: 12 9 1;kṣaṇam adhunā nārāyaṇam anugatam anusara rādhike ||;GOOD;;"Gītagovinda" GītGov, 12: 12 11 1;kṣaṇam adhunā nārāyaṇam anugatam anusara rādhike ||;GOOD;;"Gītagovinda" GītGov, 12: 12 13 1;kṣaṇam adhunā nārāyaṇam anugatam anusara rādhike ||;GOOD;;"Gītagovinda" GītGov, 12: 12 15 1;kṣaṇam adhunā nārāyaṇam anugatam anusara rādhike ||;GOOD;;"Gītagovinda" GītGov, 12: 12 17 1;kṣaṇam adhunā nārāyaṇam anugatam anusara rādhike ||;GOOD;;
GītGov, 12: 12;6 1;vadanasudhānidhigalitam amṛtamiva racaya vacanam anukūlam |;
GītGov, 12: 12;6 2;viraham iva apanayāmi payodhararodhakam urasi dukūlam ||;
GītGov, 12: 12;7 1;kṣaṇam adhunā nārāyaṇam anugatam anusara rādhike ||;"Gītagovinda" GītGov, 12: 12 3 1;kṣaṇam adhunā nārāyaṇam anugatam anusara rādhike ||;GOOD;;"Gītagovinda" GītGov, 12: 12 5 1;kṣaṇam adhunā nārāyaṇam anugatam anusara rādhike ||;GOOD;;"Gītagovinda" GītGov, 12: 12 9 1;kṣaṇam adhunā nārāyaṇam anugatam anusara rādhike ||;GOOD;;"Gītagovinda" GītGov, 12: 12 11 1;kṣaṇam adhunā nārāyaṇam anugatam anusara rādhike ||;GOOD;;"Gītagovinda" GītGov, 12: 12 13 1;kṣaṇam adhunā nārāyaṇam anugatam anusara rādhike ||;GOOD;;"Gītagovinda" GītGov, 12: 12 15 1;kṣaṇam adhunā nārāyaṇam anugatam anusara rādhike ||;GOOD;;"Gītagovinda" GītGov, 12: 12 17 1;kṣaṇam adhunā nārāyaṇam anugatam anusara rādhike ||;GOOD;;
GītGov, 12: 12;8 1;priyaparirambhaṇarabhasavalitam iva pulakitam atiduravāpam |;
GītGov, 12: 12;8 2;madurasi kucakalaśam viniveśaya śoṣaya manasijatāpam ||;
GītGov, 12: 12;9 1;kṣaṇam adhunā nārāyaṇam anugatam anusara rādhike ||;"Gītagovinda" GītGov, 12: 12 3 1;kṣaṇam adhunā nārāyaṇam anugatam anusara rādhike ||;GOOD;;"Gītagovinda" GītGov, 12: 12 5 1;kṣaṇam adhunā nārāyaṇam anugatam anusara rādhike ||;GOOD;;"Gītagovinda" GītGov, 12: 12 7 1;kṣaṇam adhunā nārāyaṇam anugatam anusara rādhike ||;GOOD;;"Gītagovinda" GītGov, 12: 12 11 1;kṣaṇam adhunā nārāyaṇam anugatam anusara rādhike ||;GOOD;;"Gītagovinda" GītGov, 12: 12 13 1;kṣaṇam adhunā nārāyaṇam anugatam anusara rādhike ||;GOOD;;"Gītagovinda" GītGov, 12: 12 15 1;kṣaṇam adhunā nārāyaṇam anugatam anusara rādhike ||;GOOD;;"Gītagovinda" GītGov, 12: 12 17 1;kṣaṇam adhunā nārāyaṇam anugatam anusara rādhike ||;GOOD;;
GītGov, 12: 12;10 1;adharasudhārasam upanaya bhāvini jīvaya mṛtam iva dāsam |;
GītGov, 12: 12;10 2;tvayi vinihitamanasam virahānaladagdhavapuṣam avilāsam ||;
GītGov, 12: 12;11 1;kṣaṇam adhunā nārāyaṇam anugatam anusara rādhike ||;"Gītagovinda" GītGov, 12: 12 3 1;kṣaṇam adhunā nārāyaṇam anugatam anusara rādhike ||;GOOD;;"Gītagovinda" GītGov, 12: 12 5 1;kṣaṇam adhunā nārāyaṇam anugatam anusara rādhike ||;GOOD;;"Gītagovinda" GītGov, 12: 12 7 1;kṣaṇam adhunā nārāyaṇam anugatam anusara rādhike ||;GOOD;;"Gītagovinda" GītGov, 12: 12 9 1;kṣaṇam adhunā nārāyaṇam anugatam anusara rādhike ||;GOOD;;"Gītagovinda" GītGov, 12: 12 13 1;kṣaṇam adhunā nārāyaṇam anugatam anusara rādhike ||;GOOD;;"Gītagovinda" GītGov, 12: 12 15 1;kṣaṇam adhunā nārāyaṇam anugatam anusara rādhike ||;GOOD;;"Gītagovinda" GītGov, 12: 12 17 1;kṣaṇam adhunā nārāyaṇam anugatam anusara rādhike ||;GOOD;;
GītGov, 12: 12;12 1;śaśimukhi mukharaya maṇiraśanāguṇam anuguṇakaṇṭhaninādam |;
GītGov, 12: 12;12 2;śrutiyugale pikarutavikale mama śamaya cirāt avasādam ||;
GītGov, 12: 12;13 1;kṣaṇam adhunā nārāyaṇam anugatam anusara rādhike ||;"Gītagovinda" GītGov, 12: 12 3 1;kṣaṇam adhunā nārāyaṇam anugatam anusara rādhike ||;GOOD;;"Gītagovinda" GītGov, 12: 12 5 1;kṣaṇam adhunā nārāyaṇam anugatam anusara rādhike ||;GOOD;;"Gītagovinda" GītGov, 12: 12 7 1;kṣaṇam adhunā nārāyaṇam anugatam anusara rādhike ||;GOOD;;"Gītagovinda" GītGov, 12: 12 9 1;kṣaṇam adhunā nārāyaṇam anugatam anusara rādhike ||;GOOD;;"Gītagovinda" GītGov, 12: 12 11 1;kṣaṇam adhunā nārāyaṇam anugatam anusara rādhike ||;GOOD;;"Gītagovinda" GītGov, 12: 12 15 1;kṣaṇam adhunā nārāyaṇam anugatam anusara rādhike ||;GOOD;;"Gītagovinda" GītGov, 12: 12 17 1;kṣaṇam adhunā nārāyaṇam anugatam anusara rādhike ||;GOOD;;
GītGov, 12: 12;14 1;mām ativiphalaruṣā vikalīkṛtam avalokitum adhunā idam |;
GītGov, 12: 12;14 2;mīlitalajjitam iva nayanam tava virama visṛja ratikhedam ||;
GītGov, 12: 12;15 1;kṣaṇam adhunā nārāyaṇam anugatam anusara rādhike ||;"Gītagovinda" GītGov, 12: 12 3 1;kṣaṇam adhunā nārāyaṇam anugatam anusara rādhike ||;GOOD;;"Gītagovinda" GītGov, 12: 12 5 1;kṣaṇam adhunā nārāyaṇam anugatam anusara rādhike ||;GOOD;;"Gītagovinda" GītGov, 12: 12 7 1;kṣaṇam adhunā nārāyaṇam anugatam anusara rādhike ||;GOOD;;"Gītagovinda" GītGov, 12: 12 9 1;kṣaṇam adhunā nārāyaṇam anugatam anusara rādhike ||;GOOD;;"Gītagovinda" GītGov, 12: 12 11 1;kṣaṇam adhunā nārāyaṇam anugatam anusara rādhike ||;GOOD;;"Gītagovinda" GītGov, 12: 12 13 1;kṣaṇam adhunā nārāyaṇam anugatam anusara rādhike ||;GOOD;;"Gītagovinda" GītGov, 12: 12 17 1;kṣaṇam adhunā nārāyaṇam anugatam anusara rādhike ||;GOOD;;
GītGov, 12: 12;16 1;śrījayadevabhaṇitam idam anupadanigaditamadhuripumodam |;
GītGov, 12: 12;16 2;janayatu rasikajaneṣu manoramaratisabhāvavinodam ||;"Pañcārthabhāṣya" PABh zu PāśupSūtra, 4, 8: 106 10 0;janā iti ||;PARTLY;+ iti - janay;"Pañcārthabhāṣya" PABh zu PāśupSūtra, 4, 8: 106 12 2;janena hi jano jātaḥ janaṃ janayase jana |;PARTLY;+ jan - rasika;"Āpastambagṛhyasūtra" ĀpGṛSū, 16: 15 12 0;pumāṃsaṃ janayati ||;PARTLY;+ puṁs - rasika;"Sāṃkhyatattvakaumudī" STKau zu SāṃKār, 12.2: 11 1 33;anyatamo .nyatamaṃ janayati |;PARTLY;+ anyatama - rasika;"Daśakumāracarita" DKCar, 2, 3: 8 178 1;akūjacaca sā taṃ janaṃ kṛtāntadṛtīvāhvayantī ||;PARTLY;+ tad - janay;"Bṛhadāraṇyakopaniṣad" BĀU, 6, 4: 46 14 2;īśvarau janayitavai ||;PARTLY;+ īśvara - rasika;"Bṛhadāraṇyakopaniṣad" BĀU, 6, 4: 46 15 2;īśvarau janayitavai ||;PARTLY;+ īśvara - rasika;"Bṛhadāraṇyakopaniṣad" BĀU, 6, 4: 46 16 2;īśvarau janayitavai ||;PARTLY;+ īśvara - rasika;"Bṛhadāraṇyakopaniṣad" BĀU, 6, 4: 46 17 2;īśvarau janayitavai ||;PARTLY;+ īśvara - rasika;"Bṛhadāraṇyakopaniṣad" BĀU, 6, 4: 46 18 2;īśvarau janayitavai |;PARTLY;+ īśvara - rasika;
GītGov, 12: 12;17 1;kṣaṇam adhunā nārāyaṇam anugatam anusara rādhike ||;"Gītagovinda" GītGov, 12: 12 3 1;kṣaṇam adhunā nārāyaṇam anugatam anusara rādhike ||;GOOD;;"Gītagovinda" GītGov, 12: 12 5 1;kṣaṇam adhunā nārāyaṇam anugatam anusara rādhike ||;GOOD;;"Gītagovinda" GītGov, 12: 12 7 1;kṣaṇam adhunā nārāyaṇam anugatam anusara rādhike ||;GOOD;;"Gītagovinda" GītGov, 12: 12 9 1;kṣaṇam adhunā nārāyaṇam anugatam anusara rādhike ||;GOOD;;"Gītagovinda" GītGov, 12: 12 11 1;kṣaṇam adhunā nārāyaṇam anugatam anusara rādhike ||;GOOD;;"Gītagovinda" GītGov, 12: 12 13 1;kṣaṇam adhunā nārāyaṇam anugatam anusara rādhike ||;GOOD;;"Gītagovinda" GītGov, 12: 12 15 1;kṣaṇam adhunā nārāyaṇam anugatam anusara rādhike ||;GOOD;;
GītGov, 12: 12;18 1;mārāṅke ratikelisaṃkularaṇārambhe tayā sāhasaprāyam kāntajayāya kiṃcit upari prārambhi yatsambhramāt |;
GītGov, 12: 12;18 2;niṣpandā jaghanasthalī śithilā dorvalliḥ utkampitam vakṣaḥ mīlitam akṣi pauruṣarasaḥ strīṇām kutaḥ sidhyati ||;
GītGov, 12: 12;19 1;atha kāntam ratiklāntam api maṇḍanavāñchayā |;
GītGov, 12: 12;19 2;nijagāda nirābādhā rādhā svādhīnabhartṛkā ||;
GītGov, 12: 12;20 1;kuru yadunandana candanaśiśiratareṇa kareṇa payodhare |;
GītGov, 12: 12;20 2;mṛgamadapatrakam atra manobhavamaṅgalakalaśasahodare ||;
GītGov, 12: 12;21 1;nijagāda sā yadunandane krīḍati hṛdayānandane ||;"Gītagovinda" GītGov, 12: 12 23 1;nijagāda sā yadunandane krīḍati hṛdayānandane ||;GOOD;;"Gītagovinda" GītGov, 12: 12 25 1;nijagāda sā yadunandane krīḍati hṛdayānandane ||;GOOD;;"Gītagovinda" GītGov, 12: 12 27 1;nijagāda sā yadunandane krīḍati hṛdayānandane ||;GOOD;;"Gītagovinda" GītGov, 12: 12 29 1;nijagāda sā yadunandane krīḍati hṛdayānandane ||;GOOD;;"Gītagovinda" GītGov, 12: 12 31 1;nijagāda sā yadunandane krīḍati hṛdayānandane ||;GOOD;;"Gītagovinda" GītGov, 12: 12 33 1;nijagāda sā yadunandane krīḍati hṛdayānandane ||;GOOD;;"Gītagovinda" GītGov, 12: 12 35 1;nijagāda sā yadunandane krīḍati hṛdayānandane ||;GOOD;;
GītGov, 12: 12;22 1;alikulagañjanam añjanakam ratināyakasāyakamocane |;
GītGov, 12: 12;22 2;tvadadharacumbanalambitakajjalam ujjvalaya priya locane ||;
GītGov, 12: 12;23 1;nijagāda sā yadunandane krīḍati hṛdayānandane ||;"Gītagovinda" GītGov, 12: 12 21 1;nijagāda sā yadunandane krīḍati hṛdayānandane ||;GOOD;;"Gītagovinda" GītGov, 12: 12 25 1;nijagāda sā yadunandane krīḍati hṛdayānandane ||;GOOD;;"Gītagovinda" GītGov, 12: 12 27 1;nijagāda sā yadunandane krīḍati hṛdayānandane ||;GOOD;;"Gītagovinda" GītGov, 12: 12 29 1;nijagāda sā yadunandane krīḍati hṛdayānandane ||;GOOD;;"Gītagovinda" GītGov, 12: 12 31 1;nijagāda sā yadunandane krīḍati hṛdayānandane ||;GOOD;;"Gītagovinda" GītGov, 12: 12 33 1;nijagāda sā yadunandane krīḍati hṛdayānandane ||;GOOD;;"Gītagovinda" GītGov, 12: 12 35 1;nijagāda sā yadunandane krīḍati hṛdayānandane ||;GOOD;;
GītGov, 12: 12;24 1;nayanakuraṅgataraṅgavikāsanirāsakare śrutimaṇḍale |;
GītGov, 12: 12;24 2;manasijapāśavilāsadhare śubhaveśa niveśaya kuṇḍale ||;
GītGov, 12: 12;25 1;nijagāda sā yadunandane krīḍati hṛdayānandane ||;"Gītagovinda" GītGov, 12: 12 21 1;nijagāda sā yadunandane krīḍati hṛdayānandane ||;GOOD;;"Gītagovinda" GītGov, 12: 12 23 1;nijagāda sā yadunandane krīḍati hṛdayānandane ||;GOOD;;"Gītagovinda" GītGov, 12: 12 27 1;nijagāda sā yadunandane krīḍati hṛdayānandane ||;GOOD;;"Gītagovinda" GītGov, 12: 12 29 1;nijagāda sā yadunandane krīḍati hṛdayānandane ||;GOOD;;"Gītagovinda" GītGov, 12: 12 31 1;nijagāda sā yadunandane krīḍati hṛdayānandane ||;GOOD;;"Gītagovinda" GītGov, 12: 12 33 1;nijagāda sā yadunandane krīḍati hṛdayānandane ||;GOOD;;"Gītagovinda" GītGov, 12: 12 35 1;nijagāda sā yadunandane krīḍati hṛdayānandane ||;GOOD;;
GītGov, 12: 12;26 1;bhramaracayam racayantam upari ruciram suciram mama saṃmukhe |;
GītGov, 12: 12;26 2;jitakamale vimale parikarmaya narmajanakam alakam mukhe ||;
GītGov, 12: 12;27 1;nijagāda sā yadunandane krīḍati hṛdayānandane ||;"Gītagovinda" GītGov, 12: 12 21 1;nijagāda sā yadunandane krīḍati hṛdayānandane ||;GOOD;;"Gītagovinda" GītGov, 12: 12 23 1;nijagāda sā yadunandane krīḍati hṛdayānandane ||;GOOD;;"Gītagovinda" GītGov, 12: 12 25 1;nijagāda sā yadunandane krīḍati hṛdayānandane ||;GOOD;;"Gītagovinda" GītGov, 12: 12 29 1;nijagāda sā yadunandane krīḍati hṛdayānandane ||;GOOD;;"Gītagovinda" GītGov, 12: 12 31 1;nijagāda sā yadunandane krīḍati hṛdayānandane ||;GOOD;;"Gītagovinda" GītGov, 12: 12 33 1;nijagāda sā yadunandane krīḍati hṛdayānandane ||;GOOD;;"Gītagovinda" GītGov, 12: 12 35 1;nijagāda sā yadunandane krīḍati hṛdayānandane ||;GOOD;;
GītGov, 12: 12;28 1;mṛgamadarasavalitam lalitam kuru tilakam alikarajanīkare |;
GītGov, 12: 12;28 2;vihitakalaṅkakalam kamalānana viśramitaśramaśīkare ||;
GītGov, 12: 12;29 1;nijagāda sā yadunandane krīḍati hṛdayānandane ||;"Gītagovinda" GītGov, 12: 12 21 1;nijagāda sā yadunandane krīḍati hṛdayānandane ||;GOOD;;"Gītagovinda" GītGov, 12: 12 23 1;nijagāda sā yadunandane krīḍati hṛdayānandane ||;GOOD;;"Gītagovinda" GītGov, 12: 12 25 1;nijagāda sā yadunandane krīḍati hṛdayānandane ||;GOOD;;"Gītagovinda" GītGov, 12: 12 27 1;nijagāda sā yadunandane krīḍati hṛdayānandane ||;GOOD;;"Gītagovinda" GītGov, 12: 12 31 1;nijagāda sā yadunandane krīḍati hṛdayānandane ||;GOOD;;"Gītagovinda" GītGov, 12: 12 33 1;nijagāda sā yadunandane krīḍati hṛdayānandane ||;GOOD;;"Gītagovinda" GītGov, 12: 12 35 1;nijagāda sā yadunandane krīḍati hṛdayānandane ||;GOOD;;
GītGov, 12: 12;30 1;mama rucire cikure kuru mānada mānasajadhvajacāmare |;
GītGov, 12: 12;30 2;ratigalite lalite kusumāni śikhaṇḍiśikhaṇḍakaḍāmare ||;
GītGov, 12: 12;31 1;nijagāda sā yadunandane krīḍati hṛdayānandane ||;"Gītagovinda" GītGov, 12: 12 21 1;nijagāda sā yadunandane krīḍati hṛdayānandane ||;GOOD;;"Gītagovinda" GītGov, 12: 12 23 1;nijagāda sā yadunandane krīḍati hṛdayānandane ||;GOOD;;"Gītagovinda" GītGov, 12: 12 25 1;nijagāda sā yadunandane krīḍati hṛdayānandane ||;GOOD;;"Gītagovinda" GītGov, 12: 12 27 1;nijagāda sā yadunandane krīḍati hṛdayānandane ||;GOOD;;"Gītagovinda" GītGov, 12: 12 29 1;nijagāda sā yadunandane krīḍati hṛdayānandane ||;GOOD;;"Gītagovinda" GītGov, 12: 12 33 1;nijagāda sā yadunandane krīḍati hṛdayānandane ||;GOOD;;"Gītagovinda" GītGov, 12: 12 35 1;nijagāda sā yadunandane krīḍati hṛdayānandane ||;GOOD;;
GītGov, 12: 12;32 1;sarasaghane jaghane mama śambaradāraṇavāraṇakandare |;
GītGov, 12: 12;32 2;maṇiraśanāvasanābharaṇāni śubhāśaya vāsaya sundare ||;
GītGov, 12: 12;33 1;nijagāda sā yadunandane krīḍati hṛdayānandane ||;"Gītagovinda" GītGov, 12: 12 21 1;nijagāda sā yadunandane krīḍati hṛdayānandane ||;GOOD;;"Gītagovinda" GītGov, 12: 12 23 1;nijagāda sā yadunandane krīḍati hṛdayānandane ||;GOOD;;"Gītagovinda" GītGov, 12: 12 25 1;nijagāda sā yadunandane krīḍati hṛdayānandane ||;GOOD;;"Gītagovinda" GītGov, 12: 12 27 1;nijagāda sā yadunandane krīḍati hṛdayānandane ||;GOOD;;"Gītagovinda" GītGov, 12: 12 29 1;nijagāda sā yadunandane krīḍati hṛdayānandane ||;GOOD;;"Gītagovinda" GītGov, 12: 12 31 1;nijagāda sā yadunandane krīḍati hṛdayānandane ||;GOOD;;"Gītagovinda" GītGov, 12: 12 35 1;nijagāda sā yadunandane krīḍati hṛdayānandane ||;GOOD;;
GītGov, 12: 12;34 1;śrījayadevavacasi rucire hṛdayam sadayam kuru maṇḍane |;
GītGov, 12: 12;34 2;haricaraṇasmaraṇāmṛtakṛtakalikaluṣabhavajvarakhaṇḍane ||;
GītGov, 12: 12;35 1;nijagāda sā yadunandane krīḍati hṛdayānandane ||;"Gītagovinda" GītGov, 12: 12 21 1;nijagāda sā yadunandane krīḍati hṛdayānandane ||;GOOD;;"Gītagovinda" GītGov, 12: 12 23 1;nijagāda sā yadunandane krīḍati hṛdayānandane ||;GOOD;;"Gītagovinda" GītGov, 12: 12 25 1;nijagāda sā yadunandane krīḍati hṛdayānandane ||;GOOD;;"Gītagovinda" GītGov, 12: 12 27 1;nijagāda sā yadunandane krīḍati hṛdayānandane ||;GOOD;;"Gītagovinda" GītGov, 12: 12 29 1;nijagāda sā yadunandane krīḍati hṛdayānandane ||;GOOD;;"Gītagovinda" GītGov, 12: 12 31 1;nijagāda sā yadunandane krīḍati hṛdayānandane ||;GOOD;;"Gītagovinda" GītGov, 12: 12 33 1;nijagāda sā yadunandane krīḍati hṛdayānandane ||;GOOD;;
GītGov, 12: 12;36 1;racaya kucayoḥ patram citram kuruṣva kapolayoḥ ghaṭaya jaghane kāñcīm añca srajā kavarībharam |;
GītGov, 12: 12;36 2;kalaya valayaśreṇīm pāṇau pade kuru nūpurau iti nigaditaḥ prītaḥ pītāmbaraḥ api tathā akarot ||;
GītGov, 12: 12;37 1;yat gāndharvakalāsu kauśalam anudhyānam ca yat vaiṣṇavam yat śṛṅgāravivekatattvam api yat kāvyeṣu līlāyitam |;
GītGov, 12: 12;37 2;tat sarvam jayadevapaṇḍitakaveḥ kṛṣṇaikatānātmanaḥ sānandāḥ pariśodhayantu sudhiyaḥ śrīgītagovindataḥ ||;
GītGov, 12: 12;38 1;śrībhojadevaprabhavasya rāmādevīsutaśrījayadevakasya |;
GītGov, 12: 12;38 2;parāśarādipriyavargakaṇṭhe śrīgītagovindakavitvam astu ||;
