KumSaṃ, 1: 1;1 1;asty uttarasyāṃ diśi devatātmā himālayo nāma nagādhirājaḥ |;
KumSaṃ, 1: 1;1 2;pūrvāparau toyanidhī vigāhya sthitaḥ pṛthivyā iva mānadaṇḍaḥ ||;
KumSaṃ, 1: 1;2 1;yaṃ sarvaśailāḥ parikalpya vatsaṃ merau sthite dogdhari dohadakṣe |;
KumSaṃ, 1: 1;2 2;bhāsvanti ratnāni mahauṣadhīś ca pṛthūpadiṣṭāṃ duduhur dharitrīm ||;
KumSaṃ, 1: 1;3 1;anantaratnaprabhavasya yasya himaṃ na saubhāgyavilopi jātam |;
KumSaṃ, 1: 1;3 2;eko hi doṣo guṇasaṃnipāte nimajjatīndoḥ kiraṇeṣv ivāṅkaḥ ||;
KumSaṃ, 1: 1;4 1;yaś cāpsarovibhramamaṇḍanānāṃ sampādayitrīṃ śikharair bibharti |;
KumSaṃ, 1: 1;4 2;balāhakacchedavibhaktarāgām akālasaṃdhyām iva dhātumattām ||;
KumSaṃ, 1: 1;5 1;āmekhalaṃ saṃcaratāṃ ghanānāṃ chāyām adhaḥsānugatāṃ niṣevya |;
KumSaṃ, 1: 1;5 2;udvejitā vṛṣṭibhir āśrayante śṛṅgāṇi yasyātapavanti siddhāḥ ||;
KumSaṃ, 1: 1;6 1;padaṃ tuṣārasrutidhautaraktaṃ yasminn adṛṣṭvāpi hatadvipānām |;
KumSaṃ, 1: 1;6 2;vidanti mārgaṃ nakharandhramuktair muktāphalaiḥ kesariṇāṃ kirātāḥ ||;
KumSaṃ, 1: 1;7 1;nyastākṣarā dhāturasena yatra bhūrjatvacaḥ kuñjarabinduśoṇāḥ |;
KumSaṃ, 1: 1;7 2;vrajanti vidyādharasundarīṇām anaṅgalekhakriyayopayogam ||;
KumSaṃ, 1: 1;8 1;yaḥ pūrayan kīcakarandhrabhāgān darīmukhotthena samīraṇena |;
KumSaṃ, 1: 1;8 2;udgāsyatām icchati kiṃnarāṇāṃ tānapradāyitvam ivopagantum ||;
KumSaṃ, 1: 1;9 1;kapolakaṇḍūḥ karibhir vinetuṃ vighaṭṭitānāṃ saraladrumāṇām |;
KumSaṃ, 1: 1;9 2;yatra srutakṣīratayā prasūtaḥ sānūni gandhaḥ surabhīkaroti ||;
KumSaṃ, 1: 1;10 1;vanecarāṇāṃ vanitāsakhānāṃ darīgṛhotsaṅganiṣaktabhāsaḥ |;
KumSaṃ, 1: 1;10 2;bhavanti yatrauṣadhayo rajanyām atailapūrāḥ suratapradīpāḥ ||;
KumSaṃ, 1: 1;11 1;udvejayaty aṅgulipārṣṇibhāgān mārge śilībhūtahime .pi yatra |;
KumSaṃ, 1: 1;11 2;na durvahaśroṇipayodharārtā bhindanti mandāṃ gatim aśvamukhyaḥ ||;
KumSaṃ, 1: 1;12 1;divākarād rakṣati yo guhāsu līnaṃ divā bhītam ivāndhakāram |;
KumSaṃ, 1: 1;12 2;kṣudre .pi nūnaṃ śaraṇaṃ prapanne mamatvam uccaiḥśirasāṃ satīva ||;
KumSaṃ, 1: 1;13 1;lāṅgūlavikṣepavisarpiśobhair itas tataś candramarīcigauraiḥ |;
KumSaṃ, 1: 1;13 2;yasyārthayuktaṃ girirājaśabdaṃ kurvanti vālavyajanaiś camaryaḥ ||;
KumSaṃ, 1: 1;14 1;yatrāṃśukākṣepavilajjitānāṃ yadṛcchayā kiṃpuruṣāṅganānām |;
KumSaṃ, 1: 1;14 2;darīgṛhadvāravilambibimbās tiraskariṇyo jaladā bhavanti ||;
KumSaṃ, 1: 1;15 1;bhāgīrathīnirjharasīkarāṇāṃ voḍhā muhuḥ kampitadevadāruḥ |;
KumSaṃ, 1: 1;15 2;yad vāyur anviṣṭamṛgaiḥ kirātair āsevyate bhinnaśikhaṇḍibarhaḥ ||;
KumSaṃ, 1: 1;16 1;saptarṣihastāvacitāvaśeṣāṇy adho vivasvān parivartamānaḥ |;
KumSaṃ, 1: 1;16 2;padmāni yasyāgrasaroruhāṇi prabodhayaty ūrdhvamukhair mayūkhaiḥ ||;
KumSaṃ, 1: 1;17 1;yajñāṅgayonitvam avekṣya yasya sāraṃ dharitrīdharaṇakṣamaṃ ca |;
KumSaṃ, 1: 1;17 2;prajāpatiḥ kalpitayajñabhāgaṃ śailādhipatyaṃ svayam anvatiṣṭhat ||;
KumSaṃ, 1: 1;18 1;sa mānasīṃ merusakhaḥ pitṝṇāṃ kanyāṃ kulasya sthitaye sthitijñaḥ |;
KumSaṃ, 1: 1;18 2;menāṃ munīnām api mānanīyām ātmānurūpāṃ vidhinopayeme ||;
KumSaṃ, 1: 1;19 1;kālakrameṇātha tayoḥ pravṛtte svarūpayogye surataprasaṅge |;
KumSaṃ, 1: 1;19 2;manoramaṃ yauvanam udvahantyā garbho .bhavad bhūdhararājapatnyāḥ ||;
KumSaṃ, 1: 1;20 1;asūta sā nāgavadhūpabhogyaṃ mainākam ambhonidhibaddhasakhyam |;
KumSaṃ, 1: 1;20 2;kruddhe .pi pakṣacchidi vṛtraśatrāv avedanājñaṃ kuliśakṣatānām ||;
KumSaṃ, 1: 1;21 1;athāvamānena pituḥ prayuktā dakṣasya kanyā bhavapūrvapatnī |;
KumSaṃ, 1: 1;21 2;satī satī yogavisṛṣṭadehā tāṃ janmane śailavadhūṃ prapede ||;
KumSaṃ, 1: 1;22 1;sā bhūdharāṇām adhipena tasyāṃ samādhimatyām udapādi bhavyā |;
KumSaṃ, 1: 1;22 2;samyakprayogād aparikṣatāyāṃ nītāv ivotsāhaguṇena saṃpat ||;
KumSaṃ, 1: 1;23 1;prasannadik pāṃsuviviktavātaṃ śaṅkhasvanānantarapuṣpavṛṣṭi |;
KumSaṃ, 1: 1;23 2;śarīriṇāṃ sthāvarajaṅgamānāṃ sukhāya tajjanmadinaṃ babhūva ||;
KumSaṃ, 1: 1;24 1;tayā duhitrā sutarāṃ savitrī sphuratprabhāmaṇḍalayā cakāse |;
KumSaṃ, 1: 1;24 2;vidūrabhūmir navameghaśabdād udbhinnayā ratnaśalākayeva ||;
KumSaṃ, 1: 1;25 1;dine dine sā parivardhamānā labdhodayā cāndramasīva lekhā |;
KumSaṃ, 1: 1;25 2;pupoṣa lāvaṇyamayān viśeṣāñ jyotsnāntarāṇīva kalāntarāṇi ||;
KumSaṃ, 1: 1;26 1;tāṃ pārvatīty ābhijanena nāmnā bandhupriyāṃ bandhujano juhāva |;
KumSaṃ, 1: 1;26 2;u meti mātrā tapaso niṣiddhā paścād umākhyāṃ sumukhī jagāma ||;
KumSaṃ, 1: 1;27 1;mahībhṛtaḥ putravato .pi dṛṣṭis tasminn apatye na jagāma tṛptim |;
KumSaṃ, 1: 1;27 2;anantapuṣpasya madhor hi cūte dvirephamālā saviśeṣasaṅgā ||;
KumSaṃ, 1: 1;28 1;prabhāmahatyā śikhayeva dīpas trimārgayeva tridivasya mārgaḥ |;
KumSaṃ, 1: 1;28 2;saṃskāravatyeva girā manīṣī tayā sa pūtaś ca vibhūṣitaś ca ||;
KumSaṃ, 1: 1;29 1;mandākinīsaikatavedikābhiḥ sā kandukaiḥ kṛtrimaputrakaiś ca |;
KumSaṃ, 1: 1;29 2;reme muhur madhyagatā sakhīnāṃ krīḍārasaṃ nirviśatīva bālye ||;
KumSaṃ, 1: 1;30 1;tāṃ haṃsamālāḥ śaradīva gaṅgāṃ mahauṣadhiṃ naktam ivātmabhāsaḥ |;
KumSaṃ, 1: 1;30 2;sthiropadeśām upadeśakāle prapedire prāktanajanmavidyāḥ ||;
KumSaṃ, 1: 1;31 1;asaṃbhṛtaṃ maṇḍanam aṅgayaṣṭer anāsavākhyaṃ karaṇaṃ madasya |;
KumSaṃ, 1: 1;31 2;kāmasya puṣpavyatiriktam astraṃ bālyāt paraṃ sātha vayaḥ prapede ||;
KumSaṃ, 1: 1;32 1;unmīlitaṃ tūlikayeva citraṃ sūryāṃśubhir bhinnam ivāravindam |;
KumSaṃ, 1: 1;32 2;babhūva tasyāś caturasraśobhi vapur vibhaktaṃ navayauvanena ||;
KumSaṃ, 1: 1;33 1;abhyunnatāṅguṣṭhanakhaprabhābhir nikṣepaṇād rāgam ivodgirantau |;
KumSaṃ, 1: 1;33 2;ājahratus taccaraṇau pṛthivyāṃ sthalāravindaśriyam avyavasthām ||;
KumSaṃ, 1: 1;34 1;sā rājahaṃsair iva saṃnatāṅgī gateṣu līlāñcitavikrameṣu |;
KumSaṃ, 1: 1;34 2;vyanīyata pratyupadeśalubdhair āditsubhir nūpurasiñjitāni ||;
KumSaṃ, 1: 1;35 1;vṛttānupūrve ca na cātidīrghe jaṅghe śubhe sṛṣṭavatas tadīye |;
KumSaṃ, 1: 1;35 2;śeṣāṅganirmāṇavidhau vidhātur lāvaṇya utpādya ivāsa yatnaḥ ||;
KumSaṃ, 1: 1;36 1;nāgendrahastās tvaci karkaśatvād ekāntaśaityāt kadalīviśeṣāḥ |;
KumSaṃ, 1: 1;36 2;labdhvāpi loke pariṇāhi rūpaṃ jātās tadūrvor upamānabāhyāḥ ||;
KumSaṃ, 1: 1;37 1;etāvatā nanv anumeyaśobhaṃ kāñcīguṇasthānam aninditāyāḥ |;
KumSaṃ, 1: 1;37 2;āropitaṃ yad giriśena paścād ananyanārīkamanīyam aṅkam ||;
KumSaṃ, 1: 1;38 1;tasyāḥ praviṣṭā natanābhirandhraṃ rarāja tanvī navalomarājiḥ |;
KumSaṃ, 1: 1;38 2;nīvīm atikramya sitetarasya tanmekhalāmadhyamaṇer ivārciḥ ||;
KumSaṃ, 1: 1;39 1;madhyena sā vedivilagnamadhyā valitrayaṃ cāru babhāra bālā |;
KumSaṃ, 1: 1;39 2;ārohaṇārthaṃ navayauvanena kāmasya sopānam iva prayuktam ||;
KumSaṃ, 1: 1;40 1;anyonyam utpīḍayad utpalākṣyāḥ stanadvayaṃ pāṇḍu tathā pravṛddham |;
KumSaṃ, 1: 1;40 2;madhye yathā śyāmamukhasya tasya mṛṇālasūtrāntaram apy alabhyam ||;
KumSaṃ, 1: 1;41 1;śirīṣapuṣpādhikasaukumāryau bāhū tadīyāv iti me vitarkaḥ |;
KumSaṃ, 1: 1;41 2;parājitenāpi kṛtau harasya yau kaṇṭhapāśau makaradhvajena ||;
KumSaṃ, 1: 1;42 1;kaṇṭhasya tasyāḥ stanabandhurasya muktākalāpasya ca nistalasya |;
KumSaṃ, 1: 1;42 2;anyonyaśobhājananād babhūva sādhāraṇo bhūṣaṇabhūṣyabhāvaḥ ||;
KumSaṃ, 1: 1;43 1;candraṃ gatā padmaguṇān na bhuṅkte padmāśritā cāndramasīm abhikhyām |;
KumSaṃ, 1: 1;43 2;umāmukhaṃ tu pratipadya lolā dvisaṃśrayāṃ prītim avāpa lakṣmīḥ ||;
KumSaṃ, 1: 1;44 1;puṣpaṃ pravālopahitaṃ yadi syān muktāphalaṃ vā sphuṭavidrumastham |;
KumSaṃ, 1: 1;44 2;tato .nukuryād viśadasya tasyās tāmrauṣṭhaparyastarucaḥ smitasya ||;
KumSaṃ, 1: 1;45 1;svareṇa tasyām amṛtasruteva prajalpitāyām abhijātavāci |;
KumSaṃ, 1: 1;45 2;apy anyapuṣṭā pratikūlaśabdā śrotur vitantrīr iva tāḍyamānā ||;
KumSaṃ, 1: 1;46 1;pravātanīlotpalanirviśeṣam adhīraviprekṣitam āyatākṣyā |;
KumSaṃ, 1: 1;46 2;tayā gṛhītaṃ nu mṛgāṅganābhyas tato gṛhītaṃ nu mṛgāṅganābhiḥ ||;
KumSaṃ, 1: 1;47 1;tasyāḥ śalākāñjananirmiteva kāntir bhruvor ānatalekhayor yā |;
KumSaṃ, 1: 1;47 2;tāṃ vīkṣya līlācaturām anaṅgaḥ svacāpasaundaryamadaṃ mumoca ||;
KumSaṃ, 1: 1;48 1;lajjā tiraścāṃ yadi cetasi syād asaṃśayaṃ parvatarājaputryāḥ |;
KumSaṃ, 1: 1;48 2;taṃ keśapāśaṃ prasamīkṣya kuryur vālapriyatvaṃ śithilaṃ camaryaḥ ||;
KumSaṃ, 1: 1;49 1;sarvopamādravyasamuccayena yathāpradeśaṃ viniveśitena |;
KumSaṃ, 1: 1;49 2;sā nirmitā viśvasṛjā prayatnād ekasthasaundaryadidṛkṣayeva ||;
KumSaṃ, 1: 1;50 1;tāṃ nāradaḥ kāmacaraḥ kadācit kanyāṃ kila prekṣya pituḥ samīpe |;
KumSaṃ, 1: 1;50 2;samādideśaikavadhūṃ bhavitrīṃ premṇā śarīrārdhaharāṃ harasya ||;
KumSaṃ, 1: 1;51 1;guruḥ pragalbhe .pi vayasy ato .syās tasthau nivṛttānyavarābhilāṣaḥ |;
KumSaṃ, 1: 1;51 2;ṛte kṛśānor na hi mantrapūtam arhanti tejāṃsy aparāṇi havyam ||;
KumSaṃ, 1: 1;52 1;ayācitāraṃ na hi devadevam adriḥ sutāṃ grāhayituṃ śaśāka |;
KumSaṃ, 1: 1;52 2;abhyarthanābhaṅgabhayena sādhur mādhyasthyam iṣṭe .py avalambate .rthe ||;
KumSaṃ, 1: 1;53 1;yadaiva pūrve janane śarīraṃ sā dakṣaroṣāt sudatī sasarja |;
KumSaṃ, 1: 1;53 2;tadāprabhṛty eva vimuktasaṅgaḥ patiḥ paśūnām aparigraho .bhūt ||;
KumSaṃ, 1: 1;54 1;sa kṛttivāsās tapase yatātmā gaṅgāpravāhokṣitadevadāru |;
KumSaṃ, 1: 1;54 2;prasthaṃ himādrer mṛganābhigandhi kiṃcit kvaṇatkiṃnaram adhyuvāsa ||;
KumSaṃ, 1: 1;55 1;gaṇā nameruprasavāvataṃsā bhūrjatvacaḥ sparśavatīr dadhānāḥ |;
KumSaṃ, 1: 1;55 2;manaḥśilāvicchuritā niṣeduḥ śaileyanaddheṣu śilātaleṣu ||;
KumSaṃ, 1: 1;56 1;tuṣārasaṃghātaśilāḥ khurāgraiḥ samullikhan darpakalaḥ kakudmān |;
KumSaṃ, 1: 1;56 2;dṛṣṭaḥ kathaṃcid gavayair vivignair asoḍhasiṃhadhvanir unnanāda ||;
KumSaṃ, 1: 1;57 1;tatrāgnim ādhāya samitsamiddhaṃ svam eva mūrtyantaram aṣṭamūrtiḥ |;
KumSaṃ, 1: 1;57 2;svayaṃ vidhātā tapasaḥ phalānām kenāpi kāmena tapaś cacāra ||;
KumSaṃ, 1: 1;58 1;anarghyam arghyeṇa tam adrināthaḥ svargaukasām arcitam arcayitvā |;
KumSaṃ, 1: 1;58 2;ārādhanāyāsya sakhīsametāṃ samādideśa prayatāṃ tanūjām ||;
KumSaṃ, 1: 1;59 1;pratyarthibhūtām api tāṃ samādheḥ śuśrūṣamāṇāṃ giriśo .numene |;
KumSaṃ, 1: 1;59 2;vikārahetau sati vikriyante yeṣāṃ na cetāṃsi ta eva dhīrāḥ ||;
KumSaṃ, 1: 1;60 1;avacitabalipuṣpā vedisammārgadakṣā niyamavidhijalānāṃ barhiṣāṃ copanetrī |;
KumSaṃ, 1: 1;60 2;giriśam upacacāra pratyahaṃ sā sukeśī niyamitaparikhedā tacchiraścandrapādaiḥ ||;
KumSaṃ, 2: 2;1 1;tasmin viprakṛtāḥ kāle tārakeṇa divaukasaḥ |;
KumSaṃ, 2: 2;1 2;turāsāhaṃ purodhāya dhāma svāyaṃbhuvaṃ yayuḥ ||;
KumSaṃ, 2: 2;2 1;teṣām āvirabhūd brahmā parimlānamukhaśriyām |;
KumSaṃ, 2: 2;2 2;sarasāṃ suptapadmānāṃ prātar dīdhitimān iva ||;
KumSaṃ, 2: 2;3 1;atha sarvasya dhātāraṃ te sarve sarvatomukham |;
KumSaṃ, 2: 2;3 2;vāgīśaṃ vāgbhir arthyābhiḥ praṇipatyopatasthire ||;
KumSaṃ, 2: 2;4 1;namas trimūrtaye tubhyaṃ prāk sṛṣṭeḥ kevalātmane |;
KumSaṃ, 2: 2;4 2;guṇatrayavibhāgāya paścād bhedam upeyuṣe ||;"Skandapurāṇa Revākhaṇḍa)" SkPur Rkh, 1, 90: 90 10 2;guṇatrayavibhāgāya paścād bhedam upeyuṣe ||;GOOD;;
KumSaṃ, 2: 2;5 1;yad amogham apām antar uptaṃ bījam aja tvayā |;
KumSaṃ, 2: 2;5 2;ataś carācaraṃ viśvaṃ prabhavas tasya gīyase ||;
KumSaṃ, 2: 2;6 1;tisṛbhis tvam avasthābhir mahimānam udīrayan |;
KumSaṃ, 2: 2;6 2;pralayasthitisargāṇām ekaḥ kāraṇatāṃ gataḥ ||;
KumSaṃ, 2: 2;7 1;strīpuṃsāv ātmabhāgau te bhinnamūrteḥ sisṛkṣayā |;
KumSaṃ, 2: 2;7 2;prasūtibhājaḥ sargasya tāv eva pitarau smṛtau ||;
KumSaṃ, 2: 2;8 1;svakālaparimāṇena vyastarātriṃdivasya te |;
KumSaṃ, 2: 2;8 2;yau tu svapnāvabodhau tau bhūtānāṃ pralayodayau ||;
KumSaṃ, 2: 2;9 1;jagadyonir ayonis tvaṃ jagadanto nirantakaḥ |;
KumSaṃ, 2: 2;9 2;jagadādir anādis tvaṃ jagadīśo nirīśvaraḥ ||;
KumSaṃ, 2: 2;10 1;ātmānam ātmanā vetsi sṛjasy ātmānam ātmanā |;"Śivasūtra" ŚSūtra, 1: 1 1 1;caitanyam ātmā ||;PARTLY;+ caitanya - vid;"Śivasūtra" ŚSūtra, 3: 3 1 1;ātmā cittam ||;PARTLY;+ citta - vid;"Śivasūtra" ŚSūtra, 3: 3 9 1;nartaka ātmā ||;PARTLY;+ nartaka - vid;"Pāśupatasūtra" PāśupSūtra, 4: 4 22 0;tatpuruṣāya vidmahe ||;PARTLY;+ tatpuruṣa - ātman;"Pāśupatasūtra" PāśupSūtra, 5: 5 3 0;nityātmā ||;PARTLY;+ nitya - vid;"Pañcārthabhāṣya" PABh zu PāśupSūtra, 1, 20: 21 19 0;ātmanaḥ sādhakasya ||;PARTLY;+ sādhaka - vid;"Pañcārthabhāṣya" PABh zu PāśupSūtra, 4, 22: 120 7 0;vidmaha iti ||;PARTLY;+ iti - ātman;"Āyurvedadīpikā" ĀVDīp zu Ca, Śār., 1, 15.2: 202 9 0;kṣetrajñaḥ ātmā ||;PARTLY;+ kṣetrajña - vid;"Āyurvedadīpikā" ĀVDīp zu Ca, Śār., 1, 34.2: 215 7 0;ātmā avyaktam ||;PARTLY;+ avyakta - vid;"Chāndogyopaniṣad" ChāUp, 1, 7: 7 2 2;ātmā sāma |;PARTLY;+ sāman - vid;"Chāndogyopaniṣad" ChāUp, 1, 7: 7 2 6;ātmāmaḥ |;PARTLY;+ ama - vid;"Chāndogyopaniṣad" ChāUp, 1, 13: 13 1 4;ātmehakāraḥ |;PARTLY;+ ihakāra - vid;"Chāndogyopaniṣad" ChāUp, 6, 8: 105 7 3;sa ātmā |;PARTLY;+ tad - vid;"Chāndogyopaniṣad" ChāUp, 6, 10: 107 3 3;sa ātmā |;PARTLY;+ tad - vid;"Chāndogyopaniṣad" ChāUp, 6, 11: 108 3 5;sa ātmā |;PARTLY;+ tad - vid;"Chāndogyopaniṣad" ChāUp, 6, 12: 109 3 3;sa ātmā |;PARTLY;+ tad - vid;"Chāndogyopaniṣad" ChāUp, 6, 13: 110 3 3;sa ātmā |;PARTLY;+ tad - vid;"Chāndogyopaniṣad" ChāUp, 6, 14: 111 3 3;sa ātmā |;PARTLY;+ tad - vid;"Chāndogyopaniṣad" ChāUp, 6, 15: 112 3 3;sa ātmā |;PARTLY;+ tad - vid;"Chāndogyopaniṣad" ChāUp, 6, 16: 113 3 4;sa ātmā |;PARTLY;+ tad - vid;"Chāndogyopaniṣad" ChāUp, 7, 5: 118 2 6;cittam ātmā |;PARTLY;+ citta - vid;"Bṛhadāraṇyakopaniṣad" BĀU, 1, 4: 4 10 2;tad ātmānam evāvet |;PARTLY;+ eva - sṛj;"Śāṅkhāyanāraṇyaka" ŚāĀr, 5, 8: 56 2 0;vaktāraṃ vidyāt ||;PARTLY;+ vaktṛ - ātman;"Śāṅkhāyanāraṇyaka" ŚāĀr, 5, 8: 56 4 0;ghrātāraṃ vidyāt ||;PARTLY;+ ghrātṛ - ātman;"Śāṅkhāyanāraṇyaka" ŚāĀr, 5, 8: 56 6 0;draṣṭāraṃ vidyāt ||;PARTLY;+ draṣṭṛ - ātman;"Śāṅkhāyanāraṇyaka" ŚāĀr, 5, 8: 56 8 0;śrotāraṃ vidyāt ||;PARTLY;+ śrotṛ - ātman;"Śāṅkhāyanāraṇyaka" ŚāĀr, 5, 8: 56 12 0;kartāraṃ vidyāt ||;PARTLY;+ kartṛ - ātman;"Śāṅkhāyanāraṇyaka" ŚāĀr, 5, 8: 56 18 0;etāraṃ vidyāt ||;PARTLY;+ etṛ - ātman;"Śāṅkhāyanāraṇyaka" ŚāĀr, 5, 8: 56 20 0;mantāraṃ vidyāt ||;PARTLY;+ mantṛ - ātman;"Ṛgveda" ṚV, 1, 120: 120 5 2;praiṣayur na vidvān ||;PARTLY;+ na - ātman;"Ṛgveda" ṚV, 6, 48: 489 11 2;sṛjadhvam anapasphurām ||;PARTLY;+ anapasphura - ātman;"Taittirīyopaniṣad" TaittUp, 1, 5: 5 1 6;sa ātmā |;PARTLY;+ tad - vid;"Gopathabrāhmaṇa NEW" GB, 1, 2, 14: 53 2 0;ātmā devayajanam ||;PARTLY;+ devayajana - vid;
KumSaṃ, 2: 2;10 2;ātmanā kṛtinā ca tvam ātmany eva pralīyase ||;
KumSaṃ, 2: 2;11 1;dravaḥ saṃghātakaṭhinaḥ sthūlaḥ sūkṣmo laghur guruḥ |;
KumSaṃ, 2: 2;11 2;vyakto vyaktetaraś cāsi prākāmyaṃ te vibhūtiṣu ||;
KumSaṃ, 2: 2;12 1;udghātaḥ praṇavo yāsāṃ nyāyais tribhir udīraṇam |;
KumSaṃ, 2: 2;12 2;karma yajñaḥ phalaṃ svargas tāsāṃ tvaṃ prabhavo girām ||;
KumSaṃ, 2: 2;13 1;tvām āmananti prakṛtiṃ puruṣārthapravartinīm |;
KumSaṃ, 2: 2;13 2;taddarśinam udāsīnaṃ tvām eva puruṣaṃ viduḥ ||;
KumSaṃ, 2: 2;14 1;tvaṃ pitṝṇām api pitā devānām api devatā |;
KumSaṃ, 2: 2;14 2;parato .pi paraś cāsi vidhātā vedhasām api ||;
KumSaṃ, 2: 2;15 1;tvam eva havyaṃ hotā ca bhojyaṃ bhoktā ca śāśvataḥ |;
KumSaṃ, 2: 2;15 2;vedyaṃ ca veditā cāsi dhyātā dhyeyaṃ ca yat param ||;
KumSaṃ, 2: 2;16 1;iti tebhyaḥ stutīḥ śrutvā yathārthā hṛdayaṃgamāḥ |;
KumSaṃ, 2: 2;16 2;prasādābhimukho vedhāḥ pratyuvāca divaukasaḥ ||;
KumSaṃ, 2: 2;17 1;purāṇasya kaves tasya caturmukhasamīritā |;
KumSaṃ, 2: 2;17 2;pravṛttir āsīc chabdānāṃ caritārthā catuṣṭayī ||;
KumSaṃ, 2: 2;18 1;svāgataṃ svān adhīkārān prabhāvair avalambya vaḥ |;
KumSaṃ, 2: 2;18 2;yugapad yugabāhubhyaḥ prāptebhyaḥ prājyavikramāḥ ||;
KumSaṃ, 2: 2;19 1;kim idaṃ dyutim ātmīyāṃ na bibhrati yathā purā |;
KumSaṃ, 2: 2;19 2;himakliṣṭaprakāśāni jyotīṃṣīva mukhāni vaḥ ||;
KumSaṃ, 2: 2;20 1;praśamād arciṣām etad anudgīrṇasurāyudham |;"Skandapurāṇa Revākhaṇḍa)" SkPur Rkh, 1, 90: 90 13 1;praśamādarciṣām etad anudgīrṇaṃ surāyudham |;PARTLY;+ surāyudha - sura;
KumSaṃ, 2: 2;20 2;vṛtrasya hantuḥ kuliśaṃ kuṇṭhitāśrīva lakṣyate ||;
KumSaṃ, 2: 2;21 1;kiṃ cāyam aridurvāraḥ pāṇau pāśaḥ pracetasaḥ |;
KumSaṃ, 2: 2;21 2;mantreṇa hatavīryasya phaṇino dainyam āśritaḥ ||;"Skandapurāṇa Revākhaṇḍa)" SkPur Rkh, 1, 90: 90 14 2;mantreṇa hatavīryasya phaṇino dainyam āśritaḥ ||;GOOD;;
KumSaṃ, 2: 2;22 1;kuberasya manaḥśalyaṃ śaṃsatīva parābhavam |;"Skandapurāṇa Revākhaṇḍa)" SkPur Rkh, 1, 90: 90 15 1;kuberasya manaḥśalyaṃ śaṃsatīva parābhavam |;GOOD;;
KumSaṃ, 2: 2;22 2;apaviddhagado bāhur bhagnaśākha iva drumaḥ ||;
KumSaṃ, 2: 2;23 1;yamo .pi vilikhan bhūmiṃ daṇḍenāstamitatviṣā |;"Skandapurāṇa Revākhaṇḍa)" SkPur Rkh, 1, 90: 90 16 1;yamo .pi vilikhanbhūmiṃ daṇḍenāstamitatviṣā |;GOOD;;
KumSaṃ, 2: 2;23 2;kurute .sminn amoghe .pi nirvāṇālātalāghavam ||;"Skandapurāṇa Revākhaṇḍa)" SkPur Rkh, 1, 90: 90 16 2;kurute .sminn amogho .pi nirvāṇālātalāghavam ||;GOOD;;
KumSaṃ, 2: 2;24 1;amī ca katham ādityāḥ pratāpakṣatiśītalāḥ |;"Skandapurāṇa Revākhaṇḍa)" SkPur Rkh, 1, 90: 90 17 1;amī ca kathamādityāḥ pratāpakṣatiśītalāḥ |;GOOD;;
KumSaṃ, 2: 2;24 2;citranyastā iva gatāḥ prakāmālokanīyatām ||;"Skandapurāṇa Revākhaṇḍa)" SkPur Rkh, 1, 90: 90 17 2;citranyastā iva gatāḥ prakāmālokanīyatām ||;GOOD;;
KumSaṃ, 2: 2;25 1;paryākulatvān marutāṃ vegabhaṅgo .numīyate |;
KumSaṃ, 2: 2;25 2;ambhasām oghasaṃrodhaḥ pratīpagamanād iva ||;
KumSaṃ, 2: 2;26 1;āvarjitajaṭāmaulivilambiśaśikoṭayaḥ |;
KumSaṃ, 2: 2;26 2;rudrāṇām api mūrdhānaḥ kṣatahuṃkāraśaṃsinaḥ ||;
KumSaṃ, 2: 2;27 1;labdhapratiṣṭhāḥ prathamaṃ yūyaṃ kiṃ balavattaraiḥ |;
KumSaṃ, 2: 2;27 2;apavādair ivotsargāḥ kṛtavyāvṛttayaḥ paraiḥ ||;
KumSaṃ, 2: 2;28 1;tad brūta vatsāḥ kim itaḥ prārthayadhve samāgatāḥ |;"Skandapurāṇa Revākhaṇḍa)" SkPur Rkh, 1, 90: 90 18 1;tadbrūta vatsāḥ kimitaḥ prārthayadhvaṃ samāgatāḥ |;GOOD;;
KumSaṃ, 2: 2;28 2;mayi sṛṣṭir hi lokānāṃ rakṣā yuṣmāsv avasthitā ||;"Skandapurāṇa Revākhaṇḍa)" SkPur Rkh, 1, 90: 90 19 1;mayi sṛṣṭir hi lokānāṃ rakṣā yuṣmāsvavasthitā |;GOOD;;
KumSaṃ, 2: 2;29 1;tato mandāniloddhūtakamalākaraśobhinā |;
KumSaṃ, 2: 2;29 2;guruṃ netrasahasreṇa codayāmāsa vāsavaḥ ||;
KumSaṃ, 2: 2;30 1;sa dvinetro hareś cakṣuḥ sahasranayanādhikam |;"Skandapurāṇa Revākhaṇḍa)" SkPur Rkh, 1, 90: 90 20 2;sa dvinetraṃ hareścakṣuḥ sahasranayanādhikam ||;PARTLY;+ sahasranayana - sahasra;
KumSaṃ, 2: 2;30 2;vācaspatir uvācedaṃ prāñjalir jalajāsanam ||;"Skandapurāṇa Revākhaṇḍa)" SkPur Rkh, 1, 90: 90 21 1;vācaspatiruvācedaṃ prāñjalir jalajāsanam |;GOOD;;
KumSaṃ, 2: 2;31 1;evaṃ yad āttha bhagavann āmṛṣṭaṃ naḥ paraiḥ padam |;
KumSaṃ, 2: 2;31 2;pratyekaṃ viniyuktātmā kathaṃ na jñāsyasi prabho ||;
KumSaṃ, 2: 2;32 1;bhavallabdhavarodīrṇas tārakākhyo mahāsuraḥ |;
KumSaṃ, 2: 2;32 2;upaplavāya lokānāṃ dhūmaketur ivotthitaḥ ||;
KumSaṃ, 2: 2;33 1;pure tāvantam evāsya tanoti ravir ātapam |;
KumSaṃ, 2: 2;33 2;dīrghikākamalonmeṣo yāvanmātreṇa sādhyate ||;
KumSaṃ, 2: 2;34 1;sarvābhiḥ sarvadā candras taṃ kalābhir niṣevate |;
KumSaṃ, 2: 2;34 2;nādatte kevalāṃ lekhāṃ haracūḍāmaṇīkṛtām ||;
KumSaṃ, 2: 2;35 1;vyāvṛttagatir udyāne kusumasteyasādhvasāt |;
KumSaṃ, 2: 2;35 2;na vāti vāyus tatpārśve tālavṛntānilādhikam ||;
KumSaṃ, 2: 2;36 1;paryāyasevām utsṛjya puṣpasaṃbhāratatparāḥ |;
KumSaṃ, 2: 2;36 2;udyānapālasāmānyam ṛtavas tam upāsate ||;
KumSaṃ, 2: 2;37 1;tasyopāyanayogyāni ratnāni saritāṃ patiḥ |;
KumSaṃ, 2: 2;37 2;katham apy ambhasām antar ā niṣpatteḥ pratīkṣate ||;
KumSaṃ, 2: 2;38 1;jvalanmaṇiśikhāś cainaṃ vāsukipramukhā niśi |;
KumSaṃ, 2: 2;38 2;sthirapradīpatām etya bhujaṃgāḥ paryupāsate ||;
KumSaṃ, 2: 2;39 1;tatkṛtānugrahāpekṣī taṃ muhur dūtahāritaiḥ |;
KumSaṃ, 2: 2;39 2;anukūlayatīndro .pi kalpadrumavibhūṣaṇaiḥ ||;
KumSaṃ, 2: 2;40 1;ittham ārādhyamāno .pi kliśnāti bhuvanatrayam |;
KumSaṃ, 2: 2;40 2;śāmyet pratyapakāreṇa nopakāreṇa durjanaḥ ||;
KumSaṃ, 2: 2;41 1;tenāmaravadhūhastaiḥ sadayālūnapallavāḥ |;
KumSaṃ, 2: 2;41 2;abhijñāś chedapātānāṃ kriyante nandanadrumāḥ ||;
KumSaṃ, 2: 2;42 1;vījyate sa hi saṃsuptaḥ śvāsasādhāraṇānilaiḥ |;
KumSaṃ, 2: 2;42 2;cāmaraiḥ surabandīnāṃ bāṣpaśīkaravarṣibhiḥ ||;
KumSaṃ, 2: 2;43 1;utpāṭya meruśṛṅgāṇi kṣuṇṇāni haritāṃ khuraiḥ |;
KumSaṃ, 2: 2;43 2;ākrīḍaparvatās tena kalpitāḥ sveṣu veśmasu ||;
KumSaṃ, 2: 2;44 1;mandākinyāḥ payaḥśeṣaṃ digvāraṇamadāvilam |;
KumSaṃ, 2: 2;44 2;hemāmbhoruhasasyānāṃ tadvāpyo dhāma sāṃpratam ||;
KumSaṃ, 2: 2;45 1;bhuvanālokanaprītiḥ svargibhir nānubhūyate |;
KumSaṃ, 2: 2;45 2;khilībhūte vimānānāṃ tadāpātabhayāt pathi ||;
KumSaṃ, 2: 2;46 1;yajvabhiḥ saṃbhṛtaṃ havyaṃ vitateṣv adhvareṣu saḥ |;
KumSaṃ, 2: 2;46 2;jātavedomukhān māyī miṣatām ācchinatti naḥ ||;
KumSaṃ, 2: 2;47 1;uccair uccaiḥśravās tena hayaratnam ahāri ca |;
KumSaṃ, 2: 2;47 2;dehabaddham ivendrasya cirakālārjitaṃ yaśaḥ ||;
KumSaṃ, 2: 2;48 1;tasminn upāyāḥ sarve naḥ krūre pratihatakriyāḥ |;
KumSaṃ, 2: 2;48 2;vīryavaty auṣadhānīva vikāre sāṃnipātike ||;
KumSaṃ, 2: 2;49 1;jayāśā yatra cāsmākaṃ pratighātotthitārciṣā |;
KumSaṃ, 2: 2;49 2;haricakreṇa tenāsya kaṇṭhe niṣka ivārpitaḥ ||;
KumSaṃ, 2: 2;50 1;tadīyās toyadeṣv adya puṣkarāvartakādiṣu |;
KumSaṃ, 2: 2;50 2;abhyasyanti taṭāghātaṃ nirjitairāvatā gajāḥ ||;
KumSaṃ, 2: 2;51 1;tad icchāmo vibho sṛṣṭaṃ senānyaṃ tasya śāntaye |;
KumSaṃ, 2: 2;51 2;karmabandhacchidaṃ dharmaṃ bhavasyeva mumukṣavaḥ ||;
KumSaṃ, 2: 2;52 1;goptāraṃ surasainyānāṃ yaṃ puraskṛtya gotrabhit |;
KumSaṃ, 2: 2;52 2;pratyāneṣyati śatrubhyo bandīm iva jayaśriyam ||;
KumSaṃ, 2: 2;53 1;vacasy avasite tasmin sasarja giram ātmabhūḥ |;
KumSaṃ, 2: 2;53 2;garjitānantarāṃ vṛṣṭiṃ saubhāgyena jigāya yā ||;
KumSaṃ, 2: 2;54 1;sampatsyate vaḥ kāmo yaṃ kālaḥ kaścit pratīkṣyatām |;
KumSaṃ, 2: 2;54 2;na tv asya siddhau yāsyāmi sargavyāpāram ātmanā ||;
KumSaṃ, 2: 2;55 1;itaḥ sa daityaḥ prāptaśrīr neta evārhati kṣayam |;
KumSaṃ, 2: 2;55 2;viṣavṛkṣo .pi saṃvardhya svayaṃ chettum asāṃpratam ||;
KumSaṃ, 2: 2;56 1;vṛtaṃ tenedam eva prāṅ mayā cāsmai pratiśrutam |;
KumSaṃ, 2: 2;56 2;vareṇa śamitaṃ lokān alaṃ dagdhuṃ hi tattapaḥ ||;
KumSaṃ, 2: 2;57 1;saṃyuge sāṃyugīnaṃ tam udyataṃ prasaheta kaḥ |;
KumSaṃ, 2: 2;57 2;aṃśād ṛte niṣiktasya nīlalohitaretasaḥ ||;
KumSaṃ, 2: 2;58 1;sa hi devaḥ paraṃ jyotis tamaḥpāre vyavasthitam |;
KumSaṃ, 2: 2;58 2;paricchinnaprabhāvarddhir na mayā na ca viṣṇunā ||;
KumSaṃ, 2: 2;59 1;umārūpeṇa te yūyaṃ saṃyamastimitaṃ manaḥ |;
KumSaṃ, 2: 2;59 2;śaṃbhor yatadhvam ākraṣṭum ayaskāntena lohavat ||;
KumSaṃ, 2: 2;60 1;ubhe eva kṣame voḍhum ubhayor vīryam āhitam |;
KumSaṃ, 2: 2;60 2;sā vā śaṃbhos tadīyā vā mūrtir jalamayī mama ||;
KumSaṃ, 2: 2;61 1;tasyātmā śitikaṇṭhasya saināpatyam upetya vaḥ |;
KumSaṃ, 2: 2;61 2;mokṣyate surabandīnāṃ veṇīr vīryavibhūtibhiḥ ||;
KumSaṃ, 2: 2;62 1;iti vyāhṛtya vibudhān viśvayonis tirodadhe |;
KumSaṃ, 2: 2;62 2;manasy āhitakartavyās te .pi pratiyayur divam ||;
KumSaṃ, 2: 2;63 1;tatra niścitya kandarpam agamat pākaśāsanaḥ |;
KumSaṃ, 2: 2;63 2;manasā kāryasaṃsiddhitvarādviguṇaraṃhasā ||;
KumSaṃ, 2: 2;64 1;atha sa lalitayoṣidbhrūlatācāruśṛṅgaṃ rativalayapadāṅke cāpam āsajya kaṇṭhe |;
KumSaṃ, 2: 2;64 2;sahacaramadhuhastanyastacūtāṅkurāstraḥ śatamakham upatasthe prāñjaliḥ puṣpadhanvā ||;
KumSaṃ, 3: 3;1 1;tasmin maghonas tridaśān vihāya sahasram akṣṇāṃ yugapat papāta |;
KumSaṃ, 3: 3;1 2;prayojanāpekṣitayā prabhūṇāṃ prāyaś calaṃ gauravam āśriteṣu ||;
KumSaṃ, 3: 3;2 1;sa vāsavenāsanasaṃnikṛṣṭam ito niṣīdeti visṛṣṭabhūmiḥ |;
KumSaṃ, 3: 3;2 2;bhartuḥ prasādaṃ pratinandya mūrdhnā vaktuṃ mithaḥ prākramataivam enam ||;
KumSaṃ, 3: 3;3 1;ājñāpaya jñātaviśeṣa puṃsāṃ lokeṣu yat te karaṇīyam asti |;
KumSaṃ, 3: 3;3 2;anugrahaṃ saṃsmaraṇapravṛttam icchāmi saṃvardhitam ājñayā te ||;
KumSaṃ, 3: 3;4 1;kenābhyasūyā padakāṅkṣiṇā te nitāntadīrghair janitā tapobhiḥ |;
KumSaṃ, 3: 3;4 2;yāvad bhavaty āhitasāyakasya matkārmukasyāsya nideśavartī ||;
KumSaṃ, 3: 3;5 1;asaṃmataḥ kas tava muktimārgaṃ punarbhavakleśabhayāt prapannaḥ |;
KumSaṃ, 3: 3;5 2;baddhaś ciraṃ tiṣṭhatu sundarīṇām ārecitabhrūcaturaiḥ kaṭākṣaiḥ ||;
KumSaṃ, 3: 3;6 1;adhyāpitasyośanasāpi nītiṃ prayuktarāgapraṇidhir dviṣas te |;
KumSaṃ, 3: 3;6 2;kasyārthadharmau vada pīḍayāmi sindhos taṭāv ogha iva pravṛddhaḥ ||;
KumSaṃ, 3: 3;7 1;kām ekapatnīvrataduḥkhaśīlāṃ lolaṃ manaś cārutayā praviṣṭām |;
KumSaṃ, 3: 3;7 2;nitambinīm icchasi muktalajjāṃ kaṇṭhe svayaṃgrāhaniṣaktabāhum ||;
KumSaṃ, 3: 3;8 1;kayāsi kāmin suratāparādhāt pādānataḥ kopanayāvadhūtaḥ |;
KumSaṃ, 3: 3;8 2;yasyāḥ kariṣyāmi dṛḍhānutāpaṃ pravālaśayyāśaraṇaṃ śarīram ||;
KumSaṃ, 3: 3;9 1;prasīda viśrāmyatu vīra vajraṃ śarair madīyaiḥ katamaḥ surāriḥ |;
KumSaṃ, 3: 3;9 2;bibhetu moghīkṛtabāhuvīryaḥ strībhyo .pi kopasphuritādharābhyaḥ ||;
KumSaṃ, 3: 3;10 1;tava prasādāt kusumāyudho .pi sahāyam ekaṃ madhum eva labdhvā |;
KumSaṃ, 3: 3;10 2;kuryāṃ harasyāpi pinākapāṇer dhairyacyutiṃ ke mama dhanvino .nye ||;
KumSaṃ, 3: 3;11 1;athorudeśād avatārya pādam ākrāntisaṃbhāvitapādapīṭham |;
KumSaṃ, 3: 3;11 2;saṃkalpitārthe vivṛtātmaśaktim ākhaṇḍalaḥ kāmam idaṃ babhāṣe ||;
KumSaṃ, 3: 3;12 1;sarvaṃ sakhe tvayy upapannam etad ubhe mamāstre kuliśaṃ bhavāṃś ca |;
KumSaṃ, 3: 3;12 2;vajraṃ tapovīryamahatsu kuṇṭhaṃ tvaṃ sarvatogāmi ca sādhakaṃ ca ||;
KumSaṃ, 3: 3;13 1;avaimi te sāram ataḥ khalu tvāṃ kārye guruṇy ātmasamaṃ niyokṣye |;
KumSaṃ, 3: 3;13 2;vyādiśyate bhūdharatām avekṣya kṛṣṇena dehodvahanāya śeṣaḥ ||;
KumSaṃ, 3: 3;14 1;āśaṃsatā bāṇagatiṃ vṛṣāṅke kāryaṃ tvayā naḥ pratipannakalpam |;
KumSaṃ, 3: 3;14 2;nibodha yajñāṃśabhujām idānīm uccairdviṣām īpsitam etad eva ||;
KumSaṃ, 3: 3;15 1;amī hi vīryaprabhavaṃ bhavasya jayāya senānyam uśanti devāḥ |;
KumSaṃ, 3: 3;15 2;sa ca tvadekeṣunipātasādhyo brahmāṅgabhūr brahmaṇi yojitātmā ||;
KumSaṃ, 3: 3;16 1;tasmai himādreḥ prayatāṃ tanūjāṃ yatātmane rocayituṃ yatasva |;
KumSaṃ, 3: 3;16 2;yoṣitsu tadvīryaniṣekabhūmiḥ saiva kṣamety ātmabhuvopadiṣṭam ||;
KumSaṃ, 3: 3;17 1;guror niyogāc ca nagendrakanyā sthāṇuṃ tapasyantam adhityakāyām |;
KumSaṃ, 3: 3;17 2;anvāsta ity apsarasāṃ mukhebhyaḥ śrutaṃ mayā matpraṇidhiḥ sa vargaḥ ||;
KumSaṃ, 3: 3;18 1;tad gaccha siddhyai kuru devakāryam artho .yam arthāntarabhāvya eva |;
KumSaṃ, 3: 3;18 2;apekṣate pratyayam uttamaṃ tvāṃ bījāṅkuraḥ prāg udayād ivāmbhaḥ ||;
KumSaṃ, 3: 3;19 1;tasmin surāṇāṃ vijayābhyupāye tavaiva nāmāstragatiḥ kṛtī tvam |;
KumSaṃ, 3: 3;19 2;apy aprasiddhaṃ yaśase hi puṃsām ananyasādhāraṇam eva karma ||;
KumSaṃ, 3: 3;20 1;surāḥ samabhyarthayitāra ete kāryaṃ trayāṇām api viṣṭapānām |;
KumSaṃ, 3: 3;20 2;cāpena te karma na cātihiṃsram aho batāsi spṛhaṇīyavīryaḥ ||;
KumSaṃ, 3: 3;21 1;madhuś ca te manmatha sāhacaryād asāvanukto .pi sahāya eva |;
KumSaṃ, 3: 3;21 2;samīraṇo nodayitā bhaveti vyādiśyate kena hutāśanasya ||;
KumSaṃ, 3: 3;22 1;tatheti śeṣām iva bhartur ājñām ādāya mūrdhnā madanaḥ pratasthe |;
KumSaṃ, 3: 3;22 2;airāvatāsphālanakarkaśena hastena pasparśa tadaṅgam indraḥ ||;
KumSaṃ, 3: 3;23 1;sa mādhavenābhimatena sakhyā ratyā ca sāśaṅkam anuprayātaḥ |;
KumSaṃ, 3: 3;23 2;aṅgavyayaprārthitakāryasiddhiḥ sthāṇvāśramaṃ haimavataṃ jagāma ||;
KumSaṃ, 3: 3;24 1;tasmin vane saṃyamināṃ munīnāṃ tapaḥsamādheḥ pratikūlavartī |;
KumSaṃ, 3: 3;24 2;saṃkalpayoner abhimānabhūtam ātmānam ādhāya madhur jajṛmbhe ||;
KumSaṃ, 3: 3;25 1;kuberaguptāṃ diśam uṣṇaraśmau gantuṃ pravṛtte samayaṃ vilaṅghya |;
KumSaṃ, 3: 3;25 2;dig dakṣiṇā gandhavahaṃ mukhena vyalīkaniḥśvāsam ivotsasarja ||;
KumSaṃ, 3: 3;26 1;asūta sadyaḥ kusumāny aśokaḥ skandhāt prabhṛty eva sapallavāni |;
KumSaṃ, 3: 3;26 2;pādena nāpaikṣata sundarīṇāṃ saṃparkam āsiñjitanūpureṇa ||;
KumSaṃ, 3: 3;27 1;sadyaḥ pravālodgamacārupatre nīte samāptiṃ navacūtabāṇe |;
KumSaṃ, 3: 3;27 2;niveśayāmāsa madhur dvirephān nāmākṣarāṇīva manobhavasya ||;
KumSaṃ, 3: 3;28 1;varṇaprakarṣe sati karṇikāraṃ dunoti nirgandhatayā sma cetaḥ |;
KumSaṃ, 3: 3;28 2;prāyeṇa sāmagryavidhau guṇānāṃ parāṅmukhī viśvasṛjaḥ pravṛttiḥ ||;
KumSaṃ, 3: 3;29 1;bālenduvakrāṇy avikāsabhāvād babhuḥ palāśāny atilohitāni |;
KumSaṃ, 3: 3;29 2;sadyo vasantena samāgatānāṃ nakhakṣatānīva vanasthalīnām ||;
KumSaṃ, 3: 3;30 1;lagnadvirephāñjanabhakticitram mukhe madhuśrīs tilakaṃ prakāśya |;
KumSaṃ, 3: 3;30 2;rāgeṇa bālāruṇakomalena cūtapravāloṣṭham alaṃcakāra ||;
KumSaṃ, 3: 3;31 1;mṛgāḥ priyāladrumamañjarīṇāṃ rajaḥkaṇair vighnitadṛṣṭipātāḥ |;
KumSaṃ, 3: 3;31 2;madoddhatāḥ pratyanilaṃ vicerur vanasthalīr marmarapatramokṣāḥ ||;
KumSaṃ, 3: 3;32 1;cūtāṅkurāsvādakaṣāyakaṇṭhaḥ puṃskokilo yan madhuraṃ cukūja |;
KumSaṃ, 3: 3;32 2;manasvinīmānavighātadakṣaṃ tad eva jātaṃ vacanaṃ smarasya ||;
KumSaṃ, 3: 3;33 1;himavyapāyād viśadādharāṇām āpāṇḍurībhūtamukhacchavīnām |;
KumSaṃ, 3: 3;33 2;svedodgamaḥ kiṃpuruṣāṅganānāṃ cakre padaṃ patraviśeṣakeṣu ||;
KumSaṃ, 3: 3;34 1;tapasvinaḥ sthāṇuvanaukasas tām ākālikīṃ vīkṣya madhupravṛttim |;
KumSaṃ, 3: 3;34 2;prayatnasaṃstambhitavikriyāṇāṃ kathaṃcid īśā manasāṃ babhūvuḥ ||;
KumSaṃ, 3: 3;35 1;taṃ deśam āropitapuṣpacāpe ratidvitīye madane prapanne |;
KumSaṃ, 3: 3;35 2;kāṣṭhāgatasneharasānuviddhaṃ dvandvāni bhāvaṃ kriyayā vivavruḥ ||;
KumSaṃ, 3: 3;36 1;madhu dvirephaḥ kusumaikapātre papau priyāṃ svām anuvartamānaḥ |;
KumSaṃ, 3: 3;36 2;śṛṅgeṇa ca sparśanimīlitākṣīṃ mṛgīm akaṇḍūyata kṛṣṇasāraḥ ||;
KumSaṃ, 3: 3;37 1;dadau rasāt paṅkajareṇugandhi gajāya gaṇḍūṣajalaṃ kareṇuḥ |;
KumSaṃ, 3: 3;37 2;ardhopabhuktena bisena jāyāṃ saṃbhāvayāmāsa rathāṅganāmā ||;
KumSaṃ, 3: 3;38 1;gītāntareṣu śramavārileśaiḥ kiṃcitsamucchvāsitapatralekham |;
KumSaṃ, 3: 3;38 2;puṣpāsavāghūrṇitanetraśobhi priyāmukhaṃ kiṃpuruṣaś cucumbe ||;
KumSaṃ, 3: 3;39 1;paryāptapuṣpastabakastanābhyaḥ sphuratpravālauṣṭhamanoharābhyaḥ |;
KumSaṃ, 3: 3;39 2;latāvadhūbhyas taravo .py avāpur vinamraśākhābhujabandhanāni ||;
KumSaṃ, 3: 3;40 1;śrutāpsarogītir api kṣaṇe .smin haraḥ prasaṃkhyānaparo babhūva |;
KumSaṃ, 3: 3;40 2;ātmeśvarāṇāṃ na hi jātu vighnāḥ samādhibhedaprabhavo bhavanti ||;
KumSaṃ, 3: 3;41 1;latāgṛhadvāragato .tha nandī vāmaprakoṣṭhārpitahemavetraḥ |;
KumSaṃ, 3: 3;41 2;mukhārpitaikāṅgulisaṃjñayaiva mā cāpalāyeti gaṇān vyanaiṣīt ||;
KumSaṃ, 3: 3;42 1;niṣkampavṛkṣaṃ nibhṛtadvirephaṃ mūkāṇḍajaṃ śāntamṛgapracāram |;
KumSaṃ, 3: 3;42 2;tacchāsanāt kānanam eva sarvaṃ citrārpitārambham ivāvatasthe ||;
KumSaṃ, 3: 3;43 1;dṛṣṭiprapātaṃ parihṛtya tasya kāmaḥ puraḥśukram iva prayāṇe |;
KumSaṃ, 3: 3;43 2;prānteṣu saṃsaktanameruśākhaṃ dhyānāspadaṃ bhūtapater viveśa ||;
KumSaṃ, 3: 3;44 1;sa devadārudrumavedikāyāṃ śārdūlacarmavyavadhānavatyām |;
KumSaṃ, 3: 3;44 2;āsīnam āsannaśarīrapātas tryambakaṃ saṃyaminaṃ dadarśa ||;
KumSaṃ, 3: 3;45 1;paryaṅkabandhasthirapūrvakāyam ṛjvāyataṃ saṃnamitobhayāṃsam |;
KumSaṃ, 3: 3;45 2;uttānapāṇidvayasaṃniveśāt praphullarājīvam ivāṅkamadhye ||;
KumSaṃ, 3: 3;46 1;bhujaṃgamonnaddhajaṭākalāpaṃ karṇāvasaktadviguṇākṣasūtram |;
KumSaṃ, 3: 3;46 2;kaṇṭhaprabhāsaṅgaviśeṣanīlāṃ kṛṣṇatvacaṃ granthimatīṃ dadhānam ||;
KumSaṃ, 3: 3;47 1;kiṃcitprakāśastimitogratārair bhrūvikriyāyāṃ virataprasaṅgaiḥ |;
KumSaṃ, 3: 3;47 2;netrair avispanditapakṣmamālair lakṣyīkṛtaghrāṇam adhomayūkhaiḥ ||;
KumSaṃ, 3: 3;48 1;avṛṣṭisaṃrambham ivāmbuvāham apām ivādhāram anuttaraṅgam |;
KumSaṃ, 3: 3;48 2;antaścarāṇāṃ marutāṃ nirodhān nivātaniṣkampam iva pradīpam ||;
KumSaṃ, 3: 3;49 1;kapālanetrāntaralabdhamārgair jyotiḥprarohair uditaiḥ śirastaḥ |;
KumSaṃ, 3: 3;49 2;mṛṇālasūtrādhikasaukumāryāṃ bālasya lakṣmīṃ glapayantam indoḥ ||;
KumSaṃ, 3: 3;50 1;mano navadvāraniṣiddhavṛtti hṛdi vyavasthāpya samādhivaśyam |;
KumSaṃ, 3: 3;50 2;yam akṣaraṃ kṣetravido vidus tam ātmānam ātmany avalokayantam ||;
KumSaṃ, 3: 3;51 1;smaras tathābhūtam ayugmanetraṃ paśyann adūrān manasāpy adhṛṣyam |;
KumSaṃ, 3: 3;51 2;nālakṣayat sādhvasasannahastaḥ srastaṃ śaraṃ cāpam api svahastāt ||;
KumSaṃ, 3: 3;52 1;nirvāṇabhūyiṣṭham athāsya vīryaṃ saṃdhukṣayantīva vapurguṇena |;
KumSaṃ, 3: 3;52 2;anuprayātā vanadevatābhyām adṛśyata sthāvararājakanyā ||;
KumSaṃ, 3: 3;53 1;aśokanirbhartsitapadmarāgam ākṛṣṭahemadyutikarṇikāram |;
KumSaṃ, 3: 3;53 2;muktākalāpīkṛtasinduvāraṃ vasantapuṣpābharaṇaṃ vahantī ||;
KumSaṃ, 3: 3;54 1;āvarjitā kiṃcid iva stanābhyāṃ vāso vasānā taruṇārkarāgam |;
KumSaṃ, 3: 3;54 2;paryāptapuṣpastabakāvanamrā saṃcāriṇī pallavinī lateva ||;
KumSaṃ, 3: 3;55 1;srastāṃ nitambād avalambamānā punaḥ punaḥ kesaradāmakāñcīm |;
KumSaṃ, 3: 3;55 2;nyāsīkṛtāṃ sthānavidā smareṇa maurvīṃ dvitīyām iva kārmukasya ||;
KumSaṃ, 3: 3;56 1;sugandhiniḥśvāsavivṛddhatṛṣṇaṃ bimbādharāsannacaraṃ dvirepham |;
KumSaṃ, 3: 3;56 2;pratikṣaṇaṃ saṃbhramaloladṛṣṭir līlāravindena nivārayantī ||;
KumSaṃ, 3: 3;57 1;tāṃ vīkṣya sarvāvayavānavadyāṃ rater api hrīpadam ādadhānām |;
KumSaṃ, 3: 3;57 2;jitendriye śūlini puṣpacāpaḥ svakāryasiddhiṃ punar āśaśaṃse ||;
KumSaṃ, 3: 3;58 1;bhaviṣyataḥ patyur umā ca śaṃbhoḥ samāsasāda pratihārabhūmim |;
KumSaṃ, 3: 3;58 2;yogāt sa cāntaḥ paramātmasaṃjñaṃ dṛṣṭvā paraṃ jyotir upārarāma ||;
KumSaṃ, 3: 3;59 1;tato bhujaṃgādhipateḥ phaṇāgrair adhaḥ kathaṃcid dhṛtabhūmibhāgaḥ |;
KumSaṃ, 3: 3;59 2;śanaiḥ kṛtaprāṇavimuktir īśaḥ paryaṅkabandhaṃ nibiḍaṃ bibheda ||;
KumSaṃ, 3: 3;60 1;tasmai śaśaṃsa praṇipatya nandī śuśrūṣayā śailasutām upetām |;
KumSaṃ, 3: 3;60 2;praveśayāmāsa ca bhartur enāṃ bhrūkṣepamātrānumatapraveśām ||;
KumSaṃ, 3: 3;61 1;tasyāḥ sakhībhyāṃ praṇipātapūrvaṃ svahastalūnaḥ śiśirātyayasya |;
KumSaṃ, 3: 3;61 2;vyakīryata tryambakapādamūle puṣpoccayaḥ pallavabhaṅgabhinnaḥ ||;
KumSaṃ, 3: 3;62 1;umāpi nīlālakamadhyaśobhi visraṃsayantī navakarṇikāram |;
KumSaṃ, 3: 3;62 2;cakāra karṇacyutapallavena mūrdhnā praṇāmaṃ vṛṣabhadhvajāya ||;
KumSaṃ, 3: 3;63 1;ananyabhājaṃ patim āpnuhīti sā tathyam evābhihitā bhavena |;
KumSaṃ, 3: 3;63 2;na hīśvaravyāhṛtayaḥ kadācit puṣyanti loke viparītam artham ||;
KumSaṃ, 3: 3;64 1;kāmas tu bāṇāvasaraṃ pratīkṣya pataṅgavad vahnimukhaṃ vivikṣuḥ |;
KumSaṃ, 3: 3;64 2;umāsamakṣaṃ harabaddhalakṣyaḥ śarāsanajyāṃ muhur āmamarśa ||;
KumSaṃ, 3: 3;65 1;athopaninye giriśāya gaurī tapasvine tāmrarucā kareṇa |;
KumSaṃ, 3: 3;65 2;viśoṣitāṃ bhānumato mayūkhair mandākinīpuṣkarabījamālām ||;
KumSaṃ, 3: 3;66 1;pratigrahītuṃ praṇayipriyatvāt trilocanas tām upacakrame ca |;
KumSaṃ, 3: 3;66 2;saṃmohanaṃ nāma ca puṣpadhanvā dhanuṣy amoghaṃ samadhatta bāṇam ||;
KumSaṃ, 3: 3;67 1;haras tu kiṃcit pariluptadhairyaś candrodayārambha ivāmburāśiḥ |;
KumSaṃ, 3: 3;67 2;umāmukhe bimbaphalādharoṣṭhe vyāpārayāmāsa vilocanāni ||;
KumSaṃ, 3: 3;68 1;vivṛṇvatī śailasutāpi bhāvam aṅgaiḥ sphuradbālakadambakalpaiḥ |;
KumSaṃ, 3: 3;68 2;sācīkṛtā cārutareṇa tasthau mukhena paryastavilocanena ||;
KumSaṃ, 3: 3;69 1;athendriyakṣobham ayugmanetraḥ punar vaśitvād balavan nigṛhya |;
KumSaṃ, 3: 3;69 2;hetuṃ svacetovikṛter didṛkṣur diśām upānteṣu sasarja dṛṣṭim ||;
KumSaṃ, 3: 3;70 1;sa dakṣiṇāpāṅganiviṣṭamuṣṭiṃ natāṃsam ākuñcitasavyapādam |;
KumSaṃ, 3: 3;70 2;dadarśa cakrīkṛtacārucāpaṃ prahartum abhyudyatam ātmayonim ||;
KumSaṃ, 3: 3;71 1;tapaḥparāmarśavivṛddhamanyor bhrūbhaṅgaduṣprekṣyamukhasya tasya |;
KumSaṃ, 3: 3;71 2;sphurann udarciḥ sahasā tṛtīyād akṣṇaḥ kṛśānuḥ kila niṣpapāta ||;
KumSaṃ, 3: 3;72 1;krodhaṃ prabho saṃhara saṃhareti yāvad giraḥ khe marutāṃ caranti |;
KumSaṃ, 3: 3;72 2;tāvat sa vahnir bhavanetrajanmā bhasmāvaśeṣaṃ madanaṃ cakāra ||;
KumSaṃ, 3: 3;73 1;tīvrābhiṣaṅgaprabhaveṇa vṛttim mohena saṃstambhayatendriyāṇām |;
KumSaṃ, 3: 3;73 2;ajñātabhartṛvyasanā muhūrtaṃ kṛtopakāreva ratir babhūva ||;
KumSaṃ, 3: 3;74 1;tam āśu vighnaṃ tapasas tapasvī vanaspatiṃ vajra ivāvabhajya |;
KumSaṃ, 3: 3;74 2;strīsaṃnikarṣaṃ parihartum icchann antardadhe bhūtapatiḥ sabhūtaḥ ||;
KumSaṃ, 3: 3;75 1;śailātmajāpi pitur ucchiraso .bhilāṣaṃ vyarthaṃ samarthya lalitaṃ vapur ātmanaś ca |;
KumSaṃ, 3: 3;75 2;sakhyoḥ samakṣam iti cādhikajātalajjā śūnyā jagāma bhavanābhimukhī kathaṃcit ||;
KumSaṃ, 3: 3;76 1;sapadi mukulitākṣīṃ rudrasaṃrambhabhītyā duhitaram anukampyām adrir ādāya dorbhyām |;
KumSaṃ, 3: 3;76 2;suragaja iva bibhrat padminīṃ dantalagnāṃ pratipathagatir āsīd vegadīrghīkṛtāṅgaḥ ||;
KumSaṃ, 4: 4;1 1;atha mohaparāyaṇā satī vivaśā kāmavadhūr vibodhitā |;
KumSaṃ, 4: 4;1 2;vidhinā pratipādayiṣyatā navavaidhavyam asahyavedanam ||;
KumSaṃ, 4: 4;2 1;avadhānapare cakāra sā pralayāntonmiṣite vilocane |;
KumSaṃ, 4: 4;2 2;na viveda tayor atṛptayoḥ priyam atyantaviluptadarśanam ||;
KumSaṃ, 4: 4;3 1;ayi jīvitanātha jīvasīty abhidhāyotthitayā tayā puraḥ |;
KumSaṃ, 4: 4;3 2;dadṛśe puruṣākṛti kṣitau harakopānalabhasma kevalam ||;
KumSaṃ, 4: 4;4 1;atha sā punar eva vihvalā vasudhāliṅganadhūsarastanī |;
KumSaṃ, 4: 4;4 2;vilalāpa vikīrṇamūrdhajā samaduḥkhām iva kurvatī sthalīm ||;
KumSaṃ, 4: 4;5 1;upamānam abhūd vilāsināṃ karaṇaṃ yat tava kāntimattayā |;
KumSaṃ, 4: 4;5 2;tad idaṃ gatam īdṛśīṃ daśāṃ na vidīrye kaṭhināḥ khalu striyaḥ ||;
KumSaṃ, 4: 4;6 1;kva nu māṃ tvadadhīnajīvitāṃ vinikīrya kṣaṇabhinnasauhṛdaḥ |;
KumSaṃ, 4: 4;6 2;nalinīṃ kṣatasetubandhano jalasaṃghāta ivāsi vidrutaḥ ||;
KumSaṃ, 4: 4;7 1;kṛtavān asi vipriyaṃ na me pratikūlaṃ na ca te mayā kṛtam |;
KumSaṃ, 4: 4;7 2;kim akāraṇam eva darśanaṃ vilapantyai rataye na dīyate ||;
KumSaṃ, 4: 4;8 1;smarasi smara mekhalāguṇair uta gotraskhaliteṣu bandhanam |;
KumSaṃ, 4: 4;8 2;cyutakeśaradūṣitekṣaṇāny avataṃsotpalatāḍanāni vā ||;
KumSaṃ, 4: 4;9 1;hṛdaye vasasīti matpriyaṃ yad avocas tad avaimi kaitavam |;
KumSaṃ, 4: 4;9 2;upacārapadaṃ na ced idaṃ tvam anaṅgaḥ katham akṣatā ratiḥ ||;
KumSaṃ, 4: 4;10 1;paralokanavapravāsinaḥ pratipatsye padavīm ahaṃ tava |;
KumSaṃ, 4: 4;10 2;vidhinā jana eṣa vañcitas tvadadhīnaṃ khalu dehināṃ sukham ||;
KumSaṃ, 4: 4;11 1;rajanītimirāvaguṇṭhite puramārge ghanaśabdaviklavāḥ |;
KumSaṃ, 4: 4;11 2;vasatiṃ priya kāmināṃ priyās tvad ṛte prāpayituṃ ka īśvaraḥ ||;
KumSaṃ, 4: 4;12 1;nayanāny aruṇāni ghūrṇayan vacanāni skhalayan pade pade |;
KumSaṃ, 4: 4;12 2;asati tvayi vāruṇīmadaḥ pramadānām adhunā viḍambanā ||;
KumSaṃ, 4: 4;13 1;avagamya kathīkṛtaṃ vapuḥ priyabandhos tava niṣphalodayaḥ |;
KumSaṃ, 4: 4;13 2;bahule .pi gate niśākaras tanutāṃ duḥkham anaṅga mokṣyati ||;
KumSaṃ, 4: 4;14 1;haritāruṇacārubandhanaḥ kalapuṃskokilaśabdasūcitaḥ |;
KumSaṃ, 4: 4;14 2;vada saṃprati kasya bāṇatāṃ navacūtaprasavo gamiṣyati ||;
KumSaṃ, 4: 4;15 1;alipaṅktir anekaśas tvayā guṇakṛtye dhanuṣo niyojitā |;
KumSaṃ, 4: 4;15 2;virutaiḥ karuṇasvanair iyaṃ guruśokām anuroditīva mām ||;
KumSaṃ, 4: 4;16 1;pratipadya manoharaṃ vapuḥ punar apy ādiśa tāvad utthitaḥ |;
KumSaṃ, 4: 4;16 2;ratidūtipadeṣu kokilāṃ madhurālāpanisargapaṇḍitām ||;
KumSaṃ, 4: 4;17 1;śirasā praṇipatya yācitāny upagūḍhāni savepathūni ca |;
KumSaṃ, 4: 4;17 2;suratāni ca tāni te rahaḥ smara saṃsmṛtya na śāntir asti me ||;
KumSaṃ, 4: 4;18 1;racitaṃ ratipaṇḍita tvayā svayam aṅgeṣu mamedam ārtavam |;
KumSaṃ, 4: 4;18 2;dhriyate kusumaprasādhanaṃ tava tac cāru vapur na dṛśyate ||;
KumSaṃ, 4: 4;19 1;vibudhair asi yasya dāruṇair asamāpte parikarmaṇi smṛtaḥ |;
KumSaṃ, 4: 4;19 2;tam imaṃ kuru dakṣiṇetaraṃ caraṇaṃ nirmitarāgam ehi me ||;
KumSaṃ, 4: 4;20 1;aham etya pataṅgavartmanā punar aṅkāśrayiṇī bhavāmi te |;
KumSaṃ, 4: 4;20 2;caturaiḥ surakāminījanaiḥ priya yāvan na vilobhyase divi ||;
KumSaṃ, 4: 4;21 1;madanena vinākṛtā ratiḥ kṣaṇamātraṃ kila jīviteti me |;
KumSaṃ, 4: 4;21 2;vacanīyam idaṃ vyavasthitaṃ ramaṇa tvām anuyāmi yady api ||;
KumSaṃ, 4: 4;22 1;kriyatāṃ katham antyamaṇḍanaṃ paralokāntaritasya te mayā |;
KumSaṃ, 4: 4;22 2;samam eva gato .sy atarkitāṃ gatim aṅgena ca jīvitena ca ||;
KumSaṃ, 4: 4;23 1;ṛjutāṃ nayataḥ smarāmi te śaram utsaṅganiṣaṇṇadhanvanaḥ |;
KumSaṃ, 4: 4;23 2;madhunā saha sasmitaṃ kathāṃ nayanopāntavilokitaṃ ca yat ||;
KumSaṃ, 4: 4;24 1;kva nu te hṛdayaṃgamaḥ sakhā kusumāyojitakārmuko madhuḥ |;
KumSaṃ, 4: 4;24 2;na khalūgraruṣā pinākinā gamitaḥ so .pi suhṛdgatāṃ gatim ||;
KumSaṃ, 4: 4;25 1;atha taiḥ paridevitākṣarair hṛdaye digdhaśarair ivārditaḥ |;
KumSaṃ, 4: 4;25 2;ratim abhyupapattum āturāṃ madhur ātmānam adarśayat puraḥ ||;
KumSaṃ, 4: 4;26 1;tam avekṣya ruroda sā bhṛśaṃ stanasaṃbādham uro jaghāna ca |;
KumSaṃ, 4: 4;26 2;svajanasya hi duḥkham agrato vivṛtadvāram ivopajāyate ||;
KumSaṃ, 4: 4;27 1;iti cainam uvāca duḥkhitā suhṛdaḥ paśya vasanta kiṃ sthitam |;
KumSaṃ, 4: 4;27 2;yad idaṃ kaṇaśaḥ prakīryate pavanair bhasma kapotakarburam ||;
KumSaṃ, 4: 4;28 1;ayi saṃprati dehi darśanaṃ smara paryutsuka eṣa mādhavaḥ |;
KumSaṃ, 4: 4;28 2;dayitāsv anavasthitaṃ nṛṇāṃ na khalu prema calaṃ suhṛjjane ||;
KumSaṃ, 4: 4;29 1;amunā nanu pārśvavartinā jagad ājñāṃ sasurāsuraṃ tava |;
KumSaṃ, 4: 4;29 2;bisatantuguṇasya kāritaṃ dhanuṣaḥ pelavapuṣpapatriṇaḥ ||;
KumSaṃ, 4: 4;30 1;gata eva na te nivartate sa sakhā dīpa ivānilāhataḥ |;
KumSaṃ, 4: 4;30 2;aham asya daśeva paśya mām aviṣahyavyasanapradūṣitām ||;
KumSaṃ, 4: 4;31 1;vidhinā kṛtam ardhavaiśasaṃ nanu mām kāmavadhe vimuñcatā |;
KumSaṃ, 4: 4;31 2;anaghāpi hi saṃśrayadrume gajabhagne patanāya vallarī ||;
KumSaṃ, 4: 4;32 1;tad idaṃ kriyatām anantaraṃ bhavatā bandhujanaprayojanam |;
KumSaṃ, 4: 4;32 2;vidhurāṃ jvalanātisarjanān nanu māṃ prāpaya patyur antikam ||;
KumSaṃ, 4: 4;33 1;śaśinā saha yāti kaumudī saha meghena taḍit pralīyate |;
KumSaṃ, 4: 4;33 2;pramadāḥ pativartmagā iti pratipannaṃ hi vicetanair api ||;
KumSaṃ, 4: 4;34 1;amunaiva kaṣāyitastanī subhagena priyagātrabhasmanā |;
KumSaṃ, 4: 4;34 2;navapallavasaṃstare yathā racayiṣyāmi tanuṃ vibhāvasau ||;
KumSaṃ, 4: 4;35 1;kusumāstaraṇe sahāyatāṃ bahuśaḥ saumya gatas tvam āvayoḥ |;
KumSaṃ, 4: 4;35 2;kuru saṃprati tāvad āśu me praṇipātāñjaliyācitaś citām ||;
KumSaṃ, 4: 4;36 1;tadanu jvalanaṃ madarpitaṃ tvarayer dakṣiṇavātavījanaiḥ |;
KumSaṃ, 4: 4;36 2;viditaṃ khalu te yathā smaraḥ kṣaṇam apy utsahate na māṃ vinā ||;
KumSaṃ, 4: 4;37 1;iti cāpi vidhāya dīyatāṃ salilasyāñjalir eka eva nau |;
KumSaṃ, 4: 4;37 2;avibhajya paratra taṃ mayā sahitaḥ pāsyati te sa bāndhavaḥ ||;
KumSaṃ, 4: 4;38 1;paralokavidhau ca mādhava smaram uddiśya vilolapallavāḥ |;
KumSaṃ, 4: 4;38 2;nivapeḥ sahakāramañjarīḥ priyacūtaprasavo hi te sakhā ||;
KumSaṃ, 4: 4;39 1;iti devavimuktaye sthitāṃ ratim ākāśabhavā sarasvatī |;
KumSaṃ, 4: 4;39 2;śapharīṃ hradaśoṣaviklavāṃ prathamā vṛṣṭir ivānvakampata ||;
KumSaṃ, 4: 4;40 1;kusumāyudhapatni durlabhas tava bhartā na cirād bhaviṣyati |;
KumSaṃ, 4: 4;40 2;śṛṇu yena sa karmaṇā gataḥ śalabhatvaṃ haralocanārciṣi ||;
KumSaṃ, 4: 4;41 1;abhilāṣam udīritendriyaḥ svasutāyām akarot prajāpatiḥ |;
KumSaṃ, 4: 4;41 2;atha tena nigṛhya vikriyām abhiśaptaḥ phalam etad anvabhūt ||;
KumSaṃ, 4: 4;42 1;pariṇeṣyati pārvatīṃ yadā tapasā tatpravaṇīkṛto haraḥ |;
KumSaṃ, 4: 4;42 2;upalabdhasukhas tadā smaraṃ vapuṣā svena niyojayiṣyati ||;
KumSaṃ, 4: 4;43 1;iti cāha sa dharmayācitaḥ smaraśāpāvadhidāṃ sarasvatīm |;
KumSaṃ, 4: 4;43 2;aśaner amṛtasya cobhayor vaśinaś cāmbudharāś ca yonayaḥ ||;
KumSaṃ, 4: 4;44 1;tad idaṃ parirakṣa śobhane bhavitavyapriyasaṃgamaṃ vapuḥ |;
KumSaṃ, 4: 4;44 2;ravipītajalā tapātyaye punar oghena hi yujyate nadī ||;
KumSaṃ, 4: 4;45 1;itthaṃ rateḥ kimapi bhūtam adṛśyarūpaṃ mandīcakāra maraṇavyavasāyabuddhim |;
KumSaṃ, 4: 4;45 2;tatpratyayāc ca kusumāyudhabandhur enām āśvāsayat sucaritārthapadair vacobhiḥ ||;
KumSaṃ, 4: 4;46 1;atha madanavadhūr upaplavāntaṃ vyasanakṛśā paripālayāṃbabhūva |;
KumSaṃ, 4: 4;46 2;śaśina iva divātanasya lekhā kiraṇaparikṣayadhūsarā pradoṣam ||;
KumSaṃ, 5: 5;1 1;tathā samakṣaṃ dahatā manobhavaṃ pinākinā bhagnamanorathā satī |;
KumSaṃ, 5: 5;1 2;nininda rūpaṃ hṛdayena pārvatī priyeṣu saubhāgyaphalā hi cārutā ||;
KumSaṃ, 5: 5;2 1;iyeṣa sā kartum avandhyarūpatāṃ samādhim āsthāya tapobhir ātmanaḥ |;
KumSaṃ, 5: 5;2 2;avāpyate vā katham anyathā dvayaṃ tathāvidhaṃ prema patiś ca tādṛśaḥ ||;
KumSaṃ, 5: 5;3 1;niśamya caināṃ tapase kṛtodyamāṃ sutāṃ girīśapratisaktamānasām |;
KumSaṃ, 5: 5;3 2;uvāca menā parirabhya vakṣasā nivārayantī mahato munivratāt ||;
KumSaṃ, 5: 5;4 1;manīṣitāḥ santi gṛhe .pi devatās tapaḥ kva vatse kva ca tāvakaṃ vapuḥ |;
KumSaṃ, 5: 5;4 2;padaṃ saheta bhramarasya pelavaṃ śirīṣapuṣpaṃ na punaḥ patatriṇaḥ ||;
KumSaṃ, 5: 5;5 1;iti dhruvecchām anuśāsatī sutāṃ śaśāka menā na niyantum udyamāt |;
KumSaṃ, 5: 5;5 2;ka īpsitārthasthiraniścayaṃ manaḥ payaś ca nimnābhimukhaṃ pratīpayet ||;
KumSaṃ, 5: 5;6 1;kadācid āsannasakhīmukhena sā manorathajñaṃ pitaraṃ manasvinī |;
KumSaṃ, 5: 5;6 2;ayācatāraṇyanivāsam ātmanaḥ phalodayāntāya tapaḥsamādhaye ||;
KumSaṃ, 5: 5;7 1;athānurūpābhiniveśatoṣiṇā kṛtābhyanujñā guruṇā garīyasā |;
KumSaṃ, 5: 5;7 2;prajāsu paścāt prathitaṃ tadākhyayā jagāma gaurī śikharaṃ śikhaṇḍimat ||;
KumSaṃ, 5: 5;8 1;vimucya sā hāram ahāryaniścayā vilolayaṣṭipraviluptacandanam |;
KumSaṃ, 5: 5;8 2;babandha bālāruṇababhru valkalaṃ payodharotsedhaviśīrṇasaṃhati ||;
KumSaṃ, 5: 5;9 1;yathā prasiddhair madhuraṃ śiroruhair jaṭābhir apy evam abhūt tadānanam |;
KumSaṃ, 5: 5;9 2;na ṣaṭpadaśreṇibhir eva paṅkajaṃ saśaivalāsaṅgam api prakāśate ||;
KumSaṃ, 5: 5;10 1;pratikṣaṇaṃ sā kṛtaromavikriyāṃ vratāya mauñjīṃ triguṇāṃ babhāra yām |;
KumSaṃ, 5: 5;10 2;akāri tatpūrvanibaddhayā tayā sarāgam asyā rasanāguṇāspadam ||;
KumSaṃ, 5: 5;11 1;visṛṣṭarāgād adharān nivartitaḥ stanāṅgarāgāruṇitāc ca kandukāt |;
KumSaṃ, 5: 5;11 2;kuśāṅkurādānaparikṣatāṅguliḥ kṛto .kṣasūtrapraṇayī tayā karaḥ ||;
KumSaṃ, 5: 5;12 1;mahārhaśayyāparivartanacyutaiḥ svakeśapuṣpair api yā sma dūyate |;
KumSaṃ, 5: 5;12 2;aśeta sā bāhulatopadhāyinī niṣeduṣī sthaṇḍila eva kevale ||;
KumSaṃ, 5: 5;13 1;punar grahītuṃ niyamasthayā tayā dvaye .pi nikṣepa ivārpitam dvayam |;
KumSaṃ, 5: 5;13 2;latāsu tanvīṣu vilāsaceṣṭitaṃ viloladṛṣṭaṃ hariṇāṅganāsu ca ||;
KumSaṃ, 5: 5;14 1;atandritā sā svayam eva vṛkṣakān ghaṭastanaprasravaṇair vyavardhayat |;
KumSaṃ, 5: 5;14 2;guho .pi yeṣāṃ prathamāptajanmanāṃ na putravātsalyam apākariṣyati ||;
KumSaṃ, 5: 5;15 1;araṇyabījāñjalidānalālitās tathā ca tasyāṃ hariṇā viśaśvasuḥ |;
KumSaṃ, 5: 5;15 2;yathā tadīyair nayanaiḥ kutūhalāt puraḥ sakhīnām amimīta locane ||;
KumSaṃ, 5: 5;16 1;kṛtābhiṣekāṃ hutajātavedasaṃ tvaguttarāsaṅgavatīm adhītinīm |;
KumSaṃ, 5: 5;16 2;didṛkṣavas tām ṛṣayo .bhyupāgaman na dharmavṛddheṣu vayaḥ samīkṣyate ||;
KumSaṃ, 5: 5;17 1;virodhisattvojjhitapūrvamatsaraṃ drumair abhīṣṭaprasavārcitātithi |;
KumSaṃ, 5: 5;17 2;navoṭajābhyantarasaṃbhṛtānalaṃ tapovanaṃ tac ca babhūva pāvanam ||;
KumSaṃ, 5: 5;18 1;yadā phalaṃ pūrvatapaḥsamādhinā na tāvatā labhyam amaṃsta kāṅkṣitam |;
KumSaṃ, 5: 5;18 2;tadānapekṣya svaśarīramārdavaṃ tapo mahat sā carituṃ pracakrame ||;
KumSaṃ, 5: 5;19 1;klamaṃ yayau kandukalīlayāpi yā tayā munīnāṃ caritaṃ vyagāhyata |;
KumSaṃ, 5: 5;19 2;dhruvaṃ vapuḥ kāñcanapadmanirmitaṃ mṛdu prakṛtyā ca sasāram eva ca ||;
KumSaṃ, 5: 5;20 1;śucau caturṇāṃ jvalatāṃ havirbhujāṃ śucismitā madhyagatā sumadhyamā |;
KumSaṃ, 5: 5;20 2;vijitya netrapratighātinīṃ prabhām ananyadṛṣṭiḥ savitāram aikṣata ||;
KumSaṃ, 5: 5;21 1;tathābhitaptaṃ savitur gabhastibhir mukhaṃ tadīyaṃ kamalaśriyaṃ dadhau |;
KumSaṃ, 5: 5;21 2;apāṅgayoḥ kevalam asya dīrghayoḥ śanaiḥ śanaiḥ śyāmikayā kṛtaṃ padam ||;
KumSaṃ, 5: 5;22 1;ayācitopasthitam ambu kevalaṃ rasātmakasyoḍupateś ca raśmayaḥ |;
KumSaṃ, 5: 5;22 2;babhūva tasyāḥ kila pāraṇāvidhir na vṛkṣavṛttivyatiriktasādhanaḥ ||;
KumSaṃ, 5: 5;23 1;nikāmataptā vividhena vahninā nabhaścareṇendhanasaṃbhṛtena ca |;
KumSaṃ, 5: 5;23 2;tapātyaye vāribhir ukṣitā navair bhuvā sahoṣmāṇam amuñcad ūrdhvagam ||;
KumSaṃ, 5: 5;24 1;sthitāḥ kṣaṇaṃ pakṣmasu tāḍitādharāḥ payodharotsedhanipātacūrṇitāḥ |;
KumSaṃ, 5: 5;24 2;valīṣu tasyāḥ skhalitāḥ prapedire cireṇa nābhiṃ prathamodabindavaḥ ||;
KumSaṃ, 5: 5;25 1;śilāśayāṃ tām aniketavāsinīṃ nirantarāsv antaravātavṛṣṭiṣu |;
KumSaṃ, 5: 5;25 2;vyalokayann unmiṣitais taḍinmayair mahātapaḥsākṣya iva sthitāḥ kṣapāḥ ||;
KumSaṃ, 5: 5;26 1;nināya sātyantahimotkirānilāḥ sahasyarātrīr udavāsatatparā |;
KumSaṃ, 5: 5;26 2;parasparākrandini cakravākayoḥ puro viyukte mithune kṛpāvatī ||;
KumSaṃ, 5: 5;27 1;mukhena sā padmasugandhinā niśi pravepamānādharapatraśobhinā |;
KumSaṃ, 5: 5;27 2;tuṣāravṛṣṭikṣatapadmasaṃpadāṃ sarojasaṃdhānam ivākarod apām ||;
KumSaṃ, 5: 5;28 1;svayaṃviśīrṇadrumaparṇavṛttitā parā hi kāṣṭhā tapasas tayā punaḥ |;
KumSaṃ, 5: 5;28 2;tad apy apākīrṇam ataḥ priyaṃvadāṃ vadanty aparṇeti ca tāṃ purāvidaḥ ||;
KumSaṃ, 5: 5;29 1;mṛṇālikāpelavam evamādibhir vrataiḥ svam aṅgaṃ glapayanty aharniśam |;
KumSaṃ, 5: 5;29 2;tapaḥ śarīraiḥ kaṭhinair upārjitaṃ tapasvināṃ dūram adhaś cakāra sā ||;
KumSaṃ, 5: 5;30 1;athājināṣāḍhadharaḥ pragalbhavāg jvalann iva brahmamayena tejasā |;
KumSaṃ, 5: 5;30 2;viveśa kaścij jaṭilas tapovanaṃ śarīrabaddhaḥ prathamāśramo yathā ||;
KumSaṃ, 5: 5;31 1;tam ātitheyī bahumānapūrvayā saparyayā pratyudiyāya pārvatī |;
KumSaṃ, 5: 5;31 2;bhavanti sāmye .pi niviṣṭacetasāṃ vapurviśeṣeṣv atigauravāḥ kriyāḥ ||;
KumSaṃ, 5: 5;32 1;vidhiprayuktāṃ parigṛhya satkriyāṃ pariśramaṃ nāma vinīya ca kṣaṇam |;
KumSaṃ, 5: 5;32 2;umāṃ sa paśyann ṛjunaiva cakṣuṣā pracakrame vaktum anujjhitakramaḥ ||;
KumSaṃ, 5: 5;33 1;api kriyārthaṃ sulabhaṃ samitkuśaṃ jalāny api snānavidhikṣamāṇi te |;
KumSaṃ, 5: 5;33 2;api svaśaktyā tapasi pravartase śarīram ādyaṃ khalu dharmasādhanam ||;
KumSaṃ, 5: 5;34 1;api tvadāvarjitavārisaṃbhṛtaṃ pravālam āsām anubandhi vīrudhām |;
KumSaṃ, 5: 5;34 2;cirojjhitālaktakapāṭalena te tulāṃ yad ārohati dantavāsasā ||;
KumSaṃ, 5: 5;35 1;api prasannaṃ hariṇeṣu te manaḥ karasthadarbhapraṇayāpahāriṣu |;
KumSaṃ, 5: 5;35 2;ya utpalākṣi pracalair vilocanais tavākṣisādṛśyam iva prayuñjate ||;
KumSaṃ, 5: 5;36 1;yad ucyate pārvati pāpavṛttaye na rūpam ity avyabhicāri tad vacaḥ |;
KumSaṃ, 5: 5;36 2;tathā hi te śīlam udāradarśane tapasvinām apy upadeśatāṃ gatam ||;
KumSaṃ, 5: 5;37 1;vikīrṇasaptarṣibaliprahāsibhis tathā na gāṅgaiḥ salilair divaś cyutaiḥ |;
KumSaṃ, 5: 5;37 2;yathā tvadīyaiś caritair anāvilair mahīdharaḥ pāvita eṣa sānvayaḥ ||;
KumSaṃ, 5: 5;38 1;anena dharmaḥ saviśeṣam adya me trivargasāraḥ pratibhāti bhāvini |;
KumSaṃ, 5: 5;38 2;tvayā manonirviṣayārthakāmayā yad eka eva pratigṛhya sevyate ||;
KumSaṃ, 5: 5;39 1;prayuktasatkāraviśeṣam ātmanā na māṃ paraṃ sampratipattum arhasi |;
KumSaṃ, 5: 5;39 2;yataḥ satāṃ saṃnatagātri saṃgataṃ manīṣibhiḥ sāptapadīnam ucyate ||;
KumSaṃ, 5: 5;40 1;ato .tra kiṃcid bhavatīṃ bahukṣamāṃ dvijātibhāvād upapannacāpalaḥ |;
KumSaṃ, 5: 5;40 2;ayaṃ janaḥ praṣṭumanās tapodhane na ced rahasyaṃ prativaktum arhasi ||;
KumSaṃ, 5: 5;41 1;kule prasūtiḥ prathamasya vedhasas trilokasaundaryam ivoditaṃ vapuḥ |;
KumSaṃ, 5: 5;41 2;amṛgyam aiśvaryasukhaṃ navaṃ vayas tapaḥphalaṃ syāt kim ataḥ paraṃ vada ||;
KumSaṃ, 5: 5;42 1;bhavaty aniṣṭād api nāma duḥsahān manasvinīnāṃ pratipattir īdṛśī |;
KumSaṃ, 5: 5;42 2;vicāramārgaprahitena cetasā na dṛśyate tac ca kṛśodari tvayi ||;
KumSaṃ, 5: 5;43 1;alabhyaśokābhibhaveyam ākṛtir vimānanā subhru kutaḥ pitur gṛhe |;
KumSaṃ, 5: 5;43 2;parābhimarśo na tavāsti kaḥ karaṃ prasārayet pannagaratnasūcaye ||;
KumSaṃ, 5: 5;44 1;kim ity apāsyābharaṇāni yauvane dhṛtaṃ tvayā vārddhakaśobhi valkalam |;
KumSaṃ, 5: 5;44 2;vada pradoṣe sphuṭacandratārake vibhāvarī yady aruṇāya kalpate ||;
KumSaṃ, 5: 5;45 1;divaṃ yadi prārthayase vṛthā śramaḥ pituḥ pradeśās tava devabhūmayaḥ |;
KumSaṃ, 5: 5;45 2;athopayantāram alaṃ samādhinā na ratnam anviṣyati mṛgyate hi tat ||;
KumSaṃ, 5: 5;46 1;niveditaṃ niśvasitena soṣmaṇā manas tu me saṃśayam eva gāhate |;
KumSaṃ, 5: 5;46 2;na dṛśyate prārthayitavya eva te bhaviṣyati prārthitadurlabhaḥ katham ||;
KumSaṃ, 5: 5;47 1;aho sthiraḥ ko .pi tavepsito yuvā cirāya karṇotpalaśūnyatāṃ gate |;
KumSaṃ, 5: 5;47 2;upekṣate yaḥ ślathalambinīr jaṭāḥ kapoladeśe kalamāgrapiṅgalāḥ ||;
KumSaṃ, 5: 5;48 1;munivratais tvām atimātrakarśitāṃ divākarāpluṣṭavibhūṣaṇāspadām |;
KumSaṃ, 5: 5;48 2;śaśāṅkalekhām iva paśyato divā sacetasaḥ kasya mano na dūyate ||;
KumSaṃ, 5: 5;49 1;avaimi saubhāgyamadena vañcitaṃ tava priyaṃ yaś caturāvalokinaḥ |;
KumSaṃ, 5: 5;49 2;karoti lakṣyaṃ ciram asya cakṣuṣo na vaktram ātmīyam arālapakṣmaṇaḥ ||;
KumSaṃ, 5: 5;50 1;kiyac ciraṃ śrāmyasi gauri vidyate mamāpi pūrvāśramasaṃcitaṃ tapaḥ |;
KumSaṃ, 5: 5;50 2;tadardhabhāgena labhasva kāṅkṣitaṃ varaṃ tam icchāmi ca sādhu veditum ||;
KumSaṃ, 5: 5;51 1;iti praviśyābhihitā dvijanmanā manogataṃ sā na śaśāka śaṃsitum |;
KumSaṃ, 5: 5;51 2;atho vayasyāṃ paripārśvavartinīṃ vivartitānañjananetram aikṣata ||;
KumSaṃ, 5: 5;52 1;sakhī tadīyā tam uvāca varṇinaṃ nibodha sādho tava cet kutūhalam |;
KumSaṃ, 5: 5;52 2;yadartham ambhojam ivoṣṇavāraṇaṃ kṛtaṃ tapaḥsādhanam etayā vapuḥ ||;
KumSaṃ, 5: 5;53 1;iyaṃ mahendraprabhṛtīn adhiśriyaś caturdigīśān avamatya māninī |;
KumSaṃ, 5: 5;53 2;arūpahāryaṃ madanasya nigrahāt pinākapāṇiṃ patim āptum icchati ||;
KumSaṃ, 5: 5;54 1;asahyahuṃkāranivartitaḥ purā purārim aprāptamukhaḥ śilīmukhaḥ |;
KumSaṃ, 5: 5;54 2;imāṃ hṛdi vyāyatapātam akṣaṇod viśīrṇamūrter api puṣpadhanvanaḥ ||;
KumSaṃ, 5: 5;55 1;tadāprabhṛty unmadanā pitur gṛhe lalāṭikācandanadhūsarālakā |;
KumSaṃ, 5: 5;55 2;na jātu bālā labhate sma nirvṛtiṃ tuṣārasaṃghātaśilātaleṣv api ||;
KumSaṃ, 5: 5;56 1;upāttavarṇe carite pinākinaḥ sabāṣpakaṇṭhaskhalitaiḥ padair iyam |;
KumSaṃ, 5: 5;56 2;anekaśaḥ kinnararājakanyakā vanāntasaṃgītasakhīr arodayat ||;
KumSaṃ, 5: 5;57 1;tribhāgaśeṣāsu niśāsu ca kṣaṇam nimīlya netre sahasā vyabudhyata |;
KumSaṃ, 5: 5;57 2;kva nīlakaṇṭha vrajasīty alakṣyavāg asatyakaṇṭhārpitabāhubandhanā ||;
KumSaṃ, 5: 5;58 1;yadā budhaiḥ sarvagatas tvam ucyase na vetsi bhāvastham imaṃ janaṃ katham |;
KumSaṃ, 5: 5;58 2;iti svahastollikhitaś ca mugdhayā rahasy upālabhyata candraśekharaḥ ||;
KumSaṃ, 5: 5;59 1;yadā ca tasyādhigame jagatpater apaśyad anyaṃ na vidhiṃ vicinvatī |;
KumSaṃ, 5: 5;59 2;tadā sahāsmābhir anujñayā guror iyaṃ prapannā tapase tapovanam ||;
KumSaṃ, 5: 5;60 1;drumeṣu sakhyā kṛtajanmasu svayaṃ phalaṃ tapaḥsākṣiṣu dṛṣṭam eṣv api |;
KumSaṃ, 5: 5;60 2;na ca prarohābhimukho .pi dṛśyate manoratho .syāḥ śaśimaulisaṃśrayaḥ ||;
KumSaṃ, 5: 5;61 1;na vedmi sa prārthitadurlabhaḥ kadā sakhībhir asrottaram īkṣitām imām |;
KumSaṃ, 5: 5;61 2;tapaḥkṛśām abhyupapatsyate sakhīṃ vṛṣeva sītāṃ tadavagrahakṣatām ||;
KumSaṃ, 5: 5;62 1;agūḍhasadbhāvam itīṅgitajñayā nivedito naiṣṭhikasundaras tayā |;
KumSaṃ, 5: 5;62 2;ayīdam evaṃ parihāsa ity umām apṛcchad avyañjitaharṣalakṣaṇaḥ ||;
KumSaṃ, 5: 5;63 1;athāgrahaste mukulīkṛtāṅgulau samarpayantī sphaṭikākṣamālikām |;
KumSaṃ, 5: 5;63 2;kathaṃcid adres tanayā mitākṣaraṃ ciravyavasthāpitavāg abhāṣata ||;
KumSaṃ, 5: 5;64 1;yathā śrutaṃ vedavidāṃ vara tvayā jano .yam uccaiḥpadalaṅghanotsukaḥ |;
KumSaṃ, 5: 5;64 2;tapaḥ kiledaṃ tadavāptisādhanaṃ manorathānām agatir na vidyate ||;
KumSaṃ, 5: 5;65 1;athāha varṇī vidito maheśvaras tadarthinī tvaṃ punar eva vartase |;
KumSaṃ, 5: 5;65 2;amaṅgalābhyāsaratiṃ vicintya taṃ tavānuvṛttiṃ na ca kartum utsahe ||;
KumSaṃ, 5: 5;66 1;avastunirbandhapare kathaṃ nu te karo .yam āmuktavivāhakautukaḥ |;
KumSaṃ, 5: 5;66 2;kareṇa śaṃbhor valayīkṛtāhinā sahiṣyate tatprathamāvalambanam ||;
KumSaṃ, 5: 5;67 1;tvam eva tāvat paricintaya svayaṃ kadācid ete yadi yogam arhataḥ |;
KumSaṃ, 5: 5;67 2;vadhūdukūlaṃ kalahaṃsalakṣaṇaṃ gajājinaṃ śoṇitabinduvarṣi ca ||;
KumSaṃ, 5: 5;68 1;catuṣkapuṣpaprakarāvikīrṇayoḥ paro .pi ko nāma tavānumanyate |;
KumSaṃ, 5: 5;68 2;alaktakāṅkāni padāni pādayor vikīrṇakeśāsu paretabhūmiṣu ||;
KumSaṃ, 5: 5;69 1;ayuktarūpaṃ kim ataḥ paraṃ vada trinetravakṣaḥ sulabhaṃ tavāpi yat |;
KumSaṃ, 5: 5;69 2;stanadvaye .smin haricandanāspade padaṃ citābhasmarajaḥ kariṣyati ||;
KumSaṃ, 5: 5;70 1;iyaṃ ca te .nyā purato viḍambanā yad ūḍhayā vāraṇarājahāryayā |;
KumSaṃ, 5: 5;70 2;vilokya vṛddhokṣam adhiṣṭhitaṃ tvayā mahājanaḥ smeramukho bhaviṣyati ||;
KumSaṃ, 5: 5;71 1;dvayaṃ gataṃ saṃprati śocanīyatāṃ samāgamaprārthanayā kapālinaḥ |;
KumSaṃ, 5: 5;71 2;kalā ca sā kāntimatī kalāvatas tvam asya lokasya ca netrakaumudī ||;
KumSaṃ, 5: 5;72 1;vapur virūpākṣam alakṣyajanmatā digambaratvena niveditaṃ vasu |;
KumSaṃ, 5: 5;72 2;vareṣu yad bālamṛgākṣi mṛgyate tad asti kiṃ vyastam api trilocane ||;
KumSaṃ, 5: 5;73 1;nivartayāsmād asadīpsitān manaḥ kva tadvidhas tvaṃ kva ca puṇyalakṣaṇā |;
KumSaṃ, 5: 5;73 2;apekṣyate sādhujanena vaidikī śmaśānaśūlasya na yūpasatkriyā ||;
KumSaṃ, 5: 5;74 1;iti dvijātau pratikūlavādini pravepamānādharalakṣyakopayā |;
KumSaṃ, 5: 5;74 2;vikuñcitabhrūlatam āhite tayā vilocane tiryag upāntalohite ||;
KumSaṃ, 5: 5;75 1;uvāca cainaṃ paramārthato haraṃ na vetsi nūnaṃ yata evam āttha mām |;
KumSaṃ, 5: 5;75 2;alokasāmānyam acintyahetukaṃ dviṣanti mandāś caritaṃ mahātmanām ||;
KumSaṃ, 5: 5;76 1;vipatpratīkārapareṇa maṅgalaṃ niṣevyate bhūtisamutsukena vā |;
KumSaṃ, 5: 5;76 2;jagaccharaṇyasya nirāśiṣaḥ sataḥ kim ebhir āśopahatātmavṛttibhiḥ ||;
KumSaṃ, 5: 5;77 1;akiñcanaḥ san prabhavaḥ sa saṃpadāṃ trilokanāthaḥ pitṛsadmagocaraḥ |;
KumSaṃ, 5: 5;77 2;sa bhīmarūpaḥ śiva ity udīryate na santi yāthārthyavidaḥ pinākinaḥ ||;
KumSaṃ, 5: 5;78 1;vibhūṣaṇodbhāsi pinaddhabhogi vā gajājinālambi dukūladhāri vā |;
KumSaṃ, 5: 5;78 2;kapāli vā syād atha venduśekharaṃ na viśvamūrter avadhāryate vapuḥ ||;
KumSaṃ, 5: 5;79 1;tadaṅgasaṃsargam avāpya kalpate dhruvaṃ citābhasmarajo viśuddhaye |;
KumSaṃ, 5: 5;79 2;tathā hi nṛtyābhinayakriyācyutaṃ vilipyate maulibhir ambaraukasāṃ ||;
KumSaṃ, 5: 5;80 1;asaṃpadas tasya vṛṣeṇa gacchataḥ prabhinnadigvāraṇavāhano vṛṣā |;
KumSaṃ, 5: 5;80 2;karoti pādāv upagamya maulinā vinidramandārarajo.ruṇāṅgulī ||;
KumSaṃ, 5: 5;81 1;vivakṣatā doṣam api cyutātmanā tvayaikam īśaṃ prati sādhu bhāṣitam |;
KumSaṃ, 5: 5;81 2;yam āmananty ātmabhuvo .pi kāraṇaṃ kathaṃ sa lakṣyaprabhavo bhaviṣyati ||;
KumSaṃ, 5: 5;82 1;alaṃ vivādena yathā śrutas tvayā tathāvidhas tāvad aśeṣam astu saḥ |;
KumSaṃ, 5: 5;82 2;mamātra bhāvaikarasaṃ manaḥ sthitaṃ na kāmavṛttir vacanīyam īkṣate ||;
KumSaṃ, 5: 5;83 1;nivāryatām āli kim apy ayaṃ baṭuḥ punar vivakṣuḥ sphuritottarādharaḥ |;
KumSaṃ, 5: 5;83 2;na kevalaṃ yo mahato .pabhāṣate śṛṇoti tasmād api yaḥ sa pāpabhāk ||;
KumSaṃ, 5: 5;84 1;ito gamiṣyāmy athaveti vādinī cacāla bālā stanabhinnavalkalā |;
KumSaṃ, 5: 5;84 2;svarūpam āsthāya ca tāṃ kṛtasmitaḥ samālalambe vṛṣarājaketanaḥ ||;
KumSaṃ, 5: 5;85 1;taṃ vīkṣya vepathumatī sarasāṅgayaṣṭir nikṣepaṇāya padam uddhṛtam udvahantī |;
KumSaṃ, 5: 5;85 2;mārgācalavyatikarākuliteva sindhuḥ śailādhirājatanayā na yayau na tasthau ||;
KumSaṃ, 5: 5;86 1;adyaprabhṛty avanatāṅgi tavāsmi dāsaḥ krītas tapobhir iti vādini candramaulau |;
KumSaṃ, 5: 5;86 2;ahnāya sā niyamajaṃ klamam utsasarja kleśaḥ phalena hi punar navatāṃ vidhatte ||;
KumSaṃ, 6: 6;1 1;atha viśvātmane gaurī saṃdideśa mithaḥ sakhīm |;
KumSaṃ, 6: 6;1 2;dātā me bhūbhṛtāṃ nāthaḥ pramāṇīkriyatām iti ||;
KumSaṃ, 6: 6;2 1;tayā vyāhṛtasaṃdeśā sā babhau nibhṛtā priye |;
KumSaṃ, 6: 6;2 2;cūtayaṣṭir ivābhyāṣye madhau parabhṛtāmukhī ||;
KumSaṃ, 6: 6;3 1;sa tatheti pratijñāya visṛjya kathamapyumām |;
KumSaṃ, 6: 6;3 2;ṛṣīñ jyotirmayān sapta sasmāra smaraśāsanaḥ ||;
KumSaṃ, 6: 6;4 1;te prabhāmaṇḍalair vyoma dyotayantas tapodhanāḥ |;
KumSaṃ, 6: 6;4 2;sārundhatīkāḥ sapadi prādurāsan puraḥ prabhoḥ ||;
KumSaṃ, 6: 6;5 1;āplutās tīramandārakusumotkiravīciṣu |;
KumSaṃ, 6: 6;5 2;ākāśagaṅgāsrotassu diṅnāgamadagandhiṣu ||;
KumSaṃ, 6: 6;6 1;muktāyajñopavītāni bibhrato haimavalkalāḥ |;
KumSaṃ, 6: 6;6 2;ratnākṣasūtrāḥ pravrajyāṃ kalpavṛkṣā ivāśritāḥ ||;
KumSaṃ, 6: 6;7 1;adhaḥpravartitāśvena samāvarjitaketunā |;
KumSaṃ, 6: 6;7 2;sahasraraśminā śaśvat sapramāṇam udīkṣitāḥ ||;
KumSaṃ, 6: 6;8 1;āsaktabāhulatayā sārdham uddhṛtayā bhuvā |;
KumSaṃ, 6: 6;8 2;mahāvarāhadaṃṣṭrāyāṃ viśrāntāḥ pralayāpadi ||;
KumSaṃ, 6: 6;9 1;sargaśeṣapraṇayanād viśvayoner anantaram |;
KumSaṃ, 6: 6;9 2;purātanāḥ purāvidbhir dhātāra iti kīrtitāḥ ||;
KumSaṃ, 6: 6;10 1;prāktanānāṃ viśuddhānāṃ paripākam upeyuṣām |;
KumSaṃ, 6: 6;10 2;tapasām upabhuñjānāḥ phalāny api tapasvinaḥ ||;
KumSaṃ, 6: 6;11 1;teṣāṃ madhyagatā sādhvī patyuḥ pādārpitekṣaṇā |;
KumSaṃ, 6: 6;11 2;sākṣād iva tapaḥsiddhir babhāse bahv arundhatī ||;
KumSaṃ, 6: 6;12 1;tām agauravabhedena munīṃś cāpaśyad īśvaraḥ |;
KumSaṃ, 6: 6;12 2;strī pumān ity anāsthaiṣā vṛttaṃ hi mahitaṃ satām ||;
KumSaṃ, 6: 6;13 1;taddarśanād abhūcchaṃbhor bhūyān dārārtham ādaraḥ |;
KumSaṃ, 6: 6;13 2;kriyāṇāṃ khalu dharmyāṇāṃ satpatnyo mūlasādhanam ||;
KumSaṃ, 6: 6;14 1;dharmeṇāpi padaṃ śarve kārite pārvatīṃ prati |;
KumSaṃ, 6: 6;14 2;pūrvāparādhabhītasya kāmasyocchvāsitaṃ manaḥ ||;
KumSaṃ, 6: 6;15 1;atha te munayaḥ sarve mānayitvā jagadgurum |;
KumSaṃ, 6: 6;15 2;idam ūcur anūcānāḥ prītikaṇṭakitatvacaḥ ||;
KumSaṃ, 6: 6;16 1;yad brahma samyag āmnātaṃ yad agnau vidhinā hutam |;
KumSaṃ, 6: 6;16 2;yac ca taptaṃ tapas tasya vipakvaṃ phalam adya naḥ ||;
KumSaṃ, 6: 6;17 1;yad adhyakṣeṇa jagatāṃ vayam āropitās tvayā |;
KumSaṃ, 6: 6;17 2;manorathasyāviṣayaṃ manoviṣayam ātmanaḥ ||;
KumSaṃ, 6: 6;18 1;yasya cetasi vartethāḥ sa tāvat kṛtināṃ varaḥ |;
KumSaṃ, 6: 6;18 2;kiṃ punar brahmayoner yas tava cetasi vartate ||;
KumSaṃ, 6: 6;19 1;satyam arkāc ca somāc ca param adhyāsmahe padam |;
KumSaṃ, 6: 6;19 2;adya tūccaistaraṃ tasmāt smaraṇānugrahāt tava ||;
KumSaṃ, 6: 6;20 1;tvatsaṃbhāvitam ātmānaṃ bahu manyāmahe vayam |;"Mahābhārata" MBh, 12, 220: 1548 67 2;saṃyate mayi nūnaṃ tvam ātmānaṃ bahu manyase ||;PARTLY;+ nūnam - sambhāvay;
KumSaṃ, 6: 6;20 2;prāyaḥ pratyayam ādhatte svaguṇeṣūttamādaraḥ ||;
KumSaṃ, 6: 6;21 1;yā naḥ prītir virūpākṣa tvadanudhyānasaṃbhavā |;
KumSaṃ, 6: 6;21 2;sā kim āvedyate tubhyam antarātmāsi dehinām ||;
KumSaṃ, 6: 6;22 1;sākṣād dṛṣṭo .si na punar vidmas tvāṃ vayam añjasā |;
KumSaṃ, 6: 6;22 2;prasīda kathayātmānaṃ na dhiyāṃ pathi vartase ||;
KumSaṃ, 6: 6;23 1;kiṃ yena sṛjasi vyaktam uta yena bibharṣi tat |;
KumSaṃ, 6: 6;23 2;atha viśvasya saṃhartā bhāgaḥ katama eṣa te ||;
KumSaṃ, 6: 6;24 1;athavā sumahaty eṣā prārthanā deva tiṣṭhatu |;
KumSaṃ, 6: 6;24 2;cintitopasthitāṃs tāvacchādhi naḥ karavāma kim ||;
KumSaṃ, 6: 6;25 1;atha mauligatasyendor viśadair daśanāṃśubhiḥ |;
KumSaṃ, 6: 6;25 2;upacinvan prabhāṃ tanvīṃ pratyāha parameśvaraḥ ||;
KumSaṃ, 6: 6;26 1;viditaṃ vo yathā svārthā na me kāścit pravṛttayaḥ |;
KumSaṃ, 6: 6;26 2;nanu mūrtibhir aṣṭābhir itthaṃbhūto .smi sūcitaḥ ||;
KumSaṃ, 6: 6;27 1;so .haṃ tṛṣṇāturair vṛṣṭiṃ vidyutvān iva cātakaiḥ |;
KumSaṃ, 6: 6;27 2;ariviprakṛtair devaiḥ prasūtiṃ prati yācitaḥ ||;
KumSaṃ, 6: 6;28 1;ata āhartum icchāmi pārvatīm ātmajanmane |;
KumSaṃ, 6: 6;28 2;utpattaye havirbhoktur yajamāna ivāraṇim ||;
KumSaṃ, 6: 6;29 1;tām asmadarthe yuṣmābhir yācitavyo himālayaḥ |;
KumSaṃ, 6: 6;29 2;vikriyāyai na kalpante saṃbandhāḥ sadanuṣṭhitāḥ ||;
KumSaṃ, 6: 6;30 1;unnatena sthitimatā dhuram udvahatā bhuvaḥ |;
KumSaṃ, 6: 6;30 2;tena yojitasaṃbandhaṃ vitta mām apy avañcitam ||;
KumSaṃ, 6: 6;31 1;evaṃ vācyaḥ sa kanyārtham iti vo nopadiśyate |;
KumSaṃ, 6: 6;31 2;bhavatpraṇītam ācāram āmananti hi sādhavaḥ ||;
KumSaṃ, 6: 6;32 1;āryāpy arundhatī tatra vyāpāraṃ kartuṃ arhati |;
KumSaṃ, 6: 6;32 2;prāyeṇaivaṃvidhe kārye puraṃdhrīṇāṃ pragalbhatā ||;
KumSaṃ, 6: 6;33 1;tat prayātauṣadhiprasthaṃ siddhaye himavatpuram |;
KumSaṃ, 6: 6;33 2;mahākośīprapāte .smin saṃgamaḥ punar eva naḥ ||;
KumSaṃ, 6: 6;34 1;tasmin saṃyaminām ādye jāte pariṇayonmukhe |;
KumSaṃ, 6: 6;34 2;jahuḥ parigrahavrīḍāṃ prājāpatyās tapasvinaḥ ||;
KumSaṃ, 6: 6;35 1;tataḥ paramam ity uktvā pratasthe munimaṇḍalam |;
KumSaṃ, 6: 6;35 2;bhagavān api samprāptaḥ prathamoddiṣṭam āspadam ||;
KumSaṃ, 6: 6;36 1;te cākāśam asiśyāmam utpatya paramarṣayaḥ |;
KumSaṃ, 6: 6;36 2;āsedur oṣadhiprasthaṃ manasā samaraṃhasaḥ ||;
KumSaṃ, 6: 6;37 1;alakām ativāhyeva vasatiṃ vasusaṃpadām |;
KumSaṃ, 6: 6;37 2;svargābhiṣyandavamanaṃ kṛtvevopaniveśitam ||;
KumSaṃ, 6: 6;38 1;gaṅgāsrotaḥparikṣiptavaprāntarjvalitauṣadhi |;
KumSaṃ, 6: 6;38 2;bṛhanmaṇiśilāsālaṃ guptāv api manoharam ||;
KumSaṃ, 6: 6;39 1;jitasiṃhabhayā nāgā yatrāśvā bilayonayaḥ |;
KumSaṃ, 6: 6;39 2;yakṣāḥ kiṃpuruṣāḥ paurā yoṣito vanadevatāḥ ||;
KumSaṃ, 6: 6;40 1;śikharāsaktameghānāṃ vyajante yatra veśmanām |;
KumSaṃ, 6: 6;40 2;anugarjitasaṃdigdhāḥ karaṇair murajasvanāḥ ||;
KumSaṃ, 6: 6;41 1;yatra kalpadrumair eva vilolaviṭapāṃśukaiḥ |;
KumSaṃ, 6: 6;41 2;gṛhayantrapatākāśrīr apaurādaranirmitā ||;"Sātvatatantra" SātT, 8: 8 1 1;śrīśiva uvāca |;PARTLY;+ vac - gṛhayantra;"Vārāhagṛhyasūtra" VārGṛSū, 17: 17 10 0;śriyai ca ||;PARTLY;+ ca - gṛhayantra;"Mahābhārata" MBh, 1, 1: 1 214 3;śrīsūtaḥ |;PARTLY;+ sūta - gṛhayantra;"Mahābhārata" MBh, 1, 199: 199 25 6;śrīvāsudevaḥ |;PARTLY;+ vāsudeva - gṛhayantra;"Mahābhārata" MBh, 1, 199: 199 49 3;śrīvāsudevaḥ |;PARTLY;+ vāsudeva - gṛhayantra;"Mahābhārata" MBh, 1, 210: 210 2 4;śrībhagavān |;PARTLY;+ bhagavant - gṛhayantra;"Mahābhārata" MBh, 1, 212: 212 1 5;śrībhagavān |;PARTLY;+ bhagavant - gṛhayantra;"Mahābhārata" MBh, 2, 13: 239 59 3;śrībhagavān |;PARTLY;+ bhagavat - gṛhayantra;"Mahābhārata" MBh, 12, 124: 1452 58 1;śrīr uvāca |;PARTLY;+ vac - gṛhayantra;"Mahābhārata" MBh, 12, 218: 1546 7 1;śrīr uvāca |;PARTLY;+ vac - gṛhayantra;"Mahābhārata" MBh, 12, 218: 1546 10 1;śrīr uvāca |;PARTLY;+ vac - gṛhayantra;"Mahābhārata" MBh, 12, 218: 1546 12 1;śrīr uvāca |;PARTLY;+ vac - gṛhayantra;"Mahābhārata" MBh, 12, 218: 1546 17 1;śrīr uvāca |;PARTLY;+ vac - gṛhayantra;"Mahābhārata" MBh, 12, 218: 1546 19 1;śrīr uvāca |;PARTLY;+ vac - gṛhayantra;"Mahābhārata" MBh, 12, 218: 1546 22 1;śrīr uvāca |;PARTLY;+ vac - gṛhayantra;"Mahābhārata" MBh, 12, 218: 1546 24 1;śrīr uvāca |;PARTLY;+ vac - gṛhayantra;"Mahābhārata" MBh, 12, 218: 1546 26 1;śrīr uvāca |;PARTLY;+ vac - gṛhayantra;"Mahābhārata" MBh, 12, 218: 1546 28 1;śrīr uvāca |;PARTLY;+ vac - gṛhayantra;"Mahābhārata" MBh, 12, 221: 1549 19 1;śrīr uvāca |;PARTLY;+ vac - gṛhayantra;"Mahābhārata" MBh, 12, 221: 1549 28 1;śrīr uvāca |;PARTLY;+ vac - gṛhayantra;"Mahābhārata" MBh, 13, 81: 1762 6 1;śrīr uvāca |;PARTLY;+ vac - gṛhayantra;"Mahābhārata" MBh, 13, 81: 1762 12 1;śrīr uvāca |;PARTLY;+ vac - gṛhayantra;"Mahābhārata" MBh, 13, 81: 1762 18 1;śrīr uvāca |;PARTLY;+ vac - gṛhayantra;"Mahābhārata" MBh, 13, 81: 1762 24 1;śrīr uvāca |;PARTLY;+ vac - gṛhayantra;"Ānandakanda" ĀK, 1, 2: 2 1 1;śrībhairavī |;PARTLY;+ bhairavī - gṛhayantra;"Ānandakanda" ĀK, 1, 2: 2 2 1;śrībhairavaḥ |;PARTLY;+ bhairava - gṛhayantra;"Ānandakanda" ĀK, 1, 4: 4 1 1;śrībhairavī |;PARTLY;+ bhairavī - gṛhayantra;"Ānandakanda" ĀK, 1, 4: 4 1 3;śrībhairavaḥ |;PARTLY;+ bhairava - gṛhayantra;"Ānandakanda" ĀK, 1, 4: 4 68 1;śrībhairavī |;PARTLY;+ bhairavī - gṛhayantra;"Ānandakanda" ĀK, 1, 4: 4 69 1;śrībhairavaḥ |;PARTLY;+ bhairava - gṛhayantra;"Ānandakanda" ĀK, 1, 5: 5 1 1;śrībhairavī |;PARTLY;+ bhairavī - gṛhayantra;"Ānandakanda" ĀK, 1, 5: 5 2 1;śrībhairavaḥ |;PARTLY;+ bhairava - gṛhayantra;"Ānandakanda" ĀK, 1, 6: 6 1 2;śrībhairavī |;PARTLY;+ bhairavī - gṛhayantra;"Ānandakanda" ĀK, 1, 6: 6 2 2;śrībhairavaḥ |;PARTLY;+ bhairava - gṛhayantra;"Ānandakanda" ĀK, 1, 9: 9 1 1;śrībhairavī |;PARTLY;+ bhairavī - gṛhayantra;"Ānandakanda" ĀK, 1, 9: 9 1 3;śrībhairavaḥ |;PARTLY;+ bhairava - gṛhayantra;"Ānandakanda" ĀK, 1, 10: 10 2 1;śrībhairavī |;PARTLY;+ bhairavī - gṛhayantra;"Ānandakanda" ĀK, 1, 10: 10 5 2;śrībhairavaḥ |;PARTLY;+ bhairava - gṛhayantra;"Ānandakanda" ĀK, 1, 11: 11 1 1;śrībhairavī |;PARTLY;+ bhairavī - gṛhayantra;"Ānandakanda" ĀK, 1, 11: 11 6 1;śrībhairavaḥ |;PARTLY;+ bhairava - gṛhayantra;"Ānandakanda" ĀK, 1, 12: 12 1 1;śrībhairavī |;PARTLY;+ bhairavī - gṛhayantra;"Ānandakanda" ĀK, 1, 12: 12 2 1;śrībhairavaḥ |;PARTLY;+ bhairava - gṛhayantra;"Ānandakanda" ĀK, 1, 13: 13 1 1;śrībhairavī |;PARTLY;+ bhairavī - gṛhayantra;"Ānandakanda" ĀK, 1, 13: 13 3 1;śrībhairavaḥ |;PARTLY;+ bhairava - gṛhayantra;"Ānandakanda" ĀK, 1, 14: 14 1 1;śrībhairavī |;PARTLY;+ bhairavī - gṛhayantra;"Ānandakanda" ĀK, 1, 14: 14 2 1;śrībhairavaḥ |;PARTLY;+ bhairava - gṛhayantra;"Ānandakanda" ĀK, 1, 15: 15 1 1;śrībhairavī |;PARTLY;+ bhairavī - gṛhayantra;"Ānandakanda" ĀK, 1, 15: 15 3 2;śrībhairavaḥ |;PARTLY;+ bhairava - gṛhayantra;"Ānandakanda" ĀK, 1, 15: 15 313 1;śrībhairavī |;PARTLY;+ bhairavī - gṛhayantra;"Ānandakanda" ĀK, 1, 15: 15 316 2;śrībhairavaḥ |;PARTLY;+ bhairava - gṛhayantra;"Ānandakanda" ĀK, 1, 15: 15 331 1;śrībhairavī |;PARTLY;+ bhairavī - gṛhayantra;"Ānandakanda" ĀK, 1, 15: 15 332 2;śrībhairavaḥ |;PARTLY;+ bhairava - gṛhayantra;"Ānandakanda" ĀK, 1, 17: 17 1 2;śrībhairavī |;PARTLY;+ bhairavī - gṛhayantra;"Ānandakanda" ĀK, 1, 17: 17 5 1;śrībhairavaḥ |;PARTLY;+ bhairava - gṛhayantra;"Ānandakanda" ĀK, 1, 19: 18 1 1;śrībhairavī |;PARTLY;+ bhairavī - gṛhayantra;"Ānandakanda" ĀK, 1, 19: 18 2 1;śrībhairavaḥ |;PARTLY;+ bhairava - gṛhayantra;"Ānandakanda" ĀK, 1, 20: 19 1 1;śrībhairavī |;PARTLY;+ bhairavī - gṛhayantra;"Ānandakanda" ĀK, 1, 20: 19 14 1;śrībhairavaḥ |;PARTLY;+ bhairava - gṛhayantra;"Ānandakanda" ĀK, 1, 21: 20 1 1;śrībhairavī |;PARTLY;+ bhairavī - gṛhayantra;"Ānandakanda" ĀK, 1, 21: 20 2 1;śrībhairavaḥ |;PARTLY;+ bhairava - gṛhayantra;"Ānandakanda" ĀK, 1, 23: 22 1 1;śrībhairavī |;PARTLY;+ bhairavī - gṛhayantra;"Ānandakanda" ĀK, 1, 23: 22 5 1;śrībhairavaḥ |;PARTLY;+ bhairava - gṛhayantra;"Ānandakanda" ĀK, 1, 23: 22 242 1;śrībhairavī |;PARTLY;+ bhairavī - gṛhayantra;"Ānandakanda" ĀK, 1, 23: 22 243 1;śrībhairavaḥ |;PARTLY;+ bhairava - gṛhayantra;"Ānandakanda" ĀK, 1, 23: 22 309 2;śrībhairavī |;PARTLY;+ bhairavī - gṛhayantra;"Ānandakanda" ĀK, 1, 23: 22 310 2;śrībhairavaḥ |;PARTLY;+ bhairava - gṛhayantra;"Ānandakanda" ĀK, 1, 24: 23 1 1;śrībhairavaḥ |;PARTLY;+ bhairava - gṛhayantra;"Ānandakanda" ĀK, 2, 1: 26 1 1;śrībhairavī |;PARTLY;+ bhairavī - gṛhayantra;"Ānandakanda" ĀK, 2, 1: 26 4 1;śrībhairavaḥ |;PARTLY;+ bhairava - gṛhayantra;"Ānandakanda" ĀK, 2, 2: 27 1 1;śrībhairavaḥ |;PARTLY;+ bhairava - gṛhayantra;"Ānandakanda" ĀK, 2, 3: 28 1 1;śrībhairavaḥ |;PARTLY;+ bhairava - gṛhayantra;"Ānandakanda" ĀK, 2, 4: 29 1 1;śrībhairavaḥ |;PARTLY;+ bhairava - gṛhayantra;"Ānandakanda" ĀK, 2, 5: 30 1 1;śrībhairavaḥ |;PARTLY;+ bhairava - gṛhayantra;"Ānandakanda" ĀK, 2, 6: 31 1 1;śrībhairavaḥ |;PARTLY;+ bhairava - gṛhayantra;"Ānandakanda" ĀK, 2, 7: 32 1 1;śrībhairavaḥ |;PARTLY;+ bhairava - gṛhayantra;"Ānandakanda" ĀK, 2, 8: 33 1 1;śrībhairavaḥ |;PARTLY;+ bhairava - gṛhayantra;"Ānandakanda" ĀK, 2, 9: 34 1 1;śrībhairavī |;PARTLY;+ bhairavī - gṛhayantra;"Ānandakanda" ĀK, 2, 9: 34 3 2;śrībhairavaḥ |;PARTLY;+ bhairava - gṛhayantra;"Ānandakanda" ĀK, 2, 10: 35 1 1;śrībhairavaḥ |;PARTLY;+ bhairava - gṛhayantra;"Skandapurāṇa Revākhaṇḍa)" SkPur Rkh, 1, 8: 8 39 1;śryuvāca |;PARTLY;+ vac - gṛhayantra;"Skandapurāṇa Revākhaṇḍa)" SkPur Rkh, 1, 181: 181 64 1;śrīruvāca |;PARTLY;+ vac - gṛhayantra;"Skandapurāṇa Revākhaṇḍa)" SkPur Rkh, 1, 182: 182 19 1;śrīruvāca |;PARTLY;+ vac - gṛhayantra;"Skandapurāṇa Revākhaṇḍa)" SkPur Rkh, 1, 194: 194 16 1;śrīruvāca |;PARTLY;+ vac - gṛhayantra;"Skandapurāṇa Revākhaṇḍa)" SkPur Rkh, 1, 194: 194 30 1;śrīruvāca |;PARTLY;+ vac - gṛhayantra;"Skandapurāṇa Revākhaṇḍa)" SkPur Rkh, 1, 194: 194 59 2;śrīruvāca |;PARTLY;+ vac - gṛhayantra;"Viṣṇusmṛti" ViSmṛ, 78: 78 14 1;śriyaṃ sārpe ||;PARTLY;+ sārpa - gṛhayantra;"Sūryaśatakaṭīkā" Sūryaśatakaṭīkā zu SūryaŚ, 1, 2.2: 2 10 0;kīdṛśīṃ śriyam ||;PARTLY;+ kīdṛśa - gṛhayantra;"Viṣṇupurāṇa" ViPur, 1, 9: 9 132 1;śrīr uvāca |;PARTLY;+ vac - gṛhayantra;"Viṣṇupurāṇa" ViPur, 1, 9: 9 135 1;śrīr uvāca |;PARTLY;+ vac - gṛhayantra;"Kṛṣṇāmṛtamahārṇava" KAM, 1: 1 201 1;śrī vedavyāsaḥ |;PARTLY;+ vedavyāsa - gṛhayantra;"Haribhaktivilāsa" HBhVil, 1: 1 91 1;śrīnāradoktau |;PARTLY;+ nāradokti - gṛhayantra;"Haribhaktivilāsa" HBhVil, 1: 1 93 1;śrīmanusmṛtau |;PARTLY;+ manusmṛti - gṛhayantra;"Haribhaktivilāsa" HBhVil, 1: 1 95 1;śrīnāradapañcarātre |;PARTLY;+ nāradapañcarātra - gṛhayantra;"Haribhaktivilāsa" HBhVil, 1: 1 100 1;śrīviṣṇusmṛtau |;PARTLY;+ viṣṇusmṛti - gṛhayantra;"Haribhaktivilāsa" HBhVil, 1: 1 102 1;śrīnāradapañcarātre |;PARTLY;+ nāradapañcarātra - gṛhayantra;"Haribhaktivilāsa" HBhVil, 1: 1 130 1;śrīviṣṇupurāṇe |;PARTLY;+ viṣṇupurāṇa - gṛhayantra;"Haribhaktivilāsa" HBhVil, 2: 2 139 1;śrīnāradapañcarātre |;PARTLY;+ nāradapañcarātra - gṛhayantra;"Haribhaktivilāsa" HBhVil, 3: 3 49 1;śrīviṣṇupurāṇe |;PARTLY;+ viṣṇupurāṇa - gṛhayantra;"Haribhaktivilāsa" HBhVil, 3: 3 78 1;śrībhagavadgītāsu |;PARTLY;+ bhagavadgītā - gṛhayantra;"Haribhaktivilāsa" HBhVil, 3: 3 270 1;śrīnāradapañcarātre |;PARTLY;+ nāradapañcarātra - gṛhayantra;"Haribhaktivilāsa" HBhVil, 3: 3 298 1;śrīnṛsiṃhapurāṇe |;PARTLY;+ nṛsiṁhapurāṇa - gṛhayantra;"Haribhaktivilāsa" HBhVil, 3: 3 319 1;śrīsanatkumārakalpe |;PARTLY;+ sanatkumārakalpa - gṛhayantra;"Haribhaktivilāsa" HBhVil, 4: 4 8 1;śrīnṛsiṃhapurāṇe |;PARTLY;+ nṛsiṁhapurāṇa - gṛhayantra;"Haribhaktivilāsa" HBhVil, 4: 4 9 1;śrīviṣṇudharmottare |;PARTLY;+ viṣṇudharmottara - gṛhayantra;"Haribhaktivilāsa" HBhVil, 4: 4 11 1;śrīvārāhe |;PARTLY;+ vārāha - gṛhayantra;"Haribhaktivilāsa" HBhVil, 4: 4 24 1;śrīviṣṇudharmottare |;PARTLY;+ viṣṇudharmottara - gṛhayantra;"Haribhaktivilāsa" HBhVil, 4: 4 28 1;śrīviṣṇudharmottare |;PARTLY;+ viṣṇudharmottara - gṛhayantra;"Haribhaktivilāsa" HBhVil, 4: 4 201 1;śrībrahmāṇḍapurāṇe |;PARTLY;+ brahmāṇḍapurāṇa - gṛhayantra;"Haribhaktivilāsa" HBhVil, 4: 4 204 1;śrībrahmāṇḍapurāṇe |;PARTLY;+ brahmāṇḍapurāṇa - gṛhayantra;"Haribhaktivilāsa" HBhVil, 5: 5 205 6;śrīgautamīyatantre |;PARTLY;+ gautamīyatantra - gṛhayantra;"Haribhaktivilāsa" HBhVil, 5: 5 221 1;śrīnāradapañcarātre |;PARTLY;+ nāradapañcarātra - gṛhayantra;"Haribhaktivilāsa" HBhVil, 5: 5 460 1;śrīprahlādasaṃhitāyām |;PARTLY;+ prahlādasaṁhitā - gṛhayantra;"Haribhaktivilāsa" HBhVil, 5: 5 477 1;śrīprahlādasaṃhitāyām |;PARTLY;+ prahlādasaṁhitā - gṛhayantra;"Śāṅkhāyanāraṇyaka" ŚāĀr, 3, 5: 31 27 0;śrīr upabarhaṇam ||;PARTLY;+ upabarhaṇa - gṛhayantra;"Kauṣītakyupaniṣad" KauṣUp, 1: 1 5 27;śrīr upabarhaṇam |;PARTLY;+ upabarhaṇa - gṛhayantra;"Gopathabrāhmaṇa NEW" GB, 1, 1, 34: 34 8 0;agninā śriyam ||;PARTLY;+ agni - gṛhayantra;"Gopathabrāhmaṇa NEW" GB, 1, 1, 34: 34 9 0;śriyā striyam ||;PARTLY;+ strī - gṛhayantra;
KumSaṃ, 6: 6;42 1;yatra sphaṭikaharmyeṣu naktam āpānabhūmiṣu |;
KumSaṃ, 6: 6;42 2;jyotiṣāṃ pratibimbāni prāpnuvanty upahāratām ||;
KumSaṃ, 6: 6;43 1;yatrauṣadhiprakāśena naktaṃ darśitasaṃcarāḥ |;
KumSaṃ, 6: 6;43 2;anabhijñās tamisrāṇāṃ durdineṣv abhisārikāḥ ||;
KumSaṃ, 6: 6;44 1;yauvanāntaṃ vayo yasmin ātaṅkaḥ kusumāyudhaḥ |;
KumSaṃ, 6: 6;44 2;ratikhedasamutpannā nidrā saṃjñāviparyayaḥ ||;
KumSaṃ, 6: 6;45 1;bhrūbhedibhiḥ sakampoṣṭhair lalitāṅgulitarjanaiḥ |;
KumSaṃ, 6: 6;45 2;yatra kopaiḥ kṛtāḥ strīṇām ā prasādārthinaḥ priyāḥ ||;
KumSaṃ, 6: 6;46 1;saṃtānakataruchāyāsuptavidyādharādhvagam |;
KumSaṃ, 6: 6;46 2;yasya copavanaṃ bāhyaṃ sugandhir gandhamādanaḥ ||;
KumSaṃ, 6: 6;47 1;atha te munayo divyāḥ prekṣya haimavataṃ puram |;
KumSaṃ, 6: 6;47 2;svargābhisaṃdhisukṛtaṃ vañcanām iva menire ||;
KumSaṃ, 6: 6;48 1;te sadmani girer vegād unmukhadvāḥsthavīkṣitāḥ |;
KumSaṃ, 6: 6;48 2;avaterur jaṭābhārair likhitānalaniścalaiḥ ||;
KumSaṃ, 6: 6;49 1;gaganād avatīrṇā sā yathāvṛddhapurassarā |;
KumSaṃ, 6: 6;49 2;toyāntar bhāskarālīva reje muniparamparā ||;
KumSaṃ, 6: 6;50 1;tān arghyān arghyam ādāya dūrāt pratyudyayau giriḥ |;
KumSaṃ, 6: 6;50 2;namayan sāragurubhiḥ pādanyāsair vasundharām ||;
KumSaṃ, 6: 6;51 1;dhātutāmrādharaḥ prāṃśur devadārubṛhadbhujaḥ |;
KumSaṃ, 6: 6;51 2;prakṛtyaiva śiloraskaḥ suvyakto himavān iti ||;
KumSaṃ, 6: 6;52 1;vidhiprayuktasatkāraiḥ svayaṃ mārgasya darśakaḥ |;
KumSaṃ, 6: 6;52 2;sa tair ākramayāmāsa śuddhāntaṃ śuddhakarmabhiḥ ||;
KumSaṃ, 6: 6;53 1;tatra vetrāsanāsīnān kṛtāsanaparigrahaḥ |;
KumSaṃ, 6: 6;53 2;ity uvāceśvarān vācaṃ prāñjaliḥ pṛthivīdharaḥ ||;
KumSaṃ, 6: 6;54 1;apameghodayaṃ varṣam adṛṣṭakusumaṃ phalam |;
KumSaṃ, 6: 6;54 2;atarkitopapannaṃ vo darśanaṃ pratibhāti me ||;
KumSaṃ, 6: 6;55 1;mūḍhaṃ buddham ivātmānaṃ haimībhūtam ivāyasam |;
KumSaṃ, 6: 6;55 2;bhūmer divam ivārūḍhaṃ manye bhavadanugrahāt ||;
KumSaṃ, 6: 6;56 1;adyaprabhṛti bhūtānām adhigamyo .smi śuddhaye |;
KumSaṃ, 6: 6;56 2;yad adhyāsitam arhadbhis taddhi tīrthaṃ pracakṣate ||;
KumSaṃ, 6: 6;57 1;avaimi pūtam ātmānaṃ dvayenaiva dvijottamāḥ |;
KumSaṃ, 6: 6;57 2;mūrdhni gaṅgāprapātena dhautapādāmbhasā ca vaḥ ||;
KumSaṃ, 6: 6;58 1;jaṅgamaṃ praiṣyabhāve vaḥ sthāvaraṃ caraṇāṅkitam |;
KumSaṃ, 6: 6;58 2;vibhaktānugrahaṃ manye dvirūpam api me vapuḥ ||;
KumSaṃ, 6: 6;59 1;bhavatsaṃbhāvanotthāya paritoṣāya mūrchate |;
KumSaṃ, 6: 6;59 2;api vyāptadigantāni nāṅgāni prabhavanti me ||;
KumSaṃ, 6: 6;60 1;na kevalaṃ darīsaṃsthaṃ bhāsvatāṃ darśanena vaḥ |;
KumSaṃ, 6: 6;60 2;antargatam apāstaṃ me rajaso .pi paraṃ tamaḥ ||;
KumSaṃ, 6: 6;61 1;kartavyaṃ vo na paśyāmi syāc cet kiṃ nopapadyate |;
KumSaṃ, 6: 6;61 2;śaṅke matpāvanāyaiva prasthānaṃ bhavatām iha ||;
KumSaṃ, 6: 6;62 1;tathāpi tāvat kasmiṃścid ājñāṃ me dātum arhatha |;
KumSaṃ, 6: 6;62 2;viniyogaprasādā hi kiṅkarāḥ prabhaviṣṇuṣu ||;
KumSaṃ, 6: 6;63 1;ete vayam amī dārāḥ kanyeyaṃ kulajīvitam |;
KumSaṃ, 6: 6;63 2;brūta yenātra vaḥ kāryam anāsthā bāhyavastuṣu ||;
KumSaṃ, 6: 6;64 1;ity ūcivāṃs tam evārthaṃ darīmukhavisarpiṇā |;
KumSaṃ, 6: 6;64 2;dvir iva pratiśabdena vyājahāra himālayaḥ ||;
KumSaṃ, 6: 6;65 1;athāṅgirasam agraṇyam udāharaṇavastuṣu |;
KumSaṃ, 6: 6;65 2;ṛṣayaś codayāmāsuḥ pratyuvāca sa bhūdharam ||;
KumSaṃ, 6: 6;66 1;upapannam idaṃ sarvam ataḥ param api tvayi |;
KumSaṃ, 6: 6;66 2;manasaḥ śikharāṇāṃ ca sadṛśī te samunnatiḥ ||;
KumSaṃ, 6: 6;67 1;sthāne tvāṃ sthāvarātmānaṃ viṣṇum āhus tathā hi te |;
KumSaṃ, 6: 6;67 2;carācarāṇāṃ bhūtānāṃ kukṣir ādhāratāṃ gataḥ ||;
KumSaṃ, 6: 6;68 1;gām adhāsyat kathaṃ nāgo mṛṇālamṛdubhiḥ phaṇaiḥ |;
KumSaṃ, 6: 6;68 2;ā rasātalamūlāt tvam avālambiṣyathā na cet ||;
KumSaṃ, 6: 6;69 1;acchinnāmalasaṃtānāḥ samudrormyanivāritāḥ |;
KumSaṃ, 6: 6;69 2;punanti lokān puṇyatvāt kīrtayaḥ saritaś ca te ||;
KumSaṃ, 6: 6;70 1;yathaiva ślāghyate gaṅgā pādena parameṣṭhinaḥ |;
KumSaṃ, 6: 6;70 2;prabhaveṇa dvitīyena tathaivocchirasā tvayā ||;
KumSaṃ, 6: 6;71 1;tiryag ūrdhvam adhastāc ca vyāpako mahimā hareḥ |;
KumSaṃ, 6: 6;71 2;trivikramodyatasyāsīt sa ca svābhāvikas tava ||;
KumSaṃ, 6: 6;72 1;yajñabhāgabhujāṃ madhye padam ātasthuṣā tvayā |;
KumSaṃ, 6: 6;72 2;uccair hiraṇmayaṃ śṛṅgaṃ sumeror vitathīkṛtam ||;
KumSaṃ, 6: 6;73 1;kāṭhinyaṃ sthāvare kāye bhavatā sarvam arpitam |;
KumSaṃ, 6: 6;73 2;idaṃ tu bhaktinamraṃ te satām ārādhanaṃ vapuḥ ||;
KumSaṃ, 6: 6;74 1;tad āgamanakāryaṃ naḥ śṛṇu kāryaṃ tavaiva tat |;
KumSaṃ, 6: 6;74 2;śreyasām upadeśāt tu vayam atrāṃśabhāginaḥ ||;
KumSaṃ, 6: 6;75 1;aṇimādiguṇopetam aspṛṣṭapuruṣāntaram |;
KumSaṃ, 6: 6;75 2;śabdam īśvara ity uccaiḥ sārdhacandraṃ bibharti yaḥ ||;
KumSaṃ, 6: 6;76 1;kalpitānyonyasāmarthyaiḥ pṛthivyādibhir ātmani |;
KumSaṃ, 6: 6;76 2;yenedaṃ dhriyate viśvaṃ dhuryair yānam ivādhvani ||;
KumSaṃ, 6: 6;77 1;yogino yaṃ vicinvanti kṣetrābhyantaravartinam |;
KumSaṃ, 6: 6;77 2;anāvṛttibhayaṃ yasya padam āhur manīṣiṇaḥ ||;
KumSaṃ, 6: 6;78 1;sa te duhitaraṃ sākṣāt sākṣī viśvasya karmaṇaḥ |;
KumSaṃ, 6: 6;78 2;vṛṇute varadaḥ śaṃbhur asmatsaṃkrāmitaiḥ padaiḥ ||;
KumSaṃ, 6: 6;79 1;tam artham iva bhāratyā sutayā yoktum arhasi |;
KumSaṃ, 6: 6;79 2;aśocyā hi pituḥ kanyā sadbhartre pratipāditā ||;
KumSaṃ, 6: 6;80 1;yāvad etāni bhūtāni sthāvarāṇi carāṇi ca |;"Mahābhārata" MBh, 12, 204: 1532 1 2;caturvidhāni bhūtāni sthāvarāṇi carāṇi ca |;PARTLY;+ caturvidha - yāvat;"Kūrmapurāṇa" KūPur, 2, 6: 57 42 1;caturvidhāni bhūtāni sthāvarāṇi carāṇi ca |;PARTLY;+ caturvidha - yāvat;
KumSaṃ, 6: 6;80 2;mātaraṃ kalpayanty enām īśo hi jagataḥ pitā ||;
KumSaṃ, 6: 6;81 1;praṇamya śitikaṇṭhāya vibudhās tadanantaram |;
KumSaṃ, 6: 6;81 2;caraṇau rañjayanty asyāś cūḍāmaṇimarīcibhiḥ ||;
KumSaṃ, 6: 6;82 1;umā vadhūr bhavān dātā yācitāra ime vayam |;
KumSaṃ, 6: 6;82 2;varaḥ śaṃbhur alaṃ hy eṣa tvatkulodbhūtaye vidhiḥ ||;
KumSaṃ, 6: 6;83 1;astotuḥ stūyamānasya vandyasyānanyavandinaḥ |;
KumSaṃ, 6: 6;83 2;sutāsaṃbandhavidhinā bhava viśvaguror guruḥ ||;
KumSaṃ, 6: 6;84 1;evaṃ vādini devarṣau pārśve pitur adhomukhī |;
KumSaṃ, 6: 6;84 2;līlākamalapatrāṇi gaṇayāmāsa pārvatī ||;
KumSaṃ, 6: 6;85 1;śailaḥ sampūrṇakāmo .pi menāmukham udaikṣata |;
KumSaṃ, 6: 6;85 2;prāyeṇa gṛhiṇīnetrāḥ kanyārthe hi kuṭumbinaḥ ||;
KumSaṃ, 6: 6;86 1;mene menāpi tat sarvaṃ patyuḥ kāryam abhīpsitam |;
KumSaṃ, 6: 6;86 2;bhavanty avyabhicāriṇyo bhartur iṣṭe pativratāḥ ||;
KumSaṃ, 6: 6;87 1;idam atrottaraṃ nyāyyam iti buddhyā vimṛśya saḥ |;
KumSaṃ, 6: 6;87 2;ādade vacasām ante maṅgalālaṃkṛtāṃ sutām ||;
KumSaṃ, 6: 6;88 1;ehi viśvātmane vatse bhikṣāsi parikalpitā |;
KumSaṃ, 6: 6;88 2;arthino munayaḥ prāptaṃ gṛhamedhiphalaṃ mayā ||;
KumSaṃ, 6: 6;89 1;etāvad uktvā tanayām ṛṣīn āha mahīdharaḥ |;
KumSaṃ, 6: 6;89 2;iyaṃ namati vaḥ sarvāṃs trilocanavadhūr iti ||;
KumSaṃ, 6: 6;90 1;īpsitārthakriyodāraṃ te .bhinandya girer vacaḥ |;
KumSaṃ, 6: 6;90 2;āśīrbhir edhayāmāsuḥ puraḥpākābhir ambikām ||;
KumSaṃ, 6: 6;91 1;tāṃ praṇāmādarasrastajāmbūnadavataṃsakām |;
KumSaṃ, 6: 6;91 2;aṅkam āropayāmāsa lajjamānām arundhatī ||;
KumSaṃ, 6: 6;92 1;tanmātaraṃ cāśrumukhīṃ duhitṛsnehaviklavām |;
KumSaṃ, 6: 6;92 2;varasyānanyapūrvasya viśokām akarod guṇaiḥ ||;
KumSaṃ, 6: 6;93 1;vaivāhikīṃ tithiṃ pṛṣṭās tatkṣaṇaṃ harabandhunā |;
KumSaṃ, 6: 6;93 2;te tryahād ūrdhvam ākhyāya celuś cīraparigrahāḥ ||;
KumSaṃ, 6: 6;94 1;te himālayam āmantrya punaḥ prekṣya ca śūlinam |;
KumSaṃ, 6: 6;94 2;siddhaṃ cāsmai nivedyārthaṃ tadvisṛṣṭāḥ kham udyayuḥ ||;
KumSaṃ, 6: 6;95 1;paśupatir api tāny ahāni kṛcchrād agamayad adrisutāsamāgamotkaḥ |;
KumSaṃ, 6: 6;95 2;kam aparam avaśaṃ na viprakuryur vibhum api taṃ yad amī spṛśanti bhāvāḥ ||;
KumSaṃ, 7: 7;1 1;athauṣadhīnām adhipasya vṛddhau tithau ca jāmitraguṇānvitāyām |;
KumSaṃ, 7: 7;1 2;sametabandhur himavān sutāyā vivāhadīkṣāvidhim anvatiṣṭhat ||;
KumSaṃ, 7: 7;2 1;vaivāhikaiḥ kautukasaṃvidhānair gṛhe gṛhe vyagrapuraṃdhrivargam |;
KumSaṃ, 7: 7;2 2;āsīt puraṃ sānumato .nurāgād antaḥpuraṃ caikakulopameyam ||;
KumSaṃ, 7: 7;3 1;saṃtānakākīrṇamahāpathaṃ tac cīnāṃśukaiḥ kalpitaketumālam |;
KumSaṃ, 7: 7;3 2;bhāsā jvalat kāñcanatoraṇānāṃ sthānāntarasvarga ivābabhāse ||;
KumSaṃ, 7: 7;4 1;ekaiva satyām api putrapaṅktau cirasya dṛṣṭeva mṛtotthiteva |;
KumSaṃ, 7: 7;4 2;āsannapāṇigrahaṇeti pitror umā viśeṣocchvasitaṃ babhūva ||;
KumSaṃ, 7: 7;5 1;aṅkād yayāv aṅkam udīritāśīḥ sā maṇḍanān maṇḍanam anvabhuṅkta |;
KumSaṃ, 7: 7;5 2;saṃbandhibhinno .pi gireḥ kulasya snehas tadekāyatanaṃ jagāma ||;
KumSaṃ, 7: 7;6 1;maitre muhūrte śaśalāñchanena yogaṃ gatāsūttaraphalgunīṣu |;
KumSaṃ, 7: 7;6 2;tasyāḥ śarīre pratikarma cakrur bandhustriyo yāḥ patiputravatyaḥ ||;
KumSaṃ, 7: 7;7 1;sā gaurasiddhārthaniveśavadbhir dūrvāpravālaiḥ pratibhinnarāgam |;
KumSaṃ, 7: 7;7 2;nirnābhikauśeyam upāttabāṇam abhyaṅganepathyam alaṃcakāra ||;
KumSaṃ, 7: 7;8 1;babhau ca saṃparkam upetya bālā navena dīkṣāvidhisāyakena |;
KumSaṃ, 7: 7;8 2;kareṇa bhānor bahulāvasāne saṃdhukṣyamāṇeva śaśāṅkalekhā ||;
KumSaṃ, 7: 7;9 1;tāṃ lodhrakalkena hṛtāṅgatailām āśyānakāleyakṛtāṅgarāgām |;
KumSaṃ, 7: 7;9 2;vāso vasānām abhiṣekayogyaṃ nāryaś catuṣkābhimukhaṃ vyanaiṣuḥ ||;
KumSaṃ, 7: 7;10 1;vinyastavaidūryaśilātale .sminn aviddhamuktāphalabhakticitre |;
KumSaṃ, 7: 7;10 2;āvarjitāṣṭāpadakumbhatoyāḥ satūryam enāṃ snapayāṃbabhūvuḥ ||;
KumSaṃ, 7: 7;11 1;sā maṅgalasnānaviśuddhagātrī gṛhītapatyudgamanīyavastrā |;
KumSaṃ, 7: 7;11 2;nirvṛttaparjanyajalābhiṣekā praphullakāśā vasudheva reje ||;
KumSaṃ, 7: 7;12 1;tasmāt pradeśāc ca vitānavantaṃ yuktaṃ maṇistambhacatuṣṭayena |;
KumSaṃ, 7: 7;12 2;pativratābhiḥ parigṛhya ninye kﾱptāsanaṃ kautukavedimadhyam ||;
KumSaṃ, 7: 7;13 1;tāṃ prāṅmukhīṃ tatra niveśya tanvīṃ kṣaṇaṃ vyalambanta puro niṣaṇṇāḥ |;
KumSaṃ, 7: 7;13 2;bhūtārthaśobhāhriyamāṇanetrāḥ prasādhane saṃnihite .pi nāryaḥ ||;
KumSaṃ, 7: 7;14 1;dhūpoṣmaṇā tyājitam ārdrabhāvaṃ keśāntam antaḥkusumaṃ tadīyam |;
KumSaṃ, 7: 7;14 2;paryākṣipat kācid udārabandhaṃ dūrvāvatā pāṇḍumadhūkadāmnā ||;
KumSaṃ, 7: 7;15 1;vinyastaśuklāguru cakrur asyā gorocanāpatravibhaṅgam aṅgam |;
KumSaṃ, 7: 7;15 2;sā cakravākāṅkitasaikatāyās trisrotasaḥ kāntim atītya tasthau ||;
KumSaṃ, 7: 7;16 1;lagnadvirephaṃ paribhūya padmaṃ sameghalekhaṃ śaśinaś ca bimbam |;
KumSaṃ, 7: 7;16 2;tadānanaśrīr alakaiḥ prasiddhaiś cicheda sādṛśyakathāprasaṅgam ||;
KumSaṃ, 7: 7;17 1;karṇārpito lodhrakaṣāyarūkṣe gorocanākṣepanitāntagaure |;
KumSaṃ, 7: 7;17 2;tasyāḥ kapole parabhāgalābhād babandha cakṣūṃṣi yavaprarohaḥ ||;
KumSaṃ, 7: 7;18 1;rekhāvibhaktaś ca vibhaktagātryāḥ kiṃcinmadhūcchiṣṭavimṛṣṭarāgaḥ |;
KumSaṃ, 7: 7;18 2;kāmapy abhikhyāṃ sphuritair apuṣyad āsannalāvaṇyaphalo .dharoṣṭhaḥ ||;
KumSaṃ, 7: 7;19 1;patyuḥ śiraścandrakalām anena spṛśeti sakhyā parihāsapūrvam |;
KumSaṃ, 7: 7;19 2;sā rañjayitvā caraṇau kṛtāśīr mālyena tāṃ nirvacanaṃ jaghāna ||;
KumSaṃ, 7: 7;20 1;tasyāḥ sujātotpalapatrakānte prasādhikābhir nayane nirīkṣya |;
KumSaṃ, 7: 7;20 2;na cakṣuṣoḥ kāntiviśeṣabuddhyā kālāñjanaṃ maṅgalam ity upāttam ||;
KumSaṃ, 7: 7;21 1;sā sambhavadbhiḥ kusumair lateva jyotirbhir udyadbhir iva triyāmā |;
KumSaṃ, 7: 7;21 2;sarid vihaṅgair iva līyamānair āmucyamānābharaṇā cakāśe ||;
KumSaṃ, 7: 7;22 1;ātmānam ālokya ca śobhamānam ādarśabimbe stimitāyatākṣī |;"Śukasaptati" Śusa, 23: 23 5 2;ātmānamālokya ca śobhamānamādarśabimbe stimitāyatākṣī |;GOOD;;
KumSaṃ, 7: 7;22 2;haropayāne tvaritā babhūva strīṇāṃ priyālokaphalo hi veṣaḥ ||;"Śukasaptati" Śusa, 23: 23 5 3;haropayāne tvaritā babhūva strīṇāṃ priyālokaphalo hi veṣaḥ ||;GOOD;;
KumSaṃ, 7: 7;23 1;athāṅgulibhyāṃ haritālam ārdraṃ māṅgalyam ādāya manaḥśilāṃ ca |;
KumSaṃ, 7: 7;23 2;karṇāvasaktāmaladantapatraṃ mātā tadīyaṃ mukham unnamayya ||;
KumSaṃ, 7: 7;24 1;umāstanodbhedam anupravṛddho manoratho yaḥ prathamo babhūva |;
KumSaṃ, 7: 7;24 2;tam eva menā duhituḥ kathaṃcid vivāhadīkṣātilakaṃ cakāra ||;
KumSaṃ, 7: 7;25 1;babandha cāsrākuladṛṣṭir asyāḥ sthānāntare kalpitasaṃniveśam |;
KumSaṃ, 7: 7;25 2;dhātryaṅgulībhiḥ pratisāryamāṇam ūrṇamayaṃ kautukahastasūtram ||;
KumSaṃ, 7: 7;26 1;kṣīrodaveleva saphenapuñjā paryāptacandreva śarattriyāmā |;
KumSaṃ, 7: 7;26 2;navaṃ navakṣaumanivāsinī sā bhūyo babhau darpaṇam ādadhānā ||;
KumSaṃ, 7: 7;27 1;tām arcitābhyaḥ kuladevatābhyaḥ kulapratiṣṭhāṃ praṇamayya mātā |;
KumSaṃ, 7: 7;27 2;akārayat kārayitavyadakṣā krameṇa pādagrahaṇaṃ satīnām ||;
KumSaṃ, 7: 7;28 1;akhaṇḍitaṃ prema labhasva patyur ity ucyate tābhir umā sma namrā |;
KumSaṃ, 7: 7;28 2;tayā tu tasyārdhaśarīrabhājā paścātkṛtāḥ snigdhajanāśiṣo .pi ||;
KumSaṃ, 7: 7;29 1;icchāvibhūtyor anurūpam adris tasyāḥ kṛtī kṛtyam aśeṣayitvā |;
KumSaṃ, 7: 7;29 2;sabhyaḥ sabhāyāṃ suhṛdāsthitāyāṃ tasthau vṛṣāṅkāgamanapratīkṣaḥ ||;
KumSaṃ, 7: 7;30 1;tāvad varasyāpi kuberaśaile tatpūrvapāṇigrahaṇānurūpam |;
KumSaṃ, 7: 7;30 2;prasādhanaṃ mātṛbhir ādṛtābhir nyastaṃ purastāt puraśāsanasya ||;
KumSaṃ, 7: 7;31 1;tadgauravān maṅgalamaṇḍanaśrīḥ sā paspṛśe kevalam īśvareṇa |;
KumSaṃ, 7: 7;31 2;sva eva veṣaḥ pariṇetur iṣṭaṃ bhāvāntaraṃ tasya vibhoḥ prapede ||;
KumSaṃ, 7: 7;32 1;babhūva bhasmaiva sitāṅgarāgaḥ kapālam evāmalaśekharaśrīḥ |;
KumSaṃ, 7: 7;32 2;upāntabhāgeṣu ca rocanāṅko gajājinasyaiva dukūlabhāvaḥ ||;
KumSaṃ, 7: 7;33 1;śaṅkhāntaradyoti vilocanaṃ yad antarniviṣṭāmalapiṅgatāram |;
KumSaṃ, 7: 7;33 2;sānnidhyapakṣe haritālamayyās tad eva jātaṃ tilakakriyāyāḥ ||;
KumSaṃ, 7: 7;34 1;yathāpradeśaṃ bhujageśvarāṇāṃ kariṣyatām ābharaṇāntaratvam |;
KumSaṃ, 7: 7;34 2;śarīramātraṃ vikṛtiṃ prapede tathaiva tasthuḥ phaṇaratnaśobhāḥ ||;
KumSaṃ, 7: 7;35 1;divāpi niṣṭhyūtamarīcibhāsā bālyād anāviṣkṛtalāñchanena |;
KumSaṃ, 7: 7;35 2;candreṇa nityaṃ pratibhinnamauleś cūḍāmaṇeḥ kiṃ grahaṇaṃ harasya ||;
KumSaṃ, 7: 7;36 1;ity adbhutaikaprabhavaḥ prabhāvāt prasiddhanepathyavidher vidhātā |;
KumSaṃ, 7: 7;36 2;ātmānam āsannagaṇopanīte khaḍge niṣaktapratimaṃ dadarśa ||;
KumSaṃ, 7: 7;37 1;sa gopatiṃ nandibhujāvalambī śārdūlacarmāntaritorupṛṣṭham |;
KumSaṃ, 7: 7;37 2;tadbhaktisaṃkṣiptabṛhatpramāṇam āruhya kailāsam iva pratasthe ||;
KumSaṃ, 7: 7;38 1;taṃ mātaro devam anuvrajantyaḥ svavāhanakṣobhacalāvataṃsāḥ |;
KumSaṃ, 7: 7;38 2;mukhaiḥ prabhāmaṇḍalareṇugauraiḥ padmākaraṃ cakrur ivāntarīkṣam ||;
KumSaṃ, 7: 7;39 1;tāsāṃ ca paścāt kanakaprabhāṇāṃ kālī kapālābharaṇā cakāśe |;
KumSaṃ, 7: 7;39 2;balākinī nīlapayodarājī dūraṃ puraḥkṣiptaśatahradeva ||;
KumSaṃ, 7: 7;40 1;tato gaṇaiḥ śūlabhṛtaḥ purogair udīrito maṅgalatūryaghoṣaḥ |;
KumSaṃ, 7: 7;40 2;vimānaśṛṅgāṇy avagāhamānaḥ śaśaṃsa sevāvasaraṃ surebhyaḥ ||;
KumSaṃ, 7: 7;41 1;upādade tasya sahasraraśmis tvaṣṭrā navaṃ nirmitam ātapatram |;
KumSaṃ, 7: 7;41 2;sa taddukūlād avidūramaulir babhau patadgaṅga ivottamāṅge ||;
KumSaṃ, 7: 7;42 1;mūrte ca gaṅgāyamune tadānīṃ sacāmare devam aseviṣātām |;
KumSaṃ, 7: 7;42 2;samudragārūpaviparyaye .pi sahaṃsapāte iva lakṣyamāṇe ||;
KumSaṃ, 7: 7;43 1;tam anvagacchat prathamo vidhātā śrīvatsalakṣmā puruṣaś ca sākṣāt |;
KumSaṃ, 7: 7;43 2;jayeti vācā mahimānam asya saṃvardhayantyā haviṣeva vahnim ||;
KumSaṃ, 7: 7;44 1;ekaiva mūrtir bibhide tridhā sā sāmānyam eṣāṃ prathamāvaratvam |;
KumSaṃ, 7: 7;44 2;viṣṇor haras tasya hariḥ kadācid vedhās tayos tāv api dhātur ādyau ||;
KumSaṃ, 7: 7;45 1;taṃ lokapālāḥ puruhūtamukhyāḥ śrīlakṣaṇotsargavinītaveṣāḥ |;
KumSaṃ, 7: 7;45 2;dṛṣṭipradāne kṛtanandisaṃjñās taddarśitāḥ prāñjalayaḥ praṇemuḥ ||;
KumSaṃ, 7: 7;46 1;kampena mūrdhnaḥ śatapatrayoniṃ vācā hariṃ vṛtrahaṇaṃ smitena |;
KumSaṃ, 7: 7;46 2;ālokamātreṇa surān aśeṣān saṃbhāvayāmāsa yathāpradhānam ||;
KumSaṃ, 7: 7;47 1;tasmai jayāśīḥ sasṛje purastāt saptarṣibhis tān smitapūrvam āha |;
KumSaṃ, 7: 7;47 2;vivāhayajñe vitate .tra yūyam adhvaryavaḥ pūrvavṛtā mayeti ||;
KumSaṃ, 7: 7;48 1;viśvāvasuprāgraharaiḥ pravīṇaiḥ saṃgīyamānatripurāvadānaḥ |;
KumSaṃ, 7: 7;48 2;adhvānam adhvāntavikāralaṅghyas tatāra tārādhipakhaṇḍadhārī ||;
KumSaṃ, 7: 7;49 1;khe khelagāmī tam uvāha vāhaḥ saśabdacāmīkarakiṅkiṇīkaḥ |;
KumSaṃ, 7: 7;49 2;taṭābhighātād iva lagnapaṅke dhunvan muhuḥ protaghane viṣāṇe ||;
KumSaṃ, 7: 7;50 1;sa prāpad aprāptaparābhiyogaṃ nagendraguptaṃ nagaraṃ muhūrtāt |;
KumSaṃ, 7: 7;50 2;puro vilagnair haradṛṣṭipātaiḥ suvarṇasūtrair iva kṛṣyamāṇaḥ ||;
KumSaṃ, 7: 7;51 1;tasyopakaṇṭhe ghananīlakaṇṭhaḥ kutūhalād unmukhapauradṛṣṭaḥ |;
KumSaṃ, 7: 7;51 2;svabāṇacihnād avatīrya mārgād āsannabhūpṛṣṭham iyāya devaḥ ||;
KumSaṃ, 7: 7;52 1;tam ṛddhimadbandhujanādhirūḍhair vṛndair gajānāṃ giricakravartī |;
KumSaṃ, 7: 7;52 2;pratyujjagāmāgamanapratītaḥ praphullavṛkṣaiḥ kaṭakair iva svaiḥ ||;
KumSaṃ, 7: 7;53 1;vargāv ubhau devamahīdharāṇāṃ dvāre purasyodghaṭitāpidhāne |;
KumSaṃ, 7: 7;53 2;samīyatur dūravisarpighoṣau bhinnaikasetū payasām ivaughau ||;
KumSaṃ, 7: 7;54 1;hrīmān abhūd bhūmidharo hareṇa trailokyavandyena kṛtapraṇāmaḥ |;
KumSaṃ, 7: 7;54 2;pūrvaṃ mahimnā sa hi tasya dūram āvarjitaṃ nātmaśiro viveda ||;
KumSaṃ, 7: 7;55 1;sa prītiyogād vikasanmukhaśrīr jāmātur agresaratām upetya |;
KumSaṃ, 7: 7;55 2;prāveśayan mandiram ṛddham enam ā gulphakīrṇāpaṇamārgapuṣpam ||;
KumSaṃ, 7: 7;56 1;tasmin muhūrte purasundarīṇām īśānasaṃdarśanalālasānām |;
KumSaṃ, 7: 7;56 2;prāsādamālāsu babhūvur itthaṃ tyaktānyakāryāṇi viceṣṭitāni ||;
KumSaṃ, 7: 7;57 1;ālokamārgaṃ sahasā vrajantyā kayācid udveṣṭanavāntamālyaḥ |;
KumSaṃ, 7: 7;57 2;bandhuṃ na saṃbhāvita eva tāvat kareṇa ruddho .pi na keśapāśaḥ ||;
KumSaṃ, 7: 7;58 1;prasādhikālambitam agrapādam ākṣipya kācid dravarāgam eva |;
KumSaṃ, 7: 7;58 2;utsṛṣṭalīlāgatir ā gavākṣād alaktakāṅkāṃ padavīṃ tatāna ||;
KumSaṃ, 7: 7;59 1;vilocanaṃ dakṣiṇam añjanena saṃbhāvya tadvañcitavāmanetrā |;
KumSaṃ, 7: 7;59 2;tathaiva vātāyanasaṃnikarṣaṃ yayau śalākām aparā vahantī ||;
KumSaṃ, 7: 7;60 1;jālāntarapreṣitadṛṣṭir anyā prasthānabhinnāṃ na babandha nīvīm |;
KumSaṃ, 7: 7;60 2;nābhipraviṣṭābharaṇaprabheṇa hastena tasthāv avalambya vāsaḥ ||;
KumSaṃ, 7: 7;61 1;ardhācitā satvaram utthitāyāḥ pade pade durnimite galantī |;
KumSaṃ, 7: 7;61 2;kasyāścid āsīd raśanā tadānīm aṅguṣṭhamūlārpitasūtraśeṣā ||;
KumSaṃ, 7: 7;62 1;tāsāṃ mukhair āsavagandhagarbhair vyāptāntarāḥ sāndrakutūhalānām |;
KumSaṃ, 7: 7;62 2;vilolanetrabhramarair gavākṣāḥ sahasrapatrābharaṇā ivāsan ||;
KumSaṃ, 7: 7;63 1;tāvat patākākulam indumaulir uttoraṇaṃ rājapathaṃ prapede |;
KumSaṃ, 7: 7;63 2;prāsādaśṛṅgāṇi divāpi kurvañ jyotsnābhiṣekadviguṇadyutīni ||;
KumSaṃ, 7: 7;64 1;tam ekadṛśyaṃ nayanaiḥ pibantyo nāryo na jagmur viṣayāntarāṇi |;
KumSaṃ, 7: 7;64 2;tathā hi śeṣendriyavṛttir āsāṃ sarvātmanā cakṣur iva praviṣṭā ||;
KumSaṃ, 7: 7;65 1;sthāne tapo duścaram etadartham aparṇayā pelavayāpi taptam |;
KumSaṃ, 7: 7;65 2;yā dāsyam apy asya labheta nārī sā syāt kṛtārthā kimutāṅkaśayyām ||;
KumSaṃ, 7: 7;66 1;paraspareṇa spṛhaṇīyaśobhaṃ na ced idaṃ dvandvam ayojayiṣyat |;
KumSaṃ, 7: 7;66 2;asmin dvaye rūpavidhānayatnaḥ patyuḥ prajānāṃ viphalo .bhaviṣyat ||;
KumSaṃ, 7: 7;67 1;na nūnam ārūḍharuṣā śarīram anena dagdhaṃ kusumāyudhasya |;
KumSaṃ, 7: 7;67 2;vrīḍād amuṃ devam udīkṣya manye saṃnyastadehaḥ svayam eva kāmaḥ ||;
KumSaṃ, 7: 7;68 1;anena saṃbandham upetya diṣṭyā manorathaprārthitam īśvareṇa |;
KumSaṃ, 7: 7;68 2;mūrdhānam āli kṣitidhāraṇoccam uccaistarāṃ vakṣyati śailarājaḥ ||;
KumSaṃ, 7: 7;69 1;ity oṣadhiprasthavilāsinīnāṃ śṛṇvan kathāḥ śrotrasukhās trinetraḥ |;
KumSaṃ, 7: 7;69 2;keyūracūrṇīkṛtalājamuṣṭiṃ himālayasyālayam āsasāda ||;
KumSaṃ, 7: 7;70 1;tatrāvatīryācyutadattahastaḥ śaradghanād dīdhitimān ivokṣṇaḥ |;
KumSaṃ, 7: 7;70 2;krāntāni pūrvaṃ kamalāsanena kakṣyāntarāṇy adripater viveśa ||;
KumSaṃ, 7: 7;71 1;tam anvag indrapramukhāś ca devāḥ saptarṣipūrvāḥ paramarṣayaś ca |;
KumSaṃ, 7: 7;71 2;gaṇāś ca giryālayam abhyagacchan praśastam ārambham ivottamārthāḥ ||;
KumSaṃ, 7: 7;72 1;tatreśvaro viṣṭarabhāg yathāvat saratnam arghyaṃ madhumac ca gavyam |;
KumSaṃ, 7: 7;72 2;nave dukūle ca nagopanītaṃ pratyagrahīt sarvam amantravarjam ||;
KumSaṃ, 7: 7;73 1;dukūlavāsāḥ sa vadhūsamīpaṃ ninye vinītair avarodharakṣaiḥ |;
KumSaṃ, 7: 7;73 2;velāsamīpaṃ sphuṭaphenarājir navair udanvān iva candrapādaiḥ ||;
KumSaṃ, 7: 7;74 1;tayā pravṛddhānanacandrakāntyā praphullacakṣuḥkumudaḥ kumāryā |;
KumSaṃ, 7: 7;74 2;prasannacetaḥsalilaḥ śivo .bhūt saṃsṛjyamānaḥ śaradeva lokaḥ ||;
KumSaṃ, 7: 7;75 1;tayoḥ samāpattiṣu kātarāṇi kiṃcidvyavasthāpitasaṃhṛtāni |;
KumSaṃ, 7: 7;75 2;hrīyantraṇāṃ tatkṣaṇam anvabhūvann anyonyalolāni vilocanāni ||;
KumSaṃ, 7: 7;76 1;tasyāḥ karaṃ śailagurūpanītaṃ jagrāha tāmrāṅgulim aṣṭamūrtiḥ |;
KumSaṃ, 7: 7;76 2;umātanau gūḍhatanoḥ smarasya tacchaṅkinaḥ pūrvam iva praroham ||;
KumSaṃ, 7: 7;77 1;romodgamaḥ prādurabhūd umāyāḥ svinnāṅguliḥ puṅgavaketur āsīt |;
KumSaṃ, 7: 7;77 2;vṛttis tayoḥ pāṇisamāgamena samaṃ vibhakteva manobhavasya ||;
KumSaṃ, 7: 7;78 1;prayuktapāṇigrahaṇaṃ yad anyad vadhūvaraṃ puṣyati kāntim agryām |;
KumSaṃ, 7: 7;78 2;sānnidhyayogād anayos tadānīṃ kiṃ kathyate śrīr ubhayasya tasya ||;
KumSaṃ, 7: 7;79 1;pradakṣiṇaprakramaṇāt kṛśānor udarciṣas tan mithunaṃ cakāśe |;
KumSaṃ, 7: 7;79 2;meror upānteṣv iva vartamānam anyonyasaṃsaktam ahastriyāmam ||;
KumSaṃ, 7: 7;80 1;tau dampatī triḥ pariṇīya vahnim karāgrasaṃsparśanimīlitākṣīm |;
KumSaṃ, 7: 7;80 2;tāṃ kārayāmāsa vadhūṃ purodhās tasmin samiddhārciṣi lājamokṣam ||;
KumSaṃ, 7: 7;81 1;sā lājadhūmāñjalim iṣṭagandhaṃ gurūpadeśād vadanaṃ nināya |;
KumSaṃ, 7: 7;81 2;kapolasaṃsarpiśikhaḥ sa tasyā muhūrtakarṇotpalatāṃ prapede ||;
KumSaṃ, 7: 7;82 1;tad īṣadārdrāruṇagaṇḍalekham ucchvāsikālāñjanarāgam akṣṇoḥ |;
KumSaṃ, 7: 7;82 2;vadhūmukhaṃ klāntayavāvataṃsam ācāradhūmagrahaṇād babhūva ||;
KumSaṃ, 7: 7;83 1;vadhūṃ dvijaḥ prāha tavaiṣa vatse vahnir vivāhaṃ prati pūrvasākṣī |;
KumSaṃ, 7: 7;83 2;śivena bhartrā saha dharmacaryā kāryā tvayā muktavicārayeti ||;
KumSaṃ, 7: 7;84 1;ālocanāntaṃ śravaṇe vitatya pītaṃ guros tadvacanaṃ bhavānyā |;
KumSaṃ, 7: 7;84 2;nidāghakālolbaṇatāpayeva māhendram ambhaḥ prathamaṃ pṛthivyā ||;
KumSaṃ, 7: 7;85 1;dhruveṇa bhartrā dhruvadarśanāya prayujyamānā priyadarśanena |;
KumSaṃ, 7: 7;85 2;sā dṛṣṭa ity ānanam unnamayya hrīsannakaṇṭhī kathamapy uvāca ||;
KumSaṃ, 7: 7;86 1;itthaṃ vidhijñena purohitena prayuktapāṇigrahaṇopacārau |;
KumSaṃ, 7: 7;86 2;praṇematus tau pitarau prajānāṃ padmāsanasthāya pitāmahāya ||;
KumSaṃ, 7: 7;87 1;vadhūr vidhātrā pratinandyate sma kalyāṇi vīraprasavā bhaveti |;
KumSaṃ, 7: 7;87 2;vācaspatiḥ sann api so .ṣṭamūrttāv āśāsya cintāstimito babhūva ||;
KumSaṃ, 7: 7;88 1;kﾱptopacārāṃ caturasravedīṃ tāv etya paścāt kanakāsanasthau |;
KumSaṃ, 7: 7;88 2;jāyāpatī laukikam eṣitavyam ārdrākṣatāropaṇam anvabhūtām ||;
KumSaṃ, 7: 7;89 1;patrāntalagnair jalabindujālair ākṛṣṭamuktāphalajālaśobham |;
KumSaṃ, 7: 7;89 2;tayor upary āyatanāladaṇḍam ādhatta lakṣmīḥ kamalātapatram ||;
KumSaṃ, 7: 7;90 1;dvidhā prayuktena ca vāṅmayena sarasvatī tan mithunaṃ nunāva |;
KumSaṃ, 7: 7;90 2;saṃskārapūtena varaṃ vareṇyaṃ vadhūṃ sukhagrāhyanibandhanena ||;
KumSaṃ, 7: 7;91 1;tau sandhiṣu vyañjitavṛttibhedaṃ rasāntareṣu pratibaddharāgam |;
KumSaṃ, 7: 7;91 2;apaśyatām apsarasāṃ muhūrtaṃ prayogam ādyaṃ lalitāṅgahāram ||;
KumSaṃ, 7: 7;92 1;devās tadante haram ūḍhabhāryaṃ kirīṭabaddhāñjalayo nipatya |;
KumSaṃ, 7: 7;92 2;śāpāvasāne pratipannamūrter yayācire pañcaśarasya sevām ||;
KumSaṃ, 7: 7;93 1;tasyānumene bhagavān vimanyur vyāpāram ātmany api sāyakānām |;
KumSaṃ, 7: 7;93 2;kāle prayuktā khalu kāryavidbhir vijñāpanā bhartṛṣu siddhim eti ||;
KumSaṃ, 7: 7;94 1;atha vibudhagaṇāṃs tān indumaulir visṛjya kṣitidharapatikanyām ādadānaḥ kareṇa |;
KumSaṃ, 7: 7;94 2;kanakakalaśarakṣābhaktiśobhāsanāthaṃ kṣitiviracitaśayyaṃ kautukāgāram āgāt ||;
KumSaṃ, 7: 7;95 1;navapariṇayalajjābhūṣaṇāṃ tatra gaurīṃ vadanam apaharantīṃ tatkṛtotkṣepam īśaḥ |;
KumSaṃ, 7: 7;95 2;api śayanasakhībhyo dattavācaṃ kathaṃcit pramathamukhavikārair hāsayāmāsa gūḍham ||;
KumSaṃ, 8: 8;1 1;pāṇipīḍanavidher anantaraṃ śailarājaduhitur haraṃ prati |;
KumSaṃ, 8: 8;1 2;bhāvasādhvasaparigrahād abhūt kāmadohadamanoharaṃ vapuḥ ||;
KumSaṃ, 8: 8;2 1;vyāhṛtā prativaco na saṃdadhe gantum aicchad avalambitāṃśukā |;
KumSaṃ, 8: 8;2 2;sevate sma śayanaṃ parāṅmukhī sā tathāpi rataye pinākinaḥ ||;
KumSaṃ, 8: 8;3 1;kaitavena śayite kutūhalāt pārvatī pratimukhaṃ nipātitam |;
KumSaṃ, 8: 8;3 2;cakṣur unmiṣati sasmitaṃ priye vidyudāhatam iva nyamīlayat ||;
KumSaṃ, 8: 8;4 1;nābhideśanihitaḥ sakampayā śaṅkarasya rurudhe tayā karaḥ |;
KumSaṃ, 8: 8;4 2;taddukūlam atha cābhavat svayaṃ dūram ucchvasitanīvibandhanam ||;
KumSaṃ, 8: 8;5 1;evam āli nigṛhītasādhvasaṃ śaṅkaro rahasi sevyatām iti |;
KumSaṃ, 8: 8;5 2;sā sakhībhir upadiṣṭam ākulā nāsmarat pramukhavartini priye ||;
KumSaṃ, 8: 8;6 1;apy avastuni kathāpravṛttaye praśnatatparam anaṅgaśāsanam |;
KumSaṃ, 8: 8;6 2;vīkṣitena parigṛhya pārvatī mūrdhakampamayam uttaraṃ dadau ||;
KumSaṃ, 8: 8;7 1;śūlinaḥ karataladvayena sā saṃnirudhya nayane hṛtāṃśukā |;
KumSaṃ, 8: 8;7 2;tasya paśyati lalāṭalocane moghayatnavidhurā rahasy abhūt ||;
KumSaṃ, 8: 8;8 1;cumbaneṣv adharadānavarjitaṃ sannahastam adayopagūhane |;
KumSaṃ, 8: 8;8 2;kliṣṭamanmatham api priyaṃ prabhor durlabhapratikṛtaṃ vadhūratam ||;
KumSaṃ, 8: 8;9 1;yan mukhagrahaṇam akṣatādharaṃ dattam avraṇapadaṃ nakhaṃ ca yat |;
KumSaṃ, 8: 8;9 2;yad rataṃ ca sadayaṃ priyasya tat pārvatī viṣahate sma netarat ||;
KumSaṃ, 8: 8;10 1;rātrivṛttam anuyoktum udyataṃ sā vibhātasamaye sakhījanam |;
KumSaṃ, 8: 8;10 2;nākarod apakutūhalaṃ hriyā śaṃsituṃ ca hṛdayena tatvare ||;
KumSaṃ, 8: 8;11 1;darpaṇe ca paribhogadarśinī pṛṣṭhataḥ praṇayino niṣeduṣaḥ |;
KumSaṃ, 8: 8;11 2;prekṣya bimbam anu bimbam ātmanaḥ kāni kāni na cakāra lajjayā ||;
KumSaṃ, 8: 8;12 1;nīlakaṇṭhaparibhuktayauvanāṃ tāṃ vilokya jananī samāśvasat |;
KumSaṃ, 8: 8;12 2;bhartṛvallabhatayā hi mānasīṃ mātur asyati śucaṃ vadhūjanaḥ ||;
KumSaṃ, 8: 8;13 1;vāsarāṇi katicit kathañcana sthāṇunā ratam akāri cānayā |;
KumSaṃ, 8: 8;13 2;jñātamanmatharasā śanaiḥ śanaiḥ sā mumoca ratiduḥkhaśīlatām ||;
KumSaṃ, 8: 8;14 1;sasvaje priyam uronipīḍitā prārthitaṃ mukham anena nāharat |;
KumSaṃ, 8: 8;14 2;mekhalāpaṇayalolatāṃ gataṃ hastam asya śithilaṃ rurodha sā ||;
KumSaṃ, 8: 8;15 1;bhāvasūcitam adṛṣṭavipriyaṃ cāṭumat kṣaṇaviyogakātaram |;
KumSaṃ, 8: 8;15 2;kaiścid eva divasais tadā tayoḥ prema rūḍham itaretarāśrayam ||;
KumSaṃ, 8: 8;16 1;taṃ yathātmasadṛśaṃ varaṃ vadhūr anvarajyata varas tathaiva tām |;
KumSaṃ, 8: 8;16 2;sāgarād anapagā hi jāhnavī so .pi tanmukharasaikanirvṛtiḥ ||;
KumSaṃ, 8: 8;17 1;śiṣyatāṃ nidhuvanopadeśinaḥ śaṅkarasya rahasi prapannayā |;
KumSaṃ, 8: 8;17 2;śikṣitaṃ yuvatinaipuṇaṃ tayā yat tad eva gurudakṣiṇīkṛtam ||;
KumSaṃ, 8: 8;18 1;daṣṭamuktam adharoṣṭham āmbikā vedanāvidhutahastapallavā |;
KumSaṃ, 8: 8;18 2;śītalena niravāpayat kṣaṇaṃ maulicandraśakalena śūlinaḥ ||;
KumSaṃ, 8: 8;19 1;cumbanādalakacūrṇadūṣitaṃ śaṅkaro .pi nayanaṃ lalāṭajam |;
KumSaṃ, 8: 8;19 2;ucchvasatkamalagandhaye dadau pārvatīvadanagandhavāhine ||;
KumSaṃ, 8: 8;20 1;evam indriyasukhasya vartmanaḥ sevanād anugṛhītamanmathaḥ |;
KumSaṃ, 8: 8;20 2;śailarājabhavane sahomayā māsamātram avasad vṛṣadhvajaḥ ||;
KumSaṃ, 8: 8;21 1;so .numānya himavantam ātmabhūr ātmajāvirahaduḥkhakheditam |;
KumSaṃ, 8: 8;21 2;tatra tatra vijahāra saṃpatann aprameyagatinā kakudmatā ||;
KumSaṃ, 8: 8;22 1;merum etya marudāśugokṣakaḥ pārvatīstanapuraskṛtān kṛtī |;
KumSaṃ, 8: 8;22 2;hemapallavavibhaṅgasaṃstarān anvabhūt suratamardanakṣamān ||;
KumSaṃ, 8: 8;23 1;padmanābhacaraṇāṅkitāśmasu prāptavatsv amṛtavipruṣo navāḥ |;
KumSaṃ, 8: 8;23 2;mandarasya kaṭakeṣu cāvasat pārvatīvadanapadmaṣaṭpadaḥ ||;
KumSaṃ, 8: 8;24 1;vāraṇadhvanitabhītayā tayā kaṇṭhasaktaghanabāhubandhanaḥ |;
KumSaṃ, 8: 8;24 2;ekapiṅgalagirau jagadgurur nirviveśa viśadāḥ śaśiprabhāḥ ||;
KumSaṃ, 8: 8;25 1;tasya jātu malayasthalīrate dhūtacandanalataḥ priyāklamam |;
KumSaṃ, 8: 8;25 2;ācacāma salavaṅgakesaraś cāṭukāra iva dakṣiṇānilaḥ ||;
KumSaṃ, 8: 8;26 1;hematāmarasatāḍitapriyā tatkarāmbuvinimīlitekṣaṇā |;
KumSaṃ, 8: 8;26 2;khe vyagāhata taraṅgiṇīm umā mīnapaṅktipunaruktamekhalā ||;
KumSaṃ, 8: 8;27 1;tāṃ pulomatanayālakocitaiḥ pārijātakusumaiḥ prasādhayan |;
KumSaṃ, 8: 8;27 2;nandane ciram ayugmalocanaḥ saspṛhaṃ suravadhūbhir īkṣitaḥ ||;
KumSaṃ, 8: 8;28 1;ity abhaumam anubhūya śaṅkaraḥ pārthivaṃ ca dayitāsakhaḥ sukham |;
KumSaṃ, 8: 8;28 2;lohitāyati kadācid ātape gandhamādanagiriṃ vyagāhata ||;
KumSaṃ, 8: 8;29 1;tatra kāñcanaśilātalāśrayo netragamyam avalokya bhāskaram |;
KumSaṃ, 8: 8;29 2;dakṣiṇetarabhujavyapāśrayāṃ vyājahāra sahadharmacāriṇīm ||;
KumSaṃ, 8: 8;30 1;padmakāntim aruṇatribhāgayoḥ saṃkramayya tava netrayor iva |;
KumSaṃ, 8: 8;30 2;saṃkṣaye jagad iva prajeśvaraḥ saṃharaty ahar asāv aharpatiḥ ||;
KumSaṃ, 8: 8;31 1;sīkaravyatikaraṃ marīcibhir dūrayaty avanate vivasvati |;
KumSaṃ, 8: 8;31 2;indracāpapariveṣaśūnyatāṃ nirjharās tava pitur vrajanty amī ||;
KumSaṃ, 8: 8;32 1;daṣṭatāmarasakesarasrajoḥ krandator viparivṛttakaṇṭhayoḥ |;
KumSaṃ, 8: 8;32 2;nighnayoḥ sarasi cakravākayor alpam antaram analpatāṃ gatam ||;
KumSaṃ, 8: 8;33 1;sthānam āhnikam apāsya dantinaḥ sallakīviṭapabhaṅgavāsitam |;
KumSaṃ, 8: 8;33 2;ā vibhātacaraṇāya gṛhṇāte vāri vāriruhabaddhaṣaṭpadam ||;
KumSaṃ, 8: 8;34 1;paśya paścimadigantalambinā nirmitaṃ mitakathe vivasvatā |;
KumSaṃ, 8: 8;34 2;dīrghayā pratimayā saro .mbhasāṃ tāpanīyam iva setubandhanam ||;
KumSaṃ, 8: 8;35 1;uttaranti vinikīrya palvalaṃ gāḍhapaṅktam ativāhitātapāḥ |;
KumSaṃ, 8: 8;35 2;daṃṣṭriṇo vanavarāhayūthapā daṣṭabhaṅgurabisāṅkurā iva ||;
KumSaṃ, 8: 8;36 1;eṣa vṛkṣaśikhare kṛtāspado jātarūparasagauramaṇḍalaḥ |;
KumSaṃ, 8: 8;36 2;hīyamānam ahar atyayātapaṃ pīvaroru pibatīva barhiṇaḥ ||;
KumSaṃ, 8: 8;37 1;pūrvabhāgatimirapravṛttibhir vyaktapaṅkam iva jātam ekataḥ |;
KumSaṃ, 8: 8;37 2;khaṃ hṛtātapajalaṃ vivasvatā bhāti kiṃcid iva śeṣavat saraḥ ||;
KumSaṃ, 8: 8;38 1;āviśadbhir uṭajāṅgaṇaṃ mṛgair mūlasekasarasaiś ca vṛkṣakaiḥ |;
KumSaṃ, 8: 8;38 2;āśramāḥ praviśadagnidhenavo bibhrati śriyam udīritāgnayaḥ ||;
KumSaṃ, 8: 8;39 1;baddhakośam api tiṣṭhati kṣaṇaṃ sāvaśeṣavivaraṃ kuśeśayam |;
KumSaṃ, 8: 8;39 2;ṣaṭpadāya vasatiṃ grahīṣyate prītipūrvam iva dātum antaram ||;
KumSaṃ, 8: 8;40 1;dūramagraparimeyaraśminā vāruṇī dig aruṇena bhānunā |;
KumSaṃ, 8: 8;40 2;bhāti kesaravateva maṇḍitā bandhujīvatilakena kanyakā ||;
KumSaṃ, 8: 8;41 1;sāmabhiḥ sahacarāḥ sahasraśaḥ syandanāśvahṛdayaṅgamasvaraiḥ |;
KumSaṃ, 8: 8;41 2;bhānum agniparikīrṇatejasaṃ saṃstuvanti kiraṇoṣmapāyinaḥ ||;
KumSaṃ, 8: 8;42 1;so .yam ānataśirodharair hayaiḥ karṇacāmaravighaṭṭitekṣaṇaiḥ |;
KumSaṃ, 8: 8;42 2;astam eti yugabhugnakesaraiḥ saṃnidhāya divasaṃ mahodadhau ||;
KumSaṃ, 8: 8;43 1;khaṃ prasuptam iva saṃsthite ravau tejaso mahata īdṛśī gatiḥ |;
KumSaṃ, 8: 8;43 2;tat prakāśayati yāvad udgataṃ mīlanāya khalu tāvataś cyutam ||;
KumSaṃ, 8: 8;44 1;saṃdhyayāpy anugataṃ raver vapur vandyam astaśikhare samarpitam |;
KumSaṃ, 8: 8;44 2;yena pūrvam udaye puraskṛtā nānuyāsyati kathaṃ tam āpadi ||;
KumSaṃ, 8: 8;45 1;raktapītakapiśāḥ payomucāṃ koṭayaḥ kuṭilakeśi bhānty amūḥ |;
KumSaṃ, 8: 8;45 2;drakṣyasi tvam iti saṃdhyayānayā vartikābhir iva sādhumaṇḍitāḥ ||;
KumSaṃ, 8: 8;46 1;siṃhakesarasaṭāsu bhūbhṛtāṃ pallavaprasaviṣu drumeṣu ca |;
KumSaṃ, 8: 8;46 2;paśya dhātuśikhareṣu bhānunā saṃvibhaktam iva sāṃdhyam ātapam ||;
KumSaṃ, 8: 8;47 1;adrirājatanaye tapasvinaḥ pāvanāmbuvihitāñjalikriyāḥ |;
KumSaṃ, 8: 8;47 2;brahma gūḍham abhisaṃdhyam ādṛtāḥ śuddhaye vidhivido gṛṇanty amī ||;
KumSaṃ, 8: 8;48 1;tan muhūrttam anumantum arhasi prastutāya niyamāya mām api |;
KumSaṃ, 8: 8;48 2;tvāṃ vinodanipuṇaḥ sakhījano valguvādini vinodayiṣyati ||;
KumSaṃ, 8: 8;49 1;nirvibhujya daśanacchadaṃ tato vāci bhartur avadhīraṇāparā |;
KumSaṃ, 8: 8;49 2;śailarājatanayā samīpagām ālalāpa vijayām ahetukam ||;
KumSaṃ, 8: 8;50 1;īśvaro .pi divasātyayocitaṃ mantrapūrvam anutasthivān vidhim |;
KumSaṃ, 8: 8;50 2;pārvatīm avacanām asūyayā pratyupetya punar āha sasmitam ||;
KumSaṃ, 8: 8;51 1;muñca kopam animittakopane saṃdhyayā praṇamito .smi nānyayā |;
KumSaṃ, 8: 8;51 2;kiṃ na vetsi sahadharmacāriṇaṃ cakravākasamavṛttim ātmanaḥ ||;
KumSaṃ, 8: 8;52 1;nirmiteṣu pitṛṣu svayaṃbhuvā yā tanuḥ sutanu pūrvam ujjhitā |;
KumSaṃ, 8: 8;52 2;seyam astam udayaṃ ca sevate tena mānini mamātra gauravam ||;
KumSaṃ, 8: 8;53 1;tām imāṃ timiravṛddhipīḍitāṃ śailarājatanaye .dhunā sthitām |;
KumSaṃ, 8: 8;53 2;ekatas taṭatamālamālinīṃ paśya dhāturasanimnagām iva ||;
KumSaṃ, 8: 8;54 1;sāndhyam astamitaśeṣam ātapaṃ raktalekham aparā bibharti dik |;
KumSaṃ, 8: 8;54 2;sāṃparāyavasudhā saśoṇitaṃ maṇḍalāgram iva tiryagujjhitam ||;
KumSaṃ, 8: 8;55 1;yāminīdivasasandhisambhave tejasi vyavahite sumeruṇā |;
KumSaṃ, 8: 8;55 2;etad andhatamasaṃ niraṅkuśaṃ dikṣu dīrghanayane vijṛmbhate ||;
KumSaṃ, 8: 8;56 1;nordhvam īkṣaṇagatir na cāpy adho nābhito na purato na pṛṣṭhataḥ |;
KumSaṃ, 8: 8;56 2;loka eṣa timiraughaveṣṭito garbhavāsa iva vartate niśi ||;
KumSaṃ, 8: 8;57 1;śuddham āvilam avasthitaṃ calaṃ vakram ārjavaguṇānvitaṃ ca yat |;
KumSaṃ, 8: 8;57 2;sarvam eva tamasā samīkṛtaṃ dhiṅ mahattvam asatāṃ hṛtāntaram ||;
KumSaṃ, 8: 8;58 1;nūnam unnamati yajvanāṃ patiḥ śārvarasya tamaso niṣiddhaye |;
KumSaṃ, 8: 8;58 2;puṇḍarīkamukhi pūrvadiṅmukhaṃ kaitakair iva rajobhir āvṛtam ||;
KumSaṃ, 8: 8;59 1;mandarāntaritamūrtinā niśā lakṣyate śaśabhṛtā satārakā |;
KumSaṃ, 8: 8;59 2;tvaṃ mayā priyasakhīsamāgatā śroṣyateva vacanāni pṛṣṭhataḥ ||;
KumSaṃ, 8: 8;60 1;ruddhanirgamanam ā dinakṣayāt pūrvadṛṣṭatanucandrikāsmitam |;
KumSaṃ, 8: 8;60 2;etad udgirati candramaṇḍalaṃ digrahasyam iva rātricoditam ||;
KumSaṃ, 8: 8;61 1;paśya pakvaphalinīphalatviṣā bimbalāñchitaviyatsaro.mbhasā |;
KumSaṃ, 8: 8;61 2;viprakṛṣṭavivaraṃ himāṃśunā cakravākamithunaṃ viḍambyate ||;
KumSaṃ, 8: 8;62 1;śakyam oṣadhipater navodayāḥ karṇapūraracanākṛte tava |;
KumSaṃ, 8: 8;62 2;apragalbhayavasūcikomalāś chettum agranakhasaṃpuṭaiḥ karāḥ ||;
KumSaṃ, 8: 8;63 1;aṅgulībhir iva keśasaṃcayaṃ saṃnigṛhya timiraṃ marīcibhiḥ |;
KumSaṃ, 8: 8;63 2;kuḍmalīkṛtasarojalocanaṃ cumbatīva rajanīmukhaṃ śaśī ||;
KumSaṃ, 8: 8;64 1;paśya pārvati navenduraśmibhiḥ sāmibhinnatimiraṃ nabhastalam |;
KumSaṃ, 8: 8;64 2;lakṣyate dviradabhogadūṣitaṃ samprasīdad iva mānasaṃ saraḥ ||;
KumSaṃ, 8: 8;65 1;raktabhāvam apahāya candramā jāta eṣa pariśuddhamaṇḍalaḥ |;
KumSaṃ, 8: 8;65 2;vikriyā na khalu kāladoṣajā nirmalaprakṛtiṣu sthirodayā ||;
KumSaṃ, 8: 8;66 1;unnateṣu śaśinaḥ prabhā sthitā nimnasaṃśrayaparaṃ niśātamaḥ |;
KumSaṃ, 8: 8;66 2;nūnam ātmasadṛśī prakalpitā vedhaseha guṇadoṣayor gatiḥ ||;
KumSaṃ, 8: 8;67 1;candrapādajanitapravṛttibhiś candrakāntajalabindubhir giriḥ |;
KumSaṃ, 8: 8;67 2;mekhalātaruṣu nidritān amūn bodhayaty asamaye śikhaṇḍinaḥ ||;
KumSaṃ, 8: 8;68 1;kalpavṛkṣaśikhareṣu saṃprati prasphuradbhir iva paśya sundari |;
KumSaṃ, 8: 8;68 2;hārayaṣṭigaṇanām ivāṃśubhiḥ kartum āgatakutūhalaḥ śaśī ||;
KumSaṃ, 8: 8;69 1;unnatāvanatabhāvavattayā candrikā satimirā girer iyam |;
KumSaṃ, 8: 8;69 2;bhaktibhir bahuvidhābhir arpitā bhāti bhūtir iva mattadantinaḥ ||;
KumSaṃ, 8: 8;70 1;etad ucchvasitapītam aindavaṃ voḍhum akṣamam iva prabhārasam |;
KumSaṃ, 8: 8;70 2;muktaṣaṭpadavirāvam añjasā bhidyate kumudam ā nibandhanāt ||;
KumSaṃ, 8: 8;71 1;paśya kalpatarulambi śuddhayā jyotsnayā janitarūpasaṃśayam |;
KumSaṃ, 8: 8;71 2;mārute calati caṇḍi kevalaṃ vyajyate viparivṛttam aṃśukam ||;
KumSaṃ, 8: 8;72 1;śakyam aṅgulibhir uddhṛtair adhaḥ śākhināṃ patitapuṣpapeśalaiḥ |;
KumSaṃ, 8: 8;72 2;patrajarjaraśaśiprabhālavair ebhir utkacayituṃ tavālakān ||;
KumSaṃ, 8: 8;73 1;eṣa cārumukhi yogatārayā yujyate taralabimbayā śaśī |;
KumSaṃ, 8: 8;73 2;sādhvasād upagataprakampayā kanyayeva navadīkṣayā varaḥ ||;
KumSaṃ, 8: 8;74 1;pākabhinnaśarakāṇḍagaurayor ullasatpratikṛtiprasannayoḥ |;
KumSaṃ, 8: 8;74 2;rohatīva tava gaṇḍalekhayoś candrabimbanihitākṣṇi candrikā ||;
KumSaṃ, 8: 8;75 1;lohitārkamaṇibhājanārpitaṃ kalpavṛkṣamadhu bibhratī svayam |;
KumSaṃ, 8: 8;75 2;tvām iyaṃ sthitimatīm upasthitā gandhamādanavanādhidevatā ||;
KumSaṃ, 8: 8;76 1;ārdrakesarasugandhi te mukhaṃ mattaraktanayanaṃ svabhāvataḥ |;
KumSaṃ, 8: 8;76 2;atra labdhavasatir guṇāntaraṃ kiṃ vilāsini madaḥ kariṣyati ||;
KumSaṃ, 8: 8;77 1;mānyabhaktir athavā sakhījanaḥ sevyatām idam anaṅgadīpanam |;
KumSaṃ, 8: 8;77 2;ity udāram abhidhāya śaṅkaras tām apāyayata pānam ambikām ||;
KumSaṃ, 8: 8;78 1;pārvatī tadupayogasambhavāṃ vikriyām api satāṃ manoharām |;
KumSaṃ, 8: 8;78 2;apratarkyavidhiyoganirmitām āmrateva sahakāratāṃ yayau ||;
KumSaṃ, 8: 8;79 1;tatkṣaṇaṃ viparivartitahriyor neṣyatoḥ śayanam iddharāgayoḥ |;
KumSaṃ, 8: 8;79 2;sā babhūva vaśavartinī dvayoḥ śūlinaḥ suvadanā madasya ca ||;
KumSaṃ, 8: 8;80 1;ghūrṇamānanayanaṃ skhalatkathaṃ svedibindumad akāraṇasmitam |;
KumSaṃ, 8: 8;80 2;ānanena na tu tāvad īśvaraś cakṣuṣā ciram umāmukhaṃ papau ||;
KumSaṃ, 8: 8;81 1;tāṃ vilambitapanīyamekhalām udvahañ jaghanabhāradurvahām |;
KumSaṃ, 8: 8;81 2;dhyānasaṃbhṛtavibhūtir īśvaraḥ prāviśan maṇiśilāgṛhaṃ rahaḥ ||;
KumSaṃ, 8: 8;82 1;tatra haṃsadhavalottaracchadaṃ jāhnavīpulinacārudarśanam |;
KumSaṃ, 8: 8;82 2;adhyaśeta śayanaṃ priyāsakhaḥ śāradābhram iva rohiṇīpatiḥ ||;
KumSaṃ, 8: 8;83 1;kliṣṭakeśam avaluptacandanaṃ vyatyayārpitanakhaṃ samatsaram |;
KumSaṃ, 8: 8;83 2;tasya tacchiduramekhalāguṇaṃ pārvatīratam abhūn na tṛptaye ||;
KumSaṃ, 8: 8;84 1;kevalaṃ priyatamādayālunā jyotiṣām avanatāsu paṅktiṣu |;
KumSaṃ, 8: 8;84 2;tena tatparigṛhītavakṣasā netramīlanakutūhalaṃ kṛtam ||;
KumSaṃ, 8: 8;85 1;sa vyabudhyata budhastavocitaḥ śatakumbhakamalākaraiḥ samam |;
KumSaṃ, 8: 8;85 2;mūrcchanāparigṛhītakaiśikaiḥ kinnarair uṣasi gītamaṅgalaḥ ||;
KumSaṃ, 8: 8;86 1;tau kṣaṇaṃ śithilitopagūhanau dampatī calitamānasormayaḥ |;
KumSaṃ, 8: 8;86 2;padmabhedapiśunāḥ siṣevire gandhamādanavanāntamārutāḥ ||;
KumSaṃ, 8: 8;87 1;ūrumūlanakhamārgarājibhis tatkṣaṇaṃ hṛtavilocano haraḥ |;
KumSaṃ, 8: 8;87 2;vāsasaḥ praśithilasya saṃyamaṃ kurvatīṃ priyatamām avārayat ||;
KumSaṃ, 8: 8;88 1;sa prajāgarakaṣāyalocanaṃ gāḍhadantapadatāḍitādharam |;
KumSaṃ, 8: 8;88 2;ākulālakam araṃsta rāgavān prekṣya bhinnatilakaṃ priyāmukham ||;
KumSaṃ, 8: 8;89 1;tena bhaṅgiviṣamottaracchadaṃ madhyapiṇḍitavisūtramekhalam |;
KumSaṃ, 8: 8;89 2;nirmale .pi śayanaṃ niśātyaye nojjhitaṃ caraṇarāgalāñchitam ||;
KumSaṃ, 8: 8;90 1;sa priyāmukharasaṃ divāniśaṃ harṣavṛddhijananaṃ siṣeviṣuḥ |;
KumSaṃ, 8: 8;90 2;darśanapraṇayinām adṛśyatām ājagāma vijayānivedanāt ||;
KumSaṃ, 8: 8;91 1;samadivasaniśīthaṃ saṅginas tatra śambhoḥ śatam agamad ṛtūnāṃ sāgram ekā niśeva |;
KumSaṃ, 8: 8;91 2;na tu suratasukheṣu chinnatṛṣṇo babhūva jvalana iva samudrāntargatas tajjaleṣu ||;
