devanagari,iast,slp1,count,pct,slot1,slot2,slot3,slot4,slot5
त,ta,ta,389843,2.7211,89030,119610,85122,70702,25306
व,va,va,355259,2.4797,91270,105502,76884,59760,21775
म्,m,m,339486,2.3696,111980,104615,61088,45342,16402
स,sa,sa,285415,1.9922,58160,97226,61477,48167,20305
य,ya,ya,277383,1.9361,96095,73021,53982,38699,15528
म,ma,ma,272370,1.9011,49355,90973,64687,48167,19139
अ,a,a,269327,1.8799,116998,72576,42146,25995,11551
न,na,na,269172,1.8788,54948,85570,62272,47217,19101
प,pa,pa,245142,1.7111,62503,71937,54789,40346,15520
र,ra,ra,233447,1.6295,36474,74334,54213,50715,17650
ति,ti,ti,205258,1.4327,86582,41479,37315,27650,12167
च,ca,ca,178343,1.2448,28949,61662,42780,32494,12428
वि,vi,vi,176297,1.2306,33020,56352,42806,32389,11690
वा,vā,vA,162930,1.1373,44887,51448,35107,21944,9525
क,ka,ka,158069,1.1033,19510,43443,42844,39880,12353
द,da,da,138310,0.9654,37467,35534,31624,24829,8830
प्र,pra,pra,132266,0.9232,32865,41408,30628,19867,7460
त्,t,t,131141,0.9154,38730,33979,25208,24451,8750
मा,mā,mA,130821,0.9131,29155,39325,30442,22464,9409
ह,ha,ha,128833,0.8993,34108,40654,25830,20193,8015
ते,te,te,128099,0.8941,35207,39541,26532,18782,8006
ता,tā,tA,126403,0.8823,27256,40120,29236,21654,8114
ना,nā,nA,126198,0.8809,24786,38901,30539,22975,8973
रा,rā,rA,120064,0.838,18853,49910,24584,19746,6960
नि,ni,ni,114122,0.7966,19369,37993,28136,21000,7604
श,śa,Sa,109526,0.7645,20050,36843,24844,20305,7460
न्,n,n,102459,0.7152,29849,43108,16958,8252,4275
ग,ga,ga,101729,0.7101,9997,34888,27346,20455,9019
या,yā,yA,100813,0.7037,25495,29130,22307,17315,6529
इ,i,i,100374,0.7006,45974,23151,15012,11527,4686
ज,ja,ja,99670,0.6957,21084,35283,20090,16812,6385
का,kā,kA,95837,0.6689,11295,27599,25663,23463,7782
ए,e,e,92426,0.6451,45587,20418,12753,9259,4393
र्,r,r,91264,0.637,32305,32382,15597,7241,3725
भ,bha,Ba,89366,0.6238,18058,28637,20793,15171,6691
आ,ā,A,88212,0.6157,40043,22419,12841,8789,4104
द्,d,d,84735,0.5915,35294,25012,13181,7599,3625
ल,la,la,83214,0.5808,5230,23801,24872,21932,7361
स्य,sya,sya,82104,0.5731,21169,26486,17038,12477,4920
पा,pā,pA,81418,0.5683,16003,28794,16953,13766,5892
उ,u,u,80759,0.5637,33124,23512,12407,7351,4353
सं,saṃ,saM,74797,0.5221,13715,25845,17233,12669,5313
सा,sā,sA,72366,0.5051,14831,21449,17473,13961,4635
पु,pu,pu,69288,0.4836,11451,24550,15290,12341,5639
ण,ṇa,Ra,65858,0.4597,13848,18062,16019,12837,5062
दे,de,de,62965,0.4395,18893,14759,14082,10333,4891
दा,dā,dA,62221,0.4343,9107,20166,16241,11873,4815
पि,pi,pi,60844,0.4247,7188,17388,17911,13858,4483
तः,taḥ,taH,59628,0.4162,7528,21242,15255,11603,3996
हा,hā,hA,59516,0.4154,8378,25331,13039,8457,4299
तु,tu,tu,59199,0.4132,9039,17714,14596,12728,5107
ष,ṣa,za,56911,0.3972,15467,14672,12818,10607,3335
दि,di,di,56908,0.3972,12135,13346,13066,13879,4474
रि,ri,ri,56661,0.3955,12480,16220,13858,10232,3853
सु,su,su,56658,0.3955,11437,20152,12546,9342,3168
ध,dha,Da,55391,0.3866,8009,23771,11463,8972,3158
ये,ye,ye,54917,0.3833,13052,10881,11632,14578,4769
रु,ru,ru,51892,0.3622,13349,13886,12235,9335,3075
था,thā,TA,50525,0.3527,7164,18856,12253,8469,3774
त्र,tra,tra,49926,0.3485,8437,15025,11822,10257,4369
वे,ve,ve,49727,0.3471,11970,13785,10363,10018,3580
यो,yo,yo,49053,0.3424,9925,13493,12382,9947,3296
तं,taṃ,taM,48527,0.3387,8072,15371,10281,10664,4112
हि,hi,hi,47684,0.3328,11852,15408,9951,7682,2780
जा,jā,jA,47151,0.3291,12718,14238,8876,8548,2768
कृ,kṛ,kf,46875,0.3272,7828,15163,11387,9010,3481
तो,to,to,46352,0.3235,7677,16489,10614,8363,3201
भि,bhi,Bi,44784,0.3126,13229,14041,9816,5445,2240
मु,mu,mu,44250,0.3089,5529,13027,12357,9463,3866
मे,me,me,43542,0.3039,9917,13053,9488,7957,3120
मि,mi,mi,42373,0.2958,10125,13135,9152,7144,2809
क्ष,kṣa,kza,41841,0.2921,9415,13920,9084,6789,2620
नु,nu,nu,41207,0.2876,11282,13124,8813,5827,2148
कु,ku,ku,40713,0.2842,4322,14498,10223,8478,3183
ब,ba,ba,39708,0.2772,5614,15213,9198,7452,2227
भा,bhā,BA,39699,0.2771,3847,13885,9642,9199,3115
णा,ṇā,RA,39359,0.2747,9469,11428,9228,6652,2572
त्वा,tvā,tvA,39058,0.2726,10793,10594,7452,6662,3547
धा,dhā,DA,38614,0.2695,11157,9573,7557,7501,2813
नं,naṃ,naM,38309,0.2674,6811,12794,8729,6948,3021
र्व,rva,rva,38298,0.2673,6802,12176,9297,7096,2913
यु,yu,yu,37912,0.2646,6744,15563,7929,5446,2230
रे,re,re,37689,0.2631,7658,10115,9047,7536,3328
रो,ro,ro,36798,0.2569,9015,9414,9002,7046,2309
त्य,tya,tya,35552,0.2482,6341,12396,7946,6634,2225
वै,vai,vE,35400,0.2471,16792,8796,5152,3082,1574
सि,si,si,34614,0.2416,9149,9679,7927,5698,2161
स्,s,s,34420,0.2403,12630,7835,8325,3703,1924
प्रा,prā,prA,34200,0.2387,10746,9937,6732,4808,1974
ने,ne,ne,34156,0.2384,6748,9805,8321,6509,2768
न्त,nta,nta,34146,0.2383,8963,9689,7907,5598,1984
चा,cā,cA,33954,0.237,5371,12028,8976,5636,1941
ला,lā,lA,33678,0.2351,2531,8571,10527,9254,2790
थ,tha,Ta,33346,0.2328,9886,8624,7059,5748,2023
स्व,sva,sva,32190,0.2247,8577,8806,6604,6217,1981
शा,śā,SA,32055,0.2237,5673,9966,7952,6212,2243
श्च,śca,Sca,31444,0.2195,961,16235,6930,5514,1801
चि,ci,ci,31412,0.2193,4073,10351,8109,6814,2051
नः,naḥ,naH,31236,0.218,6638,11420,6495,5098,1579
भू,bhū,BU,30609,0.2137,5396,10599,6835,5732,2027
लो,lo,lo,30586,0.2135,5392,9702,6945,6042,2498
यं,yaṃ,yaM,30379,0.212,6174,9817,6493,5716,2167
त्त,tta,tta,30252,0.2112,5622,8414,7483,6153,2574
न्ति,nti,nti,29414,0.2053,9247,8597,5789,3664,2109
वृ,vṛ,vf,29373,0.205,7426,9364,6966,4385,1228
धि,dhi,Di,29367,0.205,5181,10798,6333,4634,2402
ती,tī,tI,29200,0.2038,8972,5946,6201,4889,3187
रं,raṃ,raM,28579,0.1995,3321,9606,6547,6509,2593
स्त,sta,sta,28369,0.198,2431,11322,7261,5531,1821
शि,śi,Si,27682,0.1932,4314,8123,6743,6505,1992
शु,śu,Su,27475,0.1918,5840,7018,6262,6232,2117
स्या,syā,syA,26295,0.1835,7203,6425,6065,5100,1499
वी,vī,vI,26135,0.1824,6933,10426,3890,3763,1122
के,ke,ke,25370,0.1771,4412,7633,6030,5062,2231
नी,nī,nI,25233,0.1761,5005,6595,5994,6035,1601
नां,nāṃ,nAM,25108,0.1753,3449,9883,6393,3776,1604
नो,no,no,25015,0.1746,8091,6770,5271,3650,1229
यः,yaḥ,yaH,24747,0.1727,6022,6914,5520,4481,1806
पू,pū,pU,24721,0.1726,5200,6308,5837,5232,2139
षु,ṣu,zu,24673,0.1722,5279,8168,6531,3282,1410
श्,ś,S,24273,0.1694,6768,6758,6891,2689,1158
र्म,rma,rma,23938,0.1671,2508,10620,5367,3544,1891
गा,gā,gA,23878,0.1667,5900,7187,5214,4062,1514
षा,ṣā,zA,23026,0.1607,6375,5233,5195,4766,1453
णि,ṇi,Ri,22907,0.1599,4097,7607,5934,3855,1407
दु,du,du,22410,0.1564,3319,8536,5032,4268,1241
वं,vaṃ,vaM,21610,0.1508,3971,6813,4879,4292,1650
क्षि,kṣi,kzi,21386,0.1493,5932,5145,3974,4739,1594
गु,gu,gu,21327,0.1489,1039,5750,5961,6629,1940
व्य,vya,vya,20317,0.1418,3210,7130,5405,3565,1001
सो,so,so,20162,0.1407,8507,4215,3434,3053,952
ब्र,bra,bra,20147,0.1406,6082,6732,3826,2351,1156
दृ,dṛ,df,19915,0.139,1308,8495,4959,3837,1308
से,se,se,19729,0.1377,3471,7075,3707,4162,1312
र्य,rya,rya,19681,0.1374,4259,6184,4684,3386,1158
न्य,nya,nya,19676,0.1373,3199,6348,4987,3898,1238
कं,kaṃ,kaM,19097,0.1333,1945,3745,4301,6861,2242
रः,raḥ,raH,19078,0.1332,3332,6173,4717,3610,1242
री,rī,rI,18790,0.1312,2853,5074,4858,4561,1435
ह्म,hma,hma,18673,0.1303,6540,5570,3563,1849,1151
श्व,śva,Sva,18672,0.1303,4249,4861,4786,3091,1685
द्य,dya,dya,18508,0.1292,3648,7068,3660,3087,1036
त्रा,trā,trA,18462,0.1289,4833,5614,4008,2935,1066
लि,li,li,18447,0.1288,1281,4323,5523,5616,1702
स्मा,smā,smA,18292,0.1277,7351,4121,4199,1827,792
हे,he,he,18172,0.1268,4178,4880,3659,4020,1432
ख,kha,Ka,18113,0.1264,1998,5117,4167,4557,2263
लं,laṃ,laM,18089,0.1263,1374,5343,4704,4698,1949
रू,rū,rU,17999,0.1256,3511,4830,4228,4079,1348
ले,le,le,17909,0.125,1272,5202,5129,4442,1859
मृ,mṛ,mf,17775,0.1241,4838,4214,3207,4029,1486
त्व,tva,tva,17424,0.1216,3555,6061,3821,3079,900
मो,mo,mo,17367,0.1212,3259,5823,3983,2960,1339
सू,sū,sU,17052,0.119,4175,3992,3192,4310,1376
दी,dī,dI,16951,0.1183,3437,4743,3857,3602,1310
को,ko,ko,16865,0.1177,1306,4688,4790,4601,1468
व्या,vyā,vyA,16808,0.1173,3582,5494,3906,2866,957
ज्ञा,jñā,jYA,16708,0.1166,1865,6831,4226,2856,925
च्छ,ccha,cCa,16354,0.1142,4156,5631,3264,2451,851
हु,hu,hu,16282,0.1136,5725,5274,2807,1695,777
तां,tāṃ,tAM,16195,0.113,2206,6960,3219,2840,967
त्रि,tri,tri,16156,0.1128,4149,3853,3430,3419,1304
क्र,kra,kra,16050,0.112,3154,5065,3749,3281,798
द्वि,dvi,dvi,15958,0.1114,2683,4447,4146,3274,1404
शो,śo,So,15955,0.1114,1722,5232,4346,3531,1123
शे,śe,Se,15865,0.1107,2454,4198,4583,3355,1265
ष्ट,ṣṭa,zwa,15834,0.1105,3169,4207,4029,3355,1071
गृ,gṛ,gf,15336,0.107,5569,3901,3188,1979,698
मू,mū,mU,15247,0.1064,1303,3301,4464,4871,1306
ताः,tāḥ,tAH,15216,0.1062,2000,6255,4191,1867,903
णं,ṇaṃ,RaM,15209,0.1062,2059,4216,3837,3677,1419
पृ,pṛ,pf,15020,0.1048,5521,4150,2604,2050,689
ष्य,ṣya,zya,15000,0.1047,2778,6119,3407,1796,894
वो,vo,vo,14955,0.1044,5118,4141,3102,1744,849
द्र,dra,dra,14915,0.1041,1875,4099,3611,4080,1247
त्य्,ty,ty,14882,0.1039,10547,703,1787,1090,753
णे,ṇe,Re,14821,0.1035,2875,4890,3378,2683,995
यि,yi,yi,14738,0.1029,2734,5352,3278,2413,958
हो,ho,ho,14524,0.1014,8039,2552,1896,1364,673
त्म,tma,tma,14194,0.0991,1447,6126,3129,2901,587
त्या,tyā,tyA,14046,0.098,3799,3043,2809,3279,1111
हं,haṃ,haM,13896,0.097,1737,5137,3122,2863,1037
वः,vaḥ,vaH,13890,0.097,4425,4123,2836,1839,667
जि,ji,ji,13799,0.0963,3483,4490,2874,2159,793
क्त,kta,kta,13523,0.0944,1217,3313,4110,3876,1003
मः,maḥ,maH,13077,0.0913,3087,4053,3026,2336,571
दं,daṃ,daM,13058,0.0911,2563,4524,2653,2411,903
र्या,ryā,ryA,12956,0.0904,2798,3222,3005,2699,1229
ञ्च,ñca,Yca,12946,0.0904,3766,2736,2554,2710,1177
र्त,rta,rta,12917,0.0902,1743,5428,3094,1984,664
श्य,śya,Sya,12908,0.0901,2107,5433,2696,1744,928
पे,pe,pe,12844,0.0897,2319,3091,2776,3591,1065
मं,maṃ,maM,12822,0.0895,2684,4203,2375,2444,1114
स्तु,stu,stu,12789,0.0893,2312,3908,3562,2199,807
ण्ड,ṇḍa,Rqa,12657,0.0883,554,5829,2937,2428,901
र्वा,rvā,rvA,12624,0.0881,3226,4017,2514,1972,890
बा,bā,bA,12612,0.088,1659,5798,3028,1618,509
न्ते,nte,nte,12329,0.0861,3164,4162,2622,1677,704
सी,sī,sI,12318,0.086,4669,3580,2212,1321,536
ग्र,gra,gra,12265,0.0856,2404,3139,3313,2625,778
भिः,bhiḥ,BiH,12258,0.0856,3561,3973,2549,1601,573
गो,go,go,12204,0.0852,2290,2509,3311,2870,1223
ष्ठ,ṣṭha,zWa,12088,0.0844,3771,3697,2328,1507,784
र्ण,rṇa,rRa,11945,0.0834,1425,3416,2635,3132,1337
द्ध,ddha,dDa,11940,0.0833,1463,3445,2961,3052,1005
स्था,sthā,sTA,11866,0.0828,2400,3355,3099,1957,1055
दो,do,do,11738,0.0819,1600,2678,3453,3118,884
शं,śaṃ,SaM,11597,0.0809,2767,4528,1967,1714,621
फ,pha,Pa,11584,0.0809,496,2910,3482,3643,1051
हृ,hṛ,hf,11513,0.0804,1763,3926,2889,2333,602
ऋ,ṛ,f,11494,0.0802,5847,2942,1637,627,441
न्ध,ndha,nDa,11483,0.0802,1199,2979,2785,3503,1014
ही,hī,hI,11462,0.08,3257,3531,2304,1746,623
न्द,nda,nda,11295,0.0788,2209,3097,2800,2406,782
तृ,tṛ,tf,11280,0.0787,4569,2160,2234,1625,686
ग्नि,gni,gni,11198,0.0782,5946,1754,1523,1378,596
षि,ṣi,zi,11168,0.078,2419,3826,2749,1555,618
स्थि,sthi,sTi,11137,0.0777,700,3673,3508,2351,905
सः,saḥ,saH,11044,0.0771,3827,2741,1854,2117,503
शी,śī,SI,11021,0.0769,1480,3041,3032,2446,1018
चै,cai,cE,10963,0.0765,939,4613,2902,1805,701
स्मि,smi,smi,10930,0.0763,2634,3664,2324,1735,573
प्त,pta,pta,10898,0.0761,2218,2554,2545,2726,854
म्य,mya,mya,10881,0.0759,1027,4755,2736,1556,806
णां,ṇāṃ,RAM,10878,0.0759,1021,4737,2719,1627,771
चे,ce,ce,10848,0.0757,1778,3245,2764,2487,571
कि,ki,ki,10801,0.0754,1181,3405,3141,2325,740
प्य,pya,pya,10757,0.0751,1353,3909,2542,2144,807
ङ्ग,ṅga,Nga,10756,0.0751,638,2288,3722,3071,1037
नै,nai,nE,10754,0.0751,1776,3109,2615,2504,747
न्न,nna,nna,10730,0.0749,1903,3370,2835,2078,542
न्द्र,ndra,ndra,10597,0.074,4351,2814,1563,1216,653
कः,kaḥ,kaH,10494,0.0732,1260,2364,2513,3583,772
णो,ṇo,Ro,10451,0.0729,3303,2902,2213,1523,506
र्ष,rṣa,rza,10448,0.0729,1335,5311,2071,1226,505
ध्य,dhya,Dya,10397,0.0726,2258,3383,2163,1826,766
स्वा,svā,svA,10254,0.0716,4928,1332,1761,1596,636
द्वा,dvā,dvA,10174,0.071,3513,2180,2022,1709,750
थि,thi,Ti,10098,0.0705,3396,3327,1730,1137,505
भ्य,bhya,Bya,10072,0.0703,2932,3619,1961,1125,431
द्या,dyā,dyA,10067,0.0703,2412,1983,2668,2228,775
धु,dhu,Du,9882,0.069,1932,2085,2809,2417,637
जी,jī,jI,9838,0.0687,1847,2766,2016,2612,597
भी,bhī,BI,9818,0.0685,797,6675,1087,999,260
र्वे,rve,rve,9703,0.0677,1978,3966,2049,1029,680
त्स,tsa,tsa,9666,0.0675,2621,1637,2112,2630,665
क्षा,kṣā,kzA,9650,0.0674,2005,2038,2614,2264,727
र्थ,rtha,rTa,9618,0.0671,545,3673,2803,1602,985
णः,ṇaḥ,RaH,9504,0.0663,1953,3686,2145,1372,348
त्रे,tre,tre,9394,0.0656,2731,2158,2005,1740,755
किं,kiṃ,kiM,9361,0.0653,824,3432,2354,2021,726
घ,gha,Ga,9355,0.0653,1530,3350,1880,1874,720
भु,bhu,Bu,9285,0.0648,1794,2549,2450,1877,614
णी,ṇī,RI,9253,0.0646,2674,1965,2037,1949,627
ष्टा,ṣṭā,zwA,9108,0.0636,2347,2559,2267,1418,515
श्र,śra,Sra,9085,0.0634,1736,3016,2303,1496,523
बु,bu,bu,9011,0.0629,462,4106,2143,1572,718
व्र,vra,vra,8826,0.0616,2310,2192,2268,1472,584
मां,māṃ,mAM,8817,0.0615,1241,3455,2022,1677,420
यां,yāṃ,yAM,8772,0.0612,1770,2474,1888,1727,911
तिः,tiḥ,tiH,8769,0.0612,2610,2393,1996,1388,379
सौ,sau,sO,8763,0.0612,1789,2632,2091,1686,561
न्या,nyā,nyA,8638,0.0603,1186,2888,2222,1806,536
षां,ṣāṃ,zAM,8522,0.0595,1356,3223,1970,1300,672
भे,bhe,Be,8456,0.059,1621,2264,1974,1887,709
ट,ṭa,wa,8428,0.0588,252,1333,2441,3440,960
ह्य,hya,hya,8381,0.0585,1327,3167,1868,1450,566
श्रु,śru,Sru,8232,0.0575,827,3830,1869,1174,531
सृ,sṛ,sf,8223,0.0574,3147,1989,1703,1099,285
की,kī,kI,8222,0.0574,621,2628,2207,2030,730
ज्य,jya,jya,8219,0.0574,2338,2465,1699,1173,544
ध्या,dhyā,DyA,8190,0.0572,1574,2083,2241,1499,792
त्वं,tvaṃ,tvaM,8187,0.0571,1228,2978,1729,1657,593
मी,mī,mI,8176,0.0571,2696,1779,1905,1280,515
शू,śū,SU,8109,0.0566,2101,2508,1801,1215,481
ली,lī,lI,8098,0.0565,852,1781,2199,2505,759
त्मा,tmā,tmA,8047,0.0562,1427,3602,1710,1021,285
षे,ṣe,ze,8042,0.0561,2115,2393,1944,1142,448
पो,po,po,8021,0.056,2145,2175,1810,1330,558
र्श,rśa,rSa,8016,0.056,681,3145,1960,1685,543
तै,tai,tE,7993,0.0558,844,2349,2520,1685,594
स्म,sma,sma,7972,0.0556,1210,2712,1547,1843,659
भो,bho,Bo,7965,0.0556,919,2527,2194,1730,590
नृ,nṛ,nf,7923,0.0553,1041,3406,1515,1282,679
स्ति,sti,sti,7886,0.055,1455,2475,2150,1398,405
जे,je,je,7806,0.0545,1669,2544,1492,1487,613
न्म,nma,nma,7796,0.0544,572,2610,1945,2015,654
क्ता,ktā,ktA,7791,0.0544,752,2339,2086,1993,621
स्ते,ste,ste,7730,0.054,908,3183,1893,1217,529
स्ता,stā,stA,7727,0.0539,2271,2357,1658,972,467
ज्ञ,jña,jYa,7680,0.0536,3281,2006,1134,875,383
धी,dhī,DI,7664,0.0535,2438,2045,1533,1296,352
पी,pī,pI,7612,0.0531,1139,1753,2310,1762,648
श्चा,ścā,ScA,7602,0.0531,953,3167,1809,1277,395
ब्रा,brā,brA,7560,0.0528,2382,2853,1287,536,502
क्तं,ktaṃ,ktaM,7485,0.0522,583,1867,2100,2272,661
जु,ju,ju,7467,0.0521,6220,503,352,208,184
र्मा,rmā,rmA,7466,0.0521,820,3549,1721,1037,335
द्व,dva,dva,7434,0.0519,745,1344,1984,2639,722
त्रं,traṃ,traM,7390,0.0516,1924,1995,1443,1517,511
भृ,bhṛ,Bf,7350,0.0513,1554,2614,1475,1251,455
र्ध,rdha,rDa,7220,0.0504,1823,2148,1691,1162,396
द्धि,ddhi,dDi,7165,0.05,627,2728,1677,1644,488
खा,khā,KA,7134,0.0498,1328,2194,1770,1414,424
च्य,cya,cya,7084,0.0494,1326,1710,2052,1410,585
ग्रा,grā,grA,7084,0.0494,1600,2178,1385,1329,590
गे,ge,ge,7078,0.0494,453,2279,1874,1849,623
धे,dhe,De,6980,0.0487,2870,1712,1100,963,335
षो,ṣo,zo,6953,0.0485,2318,1433,1457,1275,469
स्प,spa,spa,6863,0.0479,2614,1669,1261,1002,317
तौ,tau,tO,6846,0.0478,1239,2811,1545,882,369
ञ्ज,ñja,Yja,6785,0.0474,1017,1916,1809,1586,456
क्षे,kṣe,kze,6717,0.0469,1332,1963,1658,1136,625
ख्या,khyā,KyA,6691,0.0467,798,2134,1993,1273,491
र्वं,rvaṃ,rvaM,6567,0.0458,974,2336,1356,1346,555
शः,śaḥ,SaH,6560,0.0458,1294,2672,1377,912,304
ड,ḍa,qa,6470,0.0452,1066,1233,1861,1670,638
ऊ,ū,U,6436,0.0449,3291,997,1033,679,436
ष्ट्वा,ṣṭvā,zwvA,6388,0.0446,428,3130,1263,1125,442
न्न्,nn,nn,6285,0.0439,2984,2148,669,379,105
त्यु,tyu,tyu,6269,0.0438,691,2353,1326,1533,364
श्वा,śvā,SvA,6249,0.0436,2473,1535,1122,848,271
क्षु,kṣu,kzu,6242,0.0436,1342,1765,1585,1126,424
प्रि,pri,pri,6200,0.0433,1207,2238,1265,1238,249
स्र,sra,sra,6174,0.0431,1603,1730,1504,926,411
त्प,tpa,tpa,6104,0.0426,294,1482,2136,1687,500
न्तं,ntaṃ,ntaM,6076,0.0424,1081,2365,1123,1065,440
चो,co,co,6071,0.0424,1207,2169,1419,927,349
र्द,rda,rda,6030,0.0421,435,1479,1310,2237,569
श्चि,ści,Sci,5951,0.0415,868,2272,1409,1002,397
र्ग,rga,rga,5942,0.0415,692,1697,1756,1317,479
ध्व,dhva,Dva,5897,0.0412,2708,1473,886,568,260
च्च,cca,cca,5889,0.0411,274,1988,1628,1595,401
न्ता,ntā,ntA,5845,0.0408,1315,1836,1306,1061,326
दुः,duḥ,duH,5811,0.0406,293,3034,1335,826,317
द्रा,drā,drA,5810,0.0406,965,1189,1528,1618,509
थै,thai,TE,5803,0.0405,1561,2065,1270,656,251
त्ये,tye,tye,5747,0.0401,1361,1689,1327,1090,280
द्धा,ddhā,dDA,5721,0.0399,649,2214,1456,993,404
थो,tho,To,5676,0.0396,2106,1567,1093,666,242
त्ता,ttā,ttA,5651,0.0394,758,1375,1575,1604,338
गि,gi,gi,5612,0.0392,694,1494,1614,1398,412
क्षी,kṣī,kzI,5581,0.039,556,923,1847,1838,417
जो,jo,jo,5541,0.0387,1283,1748,1205,966,339
न्ये,nye,nye,5501,0.0384,672,2250,1258,1030,291
शृ,śṛ,Sf,5492,0.0383,961,1559,1322,1174,474
र्ज,rja,rja,5467,0.0382,1192,1489,1444,1020,321
ष्ठा,ṣṭhā,zWA,5432,0.0379,1911,1117,1276,808,320
र्थं,rthaṃ,rTaM,5425,0.0379,191,2220,1554,800,660
र्ह,rha,rha,5412,0.0378,1454,2205,947,455,351
क्ष्य,kṣya,kzya,5408,0.0377,567,2506,1208,877,249
दै,dai,dE,5400,0.0377,896,1687,1653,905,259
राः,rāḥ,rAH,5366,0.0375,704,2273,1400,676,313
कौ,kau,kO,5356,0.0374,295,2981,991,825,263
ष्ण,ṣṇa,zRa,5340,0.0373,1087,1272,1388,1117,476
पं,paṃ,paM,5335,0.0372,856,1586,1203,1136,553
पः,paḥ,paH,5327,0.0372,1347,1839,1058,801,282
थं,thaṃ,TaM,5311,0.0371,582,2794,1069,626,239
ण्य,ṇya,Rya,5305,0.037,1381,1664,1242,711,306
ष्या,ṣyā,zyA,5292,0.0369,1158,2287,1004,547,294
न्ना,nnā,nnA,5281,0.0369,1227,1578,1108,995,371
र्ति,rti,rti,5241,0.0366,536,1361,1596,1298,447
ष्ठि,ṣṭhi,zWi,5231,0.0365,745,2992,716,444,334
ष्टि,ṣṭi,zwi,5157,0.036,1172,985,1291,1251,456
क्,k,k,5154,0.036,1504,1164,1183,1063,240
लः,laḥ,laH,5142,0.0359,393,2027,1286,1207,228
प्रे,pre,pre,5100,0.0356,1405,1853,1009,559,273
क्ति,kti,kti,5020,0.035,724,771,1208,1796,520
त्यं,tyaṃ,tyaM,5013,0.035,872,1973,1018,769,381
म्ब,mba,mba,4995,0.0349,769,1075,1656,1137,356
त्ति,tti,tti,4973,0.0347,808,1246,1518,1033,366
दः,daḥ,daH,4973,0.0347,1296,1236,1001,1092,348
ङ्गा,ṅgā,NgA,4946,0.0345,705,1310,1414,1075,442
लु,lu,lu,4891,0.0341,512,1333,1088,1294,660
श्रे,śre,Sre,4886,0.0341,580,2511,840,645,310
क्रि,kri,kri,4841,0.0338,765,1201,1514,1051,307
ल्प,lpa,lpa,4816,0.0336,771,1176,1555,1038,276
व्यं,vyaṃ,vyaM,4791,0.0334,631,1440,1067,1244,406
भ्रा,bhrā,BrA,4791,0.0334,1046,2332,685,569,159
घा,ghā,GA,4763,0.0332,1157,1649,1155,632,170
न्व,nva,nva,4743,0.0331,1996,1066,933,580,167
सै,sai,sE,4740,0.0331,471,2124,946,941,258
श्री,śrī,SrI,4738,0.0331,318,745,887,1659,1129
च्,c,c,4732,0.033,1612,817,1154,862,287
जः,jaḥ,jaH,4715,0.0329,730,1619,1077,1005,281
न्तः,ntaḥ,ntaH,4705,0.0328,1152,1411,1221,664,256
याः,yāḥ,yAH,4680,0.0327,1093,1477,1149,665,296
ग्ने,gne,gne,4679,0.0327,3787,223,289,220,160
षं,ṣaṃ,zaM,4677,0.0326,966,1262,1153,975,321
क्रा,krā,krA,4656,0.0325,1156,1177,965,1045,313
जं,jaṃ,jaM,4634,0.0323,541,1495,819,1358,421
च्छा,cchā,cCA,4612,0.0322,816,1572,1018,926,278
यै,yai,yE,4596,0.0321,1597,1155,903,709,232
भ्यां,bhyāṃ,ByAM,4578,0.032,1391,1322,967,617,281
थे,the,Te,4571,0.0319,1305,1630,745,683,207
वाः,vāḥ,vAH,4526,0.0316,1466,1628,934,333,165
भ्यो,bhyo,Byo,4491,0.0313,2298,1061,592,375,165
र्णं,rṇaṃ,rRaM,4491,0.0313,207,1334,650,1746,554
त्रो,tro,tro,4489,0.0313,828,1698,1068,637,257
व्,v,v,4489,0.0313,2533,576,838,410,131
ई,ī,I,4403,0.0307,1569,1113,787,651,283
म्भ,mbha,mBa,4368,0.0305,722,980,1170,1094,402
ज्ञे,jñe,jYe,4367,0.0305,946,1022,1149,962,287
प्रो,pro,pro,4357,0.0304,1074,753,970,1145,415
र्प,rpa,rpa,4355,0.0304,1091,871,959,1005,429
दू,dū,dU,4350,0.0304,734,1011,1299,1071,234
त्त्वा,ttvā,ttvA,4349,0.0304,183,1418,889,1159,699
बि,bi,bi,4333,0.0302,887,1016,1128,1007,295
स्मृ,smṛ,smf,4316,0.0301,87,966,1821,1023,419
न्त्र,ntra,ntra,4309,0.0301,1140,725,817,1075,552
धू,dhū,DU,4306,0.0301,772,865,1272,1051,346
न्तु,ntu,ntu,4290,0.0299,1973,1005,723,427,160
बो,bo,bo,4286,0.0299,259,2054,736,542,676
धृ,dhṛ,Df,4285,0.0299,789,2247,565,521,163
भ्या,bhyā,ByA,4271,0.0298,2180,885,649,360,197
नाः,nāḥ,nAH,4266,0.0298,984,1763,911,426,182
त्रै,trai,trE,4241,0.0296,897,1175,939,798,431
बृ,bṛ,bf,4221,0.0295,2621,722,474,269,135
न्द्रि,ndri,ndri,4202,0.0293,867,1396,985,744,208
षः,ṣaḥ,zaH,4141,0.0289,1330,982,822,688,315
न्ती,ntī,ntI,4105,0.0287,1072,1287,905,651,189
हः,haḥ,haH,4104,0.0286,862,1112,1033,849,247
भ्यः,bhyaḥ,ByaH,4103,0.0286,2521,815,444,242,80
र्णा,rṇā,rRA,4097,0.0286,562,1295,1013,865,362
णु,ṇu,Ru,4094,0.0286,856,1190,945,725,377
भ्र,bhra,Bra,4091,0.0286,325,773,912,1550,531
न्तो,nto,nto,4061,0.0283,993,1595,842,451,179
श्रि,śri,Sri,4055,0.0283,867,1462,824,620,282
न्द्रा,ndrā,ndrA,4055,0.0283,2269,605,587,388,206
र्यं,ryaṃ,ryaM,3997,0.0279,686,1339,921,807,244
द्रु,dru,dru,3996,0.0279,397,1441,677,1221,260
तिं,tiṃ,tiM,3995,0.0279,1241,1182,773,605,193
ष्म,ṣma,zma,3980,0.0278,645,1835,762,559,179
रै,rai,rE,3970,0.0277,263,1842,883,746,236
हू,hū,hU,3961,0.0276,1196,1482,702,332,249
घो,gho,Go,3952,0.0276,447,1944,781,556,224
कै,kai,kE,3949,0.0276,395,1186,1164,872,332
श्चै,ścai,ScE,3944,0.0275,24,2115,1084,546,175
छ,cha,Ca,3934,0.0275,2311,631,476,353,163
घृ,ghṛ,Gf,3932,0.0274,1417,381,1195,698,241
ध्ये,dhye,Dye,3927,0.0274,572,965,891,1073,426
तैः,taiḥ,tEH,3912,0.0273,251,1618,1156,597,290
सां,sāṃ,sAM,3908,0.0273,796,1261,1039,619,192
त्त्व,ttva,ttva,3902,0.0272,33,1583,809,1035,439
त्ते,tte,tte,3888,0.0271,1030,861,887,781,327
मै,mai,mE,3880,0.0271,917,1192,921,572,278
द्यु,dyu,dyu,3869,0.027,860,1449,806,618,136
रौ,rau,rO,3868,0.027,600,1478,884,605,299
क्त्वा,ktvā,ktvA,3868,0.027,267,1609,869,825,298
द्रो,dro,dro,3830,0.0267,395,2220,512,540,163
काः,kāḥ,kAH,3814,0.0266,557,1248,1054,729,224
श्या,śyā,SyA,3751,0.0262,638,1279,948,671,215
योः,yoḥ,yoH,3711,0.0259,742,995,903,821,249
यौ,yau,yO,3702,0.0258,340,1368,753,1099,142
ष्टं,ṣṭaṃ,zwaM,3699,0.0258,619,1087,948,756,288
स्त्र,stra,stra,3682,0.0257,136,1645,901,715,284
न्वि,nvi,nvi,3664,0.0256,187,1177,1064,924,312
प्ता,ptā,ptA,3650,0.0255,431,1211,855,869,284
र्क,rka,rka,3645,0.0254,331,685,992,1024,613
श्रा,śrā,SrA,3643,0.0254,846,960,917,572,344
टि,ṭi,wi,3637,0.0254,30,554,1053,1428,572
स्ना,snā,snA,3631,0.0253,477,591,1136,504,923
दौ,dau,dO,3620,0.0253,237,1023,1099,953,308
स्यै,syai,syE,3614,0.0252,1728,620,587,491,187
र्भ,rbha,rBa,3608,0.0252,716,631,994,968,298
ज्व,jva,jva,3593,0.0251,132,1185,1141,894,241
कू,kū,kU,3576,0.025,457,850,1072,804,392
ची,cī,cI,3570,0.0249,1693,674,552,489,162
नू,nū,nU,3560,0.0248,1752,883,453,333,139
गं,gaṃ,gaM,3559,0.0248,266,887,758,1275,373
त्री,trī,trI,3544,0.0247,1710,538,621,459,216
निः,niḥ,niH,3520,0.0246,469,1220,880,759,192
स्मै,smai,smE,3519,0.0246,2002,621,432,381,83
र्यो,ryo,ryo,3479,0.0243,566,1890,497,433,93
तुः,tuḥ,tuH,3470,0.0242,877,1119,575,698,201
क्रो,kro,kro,3462,0.0242,177,1897,800,430,158
स्रा,srā,srA,3445,0.024,555,1160,1054,388,287
क्तो,kto,kto,3438,0.024,221,1167,835,907,308
प्री,prī,prI,3437,0.024,552,1593,761,368,162
णै,ṇai,RE,3413,0.0238,570,1329,779,559,174
द्धं,ddhaṃ,dDaM,3411,0.0238,199,1156,916,804,336
माः,māḥ,mAH,3388,0.0236,794,1288,858,298,150
चू,cū,cU,3388,0.0236,59,306,753,1897,373
तू,tū,tU,3386,0.0236,1180,1032,609,404,159
स्तो,sto,sto,3375,0.0236,2183,334,334,304,220
क्य,kya,kya,3359,0.0234,85,1556,872,628,216
रैः,raiḥ,rEH,3358,0.0234,150,1733,728,551,196
श्वे,śve,Sve,3344,0.0233,1284,577,536,742,205
खि,khi,Ki,3328,0.0232,267,884,959,941,276
स्ये,sye,sye,3304,0.0231,984,1019,621,503,176
ओ,o,o,3304,0.0231,2517,270,272,152,92
स्थ,stha,sTa,3303,0.0231,869,775,837,612,210
पौ,pau,pO,3299,0.023,737,1231,784,357,190
मौ,mau,mO,3280,0.0229,500,1259,738,577,206
त्वे,tve,tve,3277,0.0229,1015,535,607,925,193
खे,khe,Ke,3272,0.0228,390,847,805,914,316
ष्टो,ṣṭo,zwo,3245,0.0227,722,921,646,635,321
च्छे,cche,cCe,3241,0.0226,816,1001,723,373,327
स्वे,sve,sve,3236,0.0226,684,682,822,750,298
ङ्गु,ṅgu,Ngu,3232,0.0226,488,365,1002,933,444
न्नि,nni,nni,3230,0.0225,134,1019,869,937,271
ष्प,ṣpa,zpa,3224,0.0225,569,926,786,700,243
र्ता,rtā,rtA,3223,0.0225,427,1328,742,532,194
ल्य,lya,lya,3210,0.0224,241,1057,937,759,216
त्तं,ttaṃ,ttaM,3199,0.0223,337,1213,863,562,221
ग्,g,g,3188,0.0223,1495,861,480,256,96
वां,vāṃ,vAM,3182,0.0222,941,991,678,335,237
र्च,rca,rca,3164,0.0221,1325,475,617,426,321
ङ्क,ṅka,Nka,3158,0.022,166,527,869,1135,458
शै,śai,SE,3155,0.022,151,1163,1054,575,212
नौ,nau,nO,3137,0.0219,916,1149,606,349,117
ष्व,ṣva,zva,3112,0.0217,476,1350,718,426,142
र्थे,rthe,rTe,3111,0.0217,245,1207,669,382,607
खं,khaṃ,KaM,3107,0.0217,237,1283,731,626,229
धो,dho,Do,3093,0.0216,598,741,702,763,289
म्प,mpa,mpa,3075,0.0215,475,1181,678,539,201
बी,bī,bI,3071,0.0214,111,507,537,1501,413
द्वे,dve,dve,3061,0.0214,1068,611,799,410,173
यू,yū,yU,3056,0.0213,1058,762,667,409,160
गौ,gau,gO,3055,0.0213,643,818,807,552,231
ञ्चा,ñcā,YcA,3044,0.0212,535,1240,454,609,204
त्क,tka,tka,3039,0.0212,219,689,784,1082,265
षी,ṣī,zI,3011,0.021,988,930,542,390,161
ह्य्,hy,hy,3006,0.021,1576,412,481,363,174
ब्रू,brū,brU,3002,0.021,1391,879,328,332,72
क्व,kva,kva,2976,0.0208,442,751,867,762,154
ल्या,lyā,lyA,2968,0.0207,390,984,767,654,171
डा,ḍā,qA,2962,0.0207,1202,437,602,508,212
स्त्रि,stri,stri,2941,0.0205,255,1177,777,573,158
कां,kāṃ,kAM,2937,0.0205,268,749,715,887,318
र्वि,rvi,rvi,2936,0.0205,222,620,965,905,224
स्क,ska,ska,2930,0.0205,568,986,776,394,206
धः,dhaḥ,DaH,2927,0.0204,577,614,725,751,260
स्त्री,strī,strI,2919,0.0204,254,959,858,677,171
रां,rāṃ,rAM,2892,0.0202,330,1177,721,453,211
क्षो,kṣo,kzo,2890,0.0202,558,845,711,604,171
र्था,rthā,rTA,2873,0.0201,147,1247,741,429,309
क्रु,kru,kru,2858,0.0199,159,2153,314,199,33
द्धो,ddho,dDo,2855,0.0199,375,1316,481,455,227
ष्णा,ṣṇā,zRA,2837,0.0198,466,631,726,812,202
युः,yuḥ,yuH,2828,0.0197,1222,734,406,334,132
र्थि,rthi,rTi,2827,0.0197,182,1461,690,390,104
णाः,ṇāḥ,RAH,2822,0.0197,553,1099,670,355,144
गी,gī,gI,2815,0.0196,434,769,769,567,276
न्नं,nnaṃ,nnaM,2815,0.0196,772,749,745,394,155
है,hai,hE,2813,0.0196,1494,538,422,264,95
न्यो,nyo,nyo,2810,0.0196,576,1095,578,451,110
ज्यो,jyo,jyo,2804,0.0196,1545,314,521,303,121
ह्मा,hmā,hmA,2795,0.0195,805,521,827,365,277
न्य्,ny,ny,2792,0.0195,1682,393,431,172,113
स्वि,svi,svi,2786,0.0194,706,1212,496,265,107
द्धे,ddhe,dDe,2777,0.0194,207,1309,662,440,159
जाः,jāḥ,jAH,2760,0.0193,697,988,741,234,100
ढ,ḍha,Qa,2752,0.0192,195,858,763,753,183
क्तः,ktaḥ,ktaH,2740,0.0191,210,1017,719,583,211
र्ये,rye,rye,2736,0.0191,770,819,564,401,182
क्ते,kte,kte,2730,0.0191,375,725,813,590,227
स्पृ,spṛ,spf,2727,0.019,972,697,524,368,165
च्छि,cchi,cCi,2723,0.019,691,490,756,581,205
ष्टु,ṣṭu,zwu,2708,0.0189,1810,384,287,125,102
क्ष्या,kṣyā,kzyA,2687,0.0188,208,1053,757,492,177
ग्न,gna,gna,2662,0.0186,1699,359,304,178,122
र्जि,rji,rji,2659,0.0186,59,808,746,728,317
ष्क,ṣka,zka,2657,0.0185,345,814,784,556,158
ह्व,hva,hva,2655,0.0185,1029,566,450,489,121
द्भ,dbha,dBa,2648,0.0185,53,317,895,1086,296
ज्या,jyā,jyA,2625,0.0183,1039,638,514,305,128
त्न,tna,tna,2611,0.0182,312,631,752,615,298
तुं,tuṃ,tuM,2594,0.0181,249,1273,545,423,101
स्यो,syo,syo,2569,0.0179,949,524,556,391,148
र्दि,rdi,rdi,2558,0.0179,122,671,654,897,213
ण्डे,ṇḍe,Rqe,2550,0.0178,105,373,313,756,1003
र्हि,rhi,rhi,2518,0.0176,1183,549,377,310,99
न्वा,nvā,nvA,2511,0.0175,1579,484,228,126,93
ष्णु,ṣṇu,zRu,2509,0.0175,532,399,809,445,324
ऐ,ai,E,2509,0.0175,1477,416,293,209,114
श्रो,śro,Sro,2505,0.0175,808,785,572,212,127
म्बु,mbu,mbu,2500,0.0175,5,457,1052,806,180
ष्ठे,ṣṭhe,zWe,2499,0.0174,823,599,560,340,177
गः,gaḥ,gaH,2498,0.0174,317,786,662,536,195
र्थः,rthaḥ,rTaH,2496,0.0174,69,418,613,909,485
ज्ज,jja,jja,2474,0.0173,237,768,589,681,199
ण्डु,ṇḍu,Rqu,2474,0.0173,170,885,591,652,176
धं,dhaṃ,DaM,2460,0.0172,243,888,545,574,209
चः,caḥ,caH,2450,0.0171,577,1172,322,302,77
न्धा,ndhā,nDA,2442,0.017,222,777,608,629,206
ण्या,ṇyā,RyA,2421,0.0169,642,649,593,363,173
प्य्,py,py,2391,0.0167,429,489,809,523,139
त्व्,tv,tv,2377,0.0166,918,402,632,316,109
ल्ल,lla,lla,2375,0.0166,43,309,885,889,249
क्षं,kṣaṃ,kzaM,2373,0.0166,592,717,562,352,150
ज्ञो,jño,jYo,2373,0.0166,747,870,372,294,89
स्ती,stī,stI,2366,0.0165,539,760,515,369,183
स्यां,syāṃ,syAM,2358,0.0165,712,513,502,359,271
हुः,huḥ,huH,2355,0.0164,887,706,327,358,77
टा,ṭā,wA,2346,0.0164,96,492,659,870,229
विं,viṃ,viM,2331,0.0163,771,440,398,500,222
र्जु,rju,rju,2322,0.0162,86,1714,202,290,30
टु,ṭu,wu,2316,0.0162,20,230,792,1011,263
श्म,śma,Sma,2315,0.0162,498,627,615,456,119
ज्ये,jye,jye,2298,0.016,740,780,445,253,80
यी,yī,yI,2294,0.016,812,446,494,412,130
न्मा,nmā,nmA,2284,0.0159,153,497,732,702,200
र्षि,rṣi,rzi,2283,0.0159,232,1240,458,271,82
ण्डि,ṇḍi,Rqi,2274,0.0159,192,717,587,624,154
ञ्,ñ,Y,2274,0.0159,381,1571,236,69,17
र्षा,rṣā,rzA,2268,0.0158,355,735,634,454,90
र्णे,rṇe,rRe,2263,0.0158,207,598,475,722,261
डि,ḍi,qi,2257,0.0158,121,826,709,413,186
थु,thu,Tu,2250,0.0157,833,324,677,332,84
क्ष्म,kṣma,kzma,2236,0.0156,100,1318,317,408,93
स्ने,sne,sne,2220,0.0155,43,645,980,479,73
नैः,naiḥ,nEH,2204,0.0154,69,714,747,494,180
न्दि,ndi,ndi,2202,0.0154,276,554,690,491,191
त्पा,tpā,tpA,2199,0.0153,81,567,756,563,229
ष्व्,ṣv,zv,2188,0.0153,1143,269,484,196,94
र्मि,rmi,rmi,2185,0.0153,245,857,615,311,157
ष्टे,ṣṭe,zwe,2177,0.0152,457,562,671,369,118
सिं,siṃ,siM,2171,0.0152,159,1035,518,334,122
टे,ṭe,we,2165,0.0151,182,177,294,1169,343
स्त्व,stva,stva,2164,0.0151,50,1191,479,363,81
ज्ञः,jñaḥ,jYaH,2164,0.0151,703,861,309,238,53
न्त्य,ntya,ntya,2154,0.015,106,815,552,340,340
भौ,bhau,BO,2151,0.015,279,1011,488,304,69
त्प्र,tpra,tpra,2139,0.0149,127,394,703,727,188
ह्णा,hṇā,hRA,2118,0.0148,1617,207,141,105,48
व्यो,vyo,vyo,2109,0.0147,465,423,531,558,132
र्मे,rme,rme,2109,0.0147,178,1097,422,311,100
प्तं,ptaṃ,ptaM,2106,0.0147,113,795,427,571,200
लाः,lāḥ,lAH,2105,0.0147,105,941,606,342,111
द्ग,dga,dga,2098,0.0146,62,601,654,603,178
न्यं,nyaṃ,nyaM,2091,0.0146,211,1000,382,381,117
ध्रु,dhru,Dru,2090,0.0146,759,525,356,322,128
ग्नी,gnī,gnI,2086,0.0146,1733,84,94,86,89
त्था,tthā,tTA,2082,0.0145,441,701,440,362,138
कैः,kaiḥ,kEH,2076,0.0145,53,528,711,579,205
चं,caṃ,caM,2074,0.0145,920,425,277,326,126
ष्ठं,ṣṭhaṃ,zWaM,2072,0.0145,389,688,427,409,159
प्नो,pno,pno,2043,0.0143,592,556,413,240,242
ष्मा,ṣmā,zmA,2042,0.0143,434,563,604,335,105
ज्यं,jyaṃ,jyaM,2034,0.0142,491,748,353,323,119
भं,bhaṃ,BaM,2025,0.0141,346,590,385,527,175
ङ्गं,ṅgaṃ,NgaM,2019,0.0141,94,374,543,666,342
त्सु,tsu,tsu,2017,0.0141,371,598,462,489,97
ग्रे,gre,gre,2005,0.014,929,342,286,293,155
लै,lai,lE,2004,0.014,63,601,626,567,147
स्त्रा,strā,strA,1998,0.0139,113,931,474,330,148
प्या,pyā,pyA,1992,0.0139,686,372,428,372,133
शां,śāṃ,SAM,1980,0.0138,169,1051,213,407,140
पै,pai,pE,1979,0.0138,435,617,551,255,121
क्यं,kyaṃ,kyaM,1973,0.0138,41,1222,367,200,142
द्भि,dbhi,dBi,1968,0.0137,455,668,539,218,88
स्तं,staṃ,staM,1966,0.0137,172,731,472,455,136
पुं,puṃ,puM,1951,0.0136,178,682,461,490,139
ज्र,jra,jra,1948,0.0136,351,453,167,854,123
ष्टः,ṣṭaḥ,zwaH,1938,0.0135,215,661,512,444,105
त्यो,tyo,tyo,1929,0.0135,864,479,310,199,77
न्द्रो,ndro,ndro,1919,0.0134,1040,363,233,214,69
णैः,ṇaiḥ,REH,1916,0.0134,79,837,536,316,148
ह्या,hyā,hyA,1908,0.0133,361,635,503,268,140
श्वि,śvi,Svi,1901,0.0133,1315,205,180,121,80
थः,thaḥ,TaH,1898,0.0132,488,881,292,197,40
क्री,krī,krI,1891,0.0132,408,442,589,291,161
र्यु,ryu,ryu,1890,0.0132,877,330,348,216,119
ग्री,grī,grI,1886,0.0132,333,1004,285,208,56
पां,pāṃ,pAM,1873,0.0131,946,395,319,128,85
ब्रु,bru,bru,1872,0.0131,631,834,190,174,43
ङ्गि,ṅgi,Ngi,1867,0.013,806,359,380,257,65
र्धा,rdhā,rDA,1859,0.013,837,295,408,217,102
द्म,dma,dma,1841,0.0129,210,413,640,425,153
त्सा,tsā,tsA,1839,0.0128,309,482,482,469,97
न्दु,ndu,ndu,1834,0.0128,211,315,485,656,167
द्यो,dyo,dyo,1833,0.0128,299,399,519,489,127
न्दा,ndā,ndA,1827,0.0128,233,397,485,542,170
क्रे,kre,kre,1818,0.0127,236,628,459,387,108
ङ्गे,ṅge,Nge,1818,0.0127,208,516,487,402,205
शौ,śau,SO,1816,0.0127,249,561,553,340,113
म्या,myā,myA,1811,0.0126,624,414,421,273,79
हिं,hiṃ,hiM,1803,0.0126,811,488,266,157,81
स्का,skā,skA,1802,0.0126,212,407,379,354,450
छि,chi,Ci,1793,0.0125,363,657,320,336,117
र्ध्व,rdhva,rDva,1787,0.0125,467,278,426,378,238
म्प्र,mpra,mpra,1780,0.0124,150,825,433,248,124
र्तु,rtu,rtu,1774,0.0124,135,823,410,301,104
त्रः,traḥ,traH,1769,0.0123,546,603,366,161,93
र्पि,rpi,rpi,1761,0.0123,190,383,776,327,85
र्मु,rmu,rmu,1758,0.0123,63,596,445,496,156
ण्डा,ṇḍā,RqA,1752,0.0122,221,364,509,520,138
म्ना,mnā,mnA,1744,0.0122,491,280,374,448,151
वैः,vaiḥ,vEH,1733,0.0121,134,592,380,507,119
घ्न,ghna,Gna,1731,0.0121,450,631,307,272,71
त्यै,tyai,tyE,1720,0.012,1206,164,166,126,58
च्चा,ccā,ccA,1718,0.012,96,658,485,307,171
स्नि,sni,sni,1712,0.0119,25,293,712,572,110
लां,lāṃ,lAM,1704,0.0119,154,564,433,399,153
चु,cu,cu,1699,0.0119,190,516,442,384,167
लौ,lau,lO,1689,0.0118,149,420,513,412,195
ष्ट्र,ṣṭra,zwra,1687,0.0118,421,956,170,116,24
खो,kho,Ko,1685,0.0118,73,458,424,598,132
धौ,dhau,DO,1684,0.0118,123,582,417,333,228
औ,au,O,1678,0.0117,649,297,341,206,183
र्भा,rbhā,rBA,1676,0.0117,314,304,509,450,99
बे,be,be,1661,0.0116,111,257,781,414,98
ण्यं,ṇyaṃ,RyaM,1632,0.0114,361,512,349,159,251
स्कृ,skṛ,skf,1630,0.0114,204,691,390,233,111
र्णि,rṇi,rRi,1624,0.0113,139,354,507,519,104
भै,bhai,BE,1615,0.0113,110,500,353,520,132
भः,bhaḥ,BaH,1599,0.0112,214,595,334,365,90
ग्निं,gniṃ,gniM,1599,0.0112,1012,176,150,161,100
द्ये,dye,dye,1599,0.0112,509,364,389,256,81
ऊं,ūṃ,UM,1595,0.0111,540,19,114,782,140
र्वो,rvo,rvo,1588,0.0111,272,320,414,394,187
त्वां,tvāṃ,tvAM,1588,0.0111,136,984,265,150,53
न्ने,nne,nne,1588,0.0111,477,311,448,249,103
त्तो,tto,tto,1571,0.011,117,629,423,335,67
द्ध्वा,ddhvā,dDvA,1565,0.0109,49,415,174,821,106
ग्निः,gniḥ,gniH,1560,0.0109,1262,112,100,47,39
द्रं,draṃ,draM,1559,0.0109,290,553,362,221,133
द्रे,dre,dre,1559,0.0109,323,482,394,211,149
न्त्य्,nty,nty,1559,0.0109,1017,130,212,134,66
पाः,pāḥ,pAH,1552,0.0108,295,756,275,162,64
प्नु,pnu,pnu,1551,0.0108,157,648,358,237,149
र्धं,rdhaṃ,rDaM,1549,0.0108,157,476,441,346,129
ष्ये,ṣye,zye,1549,0.0108,375,718,238,136,82
ग्ध,gdha,gDa,1547,0.0108,93,290,569,481,114
गाः,gāḥ,gAH,1546,0.0108,182,647,402,233,82
न्त्रे,ntre,ntre,1542,0.0108,116,110,181,811,324
वीं,vīṃ,vIM,1540,0.0107,528,484,224,223,81
ष्णो,ṣṇo,zRo,1535,0.0107,428,265,502,229,111
द्धः,ddhaḥ,dDaH,1534,0.0107,145,704,277,300,108
टी,ṭī,wI,1526,0.0107,21,342,290,588,285
ल्यं,lyaṃ,lyaM,1524,0.0106,39,334,323,693,135
ख्य,khya,Kya,1522,0.0106,215,258,354,512,182
क्त्या,ktyā,ktyA,1521,0.0106,34,278,411,450,347
त्त्वं,ttvaṃ,ttvaM,1517,0.0106,9,396,265,694,153
भ्यु,bhyu,Byu,1515,0.0106,537,410,339,175,53
क्षः,kṣaḥ,kzaH,1508,0.0105,356,405,365,298,84
घु,ghu,Gu,1506,0.0105,66,427,348,526,139
प्स,psa,psa,1500,0.0105,373,632,293,122,80
टं,ṭaṃ,waM,1500,0.0105,44,175,220,868,193
नीं,nīṃ,nIM,1496,0.0104,97,545,425,337,91
श्ले,śle,Sle,1488,0.0104,50,285,612,431,110
व्ये,vye,vye,1484,0.0104,440,375,347,230,89
न्यु,nyu,nyu,1474,0.0103,290,641,290,193,60
द्वी,dvī,dvI,1473,0.0103,76,349,667,301,80
र्गा,rgā,rgA,1470,0.0103,220,434,376,341,98
णौ,ṇau,RO,1462,0.0102,311,624,291,164,72
ख्ये,khye,Kye,1462,0.0102,113,703,186,382,78
श्ये,śye,Sye,1460,0.0102,420,499,280,172,88
स्याः,syāḥ,syAH,1451,0.0101,359,303,354,324,111
त्कृ,tkṛ,tkf,1446,0.0101,48,610,368,312,108
त्का,tkā,tkA,1443,0.0101,87,309,391,529,126
तॄ,tṝ,tF,1443,0.0101,394,531,259,148,111
लैः,laiḥ,lEH,1439,0.01,75,340,511,368,145
ज्,j,j,1437,0.01,738,175,232,197,95
र्गे,rge,rge,1433,0.01,201,420,342,339,131
श्रू,śrū,SrU,1431,0.01,100,699,376,180,76
न्दे,nde,nde,1424,0.0099,234,224,276,288,402
र्घ,rgha,rGa,1423,0.0099,198,488,297,369,71
न्धु,ndhu,nDu,1422,0.0099,293,422,366,286,55
तीं,tīṃ,tIM,1416,0.0099,363,492,295,207,59
स्रु,sru,sru,1412,0.0099,974,112,219,64,43
ह्नि,hni,hni,1409,0.0098,91,153,311,605,249
ट्,ṭ,w,1408,0.0098,443,350,239,284,92
ह्ये,hye,hye,1407,0.0098,323,553,265,192,74
र्षे,rṣe,rze,1402,0.0098,222,719,237,160,64
तेः,teḥ,teH,1399,0.0098,260,389,357,342,51
थ्य,thya,Tya,1395,0.0097,210,301,344,445,95
र्मो,rmo,rmo,1392,0.0097,105,686,320,197,83
दाः,dāḥ,dAH,1392,0.0097,348,502,305,168,69
त्रु,tru,tru,1384,0.0097,70,837,220,179,77
प्ते,pte,pte,1376,0.0096,191,398,383,269,135
त्नी,tnī,tnI,1376,0.0096,753,207,247,103,66
र्वी,rvī,rvI,1375,0.0096,410,245,396,225,99
त्पु,tpu,tpu,1371,0.0096,116,136,340,615,163
र्णो,rṇo,rRo,1370,0.0096,169,559,269,286,87
ब्द,bda,bda,1362,0.0095,41,307,506,409,99
छा,chā,CA,1361,0.0095,283,321,290,394,72
स्रो,sro,sro,1355,0.0095,377,284,438,202,54
त्थ,ttha,tTa,1355,0.0095,208,269,316,467,95
दां,dāṃ,dAM,1355,0.0095,118,589,263,262,123
ज्ञं,jñaṃ,jYaM,1353,0.0094,748,325,144,103,33
भुः,bhuḥ,BuH,1345,0.0094,34,531,512,222,46
र्यः,ryaḥ,ryaH,1334,0.0093,457,378,236,190,73
क्षौ,kṣau,kzO,1327,0.0093,121,334,537,267,68
प्ल,pla,pla,1320,0.0092,297,565,254,140,64
म्र,mra,mra,1319,0.0092,68,135,301,639,176
वौ,vau,vO,1318,0.0092,213,544,315,166,80
ङ्का,ṅkā,NkA,1316,0.0092,151,365,365,349,86
घ्र,ghra,Gra,1315,0.0092,118,748,209,185,55
क्वा,kvā,kvA,1314,0.0092,85,103,500,533,93
खी,khī,KI,1307,0.0091,114,320,385,383,105
प्तो,pto,pto,1306,0.0091,119,576,259,243,107
र्गं,rgaṃ,rgaM,1306,0.0091,457,417,230,138,63
न्दो,ndo,ndo,1305,0.0091,589,181,247,219,69
त्स्य,tsya,tsya,1305,0.0091,90,677,297,178,63
ष्पा,ṣpā,zpA,1298,0.0091,157,316,340,378,107
साः,sāḥ,sAH,1295,0.009,330,508,285,123,49
म्ल,mla,mla,1295,0.009,9,110,357,702,117
ह्वा,hvā,hvA,1291,0.009,348,227,324,308,84
द्धृ,ddhṛ,dDf,1291,0.009,235,234,262,463,97
स्रं,sraṃ,sraM,1277,0.0089,313,317,370,157,120
ण्डी,ṇḍī,RqI,1276,0.0089,32,513,164,463,104
स्य्,sy,sy,1272,0.0089,989,103,94,59,27
ष्णं,ṣṇaṃ,zRaM,1270,0.0089,129,220,358,408,155
च्यु,cyu,cyu,1264,0.0088,236,459,287,222,60
ग्य,gya,gya,1262,0.0088,166,191,414,389,102
त्ना,tnā,tnA,1262,0.0088,284,341,257,294,86
ज्ञि,jñi,jYi,1259,0.0088,507,251,286,128,87
गै,gai,gE,1257,0.0088,20,399,266,472,100
थाः,thāḥ,TAH,1254,0.0088,143,796,153,133,29
त्तु,ttu,ttu,1252,0.0087,90,120,384,487,171
ब्ध,bdha,bDa,1250,0.0087,104,407,381,310,46
प्त्वा,ptvā,ptvA,1250,0.0087,164,80,107,747,152
वु,vu,vu,1249,0.0087,113,657,318,128,33
धै,dhai,DE,1248,0.0087,78,579,331,191,69
ष्टौ,ṣṭau,zwO,1246,0.0087,306,294,318,243,85
जां,jāṃ,jAM,1246,0.0087,374,275,235,260,102
ष्ठो,ṣṭho,zWo,1240,0.0087,311,470,245,139,75
स्त्रे,stre,stre,1236,0.0086,30,419,278,403,106
ठ,ṭha,Wa,1234,0.0086,86,224,354,399,168
स्थे,sthe,sTe,1229,0.0086,436,302,251,181,59
स्फु,sphu,sPu,1227,0.0086,60,153,399,514,101
ध्यं,dhyaṃ,DyaM,1227,0.0086,479,244,245,189,70
स्त्य,stya,stya,1226,0.0086,164,544,251,181,86
त्वि,tvi,tvi,1224,0.0085,566,308,197,110,43
द्रौ,drau,drO,1215,0.0085,20,995,52,140,8
त्सृ,tsṛ,tsf,1211,0.0085,277,557,224,102,51
रिं,riṃ,riM,1210,0.0084,200,590,211,134,75
न्धि,ndhi,nDi,1204,0.0084,125,267,331,405,76
ङ्ख,ṅkha,NKa,1202,0.0084,93,302,341,340,126
र्भि,rbhi,rBi,1191,0.0083,260,380,229,231,91
र्मं,rmaṃ,rmaM,1191,0.0083,63,708,196,82,142
न्मु,nmu,nmu,1182,0.0083,47,301,299,443,92
ण्व,ṇva,Rva,1181,0.0082,601,247,150,115,67
ङ्,ṅ,N,1181,0.0082,843,158,95,59,26
न्द्रः,ndraḥ,ndraH,1180,0.0082,746,197,111,91,35
द्भु,dbhu,dBu,1179,0.0082,108,604,191,205,71
र्ध्वं,rdhvaṃ,rDvaM,1178,0.0082,258,176,388,241,115
फा,phā,PA,1164,0.0081,144,124,438,375,83
द्दि,ddi,ddi,1164,0.0081,71,268,261,414,150
र्थो,rtho,rTo,1159,0.0081,24,541,322,216,55
प्ये,pye,pye,1157,0.0081,198,352,281,257,67
टो,ṭo,wo,1155,0.0081,23,330,340,374,88
त्रिं,triṃ,triM,1147,0.008,235,283,262,255,112
र्ब,rba,rba,1142,0.008,22,381,375,307,56
नुः,nuḥ,nuH,1140,0.008,198,451,265,173,52
क्ले,kle,kle,1139,0.008,23,422,443,187,62
ध्मा,dhmā,DmA,1139,0.008,85,59,244,599,152
न्त्रि,ntri,ntri,1131,0.0079,40,428,234,351,78
द्यं,dyaṃ,dyaM,1128,0.0079,226,174,352,297,79
स्थं,sthaṃ,sTaM,1126,0.0079,57,355,305,328,81
ण्य्,ṇy,Ry,1126,0.0079,660,172,168,75,51
स्मिं,smiṃ,smiM,1126,0.0079,279,385,213,126,123
र्ते,rte,rte,1125,0.0079,239,360,275,185,66
च्चि,cci,cci,1124,0.0078,44,724,150,174,31
म्भा,mbhā,mBA,1123,0.0078,151,274,335,306,57
रुः,ruḥ,ruH,1122,0.0078,301,214,229,302,76
श्चे,śce,Sce,1118,0.0078,72,471,272,243,59
अं,aṃ,aM,1115,0.0078,654,122,208,95,36
ण्ये,ṇye,Rye,1110,0.0077,265,405,236,121,83
ष्वा,ṣvā,zvA,1106,0.0077,126,748,146,60,26
न्द्रं,ndraṃ,ndraM,1103,0.0077,592,245,109,108,49
क्या,kyā,kyA,1101,0.0077,186,351,279,204,81
ह्यं,hyaṃ,hyaM,1100,0.0077,258,292,191,290,69
स्त्रं,straṃ,straM,1096,0.0077,53,516,216,224,86
ल्पा,lpā,lpA,1091,0.0076,77,282,424,222,86
न्यः,nyaḥ,nyaH,1085,0.0076,336,324,240,146,39
न्यां,nyāṃ,nyAM,1085,0.0076,140,427,280,180,58
ज्जा,jjā,jjA,1081,0.0075,102,242,285,383,69
ध्वं,dhvaṃ,DvaM,1079,0.0075,208,404,229,145,93
ण्डू,ṇḍū,RqU,1078,0.0075,101,195,372,312,98
ल्,l,l,1077,0.0075,322,449,160,83,63
थ्या,thyā,TyA,1076,0.0075,158,283,348,237,50
द्गा,dgā,dgA,1075,0.0075,691,43,178,118,45
शाः,śāḥ,SAH,1071,0.0075,166,502,259,105,39
ड्,ḍ,q,1069,0.0075,685,184,105,60,35
ग्नौ,gnau,gnO,1068,0.0075,547,117,137,198,69
षाः,ṣāḥ,zAH,1066,0.0074,210,335,332,122,67
द्द,dda,dda,1066,0.0074,104,250,270,343,99
त्र्य,trya,trya,1064,0.0074,323,186,259,237,59
र्शि,rśi,rSi,1061,0.0074,33,523,250,213,42
ङ्कु,ṅku,Nku,1061,0.0074,51,156,348,403,102
च्या,cyā,cyA,1061,0.0074,337,158,170,363,33
र्वै,rvai,rvE,1054,0.0074,189,381,266,151,67
रिः,riḥ,riH,1051,0.0073,96,161,512,233,49
त्यः,tyaḥ,tyaH,1050,0.0073,582,207,158,81,22
क्रं,kraṃ,kraM,1049,0.0073,147,283,264,246,109
क्षां,kṣāṃ,kzAM,1048,0.0073,480,267,160,106,35
त्रौ,trau,trO,1042,0.0073,107,356,259,226,94
न्नो,nno,nno,1042,0.0073,58,410,322,171,81
ण्डं,ṇḍaṃ,RqaM,1035,0.0072,123,182,251,343,136
ष्ट्या,ṣṭyā,zwyA,1034,0.0072,120,438,275,167,34
ष्कृ,ṣkṛ,zkf,1030,0.0072,370,355,154,81,70
क्ल,kla,kla,1023,0.0071,92,290,338,194,108
न्त्या,ntyā,ntyA,1019,0.0071,137,360,259,221,42
क्ष्ण,kṣṇa,kzRa,1017,0.0071,88,285,220,335,89
ल्म,lma,lma,1016,0.0071,42,257,342,288,87
धिः,dhiḥ,DiH,1014,0.0071,78,230,318,306,82
ल्लो,llo,llo,1010,0.007,336,218,142,225,89
त्तः,ttaḥ,ttaH,1010,0.007,122,446,266,150,26
र्न,rna,rna,1009,0.007,32,159,298,436,84
ढा,ḍhā,QA,1008,0.007,110,260,251,314,72
खः,khaḥ,KaH,1007,0.007,138,306,305,205,53
स्तृ,stṛ,stf,1003,0.007,509,140,202,100,52
छे,che,Ce,994,0.0069,44,510,212,169,56
द्य्,dy,dy,993,0.0069,624,85,189,72,23
द्वै,dvai,dvE,991,0.0069,144,355,241,193,58
द्दे,dde,dde,989,0.0069,80,241,246,319,101
स्थू,sthū,sTU,987,0.0069,153,163,228,361,82
क्तु,ktu,ktu,987,0.0069,228,340,241,150,28
र्चि,rci,rci,976,0.0068,136,386,202,194,58
स्यु,syu,syu,974,0.0068,243,279,246,168,38
जै,jai,jE,972,0.0068,142,330,199,246,55
व्यः,vyaḥ,vyaH,971,0.0068,241,247,258,154,71
स्त्वं,stvaṃ,stvaM,970,0.0068,19,536,185,152,78
ल्व,lva,lva,961,0.0067,56,263,283,260,96
ष्यं,ṣyaṃ,zyaM,959,0.0067,89,222,215,345,88
ख्यं,khyaṃ,KyaM,958,0.0067,42,193,265,350,108
त्तिः,ttiḥ,ttiH,957,0.0067,345,173,255,137,46
द्भिः,dbhiḥ,dBiH,955,0.0067,367,270,174,99,44
म्भो,mbho,mBo,946,0.0066,50,173,356,273,93
ञ्जा,ñjā,YjA,944,0.0066,170,174,142,374,84
रीं,rīṃ,rIM,944,0.0066,83,338,247,209,67
र्गु,rgu,rgu,943,0.0066,13,174,234,432,89
द्धिं,ddhiṃ,dDiM,943,0.0066,66,380,202,203,91
मैः,maiḥ,mEH,939,0.0066,88,396,259,134,62
ञ्जि,ñji,Yji,935,0.0065,56,77,250,423,129
प्तः,ptaḥ,ptaH,933,0.0065,86,404,229,161,53
द्रि,dri,dri,928,0.0065,322,153,203,197,53
प्ति,pti,pti,926,0.0065,84,202,332,255,53
ग्धा,gdhā,gDA,926,0.0065,85,185,314,264,77
न्द्रे,ndre,ndre,919,0.0064,321,303,147,101,47
स्तू,stū,stU,918,0.0064,80,351,203,207,77
प्लु,plu,plu,915,0.0064,44,435,217,176,43
र्ल,rla,rla,907,0.0063,2,248,245,279,120
ज्वा,jvā,jvA,906,0.0063,52,216,189,331,118
षै,ṣai,zE,903,0.0063,153,237,267,191,55
धाः,dhāḥ,DAH,899,0.0063,218,374,163,103,40
ष्ट्रा,ṣṭrā,zwrA,899,0.0063,211,426,166,75,21
गू,gū,gU,897,0.0063,226,264,247,128,32
ङ्गो,ṅgo,Ngo,895,0.0062,77,249,256,242,71
ष्टाः,ṣṭāḥ,zwAH,894,0.0062,159,405,208,74,48
हाः,hāḥ,hAH,893,0.0062,194,269,262,109,59
न्त्रा,ntrā,ntrA,892,0.0062,133,121,237,283,118
प्प,ppa,ppa,890,0.0062,63,127,388,242,70
च्छु,cchu,cCu,890,0.0062,147,145,199,322,76
म्प्रा,mprā,mprA,889,0.0062,24,461,207,128,69
क्ताः,ktāḥ,ktAH,886,0.0062,93,346,222,150,75
द्ध्या,ddhyā,dDyA,883,0.0062,52,383,227,188,33
र्षं,rṣaṃ,rzaM,879,0.0061,64,368,233,188,26
द्यै,dyai,dyE,879,0.0061,53,210,311,237,68
घ्नं,ghnaṃ,GnaM,878,0.0061,46,150,213,405,64
च्छ्रु,cchru,cCru,877,0.0061,14,443,78,276,66
ष्ठः,ṣṭhaḥ,zWaH,874,0.0061,262,342,143,95,32
षू,ṣū,zU,874,0.0061,337,219,204,85,29
द्धिः,ddhiḥ,dDiH,873,0.0061,41,291,253,217,71
ह्णी,hṇī,hRI,873,0.0061,386,242,121,88,36
र्णः,rṇaḥ,rRaH,872,0.0061,104,367,198,161,42
र्वृ,rvṛ,rvf,871,0.0061,16,276,261,221,96
स्वं,svaṃ,svaM,871,0.0061,94,319,268,155,35
न्त्रं,ntraṃ,ntraM,871,0.0061,118,114,92,353,194
न्धं,ndhaṃ,nDaM,869,0.0061,41,181,156,395,96
त्त्र,ttra,ttra,867,0.0061,97,105,222,375,68
घ्रा,ghrā,GrA,865,0.006,83,344,231,129,78
यैः,yaiḥ,yEH,865,0.006,78,337,282,130,38
ह्र,hra,hra,862,0.006,151,303,225,143,40
त्कु,tku,tku,859,0.006,15,188,241,351,64
र्त्य,rtya,rtya,854,0.006,200,225,183,192,53
र्दे,rde,rde,851,0.0059,83,153,325,197,89
स्यं,syaṃ,syaM,851,0.0059,110,251,244,187,59
ग्ना,gnā,gnA,851,0.0059,382,218,101,90,60
म्रा,mrā,mrA,847,0.0059,270,191,174,165,47
प्स्य,psya,psya,846,0.0059,76,500,138,88,44
हौ,hau,hO,845,0.0059,169,255,225,148,48
न्धो,ndho,nDo,844,0.0059,98,206,219,250,71
रुं,ruṃ,ruM,843,0.0059,334,196,149,111,53
ञ्जी,ñjī,YjI,842,0.0059,194,147,296,155,50
द्भा,dbhā,dBA,837,0.0058,35,125,237,358,82
न्मे,nme,nme,832,0.0058,55,428,122,197,30
द्वौ,dvau,dvO,831,0.0058,243,148,249,138,53
त्वो,tvo,tvo,831,0.0058,481,100,120,87,42
त्थं,tthaṃ,tTaM,829,0.0058,47,23,171,494,94
सैः,saiḥ,sEH,826,0.0058,24,216,198,325,63
त्त्वे,ttve,ttve,825,0.0058,6,409,128,213,69
र्जा,rjā,rjA,822,0.0057,233,146,144,235,64
न्धे,ndhe,nDe,815,0.0057,129,182,198,200,106
श्यं,śyaṃ,SyaM,815,0.0057,89,309,226,141,50
क्सं,ksaṃ,ksaM,815,0.0057,28,444,41,16,286
त्सं,tsaṃ,tsaM,814,0.0057,138,106,228,276,66
स्थो,stho,sTo,814,0.0057,93,245,210,188,78
म्बि,mbi,mbi,813,0.0057,24,139,327,268,55
ण्ट,ṇṭa,Rwa,813,0.0057,23,169,268,302,51
म्य्,my,my,813,0.0057,404,159,125,73,52
व्याः,vyāḥ,vyAH,813,0.0057,324,164,185,105,35
ध्वा,dhvā,DvA,812,0.0057,174,142,144,317,35
त्थि,tthi,tTi,811,0.0057,37,317,227,180,50
र्नि,rni,rni,810,0.0057,47,99,261,320,83
न्नः,nnaḥ,nnaH,808,0.0056,94,340,219,101,54
ष्णी,ṣṇī,zRI,808,0.0056,367,213,159,47,22
त्ने,tne,tne,804,0.0056,25,179,236,268,96
र्मः,rmaḥ,rmaH,803,0.0056,89,437,132,110,35
प्सु,psu,psu,803,0.0056,446,167,122,47,21
ढं,ḍhaṃ,QaM,803,0.0056,45,170,184,290,113
म्न,mna,mna,801,0.0056,190,322,132,113,44
भाः,bhāḥ,BAH,800,0.0056,38,449,186,103,24
प्यु,pyu,pyu,798,0.0056,36,397,175,167,23
ङ्मु,ṅmu,Nmu,796,0.0056,198,224,250,87,37
द्यः,dyaḥ,dyaH,796,0.0056,100,144,286,213,51
विः,viḥ,viH,795,0.0055,451,123,114,82,25
चौ,cau,cO,794,0.0055,187,167,269,118,53
व्रा,vrā,vrA,793,0.0055,181,234,159,200,19
ज्ञां,jñāṃ,jYAM,790,0.0055,23,450,157,127,33
व्यू,vyū,vyU,789,0.0055,179,409,68,103,28
म्ये,mye,mye,789,0.0055,122,264,206,155,42
ग्धं,gdhaṃ,gDaM,788,0.0055,46,95,242,308,97
गां,gāṃ,gAM,785,0.0055,182,261,170,112,60
ग्रं,graṃ,graM,781,0.0055,231,233,166,88,63
म्पू,mpū,mpU,777,0.0054,22,229,255,159,112
प्रं,praṃ,praM,775,0.0054,78,416,109,116,56
न्तौ,ntau,ntO,774,0.0054,160,357,146,72,39
ब्दा,bdā,bdA,773,0.0054,32,131,271,196,140
ल्गु,lgu,lgu,772,0.0054,124,388,93,138,29
स्रे,sre,sre,770,0.0054,116,310,190,66,88
म्पा,mpā,mpA,770,0.0054,100,349,193,74,54
लू,lū,lU,769,0.0054,158,206,204,158,43
र्वाः,rvāḥ,rvAH,767,0.0054,215,337,121,65,29
ण्ठ,ṇṭha,RWa,766,0.0053,21,107,268,265,105
ष्णे,ṣṇe,zRe,766,0.0053,129,225,253,115,44
र्तृ,rtṛ,rtf,763,0.0053,20,203,189,324,27
न्दः,ndaḥ,ndaH,761,0.0053,358,121,97,138,47
चुः,cuḥ,cuH,761,0.0053,115,225,263,90,68
व्यां,vyāṃ,vyAM,759,0.0053,138,305,156,99,61
ङ्गी,ṅgī,NgI,758,0.0053,31,134,202,305,86
र्यां,ryāṃ,ryAM,758,0.0053,59,344,148,156,51
च्चै,ccai,ccE,756,0.0053,107,300,226,79,44
ष्टिं,ṣṭiṃ,zwiM,753,0.0053,200,178,192,135,48
ष्ठी,ṣṭhī,zWI,753,0.0053,173,107,265,127,81
र्पा,rpā,rpA,751,0.0052,95,170,218,220,48
त्याः,tyāḥ,tyAH,750,0.0052,355,176,137,45,37
क्रू,krū,krU,749,0.0052,107,307,202,103,30
द्गु,dgu,dgu,741,0.0052,12,97,200,319,111
स्वी,svī,svI,741,0.0052,128,322,88,152,51
त्सि,tsi,tsi,741,0.0052,105,160,261,178,37
त्रिः,triḥ,triH,738,0.0052,444,95,72,86,41
भ्रं,bhraṃ,BraM,736,0.0051,50,100,121,369,96
धिं,dhiṃ,DiM,734,0.0051,67,223,197,167,80
ल्पि,lpi,lpi,729,0.0051,10,224,265,192,38
त्यां,tyāṃ,tyAM,728,0.0051,153,210,196,123,46
म्भी,mbhī,mBI,727,0.0051,62,243,224,145,53
त्स्या,tsyā,tsyA,726,0.0051,55,303,147,184,37
स्तै,stai,stE,725,0.0051,16,283,224,167,35
तोः,toḥ,toH,721,0.005,111,369,82,75,84
निं,niṃ,niM,719,0.005,210,232,135,82,59
च्छ्र,cchra,cCra,708,0.0049,134,187,183,133,71
द्भू,dbhū,dBU,708,0.0049,19,107,226,282,74
र्गो,rgo,rgo,706,0.0049,182,120,180,188,36
ट्ट,ṭṭa,wwa,706,0.0049,5,116,216,289,80
त्से,tse,tse,702,0.0049,78,158,119,308,39
र्णी,rṇī,rRI,699,0.0049,49,73,156,369,52
व्री,vrī,vrI,698,0.0049,264,156,163,93,22
श्वं,śvaṃ,SvaM,695,0.0049,283,157,97,135,23
य्या,yyā,yyA,692,0.0048,190,183,182,110,27
र्श्व,rśva,rSva,689,0.0048,36,176,302,119,56
न्था,nthā,nTA,689,0.0048,219,194,132,80,64
र्बु,rbu,rbu,688,0.0048,85,224,234,100,45
र्भे,rbhe,rBe,687,0.0048,169,77,129,230,82
ल्पे,lpe,lpe,686,0.0048,124,200,240,75,47
व्यु,vyu,vyu,683,0.0048,263,159,120,97,43
न्द्धे,nddhe,ndDe,680,0.0047,674,0,0,2,4
श्वो,śvo,Svo,678,0.0047,342,167,105,56,8
म्यं,myaṃ,myaM,678,0.0047,90,186,161,188,53
श्नु,śnu,Snu,678,0.0047,305,247,63,34,29
शुः,śuḥ,SuH,678,0.0047,267,224,97,79,11
ष्का,ṣkā,zkA,677,0.0047,137,145,197,142,56
प्यं,pyaṃ,pyaM,677,0.0047,22,85,110,333,127
श्चो,śco,Sco,675,0.0047,46,276,231,97,25
त्स्व,tsva,tsva,675,0.0047,83,137,116,294,45
क्लि,kli,kli,673,0.0047,16,358,205,66,28
य्य,yya,yya,672,0.0047,167,191,184,111,19
तीः,tīḥ,tIH,672,0.0047,515,78,43,27,9
त्र्या,tryā,tryA,671,0.0047,327,102,100,100,42
श्मि,śmi,Smi,668,0.0047,232,198,153,60,25
र्दू,rdū,rdU,668,0.0047,25,499,101,20,23
क्षुः,kṣuḥ,kzuH,665,0.0046,312,126,103,96,27
द्रः,draḥ,draH,664,0.0046,174,189,187,80,34
ल्लि,lli,lli,657,0.0046,45,49,205,293,65
णीं,ṇīṃ,RIM,657,0.0046,110,237,138,118,54
फे,phe,Pe,656,0.0046,44,120,306,139,47
घ्रं,ghraṃ,GraM,655,0.0046,25,367,107,87,69
त्राः,trāḥ,trAH,653,0.0046,173,235,147,61,37
न्तां,ntāṃ,ntAM,652,0.0046,188,216,149,80,18
स्तां,stāṃ,stAM,651,0.0045,48,284,152,137,30
ब्धा,bdhā,bDA,650,0.0045,93,240,176,111,29
ध्र,dhra,Dra,649,0.0045,222,145,165,99,18
ल्ला,llā,llA,647,0.0045,9,143,202,238,55
लिः,liḥ,liH,644,0.0045,41,265,164,146,28
न्यै,nyai,nyE,644,0.0045,61,220,191,132,39
ह्ण,hṇa,hRa,643,0.0045,241,191,109,81,21
न्त्र्य,ntrya,ntrya,643,0.0045,157,183,78,194,31
जौ,jau,jO,641,0.0045,115,328,119,59,20
म्बू,mbū,mbU,641,0.0045,6,179,194,199,63
प्मा,pmā,pmA,639,0.0045,505,84,36,6,8
ल्क,lka,lka,635,0.0044,40,128,249,167,51
ब्दे,bde,bde,633,0.0044,27,194,129,225,58
डी,ḍī,qI,628,0.0044,48,57,156,242,123
भ्यं,bhyaṃ,ByaM,627,0.0044,252,105,179,62,29
न्थ,ntha,nTa,627,0.0044,217,87,172,120,30
स्थौ,sthau,sTO,627,0.0044,59,227,136,174,31
थां,thāṃ,TAM,627,0.0044,96,228,126,147,30
त्पि,tpi,tpi,626,0.0044,43,116,179,232,56
र्धे,rdhe,rDe,626,0.0044,277,70,120,116,43
त्त्वो,ttvo,ttvo,624,0.0044,11,354,101,66,92
चिः,ciḥ,ciH,622,0.0043,110,193,151,121,47
ड्य,ḍya,qya,622,0.0043,40,208,186,129,59
र्द्र,rdra,rdra,622,0.0043,49,71,159,279,64
त्वै,tvai,tvE,619,0.0043,147,155,127,165,25
धैः,dhaiḥ,DEH,615,0.0043,24,210,172,115,94
ल्ली,llī,llI,614,0.0043,2,38,83,423,68
श्लो,ślo,Slo,613,0.0043,163,201,115,97,34
ष्टिः,ṣṭiḥ,zwiH,611,0.0043,184,100,120,150,57
धीः,dhīḥ,DIH,609,0.0043,157,82,66,246,58
ङ्क्ते,ṅkte,Nkte,609,0.0043,280,153,73,84,19
रृ,rṛ,rf,608,0.0042,332,89,92,72,23
डे,ḍe,qe,608,0.0042,117,47,107,288,49
न्वे,nve,nve,607,0.0042,259,162,103,65,18
न्त्,nt,nt,606,0.0042,591,8,1,0,6
प्रै,prai,prE,606,0.0042,403,101,39,16,47
न्दं,ndaṃ,ndaM,604,0.0042,33,131,205,169,66
श्न,śna,Sna,602,0.0042,310,129,83,60,20
त्ती,ttī,ttI,601,0.0042,64,97,125,188,127
ज्रं,jraṃ,jraM,599,0.0042,113,52,35,342,57
र्षी,rṣī,rzI,599,0.0042,173,279,82,44,21
र्तं,rtaṃ,rtaM,599,0.0042,84,224,124,118,49
स्त्रिं,striṃ,striM,597,0.0042,242,136,130,50,39
न्स,nsa,nsa,597,0.0042,10,22,212,284,69
णिः,ṇiḥ,RiH,596,0.0042,212,170,96,82,36
ण्डो,ṇḍo,Rqo,596,0.0042,38,219,167,125,47
न्मू,nmū,nmU,592,0.0041,11,109,157,257,58
त्म्य,tmya,tmya,590,0.0041,10,100,162,104,214
ग्मु,gmu,gmu,589,0.0041,22,398,114,27,28
र्वां,rvāṃ,rvAM,588,0.0041,119,295,98,51,25
गैः,gaiḥ,gEH,588,0.0041,42,283,134,87,42
न्दां,ndāṃ,ndAM,587,0.0041,467,53,32,21,14
ङ्कि,ṅki,Nki,586,0.0041,1,171,165,182,67
धां,dhāṃ,DAM,585,0.0041,148,249,84,69,35
भ्ये,bhye,Bye,581,0.0041,74,226,89,185,7
र्तुं,rtuṃ,rtuM,580,0.004,21,319,114,97,28
न्दी,ndī,ndI,579,0.004,110,75,213,137,44
व्यै,vyai,vyE,579,0.004,204,146,121,81,27
ङ्गः,ṅgaḥ,NgaH,576,0.004,81,162,152,147,34
सुः,suḥ,suH,576,0.004,156,211,105,67,37
च्छं,cchaṃ,cCaM,571,0.004,202,85,92,146,46
म्रि,mri,mri,570,0.004,129,83,65,240,53
त्क्ष,tkṣa,tkza,569,0.004,6,55,107,334,67
द्मा,dmā,dmA,567,0.004,65,113,161,169,59
म्बी,mbī,mbI,565,0.0039,9,16,61,412,67
द्ब,dba,dba,565,0.0039,25,120,176,218,26
म्भू,mbhū,mBU,563,0.0039,50,158,172,127,56
क्तिः,ktiḥ,ktiH,562,0.0039,37,60,157,244,64
हां,hāṃ,hAM,562,0.0039,63,201,116,151,31
र्ना,rnā,rnA,561,0.0039,16,56,245,183,60
न्थि,nthi,nTi,559,0.0039,147,48,168,169,27
र्ण्य,rṇya,rRya,558,0.0039,7,74,228,225,24
स्नु,snu,snu,558,0.0039,26,131,114,241,46
न्तुं,ntuṃ,ntuM,557,0.0039,44,289,102,92,30
ष्णि,ṣṇi,zRi,552,0.0039,212,186,90,51,13
श्ना,śnā,SnA,552,0.0039,358,96,46,32,20
श्नी,śnī,SnI,552,0.0039,288,100,113,31,20
ल्ये,lye,lye,551,0.0038,33,175,142,160,41
न्तीं,ntīṃ,ntIM,551,0.0038,56,284,104,80,27
न्धः,ndhaḥ,nDaH,550,0.0038,86,124,140,152,48
स्रः,sraḥ,sraH,548,0.0038,322,55,77,33,61
लिं,liṃ,liM,548,0.0038,115,150,115,127,41
ल्यो,lyo,lyo,548,0.0038,36,233,129,120,30
ञ्चि,ñci,Yci,547,0.0038,47,77,176,171,76
त्रां,trāṃ,trAM,547,0.0038,71,256,112,83,25
ग्नेः,gneḥ,gneH,547,0.0038,459,34,27,16,11
ष्टी,ṣṭī,zwI,545,0.0038,188,43,112,128,74
ब्दो,bdo,bdo,545,0.0038,18,144,188,162,31
र्युः,ryuḥ,ryuH,539,0.0038,442,47,23,7,20
ग्म,gma,gma,538,0.0038,195,146,64,104,29
द्यौ,dyau,dyO,536,0.0037,373,72,48,35,8
व्य्,vy,vy,535,0.0037,483,6,9,29,8
स्तौ,stau,stO,534,0.0037,167,167,113,68,19
द्धाः,ddhāḥ,dDAH,533,0.0037,89,245,118,57,24
र्घा,rghā,rGA,530,0.0037,131,136,123,90,50
थी,thī,TI,528,0.0037,145,221,99,48,15
क्ष्मा,kṣmā,kzmA,526,0.0037,84,86,165,146,45
त्रीं,trīṃ,trIM,526,0.0037,236,96,109,53,32
द्यां,dyāṃ,dyAM,526,0.0037,137,151,108,97,33
म्बा,mbā,mbA,525,0.0037,49,136,201,94,45
न्व्,nv,nv,524,0.0037,421,18,54,20,11
र्थी,rthī,rTI,524,0.0037,73,177,126,106,42
ठि,ṭhi,Wi,523,0.0037,2,54,179,211,77
र्वः,rvaḥ,rvaH,520,0.0036,194,124,105,75,22
स्युः,syuḥ,syuH,518,0.0036,192,86,120,89,31
क्ष्णं,kṣṇaṃ,kzRaM,518,0.0036,5,120,112,209,72
क्ये,kye,kye,517,0.0036,121,160,94,74,68
ग्व,gva,gva,515,0.0036,107,52,149,169,38
पुः,puḥ,puH,515,0.0036,51,127,169,142,26
जैः,jaiḥ,jEH,515,0.0036,17,165,176,123,34
ष्वे,ṣve,zve,514,0.0036,96,153,166,86,13
ष्णः,ṣṇaḥ,zRaH,513,0.0036,124,109,139,104,37
त्तिं,ttiṃ,ttiM,513,0.0036,41,268,112,70,22
न्मृ,nmṛ,nmf,512,0.0036,47,131,73,201,60
पैः,paiḥ,pEH,511,0.0036,41,161,163,66,80
प्सि,psi,psi,509,0.0036,10,214,110,112,63
ल्पं,lpaṃ,lpaM,506,0.0035,38,146,175,115,32
र्गः,rgaḥ,rgaH,505,0.0035,93,159,130,104,19
च्छ्रा,cchrā,cCrA,504,0.0035,52,120,201,94,37
ग्रो,gro,gro,504,0.0035,132,120,167,66,19
घां,ghāṃ,GAM,504,0.0035,104,306,55,31,8
क्तिं,ktiṃ,ktiM,504,0.0035,42,198,93,113,58
क्ष्मी,kṣmī,kzmI,502,0.0035,26,91,195,134,56
ष्टां,ṣṭāṃ,zwAM,501,0.0035,58,177,134,93,39
ठा,ṭhā,WA,499,0.0035,3,51,192,206,46
घ्नी,ghnī,GnI,498,0.0035,100,47,57,264,30
ष्टुं,ṣṭuṃ,zwuM,497,0.0035,3,269,121,90,14
म्भे,mbhe,mBe,494,0.0034,91,96,149,106,52
म्ले,mle,mle,494,0.0034,7,79,75,263,70
खाः,khāḥ,KAH,492,0.0034,63,204,118,75,32
त्त्रि,ttri,ttri,491,0.0034,46,51,86,260,48
त्नं,tnaṃ,tnaM,490,0.0034,68,172,110,97,43
स्थः,sthaḥ,sTaH,489,0.0034,79,155,132,94,29
क्ष्ये,kṣye,kzye,489,0.0034,14,131,128,174,42
र्भू,rbhū,rBU,481,0.0034,36,112,196,87,50
स्व्,sv,sv,480,0.0034,315,47,78,30,10
र्हा,rhā,rhA,477,0.0033,77,256,73,50,21
न्त्व्,ntv,ntv,477,0.0033,417,20,14,8,18
स्मी,smī,smI,476,0.0033,48,138,65,180,45
न्मि,nmi,nmi,475,0.0033,44,113,130,163,25
ध्ना,dhnā,DnA,475,0.0033,251,37,84,64,39
र्याः,ryāḥ,ryAH,475,0.0033,85,163,134,68,25
ष्,ṣ,z,474,0.0033,416,42,4,7,5
ब्दः,bdaḥ,bdaH,473,0.0033,17,181,176,87,12
द्रू,drū,drU,472,0.0033,40,73,129,190,40
न्ध्या,ndhyā,nDyA,472,0.0033,80,36,77,204,75
ष्ट्रं,ṣṭraṃ,zwraM,468,0.0033,111,271,34,46,6
र्विं,rviṃ,rviM,466,0.0033,254,47,63,63,39
क्तै,ktai,ktE,464,0.0032,25,159,164,92,24
ष्पि,ṣpi,zpi,464,0.0032,26,234,66,124,14
ङ्क्ष,ṅkṣa,Nkza,463,0.0032,23,214,141,52,33
ण्यो,ṇyo,Ryo,460,0.0032,136,139,96,58,31
श्वः,śvaḥ,SvaH,459,0.0032,266,91,68,23,11
ल्वे,lve,lve,459,0.0032,3,68,15,321,52
ण्डः,ṇḍaḥ,RqaH,458,0.0032,44,227,93,77,17
ष्यो,ṣyo,zyo,457,0.0032,88,152,78,103,36
ण्यां,ṇyāṃ,RyAM,457,0.0032,102,123,112,86,34
न्ताः,ntāḥ,ntAH,456,0.0032,88,156,120,57,35
द्व्य,dvya,dvya,455,0.0032,112,65,167,85,26
त्रू,trū,trU,455,0.0032,149,227,37,30,12
द्याः,dyāḥ,dyAH,454,0.0032,53,89,159,117,36
नुं,nuṃ,nuM,454,0.0032,90,106,138,76,44
लीं,līṃ,lIM,454,0.0032,80,109,86,120,59
ङ्घ,ṅgha,NGa,453,0.0032,33,128,177,79,36
द्ध्यै,ddhyai,dDyE,452,0.0032,358,13,19,51,11
ह्न,hna,hna,451,0.0031,112,88,135,79,37
श्ल,śla,Sla,451,0.0031,18,132,155,120,26
स्त्वा,stvā,stvA,450,0.0031,162,125,83,49,31
त्पू,tpū,tpU,449,0.0031,119,25,88,182,35
बृं,bṛṃ,bfM,449,0.0031,10,113,200,100,26
प्न,pna,pna,449,0.0031,99,95,146,92,17
र्शा,rśā,rSA,449,0.0031,31,162,96,133,27
ग्धे,gdhe,gDe,448,0.0031,53,43,132,178,42
स्त्रै,strai,strE,448,0.0031,15,223,109,72,29
क्म,kma,kma,447,0.0031,162,175,47,23,40
त्फ,tpha,tPa,446,0.0031,1,31,124,161,129
द्धै,ddhai,dDE,444,0.0031,104,129,113,62,36
द्ध्य,ddhya,dDya,443,0.0031,17,114,144,130,38
च्यं,cyaṃ,cyaM,443,0.0031,15,72,52,270,33
टः,ṭaḥ,waH,442,0.0031,22,105,103,191,21
ष्णुः,ṣṇuḥ,zRuH,442,0.0031,165,61,148,43,25
हीं,hīṃ,hIM,441,0.0031,32,286,38,56,29
हुं,huṃ,huM,441,0.0031,37,155,58,105,86
थ्यं,thyaṃ,TyaM,436,0.003,41,159,69,141,26
वुः,vuḥ,vuH,436,0.003,93,196,112,28,7
भ्रु,bhru,Bru,435,0.003,87,142,111,71,24
डं,ḍaṃ,qaM,435,0.003,59,43,117,166,50
ग्वि,gvi,gvi,434,0.003,26,132,150,95,31
ष्कं,ṣkaṃ,zkaM,434,0.003,17,32,84,263,38
र्भो,rbho,rBo,433,0.003,133,75,131,73,21
त्त्रा,ttrā,ttrA,433,0.003,35,65,90,219,24
भां,bhāṃ,BAM,433,0.003,27,204,95,85,22
ञ्छ,ñcha,YCa,432,0.003,92,74,112,118,36
र्णां,rṇāṃ,rRAM,431,0.003,67,183,71,87,23
र्वैः,rvaiḥ,rvEH,431,0.003,96,181,92,37,25
ञ्चे,ñce,Yce,429,0.003,125,96,96,83,29
म्नि,mni,mni,429,0.003,61,64,101,177,26
क्तौ,ktau,ktO,428,0.003,57,128,101,82,60
डू,ḍū,qU,427,0.003,10,112,135,130,40
र्छि,rchi,rCi,427,0.003,0,146,79,156,46
द्वं,dvaṃ,dvaM,426,0.003,44,101,43,207,31
न्याः,nyāḥ,nyAH,425,0.003,109,141,104,51,20
द्यू,dyū,dyU,425,0.003,49,236,81,52,7
ज्ज्व,jjva,jjva,424,0.003,10,101,137,136,40
हिः,hiḥ,hiH,424,0.003,75,46,99,170,34
म्भि,mbhi,mBi,423,0.003,33,92,149,117,32
र्भं,rbhaṃ,rBaM,423,0.003,160,105,80,54,24
म्यां,myāṃ,myAM,422,0.0029,62,92,105,85,78
त्प्रा,tprā,tprA,416,0.0029,41,17,122,207,29
ज्रा,jrā,jrA,416,0.0029,58,95,61,169,33
णिं,ṇiṃ,RiM,416,0.0029,114,173,65,46,17
ष्ट्रे,ṣṭre,zwre,416,0.0029,124,201,35,49,7
दीं,dīṃ,dIM,416,0.0029,53,219,76,46,22
षैः,ṣaiḥ,zEH,412,0.0029,26,115,168,63,39
ध्यो,dhyo,Dyo,411,0.0029,73,103,123,84,28
ज्रे,jre,jre,411,0.0029,241,64,37,56,13
स्मे,sme,sme,411,0.0029,329,22,24,30,6
द्धौ,ddhau,dDO,410,0.0029,16,179,95,105,15
क्तुं,ktuṃ,ktuM,410,0.0029,5,196,90,97,22
र्त्म,rtma,rtma,409,0.0029,50,71,201,75,12
द्रां,drāṃ,drAM,408,0.0028,25,109,84,128,62
ह्रि,hri,hri,407,0.0028,139,157,66,38,7
न्त्ये,ntye,ntye,406,0.0028,24,129,127,109,17
ष्मे,ṣme,zme,405,0.0028,62,223,46,62,12
ल्ब,lba,lba,404,0.0028,82,70,93,129,30
र्षो,rṣo,rzo,403,0.0028,8,169,106,105,15
म्रं,mraṃ,mraM,403,0.0028,6,9,32,261,95
ल्यां,lyāṃ,lyAM,402,0.0028,44,66,54,182,56
ढो,ḍho,Qo,402,0.0028,38,144,111,82,27
द्दा,ddā,ddA,399,0.0028,47,81,121,107,42
क्षाः,kṣāḥ,kzAH,399,0.0028,106,138,109,27,19
स्तः,staḥ,staH,398,0.0028,95,114,105,58,25
ग्यं,gyaṃ,gyaM,398,0.0028,17,66,100,134,81
म्नो,mno,mno,398,0.0028,146,118,50,58,26
ष्क्र,ṣkra,zkra,397,0.0028,153,126,82,23,13
दैः,daiḥ,dEH,396,0.0028,20,140,131,74,31
स्वै,svai,svE,396,0.0028,70,120,90,96,20
ब्ध्वा,bdhvā,bDvA,396,0.0028,28,188,104,49,27
र्धि,rdhi,rDi,395,0.0028,53,117,124,68,33
जू,jū,jU,395,0.0028,309,12,29,39,6
द्वृ,dvṛ,dvf,395,0.0028,26,113,116,110,30
र्य्,ry,ry,395,0.0028,297,23,33,27,15
र्त्या,rtyā,rtyA,393,0.0027,165,84,61,61,22
त्रैः,traiḥ,trEH,393,0.0027,56,147,82,70,38
च्छो,ccho,cCo,393,0.0027,61,105,87,116,24
रेः,reḥ,reH,392,0.0027,28,85,121,108,50
डु,ḍu,qu,391,0.0027,176,79,49,64,23
भूः,bhūḥ,BUH,391,0.0027,187,56,55,77,16
षिः,ṣiḥ,ziH,391,0.0027,96,199,57,30,9
ल्ले,lle,lle,390,0.0027,26,151,59,121,33
क्तां,ktāṃ,ktAM,390,0.0027,19,135,123,84,29
र्श्वे,rśve,rSve,390,0.0027,37,119,112,76,46
घे,ghe,Ge,389,0.0027,69,140,90,56,34
खै,khai,KE,389,0.0027,6,182,119,63,19
ङ्के,ṅke,Nke,388,0.0027,17,150,78,115,28
र्ध्नि,rdhni,rDni,388,0.0027,16,122,136,82,32
नोः,noḥ,noH,388,0.0027,85,108,99,77,19
द्धी,ddhī,dDI,388,0.0027,50,99,106,124,9
क्ष्व,kṣva,kzva,388,0.0027,55,223,55,32,23
क्ला,klā,klA,387,0.0027,43,100,141,80,23
र्तो,rto,rto,386,0.0027,72,121,95,74,24
र्ध्वा,rdhvā,rDvA,385,0.0027,217,10,38,83,37
ट्य,ṭya,wya,384,0.0027,2,78,194,81,29
त्तौ,ttau,ttO,384,0.0027,41,134,97,92,20
क्ष्यं,kṣyaṃ,kzyaM,383,0.0027,13,162,103,69,36
च्छ्रि,cchri,cCri,383,0.0027,37,171,123,33,19
ष्मः,ṣmaḥ,zmaH,382,0.0027,132,203,9,36,2
क्त्र,ktra,ktra,381,0.0027,21,60,148,127,25
ह्नो,hno,hno,381,0.0027,332,9,23,10,7
द्गृ,dgṛ,dgf,381,0.0027,90,82,75,110,24
स्त्या,styā,styA,380,0.0027,92,98,94,85,11
भ्रू,bhrū,BrU,380,0.0027,77,71,137,55,40
र्चा,rcā,rcA,380,0.0027,235,24,46,50,25
ब्दं,bdaṃ,bdaM,379,0.0026,17,157,101,80,24
ष्ठाः,ṣṭhāḥ,zWAH,379,0.0026,199,88,60,21,11
ष्णीं,ṣṇīṃ,zRIM,377,0.0026,222,77,35,32,11
र्शो,rśo,rSo,376,0.0026,11,72,151,111,31
ष्याः,ṣyāḥ,zyAH,376,0.0026,157,78,99,22,19
क्ष्णा,kṣṇā,kzRA,376,0.0026,10,124,87,131,24
मिं,miṃ,miM,376,0.0026,56,169,85,48,18
र्व्या,rvyā,rvyA,374,0.0026,81,88,97,83,25
न्वी,nvī,nvI,374,0.0026,135,70,64,89,15
ह्ला,hlā,hlA,374,0.0026,10,80,186,74,24
भोः,bhoḥ,BoH,373,0.0026,7,72,167,87,40
च्छ्रे,cchre,cCre,373,0.0026,31,173,95,45,29
ष्ट्रो,ṣṭro,zwro,371,0.0026,28,287,26,27,3
स्फो,spho,sPo,371,0.0026,8,57,147,137,22
क्वं,kvaṃ,kvaM,371,0.0026,22,24,139,143,43
ष्पं,ṣpaṃ,zpaM,370,0.0026,7,67,86,168,42
ष्प्र,ṣpra,zpra,369,0.0026,7,144,99,84,35
न्नाः,nnāḥ,nnAH,369,0.0026,21,167,125,36,20
क्ष्वा,kṣvā,kzvA,368,0.0026,52,205,76,29,6
म्भः,mbhaḥ,mBaH,368,0.0026,55,81,124,95,13
ष्णोः,ṣṇoḥ,zRoH,368,0.0026,181,36,76,30,45
म्पि,mpi,mpi,367,0.0026,9,83,97,151,27
क्थ,ktha,kTa,364,0.0025,267,19,29,21,28
ल्यः,lyaḥ,lyaH,363,0.0025,87,150,59,59,8
श्यो,śyo,Syo,362,0.0025,80,103,72,74,33
थौ,thau,TO,361,0.0025,28,193,77,33,30
त्त्या,ttyā,ttyA,360,0.0025,52,68,98,124,17
प्ताः,ptāḥ,ptAH,360,0.0025,61,148,65,44,42
ष्मो,ṣmo,zmo,360,0.0025,74,195,35,48,8
ज्ञै,jñai,jYE,360,0.0025,35,170,91,45,19
ल्पो,lpo,lpo,359,0.0025,33,90,128,83,25
ज्ञाः,jñāḥ,jYAH,359,0.0025,81,135,91,37,15
द्वां,dvāṃ,dvAM,359,0.0025,197,100,47,9,6
म्बो,mbo,mbo,358,0.0025,8,161,83,88,17
म्भं,mbhaṃ,mBaM,358,0.0025,78,80,85,83,32
सुं,suṃ,suM,357,0.0025,35,178,92,30,22
र्जं,rjaṃ,rjaM,356,0.0025,273,14,37,18,14
घं,ghaṃ,GaM,356,0.0025,54,146,91,46,18
ञ्चु,ñcu,Ycu,355,0.0025,1,20,78,205,51
म्ला,mlā,mlA,355,0.0025,23,59,126,134,13
डो,ḍo,qo,354,0.0025,31,64,70,162,27
चीं,cīṃ,cIM,353,0.0025,194,76,38,31,14
ग्या,gyā,gyA,352,0.0025,27,70,126,102,26
थिः,thiḥ,TiH,351,0.0024,66,180,43,38,24
स्वां,svāṃ,svAM,351,0.0024,70,97,80,88,16
म्भु,mbhu,mBu,350,0.0024,40,54,87,102,67
ढे,ḍhe,Qe,350,0.0024,26,110,99,78,37
न्द्य,ndya,ndya,349,0.0024,31,109,96,84,29
खु,khu,Ku,348,0.0024,33,60,115,102,38
ङ्गै,ṅgai,NgE,347,0.0024,29,99,146,53,19
न्त्रो,ntro,ntro,347,0.0024,89,62,53,115,28
र्द्यं,rdyaṃ,rdyaM,347,0.0024,0,0,1,333,13
ल्बि,lbi,lbi,346,0.0024,47,155,69,38,37
त्ताः,ttāḥ,ttAH,345,0.0024,56,145,89,43,12
ष्टै,ṣṭai,zwE,344,0.0024,20,97,135,67,25
र्घो,rgho,rGo,343,0.0024,12,184,73,59,15
स्ताः,stāḥ,stAH,343,0.0024,44,151,90,44,14
द्री,drī,drI,342,0.0024,36,186,63,46,11
रोः,roḥ,roH,342,0.0024,46,87,108,71,30
न्यू,nyū,nyU,341,0.0024,123,61,62,66,29
घ्नो,ghno,Gno,340,0.0024,18,87,80,123,32
शैः,śaiḥ,SEH,340,0.0024,37,137,89,49,27
क्कु,kku,kku,339,0.0024,13,50,90,151,35
श्मा,śmā,SmA,339,0.0024,184,70,24,42,19
त्तै,ttai,ttE,338,0.0024,17,72,99,130,19
न्त्यु,ntyu,ntyu,338,0.0024,37,217,52,23,9
प्,p,p,335,0.0023,269,42,12,6,6
न्ध्य,ndhya,nDya,335,0.0023,17,83,121,86,28
ठे,ṭhe,We,334,0.0023,7,54,125,105,43
ङ्को,ṅko,Nko,333,0.0023,19,60,76,152,26
ह्णे,hṇe,hRe,333,0.0023,140,53,96,23,21
त्म्यं,tmyaṃ,tmyaM,333,0.0023,0,71,133,67,62
च्छृ,cchṛ,cCf,332,0.0023,59,94,85,57,37
र्का,rkā,rkA,331,0.0023,64,41,108,92,26
र्तिं,rtiṃ,rtiM,330,0.0023,39,105,86,71,26
र्च्य,rcya,rcya,330,0.0023,8,70,122,73,57
न्त्री,ntrī,ntrI,328,0.0023,13,45,70,183,17
ट्का,ṭkā,wkA,328,0.0023,202,37,37,25,27
श्रौ,śrau,SrO,328,0.0023,79,140,83,18,8
त्सू,tsū,tsU,327,0.0023,15,10,64,200,38
ङ्क्षि,ṅkṣi,Nkzi,327,0.0023,1,207,73,31,15
ष्मं,ṣmaṃ,zmaM,326,0.0023,18,286,5,17,0
ल्मा,lmā,lmA,326,0.0023,30,72,126,80,18
ख्यो,khyo,Kyo,326,0.0023,23,34,83,157,29
स्र्यां,sryāṃ,sryAM,326,0.0023,0,0,95,0,231
धुः,dhuḥ,DuH,324,0.0023,175,68,39,32,10
ह्मे,hme,hme,323,0.0023,136,41,67,42,37
ष्ठां,ṣṭhāṃ,zWAM,323,0.0023,119,88,69,37,9
त्यौ,tyau,tyO,322,0.0022,105,76,75,51,15
ल्मी,lmī,lmI,322,0.0022,78,84,73,55,32
न्द्या,ndyā,ndyA,321,0.0022,83,61,105,49,22
ण्म,ṇma,Rma,320,0.0022,103,63,75,66,13
भैः,bhaiḥ,BEH,319,0.0022,2,173,95,33,16
ज्जी,jjī,jjI,319,0.0022,22,86,66,125,20
श्लि,śli,Sli,319,0.0022,32,111,107,53,16
सीं,sīṃ,sIM,319,0.0022,60,102,90,47,20
श्यां,śyāṃ,SyAM,318,0.0022,24,45,103,82,64
र्को,rko,rko,317,0.0022,55,36,43,149,34
द्द्वि,ddvi,ddvi,316,0.0022,9,28,113,124,42
म्नः,mnaḥ,mnaH,316,0.0022,132,81,42,44,17
न्त्व,ntva,ntva,316,0.0022,7,215,61,30,3
क्स,ksa,ksa,315,0.0022,25,24,224,30,12
ह्मो,hmo,hmo,315,0.0022,62,82,61,85,25
ट्कृ,ṭkṛ,wkf,315,0.0022,288,5,8,4,10
घ्ना,ghnā,GnA,315,0.0022,60,68,110,60,17
र्द्य,rdya,rdya,314,0.0022,0,29,33,212,40
ट्टि,ṭṭi,wwi,313,0.0022,3,90,126,75,19
ण्यः,ṇyaḥ,RyaH,313,0.0022,107,84,76,33,13
त्स्ना,tsnā,tsnA,311,0.0022,23,111,84,65,28
त्यू,tyū,tyU,311,0.0022,67,80,78,74,12
किः,kiḥ,kiH,310,0.0022,51,202,23,31,3
र्णै,rṇai,rRE,310,0.0022,8,123,102,53,24
ब्धं,bdhaṃ,bDaM,310,0.0022,28,108,93,60,20
जृ,jṛ,jf,310,0.0022,8,73,144,75,10
ल्का,lkā,lkA,310,0.0022,43,121,89,40,16
र्दा,rdā,rdA,309,0.0022,64,62,103,62,18
त्स्न,tsna,tsna,309,0.0022,43,114,79,59,14
द्बु,dbu,dbu,308,0.0021,13,36,115,119,25
स्फा,sphā,sPA,308,0.0021,57,111,67,72,1
न्नै,nnai,nnE,307,0.0021,27,140,86,49,5
ङ्खा,ṅkhā,NKA,306,0.0021,14,126,48,91,27
क्रौ,krau,krO,305,0.0021,23,95,90,76,21
ग्ला,glā,glA,305,0.0021,39,127,90,35,14
न्नी,nnī,nnI,304,0.0021,113,51,55,56,29
क्षै,kṣai,kzE,304,0.0021,34,126,70,45,29
ग्नं,gnaṃ,gnaM,303,0.0021,44,90,68,78,23
ष्णुं,ṣṇuṃ,zRuM,303,0.0021,38,62,103,63,37
ल्वा,lvā,lvA,303,0.0021,25,119,76,55,28
र्गृ,rgṛ,rgf,302,0.0021,174,20,67,31,10
प्ली,plī,plI,302,0.0021,16,29,123,90,44
ष्ट्य,ṣṭya,zwya,301,0.0021,33,41,77,122,28
दिः,diḥ,diH,301,0.0021,94,35,85,71,16
व्यौ,vyau,vyO,301,0.0021,56,48,42,131,24
च्ये,cye,cye,300,0.0021,91,105,49,42,13
र्पू,rpū,rpU,298,0.0021,0,4,50,209,35
प्ने,pne,pne,298,0.0021,31,66,92,96,13
ह्ने,hne,hne,297,0.0021,44,60,101,73,19
र्थाः,rthāḥ,rTAH,296,0.0021,13,164,63,49,7
ष्यः,ṣyaḥ,zyaH,296,0.0021,57,71,76,73,19
ध्यः,dhyaḥ,DyaH,296,0.0021,52,68,72,61,43
ञ्चं,ñcaṃ,YcaM,296,0.0021,233,18,22,16,7
र्छ,rcha,rCa,296,0.0021,72,90,43,57,34
ड्ग,ḍga,qga,295,0.0021,12,123,65,79,15
क्त्रा,ktrā,ktrA,295,0.0021,11,114,88,66,16
ष्क्रा,ṣkrā,zkrA,294,0.0021,87,102,68,17,18
म्ने,mne,mne,294,0.0021,165,60,31,25,13
र्णाः,rṇāḥ,rRAH,294,0.0021,74,104,68,33,15
र्हो,rho,rho,293,0.002,170,70,28,20,5
न्दू,ndū,ndU,293,0.002,9,10,37,186,51
ह्रा,hrā,hrA,293,0.002,28,131,86,38,10
न्नृ,nnṛ,nnf,292,0.002,7,133,59,69,24
क्नो,kno,kno,292,0.002,80,114,57,21,20
ल्पः,lpaḥ,lpaH,291,0.002,83,51,83,48,26
त्स्नं,tsnaṃ,tsnaM,291,0.002,36,137,83,27,8
द्गो,dgo,dgo,290,0.002,8,3,61,191,27
र्भु,rbhu,rBu,290,0.002,52,26,91,96,25
द्मि,dmi,dmi,290,0.002,25,120,52,77,16
प्तै,ptai,ptE,288,0.002,23,98,92,51,24
ह्ना,hnā,hnA,287,0.002,162,55,36,16,18
शुं,śuṃ,SuM,287,0.002,173,45,24,36,9
स्त्वि,stvi,stvi,286,0.002,15,110,82,61,18
क्का,kkā,kkA,286,0.002,15,46,105,93,27
र्यै,ryai,ryE,286,0.002,69,89,60,50,18
त्मि,tmi,tmi,285,0.002,3,32,139,98,13
ग्धो,gdho,gDo,285,0.002,26,61,99,80,19
क्रः,kraḥ,kraH,285,0.002,71,97,65,44,8
च्छी,cchī,cCI,284,0.002,18,83,84,80,19
ज्ञी,jñī,jYI,283,0.002,158,28,13,57,27
ण्ठा,ṇṭhā,RWA,282,0.002,5,49,106,94,28
घ्ने,ghne,Gne,282,0.002,81,100,54,33,14
ष्पी,ṣpī,zpI,282,0.002,7,21,54,169,31
प्ला,plā,plA,281,0.002,96,35,71,42,37
श्छि,śchi,SCi,281,0.002,2,160,61,46,12
द्धां,ddhāṃ,dDAM,281,0.002,28,126,85,36,6
ग्भि,gbhi,gBi,280,0.002,81,102,59,29,9
प्म,pma,pma,280,0.002,231,18,16,10,5
ण्टा,ṇṭā,RwA,280,0.002,4,81,62,105,28
ग्रु,gru,gru,279,0.0019,25,18,65,154,17
दृं,dṛṃ,dfM,278,0.0019,274,0,0,3,1
म्लं,mlaṃ,mlaM,277,0.0019,0,26,95,124,32
क्ली,klī,klI,277,0.0019,40,85,76,57,19
स्त्वे,stve,stve,276,0.0019,23,117,74,45,17
ल्के,lke,lke,276,0.0019,10,41,46,159,20
र्षः,rṣaḥ,rzaH,275,0.0019,18,136,57,48,16
त्सो,tso,tso,275,0.0019,88,56,43,78,10
ब्धः,bdhaḥ,bDaH,275,0.0019,25,94,123,29,4
न्धू,ndhū,nDU,275,0.0019,65,49,66,76,19
नेः,neḥ,neH,275,0.0019,45,116,48,54,12
त्युं,tyuṃ,tyuM,274,0.0019,87,65,29,69,24
ज्जि,jji,jji,274,0.0019,64,81,50,71,8
स्त्व्,stv,stv,274,0.0019,187,27,31,15,14
ब्ज,bja,bja,273,0.0019,39,23,63,104,44
ब्धे,bdhe,bDe,273,0.0019,83,69,51,60,10
ष्वि,ṣvi,zvi,273,0.0019,25,106,66,67,9
त्तां,ttāṃ,ttAM,273,0.0019,37,88,55,88,5
घै,ghai,GE,273,0.0019,6,154,83,19,11
म्यो,myo,myo,272,0.0019,93,68,62,39,10
ष्मि,ṣmi,zmi,272,0.0019,150,35,58,27,2
र्त्ति,rtti,rtti,271,0.0019,28,55,51,63,73
र्तः,rtaḥ,rtaH,270,0.0019,54,80,64,64,8
स्थै,sthai,sTE,270,0.0019,1,85,92,71,21
र्चो,rco,rco,269,0.0019,214,12,28,5,10
न्तिं,ntiṃ,ntiM,269,0.0019,44,65,80,64,16
र्ती,rtī,rtI,269,0.0019,29,70,107,49,14
र्षु,rṣu,rzu,268,0.0019,73,125,27,31,12
ज्रो,jro,jro,268,0.0019,217,15,7,9,20
ह्यो,hyo,hyo,268,0.0019,73,52,77,43,23
प्तां,ptāṃ,ptAM,268,0.0019,19,121,58,56,14
प्यो,pyo,pyo,268,0.0019,69,38,86,62,13
ह्यु,hyu,hyu,268,0.0019,13,96,73,43,43
श्ला,ślā,SlA,266,0.0019,14,106,65,64,17
न्त्रै,ntrai,ntrE,266,0.0019,30,57,76,76,27
मुं,muṃ,muM,264,0.0018,177,30,17,31,9
क्यो,kyo,kyo,264,0.0018,6,148,55,35,20
त्त्य,ttya,ttya,263,0.0018,13,78,83,74,15
टैः,ṭaiḥ,wEH,263,0.0018,0,27,46,166,24
न्प्र,npra,npra,262,0.0018,19,5,110,109,19
त्क्षि,tkṣi,tkzi,262,0.0018,3,79,92,78,10
मिः,miḥ,miH,261,0.0018,66,79,69,39,8
स्फ,spha,sPa,261,0.0018,2,30,91,97,41
र्ष्टि,rṣṭi,rzwi,261,0.0018,201,41,10,4,5
ब्धो,bdho,bDo,260,0.0018,33,105,72,43,7
ज्यै,jyai,jyE,260,0.0018,125,37,50,40,8
र्शः,rśaḥ,rSaH,258,0.0018,11,36,90,87,34
षौ,ṣau,zO,257,0.0018,42,79,67,55,14
च्चैः,ccaiḥ,ccEH,257,0.0018,95,63,54,28,17
श्छ,ścha,SCa,257,0.0018,18,96,85,41,17
खैः,khaiḥ,KEH,257,0.0018,6,112,82,43,14
र्पिः,rpiḥ,rpiH,257,0.0018,29,30,166,25,7
भ्य्,bhy,By,256,0.0018,255,0,0,0,1
ढः,ḍhaḥ,QaH,255,0.0018,40,71,68,59,17
द्भ्यः,dbhyaḥ,dByaH,255,0.0018,225,20,2,5,3
द्धू,ddhū,dDU,255,0.0018,7,108,84,43,13
प्त्यै,ptyai,ptyE,255,0.0018,209,2,5,24,15
त्क्र,tkra,tkra,255,0.0018,74,29,35,99,18
ज्ज्ञा,jjñā,jjYA,255,0.0018,6,106,69,66,8
र्भिः,rbhiḥ,rBiH,254,0.0018,114,62,47,22,9
ञ्चो,ñco,Yco,254,0.0018,148,21,40,35,10
खां,khāṃ,KAM,254,0.0018,79,87,39,39,10
च्छू,cchū,cCU,254,0.0018,24,75,74,50,31
जुः,juḥ,juH,253,0.0018,99,54,57,17,26
ण्ण,ṇṇa,RRa,253,0.0018,27,90,87,37,12
ध्यां,dhyāṃ,DyAM,252,0.0018,13,139,71,19,10
ग्मुः,gmuḥ,gmuH,252,0.0018,29,160,40,17,6
र्धी,rdhī,rDI,251,0.0018,32,168,42,8,1
घू,ghū,GU,251,0.0018,10,78,91,60,12
थिं,thiṃ,TiM,250,0.0017,32,159,38,14,7
ङ्घा,ṅghā,NGA,250,0.0017,24,41,77,85,23
द्गी,dgī,dgI,249,0.0017,167,12,33,26,11
क्रुः,kruḥ,kruH,248,0.0017,60,117,39,23,9
क्क,kka,kka,247,0.0017,31,38,106,55,17
ध्म,dhma,Dma,247,0.0017,195,23,10,15,4
फो,pho,Po,247,0.0017,8,18,172,39,10
ग्गु,ggu,ggu,246,0.0017,7,20,69,115,35
क्ष्णो,kṣṇo,kzRo,246,0.0017,15,38,113,55,25
द्ग्र,dgra,dgra,245,0.0017,60,89,56,26,14
त्प्रि,tpri,tpri,245,0.0017,5,63,47,113,17
थैः,thaiḥ,TEH,245,0.0017,11,146,37,43,8
न्मो,nmo,nmo,244,0.0017,8,112,53,56,15
हैः,haiḥ,hEH,244,0.0017,29,88,94,25,8
ह्री,hrī,hrI,243,0.0017,11,139,58,29,6
च्चू,ccū,ccU,243,0.0017,1,6,50,159,27
स्वः,svaḥ,svaH,242,0.0017,162,16,33,23,8
न्त्रः,ntraḥ,ntraH,242,0.0017,36,34,44,76,52
ण्ठे,ṇṭhe,RWe,241,0.0017,19,47,68,82,25
कीं,kīṃ,kIM,241,0.0017,12,67,75,47,40
म्बे,mbe,mbe,240,0.0017,39,61,79,43,18
द्राः,drāḥ,drAH,240,0.0017,81,55,52,37,15
भ्रे,bhre,Bre,240,0.0017,91,59,33,40,17
क्त्रे,ktre,ktre,240,0.0017,31,29,56,100,24
त्युः,tyuḥ,tyuH,239,0.0017,85,53,51,44,6
नीः,nīḥ,nIH,239,0.0017,144,28,43,16,8
र्पे,rpe,rpe,239,0.0017,116,40,52,25,6
ङ्क्ति,ṅkti,Nkti,238,0.0017,102,23,75,28,10
ष्य्,ṣy,zy,238,0.0017,201,16,10,3,8
प्तौ,ptau,ptO,238,0.0017,10,102,61,56,9
स्थां,sthāṃ,sTAM,238,0.0017,22,96,48,51,21
टू,ṭū,wU,237,0.0017,2,8,47,164,16
घ्नः,ghnaḥ,GnaH,237,0.0017,11,57,57,89,23
प्रः,praḥ,praH,236,0.0016,47,74,37,40,38
यीं,yīṃ,yIM,236,0.0016,41,75,52,49,19
ध्य्,dhy,Dy,236,0.0016,226,0,3,1,6
द्यैः,dyaiḥ,dyEH,235,0.0016,5,19,104,78,29
क्प,kpa,kpa,235,0.0016,22,34,76,86,17
न्मां,nmāṃ,nmAM,235,0.0016,3,136,43,49,4
ब्धि,bdhi,bDi,234,0.0016,9,47,60,99,19
द्धु,ddhu,dDu,234,0.0016,31,135,35,26,7
र्भः,rbhaḥ,rBaH,234,0.0016,95,67,41,27,4
झ,jha,Ja,233,0.0016,1,82,62,71,17
न्प,npa,npa,233,0.0016,31,2,90,86,24
स्थी,sthī,sTI,233,0.0016,33,45,73,43,39
क्प्र,kpra,kpra,232,0.0016,35,47,82,57,11
र्लो,rlo,rlo,232,0.0016,17,16,117,64,18
ग्यो,gyo,gyo,231,0.0016,5,81,86,42,17
स्रि,sri,sri,231,0.0016,173,24,9,13,12
र्छा,rchā,rCA,231,0.0016,0,16,103,91,21
ङ्म,ṅma,Nma,231,0.0016,39,48,78,44,21
स्पो,spo,spo,231,0.0016,218,2,0,0,11
स्थु,sthu,sTu,230,0.0016,78,83,41,25,3
दिं,diṃ,diM,230,0.0016,146,21,47,9,7
ण्यु,ṇyu,Ryu,229,0.0016,25,99,53,24,28
र्व्य,rvya,rvya,229,0.0016,63,25,69,63,9
र्यू,ryū,ryU,229,0.0016,151,31,35,6,6
म्प्रे,mpre,mpre,229,0.0016,9,175,40,2,3
र्हिः,rhiḥ,rhiH,228,0.0016,221,0,4,2,1
चां,cāṃ,cAM,228,0.0016,54,49,74,44,7
क्ष्मं,kṣmaṃ,kzmaM,228,0.0016,47,39,51,61,30
न्तै,ntai,ntE,227,0.0016,36,81,59,40,11
द्यौः,dyauḥ,dyOH,227,0.0016,197,17,9,2,2
क्ती,ktī,ktI,227,0.0016,47,41,37,89,13
ख्यः,khyaḥ,KyaH,226,0.0016,12,33,74,96,11
र्षै,rṣai,rzE,226,0.0016,8,98,20,90,10
छ्रु,chru,Cru,226,0.0016,12,48,44,110,12
ण्याः,ṇyāḥ,RyAH,226,0.0016,91,65,35,24,11
श्यः,śyaḥ,SyaH,225,0.0016,69,57,40,36,23
द्बा,dbā,dbA,225,0.0016,14,47,63,90,11
च्छ्वा,cchvā,cCvA,225,0.0016,15,58,111,29,12
द्ब्र,dbra,dbra,225,0.0016,9,11,82,103,20
स्त्य्,sty,sty,224,0.0016,86,33,59,37,9
त्त्रं,ttraṃ,ttraM,224,0.0016,20,26,50,121,7
ङ्गां,ṅgāṃ,NgAM,224,0.0016,6,124,43,25,26
र्तिः,rtiḥ,rtiH,223,0.0016,42,42,87,33,19
ल्प्य,lpya,lpya,223,0.0016,18,53,78,59,15
ध्रि,dhri,Dri,223,0.0016,109,51,38,11,14
म्पु,mpu,mpu,222,0.0015,11,17,17,145,32
ष्के,ṣke,zke,222,0.0015,89,25,48,38,22
प्राः,prāḥ,prAH,222,0.0015,58,67,67,15,15
ण्वा,ṇvā,RvA,222,0.0015,120,36,36,28,2
ध्न,dhna,Dna,221,0.0015,113,35,38,25,10
ण्मा,ṇmā,RmA,221,0.0015,14,37,45,88,37
ल्कं,lkaṃ,lkaM,221,0.0015,1,38,100,69,13
क्था,kthā,kTA,221,0.0015,203,6,4,3,5
श्वै,śvai,SvE,221,0.0015,75,108,20,15,3
ओं,oṃ,oM,221,0.0015,47,29,43,18,84
त्नि,tni,tni,220,0.0015,148,17,24,22,9
स्ख,skha,sKa,219,0.0015,3,43,103,50,20
र्म्य,rmya,rmya,219,0.0015,12,87,87,21,12
ण्मू,ṇmū,RmU,219,0.0015,0,19,125,60,15
ष्णां,ṣṇāṃ,zRAM,218,0.0015,12,117,52,25,12
स्वो,svo,svo,218,0.0015,88,40,36,47,7
शीं,śīṃ,SIM,218,0.0015,26,74,38,60,20
जूं,jūṃ,jUM,217,0.0015,161,18,27,4,7
प्तिं,ptiṃ,ptiM,216,0.0015,34,64,58,43,17
ह्रीं,hrīṃ,hrIM,216,0.0015,0,1,1,161,53
र्थ्य,rthya,rTya,215,0.0015,4,46,76,70,19
षुः,ṣuḥ,zuH,215,0.0015,92,71,33,15,4
ह्वो,hvo,hvo,215,0.0015,57,78,35,32,13
श्रं,śraṃ,SraM,214,0.0015,34,22,52,80,26
ड्वा,ḍvā,qvA,214,0.0015,156,15,18,21,4
ड्भि,ḍbhi,qBi,213,0.0015,68,53,29,44,19
र्दो,rdo,rdo,213,0.0015,35,52,45,57,24
ड्गु,ḍgu,qgu,213,0.0015,0,24,17,140,32
श्रीः,śrīḥ,SrIH,212,0.0015,84,40,41,27,17
ट्या,ṭyā,wyA,212,0.0015,52,30,46,74,10
ष्ट्यै,ṣṭyai,zwyE,212,0.0015,181,3,16,8,4
क्त्रं,ktraṃ,ktraM,212,0.0015,12,60,53,66,21
ण्णा,ṇṇā,RRA,211,0.0015,79,64,37,23,8
स्रै,srai,srE,211,0.0015,3,92,57,29,30
म्नं,mnaṃ,mnaM,211,0.0015,56,105,17,26,7
प्रौ,prau,prO,211,0.0015,96,14,31,53,17
र्त्वि,rtvi,rtvi,211,0.0015,140,29,20,15,7
णीः,ṇīḥ,RIH,210,0.0015,114,30,44,21,1
ल्वं,lvaṃ,lvaM,210,0.0015,21,29,21,116,23
वीः,vīḥ,vIH,210,0.0015,200,5,4,0,1
क्तैः,ktaiḥ,ktEH,210,0.0015,14,64,73,38,21
क्नु,knu,knu,209,0.0015,50,114,33,8,3
न्धुः,ndhuḥ,nDuH,209,0.0015,133,19,26,20,11
न्धी,ndhī,nDI,209,0.0015,49,66,55,31,8
ष्ट्वै,ṣṭvai,zwvE,209,0.0015,12,121,37,33,6
स्थाः,sthāḥ,sTAH,208,0.0015,44,68,61,27,8
ध्वी,dhvī,DvI,208,0.0015,50,72,30,41,15
र्मृ,rmṛ,rmf,208,0.0015,103,15,28,54,8
त्त्वः,ttvaḥ,ttvaH,208,0.0015,2,151,30,12,13
टै,ṭai,wE,208,0.0015,11,23,38,103,33
च्यो,cyo,cyo,207,0.0014,69,53,37,44,4
श्नि,śni,Sni,206,0.0014,132,24,27,20,3
र्थां,rthāṃ,rTAM,205,0.0014,1,74,30,65,34
क्मि,kmi,kmi,205,0.0014,9,55,94,22,25
ग्न्या,gnyā,gnyA,205,0.0014,119,22,28,31,5
ज्रि,jri,jri,205,0.0014,114,37,13,28,13
र्ष्णे,rṣṇe,rzRe,205,0.0014,4,198,1,2,0
थुः,thuḥ,TuH,204,0.0014,82,21,66,34,1
र्तुः,rtuḥ,rtuH,204,0.0014,16,93,40,48,7
न्त्यो,ntyo,ntyo,204,0.0014,31,88,53,20,12
त्त्वाः,ttvāḥ,ttvAH,204,0.0014,1,136,25,5,37
स्त्रो,stro,stro,203,0.0014,13,79,49,40,22
त्किं,tkiṃ,tkiM,203,0.0014,2,51,50,70,30
ग्भा,gbhā,gBA,202,0.0014,4,52,66,56,24
द्दृ,ddṛ,ddf,202,0.0014,9,11,52,108,22
ङ्कां,ṅkāṃ,NkAM,202,0.0014,7,137,28,26,4
र्हे,rhe,rhe,202,0.0014,6,93,34,57,12
ष्ण्य,ṣṇya,zRya,201,0.0014,49,70,52,23,7
फु,phu,Pu,201,0.0014,0,71,67,49,14
र्च्छा,rcchā,rcCA,201,0.0014,0,31,120,38,12
म्बं,mbaṃ,mbaM,200,0.0014,16,43,71,48,22
डः,ḍaḥ,qaH,200,0.0014,29,45,53,51,22
षीं,ṣīṃ,zIM,200,0.0014,40,79,51,21,9
ध्री,dhrī,DrI,200,0.0014,164,4,8,6,18
ट्त्रिं,ṭtriṃ,wtriM,200,0.0014,97,18,29,40,16
र्हृ,rhṛ,rhf,200,0.0014,44,51,59,40,6
ग्रै,grai,grE,199,0.0014,50,91,32,18,7
षिं,ṣiṃ,ziM,199,0.0014,37,112,27,15,8
प्तिः,ptiḥ,ptiH,198,0.0014,39,49,49,50,11
ग्वा,gvā,gvA,198,0.0014,49,36,70,30,13
त्क्रा,tkrā,tkrA,198,0.0014,124,28,12,26,8
ञ्जु,ñju,Yju,198,0.0014,14,18,61,40,62
र्दु,rdu,rdu,197,0.0014,18,21,52,83,23
द्भ्यो,dbhyo,dByo,197,0.0014,139,37,10,8,3
ष्यै,ṣyai,zyE,197,0.0014,80,52,31,21,13
ट्क,ṭka,wka,197,0.0014,117,12,14,33,21
घः,ghaḥ,GaH,197,0.0014,21,93,61,16,6
र्शे,rśe,rSe,196,0.0014,38,59,44,44,11
ष्पै,ṣpai,zpE,196,0.0014,5,66,64,31,30
पिः,piḥ,piH,195,0.0014,21,146,10,17,1
स्यः,syaḥ,syaH,195,0.0014,83,40,47,22,3
ज्जु,jju,jju,195,0.0014,74,36,48,31,6
न्द्व,ndva,ndva,195,0.0014,13,34,40,77,31
र्यौ,ryau,ryO,195,0.0014,46,72,47,14,16
व्रे,vre,vre,195,0.0014,19,76,32,52,16
ख्याः,khyāḥ,KyAH,194,0.0014,20,58,55,51,10
र्गि,rgi,rgi,194,0.0014,17,44,61,44,28
त्त्वि,ttvi,ttvi,194,0.0014,10,61,60,52,11
न्त्यै,ntyai,ntyE,194,0.0014,100,21,28,34,11
युं,yuṃ,yuM,193,0.0013,86,31,27,18,31
म्पे,mpe,mpe,193,0.0013,11,34,58,77,13
क्षू,kṣū,kzU,193,0.0013,49,33,84,21,6
च्चे,cce,cce,192,0.0013,14,70,54,47,7
श्चू,ścū,ScU,192,0.0013,1,59,51,65,16
द्मं,dmaṃ,dmaM,191,0.0013,0,52,56,45,38
र्णौ,rṇau,rRO,189,0.0013,36,54,57,34,8
र्बा,rbā,rbA,188,0.0013,53,14,51,56,14
ष्ठ्या,ṣṭhyā,zWyA,188,0.0013,146,13,12,8,9
देः,deḥ,deH,188,0.0013,34,25,34,76,19
य्य्,yy,yy,188,0.0013,76,16,33,59,4
ग्नो,gno,gno,188,0.0013,32,52,52,38,14
र्थ्या,rthyā,rTyA,187,0.0013,33,24,87,31,12
थ्वी,thvī,TvI,187,0.0013,22,28,46,71,20
धेः,dheḥ,DeH,187,0.0013,6,45,64,58,14
त्थे,tthe,tTe,187,0.0013,60,23,57,41,6
ल्बं,lbaṃ,lbaM,187,0.0013,30,1,2,114,40
प्तु,ptu,ptu,186,0.0013,58,67,35,18,8
र्कं,rkaṃ,rkaM,186,0.0013,54,38,29,48,17
ख्यां,khyāṃ,KyAM,186,0.0013,18,57,47,40,24
ट्टा,ṭṭā,wwA,185,0.0013,2,48,27,86,22
द्दी,ddī,ddI,184,0.0013,34,12,38,76,24
त्पृ,tpṛ,tpf,184,0.0013,26,17,43,78,20
त्मे,tme,tme,184,0.0013,35,55,50,39,5
गुः,guḥ,guH,184,0.0013,52,38,49,34,11
श्यै,śyai,SyE,184,0.0013,62,49,25,39,9
त्ख,tkha,tKa,184,0.0013,21,10,32,97,24
स्त्वां,stvāṃ,stvAM,183,0.0013,2,128,33,16,4
ष्कु,ṣku,zku,183,0.0013,19,72,66,21,5
न्तिः,ntiḥ,ntiH,182,0.0013,50,28,41,58,5
र्के,rke,rke,182,0.0013,24,31,41,69,17
ध्रा,dhrā,DrA,182,0.0013,75,38,47,17,5
च्यां,cyāṃ,cyAM,182,0.0013,78,26,36,30,12
ष्टैः,ṣṭaiḥ,zwEH,182,0.0013,6,60,72,28,16
ञ्ज्या,ñjyā,YjyA,182,0.0013,57,16,75,18,16
ष्पो,ṣpo,zpo,181,0.0013,1,46,63,65,6
द्द्र,ddra,ddra,181,0.0013,14,13,30,105,18
नॄ,nṝ,nF,181,0.0013,48,50,26,38,19
च्छ्रं,cchraṃ,cCraM,181,0.0013,31,45,56,22,27
स्तैः,staiḥ,stEH,180,0.0013,5,78,46,40,11
र्त्रा,rtrā,rtrA,180,0.0013,17,42,49,58,14
यिं,yiṃ,yiM,179,0.0012,178,0,1,0,0
त्तृ,ttṛ,ttf,179,0.0012,16,27,57,59,20
त्को,tko,tko,177,0.0012,5,17,58,73,24
श्मी,śmī,SmI,177,0.0012,54,43,28,37,15
त्नीं,tnīṃ,tnIM,177,0.0012,77,51,28,13,8
ग्ध्वा,gdhvā,gDvA,177,0.0012,26,46,69,31,5
ग्न्य,gnya,gnya,177,0.0012,32,64,45,25,11
स्रां,srāṃ,srAM,177,0.0012,3,40,30,86,18
ष्पे,ṣpe,zpe,177,0.0012,12,65,49,41,10
स्फी,sphī,sPI,177,0.0012,2,80,69,20,6
य्यं,yyaṃ,yyaM,176,0.0012,39,77,40,17,3
स्यू,syū,syU,176,0.0012,85,46,15,28,2
ह्निं,hniṃ,hniM,176,0.0012,12,15,25,80,44
श्वाः,śvāḥ,SvAH,176,0.0012,130,33,10,3,0
ष्ठौ,ṣṭhau,zWO,176,0.0012,64,40,36,18,18
ड्वि,ḍvi,qvi,176,0.0012,16,28,62,46,24
ज्ञैः,jñaiḥ,jYEH,176,0.0012,39,56,28,27,26
ट्वा,ṭvā,wvA,175,0.0012,85,10,38,35,7
सोः,soḥ,soH,175,0.0012,59,55,39,15,7
द्रै,drai,drE,175,0.0012,32,32,54,41,16
न्युः,nyuḥ,nyuH,174,0.0012,44,77,27,25,1
र्हं,rhaṃ,rhaM,174,0.0012,9,88,38,33,6
र्द्रा,rdrā,rdrA,173,0.0012,27,20,43,72,11
ण्ठी,ṇṭhī,RWI,173,0.0012,1,5,82,68,17
त्तू,ttū,ttU,173,0.0012,7,3,33,111,19
ङ्गैः,ṅgaiḥ,NgEH,173,0.0012,30,37,63,31,12
थ्ये,thye,Tye,173,0.0012,46,65,36,20,6
टाः,ṭāḥ,wAH,173,0.0012,6,55,67,37,8
च्यः,cyaḥ,cyaH,172,0.0012,52,45,31,40,4
त्न्या,tnyā,tnyA,172,0.0012,40,41,47,33,11
ग्द,gda,gda,170,0.0012,49,20,58,33,10
सीः,sīḥ,sIH,170,0.0012,149,8,5,3,5
ट्प,ṭpa,wpa,170,0.0012,17,43,48,50,12
ध्यु,dhyu,Dyu,170,0.0012,32,47,56,32,3
र्धू,rdhū,rDU,170,0.0012,5,47,56,43,19
ढ्या,ḍhyā,QyA,169,0.0012,6,38,38,77,10
ध्नो,dhno,Dno,169,0.0012,141,13,5,5,5
ङ्गू,ṅgū,NgU,169,0.0012,20,81,32,22,14
क्ष्णै,kṣṇai,kzRE,169,0.0012,1,119,41,7,1
द्भ्यां,dbhyāṃ,dByAM,168,0.0012,33,56,47,30,2
प्ना,pnā,pnA,167,0.0012,26,52,60,23,6
र्वौ,rvau,rvO,167,0.0012,75,19,37,20,16
र्द्वि,rdvi,rdvi,166,0.0012,12,6,79,57,12
ङ्घ्रि,ṅghri,NGri,166,0.0012,2,2,31,103,28
घाः,ghāḥ,GAH,166,0.0012,15,115,21,12,3
घुः,ghuḥ,GuH,166,0.0012,3,12,35,75,41
क्त्य,ktya,ktya,166,0.0012,10,22,46,81,7
र्ष्या,rṣyā,rzyA,165,0.0012,39,46,38,37,5
र्दृ,rdṛ,rdf,165,0.0012,25,27,57,45,11
र्घं,rghaṃ,rGaM,165,0.0012,24,46,25,51,19
न्नां,nnāṃ,nnAM,165,0.0012,9,74,54,21,7
ग्रः,graḥ,graH,165,0.0012,68,51,29,15,2
ङ्ङ्,ṅṅ,NN,165,0.0012,162,0,0,0,3
ष्फ,ṣpha,zPa,165,0.0012,16,41,48,41,19
ध्यै,dhyai,DyE,164,0.0011,98,29,19,16,2
क्पा,kpā,kpA,164,0.0011,23,9,57,53,22
फं,phaṃ,PaM,164,0.0011,8,19,79,47,11
त्पी,tpī,tpI,164,0.0011,1,26,74,45,18
ष्ठु,ṣṭhu,zWu,163,0.0011,27,45,54,29,8
ध्नी,dhnī,DnI,163,0.0011,62,19,51,21,10
त्तेः,tteḥ,tteH,163,0.0011,7,58,35,58,5
म्याः,myāḥ,myAH,163,0.0011,95,32,25,9,2
ज्याः,jyāḥ,jyAH,162,0.0011,33,30,53,32,14
ञ्छि,ñchi,YCi,162,0.0011,15,10,48,47,42
र्शं,rśaṃ,rSaM,162,0.0011,23,71,34,26,8
द्भ्य,dbhya,dBya,162,0.0011,128,21,3,7,3
ह्मं,hmaṃ,hmaM,161,0.0011,10,71,44,20,16
ल्मु,lmu,lmu,161,0.0011,113,16,14,11,7
न्ध्र,ndhra,nDra,161,0.0011,3,17,42,81,18
ज्री,jrī,jrI,160,0.0011,39,25,8,70,18
य्यां,yyāṃ,yyAM,160,0.0011,16,22,67,39,16
शिं,śiṃ,SiM,160,0.0011,27,49,31,42,11
न्यैः,nyaiḥ,nyEH,160,0.0011,10,75,31,37,7
ग्र्य,grya,grya,160,0.0011,11,89,37,19,4
क्ष्म्या,kṣmyā,kzmyA,160,0.0011,0,66,56,26,12
ङ्गाः,ṅgāḥ,NgAH,159,0.0011,30,61,41,19,8
ञ्चै,ñcai,YcE,159,0.0011,22,47,47,35,8
ग्धः,gdhaḥ,gDaH,158,0.0011,10,39,58,44,7
ण्यै,ṇyai,RyE,158,0.0011,54,35,37,23,9
ह्यः,hyaḥ,hyaH,158,0.0011,37,24,28,52,17
न्धै,ndhai,nDE,158,0.0011,12,76,46,20,4
ष्ठ्य,ṣṭhya,zWya,157,0.0011,99,15,9,11,23
र्मू,rmū,rmU,157,0.0011,4,25,56,62,10
म्ब्य,mbya,mbya,157,0.0011,5,46,56,47,3
त्नो,tno,tno,157,0.0011,26,47,44,32,6
ढ्यं,ḍhyaṃ,QyaM,156,0.0011,2,19,37,77,21
ङ्खं,ṅkhaṃ,NKaM,156,0.0011,9,53,17,35,42
ष्ण्या,ṣṇyā,zRyA,156,0.0011,105,10,23,8,10
ल्यै,lyai,lyE,156,0.0011,18,71,30,19,18
न्द्री,ndrī,ndrI,155,0.0011,65,33,22,28,7
णू,ṇū,RU,155,0.0011,20,26,64,38,7
श्ची,ścī,ScI,155,0.0011,60,28,36,19,12
डां,ḍāṃ,qAM,155,0.0011,48,28,42,26,11
क्ष्यो,kṣyo,kzyo,155,0.0011,34,48,36,32,5
व्रं,vraṃ,vraM,155,0.0011,7,83,31,28,5
ञ्चः,ñcaḥ,YcaH,154,0.0011,108,6,14,15,11
म्लै,mlai,mlE,154,0.0011,0,4,35,99,16
त्त्री,ttrī,ttrI,154,0.0011,7,11,10,108,18
ग्नः,gnaḥ,gnaH,154,0.0011,36,58,31,24,5
च्छ्रो,cchro,cCro,154,0.0011,27,40,51,31,4
र्कः,rkaḥ,rkaH,153,0.0011,57,20,33,28,15
म्रे,mre,mre,153,0.0011,3,20,28,75,27
त्स्थ,tstha,tsTa,152,0.0011,0,124,10,18,0
ङ्क्त,ṅkta,Nkta,152,0.0011,85,20,27,16,4
र्त्ये,rtye,rtye,152,0.0011,69,34,15,10,23
न्द्राः,ndrāḥ,ndrAH,152,0.0011,25,50,52,13,11
ण्,ṇ,R,152,0.0011,50,83,12,4,3
र्जू,rjū,rjU,152,0.0011,4,30,52,61,5
र्घ्य,rghya,rGya,152,0.0011,31,29,43,25,24
ख्यै,khyai,KyE,152,0.0011,12,57,42,37,4
र्श्य,rśya,rSya,151,0.0011,18,35,54,32,12
घ्नु,ghnu,Gnu,151,0.0011,12,109,21,8,1
त्त्रे,ttre,ttre,151,0.0011,29,20,18,66,18
पिं,piṃ,piM,151,0.0011,52,85,1,13,0
छु,chu,Cu,150,0.001,40,21,41,35,13
ब्,b,b,150,0.001,138,8,0,3,1
श्रै,śrai,SrE,150,0.001,79,21,28,8,14
न्त्यः,ntyaḥ,ntyaH,150,0.001,19,66,47,14,4
ष्मै,ṣmai,zmE,150,0.001,146,1,2,1,0
त्र्यं,tryaṃ,tryaM,150,0.001,20,43,28,49,10
घैः,ghaiḥ,GEH,150,0.001,3,85,35,19,8
न्तू,ntū,ntU,149,0.001,33,26,40,32,18
र्णैः,rṇaiḥ,rREH,149,0.001,12,43,41,35,18
त्स्वा,tsvā,tsvA,149,0.001,35,9,38,57,10
न्वै,nvai,nvE,149,0.001,68,5,31,14,31
ध्वि,dhvi,Dvi,149,0.001,2,98,18,19,12
त्स्था,tsthā,tsTA,149,0.001,7,22,50,57,13
द्व्या,dvyā,dvyA,149,0.001,7,17,39,73,13
र्त्यः,rtyaḥ,rtyaH,148,0.001,76,25,19,19,9
ह्नौ,hnau,hnO,148,0.001,0,7,22,86,33
स्थुः,sthuḥ,sTuH,148,0.001,55,58,26,7,2
न्क,nka,nka,148,0.001,7,7,55,67,12
र्शी,rśī,rSI,147,0.001,5,68,39,29,6
द्भे,dbhe,dBe,147,0.001,6,26,42,56,16
क्तू,ktū,ktU,147,0.001,95,21,26,5,0
र्घ्यं,rghyaṃ,rGyaM,147,0.001,15,38,45,37,12
भ्रि,bhri,Bri,146,0.001,112,13,8,6,7
गौः,gauḥ,gOH,146,0.001,99,17,20,5,5
म्णा,mṇā,mRA,146,0.001,36,37,26,20,27
क्यः,kyaḥ,kyaH,146,0.001,12,85,27,13,9
ण्ड्य,ṇḍya,Rqya,146,0.001,6,58,43,37,2
र्षिः,rṣiḥ,rziH,146,0.001,1,114,21,10,0
र्पो,rpo,rpo,145,0.001,21,48,34,37,5
प्रु,pru,pru,145,0.001,104,7,13,13,8
र्जे,rje,rje,145,0.001,95,14,9,19,8
टुः,ṭuḥ,wuH,144,0.001,0,6,30,99,9
ज्यः,jyaḥ,jyaH,144,0.001,21,19,49,35,20
त्वः,tvaḥ,tvaH,144,0.001,73,22,28,13,7
ङ्कं,ṅkaṃ,NkaM,144,0.001,8,35,48,39,14
ष्ट्रः,ṣṭraḥ,zwraH,144,0.001,12,86,16,28,2
ग्ये,gye,gye,144,0.001,18,42,38,33,13
टीं,ṭīṃ,wIM,144,0.001,5,29,18,76,16
न्यौ,nyau,nyO,143,0.001,23,40,40,34,6
ब्धाः,bdhāḥ,bDAH,143,0.001,9,62,53,16,3
ढु,ḍhu,Qu,143,0.001,41,44,32,21,5
र्ग्य,rgya,rgya,143,0.001,81,24,20,7,11
त्म्या,tmyā,tmyA,142,0.001,0,44,59,36,3
र्धो,rdho,rDo,141,0.001,60,12,28,24,17
क्ष्वे,kṣve,kzve,141,0.001,25,51,38,22,5
र्थै,rthai,rTE,141,0.001,3,69,37,26,6
ष्मिं,ṣmiṃ,zmiM,140,0.001,130,4,2,0,4
ल्याः,lyāḥ,lyAH,140,0.001,40,32,32,31,5
चिं,ciṃ,ciM,140,0.001,18,39,42,33,8
ज्झि,jjhi,jJi,139,0.001,0,8,42,73,16
त्योः,tyoḥ,tyoH,139,0.001,81,22,16,15,5
द्युः,dyuḥ,dyuH,139,0.001,45,38,30,24,2
ष्ठै,ṣṭhai,zWE,138,0.001,23,48,39,20,8
क्थ्य,kthya,kTya,138,0.001,126,3,3,1,5
र्व्,rv,rv,138,0.001,127,1,8,1,1
श्चु,ścu,Scu,138,0.001,81,26,8,16,7
ह्ली,hlī,hlI,138,0.001,1,102,15,16,4
स्त्ये,stye,stye,138,0.001,5,38,28,64,3
ञ्ज्ञा,ñjñā,YjYA,138,0.001,2,86,46,2,2
ष्कि,ṣki,zki,137,0.001,9,64,40,18,6
द्दु,ddu,ddu,137,0.001,2,7,61,59,8
क्वे,kve,kve,137,0.001,34,13,71,16,3
ह्वां,hvāṃ,hvAM,137,0.001,81,13,27,13,3
र्भ्यां,rbhyāṃ,rByAM,136,0.0009,9,54,37,26,10
लुः,luḥ,luH,136,0.0009,5,13,38,68,12
ड्व,ḍva,qva,136,0.0009,34,27,45,27,3
मीं,mīṃ,mIM,136,0.0009,58,27,20,19,12
र्चः,rcaḥ,rcaH,136,0.0009,99,5,19,7,6
स्यौ,syau,syO,136,0.0009,56,30,29,15,6
क्ष्णे,kṣṇe,kzRe,136,0.0009,7,66,16,33,14
ह्मी,hmī,hmI,135,0.0009,13,20,45,45,12
ग्ग,gga,gga,135,0.0009,3,25,56,41,10
गोः,goḥ,goH,135,0.0009,75,30,19,6,5
प्स्व्,psv,psv,135,0.0009,126,4,3,1,1
व्यैः,vyaiḥ,vyEH,135,0.0009,25,37,45,18,10
ह्रु,hru,hru,135,0.0009,66,55,3,8,3
र्जी,rjī,rjI,135,0.0009,27,15,17,54,22
त्नै,tnai,tnE,135,0.0009,2,64,30,32,7
द्मे,dme,dme,134,0.0009,11,17,24,32,50
त्र्यां,tryāṃ,tryAM,134,0.0009,52,46,19,9,8
ड्गं,ḍgaṃ,qgaM,133,0.0009,3,62,16,46,6
न्त्यं,ntyaṃ,ntyaM,133,0.0009,14,48,42,22,7
र्म्या,rmyā,rmyA,133,0.0009,21,64,33,13,2
च्चो,cco,cco,133,0.0009,5,49,45,31,3
क्षैः,kṣaiḥ,kzEH,133,0.0009,14,47,43,20,9
ष्ट्री,ṣṭrī,zwrI,132,0.0009,42,15,17,47,11
न्धां,ndhāṃ,nDAM,132,0.0009,18,79,24,10,1
म्लो,mlo,mlo,132,0.0009,13,16,54,41,8
न्दाः,ndāḥ,ndAH,132,0.0009,77,22,12,16,5
क्याः,kyāḥ,kyAH,132,0.0009,39,54,21,9,9
शोः,śoḥ,SoH,132,0.0009,67,5,26,30,4
ध्रे,dhre,Dre,131,0.0009,86,18,6,15,6
प्रां,prāṃ,prAM,131,0.0009,3,46,48,26,8
र्त्यो,rtyo,rtyo,131,0.0009,46,20,27,27,11
द्दो,ddo,ddo,131,0.0009,0,17,49,49,16
द्धैः,ddhaiḥ,dDEH,131,0.0009,2,51,42,20,16
ठं,ṭhaṃ,WaM,130,0.0009,2,19,18,66,25
र्दी,rdī,rdI,130,0.0009,9,24,44,46,7
ञ्जे,ñje,Yje,130,0.0009,27,32,27,31,13
र्मां,rmāṃ,rmAM,130,0.0009,5,42,52,28,3
ङ्ग्य,ṅgya,Ngya,130,0.0009,10,29,45,35,11
ट्टं,ṭṭaṃ,wwaM,130,0.0009,0,3,18,82,27
द्धेः,ddheḥ,dDeH,130,0.0009,1,58,41,27,3
र्माः,rmāḥ,rmAH,129,0.0009,19,46,39,11,14
न्पु,npu,npu,129,0.0009,6,3,62,45,13
र्ब्र,rbra,rbra,129,0.0009,12,10,66,33,8
र्मै,rmai,rmE,129,0.0009,21,40,37,28,3
न्वं,nvaṃ,nvaM,129,0.0009,106,5,6,3,9
नूः,nūḥ,nUH,129,0.0009,114,2,6,3,4
र्ग्,rg,rg,129,0.0009,120,0,6,0,3
र्गी,rgī,rgI,129,0.0009,20,9,79,13,8
ल्व्,lv,lv,128,0.0009,60,7,57,4,0
त्के,tke,tke,128,0.0009,11,16,41,54,6
र्क्ष्य,rkṣya,rkzya,127,0.0009,28,31,32,29,7
ग्वे,gve,gve,127,0.0009,71,13,21,12,10
चीः,cīḥ,cIH,127,0.0009,109,2,7,5,4
त्कि,tki,tki,127,0.0009,20,4,26,62,15
न्थे,nthe,nTe,127,0.0009,60,9,16,25,17
त्रुः,truḥ,truH,127,0.0009,50,49,13,15,0
न्का,nkā,nkA,127,0.0009,3,4,59,45,16
ष्णौ,ṣṇau,zRO,126,0.0009,7,56,36,20,7
म्यः,myaḥ,myaH,126,0.0009,43,32,28,21,2
ह्नु,hnu,hnu,126,0.0009,61,13,28,15,9
बं,baṃ,baM,126,0.0009,15,15,18,72,6
ड्या,ḍyā,qyA,126,0.0009,16,15,53,28,14
र्ष्म,rṣma,rzma,126,0.0009,102,10,6,6,2
त्फु,tphu,tPu,126,0.0009,0,32,53,33,8
घ्रो,ghro,Gro,126,0.0009,16,78,13,16,3
द्घा,dghā,dGA,125,0.0009,3,10,41,55,16
तॄं,tṝṃ,tFM,125,0.0009,21,76,15,7,6
त्स्ये,tsye,tsye,125,0.0009,5,73,22,14,11
ध्याः,dhyāḥ,DyAH,125,0.0009,31,30,44,16,4
श्च्यु,ścyu,Scyu,125,0.0009,10,54,46,12,3
च्छ्व,cchva,cCva,125,0.0009,15,35,55,14,6
ग्र्यं,gryaṃ,gryaM,125,0.0009,2,62,36,16,9
न्मी,nmī,nmI,124,0.0009,7,12,42,42,21
ण्डै,ṇḍai,RqE,124,0.0009,23,35,34,23,9
स्म्य,smya,smya,124,0.0009,2,75,32,12,3
र्ताः,rtāḥ,rtAH,123,0.0009,22,51,25,19,6
स्कु,sku,sku,123,0.0009,75,17,16,10,5
ह्वी,hvī,hvI,123,0.0009,66,34,9,12,2
व्यृ,vyṛ,vyf,123,0.0009,120,2,0,0,1
म्यै,myai,myE,123,0.0009,21,41,34,19,8
च्य्,cy,cy,123,0.0009,110,9,0,3,1
द्मो,dmo,dmo,123,0.0009,4,51,42,21,5
प्त्या,ptyā,ptyA,122,0.0009,32,23,23,38,6
ग्मा,gmā,gmA,122,0.0009,73,5,22,17,5
य्व,yva,yva,122,0.0009,16,34,46,17,9
ध्व्,dhv,Dv,122,0.0009,59,21,31,6,5
य्ये,yye,yye,122,0.0009,45,32,24,20,1
ञ्श,ñśa,YSa,122,0.0009,6,85,11,19,1
त्क्ले,tkle,tkle,122,0.0009,0,14,79,23,6
र्प्य,rpya,rpya,121,0.0008,10,26,35,23,27
रीः,rīḥ,rIH,121,0.0008,79,16,18,4,4
खीं,khīṃ,KIM,121,0.0008,7,25,34,37,18
ङ्क्षी,ṅkṣī,NkzI,121,0.0008,1,62,19,34,5
र्ङ्ग,rṅga,rNga,120,0.0008,3,46,46,14,11
न्तीः,ntīḥ,ntIH,120,0.0008,103,5,7,2,3
भिं,bhiṃ,BiM,120,0.0008,43,14,28,25,10
ध्रो,dhro,Dro,120,0.0008,47,19,16,35,3
ठी,ṭhī,WI,120,0.0008,3,2,45,63,7
स्न,sna,sna,120,0.0008,26,12,49,18,15
ढाः,ḍhāḥ,QAH,120,0.0008,15,44,36,19,6
न्धौ,ndhau,nDO,119,0.0008,20,20,31,35,13
ह्याः,hyāḥ,hyAH,119,0.0008,36,33,20,25,5
त्रुं,truṃ,truM,119,0.0008,7,76,14,19,3
र्पं,rpaṃ,rpaM,119,0.0008,23,48,19,19,10
त्क्रि,tkri,tkri,118,0.0008,5,29,41,36,7
ढ्य,ḍhya,Qya,118,0.0008,3,20,42,47,6
ध्रं,dhraṃ,DraM,118,0.0008,48,23,40,2,5
ग्धि,gdhi,gDi,118,0.0008,53,8,24,29,4
र्द्धि,rddhi,rdDi,118,0.0008,6,28,58,12,14
ण्ठं,ṇṭhaṃ,RWaM,118,0.0008,1,12,49,45,11
ङ्गीं,ṅgīṃ,NgIM,118,0.0008,0,54,29,19,16
श्वां,śvāṃ,SvAM,117,0.0008,25,77,10,3,2
द्भ्रा,dbhrā,dBrA,117,0.0008,2,42,29,43,1
न्वो,nvo,nvo,117,0.0008,90,14,10,2,1
ज्रः,jraḥ,jraH,117,0.0008,102,7,4,4,0
ज्जे,jje,jje,117,0.0008,44,37,15,12,9
प्यः,pyaḥ,pyaH,117,0.0008,15,22,56,16,8
प्तुं,ptuṃ,ptuM,117,0.0008,3,68,23,17,6
क्थं,kthaṃ,kTaM,116,0.0008,90,9,10,5,2
क्पु,kpu,kpu,116,0.0008,3,19,21,66,7
र्ष्णि,rṣṇi,rzRi,116,0.0008,10,59,25,15,7
क्थि,kthi,kTi,116,0.0008,33,15,61,6,1
क्सा,ksā,ksA,116,0.0008,55,21,19,19,2
न्त्याः,ntyāḥ,ntyAH,116,0.0008,5,62,18,24,7
र्म्यं,rmyaṃ,rmyaM,116,0.0008,10,65,23,15,3
क्पृ,kpṛ,kpf,116,0.0008,8,13,38,41,16
र्वीं,rvīṃ,rvIM,116,0.0008,23,66,17,7,3
ण्ठो,ṇṭho,RWo,115,0.0008,9,23,42,36,5
ह्लि,hli,hli,115,0.0008,0,88,11,14,2
थ्यो,thyo,Tyo,115,0.0008,24,31,27,24,9
ष्ट्रि,ṣṭri,zwri,115,0.0008,6,35,38,29,7
ङ्गौ,ṅgau,NgO,115,0.0008,1,32,36,35,11
न्दुः,nduḥ,nduH,114,0.0008,48,12,19,19,16
द्घ,dgha,dGa,114,0.0008,0,15,32,59,8
ष्को,ṣko,zko,114,0.0008,10,23,34,30,17
ग्र्या,gryā,gryA,114,0.0008,6,59,28,16,5
क्लं,klaṃ,klaM,114,0.0008,37,19,31,20,7
न्त्र्या,ntryā,ntryA,114,0.0008,39,12,13,48,2
श्याः,śyāḥ,SyAH,114,0.0008,29,38,34,12,1
स्रैः,sraiḥ,srEH,114,0.0008,6,62,24,9,13
म्नां,mnāṃ,mnAM,113,0.0008,33,17,33,16,14
य्यः,yyaḥ,yyaH,113,0.0008,101,4,6,1,1
ह्नः,hnaḥ,hnaH,113,0.0008,73,8,19,4,9
ग्भिः,gbhiḥ,gBiH,113,0.0008,44,29,19,14,7
द्गि,dgi,dgi,113,0.0008,12,16,30,46,9
न्भ,nbha,nBa,113,0.0008,23,3,38,40,9
द्बी,dbī,dbI,113,0.0008,0,4,17,69,23
त्नः,tnaḥ,tnaH,112,0.0008,24,30,30,23,4
क्ष्मीः,kṣmīḥ,kzmIH,112,0.0008,10,17,40,37,8
त्यैः,tyaiḥ,tyEH,112,0.0008,30,32,30,16,3
त्मै,tmai,tmE,112,0.0008,49,26,6,29,2
स्मो,smo,smo,112,0.0008,32,28,33,11,8
न्धाः,ndhāḥ,nDAH,112,0.0008,17,34,34,18,9
र्ण्या,rṇyā,rRyA,112,0.0008,11,13,21,56,11
श्छा,śchā,SCA,111,0.0008,2,33,34,39,3
ग्ज,gja,gja,111,0.0008,1,51,24,29,4
ङ्कः,ṅkaḥ,NkaH,111,0.0008,6,33,29,36,7
ञ्ची,ñcī,YcI,111,0.0008,7,17,32,40,14
ण्ठि,ṇṭhi,RWi,111,0.0008,2,23,52,23,11
ढुं,ḍhuṃ,QuM,111,0.0008,0,68,21,17,5
त्म्ये,tmye,tmye,111,0.0008,1,10,6,26,68
न्नौ,nnau,nnO,110,0.0008,3,56,29,13,9
र्त्मा,rtmā,rtmA,110,0.0008,39,24,41,3,3
त्सी,tsī,tsI,110,0.0008,60,21,14,11,4
घ्रे,ghre,Gre,110,0.0008,41,39,15,13,2
र्ध्ना,rdhnā,rDnA,110,0.0008,7,52,35,10,6
ध्रः,dhraḥ,DraH,110,0.0008,81,9,3,13,4
न्द्रै,ndrai,ndrE,110,0.0008,15,49,27,11,8
र्व्यू,rvyū,rvyU,110,0.0008,1,4,14,41,50
प्सा,psā,psA,109,0.0008,42,30,23,13,1
न्तैः,ntaiḥ,ntEH,109,0.0008,12,29,34,24,10
घ्नि,ghni,Gni,109,0.0008,43,52,8,6,0
च्छै,cchai,cCE,109,0.0008,31,36,16,18,8
न्त्रैः,ntraiḥ,ntrEH,109,0.0008,38,13,23,26,9
ण्णः,ṇṇaḥ,RRaH,109,0.0008,5,29,63,10,2
मूं,mūṃ,mUM,108,0.0008,29,57,2,19,1
ठ्य,ṭhya,Wya,108,0.0008,1,21,61,16,9
स्तिं,stiṃ,stiM,108,0.0008,25,9,63,6,5
त्सः,tsaḥ,tsaH,107,0.0007,73,8,19,4,3
ष्यां,ṣyāṃ,zyAM,107,0.0007,27,38,25,8,9
चाः,cāḥ,cAH,107,0.0007,40,24,24,16,3
र्द्वा,rdvā,rdvA,106,0.0007,2,13,43,42,6
र्श्वं,rśvaṃ,rSvaM,106,0.0007,4,36,28,36,2
र्त्रे,rtre,rtre,106,0.0007,30,12,33,27,4
क्यै,kyai,kyE,106,0.0007,5,58,20,21,2
र्तां,rtāṃ,rtAM,106,0.0007,4,56,14,28,4
र्ग्र,rgra,rgra,105,0.0007,6,15,49,32,3
ठो,ṭho,Wo,105,0.0007,0,12,41,38,14
ठः,ṭhaḥ,WaH,105,0.0007,0,15,11,61,18
ध्यौ,dhyau,DyO,105,0.0007,7,37,25,25,11
न्ह,nha,nha,105,0.0007,7,3,29,58,8
त्मं,tmaṃ,tmaM,104,0.0007,43,32,12,4,13
र्क्ष,rkṣa,rkza,104,0.0007,9,35,41,16,3
न्त्यां,ntyāṃ,ntyAM,104,0.0007,18,27,24,34,1
ध्यू,dhyū,DyU,104,0.0007,95,6,2,0,1
र्णु,rṇu,rRu,104,0.0007,86,8,4,4,2
म्नी,mnī,mnI,104,0.0007,55,9,5,32,3
क्लो,klo,klo,104,0.0007,33,17,34,16,3
त्स्नां,tsnāṃ,tsnAM,104,0.0007,4,70,15,11,4
त्नु,tnu,tnu,103,0.0007,74,16,6,5,2
ग्भ,gbha,gBa,103,0.0007,8,5,33,48,9
थू,thū,TU,103,0.0007,17,16,34,35,1
र्श्वा,rśvā,rSvA,103,0.0007,8,26,45,22,2
त्त्यै,ttyai,ttyE,103,0.0007,73,4,8,16,2
ष्ठ्यं,ṣṭhyaṃ,zWyaM,103,0.0007,64,12,12,8,7
र्ज्या,rjyā,rjyA,103,0.0007,5,42,25,27,4
हूं,hūṃ,hUM,103,0.0007,24,23,9,26,21
प्स्या,psyā,psyA,103,0.0007,21,64,13,3,2
ब्जा,bjā,bjA,102,0.0007,11,30,28,24,9
र्द्ध,rddha,rdDa,102,0.0007,4,9,20,31,38
न्युं,nyuṃ,nyuM,102,0.0007,24,64,5,8,1
र्ह्य्,rhy,rhy,102,0.0007,81,2,3,12,4
त्सां,tsāṃ,tsAM,102,0.0007,13,44,22,12,11
त्त्रै,ttrai,ttrE,102,0.0007,3,25,42,30,2
द्र्य,drya,drya,102,0.0007,21,7,18,39,16
ग्मे,gme,gme,101,0.0007,38,4,8,38,13
प्यै,pyai,pyE,101,0.0007,27,36,20,17,0
ण्ढ,ṇḍha,RQa,101,0.0007,4,16,50,20,11
न्नु,nnu,nnu,101,0.0007,15,25,34,24,3
ईं,īṃ,IM,100,0.0007,82,0,2,3,13
र्झ,rjha,rJa,100,0.0007,0,37,27,31,5
र्त्वा,rtvā,rtvA,100,0.0007,49,32,5,8,6
ह्वं,hvaṃ,hvaM,100,0.0007,7,18,35,34,6
त्मी,tmī,tmI,100,0.0007,1,7,59,31,2
क्त्वे,ktve,ktve,100,0.0007,7,35,19,28,11
र्ण्यं,rṇyaṃ,rRyaM,99,0.0007,2,40,24,28,5
ग्मं,gmaṃ,gmaM,99,0.0007,13,0,20,42,24
ग्राः,grāḥ,grAH,99,0.0007,33,40,19,4,3
क्तृ,ktṛ,ktf,99,0.0007,2,12,50,34,1
र्चे,rce,rce,99,0.0007,63,10,11,7,8
बै,bai,bE,99,0.0007,54,12,17,11,5
ल्मो,lmo,lmo,99,0.0007,0,13,45,34,7
र्बो,rbo,rbo,99,0.0007,0,41,30,10,18
र्भी,rbhī,rBI,98,0.0007,14,25,17,37,2
ङ्नि,ṅni,Nni,98,0.0007,12,12,29,34,11
नूं,nūṃ,nUM,98,0.0007,23,64,10,1,0
क्थे,kthe,kTe,98,0.0007,89,2,1,3,3
र्ध्वो,rdhvo,rDvo,98,0.0007,86,1,2,4,5
द्रैः,draiḥ,drEH,98,0.0007,19,11,37,25,6
क्श,kśa,kSa,98,0.0007,16,36,32,11,3
र्त्ता,rttā,rttA,98,0.0007,4,22,34,29,9
ट्व,ṭva,wva,98,0.0007,11,11,34,33,9
णोः,ṇoḥ,RoH,98,0.0007,23,30,21,23,1
ण्णो,ṇṇo,RRo,98,0.0007,9,31,33,17,8
त्र्यू,tryū,tryU,97,0.0007,0,5,27,47,18
क्ष्मीं,kṣmīṃ,kzmIM,97,0.0007,8,15,40,27,7
न्तुः,ntuḥ,ntuH,97,0.0007,14,36,27,15,5
म्बः,mbaḥ,mbaH,97,0.0007,6,19,28,38,6
च्छ्य,cchya,cCya,97,0.0007,5,35,25,28,4
न्त्राः,ntrāḥ,ntrAH,97,0.0007,34,13,20,26,4
न्द्धि,nddhi,ndDi,97,0.0007,38,31,12,12,4
न्थिं,nthiṃ,nTiM,97,0.0007,60,4,13,13,7
ङ्क्ष्व,ṅkṣva,Nkzva,97,0.0007,13,57,8,16,3
मुः,muḥ,muH,97,0.0007,23,51,13,7,3
ट्सा,ṭsā,wsA,97,0.0007,0,1,96,0,0
ल्यौ,lyau,lyO,96,0.0007,18,27,26,20,5
ह्निः,hniḥ,hniH,96,0.0007,15,20,21,28,12
र्घे,rghe,rGe,96,0.0007,4,37,35,12,7
क्यां,kyāṃ,kyAM,96,0.0007,12,14,34,25,11
क्ष्यै,kṣyai,kzyE,96,0.0007,3,49,25,15,4
न्ध्यं,ndhyaṃ,nDyaM,95,0.0007,3,39,24,18,11
मूः,mūḥ,mUH,95,0.0007,20,57,11,7,0
घ्रः,ghraḥ,GraH,95,0.0007,9,69,9,8,0
श्नं,śnaṃ,SnaM,95,0.0007,14,55,12,5,9
ग्धै,gdhai,gDE,95,0.0007,0,16,39,34,6
द्धुं,ddhuṃ,dDuM,94,0.0007,1,63,17,10,3
ण्ड्र,ṇḍra,Rqra,94,0.0007,0,14,35,28,17
ड्भिः,ḍbhiḥ,qBiH,94,0.0007,36,24,13,15,6
ग्नाः,gnāḥ,gnAH,94,0.0007,20,52,14,5,3
न्सु,nsu,nsu,93,0.0006,0,4,36,45,8
त्त्वै,ttvai,ttvE,93,0.0006,3,34,25,14,17
त्नीः,tnīḥ,tnIH,93,0.0006,86,4,2,0,1
ध्वे,dhve,Dve,93,0.0006,38,20,18,4,13
ञ्छा,ñchā,YCA,93,0.0006,24,11,29,16,13
ण्डां,ṇḍāṃ,RqAM,93,0.0006,6,34,30,15,8
र्थौ,rthau,rTO,93,0.0006,5,63,15,9,0
स्स,ssa,ssa,93,0.0006,87,0,3,3,0
चैः,caiḥ,cEH,93,0.0006,20,43,8,20,2
र्ज्य,rjya,rjya,93,0.0006,5,25,33,19,11
र्शां,rśāṃ,rSAM,93,0.0006,2,18,40,28,5
क्षीं,kṣīṃ,kzIM,93,0.0006,2,36,16,20,19
ल्ल्यां,llyāṃ,llyAM,93,0.0006,1,0,1,69,22
र्पः,rpaḥ,rpaH,92,0.0006,17,22,24,25,4
न्धिं,ndhiṃ,nDiM,92,0.0006,20,29,8,21,14
घ्री,ghrī,GrI,92,0.0006,2,6,25,53,6
क्ष्मो,kṣmo,kzmo,92,0.0006,13,20,28,27,4
र्ध्वे,rdhve,rDve,92,0.0006,21,2,5,48,16
स्पा,spā,spA,92,0.0006,84,1,3,1,3
त्रोः,troḥ,troH,92,0.0006,20,34,11,21,6
द्व्र,dvra,dvra,92,0.0006,10,7,39,32,4
स्थ्य,sthya,sTya,92,0.0006,5,31,24,30,2
प्से,pse,pse,92,0.0006,35,39,12,5,1
त्स्यो,tsyo,tsyo,91,0.0006,2,38,22,24,5
स्त्र्य,strya,strya,91,0.0006,7,20,16,40,8
ल्ग,lga,lga,91,0.0006,10,47,18,11,5
प्तृ,ptṛ,ptf,91,0.0006,11,70,2,8,0
त्न्यै,tnyai,tnyE,91,0.0006,67,1,18,5,0
ग्रैः,graiḥ,grEH,91,0.0006,21,48,17,4,1
र्त्स्न्ये,rtsnye,rtsnye,91,0.0006,1,67,13,10,0
त्क्षे,tkṣe,tkze,91,0.0006,4,11,38,27,11
ग्दो,gdo,gdo,91,0.0006,0,9,20,61,1
श्ली,ślī,SlI,90,0.0006,15,6,51,15,3
ङ्खि,ṅkhi,NKi,90,0.0006,7,6,27,42,8
स्री,srī,srI,90,0.0006,28,37,12,10,3
र्त्स,rtsa,rtsa,90,0.0006,4,44,34,5,3
त्र्ये,trye,trye,90,0.0006,25,24,30,9,2
थ्यः,thyaḥ,TyaH,90,0.0006,54,10,15,10,1
त्स्व्,tsv,tsv,90,0.0006,39,8,33,10,0
ह्यै,hyai,hyE,90,0.0006,22,27,27,12,2
स्फू,sphū,sPU,89,0.0006,16,23,21,29,0
स्त्रैः,straiḥ,strEH,89,0.0006,2,55,20,10,2
ल्कि,lki,lki,89,0.0006,0,2,66,13,8
त्र्य्,try,try,89,0.0006,80,4,0,3,2
द्विः,dviḥ,dviH,89,0.0006,62,9,9,4,5
न्प्रा,nprā,nprA,89,0.0006,7,2,39,32,9
क्ष्णैः,kṣṇaiḥ,kzREH,89,0.0006,0,57,28,1,3
क्च,kca,kca,89,0.0006,15,12,26,34,2
न्निः,nniḥ,nniH,89,0.0006,0,34,17,24,14
ह्वः,hvaḥ,hvaH,88,0.0006,13,18,18,33,6
र्दं,rdaṃ,rdaM,88,0.0006,7,44,16,18,3
षीः,ṣīḥ,zIH,88,0.0006,67,6,6,4,5
श्य्,śy,Sy,88,0.0006,65,2,5,10,6
र्मी,rmī,rmI,88,0.0006,25,34,20,8,1
न्कु,nku,nku,88,0.0006,8,1,28,38,13
धूः,dhūḥ,DUH,88,0.0006,27,8,16,35,2
ग्धाः,gdhāḥ,gDAH,88,0.0006,12,23,35,12,6
र्मौ,rmau,rmO,87,0.0006,7,30,24,22,4
ग्दे,gde,gde,87,0.0006,7,15,24,28,13
ल्क्य,lkya,lkya,87,0.0006,38,20,11,15,3
ञ्जू,ñjū,YjU,87,0.0006,34,13,5,25,10
श्वैः,śvaiḥ,SvEH,87,0.0006,38,34,9,6,0
ब्दि,bdi,bdi,87,0.0006,17,19,23,18,10
क्ष्णः,kṣṇaḥ,kzRaH,87,0.0006,15,18,31,22,1
र्बि,rbi,rbi,87,0.0006,9,39,15,16,8
यूं,yūṃ,yUM,87,0.0006,65,14,4,2,2
द्भ्या,dbhyā,dByA,87,0.0006,21,36,23,6,1
र्लि,rli,rli,87,0.0006,3,12,19,45,8
श्रीं,śrīṃ,SrIM,87,0.0006,1,0,1,61,24
ह्मै,hmai,hmE,86,0.0006,42,19,11,10,4
त्र्याः,tryāḥ,tryAH,86,0.0006,30,14,22,17,3
र्ले,rle,rle,85,0.0006,7,4,17,46,11
र्जो,rjo,rjo,85,0.0006,56,4,12,10,3
वेः,veḥ,veH,85,0.0006,23,24,19,13,5
ड्गे,ḍge,qge,85,0.0006,2,38,10,30,5
ज्म,jma,jma,85,0.0006,82,3,0,0,0
र्च्छ,rccha,rcCa,85,0.0006,45,10,8,17,5
द्दुः,dduḥ,dduH,85,0.0006,0,18,31,28,8
ण्ड्वा,ṇḍvā,RqvA,85,0.0006,7,12,36,24,6
द्ग्रा,dgrā,dgrA,85,0.0006,20,5,17,35,8
त्खो,tkho,tKo,85,0.0006,1,0,0,79,5
द्द्वा,ddvā,ddvA,84,0.0006,7,7,14,43,13
स्तिः,stiḥ,stiH,84,0.0006,21,5,52,3,3
लेः,leḥ,leH,84,0.0006,1,25,32,20,6
ब्धौ,bdhau,bDO,84,0.0006,5,37,24,15,3
ग्ल,gla,gla,84,0.0006,9,37,29,8,1
घी,ghī,GI,84,0.0006,19,37,19,6,3
र्भै,rbhai,rBE,84,0.0006,51,5,11,7,10
ग्मि,gmi,gmi,84,0.0006,27,42,9,5,1
द्ध्य्,ddhy,dDy,84,0.0006,73,4,3,3,1
ल्लं,llaṃ,llaM,84,0.0006,0,17,12,38,17
प्नं,pnaṃ,pnaM,84,0.0006,11,23,31,14,5
भुं,bhuṃ,BuM,84,0.0006,7,17,44,9,7
ढ्यो,ḍhyo,Qyo,84,0.0006,7,25,20,25,7
न्दै,ndai,ndE,84,0.0006,2,10,49,18,5
ल्पै,lpai,lpE,83,0.0006,0,36,26,15,5
स्त्यो,styo,styo,83,0.0006,16,35,15,6,11
णेः,ṇeḥ,ReH,83,0.0006,25,23,16,13,6
ड्र,ḍra,qra,83,0.0006,0,15,17,41,10
ष्णू,ṣṇū,zRU,83,0.0006,57,11,9,2,4
स्त्यः,styaḥ,styaH,83,0.0006,13,35,15,14,6
त्न्य,tnya,tnya,83,0.0006,18,18,32,13,2
र्ध्नो,rdhno,rDno,83,0.0006,70,2,8,2,1
न्थाः,nthāḥ,nTAH,83,0.0006,23,28,20,11,1
ष्णै,ṣṇai,zRE,83,0.0006,4,6,55,15,3
र्घृ,rghṛ,rGf,83,0.0006,0,28,24,24,7
त्प्रे,tpre,tpre,82,0.0006,3,5,33,32,9
ण्णं,ṇṇaṃ,RRaM,82,0.0006,4,26,26,21,5
च्छः,cchaḥ,cCaH,82,0.0006,25,11,10,22,14
र्त्र,rtra,rtra,82,0.0006,67,1,4,7,3
न्वः,nvaḥ,nvaH,82,0.0006,79,0,2,0,1
ह्णि,hṇi,hRi,82,0.0006,21,25,9,21,6
ष्पैः,ṣpaiḥ,zpEH,82,0.0006,2,25,28,17,10
ण्णां,ṇṇāṃ,RRAM,82,0.0006,24,37,8,10,3
ङ्खो,ṅkho,NKo,81,0.0006,8,11,28,21,13
र्तै,rtai,rtE,81,0.0006,4,20,39,16,2
ढां,ḍhāṃ,QAM,81,0.0006,2,21,21,26,11
ट्कु,ṭku,wku,81,0.0006,70,1,6,3,1
र्ग्यः,rgyaḥ,rgyaH,81,0.0006,58,7,1,2,13
त्स्र,tsra,tsra,81,0.0006,9,32,26,12,2
ण्डाः,ṇḍāḥ,RqAH,81,0.0006,12,36,25,7,1
र्षाः,rṣāḥ,rzAH,81,0.0006,27,37,9,3,4
द्रीं,drīṃ,drIM,81,0.0006,1,18,4,5,53
स्फ्ये,sphye,sPye,81,0.0006,79,0,0,0,2
र्नृ,rnṛ,rnf,81,0.0006,1,6,27,41,6
ग्ज्यो,gjyo,gjyo,81,0.0006,2,49,19,11,0
र्चिः,rciḥ,rciH,80,0.0006,29,17,13,19,2
र्हः,rhaḥ,rhaH,80,0.0006,4,56,8,8,4
र्दः,rdaḥ,rdaH,80,0.0006,28,22,8,20,2
डाः,ḍāḥ,qAH,80,0.0006,24,33,14,6,3
द्भृ,dbhṛ,dBf,80,0.0006,12,3,26,22,17
स्म्य्,smy,smy,80,0.0006,27,24,16,10,3
ल्पाः,lpāḥ,lpAH,80,0.0006,16,26,29,8,1
णुः,ṇuḥ,RuH,80,0.0006,18,17,19,21,5
ट्फ,ṭpha,wPa,80,0.0006,0,6,45,25,4
ङ्ग्या,ṅgyā,NgyA,80,0.0006,12,11,27,27,3
र्ध्या,rdhyā,rDyA,80,0.0006,19,30,11,17,3
र्व्ये,rvye,rvye,80,0.0006,25,38,6,5,6
चृ,cṛ,cf,80,0.0006,76,2,0,0,2
ङ्क्र,ṅkra,Nkra,80,0.0006,9,26,27,13,5
ख्यौ,khyau,KyO,79,0.0006,2,48,15,12,2
र्यैः,ryaiḥ,ryEH,79,0.0006,11,28,20,14,6
स्फ्य,sphya,sPya,79,0.0006,74,3,2,0,0
र्व्र,rvra,rvra,79,0.0006,10,16,23,19,11
न्नैः,nnaiḥ,nnEH,79,0.0006,10,35,25,7,2
ज्ज्वा,jjvā,jjvA,79,0.0006,16,13,17,21,12
म्नै,mnai,mnE,79,0.0006,32,14,8,19,6
ल्वि,lvi,lvi,79,0.0006,22,22,5,17,13
ङ्मा,ṅmā,NmA,79,0.0006,6,15,16,30,11
ल्लै,llai,llE,79,0.0006,0,64,7,6,2
ष्ट्यं,ṣṭyaṃ,zwyaM,79,0.0006,2,1,3,62,11
प्यां,pyāṃ,pyAM,78,0.0005,0,4,8,52,14
र्दै,rdai,rdE,78,0.0005,0,3,54,16,5
ङ्खे,ṅkhe,NKe,78,0.0005,10,21,13,16,18
म्रो,mro,mro,78,0.0005,39,7,13,16,3
न्द्वा,ndvā,ndvA,78,0.0005,5,11,20,31,11
ह्वे,hve,hve,78,0.0005,33,13,10,16,6
य्वा,yvā,yvA,78,0.0005,1,24,24,24,5
फः,phaḥ,PaH,78,0.0005,1,7,51,16,3
त्त्रो,ttro,ttro,78,0.0005,2,8,7,57,4
ल्मे,lme,lme,78,0.0005,0,34,35,7,2
स्प्र,spra,spra,77,0.0005,1,31,22,21,2
क्कृ,kkṛ,kkf,77,0.0005,1,10,27,26,13
त्प्री,tprī,tprI,77,0.0005,13,15,18,22,9
लुं,luṃ,luM,77,0.0005,8,9,22,36,2
र्गाः,rgāḥ,rgAH,77,0.0005,16,25,22,8,6
र्ध्य,rdhya,rDya,77,0.0005,51,8,11,7,0
बू,bū,bU,77,0.0005,4,7,43,20,3
त्सौ,tsau,tsO,77,0.0005,18,13,17,18,11
रूं,rūṃ,rUM,77,0.0005,17,37,17,5,1
स्झ्झ्,sjhjh,sJJ,77,0.0005,1,3,2,4,65
म्प्रो,mpro,mpro,77,0.0005,34,2,12,22,7
कुं,kuṃ,kuM,76,0.0005,1,5,31,36,3
क्से,kse,kse,76,0.0005,2,24,24,23,3
ट्टे,ṭṭe,wwe,76,0.0005,23,3,27,21,2
र्त्यं,rtyaṃ,rtyaM,76,0.0005,50,6,8,10,2
ल्वो,lvo,lvo,76,0.0005,7,22,19,15,13
ढ्र,ḍhra,Qra,76,0.0005,10,7,47,8,4
न्त्वि,ntvi,ntvi,76,0.0005,24,35,9,6,2
धीं,dhīṃ,DIM,76,0.0005,35,10,17,12,2
र्षौ,rṣau,rzO,76,0.0005,0,34,20,20,2
ग्नां,gnāṃ,gnAM,76,0.0005,9,27,19,12,9
ष्प्रा,ṣprā,zprA,76,0.0005,11,43,11,5,6
श्नो,śno,Sno,75,0.0005,20,22,14,11,8
र्भाः,rbhāḥ,rBAH,75,0.0005,57,7,7,3,1
त्र्यो,tryo,tryo,75,0.0005,56,6,6,5,2
र्गै,rgai,rgE,75,0.0005,11,6,23,28,7
क्मा,kmā,kmA,75,0.0005,51,14,1,6,3
न्पा,npā,npA,75,0.0005,6,2,23,37,7
र्ष्य,rṣya,rzya,75,0.0005,6,20,34,13,2
र्थ्यं,rthyaṃ,rTyaM,75,0.0005,0,31,24,15,5
त्यृ,tyṛ,tyf,75,0.0005,54,4,7,6,4
ग्दा,gdā,gdA,75,0.0005,2,9,48,13,3
द्द्रु,ddru,ddru,75,0.0005,22,2,6,42,3
द्बो,dbo,dbo,74,0.0005,1,32,4,20,17
ङ्क्तिः,ṅktiḥ,NktiH,74,0.0005,58,2,5,3,6
ष्णाः,ṣṇāḥ,zRAH,74,0.0005,20,15,27,10,2
शीः,śīḥ,SIH,74,0.0005,34,21,13,5,1
र्ग्यं,rgyaṃ,rgyaM,74,0.0005,29,26,6,5,8
न्ग,nga,nga,74,0.0005,2,4,30,33,5
त्वौ,tvau,tvO,74,0.0005,64,4,5,0,1
ञ्चौ,ñcau,YcO,74,0.0005,69,1,1,1,2
त्न्य्,tny,tny,74,0.0005,64,2,3,4,1
च्च्यु,ccyu,ccyu,74,0.0005,0,39,14,11,10
ङ्खः,ṅkhaḥ,NKaH,73,0.0005,17,12,14,19,11
श्च्य,ścya,Scya,73,0.0005,24,32,9,6,2
घि,ghi,Gi,73,0.0005,6,21,22,19,5
ष्क्रि,ṣkri,zkri,73,0.0005,3,28,28,13,1
ण्यौ,ṇyau,RyO,73,0.0005,44,7,15,3,4
क्ष्मे,kṣme,kzme,73,0.0005,14,28,19,10,2
क्शि,kśi,kSi,73,0.0005,21,35,12,2,3
ड्विं,ḍviṃ,qviM,73,0.0005,9,26,19,9,10
ण्डुं,ṇḍuṃ,RquM,73,0.0005,2,28,14,21,8
र्द्व,rdva,rdva,72,0.0005,2,16,23,26,5
द्वाः,dvāḥ,dvAH,72,0.0005,8,32,9,19,4
स्थ्यं,sthyaṃ,sTyaM,72,0.0005,1,21,21,22,7
ध्नः,dhnaḥ,DnaH,72,0.0005,46,8,14,3,1
ण्ड्या,ṇḍyā,RqyA,72,0.0005,2,18,22,29,1
ह्रे,hre,hre,72,0.0005,29,12,23,7,1
वू,vū,vU,72,0.0005,2,28,22,12,8
टां,ṭāṃ,wAM,72,0.0005,5,24,20,20,3
त्पे,tpe,tpe,72,0.0005,0,51,7,13,1
ग्भ्यो,gbhyo,gByo,71,0.0005,41,9,6,9,6
त्रीः,trīḥ,trIH,71,0.0005,63,3,3,2,0
स्फि,sphi,sPi,71,0.0005,10,21,29,9,2
ण्डुः,ṇḍuḥ,RquH,71,0.0005,0,30,28,13,0
श्चौ,ścau,ScO,71,0.0005,0,31,23,11,6
ज्यां,jyāṃ,jyAM,71,0.0005,15,29,18,8,1
ङ्खैः,ṅkhaiḥ,NKEH,71,0.0005,0,66,3,2,0
र्बी,rbī,rbI,71,0.0005,1,3,13,38,16
क्सु,ksu,ksu,70,0.0005,2,9,12,47,0
न्द्वं,ndvaṃ,ndvaM,70,0.0005,27,6,7,22,8
टिः,ṭiḥ,wiH,70,0.0005,0,10,20,36,4
ण्ठः,ṇṭhaḥ,RWaH,70,0.0005,6,16,27,19,2
र्ज्ञा,rjñā,rjYA,70,0.0005,10,12,24,22,2
टिं,ṭiṃ,wiM,70,0.0005,1,27,13,23,6
भ्ना,bhnā,BnA,70,0.0005,60,2,2,3,3
ग्भ्यः,gbhyaḥ,gByaH,70,0.0005,37,18,10,0,5
र्धु,rdhu,rDu,70,0.0005,35,13,9,11,2
डै,ḍai,qE,70,0.0005,4,15,27,18,6
क्ष्याः,kṣyāḥ,kzyAH,70,0.0005,12,26,16,15,1
ह्मौ,hmau,hmO,70,0.0005,67,0,2,0,1
र्ष्णा,rṣṇā,rzRA,70,0.0005,38,19,7,5,1
त्कौ,tkau,tkO,70,0.0005,0,45,9,15,1
ग्रू,grū,grU,70,0.0005,1,14,22,29,4
र्थैः,rthaiḥ,rTEH,70,0.0005,1,36,15,13,5
घ्नुः,ghnuḥ,GnuH,69,0.0005,8,46,13,2,0
र्गां,rgāṃ,rgAM,69,0.0005,11,23,11,18,6
ध्नु,dhnu,Dnu,69,0.0005,53,10,4,0,2
ट्सु,ṭsu,wsu,69,0.0005,20,19,14,12,4
ङ्क्तो,ṅkto,Nkto,69,0.0005,65,0,2,1,1
ञ्जं,ñjaṃ,YjaM,69,0.0005,8,9,15,29,8
द्वो,dvo,dvo,69,0.0005,16,27,16,8,2
ल्को,lko,lko,69,0.0005,4,4,31,23,7
ध्वः,dhvaḥ,DvaH,69,0.0005,64,2,1,1,1
द्घो,dgho,dGo,69,0.0005,1,15,22,26,5
र्त्स्य,rtsya,rtsya,69,0.0005,15,29,17,7,1
स्वैः,svaiḥ,svEH,69,0.0005,7,33,21,6,2
द्घृ,dghṛ,dGf,69,0.0005,1,10,36,19,3
र्द्धं,rddhaṃ,rdDaM,68,0.0005,1,0,2,17,47
ङ्ख्या,ṅkhyā,NKyA,68,0.0005,2,26,22,9,9
त्र्यै,tryai,tryE,68,0.0005,54,3,2,7,2
त्स्म,tsma,tsma,68,0.0005,11,36,7,14,0
ञ्छु,ñchu,YCu,68,0.0005,26,6,16,7,13
ट्स,ṭsa,wsa,68,0.0005,2,15,31,15,5
णुं,ṇuṃ,RuM,68,0.0005,12,23,20,11,2
ब्दै,bdai,bdE,68,0.0005,1,34,16,15,2
ष्ठ्यां,ṣṭhyāṃ,zWyAM,68,0.0005,18,4,11,21,14
न्द्रैः,ndraiḥ,ndrEH,68,0.0005,7,21,20,13,7
ग्रां,grāṃ,grAM,68,0.0005,8,34,10,10,6
ज्जं,jjaṃ,jjaM,67,0.0005,0,26,24,13,4
ल्कः,lkaḥ,lkaH,67,0.0005,8,10,21,20,8
च्छ्री,cchrī,cCrI,67,0.0005,21,19,5,15,7
न्दृ,ndṛ,ndf,67,0.0005,0,1,28,32,6
ङ्घि,ṅghi,NGi,67,0.0005,1,14,37,13,2
र्ग्रा,rgrā,rgrA,67,0.0005,8,10,17,27,5
ल्ल्या,llyā,llyA,67,0.0005,0,1,1,46,19
म्णे,mṇe,mRe,67,0.0005,62,1,3,0,1
त्स्वे,tsve,tsve,67,0.0005,15,11,13,26,2
ल्पी,lpī,lpI,67,0.0005,12,13,21,15,6
र्षेः,rṣeḥ,rzeH,67,0.0005,3,51,5,7,1
न्द्रां,ndrāṃ,ndrAM,67,0.0005,2,25,26,10,4
र्षां,rṣāṃ,rzAM,67,0.0005,6,23,23,13,2
न्थो,ntho,nTo,66,0.0005,9,6,21,26,4
ट्यां,ṭyāṃ,wyAM,66,0.0005,5,18,24,15,4
च्याः,cyāḥ,cyAH,66,0.0005,24,21,9,11,1
न्धिः,ndhiḥ,nDiH,66,0.0005,23,3,18,20,2
म्भ्र,mbhra,mBra,66,0.0005,0,24,25,15,2
ध्मः,dhmaḥ,DmaH,66,0.0005,62,0,0,3,1
त्क्षी,tkṣī,tkzI,66,0.0005,1,1,10,52,2
ल्कै,lkai,lkE,66,0.0005,6,8,41,9,2
क्रां,krāṃ,krAM,66,0.0005,7,18,3,38,0
ण्मु,ṇmu,Rmu,65,0.0005,2,3,29,16,15
द्ध्ये,ddhye,dDye,65,0.0005,44,8,4,8,1
ढि,ḍhi,Qi,65,0.0005,23,2,9,28,3
ष्ट्राः,ṣṭrāḥ,zwrAH,65,0.0005,14,42,7,1,1
र्तौ,rtau,rtO,65,0.0005,19,10,13,18,5
क्थ्यः,kthyaḥ,kTyaH,65,0.0005,64,0,0,1,0
न्तोः,ntoḥ,ntoH,65,0.0005,6,18,13,26,2
श्छे,śche,SCe,65,0.0005,0,23,22,19,1
त्स्ने,tsne,tsne,65,0.0005,5,24,15,21,0
गूं,gūṃ,gUM,65,0.0005,8,8,46,3,0
स्कं,skaṃ,skaM,65,0.0005,5,25,25,6,4
थ्यां,thyāṃ,TyAM,65,0.0005,18,12,26,5,4
न्न्व,nnva,nnva,65,0.0005,2,22,36,0,5
ल्मं,lmaṃ,lmaM,65,0.0005,2,23,27,11,2
म्लैः,mlaiḥ,mlEH,65,0.0005,1,1,13,41,9
न्पि,npi,npi,65,0.0005,4,0,27,23,11
न्स्व,nsva,nsva,65,0.0005,1,4,19,38,3
न्सं,nsaṃ,nsaM,65,0.0005,4,2,23,29,7
ग्भू,gbhū,gBU,64,0.0004,0,19,15,15,15
ण्डौ,ṇḍau,RqO,64,0.0004,11,14,26,7,6
खौ,khau,KO,64,0.0004,6,21,17,13,7
ट्को,ṭko,wko,64,0.0004,0,1,3,47,13
ब्धिः,bdhiḥ,bDiH,64,0.0004,0,19,33,11,1
ण्वे,ṇve,Rve,64,0.0004,50,6,2,5,1
ष्क्री,ṣkrī,zkrI,64,0.0004,58,1,4,0,1
ङ्घे,ṅghe,NGe,64,0.0004,5,11,23,19,6
त्क्रो,tkro,tkro,64,0.0004,14,11,28,11,0
न्थं,nthaṃ,nTaM,64,0.0004,21,9,19,13,2
ड्भा,ḍbhā,qBA,64,0.0004,3,26,11,19,5
व्रि,vri,vri,64,0.0004,28,14,14,8,0
गुं,guṃ,guM,64,0.0004,9,8,4,34,9
र्तॄ,rtṝ,rtF,64,0.0004,5,26,18,6,9
ञ्जो,ñjo,Yjo,64,0.0004,5,17,5,32,5
ङ्मां,ṅmāṃ,NmAM,64,0.0004,1,10,36,17,0
ख्यैः,khyaiḥ,KyEH,64,0.0004,1,23,17,18,5
क्तेः,kteḥ,kteH,64,0.0004,0,7,15,34,8
ड्डी,ḍḍī,qqI,63,0.0004,0,4,10,20,29
त्सुः,tsuḥ,tsuH,63,0.0004,4,55,0,3,1
त्स्यः,tsyaḥ,tsyaH,63,0.0004,17,24,9,10,3
ष्ट्वो,ṣṭvo,zwvo,63,0.0004,28,20,5,10,0
र्चं,rcaṃ,rcaM,63,0.0004,41,1,10,6,5
ष्वै,ṣvai,zvE,63,0.0004,7,30,10,1,15
ण्वं,ṇvaṃ,RvaM,63,0.0004,27,17,9,6,4
त्प्रो,tpro,tpro,63,0.0004,4,1,16,33,9
ष्ण्यं,ṣṇyaṃ,zRyaM,63,0.0004,23,10,10,12,8
क्वो,kvo,kvo,63,0.0004,4,5,32,17,5
द्ध्रु,ddhru,dDru,63,0.0004,4,1,6,47,5
ड्यो,ḍyo,qyo,62,0.0004,19,9,22,9,3
थुं,thuṃ,TuM,62,0.0004,10,11,27,14,0
र्ध्वः,rdhvaḥ,rDvaH,62,0.0004,59,1,0,0,2
घ्य,ghya,Gya,62,0.0004,13,8,16,20,5
ङ्क्षा,ṅkṣā,NkzA,62,0.0004,5,16,23,10,8
शिः,śiḥ,SiH,62,0.0004,15,9,21,15,2
घ्रौ,ghrau,GrO,62,0.0004,5,54,3,0,0
त्तुं,ttuṃ,ttuM,62,0.0004,3,33,8,15,3
र्भ्या,rbhyā,rByA,62,0.0004,12,26,18,4,2
ब्दाः,bdāḥ,bdAH,62,0.0004,9,21,22,6,4
प्त्य,ptya,ptya,61,0.0004,9,13,22,12,5
ण्ड्यः,ṇḍyaḥ,RqyaH,61,0.0004,9,17,33,2,0
न्दौ,ndau,ndO,61,0.0004,4,21,16,16,4
म्मि,mmi,mmi,61,0.0004,21,3,12,21,4
म्भां,mbhāṃ,mBAM,61,0.0004,3,17,25,8,8
ड्यः,ḍyaḥ,qyaH,61,0.0004,41,3,12,3,2
डैः,ḍaiḥ,qEH,61,0.0004,0,27,13,14,7
न्कृ,nkṛ,nkf,61,0.0004,3,4,26,24,4
क्ष्यः,kṣyaḥ,kzyaH,61,0.0004,8,22,14,15,2
ङ्घ्य,ṅghya,NGya,61,0.0004,0,3,27,26,5
द्बि,dbi,dbi,61,0.0004,6,4,9,29,13
न्रा,nrā,nrA,61,0.0004,4,1,9,40,7
क्त्यु,ktyu,ktyu,60,0.0004,0,2,10,40,8
क्त्वो,ktvo,ktvo,60,0.0004,26,5,10,16,3
त्र्यु,tryu,tryu,60,0.0004,31,21,2,3,3
म्यु,myu,myu,60,0.0004,11,26,8,10,5
र्षुः,rṣuḥ,rzuH,60,0.0004,1,41,11,4,3
र्घ्या,rghyā,rGyA,60,0.0004,8,12,18,13,9
क्त्रो,ktro,ktro,60,0.0004,0,15,25,14,6
न्त्यौ,ntyau,ntyO,60,0.0004,4,40,8,8,0
र्ह्रा,rhrā,rhrA,59,0.0004,1,25,13,19,1
र्गौ,rgau,rgO,59,0.0004,9,14,18,16,2
त्स्थि,tsthi,tsTi,59,0.0004,1,4,12,32,10
न्झ्,njh,nJ,59,0.0004,0,11,13,26,9
भेः,bheḥ,BeH,59,0.0004,30,11,14,3,1
ट्यो,ṭyo,wyo,59,0.0004,0,16,21,10,12
स्क्रि,skri,skri,59,0.0004,18,4,14,16,7
द्दै,ddai,ddE,59,0.0004,9,1,25,20,4
शूं,śūṃ,SUM,59,0.0004,39,12,2,3,3
श्प,śpa,Spa,59,0.0004,59,0,0,0,0
क्रै,krai,krE,59,0.0004,11,22,13,10,3
ज्य्,jy,jy,59,0.0004,56,0,0,1,2
कुः,kuḥ,kuH,59,0.0004,8,36,7,7,1
न्सा,nsā,nsA,59,0.0004,0,1,14,40,4
क्कि,kki,kki,59,0.0004,16,25,11,6,1
न्मै,nmai,nmE,59,0.0004,11,28,8,11,1
छृ,chṛ,Cf,59,0.0004,27,7,9,9,7
न्त्वा,ntvā,ntvA,59,0.0004,16,12,10,18,3
पौं,pauṃ,pOM,59,0.0004,54,1,0,4,0
ज्ज्ञे,jjñe,jjYe,59,0.0004,0,11,15,27,6
ग्रि,gri,gri,58,0.0004,41,4,3,6,4
द्भी,dbhī,dBI,58,0.0004,3,4,14,31,6
ज्ञौ,jñau,jYO,58,0.0004,9,32,11,6,0
ल्फ,lpha,lPa,58,0.0004,9,6,31,10,2
टौ,ṭau,wO,58,0.0004,2,24,19,10,3
य्यो,yyo,yyo,58,0.0004,26,9,17,5,1
ष्ठैः,ṣṭhaiḥ,zWEH,58,0.0004,16,14,13,9,6
त्थो,ttho,tTo,58,0.0004,12,9,19,16,2
न्थी,nthī,nTI,58,0.0004,30,4,11,11,2
क्ष्व्,kṣv,kzv,58,0.0004,46,0,3,3,6
त्स्त,tsta,tsta,58,0.0004,13,13,19,10,3
न्ब,nba,nba,58,0.0004,1,2,21,29,5
षोः,ṣoḥ,zoH,58,0.0004,7,17,18,11,5
न्र,nra,nra,58,0.0004,0,1,16,36,5
र्द्रं,rdraṃ,rdraM,57,0.0004,9,13,13,17,5
त्स्यं,tsyaṃ,tsyaM,57,0.0004,4,19,14,10,10
ङ्क्षे,ṅkṣe,Nkze,57,0.0004,11,27,5,9,5
त्की,tkī,tkI,57,0.0004,0,9,26,14,7
त्तैः,ttaiḥ,ttEH,57,0.0004,5,26,14,9,3
क्त्यै,ktyai,ktyE,57,0.0004,12,4,11,27,3
च्यै,cyai,cyE,57,0.0004,26,9,11,9,2
त्ष,tṣa,tza,57,0.0004,8,4,10,27,8
र्व्यां,rvyāṃ,rvyAM,57,0.0004,2,35,15,4,1
र्द्वं,rdvaṃ,rdvaM,57,0.0004,1,49,6,1,0
न्ध्रा,ndhrā,nDrA,57,0.0004,1,11,17,24,4
ड्यं,ḍyaṃ,qyaM,56,0.0004,6,8,14,24,4
स्त्यं,styaṃ,styaM,56,0.0004,4,17,19,10,6
न्द्ध,nddha,ndDa,56,0.0004,56,0,0,0,0
ग्भ्य,gbhya,gBya,56,0.0004,36,9,5,3,3
झि,jhi,Ji,56,0.0004,0,9,16,29,2
ग्वं,gvaṃ,gvaM,56,0.0004,43,3,8,2,0
म्प्ल,mpla,mpla,56,0.0004,0,6,9,7,34
म्पी,mpī,mpI,56,0.0004,13,25,7,7,4
र्वीः,rvīḥ,rvIH,56,0.0004,54,2,0,0,0
ष्यैः,ṣyaiḥ,zyEH,56,0.0004,9,13,23,7,4
न्धैः,ndhaiḥ,nDEH,56,0.0004,5,20,16,8,7
द्भो,dbho,dBo,56,0.0004,0,5,18,29,4
ङ्घो,ṅgho,NGo,56,0.0004,0,10,17,25,4
ष्ठीं,ṣṭhīṃ,zWIM,56,0.0004,10,8,8,20,10
ध्वो,dhvo,Dvo,55,0.0004,39,1,5,9,1
ह्यां,hyāṃ,hyAM,55,0.0004,4,34,11,4,2
घ्नौ,ghnau,GnO,55,0.0004,6,14,25,7,3
ह्वृ,hvṛ,hvf,55,0.0004,29,6,14,3,3
त्थः,tthaḥ,tTaH,55,0.0004,20,8,12,12,3
न्दुं,nduṃ,nduM,55,0.0004,15,9,10,16,5
हीः,hīḥ,hIH,55,0.0004,48,5,1,1,0
घ्राः,ghrāḥ,GrAH,55,0.0004,5,48,1,1,0
घ्व,ghva,Gva,55,0.0004,1,19,20,11,4
र्ज्ञे,rjñe,rjYe,55,0.0004,0,17,20,14,4
क्लै,klai,klE,55,0.0004,1,18,21,15,0
व्रु,vru,vru,55,0.0004,2,44,9,0,0
ड्गा,ḍgā,qgA,54,0.0004,1,22,11,19,1
त्र्यः,tryaḥ,tryaH,54,0.0004,32,16,5,1,0
जिं,jiṃ,jiM,54,0.0004,40,3,5,6,0
दौः,dauḥ,dOH,54,0.0004,7,31,9,7,0
न्पू,npū,npU,54,0.0004,2,1,18,22,11
न्द्यं,ndyaṃ,ndyaM,54,0.0004,9,6,8,28,3
पीं,pīṃ,pIM,54,0.0004,0,16,11,16,11
र्कि,rki,rki,54,0.0004,12,10,17,15,0
ष्टीं,ṣṭīṃ,zwIM,54,0.0004,2,0,1,41,10
थेः,theḥ,TeH,54,0.0004,4,36,7,6,1
न्त्वे,ntve,ntve,54,0.0004,0,35,11,6,2
च्चु,ccu,ccu,54,0.0004,1,17,1,34,1
ऐं,aiṃ,EM,54,0.0004,0,0,0,35,19
ढ्यः,ḍhyaḥ,QyaH,53,0.0004,6,8,9,21,9
चेः,ceḥ,ceH,53,0.0004,12,11,20,9,1
पोः,poḥ,poH,53,0.0004,3,21,17,11,1
त्त्य्,tty,tty,53,0.0004,40,3,4,5,1
म्ण,mṇa,mRa,53,0.0004,38,2,4,2,7
र्ही,rhī,rhI,53,0.0004,13,20,8,8,4
भ्यै,bhyai,ByE,53,0.0004,34,7,6,5,1
स्मः,smaḥ,smaH,53,0.0004,23,9,10,6,5
द्न,dna,dna,53,0.0004,4,49,0,0,0
लीः,līḥ,lIH,53,0.0004,19,6,13,12,3
त्स्थः,tsthaḥ,tsTaH,53,0.0004,0,52,1,0,0
र्युं,ryuṃ,ryuM,53,0.0004,45,1,3,0,4
र्षिं,rṣiṃ,rziM,53,0.0004,0,44,6,2,1
ष्टृ,ṣṭṛ,zwf,52,0.0004,10,8,11,22,1
र्ह्य,rhya,rhya,52,0.0004,15,12,9,15,1
दुं,duṃ,duM,52,0.0004,4,9,25,13,1
बौ,bau,bO,52,0.0004,10,4,17,17,4
स्त्रः,straḥ,straH,52,0.0004,5,31,6,6,4
न्वृ,nvṛ,nvf,52,0.0004,22,0,9,14,7
र्पाः,rpāḥ,rpAH,52,0.0004,18,17,14,1,2
प्तैः,ptaiḥ,ptEH,52,0.0004,4,25,12,9,2
र्ख,rkha,rKa,52,0.0004,0,14,13,22,3
त्त्रः,ttraḥ,ttraH,52,0.0004,0,2,3,44,3
क्ष्मः,kṣmaḥ,kzmaH,52,0.0004,9,11,17,11,4
ध्मं,dhmaṃ,DmaM,52,0.0004,45,1,5,0,1
थ्यै,thyai,TyE,52,0.0004,3,12,17,18,2
त्क्वा,tkvā,tkvA,52,0.0004,0,4,17,23,8
क्त्वै,ktvai,ktvE,52,0.0004,1,12,14,24,1
धूं,dhūṃ,DUM,52,0.0004,4,21,14,13,0
श्मिः,śmiḥ,SmiH,52,0.0004,14,18,16,2,2
न्ध्रे,ndhre,nDre,51,0.0004,2,3,18,20,8
ण्डोः,ṇḍoḥ,RqoH,51,0.0004,0,44,4,3,0
र्चाः,rcāḥ,rcAH,51,0.0004,34,7,9,0,1
भ्,bh,B,51,0.0004,45,0,0,0,6
घ्न्या,ghnyā,GnyA,51,0.0004,47,1,1,1,1
त्मो,tmo,tmo,51,0.0004,4,11,14,18,4
ष्ट्वे,ṣṭve,zwve,51,0.0004,13,24,5,7,2
ष्पः,ṣpaḥ,zpaH,51,0.0004,1,10,3,35,2
धोः,dhoḥ,DoH,51,0.0004,21,8,13,7,2
ङि,ṅi,Ni,51,0.0004,3,40,8,0,0
द्ब्रा,dbrā,dbrA,51,0.0004,15,1,22,8,5
स्को,sko,sko,51,0.0004,3,27,15,3,3
त्क्षा,tkṣā,tkzA,51,0.0004,1,4,15,24,7
ल्लैः,llaiḥ,llEH,51,0.0004,0,41,4,3,3
षेः,ṣeḥ,zeH,51,0.0004,4,34,11,1,1
ष्कै,ṣkai,zkE,51,0.0004,1,10,5,34,1
म्पृ,mpṛ,mpf,51,0.0004,49,0,0,1,1
ल्मि,lmi,lmi,50,0.0003,5,23,18,4,0
ग्मी,gmī,gmI,50,0.0003,6,28,2,10,4
श्व्,śv,Sv,50,0.0003,40,1,2,6,1
क्त्व,ktva,ktva,50,0.0003,5,7,21,10,7
व्णो,vṇo,vRo,50,0.0003,46,0,1,2,1
द्मः,dmaḥ,dmaH,50,0.0003,6,12,18,8,6
न्ध्यो,ndhyo,nDyo,50,0.0003,1,21,8,12,8
र्ब्रा,rbrā,rbrA,50,0.0003,8,5,19,10,8
ह्वि,hvi,hvi,50,0.0003,11,11,15,10,3
ध्,dh,D,50,0.0003,49,1,0,0,0
दीः,dīḥ,dIH,50,0.0003,9,27,7,5,2
च्छुः,cchuḥ,cCuH,50,0.0003,4,18,17,11,0
थीं,thīṃ,TIM,50,0.0003,9,23,14,4,0
र्भां,rbhāṃ,rBAM,50,0.0003,5,17,12,13,3
च्मि,cmi,cmi,50,0.0003,3,1,2,39,5
र्हाः,rhāḥ,rhAH,50,0.0003,15,21,5,8,1
त्सुं,tsuṃ,tsuM,50,0.0003,0,43,0,7,0
भीः,bhīḥ,BIH,49,0.0003,5,31,6,4,3
घौ,ghau,GO,49,0.0003,0,14,18,10,7
क्थ्यं,kthyaṃ,kTyaM,49,0.0003,43,2,3,0,1
ड्रा,ḍrā,qrA,49,0.0003,17,15,15,0,2
त्स्याः,tsyāḥ,tsyAH,49,0.0003,2,29,10,7,1
र्म्ये,rmye,rmye,49,0.0003,11,10,16,11,1
फू,phū,PU,49,0.0003,0,1,8,27,13
श्लै,ślai,SlE,49,0.0003,0,8,34,6,1
स्तुं,stuṃ,stuM,49,0.0003,1,32,11,4,1
प्सुः,psuḥ,psuH,49,0.0003,10,24,13,1,1
र्षैः,rṣaiḥ,rzEH,49,0.0003,3,29,7,9,1
त्स्थं,tsthaṃ,tsTaM,49,0.0003,0,39,2,8,0
ल्क्यो,lkyo,lkyo,49,0.0003,13,2,6,22,6
ब्धेः,bdheḥ,bDeH,49,0.0003,0,31,4,12,2
द्द्यो,ddyo,ddyo,48,0.0003,6,8,21,12,1
द्द्व,ddva,ddva,48,0.0003,3,2,5,32,6
ञ्जः,ñjaḥ,YjaH,48,0.0003,10,3,8,24,3
र्ग्ये,rgye,rgye,48,0.0003,30,0,3,0,15
तूं,tūṃ,tUM,48,0.0003,20,14,4,7,3
ग्न्यो,gnyo,gnyo,48,0.0003,20,22,3,1,2
य्यै,yyai,yyE,48,0.0003,38,4,1,4,1
न्थः,nthaḥ,nTaH,48,0.0003,7,6,15,14,6
ण्डैः,ṇḍaiḥ,RqEH,48,0.0003,10,8,23,2,5
र्व्यं,rvyaṃ,rvyaM,48,0.0003,45,0,0,1,2
न्द्वे,ndve,ndve,48,0.0003,6,15,8,12,7
ढै,ḍhai,QE,48,0.0003,0,13,18,16,1
त्थै,tthai,tTE,48,0.0003,1,5,14,24,4
ढ्ये,ḍhye,Qye,48,0.0003,2,9,22,12,3
त्सै,tsai,tsE,48,0.0003,3,12,17,12,4
न्ब्र,nbra,nbra,48,0.0003,1,2,23,13,9
थ्वीं,thvīṃ,TvIM,48,0.0003,5,7,12,20,4
ङ्ना,ṅnā,NnA,47,0.0003,4,5,27,8,3
र्श्वो,rśvo,rSvo,47,0.0003,2,19,18,8,0
ण्योः,ṇyoḥ,RyoH,47,0.0003,43,2,0,1,1
थ्ना,thnā,TnA,47,0.0003,36,7,2,2,0
त्क्रु,tkru,tkru,47,0.0003,5,28,7,7,0
म्पो,mpo,mpo,47,0.0003,1,6,13,25,2
त्न्याः,tnyāḥ,tnyAH,47,0.0003,21,11,8,4,3
ण्टि,ṇṭi,Rwi,47,0.0003,2,1,8,32,4
ग्ब,gba,gba,47,0.0003,2,6,18,15,6
त्नौ,tnau,tnO,47,0.0003,14,19,9,4,1
ढी,ḍhī,QI,47,0.0003,3,11,18,4,9
ज्मि,jmi,jmi,47,0.0003,44,0,1,0,2
ष्ट्रै,ṣṭrai,zwrE,47,0.0003,2,34,8,1,2
र्क्षे,rkṣe,rkze,47,0.0003,5,3,14,15,10
र्त्यै,rtyai,rtyE,47,0.0003,18,10,6,8,5
त्न्यो,tnyo,tnyo,47,0.0003,9,9,18,7,4
ङ्खै,ṅkhai,NKE,47,0.0003,0,40,3,4,0
ण्ड्रं,ṇḍraṃ,RqraM,47,0.0003,2,2,6,3,34
ष्पु,ṣpu,zpu,46,0.0003,18,10,10,8,0
ष्कः,ṣkaḥ,zkaH,46,0.0003,7,7,19,10,3
ल्बे,lbe,lbe,46,0.0003,10,2,0,25,9
भ्रुः,bhruḥ,BruH,46,0.0003,31,4,9,2,0
क्षूं,kṣūṃ,kzUM,46,0.0003,7,24,7,5,3
श्ने,śne,Sne,46,0.0003,15,13,10,5,3
ञ्छृ,ñchṛ,YCf,46,0.0003,11,2,17,13,3
ग्न्यु,gnyu,gnyu,46,0.0003,23,4,17,0,2
द्गे,dge,dge,46,0.0003,19,2,12,13,0
र्दुः,rduḥ,rduH,46,0.0003,0,15,15,12,4
ङ्क्य,ṅkya,Nkya,46,0.0003,5,8,7,22,4
ट्श,ṭśa,wSa,46,0.0003,9,12,8,13,4
र्भृ,rbhṛ,rBf,46,0.0003,4,15,12,11,4
ष्मां,ṣmāṃ,zmAM,46,0.0003,12,14,7,5,8
च्छां,cchāṃ,cCAM,46,0.0003,1,15,15,14,1
र्शै,rśai,rSE,46,0.0003,0,17,7,22,0
न्भो,nbho,nBo,46,0.0003,4,1,20,10,11
ल्क्यः,lkyaḥ,lkyaH,46,0.0003,32,1,0,10,3
त्स्थो,tstho,tsTo,46,0.0003,0,38,6,2,0
ह्नं,hnaṃ,hnaM,45,0.0003,1,12,16,8,8
ल्लु,llu,llu,45,0.0003,20,2,13,10,0
ल्यु,lyu,lyu,45,0.0003,2,11,8,19,5
म्भाः,mbhāḥ,mBAH,45,0.0003,5,19,13,4,4
ङ्क्तः,ṅktaḥ,NktaH,45,0.0003,44,0,0,1,0
क्त्य्,kty,kty,45,0.0003,36,5,1,2,1
ष्टीः,ṣṭīḥ,zwIH,45,0.0003,34,5,2,1,3
र्घि,rghi,rGi,45,0.0003,0,11,17,15,2
ट्कं,ṭkaṃ,wkaM,45,0.0003,0,4,7,26,8
पेः,peḥ,peH,45,0.0003,16,17,1,9,2
ङ्कू,ṅkū,NkU,45,0.0003,23,2,5,3,12
ग्यः,gyaḥ,gyaH,45,0.0003,3,6,13,18,5
स्त्यां,styāṃ,styAM,45,0.0003,0,17,26,2,0
छः,chaḥ,CaH,45,0.0003,0,16,0,1,28
र्द्रे,rdre,rdre,45,0.0003,8,8,13,8,8
क्त्वं,ktvaṃ,ktvaM,45,0.0003,3,10,10,21,1
र्खा,rkhā,rKA,45,0.0003,2,9,10,21,3
ग्द्वा,gdvā,gdvA,45,0.0003,22,7,3,12,1
क्लीं,klīṃ,klIM,45,0.0003,0,0,0,21,24
र्ने,rne,rne,44,0.0003,2,5,8,25,4
ब्जं,bjaṃ,bjaM,44,0.0003,1,0,15,21,7
र्त्याः,rtyāḥ,rtyAH,44,0.0003,14,12,6,5,7
मेः,meḥ,meH,44,0.0003,9,15,11,8,1
ल्बा,lbā,lbA,44,0.0003,10,2,1,16,15
भ्णा,bhṇā,BRA,44,0.0003,44,0,0,0,0
स्वाः,svāḥ,svAH,44,0.0003,16,5,12,11,0
ढौ,ḍhau,QO,44,0.0003,4,9,12,15,4
ग्यु,gyu,gyu,44,0.0003,24,3,5,11,1
त्प्ली,tplī,tplI,44,0.0003,0,4,20,15,5
ड्ढो,ḍḍho,qQo,44,0.0003,44,0,0,0,0
ण्वो,ṇvo,Rvo,44,0.0003,12,16,6,6,4
प्याः,pyāḥ,pyAH,44,0.0003,14,9,13,7,1
षुं,ṣuṃ,zuM,44,0.0003,10,27,5,2,0
र्ज्यो,rjyo,rjyo,44,0.0003,11,6,15,9,3
घ्नाः,ghnāḥ,GnAH,44,0.0003,1,8,24,9,2
र्षू,rṣū,rzU,44,0.0003,21,12,11,0,0
न्द्वि,ndvi,ndvi,44,0.0003,1,3,18,18,4
आं,āṃ,AM,44,0.0003,21,0,3,18,2
ह्नां,hnāṃ,hnAM,43,0.0003,42,0,0,0,1
र्ग्या,rgyā,rgyA,43,0.0003,29,5,6,2,1
ष्ट्यां,ṣṭyāṃ,zwyAM,43,0.0003,9,14,14,3,3
व्णः,vṇaḥ,vRaH,43,0.0003,43,0,0,0,0
प्नः,pnaḥ,pnaH,43,0.0003,12,8,16,7,0
ध्र्य,dhrya,Drya,43,0.0003,32,4,2,4,1
र्धां,rdhāṃ,rDAM,43,0.0003,8,2,12,14,7
क्मं,kmaṃ,kmaM,43,0.0003,27,9,1,5,1
ज्ज्यो,jjyo,jjyo,43,0.0003,11,10,13,7,2
ङ्की,ṅkī,NkI,43,0.0003,3,18,6,14,2
ग्धु,gdhu,gDu,43,0.0003,2,16,13,11,1
न्भू,nbhū,nBU,43,0.0003,3,1,14,21,4
ण्यैः,ṇyaiḥ,RyEH,43,0.0003,9,15,11,6,2
र्त्त,rtta,rtta,42,0.0003,6,3,7,18,8
हूः,hūḥ,hUH,42,0.0003,18,8,10,6,0
ग्रौ,grau,grO,42,0.0003,22,7,9,4,0
त्स्मृ,tsmṛ,tsmf,42,0.0003,0,3,22,15,2
ट्शू,ṭśū,wSU,42,0.0003,2,12,15,8,5
ट्च,ṭca,wca,42,0.0003,3,3,13,20,3
र्क्य,rkya,rkya,42,0.0003,12,10,10,7,3
त्खा,tkhā,tKA,42,0.0003,6,4,16,14,2
क्थ्यो,kthyo,kTyo,42,0.0003,37,1,0,1,3
त्रेः,treḥ,treH,42,0.0003,18,12,8,4,0
र्व्यो,rvyo,rvyo,42,0.0003,18,5,6,11,2
बः,baḥ,baH,42,0.0003,20,7,10,4,1
ल्कैः,lkaiḥ,lkEH,42,0.0003,9,2,20,8,3
क्षिं,kṣiṃ,kziM,42,0.0003,1,15,22,3,1
न्त्रौ,ntrau,ntrO,42,0.0003,4,9,12,15,2
स्स्व,ssva,ssva,42,0.0003,9,28,4,0,1
त्क्लि,tkli,tkli,42,0.0003,1,6,29,5,1
ब्या,byā,byA,42,0.0003,0,19,15,8,0
र्भैः,rbhaiḥ,rBEH,42,0.0003,32,1,5,3,1
ञ्शु,ñśu,YSu,42,0.0003,5,28,7,2,0
त्न्यः,tnyaḥ,tnyaH,42,0.0003,18,9,9,6,0
त्कां,tkāṃ,tkAM,42,0.0003,0,2,3,34,3
म्लि,mli,mli,41,0.0003,0,5,4,26,6
क्क्रि,kkri,kkri,41,0.0003,1,2,14,24,0
दोः,doḥ,doH,41,0.0003,12,7,11,9,2
न्दीं,ndīṃ,ndIM,41,0.0003,25,5,9,1,1
म्मो,mmo,mmo,41,0.0003,1,9,12,13,6
ल्लू,llū,llU,41,0.0003,0,5,23,12,1
द्भ्र,dbhra,dBra,41,0.0003,0,6,9,22,4
न्धुं,ndhuṃ,nDuM,41,0.0003,12,9,11,6,3
च्छ्रः,cchraḥ,cCraH,41,0.0003,22,3,13,2,1
ग्धैः,gdhaiḥ,gDEH,41,0.0003,1,7,16,12,5
ख्यु,khyu,Kyu,41,0.0003,6,19,2,12,2
होः,hoḥ,hoH,41,0.0003,11,23,5,2,0
च्छौ,cchau,cCO,41,0.0003,9,10,11,8,3
च्छ्ले,cchle,cCle,41,0.0003,0,8,20,9,4
घ्वी,ghvī,GvI,41,0.0003,3,2,11,15,10
डीं,ḍīṃ,qIM,41,0.0003,2,0,20,9,10
ङ्न,ṅna,Nna,41,0.0003,0,9,21,10,1
ज्यैः,jyaiḥ,jyEH,41,0.0003,7,4,6,19,5
क्ष्यां,kṣyāṃ,kzyAM,41,0.0003,1,24,15,1,0
क्ष्मै,kṣmai,kzmE,41,0.0003,1,10,17,12,1
ञ्च्,ñc,Yc,41,0.0003,38,3,0,0,0
प्रैः,praiḥ,prEH,41,0.0003,2,21,10,7,1
न्नू,nnū,nnU,41,0.0003,0,11,3,22,5
धुं,dhuṃ,DuM,40,0.0003,9,15,7,5,4
भ्रो,bhro,Bro,40,0.0003,13,3,10,10,4
प्ती,ptī,ptI,40,0.0003,18,2,12,8,0
श्नः,śnaḥ,SnaH,40,0.0003,5,10,2,18,5
प्स्ये,psye,psye,40,0.0003,3,27,5,1,4
ल्लौ,llau,llO,40,0.0003,0,2,17,15,6
म्णः,mṇaḥ,mRaH,40,0.0003,26,1,4,8,1
त्स्नो,tsno,tsno,40,0.0003,5,20,13,2,0
ढ्वा,ḍhvā,QvA,40,0.0003,13,5,18,2,2
ष्ठ्यः,ṣṭhyaḥ,zWyaH,40,0.0003,35,0,3,0,2
र्ज्व,rjva,rjva,40,0.0003,0,12,11,15,2
म्म,mma,mma,40,0.0003,10,10,9,10,1
त्वी,tvī,tvI,40,0.0003,27,4,7,2,0
र्भ्रा,rbhrā,rBrA,40,0.0003,1,3,19,13,4
ब्जे,bje,bje,40,0.0003,4,13,7,7,9
र्नी,rnī,rnI,40,0.0003,1,5,11,18,5
ण्ड्यो,ṇḍyo,Rqyo,40,0.0003,3,21,12,1,3
र्ग्यो,rgyo,rgyo,40,0.0003,30,3,2,1,4
म्भै,mbhai,mBE,40,0.0003,4,9,17,8,2
क्वः,kvaḥ,kvaH,40,0.0003,13,2,14,6,5
स्राः,srāḥ,srAH,40,0.0003,13,17,4,5,1
स्त्रीं,strīṃ,strIM,40,0.0003,4,14,12,4,6
त्प्लु,tplu,tplu,40,0.0003,0,6,16,18,0
घ्नै,ghnai,GnE,40,0.0003,1,8,24,6,1
स्त्रौ,strau,strO,40,0.0003,0,25,10,3,2
क्लः,klaḥ,klaH,40,0.0003,5,6,19,7,3
त्कू,tkū,tkU,40,0.0003,0,4,11,16,9
न्न्य,nnya,nnya,40,0.0003,0,20,7,13,0
त्त्यु,ttyu,ttyu,40,0.0003,0,17,15,8,0
श्यौ,śyau,SyO,39,0.0003,16,7,11,5,0
र्घः,rghaḥ,rGaH,39,0.0003,9,9,8,10,3
क्थ्या,kthyā,kTyA,39,0.0003,35,0,1,0,3
क्ष्य्,kṣy,kzy,39,0.0003,32,0,6,0,1
र्कै,rkai,rkE,39,0.0003,21,9,2,6,1
सिः,siḥ,siH,39,0.0003,19,6,8,3,3
द्दू,ddū,ddU,39,0.0003,0,3,14,19,3
ढैः,ḍhaiḥ,QEH,39,0.0003,1,15,18,4,1
र्थ्यां,rthyāṃ,rTyAM,39,0.0003,10,3,11,9,6
र्द्वी,rdvī,rdvI,39,0.0003,0,14,15,3,7
ल्पैः,lpaiḥ,lpEH,39,0.0003,2,26,5,5,1
य्यौ,yyau,yyO,39,0.0003,16,18,1,4,0
क्यैः,kyaiḥ,kyEH,39,0.0003,1,26,7,2,2
र्ष्ण्या,rṣṇyā,rzRyA,39,0.0003,12,15,7,4,1
स्नै,snai,snE,39,0.0003,2,4,30,3,0
न्तृ,ntṛ,ntf,39,0.0003,3,15,4,16,1
र्ढ्य,rḍhya,rQya,39,0.0003,0,2,5,27,5
श्च्यो,ścyo,Scyo,39,0.0003,1,1,34,2,1
ह्न्य,hnya,hnya,39,0.0003,11,0,11,14,3
ढ्यां,ḍhyāṃ,QyAM,39,0.0003,4,7,12,9,7
ह्रुः,hruḥ,hruH,39,0.0003,9,23,2,4,1
ज्यौ,jyau,jyO,38,0.0003,14,6,9,6,3
ल्भ,lbha,lBa,38,0.0003,0,7,11,19,1
ण्ड्रा,ṇḍrā,RqrA,38,0.0003,1,12,14,4,7
ङ्कृ,ṅkṛ,Nkf,38,0.0003,17,4,5,11,1
ज्ञु,jñu,jYu,38,0.0003,22,13,3,0,0
यीः,yīḥ,yIH,38,0.0003,35,0,0,3,0
न्द्रौ,ndrau,ndrO,38,0.0003,6,16,5,9,2
ष्ठ्ये,ṣṭhye,zWye,38,0.0003,34,1,3,0,0
भ्वा,bhvā,BvA,38,0.0003,36,0,0,2,0
ब्य,bya,bya,38,0.0003,1,18,11,8,0
त्त्वां,ttvāṃ,ttvAM,38,0.0003,1,6,16,9,6
र्धः,rdhaḥ,rDaH,38,0.0003,33,0,3,1,1
घ्नीं,ghnīṃ,GnIM,38,0.0003,15,9,8,5,1
येः,yeḥ,yeH,38,0.0003,6,22,5,3,2
ल्पां,lpāṃ,lpAM,38,0.0003,1,17,10,6,4
ग्धां,gdhāṃ,gDAM,38,0.0003,2,9,14,10,3
ष्क्वा,ṣkvā,zkvA,38,0.0003,0,1,32,4,1
ञ्जै,ñjai,YjE,38,0.0003,0,0,3,24,11
ङ्कुं,ṅkuṃ,NkuM,38,0.0003,31,3,2,2,0
ग्नै,gnai,gnE,38,0.0003,0,20,10,8,0
क्मी,kmī,kmI,38,0.0003,1,8,26,1,2
श्वी,śvī,SvI,37,0.0003,13,8,7,8,1
सैं,saiṃ,sEM,37,0.0003,0,0,7,28,2
द्र्या,dryā,dryA,37,0.0003,2,18,8,8,1
ल्की,lkī,lkI,37,0.0003,0,3,20,10,4
ग्यै,gyai,gyE,37,0.0003,1,3,21,4,8
र्काः,rkāḥ,rkAH,37,0.0003,27,7,1,2,0
भ्व,bhva,Bva,37,0.0003,33,2,0,0,2
ङ्क्तिं,ṅktiṃ,NktiM,37,0.0003,23,3,2,7,2
ष्ण्ये,ṣṇye,zRye,37,0.0003,16,8,4,6,3
ह्वीः,hvīḥ,hvIH,37,0.0003,25,6,0,6,0
र्नै,rnai,rnE,37,0.0003,0,2,17,11,7
ड्ग्र,ḍgra,qgra,37,0.0003,0,1,22,11,3
च्छ्या,cchyā,cCyA,37,0.0003,13,1,19,4,0
प्त्रे,ptre,ptre,37,0.0003,28,2,5,2,0
न्योः,nyoḥ,nyoH,37,0.0003,16,13,4,4,0
प्छ,pcha,pCa,37,0.0003,35,0,0,1,1
क्त्यृ,ktyṛ,ktyf,37,0.0003,1,29,4,1,2
म्लः,mlaḥ,mlaH,37,0.0003,0,6,16,14,1
क्ष्णां,kṣṇāṃ,kzRAM,37,0.0003,0,13,9,11,4
च्छ्वे,cchve,cCve,37,0.0003,3,10,6,16,2
ष्प्रे,ṣpre,zpre,37,0.0003,0,20,8,8,1
ङ्क्ष्य,ṅkṣya,Nkzya,37,0.0003,2,17,6,12,0
ह्रां,hrāṃ,hrAM,37,0.0003,0,0,0,33,4
त्थाः,tthāḥ,tTAH,36,0.0003,13,3,12,7,1
क्को,kko,kko,36,0.0003,0,3,10,15,8
यिः,yiḥ,yiH,36,0.0003,34,1,0,0,1
स्त्वो,stvo,stvo,36,0.0003,3,4,8,17,4
ष्टेः,ṣṭeḥ,zweH,36,0.0003,12,2,13,6,3
ष्टुः,ṣṭuḥ,zwuH,36,0.0003,17,5,6,4,4
म्मु,mmu,mmu,36,0.0003,4,0,4,10,18
ड्म,ḍma,qma,36,0.0003,0,5,19,10,2
ज्जो,jjo,jjo,36,0.0003,3,9,12,12,0
द्द्रा,ddrā,ddrA,36,0.0003,2,0,2,27,5
द्ना,dnā,dnA,36,0.0003,10,16,9,1,0
ण्णाः,ṇṇāḥ,RRAH,36,0.0003,4,9,19,2,2
र्मैः,rmaiḥ,rmEH,36,0.0003,5,17,7,4,3
क्ष्मां,kṣmāṃ,kzmAM,36,0.0003,1,5,12,16,2
ण्ठ्या,ṇṭhyā,RWyA,36,0.0003,2,3,11,17,3
ष्णैः,ṣṇaiḥ,zREH,36,0.0003,1,5,23,6,1
श्रः,śraḥ,SraH,36,0.0003,3,9,15,6,3
ष्कां,ṣkāṃ,zkAM,36,0.0003,0,7,7,18,4
ग्जि,gji,gji,36,0.0003,0,12,15,8,1
द्भै,dbhai,dBE,36,0.0003,1,0,5,28,2
ङ्क्त्वा,ṅktvā,NktvA,36,0.0003,8,12,9,6,1
न्गु,ngu,ngu,36,0.0003,1,4,5,22,4
ग्धुं,gdhuṃ,gDuM,36,0.0003,1,15,18,1,1
म्यैः,myaiḥ,myEH,36,0.0003,18,9,6,2,1
र्कौ,rkau,rkO,35,0.0002,4,6,9,9,7
ङ्ग्रा,ṅgrā,NgrA,35,0.0002,1,2,8,14,10
फाः,phāḥ,PAH,35,0.0002,21,3,6,4,1
त्खि,tkhi,tKi,35,0.0002,30,0,3,1,1
म्मा,mmā,mmA,35,0.0002,10,7,6,7,5
य्याः,yyāḥ,yyAH,35,0.0002,15,16,2,2,0
क्त्यो,ktyo,ktyo,35,0.0002,9,5,9,9,3
ह्नै,hnai,hnE,35,0.0002,4,7,15,3,6
ज्झ,jjha,jJa,35,0.0002,2,13,12,7,1
वोः,voḥ,voH,35,0.0002,25,4,5,1,0
श्मे,śme,Sme,35,0.0002,22,4,2,7,0
ज्मा,jmā,jmA,35,0.0002,32,0,1,0,2
क्ष्मि,kṣmi,kzmi,35,0.0002,8,12,8,4,3
द्वः,dvaḥ,dvaH,35,0.0002,6,5,15,6,3
र्तेः,rteḥ,rteH,35,0.0002,4,9,9,9,4
ङ्ग्व,ṅgva,Ngva,35,0.0002,1,9,21,3,1
ड्दा,ḍdā,qdA,35,0.0002,0,0,21,10,4
प्लो,plo,plo,35,0.0002,1,1,24,9,0
ब्धै,bdhai,bDE,35,0.0002,1,15,8,9,2
ह्म्या,hmyā,hmyA,34,0.0002,0,17,3,11,3
स्थैः,sthaiḥ,sTEH,34,0.0002,2,11,15,5,1
ङ्क्त्या,ṅktyā,NktyA,34,0.0002,20,5,6,3,0
ह्वाः,hvāḥ,hvAH,34,0.0002,19,8,3,4,0
ह्व्,hv,hv,34,0.0002,17,8,5,4,0
क्रीं,krīṃ,krIM,34,0.0002,4,0,0,22,8
न्ध्रं,ndhraṃ,nDraM,34,0.0002,0,6,7,16,5
ङ्गुः,ṅguḥ,NguH,34,0.0002,0,1,12,18,3
ग्वै,gvai,gvE,34,0.0002,27,0,4,1,2
र्षीः,rṣīḥ,rzIH,34,0.0002,6,24,1,2,1
जीं,jīṃ,jIM,34,0.0002,8,9,14,3,0
पूं,pūṃ,pUM,34,0.0002,18,8,4,4,0
ब्दैः,bdaiḥ,bdEH,34,0.0002,5,13,6,6,4
र्कैः,rkaiḥ,rkEH,34,0.0002,31,0,2,1,0
ग्र्यां,gryāṃ,gryAM,34,0.0002,0,24,9,1,0
क्त्रः,ktraḥ,ktraH,34,0.0002,0,11,14,8,1
र्णीं,rṇīṃ,rRIM,34,0.0002,10,11,8,4,1
घ्या,ghyā,GyA,34,0.0002,17,2,5,5,5
ष्ट्रां,ṣṭrāṃ,zwrAM,34,0.0002,7,20,3,2,2
न्ध्ये,ndhye,nDye,34,0.0002,2,8,7,13,4
ञ्च्य,ñcya,Ycya,34,0.0002,1,6,7,11,9
न्ध्यां,ndhyāṃ,nDyAM,34,0.0002,4,4,6,13,7
न्द्यु,ndyu,ndyu,34,0.0002,1,12,10,8,3
ल्पौ,lpau,lpO,33,0.0002,0,15,8,7,3
र्जः,rjaḥ,rjaH,33,0.0002,15,2,4,11,1
म्ब्वा,mbvā,mbvA,33,0.0002,0,8,21,3,1
न्व्या,nvyā,nvyA,33,0.0002,0,3,15,14,1
ल्यैः,lyaiḥ,lyEH,33,0.0002,2,14,9,7,1
ट्छ,ṭcha,wCa,33,0.0002,3,4,13,12,1
न्थिः,nthiḥ,nTiH,33,0.0002,5,2,11,13,2
ध्राः,dhrāḥ,DrAH,33,0.0002,13,14,3,2,1
ड्ढि,ḍḍhi,qQi,33,0.0002,33,0,0,0,0
स्व्य्,svy,svy,33,0.0002,32,0,0,1,0
ग्र्यः,gryaḥ,gryaH,33,0.0002,1,24,2,5,1
ङ्ग्र,ṅgra,Ngra,33,0.0002,2,0,6,20,5
ङ,ṅa,Na,33,0.0002,0,24,2,6,1
स्यैः,syaiḥ,syEH,33,0.0002,8,12,12,1,0
श्रैः,śraiḥ,SrEH,33,0.0002,5,1,17,4,6
क्क्षी,kkṣī,kkzI,33,0.0002,0,0,19,13,1
र्खो,rkho,rKo,33,0.0002,2,8,4,17,2
स्फ्यं,sphyaṃ,sPyaM,33,0.0002,30,0,0,0,3
ग्ण,gṇa,gRa,33,0.0002,4,14,7,5,3
भ्रै,bhrai,BrE,33,0.0002,1,11,9,6,6
त्क्व,tkva,tkva,33,0.0002,0,6,16,10,1
ज्ञ्,jñ,jY,33,0.0002,5,28,0,0,0
ड्गी,ḍgī,qgI,32,0.0002,0,18,7,5,2
द्व्यो,dvyo,dvyo,32,0.0002,2,0,4,25,1
ण्टु,ṇṭu,Rwu,32,0.0002,3,1,8,18,2
क्स्रो,ksro,ksro,32,0.0002,0,7,21,4,0
र्क्ष्यं,rkṣyaṃ,rkzyaM,32,0.0002,2,3,5,20,2
ञ्च्या,ñcyā,YcyA,32,0.0002,5,0,3,21,3
र्ध्वाः,rdhvāḥ,rDvAH,32,0.0002,32,0,0,0,0
थ्न,thna,Tna,32,0.0002,14,10,4,4,0
र्क्ष्यो,rkṣyo,rkzyo,32,0.0002,15,2,5,10,0
र्द्या,rdyā,rdyA,32,0.0002,1,2,10,19,0
द्रुः,druḥ,druH,32,0.0002,4,0,7,20,1
ध्रौ,dhrau,DrO,32,0.0002,23,2,3,2,2
भ्यू,bhyū,ByU,32,0.0002,18,1,6,6,1
श्राः,śrāḥ,SrAH,32,0.0002,13,8,6,5,0
स्त्यु,styu,styu,32,0.0002,2,6,16,8,0
त्नाः,tnāḥ,tnAH,32,0.0002,22,4,5,1,0
ण्वः,ṇvaḥ,RvaH,32,0.0002,15,10,4,1,2
र्मिः,rmiḥ,rmiH,32,0.0002,18,8,0,6,0
द्ध्यु,ddhyu,dDyu,32,0.0002,2,11,9,9,1
स्थ्नां,sthnāṃ,sTnAM,32,0.0002,1,7,21,1,2
ण्डूं,ṇḍūṃ,RqUM,32,0.0002,0,6,13,9,4
श्यि,śyi,Syi,32,0.0002,4,6,20,0,2
र्ह्ये,rhye,rhye,32,0.0002,13,2,8,8,1
ग्र्ये,grye,grye,32,0.0002,1,18,4,6,3
न्मौ,nmau,nmO,32,0.0002,0,9,7,13,3
न्बा,nbā,nbA,32,0.0002,3,0,7,16,6
त्स्प,tspa,tspa,32,0.0002,0,1,8,21,2
ट्पा,ṭpā,wpA,31,0.0002,1,21,4,3,2
क्थै,kthai,kTE,31,0.0002,28,1,1,1,0
ल्वः,lvaḥ,lvaH,31,0.0002,8,11,3,5,4
छं,chaṃ,CaM,31,0.0002,11,2,1,2,15
क्राः,krāḥ,krAH,31,0.0002,20,6,3,2,0
ङ्खाः,ṅkhāḥ,NKAH,31,0.0002,1,25,2,2,1
ध्मे,dhme,Dme,31,0.0002,28,0,1,1,1
ण्डूः,ṇḍūḥ,RqUH,31,0.0002,0,4,20,7,0
म्पं,mpaṃ,mpaM,31,0.0002,1,3,13,10,4
द्घु,dghu,dGu,31,0.0002,0,14,9,5,3
घ्वा,ghvā,GvA,31,0.0002,2,15,5,8,1
र्चां,rcāṃ,rcAM,31,0.0002,9,3,7,7,5
न्थां,nthāṃ,nTAM,31,0.0002,28,1,2,0,0
व्रो,vro,vro,31,0.0002,4,7,11,6,3
स्मां,smāṃ,smAM,31,0.0002,3,18,4,6,0
ह्नी,hnī,hnI,31,0.0002,7,2,9,11,2
स्तीं,stīṃ,stIM,31,0.0002,0,7,23,1,0
क्पि,kpi,kpi,31,0.0002,2,4,21,4,0
ङ्खौ,ṅkhau,NKO,31,0.0002,0,12,11,5,3
ण्ठ्य,ṇṭhya,RWya,31,0.0002,0,2,16,10,3
त्साः,tsāḥ,tsAH,31,0.0002,8,9,11,2,1
ह्मि,hmi,hmi,31,0.0002,11,2,11,6,1
र्द्धु,rddhu,rdDu,31,0.0002,3,10,9,2,7
प्यौ,pyau,pyO,31,0.0002,8,7,7,8,1
न्गृ,ngṛ,ngf,31,0.0002,13,1,6,9,2
प्तेः,pteḥ,pteH,31,0.0002,4,4,13,9,1
त्नैः,tnaiḥ,tnEH,31,0.0002,0,14,9,5,3
म्रः,mraḥ,mraH,30,0.0002,2,6,7,13,2
थोः,thoḥ,ToH,30,0.0002,2,6,17,5,0
त्कं,tkaṃ,tkaM,30,0.0002,15,1,2,11,1
ग्भ्यां,gbhyāṃ,gByAM,30,0.0002,18,2,6,2,2
म्भ्य,mbhya,mBya,30,0.0002,15,2,4,8,1
ड्गो,ḍgo,qgo,30,0.0002,1,14,3,12,0
ष्यौ,ṣyau,zyO,30,0.0002,4,14,5,6,1
ल्ल्य,llya,llya,30,0.0002,0,3,7,18,2
क्षिः,kṣiḥ,kziH,30,0.0002,6,1,14,8,1
र्त्री,rtrī,rtrI,30,0.0002,14,4,2,10,0
छो,cho,Co,30,0.0002,0,15,8,4,3
म्यौ,myau,myO,30,0.0002,4,20,3,2,1
द्गौ,dgau,dgO,30,0.0002,2,4,12,9,3
म्भोः,mbhoḥ,mBoH,30,0.0002,0,2,10,15,3
छू,chū,CU,30,0.0002,6,7,12,5,0
ज्जां,jjāṃ,jjAM,30,0.0002,0,4,11,11,4
म्पः,mpaḥ,mpaH,30,0.0002,0,6,11,10,3
द्ध्वं,ddhvaṃ,dDvaM,30,0.0002,2,22,3,2,1
ग्वृ,gvṛ,gvf,30,0.0002,2,11,8,9,0
न्क्षि,nkṣi,nkzi,30,0.0002,1,0,1,28,0
र्त्सि,rtsi,rtsi,30,0.0002,0,7,14,6,3
र्ध्नु,rdhnu,rDnu,30,0.0002,30,0,0,0,0
ञ्शा,ñśā,YSA,29,0.0002,0,19,3,6,1
ङ्कै,ṅkai,NkE,29,0.0002,1,8,7,12,1
फौ,phau,PO,29,0.0002,7,0,14,7,1
भ्ण,bhṇa,BRa,29,0.0002,27,0,2,0,0
र्योः,ryoḥ,ryoH,29,0.0002,22,2,1,2,2
ह्वोः,hvoḥ,hvoH,29,0.0002,11,4,6,4,4
च्ञा,cñā,cYA,29,0.0002,1,3,8,17,0
म्भृ,mbhṛ,mBf,29,0.0002,15,1,5,6,2
च्छेः,ccheḥ,cCeH,29,0.0002,1,24,1,3,0
न्त्र्यं,ntryaṃ,ntryaM,29,0.0002,2,1,8,16,2
ष्ट्यो,ṣṭyo,zwyo,29,0.0002,15,4,5,3,2
क्मे,kme,kme,29,0.0002,13,3,10,2,1
ग्वी,gvī,gvI,29,0.0002,2,16,5,6,0
म्भैः,mbhaiḥ,mBEH,29,0.0002,7,10,6,5,1
र्पीं,rpīṃ,rpIM,29,0.0002,0,6,19,4,0
त्त्वैः,ttvaiḥ,ttvEH,29,0.0002,0,17,9,2,1
र्घ्ये,rghye,rGye,29,0.0002,2,4,6,10,7
र्ध्र,rdhra,rDra,29,0.0002,1,24,3,1,0
म्बै,mbai,mbE,29,0.0002,0,6,18,3,2
ड्भे,ḍbhe,qBe,29,0.0002,0,2,16,11,0
र्श्यं,rśyaṃ,rSyaM,29,0.0002,0,8,14,5,2
र्ज्यं,rjyaṃ,rjyaM,29,0.0002,1,6,11,9,2
ण्णे,ṇṇe,RRe,29,0.0002,9,2,7,10,1
क्स्रु,ksru,ksru,29,0.0002,5,3,13,5,3
ज्ज्ञाः,jjñāḥ,jjYAH,29,0.0002,1,6,9,10,3
ग्द्र,gdra,gdra,29,0.0002,0,1,4,23,1
म्बां,mbāṃ,mbAM,29,0.0002,4,12,7,5,1
स्त्रां,strāṃ,strAM,29,0.0002,2,14,2,7,4
ञ्शि,ñśi,YSi,29,0.0002,7,10,6,5,1
त्कै,tkai,tkE,29,0.0002,1,19,7,2,0
ग्न्ये,gnye,gnye,29,0.0002,0,25,3,0,1
र्शु,rśu,rSu,28,0.0002,13,6,4,3,2
र्भौ,rbhau,rBO,28,0.0002,17,4,3,4,0
म्रु,mru,mru,28,0.0002,26,1,0,0,1
ह्मीं,hmīṃ,hmIM,28,0.0002,1,20,4,2,1
म्भुः,mbhuḥ,mBuH,28,0.0002,3,4,5,8,8
त्स्तो,tsto,tsto,28,0.0002,14,1,4,7,2
ङ्क्ताः,ṅktāḥ,NktAH,28,0.0002,28,0,0,0,0
ह्वै,hvai,hvE,28,0.0002,15,5,7,1,0
ग्घ,ggha,gGa,28,0.0002,11,4,9,4,0
क्थ्ये,kthye,kTye,28,0.0002,25,0,0,0,3
प्सो,pso,pso,28,0.0002,25,0,3,0,0
भ्याः,bhyāḥ,ByAH,28,0.0002,10,4,10,4,0
ङ्मू,ṅmū,NmU,28,0.0002,1,8,14,4,1
ह्ल,hla,hla,28,0.0002,0,15,8,3,2
ङ्धि,ṅdhi,NDi,28,0.0002,28,0,0,0,0
ण्ड्यं,ṇḍyaṃ,RqyaM,28,0.0002,2,9,8,9,0
क्थैः,kthaiḥ,kTEH,28,0.0002,27,0,0,0,1
क्ष्माः,kṣmāḥ,kzmAH,28,0.0002,3,6,11,5,3
ञः,ñaḥ,YaH,28,0.0002,0,25,3,0,0
शेः,śeḥ,SeH,28,0.0002,2,9,7,4,6
क्छ,kcha,kCa,28,0.0002,0,12,8,7,1
क्षोः,kṣoḥ,kzoH,28,0.0002,8,5,8,7,0
ल्काः,lkāḥ,lkAH,28,0.0002,6,16,4,2,0
ह्नेः,hneḥ,hneH,28,0.0002,0,9,7,8,4
त्थैः,tthaiḥ,tTEH,28,0.0002,0,0,8,17,3
र्ला,rlā,rlA,28,0.0002,1,1,8,9,9
र्है,rhai,rhE,28,0.0002,3,10,6,9,0
द्ब्रू,dbrū,dbrU,28,0.0002,1,3,5,16,3
घ्रै,ghrai,GrE,28,0.0002,0,25,1,1,1
त्पौ,tpau,tpO,28,0.0002,2,3,6,12,5
व्रुः,vruḥ,vruH,28,0.0002,5,20,2,1,0
जिः,jiḥ,jiH,28,0.0002,3,2,7,16,0
र्ष्व,rṣva,rzva,27,0.0002,5,6,9,6,1
द्ध्व,ddhva,dDva,27,0.0002,8,6,7,6,0
र्भ्यः,rbhyaḥ,rByaH,27,0.0002,20,7,0,0,0
ग्नीं,gnīṃ,gnIM,27,0.0002,15,7,4,1,0
त्षो,tṣo,tzo,27,0.0002,1,0,2,20,4
भ्नु,bhnu,Bnu,27,0.0002,27,0,0,0,0
स्सु,ssu,ssu,27,0.0002,18,6,1,0,2
ठ्यं,ṭhyaṃ,WyaM,27,0.0002,1,4,17,3,2
ग्दृ,gdṛ,gdf,27,0.0002,0,6,10,11,0
न्द्यां,ndyāṃ,ndyAM,27,0.0002,14,8,4,1,0
ल्मः,lmaḥ,lmaH,27,0.0002,1,14,9,3,0
त्त्रैः,ttraiḥ,ttrEH,27,0.0002,1,6,9,11,0
त्नां,tnāṃ,tnAM,27,0.0002,1,10,5,11,0
र्व्यः,rvyaḥ,rvyaH,27,0.0002,20,0,7,0,0
ट्प्र,ṭpra,wpra,27,0.0002,1,1,16,8,1
र्ष्णिं,rṣṇiṃ,rzRiM,27,0.0002,1,19,5,0,2
ण्ठीं,ṇṭhīṃ,RWIM,27,0.0002,0,4,16,5,2
ण्डीं,ṇḍīṃ,RqIM,27,0.0002,0,0,4,21,2
ब्भ,bbha,bBa,27,0.0002,9,11,3,4,0
न्न्या,nnyā,nnyA,27,0.0002,1,13,3,8,2
भ्रः,bhraḥ,BraH,27,0.0002,9,2,5,10,1
न्द्ये,ndye,ndye,27,0.0002,2,3,11,10,1
र्म्यां,rmyāṃ,rmyAM,27,0.0002,0,22,2,3,0
केः,keḥ,keH,27,0.0002,1,16,1,9,0
र्छे,rche,rCe,27,0.0002,15,11,0,1,0
ड्गै,ḍgai,qgE,27,0.0002,0,20,4,0,3
ख्युः,khyuḥ,KyuH,26,0.0002,7,14,0,5,0
द्द्वे,ddve,ddve,26,0.0002,6,1,8,10,1
स्रौ,srau,srO,26,0.0002,11,6,5,4,0
र्द्रु,rdru,rdru,26,0.0002,0,1,10,11,4
र्द्यो,rdyo,rdyo,26,0.0002,8,0,1,13,4
च्छाः,cchāḥ,cCAH,26,0.0002,1,10,11,1,3
र्ण्ये,rṇye,rRye,26,0.0002,0,13,8,2,3
ह्,h,h,26,0.0002,26,0,0,0,0
ङ्क्ती,ṅktī,NktI,26,0.0002,9,2,6,2,7
प्शि,pśi,pSi,26,0.0002,24,0,2,0,0
ञ्छे,ñche,YCe,26,0.0002,5,6,11,4,0
ह्मः,hmaḥ,hmaH,26,0.0002,5,6,10,5,0
ङ्काः,ṅkāḥ,NkAH,26,0.0002,6,7,8,2,3
न्थ्य,nthya,nTya,26,0.0002,11,0,13,1,1
र्कु,rku,rku,26,0.0002,10,1,1,10,4
द्ध्रि,ddhri,dDri,26,0.0002,14,6,2,3,1
स्योः,syoḥ,syoH,26,0.0002,24,2,0,0,0
र्ष्मा,rṣmā,rzmA,26,0.0002,7,11,6,1,1
श्रुः,śruḥ,SruH,26,0.0002,10,8,5,3,0
न्दैः,ndaiḥ,ndEH,26,0.0002,3,8,7,6,2
व्ली,vlī,vlI,26,0.0002,25,1,0,0,0
ध्नि,dhni,Dni,26,0.0002,11,3,9,0,3
ड्धा,ḍdhā,qDA,26,0.0002,1,11,5,9,0
भ्रूः,bhrūḥ,BrUH,26,0.0002,0,12,6,3,5
ध्मौ,dhmau,DmO,26,0.0002,0,20,1,5,0
र्हां,rhāṃ,rhAM,26,0.0002,2,21,1,2,0
ट्यः,ṭyaḥ,wyaH,26,0.0002,1,9,6,9,1
डृ,ḍṛ,qf,26,0.0002,14,2,5,5,0
ग्बु,gbu,gbu,26,0.0002,1,14,9,1,1
म्पां,mpāṃ,mpAM,26,0.0002,0,18,7,1,0
ल्क्यैः,lkyaiḥ,lkyEH,26,0.0002,26,0,0,0,0
ब्धु,bdhu,bDu,26,0.0002,0,9,13,4,0
व्व,vva,vva,26,0.0002,25,0,1,0,0
न्ध्रि,ndhri,nDri,26,0.0002,1,14,3,8,0
त्रूं,trūṃ,trUM,26,0.0002,10,16,0,0,0
र्यृ,ryṛ,ryf,25,0.0002,8,16,1,0,0
ग्घि,gghi,gGi,25,0.0002,20,2,2,1,0
ग्न्यः,gnyaḥ,gnyaH,25,0.0002,2,18,2,2,1
त्स्नः,tsnaḥ,tsnaH,25,0.0002,11,7,7,0,0
ल्य्,ly,ly,25,0.0002,13,5,1,5,1
क्ष्णाः,kṣṇāḥ,kzRAH,25,0.0002,0,11,9,3,2
ञ्जाः,ñjāḥ,YjAH,25,0.0002,9,6,3,4,3
ध्मो,dhmo,Dmo,25,0.0002,22,2,1,0,0
द्ध्र,ddhra,dDra,25,0.0002,1,8,12,2,2
ष्ट्याः,ṣṭyāḥ,zwyAH,25,0.0002,9,11,4,0,1
क्पू,kpū,kpU,25,0.0002,0,8,6,8,3
ढ्रं,ḍhraṃ,QraM,25,0.0002,3,2,10,6,4
क्सि,ksi,ksi,25,0.0002,0,4,10,11,0
र्ध्मा,rdhmā,rDmA,25,0.0002,0,0,8,14,3
र्खः,rkhaḥ,rKaH,25,0.0002,1,6,2,15,1
र्षीं,rṣīṃ,rzIM,25,0.0002,13,8,3,1,0
र्क्यं,rkyaṃ,rkyaM,25,0.0002,19,1,2,0,3
च्यौ,cyau,cyO,25,0.0002,22,0,2,0,1
द्मै,dmai,dmE,25,0.0002,0,8,9,5,3
ष्ट्यु,ṣṭyu,zwyu,25,0.0002,1,1,6,5,12
प्सू,psū,psU,25,0.0002,5,14,4,2,0
ग्ज्ञा,gjñā,gjYA,25,0.0002,0,0,14,10,1
त्स्त्री,tstrī,tstrI,25,0.0002,2,7,6,8,2
ल्क्ये,lkye,lkye,25,0.0002,18,2,2,3,0
क्षुं,kṣuṃ,kzuM,25,0.0002,6,5,9,3,2
ज्ज्ये,jjye,jjye,25,0.0002,2,13,6,4,0
श्यी,śyī,SyI,24,0.0002,0,0,19,5,0
ङ्क्या,ṅkyā,NkyA,24,0.0002,2,2,8,12,0
न्ध्री,ndhrī,nDrI,24,0.0002,0,17,5,0,2
ष्ण्वा,ṣṇvā,zRvA,24,0.0002,0,1,13,8,2
ल्फौ,lphau,lPO,24,0.0002,2,2,9,4,7
ल्गि,lgi,lgi,24,0.0002,0,6,12,6,0
र्क्,rk,rk,24,0.0002,23,0,1,0,0
द्रेः,dreḥ,dreH,24,0.0002,7,2,7,8,0
प्त्री,ptrī,ptrI,24,0.0002,20,0,2,2,0
स्तोः,stoḥ,stoH,24,0.0002,21,1,0,0,2
क्य्,ky,ky,24,0.0002,6,1,6,9,2
म्भौ,mbhau,mBO,24,0.0002,6,3,11,2,2
थ्याः,thyāḥ,TyAH,24,0.0002,4,6,10,4,0
न्त्र्ये,ntrye,ntrye,24,0.0002,6,1,3,14,0
न्वाः,nvāḥ,nvAH,24,0.0002,16,3,2,2,1
क्ष्यौ,kṣyau,kzyO,24,0.0002,18,3,3,0,0
र्कृ,rkṛ,rkf,24,0.0002,24,0,0,0,0
घ्न्ये,ghnye,Gnye,24,0.0002,24,0,0,0,0
र्दिं,rdiṃ,rdiM,24,0.0002,5,3,12,2,2
स्फ्या,sphyā,sPyA,24,0.0002,24,0,0,0,0
न्द्यो,ndyo,ndyo,24,0.0002,6,7,8,2,1
ण्वि,ṇvi,Rvi,24,0.0002,16,3,0,5,0
ट्टै,ṭṭai,wwE,24,0.0002,0,11,5,6,2
र्धृ,rdhṛ,rDf,24,0.0002,1,1,10,12,0
द्रिं,driṃ,driM,24,0.0002,13,3,1,5,2
ष्ट्ये,ṣṭye,zwye,24,0.0002,1,11,7,4,1
र्द्यू,rdyū,rdyU,24,0.0002,0,23,0,1,0
त्स्यै,tsyai,tsyE,24,0.0002,1,13,3,6,1
ड्डा,ḍḍā,qqA,24,0.0002,0,2,0,4,18
ञ्जां,ñjāṃ,YjAM,24,0.0002,1,5,3,14,1
द्व्ये,dvye,dvye,23,0.0002,0,3,12,5,3
ल्लः,llaḥ,llaH,23,0.0002,0,0,3,13,7
सूः,sūḥ,sUH,23,0.0002,9,3,4,7,0
न्थु,nthu,nTu,23,0.0002,0,7,9,7,0
म्ब्या,mbyā,mbyA,23,0.0002,2,3,9,8,1
म्णो,mṇo,mRo,23,0.0002,17,0,3,2,1
ह्व्यो,hvyo,hvyo,23,0.0002,5,9,4,3,2
ङ्क्ता,ṅktā,NktA,23,0.0002,12,5,3,1,2
र्ण्यो,rṇyo,rRyo,23,0.0002,4,2,13,3,1
ज्मी,jmī,jmI,23,0.0002,22,0,0,0,1
र्ङ्गी,rṅgī,rNgI,23,0.0002,0,1,1,20,1
ह्यौ,hyau,hyO,23,0.0002,5,6,7,4,1
छी,chī,CI,23,0.0002,3,3,8,5,4
ल्लाः,llāḥ,llAH,23,0.0002,0,10,7,6,0
श्रां,śrāṃ,SrAM,23,0.0002,4,3,5,8,3
भीं,bhīṃ,BIM,23,0.0002,4,8,3,8,0
र्तू,rtū,rtU,23,0.0002,20,0,3,0,0
म्भ्या,mbhyā,mByA,23,0.0002,17,1,1,4,0
क्त्व्,ktv,ktv,23,0.0002,23,0,0,0,0
व्राः,vrāḥ,vrAH,23,0.0002,12,1,8,2,0
स्कः,skaḥ,skaH,23,0.0002,3,6,8,2,4
ब्दां,bdāṃ,bdAM,23,0.0002,0,14,5,2,2
ङो,ṅo,No,23,0.0002,0,15,5,3,0
ञ्चां,ñcāṃ,YcAM,23,0.0002,0,3,6,13,1
ड्ये,ḍye,qye,23,0.0002,0,4,8,7,4
र्दिः,rdiḥ,rdiH,23,0.0002,7,6,7,3,0
त्स्यां,tsyāṃ,tsyAM,23,0.0002,0,17,3,2,1
ल्प्या,lpyā,lpyA,23,0.0002,8,4,4,5,2
ज्यु,jyu,jyu,23,0.0002,17,1,4,1,0
स्त्रिः,striḥ,striH,23,0.0002,14,2,2,5,0
ङ्कुः,ṅkuḥ,NkuH,23,0.0002,8,2,5,8,0
त्न्यां,tnyāṃ,tnyAM,23,0.0002,1,8,6,7,1
न्व्य,nvya,nvya,23,0.0002,0,1,5,16,1
ग्मां,gmāṃ,gmAM,23,0.0002,4,10,3,5,1
न्सो,nso,nso,23,0.0002,0,0,9,11,3
ग्यां,gyāṃ,gyAM,23,0.0002,0,10,8,5,0
द्बृ,dbṛ,dbf,23,0.0002,1,0,14,8,0
न्म्रि,nmri,nmri,23,0.0002,1,3,3,12,4
ज्जः,jjaḥ,jjaH,23,0.0002,0,10,7,6,0
ल्कां,lkāṃ,lkAM,23,0.0002,0,15,6,2,0
ह्रौं,hrauṃ,hrOM,23,0.0002,0,0,0,20,3
ठ्ये,ṭhye,Wye,23,0.0002,0,5,9,2,7
न्यृ,nyṛ,nyf,23,0.0002,17,2,2,2,0
ष्ट्रैः,ṣṭraiḥ,zwrEH,23,0.0002,1,20,2,0,0
ह्णं,hṇaṃ,hRaM,23,0.0002,1,17,1,4,0
त्स्फु,tsphu,tsPu,23,0.0002,0,0,2,18,3
द्विं,dviṃ,dviM,23,0.0002,0,1,1,17,4
ग्र्यो,gryo,gryo,23,0.0002,7,9,0,3,4
क्शा,kśā,kSA,23,0.0002,16,2,4,1,0
र्ध्रु,rdhru,rDru,22,0.0002,3,4,8,6,1
डौ,ḍau,qO,22,0.0002,2,3,11,6,0
न्त्वं,ntvaṃ,ntvaM,22,0.0002,0,15,5,2,0
र्पै,rpai,rpE,22,0.0002,0,10,9,1,2
प्त्र,ptra,ptra,22,0.0002,14,6,1,0,1
व्योः,vyoḥ,vyoH,22,0.0002,16,1,5,0,0
च्च्य,ccya,ccya,22,0.0002,4,11,3,4,0
थ्नी,thnī,TnI,22,0.0002,14,5,3,0,0
श्चां,ścāṃ,ScAM,22,0.0002,0,2,16,4,0
द्रिः,driḥ,driH,22,0.0002,8,4,5,4,1
ल्हा,lhā,lhA,22,0.0002,6,0,3,12,1
ग्रुः,gruḥ,gruH,22,0.0002,0,0,6,12,4
द्मी,dmī,dmI,22,0.0002,4,3,8,5,2
ढ्रा,ḍhrā,QrA,22,0.0002,0,1,14,5,2
र्घां,rghāṃ,rGAM,22,0.0002,0,7,5,6,4
कीः,kīḥ,kIH,22,0.0002,11,3,7,0,1
र्ष्णः,rṣṇaḥ,rzRaH,22,0.0002,21,0,0,1,0
ष्कौ,ṣkau,zkO,22,0.0002,6,2,8,6,0
र्त्य्,rty,rty,22,0.0002,17,1,1,3,0
ञ्छू,ñchū,YCU,22,0.0002,11,1,6,1,3
ष्ट्य्,ṣṭy,zwy,22,0.0002,21,0,1,0,0
म्लु,mlu,mlu,22,0.0002,10,10,0,1,1
र्नो,rno,rno,22,0.0002,2,6,6,8,0
श्यु,śyu,Syu,22,0.0002,5,8,4,4,1
न्भु,nbhu,nBu,22,0.0002,0,2,11,5,4
ड्भ्यो,ḍbhyo,qByo,22,0.0002,12,5,3,2,0
म्ली,mlī,mlI,22,0.0002,0,1,10,9,2
क्तीः,ktīḥ,ktIH,22,0.0002,9,4,4,5,0
द्नी,dnī,dnI,22,0.0002,4,7,8,1,2
स्नां,snāṃ,snAM,22,0.0002,4,4,13,1,0
र्धै,rdhai,rDE,22,0.0002,6,4,4,6,2
ठां,ṭhāṃ,WAM,22,0.0002,0,4,16,2,0
त्स्थे,tsthe,tsTe,22,0.0002,0,16,3,3,0
र्जै,rjai,rjE,22,0.0002,9,2,4,3,4
ग्याः,gyāḥ,gyAH,22,0.0002,1,4,7,9,1
द्द्रो,ddro,ddro,22,0.0002,0,2,2,18,0
न्को,nko,nko,22,0.0002,0,0,7,15,0
ध्ने,dhne,Dne,22,0.0002,16,1,0,4,1
र्ज्वा,rjvā,rjvA,22,0.0002,0,1,4,17,0
द्ध्वै,ddhvai,dDvE,22,0.0002,0,4,3,15,0
ज्ज्ञैः,jjñaiḥ,jjYEH,22,0.0002,0,4,2,13,3
ध्न्य,dhnya,Dnya,22,0.0002,16,0,3,2,1
ग्धौ,gdhau,gDO,22,0.0002,1,8,4,7,2
क्मो,kmo,kmo,22,0.0002,20,0,0,0,2
ब्जां,bjāṃ,bjAM,21,0.0001,0,8,4,7,2
ब्जि,bji,bji,21,0.0001,9,0,1,10,1
ट्यं,ṭyaṃ,wyaM,21,0.0001,0,1,8,10,2
क्चि,kci,kci,21,0.0001,2,4,5,9,1
ङ्ग्वा,ṅgvā,NgvA,21,0.0001,0,2,16,2,1
गूः,gūḥ,gUH,21,0.0001,5,3,10,2,1
ब्धिं,bdhiṃ,bDiM,21,0.0001,0,0,6,11,4
क्लां,klāṃ,klAM,21,0.0001,3,5,8,1,4
क्त्रां,ktrāṃ,ktrAM,21,0.0001,0,4,6,8,3
र्ण्यः,rṇyaḥ,rRyaH,21,0.0001,7,2,5,6,1
श्निः,śniḥ,SniH,21,0.0001,18,0,1,1,1
ग्ध्य्,gdhy,gDy,21,0.0001,20,0,0,0,1
प्त्वो,ptvo,ptvo,21,0.0001,3,1,2,15,0
र्ष्णो,rṣṇo,rzRo,21,0.0001,17,0,0,4,0
भ्णी,bhṇī,BRI,21,0.0001,21,0,0,0,0
द्व्यु,dvyu,dvyu,21,0.0001,11,2,4,4,0
ध्युः,dhyuḥ,DyuH,21,0.0001,17,1,1,2,0
स्थ्या,sthyā,sTyA,21,0.0001,1,3,10,7,0
ण्टी,ṇṭī,RwI,21,0.0001,0,0,5,16,0
न्क्ष,nkṣa,nkza,21,0.0001,2,0,10,9,0
न्त्र्यो,ntryo,ntryo,21,0.0001,13,1,2,5,0
व्ने,vne,vne,21,0.0001,21,0,0,0,0
क्यौ,kyau,kyO,21,0.0001,8,8,1,3,1
र्ज्ये,rjye,rjye,21,0.0001,1,3,12,4,1
प्यू,pyū,pyU,21,0.0001,2,5,7,6,1
क्वै,kvai,kvE,21,0.0001,5,2,7,6,1
स्वौ,svau,svO,21,0.0001,4,5,7,5,0
क्ष्णोः,kṣṇoḥ,kzRoH,21,0.0001,2,4,12,3,0
न्दोः,ndoḥ,ndoH,21,0.0001,1,4,12,3,1
र्ढ्या,rḍhyā,rQyA,21,0.0001,0,1,2,16,2
श्वौ,śvau,SvO,21,0.0001,3,9,4,3,2
ध्रै,dhrai,DrE,21,0.0001,0,9,11,1,0
ठाः,ṭhāḥ,WAH,21,0.0001,1,8,6,2,4
र्ङ्गे,rṅge,rNge,21,0.0001,0,3,11,7,0
न्द्रीं,ndrīṃ,ndrIM,21,0.0001,4,10,2,3,2
ह्रीः,hrīḥ,hrIH,21,0.0001,5,9,5,2,0
र्मिं,rmiṃ,rmiM,21,0.0001,19,1,0,1,0
ध्वीं,dhvīṃ,DvIM,21,0.0001,1,8,5,5,2
र्ध्वां,rdhvāṃ,rDvAM,21,0.0001,18,0,1,1,1
ष्ण्व,ṣṇva,zRva,21,0.0001,6,1,12,1,1
द्र्यं,dryaṃ,dryaM,21,0.0001,1,2,5,5,8
न्त्व्य,ntvya,ntvya,21,0.0001,0,17,3,1,0
र्च्छां,rcchāṃ,rcCAM,21,0.0001,0,4,8,8,1
ज्ज्ञै,jjñai,jjYE,21,0.0001,0,4,5,9,3
ह्रूं,hrūṃ,hrUM,21,0.0001,0,0,0,20,1
त्त्वौ,ttvau,ttvO,21,0.0001,1,11,6,3,0
न्रो,nro,nro,21,0.0001,0,1,2,16,2
हौं,hauṃ,hOM,21,0.0001,0,0,0,14,7
ल्ह,lha,lha,21,0.0001,0,0,0,21,0
ण्टां,ṇṭāṃ,RwAM,21,0.0001,0,4,5,11,1
र्भ्यो,rbhyo,rByo,20,0.0001,11,3,4,0,2
र्ङ्गं,rṅgaṃ,rNgaM,20,0.0001,0,3,10,4,3
त्र्यौ,tryau,tryO,20,0.0001,10,5,1,1,3
र्न्य,rnya,rnya,20,0.0001,2,0,5,13,0
र्गैः,rgaiḥ,rgEH,20,0.0001,3,4,8,3,2
क्ण,kṇa,kRa,20,0.0001,18,2,0,0,0
र्ह्या,rhyā,rhyA,20,0.0001,4,5,5,6,0
म्न्य्,mny,mny,20,0.0001,13,2,1,4,0
फि,phi,Pi,20,0.0001,6,5,4,1,4
ङ्क्ष्वे,ṅkṣve,Nkzve,20,0.0001,12,1,4,3,0
त्स्त्रि,tstri,tstri,20,0.0001,1,5,3,11,0
गीः,gīḥ,gIH,20,0.0001,18,0,1,0,1
ङ्ग्यो,ṅgyo,Ngyo,20,0.0001,1,4,10,5,0
ग्लो,glo,glo,20,0.0001,1,4,7,4,4
द्ग्री,dgrī,dgrI,20,0.0001,1,0,13,5,1
ष्ठ्यू,ṣṭhyū,zWyU,20,0.0001,2,5,12,1,0
र्ष्यां,rṣyāṃ,rzyAM,20,0.0001,6,3,7,2,2
क्त्ये,ktye,ktye,20,0.0001,8,2,0,9,1
ध्वै,dhvai,DvE,20,0.0001,11,1,1,5,2
र्थीं,rthīṃ,rTIM,20,0.0001,14,1,0,3,2
र्थ्याः,rthyāḥ,rTyAH,20,0.0001,4,4,12,0,0
र्व्यु,rvyu,rvyu,20,0.0001,4,7,4,2,3
क्स्व,ksva,ksva,20,0.0001,3,1,6,9,1
र्कां,rkāṃ,rkAM,20,0.0001,1,2,7,8,2
द्व्यं,dvyaṃ,dvyaM,20,0.0001,3,1,4,8,4
र्द्रो,rdro,rdro,20,0.0001,1,4,8,6,1
र्ध्यं,rdhyaṃ,rDyaM,20,0.0001,18,0,1,1,0
प्सी,psī,psI,20,0.0001,17,2,0,0,1
टीः,ṭīḥ,wIH,20,0.0001,1,0,2,11,6
र्हु,rhu,rhu,20,0.0001,6,3,6,5,0
त्स्पृ,tspṛ,tspf,20,0.0001,2,1,3,14,0
व्ण,vṇa,vRa,20,0.0001,18,0,1,0,1
म्नीं,mnīṃ,mnIM,20,0.0001,4,4,4,6,2
न्भी,nbhī,nBI,20,0.0001,0,1,3,16,0
त्कः,tkaḥ,tkaH,20,0.0001,5,0,5,10,0
ञ्छ्रो,ñchro,YCro,20,0.0001,6,3,10,1,0
र्हौ,rhau,rhO,20,0.0001,3,14,2,0,1
र्म्म,rmma,rmma,20,0.0001,0,0,1,19,0
र्ख्या,rkhyā,rKyA,20,0.0001,0,13,4,3,0
क्प्रा,kprā,kprA,19,0.0001,5,0,3,9,2
ग्दि,gdi,gdi,19,0.0001,0,7,3,8,1
न्त्रां,ntrāṃ,ntrAM,19,0.0001,4,3,3,8,1
ह्व्यः,hvyaḥ,hvyaH,19,0.0001,2,9,4,4,0
क्थाः,kthāḥ,kTAH,19,0.0001,19,0,0,0,0
न्धोः,ndhoḥ,nDoH,19,0.0001,9,3,2,4,1
म्भूः,mbhūḥ,mBUH,19,0.0001,4,3,5,5,2
ड्ज,ḍja,qja,19,0.0001,0,5,10,4,0
न्ध्यः,ndhyaḥ,nDyaH,19,0.0001,0,10,5,4,0
त्निः,tniḥ,tniH,19,0.0001,15,1,1,1,1
ल्भा,lbhā,lBA,19,0.0001,1,4,11,3,0
म्णं,mṇaṃ,mRaM,19,0.0001,18,0,0,1,0
जेः,jeḥ,jeH,19,0.0001,5,6,4,4,0
र्ष्णी,rṣṇī,rzRI,19,0.0001,16,0,0,2,1
च्छ्ल,cchla,cCla,19,0.0001,1,3,6,8,1
ग्जा,gjā,gjA,19,0.0001,1,4,5,9,0
ग्दु,gdu,gdu,19,0.0001,1,9,8,1,0
त्प्ल,tpla,tpla,19,0.0001,3,2,5,6,3
द्गं,dgaṃ,dgaM,19,0.0001,2,0,5,9,3
र्छां,rchāṃ,rCAM,19,0.0001,0,1,6,6,6
घ्नैः,ghnaiḥ,GnEH,19,0.0001,0,0,15,3,1
ठीं,ṭhīṃ,WIM,19,0.0001,0,0,6,13,0
ढ्रे,ḍhre,Qre,19,0.0001,1,1,9,4,4
ग्बा,gbā,gbA,19,0.0001,1,7,4,4,3
सूं,sūṃ,sUM,19,0.0001,6,10,1,2,0
र्द्राः,rdrāḥ,rdrAH,19,0.0001,15,2,2,0,0
क्वां,kvāṃ,kvAM,19,0.0001,5,1,7,6,0
स्त्राः,strāḥ,strAH,19,0.0001,1,14,2,2,0
स्से,sse,sse,19,0.0001,7,8,2,2,0
च्छ्म,cchma,cCma,19,0.0001,8,1,1,9,0
र्ङ्गि,rṅgi,rNgi,19,0.0001,0,2,8,8,1
छ्रे,chre,Cre,19,0.0001,8,2,2,6,1
न्हि,nhi,nhi,19,0.0001,4,3,6,5,1
र्च्या,rcyā,rcyA,19,0.0001,1,2,8,5,3
क्कां,kkāṃ,kkAM,19,0.0001,0,2,5,10,2
घ्यो,ghyo,Gyo,19,0.0001,0,1,12,5,1
ब्यं,byaṃ,byaM,19,0.0001,0,8,9,2,0
च्चौ,ccau,ccO,19,0.0001,0,4,11,4,0
क्षैं,kṣaiṃ,kzEM,19,0.0001,0,0,0,16,3
र्ध्ये,rdhye,rDye,19,0.0001,5,9,2,3,0
ग्र्याः,gryāḥ,gryAH,19,0.0001,0,17,0,0,2
ध्मु,dhmu,Dmu,19,0.0001,0,16,3,0,0
त्कैः,tkaiḥ,tkEH,19,0.0001,1,17,1,0,0
स्त्योः,styoḥ,styoH,19,0.0001,18,0,1,0,0
र्ची,rcī,rcI,18,0.0001,2,9,2,3,2
र्क्षा,rkṣā,rkzA,18,0.0001,6,3,5,2,2
क्थ्याः,kthyāḥ,kTyAH,18,0.0001,18,0,0,0,0
ज्ञ्या,jñyā,jYyA,18,0.0001,10,0,0,7,1
ग्न्योः,gnyoḥ,gnyoH,18,0.0001,13,3,0,0,2
ञ्चू,ñcū,YcU,18,0.0001,0,6,9,1,2
ण्ड्ये,ṇḍye,Rqye,18,0.0001,0,14,4,0,0
बिं,biṃ,biM,18,0.0001,0,3,11,4,0
ण्ड्याः,ṇḍyāḥ,RqyAH,18,0.0001,0,2,5,5,6
स्थ्ना,sthnā,sTnA,18,0.0001,6,5,5,2,0
र्ष्टु,rṣṭu,rzwu,18,0.0001,10,0,4,3,1
ण्ड्व,ṇḍva,Rqva,18,0.0001,4,1,10,2,1
लोः,loḥ,loH,18,0.0001,1,6,4,4,3
ङ्क्ष्वा,ṅkṣvā,NkzvA,18,0.0001,13,4,0,1,0
ङ्ग्धि,ṅgdhi,NgDi,18,0.0001,18,0,0,0,0
ङ्ग्यः,ṅgyaḥ,NgyaH,18,0.0001,5,5,6,2,0
छ्य,chya,Cya,18,0.0001,17,0,0,0,1
भ्राः,bhrāḥ,BrAH,18,0.0001,10,3,2,3,0
घ्न्य,ghnya,Gnya,18,0.0001,8,6,1,3,0
न्ध्यु,ndhyu,nDyu,18,0.0001,11,0,3,1,3
ग्रीं,grīṃ,grIM,18,0.0001,0,10,7,1,0
र्निः,rniḥ,rniH,18,0.0001,0,2,3,12,1
ञौ,ñau,YO,18,0.0001,0,18,0,0,0
र्ध्नः,rdhnaḥ,rDnaH,18,0.0001,6,5,4,2,1
अः,aḥ,aH,18,0.0001,2,5,0,10,1
ह्वौ,hvau,hvO,18,0.0001,2,3,9,3,1
त्थां,tthāṃ,tTAM,18,0.0001,0,2,10,5,1
र्ज्याः,rjyāḥ,rjyAH,18,0.0001,0,6,5,6,1
च्छ्ये,cchye,cCye,18,0.0001,15,2,1,0,0
क्त्रै,ktrai,ktrE,18,0.0001,0,10,3,4,1
ष्पां,ṣpāṃ,zpAM,18,0.0001,0,4,7,6,1
ञ्शू,ñśū,YSU,18,0.0001,2,10,5,0,1
ज्ज्य,jjya,jjya,18,0.0001,6,3,0,5,4
ग्ग्रा,ggrā,ggrA,18,0.0001,1,0,13,3,1
घ्यः,ghyaḥ,GyaH,18,0.0001,0,3,5,9,1
ब्धां,bdhāṃ,bDAM,18,0.0001,0,7,7,4,0
त्स्वि,tsvi,tsvi,18,0.0001,4,9,1,4,0
न्भा,nbhā,nBA,18,0.0001,0,2,8,8,0
ष्फु,ṣphu,zPu,18,0.0001,16,2,0,0,0
च्छ्रू,cchrū,cCrU,18,0.0001,2,6,7,2,1
ल्लीं,llīṃ,llIM,18,0.0001,0,0,2,11,5
श्र्य,śrya,Srya,18,0.0001,0,0,4,11,3
श्व्य,śvya,Svya,18,0.0001,18,0,0,0,0
टेः,ṭeḥ,weH,17,0.0001,0,6,0,11,0
ष्काः,ṣkāḥ,zkAH,17,0.0001,4,3,7,3,0
र्क्ष्यः,rkṣyaḥ,rkzyaH,17,0.0001,5,5,1,5,1
र्द्धे,rddhe,rdDe,17,0.0001,2,0,2,5,8
ट्वी,ṭvī,wvI,17,0.0001,0,1,8,4,4
ग्न्यं,gnyaṃ,gnyaM,17,0.0001,0,14,2,1,0
र्ज्,rj,rj,17,0.0001,15,0,0,0,2
प्सः,psaḥ,psaH,17,0.0001,16,0,0,0,1
क्न,kna,kna,17,0.0001,17,0,0,0,0
न्द्र्या,ndryā,ndryA,17,0.0001,15,1,1,0,0
ढ्व,ḍhva,Qva,17,0.0001,16,0,0,1,0
भ्रां,bhrāṃ,BrAM,17,0.0001,0,2,7,5,3
ङ्कौ,ṅkau,NkO,17,0.0001,10,2,3,2,0
हेः,heḥ,heH,17,0.0001,3,9,1,4,0
न्सि,nsi,nsi,17,0.0001,0,2,8,6,1
द्दं,ddaṃ,ddaM,17,0.0001,0,1,11,5,0
ज्ज्ञः,jjñaḥ,jjYaH,17,0.0001,1,3,6,6,1
टुं,ṭuṃ,wuM,17,0.0001,0,1,4,10,2
ण्मो,ṇmo,Rmo,17,0.0001,11,1,4,1,0
ष्ण्याः,ṣṇyāḥ,zRyAH,17,0.0001,17,0,0,0,0
ध्न्या,dhnyā,DnyA,17,0.0001,16,0,0,0,1
छ्र,chra,Cra,17,0.0001,11,1,2,1,2
ण्व्,ṇv,Rv,17,0.0001,7,3,4,2,1
प्न्यं,pnyaṃ,pnyaM,17,0.0001,17,0,0,0,0
ष्ट्रौ,ṣṭrau,zwrO,17,0.0001,8,4,4,1,0
ध्न्यः,dhnyaḥ,DnyaH,17,0.0001,14,2,0,0,1
न्त्स,ntsa,ntsa,17,0.0001,17,0,0,0,0
ज्ज्ञो,jjño,jjYo,17,0.0001,4,1,7,5,0
क्कौ,kkau,kkO,17,0.0001,4,3,8,0,2
ल्फा,lphā,lPA,17,0.0001,2,3,2,6,4
व्णा,vṇā,vRA,17,0.0001,15,1,0,1,0
व्रां,vrāṃ,vrAM,17,0.0001,3,7,4,1,2
र्थ्ये,rthye,rTye,17,0.0001,0,3,7,6,1
ङः,ṅaḥ,NaH,17,0.0001,0,15,0,2,0
ञि,ñi,Yi,17,0.0001,0,16,0,1,0
ङ्ख्य,ṅkhya,NKya,17,0.0001,1,3,4,4,5
ञो,ño,Yo,17,0.0001,0,17,0,0,0
स्त्र्या,stryā,stryA,17,0.0001,4,6,5,2,0
ञ,ña,Ya,17,0.0001,0,10,3,3,1
म्रै,mrai,mrE,17,0.0001,0,6,6,3,2
न्थ्या,nthyā,nTyA,17,0.0001,3,1,6,7,0
क्ष्ण्या,kṣṇyā,kzRyA,17,0.0001,0,6,9,2,0
र्ढ्यं,rḍhyaṃ,rQyaM,17,0.0001,0,2,2,13,0
म्ब्व,mbva,mbva,17,0.0001,0,1,10,6,0
क्ष्मैः,kṣmaiḥ,kzmEH,17,0.0001,0,3,12,2,0
ड्भ्र,ḍbhra,qBra,17,0.0001,0,0,12,5,0
म्राः,mrāḥ,mrAH,17,0.0001,0,3,9,4,1
क्त्राः,ktrāḥ,ktrAH,17,0.0001,2,7,4,2,2
ङ्गुं,ṅguṃ,NguM,17,0.0001,0,4,7,6,0
ग्ग्र,ggra,ggra,17,0.0001,2,2,7,5,1
घ्नां,ghnāṃ,GnAM,17,0.0001,0,5,9,3,0
ह्यू,hyū,hyU,17,0.0001,1,1,10,2,3
त्त्र्य,ttrya,ttrya,17,0.0001,0,0,6,9,2
यूः,yūḥ,yUH,17,0.0001,4,5,3,3,2
च्छ्रौ,cchrau,cCrO,17,0.0001,8,1,6,0,2
द्गू,dgū,dgU,17,0.0001,4,1,10,2,0
र्ज्मि,rjmi,rjmi,17,0.0001,17,0,0,0,0
ड्ढी,ḍḍhī,qQI,17,0.0001,17,0,0,0,0
ड्यां,ḍyāṃ,qyAM,17,0.0001,3,2,5,7,0
क्षीः,kṣīḥ,kzIH,17,0.0001,7,6,1,3,0
ह्न्या,hnyā,hnyA,17,0.0001,4,0,5,7,1
न्द्यै,ndyai,ndyE,17,0.0001,2,5,9,1,0
न्गो,ngo,ngo,17,0.0001,0,0,10,6,1
ट्टो,ṭṭo,wwo,17,0.0001,0,1,6,6,4
ञ्च्वा,ñcvā,YcvA,17,0.0001,0,0,2,13,2
ह्युं,hyuṃ,hyuM,17,0.0001,1,4,10,2,0
ज्रै,jrai,jrE,17,0.0001,0,13,2,2,0
ल्फे,lphe,lPe,17,0.0001,0,1,5,5,6
न्धूं,ndhūṃ,nDUM,17,0.0001,10,6,0,0,1
म्बीं,mbīṃ,mbIM,17,0.0001,0,0,7,10,0
ङ्घै,ṅghai,NGE,17,0.0001,0,1,7,0,9
क्मः,kmaḥ,kmaH,17,0.0001,17,0,0,0,0
ङ्खां,ṅkhāṃ,NKAM,17,0.0001,0,12,1,4,0
न्सू,nsū,nsU,16,0.0001,0,0,7,9,0
न्द्वो,ndvo,ndvo,16,0.0001,0,3,8,5,0
क्शो,kśo,kSo,16,0.0001,2,0,9,5,0
ट्ये,ṭye,wye,16,0.0001,0,1,9,6,0
ङ्मि,ṅmi,Nmi,16,0.0001,0,3,4,8,1
जुं,juṃ,juM,16,0.0001,4,5,3,4,0
नौः,nauḥ,nOH,16,0.0001,7,8,1,0,0
क्यु,kyu,kyu,16,0.0001,7,1,5,3,0
ङ्क्तं,ṅktaṃ,NktaM,16,0.0001,16,0,0,0,0
त्स्मा,tsmā,tsmA,16,0.0001,13,0,3,0,0
ल्हि,lhi,lhi,16,0.0001,11,0,0,3,2
भ्रिः,bhriḥ,BriH,16,0.0001,15,0,1,0,0
ण्ढो,ṇḍho,RQo,16,0.0001,0,3,2,5,6
म्भीं,mbhīṃ,mBIM,16,0.0001,11,2,2,1,0
क्कं,kkaṃ,kkaM,16,0.0001,9,1,0,6,0
ग्भ्या,gbhyā,gByA,16,0.0001,11,0,3,2,0
ड्ढ,ḍḍha,qQa,16,0.0001,10,1,4,1,0
र्जां,rjāṃ,rjAM,16,0.0001,8,1,7,0,0
त्त्व्,ttv,ttv,16,0.0001,14,0,1,0,1
र्द्म,rdma,rdma,16,0.0001,16,0,0,0,0
ण्मः,ṇmaḥ,RmaH,16,0.0001,16,0,0,0,0
मीः,mīḥ,mIH,16,0.0001,14,0,0,1,1
ड्वां,ḍvāṃ,qvAM,16,0.0001,15,1,0,0,0
द्म्य्,dmy,dmy,16,0.0001,10,1,0,5,0
र्त्व,rtva,rtva,16,0.0001,7,2,7,0,0
क्ष्णी,kṣṇī,kzRI,16,0.0001,11,0,2,2,1
क्ष्णु,kṣṇu,kzRu,16,0.0001,15,1,0,0,0
र्म्य्,rmy,rmy,16,0.0001,15,0,0,1,0
ष्ठ्यो,ṣṭhyo,zWyo,16,0.0001,11,0,0,0,5
ग्गा,ggā,ggA,16,0.0001,3,1,7,5,0
र्प्या,rpyā,rpyA,16,0.0001,7,2,1,6,0
त्स्नि,tsni,tsni,16,0.0001,0,3,2,11,0
श्र्वा,śrvā,SrvA,16,0.0001,2,7,1,6,0
द्रूः,drūḥ,drUH,16,0.0001,3,5,5,3,0
ङ्घं,ṅghaṃ,NGaM,16,0.0001,1,5,5,2,3
र्क्षं,rkṣaṃ,rkzaM,16,0.0001,3,0,9,2,2
ल्फं,lphaṃ,lPaM,16,0.0001,1,0,3,3,9
क्तॄ,ktṝ,ktF,16,0.0001,2,7,4,2,1
म्बौ,mbau,mbO,16,0.0001,0,8,5,2,1
फां,phāṃ,PAM,16,0.0001,3,2,6,4,1
क्ष्णौ,kṣṇau,kzRO,16,0.0001,3,5,7,1,0
ञ्छो,ñcho,YCo,16,0.0001,5,2,4,4,1
ष्वृ,ṣvṛ,zvf,16,0.0001,1,4,10,0,1
ह्म्यं,hmyaṃ,hmyaM,16,0.0001,7,5,1,0,3
ञ्श्रा,ñśrā,YSrA,16,0.0001,2,7,7,0,0
ञ्जीं,ñjīṃ,YjIM,16,0.0001,14,0,1,1,0
भ्नो,bhno,Bno,16,0.0001,16,0,0,0,0
त्थी,tthī,tTI,16,0.0001,13,0,1,1,1
क्ष्म्याः,kṣmyāḥ,kzmyAH,16,0.0001,0,2,10,3,1
ब्धुं,bdhuṃ,bDuM,16,0.0001,0,8,0,7,1
न्पृ,npṛ,npf,16,0.0001,0,1,7,7,1
ग्धी,gdhī,gDI,16,0.0001,4,3,1,6,2
र्तैः,rtaiḥ,rtEH,16,0.0001,0,8,4,4,0
ञ्शृ,ñśṛ,YSf,16,0.0001,0,9,4,3,0
ल्मां,lmāṃ,lmAM,16,0.0001,1,10,3,0,2
ञ्श्रु,ñśru,YSru,16,0.0001,0,11,5,0,0
स्म्यु,smyu,smyu,16,0.0001,0,14,2,0,0
ग्ग्री,ggrī,ggrI,16,0.0001,12,1,1,0,2
ग्ध्री,gdhrī,gDrI,16,0.0001,2,10,2,2,0
श्रूं,śrūṃ,SrUM,16,0.0001,0,9,0,7,0
द्वीं,dvīṃ,dvIM,16,0.0001,10,1,4,1,0
र्त्मे,rtme,rtme,16,0.0001,0,7,9,0,0
ग्णा,gṇā,gRA,16,0.0001,3,10,1,1,1
र्हीं,rhīṃ,rhIM,16,0.0001,13,2,1,0,0
श्म्या,śmyā,SmyA,16,0.0001,0,13,1,1,1
ष्ट्रीं,ṣṭrīṃ,zwrIM,16,0.0001,3,6,2,5,0
प्सुं,psuṃ,psuM,16,0.0001,2,12,1,1,0
भृं,bhṛṃ,BfM,16,0.0001,0,0,0,16,0
ष्यु,ṣyu,zyu,15,0.0001,4,4,3,2,2
ट्सं,ṭsaṃ,wsaM,15,0.0001,2,2,2,8,1
र्णिः,rṇiḥ,rRiH,15,0.0001,6,1,3,4,1
न्द्याः,ndyāḥ,ndyAH,15,0.0001,1,2,7,5,0
च्ची,ccī,ccI,15,0.0001,4,4,5,2,0
र्धौ,rdhau,rDO,15,0.0001,2,3,4,4,2
ञ्छं,ñchaṃ,YCaM,15,0.0001,6,2,4,1,2
स्त्वै,stvai,stvE,15,0.0001,11,1,2,1,0
प्त्वै,ptvai,ptvE,15,0.0001,7,2,0,4,2
क्थो,ktho,kTo,15,0.0001,10,4,1,0,0
ब्जो,bjo,bjo,15,0.0001,2,1,3,6,3
ग्भे,gbhe,gBe,15,0.0001,1,3,7,3,1
क्ष्णि,kṣṇi,kzRi,15,0.0001,1,0,11,2,1
त्पुं,tpuṃ,tpuM,15,0.0001,0,0,7,7,1
पूः,pūḥ,pUH,15,0.0001,9,1,4,1,0
क्श्रे,kśre,kSre,15,0.0001,1,1,4,9,0
ङ्घ्रिः,ṅghriḥ,NGriH,15,0.0001,0,0,4,8,3
र्भ्य,rbhya,rBya,15,0.0001,6,4,1,2,2
त्क्षु,tkṣu,tkzu,15,0.0001,3,1,4,6,1
क्फ,kpha,kPa,15,0.0001,0,2,9,4,0
र्ष्णिः,rṣṇiḥ,rzRiH,15,0.0001,1,9,3,1,1
द्ध्यो,ddhyo,dDyo,15,0.0001,0,6,4,4,1
र्ङ्गा,rṅgā,rNgA,15,0.0001,1,6,4,4,0
र्वोः,rvoḥ,rvoH,15,0.0001,4,1,8,0,2
र्ण्य्,rṇy,rRy,15,0.0001,10,0,0,4,1
त्त्यो,ttyo,ttyo,15,0.0001,1,7,1,4,2
त्तुः,ttuḥ,ttuH,15,0.0001,5,8,0,1,1
स्के,ske,ske,15,0.0001,5,7,3,0,0
क्वाः,kvāḥ,kvAH,15,0.0001,7,2,3,2,1
र्प्यं,rpyaṃ,rpyaM,15,0.0001,12,0,2,1,0
ञ्शी,ñśī,YSI,15,0.0001,0,12,0,2,1
म्भ्यां,mbhyāṃ,mByAM,15,0.0001,12,3,0,0,0
न्थौ,nthau,nTO,15,0.0001,3,1,8,3,0
क्लाः,klāḥ,klAH,15,0.0001,4,2,7,2,0
ग्ज्व,gjva,gjva,15,0.0001,0,1,9,4,1
ड्द,ḍda,qda,15,0.0001,0,4,3,6,2
र्ष्ण्य,rṣṇya,rzRya,15,0.0001,0,6,4,5,0
त्स्यैः,tsyaiḥ,tsyEH,15,0.0001,0,10,2,1,2
न्न्यू,nnyū,nnyU,15,0.0001,1,1,4,6,3
च्छिं,cchiṃ,cCiM,15,0.0001,13,2,0,0,0
ज्ञीं,jñīṃ,jYIM,15,0.0001,0,0,1,13,1
ब्धैः,bdhaiḥ,bDEH,15,0.0001,1,7,1,4,1
क्सू,ksū,ksU,15,0.0001,4,1,0,10,0
न्म्ले,nmle,nmle,15,0.0001,0,5,2,7,1
घ्यं,ghyaṃ,GyaM,15,0.0001,0,5,2,7,1
आः,āḥ,AH,15,0.0001,5,0,3,7,0
ञ्शो,ñśo,YSo,15,0.0001,1,7,2,5,0
न्द्रु,ndru,ndru,15,0.0001,0,1,4,9,1
न्म्य,nmya,nmya,15,0.0001,0,10,1,4,0
र्भ्र,rbhra,rBra,15,0.0001,0,6,3,4,2
र्यि,ryi,ryi,15,0.0001,0,7,7,1,0
ष्पू,ṣpū,zpU,15,0.0001,1,7,6,1,0
इं,iṃ,iM,15,0.0001,1,0,0,14,0
म्न्यः,mnyaḥ,mnyaH,15,0.0001,11,0,1,1,2
स्त्र्यु,stryu,stryu,15,0.0001,1,13,0,0,1
ध्मुः,dhmuḥ,DmuH,15,0.0001,0,15,0,0,0
ब्बू,bbū,bbU,15,0.0001,0,0,0,9,6
र्घु,rghu,rGu,14,0.0001,0,2,8,3,1
क्शु,kśu,kSu,14,0.0001,1,1,7,3,2
र्ष्व्,rṣv,rzv,14,0.0001,8,2,2,2,0
न्वौ,nvau,nvO,14,0.0001,13,0,0,0,1
ट्टः,ṭṭaḥ,wwaH,14,0.0001,0,1,3,10,0
ल्मौ,lmau,lmO,14,0.0001,0,0,4,1,9
र्श्या,rśyā,rSyA,14,0.0001,3,0,5,5,1
र्शौ,rśau,rSO,14,0.0001,2,3,5,4,0
क्के,kke,kke,14,0.0001,1,2,6,3,2
प्न्य,pnya,pnya,14,0.0001,14,0,0,0,0
र्पैः,rpaiḥ,rpEH,14,0.0001,1,5,6,1,1
ड्वी,ḍvī,qvI,14,0.0001,14,0,0,0,0
स्यूं,syūṃ,syUM,14,0.0001,12,1,1,0,0
ल्शा,lśā,lSA,14,0.0001,13,0,0,0,1
श्मौ,śmau,SmO,14,0.0001,3,1,8,2,0
ध्यैः,dhyaiḥ,DyEH,14,0.0001,3,4,5,2,0
क्वि,kvi,kvi,14,0.0001,0,8,3,3,0
स्नौ,snau,snO,14,0.0001,3,4,5,1,1
प्पु,ppu,ppu,14,0.0001,0,1,12,1,0
ङे,ṅe,Ne,14,0.0001,1,3,0,5,5
ड्ज्व,ḍjva,qjva,14,0.0001,0,0,11,2,1
म्लौ,mlau,mlO,14,0.0001,0,4,4,5,1
ग्व्य,gvya,gvya,14,0.0001,0,4,4,3,3
चुं,cuṃ,cuM,14,0.0001,0,3,9,1,1
ण्ठौ,ṇṭhau,RWO,14,0.0001,0,2,10,2,0
ङ्मो,ṅmo,Nmo,14,0.0001,0,0,13,1,0
श्च्या,ścyā,ScyA,14,0.0001,6,6,2,0,0
च्छ्रां,cchrāṃ,cCrAM,14,0.0001,8,4,1,1,0
क्चू,kcū,kcU,14,0.0001,0,0,3,8,3
खू,khū,KU,14,0.0001,7,1,3,3,0
र्खाः,rkhāḥ,rKAH,14,0.0001,1,2,3,8,0
र्खे,rkhe,rKe,14,0.0001,2,4,0,6,2
र्ष्वा,rṣvā,rzvA,14,0.0001,8,3,1,0,2
स्फ्यः,sphyaḥ,sPyaH,14,0.0001,14,0,0,0,0
क्मौ,kmau,kmO,14,0.0001,12,0,0,0,2
ग्व्या,gvyā,gvyA,14,0.0001,2,3,5,3,1
न्त्यृ,ntyṛ,ntyf,14,0.0001,2,2,3,7,0
ण्वी,ṇvī,RvI,14,0.0001,10,0,2,2,0
ष्टू,ṣṭū,zwU,14,0.0001,5,1,4,4,0
ज्जाः,jjāḥ,jjAH,14,0.0001,1,5,6,2,0
न्कि,nki,nki,14,0.0001,0,0,9,5,0
ह्णो,hṇo,hRo,14,0.0001,6,3,3,2,0
ल्भ्य,lbhya,lBya,14,0.0001,6,2,4,1,1
र्ध्यः,rdhyaḥ,rDyaH,14,0.0001,14,0,0,0,0
थ्व्या,thvyā,TvyA,14,0.0001,1,5,5,3,0
म्बाः,mbāḥ,mbAH,14,0.0001,1,3,7,3,0
ल्प्ये,lpye,lpye,14,0.0001,0,0,10,3,1
य्यु,yyu,yyu,14,0.0001,0,8,5,1,0
क्ष्ण्यं,kṣṇyaṃ,kzRyaM,14,0.0001,0,10,3,1,0
श्व्यं,śvyaṃ,SvyaM,14,0.0001,14,0,0,0,0
ण्ठाः,ṇṭhāḥ,RWAH,14,0.0001,1,5,5,3,0
र्शाः,rśāḥ,rSAH,14,0.0001,2,7,2,3,0
ञ्ज्य,ñjya,Yjya,14,0.0001,0,1,2,10,1
र्म्यो,rmyo,rmyo,14,0.0001,1,9,1,2,1
त्क्षौ,tkṣau,tkzO,14,0.0001,0,0,3,11,0
ङ्मृ,ṅmṛ,Nmf,14,0.0001,0,0,2,10,2
क्प्रे,kpre,kpre,14,0.0001,0,3,7,3,1
ङ्घां,ṅghāṃ,NGAM,14,0.0001,2,2,4,5,1
म्भुं,mbhuṃ,mBuM,14,0.0001,0,0,4,7,3
त्त्रीं,ttrīṃ,ttrIM,14,0.0001,0,0,1,13,0
र्य्य,ryya,ryya,14,0.0001,0,1,0,13,0
स्थ्ये,sthye,sTye,14,0.0001,0,7,4,0,3
ण्ड्रे,ṇḍre,Rqre,14,0.0001,0,1,4,1,8
श्मिं,śmiṃ,SmiM,14,0.0001,4,2,3,4,1
डुं,ḍuṃ,quM,14,0.0001,3,2,8,1,0
र्बृ,rbṛ,rbf,13,0.0001,4,1,5,3,0
र्डि,rḍi,rqi,13,0.0001,12,0,0,1,0
ण्टो,ṇṭo,Rwo,13,0.0001,0,0,3,9,1
ष्ष,ṣṣa,zza,13,0.0001,2,4,3,3,1
र्चू,rcū,rcU,13,0.0001,2,1,2,6,2
ज्जू,jjū,jjU,13,0.0001,5,3,2,2,1
घ्न्यः,ghnyaḥ,GnyaH,13,0.0001,4,6,3,0,0
ह्व्य,hvya,hvya,13,0.0001,6,4,1,1,1
प्सं,psaṃ,psaM,13,0.0001,10,2,1,0,0
जीः,jīḥ,jIH,13,0.0001,8,1,3,1,0
ज्ञुः,jñuḥ,jYuH,13,0.0001,6,4,2,1,0
म्णां,mṇāṃ,mRAM,13,0.0001,1,4,3,2,3
ग्ध्य,gdhya,gDya,13,0.0001,0,0,9,4,0
ज्ज्ञ,jjña,jjYa,13,0.0001,1,2,0,10,0
त्वाः,tvāḥ,tvAH,13,0.0001,3,8,0,1,0
म्रौ,mrau,mrO,13,0.0001,1,3,5,4,0
ष्वी,ṣvī,zvI,13,0.0001,8,2,1,2,0
न्द्धी,nddhī,ndDI,13,0.0001,7,5,1,0,0
फै,phai,PE,13,0.0001,2,2,8,0,1
म्वो,mvo,mvo,13,0.0001,9,3,1,0,0
ल्पू,lpū,lpU,13,0.0001,12,1,0,0,0
ढ्वः,ḍhvaḥ,QvaH,13,0.0001,13,0,0,0,0
ज्ञ्य्,jñy,jYy,13,0.0001,13,0,0,0,0
व्रः,vraḥ,vraH,13,0.0001,3,7,2,1,0
न्के,nke,nke,13,0.0001,0,1,10,2,0
ब्लि,bli,bli,13,0.0001,9,1,2,1,0
ञ्ज्व,ñjva,Yjva,13,0.0001,0,6,2,4,1
न्व्र,nvra,nvra,13,0.0001,2,0,2,8,1
क्चे,kce,kce,13,0.0001,0,3,8,2,0
क्क्ष,kkṣa,kkza,13,0.0001,0,6,6,1,0
ङ्मे,ṅme,Nme,13,0.0001,3,1,7,2,0
ज्जै,jjai,jjE,13,0.0001,1,1,7,3,1
ढ्याः,ḍhyāḥ,QyAH,13,0.0001,2,2,2,7,0
र्शैः,rśaiḥ,rSEH,13,0.0001,2,6,2,3,0
ल्वै,lvai,lvE,13,0.0001,0,2,6,1,4
ल्वैः,lvaiḥ,lvEH,13,0.0001,0,5,6,0,2
ह्वैः,hvaiḥ,hvEH,13,0.0001,0,2,8,3,0
ग्यौ,gyau,gyO,13,0.0001,5,3,4,1,0
र्ली,rlī,rlI,13,0.0001,0,0,11,1,1
श्मीं,śmīṃ,SmIM,13,0.0001,7,3,2,0,1
ठै,ṭhai,WE,13,0.0001,0,4,2,4,3
र्ध्न्य,rdhnya,rDnya,13,0.0001,2,8,2,1,0
ड्गः,ḍgaḥ,qgaH,13,0.0001,1,6,1,5,0
न्त्र्यै,ntryai,ntryE,13,0.0001,2,5,3,1,2
ब्द्य,bdya,bdya,13,0.0001,1,3,4,3,2
ङ्घः,ṅghaḥ,NGaH,13,0.0001,0,3,2,6,2
र्त्तां,rttāṃ,rttAM,13,0.0001,0,1,8,4,0
क्त्यां,ktyāṃ,ktyAM,13,0.0001,5,2,2,2,2
न्वीं,nvīṃ,nvIM,13,0.0001,0,2,6,2,3
न्नॄ,nnṝ,nnF,13,0.0001,0,4,4,4,1
न्रु,nru,nru,13,0.0001,0,2,5,4,2
न्क्र,nkra,nkra,13,0.0001,1,0,3,7,2
ष्पाः,ṣpāḥ,zpAH,13,0.0001,1,6,4,1,1
म्प्य,mpya,mpya,13,0.0001,0,5,5,3,0
र्ध्न्यु,rdhnyu,rDnyu,13,0.0001,0,8,2,2,1
द्द्यु,ddyu,ddyu,13,0.0001,0,4,5,3,1
ण्टः,ṇṭaḥ,RwaH,13,0.0001,0,1,1,9,2
त्त्रिं,ttriṃ,ttriM,13,0.0001,1,1,3,7,1
न्स्था,nsthā,nsTA,13,0.0001,0,0,2,2,9
म्ब्यां,mbyāṃ,mbyAM,13,0.0001,0,0,4,9,0
च्चं,ccaṃ,ccaM,13,0.0001,0,3,6,1,3
र्षूः,rṣūḥ,rzUH,13,0.0001,9,1,2,1,0
ह्रैं,hraiṃ,hrEM,13,0.0001,0,0,0,11,2
त्क्षो,tkṣo,tkzo,13,0.0001,0,0,3,9,1
स्कौ,skau,skO,13,0.0001,3,3,5,0,2
ट्के,ṭke,wke,13,0.0001,0,0,2,10,1
र्त्से,rtse,rtse,13,0.0001,13,0,0,0,0
ष्ण्वि,ṣṇvi,zRvi,13,0.0001,1,0,5,2,5
न्द्यः,ndyaḥ,ndyaH,13,0.0001,4,2,5,2,0
द्ध्मा,ddhmā,dDmA,13,0.0001,1,0,0,9,3
त्स्थौ,tsthau,tsTO,13,0.0001,0,10,0,3,0
र्श्वौ,rśvau,rSvO,12,0.0001,0,6,3,3,0
ट्स्व,ṭsva,wsva,12,0.0001,1,2,2,6,1
ड्ब,ḍba,qba,12,0.0001,1,0,3,7,1
स्त्याः,styāḥ,styAH,12,0.0001,11,0,1,0,0
श्रिः,śriḥ,SriH,12,0.0001,12,0,0,0,0
ध्न्यो,dhnyo,Dnyo,12,0.0001,6,1,5,0,0
स्स्व्,ssv,ssv,12,0.0001,11,1,0,0,0
ण्ड्राः,ṇḍrāḥ,RqrAH,12,0.0001,1,5,5,0,1
ग्युः,gyuḥ,gyuH,12,0.0001,11,0,0,1,0
ल्गू,lgū,lgU,12,0.0001,7,2,1,2,0
ड्डु,ḍḍu,qqu,12,0.0001,0,2,2,8,0
ट्टी,ṭṭī,wwI,12,0.0001,0,2,3,5,2
ज्ज्या,jjyā,jjyA,12,0.0001,3,2,5,1,1
द्भ्रू,dbhrū,dBrU,12,0.0001,0,0,4,7,1
र्दाः,rdāḥ,rdAH,12,0.0001,6,1,1,3,1
ङ्क्षो,ṅkṣo,Nkzo,12,0.0001,2,0,2,5,3
ग्घो,ggho,gGo,12,0.0001,11,1,0,0,0
स्थ्य्,sthy,sTy,12,0.0001,6,0,5,0,1
न्वोः,nvoḥ,nvoH,12,0.0001,2,3,3,3,1
भ्रुं,bhruṃ,BruM,12,0.0001,6,1,5,0,0
भ्वं,bhvaṃ,BvaM,12,0.0001,12,0,0,0,0
जोः,joḥ,joH,12,0.0001,5,3,1,2,1
त्स्थू,tsthū,tsTU,12,0.0001,0,1,2,7,2
ढ्यै,ḍhyai,QyE,12,0.0001,1,4,4,1,2
त्स्मि,tsmi,tsmi,12,0.0001,0,2,4,6,0
म्लाः,mlāḥ,mlAH,12,0.0001,0,2,4,4,2
क्तूं,ktūṃ,ktUM,12,0.0001,8,2,2,0,0
क्कू,kkū,kkU,12,0.0001,3,1,6,2,0
ठ्या,ṭhyā,WyA,12,0.0001,0,1,8,3,0
ल्प्यं,lpyaṃ,lpyaM,12,0.0001,0,0,5,6,1
म्बैः,mbaiḥ,mbEH,12,0.0001,0,2,9,1,0
क्स्था,ksthā,ksTA,12,0.0001,1,0,10,0,1
र्द्री,rdrī,rdrI,12,0.0001,0,2,5,3,2
क्तुः,ktuḥ,ktuH,12,0.0001,4,1,2,4,1
प्त्रं,ptraṃ,ptraM,12,0.0001,8,1,1,0,2
छ्रो,chro,Cro,12,0.0001,8,0,2,2,0
छ्री,chrī,CrI,12,0.0001,3,2,1,4,2
न्स्वा,nsvā,nsvA,12,0.0001,0,0,5,6,1
भ्र्या,bhryā,BryA,12,0.0001,12,0,0,0,0
गीं,gīṃ,gIM,12,0.0001,0,8,1,2,1
र्त्तो,rtto,rtto,12,0.0001,0,0,2,8,2
च्छ्रै,cchrai,cCrE,12,0.0001,0,4,6,2,0
ह्रं,hraṃ,hraM,12,0.0001,1,0,1,9,1
ण्ठै,ṇṭhai,RWE,12,0.0001,0,3,8,0,1
र्द्रां,rdrāṃ,rdrAM,12,0.0001,1,3,4,4,0
ट्त्व,ṭtva,wtva,12,0.0001,4,2,2,3,1
म्रां,mrāṃ,mrAM,12,0.0001,0,5,2,2,3
त्स्य्,tsy,tsy,12,0.0001,10,1,0,1,0
न्ध्रो,ndhro,nDro,12,0.0001,1,1,3,4,3
र्द्धा,rddhā,rdDA,12,0.0001,1,0,1,4,6
क्ष्म्यै,kṣmyai,kzmyE,12,0.0001,4,0,3,5,0
ट्ष,ṭṣa,wza,12,0.0001,3,1,3,3,2
ञ्छ्रा,ñchrā,YCrA,12,0.0001,1,0,3,7,1
र्द्यः,rdyaḥ,rdyaH,12,0.0001,0,0,0,9,3
श्व्या,śvyā,SvyA,12,0.0001,12,0,0,0,0
ड्लो,ḍlo,qlo,12,0.0001,0,0,0,11,1
न्तॄ,ntṝ,ntF,12,0.0001,0,10,0,2,0
ण्ठां,ṇṭhāṃ,RWAM,12,0.0001,0,6,3,3,0
ञ्चीं,ñcīṃ,YcIM,12,0.0001,0,2,2,3,5
ब्ध्य,bdhya,bDya,12,0.0001,0,4,4,4,0
ट्वं,ṭvaṃ,wvaM,12,0.0001,12,0,0,0,0
ड्गां,ḍgāṃ,qgAM,12,0.0001,0,11,0,0,1
ण्ड्यां,ṇḍyāṃ,RqyAM,12,0.0001,0,4,0,5,3
ड्बि,ḍbi,qbi,11,0.0001,0,0,0,9,2
थीः,thīḥ,TIH,11,0.0001,10,1,0,0,0
स्त्र्य्,stry,stry,11,0.0001,10,0,1,0,0
द्व्,dv,dv,11,0.0001,7,0,4,0,0
ष्षि,ṣṣi,zzi,11,0.0001,11,0,0,0,0
म्वोः,mvoḥ,mvoH,11,0.0001,9,1,0,1,0
बाः,bāḥ,bAH,11,0.0001,5,1,1,4,0
ण्ठ्यः,ṇṭhyaḥ,RWyaH,11,0.0001,1,5,2,2,1
प्पि,ppi,ppi,11,0.0001,2,1,1,7,0
जूः,jūḥ,jUH,11,0.0001,10,0,1,0,0
म्बूः,mbūḥ,mbUH,11,0.0001,0,0,3,8,0
झा,jhā,JA,11,0.0001,0,0,7,4,0
द्गुः,dguḥ,dguH,11,0.0001,1,3,5,2,0
स्नू,snū,snU,11,0.0001,9,0,1,0,1
ब्जः,bjaḥ,bjaH,11,0.0001,3,1,5,1,1
प्यृ,pyṛ,pyf,11,0.0001,1,6,3,0,1
ष्की,ṣkī,zkI,11,0.0001,1,5,0,3,2
श्यैः,śyaiḥ,SyEH,11,0.0001,1,6,3,0,1
ष्ट्यः,ṣṭyaḥ,zwyaH,11,0.0001,6,0,4,0,1
र्द्ध्या,rddhyā,rdDyA,11,0.0001,2,7,1,1,0
स्काः,skāḥ,skAH,11,0.0001,0,8,1,1,1
ण्ड्रः,ṇḍraḥ,RqraH,11,0.0001,0,2,5,3,1
क्थ्नो,kthno,kTno,11,0.0001,1,0,9,1,0
म्री,mrī,mrI,11,0.0001,4,1,5,1,0
क्त्रि,ktri,ktri,11,0.0001,0,1,6,4,0
ण्ठ्यो,ṇṭhyo,RWyo,11,0.0001,1,4,2,3,1
ञ्छी,ñchī,YCI,11,0.0001,1,3,7,0,0
र्चौ,rcau,rcO,11,0.0001,11,0,0,0,0
ज्जुं,jjuṃ,jjuM,11,0.0001,7,2,1,0,1
र्पां,rpāṃ,rpAM,11,0.0001,4,4,2,1,0
ल्क्या,lkyā,lkyA,11,0.0001,3,3,2,1,2
र्ष्ट्य्,rṣṭy,rzwy,11,0.0001,11,0,0,0,0
त्निं,tniṃ,tniM,11,0.0001,10,1,0,0,0
ग्नु,gnu,gnu,11,0.0001,11,0,0,0,0
ङ्घैः,ṅghaiḥ,NGEH,11,0.0001,0,1,1,1,8
द्भ्रु,dbhru,dBru,11,0.0001,0,1,2,8,0
स्त्वृ,stvṛ,stvf,11,0.0001,1,3,5,2,0
ग्र्यै,gryai,gryE,11,0.0001,0,10,0,1,0
सॄ,sṝ,sF,11,0.0001,7,0,1,3,0
ल्मै,lmai,lmE,11,0.0001,1,6,2,2,0
न्गि,ngi,ngi,11,0.0001,0,0,9,2,0
न्जु,nju,nju,11,0.0001,9,0,0,2,0
श्मो,śmo,Smo,11,0.0001,3,2,2,3,1
न्ब्रा,nbrā,nbrA,11,0.0001,2,0,5,2,2
न्गा,ngā,ngA,11,0.0001,0,0,6,5,0
ष्णिं,ṣṇiṃ,zRiM,11,0.0001,6,0,5,0,0
त्स्क,tska,tska,11,0.0001,1,2,2,5,1
न्घो,ngho,nGo,11,0.0001,0,0,3,7,1
र्ण्यै,rṇyai,rRyE,11,0.0001,0,0,4,7,0
क्ष्यैः,kṣyaiḥ,kzyEH,11,0.0001,0,4,4,2,1
न्त्रीं,ntrīṃ,ntrIM,11,0.0001,2,4,3,1,1
र्म्रि,rmri,rmri,11,0.0001,0,0,1,8,2
त्खे,tkhe,tKe,11,0.0001,2,0,1,7,1
र्घै,rghai,rGE,11,0.0001,0,0,9,2,0
ष्ट्व,ṣṭva,zwva,11,0.0001,3,4,3,1,0
ल्लां,llāṃ,llAM,11,0.0001,0,6,2,1,2
ञ्शै,ñśai,YSE,11,0.0001,0,10,1,0,0
हैं,haiṃ,hEM,11,0.0001,0,0,0,9,2
द्मां,dmāṃ,dmAM,11,0.0001,0,3,7,1,0
रों,roṃ,roM,11,0.0001,1,3,5,2,0
ञ्छ्री,ñchrī,YCrI,11,0.0001,3,0,4,2,2
बुं,buṃ,buM,11,0.0001,1,4,4,2,0
ङ्खी,ṅkhī,NKI,11,0.0001,0,2,2,5,2
र्ब्रू,rbrū,rbrU,11,0.0001,9,0,0,2,0
प्यैः,pyaiḥ,pyEH,11,0.0001,0,0,7,2,2
न्तेः,nteḥ,nteH,11,0.0001,1,0,8,2,0
ङ्क्रा,ṅkrā,NkrA,11,0.0001,0,0,3,3,5
ण्टे,ṇṭe,Rwe,11,0.0001,1,3,4,1,2
र्ण्यां,rṇyāṃ,rRyAM,11,0.0001,0,0,1,9,1
ग्घु,gghu,gGu,11,0.0001,3,3,2,2,1
ञ्श्रो,ñśro,YSro,11,0.0001,0,6,5,0,0
ष्मी,ṣmī,zmI,11,0.0001,8,1,1,1,0
ल्भः,lbhaḥ,lBaH,10,0.0001,0,3,2,5,0
ग्मू,gmū,gmU,10,0.0001,0,5,3,1,1
स्तेः,steḥ,steH,10,0.0001,5,1,4,0,0
प्त्रि,ptri,ptri,10,0.0001,8,0,0,0,2
थ्यौ,thyau,TyO,10,0.0001,5,1,2,2,0
ब्भि,bbhi,bBi,10,0.0001,10,0,0,0,0
म्न्यो,mnyo,mnyo,10,0.0001,9,0,0,0,1
म्न्य,mnya,mnya,10,0.0001,5,0,2,2,1
ज्यू,jyū,jyU,10,0.0001,10,0,0,0,0
भ्वी,bhvī,BvI,10,0.0001,7,0,1,1,1
ट्ख,ṭkha,wKa,10,0.0001,0,0,1,7,2
क्नी,knī,knI,10,0.0001,5,0,4,1,0
षूः,ṣūḥ,zUH,10,0.0001,6,0,1,0,3
ग्जी,gjī,gjI,10,0.0001,5,3,0,1,0
ड्गाः,ḍgāḥ,qgAH,10,0.0001,1,8,0,1,0
ष्पीं,ṣpīṃ,zpIM,10,0.0001,1,4,3,1,1
र्त्रं,rtraṃ,rtraM,10,0.0001,8,0,0,2,0
र्ष्ण,rṣṇa,rzRa,10,0.0001,7,1,0,2,0
र्ष्य्,rṣy,rzy,10,0.0001,10,0,0,0,0
ण्वाः,ṇvāḥ,RvAH,10,0.0001,10,0,0,0,0
छ्रा,chrā,CrA,10,0.0001,2,1,4,2,1
ङ्क्तां,ṅktāṃ,NktAM,10,0.0001,10,0,0,0,0
ज्जुः,jjuḥ,jjuH,10,0.0001,7,0,1,2,0
ष्मौ,ṣmau,zmO,10,0.0001,4,4,1,0,1
श्निं,śniṃ,SniM,10,0.0001,10,0,0,0,0
म्व,mva,mva,10,0.0001,6,2,0,0,2
त्नुः,tnuḥ,tnuH,10,0.0001,7,2,1,0,0
प्वा,pvā,pvA,10,0.0001,5,2,3,0,0
घ्न्यो,ghnyo,Gnyo,10,0.0001,2,4,3,1,0
ङ्घाः,ṅghāḥ,NGAH,10,0.0001,1,1,4,2,2
घ्न्य्,ghny,Gny,10,0.0001,7,0,2,1,0
लृ,lṛ,lf,10,0.0001,0,10,0,0,0
टोः,ṭoḥ,woH,10,0.0001,0,5,1,4,0
ॠ,ṝ,F,10,0.0001,0,3,3,3,1
त्त्र्या,ttryā,ttryA,10,0.0001,0,1,1,8,0
म्प्या,mpyā,mpyA,10,0.0001,1,2,3,3,1
छै,chai,CE,10,0.0001,3,4,2,1,0
ट्क्ष,ṭkṣa,wkza,10,0.0001,0,2,6,2,0
र्ण्यौ,rṇyau,rRyO,10,0.0001,1,2,3,4,0
छ्या,chyā,CyA,10,0.0001,7,0,3,0,0
ण्यू,ṇyū,RyU,10,0.0001,2,3,5,0,0
ल्माः,lmāḥ,lmAH,10,0.0001,0,6,2,2,0
र्गीं,rgīṃ,rgIM,10,0.0001,0,1,9,0,0
च्छूः,cchūḥ,cCUH,10,0.0001,0,0,3,5,2
क्ष्म्य,kṣmya,kzmya,10,0.0001,1,4,2,3,0
श्र्या,śryā,SryA,10,0.0001,1,1,1,5,2
र्ष्ण्यं,rṣṇyaṃ,rzRyaM,10,0.0001,0,0,5,5,0
त्तीं,ttīṃ,ttIM,10,0.0001,0,6,3,1,0
र्त्यां,rtyāṃ,rtyAM,10,0.0001,2,1,4,3,0
ग्बी,gbī,gbI,10,0.0001,0,0,2,8,0
र्गू,rgū,rgU,10,0.0001,1,1,4,4,0
घ्यां,ghyāṃ,GyAM,10,0.0001,1,5,2,2,0
तॄः,tṝḥ,tFH,10,0.0001,4,4,0,2,0
म्न्या,mnyā,mnyA,10,0.0001,9,0,0,1,0
ल्शो,lśo,lSo,10,0.0001,10,0,0,0,0
र्द्रः,rdraḥ,rdraH,10,0.0001,4,1,3,2,0
ञ्च्य्,ñcy,Ycy,10,0.0001,10,0,0,0,0
त्स्रो,tsro,tsro,10,0.0001,0,2,6,1,1
त्मौ,tmau,tmO,10,0.0001,1,3,0,6,0
ष्पौ,ṣpau,zpO,10,0.0001,1,4,2,1,2
त्त्ये,ttye,ttye,10,0.0001,1,3,2,4,0
त्सोः,tsoḥ,tsoH,10,0.0001,1,7,1,1,0
ल्यि,lyi,lyi,10,0.0001,1,7,1,1,0
ग्गो,ggo,ggo,10,0.0001,0,0,4,4,2
ध्नं,dhnaṃ,DnaM,10,0.0001,8,0,1,0,1
र्द्रौ,rdrau,rdrO,10,0.0001,0,0,3,7,0
न्भ्रा,nbhrā,nBrA,10,0.0001,1,1,3,4,1
प्त्यु,ptyu,ptyu,10,0.0001,1,1,3,5,0
क्त्रैः,ktraiḥ,ktrEH,10,0.0001,0,7,2,1,0
ङ्ग्यु,ṅgyu,Ngyu,10,0.0001,0,3,2,4,1
त्सैः,tsaiḥ,tsEH,10,0.0001,3,6,1,0,0
स्म्या,smyā,smyA,10,0.0001,1,8,0,0,1
र्घाः,rghāḥ,rGAH,10,0.0001,0,3,3,3,1
स्स्वे,ssve,ssve,10,0.0001,8,1,1,0,0
ङ्ग्याः,ṅgyāḥ,NgyAH,10,0.0001,3,1,5,0,1
र्दौ,rdau,rdO,10,0.0001,1,6,3,0,0
र्म्याः,rmyāḥ,rmyAH,10,0.0001,3,5,2,0,0
स्म्ये,smye,smye,10,0.0001,0,7,1,1,1
द्मौ,dmau,dmO,10,0.0001,0,2,3,4,1
प्सां,psāṃ,psAM,10,0.0001,2,4,4,0,0
ह्रः,hraḥ,hraH,10,0.0001,0,0,0,7,3
क्षौं,kṣauṃ,kzOM,10,0.0001,0,0,0,4,6
द्र्यां,dryāṃ,dryAM,10,0.0001,0,1,7,2,0
ल्वाः,lvāḥ,lvAH,10,0.0001,1,5,2,1,1
र्म्मा,rmmā,rmmA,10,0.0001,0,0,0,10,0
त्स्रु,tsru,tsru,10,0.0001,5,0,3,0,2
ङ्क्त्यां,ṅktyāṃ,NktyAM,10,0.0001,1,3,6,0,0
र्ध्री,rdhrī,rDrI,10,0.0001,3,1,5,1,0
क्थी,kthī,kTI,10,0.0001,2,1,7,0,0
ब्ध्वे,bdhve,bDve,10,0.0001,0,9,1,0,0
द्ध्वे,ddhve,dDve,10,0.0001,0,4,1,2,3
क्रैः,kraiḥ,krEH,10,0.0001,1,3,3,3,0
ष्कू,ṣkū,zkU,10,0.0001,3,7,0,0,0
ग्य्,gy,gy,10,0.0001,8,1,1,0,0
ज्वि,jvi,jvi,10,0.0001,0,0,7,0,3
भ्वः,bhvaḥ,BvaH,10,0.0001,9,0,1,0,0
द्रौं,drauṃ,drOM,10,0.0001,0,0,0,0,10
ष्वः,ṣvaḥ,zvaH,10,0.0001,10,0,0,0,0
र्घ्रा,rghrā,rGrA,9,0.0001,1,3,3,2,0
न्थै,nthai,nTE,9,0.0001,1,1,7,0,0
र्सौ,rsau,rsO,9,0.0001,9,0,0,0,0
र्तोः,rtoḥ,rtoH,9,0.0001,8,0,1,0,0
श्श,śśa,SSa,9,0.0001,6,1,1,0,1
पीः,pīḥ,pIH,9,0.0001,6,3,0,0,0
न्ध्याः,ndhyāḥ,nDyAH,9,0.0001,5,0,3,1,0
न्स्या,nsyā,nsyA,9,0.0001,0,1,2,6,0
ञ्चुः,ñcuḥ,YcuH,9,0.0001,0,0,2,7,0
ड्गि,ḍgi,qgi,9,0.0001,0,3,5,1,0
ण्ढे,ṇḍhe,RQe,9,0.0001,1,1,2,3,2
ग्यैः,gyaiḥ,gyEH,9,0.0001,0,1,1,3,4
र्त्नी,rtnī,rtnI,9,0.0001,9,0,0,0,0
त्व्य्,tvy,tvy,9,0.0001,9,0,0,0,0
स्सि,ssi,ssi,9,0.0001,7,2,0,0,0
ध्रिः,dhriḥ,DriH,9,0.0001,6,1,0,2,0
स्युं,syuṃ,syuM,9,0.0001,8,1,0,0,0
र्की,rkī,rkI,9,0.0001,7,1,0,0,1
त्सीः,tsīḥ,tsIH,9,0.0001,5,4,0,0,0
कोः,koḥ,koH,9,0.0001,2,4,3,0,0
ह्णः,hṇaḥ,hRaH,9,0.0001,7,0,1,1,0
ङ्ग्यं,ṅgyaṃ,NgyaM,9,0.0001,5,1,2,1,0
त्त्रिः,ttriḥ,ttriH,9,0.0001,4,0,2,3,0
श्च्ये,ścye,Scye,9,0.0001,9,0,0,0,0
भ्रैः,bhraiḥ,BrEH,9,0.0001,3,3,2,1,0
न्द्वः,ndvaḥ,ndvaH,9,0.0001,0,3,1,2,3
थ्वा,thvā,TvA,9,0.0001,0,5,2,2,0
म्नोः,mnoḥ,mnoH,9,0.0001,6,1,0,2,0
द्योः,dyoḥ,dyoH,9,0.0001,6,3,0,0,0
प्स्व,psva,psva,9,0.0001,5,1,2,1,0
न्द्वै,ndvai,ndvE,9,0.0001,0,0,2,4,3
द्द्वै,ddvai,ddvE,9,0.0001,1,1,2,4,1
र्ध्म,rdhma,rDma,9,0.0001,0,0,8,0,1
र्द्रि,rdri,rdri,9,0.0001,0,0,3,3,3
ल्ल्य्,lly,lly,9,0.0001,0,0,1,8,0
र्ह्रि,rhri,rhri,9,0.0001,0,0,9,0,0
द्ध्वो,ddhvo,dDvo,9,0.0001,3,0,3,0,3
र्न्या,rnyā,rnyA,9,0.0001,0,1,5,2,1
स्थ्नो,sthno,sTno,9,0.0001,0,0,4,5,0
फैः,phaiḥ,PEH,9,0.0001,3,1,2,3,0
त्म्यै,tmyai,tmyE,9,0.0001,0,2,6,1,0
ष्प्याः,ṣpyāḥ,zpyAH,9,0.0001,0,3,5,0,1
ट्टैः,ṭṭaiḥ,wwEH,9,0.0001,0,3,4,2,0
क्लैः,klaiḥ,klEH,9,0.0001,0,4,4,1,0
ह्मां,hmāṃ,hmAM,9,0.0001,3,2,3,1,0
ल्ल्यु,llyu,llyu,9,0.0001,0,0,2,3,4
म्बुः,mbuḥ,mbuH,9,0.0001,0,2,2,4,1
खीः,khīḥ,KIH,9,0.0001,4,0,1,4,0
ङ्क्तौ,ṅktau,NktO,9,0.0001,2,1,2,0,4
र्नू,rnū,rnU,9,0.0001,0,1,3,3,2
च्छ्लो,cchlo,cClo,9,0.0001,3,2,1,2,1
न्ख,nkha,nKa,9,0.0001,0,0,5,3,1
र्ध्यो,rdhyo,rDyo,9,0.0001,9,0,0,0,0
र्तॄं,rtṝṃ,rtFM,9,0.0001,1,6,1,1,0
द्रूं,drūṃ,drUM,9,0.0001,2,4,0,1,2
भ्यैः,bhyaiḥ,ByEH,9,0.0001,0,0,7,2,0
ल्भे,lbhe,lBe,9,0.0001,0,2,6,1,0
ध्व्यो,dhvyo,Dvyo,9,0.0001,0,3,1,5,0
ण्वां,ṇvāṃ,RvAM,9,0.0001,0,1,2,6,0
प्तीं,ptīṃ,ptIM,9,0.0001,0,0,3,6,0
प्त्यां,ptyāṃ,ptyAM,9,0.0001,0,2,5,2,0
ग्ध्रीं,gdhrīṃ,gDrIM,9,0.0001,0,5,4,0,0
र्श्ये,rśye,rSye,9,0.0001,0,4,2,3,0
ट्त्वं,ṭtvaṃ,wtvaM,9,0.0001,0,2,2,5,0
द्गः,dgaḥ,dgaH,9,0.0001,0,1,3,4,1
ष्प्या,ṣpyā,zpyA,9,0.0001,3,1,1,4,0
त्पो,tpo,tpo,9,0.0001,1,1,4,2,1
सेः,seḥ,seH,9,0.0001,4,1,3,0,1
र्व्व,rvva,rvva,9,0.0001,0,0,0,8,1
ञ्चाः,ñcāḥ,YcAH,9,0.0001,2,4,2,1,0
मों,moṃ,moM,9,0.0001,2,1,3,3,0
ड्गौ,ḍgau,qgO,9,0.0001,0,8,0,1,0
र्खं,rkhaṃ,rKaM,9,0.0001,0,3,1,4,1
तृं,tṛṃ,tfM,9,0.0001,9,0,0,0,0
ढुः,ḍhuḥ,QuH,9,0.0001,0,3,5,0,1
ज्रैः,jraiḥ,jrEH,9,0.0001,4,2,1,2,0
ट्पु,ṭpu,wpu,9,0.0001,2,0,0,6,1
ग्वाः,gvāḥ,gvAH,9,0.0001,9,0,0,0,0
ग्ध्व,gdhva,gDva,9,0.0001,7,0,2,0,0
ज्झ्य,jjhya,jJya,9,0.0001,0,0,7,2,0
स्त्रोः,stroḥ,stroH,9,0.0001,8,0,0,0,1
स्रीं,srīṃ,srIM,9,0.0001,3,3,2,0,1
त्कुं,tkuṃ,tkuM,9,0.0001,0,0,1,8,0
ङ्गिं,ṅgiṃ,NgiM,9,0.0001,0,7,0,2,0
घ्रां,ghrāṃ,GrAM,9,0.0001,0,9,0,0,0
थ्व्यां,thvyāṃ,TvyAM,9,0.0001,0,8,1,0,0
ड्गैः,ḍgaiḥ,qgEH,9,0.0001,0,8,0,0,1
ज्राः,jrāḥ,jrAH,9,0.0001,6,1,0,2,0
ट्क्रि,ṭkri,wkri,9,0.0001,6,1,2,0,0
ज्रौ,jrau,jrO,9,0.0001,3,0,0,6,0
शृं,śṛṃ,SfM,9,0.0001,0,0,0,9,0
प्णु,pṇu,pRu,9,0.0001,9,0,0,0,0
क्म्या,kmyā,kmyA,9,0.0001,9,0,0,0,0
ष्ट्व्,ṣṭv,zwv,8,0.0001,8,0,0,0,0
शों,śoṃ,SoM,8,0.0001,5,0,0,0,3
र्ह्यु,rhyu,rhyu,8,0.0001,2,1,4,1,0
प्प्रा,pprā,pprA,8,0.0001,7,1,0,0,0
छौ,chau,CO,8,0.0001,1,2,4,1,0
ब्यो,byo,byo,8,0.0001,1,5,1,1,0
म्भ्यः,mbhyaḥ,mByaH,8,0.0001,5,3,0,0,0
ग्लौ,glau,glO,8,0.0001,4,1,2,1,0
न्फ,npha,nPa,8,0.0001,0,0,3,3,2
न्ध्व,ndhva,nDva,8,0.0001,1,2,2,3,0
श्रूः,śrūḥ,SrUH,8,0.0001,1,2,4,1,0
स्सा,ssā,ssA,8,0.0001,6,0,1,1,0
र्द्रै,rdrai,rdrE,8,0.0001,2,3,3,0,0
म्णि,mṇi,mRi,8,0.0001,2,0,6,0,0
क्स्ना,ksnā,ksnA,8,0.0001,0,4,3,1,0
य्व्,yv,yv,8,0.0001,8,0,0,0,0
प्स्न्या,psnyā,psnyA,8,0.0001,8,0,0,0,0
र्त्ते,rtte,rtte,8,0.0001,3,0,1,3,1
र्ष्यो,rṣyo,rzyo,8,0.0001,2,1,5,0,0
ह्न्य्,hny,hny,8,0.0001,3,0,2,3,0
र्ध्न,rdhna,rDna,8,0.0001,4,1,2,1,0
प्न्या,pnyā,pnyA,8,0.0001,8,0,0,0,0
ष्वो,ṣvo,zvo,8,0.0001,6,1,0,1,0
स्पु,spu,spu,8,0.0001,3,4,0,1,0
ग्बि,gbi,gbi,8,0.0001,6,1,0,0,1
ह्नोः,hnoḥ,hnoH,8,0.0001,2,0,4,1,1
त्वैः,tvaiḥ,tvEH,8,0.0001,3,0,2,3,0
र्ग्ला,rglā,rglA,8,0.0001,1,3,1,2,1
क्ङि,kṅi,kNi,8,0.0001,0,7,1,0,0
ङा,ṅā,NA,8,0.0001,6,1,0,1,0
ञ्यः,ñyaḥ,YyaH,8,0.0001,0,8,0,0,0
क्थ्नः,kthnaḥ,kTnaH,8,0.0001,3,1,3,1,0
र्क्या,rkyā,rkyA,8,0.0001,0,1,4,2,1
क्त्वि,ktvi,ktvi,8,0.0001,2,5,1,0,0
ल्भ्यो,lbhyo,lByo,8,0.0001,1,5,2,0,0
ष्ट्वी,ṣṭvī,zwvI,8,0.0001,7,1,0,0,0
ज्जौ,jjau,jjO,8,0.0001,1,1,3,2,1
क्स्थ,kstha,ksTa,8,0.0001,0,2,4,1,1
द्माः,dmāḥ,dmAH,8,0.0001,0,3,1,3,1
त्त्रां,ttrāṃ,ttrAM,8,0.0001,0,1,3,3,1
ढिं,ḍhiṃ,QiM,8,0.0001,0,0,1,6,1
क्स्रा,ksrā,ksrA,8,0.0001,0,0,8,0,0
र्ज्यः,rjyaḥ,rjyaH,8,0.0001,2,0,5,1,0
ञ्छ्र,ñchra,YCra,8,0.0001,4,0,1,2,1
डीः,ḍīḥ,qIH,8,0.0001,1,0,4,3,0
द्गै,dgai,dgE,8,0.0001,0,1,5,2,0
ष्क्षि,ṣkṣi,zkzi,8,0.0001,0,1,3,3,1
र्त्मो,rtmo,rtmo,8,0.0001,1,0,5,0,2
स्कां,skāṃ,skAM,8,0.0001,2,1,2,3,0
ध्रैः,dhraiḥ,DrEH,8,0.0001,0,2,4,2,0
म्प्यः,mpyaḥ,mpyaH,8,0.0001,0,5,3,0,0
ट्स्व्,ṭsv,wsv,8,0.0001,8,0,0,0,0
ड्डि,ḍḍi,qqi,8,0.0001,1,1,0,1,5
र्घ्याः,rghyāḥ,rGyAH,8,0.0001,6,0,1,0,1
ल्शाः,lśāḥ,lSAH,8,0.0001,8,0,0,0,0
ष्ठुं,ṣṭhuṃ,zWuM,8,0.0001,8,0,0,0,0
न्थ्ये,nthye,nTye,8,0.0001,8,0,0,0,0
ङ्कोः,ṅkoḥ,NkoH,8,0.0001,6,1,1,0,0
र्द्विः,rdviḥ,rdviH,8,0.0001,8,0,0,0,0
र्नः,rnaḥ,rnaH,8,0.0001,1,0,2,4,1
बिः,biḥ,biH,8,0.0001,0,4,2,2,0
र्लु,rlu,rlu,8,0.0001,1,1,1,3,2
ज्जृ,jjṛ,jjf,8,0.0001,0,0,2,5,1
ञ्छ्रे,ñchre,YCre,8,0.0001,5,1,0,1,1
त्मां,tmāṃ,tmAM,8,0.0001,2,1,2,3,0
र्द्रैः,rdraiḥ,rdrEH,8,0.0001,0,2,4,2,0
ध्व्या,dhvyā,DvyA,8,0.0001,0,1,0,6,1
र्ध्न्य्,rdhny,rDny,8,0.0001,0,4,2,2,0
न्भृ,nbhṛ,nBf,8,0.0001,0,0,0,8,0
न्पौ,npau,npO,8,0.0001,1,1,2,4,0
न्क्षी,nkṣī,nkzI,8,0.0001,0,0,1,6,1
न्प्री,nprī,nprI,8,0.0001,0,0,5,2,1
ङ्घ्रिं,ṅghriṃ,NGriM,8,0.0001,0,0,1,7,0
न्बु,nbu,nbu,8,0.0001,0,0,3,5,0
र्त्यु,rtyu,rtyu,8,0.0001,0,3,0,3,2
ङ्घ्या,ṅghyā,NGyA,8,0.0001,0,0,6,2,0
त्फा,tphā,tPA,8,0.0001,1,3,1,3,0
न्प्रि,npri,npri,8,0.0001,0,0,2,6,0
ञ्जैः,ñjaiḥ,YjEH,8,0.0001,2,0,0,4,2
न्घ,ngha,nGa,8,0.0001,0,0,3,5,0
न्हे,nhe,nhe,8,0.0001,0,0,1,5,2
च्छैः,cchaiḥ,cCEH,8,0.0001,0,5,1,2,0
ग्भु,gbhu,gBu,8,0.0001,0,2,3,3,0
ण्णौ,ṇṇau,RRO,8,0.0001,2,5,0,1,0
न्हृ,nhṛ,nhf,8,0.0001,0,0,1,5,2
ञ्श्रि,ñśri,YSri,8,0.0001,0,6,1,1,0
व्रैः,vraiḥ,vrEH,8,0.0001,3,3,0,2,0
ह्नैः,hnaiḥ,hnEH,8,0.0001,0,1,5,1,1
म्भिः,mbhiḥ,mBiH,8,0.0001,6,0,1,1,0
ल्भ्या,lbhyā,lByA,8,0.0001,2,2,4,0,0
र्बू,rbū,rbU,8,0.0001,0,0,1,7,0
ङ्कैः,ṅkaiḥ,NkEH,8,0.0001,0,0,4,3,1
ल्भो,lbho,lBo,8,0.0001,2,2,3,1,0
ण्ड्यु,ṇḍyu,Rqyu,8,0.0001,0,3,1,4,0
ड्ड,ḍḍa,qqa,8,0.0001,0,1,0,3,4
म्प्री,mprī,mprI,8,0.0001,0,5,1,0,2
न्की,nkī,nkI,8,0.0001,1,0,6,1,0
र्श्वैः,rśvaiḥ,rSvEH,8,0.0001,6,0,2,0,0
ध्रां,dhrāṃ,DrAM,8,0.0001,1,3,3,1,0
क्क्र,kkra,kkra,8,0.0001,0,1,1,4,2
द्द्वी,ddvī,ddvI,8,0.0001,0,2,2,2,2
न्द्वी,ndvī,ndvI,8,0.0001,0,2,5,1,0
द्व्यृ,dvyṛ,dvyf,8,0.0001,8,0,0,0,0
ब्ध्यै,bdhyai,bDyE,8,0.0001,5,2,0,1,0
क्थः,kthaḥ,kTaH,8,0.0001,7,0,1,0,0
ष्णेः,ṣṇeḥ,zReH,8,0.0001,2,0,5,0,1
ध्व्यः,dhvyaḥ,DvyaH,8,0.0001,0,1,2,5,0
ग्नैः,gnaiḥ,gnEH,8,0.0001,0,6,2,0,0
ण्ड्वि,ṇḍvi,Rqvi,8,0.0001,8,0,0,0,0
स्रुः,sruḥ,sruH,8,0.0001,4,4,0,0,0
र्ष्यु,rṣyu,rzyu,8,0.0001,1,6,1,0,0
न्सृ,nsṛ,nsf,8,0.0001,0,0,6,2,0
थ्यु,thyu,Tyu,8,0.0001,0,0,4,4,0
म्य्व,myva,myva,8,0.0001,8,0,0,0,0
श्छृ,śchṛ,SCf,8,0.0001,0,0,0,0,8
ङ्न्या,ṅnyā,NnyA,8,0.0001,0,0,5,1,2
ञ्ज्ञो,ñjño,YjYo,8,0.0001,0,0,8,0,0
ञ्ज्ञं,ñjñaṃ,YjYaM,8,0.0001,0,0,8,0,0
थौं,thauṃ,TOM,8,0.0001,0,0,8,0,0
ड्जा,ḍjā,qjA,8,0.0001,0,0,8,0,0
ण्ढा,ṇḍhā,RQA,8,0.0001,0,1,3,3,1
ञ्छै,ñchai,YCE,8,0.0001,2,0,5,0,1
खुं,khuṃ,KuM,8,0.0001,4,4,0,0,0
ष्माः,ṣmāḥ,zmAH,8,0.0001,5,2,1,0,0
र्गुं,rguṃ,rguM,8,0.0001,0,0,0,8,0
क्थ्नि,kthni,kTni,8,0.0001,0,0,8,0,0
ज्युं,jyuṃ,jyuM,8,0.0001,8,0,0,0,0
ष्ष्व,ṣṣva,zzva,8,0.0001,8,0,0,0,0
ग्धृ,gdhṛ,gDf,7,0.0,0,0,2,5,0
त्वोः,tvoḥ,tvoH,7,0.0,0,5,2,0,0
त्पै,tpai,tpE,7,0.0,0,0,5,2,0
क्सृ,ksṛ,ksf,7,0.0,0,0,3,4,0
र्नु,rnu,rnu,7,0.0,1,0,3,3,0
ल्पु,lpu,lpu,7,0.0,0,4,2,0,1
ड्भ्या,ḍbhyā,qByA,7,0.0,4,0,0,3,0
ञ्छ्रु,ñchru,YCru,7,0.0,3,1,3,0,0
य्वि,yvi,yvi,7,0.0,1,2,3,0,1
ट्याः,ṭyāḥ,wyAH,7,0.0,1,1,4,1,0
र्धाः,rdhāḥ,rDAH,7,0.0,5,0,2,0,0
र्चीं,rcīṃ,rcIM,7,0.0,4,1,2,0,0
ष्ठ्याः,ṣṭhyāḥ,zWyAH,7,0.0,2,2,2,1,0
र्क्ष्ये,rkṣye,rkzye,7,0.0,2,1,0,4,0
व्रै,vrai,vrE,7,0.0,0,1,4,2,0
य्वां,yvāṃ,yvAM,7,0.0,0,6,1,0,0
स्नुः,snuḥ,snuH,7,0.0,4,0,1,2,0
ढ्रो,ḍhro,Qro,7,0.0,0,1,4,1,1
क्प्रि,kpri,kpri,7,0.0,0,0,4,3,0
क्ष्ण्य,kṣṇya,kzRya,7,0.0,0,4,3,0,0
न्ध्यू,ndhyū,nDyU,7,0.0,6,1,0,0,0
न्दिं,ndiṃ,ndiM,7,0.0,1,3,2,1,0
ण्ड्यौ,ṇḍyau,RqyO,7,0.0,4,2,1,0,0
ड्यौ,ḍyau,qyO,7,0.0,2,0,2,1,2
क्रीः,krīḥ,krIH,7,0.0,4,3,0,0,0
र्व्याः,rvyāḥ,rvyAH,7,0.0,3,0,3,1,0
ध्वां,dhvāṃ,DvAM,7,0.0,3,0,0,4,0
ङ्ग्य्,ṅgy,Ngy,7,0.0,4,0,1,2,0
खुः,khuḥ,KuH,7,0.0,3,2,1,1,0
क्ष्म्यं,kṣmyaṃ,kzmyaM,7,0.0,2,2,1,1,1
ष्म्य्,ṣmy,zmy,7,0.0,7,0,0,0,0
ष्वाः,ṣvāḥ,zvAH,7,0.0,7,0,0,0,0
र्ष्टा,rṣṭā,rzwA,7,0.0,6,0,0,0,1
क्थ्यौ,kthyau,kTyO,7,0.0,7,0,0,0,0
ह्युः,hyuḥ,hyuH,7,0.0,4,1,1,1,0
प्वः,pvaḥ,pvaH,7,0.0,7,0,0,0,0
न्धीं,ndhīṃ,nDIM,7,0.0,1,1,4,1,0
ड्ढ्य्,ḍḍhy,qQy,7,0.0,7,0,0,0,0
क्न्यां,knyāṃ,knyAM,7,0.0,3,0,3,1,0
ड्बी,ḍbī,qbI,7,0.0,7,0,0,0,0
र्ध्रा,rdhrā,rDrA,7,0.0,5,1,1,0,0
र्थ्यो,rthyo,rTyo,7,0.0,1,3,2,1,0
र्ण्याः,rṇyāḥ,rRyAH,7,0.0,0,2,3,1,1
ङ्ख्ये,ṅkhye,NKye,7,0.0,0,1,3,0,3
स्वृ,svṛ,svf,7,0.0,0,4,1,2,0
घोः,ghoḥ,GoH,7,0.0,0,6,1,0,0
न्श,nśa,nSa,7,0.0,0,2,1,4,0
ङी,ṅī,NI,7,0.0,0,6,1,0,0
ख्य्,khy,Ky,7,0.0,3,1,0,3,0
ग्वो,gvo,gvo,7,0.0,4,2,1,0,0
क्वौ,kvau,kvO,7,0.0,1,4,0,2,0
थ्व,thva,Tva,7,0.0,1,4,2,0,0
ण्ठ्यं,ṇṭhyaṃ,RWyaM,7,0.0,0,1,3,2,1
ण्टाः,ṇṭāḥ,RwAH,7,0.0,0,4,2,1,0
च्चां,ccāṃ,ccAM,7,0.0,0,0,5,1,1
क्त्रौ,ktrau,ktrO,7,0.0,0,4,2,0,1
न्द्यौ,ndyau,ndyO,7,0.0,3,2,1,0,1
क्क्ले,kkle,kkle,7,0.0,0,0,5,2,0
र्श्वां,rśvāṃ,rSvAM,7,0.0,0,1,5,1,0
ट्यू,ṭyū,wyU,7,0.0,0,0,7,0,0
ट्स्वे,ṭsve,wsve,7,0.0,0,1,6,0,0
र्जाः,rjāḥ,rjAH,7,0.0,3,1,2,1,0
म्लां,mlāṃ,mlAM,7,0.0,0,3,3,1,0
ग्गौ,ggau,ggO,7,0.0,0,0,5,0,2
घ्रीं,ghrīṃ,GrIM,7,0.0,0,3,2,2,0
ढ्यैः,ḍhyaiḥ,QyEH,7,0.0,0,0,7,0,0
ठैः,ṭhaiḥ,WEH,7,0.0,0,1,3,2,1
ट्वे,ṭve,wve,7,0.0,4,1,2,0,0
ड्यु,ḍyu,qyu,7,0.0,2,0,1,2,2
ण्ड्य्,ṇḍy,Rqy,7,0.0,0,0,0,6,1
ब्बि,bbi,bbi,7,0.0,1,3,2,1,0
ग्दी,gdī,gdI,7,0.0,3,1,1,2,0
प्ले,ple,ple,7,0.0,7,0,0,0,0
ण्नि,ṇni,Rni,7,0.0,1,2,1,3,0
घ्याः,ghyāḥ,GyAH,7,0.0,6,0,0,0,1
ङ्क्ये,ṅkye,Nkye,7,0.0,4,0,2,1,0
श्नेः,śneḥ,SneH,7,0.0,5,0,2,0,0
ञ्ज्यो,ñjyo,Yjyo,7,0.0,2,1,2,2,0
ज्वी,jvī,jvI,7,0.0,1,3,2,0,1
द्म्य,dmya,dmya,7,0.0,0,3,1,3,0
प्सोः,psoḥ,psoH,7,0.0,1,2,0,4,0
र्द्वै,rdvai,rdvE,7,0.0,0,1,2,3,1
स्तुः,stuḥ,stuH,7,0.0,3,0,0,4,0
ण्ठीः,ṇṭhīḥ,RWIH,7,0.0,1,4,1,1,0
त्क्री,tkrī,tkrI,7,0.0,1,0,3,3,0
ञ्छ्वे,ñchve,YCve,7,0.0,1,0,3,2,1
श्नाः,śnāḥ,SnAH,7,0.0,3,2,0,2,0
च्मी,cmī,cmI,7,0.0,5,0,0,2,0
ष्ण्व्,ṣṇv,zRv,7,0.0,7,0,0,0,0
द्र्याः,dryāḥ,dryAH,7,0.0,1,2,3,1,0
म्फि,mphi,mPi,7,0.0,0,0,0,5,1
न्त्र्यः,ntryaḥ,ntryaH,7,0.0,4,0,1,2,0
न्कौ,nkau,nkO,7,0.0,0,0,2,4,1
त्क्रू,tkrū,tkrU,7,0.0,3,0,1,1,2
र्खै,rkhai,rKE,7,0.0,0,2,3,2,0
ग्व्र,gvra,gvra,7,0.0,0,1,4,1,1
र्य्यं,ryyaṃ,ryyaM,7,0.0,0,0,0,5,2
म्पौ,mpau,mpO,7,0.0,0,1,2,2,2
त्स्फ,tspha,tsPa,7,0.0,0,0,0,6,1
ल्भं,lbhaṃ,lBaM,7,0.0,0,3,3,1,0
म्प्यं,mpyaṃ,mpyaM,7,0.0,0,5,2,0,0
द्ब्रु,dbru,dbru,7,0.0,2,2,1,2,0
भ्रूं,bhrūṃ,BrUM,7,0.0,0,3,2,2,0
द्रुं,druṃ,druM,7,0.0,0,2,3,1,1
ग्घ्य्,gghy,gGy,7,0.0,7,0,0,0,0
क्णः,kṇaḥ,kRaH,7,0.0,7,0,0,0,0
प्फ,ppha,pPa,7,0.0,0,0,7,0,0
ब्दौ,bdau,bdO,7,0.0,0,2,4,0,0
ट्टां,ṭṭāṃ,wwAM,7,0.0,0,0,4,2,1
क्चै,kcai,kcE,7,0.0,0,2,2,1,2
द्गाः,dgāḥ,dgAH,7,0.0,0,3,2,1,1
ण्ढ्य,ṇḍhya,RQya,7,0.0,0,2,4,0,1
र्द्यु,rdyu,rdyu,7,0.0,0,1,4,2,0
द्ध्री,ddhrī,dDrI,7,0.0,0,2,0,5,0
र्घौ,rghau,rGO,7,0.0,0,6,0,1,0
द्ध्रा,ddhrā,dDrA,7,0.0,1,1,2,3,0
र्ष्ट्य,rṣṭya,rzwya,7,0.0,0,0,5,1,1
क्शी,kśī,kSI,7,0.0,1,2,2,1,1
च्च्या,ccyā,ccyA,7,0.0,1,2,2,0,2
र्श्वै,rśvai,rSvE,7,0.0,0,1,4,2,0
द्धीः,ddhīḥ,dDIH,7,0.0,1,1,1,3,1
क्स्थि,ksthi,ksTi,7,0.0,0,0,3,2,2
स्त्रु,stru,stru,7,0.0,0,2,1,4,0
घ्र्य,ghrya,Grya,7,0.0,2,2,3,0,0
थ्वि,thvi,Tvi,7,0.0,1,0,2,2,2
र्श्वः,rśvaḥ,rSvaH,7,0.0,0,2,4,0,1
र्ज्मी,rjmī,rjmI,7,0.0,7,0,0,0,0
म्प्रै,mprai,mprE,7,0.0,4,3,0,0,0
र्म्यै,rmyai,rmyE,7,0.0,0,5,0,2,0
र्ज्यां,rjyāṃ,rjyAM,7,0.0,3,3,1,0,0
र्ध्न्या,rdhnyā,rDnyA,7,0.0,4,2,1,0,0
त्स्यू,tsyū,tsyU,7,0.0,6,0,0,0,1
र्भूः,rbhūḥ,rBUH,7,0.0,0,0,4,3,0
स्फ्यो,sphyo,sPyo,7,0.0,6,1,0,0,0
द्र्व,drva,drva,7,0.0,7,0,0,0,0
र्णिं,rṇiṃ,rRiM,7,0.0,6,0,1,0,0
ञ्श्र,ñśra,YSra,7,0.0,1,4,2,0,0
ञ्श्ल,ñśla,YSla,7,0.0,0,7,0,0,0
र्चु,rcu,rcu,7,0.0,0,7,0,0,0
प्श,pśa,pSa,7,0.0,6,1,0,0,0
न्ब्रू,nbrū,nbrU,7,0.0,0,0,3,4,0
सौः,sauḥ,sOH,7,0.0,0,0,0,6,1
र्फ,rpha,rPa,7,0.0,5,0,2,0,0
ज्ञ्यु,jñyu,jYyu,7,0.0,0,0,0,0,7
प्त्ये,ptye,ptye,7,0.0,6,0,0,1,0
भ्वो,bhvo,Bvo,7,0.0,7,0,0,0,0
ह्न्यु,hnyu,hnyu,6,0.0,0,1,2,3,0
त्स्नी,tsnī,tsnI,6,0.0,0,0,2,4,0
ट्त,ṭta,wta,6,0.0,1,0,0,4,1
ण्ढः,ṇḍhaḥ,RQaH,6,0.0,0,1,1,3,1
ट्यौ,ṭyau,wyO,6,0.0,0,1,2,3,0
द्ध्योः,ddhyoḥ,dDyoH,6,0.0,0,2,3,1,0
स्नी,snī,snI,6,0.0,6,0,0,0,0
ल्योः,lyoḥ,lyoH,6,0.0,1,0,2,2,1
क्ष्योः,kṣyoḥ,kzyoH,6,0.0,6,0,0,0,0
ग्घी,gghī,gGI,6,0.0,2,2,0,2,0
प्शी,pśī,pSI,6,0.0,6,0,0,0,0
स्पू,spū,spU,6,0.0,6,0,0,0,0
ष्युः,ṣyuḥ,zyuH,6,0.0,4,2,0,0,0
न्ध्राः,ndhrāḥ,nDrAH,6,0.0,1,2,2,1,0
ढिः,ḍhiḥ,QiH,6,0.0,1,0,0,5,0
ब्जाः,bjāḥ,bjAH,6,0.0,1,3,1,1,0
ञ्जौ,ñjau,YjO,6,0.0,0,0,3,1,2
म्ब्यु,mbyu,mbyu,6,0.0,0,0,1,5,0
त्वृ,tvṛ,tvf,6,0.0,1,1,3,1,0
र्घ्यो,rghyo,rGyo,6,0.0,0,0,4,1,1
म्प्रि,mpri,mpri,6,0.0,2,3,1,0,0
ञ्छः,ñchaḥ,YCaH,6,0.0,1,2,1,2,0
द्नो,dno,dno,6,0.0,6,0,0,0,0
म्लू,mlū,mlU,6,0.0,6,0,0,0,0
ध्रिं,dhriṃ,DriM,6,0.0,6,0,0,0,0
ष्ट्र्य्,ṣṭry,zwry,6,0.0,5,0,0,0,1
म्नीः,mnīḥ,mnIH,6,0.0,6,0,0,0,0
घ्नू,ghnū,GnU,6,0.0,1,4,1,0,0
स्नो,sno,sno,6,0.0,4,1,1,0,0
ङ्ग्धी,ṅgdhī,NgDI,6,0.0,6,0,0,0,0
क्ष्वि,kṣvi,kzvi,6,0.0,2,4,0,0,0
न्द्ध्य्,nddhy,ndDy,6,0.0,5,1,0,0,0
ङ्य,ṅya,Nya,6,0.0,1,5,0,0,0
ब्व,bva,bva,6,0.0,4,2,0,0,0
ञ्य,ñya,Yya,6,0.0,0,6,0,0,0
र्क्सा,rksā,rksA,6,0.0,5,1,0,0,0
न्धृ,ndhṛ,nDf,6,0.0,0,2,0,4,0
श्योः,śyoḥ,SyoH,6,0.0,0,2,2,2,0
ह्म्य,hmya,hmya,6,0.0,1,1,2,1,1
ग्लि,gli,gli,6,0.0,0,2,1,3,0
चोः,coḥ,coH,6,0.0,2,1,3,0,0
घ्व्,ghv,Gv,6,0.0,1,0,4,1,0
ट्पि,ṭpi,wpi,6,0.0,0,1,4,1,0
क्ख,kkha,kKa,6,0.0,0,0,4,2,0
प्फु,pphu,pPu,6,0.0,0,0,6,0,0
ण्ढं,ṇḍhaṃ,RQaM,6,0.0,1,3,2,0,0
र्त्स्न्या,rtsnyā,rtsnyA,6,0.0,0,1,1,4,0
ग्भ्र,gbhra,gBra,6,0.0,0,1,1,4,0
ग्रुं,gruṃ,gruM,6,0.0,0,0,4,1,1
ड्दि,ḍdi,qdi,6,0.0,0,0,4,0,2
स्त्र्यू,stryū,stryU,6,0.0,0,0,1,4,1
म्मू,mmū,mmU,6,0.0,1,1,1,2,1
घ्रि,ghri,Gri,6,0.0,2,0,0,4,0
ल्गुः,lguḥ,lguH,6,0.0,1,0,0,4,1
ल्ल्यो,llyo,llyo,6,0.0,1,0,1,3,1
र्ग्वे,rgve,rgve,6,0.0,4,0,0,1,1
व्णे,vṇe,vRe,6,0.0,5,0,1,0,0
र्द्धिं,rddhiṃ,rdDiM,6,0.0,2,4,0,0,0
थ्य्,thy,Ty,6,0.0,4,2,0,0,0
र्भीं,rbhīṃ,rBIM,6,0.0,1,4,1,0,0
ल्शः,lśaḥ,lSaH,6,0.0,6,0,0,0,0
र्ण्वा,rṇvā,rRvA,6,0.0,6,0,0,0,0
भ्रिं,bhriṃ,BriM,6,0.0,5,1,0,0,0
म्भ्यौ,mbhyau,mByO,6,0.0,6,0,0,0,0
घ्र्या,ghryā,GryA,6,0.0,2,0,2,2,0
ध्व्य,dhvya,Dvya,6,0.0,0,5,0,1,0
त्न्यु,tnyu,tnyu,6,0.0,3,0,2,1,0
क्ष्म्ये,kṣmye,kzmye,6,0.0,0,1,3,2,0
थ्व्याः,thvyāḥ,TvyAH,6,0.0,0,2,0,4,0
र्थ्यः,rthyaḥ,rTyaH,6,0.0,4,0,0,2,0
र्श्य्,rśy,rSy,6,0.0,5,0,0,1,0
न्स्ना,nsnā,nsnA,6,0.0,0,0,3,2,1
ञ्च्यां,ñcyāṃ,YcyAM,6,0.0,0,0,0,4,2
न्थ्यः,nthyaḥ,nTyaH,6,0.0,6,0,0,0,0
प्त्रा,ptrā,ptrA,6,0.0,5,1,0,0,0
र्व्ले,rvle,rvle,6,0.0,6,0,0,0,0
ल्फि,lphi,lPi,6,0.0,6,0,0,0,0
क्णो,kṇo,kRo,6,0.0,6,0,0,0,0
न्भे,nbhe,nBe,6,0.0,0,0,0,6,0
र्ष्याः,rṣyāḥ,rzyAH,6,0.0,3,0,2,1,0
त्फे,tphe,tPe,6,0.0,1,1,0,3,1
न्क्षु,nkṣu,nkzu,6,0.0,0,0,4,2,0
न्सौ,nsau,nsO,6,0.0,0,0,2,4,0
श्नौ,śnau,SnO,6,0.0,6,0,0,0,0
र्द्धिः,rddhiḥ,rdDiH,6,0.0,3,2,1,0,0
ङ्क्तेः,ṅkteḥ,NkteH,6,0.0,4,0,1,0,1
ध्वाः,dhvāḥ,DvAH,6,0.0,1,2,2,1,0
न्त्यू,ntyū,ntyU,6,0.0,1,2,2,1,0
र्षूं,rṣūṃ,rzUM,6,0.0,4,2,0,0,0
ष्वौ,ṣvau,zvO,6,0.0,0,3,2,1,0
र्त्यैः,rtyaiḥ,rtyEH,6,0.0,3,1,1,1,0
द्बृं,dbṛṃ,dbfM,6,0.0,0,1,5,0,0
ल्भ्यः,lbhyaḥ,lByaH,6,0.0,4,2,0,0,0
व्न्,vn,vn,6,0.0,6,0,0,0,0
ङ्घ्री,ṅghrī,NGrI,6,0.0,0,0,1,4,1
र्त्तं,rttaṃ,rttaM,6,0.0,0,1,1,3,1
द्ध्यां,ddhyāṃ,dDyAM,6,0.0,0,0,4,2,0
र्थ्यै,rthyai,rTyE,6,0.0,1,1,3,1,0
ङ्ङा,ṅṅā,NNA,6,0.0,6,0,0,0,0
स्मं,smaṃ,smaM,6,0.0,3,0,0,2,1
ष्ण्वी,ṣṇvī,zRvI,6,0.0,0,0,0,3,3
च्म्य,cmya,cmya,6,0.0,0,0,0,6,0
त्सिं,tsiṃ,tsiM,6,0.0,1,0,0,5,0
क्श्रो,kśro,kSro,6,0.0,0,1,4,1,0
ल्क्यं,lkyaṃ,lkyaM,6,0.0,1,1,2,1,1
ष्णिः,ṣṇiḥ,zRiH,6,0.0,1,0,1,2,2
र्ष्वां,rṣvāṃ,rzvAM,6,0.0,6,0,0,0,0
र्द्ध्व,rddhva,rdDva,6,0.0,0,0,2,1,3
य्वी,yvī,yvI,6,0.0,0,3,3,0,0
छ्वे,chve,Cve,6,0.0,2,1,1,1,1
र्क्ष्या,rkṣyā,rkzyA,6,0.0,1,2,3,0,0
ङ्क्षं,ṅkṣaṃ,NkzaM,6,0.0,0,2,3,0,1
श्चीं,ścīṃ,ScIM,6,0.0,3,0,2,0,1
घ्रैः,ghraiḥ,GrEH,6,0.0,0,4,2,0,0
क्त्री,ktrī,ktrI,6,0.0,0,0,2,3,1
ढ्वं,ḍhvaṃ,QvaM,6,0.0,6,0,0,0,0
ब्धी,bdhī,bDI,6,0.0,0,1,2,2,1
स्त्वौ,stvau,stvO,6,0.0,1,1,2,2,0
ग्गाः,ggāḥ,ggAH,6,0.0,0,0,4,1,1
प्स्वि,psvi,psvi,6,0.0,1,4,1,0,0
स्प्रा,sprā,sprA,6,0.0,1,3,1,1,0
श्मेः,śmeḥ,SmeH,6,0.0,0,1,3,0,2
न्त्स्या,ntsyā,ntsyA,6,0.0,6,0,0,0,0
तों,toṃ,toM,6,0.0,1,0,0,5,0
ष्खि,ṣkhi,zKi,6,0.0,6,0,0,0,0
ब्भी,bbhī,bBI,6,0.0,6,0,0,0,0
ष्ठू,ṣṭhū,zWU,6,0.0,0,4,2,0,0
र्त्तु,rttu,rttu,6,0.0,0,1,1,4,0
द्र्वा,drvā,drvA,6,0.0,0,5,0,1,0
ग्र्यैः,gryaiḥ,gryEH,6,0.0,0,6,0,0,0
न्ध्र्या,ndhryā,nDryA,6,0.0,0,6,0,0,0
ध्मि,dhmi,Dmi,6,0.0,1,2,0,3,0
न्तॄं,ntṝṃ,ntFM,6,0.0,0,4,2,0,0
र्ह्री,rhrī,rhrI,6,0.0,0,4,2,0,0
र्व्य्,rvy,rvy,6,0.0,6,0,0,0,0
स्तीः,stīḥ,stIH,6,0.0,6,0,0,0,0
श्मं,śmaṃ,SmaM,6,0.0,4,0,0,2,0
र्पी,rpī,rpI,6,0.0,0,1,4,1,0
न्ग्र,ngra,ngra,6,0.0,1,0,3,2,0
ल्ल्याः,llyāḥ,llyAH,6,0.0,0,0,0,5,1
च्योः,cyoḥ,cyoH,6,0.0,1,0,3,2,0
ल्ही,lhī,lhI,6,0.0,0,0,0,1,5
र्घ्नं,rghnaṃ,rGnaM,6,0.0,0,0,0,6,0
सें,seṃ,seM,6,0.0,0,0,0,6,0
र्हू,rhū,rhU,6,0.0,6,0,0,0,0
ग्ध्रे,gdhre,gDre,6,0.0,6,0,0,0,0
ज्मे,jme,jme,6,0.0,6,0,0,0,0
त्व्ये,tvye,tvye,6,0.0,6,0,0,0,0
न्धीः,ndhīḥ,nDIH,6,0.0,6,0,0,0,0
ब्ध्या,bdhyā,bDyA,5,0.0,1,0,2,2,0
ञ्श्रे,ñśre,YSre,5,0.0,0,4,0,1,0
ण्मे,ṇme,Rme,5,0.0,0,1,0,4,0
त्क्रौ,tkrau,tkrO,5,0.0,0,0,1,3,1
ग्ब्रा,gbrā,gbrA,5,0.0,0,0,1,3,1
ङ्घ्यः,ṅghyaḥ,NGyaH,5,0.0,0,0,3,1,1
ञ्छ्रि,ñchri,YCri,5,0.0,4,1,0,0,0
प्का,pkā,pkA,5,0.0,5,0,0,0,0
ड्भ्यः,ḍbhyaḥ,qByaH,5,0.0,2,1,0,1,1
छ्रि,chri,Cri,5,0.0,5,0,0,0,0
भ्व्,bhv,Bv,5,0.0,5,0,0,0,0
व्ल,vla,vla,5,0.0,5,0,0,0,0
र्च्छे,rcche,rcCe,5,0.0,2,1,2,0,0
औं,auṃ,OM,5,0.0,1,0,0,3,1
न्द्र्यो,ndryo,ndryo,5,0.0,5,0,0,0,0
प्त्यं,ptyaṃ,ptyaM,5,0.0,5,0,0,0,0
प्तीः,ptīḥ,ptIH,5,0.0,5,0,0,0,0
प्तॄ,ptṝ,ptF,5,0.0,2,2,0,1,0
न्द्रीः,ndrīḥ,ndrIH,5,0.0,4,1,0,0,0
ङ्ग्यां,ṅgyāṃ,NgyAM,5,0.0,0,0,2,3,0
ञ्झा,ñjhā,YJA,5,0.0,0,0,2,3,0
स्थ्नि,sthni,sTni,5,0.0,0,0,5,0,0
तूः,tūḥ,tUH,5,0.0,3,0,1,1,0
त्काः,tkāḥ,tkAH,5,0.0,2,1,2,0,0
र्म्यः,rmyaḥ,rmyaH,5,0.0,0,1,4,0,0
भ्रोः,bhroḥ,BroH,5,0.0,3,0,2,0,0
ग्मः,gmaḥ,gmaH,5,0.0,3,0,0,1,1
स्थ्नः,sthnaḥ,sTnaH,5,0.0,2,0,1,2,0
घ्न्याः,ghnyāḥ,GnyAH,5,0.0,5,0,0,0,0
ण्ढि,ṇḍhi,RQi,5,0.0,5,0,0,0,0
क्णा,kṇā,kRA,5,0.0,4,0,0,1,0
र्स्रा,rsrā,rsrA,5,0.0,5,0,0,0,0
र्त्स्या,rtsyā,rtsyA,5,0.0,3,1,1,0,0
क्त्याः,ktyāḥ,ktyAH,5,0.0,3,1,0,1,0
प्त्यो,ptyo,ptyo,5,0.0,4,1,0,0,0
र्ष्टे,rṣṭe,rzwe,5,0.0,4,1,0,0,0
ड्भ्य,ḍbhya,qBya,5,0.0,5,0,0,0,0
श्व्ये,śvye,Svye,5,0.0,4,1,0,0,0
क्त्यं,ktyaṃ,ktyaM,5,0.0,2,0,0,2,1
ब्जै,bjai,bjE,5,0.0,1,0,1,2,1
ञ्छ्या,ñchyā,YCyA,5,0.0,5,0,0,0,0
ग्मो,gmo,gmo,5,0.0,3,0,0,2,0
ग्वैः,gvaiḥ,gvEH,5,0.0,5,0,0,0,0
म्ब्यो,mbyo,mbyo,5,0.0,0,1,2,2,0
ट्तृ,ṭtṛ,wtf,5,0.0,0,0,4,1,0
श्चं,ścaṃ,ScaM,5,0.0,1,2,0,1,1
ङ्व,ṅva,Nva,5,0.0,1,3,1,0,0
ङोः,ṅoḥ,NoH,5,0.0,0,5,0,0,0
ट्यु,ṭyu,wyu,5,0.0,0,3,1,1,0
ञा,ñā,YA,5,0.0,0,2,2,1,0
म्योः,myoḥ,myoH,5,0.0,2,2,1,0,0
ङ्यो,ṅyo,Nyo,5,0.0,0,4,1,0,0
म्वा,mvā,mvA,5,0.0,3,1,1,0,0
ट्ता,ṭtā,wtA,5,0.0,0,1,3,0,1
भ्रौ,bhrau,BrO,5,0.0,0,1,0,4,0
र्ष्ये,rṣye,rzye,5,0.0,1,1,2,1,0
क्स्त,ksta,ksta,5,0.0,0,0,5,0,0
ग्दू,gdū,gdU,5,0.0,0,0,4,1,0
र्ष्ण्यो,rṣṇyo,rzRyo,5,0.0,0,1,4,0,0
ड्ल,ḍla,qla,5,0.0,0,1,2,1,1
ट्टाः,ṭṭāḥ,wwAH,5,0.0,0,2,2,1,0
ध्मां,dhmāṃ,DmAM,5,0.0,1,0,4,0,0
त्स्नै,tsnai,tsnE,5,0.0,1,2,1,0,1
ट्तु,ṭtu,wtu,5,0.0,0,0,5,0,0
च्छ्वि,cchvi,cCvi,5,0.0,0,0,5,0,0
ट्कः,ṭkaḥ,wkaH,5,0.0,0,4,1,0,0
ण्ठ्याः,ṇṭhyāḥ,RWyAH,5,0.0,0,1,4,0,0
र्चैः,rcaiḥ,rcEH,5,0.0,1,0,3,0,1
र्ग्यां,rgyāṃ,rgyAM,5,0.0,2,0,2,1,0
ड्ध,ḍdha,qDa,5,0.0,0,0,5,0,0
ष्कैः,ṣkaiḥ,zkEH,5,0.0,0,3,2,0,0
श्म्य,śmya,Smya,5,0.0,0,1,2,1,1
ग्द्वि,gdvi,gdvi,5,0.0,0,0,2,3,0
त्स्रा,tsrā,tsrA,5,0.0,0,0,1,2,2
क्वैः,kvaiḥ,kvEH,5,0.0,0,2,2,1,0
न्धूः,ndhūḥ,nDUH,5,0.0,0,0,0,5,0
ण्णि,ṇṇi,RRi,5,0.0,4,0,0,0,1
ग्घ्रा,gghrā,gGrA,5,0.0,2,1,0,1,1
र्घ्यः,rghyaḥ,rGyaH,5,0.0,1,0,2,0,2
ब्भ्रि,bbhri,bBri,5,0.0,5,0,0,0,0
ल्श,lśa,lSa,5,0.0,4,0,0,1,0
र्ज्म्य्,rjmy,rjmy,5,0.0,5,0,0,0,0
र्द्ध्यै,rddhyai,rdDyE,5,0.0,4,0,0,1,0
श्रुं,śruṃ,SruM,5,0.0,3,0,2,0,0
ण्यों,ṇyoṃ,RyoM,5,0.0,5,0,0,0,0
ङ्ख्यं,ṅkhyaṃ,NKyaM,5,0.0,1,0,1,1,2
म्भ्यं,mbhyaṃ,mByaM,5,0.0,5,0,0,0,0
ञ्ज्ये,ñjye,Yjye,5,0.0,3,1,1,0,0
छ्व,chva,Cva,5,0.0,1,1,1,2,0
कैं,kaiṃ,kEM,5,0.0,0,2,1,2,0
ष्ठ्य्,ṣṭhy,zWy,5,0.0,3,0,1,1,0
घ्नीः,ghnīḥ,GnIH,5,0.0,2,1,1,1,0
स्नं,snaṃ,snaM,5,0.0,1,0,0,4,0
न्ध्रः,ndhraḥ,nDraH,5,0.0,1,0,2,1,1
त्स्वै,tsvai,tsvE,5,0.0,0,3,1,1,0
न्ज,nja,nja,5,0.0,2,1,0,2,0
न्भ्र,nbhra,nBra,5,0.0,0,0,3,2,0
न्लो,nlo,nlo,5,0.0,0,0,1,4,0
न्बृ,nbṛ,nbf,5,0.0,1,0,3,1,0
द्व्री,dvrī,dvrI,5,0.0,1,1,0,3,0
र्ह्र,rhra,rhra,5,0.0,1,0,1,3,0
न्थुः,nthuḥ,nTuH,5,0.0,0,0,2,3,0
र्व्यैः,rvyaiḥ,rvyEH,5,0.0,5,0,0,0,0
त्र्यृ,tryṛ,tryf,5,0.0,2,0,1,1,1
त्थीः,tthīḥ,tTIH,5,0.0,5,0,0,0,0
ज्ञुं,jñuṃ,jYuM,5,0.0,5,0,0,0,0
र्ध्याः,rdhyāḥ,rDyAH,5,0.0,5,0,0,0,0
र्ण्वी,rṇvī,rRvI,5,0.0,5,0,0,0,0
द्नं,dnaṃ,dnaM,5,0.0,1,4,0,0,0
ष्वं,ṣvaṃ,zvaM,5,0.0,4,0,1,0,0
ष्ण्यै,ṣṇyai,zRyE,5,0.0,1,0,3,1,0
त्स्तु,tstu,tstu,5,0.0,0,0,2,2,1
ह्नुः,hnuḥ,hnuH,5,0.0,0,0,2,1,2
र्लू,rlū,rlU,5,0.0,0,0,1,4,0
र्घी,rghī,rGI,5,0.0,0,0,3,2,0
र्भ्रू,rbhrū,rBrU,5,0.0,0,0,2,3,0
र्द्वे,rdve,rdve,5,0.0,0,0,2,2,1
त्स्फा,tsphā,tsPA,5,0.0,0,0,2,3,0
न्त्वै,ntvai,ntvE,5,0.0,0,3,1,1,0
त्स्यु,tsyu,tsyu,5,0.0,0,0,1,3,1
त्प्ला,tplā,tplA,5,0.0,2,0,2,1,0
ष्ट्वां,ṣṭvāṃ,zwvAM,5,0.0,2,1,0,2,0
क्ष्म्यां,kṣmyāṃ,kzmyAM,5,0.0,0,2,0,1,2
र्षुं,rṣuṃ,rzuM,5,0.0,0,3,1,1,0
क्रों,kroṃ,kroM,5,0.0,0,0,0,5,0
ह्रुं,hruṃ,hruM,5,0.0,0,0,0,5,0
म्प्यो,mpyo,mpyo,5,0.0,0,3,2,0,0
र्ष्ट्ये,rṣṭye,rzwye,5,0.0,0,0,2,1,2
द्दौ,ddau,ddO,5,0.0,0,0,4,1,0
ल्मैः,lmaiḥ,lmEH,5,0.0,0,4,1,0,0
द्गां,dgāṃ,dgAM,5,0.0,0,2,2,0,1
प्मो,pmo,pmo,5,0.0,2,1,2,0,0
क्काः,kkāḥ,kkAH,5,0.0,2,1,1,1,0
प्यी,pyī,pyI,5,0.0,0,3,0,2,0
ण्ढ्या,ṇḍhyā,RQyA,5,0.0,0,2,0,3,0
ष्ट्वं,ṣṭvaṃ,zwvaM,5,0.0,2,2,1,0,0
र्द्वौ,rdvau,rdvO,5,0.0,0,1,3,1,0
र्च्छो,rccho,rcCo,5,0.0,0,1,2,2,0
र्ण्यु,rṇyu,rRyu,5,0.0,0,1,0,4,0
र्च्यो,rcyo,rcyo,5,0.0,0,2,0,2,1
क्की,kkī,kkI,5,0.0,0,1,2,1,1
क्ष्यी,kṣyī,kzyI,5,0.0,0,0,3,2,0
र्लौ,rlau,rlO,5,0.0,0,0,1,4,0
च्चः,ccaḥ,ccaH,5,0.0,0,4,1,0,0
र्थ्यैः,rthyaiḥ,rTyEH,5,0.0,0,0,5,0,0
ष्ण्यो,ṣṇyo,zRyo,5,0.0,3,0,1,0,1
ङ्ङ,ṅṅa,NNa,5,0.0,5,0,0,0,0
सों,soṃ,soM,5,0.0,0,0,0,5,0
क्षें,kṣeṃ,kzeM,5,0.0,0,0,0,2,3
ग्गृ,ggṛ,ggf,5,0.0,0,0,3,1,1
त्त्यं,ttyaṃ,ttyaM,5,0.0,0,1,1,3,0
र्मीं,rmīṃ,rmIM,5,0.0,2,2,1,0,0
र्क्षी,rkṣī,rkzI,5,0.0,1,1,0,3,0
र्चै,rcai,rcE,5,0.0,4,0,0,0,1
क्सो,kso,kso,5,0.0,1,0,3,0,1
क्सौ,ksau,ksO,5,0.0,0,0,4,0,1
ण्ट्य,ṇṭya,Rwya,5,0.0,0,0,5,0,0
र्थु,rthu,rTu,5,0.0,5,0,0,0,0
र्ट्,rṭ,rw,5,0.0,5,0,0,0,0
भ्यौ,bhyau,ByO,5,0.0,2,0,0,2,1
प्मै,pmai,pmE,5,0.0,4,1,0,0,0
न्सिं,nsiṃ,nsiM,5,0.0,0,0,3,2,0
न्रू,nrū,nrU,5,0.0,0,0,1,2,2
ज्ञ्य,jñya,jYya,5,0.0,0,0,1,4,0
ञ्ज्म,ñjma,Yjma,5,0.0,0,3,1,1,0
ङ्नै,ṅnai,NnE,5,0.0,0,0,3,2,0
ञ्शे,ñśe,YSe,5,0.0,3,1,1,0,0
ज्ज्वो,jjvo,jjvo,5,0.0,3,0,0,0,2
स्वोः,svoḥ,svoH,5,0.0,5,0,0,0,0
ङ्नो,ṅno,Nno,5,0.0,2,0,1,0,2
सौं,sauṃ,sOM,5,0.0,0,0,1,2,2
श्शू,śśū,SSU,5,0.0,0,2,3,0,0
ल्व्य,lvya,lvya,5,0.0,5,0,0,0,0
क्णं,kṇaṃ,kRaM,5,0.0,5,0,0,0,0
र्ग्याः,rgyāḥ,rgyAH,5,0.0,4,0,1,0,0
द्मैः,dmaiḥ,dmEH,5,0.0,0,3,2,0,0
ल्प्यै,lpyai,lpyE,5,0.0,0,0,5,0,0
स्थिः,sthiḥ,sTiH,5,0.0,0,0,4,1,0
प्तुः,ptuḥ,ptuH,5,0.0,3,0,1,1,0
र्म्यौ,rmyau,rmyO,5,0.0,0,5,0,0,0
क्ष्वृ,kṣvṛ,kzvf,5,0.0,0,2,3,0,0
न्ध्रां,ndhrāṃ,nDrAM,5,0.0,0,2,0,2,1
न्द्ध्य,nddhya,ndDya,5,0.0,0,5,0,0,0
ञ्श्व,ñśva,YSva,5,0.0,0,4,0,1,0
म्मी,mmī,mmI,5,0.0,0,2,1,2,0
व्रू,vrū,vrU,5,0.0,0,5,0,0,0
स्त्यै,styai,styE,5,0.0,2,1,0,1,1
द्भौ,dbhau,dBO,5,0.0,2,0,1,2,0
र्ष्मै,rṣmai,rzmE,5,0.0,5,0,0,0,0
न्गौ,ngau,ngO,5,0.0,3,0,2,0,0
क्स्वि,ksvi,ksvi,5,0.0,2,0,3,0,0
व्नः,vnaḥ,vnaH,5,0.0,5,0,0,0,0
त्स्थै,tsthai,tsTE,5,0.0,0,0,0,5,0
द्दिः,ddiḥ,ddiH,5,0.0,0,0,0,2,3
द्बं,dbaṃ,dbaM,5,0.0,0,0,0,5,0
ण्टू,ṇṭū,RwU,5,0.0,0,0,1,3,1
ण्व्या,ṇvyā,RvyA,5,0.0,4,1,0,0,0
ष्यू,ṣyū,zyU,5,0.0,5,0,0,0,0
ट्क्र,ṭkra,wkra,5,0.0,4,0,0,1,0
ज्मो,jmo,jmo,5,0.0,5,0,0,0,0
प्रीः,prīḥ,prIH,5,0.0,4,0,0,0,1
र्डी,rḍī,rqI,5,0.0,5,0,0,0,0
ञ्ज्य्,ñjy,Yjy,5,0.0,5,0,0,0,0
ष्ण्यः,ṣṇyaḥ,zRyaH,4,0.0,2,0,0,1,1
ड्घ,ḍgha,qGa,4,0.0,0,0,1,3,0
र्श्वि,rśvi,rSvi,4,0.0,0,0,3,1,0
ध्वृ,dhvṛ,Dvf,4,0.0,4,0,0,0,0
प्लू,plū,plU,4,0.0,1,3,0,0,0
क्युः,kyuḥ,kyuH,4,0.0,4,0,0,0,0
र्च्याः,rcyāḥ,rcyAH,4,0.0,1,1,0,1,1
ज्ञ्व्,jñv,jYv,4,0.0,4,0,0,0,0
त्स्वो,tsvo,tsvo,4,0.0,3,0,1,0,0
ध्न्ये,dhnye,Dnye,4,0.0,2,0,2,0,0
व्लि,vli,vli,4,0.0,4,0,0,0,0
प्त्वे,ptve,ptve,4,0.0,2,0,0,1,1
र्त्व्,rtv,rtv,4,0.0,4,0,0,0,0
ह्नू,hnū,hnU,4,0.0,1,0,3,0,0
ञ्चिः,ñciḥ,YciH,4,0.0,0,0,3,1,0
म्बिः,mbiḥ,mbiH,4,0.0,0,0,2,2,0
स्त्वी,stvī,stvI,4,0.0,0,0,3,0,1
क्ल्यं,klyaṃ,klyaM,4,0.0,0,0,2,2,0
ह्लो,hlo,hlo,4,0.0,1,0,1,0,2
र्विः,rviḥ,rviH,4,0.0,3,0,1,0,0
ग्ध्या,gdhyā,gDyA,4,0.0,0,0,1,2,1
ष्किं,ṣkiṃ,zkiM,4,0.0,0,2,0,1,1
ल्भ्यं,lbhyaṃ,lByaM,4,0.0,1,1,1,1,0
त्शा,tśā,tSA,4,0.0,0,1,1,1,1
ग्णं,gṇaṃ,gRaM,4,0.0,1,3,0,0,0
न्तूं,ntūṃ,ntUM,4,0.0,1,2,1,0,0
च्छ्यं,cchyaṃ,cCyaM,4,0.0,2,2,0,0,0
ष्पृ,ṣpṛ,zpf,4,0.0,3,1,0,0,0
र्त्रि,rtri,rtri,4,0.0,2,0,1,1,0
व्णि,vṇi,vRi,4,0.0,1,0,2,0,1
खृ,khṛ,Kf,4,0.0,4,0,0,0,0
र्द्,rd,rd,4,0.0,4,0,0,0,0
र्त्यौ,rtyau,rtyO,4,0.0,3,0,1,0,0
न्त्योः,ntyoḥ,ntyoH,4,0.0,1,3,0,0,0
स्नः,snaḥ,snaH,4,0.0,4,0,0,0,0
व्ना,vnā,vnA,4,0.0,4,0,0,0,0
ज्म्य्,jmy,jmy,4,0.0,3,0,0,1,0
न्मः,nmaḥ,nmaH,4,0.0,3,1,0,0,0
डुः,ḍuḥ,quH,4,0.0,3,1,0,0,0
न्वां,nvāṃ,nvAM,4,0.0,4,0,0,0,0
ल्कु,lku,lku,4,0.0,4,0,0,0,0
त्र्व्,trv,trv,4,0.0,2,0,1,0,1
ड्ढु,ḍḍhu,qQu,4,0.0,4,0,0,0,0
न्थीं,nthīṃ,nTIM,4,0.0,1,2,1,0,0
म्भ्यो,mbhyo,mByo,4,0.0,3,1,0,0,0
ध्रीं,dhrīṃ,DrIM,4,0.0,3,0,0,0,1
न्म्य्,nmy,nmy,4,0.0,1,3,0,0,0
ड्ढ्व,ḍḍhva,qQva,4,0.0,4,0,0,0,0
प्त्यः,ptyaḥ,ptyaH,4,0.0,4,0,0,0,0
स्तॄ,stṝ,stF,4,0.0,1,3,0,0,0
घ्वे,ghve,Gve,4,0.0,0,1,3,0,0
स्माः,smāḥ,smAH,4,0.0,3,1,0,0,0
म्यृ,myṛ,myf,4,0.0,2,1,1,0,0
ङ्लि,ṅli,Nli,4,0.0,0,4,0,0,0
ङ्स्था,ṅsthā,NsTA,4,0.0,0,4,0,0,0
ग्लु,glu,glu,4,0.0,1,3,0,0,0
उः,uḥ,uH,4,0.0,1,3,0,0,0
ङ्य्,ṅy,Ny,4,0.0,0,4,0,0,0
ण्वु,ṇvu,Rvu,4,0.0,0,4,0,0,0
क्ष्ण्ये,kṣṇye,kzRye,4,0.0,0,2,2,0,0
ट्सि,ṭsi,wsi,4,0.0,0,1,1,2,0
ण्न,ṇna,Rna,4,0.0,0,3,1,0,0
प्योः,pyoḥ,pyoH,4,0.0,0,3,1,0,0
न्क्षे,nkṣe,nkze,4,0.0,0,1,1,2,0
र्त्रो,rtro,rtro,4,0.0,0,1,1,2,0
ड्ढा,ḍḍhā,qQA,4,0.0,1,1,0,2,0
ष्प्य,ṣpya,zpya,4,0.0,0,1,1,2,0
च्छ्ला,cchlā,cClA,4,0.0,0,2,1,1,0
प्च,pca,pca,4,0.0,0,2,2,0,0
ढ्वां,ḍhvāṃ,QvAM,4,0.0,1,1,0,2,0
ट्त्रि,ṭtri,wtri,4,0.0,0,1,0,2,1
झो,jho,Jo,4,0.0,0,1,1,0,2
ङ्क्षु,ṅkṣu,Nkzu,4,0.0,0,2,0,1,1
र्क्षु,rkṣu,rkzu,4,0.0,2,2,0,0,0
ड्व्य,ḍvya,qvya,4,0.0,0,3,1,0,0
ङ्क्व,ṅkva,Nkva,4,0.0,0,1,3,0,0
श्नैः,śnaiḥ,SnEH,4,0.0,2,0,1,1,0
क्श्वा,kśvā,kSvA,4,0.0,0,0,3,1,0
ड्ग्ला,ḍglā,qglA,4,0.0,0,0,3,1,0
ट्श्र,ṭśra,wSra,4,0.0,0,0,2,2,0
ङ्ने,ṅne,Nne,4,0.0,0,1,2,1,0
क्स्थं,ksthaṃ,ksTaM,4,0.0,0,0,4,0,0
त्म्यैः,tmyaiḥ,tmyEH,4,0.0,0,1,3,0,0
ट्श्वा,ṭśvā,wSvA,4,0.0,0,1,2,1,0
द्घ्रा,dghrā,dGrA,4,0.0,0,0,3,1,0
ट्वां,ṭvāṃ,wvAM,4,0.0,0,2,1,1,0
ण्यृ,ṇyṛ,Ryf,4,0.0,1,0,2,1,0
ल्फो,lpho,lPo,4,0.0,0,0,3,1,0
स्त्यू,styū,styU,4,0.0,0,1,1,1,1
ण्ठ्यौ,ṇṭhyau,RWyO,4,0.0,1,0,2,1,0
न्द्युः,ndyuḥ,ndyuH,4,0.0,1,1,2,0,0
च्छूं,cchūṃ,cCUM,4,0.0,0,0,4,0,0
र्द्यां,rdyāṃ,rdyAM,4,0.0,0,0,3,1,0
क्पे,kpe,kpe,4,0.0,0,0,2,2,0
क्ष्यु,kṣyu,kzyu,4,0.0,0,0,3,1,0
म्रैः,mraiḥ,mrEH,4,0.0,0,1,3,0,0
भ्री,bhrī,BrI,4,0.0,1,0,1,1,1
र्छो,rcho,rCo,4,0.0,0,0,1,2,1
ब्ज्य,bjya,bjya,4,0.0,2,0,2,0,0
ङ्घ्रे,ṅghre,NGre,4,0.0,1,0,1,2,0
त्त्मू,ttmū,ttmU,4,0.0,4,0,0,0,0
घ्यै,ghyai,GyE,4,0.0,1,1,1,0,1
ष्ठ्यौ,ṣṭhyau,zWyO,4,0.0,1,0,1,0,2
ग्ध्यं,gdhyaṃ,gDyaM,4,0.0,0,0,1,3,0
म्फ,mpha,mPa,4,0.0,0,0,3,1,0
ग्ध्वे,gdhve,gDve,4,0.0,0,1,2,0,1
ड्द्वि,ḍdvi,qdvi,4,0.0,0,0,0,4,0
ट्सू,ṭsū,wsU,4,0.0,0,1,1,1,1
ज्र्य्,jry,jry,4,0.0,3,0,0,1,0
घ्वीं,ghvīṃ,GvIM,4,0.0,0,1,2,1,0
ञ्छ्व,ñchva,YCva,4,0.0,1,0,2,1,0
ण्ने,ṇne,Rne,4,0.0,0,1,1,2,0
न्ध्रै,ndhrai,nDrE,4,0.0,0,2,0,2,0
र्ष्यं,rṣyaṃ,rzyaM,4,0.0,0,0,0,3,1
ञ्जुः,ñjuḥ,YjuH,4,0.0,0,3,0,1,0
क्त्योः,ktyoḥ,ktyoH,4,0.0,0,1,0,3,0
र्नॄ,rnṝ,rnF,4,0.0,0,0,1,2,1
क्मै,kmai,kmE,4,0.0,2,0,0,2,0
र्षोः,rṣoḥ,rzoH,4,0.0,0,2,0,1,1
ल्शं,lśaṃ,lSaM,4,0.0,4,0,0,0,0
न्द्र्य,ndrya,ndrya,4,0.0,3,0,0,0,1
त्न्ये,tnye,tnye,4,0.0,1,0,0,3,0
ल्भाः,lbhāḥ,lBAH,4,0.0,0,0,1,3,0
क्क्रू,kkrū,kkrU,4,0.0,0,2,1,1,0
न्किं,nkiṃ,nkiM,4,0.0,0,0,1,3,0
ब्यः,byaḥ,byaH,4,0.0,0,2,0,2,0
न्कै,nkai,nkE,4,0.0,0,0,0,3,1
र्घैः,rghaiḥ,rGEH,4,0.0,0,1,1,2,0
ग्दै,gdai,gdE,4,0.0,0,2,1,1,0
ङ्घ्यं,ṅghyaṃ,NGyaM,4,0.0,0,0,2,2,0
न्स्थि,nsthi,nsTi,4,0.0,0,1,0,3,0
न्ष,nṣa,nza,4,0.0,1,0,0,3,0
त्स्नु,tsnu,tsnu,4,0.0,1,0,1,2,0
क्स्वा,ksvā,ksvA,4,0.0,0,0,2,1,1
क्स्या,ksyā,ksyA,4,0.0,0,0,1,2,1
ल्बो,lbo,lbo,4,0.0,0,0,0,2,2
ञ्छां,ñchāṃ,YCAM,4,0.0,0,0,1,3,0
ग्बो,gbo,gbo,4,0.0,0,1,0,3,0
स्फें,spheṃ,sPeM,4,0.0,0,0,0,4,0
र्ग्य्,rgy,rgy,4,0.0,4,0,0,0,0
श्रेः,śreḥ,SreH,4,0.0,4,0,0,0,0
न्त्रीः,ntrīḥ,ntrIH,4,0.0,2,1,1,0,0
ग्भृ,gbhṛ,gBf,4,0.0,0,0,1,3,0
र्द्याः,rdyāḥ,rdyAH,4,0.0,0,1,0,3,0
र्ष्युः,rṣyuḥ,rzyuH,4,0.0,0,4,0,0,0
ट्कौ,ṭkau,wkO,4,0.0,0,1,2,1,0
त्म्याः,tmyāḥ,tmyAH,4,0.0,0,3,1,0,0
ष्प्री,ṣprī,zprI,4,0.0,1,3,0,0,0
त्म्यी,tmyī,tmyI,4,0.0,0,1,2,1,0
ग्धू,gdhū,gDU,4,0.0,0,3,1,0,0
ङ्न्य,ṅnya,Nnya,4,0.0,0,1,2,1,0
र्तीः,rtīḥ,rtIH,4,0.0,0,1,2,0,1
र्ष्ट्यं,rṣṭyaṃ,rzwyaM,4,0.0,0,0,1,2,1
न्यी,nyī,nyI,4,0.0,0,0,3,1,0
न्भि,nbhi,nBi,4,0.0,0,0,3,1,0
स्कि,ski,ski,4,0.0,0,0,4,0,0
र्ध्वी,rdhvī,rDvI,4,0.0,0,0,2,2,0
प्प्र,ppra,ppra,4,0.0,1,0,2,1,0
ण्डिः,ṇḍiḥ,RqiH,4,0.0,0,2,0,2,0
नों,noṃ,noM,4,0.0,2,1,0,1,0
वैं,vaiṃ,vEM,4,0.0,0,0,1,2,1
र्ष्ट,rṣṭa,rzwa,4,0.0,0,2,1,1,0
बेः,beḥ,beH,4,0.0,0,2,0,1,1
ग्णे,gṇe,gRe,4,0.0,0,2,1,1,0
न्द्वैः,ndvaiḥ,ndvEH,4,0.0,0,0,3,1,0
त्स्नाः,tsnāḥ,tsnAH,4,0.0,1,1,2,0,0
ब्ध्वै,bdhvai,bDvE,4,0.0,1,1,1,0,1
वों,voṃ,voM,4,0.0,4,0,0,0,0
प्सीः,psīḥ,psIH,4,0.0,3,1,0,0,0
ब्भ्यां,bbhyāṃ,bByAM,4,0.0,4,0,0,0,0
च्छ्वो,cchvo,cCvo,4,0.0,4,0,0,0,0
र्व्वः,rvvaḥ,rvvaH,4,0.0,0,0,0,4,0
न्द्र्यां,ndryāṃ,ndryAM,4,0.0,2,0,0,1,1
ण्ड्रो,ṇḍro,Rqro,4,0.0,0,1,0,2,1
त्म्यः,tmyaḥ,tmyaH,4,0.0,0,0,2,1,1
ध्नुः,dhnuḥ,DnuH,4,0.0,0,3,1,0,0
ग्र्यौ,gryau,gryO,4,0.0,0,3,1,0,0
म्निः,mniḥ,mniH,4,0.0,0,2,2,0,0
र्धैः,rdhaiḥ,rDEH,4,0.0,0,2,1,1,0
ङ्घ्यो,ṅghyo,NGyo,4,0.0,0,1,1,2,0
डिः,ḍiḥ,qiH,4,0.0,0,0,1,2,1
न्हो,nho,nho,4,0.0,4,0,0,0,0
द्द्व्य,ddvya,ddvya,4,0.0,1,0,0,3,0
ट्णा,ṭṇā,wRA,4,0.0,4,0,0,0,0
र्ण्व,rṇva,rRva,4,0.0,4,0,0,0,0
न्यि,nyi,nyi,4,0.0,1,2,0,0,1
ग्भी,gbhī,gBI,4,0.0,2,1,0,1,0
न्स्क,nska,nska,4,0.0,0,0,1,2,1
त्न्यौ,tnyau,tnyO,4,0.0,0,3,0,1,0
प्वो,pvo,pvo,4,0.0,4,0,0,0,0
ण्ड्वे,ṇḍve,Rqve,4,0.0,4,0,0,0,0
ब्वा,bvā,bvA,4,0.0,1,0,3,0,0
ङ्वा,ṅvā,NvA,4,0.0,4,0,0,0,0
ल्ल्यः,llyaḥ,llyaH,4,0.0,0,1,2,0,1
ष्ठ्यै,ṣṭhyai,zWyE,4,0.0,2,1,1,0,0
ग्व्यू,gvyū,gvyU,4,0.0,4,0,0,0,0
श्रिं,śriṃ,SriM,4,0.0,3,1,0,0,0
ष्ण्य्,ṣṇy,zRy,4,0.0,3,0,1,0,0
ङ्क्त्यु,ṅktyu,Nktyu,4,0.0,2,0,1,0,1
र्च्यः,rcyaḥ,rcyaH,4,0.0,0,1,2,1,0
स्कै,skai,skE,4,0.0,0,3,1,0,0
स्त्र्यं,stryaṃ,stryaM,4,0.0,0,0,1,3,0
बां,bāṃ,bAM,4,0.0,2,1,1,0,0
ज्र्य,jrya,jrya,4,0.0,1,1,0,2,0
र्च्यं,rcyaṃ,rcyaM,4,0.0,0,3,1,0,0
न्व्यो,nvyo,nvyo,4,0.0,0,1,3,0,0
र्हैः,rhaiḥ,rhEH,4,0.0,0,4,0,0,0
न्ध्रीं,ndhrīṃ,nDrIM,4,0.0,0,4,0,0,0
ष्ण्यां,ṣṇyāṃ,zRyAM,4,0.0,0,2,1,0,1
ट्शि,ṭśi,wSi,4,0.0,0,2,1,1,0
ञ्श्वे,ñśve,YSve,4,0.0,0,4,0,0,0
ग्णः,gṇaḥ,gRaH,4,0.0,0,4,0,0,0
र्ह्यो,rhyo,rhyo,4,0.0,0,4,0,0,0
प्स्वे,psve,psve,4,0.0,2,2,0,0,0
घ्र्यं,ghryaṃ,GryaM,4,0.0,0,1,3,0,0
र्जीः,rjīḥ,rjIH,4,0.0,4,0,0,0,0
ण्युः,ṇyuḥ,RyuH,4,0.0,4,0,0,0,0
ष्मैः,ṣmaiḥ,zmEH,4,0.0,4,0,0,0,0
भ्वे,bhve,Bve,4,0.0,4,0,0,0,0
र्थ्यु,rthyu,rTyu,4,0.0,0,2,0,2,0
त्त्रु,ttru,ttru,4,0.0,0,1,0,3,0
र्भ्रु,rbhru,rBru,4,0.0,0,0,4,0,0
क्प्ल,kpla,kpla,4,0.0,0,0,4,0,0
न्क्री,nkrī,nkrI,4,0.0,0,0,2,1,1
र्हिं,rhiṃ,rhiM,4,0.0,0,0,3,1,0
ग्द्रु,gdru,gdru,4,0.0,0,0,0,3,1
ग्रोः,groḥ,groH,4,0.0,0,0,3,0,1
न्हु,nhu,nhu,4,0.0,3,0,1,0,0
त्ष्ठी,tṣṭhī,tzWI,4,0.0,0,0,0,4,0
न्न्वि,nnvi,nnvi,4,0.0,4,0,0,0,0
ञ्ग्भिः,ñgbhiḥ,YgBiH,4,0.0,4,0,0,0,0
ड्दे,ḍde,qde,4,0.0,1,0,0,2,1
च्छ्यै,cchyai,cCyE,4,0.0,4,0,0,0,0
ड्द्वा,ḍdvā,qdvA,4,0.0,2,0,0,0,2
ड्यू,ḍyū,qyU,4,0.0,0,0,0,3,1
ह्णौ,hṇau,hRO,4,0.0,0,0,0,4,0
म्मे,mme,mme,4,0.0,0,0,0,4,0
ग्ध्मा,gdhmā,gDmA,4,0.0,0,0,0,4,0
ञ्झि,ñjhi,YJi,4,0.0,0,0,0,4,0
ल्हो,lho,lho,4,0.0,0,0,0,0,4
ब्धृ,bdhṛ,bDf,4,0.0,0,0,0,4,0
क्थ्य्,kthy,kTy,4,0.0,3,0,1,0,0
स्पि,spi,spi,4,0.0,4,0,0,0,0
क्ष्णू,kṣṇū,kzRU,4,0.0,4,0,0,0,0
च्के,cke,cke,4,0.0,0,0,0,4,0
त्स्फि,tsphi,tsPi,4,0.0,0,0,4,0,0
ड्वै,ḍvai,qvE,4,0.0,4,0,0,0,0
ग्मैः,gmaiḥ,gmEH,4,0.0,4,0,0,0,0
श्न्याः,śnyāḥ,SnyAH,4,0.0,4,0,0,0,0
ध्मी,dhmī,DmI,4,0.0,4,0,0,0,0
प्रों,proṃ,proM,4,0.0,0,0,0,4,0
प्तू,ptū,ptU,4,0.0,3,0,0,0,1
ड्द्र,ḍdra,qdra,4,0.0,0,0,0,4,0
श्व्यः,śvyaḥ,SvyaH,4,0.0,3,0,0,0,1
प्रुं,pruṃ,pruM,4,0.0,4,0,0,0,0
द्नः,dnaḥ,dnaH,4,0.0,4,0,0,0,0
क्तोः,ktoḥ,ktoH,4,0.0,4,0,0,0,0
त्व्यः,tvyaḥ,tvyaH,4,0.0,4,0,0,0,0
ग्लौः,glauḥ,glOH,3,0.0,2,0,0,1,0
र्जौ,rjau,rjO,3,0.0,0,0,2,1,0
र्ख्यं,rkhyaṃ,rKyaM,3,0.0,0,0,2,1,0
क्श्रु,kśru,kSru,3,0.0,2,0,0,1,0
ग्वां,gvāṃ,gvAM,3,0.0,0,1,1,0,1
प्नै,pnai,pnE,3,0.0,0,0,2,1,0
ह्वीं,hvīṃ,hvIM,3,0.0,1,0,1,0,1
ध्यृ,dhyṛ,Dyf,3,0.0,1,0,2,0,0
ष्ट्योः,ṣṭyoḥ,zwyoH,3,0.0,1,2,0,0,0
र्स,rsa,rsa,3,0.0,1,0,1,1,0
ञ्ज्मः,ñjmaḥ,YjmaH,3,0.0,3,0,0,0,0
न्द्र्य्,ndry,ndry,3,0.0,3,0,0,0,0
त्त्यां,ttyāṃ,ttyAM,3,0.0,1,1,1,0,0
ष्ण्वो,ṣṇvo,zRvo,3,0.0,2,0,0,0,1
क्शः,kśaḥ,kSaH,3,0.0,3,0,0,0,0
ङ्क्तीः,ṅktīḥ,NktIH,3,0.0,2,0,1,0,0
द्र्यै,dryai,dryE,3,0.0,1,0,0,2,0
ल्ह्या,lhyā,lhyA,3,0.0,2,0,0,1,0
घ्यु,ghyu,Gyu,3,0.0,3,0,0,0,0
र्क्षीः,rkṣīḥ,rkzIH,3,0.0,3,0,0,0,0
र्ञ्ज,rñja,rYja,3,0.0,2,0,0,0,1
ङ्क्त्ये,ṅktye,Nktye,3,0.0,2,1,0,0,0
र्ज्यौ,rjyau,rjyO,3,0.0,0,1,2,0,0
म्फु,mphu,mPu,3,0.0,0,0,2,1,0
ल्लिः,lliḥ,lliH,3,0.0,0,0,1,2,0
न्ध्यौ,ndhyau,nDyO,3,0.0,0,0,2,1,0
झी,jhī,JI,3,0.0,0,0,1,2,0
फी,phī,PI,3,0.0,0,1,2,0,0
च्ञ,cña,cYa,3,0.0,0,0,2,1,0
ल्ग्व,lgva,lgva,3,0.0,0,1,1,1,0
क्क्वा,kkvā,kkvA,3,0.0,0,1,2,0,0
ज्युः,jyuḥ,jyuH,3,0.0,2,1,0,0,0
ल्प्यो,lpyo,lpyo,3,0.0,1,0,2,0,0
र्त्तिं,rttiṃ,rttiM,3,0.0,3,0,0,0,0
न्त्त,ntta,ntta,3,0.0,3,0,0,0,0
क्नि,kni,kni,3,0.0,2,0,0,1,0
द्ने,dne,dne,3,0.0,3,0,0,0,0
प्स्यः,psyaḥ,psyaH,3,0.0,3,0,0,0,0
ज्ञीः,jñīḥ,jYIH,3,0.0,3,0,0,0,0
ह्रू,hrū,hrU,3,0.0,2,0,0,0,1
प्वे,pve,pve,3,0.0,3,0,0,0,0
र्दां,rdāṃ,rdAM,3,0.0,2,1,0,0,0
क्न्या,knyā,knyA,3,0.0,2,0,1,0,0
ड्वृ,ḍvṛ,qvf,3,0.0,1,1,1,0,0
न्ध्व्,ndhv,nDv,3,0.0,3,0,0,0,0
ख्नुः,khnuḥ,KnuH,3,0.0,2,0,1,0,0
र्प्यो,rpyo,rpyo,3,0.0,2,0,1,0,0
ष्ठुः,ṣṭhuḥ,zWuH,3,0.0,3,0,0,0,0
व्रिं,vriṃ,vriM,3,0.0,3,0,0,0,0
न्द्र्यः,ndryaḥ,ndryaH,3,0.0,2,0,1,0,0
ह्ण्यं,hṇyaṃ,hRyaM,3,0.0,3,0,0,0,0
र्ष्णं,rṣṇaṃ,rzRaM,3,0.0,1,2,0,0,0
ङ्क्षाः,ṅkṣāḥ,NkzAH,3,0.0,1,0,1,0,1
न्धेः,ndheḥ,nDeH,3,0.0,2,0,0,1,0
ज्ञू,jñū,jYU,3,0.0,3,0,0,0,0
थ्व्,thv,Tv,3,0.0,3,0,0,0,0
ग्माः,gmāḥ,gmAH,3,0.0,2,1,0,0,0
ण्यूः,ṇyūḥ,RyUH,3,0.0,3,0,0,0,0
घ्न्यौ,ghnyau,GnyO,3,0.0,2,0,0,0,1
न्त्र्यां,ntryāṃ,ntryAM,3,0.0,0,2,0,1,0
श्छो,ścho,SCo,3,0.0,0,2,1,0,0
ञ्णि,ñṇi,YRi,3,0.0,0,3,0,0,0
ङ्प,ṅpa,Npa,3,0.0,0,3,0,0,0
ङु,ṅu,Nu,3,0.0,1,2,0,0,0
ध्योः,dhyoḥ,DyoH,3,0.0,1,1,1,0,0
ट्य्,ṭy,wy,3,0.0,0,3,0,0,0
ङ्लृ,ṅlṛ,Nlf,3,0.0,0,3,0,0,0
ञोः,ñoḥ,YoH,3,0.0,0,3,0,0,0
ट्शा,ṭśā,wSA,3,0.0,0,1,0,2,0
जॄ,jṝ,jF,3,0.0,0,3,0,0,0
ञ्भ्यः,ñbhyaḥ,YByaH,3,0.0,0,3,0,0,0
द्ध्यौ,ddhyau,dDyO,3,0.0,0,2,1,0,0
ष्षु,ṣṣu,zzu,3,0.0,2,1,0,0,0
च्व्य,cvya,cvya,3,0.0,0,2,1,0,0
च्वौ,cvau,cvO,3,0.0,0,3,0,0,0
क्स्र,ksra,ksra,3,0.0,1,2,0,0,0
शॄ,śṝ,SF,3,0.0,0,3,0,0,0
पॄ,pṝ,pF,3,0.0,0,3,0,0,0
ड्व्,ḍv,qv,3,0.0,2,1,0,0,0
ट्वि,ṭvi,wvi,3,0.0,0,1,2,0,0
ण्कृ,ṇkṛ,Rkf,3,0.0,0,2,1,0,0
ञ्व,ñva,Yva,3,0.0,0,2,1,0,0
झे,jhe,Je,3,0.0,0,1,0,2,0
ङ्या,ṅyā,NyA,3,0.0,0,3,0,0,0
ज्द,jda,jda,3,0.0,0,2,1,0,0
ञ्मा,ñmā,YmA,3,0.0,1,2,0,0,0
ज्योः,jyoḥ,jyoH,3,0.0,2,1,0,0,0
ञ्पू,ñpū,YpU,3,0.0,0,3,0,0,0
ङ्ख्यै,ṅkhyai,NKyE,3,0.0,0,1,1,0,1
श्वेः,śveḥ,SveH,3,0.0,0,1,2,0,0
ङां,ṅāṃ,NAM,3,0.0,0,1,2,0,0
ञ्ज्ञौ,ñjñau,YjYO,3,0.0,0,1,2,0,0
य्वो,yvo,yvo,3,0.0,0,2,0,1,0
त्व्य,tvya,tvya,3,0.0,2,1,0,0,0
त्व्या,tvyā,tvyA,3,0.0,2,1,0,0,0
श्र्यु,śryu,Sryu,3,0.0,0,1,0,1,1
ञ्जेः,ñjeḥ,YjeH,3,0.0,0,1,0,0,2
ङ्नु,ṅnu,Nnu,3,0.0,2,1,0,0,0
म्व्य,mvya,mvya,3,0.0,2,1,0,0,0
छ्ले,chle,Cle,3,0.0,0,0,1,1,1
क्स्नि,ksni,ksni,3,0.0,0,0,2,1,0
ण्ड्वां,ṇḍvāṃ,RqvAM,3,0.0,0,0,3,0,0
क्स्थे,ksthe,ksTe,3,0.0,0,0,3,0,0
क्षेः,kṣeḥ,kzeH,3,0.0,0,1,1,1,0
व्नां,vnāṃ,vnAM,3,0.0,1,0,1,1,0
स्व्य,svya,svya,3,0.0,2,0,1,0,0
क्पी,kpī,kpI,3,0.0,0,1,1,1,0
ट्शो,ṭśo,wSo,3,0.0,0,0,1,2,0
त्थौ,tthau,tTO,3,0.0,0,1,2,0,0
घूं,ghūṃ,GUM,3,0.0,0,1,1,1,0
ग्मै,gmai,gmE,3,0.0,1,0,1,1,0
ग्घृ,gghṛ,gGf,3,0.0,2,0,1,0,0
ण्वै,ṇvai,RvE,3,0.0,1,1,1,0,0
ञ्ज्यं,ñjyaṃ,YjyaM,3,0.0,0,0,2,1,0
म्ब्याः,mbyāḥ,mbyAH,3,0.0,0,0,2,1,0
क्छि,kchi,kCi,3,0.0,0,0,2,1,0
ट्पी,ṭpī,wpI,3,0.0,0,0,2,1,0
न्थ्यु,nthyu,nTyu,3,0.0,0,0,2,1,0
ण्टौ,ṇṭau,RwO,3,0.0,0,0,0,3,0
त्त्र्याः,ttryāḥ,ttryAH,3,0.0,1,0,0,2,0
त्स्वं,tsvaṃ,tsvaM,3,0.0,2,0,0,1,0
ब्ज्या,bjyā,bjyA,3,0.0,3,0,0,0,0
व्णां,vṇāṃ,vRAM,3,0.0,3,0,0,0,0
स्क्री,skrī,skrI,3,0.0,3,0,0,0,0
ज्ञ्याः,jñyāḥ,jYyAH,3,0.0,1,0,0,2,0
र्व्री,rvrī,rvrI,3,0.0,1,0,1,1,0
र्न्यू,rnyū,rnyU,3,0.0,0,0,1,2,0
र्ह्यं,rhyaṃ,rhyaM,3,0.0,0,2,0,1,0
र्द्धेः,rddheḥ,rdDeH,3,0.0,0,0,1,2,0
क्ष्वो,kṣvo,kzvo,3,0.0,2,0,0,1,0
क्थौ,kthau,kTO,3,0.0,2,0,0,1,0
र्ह्यः,rhyaḥ,rhyaH,3,0.0,1,0,1,1,0
क्णे,kṇe,kRe,3,0.0,2,0,0,1,0
ट्व्,ṭv,wv,3,0.0,1,0,0,1,1
सॄः,sṝḥ,sFH,3,0.0,2,0,0,1,0
त्च,tca,tca,3,0.0,0,0,0,2,1
भ्र्व,bhrva,Brva,3,0.0,1,1,0,1,0
त्तीः,ttīḥ,ttIH,3,0.0,0,0,1,2,0
प्था,pthā,pTA,3,0.0,3,0,0,0,0
स्पे,spe,spe,3,0.0,3,0,0,0,0
ञ्छ्वा,ñchvā,YCvA,3,0.0,3,0,0,0,0
यों,yoṃ,yoM,3,0.0,2,0,0,1,0
ट्त्र,ṭtra,wtra,3,0.0,1,0,0,2,0
त्थ्य्,tthy,tTy,3,0.0,3,0,0,0,0
ल्वां,lvāṃ,lvAM,3,0.0,0,2,0,1,0
न्क्रो,nkro,nkro,3,0.0,0,0,1,1,1
न्प्रे,npre,npre,3,0.0,0,0,2,1,0
न्भै,nbhai,nBE,3,0.0,0,0,0,2,1
न्हा,nhā,nhA,3,0.0,0,0,1,2,0
ण्णैः,ṇṇaiḥ,RREH,3,0.0,0,0,0,3,0
त्स्ख,tskha,tsKa,3,0.0,0,0,1,0,2
ष्ट्र्या,ṣṭryā,zwryA,3,0.0,1,0,0,1,1
ग्व्यो,gvyo,gvyo,3,0.0,0,0,3,0,0
त्क्ल,tkla,tkla,3,0.0,0,0,1,2,0
ङ्गीः,ṅgīḥ,NgIH,3,0.0,0,2,1,0,0
स्खा,skhā,sKA,3,0.0,0,1,1,1,0
त्स्नैः,tsnaiḥ,tsnEH,3,0.0,0,3,0,0,0
स्फीं,sphīṃ,sPIM,3,0.0,0,0,0,3,0
फ्रें,phreṃ,PreM,3,0.0,0,0,0,3,0
छ्रू,chrū,CrU,3,0.0,0,2,1,0,0
ट्ट्य,ṭṭya,wwya,3,0.0,0,0,1,1,1
ड्ब्र,ḍbra,qbra,3,0.0,0,0,3,0,0
प्त्याः,ptyāḥ,ptyAH,3,0.0,1,0,1,1,0
ग्वः,gvaḥ,gvaH,3,0.0,0,2,1,0,0
ण्टं,ṇṭaṃ,RwaM,3,0.0,0,1,0,2,0
ह्यृ,hyṛ,hyf,3,0.0,1,2,0,0,0
ड्यै,ḍyai,qyE,3,0.0,0,2,0,1,0
ण्मि,ṇmi,Rmi,3,0.0,0,2,0,0,1
श्नै,śnai,SnE,3,0.0,1,1,1,0,0
र्ष्युं,rṣyuṃ,rzyuM,3,0.0,0,3,0,0,0
त्य्वो,tyvo,tyvo,3,0.0,0,2,0,1,0
त्म्यो,tmyo,tmyo,3,0.0,0,1,2,0,0
ड्याः,ḍyāḥ,qyAH,3,0.0,1,2,0,0,0
टॄ,ṭṝ,wF,3,0.0,0,0,0,0,3
ङ्क्यः,ṅkyaḥ,NkyaH,3,0.0,0,1,2,0,0
ष्ठिः,ṣṭhiḥ,zWiH,3,0.0,1,0,1,1,0
न्स्वै,nsvai,nsvE,3,0.0,0,0,1,2,0
र्य्ये,ryye,ryye,3,0.0,0,0,0,1,2
र्य्यः,ryyaḥ,ryyaH,3,0.0,0,0,0,2,1
र्द्धी,rddhī,rdDI,3,0.0,1,1,0,0,1
श्नां,śnāṃ,SnAM,3,0.0,1,1,1,0,0
द्भोः,dbhoḥ,dBoH,3,0.0,0,0,3,0,0
ण्यी,ṇyī,RyI,3,0.0,0,0,3,0,0
स्क्रे,skre,skre,3,0.0,3,0,0,0,0
क्त्वौ,ktvau,ktvO,3,0.0,3,0,0,0,0
ञ्ज्यः,ñjyaḥ,YjyaH,3,0.0,2,0,1,0,0
श्रैं,śraiṃ,SrEM,3,0.0,0,0,0,3,0
श्रौं,śrauṃ,SrOM,3,0.0,0,0,0,3,0
ह्व्यै,hvyai,hvyE,3,0.0,0,0,0,3,0
क्स्थो,kstho,ksTo,3,0.0,0,0,2,1,0
स्फैं,sphaiṃ,sPEM,3,0.0,0,0,0,3,0
ब्जी,bjī,bjI,3,0.0,0,0,1,1,1
दों,doṃ,doM,3,0.0,0,0,2,1,0
ध्व्यै,dhvyai,DvyE,3,0.0,0,0,0,3,0
र्पौ,rpau,rpO,3,0.0,0,2,0,1,0
द्र्यु,dryu,dryu,3,0.0,0,2,0,1,0
क्चा,kcā,kcA,3,0.0,1,0,0,2,0
म्णी,mṇī,mRI,3,0.0,2,0,0,1,0
र्च्ये,rcye,rcye,3,0.0,0,0,0,2,1
ड्घा,ḍghā,qGA,3,0.0,0,0,1,2,0
न्स्मृ,nsmṛ,nsmf,3,0.0,0,0,2,1,0
ग्द्व,gdva,gdva,3,0.0,0,0,1,2,0
र्ष्टी,rṣṭī,rzwI,3,0.0,3,0,0,0,0
द्व्यः,dvyaḥ,dvyaH,3,0.0,2,0,1,0,0
स्यों,syoṃ,syoM,3,0.0,1,0,2,0,0
र्य्या,ryyā,ryyA,3,0.0,0,0,0,3,0
र्व्वो,rvvo,rvvo,3,0.0,0,0,0,3,0
ण्ड्रै,ṇḍrai,RqrE,3,0.0,0,0,1,0,2
र्क्षो,rkṣo,rkzo,3,0.0,1,0,1,0,1
गिः,giḥ,giH,3,0.0,1,0,1,0,1
त्वीं,tvīṃ,tvIM,3,0.0,0,0,3,0,0
णूं,ṇūṃ,RUM,3,0.0,0,1,1,1,0
ष्फा,ṣphā,zPA,3,0.0,0,1,0,1,1
च्छोः,cchoḥ,cCoH,3,0.0,0,0,0,3,0
ग्ध्वो,gdhvo,gDvo,3,0.0,2,0,1,0,0
श्श्र,śśra,SSra,3,0.0,3,0,0,0,0
ज्ञिः,jñiḥ,jYiH,3,0.0,3,0,0,0,0
र्ढ,rḍha,rQa,3,0.0,3,0,0,0,0
र्ग्भिः,rgbhiḥ,rgBiH,3,0.0,2,0,1,0,0
प्रिं,priṃ,priM,3,0.0,3,0,0,0,0
य्योः,yyoḥ,yyoH,3,0.0,3,0,0,0,0
र्क्स,rksa,rksa,3,0.0,3,0,0,0,0
ब्ध्य्,bdhy,bDy,3,0.0,3,0,0,0,0
त्प्लि,tpli,tpli,3,0.0,0,0,1,1,1
द्व्यू,dvyū,dvyU,3,0.0,0,1,1,0,1
न्स्ने,nsne,nsne,3,0.0,0,0,0,3,0
ङ्क्ष्वै,ṅkṣvai,NkzvE,3,0.0,0,2,0,1,0
त्ख्या,tkhyā,tKyA,3,0.0,0,0,0,3,0
त्त्रौ,ttrau,ttrO,3,0.0,0,1,0,2,0
न्स्म,nsma,nsma,3,0.0,0,1,0,2,0
म्न्यां,mnyāṃ,mnyAM,3,0.0,2,0,0,1,0
र्त्रीं,rtrīṃ,rtrIM,3,0.0,2,0,0,1,0
त्क्,tk,tk,3,0.0,0,0,0,3,0
ग्ब्र,gbra,gbra,3,0.0,0,0,1,1,1
त्स्फो,tspho,tsPo,3,0.0,0,0,0,3,0
र्ष्वे,rṣve,rzve,3,0.0,1,0,0,2,0
स्त्यौ,styau,styO,3,0.0,0,0,1,1,1
प्वां,pvāṃ,pvAM,3,0.0,3,0,0,0,0
ख्नु,khnu,Knu,3,0.0,2,1,0,0,0
चों,coṃ,coM,3,0.0,2,0,1,0,0
र्धिः,rdhiḥ,rDiH,3,0.0,3,0,0,0,0
ङ्क्त्यै,ṅktyai,NktyE,3,0.0,3,0,0,0,0
ङ्वो,ṅvo,Nvo,3,0.0,3,0,0,0,0
ङ्क्षः,ṅkṣaḥ,NkzaH,3,0.0,0,0,1,1,1
न्ध्र्य,ndhrya,nDrya,3,0.0,0,2,0,0,1
ट्योः,ṭyoḥ,wyoH,3,0.0,0,0,0,3,0
र्ख्ये,rkhye,rKye,3,0.0,0,2,1,0,0
ठ्यां,ṭhyāṃ,WyAM,3,0.0,0,0,1,2,0
ध्नीं,dhnīṃ,DnIM,3,0.0,3,0,0,0,0
न्थ्यं,nthyaṃ,nTyaM,3,0.0,3,0,0,0,0
र्द्धाः,rddhāḥ,rdDAH,3,0.0,3,0,0,0,0
ष्टोः,ṣṭoḥ,zwoH,3,0.0,2,0,1,0,0
द्रीः,drīḥ,drIH,3,0.0,2,0,1,0,0
ह्माः,hmāḥ,hmAH,3,0.0,2,1,0,0,0
श्चः,ścaḥ,ScaH,3,0.0,2,0,1,0,0
ष्ष्टो,ṣṣṭo,zzwo,3,0.0,3,0,0,0,0
र्क्यैः,rkyaiḥ,rkyEH,3,0.0,3,0,0,0,0
श्म्यो,śmyo,Smyo,3,0.0,0,1,1,1,0
ड्भी,ḍbhī,qBI,3,0.0,0,0,2,1,0
ञ्चिं,ñciṃ,YciM,3,0.0,0,0,3,0,0
घ्यौ,ghyau,GyO,3,0.0,0,0,0,2,1
न्कं,nkaṃ,nkaM,3,0.0,0,0,2,1,0
र्घ्यां,rghyāṃ,rGyAM,3,0.0,0,0,3,0,0
ड्रे,ḍre,qre,3,0.0,1,0,1,1,0
न्कू,nkū,nkU,3,0.0,0,0,2,0,1
न्षो,nṣo,nzo,3,0.0,0,0,2,1,0
न्स्वे,nsve,nsve,3,0.0,0,0,1,2,0
ज्जीः,jjīḥ,jjIH,3,0.0,0,3,0,0,0
र्ष्णीं,rṣṇīṃ,rzRIM,3,0.0,2,1,0,0,0
क्कः,kkaḥ,kkaH,3,0.0,0,2,0,1,0
ब्जैः,bjaiḥ,bjEH,3,0.0,0,1,1,0,1
बीं,bīṃ,bIM,3,0.0,0,3,0,0,0
द्द्यू,ddyū,ddyU,3,0.0,0,2,0,1,0
र्चुः,rcuḥ,rcuH,3,0.0,0,3,0,0,0
ण्डीः,ṇḍīḥ,RqIH,3,0.0,1,1,1,0,0
थ्यैः,thyaiḥ,TyEH,3,0.0,1,1,0,1,0
ङ्क्त्यः,ṅktyaḥ,NktyaH,3,0.0,0,3,0,0,0
ण्ड्रां,ṇḍrāṃ,RqrAM,3,0.0,0,3,0,0,0
त्त्यौ,ttyau,ttyO,3,0.0,0,2,0,1,0
षूं,ṣūṃ,zUM,3,0.0,0,2,1,0,0
म्बुं,mbuṃ,mbuM,3,0.0,0,1,1,0,1
रूः,rūḥ,rUH,3,0.0,0,2,0,1,0
ह्यैः,hyaiḥ,hyEH,3,0.0,1,1,0,1,0
र्खां,rkhāṃ,rKAM,3,0.0,2,1,0,0,0
क्छु,kchu,kCu,3,0.0,0,1,1,0,1
प्त्रीं,ptrīṃ,ptrIM,3,0.0,2,1,0,0,0
स्थ्यो,sthyo,sTyo,3,0.0,0,3,0,0,0
ल्व्यं,lvyaṃ,lvyaM,3,0.0,3,0,0,0,0
ल्हाः,lhāḥ,lhAH,3,0.0,3,0,0,0,0
र्त्र्य्,rtry,rtry,3,0.0,3,0,0,0,0
र्ध्य्,rdhy,rDy,3,0.0,3,0,0,0,0
ल्ब्या,lbyā,lbyA,3,0.0,3,0,0,0,0
त्श,tśa,tSa,3,0.0,0,1,0,2,0
त्शि,tśi,tSi,3,0.0,0,1,1,1,0
ङ्क्त्यो,ṅktyo,Nktyo,3,0.0,1,2,0,0,0
ग्बृ,gbṛ,gbf,3,0.0,0,0,1,0,2
ज्वीं,jvīṃ,jvIM,3,0.0,0,0,2,1,0
न्म्ला,nmlā,nmlA,3,0.0,1,0,2,0,0
त्स्यौ,tsyau,tsyO,3,0.0,0,0,2,1,0
त्स्वां,tsvāṃ,tsvAM,3,0.0,0,0,1,2,0
ष्ट्र्यां,ṣṭryāṃ,zwryAM,3,0.0,1,0,0,2,0
ष्ट्रीः,ṣṭrīḥ,zwrIH,3,0.0,3,0,0,0,0
श्र्व्,śrv,Srv,3,0.0,2,0,1,0,0
ग्ब्रू,gbrū,gbrU,3,0.0,0,0,1,0,2
न्प्रो,npro,npro,3,0.0,1,0,1,0,1
स्मौ,smau,smO,3,0.0,0,0,1,2,0
र्प्ये,rpye,rpye,3,0.0,2,0,0,1,0
ग्ले,gle,gle,3,0.0,0,0,1,1,1
क्श्व,kśva,kSva,3,0.0,3,0,0,0,0
ल्लिं,lliṃ,lliM,3,0.0,0,0,1,1,1
द्द्वौ,ddvau,ddvO,3,0.0,0,0,1,1,1
ब्बु,bbu,bbu,3,0.0,0,0,0,3,0
र्ज्यै,rjyai,rjyE,3,0.0,0,0,2,0,1
द्द्वं,ddvaṃ,ddvaM,3,0.0,0,0,0,3,0
हें,heṃ,heM,3,0.0,1,0,0,1,1
द्भां,dbhāṃ,dBAM,3,0.0,0,0,0,3,0
क्ष्मौ,kṣmau,kzmO,3,0.0,0,0,1,1,1
ल्हां,lhāṃ,lhAM,3,0.0,2,0,0,1,0
ल्वी,lvī,lvI,3,0.0,0,0,0,2,1
ह्णां,hṇāṃ,hRAM,3,0.0,0,2,0,1,0
य्वाः,yvāḥ,yvAH,3,0.0,0,3,0,0,0
क्श्र,kśra,kSra,3,0.0,0,1,2,0,0
प्फि,pphi,pPi,3,0.0,0,1,0,0,2
न्न्व्,nnv,nnv,3,0.0,2,1,0,0,0
ड्भ,ḍbha,qBa,3,0.0,0,0,1,1,1
नौं,nauṃ,nOM,3,0.0,0,0,0,0,3
क्ष्ण्यौ,kṣṇyau,kzRyO,3,0.0,0,0,3,0,0
र्च्छाः,rcchāḥ,rcCAH,3,0.0,0,0,3,0,0
क्क्षि,kkṣi,kkzi,3,0.0,0,0,2,1,0
त्स्थ्या,tsthyā,tsTyA,3,0.0,0,0,0,3,0
ड्ढू,ḍḍhū,qQU,3,0.0,3,0,0,0,0
र्घ्न,rghna,rGna,3,0.0,3,0,0,0,0
ढेः,ḍheḥ,QeH,3,0.0,1,0,0,2,0
द्यी,dyī,dyI,3,0.0,0,0,0,3,0
ञ्चुं,ñcuṃ,YcuM,3,0.0,0,0,0,3,0
द्रैं,draiṃ,drEM,3,0.0,0,0,0,0,3
ग्लौं,glauṃ,glOM,3,0.0,0,0,0,2,1
श्लाः,ślāḥ,SlAH,3,0.0,3,0,0,0,0
ष्प्ला,ṣplā,zplA,3,0.0,3,0,0,0,0
ञ्छ्ये,ñchye,YCye,3,0.0,3,0,0,0,0
न्ध्युः,ndhyuḥ,nDyuH,3,0.0,3,0,0,0,0
क्थ्योः,kthyoḥ,kTyoH,3,0.0,2,0,0,0,1
ञ्जिः,ñjiḥ,YjiH,3,0.0,2,0,0,1,0
क्ना,knā,knA,3,0.0,3,0,0,0,0
ष्ठृ,ṣṭhṛ,zWf,3,0.0,3,0,0,0,0
ग्रिः,griḥ,griH,3,0.0,3,0,0,0,0
ङ्क्री,ṅkrī,NkrI,3,0.0,2,0,0,0,1
व्वू,vvū,vvU,3,0.0,0,0,0,3,0
व्रेः,vreḥ,vreH,3,0.0,3,0,0,0,0
म्नैः,mnaiḥ,mnEH,3,0.0,3,0,0,0,0
प्वं,pvaṃ,pvaM,3,0.0,3,0,0,0,0
प्साः,psāḥ,psAH,3,0.0,3,0,0,0,0
स्नैः,snaiḥ,snEH,3,0.0,3,0,0,0,0
र्त्,rt,rt,3,0.0,3,0,0,0,0
ष्वेः,ṣveḥ,zveH,3,0.0,3,0,0,0,0
व्युः,vyuḥ,vyuH,3,0.0,3,0,0,0,0
ङ्ग्ध्वं,ṅgdhvaṃ,NgDvaM,3,0.0,3,0,0,0,0
क्स्क,kska,kska,2,0.0,0,0,2,0,0
क्चो,kco,kco,2,0.0,0,0,1,1,0
ष्फे,ṣphe,zPe,2,0.0,0,0,1,0,1
स्पाः,spāḥ,spAH,2,0.0,2,0,0,0,0
य्वोः,yvoḥ,yvoH,2,0.0,1,0,0,0,1
ग्न्य्,gny,gny,2,0.0,2,0,0,0,0
च्छ्वः,cchvaḥ,cCvaH,2,0.0,2,0,0,0,0
ङ्क्ष्ये,ṅkṣye,Nkzye,2,0.0,1,0,0,0,1
प्नाः,pnāḥ,pnAH,2,0.0,2,0,0,0,0
र्ग्री,rgrī,rgrI,2,0.0,0,0,2,0,0
म्न्ये,mnye,mnye,2,0.0,0,0,1,1,0
क्स्त्री,kstrī,kstrI,2,0.0,0,0,2,0,0
क्ष्म्यौ,kṣmyau,kzmyO,2,0.0,0,0,1,0,1
त्न्योः,tnyoḥ,tnyoH,2,0.0,0,0,2,0,0
च्छ्वां,cchvāṃ,cCvAM,2,0.0,0,0,1,1,0
प्स्यं,psyaṃ,psyaM,2,0.0,0,0,2,0,0
म्ब्व्,mbv,mbv,2,0.0,1,0,1,0,0
त्श्री,tśrī,tSrI,2,0.0,0,0,1,0,1
ग्भै,gbhai,gBE,2,0.0,0,1,0,1,0
र्श्वाः,rśvāḥ,rSvAH,2,0.0,0,1,1,0,0
ल्गुं,lguṃ,lguM,2,0.0,0,2,0,0,0
त्प्रु,tpru,tpru,2,0.0,2,0,0,0,0
प्यौं,pyauṃ,pyOM,2,0.0,2,0,0,0,0
र्त्वं,rtvaṃ,rtvaM,2,0.0,2,0,0,0,0
प्स्निः,psniḥ,psniH,2,0.0,2,0,0,0,0
म्भ्य्,mbhy,mBy,2,0.0,2,0,0,0,0
ह्व्य्,hvy,hvy,2,0.0,2,0,0,0,0
लूः,lūḥ,lUH,2,0.0,2,0,0,0,0
श्व्यो,śvyo,Svyo,2,0.0,2,0,0,0,0
घ्न्यां,ghnyāṃ,GnyAM,2,0.0,2,0,0,0,0
घ्न्यै,ghnyai,GnyE,2,0.0,1,1,0,0,0
न्ध्य्,ndhy,nDy,2,0.0,1,0,1,0,0
र्त्सा,rtsā,rtsA,2,0.0,1,1,0,0,0
ऐः,aiḥ,EH,2,0.0,2,0,0,0,0
र्ष्योः,rṣyoḥ,rzyoH,2,0.0,1,1,0,0,0
र्ष्ण्योः,rṣṇyoḥ,rzRyoH,2,0.0,1,0,1,0,0
क्ष्म्यो,kṣmyo,kzmyo,2,0.0,1,0,1,0,0
र्ध्नीः,rdhnīḥ,rDnIH,2,0.0,2,0,0,0,0
श्चीः,ścīḥ,ScIH,2,0.0,2,0,0,0,0
छ्वा,chvā,CvA,2,0.0,1,0,0,1,0
ड्ढ्वं,ḍḍhvaṃ,qQvaM,2,0.0,1,1,0,0,0
र्शुं,rśuṃ,rSuM,2,0.0,2,0,0,0,0
ल्ग्व्,lgv,lgv,2,0.0,2,0,0,0,0
म्पिं,mpiṃ,mpiM,2,0.0,2,0,0,0,0
श्र्वै,śrvai,SrvE,2,0.0,1,0,0,1,0
भ्वीः,bhvīḥ,BvIH,2,0.0,2,0,0,0,0
द्भ्वीः,dbhvīḥ,dBvIH,2,0.0,2,0,0,0,0
ध्नां,dhnāṃ,DnAM,2,0.0,1,0,0,0,1
ग्घ्र,gghra,gGra,2,0.0,0,2,0,0,0
र्णोः,rṇoḥ,rRoH,2,0.0,1,1,0,0,0
ङ्सि,ṅsi,Nsi,2,0.0,0,2,0,0,0
ङ्भ्यां,ṅbhyāṃ,NByAM,2,0.0,0,2,0,0,0
च्वि,cvi,cvi,2,0.0,0,1,0,1,0
ङ्ख्याः,ṅkhyāḥ,NKyAH,2,0.0,0,2,0,0,0
ञ्वि,ñvi,Yvi,2,0.0,0,2,0,0,0
च्त,cta,cta,2,0.0,0,2,0,0,0
र्थ्यौ,rthyau,rTyO,2,0.0,0,1,0,0,1
ञ्क,ñka,Yka,2,0.0,0,2,0,0,0
न्शा,nśā,nSA,2,0.0,0,2,0,0,0
ज्भ्यः,jbhyaḥ,jByaH,2,0.0,1,1,0,0,0
न्क्व,nkva,nkva,2,0.0,0,1,0,1,0
ङ्धा,ṅdhā,NDA,2,0.0,0,2,0,0,0
ञ्नि,ñni,Yni,2,0.0,0,2,0,0,0
क्स्नुः,ksnuḥ,ksnuH,2,0.0,0,1,1,0,0
क्नुः,knuḥ,knuH,2,0.0,0,1,1,0,0
ल्वोः,lvoḥ,lvoH,2,0.0,0,2,0,0,0
ङ्लो,ṅlo,Nlo,2,0.0,0,2,0,0,0
ङ्ल,ṅla,Nla,2,0.0,0,2,0,0,0
स्ङ,sṅa,sNa,2,0.0,0,2,0,0,0
क्फि,kphi,kPi,2,0.0,0,2,0,0,0
च्फ,cpha,cPa,2,0.0,0,2,0,0,0
ड्ड्यौ,ḍḍyau,qqyO,2,0.0,0,2,0,0,0
ण्क,ṇka,Rka,2,0.0,0,2,0,0,0
क्ठ,kṭha,kWa,2,0.0,0,2,0,0,0
क्छौ,kchau,kCO,2,0.0,0,1,1,0,0
ठौ,ṭhau,WO,2,0.0,0,2,0,0,0
द्यृ,dyṛ,dyf,2,0.0,0,2,0,0,0
त्खौ,tkhau,tKO,2,0.0,0,2,0,0,0
क्क्री,kkrī,kkrI,2,0.0,0,1,0,0,1
क्स्त्रि,kstri,kstri,2,0.0,0,1,0,1,0
च्विः,cviḥ,cviH,2,0.0,0,1,0,0,1
श्लौ,ślau,SlO,2,0.0,0,2,0,0,0
ड्भ्यां,ḍbhyāṃ,qByAM,2,0.0,0,1,0,0,1
च्का,ckā,ckA,2,0.0,0,1,0,1,0
ड्ब्रु,ḍbru,qbru,2,0.0,0,1,1,0,0
ङौ,ṅau,NO,2,0.0,0,2,0,0,0
ञ्चेः,ñceḥ,YceH,2,0.0,0,2,0,0,0
य्,y,y,2,0.0,0,2,0,0,0
ओः,oḥ,oH,2,0.0,0,2,0,0,0
ञू,ñū,YU,2,0.0,0,1,0,1,0
स्ज,sja,sja,2,0.0,0,2,0,0,0
भ्म,bhma,Bma,2,0.0,1,1,0,0,0
दॄ,dṝ,dF,2,0.0,0,2,0,0,0
स्कोः,skoḥ,skoH,2,0.0,0,1,1,0,0
र्च्छि,rcchi,rcCi,2,0.0,0,1,1,0,0
र्छु,rchu,rCu,2,0.0,0,2,0,0,0
म्वि,mvi,mvi,2,0.0,0,2,0,0,0
च्प,cpa,cpa,2,0.0,0,1,1,0,0
श्चुः,ścuḥ,ScuH,2,0.0,1,1,0,0,0
र्त्वी,rtvī,rtvI,2,0.0,1,0,1,0,0
ट्क्षु,ṭkṣu,wkzu,2,0.0,0,0,1,1,0
ट्श्ले,ṭśle,wSle,2,0.0,0,1,1,0,0
ट्क्ल,ṭkla,wkla,2,0.0,0,0,2,0,0
प्युः,pyuḥ,pyuH,2,0.0,1,0,1,0,0
घ्र्यौ,ghryau,GryO,2,0.0,0,0,2,0,0
क्त्यू,ktyū,ktyU,2,0.0,0,1,1,0,0
क्क्षु,kkṣu,kkzu,2,0.0,0,0,2,0,0
र्श्यो,rśyo,rSyo,2,0.0,0,0,1,1,0
ट्टौ,ṭṭau,wwO,2,0.0,0,0,2,0,0
ग्ब्रु,gbru,gbru,2,0.0,0,0,2,0,0
स्नाः,snāḥ,snAH,2,0.0,1,0,1,0,0
ण्ड्रौ,ṇḍrau,RqrO,2,0.0,0,0,1,1,0
र्ष्यः,rṣyaḥ,rzyaH,2,0.0,0,0,1,1,0
व्नि,vni,vni,2,0.0,1,0,1,0,0
र्छै,rchai,rCE,2,0.0,0,0,2,0,0
र्छः,rchaḥ,rCaH,2,0.0,0,0,1,1,0
ड्भ्रं,ḍbhraṃ,qBraM,2,0.0,0,0,1,1,0
क्फे,kphe,kPe,2,0.0,0,0,1,1,0
ञ्छ्ले,ñchle,YCle,2,0.0,0,0,1,1,0
ट्स्फो,ṭspho,wsPo,2,0.0,0,0,2,0,0
द्गैः,dgaiḥ,dgEH,2,0.0,0,0,2,0,0
च्छ्लै,cchlai,cClE,2,0.0,0,0,2,0,0
क्थ्नोः,kthnoḥ,kTnoH,2,0.0,0,0,1,1,0
र्ध्मो,rdhmo,rDmo,2,0.0,0,0,2,0,0
ह्म्यै,hmyai,hmyE,2,0.0,0,0,1,1,0
ङ्ग्वि,ṅgvi,Ngvi,2,0.0,0,0,2,0,0
र्त्मै,rtmai,rtmE,2,0.0,0,0,1,1,0
क्योः,kyoḥ,kyoH,2,0.0,1,0,1,0,0
ग्र्वा,grvā,grvA,2,0.0,0,0,2,0,0
ट्वो,ṭvo,wvo,2,0.0,0,0,2,0,0
र्क्ष्यैः,rkṣyaiḥ,rkzyEH,2,0.0,0,0,2,0,0
क्श्ले,kśle,kSle,2,0.0,0,0,1,1,0
ढ्रौ,ḍhrau,QrO,2,0.0,0,0,1,1,0
स्कैः,skaiḥ,skEH,2,0.0,0,1,1,0,0
र्ज्यैः,rjyaiḥ,rjyEH,2,0.0,0,1,1,0,0
र्त्स्न्य,rtsnya,rtsnya,2,0.0,1,0,1,0,0
त्त्र्यां,ttryāṃ,ttryAM,2,0.0,1,0,0,1,0
ब्ध्वो,bdhvo,bDvo,2,0.0,2,0,0,0,0
र्भ्वां,rbhvāṃ,rBvAM,2,0.0,1,1,0,0,0
स्पी,spī,spI,2,0.0,2,0,0,0,0
प्थाः,pthāḥ,pTAH,2,0.0,2,0,0,0,0
ल्शे,lśe,lSe,2,0.0,2,0,0,0,0
न्द्रिः,ndriḥ,ndriH,2,0.0,1,1,0,0,0
ज्झे,jjhe,jJe,2,0.0,1,0,1,0,0
र्ष्यै,rṣyai,rzyE,2,0.0,2,0,0,0,0
ङ्घ्र,ṅghra,NGra,2,0.0,0,0,0,2,0
ङ्क्था,ṅkthā,NkTA,2,0.0,1,0,0,1,0
ङ्घ्र्य,ṅghrya,NGrya,2,0.0,0,0,0,2,0
भ्र्वा,bhrvā,BrvA,2,0.0,0,0,0,2,0
ङ्घ्रेः,ṅghreḥ,NGreH,2,0.0,0,0,1,1,0
ङ्नृ,ṅnṛ,Nnf,2,0.0,0,0,0,2,0
च्छ्रीः,cchrīḥ,cCrIH,2,0.0,1,0,0,1,0
ङ्क्ष्म,ṅkṣma,Nkzma,2,0.0,0,0,1,1,0
र्धिं,rdhiṃ,rDiM,2,0.0,0,0,1,1,0
र्क्ये,rkye,rkye,2,0.0,1,0,0,1,0
ण्वीं,ṇvīṃ,RvIM,2,0.0,1,0,0,1,0
ड्भु,ḍbhu,qBu,2,0.0,0,1,0,1,0
र्थ्य्,rthy,rTy,2,0.0,0,1,0,1,0
प्नी,pnī,pnI,2,0.0,0,0,0,2,0
न्शि,nśi,nSi,2,0.0,0,1,0,1,0
न्स्त,nsta,nsta,2,0.0,1,0,0,1,0
च्ञां,cñāṃ,cYAM,2,0.0,0,1,0,1,0
न्श्रे,nśre,nSre,2,0.0,0,1,0,1,0
ङ्क्ष्या,ṅkṣyā,NkzyA,2,0.0,0,0,1,1,0
न्खे,nkhe,nKe,2,0.0,0,0,0,2,0
न्ज्ञा,njñā,njYA,2,0.0,0,0,0,2,0
स्म्यू,smyū,smyU,2,0.0,0,1,0,1,0
न्श्ल,nśla,nSla,2,0.0,0,0,1,1,0
च्छ्रैः,cchraiḥ,cCrEH,2,0.0,1,0,0,1,0
म्ब्य्,mby,mby,2,0.0,0,0,0,2,0
प्त्वां,ptvāṃ,ptvAM,2,0.0,2,0,0,0,0
स्फ्यां,sphyāṃ,sPyAM,2,0.0,2,0,0,0,0
ष्ठोः,ṣṭhoḥ,zWoH,2,0.0,2,0,0,0,0
ङ्क्यं,ṅkyaṃ,NkyaM,2,0.0,2,0,0,0,0
ङ्क्त्यौ,ṅktyau,NktyO,2,0.0,2,0,0,0,0
न्सै,nsai,nsE,2,0.0,0,0,1,1,0
ल्गा,lgā,lgA,2,0.0,0,1,0,1,0
ण्ड्यै,ṇḍyai,RqyE,2,0.0,0,0,1,1,0
र्म्ले,rmle,rmle,2,0.0,0,0,1,1,0
द्द्रौ,ddrau,ddrO,2,0.0,0,0,0,2,0
न्क्रु,nkru,nkru,2,0.0,0,0,1,1,0
ञ्शौ,ñśau,YSO,2,0.0,0,1,0,1,0
न्स्नि,nsni,nsni,2,0.0,0,0,0,2,0
र्ङ्गो,rṅgo,rNgo,2,0.0,0,0,1,1,0
ह्नीं,hnīṃ,hnIM,2,0.0,0,0,0,2,0
ल्यृ,lyṛ,lyf,2,0.0,0,0,1,0,1
त्प्रौ,tprau,tprO,2,0.0,0,0,1,0,1
न्पो,npo,npo,2,0.0,0,0,0,1,1
र्त्तः,rttaḥ,rttaH,2,0.0,0,0,0,0,2
घुं,ghuṃ,GuM,2,0.0,0,0,1,1,0
म्ब्वाः,mbvāḥ,mbvAH,2,0.0,0,2,0,0,0
च्छ्लि,cchli,cCli,2,0.0,0,1,1,0,0
म्ब्वि,mbvi,mbvi,2,0.0,0,2,0,0,0
प्लें,pleṃ,pleM,2,0.0,0,0,0,2,0
प्रीं,prīṃ,prIM,2,0.0,0,0,0,2,0
ञ्ज्युः,ñjyuḥ,YjyuH,2,0.0,2,0,0,0,0
ण्टेः,ṇṭeḥ,RweH,2,0.0,2,0,0,0,0
श्येः,śyeḥ,SyeH,2,0.0,2,0,0,0,0
ज्ज्यं,jjyaṃ,jjyaM,2,0.0,1,0,1,0,0
र्कुः,rkuḥ,rkuH,2,0.0,2,0,0,0,0
त्थेः,ttheḥ,tTeH,2,0.0,2,0,0,0,0
प्नौ,pnau,pnO,2,0.0,1,0,1,0,0
त्प्रै,tprai,tprE,2,0.0,1,0,1,0,0
र्छाः,rchāḥ,rCAH,2,0.0,0,0,2,0,0
ण्णै,ṇṇai,RRE,2,0.0,0,0,2,0,0
क्क्लि,kkli,kkli,2,0.0,0,0,1,0,1
ष्क्रे,ṣkre,zkre,2,0.0,1,0,1,0,0
म्पै,mpai,mpE,2,0.0,0,1,1,0,0
ण्ठैः,ṇṭhaiḥ,RWEH,2,0.0,0,1,1,0,0
ङ्क्षै,ṅkṣai,NkzE,2,0.0,0,1,1,0,0
न्थैः,nthaiḥ,nTEH,2,0.0,0,0,2,0,0
द्र्ये,drye,drye,2,0.0,0,0,1,1,0
द्द्यौ,ddyau,ddyO,2,0.0,0,0,2,0,0
त्स्वी,tsvī,tsvI,2,0.0,0,0,2,0,0
र्बृं,rbṛṃ,rbfM,2,0.0,0,2,0,0,0
न्ग्री,ngrī,ngrI,2,0.0,0,1,1,0,0
बैः,baiḥ,bEH,2,0.0,0,1,0,1,0
झ्य,jhya,Jya,2,0.0,0,1,1,0,0
ल्प्यः,lpyaḥ,lpyaH,2,0.0,1,1,0,0,0
र्ख्य,rkhya,rKya,2,0.0,0,1,0,1,0
र्ब्रु,rbru,rbru,2,0.0,1,1,0,0,0
र्व्यै,rvyai,rvyE,2,0.0,0,1,0,1,0
ब्गु,bgu,bgu,2,0.0,0,1,0,1,0
र्ध्वौ,rdhvau,rDvO,2,0.0,1,1,0,0,0
ञ्छ्ल,ñchla,YCla,2,0.0,0,1,1,0,0
ङ्गोः,ṅgoḥ,NgoH,2,0.0,0,1,0,1,0
घीं,ghīṃ,GIM,2,0.0,0,2,0,0,0
च्प्र,cpra,cpra,2,0.0,0,0,1,0,1
ङ्ग्ये,ṅgye,Ngye,2,0.0,0,0,2,0,0
श्छु,śchu,SCu,2,0.0,0,0,1,1,0
र्व्वे,rvve,rvve,2,0.0,0,0,0,0,2
क्सिं,ksiṃ,ksiM,2,0.0,0,0,2,0,0
स्की,skī,skI,2,0.0,0,0,1,0,1
र्क्यो,rkyo,rkyo,2,0.0,0,0,2,0,0
क्स्तु,kstu,kstu,2,0.0,1,0,0,1,0
क्स्तो,ksto,ksto,2,0.0,2,0,0,0,0
र्ष्ण्यौ,rṣṇyau,rzRyO,2,0.0,2,0,0,0,0
उं,uṃ,uM,2,0.0,0,0,0,2,0
क्क्रा,kkrā,kkrA,2,0.0,0,0,1,1,0
तें,teṃ,teM,2,0.0,0,0,0,2,0
रैं,raiṃ,rEM,2,0.0,0,0,0,1,1
स्कीं,skīṃ,skIM,2,0.0,0,0,0,1,1
वूं,vūṃ,vUM,2,0.0,0,0,0,1,1
वौं,vauṃ,vOM,2,0.0,0,0,0,1,1
ष्ट्यू,ṣṭyū,zwyU,2,0.0,0,0,0,2,0
न्बि,nbi,nbi,2,0.0,1,0,0,1,0
न्विं,nviṃ,nviM,2,0.0,0,0,1,1,0
ड्वं,ḍvaṃ,qvaM,2,0.0,0,0,1,1,0
न्हं,nhaṃ,nhaM,2,0.0,0,0,1,1,0
द्गौः,dgauḥ,dgOH,2,0.0,0,0,0,1,1
द्घ्न,dghna,dGna,2,0.0,1,0,0,1,0
ट्छू,ṭchū,wCU,2,0.0,0,0,1,1,0
गों,goṃ,goM,2,0.0,0,0,0,2,0
ष्मू,ṣmū,zmU,2,0.0,0,1,0,1,0
न्क्षो,nkṣo,nkzo,2,0.0,0,0,0,2,0
प्पू,ppū,ppU,2,0.0,2,0,0,0,0
त्त्याः,ttyāḥ,ttyAH,2,0.0,2,0,0,0,0
ग्घ्यु,gghyu,gGyu,2,0.0,1,0,0,0,1
ञ्झी,ñjhī,YJI,2,0.0,0,0,0,1,1
छिं,chiṃ,CiM,2,0.0,0,0,0,0,2
र्ध्वै,rdhvai,rDvE,2,0.0,1,1,0,0,0
र्प्याः,rpyāḥ,rpyAH,2,0.0,1,0,1,0,0
ण्ट्वा,ṇṭvā,RwvA,2,0.0,0,0,0,0,2
र्व्व्या,rvvyā,rvvyA,2,0.0,0,0,0,2,0
र्म्मं,rmmaṃ,rmmaM,2,0.0,0,0,0,2,0
ङ्ख्यां,ṅkhyāṃ,NKyAM,2,0.0,0,0,1,0,1
ह्म्ये,hmye,hmye,2,0.0,0,0,1,0,1
र्खौ,rkhau,rKO,2,0.0,0,0,2,0,0
ण्टै,ṇṭai,RwE,2,0.0,0,0,1,1,0
घ्र्ये,ghrye,Grye,2,0.0,0,0,2,0,0
त्स्फी,tsphī,tsPI,2,0.0,0,0,2,0,0
ङ्नी,ṅnī,NnI,2,0.0,0,0,1,1,0
र्त्ती,rttī,rttI,2,0.0,1,0,1,0,0
ष्यी,ṣyī,zyI,2,0.0,0,0,1,1,0
ण्ढ्रे,ṇḍhre,RQre,2,0.0,0,0,1,0,1
ण्ढ्रा,ṇḍhrā,RQrA,2,0.0,0,0,1,0,1
म्भ्ये,mbhye,mBye,2,0.0,1,0,0,1,0
ऌ,ḷ,x,2,0.0,2,0,0,0,0
प्मे,pme,pme,2,0.0,2,0,0,0,0
ष्खा,ṣkhā,zKA,2,0.0,2,0,0,0,0
ड्ढ्यृ,ḍḍhyṛ,qQyf,2,0.0,2,0,0,0,0
क्त्यः,ktyaḥ,ktyaH,2,0.0,1,1,0,0,0
त्थिं,tthiṃ,tTiM,2,0.0,2,0,0,0,0
प्मं,pmaṃ,pmaM,2,0.0,2,0,0,0,0
ष्ष्टु,ṣṣṭu,zzwu,2,0.0,2,0,0,0,0
ङ्ग्ध्व,ṅgdhva,NgDva,2,0.0,2,0,0,0,0
ञ्छ्यै,ñchyai,YCyE,2,0.0,2,0,0,0,0
डिं,ḍiṃ,qiM,2,0.0,0,0,0,2,0
ज्ञ्यो,jñyo,jYyo,2,0.0,0,0,0,2,0
न्म्या,nmyā,nmyA,2,0.0,0,1,0,1,0
ञ्छ्य,ñchya,YCya,2,0.0,0,0,0,2,0
श्र्व,śrva,Srva,2,0.0,0,1,0,1,0
ङ्घ्यां,ṅghyāṃ,NGyAM,2,0.0,0,0,1,1,0
च्छ्यो,cchyo,cCyo,2,0.0,1,0,0,1,0
ङ्गिः,ṅgiḥ,NgiH,2,0.0,0,1,0,1,0
र्क्यै,rkyai,rkyE,2,0.0,0,0,0,2,0
च्छुं,cchuṃ,cCuM,2,0.0,0,0,0,2,0
न्स्वां,nsvāṃ,nsvAM,2,0.0,1,0,0,1,0
हों,hoṃ,hoM,2,0.0,1,0,0,0,1
र्भ्यू,rbhyū,rByU,2,0.0,2,0,0,0,0
ङ्कूं,ṅkūṃ,NkUM,2,0.0,2,0,0,0,0
र्द्दि,rddi,rddi,2,0.0,1,0,0,1,0
ध्माः,dhmāḥ,DmAH,2,0.0,1,1,0,0,0
भ्रीः,bhrīḥ,BrIH,2,0.0,0,0,0,0,2
स्पां,spāṃ,spAM,2,0.0,0,0,0,0,2
र्म्यैः,rmyaiḥ,rmyEH,2,0.0,1,0,0,0,1
ङ्प्रे,ṅpre,Npre,2,0.0,2,0,0,0,0
न्त्ते,ntte,ntte,2,0.0,1,0,0,0,1
ल्फां,lphāṃ,lPAM,2,0.0,0,0,0,1,1
क्स्मृ,ksmṛ,ksmf,2,0.0,0,1,1,0,0
न्द्र्यं,ndryaṃ,ndryaM,2,0.0,2,0,0,0,0
ल्ब्याः,lbyāḥ,lbyAH,2,0.0,2,0,0,0,0
र्त्न्यो,rtnyo,rtnyo,2,0.0,2,0,0,0,0
ड्जं,ḍjaṃ,qjaM,2,0.0,0,0,1,1,0
ब्दी,bdī,bdI,2,0.0,1,0,1,0,0
प्रेः,preḥ,preH,2,0.0,1,0,1,0,0
ल्भि,lbhi,lBi,2,0.0,1,1,0,0,0
प्त्वौ,ptvau,ptvO,2,0.0,2,0,0,0,0
श्न्या,śnyā,SnyA,2,0.0,2,0,0,0,0
त्तोः,ttoḥ,ttoH,2,0.0,2,0,0,0,0
र्ज्य्,rjy,rjy,2,0.0,2,0,0,0,0
प्चि,pci,pci,2,0.0,1,0,0,0,1
स्सी,ssī,ssI,2,0.0,1,0,1,0,0
ब्ले,ble,ble,2,0.0,1,0,0,0,1
ण्ढै,ṇḍhai,RQE,2,0.0,0,0,1,1,0
स्त्र्ये,strye,strye,2,0.0,0,0,1,1,0
भ्रीं,bhrīṃ,BrIM,2,0.0,0,0,2,0,0
ट्यै,ṭyai,wyE,2,0.0,0,0,1,1,0
ह्र्य,hrya,hrya,2,0.0,0,2,0,0,0
ल्प्याः,lpyāḥ,lpyAH,2,0.0,1,0,1,0,0
ल्पुः,lpuḥ,lpuH,2,0.0,0,0,2,0,0
ञ्च्याः,ñcyāḥ,YcyAH,2,0.0,0,0,1,1,0
न्ध्रु,ndhru,nDru,2,0.0,0,0,1,0,1
न्ग्रा,ngrā,ngrA,2,0.0,0,0,2,0,0
न्से,nse,nse,2,0.0,0,0,2,0,0
श्चौं,ścauṃ,ScOM,2,0.0,0,0,2,0,0
द्धुः,ddhuḥ,dDuH,2,0.0,1,0,1,0,0
र्जुः,rjuḥ,rjuH,2,0.0,0,0,2,0,0
ड्भू,ḍbhū,qBU,2,0.0,0,1,1,0,0
क्स्फो,kspho,ksPo,2,0.0,0,0,1,1,0
र्प्यां,rpyāṃ,rpyAM,2,0.0,0,2,0,0,0
त्स्वृ,tsvṛ,tsvf,2,0.0,0,2,0,0,0
थ्वं,thvaṃ,TvaM,2,0.0,0,2,0,0,0
क्शौ,kśau,kSO,2,0.0,0,1,0,1,0
श्विं,śviṃ,SviM,2,0.0,1,1,0,0,0
ब्ये,bye,bye,2,0.0,0,2,0,0,0
ट्शी,ṭśī,wSI,2,0.0,0,1,0,1,0
म्बूं,mbūṃ,mbUM,2,0.0,0,1,0,0,1
ङ्मै,ṅmai,NmE,2,0.0,0,1,1,0,0
न्ध्र्याः,ndhryāḥ,nDryAH,2,0.0,0,2,0,0,0
न्ध्र्यु,ndhryu,nDryu,2,0.0,0,2,0,0,0
र्ध्यैः,rdhyaiḥ,rDyEH,2,0.0,0,2,0,0,0
म्प्यौ,mpyau,mpyO,2,0.0,0,2,0,0,0
र्ह्यौ,rhyau,rhyO,2,0.0,0,2,0,0,0
ष्कुं,ṣkuṃ,zkuM,2,0.0,0,2,0,0,0
ङ्क्यो,ṅkyo,Nkyo,2,0.0,0,1,0,1,0
ल्मीं,lmīṃ,lmIM,2,0.0,0,2,0,0,0
न्पुं,npuṃ,npuM,2,0.0,0,1,0,1,0
न्स्पृ,nspṛ,nspf,2,0.0,0,1,1,0,0
ग्णाः,gṇāḥ,gRAH,2,0.0,0,2,0,0,0
क्थां,kthāṃ,kTAM,2,0.0,0,2,0,0,0
र्ष्टीः,rṣṭīḥ,rzwIH,2,0.0,0,2,0,0,0
ष्टॄ,ṣṭṝ,zwF,2,0.0,0,1,0,1,0
ड्राः,ḍrāḥ,qrAH,2,0.0,0,2,0,0,0
ट्छि,ṭchi,wCi,2,0.0,0,1,1,0,0
ब्दु,bdu,bdu,2,0.0,0,2,0,0,0
ग्जं,gjaṃ,gjaM,2,0.0,0,1,0,1,0
द्धीं,ddhīṃ,dDIM,2,0.0,0,1,0,1,0
ग्भो,gbho,gBo,2,0.0,0,1,0,1,0
ञ्श्म,ñśma,YSma,2,0.0,0,1,1,0,0
ञ्ज्यां,ñjyāṃ,YjyAM,2,0.0,0,1,0,1,0
लूं,lūṃ,lUM,2,0.0,0,1,0,0,1
प्च्छ,pccha,pcCa,2,0.0,2,0,0,0,0
ब्भिः,bbhiḥ,bBiH,2,0.0,2,0,0,0,0
न्द्धा,nddhā,ndDA,2,0.0,2,0,0,0,0
न्त्र्य्,ntry,ntry,2,0.0,2,0,0,0,0
ङ्क्ष्ण,ṅkṣṇa,NkzRa,2,0.0,2,0,0,0,0
भ्लु,bhlu,Blu,2,0.0,2,0,0,0,0
द्दृं,ddṛṃ,ddfM,2,0.0,2,0,0,0,0
घ्मा,ghmā,GmA,2,0.0,2,0,0,0,0
र्ध्नी,rdhnī,rDnI,2,0.0,2,0,0,0,0
नॄं,nṝṃ,nFM,2,0.0,2,0,0,0,0
ञ्शिं,ñśiṃ,YSiM,2,0.0,2,0,0,0,0
म्वी,mvī,mvI,2,0.0,2,0,0,0,0
घ्रिः,ghriḥ,GriH,2,0.0,2,0,0,0,0
क्छा,kchā,kCA,2,0.0,0,1,1,0,0
ग्धिः,gdhiḥ,gDiH,2,0.0,0,1,0,1,0
क्स्ने,ksne,ksne,2,0.0,0,0,1,1,0
न्क्रि,nkri,nkri,2,0.0,0,1,1,0,0
न्भौ,nbhau,nBO,2,0.0,0,0,2,0,0
र्दैः,rdaiḥ,rdEH,2,0.0,0,0,2,0,0
ज्रां,jrāṃ,jrAM,2,0.0,0,0,1,1,0
ड्बु,ḍbu,qbu,2,0.0,0,0,1,0,1
र्त्ताः,rttāḥ,rttAH,2,0.0,0,0,2,0,0
थ्व्यो,thvyo,Tvyo,2,0.0,0,0,2,0,0
ङ्ङु,ṅṅu,NNu,2,0.0,2,0,0,0,0
ज्ज्वे,jjve,jjve,2,0.0,1,1,0,0,0
ङ्क्षुः,ṅkṣuḥ,NkzuH,2,0.0,2,0,0,0,0
ब्बृ,bbṛ,bbf,2,0.0,0,0,0,1,1
क्त्र्या,ktryā,ktryA,2,0.0,1,0,0,1,0
स्मू,smū,smU,2,0.0,0,0,2,0,0
त्त्योः,ttyoḥ,ttyoH,2,0.0,0,1,0,1,0
ञ्झ,ñjha,YJa,2,0.0,0,0,1,1,0
न्स्वं,nsvaṃ,nsvaM,2,0.0,0,0,1,0,1
ऋं,ṛṃ,fM,2,0.0,0,0,0,0,2
ॠं,ṝṃ,FM,2,0.0,0,0,0,0,2
क्क्षे,kkṣe,kkze,2,0.0,0,0,0,2,0
ध्नै,dhnai,DnE,2,0.0,2,0,0,0,0
र्त्नि,rtni,rtni,2,0.0,2,0,0,0,0
द्द्या,ddyā,ddyA,2,0.0,1,0,0,0,1
ष्ट्र्यो,ṣṭryo,zwryo,2,0.0,2,0,0,0,0
श्च्यं,ścyaṃ,ScyaM,2,0.0,2,0,0,0,0
म्मं,mmaṃ,mmaM,2,0.0,2,0,0,0,0
त्व्यो,tvyo,tvyo,2,0.0,2,0,0,0,0
चौं,cauṃ,cOM,2,0.0,0,0,1,0,1
त्त्र्यू,ttryū,ttryU,2,0.0,0,0,0,2,0
ड्लि,ḍli,qli,2,0.0,0,0,0,1,1
ह्णिं,hṇiṃ,hRiM,2,0.0,0,0,0,2,0
ण्ढ्यं,ṇḍhyaṃ,RQyaM,2,0.0,0,0,0,2,0
वृं,vṛṃ,vfM,2,0.0,0,0,0,2,0
त्स्युः,tsyuḥ,tsyuH,2,0.0,0,0,0,2,0
त्स्त्या,tstyā,tstyA,2,0.0,0,0,0,2,0
र्द्ये,rdye,rdye,2,0.0,0,0,0,2,0
ल्ल्यं,llyaṃ,llyaM,2,0.0,0,0,1,1,0
ब्रि,bri,bri,2,0.0,0,0,0,0,2
ञ्ज्याः,ñjyāḥ,YjyAH,2,0.0,0,0,0,2,0
ट्कि,ṭki,wki,2,0.0,0,0,0,2,0
क्रौं,krauṃ,krOM,2,0.0,0,0,0,2,0
ङ्प्र,ṅpra,Npra,2,0.0,0,0,1,1,0
घ्वि,ghvi,Gvi,2,0.0,0,0,0,2,0
ध्वौ,dhvau,DvO,2,0.0,0,2,0,0,0
ञ्श्री,ñśrī,YSrI,2,0.0,0,1,1,0,0
र्त्वो,rtvo,rtvo,2,0.0,1,1,0,0,0
त्त्राः,ttrāḥ,ttrAH,2,0.0,0,1,0,1,0
द्यि,dyi,dyi,2,0.0,1,0,0,0,1
ष्ठीः,ṣṭhīḥ,zWIH,2,0.0,0,1,0,1,0
त्तॄ,ttṝ,ttF,2,0.0,0,1,0,1,0
म्पाः,mpāḥ,mpAH,2,0.0,0,0,1,0,1
र्व्णि,rvṇi,rvRi,2,0.0,0,0,0,0,2
न्ख्या,nkhyā,nKyA,2,0.0,0,0,0,1,1
र्ग्यु,rgyu,rgyu,2,0.0,0,0,2,0,0
घ्व्यः,ghvyaḥ,GvyaH,2,0.0,0,0,2,0,0
क्थ्ना,kthnā,kTnA,2,0.0,0,0,2,0,0
च्छ्ली,cchlī,cClI,2,0.0,0,0,2,0,0
क्थिं,kthiṃ,kTiM,2,0.0,0,0,2,0,0
म्ब्वो,mbvo,mbvo,2,0.0,0,0,2,0,0
ञ्छ्वि,ñchvi,YCvi,2,0.0,1,0,1,0,0
त्म्यां,tmyāṃ,tmyAM,2,0.0,0,0,2,0,0
म्यू,myū,myU,2,0.0,0,0,1,1,0
भूं,bhūṃ,BUM,2,0.0,1,0,1,0,0
ड्रू,ḍrū,qrU,2,0.0,0,0,1,1,0
प्स्वः,psvaḥ,psvaH,2,0.0,2,0,0,0,0
छ्यै,chyai,CyE,2,0.0,2,0,0,0,0
ङ्क्,ṅk,Nk,2,0.0,2,0,0,0,0
र्धीः,rdhīḥ,rDIH,2,0.0,2,0,0,0,0
द्ध्यं,ddhyaṃ,dDyaM,2,0.0,0,1,0,1,0
त्पौं,tpauṃ,tpOM,2,0.0,0,0,0,2,0
ठिः,ṭhiḥ,WiH,2,0.0,1,0,0,1,0
स्व्या,svyā,svyA,2,0.0,1,0,0,1,0
खें,kheṃ,KeM,2,0.0,0,0,0,0,2
रौं,rauṃ,rOM,2,0.0,0,0,0,0,2
छुं,chuṃ,CuM,2,0.0,0,0,0,0,2
स्फुं,sphuṃ,sPuM,2,0.0,0,0,0,0,2
स्फः,sphaḥ,sPaH,2,0.0,0,0,0,0,2
स्त्यृ,styṛ,styf,2,0.0,2,0,0,0,0
ष्ष्व्,ṣṣv,zzv,2,0.0,2,0,0,0,0
च्छ्वै,cchvai,cCvE,2,0.0,1,1,0,0,0
ज्झः,jjhaḥ,jJaH,2,0.0,1,0,1,0,0
त्वों,tvoṃ,tvoM,2,0.0,2,0,0,0,0
ज्ज्यै,jjyai,jjyE,2,0.0,1,0,1,0,0
थ्वीः,thvīḥ,TvIH,2,0.0,1,0,1,0,0
म्भ्यै,mbhyai,mByE,2,0.0,2,0,0,0,0
ष्ण्वः,ṣṇvaḥ,zRvaH,2,0.0,2,0,0,0,0
क्णाः,kṇāḥ,kRAH,2,0.0,2,0,0,0,0
ज्र्या,jryā,jryA,2,0.0,1,0,0,1,0
र्डो,rḍo,rqo,2,0.0,0,0,0,2,0
र्क्षः,rkṣaḥ,rkzaH,2,0.0,2,0,0,0,0
खिं,khiṃ,KiM,2,0.0,2,0,0,0,0
न्द्य्,ndy,ndy,2,0.0,2,0,0,0,0
र्त्न्या,rtnyā,rtnyA,2,0.0,2,0,0,0,0
स्म्यं,smyaṃ,smyaM,2,0.0,2,0,0,0,0
र्त्र्या,rtryā,rtryA,2,0.0,2,0,0,0,0
न्च,nca,nca,2,0.0,2,0,0,0,0
ग्घै,gghai,gGE,2,0.0,2,0,0,0,0
ङ्ङे,ṅṅe,NNe,2,0.0,2,0,0,0,0
त्नुं,tnuṃ,tnuM,2,0.0,2,0,0,0,0
क्यि,kyi,kyi,2,0.0,2,0,0,0,0
ग्घ्य,gghya,gGya,2,0.0,2,0,0,0,0
प्त्रै,ptrai,ptrE,2,0.0,2,0,0,0,0
श्विः,śviḥ,SviH,2,0.0,2,0,0,0,0
ब्वी,bvī,bvI,2,0.0,2,0,0,0,0
न्त्सो,ntso,ntso,2,0.0,2,0,0,0,0
न्त्त्वा,nttvā,nttvA,2,0.0,2,0,0,0,0
र्ध्वैः,rdhvaiḥ,rDvEH,2,0.0,2,0,0,0,0
ङै,ṅai,NE,2,0.0,2,0,0,0,0
ङ्ज,ṅja,Nja,2,0.0,0,2,0,0,0
र्ज्ज,rjja,rjja,2,0.0,0,0,0,2,0
र्द्ध्वा,rddhvā,rdDvA,2,0.0,0,0,0,2,0
ग्जै,gjai,gjE,2,0.0,0,0,0,2,0
बुः,buḥ,buH,2,0.0,1,0,0,0,1
क्र्योः,kryoḥ,kryoH,2,0.0,2,0,0,0,0
ग्म्य,gmya,gmya,2,0.0,2,0,0,0,0
प्रोः,proḥ,proH,2,0.0,2,0,0,0,0
ङ्गृ,ṅgṛ,Ngf,2,0.0,2,0,0,0,0
भ्नाः,bhnāḥ,BnAH,2,0.0,2,0,0,0,0
श्युः,śyuḥ,SyuH,2,0.0,2,0,0,0,0
ग्ध्वं,gdhvaṃ,gDvaM,2,0.0,2,0,0,0,0
श्वीः,śvīḥ,SvIH,2,0.0,2,0,0,0,0
भ्मा,bhmā,BmA,2,0.0,2,0,0,0,0
म्युः,myuḥ,myuH,2,0.0,2,0,0,0,0
व्रिः,vriḥ,vriH,2,0.0,2,0,0,0,0
थ्रा,thrā,TrA,2,0.0,2,0,0,0,0
ष्षा,ṣṣā,zzA,2,0.0,2,0,0,0,0
र्क्त,rkta,rkta,2,0.0,2,0,0,0,0
व्न,vna,vna,2,0.0,2,0,0,0,0
र्स्रे,rsre,rsre,2,0.0,2,0,0,0,0
ढ्वो,ḍhvo,Qvo,2,0.0,2,0,0,0,0
म्नाः,mnāḥ,mnAH,2,0.0,2,0,0,0,0
त्नू,tnū,tnU,2,0.0,2,0,0,0,0
स्पः,spaḥ,spaH,2,0.0,2,0,0,0,0
क्रिः,kriḥ,kriH,2,0.0,2,0,0,0,0
ग्म्या,gmyā,gmyA,2,0.0,2,0,0,0,0
प्रिः,priḥ,priH,2,0.0,2,0,0,0,0
स्येः,syeḥ,syeH,2,0.0,2,0,0,0,0
प्स्न्य,psnya,psnya,2,0.0,2,0,0,0,0
ज्मः,jmaḥ,jmaH,2,0.0,2,0,0,0,0
प्र्य्,pry,pry,2,0.0,2,0,0,0,0
श्व्यैः,śvyaiḥ,SvyEH,2,0.0,2,0,0,0,0
त्न्वा,tnvā,tnvA,2,0.0,2,0,0,0,0
र्द्य्,rdy,rdy,2,0.0,2,0,0,0,0
च्रे,cre,cre,2,0.0,2,0,0,0,0
स्यी,syī,syI,1,0.0,0,0,1,0,0
ट्स्र,ṭsra,wsra,1,0.0,0,0,0,1,0
क्लौ,klau,klO,1,0.0,0,0,0,1,0
ग्जः,gjaḥ,gjaH,1,0.0,0,0,0,1,0
र्ज्वै,rjvai,rjvE,1,0.0,0,0,0,1,0
क्पो,kpo,kpo,1,0.0,0,0,0,1,0
ङ्भ्यः,ṅbhyaḥ,NByaH,1,0.0,0,0,0,1,0
ङ्ग्यू,ṅgyū,NgyU,1,0.0,0,0,0,1,0
ञ्छिं,ñchiṃ,YCiM,1,0.0,0,0,1,0,0
र्भ्ये,rbhye,rBye,1,0.0,1,0,0,0,0
द्धोः,ddhoḥ,dDoH,1,0.0,1,0,0,0,0
ज्ना,jnā,jnA,1,0.0,1,0,0,0,0
र्ष्टोः,rṣṭoḥ,rzwoH,1,0.0,1,0,0,0,0
श्शः,śśaḥ,SSaH,1,0.0,1,0,0,0,0
त्सिः,tsiḥ,tsiH,1,0.0,1,0,0,0,0
म्शं,mśaṃ,mSaM,1,0.0,1,0,0,0,0
छ्वः,chvaḥ,CvaH,1,0.0,1,0,0,0,0
र्शुः,rśuḥ,rSuH,1,0.0,1,0,0,0,0
च्ञ्यः,cñyaḥ,cYyaH,1,0.0,1,0,0,0,0
छ्रै,chrai,CrE,1,0.0,1,0,0,0,0
श्चृ,ścṛ,Scf,1,0.0,1,0,0,0,0
ट्क्रु,ṭkru,wkru,1,0.0,0,0,1,0,0
ब्बो,bbo,bbo,1,0.0,0,0,1,0,0
ङ्क्यां,ṅkyāṃ,NkyAM,1,0.0,0,0,1,0,0
ड्भृ,ḍbhṛ,qBf,1,0.0,0,0,1,0,0
र्यी,ryī,ryI,1,0.0,0,0,1,0,0
त्खु,tkhu,tKu,1,0.0,0,0,1,0,0
ड्भ्रा,ḍbhrā,qBrA,1,0.0,0,0,1,0,0
र्ग्वि,rgvi,rgvi,1,0.0,0,0,1,0,0
तौः,tauḥ,tOH,1,0.0,0,0,1,0,0
न्डी,nḍī,nqI,1,0.0,0,0,1,0,0
र्ष्टुं,rṣṭuṃ,rzwuM,1,0.0,0,0,1,0,0
ण्ढी,ṇḍhī,RQI,1,0.0,0,1,0,0,0
त्शे,tśe,tSe,1,0.0,0,1,0,0,0
ण्ड्रि,ṇḍri,Rqri,1,0.0,0,1,0,0,0
ष्त,ṣta,zta,1,0.0,1,0,0,0,0
क्न्य्,kny,kny,1,0.0,1,0,0,0,0
व्नो,vno,vno,1,0.0,1,0,0,0,0
द्रोः,droḥ,droH,1,0.0,1,0,0,0,0
खोः,khoḥ,KoH,1,0.0,1,0,0,0,0
छां,chāṃ,CAM,1,0.0,1,0,0,0,0
व्ला,vlā,vlA,1,0.0,1,0,0,0,0
र्भ्रि,rbhri,rBri,1,0.0,1,0,0,0,0
न्त्तं,nttaṃ,nttaM,1,0.0,1,0,0,0,0
र्द्नु,rdnu,rdnu,1,0.0,1,0,0,0,0
प्न्ये,pnye,pnye,1,0.0,1,0,0,0,0
र्ष्ट्व्,rṣṭv,rzwv,1,0.0,1,0,0,0,0
क्ने,kne,kne,1,0.0,1,0,0,0,0
प्त्व्,ptv,ptv,1,0.0,1,0,0,0,0
र्त्सी,rtsī,rtsI,1,0.0,1,0,0,0,0
घीः,ghīḥ,GIH,1,0.0,1,0,0,0,0
ज्ज्वां,jjvāṃ,jjvAM,1,0.0,1,0,0,0,0
र्कुं,rkuṃ,rkuM,1,0.0,1,0,0,0,0
र्ष्णीः,rṣṇīḥ,rzRIH,1,0.0,1,0,0,0,0
ट्म,ṭma,wma,1,0.0,1,0,0,0,0
क्नीः,knīḥ,knIH,1,0.0,1,0,0,0,0
ढ्व्,ḍhv,Qv,1,0.0,1,0,0,0,0
र्त्व्यः,rtvyaḥ,rtvyaH,1,0.0,1,0,0,0,0
त्नूं,tnūṃ,tnUM,1,0.0,1,0,0,0,0
न्द्ध्यं,nddhyaṃ,ndDyaM,1,0.0,1,0,0,0,0
घ्निं,ghniṃ,GniM,1,0.0,1,0,0,0,0
ब्ली,blī,blI,1,0.0,1,0,0,0,0
ङ्ग्ध्य्,ṅgdhy,NgDy,1,0.0,1,0,0,0,0
भ्नै,bhnai,BnE,1,0.0,1,0,0,0,0
ह्णु,hṇu,hRu,1,0.0,1,0,0,0,0
द्घ्रं,dghraṃ,dGraM,1,0.0,1,0,0,0,0
श्र्वाः,śrvāḥ,SrvAH,1,0.0,1,0,0,0,0
छ्लो,chlo,Clo,1,0.0,1,0,0,0,0
ट्क्ले,ṭkle,wkle,1,0.0,0,0,0,1,0
ल्शि,lśi,lSi,1,0.0,0,1,0,0,0
क्श्लु,kślu,kSlu,1,0.0,0,1,0,0,0
घ्वो,ghvo,Gvo,1,0.0,0,1,0,0,0
ङ्स्वि,ṅsvi,Nsvi,1,0.0,0,1,0,0,0
ञ्च्यृ,ñcyṛ,Ycyf,1,0.0,0,1,0,0,0
ज्झ्र,jjhra,jJra,1,0.0,0,1,0,0,0
क्व्,kv,kv,1,0.0,0,1,0,0,0
स्म्यो,smyo,smyo,1,0.0,0,1,0,0,0
ञ्च्योः,ñcyoḥ,YcyoH,1,0.0,0,1,0,0,0
ङ्भ्यो,ṅbhyo,NByo,1,0.0,0,1,0,0,0
ङ्प्रु,ṅpru,Npru,1,0.0,0,1,0,0,0
ङ्स,ṅsa,Nsa,1,0.0,0,1,0,0,0
श्लुः,śluḥ,SluH,1,0.0,0,1,0,0,0
च्कृ,ckṛ,ckf,1,0.0,0,1,0,0,0
ज्कि,jki,jki,1,0.0,0,1,0,0,0
न्भ्यो,nbhyo,nByo,1,0.0,0,1,0,0,0
च्वे,cve,cve,1,0.0,0,1,0,0,0
गॄ,gṝ,gF,1,0.0,0,1,0,0,0
ब्ब,bba,bba,1,0.0,0,1,0,0,0
श्लु,ślu,Slu,1,0.0,0,1,0,0,0
म्चि,mci,mci,1,0.0,0,1,0,0,0
म्क्रि,mkri,mkri,1,0.0,0,1,0,0,0
च्लि,cli,cli,1,0.0,0,1,0,0,0
च्लेः,cleḥ,cleH,1,0.0,0,1,0,0,0
ट्श्व्योः,ṭśvyoḥ,wSvyoH,1,0.0,0,1,0,0,0
भ्ला,bhlā,BlA,1,0.0,0,1,0,0,0
श्नुः,śnuḥ,SnuH,1,0.0,0,1,0,0,0
ण्व्यो,ṇvyo,Rvyo,1,0.0,0,1,0,0,0
क्र्या,kryā,kryA,1,0.0,0,1,0,0,0
ज्झौ,jjhau,jJO,1,0.0,0,1,0,0,0
ल्तृ,ltṛ,ltf,1,0.0,0,1,0,0,0
ट्दृ,ṭdṛ,wdf,1,0.0,0,1,0,0,0
स्र्व,srva,srva,1,0.0,0,1,0,0,0
ष्वु,ṣvu,zvu,1,0.0,0,1,0,0,0
च्खु,ckhu,cKu,1,0.0,0,1,0,0,0
ण्विः,ṇviḥ,RviH,1,0.0,0,1,0,0,0
ञ्यु,ñyu,Yyu,1,0.0,0,1,0,0,0
क्वेः,kveḥ,kveH,1,0.0,0,1,0,0,0
ञ्प्र,ñpra,Ypra,1,0.0,0,1,0,0,0
श्जि,śji,Sji,1,0.0,0,1,0,0,0
क्लु,klu,klu,1,0.0,0,1,0,0,0
ञी,ñī,YI,1,0.0,0,1,0,0,0
र्ह्योः,rhyoḥ,rhyoH,1,0.0,0,1,0,0,0
न्ण्वु,nṇvu,nRvu,1,0.0,0,1,0,0,0
भ्योः,bhyoḥ,ByoH,1,0.0,0,1,0,0,0
न्न्यो,nnyo,nnyo,1,0.0,0,1,0,0,0
कॄ,kṝ,kF,1,0.0,0,1,0,0,0
द्घौ,dghau,dGO,1,0.0,0,1,0,0,0
क्त्रिः,ktriḥ,ktriH,1,0.0,0,1,0,0,0
ङ्भृ,ṅbhṛ,NBf,1,0.0,0,1,0,0,0
ञ्य्,ñy,Yy,1,0.0,0,1,0,0,0
च्क्तौ,cktau,cktO,1,0.0,0,1,0,0,0
मोः,moḥ,moH,1,0.0,0,1,0,0,0
ङ्त,ṅta,Nta,1,0.0,0,1,0,0,0
ञ्ग्र,ñgra,Ygra,1,0.0,0,1,0,0,0
भ्वोः,bhvoḥ,BvoH,1,0.0,0,1,0,0,0
स्झि,sjhi,sJi,1,0.0,0,1,0,0,0
प्थ,ptha,pTa,1,0.0,0,1,0,0,0
म्ध्व,mdhva,mDva,1,0.0,0,1,0,0,0
ल्थु,lthu,lTu,1,0.0,0,1,0,0,0
ङ्शि,ṅśi,NSi,1,0.0,0,1,0,0,0
स्ङे,sṅe,sNe,1,0.0,0,1,0,0,0
म्ङ्यो,mṅyo,mNyo,1,0.0,0,1,0,0,0
ञ्द्व,ñdva,Ydva,1,0.0,0,1,0,0,0
प्ठ,pṭha,pWa,1,0.0,0,1,0,0,0
ञ्क्व,ñkva,Ykva,1,0.0,0,1,0,0,0
ञ्स्न,ñsna,Ysna,1,0.0,0,1,0,0,0
भ्र्वो,bhrvo,Brvo,1,0.0,0,1,0,0,0
त्ढ,tḍha,tQa,1,0.0,0,1,0,0,0
ञ्ख,ñkha,YKa,1,0.0,0,1,0,0,0
ञ्म,ñma,Yma,1,0.0,0,1,0,0,0
य्वृ,yvṛ,yvf,1,0.0,0,1,0,0,0
ञ्ण्य,ñṇya,YRya,1,0.0,0,1,0,0,0
ञ्ञ्य,ññya,YYya,1,0.0,0,1,0,0,0
ञ्ञौ,ññau,YYO,1,0.0,0,1,0,0,0
ञ्ञि,ññi,YYi,1,0.0,0,1,0,0,0
ञ्ठ,ñṭha,YWa,1,0.0,0,1,0,0,0
र्क्प्र,rkpra,rkpra,1,0.0,0,1,0,0,0
ट्ल,ṭla,wla,1,0.0,0,1,0,0,0
न्ष्ठ,nṣṭha,nzWa,1,0.0,0,1,0,0,0
च्पू,cpū,cpU,1,0.0,0,1,0,0,0
ड्वु,ḍvu,qvu,1,0.0,0,1,0,0,0
क्खौ,kkhau,kKO,1,0.0,0,1,0,0,0
ञ्भ्यां,ñbhyāṃ,YByAM,1,0.0,0,1,0,0,0
ञ्ना,ñnā,YnA,1,0.0,0,1,0,0,0
ज्भ्रा,jbhrā,jBrA,1,0.0,0,1,0,0,0
ज्बि,jbi,jbi,1,0.0,0,1,0,0,0
च्पि,cpi,cpi,1,0.0,0,1,0,0,0
न्लु,nlu,nlu,1,0.0,0,1,0,0,0
ज्वु,jvu,jvu,1,0.0,0,1,0,0,0
ञ्यो,ñyo,Yyo,1,0.0,0,1,0,0,0
ञ्या,ñyā,YyA,1,0.0,0,1,0,0,0
ल्ता,ltā,ltA,1,0.0,0,1,0,0,0
ब्धूः,bdhūḥ,bDUH,1,0.0,0,1,0,0,0
ञ्दुः,ñduḥ,YduH,1,0.0,0,1,0,0,0
न्त्र्योः,ntryoḥ,ntryoH,1,0.0,0,1,0,0,0
ञां,ñāṃ,YAM,1,0.0,0,1,0,0,0
ङ्जी,ṅjī,NjI,1,0.0,0,1,0,0,0
स्हृ,shṛ,shf,1,0.0,0,1,0,0,0
ल्ङ्या,lṅyā,lNyA,1,0.0,0,1,0,0,0
ब्भ्यो,bbhyo,bByo,1,0.0,0,1,0,0,0
ङ्ह्र,ṅhra,Nhra,1,0.0,0,1,0,0,0
ठ्सु,ṭhsu,Wsu,1,0.0,0,1,0,0,0
म्श,mśa,mSa,1,0.0,0,1,0,0,0
ञ्स,ñsa,Ysa,1,0.0,0,1,0,0,0
ङ्क्रु,ṅkru,Nkru,1,0.0,0,1,0,0,0
न्ङि,nṅi,nNi,1,0.0,0,1,0,0,0
ह्न्वि,hnvi,hnvi,1,0.0,0,1,0,0,0
ञ्क्ता,ñktā,YktA,1,0.0,0,1,0,0,0
न्क्ति,nkti,nkti,1,0.0,0,1,0,0,0
ञ्सु,ñsu,Ysu,1,0.0,0,1,0,0,0
ण्ला,ṇlā,RlA,1,0.0,0,1,0,0,0
ञ्रो,ñro,Yro,1,0.0,0,1,0,0,0
ञे,ñe,Ye,1,0.0,0,1,0,0,0
श्की,śkī,SkI,1,0.0,0,1,0,0,0
च्स्व,csva,csva,1,0.0,0,1,0,0,0
छ्वोः,chvoḥ,CvoH,1,0.0,0,1,0,0,0
ङ्ह,ṅha,Nha,1,0.0,0,1,0,0,0
न्झ,njha,nJa,1,0.0,0,1,0,0,0
स्जो,sjo,sjo,1,0.0,0,1,0,0,0
त्न्वि,tnvi,tnvi,1,0.0,0,1,0,0,0
च्सी,csī,csI,1,0.0,0,1,0,0,0
ङ्क्ष्व्,ṅkṣv,Nkzv,1,0.0,0,1,0,0,0
न्क्वि,nkvi,nkvi,1,0.0,0,1,0,0,0
त्र्,tr,tr,1,0.0,0,1,0,0,0
द्र्वाः,drvāḥ,drvAH,1,0.0,0,1,0,0,0
च्व्यो,cvyo,cvyo,1,0.0,0,1,0,0,0
र्बं,rbaṃ,rbaM,1,0.0,0,1,0,0,0
ब्द्रा,bdrā,bdrA,1,0.0,0,1,0,0,0
स्त्व्य,stvya,stvya,1,0.0,0,1,0,0,0
ङ्योः,ṅyoḥ,NyoH,1,0.0,0,1,0,0,0
द्ड्,dḍ,dq,1,0.0,0,1,0,0,0
स्जि,sji,sji,1,0.0,0,1,0,0,0
ल्घ,lgha,lGa,1,0.0,0,1,0,0,0
प्श्य,pśya,pSya,1,0.0,0,1,0,0,0
थ्यृ,thyṛ,Tyf,1,0.0,0,1,0,0,0
ल्रा,lrā,lrA,1,0.0,0,1,0,0,0
र्देः,rdeḥ,rdeH,1,0.0,0,1,0,0,0
वॄ,vṝ,vF,1,0.0,0,1,0,0,0
श्च्योः,ścyoḥ,ScyoH,1,0.0,0,1,0,0,0
ङ्र,ṅra,Nra,1,0.0,0,1,0,0,0
ड्दी,ḍdī,qdI,1,0.0,0,1,0,0,0
क्नू,knū,knU,1,0.0,0,1,0,0,0
ण्ण्य,ṇṇya,RRya,1,0.0,0,1,0,0,0
ङ्क्वा,ṅkvā,NkvA,1,0.0,0,1,0,0,0
न्लि,nli,nli,1,0.0,0,1,0,0,0
ब्जौ,bjau,bjO,1,0.0,0,1,0,0,0
ण्दृ,ṇdṛ,Rdf,1,0.0,0,1,0,0,0
ल्ङि,lṅi,lNi,1,0.0,0,1,0,0,0
ड्ढ्र,ḍḍhra,qQra,1,0.0,0,1,0,0,0
घेः,gheḥ,GeH,1,0.0,0,1,0,0,0
ध्मोः,dhmoḥ,DmoH,1,0.0,0,1,0,0,0
प्ज्ञ,pjña,pjYa,1,0.0,0,1,0,0,0
त्भ,tbha,tBa,1,0.0,0,1,0,0,0
ण्ज्य,ṇjya,Rjya,1,0.0,0,1,0,0,0
ङ्लु,ṅlu,Nlu,1,0.0,0,1,0,0,0
स्ध्वोः,sdhvoḥ,sDvoH,1,0.0,0,1,0,0,0
ढोः,ḍhoḥ,QoH,1,0.0,0,1,0,0,0
ड्वौ,ḍvau,qvO,1,0.0,0,1,0,0,0
ङ्णोः,ṅṇoḥ,NRoH,1,0.0,0,1,0,0,0
क्टु,kṭu,kwu,1,0.0,0,1,0,0,0
प्वोः,pvoḥ,pvoH,1,0.0,0,1,0,0,0
ण्कोः,ṇkoḥ,RkoH,1,0.0,0,1,0,0,0
न्भेः,nbheḥ,nBeH,1,0.0,0,1,0,0,0
ट्स्तु,ṭstu,wstu,1,0.0,0,1,0,0,0
ञ्जोः,ñjoḥ,YjoH,1,0.0,0,1,0,0,0
क्क्ल,kkla,kkla,1,0.0,0,0,1,0,0
ड्रो,ḍro,qro,1,0.0,0,0,1,0,0
ग्घ्नं,gghnaṃ,gGnaM,1,0.0,0,0,1,0,0
झु,jhu,Ju,1,0.0,0,0,1,0,0
ञ्झ्वे,ñjhve,YJve,1,0.0,0,0,1,0,0
भ्वौ,bhvau,BvO,1,0.0,0,0,1,0,0
ड्रु,ḍru,qru,1,0.0,0,0,1,0,0
स्थ्न्य्,sthny,sTny,1,0.0,0,0,1,0,0
ड्व्या,ḍvyā,qvyA,1,0.0,0,0,1,0,0
र्द्ध्यः,rddhyaḥ,rdDyaH,1,0.0,0,0,1,0,0
क्क्रु,kkru,kkru,1,0.0,0,0,1,0,0
ग्दौ,gdau,gdO,1,0.0,0,0,1,0,0
प्स्थि,psthi,psTi,1,0.0,0,0,1,0,0
प्पा,ppā,ppA,1,0.0,0,0,1,0,0
ङ्ग्वे,ṅgve,Ngve,1,0.0,0,0,1,0,0
ब्भु,bbhu,bBu,1,0.0,0,0,1,0,0
ड्दुः,ḍduḥ,qduH,1,0.0,0,0,1,0,0
व्नी,vnī,vnI,1,0.0,0,0,1,0,0
स्थ्न्य,sthnya,sTnya,1,0.0,0,0,1,0,0
ट्पू,ṭpū,wpU,1,0.0,0,0,1,0,0
ट्स्रं,ṭsraṃ,wsraM,1,0.0,0,0,1,0,0
क्थ्यु,kthyu,kTyu,1,0.0,0,0,1,0,0
ण्ठ्यु,ṇṭhyu,RWyu,1,0.0,0,0,1,0,0
ग्भ्रं,gbhraṃ,gBraM,1,0.0,0,0,1,0,0
ष्ट्र्य,ṣṭrya,zwrya,1,0.0,0,0,1,0,0
ट्वौ,ṭvau,wvO,1,0.0,0,0,1,0,0
ठीः,ṭhīḥ,WIH,1,0.0,0,0,1,0,0
ग्ध्याः,gdhyāḥ,gDyAH,1,0.0,0,0,1,0,0
ट्चू,ṭcū,wcU,1,0.0,0,0,1,0,0
ष्प्यु,ṣpyu,zpyu,1,0.0,0,0,1,0,0
क्क्रो,kkro,kkro,1,0.0,0,0,1,0,0
ह्मीः,hmīḥ,hmIH,1,0.0,0,0,1,0,0
क्स्वे,ksve,ksve,1,0.0,0,0,1,0,0
ङ्क्षीं,ṅkṣīṃ,NkzIM,1,0.0,0,0,1,0,0
क्थिः,kthiḥ,kTiH,1,0.0,0,0,1,0,0
क्शे,kśe,kSe,1,0.0,0,0,1,0,0
ण्ड्वौ,ṇḍvau,RqvO,1,0.0,0,0,1,0,0
क्स्फु,ksphu,ksPu,1,0.0,0,0,1,0,0
ज्ज्ञि,jjñi,jjYi,1,0.0,0,0,1,0,0
ण्ड्रैः,ṇḍraiḥ,RqrEH,1,0.0,0,0,1,0,0
र्ध्रीं,rdhrīṃ,rDrIM,1,0.0,0,0,1,0,0
क्शृ,kśṛ,kSf,1,0.0,0,0,1,0,0
ज्व्या,jvyā,jvyA,1,0.0,0,0,1,0,0
ट्कैः,ṭkaiḥ,wkEH,1,0.0,0,0,1,0,0
क्त्रु,ktru,ktru,1,0.0,0,0,1,0,0
क्क्षौ,kkṣau,kkzO,1,0.0,0,0,1,0,0
द्घ्नै,dghnai,dGnE,1,0.0,0,0,1,0,0
ख्वा,khvā,KvA,1,0.0,0,0,1,0,0
ह्विः,hviḥ,hviH,1,0.0,0,0,0,1,0
श्गु,śgu,Sgu,1,0.0,0,0,1,0,0
ज्शु,jśu,jSu,1,0.0,1,0,0,0,0
ब्घ,bgha,bGa,1,0.0,1,0,0,0,0
न्थ्यो,nthyo,nTyo,1,0.0,1,0,0,0,0
न्त्वृ,ntvṛ,ntvf,1,0.0,1,0,0,0,0
स्फ्यै,sphyai,sPyE,1,0.0,1,0,0,0,0
त्थीं,tthīṃ,tTIM,1,0.0,1,0,0,0,0
श्न्य,śnya,Snya,1,0.0,1,0,0,0,0
ड्धु,ḍdhu,qDu,1,0.0,1,0,0,0,0
ङ्धी,ṅdhī,NDI,1,0.0,1,0,0,0,0
ञ्च्यै,ñcyai,YcyE,1,0.0,1,0,0,0,0
र्श्म,rśma,rSma,1,0.0,1,0,0,0,0
प्स्वां,psvāṃ,psvAM,1,0.0,1,0,0,0,0
त्थ्यौ,tthyau,tTyO,1,0.0,1,0,0,0,0
न्ध्रीः,ndhrīḥ,nDrIH,1,0.0,0,0,1,0,0
ङ्घ्र्यु,ṅghryu,NGryu,1,0.0,0,0,0,1,0
ङ्नॄ,ṅnṝ,NnF,1,0.0,0,0,0,1,0
ष्ण्यृ,ṣṇyṛ,zRyf,1,0.0,0,0,0,1,0
द्दोः,ddoḥ,ddoH,1,0.0,0,0,0,1,0
ड्बृ,ḍbṛ,qbf,1,0.0,0,0,0,1,0
ष्प्लु,ṣplu,zplu,1,0.0,0,0,0,1,0
ब्जु,bju,bju,1,0.0,0,0,0,1,0
ब्व्यो,bvyo,bvyo,1,0.0,0,0,0,1,0
ङ्क्ले,ṅkle,Nkle,1,0.0,0,0,0,1,0
म्ल्,ml,ml,1,0.0,0,0,0,1,0
स्णां,sṇāṃ,sRAM,1,0.0,0,0,0,1,0
त्मः,tmaḥ,tmaH,1,0.0,0,0,0,1,0
ङ्घ्र्यू,ṅghryū,NGryU,1,0.0,0,0,0,1,0
ग्ली,glī,glI,1,0.0,0,0,0,1,0
म्व्,mv,mv,1,0.0,0,0,0,1,0
न्य्वोः,nyvoḥ,nyvoH,1,0.0,0,0,0,1,0
द्भ्रूः,dbhrūḥ,dBrUH,1,0.0,0,0,0,1,0
र्द्ध्यु,rddhyu,rdDyu,1,0.0,0,0,0,1,0
ङ्घ्र्या,ṅghryā,NGryA,1,0.0,0,0,0,1,0
ङ्न्र,ṅnra,Nnra,1,0.0,0,0,0,1,0
ङ्घ्रा,ṅghrā,NGrA,1,0.0,0,0,0,1,0
न्श्रि,nśri,nSri,1,0.0,0,0,0,1,0
व्रौ,vrau,vrO,1,0.0,0,0,0,1,0
ञ्श्लो,ñślo,YSlo,1,0.0,0,0,0,1,0
द्दौः,ddauḥ,ddOH,1,0.0,0,0,0,1,0
र्हुं,rhuṃ,rhuM,1,0.0,0,0,0,1,0
न्जा,njā,njA,1,0.0,0,0,0,1,0
ग्ध्यौ,gdhyau,gDyO,1,0.0,0,0,0,1,0
क्ष्वै,kṣvai,kzvE,1,0.0,0,0,0,1,0
न्ल,nla,nla,1,0.0,0,0,0,1,0
ष्ठ्व,ṣṭhva,zWva,1,0.0,0,0,0,1,0
न्शी,nśī,nSI,1,0.0,0,0,0,1,0
श्म्ये,śmye,Smye,1,0.0,0,0,0,1,0
न्श्र,nśra,nSra,1,0.0,0,0,0,1,0
न्स्त्री,nstrī,nstrI,1,0.0,0,0,0,1,0
र्म्यु,rmyu,rmyu,1,0.0,0,0,0,1,0
ध्वोः,dhvoḥ,DvoH,1,0.0,0,0,0,1,0
ङ्ध्वं,ṅdhvaṃ,NDvaM,1,0.0,0,0,0,1,0
छ्रीः,chrīḥ,CrIH,1,0.0,0,0,0,1,0
भ्व्यः,bhvyaḥ,BvyaH,1,0.0,0,0,0,1,0
भ्व्य,bhvya,Bvya,1,0.0,0,0,0,1,0
र्ग्यै,rgyai,rgyE,1,0.0,0,0,0,1,0
भ्नी,bhnī,BnI,1,0.0,1,0,0,0,0
न्वों,nvoṃ,nvoM,1,0.0,1,0,0,0,0
त्स्यीं,tsyīṃ,tsyIM,1,0.0,0,0,0,1,0
ग्गू,ggū,ggU,1,0.0,0,0,0,1,0
त्प्लो,tplo,tplo,1,0.0,0,0,0,1,0
ञ्जृ,ñjṛ,Yjf,1,0.0,0,0,0,1,0
न्क्ष्मा,nkṣmā,nkzmA,1,0.0,0,0,0,1,0
त्क्ली,tklī,tklI,1,0.0,0,0,0,1,0
न्व्यू,nvyū,nvyU,1,0.0,0,0,0,1,0
त्क्ष्मा,tkṣmā,tkzmA,1,0.0,0,0,0,1,0
ष्स्व,ṣsva,zsva,1,0.0,0,0,0,1,0
न्घ्न,nghna,nGna,1,0.0,0,0,0,1,0
त्क्ष्मां,tkṣmāṃ,tkzmAM,1,0.0,0,0,0,1,0
ग्ज्वा,gjvā,gjvA,1,0.0,0,0,0,1,0
न्स्य,nsya,nsya,1,0.0,0,0,0,1,0
न्सी,nsī,nsI,1,0.0,0,0,0,1,0
ञ्श्ला,ñślā,YSlA,1,0.0,0,0,0,1,0
व्नु,vnu,vnu,1,0.0,0,0,0,1,0
न्प्लु,nplu,nplu,1,0.0,0,0,0,1,0
द्नृ,dnṛ,dnf,1,0.0,0,0,1,0,0
स्च,sca,sca,1,0.0,0,0,1,0,0
क्ख्या,kkhyā,kKyA,1,0.0,0,0,1,0,0
र्ष्टां,rṣṭāṃ,rzwAM,1,0.0,0,1,0,0,0
ष्योः,ṣyoḥ,zyoH,1,0.0,0,1,0,0,0
र्ढ्यो,rḍhyo,rQyo,1,0.0,0,0,0,1,0
स्फ्रें,sphreṃ,sPreM,1,0.0,0,0,0,1,0
म्नौ,mnau,mnO,1,0.0,1,0,0,0,0
प्म्नः,pmnaḥ,pmnaH,1,0.0,1,0,0,0,0
त्नोः,tnoḥ,tnoH,1,0.0,1,0,0,0,0
श्न्यां,śnyāṃ,SnyAM,1,0.0,1,0,0,0,0
र्ल्व,rlva,rlva,1,0.0,1,0,0,0,0
न्त्सी,ntsī,ntsI,1,0.0,1,0,0,0,0
च्ञे,cñe,cYe,1,0.0,0,0,1,0,0
र्द्धौ,rddhau,rdDO,1,0.0,0,0,1,0,0
न्त्वैः,ntvaiḥ,ntvEH,1,0.0,0,0,1,0,0
ज्ज्वै,jjvai,jjvE,1,0.0,0,0,1,0,0
ष्ट्,ṣṭ,zw,1,0.0,0,0,1,0,0
ङ्म्ला,ṅmlā,NmlA,1,0.0,0,0,1,0,0
म्ब्ये,mbye,mbye,1,0.0,0,0,1,0,0
म्शु,mśu,mSu,1,0.0,0,0,1,0,0
ङ्घ्याः,ṅghyāḥ,NGyAH,1,0.0,0,0,1,0,0
त्म्,tm,tm,1,0.0,0,0,1,0,0
म्स,msa,msa,1,0.0,0,0,1,0,0
बूः,būḥ,bUH,1,0.0,0,0,1,0,0
क्र्टिः,krṭiḥ,krwiH,1,0.0,0,0,1,0,0
स्रू,srū,srU,1,0.0,0,0,1,0,0
र्क्षि,rkṣi,rkzi,1,0.0,0,1,0,0,0
न्द्र्यृ,ndryṛ,ndryf,1,0.0,0,1,0,0,0
क्ल्य,klya,klya,1,0.0,0,1,0,0,0
ष्तौ,ṣtau,ztO,1,0.0,0,1,0,0,0
घ्व्य,ghvya,Gvya,1,0.0,0,1,0,0,0
ट्त्वे,ṭtve,wtve,1,0.0,0,1,0,0,0
र्त्र्य,rtrya,rtrya,1,0.0,0,1,0,0,0
प्प्ल,ppla,ppla,1,0.0,0,1,0,0,0
क्ष्ण्यो,kṣṇyo,kzRyo,1,0.0,0,1,0,0,0
ल्फाः,lphāḥ,lPAH,1,0.0,0,1,0,0,0
ण्ढां,ṇḍhāṃ,RQAM,1,0.0,0,1,0,0,0
ग्जृ,gjṛ,gjf,1,0.0,0,1,0,0,0
ङ्क्षां,ṅkṣāṃ,NkzAM,1,0.0,0,1,0,0,0
ल्भ्यैः,lbhyaiḥ,lByEH,1,0.0,1,0,0,0,0
झ्,jh,J,1,0.0,1,0,0,0,0
ण्व्य,ṇvya,Rvya,1,0.0,1,0,0,0,0
न्कां,nkāṃ,nkAM,1,0.0,0,0,1,0,0
श्त्रि,śtri,Stri,1,0.0,0,0,1,0,0
म्ड,mḍa,mqa,1,0.0,0,0,1,0,0
र्त्न्यां,rtnyāṃ,rtnyAM,1,0.0,0,0,1,0,0
म्प्रू,mprū,mprU,1,0.0,0,0,0,0,1
न्थ्यां,nthyāṃ,nTyAM,1,0.0,0,0,0,1,0
र्त्स्ने,rtsne,rtsne,1,0.0,0,0,1,0,0
क्पौ,kpau,kpO,1,0.0,0,0,1,0,0
ण्ठु,ṇṭhu,RWu,1,0.0,0,0,1,0,0
ग्म्य्,gmy,gmy,1,0.0,1,0,0,0,0
प्क,pka,pka,1,0.0,1,0,0,0,0
र्ध्यौ,rdhyau,rDyO,1,0.0,1,0,0,0,0
न्त्वः,ntvaḥ,ntvaH,1,0.0,1,0,0,0,0
न्त्स्तो,ntsto,ntsto,1,0.0,1,0,0,0,0
ट्क्षा,ṭkṣā,wkzA,1,0.0,0,0,0,1,0
ह्रै,hrai,hrE,1,0.0,0,0,0,1,0
ब्द्र,bdra,bdra,1,0.0,0,0,0,1,0
ज्वै,jvai,jvE,1,0.0,0,0,0,1,0
दें,deṃ,deM,1,0.0,0,0,0,1,0
न्द्रृ,ndrṛ,ndrf,1,0.0,0,0,0,1,0
ह्रौ,hrau,hrO,1,0.0,0,0,0,1,0
रें,reṃ,reM,1,0.0,0,0,0,1,0
र्तें,rteṃ,rteM,1,0.0,0,0,0,1,0
फ्रैं,phraiṃ,PrEM,1,0.0,0,0,0,1,0
नैं,naiṃ,nEM,1,0.0,0,0,0,1,0
मैं,maiṃ,mEM,1,0.0,0,0,0,1,0
तैं,taiṃ,tEM,1,0.0,0,0,0,1,0
ढ्यौ,ḍhyau,QyO,1,0.0,0,0,0,1,0
द्दः,ddaḥ,ddaH,1,0.0,0,0,0,1,0
न्ह्ये,nhye,nhye,1,0.0,0,0,0,1,0
र्किः,rkiḥ,rkiH,1,0.0,0,0,0,1,0
र्रा,rrā,rrA,1,0.0,0,0,0,1,0
द्वृं,dvṛṃ,dvfM,1,0.0,0,0,0,1,0
ल्ग्वी,lgvī,lgvI,1,0.0,0,0,0,1,0
फ्त,phta,Pta,1,0.0,0,0,0,1,0
क्रृ,krṛ,krf,1,0.0,0,0,0,1,0
न्घः,nghaḥ,nGaH,1,0.0,0,0,0,1,0
श्त,śta,Sta,1,0.0,0,0,0,1,0
ल्थ,ltha,lTa,1,0.0,0,0,0,1,0
ग्द्ध्वा,gddhvā,gdDvA,1,0.0,0,0,0,1,0
द्व्रा,dvrā,dvrA,1,0.0,0,0,0,1,0
ण्क्षे,ṇkṣe,Rkze,1,0.0,0,0,0,1,0
र्ष्टिः,rṣṭiḥ,rzwiH,1,0.0,0,0,0,1,0
ह्न्यो,hnyo,hnyo,1,0.0,0,0,0,1,0
य्यी,yyī,yyI,1,0.0,0,0,0,1,0
ग्लैं,glaiṃ,glEM,1,0.0,0,0,0,1,0
ग्लां,glāṃ,glAM,1,0.0,0,0,0,1,0
गैं,gaiṃ,gEM,1,0.0,0,0,0,1,0
सृं,sṛṃ,sfM,1,0.0,0,0,0,1,0
क्ष्ठी,kṣṭhī,kzWI,1,0.0,0,0,0,1,0
ट्स्था,ṭsthā,wsTA,1,0.0,0,0,0,1,0
ण्डों,ṇḍoṃ,RqoM,1,0.0,0,0,0,1,0
त्स्तै,tstai,tstE,1,0.0,0,0,0,1,0
ष्ठ्यु,ṣṭhyu,zWyu,1,0.0,0,0,0,1,0
च्छ्राः,cchrāḥ,cCrAH,1,0.0,0,0,0,1,0
द्ध्वः,ddhvaḥ,dDvaH,1,0.0,0,0,0,1,0
ट्ते,ṭte,wte,1,0.0,0,0,0,1,0
ड्यि,ḍyi,qyi,1,0.0,0,0,0,1,0
ग्की,gkī,gkI,1,0.0,0,0,0,1,0
व्भ्यः,vbhyaḥ,vByaH,1,0.0,1,0,0,0,0
न्ध्वां,ndhvāṃ,nDvAM,1,0.0,1,0,0,0,0
र्ष्वाः,rṣvāḥ,rzvAH,1,0.0,1,0,0,0,0
च्यू,cyū,cyU,1,0.0,1,0,0,0,0
ष्ट्रिः,ṣṭriḥ,zwriH,1,0.0,1,0,0,0,0
ह्नुं,hnuṃ,hnuM,1,0.0,0,0,0,0,1
च्युः,cyuḥ,cyuH,1,0.0,1,0,0,0,0
प्व्,pv,pv,1,0.0,1,0,0,0,0
णों,ṇoṃ,RoM,1,0.0,1,0,0,0,0
स्यृ,syṛ,syf,1,0.0,1,0,0,0,0
र्ग्यौ,rgyau,rgyO,1,0.0,1,0,0,0,0
ष्ठ्यैः,ṣṭhyaiḥ,zWyEH,1,0.0,1,0,0,0,0
ड्ढ्य,ḍḍhya,qQya,1,0.0,1,0,0,0,0
ट्स्तृ,ṭstṛ,wstf,1,0.0,1,0,0,0,0
घ्र्य्,ghry,Gry,1,0.0,1,0,0,0,0
त्ग,tga,tga,1,0.0,0,0,0,1,0
र्म्म्याः,rmmyāḥ,rmmyAH,1,0.0,0,0,0,1,0
र्म्म्या,rmmyā,rmmyA,1,0.0,0,0,0,1,0
र्म्म्यौ,rmmyau,rmmyO,1,0.0,0,0,0,1,0
र्म्मौ,rmmau,rmmO,1,0.0,0,0,0,1,0
र्म्मः,rmmaḥ,rmmaH,1,0.0,0,0,0,1,0
र्च्च,rcca,rcca,1,0.0,0,0,0,1,0
र्व्वा,rvvā,rvvA,1,0.0,0,0,0,1,0
य्ज,yja,yja,1,0.0,0,0,0,0,1
द्य्मे,dyme,dyme,1,0.0,0,0,0,0,1
व्हा,vhā,vhA,1,0.0,0,0,0,0,1
ञ्च्यं,ñcyaṃ,YcyaM,1,0.0,0,0,0,0,1
त्शु,tśu,tSu,1,0.0,0,0,0,0,1
क्ट्वा,kṭvā,kwvA,1,0.0,0,0,0,0,1
ट्द्व्य,ṭdvya,wdvya,1,0.0,0,0,0,0,1
ष्ठिं,ṣṭhiṃ,zWiM,1,0.0,0,0,0,0,1
ङ्ख्यो,ṅkhyo,NKyo,1,0.0,0,0,0,0,1
द्द्द्र,dddra,dddra,1,0.0,0,0,0,0,1
ञ्च्यु,ñcyu,Ycyu,1,0.0,0,0,0,0,1
ट्न,ṭna,wna,1,0.0,0,0,0,0,1
र्ध्रः,rdhraḥ,rDraH,1,0.0,0,0,1,0,0
ह्ल्यं,hlyaṃ,hlyaM,1,0.0,0,0,1,0,0
ब्यां,byāṃ,byAM,1,0.0,0,0,1,0,0
न्ध्रौ,ndhrau,nDrO,1,0.0,0,0,1,0,0
म्निं,mniṃ,mniM,1,0.0,0,0,1,0,0
ष्न्,ṣn,zn,1,0.0,1,0,0,0,0
न्हः,nhaḥ,nhaH,1,0.0,1,0,0,0,0
र्ष्यी,rṣyī,rzyI,1,0.0,0,0,0,1,0
ड्दो,ḍdo,qdo,1,0.0,0,0,0,1,0
ठ्यो,ṭhyo,Wyo,1,0.0,0,0,0,1,0
खिः,khiḥ,KiH,1,0.0,1,0,0,0,0
श्श्रो,śśro,SSro,1,0.0,1,0,0,0,0
ड्ढै,ḍḍhai,qQE,1,0.0,1,0,0,0,0
ङ्क्तोः,ṅktoḥ,NktoH,1,0.0,1,0,0,0,0
न्त्स्वा,ntsvā,ntsvA,1,0.0,1,0,0,0,0
स्स्,ss,ss,1,0.0,1,0,0,0,0
ङ्ते,ṅte,Nte,1,0.0,1,0,0,0,0
ण्ड्वी,ṇḍvī,RqvI,1,0.0,1,0,0,0,0
म्वे,mve,mve,1,0.0,1,0,0,0,0
द्भ्यों,dbhyoṃ,dByoM,1,0.0,1,0,0,0,0
र्प्स्य,rpsya,rpsya,1,0.0,1,0,0,0,0
छ्रौ,chrau,CrO,1,0.0,1,0,0,0,0
ञ्ज्यु,ñjyu,Yjyu,1,0.0,1,0,0,0,0
र्म्र,rmra,rmra,1,0.0,1,0,0,0,0
र्ङ्म,rṅma,rNma,1,0.0,1,0,0,0,0
स्स्थां,ssthāṃ,ssTAM,1,0.0,1,0,0,0,0
स्स्था,ssthā,ssTA,1,0.0,1,0,0,0,0
न्त्ता,nttā,nttA,1,0.0,1,0,0,0,0
ह्न्यं,hnyaṃ,hnyaM,1,0.0,1,0,0,0,0
ग्जु,gju,gju,1,0.0,1,0,0,0,0
क्श्वः,kśvaḥ,kSvaH,1,0.0,1,0,0,0,0
र्खी,rkhī,rKI,1,0.0,0,0,0,1,0
क्छे,kche,kCe,1,0.0,0,0,0,1,0
ड्बा,ḍbā,qbA,1,0.0,0,0,0,1,0
ज्ञ्यः,jñyaḥ,jYyaH,1,0.0,0,0,0,1,0
क्प्रौ,kprau,kprO,1,0.0,0,0,0,1,0
ल्ल्ये,llye,llye,1,0.0,0,0,0,1,0
च्ञं,cñaṃ,cYaM,1,0.0,0,0,0,1,0
न्स्तू,nstū,nstU,1,0.0,0,0,0,1,0
र्द्ध्ये,rddhye,rdDye,1,0.0,0,0,0,1,0
श्र्वे,śrve,Srve,1,0.0,0,0,0,1,0
ग्धीं,gdhīṃ,gDIM,1,0.0,0,0,0,1,0
ज्ञ्यां,jñyāṃ,jYyAM,1,0.0,0,0,0,1,0
न्द्धुं,nddhuṃ,ndDuM,1,0.0,0,0,0,1,0
र्श्यै,rśyai,rSyE,1,0.0,0,0,0,1,0
च्म्ये,cmye,cmye,1,0.0,0,0,0,1,0
द्वोः,dvoḥ,dvoH,1,0.0,0,0,0,1,0
च्म्य्,cmy,cmy,1,0.0,0,0,0,1,0
ट्स्वि,ṭsvi,wsvi,1,0.0,0,0,0,1,0
र्खैः,rkhaiḥ,rKEH,1,0.0,0,0,0,1,0
क्श्वे,kśve,kSve,1,0.0,0,0,0,1,0
त्भा,tbhā,tBA,1,0.0,0,0,0,1,0
त्थ्यां,tthyāṃ,tTyAM,1,0.0,1,0,0,0,0
र्श्वीं,rśvīṃ,rSvIM,1,0.0,1,0,0,0,0
र्ष्ण्यां,rṣṇyāṃ,rzRyAM,1,0.0,1,0,0,0,0
र्णीः,rṇīḥ,rRIH,1,0.0,1,0,0,0,0
र्छं,rchaṃ,rCaM,1,0.0,1,0,0,0,0
र्त्युं,rtyuṃ,rtyuM,1,0.0,1,0,0,0,0
र्कीं,rkīṃ,rkIM,1,0.0,1,0,0,0,0
र्ध्नोः,rdhnoḥ,rDnoH,1,0.0,1,0,0,0,0
ह्म्यः,hmyaḥ,hmyaH,1,0.0,1,0,0,0,0
द्प्र,dpra,dpra,1,0.0,1,0,0,0,0
द्म्ना,dmnā,dmnA,1,0.0,1,0,0,0,0
प्र्यो,pryo,pryo,1,0.0,1,0,0,0,0
द्ध्य्व्,ddhyv,dDyv,1,0.0,1,0,0,0,0
क्श्लो,kślo,kSlo,1,0.0,1,0,0,0,0
श्छाः,śchāḥ,SCAH,1,0.0,0,0,0,0,1
न्क्ष्वे,nkṣve,nkzve,1,0.0,0,0,0,0,1
ङ्ङि,ṅṅi,NNi,1,0.0,1,0,0,0,0
र्ष्वं,rṣvaṃ,rzvaM,1,0.0,1,0,0,0,0
ष्ख,ṣkha,zKa,1,0.0,0,0,1,0,0
थ्छ,thcha,TCa,1,0.0,0,0,1,0,0
ल्लीः,llīḥ,llIH,1,0.0,0,0,0,0,1
द्र्योः,dryoḥ,dryoH,1,0.0,0,0,0,0,1
ख्योः,khyoḥ,KyoH,1,0.0,0,0,1,0,0
य्यि,yyi,yyi,1,0.0,0,0,1,0,0
ल्गे,lge,lge,1,0.0,0,0,1,0,0
न्ध्र्यः,ndhryaḥ,nDryaH,1,0.0,0,0,1,0,0
र्त्रोः,rtroḥ,rtroH,1,0.0,0,0,1,0,0
ग्व्रा,gvrā,gvrA,1,0.0,0,0,1,0,0
ङ्वी,ṅvī,NvI,1,0.0,0,0,1,0,0
त्क्रे,tkre,tkre,1,0.0,0,0,1,0,0
ण्च,ṇca,Rca,1,0.0,0,0,1,0,0
भ्र्तृ,bhrtṛ,Brtf,1,0.0,0,0,1,0,0
र्ह्त,rhta,rhta,1,0.0,0,0,1,0,0
ङ्शा,ṅśā,NSA,1,0.0,1,0,0,0,0
र्द्मा,rdmā,rdmA,1,0.0,1,0,0,0,0
क्ल्या,klyā,klyA,1,0.0,0,0,1,0,0
ब्द्यं,bdyaṃ,bdyaM,1,0.0,0,0,1,0,0
र्ङ्गः,rṅgaḥ,rNgaH,1,0.0,0,0,1,0,0
क्च्यु,kcyu,kcyu,1,0.0,0,0,1,0,0
ट्वै,ṭvai,wvE,1,0.0,0,0,1,0,0
ज्भि,jbhi,jBi,1,0.0,0,0,1,0,0
ञ्ज्ञी,ñjñī,YjYI,1,0.0,0,0,1,0,0
र्प्ता,rptā,rptA,1,0.0,0,0,1,0,0
र्प्तु,rptu,rptu,1,0.0,0,0,1,0,0
ञ्ज्ञ,ñjña,YjYa,1,0.0,0,0,1,0,0
र्प्र,rpra,rpra,1,0.0,0,0,1,0,0
स्जे,sje,sje,1,0.0,0,0,1,0,0
ङ्क्तु,ṅktu,Nktu,1,0.0,0,0,1,0,0
श्र्वां,śrvāṃ,SrvAM,1,0.0,1,0,0,0,0
स्वों,svoṃ,svoM,1,0.0,1,0,0,0,0
च्ञः,cñaḥ,cYaH,1,0.0,1,0,0,0,0
शूः,śūḥ,SUH,1,0.0,1,0,0,0,0
श्श्वो,śśvo,SSvo,1,0.0,1,0,0,0,0
भ्र्व्,bhrv,Brv,1,0.0,1,0,0,0,0
ञ्श्,ñś,YS,1,0.0,1,0,0,0,0
ब्ना,bnā,bnA,1,0.0,1,0,0,0,0
श्शृ,śśṛ,SSf,1,0.0,1,0,0,0,0
स्स्थू,ssthū,ssTU,1,0.0,1,0,0,0,0
स्स्त,ssta,ssta,1,0.0,1,0,0,0,0
ट्स्त,ṭsta,wsta,1,0.0,1,0,0,0,0
श्शे,śśe,SSe,1,0.0,1,0,0,0,0
ध्नौ,dhnau,DnO,1,0.0,1,0,0,0,0
ञ्छ्रै,ñchrai,YCrE,1,0.0,1,0,0,0,0
ङ्क्त्य्,ṅkty,Nkty,1,0.0,1,0,0,0,0
र्द्यि,rdyi,rdyi,1,0.0,0,0,1,0,0
स्वू,svū,svU,1,0.0,0,0,1,0,0
न्द्,nd,nd,1,0.0,0,0,1,0,0
र्वों,rvoṃ,rvoM,1,0.0,0,0,1,0,0
स्म्व,smva,smva,1,0.0,0,0,1,0,0
श्र्धं,śrdhaṃ,SrDaM,1,0.0,0,0,1,0,0
ट्क्रो,ṭkro,wkro,1,0.0,0,1,0,0,0
ड्ध्या,ḍdhyā,qDyA,1,0.0,0,0,1,0,0
ण्वोः,ṇvoḥ,RvoH,1,0.0,0,0,1,0,0
ड्जो,ḍjo,qjo,1,0.0,0,0,1,0,0
न्बी,nbī,nbI,1,0.0,0,0,1,0,0
र्च्यै,rcyai,rcyE,1,0.0,0,0,1,0,0
न्स्प,nspa,nspa,1,0.0,0,0,1,0,0
ड्ढुं,ḍḍhuṃ,qQuM,1,0.0,0,0,1,0,0
तौं,tauṃ,tOM,1,0.0,0,0,1,0,0
न्सः,nsaḥ,nsaH,1,0.0,0,0,1,0,0
म्प्ला,mplā,mplA,1,0.0,0,0,1,0,0
त्वौं,tvauṃ,tvOM,1,0.0,0,0,1,0,0
ण्ठ्यै,ṇṭhyai,RWyE,1,0.0,0,0,1,0,0
ड्घ्नः,ḍghnaḥ,qGnaH,1,0.0,0,0,0,1,0
ञ्श्वा,ñśvā,YSvA,1,0.0,0,1,0,0,0
र्ङ्ग्यं,rṅgyaṃ,rNgyaM,1,0.0,0,1,0,0,0
ञ्शं,ñśaṃ,YSaM,1,0.0,0,1,0,0,0
त्सीं,tsīṃ,tsIM,1,0.0,0,1,0,0,0
ड्ज्ञा,ḍjñā,qjYA,1,0.0,0,1,0,0,0
थ्वै,thvai,TvE,1,0.0,0,1,0,0,0
ल्भां,lbhāṃ,lBAM,1,0.0,0,1,0,0,0
त्न्यं,tnyaṃ,tnyaM,1,0.0,0,1,0,0,0
स्र्याः,sryāḥ,sryAH,1,0.0,0,1,0,0,0
ज्भिः,jbhiḥ,jBiH,1,0.0,0,1,0,0,0
म्सु,msu,msu,1,0.0,0,1,0,0,0
ज्सु,jsu,jsu,1,0.0,0,1,0,0,0
र्त्स्यो,rtsyo,rtsyo,1,0.0,0,1,0,0,0
र्भ्याः,rbhyāḥ,rByAH,1,0.0,0,1,0,0,0
प्लुं,pluṃ,pluM,1,0.0,0,1,0,0,0
न्देः,ndeḥ,ndeH,1,0.0,0,1,0,0,0
ब्द्या,bdyā,bdyA,1,0.0,0,1,0,0,0
ध्वीः,dhvīḥ,DvIH,1,0.0,0,1,0,0,0
न्ध्र्यो,ndhryo,nDryo,1,0.0,0,1,0,0,0
ङ्गूं,ṅgūṃ,NgUM,1,0.0,0,1,0,0,0
र्च्छं,rcchaṃ,rcCaM,1,0.0,0,1,0,0,0
र्ध्नां,rdhnāṃ,rDnAM,1,0.0,0,1,0,0,0
ध्न्यै,dhnyai,DnyE,1,0.0,0,1,0,0,0
र्द्ध्यां,rddhyāṃ,rdDyAM,1,0.0,0,1,0,0,0
च्यैः,cyaiḥ,cyEH,1,0.0,0,1,0,0,0
ञ्च्यैः,ñcyaiḥ,YcyEH,1,0.0,0,1,0,0,0
म्प्यां,mpyāṃ,mpyAM,1,0.0,0,1,0,0,0
त्र्व,trva,trva,1,0.0,0,1,0,0,0
क्नीं,knīṃ,knIM,1,0.0,0,1,0,0,0
ञ्जुं,ñjuṃ,YjuM,1,0.0,0,1,0,0,0
र्ह्वा,rhvā,rhvA,1,0.0,0,1,0,0,0
ज्ज्ञं,jjñaṃ,jjYaM,1,0.0,0,1,0,0,0
गिं,giṃ,giM,1,0.0,0,1,0,0,0
प्त्वं,ptvaṃ,ptvaM,1,0.0,0,1,0,0,0
र्ष्णेः,rṣṇeḥ,rzReH,1,0.0,0,1,0,0,0
स्त्स,stsa,stsa,1,0.0,0,1,0,0,0
क्मीं,kmīṃ,kmIM,1,0.0,0,1,0,0,0
ग्णो,gṇo,gRo,1,0.0,0,1,0,0,0
श्व्रा,śvrā,SvrA,1,0.0,0,1,0,0,0
प्तॄं,ptṝṃ,ptFM,1,0.0,0,1,0,0,0
ग्ध्रीः,gdhrīḥ,gDrIH,1,0.0,0,1,0,0,0
प्स्वो,psvo,psvo,1,0.0,0,1,0,0,0
म्बेः,mbeḥ,mbeH,1,0.0,0,1,0,0,0
घ्न्यु,ghnyu,Gnyu,1,0.0,0,1,0,0,0
ङ्क्त्वे,ṅktve,Nktve,1,0.0,0,1,0,0,0
स्स्वो,ssvo,ssvo,1,0.0,0,1,0,0,0
म्पुः,mpuḥ,mpuH,1,0.0,0,1,0,0,0
त्स्नौ,tsnau,tsnO,1,0.0,0,1,0,0,0
ग्ध्वै,gdhvai,gDvE,1,0.0,0,1,0,0,0
ज्झो,jjho,jJo,1,0.0,0,1,0,0,0
ल्प्यां,lpyāṃ,lpyAM,1,0.0,0,1,0,0,0
ङ्क्यौ,ṅkyau,NkyO,1,0.0,0,1,0,0,0
ष्पिं,ṣpiṃ,zpiM,1,0.0,0,1,0,0,0
क्स्प,kspa,kspa,1,0.0,0,1,0,0,0
र्ध्यां,rdhyāṃ,rDyAM,1,0.0,0,1,0,0,0
प्स्वौ,psvau,psvO,1,0.0,0,1,0,0,0
ल्यू,lyū,lyU,1,0.0,0,1,0,0,0
त्स्थां,tsthāṃ,tsTAM,1,0.0,0,1,0,0,0
स्म्यै,smyai,smyE,1,0.0,0,1,0,0,0
ज्रीं,jrīṃ,jrIM,1,0.0,0,1,0,0,0
ञ्छ्रू,ñchrū,YCrU,1,0.0,0,1,0,0,0
ङ्क्त्याः,ṅktyāḥ,NktyAH,1,0.0,0,1,0,0,0
र्भिं,rbhiṃ,rBiM,1,0.0,0,1,0,0,0
ङ्कीं,ṅkīṃ,NkIM,1,0.0,0,1,0,0,0
ल्प्स्य,lpsya,lpsya,1,0.0,0,1,0,0,0
श्र्वो,śrvo,Srvo,1,0.0,0,1,0,0,0
द्भाः,dbhāḥ,dBAH,1,0.0,1,0,0,0,0
क्शं,kśaṃ,kSaM,1,0.0,1,0,0,0,0
र्भ्यं,rbhyaṃ,rByaM,1,0.0,1,0,0,0,0
ष्ण्यैः,ṣṇyaiḥ,zRyEH,1,0.0,1,0,0,0,0
स्कू,skū,skU,1,0.0,1,0,0,0,0
म्न्यै,mnyai,mnyE,1,0.0,1,0,0,0,0
ब्वं,bvaṃ,bvaM,1,0.0,1,0,0,0,0
र्स्वै,rsvai,rsvE,1,0.0,1,0,0,0,0
न्र्,nr,nr,1,0.0,1,0,0,0,0
द्वैः,dvaiḥ,dvEH,1,0.0,0,1,0,0,0
ग्व्य्,gvy,gvy,1,0.0,0,1,0,0,0
ज्स्ना,jsnā,jsnA,1,0.0,0,1,0,0,0
ड्घ्रा,ḍghrā,qGrA,1,0.0,0,1,0,0,0
ट्से,ṭse,wse,1,0.0,0,1,0,0,0
श्क्ष,śkṣa,Skza,1,0.0,0,1,0,0,0
ल्प्य्,lpy,lpy,1,0.0,0,1,0,0,0
त्ज,tja,tja,1,0.0,0,1,0,0,0
न्पी,npī,npI,1,0.0,0,0,1,0,0
र्च्यां,rcyāṃ,rcyAM,1,0.0,0,0,1,0,0
ड्च,ḍca,qca,1,0.0,0,0,1,0,0
र्जैः,rjaiḥ,rjEH,1,0.0,0,0,1,0,0
न्टि,nṭi,nwi,1,0.0,0,0,1,0,0
ञ्श्या,ñśyā,YSyA,1,0.0,0,0,1,0,0
न्कः,nkaḥ,nkaH,1,0.0,0,0,1,0,0
र्क्यां,rkyāṃ,rkyAM,1,0.0,0,0,1,0,0
द्भ्रं,dbhraṃ,dBraM,1,0.0,0,0,1,0,0
द्द्वाः,ddvāḥ,ddvAH,1,0.0,0,0,1,0,0
ग्ज्यौ,gjyau,gjyO,1,0.0,0,0,1,0,0
र्जृ,rjṛ,rjf,1,0.0,0,0,1,0,0
न्द्यैः,ndyaiḥ,ndyEH,1,0.0,0,0,1,0,0
ण्प्र,ṇpra,Rpra,1,0.0,0,0,0,0,1
ह्न्यौ,hnyau,hnyO,1,0.0,0,0,0,0,1
श्र्ये,śrye,Srye,1,0.0,0,0,0,0,1
द्रृ,drṛ,drf,1,0.0,0,0,0,0,1
त्मैः,tmaiḥ,tmEH,1,0.0,0,0,0,0,1
श्लं,ślaṃ,SlaM,1,0.0,1,0,0,0,0
त्स्नुं,tsnuṃ,tsnuM,1,0.0,1,0,0,0,0
ष्तु,ṣtu,ztu,1,0.0,0,0,0,1,0
क्ष्रौं,kṣrauṃ,kzrOM,1,0.0,0,0,0,1,0
ङ्क्थाः,ṅkthāḥ,NkTAH,1,0.0,0,0,0,1,0
ष्स्थ,ṣstha,zsTa,1,0.0,0,0,0,1,0
ग्ग्ला,gglā,gglA,1,0.0,0,0,0,1,0
न्बो,nbo,nbo,1,0.0,0,0,0,1,0
ङ्क्यै,ṅkyai,NkyE,1,0.0,0,0,0,1,0
न्श्व,nśva,nSva,1,0.0,0,0,0,1,0
ङ्ख्यैः,ṅkhyaiḥ,NKyEH,1,0.0,0,0,0,1,0
ण्ठिः,ṇṭhiḥ,RWiH,1,0.0,0,0,0,1,0
र्ख्यै,rkhyai,rKyE,1,0.0,0,0,0,1,0
ण्ठिं,ṇṭhiṃ,RWiM,1,0.0,0,0,0,1,0
म्ब्वां,mbvāṃ,mbvAM,1,0.0,0,0,0,1,0
वूः,vūḥ,vUH,1,0.0,0,0,0,1,0
ग्ज्ञे,gjñe,gjYe,1,0.0,1,0,0,0,0
र्क्व्,rkv,rkv,1,0.0,1,0,0,0,0
च्चृ,ccṛ,ccf,1,0.0,1,0,0,0,0
त्स्ते,tste,tste,1,0.0,0,0,1,0,0
म्फे,mphe,mPe,1,0.0,0,0,1,0,0
त्द्वि,tdvi,tdvi,1,0.0,0,0,1,0,0
क्श्री,kśrī,kSrI,1,0.0,0,0,0,0,1
ब्लू,blū,blU,1,0.0,0,0,0,0,1
न्व्लीं,nvlīṃ,nvlIM,1,0.0,0,0,0,0,1
य्लूं,ylūṃ,ylUM,1,0.0,0,0,0,0,1
ज्म्रीं,jmrīṃ,jmrIM,1,0.0,0,0,0,0,1
ह्स्ल्व्यूं,hslvyūṃ,hslvyUM,1,0.0,0,0,0,0,1
झ्म्र्यूं,jhmryūṃ,JmryUM,1,0.0,0,0,0,0,1
क्ष्म्रीं,kṣmrīṃ,kzmrIM,1,0.0,0,0,0,0,1
य्म,yma,yma,1,0.0,1,0,0,0,0
भ्जा,bhjā,BjA,1,0.0,1,0,0,0,0
त्षु,tṣu,tzu,1,0.0,1,0,0,0,0
प्णा,pṇā,pRA,1,0.0,1,0,0,0,0
र्त्तिः,rttiḥ,rttiH,1,0.0,1,0,0,0,0
श्न्य्,śny,Sny,1,0.0,1,0,0,0,0
ग्व्वा,gvvā,gvvA,1,0.0,0,0,1,0,0
प्स्ना,psnā,psnA,1,0.0,0,0,1,0,0
र्ष्मः,rṣmaḥ,rzmaH,1,0.0,1,0,0,0,0
प्स्वा,psvā,psvA,1,0.0,1,0,0,0,0
ट्त्रु,ṭtru,wtru,1,0.0,0,0,0,0,1
र्थिः,rthiḥ,rTiH,1,0.0,0,0,0,0,1
ट्ति,ṭti,wti,1,0.0,0,0,0,1,0
ष्ट्र्यौ,ṣṭryau,zwryO,1,0.0,0,0,0,1,0
ड्ग्रा,ḍgrā,qgrA,1,0.0,0,0,0,1,0
न्निं,nniṃ,nniM,1,0.0,0,0,0,1,0
र्लिं,rliṃ,rliM,1,0.0,0,0,0,1,0
गृं,gṛṃ,gfM,1,0.0,0,0,0,1,0
न्घृ,nghṛ,nGf,1,0.0,0,0,0,1,0
द्भृं,dbhṛṃ,dBfM,1,0.0,0,0,0,1,0
ण्मृ,ṇmṛ,Rmf,1,0.0,0,0,0,1,0
ग्जे,gje,gje,1,0.0,0,0,0,1,0
प्त्योः,ptyoḥ,ptyoH,1,0.0,0,0,0,1,0
ण्ठ्यू,ṇṭhyū,RWyU,1,0.0,0,0,0,1,0
र्ङ्ग्या,rṅgyā,rNgyA,1,0.0,0,0,0,1,0
ण्टुः,ṇṭuḥ,RwuH,1,0.0,0,0,0,0,1
ल्ख,lkha,lKa,1,0.0,0,0,0,0,1
य्ला,ylā,ylA,1,0.0,0,0,0,0,1
ल्टी,lṭī,lwI,1,0.0,0,0,0,0,1
ल्युः,lyuḥ,lyuH,1,0.0,0,0,0,0,1
न्वीः,nvīḥ,nvIH,1,0.0,0,0,0,0,1
ङ्ग्ल,ṅgla,Ngla,1,0.0,0,0,0,0,1
ख्रा,khrā,KrA,1,0.0,0,0,0,0,1
न्न्यु,nnyu,nnyu,1,0.0,0,0,0,0,1
ठ्यः,ṭhyaḥ,WyaH,1,0.0,0,0,0,0,1
क्ध्रू,kdhrū,kDrU,1,0.0,0,0,0,1,0
ग्मौ,gmau,gmO,1,0.0,0,0,0,1,0
छ्ल,chla,Cla,1,0.0,0,0,0,1,0
र्द्यौ,rdyau,rdyO,1,0.0,0,0,0,1,0
श्र्यं,śryaṃ,SryaM,1,0.0,0,0,0,1,0
ठ्ठ,ṭhṭha,WWa,1,0.0,0,0,0,1,0
क्ष्में,kṣmeṃ,kzmeM,1,0.0,0,0,0,1,0
न्ध्मा,ndhmā,nDmA,1,0.0,0,0,0,1,0
द्गुं,dguṃ,dguM,1,0.0,0,0,0,1,0
र्ढा,rḍhā,rQA,1,0.0,0,0,0,1,0
ल्लेः,lleḥ,lleH,1,0.0,0,0,0,0,1
ण्ढु,ṇḍhu,RQu,1,0.0,0,0,0,1,0
ह्णिः,hṇiḥ,hRiH,1,0.0,0,0,0,1,0
त्पिं,tpiṃ,tpiM,1,0.0,0,0,0,1,0
ङ्न्यू,ṅnyū,NnyU,1,0.0,0,0,0,1,0
र्त्त्य,rttya,rttya,1,0.0,0,0,0,1,0
र्त्त्या,rttyā,rttyA,1,0.0,0,0,0,1,0
न्घ्रा,nghrā,nGrA,1,0.0,0,0,0,1,0
ल्ल्यौ,llyau,llyO,1,0.0,0,0,0,1,0
र्द्धां,rddhāṃ,rdDAM,1,0.0,0,0,0,1,0
र्य्यौ,ryyau,ryyO,1,0.0,0,0,0,1,0
क्क्षा,kkṣā,kkzA,1,0.0,0,0,0,1,0
व्वे,vve,vve,1,0.0,0,0,0,1,0
स्फे,sphe,sPe,1,0.0,0,0,0,1,0
ल्ह्यां,lhyāṃ,lhyAM,1,0.0,0,0,0,1,0
म्क,mka,mka,1,0.0,0,0,0,1,0
ल्हीं,lhīṃ,lhIM,1,0.0,0,0,0,1,0
क्ष्लौः,kṣlauḥ,kzlOH,1,0.0,0,0,0,1,0
क्ष्लः,kṣlaḥ,kzlaH,1,0.0,0,0,0,1,0
क्ष्लैं,kṣlaiṃ,kzlEM,1,0.0,0,0,0,1,0
क्ष्लं,kṣlaṃ,kzlaM,1,0.0,0,0,0,1,0
ह्रूः,hrūḥ,hrUH,1,0.0,0,0,0,1,0
र्तीं,rtīṃ,rtIM,1,0.0,0,0,0,1,0
ष्क्ले,ṣkle,zkle,1,0.0,0,0,0,1,0
ञ्च्वोः,ñcvoḥ,YcvoH,1,0.0,0,0,0,1,0
ञ्च्वो,ñcvo,Ycvo,1,0.0,0,0,0,0,1
ज्र्यां,jryāṃ,jryAM,1,0.0,0,0,0,0,1
ट्व्य्,ṭvy,wvy,1,0.0,0,0,0,1,0
ब्भ्रं,bbhraṃ,bBraM,1,0.0,0,0,0,1,0
ग्घा,gghā,gGA,1,0.0,0,0,0,1,0
ड्भूः,ḍbhūḥ,qBUH,1,0.0,0,0,0,1,0
ग्र्व,grva,grva,1,0.0,0,0,0,1,0
र्वु,rvu,rvu,1,0.0,0,0,0,1,0
ङ्घौ,ṅghau,NGO,1,0.0,0,0,0,1,0
ण्ढ्रः,ṇḍhraḥ,RQraH,1,0.0,0,0,0,1,0
झ्वि,jhvi,Jvi,1,0.0,0,0,0,1,0
द्व्यै,dvyai,dvyE,1,0.0,0,0,0,1,0
ह्नाः,hnāḥ,hnAH,1,0.0,0,0,0,1,0
न्त्व्ये,ntvye,ntvye,1,0.0,0,1,0,0,0
न्त्व्या,ntvyā,ntvyA,1,0.0,0,1,0,0,0
क्प्री,kprī,kprI,1,0.0,0,1,0,0,0
ड्वे,ḍve,qve,1,0.0,0,1,0,0,0
र्ध्न्ये,rdhnye,rDnye,1,0.0,0,1,0,0,0
न्थू,nthū,nTU,1,0.0,0,1,0,0,0
र्ष्ट्या,rṣṭyā,rzwyA,1,0.0,0,1,0,0,0
न्द्ध्ये,nddhye,ndDye,1,0.0,0,1,0,0,0
ञ्श्रू,ñśrū,YSrU,1,0.0,0,1,0,0,0
ह्ल्यां,hlyāṃ,hlyAM,1,0.0,0,1,0,0,0
र्द्ध्यो,rddhyo,rdDyo,1,0.0,0,0,0,0,1
र्द्ध्य,rddhya,rdDya,1,0.0,0,0,0,0,1
क्त्यौ,ktyau,ktyO,1,0.0,0,0,0,1,0
घ्वोः,ghvoḥ,GvoH,1,0.0,0,0,0,1,0
म्तौ,mtau,mtO,1,0.0,0,0,0,1,0
ण्यूं,ṇyūṃ,RyUM,1,0.0,0,1,0,0,0
क्छ्रु,kchru,kCru,1,0.0,0,1,0,0,0
स्थोः,sthoḥ,sToH,1,0.0,0,0,1,0,0
न्न्नि,nnni,nnni,1,0.0,0,0,1,0,0
ष्ण्वृ,ṣṇvṛ,zRvf,1,0.0,0,0,0,1,0
न्क्ले,nkle,nkle,1,0.0,0,0,0,0,1
डेः,ḍeḥ,qeH,1,0.0,0,0,0,0,1
न्गोः,ngoḥ,ngoH,1,0.0,0,0,0,0,1
ज्ञ्यै,jñyai,jYyE,1,0.0,0,0,0,0,1
न्च्यु,ncyu,ncyu,1,0.0,0,0,0,0,1
ण्टैः,ṇṭaiḥ,RwEH,1,0.0,0,0,0,0,1
न्रे,nre,nre,1,0.0,0,0,0,0,1
म्फः,mphaḥ,mPaH,1,0.0,0,0,0,0,1
ढ्रः,ḍhraḥ,QraH,1,0.0,0,0,0,1,0
र्द्ध्वं,rddhvaṃ,rdDvaM,1,0.0,0,0,0,1,0
ब्ध्रे,bdhre,bDre,1,0.0,0,0,0,1,0
ब्धुः,bdhuḥ,bDuH,1,0.0,0,0,0,1,0
घ्व्यो,ghvyo,Gvyo,1,0.0,0,0,1,0,0
ङ्क्वे,ṅkve,Nkve,1,0.0,0,0,1,0,0
ब्ज्यं,bjyaṃ,bjyaM,1,0.0,0,0,1,0,0
श्र्ङ्गी,śrṅgī,SrNgI,1,0.0,0,0,1,0,0
र्ङ्गु,rṅgu,rNgu,1,0.0,0,0,1,0,0
ण्मां,ṇmāṃ,RmAM,1,0.0,0,0,1,0,0
ट्टू,ṭṭū,wwU,1,0.0,0,0,1,0,0
न्थेः,ntheḥ,nTeH,1,0.0,0,0,1,0,0
प्पं,ppaṃ,ppaM,1,0.0,0,0,1,0,0
र्च्यौ,rcyau,rcyO,1,0.0,0,0,1,0,0
चूं,cūṃ,cUM,1,0.0,0,0,1,0,0
त्क्लो,tklo,tklo,1,0.0,0,0,1,0,0
थ्व्य,thvya,Tvya,1,0.0,0,0,1,0,0
त्स्वाः,tsvāḥ,tsvAH,1,0.0,0,0,1,0,0
ड्दै,ḍdai,qdE,1,0.0,0,0,1,0,0
र्प्यु,rpyu,rpyu,1,0.0,0,0,1,0,0
ष्क्यं,ṣkyaṃ,zkyaM,1,0.0,0,0,1,0,0
ष्क्यः,ṣkyaḥ,zkyaH,1,0.0,0,0,1,0,0
ष्क्य,ṣkya,zkya,1,0.0,0,0,1,0,0
क्फा,kphā,kPA,1,0.0,0,0,1,0,0
क्सी,ksī,ksI,1,0.0,0,0,1,0,0
प्वाः,pvāḥ,pvAH,1,0.0,0,0,1,0,0
ब्वां,bvāṃ,bvAM,1,0.0,0,0,1,0,0
ण्ठ्ये,ṇṭhye,RWye,1,0.0,0,0,1,0,0
र्गीः,rgīḥ,rgIH,1,0.0,0,0,1,0,0
ण्वैः,ṇvaiḥ,RvEH,1,0.0,0,0,1,0,0
ङ्गूः,ṅgūḥ,NgUH,1,0.0,0,0,1,0,0
ट्शै,ṭśai,wSE,1,0.0,0,0,1,0,0
ह्म्यो,hmyo,hmyo,1,0.0,0,0,1,0,0
ग्र्वि,grvi,grvi,1,0.0,0,0,1,0,0
क्स्यू,ksyū,ksyU,1,0.0,0,0,1,0,0
क्स्थौ,ksthau,ksTO,1,0.0,0,0,1,0,0
स्त्रीः,strīḥ,strIH,1,0.0,0,0,1,0,0
र्भूं,rbhūṃ,rBUM,1,0.0,1,0,0,0,0
ष्ण्वं,ṣṇvaṃ,zRvaM,1,0.0,0,0,0,0,1
त्त्यः,ttyaḥ,ttyaH,1,0.0,0,0,0,0,1
ज्झ्यो,jjhyo,jJyo,1,0.0,0,0,1,0,0
र्द्वाः,rdvāḥ,rdvAH,1,0.0,0,0,0,1,0
व्ले,vle,vle,1,0.0,1,0,0,0,0
प्स्नि,psni,psni,1,0.0,1,0,0,0,0
च्ञै,cñai,cYE,1,0.0,1,0,0,0,0
ञ्छ्वो,ñchvo,YCvo,1,0.0,1,0,0,0,0
ल्मिं,lmiṃ,lmiM,1,0.0,1,0,0,0,0
र्त्रः,rtraḥ,rtraH,1,0.0,1,0,0,0,0
श्च्य्,ścy,Scy,1,0.0,1,0,0,0,0
द्र्व्,drv,drv,1,0.0,1,0,0,0,0
त्त्रीः,ttrīḥ,ttrIH,1,0.0,1,0,0,0,0
त्त्र्य्,ttry,ttry,1,0.0,1,0,0,0,0
र्द्धो,rddho,rdDo,1,0.0,1,0,0,0,0
न्त्तो,ntto,ntto,1,0.0,1,0,0,0,0
श्नीं,śnīṃ,SnIM,1,0.0,1,0,0,0,0
र्ष्णै,rṣṇai,rzRE,1,0.0,1,0,0,0,0
न्ध्यै,ndhyai,nDyE,1,0.0,0,0,0,1,0
म्ब्ली,mblī,mblI,1,0.0,0,0,0,1,0
ट्प्रो,ṭpro,wpro,1,0.0,0,0,0,1,0
क्त्रीं,ktrīṃ,ktrIM,1,0.0,0,0,0,1,0
र्त्स्व,rtsva,rtsva,1,0.0,0,0,1,0,0
द्बौ,dbau,dbO,1,0.0,0,0,0,1,0
ष्ट्ट,ṣṭṭa,zwwa,1,0.0,0,0,0,1,0
न्ध्वा,ndhvā,nDvA,1,0.0,0,0,0,1,0
त्स्वैः,tsvaiḥ,tsvEH,1,0.0,0,0,0,1,0
न्स्फु,nsphu,nsPu,1,0.0,0,0,0,1,0
न्स्थू,nsthū,nsTU,1,0.0,0,0,0,1,0
ट्प्रा,ṭprā,wprA,1,0.0,0,0,0,1,0
त्खं,tkhaṃ,tKaM,1,0.0,0,0,0,1,0
च्मः,cmaḥ,cmaH,1,0.0,0,0,0,1,0
द्द्विं,ddviṃ,ddviM,1,0.0,0,0,0,1,0
स्त्वों,stvoṃ,stvoM,1,0.0,0,0,0,1,0
ड्द्वी,ḍdvī,qdvI,1,0.0,0,0,0,1,0
त्स्थाः,tsthāḥ,tsTAH,1,0.0,0,0,0,1,0
न्पै,npai,npE,1,0.0,0,0,0,1,0
भ्व्या,bhvyā,BvyA,1,0.0,0,0,0,1,0
ड्यैः,ḍyaiḥ,qyEH,1,0.0,0,0,0,1,0
क्स्थै,ksthai,ksTE,1,0.0,0,0,0,1,0
क्ष्म्यः,kṣmyaḥ,kzmyaH,1,0.0,0,0,0,1,0
ग्यी,gyī,gyI,1,0.0,0,0,0,1,0
त्त्वीं,ttvīṃ,ttvIM,1,0.0,0,0,0,1,0
द्द्व्ये,ddvye,ddvye,1,0.0,0,0,0,1,0
त्त्वी,ttvī,ttvI,1,0.0,0,0,0,1,0
र्ष्वि,rṣvi,rzvi,1,0.0,0,0,0,1,0
ल्द्व,ldva,ldva,1,0.0,0,0,0,1,0
ल्त,lta,lta,1,0.0,0,0,0,1,0
र्प्यः,rpyaḥ,rpyaH,1,0.0,0,0,0,1,0
म्ब्लः,mblaḥ,mblaH,1,0.0,0,0,1,0,0
एं,eṃ,eM,1,0.0,0,0,0,0,1
ङ्भी,ṅbhī,NBI,1,0.0,0,0,0,0,1
व्रीं,vrīṃ,vrIM,1,0.0,0,0,0,0,1
ल्टा,lṭā,lwA,1,0.0,0,0,0,0,1
क्लूं,klūṃ,klUM,1,0.0,0,0,0,0,1
क्लैं,klaiṃ,klEM,1,0.0,0,0,0,0,1
क्लौं,klauṃ,klOM,1,0.0,0,0,0,0,1
ह्रें,hreṃ,hreM,1,0.0,0,0,0,0,1
हृं,hṛṃ,hfM,1,0.0,0,0,0,0,1
स्रिं,sriṃ,sriM,1,0.0,0,0,0,0,1
स्रुं,sruṃ,sruM,1,0.0,0,0,0,0,1
स्रूं,srūṃ,srUM,1,0.0,0,0,0,0,1
स्रें,sreṃ,sreM,1,0.0,0,0,0,0,1
स्रैं,sraiṃ,srEM,1,0.0,0,0,0,0,1
स्रों,sroṃ,sroM,1,0.0,0,0,0,0,1
स्रौं,srauṃ,srOM,1,0.0,0,0,0,0,1
क्षों,kṣoṃ,kzoM,1,0.0,0,0,0,0,1
लौं,lauṃ,lOM,1,0.0,0,0,0,0,1
न्थ्यै,nthyai,nTyE,1,0.0,0,0,1,0,0
त्ले,tle,tle,1,0.0,0,0,1,0,0
र्क्षां,rkṣāṃ,rkzAM,1,0.0,0,0,1,0,0
ङ्तां,ṅtāṃ,NtAM,1,0.0,1,0,0,0,0
न्त्वो,ntvo,ntvo,1,0.0,1,0,0,0,0
स्स्वि,ssvi,ssvi,1,0.0,1,0,0,0,0
ध्यों,dhyoṃ,DyoM,1,0.0,1,0,0,0,0
ग्वौ,gvau,gvO,1,0.0,1,0,0,0,0
र्जुं,rjuṃ,rjuM,1,0.0,1,0,0,0,0
र्ण्व्,rṇv,rRv,1,0.0,1,0,0,0,0
ष्नो,ṣno,zno,1,0.0,1,0,0,0,0
र्यूं,ryūṃ,ryUM,1,0.0,1,0,0,0,0
ग्ध्रं,gdhraṃ,gDraM,1,0.0,1,0,0,0,0
प्वि,pvi,pvi,1,0.0,1,0,0,0,0
त्यों,tyoṃ,tyoM,1,0.0,1,0,0,0,0
र्य्वा,ryvā,ryvA,1,0.0,1,0,0,0,0
प्पी,ppī,ppI,1,0.0,1,0,0,0,0
र्य्वो,ryvo,ryvo,1,0.0,1,0,0,0,0
ब्ध्योः,bdhyoḥ,bDyoH,1,0.0,0,0,1,0,0
त्भो,tbho,tBo,1,0.0,1,0,0,0,0
स्द,sda,sda,1,0.0,1,0,0,0,0
ध्यी,dhyī,DyI,1,0.0,0,0,1,0,0
ञ्छौ,ñchau,YCO,1,0.0,0,0,1,0,0
र्ष्ट्यो,rṣṭyo,rzwyo,1,0.0,0,0,1,0,0
न्रै,nrai,nrE,1,0.0,0,0,1,0,0
द्भूः,dbhūḥ,dBUH,1,0.0,0,0,1,0,0
न्ह्री,nhrī,nhrI,1,0.0,0,0,1,0,0
न्गे,nge,nge,1,0.0,0,0,1,0,0
क्तॄं,ktṝṃ,ktFM,1,0.0,0,0,1,0,0
न्बै,nbai,nbE,1,0.0,0,0,1,0,0
ङ्क्षीः,ṅkṣīḥ,NkzIH,1,0.0,0,0,1,0,0
न्शु,nśu,nSu,1,0.0,0,0,1,0,0
म्प्याः,mpyāḥ,mpyAH,1,0.0,0,0,1,0,0
न्घा,nghā,nGA,1,0.0,0,0,1,0,0
र्व्रि,rvri,rvri,1,0.0,0,0,1,0,0
म्नेः,mneḥ,mneH,1,0.0,0,0,1,0,0
ग्गे,gge,gge,1,0.0,0,0,1,0,0
व्झ,vjha,vJa,1,0.0,0,0,1,0,0
म्णै,mṇai,mRE,1,0.0,0,0,1,0,0
न्फा,nphā,nPA,1,0.0,0,0,1,0,0
त्स्थी,tsthī,tsTI,1,0.0,0,0,1,0,0
द्म्ये,dmye,dmye,1,0.0,0,0,1,0,0
ण्दी,ṇdī,RdI,1,0.0,0,0,1,0,0
त्र्वे,trve,trve,1,0.0,0,0,1,0,0
प्त्र्ये,ptrye,ptrye,1,0.0,1,0,0,0,0
ङ्क्सो,ṅkso,Nkso,1,0.0,1,0,0,0,0
ह्व्या,hvyā,hvyA,1,0.0,1,0,0,0,0
न्त्र्यौ,ntryau,ntryO,1,0.0,1,0,0,0,0
ष्ठ्वा,ṣṭhvā,zWvA,1,0.0,1,0,0,0,0
र्त्निं,rtniṃ,rtniM,1,0.0,1,0,0,0,0
क्छ्रो,kchro,kCro,1,0.0,0,0,0,1,0
च्क,cka,cka,1,0.0,0,0,0,1,0
र्द्द,rdda,rdda,1,0.0,0,1,0,0,0
न्द्दा,nddā,nddA,1,0.0,0,1,0,0,0
द्र्यो,dryo,dryo,1,0.0,0,0,1,0,0
र्घ्यै,rghyai,rGyE,1,0.0,0,0,1,0,0
क्थ्नां,kthnāṃ,kTnAM,1,0.0,0,0,1,0,0
प्लि,pli,pli,1,0.0,0,0,1,0,0
क्सां,ksāṃ,ksAM,1,0.0,0,0,1,0,0
क्ष्मौं,kṣmauṃ,kzmOM,1,0.0,0,0,0,1,0
न्ट,nṭa,nwa,1,0.0,0,0,0,1,0
र्जीं,rjīṃ,rjIM,1,0.0,0,0,0,1,0
र्द्व्ये,rdvye,rdvye,1,0.0,0,0,0,1,0
ङ्घ्रौ,ṅghrau,NGrO,1,0.0,0,0,0,1,0
द्व्यौ,dvyau,dvyO,1,0.0,0,0,0,1,0
न्व्री,nvrī,nvrI,1,0.0,0,0,0,1,0
ड्ढौ,ḍḍhau,qQO,1,0.0,0,0,0,1,0
डों,ḍoṃ,qoM,1,0.0,0,0,0,1,0
क्रूं,krūṃ,krUM,1,0.0,0,0,0,1,0
ह्रों,hroṃ,hroM,1,0.0,0,0,0,1,0
घ्ये,ghye,Gye,1,0.0,0,0,0,1,0
ल्बै,lbai,lbE,1,0.0,0,0,0,1,0
क्वी,kvī,kvI,1,0.0,0,0,0,1,0
ग्णै,gṇai,gRE,1,0.0,0,0,0,1,0
ड्जी,ḍjī,qjI,1,0.0,0,0,0,1,0
त्षा,tṣā,tzA,1,0.0,0,0,0,1,0
द्द्विः,ddviḥ,ddviH,1,0.0,0,0,0,1,0
ज्जैः,jjaiḥ,jjEH,1,0.0,0,0,0,1,0
द्दिं,ddiṃ,ddiM,1,0.0,0,0,0,1,0
ट्टु,ṭṭu,wwu,1,0.0,0,0,0,1,0
न्क्वा,nkvā,nkvA,1,0.0,0,0,0,1,0
न्ध्योः,ndhyoḥ,nDyoH,1,0.0,1,0,0,0,0
ज्झं,jjhaṃ,jJaM,1,0.0,1,0,0,0,0
न्त्र्यों,ntryoṃ,ntryoM,1,0.0,1,0,0,0,0
प्त्र्यो,ptryo,ptryo,1,0.0,1,0,0,0,0
प्नि,pni,pni,1,0.0,1,0,0,0,0
त्नेः,tneḥ,tneH,1,0.0,1,0,0,0,0
भ्रेः,bhreḥ,BreH,1,0.0,1,0,0,0,0
थ्व्य्,thvy,Tvy,1,0.0,1,0,0,0,0
ल्कौ,lkau,lkO,1,0.0,1,0,0,0,0
छ्वो,chvo,Cvo,1,0.0,1,0,0,0,0
म्त,mta,mta,1,0.0,0,0,0,1,0
ञ्ज्ञां,ñjñāṃ,YjYAM,1,0.0,0,0,0,1,0
णूः,ṇūḥ,RUH,1,0.0,0,0,0,1,0
ग्ध्ये,gdhye,gDye,1,0.0,0,0,0,1,0
त्र्पा,trpā,trpA,1,0.0,0,0,0,1,0
ह्ह,hha,hha,1,0.0,0,0,0,1,0
ग्गि,ggi,ggi,1,0.0,0,0,0,1,0
न्य्क,nyka,nyka,1,0.0,0,0,0,1,0
ङ्पू,ṅpū,NpU,1,0.0,0,0,0,1,0
र्टा,rṭā,rwA,1,0.0,0,0,0,1,0
र्क्वा,rkvā,rkvA,1,0.0,0,0,0,1,0
र्त्वोः,rtvoḥ,rtvoH,1,0.0,0,0,0,1,0
ष्ठ्वे,ṣṭhve,zWve,1,0.0,0,0,0,1,0
र्त्रै,rtrai,rtrE,1,0.0,1,0,0,0,0
ष्ट्र्ये,ṣṭrye,zwrye,1,0.0,1,0,0,0,0
ञ्श्वः,ñśvaḥ,YSvaH,1,0.0,1,0,0,0,0
न्चा,ncā,ncA,1,0.0,1,0,0,0,0
म्द्र्प्,mdrp,mdrp,1,0.0,0,0,1,0,0
ष्चि,ṣci,zci,1,0.0,0,0,1,0,0
न्न्वे,nnve,nnve,1,0.0,1,0,0,0,0
ङ्च,ṅca,Nca,1,0.0,1,0,0,0,0
त्स्तृ,tstṛ,tstf,1,0.0,1,0,0,0,0
न्त्स्य,ntsya,ntsya,1,0.0,1,0,0,0,0
श्च्यौ,ścyau,ScyO,1,0.0,1,0,0,0,0
र्ह्व,rhva,rhva,1,0.0,1,0,0,0,0
ङ्प्रा,ṅprā,NprA,1,0.0,1,0,0,0,0
प्त्रैः,ptraiḥ,ptrEH,1,0.0,1,0,0,0,0
क्चु,kcu,kcu,1,0.0,1,0,0,0,0
स्त्म,stma,stma,1,0.0,1,0,0,0,0
ब्भ्या,bbhyā,bByA,1,0.0,1,0,0,0,0
र्ग्घो,rggho,rgGo,1,0.0,1,0,0,0,0
ङ्ङै,ṅṅai,NNE,1,0.0,1,0,0,0,0
द्य्व,dyva,dyva,1,0.0,1,0,0,0,0
र्ष्ण्यः,rṣṇyaḥ,rzRyaH,1,0.0,1,0,0,0,0
स्र्य्,sry,sry,1,0.0,1,0,0,0,0
द्र्य्,dry,dry,1,0.0,1,0,0,0,0
न्द्र्ये,ndrye,ndrye,1,0.0,1,0,0,0,0
र्ग्वै,rgvai,rgvE,1,0.0,1,0,0,0,0
न्न्ये,nnye,nnye,1,0.0,1,0,0,0,0
र्ग्भि,rgbhi,rgBi,1,0.0,1,0,0,0,0
र्त्स्न,rtsna,rtsna,1,0.0,1,0,0,0,0
न्त्स्वे,ntsve,ntsve,1,0.0,1,0,0,0,0
ङ्ङृ,ṅṅṛ,NNf,1,0.0,1,0,0,0,0
ढृ,ḍhṛ,Qf,1,0.0,1,0,0,0,0
क्नै,knai,knE,1,0.0,1,0,0,0,0
ङ्वै,ṅvai,NvE,1,0.0,1,0,0,0,0
न्जि,nji,nji,1,0.0,1,0,0,0,0
ड्य्,ḍy,qy,1,0.0,1,0,0,0,0
ग्विं,gviṃ,gviM,1,0.0,1,0,0,0,0
ट्चि,ṭci,wci,1,0.0,1,0,0,0,0
न्व्य्,nvy,nvy,1,0.0,1,0,0,0,0
र्व्यृ,rvyṛ,rvyf,1,0.0,1,0,0,0,0
न्न्यौ,nnyau,nnyO,1,0.0,1,0,0,0,0
न्त्सू,ntsū,ntsU,1,0.0,1,0,0,0,0
न्है,nhai,nhE,1,0.0,1,0,0,0,0
ड्बै,ḍbai,qbE,1,0.0,1,0,0,0,0
म्वां,mvāṃ,mvAM,1,0.0,1,0,0,0,0
र्त्तृ,rttṛ,rttf,1,0.0,0,0,0,1,0
र्य्याः,ryyāḥ,ryyAH,1,0.0,0,0,0,1,0
ब्रो,bro,bro,1,0.0,0,0,0,1,0
र्ढ्ये,rḍhye,rQye,1,0.0,0,0,0,1,0
र्म्ला,rmlā,rmlA,1,0.0,0,0,0,1,0
न्फू,nphū,nPU,1,0.0,0,0,0,1,0
त्गु,tgu,tgu,1,0.0,0,0,0,1,0
म्ब्यः,mbyaḥ,mbyaH,1,0.0,0,0,0,1,0
क्षूः,kṣūḥ,kzUH,1,0.0,0,1,0,0,0
द्ध्याः,ddhyāḥ,dDyAH,1,0.0,0,1,0,0,0
र्म्मो,rmmo,rmmo,1,0.0,0,0,0,1,0
र्ज्जा,rjjā,rjjA,1,0.0,0,0,0,1,0
र्व्वि,rvvi,rvvi,1,0.0,0,0,0,1,0
र्म्मे,rmme,rmme,1,0.0,0,0,0,1,0
ञ्चैः,ñcaiḥ,YcEH,1,0.0,0,0,0,1,0
ग्द्रा,gdrā,gdrA,1,0.0,0,0,0,1,0
ट्गु,ṭgu,wgu,1,0.0,0,0,0,1,0
ङू,ṅū,NU,1,0.0,0,0,0,0,1
ब्वि,bvi,bvi,1,0.0,0,0,0,0,1
म्भ्याः,mbhyāḥ,mByAH,1,0.0,0,0,0,0,1
च्च्यो,ccyo,ccyo,1,0.0,0,0,0,0,1
र्ध्यै,rdhyai,rDyE,1,0.0,0,0,0,0,1
ल्हः,lhaḥ,lhaH,1,0.0,0,0,0,0,1
न्प्,np,np,1,0.0,1,0,0,0,0
ण्व्यः,ṇvyaḥ,RvyaH,1,0.0,1,0,0,0,0
क्रिं,kriṃ,kriM,1,0.0,1,0,0,0,0
ण्डृ,ṇḍṛ,Rqf,1,0.0,1,0,0,0,0
क्म्ये,kmye,kmye,1,0.0,1,0,0,0,0
घ्न्यं,ghnyaṃ,GnyaM,1,0.0,1,0,0,0,0
ञ्छ्न,ñchna,YCna,1,0.0,1,0,0,0,0
ष्र,ṣra,zra,1,0.0,1,0,0,0,0
ध्नीः,dhnīḥ,DnIH,1,0.0,1,0,0,0,0
भ्युः,bhyuḥ,ByuH,1,0.0,1,0,0,0,0
म्यूं,myūṃ,myUM,1,0.0,1,0,0,0,0
र्ष्मे,rṣme,rzme,1,0.0,1,0,0,0,0
नॄंः,nṝṃḥ,nFMH,1,0.0,1,0,0,0,0
र्त्वः,rtvaḥ,rtvaH,1,0.0,1,0,0,0,0
न्त्स्य्,ntsy,ntsy,1,0.0,1,0,0,0,0
श्लां,ślāṃ,SlAM,1,0.0,1,0,0,0,0
क्म्यो,kmyo,kmyo,1,0.0,1,0,0,0,0
ब्दिः,bdiḥ,bdiH,1,0.0,1,0,0,0,0
ग्म्यो,gmyo,gmyo,1,0.0,1,0,0,0,0
स्क्रा,skrā,skrA,1,0.0,1,0,0,0,0
भ्वां,bhvāṃ,BvAM,1,0.0,1,0,0,0,0
ख्वां,khvāṃ,KvAM,1,0.0,1,0,0,0,0
ढॄ,ḍhṝ,QF,1,0.0,1,0,0,0,0
ग्मिः,gmiḥ,gmiH,1,0.0,1,0,0,0,0
र्सृ,rsṛ,rsf,1,0.0,1,0,0,0,0
ज्वे,jve,jve,1,0.0,1,0,0,0,0
स्नूः,snūḥ,snUH,1,0.0,1,0,0,0,0
यौः,yauḥ,yOH,1,0.0,1,0,0,0,0
स्निः,sniḥ,sniH,1,0.0,1,0,0,0,0
ग्म्ये,gmye,gmye,1,0.0,1,0,0,0,0
भ्न,bhna,Bna,1,0.0,1,0,0,0,0
प्श्य्,pśy,pSy,1,0.0,1,0,0,0,0
क्म्यं,kmyaṃ,kmyaM,1,0.0,1,0,0,0,0
प्ण,pṇa,pRa,1,0.0,1,0,0,0,0
ल्ग्वे,lgve,lgve,1,0.0,1,0,0,0,0
र्हीः,rhīḥ,rhIH,1,0.0,1,0,0,0,0
ष्णीः,ṣṇīḥ,zRIH,1,0.0,1,0,0,0,0
भ्णाः,bhṇāḥ,BRAH,1,0.0,1,0,0,0,0
ज्यूं,jyūṃ,jyUM,1,0.0,1,0,0,0,0
म्णाः,mṇāḥ,mRAH,1,0.0,1,0,0,0,0
स्निं,sniṃ,sniM,1,0.0,1,0,0,0,0
न्यूं,nyūṃ,nyUM,1,0.0,1,0,0,0,0
ध्रेः,dhreḥ,DreH,1,0.0,1,0,0,0,0
न्ध्वे,ndhve,nDve,1,0.0,1,0,0,0,0
प्शे,pśe,pSe,1,0.0,1,0,0,0,0
ह्योः,hyoḥ,hyoH,1,0.0,1,0,0,0,0
र्त्नु,rtnu,rtnu,1,0.0,1,0,0,0,0
श्व्यै,śvyai,SvyE,1,0.0,1,0,0,0,0
म्णैः,mṇaiḥ,mREH,1,0.0,1,0,0,0,0
र्ष्ण्य्,rṣṇy,rzRy,1,0.0,1,0,0,0,0
स्क्राः,skrāḥ,skrAH,1,0.0,1,0,0,0,0
घ्म,ghma,Gma,1,0.0,1,0,0,0,0
क्मैः,kmaiḥ,kmEH,1,0.0,1,0,0,0,0
ष्ण्यौ,ṣṇyau,zRyO,1,0.0,1,0,0,0,0
प्स्न्यो,psnyo,psnyo,1,0.0,1,0,0,0,0
ढ्वी,ḍhvī,QvI,1,0.0,1,0,0,0,0
ग्नुः,gnuḥ,gnuH,1,0.0,1,0,0,0,0
ख्ख,khkha,KKa,1,0.0,1,0,0,0,0
ल्द,lda,lda,1,0.0,1,0,0,0,0
म्वः,mvaḥ,mvaH,1,0.0,1,0,0,0,0
भ्णे,bhṇe,BRe,1,0.0,1,0,0,0,0
ल्बू,lbū,lbU,1,0.0,1,0,0,0,0
ल्पिः,lpiḥ,lpiH,1,0.0,1,0,0,0,0
ण्वीः,ṇvīḥ,RvIH,1,0.0,1,0,0,0,0
च्म,cma,cma,1,0.0,1,0,0,0,0
ञ्ज्मो,ñjmo,Yjmo,1,0.0,1,0,0,0,0
त्व्याः,tvyāḥ,tvyAH,1,0.0,1,0,0,0,0
र्मेः,rmeḥ,rmeH,1,0.0,1,0,0,0,0
ङ्घ्न,ṅghna,NGna,1,0.0,1,0,0,0,0
ञ्छ्लो,ñchlo,YClo,1,0.0,1,0,0,0,0
ग्नू,gnū,gnU,1,0.0,1,0,0,0,0
श्लः,ślaḥ,SlaH,1,0.0,1,0,0,0,0
ध्नाः,dhnāḥ,DnAH,1,0.0,1,0,0,0,0
भ्वाः,bhvāḥ,BvAH,1,0.0,1,0,0,0,0
स्वीः,svīḥ,svIH,1,0.0,1,0,0,0,0
स्न्य,snya,snya,1,0.0,1,0,0,0,0
थ्,th,T,1,0.0,1,0,0,0,0
र्त्वे,rtve,rtve,1,0.0,1,0,0,0,0
द्युं,dyuṃ,dyuM,1,0.0,1,0,0,0,0
ड्गृ,ḍgṛ,qgf,1,0.0,1,0,0,0,0
त्व्यं,tvyaṃ,tvyaM,1,0.0,1,0,0,0,0
त्न्वः,tnvaḥ,tnvaH,1,0.0,1,0,0,0,0
ध्रू,dhrū,DrU,1,0.0,1,0,0,0,0
र्धुं,rdhuṃ,rDuM,1,0.0,1,0,0,0,0
त्न्वो,tnvo,tnvo,1,0.0,1,0,0,0,0
क्त्व्य्,ktvy,ktvy,1,0.0,1,0,0,0,0
ङ्ध्य्,ṅdhy,NDy,1,0.0,1,0,0,0,0
स्रिः,sriḥ,sriH,1,0.0,1,0,0,0,0
ङ्ग्ध्वे,ṅgdhve,NgDve,1,0.0,1,0,0,0,0
ज्रु,jru,jru,1,0.0,1,0,0,0,0
ध्व्य्,dhvy,Dvy,1,0.0,1,0,0,0,0
न्त्सुः,ntsuḥ,ntsuH,1,0.0,1,0,0,0,0
क्नः,knaḥ,knaH,1,0.0,1,0,0,0,0
न्प्रां,nprāṃ,nprAM,1,0.0,0,0,1,0,0
ञ्च्यः,ñcyaḥ,YcyaH,1,0.0,0,0,1,0,0
म्णोः,mṇoḥ,mRoH,1,0.0,1,0,0,0,0
ध्न्याः,dhnyāḥ,DnyAH,1,0.0,0,0,1,0,0
छुः,chuḥ,CuH,1,0.0,0,0,1,0,0
ड्ले,ḍle,qle,1,0.0,0,0,1,0,0
न्द्वोः,ndvoḥ,ndvoH,1,0.0,0,0,1,0,0
