Hitop, 1: 1;1 1;siddhiḥ sādhye satām astu prasādāt tasya dhūrjaṭeḥ |;
Hitop, 1: 1;1 2;jāhnavīphenalekheva yanmūrdhni śaśinaḥ kalā ||;
Hitop, 1: 1;2 1;śruto hitopadeśo .yaṁ pāṭavaṁ saṁskṛtoktiṣu |;
Hitop, 1: 1;2 2;vācāṁ sarvatra vaicitryaṁ nītividyāṁ dadāti ca ||;
Hitop, 1: 1;3 1;ajarāmaravat prājño vidyāmarthaṁ ca cintayet |;
Hitop, 1: 1;3 2;gṛhīta iva keśeṣu mṛtyunā dharmamācaret ||;
Hitop, 1: 1;4 1;sarvadravyeṣu vidyaiva dravyam āhur anuttamam |;
Hitop, 1: 1;4 2;ahāryatvād anarghatvād akṣayatvāc ca sarvadā ||;
Hitop, 1: 1;5 1;saṁyojayati vidyaiva nīcagāpi naraṁ sarit |;
Hitop, 1: 1;5 2;samudram iva durdharṣaṁ nṛpaṁ bhāgyam ataḥ param ||;
Hitop, 1: 1;6 1;vidyā dadāti vinayaṁ vinayād yāti pātratām |;
Hitop, 1: 1;6 2;pātratvāt dhanam āpnoti dhanād dharmaṁ tataḥ sukham ||;
Hitop, 1: 1;7 1;vidyā śastraṁ ca śāstraṁ ca dve vidye pratipattaye |;
Hitop, 1: 1;7 2;ādyā hāsyāya vṛddhatve dvitīyādriyate sadā ||;
Hitop, 1: 1;8 1;yan nave bhājane lagnaḥ saṁskāro nānyathā bhavet |;
Hitop, 1: 1;8 2;kathāchalena bālānāṁ nītis tad iha kathyate ||;
Hitop, 1: 1;9 1;mitralābhaḥ suhṛdbhedo vigrahaḥ saṁdhir eva ca |;
Hitop, 1: 1;9 2;pañcatantrāt tathānyasmād granthād ākṛṣya likhyate ||;
Hitop, 1: 1;10 1;atha kathāmukham |;
Hitop, 1: 1;10 2;asti bhāgīrathītīre pāṭaliputranāmadheyaṁ nagaram |;
Hitop, 1: 1;10 3;tatra sarvasvāmiguṇopetaḥ sudarśano nāma narapatir āsīt |;
Hitop, 1: 1;10 4;sa bhūpatir ekadā kenāpi pāṭhyamānaṁ ślokadvayaṁ anekasaṁśayocchedi parokṣārthasya darśakam |;
Hitop, 1: 1;10 5;sarvasya locanaṁ śāstraṁ yasya nāsty andha eva saḥ ||;
Hitop, 1: 1;11 1;yauvanaṁ dhanasampattiḥ prabhutvam avivekitā |;
Hitop, 1: 1;11 2;ekaikam apy anarthāya kim u yatra catuṣṭayam ||;
Hitop, 1: 1;12 1;ity ākarṇyātmanaḥ putrāṇām anadhigataśāstrāṇāṁ nityam ko .rthaḥ putreṇa jātena yo na vidvān na dhārmikaḥ |;
Hitop, 1: 1;12 2;kāṇena cakṣuṣā kiṁ vā cakṣuḥ pīḍaiva kevalam ||;
Hitop, 1: 1;13 1;ajātamṛtamūrkhāṇāṁ varam ādyau na cāntimaḥ |;
Hitop, 1: 1;13 2;sakṛd duḥkhakarāv ādyāv antimas tu pade pade ||;

Hitop, 1: 1;15 1;sa jāto yena jātena yāti vaṁśaḥ samunnatim |;
Hitop, 1: 1;15 2;parivartini saṁsāre mṛtaḥ ko vā na jāyate ||;Śatakatraya ŚTr, 1: 1 32;parivartini saṁsāre mṛtaḥ ko vā na jāyate |sa jāto yena jātena yāti vaṁśaḥ samunnatim ||;GOOD;;
Hitop, 1: 1;16 1;anyac ca |;
Hitop, 1: 1;16 2;guṇigaṇagaṇanārambhe na patati kaṭhinī sasambhramād tenāmbā yadi sutinī vada vandhyā kīdṛśī bhavati ||;
Hitop, 1: 1;17 1;api ca |;
Hitop, 1: 1;17 2;dāne tapasi śaurye ca yasya na prathitaṁ manaḥ |;
Hitop, 1: 1;17 3;vidyāyām arthalābhe ca mātur uccāra eva saḥ ||;
Hitop, 1: 1;18 1;aparaṁ ca |;
Hitop, 1: 1;18 2;varam eko guṇī putro na ca mūrkhaśatair api |;
Hitop, 1: 1;18 3;ekaś candramās tamo hanti na ca tārāgaṇair api ||;
Hitop, 1: 1;19 1;puṇyatīrthe kṛtaṁ yena tapaḥ kvāpy atiduṣkaram |;
Hitop, 1: 1;19 2;tasya putro bhaved vaśyaḥ samṛddho dhārmikaḥ sudhīḥ ||;

Hitop, 1: 1;21 1;ko dhanyo bahubhiḥ putraiḥ kuśūlāpūraṇāḍhakaiḥ |;
Hitop, 1: 1;21 2;varam ekaḥ kulālambī yatra viśrūyate pitā ||;
Hitop, 1: 1;22 1;ṛṇakartā pitā śatrur mātā ca vyabhicāriṇī |;
Hitop, 1: 1;22 2;bhāryā rūpavatī śatruḥ putraḥ śatrur apaṇḍitaḥ ||;
Hitop, 1: 1;23 1;yasya kasya prasūto .pi guṇavān pūjyate naraḥ |;
Hitop, 1: 1;23 2;dhanurvaṁśaviśuddho .pi nirguṇaḥ kiṁ kariṣyati ||;
Hitop, 1: 1;24 1;hā hā putraka nādhītaṁ gatāsv etāsu rātriṣu |;
Hitop, 1: 1;24 2;tena tvaṁ viduṣāṁ madhye paṅke gaur iva sīdasi ||;
Hitop, 1: 1;25 1;tat katham idānīm ete mama putrā guṇavantaḥ kriyantām āhāranidrābhayamaithunāni sāmānyam etat paśubhir jñānaṁ narāṇām adhiko viśeṣo jñānena hīnāḥ paśubhiḥ |;
Hitop, 1: 1;26 1;yataḥ |;
Hitop, 1: 1;26 2;dharmārthakāmamokṣāṇāṁ yasyaiko .pi na vidyate |;
Hitop, 1: 1;26 3;ajāgalastanasyeva tasya janma nirarthakam ||;
Hitop, 1: 1;27 1;yac cocyate |;
Hitop, 1: 1;27 2;āyuḥ karma ca vittaṁ ca vidyā nidhanam eva ca |;
Hitop, 1: 1;27 3;pañcaitāni hi sṛjyante garbhasthasyaiva dehinaḥ ||;
Hitop, 1: 1;28 1;kiṁ ca |;
Hitop, 1: 1;28 2;avaśyaṁ bhāvino bhāvā bhavanti mahatām api |;
Hitop, 1: 1;28 3;nagnatvaṁ nīlakaṇṭhasya mahāhiśayanaṁ hareḥ ||;
Hitop, 1: 1;29 1;anyac ca |;
Hitop, 1: 1;29 2;yad abhāvi na tad bhāvi bhāvi cen na tad anyathā |;
Hitop, 1: 1;29 3;iti cintāviṣaghno .yam agadaḥ kiṁ na pīyate ||;
Hitop, 1: 1;30 1;etat kāryākṣamāṇāṁ keṣāṁcid ālasyavacanam |;
Hitop, 1: 1;30 2;puruṣakārautkārṣyam āha |;
Hitop, 1: 1;30 3;yathā hy ekena cakreṇa na rathasya gatir bhavet |;
Hitop, 1: 1;30 4;tathā puruṣakāreṇa vinā daivaṁ na sidhyati ||;
Hitop, 1: 1;31 1;tathā ca |;
Hitop, 1: 1;31 2;pūrvajanmakṛtaṁ karma tad daivam iti kathyate |;
Hitop, 1: 1;31 3;tasmāt puruṣakāreṇa yatnaṁ kuryād atandritaḥ ||;
Hitop, 1: 1;32 1;na daivam api saṁcintya tyajed udyogam ātmanaḥ |;
Hitop, 1: 1;32 2;anudyogena tailāni tilebhyo nāptum arhati ||;

Hitop, 1: 1;34 1;yathā mṛtpiṇḍataḥ kartā kurute yad yad icchati |;
Hitop, 1: 1;34 2;evam ātmakṛtaṁ karma mānavaḥ pratipadyate ||;Mahābhārata MBh, 13, 1: 1682 67;yathā mṛtpiṇḍataḥ kartā kurute yad yad icchati |evam ātmakṛtaṁ karma mānavaḥ pratipadyate ||;GOOD;;
Hitop, 1: 1;35 1;kākatālīyavat prāptaṁ dṛṣṭvāpi nidhim agrataḥ |;
Hitop, 1: 1;35 2;na svayaṁ daivam ādatte puruṣārtham apekṣate ||;
Hitop, 1: 1;36 1;udyamena hi sidhyanti kāryāṇi na manorathaiḥ |;
Hitop, 1: 1;36 2;nahi suptasya siṁhasya praviśanti mukhe mṛgāḥ ||;
Hitop, 1: 1;37 1;tathā coktam |;
Hitop, 1: 1;37 2;mātā śatruḥ pitā vairī yena bālo na pāṭhitaḥ |;
Hitop, 1: 1;37 3;na śobhate sabhāmadhye haṁsamadhye bako yathā ||;
Hitop, 1: 1;38 1;rūpayauvanasampannā viśālakulasambhavāḥ |;
Hitop, 1: 1;38 2;vidyāhīnā na śobhante nirgandhā iva kiṁśukāḥ ||;
Hitop, 1: 1;39 1;aparac ca |;
Hitop, 1: 1;39 2;pustakeṣu ca nādhītaṁ nādhītaṁ gurusaṁnidhau |;
Hitop, 1: 1;39 3;na śobhate sabhāmadhye jāragarbha iva striyāḥ ||;
Hitop, 1: 1;40 1;etac cintayitvā rājā paṇḍitasabhāṁ kāritavān |;
Hitop, 1: 1;40 2;rājovāca bho bhoḥ paṇḍitāḥ śrūyatāṁ mama vacanam |;
Hitop, 1: 1;40 3;asti kaścid evambhūto vidvān yo mama putrāṇāṁ nityam kācaḥ kāñcanasaṁsargād dhatte mārakatīr dyutīḥ |;
Hitop, 1: 1;40 4;tathā satsaṁnidhānena mūrkho yāti pravīṇatām ||;
Hitop, 1: 1;41 1;uktaṁ ca |;
Hitop, 1: 1;41 2;hīyate hi matis tāta hīnaiḥ saha samāgamāt |;
Hitop, 1: 1;41 3;samaiś ca samatām eti viśiṣṭaiś ca viśiṣṭatām ||;
Hitop, 1: 1;42 1;atrāntare viṣṇuśarmanāmā mahāpaṇḍitaḥ tat mayā nītiṁ grāhayituṁ śakyante |;
Hitop, 1: 1;42 2;yataḥ |;
Hitop, 1: 1;42 3;nādravye nihitā kācit kriyā phalavatī bhavet |;
Hitop, 1: 1;42 4;na vyāpāraśatenāpi śukavat pāṭhyate bakaḥ ||;
Hitop, 1: 1;43 1;anyac ca |;
Hitop, 1: 1;43 2;asmiṁs tu nirguṇaṁ gotre nāpatyam upajāyate |;
Hitop, 1: 1;43 3;ākare padyarāgānāṁ janma kācamaṇeḥ kutaḥ ||;
Hitop, 1: 1;44 1;ato .haṁ ṣaṇmāsābhyantare bhavatputrān nītiśāstrābhijñān rājā savinayaṁ punar uvāca |;
Hitop, 1: 1;44 2;kīṭo .pi sumanaḥsaṅgād ārohati satāṁ śiraḥ |;
Hitop, 1: 1;44 3;aśmāpi yāti devatvaṁ mahadbhiḥ supratiṣṭhitaḥ ||;
Hitop, 1: 1;45 1;anyac ca |;
Hitop, 1: 1;45 2;yathodayagirer dravyaṁ saṁnikarṣeṇa dīpyate |;
Hitop, 1: 1;45 3;tathā satsaṁnidhānena hīnavarṇo .pi dīpyate ||;
Hitop, 1: 1;46 1;guṇā guṇajñeṣu guṇā bhavanti te nirguṇaṁ prāpya āsvādyatoyāḥ pravahanti nadyaḥ samudram āsādya |;
Hitop, 1: 1;47 1;tad eteṣām asmatputrāṇāṁ nītiśāstropadeśāya bhavantaḥ |;
Hitop, 2: 2;1 1;atha prāsādapṛṣṭhe sukhopaviṣṭānāṁ rājaputrāṇāṁ bho rājaputrāḥ śṛṇuta |;
Hitop, 2: 2;1 2;kāvyaśāstravinodena kālo gacchati dhīmatām |;
Hitop, 2: 2;1 3;vyasanena tu mūrkhāṇāṁ nidrayā kalahena vā ||;
Hitop, 2: 2;2 1;tad bhavatāṁ vinodāya kākakūrmādīnāṁ vicitrāṁ kathāṁ rājaputrair uktamārya kathyatām |;
Hitop, 2: 2;2 2;viṣṇuśarmovāca śṛṇuta yūyam |;
Hitop, 2: 2;2 3;samprati mitralābhaḥ prastūyate |;
Hitop, 2: 2;2 4;yasyāyam ādyaḥ ślokaḥ |;
Hitop, 2: 2;2 5;asādhanā vittahīnā buddhimantaḥ suhṛnmatāḥ |;
Hitop, 2: 2;2 6;sādhayanty āśu kāryāṇi kākakūrmamṛgākhuvat ||;
Hitop, 2: 2;3 1;rājaputrā ūcuḥ katham etat |;
Hitop, 2: 2;3 2;so .bravīt |;
Hitop, 2: 2;3 3;asti godāvarītīre viśālaḥ śālmalītaruḥ |;
Hitop, 2: 2;3 4;tatra nānādigdeśād āgatya rātrau pakṣiṇo nivasanti |;
Hitop, 2: 2;3 5;atha kadācid avasannāyāṁ rātrau astācalacūḍāvalambini laghupatananāmā vāyasaḥ prabuddhaḥ kṛtāntam iva tam ālokyācintayat |;
Hitop, 2: 2;3 6;adya prātar evāniṣṭadarśanaṁ jātam |;
Hitop, 2: 2;3 7;na jāne kim anabhimataṁ darśayiṣyati |;
Hitop, 2: 2;3 8;ity uktvā tad anusaraṇakrameṇa vyākulaś calati |;
Hitop, 2: 2;3 9;yataḥ |;
Hitop, 2: 2;3 10;śokasthānasahasrāṇi bhayasthānaśatāni ca |;
Hitop, 2: 2;3 11;divase divase mūḍham āviśanti na paṇḍitam ||;
Hitop, 2: 2;4 1;anyac ca |;
Hitop, 2: 2;4 2;viṣayiṇām idam avaśyaṁ kartavyam |;
Hitop, 2: 2;4 3;utthāyotthāya boddhavyaṁ kim adya sukṛtaṁ kṛtam |;
Hitop, 2: 2;4 4;āyuṣaḥ khaṇḍam ādāya ravir astaṁ gamiṣyati ||;
Hitop, 2: 2;5 1;atha tena vyādhena taṇḍulakaṇān vikīrya jālaṁ vistīrṇam |;
Hitop, 2: 2;5 2;sa ca tatra pracchanno bhūtvā sthitaḥ |;
Hitop, 2: 2;5 3;asminn eva kāle citragrīvanāmā kapotarājaḥ saparivāro tataḥ kapotarājas taṇḍulakaṇalubdhān kapotān prāha |;
Hitop, 2: 2;5 4;kuto .tra nirjane vane taṇḍulakaṇānāṁ sambhavaḥ |;
Hitop, 2: 2;5 5;tan nirūpyatāṁ tāvat |;
Hitop, 2: 2;5 6;bhadram idaṁ na paśyāmi prāyeṇānena kaṅkaṇasya tu lobhena magnaḥ paṅke sudustare |;
Hitop, 2: 2;5 7;vṛddhavyāghreṇa samprāptaḥ pathikaḥ saṁmṛtaḥ ||;
Hitop, 2: 2;6 1;kapotā ūcuḥ |;
Hitop, 2: 2;6 2;katham etat |;
Hitop, 2: 2;6 3;so .bravīt |;
Hitop, 2: 2;6 4;aham ekadā dakṣiṇāraṇye carann apaśyam eko vṛddho tato lobhākṛṣṭena kenacit pānthena ālocitaṁ bhāgyena etat kiṁtu asmin ātmasaṁdehe pravṛttir na vidheyā |;
Hitop, 2: 2;6 5;yataḥ |;
Hitop, 2: 2;6 6;aniṣṭād iṣṭalābhe.pi na gatir jāyate śubhā |;
Hitop, 2: 2;6 7;yatrāste viṣasaṁsargo .mṛtaṁ tad api mṛtyave ||;
Hitop, 2: 2;7 1;kiṁtu sarvatrārthārjanapravṛttau saṁdeha eva |;
Hitop, 2: 2;7 2;tathā coktam |;
Hitop, 2: 2;7 3;na saṁśayam anāruhya naro bhadrāṇi paśyati |;
Hitop, 2: 2;7 4;saṁśayaṁ punar āruhya yadi jīvati paśyati ||;
Hitop, 2: 2;8 1;tan nirūpayāmi tāvat |;
Hitop, 2: 2;8 2;prakāśaṁ brūte |;
Hitop, 2: 2;8 3;kutra tava kaṅkaṇam vyāghro hastaṁ prasārya darśayati |;
Hitop, 2: 2;8 4;pāntho .vadatkathaṁ mārātmake tvayi viśvāsaḥ |;
Hitop, 2: 2;8 5;vyāghra uvāca śṛṇu re pāntha prāg eva yauvanadaśāyām anekagomānuṣāṇāṁ vadhānme putrā mṛtā dārāś ca |;
Hitop, 2: 2;8 6;vaṁśahīnaś cāham |;
Hitop, 2: 2;8 7;tataḥ kenacid dhārmikeṇāham upadiṣṭaḥ |;
Hitop, 2: 2;8 8;dānadharmādikaṁ caratu bhavān iti |;
Hitop, 2: 2;8 9;tadupadeśādidānīm ahaṁ snānaśīlo dātā vṛddho uktaṁ ca |;
Hitop, 2: 2;8 10;ijyādhyayanadānāni tapaḥ satyaṁ dhṛtiḥ kṣamā |;
Hitop, 2: 2;8 11;alobha iti mārgo .yaṁ dharmasyāṣṭavidhaḥ smṛtaḥ ||;
Hitop, 2: 2;9 1;tatra pūrvaś caturvargo dambhārtham api sevyate |;
Hitop, 2: 2;9 2;uttaras tu caturvargo mahātmany eva tiṣṭhati ||;
Hitop, 2: 2;10 1;mama caitāvān lobhavirahaḥ |;
Hitop, 2: 2;10 2;yena svahastastham api suvarṇakaṅkaṇaṁ yasmai yataḥ |;
Hitop, 2: 2;10 3;gatānugatiko lokaḥ kuṭṭanīm upadeśinīm |;
Hitop, 2: 2;10 4;pramāṇayati no dharme yathā goghnam api dvijam ||;
Hitop, 2: 2;11 1;mayā ca dharmaśāstrāṇi adhītāni |;
Hitop, 2: 2;11 2;śṛṇu |;
Hitop, 2: 2;11 3;marusthalyāṁ yathā vṛṣṭiḥ kṣudhārte bhojanaṁ tathā |;
Hitop, 2: 2;11 4;daridre dīyate dānaṁ saphalaṁ pāṇḍunandana ||;
Hitop, 2: 2;12 1;prāṇā yathātmano .bhīṣṭā bhūtānām api te tathā |;
Hitop, 2: 2;12 2;ātmaupamyena bhūtānāṁ dayāṁ kurvanti sādhavaḥ ||;
Hitop, 2: 2;13 1;aparaṁ ca |;
Hitop, 2: 2;13 2;pratyākhyāne ca dāne ca sukhaduḥkhe priyāpriye |;
Hitop, 2: 2;13 3;ātmaupamyena puruṣaḥ pramāṇam adhigacchati ||;
Hitop, 2: 2;14 1;anyac ca |;
Hitop, 2: 2;14 2;mātṛvat paradāreṣu paradravyeṣu loṣṭavat |;
Hitop, 2: 2;14 3;ātmavat sarvabhūteṣu yaḥ paśyati sa paṇḍitaḥ ||;
Hitop, 2: 2;15 1;tvaṁ ca atīvadurgataḥ |;
Hitop, 2: 2;15 2;tena tat tubhyaṁ dātuṁ sayatno .ham |;
Hitop, 2: 2;15 3;tathā coktam |;
Hitop, 2: 2;15 4;daridrān bhara kaunteya mā prayaccheśvare dhanam |;
Hitop, 2: 2;15 5;vyādhitasyauṣadhaṁ pathyaṁ nīrujasya kim auṣadhaiḥ ||;
Hitop, 2: 2;16 1;anyat ca |;
Hitop, 2: 2;16 2;dātavyam iti yad dānaṁ dīyate.nupakāriṇi |;
Hitop, 2: 2;16 3;deśe kāle ca pātre ca tad dānaṁ sāttvikaṁ viduḥ ||;Mahābhārata MBh, 6, 39: 900 20;dātavyamiti yaddānaṁ dīyate .nupakāriṇe |deśe kāle ca pātre ca taddānaṁ sāttvikaṁ smṛtam ||;PARTLY;+  - smṛ;
Hitop, 2: 2;17 1;tad atra sarasi snātvā suvarṇakaṅkaṇam idaṁ gṛhāṇa |;
Hitop, 2: 2;17 2;tato yāvad asau tadvacaḥpratīto lobhāt saraḥ snātuṁ taṁ paṅke patitaṁ dṛṣṭvā vyāghro .vadata haha atas tvām aham utthāpayāmi |;
Hitop, 2: 2;17 3;ity uktvā śanaiḥ śanair upagamya tena vyāghreṇa dhṛtaḥ sa na dharmaśāstraṁ paṭhatīti kāraṇam |;
Hitop, 2: 2;17 4;na cāpi vedādhyayanaṁ durātmanaḥ |;
Hitop, 2: 2;17 5;svabhāva evātra tathātiricyate |;
Hitop, 2: 2;17 6;yathā prakṛtyā madhuraṁ gavāṁ payaḥ ||;
Hitop, 2: 2;18 1;kiṁ ca |;
Hitop, 2: 2;18 2;avaśendriyacittānāṁ hastisnānam iva kriyā |;
Hitop, 2: 2;18 3;durbhagābharaṇaprāyo jñānaṁ bhāraḥ kriyāṁ vinā ||;
Hitop, 2: 2;19 1;tan mayā bhadraṁ na kṛtam |;
Hitop, 2: 2;19 2;yad atra mārātmake viśvāsaḥ kṛtaḥ |;
Hitop, 2: 2;19 3;tathā coktam |;
Hitop, 2: 2;19 4;nadīnāṁ śastrapāṇīnāṁ nakhināṁ śṛṅgiṇāṁ tathā |;
Hitop, 2: 2;19 5;viśvāso naiva kartavyaḥ strīṣu rājakuleṣu ca ||;
Hitop, 2: 2;20 1;aparaṁ ca |;
Hitop, 2: 2;20 2;sarvasya hi parīkṣyante svabhāvā netare guṇāḥ |;
Hitop, 2: 2;20 3;atītya hi guṇān sarvān svabhāvo mūrdhni vartate ||;


Hitop, 2: 2;23 1;etad vacanaṁ śrutvā kaścit kapotaḥ sadarpam āhāḥ kim sarvatraivaṁ vicāre ca bhojane.pi pravartatām ||;
Hitop, 2: 2;24 1;yataḥ |;
Hitop, 2: 2;24 2;śaṅkābhiḥ sarvam ākrāntam annaṁ pānaṁ ca bhūtale |;
Hitop, 2: 2;24 3;pravṛttiḥ kutra kartavyā jīvitavyaṁ kathaṁ na vā ||;
Hitop, 2: 2;25 1;yathā coktam |;
Hitop, 2: 2;25 2;īrṣyī ghṛṇī tv asaṁtuṣṭaḥ krodhano nityaśaṅkitaḥ |;
Hitop, 2: 2;25 3;parabhāgyopajīvī ca ṣaḍ ete nityaduḥkhitāḥ ||;
Hitop, 2: 2;26 1;etac chrutvā taṇḍulakaṇalobhena nabhomaṇḍalād avatīrya yataḥ |;
Hitop, 2: 2;26 2;sumahānty api śāstrāṇi dhārayanto bahuśrutāḥ |;
Hitop, 2: 2;26 3;chettāraḥ saṁśayānāṁ ca kliśyante lobhamohitāḥ ||;
Hitop, 2: 2;27 1;anyac ca |;
Hitop, 2: 2;27 2;lobhāt krodhaḥ prabhavati lobhāt kāmaḥ prajāyate |;
Hitop, 2: 2;27 3;lobhān mohaś ca nāśaś ca lobhaḥ pāpasya kāraṇam ||;

Hitop, 2: 2;29 1;anantaraṁ te sarve jālanibaddhā babhūvuḥ tato yasya yataḥ |;
Hitop, 2: 2;29 2;na gaṇasyāgrato gacchet siddhe kārye samaṁ phalam |;
Hitop, 2: 2;29 3;yadi kāryavipattiḥ syān mukharas tatra hanyate ||;
Hitop, 2: 2;30 1;tasya tiraskāraṁ śrutvā citragrīva uvāca nāyam asya doṣaḥ yataḥ |;
Hitop, 2: 2;30 2;āpadām āpatantīnāṁ hito .py āyāti hetutām |;
Hitop, 2: 2;30 3;mātṛjaṅghā hi vatsasya stambhībhavati bandhane ||;
Hitop, 2: 2;31 1;anyac ca |;
Hitop, 2: 2;31 2;sa bandhur yo vipannānām āpaduddharaṇakṣamaḥ |;
Hitop, 2: 2;31 3;na tu bhītaparitrāṇavastūpālambhapaṇḍitaḥ ||;

Hitop, 2: 2;33 1;sampadi yasya na harṣo vipadi viṣādo raṇe ca bhīrutvam |;
Hitop, 2: 2;33 2;taṁ bhuvanatrayatilakaṁ janayati jananī sutaṁ viralam ||;
Hitop, 2: 2;34 1;anyac ca |;
Hitop, 2: 2;34 2;ṣaḍdoṣāḥ puruṣeṇeha hātavyā bhūtim icchatā |;
Hitop, 2: 2;34 3;nidrā tandrā bhayaṁ krodha ālasyaṁ dīrghasūtratā ||;
Hitop, 2: 2;35 1;idānīm api evaṁ kriyatāṁ sarvair ekacittībhūya jālam yataḥ |;
Hitop, 2: 2;35 2;alpānām api vastūnāṁ saṁhatiḥ kāryasādhikā |;
Hitop, 2: 2;35 3;tṛṇair guṇatvam āpannair badhyante mattadantinaḥ ||;
Hitop, 2: 2;36 1;saṁhatiḥ śreyasī puṁsāṁ svakulair alpakair api |;
Hitop, 2: 2;36 2;tuṣeṇāpi parityaktā na prarohanti taṇḍulāḥ ||;
Hitop, 2: 2;37 1;iti vicitya pakṣiṇaḥ sarve jālam ādāya utpatitāḥ |;
Hitop, 2: 2;37 2;anantaraṁ ca vyādhaḥ sudūrāj jālāpahārakāṁs tān saṁhatās tu haranty ete mama jālaṁ vihaṁgamāḥ |;
Hitop, 2: 2;37 3;yadā tu nipatiṣyanti vaśam eṣyanti me tadā ||;
Hitop, 2: 2;38 1;tatas teṣu cakṣurviṣayam atikrānteṣu pakṣiṣu sa vyādho atha lubdhakaṁ nivṛttaṁ dṛṣṭvā kapotā ūcuḥ svāmin kim citragrīva uvāca |;
Hitop, 2: 2;38 2;mātā mitraṁ pitā ceti svabhāvāt tritayaṁ hitam |;
Hitop, 2: 2;38 3;kāryakāraṇataś cānye bhavanti hitabuddhayaḥ ||;
Hitop, 2: 2;39 1;tan me mitraṁ hiraṇyako nāma mūṣikarājo gaṇḍakītīre so .smākaṁ pāśāṁś chetsyati ity ālocya sarve hiraṇyakaś ca sarvadā apāyaśaṅkayā śatadvāraṁ vivaraṁ tato hiraṇyakaḥ kapotāvapātabhayāc cakitaḥ tūṣṇīṁ sthitaḥ citragrīva uvāca sakhe hiraṇyaka katham asmān na tato hiraṇyakas tadvacanaṁ pratyabhijñāya sasambhramaṁ yasya mitreṇa sambhāṣo yasya mitreṇa saṁsthitiḥ |;
Hitop, 2: 2;39 2;yasya mitreṇa saṁlāpas tato nāstīha puṇyavān ||;
Hitop, 2: 2;40 1;atha pāśabaddhāṁś caitān dṛṣṭvā savismayaḥ kṣaṇaṁ citragrīva uvāca sakhe asmākaṁ prāktanajanmakarmaṇaḥ yasmāc ca yena ca yathā ca yadā ca yac ca yāvac ca yatra ca tasmāc ca tena ca tathā ca tadā ca tac ca tāvac ca tatra ca |;
Hitop, 2: 2;41 1;rāgaśokaparītāpabandhanavyasanāni ca |;
Hitop, 2: 2;41 2;ātmāparādhavṛkṣāṇāṁ phalāny etāni dehinām ||;
Hitop, 2: 2;42 1;etac chrutvā hiraṇyakaś citragrīvasya bandhanaṁ chettuṁ tatra citragrīva uvāca mitra mā maivaṁ kuru |;
Hitop, 2: 2;42 2;prathamam asmadāśritānām eteṣāṁ tāvat pāśāṁś chinddhi mama pāśaṁ paścāc chetsyasi |;
Hitop, 2: 2;42 3;hiraṇyako .py āhāham alpaśaktiḥ |;
Hitop, 2: 2;42 4;dantāś ca me komalāḥ |;
Hitop, 2: 2;42 5;tad eteṣāṁ pāśāṁś chettuṁ kathaṁ samartho bhavāmi tat tadanantaram apy eteṣāṁ bandhanaṁ yāvat śakyaṁ citragrīva uvācāstv evam |;
Hitop, 2: 2;42 6;tathāpi yathāśakti bandhanam eteṣāṁ khaṇḍaya |;
Hitop, 2: 2;42 7;hiraṇyakenoktamātmaparityāgena yadāśritānāṁ yataḥ |;
Hitop, 2: 2;42 8;āpadarthe dhanaṁ rakṣed dārān rakṣed dhanair api |;
Hitop, 2: 2;42 9;ātmānaṁ satataṁ rakṣed dārair api dhanair api ||;
Hitop, 2: 2;43 1;anyac ca |;
Hitop, 2: 2;43 2;dharmārthakāmamokṣāṇāṁ prāṇāḥ saṁsthitahetavaḥ |;
Hitop, 2: 2;43 3;tān nighnatā kiṁ na hataṁ rakṣatā kiṁ na rakṣitam ||;
Hitop, 2: 2;44 1;citragrīva uvāca sakhe nītis tāvad īdṛśy eva kiṁtv aham yataḥ |;
Hitop, 2: 2;44 2;dhanāni jīvitaṁ caiva parārthe prājña utsṛjet |;
Hitop, 2: 2;44 3;sannimitte varaṁ tyāgo vināśe niyate sati ||;
Hitop, 2: 2;45 1;ayam aparaś cāsādhāraṇo hetuḥ |;
Hitop, 2: 2;45 2;jātidravyabalānāṁ ca sāmyam eṣāṁ mayā saha |;
Hitop, 2: 2;45 3;matprabhutvaphalaṁ brūhi kadā kiṁ tad bhaviṣyati ||;
Hitop, 2: 2;46 1;anyac ca |;
Hitop, 2: 2;46 2;vinā vartanam evaite na tyajanti mamāntikam |;
Hitop, 2: 2;46 3;tan me prāṇavyayenāpi jīvayaitān mamāśritān ||;
Hitop, 2: 2;47 1;kiṁ ca |;
Hitop, 2: 2;47 2;māṁsamūtrapurīṣāsthipūrite.tra kalevare |;
Hitop, 2: 2;47 3;vinaśvare vihāyāsthāṁ yaśaḥ pālaya mitra me ||;
Hitop, 2: 2;48 1;aparaṁ ca paśya |;
Hitop, 2: 2;48 2;yadi nityam anityena nirmalaṁ malavāhinā |;
Hitop, 2: 2;48 3;yaśaḥ kāyena labhyeta tan na labdhaṁ bhaven nu kim ||;
Hitop, 2: 2;49 1;yataḥ |;
Hitop, 2: 2;49 2;śarīrasya guṇānāṁ ca dūram atyantam antaram |;
Hitop, 2: 2;49 3;śarīraṁ kṣaṇavidhvaṁsi kalpāntasthāyino guṇāḥ ||;
Hitop, 2: 2;50 1;ity ākarṇya hiraṇyakaḥ prahṛṣṭamanāḥ pulakitaḥ san anenāśritavātsalyena trailokyasyāpi prabhutvaṁ tvayi evam uktvā tena sarveṣāṁ kapotānāṁ bandhanāni chinnāni tato hiraṇyakaḥ sarvān sādaraṁ sampūjya āha sakhe yataḥ |;
Hitop, 2: 2;50 2;yo .dhikād yojanaśatān paśyatīhāmiṣaṁ khagaḥ |;
Hitop, 2: 2;50 3;sa eva prāptakālas tu pāśabandhaṁ na paśyati ||;


Hitop, 2: 2;53 1;iti prabodhya ātithyaṁ kṛtvā āliṅgya ca tena saṁpreṣitaś hiraṇyako .pi svavivaraṁ praviṣṭaḥ |;
Hitop, 2: 2;53 2;yāni kāni ca mitrāṇi kartavyāni śatāni ca |;
Hitop, 2: 2;53 3;paśya mūṣikamitreṇa kapotā muktabandhanāḥ ||;
Hitop, 2: 2;54 1;atha laghupatanakanāmā kākaḥ sarvavṛttāntadarśī atas tvaṁ māṁ maitryeṇānugrahītum arhasi |;
Hitop, 2: 2;54 2;etac chrutvā hiraṇyako .pi vivarābhyantarād āha kas tvam hiraṇyako vihasyāha kā tvayā saha maitrī yataḥ yad yena aham annaṁ bhavān bhoktā kathaṁ prītir bhaviṣyati ||;
Hitop, 2: 2;55 1;aparaṁ ca |;
Hitop, 2: 2;55 2;bhakṣyabhakṣayoḥ prītir vipatteḥ kāraṇaṁ matam |;
Hitop, 2: 2;55 3;śṛgālāt pāśabaddho .sau mṛgaḥ kākena rakṣitaḥ ||;
Hitop, 2: 2;56 1;vāyaso .bravītkatham etat |;
Hitop, 2: 2;56 2;hiraṇyakaḥ kathayati |;
Hitop, 2: 2;56 3;asti magadhadeśe campakavatī nāma araṇyānī |;
Hitop, 2: 2;56 4;tasyāṁ cirāt mahatā snehena mṛgakākau nivasataḥ |;
Hitop, 2: 2;56 5;sa ca mṛgaḥ svecchayā bhrāmyan hṛṣṭapuṣṭāṅgaḥ kenacit taṁ dṛṣṭvā śṛgālo .cintayat katham etanmāṁsaṁ sulalitaṁ mṛgeṇoktaṁ kas tvam |;
Hitop, 2: 2;56 6;sa brūte kṣudrabuddhināmā jambuko .ham |;
Hitop, 2: 2;56 7;atrāraṇye bandhuhīno mṛtavat ekākī nivasāmi |;
Hitop, 2: 2;56 8;idānīṁ tvāṁ mitram āsādya punaḥ sabandhur jīvalokaṁ adhunā tavānucareṇa mayā sarvathā bhavitavyam iti |;
Hitop, 2: 2;56 9;mṛgeṇoktamevam astu |;
Hitop, 2: 2;56 10;tataḥ paścād astaṁ gate savitari bhagavati marīcimālini tau tatra campakavṛkṣaśākhāyāṁ subuddhināmā kāko tau dṛṣṭvā kāko .vadatsakhe citrāṅga ko .yaṁ dvitīyaḥ |;
Hitop, 2: 2;56 11;mṛgo brūte mitra akasmād āgantunā saha maitrī na yuktā |;
Hitop, 2: 2;56 12;tan na bhadram ācaritam |;
Hitop, 2: 2;56 13;tathā coktam |;
Hitop, 2: 2;56 14;ajñātakulaśīlasya vāso deyo na kasyacit |;
Hitop, 2: 2;56 15;mārjārasya hi doṣeṇa hato gṛdhro jaradgavaḥ ||;
Hitop, 2: 2;57 1;tau āhatuḥ katham etat |;
Hitop, 2: 2;57 2;kākaḥ kathayati |;
Hitop, 2: 2;57 3;asti bhāgīrathītīre gṛdhrakūṭanāmni parvate mahān atha kṛpayā tajjīvanāya tadvṛkṣavāsinaḥ pakṣiṇaḥ svāhārāt atha kadācit dīrghakarṇanāmā mārjāraḥ pakṣiśāvakān tatas tam āyāntaṁ dṛṣṭvā pakṣiśāvakair bhayārtaiḥ tac chrutvā jaradgavena uktaṁ ko .yam āyāti dīrghakarṇo athavā |;
Hitop, 2: 2;57 4;tāvad bhayasya bhetavyaṁ yāvad bhayam anāgatam |;
Hitop, 2: 2;57 5;āgataṁ tu bhayaṁ vīkṣya naraḥ kuryād yathocitam ||;
Hitop, 2: 2;58 1;adhunātisaṁnidhāne palāyitum akṣamaḥ |;
Hitop, 2: 2;58 2;tad yathā bhavitavyaṁ tathā bhavatu tāvat viśvāsam gṛdhro .vadatkas tvam |;
Hitop, 2: 2;58 3;so .vadanmārjāro .ham |;
Hitop, 2: 2;58 4;gṛdhro brūte dūram apasara no cet hantavyo .si mayā |;
Hitop, 2: 2;58 5;mārjāro .vadacchrūyatāṁ tāvat madvacanam |;
Hitop, 2: 2;58 6;tato yady ahaṁ vadhyas tadā hantavyaḥ |;
Hitop, 2: 2;58 7;yataḥ |;
Hitop, 2: 2;58 8;jātimātreṇa kiṁ kaścid vadhyate pūjyate kvacit |;
Hitop, 2: 2;58 9;vyavahāraṁ parijñāya vadhyaḥ pūjyo .thavā bhavet ||;
Hitop, 2: 2;59 1;gṛdhro brūte brūhi kim artham āgato .si |;
Hitop, 2: 2;59 2;so .vadad aham atra gaṅgātīre nityasnāyī nirāmiṣāśī yuṣmān dharmajñānaratāḥ premaviśvāsabhūmayaḥ iti bhavantaś caitādṛśā dharmajñā yan mām atithiṁ hantum arāv apy ucitaṁ kāryam ātithyaṁ gṛham āgate |;
Hitop, 2: 2;59 3;chettum apy āgate chāyāṁ nopasaṁharate drumaḥ ||;
Hitop, 2: 2;60 1;kiṁ ca yadi annaṁ nāsti tadā suprītenāpi vacasā tāvad tṛṇāni bhūmir udakaṁ vāk caturthī ca sūnṛtā |;
Hitop, 2: 2;60 2;etāny api satāṁ gehe nocchidyante kadācana ||;
Hitop, 2: 2;61 1;anyac ca |;
Hitop, 2: 2;61 2;bālo vā yadi vā vṛddho yuvā vā gṛham āgataḥ |;
Hitop, 2: 2;61 3;tasya pūjā vidhātavyā sarvasyābhyāgato guruḥ ||;
Hitop, 2: 2;62 1;aparaṁ ca |;
Hitop, 2: 2;62 2;nirguṇeṣv api sattveṣu dayāṁ kurvanti sādhavaḥ |;
Hitop, 2: 2;62 3;na hi saṁharate jyotsnāṁ candraś cāṇḍālaveśmanaḥ ||;
Hitop, 2: 2;63 1;anyac ca |;
Hitop, 2: 2;63 2;atithir yasya bhagnāśo gṛhāt pratinivartate |;
Hitop, 2: 2;63 3;sa dattvā duṣkṛtaṁ tasmai puṇyam ādāya gacchati ||;Mahābhārata MBh, 12, 184: 1512 12;atithir yasya bhagnāśo gṛhāt pratinivartate |bhavati cātra ślokaḥ |sa dattvā duṣkṛtaṁ tasmai puṇyam ādāya gacchati ||;PARTLY;+ anya - śloka;
Hitop, 2: 2;64 1;anyac ca |;
Hitop, 2: 2;64 2;uttamasyāpi varṇasya nīco .pi gṛham āgataḥ |;
Hitop, 2: 2;64 3;pūjanīyo yathāyogyaṁ sarvadevamayo .tithiḥ ||;Hitopadeśa Hitop, 2: 2 114;aparaṁ ca |uttamasyāpi varṇasya nīco .pi gṛham āgataḥ |pūjanīyo yathāyogyaṁ sarvadevamayo .tithiḥ ||;PARTLY;+ anya - apara;
Hitop, 2: 2;65 1;gṛdhro .vadanmārjāro hi māṁsaruciḥ |;
Hitop, 2: 2;65 2;pakṣiśāvakāś cātra nivasanti |;
Hitop, 2: 2;65 3;tenāham eva bravīmi |;
Hitop, 2: 2;65 4;tac chrutvā mārjāro bhūmiṁ spṛṣṭvā karṇau spṛśati |;
Hitop, 2: 2;65 5;brūte ca mayā dharmaśāstraṁ śrutvā vītarāgenedaṁ yataḥ parasparaṁ vivadamānānām api dharmaśāstrāṇām yataḥ |;
Hitop, 2: 2;65 6;sarvahiṁsānivṛttā ye narāḥ sarvasahāś ca ye |;
Hitop, 2: 2;65 7;sarvasyāśrayabhūtāś ca te narāḥ svargagāminaḥ ||;
Hitop, 2: 2;66 1;anyac ca |;
Hitop, 2: 2;66 2;eka eva suhṛd dharmo nidhane.py anuyāti yaḥ |;
Hitop, 2: 2;66 3;śarīreṇa samaṁ nāśaṁ sarvam anyaddhi gacchati ||;
Hitop, 2: 2;67 1;kiṁ ca |;
Hitop, 2: 2;67 2;yo .tti yasya yadā māṁsam ubhayoḥ paśyatāntaram |;
Hitop, 2: 2;67 3;ekasya kṣaṇikā prītir anyaḥ prāṇair vimucyate ||;
Hitop, 2: 2;68 1;api ca |;
Hitop, 2: 2;68 2;martavyam iti yad duḥkhaṁ puruṣasyopajāyate |;
Hitop, 2: 2;68 3;śakyas tenānumānena paro .pi parirakṣitum ||;
Hitop, 2: 2;69 1;śṛṇu punaḥ |;
Hitop, 2: 2;69 2;svacchandavanajātena śākenāpi prapūryate |;
Hitop, 2: 2;69 3;asya dagdhodarasyārthe kaḥ kuryāt pātakaṁ mahat ||;
Hitop, 2: 2;70 1;evaṁ viśvāsya sa mārjāras tarukoṭare sthitaḥ |;
Hitop, 2: 2;70 2;tato dineṣu gacchatsu asau pakṣiśāvakān ākramya atha yeṣām apatyāni khāditāni taiḥ śokārtair vilapadbhir tat parijñāya mārjāraḥ koṭarān niḥsṛtya bahiḥ palāyitaḥ |;
Hitop, 2: 2;70 3;paścāt pakṣibhir itas tato nirūpayadbhis tatra tarukoṭare ato .haṁ bravīmyajñātakulaśīlasya ityādi |;
Hitop, 2: 2;70 4;ity ākarṇya sa jambukaḥ sakopam āha mṛgasya tat kathaṁ bhavatā saha etasya snehānuvṛttir uttarottaraṁ yatra vidvajjano nāsti ślāghyas tatrālpadhīr api |;
Hitop, 2: 2;70 5;nirastapādape deśe eraṇḍo .pi drumāyate ||;
Hitop, 2: 2;71 1;anyac ca |;
Hitop, 2: 2;71 2;ayaṁ nijaḥ paro veti gaṇanā laghucetasām |;
Hitop, 2: 2;71 3;udāracaritānāṁ tu vasudhaiva kuṭumbakam ||;
Hitop, 2: 2;72 1;yathā cāyaṁ mṛgo mama bandhus tathā bhavān api |;
Hitop, 2: 2;72 2;mṛgo .bravīt kamanena uttarottareṇa sarvair ekatra yataḥ |;
Hitop, 2: 2;72 3;na kaścit kasyacin mitraṁ na kaścit kasyacid ripuḥ |;
Hitop, 2: 2;72 4;vyavahāreṇa mitrāṇi jāyante ripavas tathā ||;
Hitop, 2: 2;73 1;kākena uktamevam astu |;
Hitop, 2: 2;73 2;atha prātaḥ sarve yathābhimatadeśaṁ gatāḥ |;
Hitop, 2: 2;73 3;ekadā nibhṛtaṁ śṛgālo brūte sakhe mṛga etasminn eva tad ahaṁ tvāṁ tatra nītvā darśayāmi |;
Hitop, 2: 2;73 4;tathā kṛte sati mṛgaḥ pratyahaṁ tatra gatvā sasyaṁ khādati tato dinakatipayena kṣetrapatinā tad dṛṣṭvā pāśās tatra anantaraṁ punar āgato mṛgaḥ tatra caran pāśair baddho atrāntare jambukas tatrāgatya upasthito .cintayatphalitas manorathasiddhir api bāhulyān me bhaviṣyati |;
Hitop, 2: 2;73 5;yataḥ etasya utkṛtyamānasya māṁsāsṛgliptāni asthīni mayā tāni ca bāhulyena mama bhojanāni bhaviṣyanti |;
Hitop, 2: 2;73 6;sa ca mṛgas taṁ dṛṣṭvā ullāsito brūte sakhe chinddhi tāvan satvaraṁ trāyasva mām |;
Hitop, 2: 2;73 7;yataḥ |;
Hitop, 2: 2;73 8;āpatsu mitraṁ jānīyād raṇe śūram ṛṇe śucim |;
Hitop, 2: 2;73 9;bhāryāṁ kṣīṇeṣu vitteṣu vyasaneṣu ca bāndhavān ||;
Hitop, 2: 2;74 1;aparaṁ ca |;
Hitop, 2: 2;74 2;utsave vyasane prāpte durbhikṣe śatrusaṁkaṭe |;
Hitop, 2: 2;74 3;rājadvāre śmaśāne ca yas tiṣṭhati sa bāndhavaḥ ||;
Hitop, 2: 2;75 1;jambukaḥ pāśaṁ muhur muhur vilokyācintayaddṛḍhas brūte ca sakhe snāyunirmitāḥ pāśāḥ |;
Hitop, 2: 2;75 2;tad adya bhaṭṭārakavāre katham etān dantaiḥ spṛśāmi mitra anantaraṁ sa kākaḥ pradoṣakāle mṛgamanāgatam avalokya tathā coktam |;
Hitop, 2: 2;75 3;suhṛdāṁ hitakāmānāṁ yaḥ śṛṇoti na bhāṣitam |;
Hitop, 2: 2;75 4;vipat saṁnihitā tasya sa naraḥ śatrunandanaḥ ||;
Hitop, 2: 2;76 1;kāko brūte |;
Hitop, 2: 2;76 2;sa vañcakaḥ kvāste |;
Hitop, 2: 2;76 3;mṛgeṇoktaṁ manmāṁsārthī tiṣṭhaty atraiva |;
Hitop, 2: 2;76 4;kāko brūte mitra uktam eva mayā pūrvam |;
Hitop, 2: 2;76 5;aparādho na me .stīti naitad viśvāsakāraṇam |;
Hitop, 2: 2;76 6;vidyate hi nṛśaṁsebhyo bhayaṁ guṇavatām api ||;
Hitop, 2: 2;77 1;dīpanirvāṇagandhaṁ ca suhṛdvākyam arundhatīm |;
Hitop, 2: 2;77 2;na jighranti na śṛṇvanti na paśyanti gatāyuṣaḥ ||;
Hitop, 2: 2;78 1;parokṣe kāryahantāraṁ pratyakṣe priyavādinam |;
Hitop, 2: 2;78 2;varjayet tādṛśaṁ mitraṁ viṣakumbhaṁ payomukham ||;


Hitop, 2: 2;81 1;durjanena samaṁ sakhyaṁ vairaṁ cāpi na kārayet |;
Hitop, 2: 2;81 2;uṣṇo dahati cāṅgāraḥ śītaḥ kṛṣṇāyate karam ||;

Hitop, 2: 2;83 1;tathā ca |;
Hitop, 2: 2;83 2;durjanaḥ priyavādī ca naitad viśvāsakāraṇam |;
Hitop, 2: 2;83 3;madhu tiṣṭhati jihvāgre hṛdi hālāhalaṁ viṣam ||;
Hitop, 2: 2;84 1;atha prabhāte sa kṣetrapatir laguḍahastas taṁ pradeśam tam avalokya kākenoktam |;
Hitop, 2: 2;84 2;sakhe mṛga tvam ātmānaṁ mṛtavat saṁdarśya ahaṁ tava cakṣuṣī cañcvā kim api vilikhāmi yadāhaṁ mṛgas tathaiva kākavacanena sthitaḥ |;
Hitop, 2: 2;84 3;tataḥ kṣetrapatinā harṣotphullalocanena tathāvidho mṛga athāsau āḥ svayaṁ mṛto .si ity uktvā mṛgaṁ bandhanāt tataḥ kiyad dūre antarite kṣetrapatau sa mṛgaḥ kākasya tam uddiśya tena kṣetrapatinā prakopāt kṣiptena laguḍena tathā coktam |;
Hitop, 2: 2;84 4;tribhir varṣais tribhir māsais tribhiḥ pakṣais tribhir dinaiḥ |;
Hitop, 2: 2;84 5;atyutkaṭaiḥ pāpapuṇyair ihaiva phalam aśnute ||;
Hitop, 2: 2;85 1;ato .haṁ bravīmi bhakṣyabhakṣakayoḥ prītir ityādi |;
Hitop, 2: 2;85 2;iti mṛgavāyasaśṛgālakathā |;
Hitop, 2: 2;85 3;kākaḥ punar āha |;
Hitop, 2: 2;85 4;bhakṣitenāpi bhavatā nāhāro mama puṣkalaḥ |;
Hitop, 2: 2;85 5;tvayi jīvati jīvāmi citragrīva ivānagha ||;
Hitop, 2: 2;86 1;anyac ca |;
Hitop, 2: 2;86 2;tiraścām api viśvāso dṛṣṭaḥ puṇyaikakarmaṇām |;
Hitop, 2: 2;86 3;satāṁ hi sādhuśīlatvāt svabhāvo na nivartate ||;
Hitop, 2: 2;87 1;kiṁ ca |;
Hitop, 2: 2;87 2;sādhoḥ prakopitasyāpi mano nāyāti vikriyām |;
Hitop, 2: 2;87 3;na hi tāpayituṁ śakyaṁ sāgarāmbhas tṛṇolkayā ||;
Hitop, 2: 2;88 1;hiraṇyako brūte capalas tvam |;
Hitop, 2: 2;88 2;capalena saha snehaḥ sarvathā na kartavyaḥ |;
Hitop, 2: 2;88 3;tathā coktam |;
Hitop, 2: 2;88 4;mārjāro mahiṣo meṣaḥ kākaḥ kāpuruṣas tathā |;
Hitop, 2: 2;88 5;viśvāsāt prabhavanty ete viśvāsas tatra no hitaḥ ||;
Hitop, 2: 2;89 1;kiṁ cānyat |;
Hitop, 2: 2;89 2;śatrupakṣo bhavān asmākam |;
Hitop, 2: 2;89 3;śatruṇā saṁdhir na vidheyam |;
Hitop, 2: 2;89 4;uktaṁ caitat |;
Hitop, 2: 2;89 5;śatruṇā na hi saṁdadhyāt saṁśliṣṭenāpi saṁdhinā |;
Hitop, 2: 2;89 6;sutaptam api pānīyaṁ śamayaty eva pāvakam ||;
Hitop, 2: 2;90 1;durjanaḥ parihartavyo vidyayālaṁkṛto .pi san |;
Hitop, 2: 2;90 2;maṇinā bhūṣitaḥ sarpaḥ kim asau na bhayaṁkaraḥ ||;Garuḍapurāṇa GarPur, 1, 112: 110 15;durjanaḥ parihartavyo vidyayālaṁkṛto .pi san |maṇinā bhūṣitaḥ sarpaḥ kimasau na bhayaṅkaraḥ ||;PARTLY;+ ka - kim;Śatakatraya ŚTr, 1: 1 53;durjanaḥ parihartavyo vidyayālaṁkṛto .pi san |maṇinā bhūṣitaḥ sarpaḥ kim asau na bhayaṅkaraḥ ||;PARTLY;+ ka - kim;
Hitop, 2: 2;91 1;yad aśakyaṁ na tac chakyaṁ yacchakyaṁ śakyam eva tat |;
Hitop, 2: 2;91 2;nodake śakaṭaṁ yāti na ca naur gacchati sthale ||;
Hitop, 2: 2;92 1;aparaṁ ca |;
Hitop, 2: 2;92 2;mahatāpy arthasāreṇa yo viśvasiti śatruṣu |;
Hitop, 2: 2;92 3;bhāryāsu ca viraktāsu tadantaṁ tasya jīvanam ||;
Hitop, 2: 2;93 1;laghupatanako brūte śrutaṁ mayā sarvam |;
Hitop, 2: 2;93 2;tathāpi mamaitāvan eva saṁkalpaḥ |;
Hitop, 2: 2;93 3;yat tvayā saha sauhṛdyam avaśyaṁ karaṇīyam iti |;
Hitop, 2: 2;93 4;anyathā anāhāreṇātmānaṁ tava dvāri vyāpādayiṣyāmīti |;
Hitop, 2: 2;93 5;tathā hi |;
Hitop, 2: 2;93 6;mṛdghaṭavat sukhabhedyo duḥsaṁdhānaśca durjano sujanas tu kanakaghaṭavad durbhedyaś cāśu saṁdheyaḥ ||;
Hitop, 2: 2;94 1;kiṁ ca |;
Hitop, 2: 2;94 2;dravatvāt sarvalohānāṁ nimittānmṛgapakṣiṇām |;
Hitop, 2: 2;94 3;bhayāl lobhāc ca mūrkhāṇāṁ saṅgataḥ darśanāt satām ||;
Hitop, 2: 2;95 1;kiṁ ca |;
Hitop, 2: 2;95 2;nārikelasamākārā dṛśyante hi suhṛjjanāḥ |;
Hitop, 2: 2;95 3;anye badarikākārā bahir eva manoharāḥ ||;
Hitop, 2: 2;96 1;anyac ca |;
Hitop, 2: 2;96 2;snehacchede.pi sādhūnāṁ guṇā nāyānti vikriyām |;
Hitop, 2: 2;96 3;bhaṅge.pi hi mṛṇālānām anubadhnanti tantavaḥ ||;
Hitop, 2: 2;97 1;anyac ca |;
Hitop, 2: 2;97 2;śucitvam tyāgitā śauryaṁ sāmānyaṁ sukhaduḥkhayoḥ |;
Hitop, 2: 2;97 3;dākṣiṇyaṁ cānuraktiś ca satyatā ca suhṛdguṇāḥ ||;

Hitop, 2: 2;99 1;anyac ca |;
Hitop, 2: 2;99 2;rahasyabhedo yācñā ca naiṣṭhuryaṁ calacittatā |;
Hitop, 2: 2;99 3;krodho niḥsatyatā dyūtam etan mitrasya dūṣaṇam ||;
Hitop, 2: 2;100 1;anena vacanakrameṇa tat ekam api dūṣaṇaṁ tvayi na yataḥ |;
Hitop, 2: 2;100 2;paṭutvaṁ satyavāditvaṁ kathāyogena budhyate |;
Hitop, 2: 2;100 3;astabdhatvam acāpalyaṁ pratyakṣenāvagamyate ||;
Hitop, 2: 2;101 1;aparaṁ ca |;
Hitop, 2: 2;101 2;anyathaiva hi sauhārdaṁ bhavet svacchāntarātmanaḥ |;
Hitop, 2: 2;101 3;pravartate.nyathā vāṇī śāṭhyopahatacetasaḥ ||;
Hitop, 2: 2;102 1;manasy anyad vacasy anyat karmaṇy anyad durātmanām |;
Hitop, 2: 2;102 2;manasy ekaṁ vacasy ekaṁ karmaṇy ekaṁ mahātmanām ||;
Hitop, 2: 2;103 1;tad bhavatu bhavataḥ abhimatam eva |;
Hitop, 2: 2;103 2;ity uktvā hiraṇyako maitryaṁ vidhāya bhojanaviśeṣair vāyaso .pi svasthānaṁ gataḥ tataḥprabhṛti tayoḥ anyo ekadā laghupatanako hiraṇyakam āha sakhe vāyasasya tad etat parityajya sthānāntaraṁ gantum icchāmi |;
Hitop, 2: 2;103 3;hiraṇyako brūte |;
Hitop, 2: 2;103 4;sthānabhraṣṭā na śobhante dantāḥ keśā nakhā narāḥ |;
Hitop, 2: 2;103 5;iti vijñāya matimān svasthānaṁ na parityajet ||;
Hitop, 2: 2;104 1;kāko brūte mitra kāpuruṣasya vacanam etat |;
Hitop, 2: 2;104 2;yataḥ |;
Hitop, 2: 2;104 3;sthānam utsṛjya gacchanti siṁhāḥ satpuruṣā gajāḥ |;
Hitop, 2: 2;104 4;tatraiva nidhanaṁ yānti kākāḥ kāpuruṣā mṛgāḥ ||;

Hitop, 2: 2;106 1;hiraṇyako brūte mitra kva gantavyam tathā coktam |;
Hitop, 2: 2;106 2;calaty ekena pādena tiṣṭhaty ekena buddhimān |;
Hitop, 2: 2;106 3;nāsamīkṣya paraṁ sthānaṁ pūrvam āyatanaṁ tyajet ||;
Hitop, 2: 2;107 1;vāyaso brūte mitra asti sunirūpitaṁ sthānam |;
Hitop, 2: 2;107 2;hiraṇyako .vadatkiṁ tat |;
Hitop, 2: 2;107 3;vāyasaḥ kathayatyasti daṇḍakāraṇye tatra cirakālopārjitaḥ priyasuhṛn me mantharābhidhānaḥ paśya mitra |;
Hitop, 2: 2;107 4;paropadeśe pāṇḍityaṁ sarveṣāṁ sukaraṁ nṛṇām |;
Hitop, 2: 2;107 5;dharme svīyam anuṣṭhānaṁ kasyacit tu mahātmanaḥ ||;
Hitop, 2: 2;108 1;sa ca bhojanaviśeṣair māṁ saṁvardhayiṣyati |;
Hitop, 2: 2;108 2;hiraṇyako .py āha tat kim atrāvasthāya mayā kartavyam |;
Hitop, 2: 2;108 3;yataḥ |;
Hitop, 2: 2;108 4;yasmin deśe na sammāno na vṛttir na ca bāndhavaḥ |;
Hitop, 2: 2;108 5;na ca vidyāgamaḥ kaścit taṁ deśaṁ parivarjayet ||;
Hitop, 2: 2;109 1;aparaṁ ca |;
Hitop, 2: 2;109 2;dhanikaḥ śrotriyo rājā nadī vaidyas tu pañcamaḥ |;
Hitop, 2: 2;109 3;pañca yatra na vidyante tatra vāsaṁ na kārayet ||;
Hitop, 2: 2;110 1;aparaṁ ca |;
Hitop, 2: 2;110 2;lokayātrā bhayaṁ lajjā dākṣiṇyaṁ tyāgaśīlatā |;
Hitop, 2: 2;110 3;pañca yatra na vidyante na kuryāt tatra saṁsthitim ||;
Hitop, 2: 2;111 1;anyac ca |;
Hitop, 2: 2;111 2;tatra mitra na vastavyaṁ yatra nāsti catuṣṭayam |;
Hitop, 2: 2;111 3;ṛṇadātā ca vaidyaś ca śrotriyaḥ sajalā nadī ||;
Hitop, 2: 2;112 1;ato mām api tatra naya |;
Hitop, 2: 2;112 2;vāyaso .vadad evam astu |;
Hitop, 2: 2;112 3;atha vāyasas tena mitreṇa saha vicitrālāpasukhena tasya tato mantharo dūrād eva laghupatanakam avalokya utthāya yataḥ |;
Hitop, 2: 2;112 4;bālo vā yadi vā vṛddho yuvā vā gṛham āgataḥ |;
Hitop, 2: 2;112 5;tasya pūjā vidhātavyā sarvatrābhyāgato guruḥ ||;
Hitop, 2: 2;113 1;tathā |;
Hitop, 2: 2;113 2;gurur agnir dvijātīnāṁ varṇānāṁ brāhmaṇo guruḥ |;
Hitop, 2: 2;113 3;patir eko guruḥ strīṇāṁ sarvatrābhyāgato guruḥ ||;Kūrmapurāṇa KūPur, 2, 12: 63 48;gururagnirdvijātīnāṁ varṇānāṁ brāhmaṇo guruḥ |patireko guruḥ strīṇāṁ sarvatrābhyāgato guruḥ ||;PARTLY;+  - abhyāgam;
Hitop, 2: 2;114 1;aparaṁ ca |;
Hitop, 2: 2;114 2;uttamasyāpi varṇasya nīco .pi gṛham āgataḥ |;
Hitop, 2: 2;114 3;pūjanīyo yathāyogyaṁ sarvadevamayo .tithiḥ ||;Hitopadeśa Hitop, 2: 2 64;anyac ca |uttamasyāpi varṇasya nīco .pi gṛham āgataḥ |pūjanīyo yathāyogyaṁ sarvadevamayo .tithiḥ ||;PARTLY;+ apara - anya;

Hitop, 2: 2;116 1;adṛṣṭidānaṁ kṛtapūrvanāśanam ānanaṁ kathāprasaṅgena ca nāmavismṛtir viraktabhāvasya janasya |;
Hitop, 2: 2;117 1;cūḍākarṇenoktam |;
Hitop, 2: 2;117 2;bhadra nāhaṁ viraktaḥ kiṁtu paśya ayaṁ mūṣiko vīṇākarṇo nāgadantam avalokyāha katham ayaṁ mūṣikaḥ kṣaṇaṁ vicintya parivrājakenoktam |;
Hitop, 2: 2;117 3;kāraṇaṁ cātra dhanabāhulyam eva pratibhāti |;
Hitop, 2: 2;117 4;yataḥ |;
Hitop, 2: 2;117 5;dhanavān balavān loke sarvaḥ sarvatra sarvadā |;
Hitop, 2: 2;117 6;prabhutvaṁ dhanamūlaṁ hi rājñām apy upajāyate ||;
Hitop, 2: 2;118 1;tataḥ khanitram ādāya tena parivrājakena vivaraṁ khanitvā tataḥ prabhṛti pratyahaṁ nijaśaktihīnaḥ sattvotsāharahitaḥ tatas tenoktam |;
Hitop, 2: 2;118 2;dhanena balavān loko dhanād bhavati paṇḍitaḥ |;
Hitop, 2: 2;118 3;paśyainaṁ mūṣikaṁ pāpaṁ svajātisamatāṁ gatam ||;
Hitop, 2: 2;119 1;kiṁ ca |;
Hitop, 2: 2;119 2;arthena tu vihīnasya puruṣasyālpamedhasaḥ |;
Hitop, 2: 2;119 3;kriyāḥ sarvā vinaśyanti grīṣme kusarito yathā ||;
Hitop, 2: 2;120 1;aparaṁ ca |;
Hitop, 2: 2;120 2;yasyārthās tasya mitrāṇi yasyārthās tasya bāndhavāḥ |;
Hitop, 2: 2;120 3;yasyārthāḥ sa pumān loke yasyārthāḥ sa hi paṇḍitaḥ ||;Garuḍapurāṇa GarPur, 1, 111: 109 17;yasyārthāstasya mitrāṇi yasyārthāstasya bāndhavāḥ |yasyārthāḥ sa pumāṁlloke yasyārthāḥ sa ca paṇḍitaḥ ||;PARTLY;+  - dṛś;Mahābhārata MBh, 12, 8: 1336 19;yasyārthāstasya mitrāṇi yasyārthāstasya bāndhavāḥ |yasyārthāḥ sa pumāṁl loke yasyārthāḥ sa ca paṇḍitaḥ ||;PARTLY;+  - yathā;Rāmāyaṇa Rām, 6, 70: 460 34;yasyārthāstasya mitrāṇi yasyārthāstasya bāndhavaḥ |yasyārthāḥ sa pumāṁl loke yasyārthāḥ sa ca paṇḍitaḥ ||;PARTLY;+  - pravṛt;Tantrākhyāyikā TAkhy, 2: 2 150;yasyārthās tasya mitrāṇi yasyārthās tasya bāndhavāḥ |yasyārthāḥ sa pumāṁl loke yasyārthāḥ sa ca paṇḍitaḥ ||;PARTLY;+  - āgam;
Hitop, 2: 2;121 1;aparaṁ ca |;
Hitop, 2: 2;121 2;aputrasya gṛhaṁ śūnyaṁ sanmitrarahitasya ca |;
Hitop, 2: 2;121 3;mūrkhasya ca diśaḥ śūnyāḥ sarvaśūnyā daridratā ||;
Hitop, 2: 2;122 1;aparaṁ ca |;
Hitop, 2: 2;122 2;dāridryān maraṇād vāpi dāridryam avaraṁ smṛtam |;
Hitop, 2: 2;122 3;alpakleśena maraṇaṁ dāridryam atiduḥsaham ||;

Hitop, 2: 2;124 1;etat sarvam ākarṇya mayālocitaṁ mamānnāvasthānam tathā coktam |;
Hitop, 2: 2;124 2;atyantavimukhe daive vyarthe yatne ca pauruṣe |;
Hitop, 2: 2;124 3;manasvino daridrasya vanād anyat kutaḥ sukham ||;
Hitop, 2: 2;125 1;anyac ca |;
Hitop, 2: 2;125 2;manasvī mriyate kāmaṁ kārpaṇyaṁ na tu gacchati |;
Hitop, 2: 2;125 3;api nirvāṇam āyāti nānalo yāti śītatām ||;
Hitop, 2: 2;126 1;kiṁ ca |;
Hitop, 2: 2;126 2;kusumastabakasyeva dve vṛttī tu manasvinaḥ |;
Hitop, 2: 2;126 3;sarveṣāṁ mūrdhni vā tiṣṭhed viśīryeta vane.thavā ||;
Hitop, 2: 2;127 1;yac cānyasmai etad vṛttāntakathanaṁ tad apy anucitam |;
Hitop, 2: 2;127 2;yataḥ |;
Hitop, 2: 2;127 3;arthanāśaṁ manastāpaṁ gṛhe duścaritāni ca |;
Hitop, 2: 2;127 4;vañcanaṁ cāpamānaṁ ca matimān na prakāśayet ||;
Hitop, 2: 2;128 1;yac cātraiva yācñayā jīvanaṁ tad apy atīvagarhitam |;
Hitop, 2: 2;128 2;yataḥ |;
Hitop, 2: 2;128 3;varaṁ vibhavahīnena prāṇaiḥ saṁtarpito .nalaḥ |;
Hitop, 2: 2;128 4;nopacāraparibhraṣṭaḥ kṛpaṇaḥ prārthyate janaḥ ||;


Hitop, 2: 2;131 1;varaṁ śūnyā śālā na ca khalu varo duṣṭavṛṣabho varaṁ varaṁ vāso .raṇye na punar avivekādhipapure varaṁ |;
Hitop, 2: 2;132 1;api ca |;
Hitop, 2: 2;132 2;seveva mānam akhilaṁ jyotsneva tamo jareva lāvaṇyam |;
Hitop, 2: 2;132 3;hariharakatheva duritaṁ guṇaśatam apy arthitā harati ||;
Hitop, 2: 2;133 1;tat kim ahaṁ parapiṇḍena ātmānaṁ poṣayāmi kaṣṭaṁ bhoḥ anyac ca |;
Hitop, 2: 2;133 2;rogī cirapravāsī parānnabhojī parāvasathaśāyī |;
Hitop, 2: 2;133 3;yaj jīvati tan maraṇaṁ yan maraṇaṁ so .sya viśrāmaḥ ||;
Hitop, 2: 2;134 1;ity ālocyāpi lobhāt punar api tadīyam annaṁ grahītuṁ tathā coktam |;
Hitop, 2: 2;134 2;lobhena buddhiś calati lobho janayate tṛṣām |;
Hitop, 2: 2;134 3;tṛṣārto duḥkham āpnoti paratreha ca mānavaḥ ||;
Hitop, 2: 2;135 1;tato .haṁ mandaṁ mandam upasarpaṁs tena vīṇākarṇena lubdho hy asaṁtuṣṭo niyatam ātmadrohī bhavati |;
Hitop, 2: 2;135 2;tathā ca |;
Hitop, 2: 2;135 3;dhanalubdho hy asaṁtuṣṭo .niyatātmājitendriyaḥ |;
Hitop, 2: 2;135 4;sarvā evāpadas tasya yasya tuṣṭaṁ na mānasam ||;
Hitop, 2: 2;136 1;sarvāḥ sampattayas tasya saṁtuṣṭaṁ yasya mānasam |;
Hitop, 2: 2;136 2;upānadgūḍhapādasya nanu carmāvṛteva bhūḥ ||;
Hitop, 2: 2;137 1;aparaṁ ca |;
Hitop, 2: 2;137 2;saṁtoṣāmṛtatṛptānāṁ yat sukhaṁ śāntacetasām |;
Hitop, 2: 2;137 3;kutas taddhanalubdhānām itaś cetaś ca dhāvatām ||;
Hitop, 2: 2;138 1;kiṁ ca |;
Hitop, 2: 2;138 2;tenādhītaṁ śrutaṁ tena tena sarvam anuṣṭhitam |;
Hitop, 2: 2;138 3;yenāśāḥ pṛṣṭhataḥ kṛtvā nairāśyam avalambitam ||;
Hitop, 2: 2;139 1;api ca |;
Hitop, 2: 2;139 2;aseviteśvaradvāram adṛṣṭavirahavyatham |;
Hitop, 2: 2;139 3;anuktaklībavacanaṁ dhanyaṁ kasyāpi jīvanam ||;
Hitop, 2: 2;140 1;na yojanaśataṁ dūraṁ vāhyamānasya tṛṣṇayā |;
Hitop, 2: 2;140 2;saṁtuṣṭasya karaprāpte.py arthe bhavati nādaraḥ ||;Tantrākhyāyikā TAkhy, 2: 2 213;na yojanaśataṁ dūraṁ vāhyamānasya tṛṣṇayā |saṁtuṣṭasya karaprāpte .py arthe bhavati nādaraḥ ||;GOOD;;
Hitop, 2: 2;141 1;tad atra avasthocitakāryaparicchedaḥ śreyān |;
Hitop, 2: 2;141 2;ko dharmo bhūtadayā kiṁ saukhyaṁ nityam aroginā jagati kaḥ snehaḥ sadbhāvaḥ kiṁ pāṇḍityaṁ paricchedaḥ ||;
Hitop, 2: 2;142 1;tathā ca |;
Hitop, 2: 2;142 2;paricchedo hi pāṇḍityaṁ yadāpannā vipattayaḥ |;
Hitop, 2: 2;142 3;aparicchedakartṝṇāṁ vipadaḥ syuḥ pade pade ||;
Hitop, 2: 2;143 1;tathā hi |;
Hitop, 2: 2;143 2;tyajed ekaṁ kulasyārthe grāmasyārthe kulaṁ tyajet |;
Hitop, 2: 2;143 3;grāmaṁ janapadasyārthe ātmārthe pṛthivīṁ tyajet ||;Garuḍapurāṇa GarPur, 1, 109: 107 2;tyajed ekaṁ kulasyārthe grāmasyārthe kulaṁ tyajet |grāmaṁ janapadasyārthe ātmārthe pṛthivīṁ tyajet ||;PARTLY;+  - satatam;Mahābhārata MBh, 1, 107: 107 32;tyajed ekaṁ kulasyārthe grāmasyārthe kulaṁ tyajet |grāmaṁ janapadasyārthe ātmārthe pṛthivīṁ tyajet ||;PARTLY;+  - vara;
Hitop, 2: 2;144 1;aparaṁ ca |;
Hitop, 2: 2;144 2;pānīyaṁ vā nirāyāsaṁ svādvannaṁ vā bhayottaram |;
Hitop, 2: 2;144 3;vicāryaṁ khalu paśyāmi tat sukhaṁ yatra nirvṛtiḥ ||;

Hitop, 2: 2;146 1;ataḥ |;
Hitop, 2: 2;146 2;saṁsāraviṣayavṛkṣasya dve eva rasavatphale |;
Hitop, 2: 2;146 3;kāvyāmṛtarasāsvādaḥ saṁgamaḥ sajjanaiḥ saha ||;
Hitop, 2: 2;147 1;aparaṁ ca |;
Hitop, 2: 2;147 2;satsaṅgaḥ keśave bhaktir gaṅgāmbhasi nimajjanam |;
Hitop, 2: 2;147 3;asāre khalu saṁsāre trīṇi sārāṇi bhāvayet ||;

Hitop, 2: 2;149 1;yuṣmābhir atisaṁcayaḥ kṛtaḥ |;
Hitop, 2: 2;149 2;tasyāyaṁ doṣaḥ |;
Hitop, 2: 2;149 3;śṛṇu |;
Hitop, 2: 2;149 4;upārjitānāṁ vittānāṁ tyāga eva hi rakṣaṇam |;
Hitop, 2: 2;149 5;taḍāgodarasaṁsthānāṁ parīvāha ivāmbhasām ||;
Hitop, 2: 2;150 1;anyac ca |;
Hitop, 2: 2;150 2;yad adho .dhaḥ kṣitau vittaṁ nicakhāna mitampacaḥ |;
Hitop, 2: 2;150 3;tadadho nilayaṁ gantuṁ cakre panthānam agrataḥ ||;
Hitop, 2: 2;151 1;yataḥ |;
Hitop, 2: 2;151 2;nijasaukhyaṁ nirundhāno yo dhanārjanam icchati |;
Hitop, 2: 2;151 3;parārthabhāravāhīva sa kleśasyaiva bhājanam ||;
Hitop, 2: 2;152 1;tathā coktam |;
Hitop, 2: 2;152 2;dānopabhogahīnena dhanena dhanino yadi |;
Hitop, 2: 2;152 3;bhavāmaḥ kiṁ na tenaiva dhanena dhanino vayam ||;

Hitop, 2: 2;154 1;anyac ca |;
Hitop, 2: 2;154 2;asaṁbhogena sāmānyaṁ kṛpaṇasya dhanaṁ paraiḥ |;
Hitop, 2: 2;154 3;asyedam iti sambandho hānau duḥkhena gamyate ||;
Hitop, 2: 2;155 1;api ca |;
Hitop, 2: 2;155 2;na devāya na viprāya na bandhubhyo na cātmane |;
Hitop, 2: 2;155 3;kṛpaṇasya dhanaṁ yāti vahnitaskarapārthivaiḥ ||;
Hitop, 2: 2;156 1;tathā coktam |;
Hitop, 2: 2;156 2;dānaṁ priyavāksahitaṁ jñānam agarvaṁ kṣamānvitaṁ tyāgaṁ sahitaṁ ca vittaṁ durlabham etac catur bhadram ||;
Hitop, 2: 2;157 1;uktaṁ ca |;
Hitop, 2: 2;157 2;kartavyaḥ saṁcayo nityaṁ na tu kāryo .tisaṁcayaḥ |;
Hitop, 2: 2;157 3;atisaṁcayaśīlo .yaṁ dhanuṣā jambuko hataḥ ||;
Hitop, 2: 2;158 1;tāv āhatuḥ katham etat |;
Hitop, 2: 2;158 2;mantharaḥ kathayati |;
Hitop, 2: 2;158 3;āsīt kalyāṇakaṭakavāstavyo bhairavo nāma vyādhaḥ |;
Hitop, 2: 2;158 4;sa caikadā māṁsalubdho dhanur ādāya mṛgam anviṣyan tatra tena mṛga eko vyāpāditaḥ |;
Hitop, 2: 2;158 5;tato mṛgam ādāya gacchatā tena ghorākṛtiḥ śūkaro dṛṣṭaḥ |;
Hitop, 2: 2;158 6;tatas tena mṛgaṁ bhūmau nidhāya śūkaraḥ śareṇa hataḥ |;
Hitop, 2: 2;158 7;śūkareṇāpy āgatya pralayaghanaghoragarjanaṁ kurvāṇena tathā coktam |;
Hitop, 2: 2;158 8;jalam agnir viṣaṁ śastaṁ kṣud vyādhiḥ patanaṁ gireḥ |;
Hitop, 2: 2;158 9;nimittaṁ kiṁcid āsādya dehī prāṇair vimucyate ||;
Hitop, 2: 2;159 1;atha tayoḥ pādāsphālanena ekaḥ sarpo .pi mṛtaḥ |;
Hitop, 2: 2;159 2;atrāntare dīrgharāvo nāma jambukaḥ ālokyācintayac cāho bhāgyam adya mahad bhojyaṁ me athavā |;
Hitop, 2: 2;159 3;acintitāni duḥkhāni yathaivāyānti dehinām |;
Hitop, 2: 2;159 4;sukhāny api tathā manye daivam atrātiricyate ||;
Hitop, 2: 2;160 1;māsam ekaṁ naro yāti dvau māsau mṛgaśūkarau |;
Hitop, 2: 2;160 2;ahir ekaṁ dinaṁ yāti adya bhakṣyo dhanurguṇaḥ ||;
Hitop, 2: 2;161 1;tataḥ prathamabubhukṣāyām idaṁ niḥsvādu tataś chinne snāyubandhane drutam utpatitena dhanuṣā ato .haṁ bravīmi kartavyaḥ saṁcayo nityam ityādi |;
Hitop, 2: 2;161 2;tathā ca |;
Hitop, 2: 2;161 3;yad dadāti yad aśnāti tad eva dhanino dhanam |;
Hitop, 2: 2;161 4;anye mṛtasya krīḍanti dārair api dhanair api ||;
Hitop, 2: 2;162 1;kiṁ ca |;
Hitop, 2: 2;162 2;yad dadāsi viśiṣṭebhyo yac cāśnāsi dine dine |;
Hitop, 2: 2;162 3;tat te vittam ahaṁ manye śeṣaṁ kasyāpi rakṣasi ||;
Hitop, 2: 2;163 1;yātu |;
Hitop, 2: 2;163 2;kim idānīm atikrāntopavarṇanena |;
Hitop, 2: 2;163 3;yataḥ |;
Hitop, 2: 2;163 4;nāprāpyam abhivāñchanti naṣṭaṁ necchanti śocitum |;
Hitop, 2: 2;163 5;āpatsv api na muhyanti narāḥ paṇḍitabuddhayaḥ ||;


Hitop, 2: 2;166 1;tad atra sakhe daśāviśeṣe śāntiḥ karaṇīyā |;
Hitop, 2: 2;166 2;etad apy atikaṣṭaṁ tvayā na mantavyam |;
Hitop, 2: 2;166 3;sukham āpatitaṁ sevyaṁ duḥkham āpatitaṁ tathā |;
Hitop, 2: 2;166 4;cakravat parivartante duḥkhāni ca sukhāni ca ||;
Hitop, 2: 2;167 1;aparaṁ ca |;
Hitop, 2: 2;167 2;nipānam iva maṇḍūkāḥ saraḥ pūrṇam ivāṇḍajāḥ |;
Hitop, 2: 2;167 3;sodyogaṁ naram āyānti vivaśāḥ sarvasampadaḥ ||;


Hitop, 2: 2;170 1;kiṁ ca |;
Hitop, 2: 2;170 2;dhanavān iti hi madas te kiṁ gatavibhavo viṣādam upayāsi karanihatakandukasamāḥ pātotpātā manuṣyāṇām ||;
Hitop, 2: 2;171 1;anyac ca |;
Hitop, 2: 2;171 2;vṛttyarthaṁ nāticeṣṭate sā hi dhātraiva nirmitā |;
Hitop, 2: 2;171 3;garbhād utpatite jantau mātuḥ prasravataḥ stanau ||;
Hitop, 2: 2;172 1;api ca sakhe śṛṇu |;
Hitop, 2: 2;172 2;yena śuklīkṛtā haṁsāḥ śukāś ca haritīkṛtāḥ |;
Hitop, 2: 2;172 3;mayūrāś citritā yena sa te vṛttiṁ vidhāsyati ||;
Hitop, 2: 2;173 1;aparaṁ ca satāṁ rahasyaṁ śṛṇu mitra |;
Hitop, 2: 2;173 2;janayanty arjane duḥkhaṁ tāpayanti vipattiṣu |;
Hitop, 2: 2;173 3;mohayanti ca sampattau katham arthāḥ sukhāvahāḥ ||;
Hitop, 2: 2;174 1;aparaṁ ca |;
Hitop, 2: 2;174 2;dharmārdhaṁ yasya vittehā varaṁ tasya nirīhatā |;
Hitop, 2: 2;174 3;prakṣālanāddhi paṅkasya dūrād asparśanaṁ varam ||;
Hitop, 2: 2;175 1;yataḥ |;
Hitop, 2: 2;175 2;yathāmiṣam ākāśe pakṣibhiḥ śvāpadair bhuvi |;
Hitop, 2: 2;175 3;bhakṣyate salile matsyais tathā sarvatra vittavān ||;
Hitop, 2: 2;176 1;anyac ca |;
Hitop, 2: 2;176 2;rājataḥ salilād agneś corataḥ svajanād api |;
Hitop, 2: 2;176 3;bhayam arthavatāṁ nityaṁ mṛtyoḥ prāṇabhṛtām iva ||;
Hitop, 2: 2;177 1;tathā hi |;
Hitop, 2: 2;177 2;janmani kleśabahule kiṁ nu duḥkham ataḥ param |;
Hitop, 2: 2;177 3;icchāsampad yato nāsti yac cecchā na nivartate ||;
Hitop, 2: 2;178 1;anyac ca bhrātaḥ śṛṇu |;
Hitop, 2: 2;178 2;dhanaṁ tāvad asulabhaṁ labdhaṁ kṛcchreṇa pālyate |;
Hitop, 2: 2;178 3;labdhanāśo yathā mṛtyus tasmād etan na cintayet ||;
Hitop, 2: 2;179 1;sā tṛṣṇā cet parityaktā ko daridraḥ ka īśvaraḥ |;
Hitop, 2: 2;179 2;tasyāś cet prasaro datto dāsyaṁ ca śirasi sthitam ||;
Hitop, 2: 2;180 1;aparaṁ ca |;
Hitop, 2: 2;180 2;yad yad eva hi vāñcheta tato vāñchā pravartate |;
Hitop, 2: 2;180 3;prāpta evārthataḥ so .rtho yato vāñchā nivartate ||;
Hitop, 2: 2;181 1;kiṁ bahunā viśrambhālāpair mayaiva sahātra kālo nīyatām yataḥ |;
Hitop, 2: 2;181 2;āmaraṇāntāḥ praṇayāḥ kopāś ca kṣaṇabhaṅgurāḥ |;
Hitop, 2: 2;181 3;parityāgāś ca niḥsaṅgā na bhavanti mahātmanām ||;
Hitop, 2: 2;182 1;iti śrutvā laghupatanako brūte dhanyo .si manthara yataḥ |;
Hitop, 2: 2;182 2;santa eva satāṁ nityam āpaduddharaṇakṣamāḥ |;
Hitop, 2: 2;182 3;gajānāṁ paṅkamagnānāṁ gajā eva dhuraṁdharāḥ ||;

Hitop, 2: 2;184 1;tad evaṁ te svecchāhāravihāraṁ kurvāṇāḥ saṁtuṣṭāḥ atha kadācit citrāṅganāmā mṛgaḥ kenāpi trāsitas tatrāgatya tatpaścād āyāntaṁ bhayahetuṁ saṁbhāvya mantharo jalaṁ mūṣikaś ca vivaraṁ gataḥ kāko .pi uḍḍīya vṛkṣāgram tato laghupatanakena sudūraṁ nirūpya bhayahetur na ko paścāt tadvacanād āgatya punaḥ sarve militvā manthareṇoktaṁ bhadra mṛga kuśalaṁ te svecchayā atrāvasthānena vanam idaṁ sanāthīkriyatām |;
Hitop, 2: 2;184 2;citrāṅgo brūte lubdhakatrāsito .haṁ bhavatāṁ śaraṇam tataś ca |;
Hitop, 2: 2;184 3;bhavadbhiḥ saha mitratvam icchāmi |;
Hitop, 2: 2;184 4;bhavantaś ca anukampayantu maitryeṇa |;
Hitop, 2: 2;184 5;yataḥ |;
Hitop, 2: 2;184 6;lobhād vātha bhayād vāpi yas tyajec charaṇāgatam |;
Hitop, 2: 2;184 7;brahmahatyāsamaṁ tasya pāpam āhur manīṣiṇaḥ ||;
Hitop, 2: 2;185 1;hiraṇyako .py avadan mitratvaṁ tāvad asmābhiḥ saha yataḥ |;
Hitop, 2: 2;185 2;aurasaṁ kṛtasambandhaṁ tathā vaṁśakramāgatam |;
Hitop, 2: 2;185 3;rakṣakaṁ vyasanebhyaś ca mitraṁ jñeyaṁ caturvidham ||;
Hitop, 2: 2;186 1;tad atra bhavatā svagṛhanirviśeṣeṇa sthīyatām |;
Hitop, 2: 2;186 2;tac chrutvā mṛgaḥ sānando bhūtvā kṛtasvecchāhāraḥ atha mantharo brūte sakhe mṛga kena trāsito .si asmin mṛgeṇoktamasti kaliṅgaviṣaye rukmāṅgado nāma nṛpatiḥ |;
Hitop, 2: 2;186 3;sa ca digvijayavyāpārakrameṇa āgatya candrabhāgānadītīre prātaś ca tenātrāgatya karpūrasaraḥ samīpe bhavitavyam iti tad atrāpi prātaravasthānaṁ bhayahetukam ity ālocya yathā tac chrutvā kūrmaḥ sabhayam āha mitra jalāśayāntaraṁ kākamṛgāv api uktavantau mitra evam astu |;
Hitop, 2: 2;186 4;hiraṇyako vimṛśyābravītpunar jalāśaye prāpte mantharasya sthale gacchato .sya kā vidhā |;
Hitop, 2: 2;186 5;ambhāṁsi jalajantūnāṁ durgaṁ durganivāsinām |;
Hitop, 2: 2;186 6;svabhūmiḥ śvāpadādīnāṁ rājñāṁ sainyaṁ paraṁ balam ||;
Hitop, 2: 2;187 1;upāyena hi yac chakyaṁ na tac chakyaṁ parākramaiḥ |;
Hitop, 2: 2;187 2;kākī kanakasūtreṇa kṛṣṇasarpam aghātayat ||;
Hitop, 2: 2;188 1;tad yathā |;
Hitop, 2: 2;188 2;asti brahmāraṇye karpūratilako nāma hastī |;
Hitop, 2: 2;188 3;tam avalokya sarve śṛgālāś cintayanti sma |;
Hitop, 2: 2;188 4;yady ayaṁ kenāpy upāyena mriyate tadāsmākam etena tatas tanmadhyād ekena vṛddhaśṛgālena pratijñā kṛtā |;
Hitop, 2: 2;188 5;mayā buddhiprabhāvād asya maraṇaṁ sādhayitavyam |;
Hitop, 2: 2;188 6;anantaraṁ sa vañcakaḥ karpūratilakasamīpaṁ gatvā hastī brūte kas tvam kutaḥ samāyātaḥ |;
Hitop, 2: 2;188 7;so .vadajjambuko .haṁ sarvair vanavāsibhiḥ paśubhir yad vinā rājñā sthātuṁ na yuktam |;
Hitop, 2: 2;188 8;tad atrāṭavīrājye.bhiṣektuṁ bhavān sarvasvāmiguṇopeto yataḥ |;
Hitop, 2: 2;188 9;kulācārajanācārair atiśuddhaḥ pratāpavān |;
Hitop, 2: 2;188 10;dhārmiko nītikuśalaḥ sa svāmī yujyate bhuvi ||;
Hitop, 2: 2;189 1;aparaṁ ca paśya |;
Hitop, 2: 2;189 2;rājānaṁ prathamaṁ vindet tato bhāryāṁ tato dhanam |;
Hitop, 2: 2;189 3;rājany asati loke.smin kuto bhāryā kuto dhanam ||;
Hitop, 2: 2;190 1;anyac ca |;
Hitop, 2: 2;190 2;parjanya iva bhūtānām ādhāraḥ pṛthivīpatiḥ |;
Hitop, 2: 2;190 3;vikale.pi hi parjanye jīvyate na tu bhūpatau ||;

Hitop, 2: 2;192 1;tad yathā lagnavelā na calati tathā kṛtvā satvaram ity uktvā utthāya calitaḥ |;
Hitop, 2: 2;192 2;tato .sau rājyalābhākṛṣṭaḥ karpūratilakaḥ hastinoktam |;
Hitop, 2: 2;192 3;sakhe śṛgāla kim adhunā vidheyam mahāpaṅke patito .haṁ parāvṛtya paśya |;
Hitop, 2: 2;192 4;śṛgālena vihasyoktaṁ deva mama pucchāgre hastaṁ dattvā yasmāt madvidhasya vacasi tvayā viśvāsaḥ kṛtaḥ tasya tad anubhūyatām aśaraṇaṁ duḥkham |;
Hitop, 2: 2;192 5;tathā coktam |;
Hitop, 2: 2;192 6;yadāsatsaṅgarahito bhaviṣyasi bhaviṣyasi |;
Hitop, 2: 2;192 7;yadāsajjanagoṣṭhīṣu patiṣyasi patiṣyasi ||;

Hitop, 2: 2;194 1;svabhāvajaṁ tu yan mitraṁ bhāgyenaivābhijāyate |;
Hitop, 2: 2;194 2;tadakṛtrimasauhārdam āpatsv api na muñcati ||;
Hitop, 2: 2;195 1;api ca |;
Hitop, 2: 2;195 2;na mātari na dāreṣu na sodarye na cātmaje |;
Hitop, 2: 2;195 3;viśvāsas tādṛśaḥ puṁsāṁ yādṛṅ mitre svabhāvaje ||;Garuḍapurāṇa GarPur, 1, 114: 112 4;na mātari na dāreṣu na sodarye na cātmaje |viśvāsastādṛśaḥ puṁsāṁ yādṛṅmitre svabhāvaje ||;PARTLY;+  - bhāva;
Hitop, 2: 2;196 1;iti muhuḥ vicintya prāhāho me durdaivam |;
Hitop, 2: 2;196 2;yataḥ |;
Hitop, 2: 2;196 3;svakarmasaṁtānaviceṣṭitāni kālāntarāvartiśubhāśubhāni |;
Hitop, 2: 2;196 4;ihaiva dṛṣṭāni mayaiva tāni janmāntarāṇīva daśāntarāṇi ||;
Hitop, 2: 2;197 1;athavā ittham evaitat |;
Hitop, 2: 2;197 2;kāyaḥ saṁnihitāpāyaḥ sampadaḥ padam āpadām |;
Hitop, 2: 2;197 3;samāgamāḥ sāpagamāḥ sarvam utpādi bhaṅguram ||;
Hitop, 2: 2;198 1;punar vimṛśyāha |;
Hitop, 2: 2;198 2;śokārātibhayatrāṇaṁ prītiviśrambhabhājanam |;
Hitop, 2: 2;198 3;kena ratnam idaṁ sṛṣṭaṁ mitram ity akṣaradvayam ||;

Hitop, 2: 2;200 1;iti bahu vilapya hiraṇyakaś citrāṅgalaghupatanakāv āha tāv ūcatuḥ satvaraṁ yathākāryam upadiśa |;
Hitop, 2: 2;200 2;hiraṇyako brūte citrāṅgo jalasamīpaṁ gatvā mṛtam kākaś ca tasyopari sthitvā cañcvā kim api vilikhatu |;
Hitop, 2: 2;200 3;nūnam anena lubdhakena mṛgamāṁsārthinā tatra tato .haṁ mantharasya bandhanaṁ chetsyāmi |;
Hitop, 2: 2;200 4;saṁnihite lubdhake bhavadbhyāṁ palāyitavyam |;
Hitop, 2: 2;200 5;tataś citrāṅgalaghupatanakābhyāṁ śīghraṁ gatvā tataḥ kacchapaṁ jalasamīpe nidhāya kartarikām ādāya atrāntare hiraṇyakena āgatya mantharasya bandhanaṁ chinnabandhanaḥ kūrmaḥ satvaraṁ jalāśayaṁ praviṣṭaḥ |;
Hitop, 2: 2;200 6;sa ca mṛga āsannaṁ taṁ vyādhaṁ vilokyotthāya drutaṁ pratyāvṛttya lubdhako yāvat tarutalam āyāti tāvat kūrmam mamāsamīkṣyakāriṇaḥ |;
Hitop, 2: 2;200 7;yataḥ |;
Hitop, 2: 2;200 8;yo dhruvāṇi parityajya adhruvāṇi niṣevate |;
Hitop, 2: 2;200 9;dhruvāṇi tasya naśyanti adhruvaṁ naṣṭam eva hi ||;

Hitop, 3: 3;1 1;atha rājaputrā ūcur ārya mitralābhaḥ śrutas tāvad asmābhiḥ idānīṁ suhṛdbhedaṁ śrotum icchāmaḥ |;
Hitop, 3: 3;1 2;viṣṇuśarmovāca suhṛdbhedaṁ tāvac chṛṇuta |;
Hitop, 3: 3;1 3;yasyāyam ādyaḥ ślokaḥ |;
Hitop, 3: 3;1 4;vardhamāno mahān sneho mṛgendravṛṣayor vane |;
Hitop, 3: 3;1 5;piśunenātilubdhena jambukena vināśitaḥ ||;
Hitop, 3: 3;2 1;rājaputrair uktaṁ katham etat |;
Hitop, 3: 3;2 2;viṣṇuśarmā kathayatyasti dakṣiṇāpathe suvarṇavatī nāma tatra vardhamāno nāma vaṇiṅnivasati |;
Hitop, 3: 3;2 3;tasya pracure.pi vitte .parān bandhūn atisamṛddhān yataḥ |;
Hitop, 3: 3;2 4;adho .dhaḥ paśyataḥ kasya mahimā nopacīyate |;
Hitop, 3: 3;2 5;upary upari paśyantaḥ sarva eva daridrati ||;
Hitop, 3: 3;3 1;aparaṁ ca |;
Hitop, 3: 3;3 2;brahmahāpi naraḥ pūjyo yasyāsti vipulaṁ dhanam |;
Hitop, 3: 3;3 3;śaśinas tulyavaṁśo .pi nirdhanaḥ paribhūyate ||;

Hitop, 3: 3;5 1;kiṁ ca |;
Hitop, 3: 3;5 2;ālasyaṁ strīsevā sarogatā janmabhūmivātsalyam |;
Hitop, 3: 3;5 3;saṁtoṣo bhīrutvaṁ ṣaḍ vyāghātā mahattvasya ||;
Hitop, 3: 3;6 1;yataḥ |;
Hitop, 3: 3;6 2;sampadā susthitaṁmanyo bhavati svalpayāpi yaḥ |;
Hitop, 3: 3;6 3;kṛtakṛtyo vidhir manye na vardhayati tasya tām ||;
Hitop, 3: 3;7 1;aparaṁ ca |;
Hitop, 3: 3;7 2;nirutsāhaṁ nirānandaṁ nirvīryam arinandanam |;
Hitop, 3: 3;7 3;mā sma sīmantinī kācij janayet putram īdṛśam ||;
Hitop, 3: 3;8 1;tathā coktam |;
Hitop, 3: 3;8 2;alabdhaṁ caiva lipseta labdhaṁ rakṣet prayatnataḥ |;
Hitop, 3: 3;8 3;rakṣitaṁ vardhayec caiva vṛddhaṁ pātreṣu nikṣipet ||;

Hitop, 3: 3;10 1;yataḥ |;
Hitop, 3: 3;10 2;jalabindunipātena kramaśaḥ pūryate ghaṭaḥ |;
Hitop, 3: 3;10 3;sa hetuḥ sarvavidyānāṁ dharmasya ca dhanasya ca ||;
Hitop, 3: 3;11 1;dānopabhogarahitā divasā yasya yānti vai |;
Hitop, 3: 3;11 2;sa karmakārabhastreva śvasann api na jīvati ||;
Hitop, 3: 3;12 1;iti saṁcintya nandakasaṁjīvakanāmānau vṛṣabhau dhuri anyac ca |;
Hitop, 3: 3;12 2;añjanasya kṣayaṁ dṛṣṭvā valmīkasya ca saṁcayam |;
Hitop, 3: 3;12 3;avandhyaṁ divasaṁ kuryād dānādhyayanakarmabhiḥ ||;
Hitop, 3: 3;13 1;yataḥ |;
Hitop, 3: 3;13 2;ko .tibhāraḥ samarthānāṁ kiṁ dūraṁ vyavasāyinām |;
Hitop, 3: 3;13 3;ko videśaḥ savidyānāṁ kaḥ paraḥ priyavādinām ||;
Hitop, 3: 3;14 1;atha gacchatas tasya sudurganāmni mahāraṇye saṁjīvako tam ālokya vardhamāno .cintayat |;
Hitop, 3: 3;14 2;karotu nāma nītijño vyavasāyam itas tataḥ |;
Hitop, 3: 3;14 3;phalaṁ punas tad eva syād yad vidher manasi sthitam ||;
Hitop, 3: 3;15 1;kiṁtu |;
Hitop, 3: 3;15 2;vismayaḥ sarvathā heyaḥ pratyūhaḥ sarvakarmaṇām |;
Hitop, 3: 3;15 3;tasmād vismayam utsṛjya sādhye siddhir vidhīyatām ||;
Hitop, 3: 3;16 1;iti saṁcintya saṁjīvakaṁ tatra parityajya vardhamānaḥ tataḥ saṁjīvako .pi kathaṁ katham api khuratraye bharaṁ yataḥ |;
Hitop, 3: 3;16 2;nimagnasya payorāśau parvatāt patitasya ca |;
Hitop, 3: 3;16 3;takṣakeṇāpi daṣṭasya āyur marmāṇi rakṣati ||;
Hitop, 3: 3;17 1;nākāle mriyate jantur viddhaḥ śaraśatair api |;
Hitop, 3: 3;17 2;kuśāgreṇaiva saṁspṛṣṭaḥ prāptakālo na jīvati ||;
Hitop, 3: 3;18 1;arakṣitaṁ tiṣṭhati daivarakṣitaṁ surakṣitaṁ daivahataṁ jīvaty anātho .pi vane visarjitaḥ kṛtaprayatno .pi gṛhe na |;
Hitop, 3: 3;19 1;tato dineṣu gacchatsu saṁjīvakaḥ svecchāhāravihāraṁ tasmin vane piṅgalakanāmā siṁhaḥ tathā coktam |;
Hitop, 3: 3;19 2;nābhiṣeko na saṁskāraḥ siṁhasya kriyate mṛgaiḥ |;
Hitop, 3: 3;19 3;vikramārjitarājyasya svayam eva mṛgendratā ||;
Hitop, 3: 3;20 1;sa caikadā pipāsākulitaḥ pānīyaṁ pātuṁ yamunākaccham tena ca tatra siṁhenānanubhūtapūrvakam tac chrutvā pānīyam apītvā sacakitaḥ parivṛtya svasthānam sa ca tathāvidhaḥ karaṭakadamanakābhyām asya taṁ tathāvidhaṁ dṛṣṭvā damanakaḥ karaṭakam āha sakhe karaṭako brūte mitra damanaka asmanmatenāsya sevaiva yadi tathā bhavati tarhi kim anena yato .nena rājñā vināparādhena ciram avadhīritābhyām sevayā dhanam icchadbhiḥ sevakaiḥ paśya yat kṛtam |;
Hitop, 3: 3;20 2;svātantryaṁ yac charīrasya mūḍhais tad api hāritam ||;
Hitop, 3: 3;21 1;aparaṁ ca |;
Hitop, 3: 3;21 2;śītavātātapakleśān sahante yān parāśritāḥ |;
Hitop, 3: 3;21 3;tadaṁśenāpi medhāvī tapas taptvā sukhī bhavet ||;
Hitop, 3: 3;22 1;anyac ca |;
Hitop, 3: 3;22 2;etāvaj janmasāphalyaṁ dehinām iha dehiṣu |;
Hitop, 3: 3;22 3;prāṇair arthair dhiyā vācā śreya evācaret sadā ||;
Hitop, 3: 3;23 1;aparaṁ ca |;
Hitop, 3: 3;23 2;ehi gaccha patottiṣṭha vada maunaṁ samācara |;
Hitop, 3: 3;23 3;iti vitrastasāraṅganetrayā ko na vañcitaḥ ||;
Hitop, 3: 3;24 1;kiṁ ca |;
Hitop, 3: 3;24 2;abudhair arthalābhāya paṇyastrībhir iva svayam |;
Hitop, 3: 3;24 3;ātmā saṁskṛtya saṁskṛtya paropakaraṇīkṛtaḥ ||;
Hitop, 3: 3;25 1;kiṁ ca |;
Hitop, 3: 3;25 2;yā prakṛtyaiva capalā nipataty aśucāv api |;
Hitop, 3: 3;25 3;svāmino bahu manyante dṛṣṭiṁ tām api sevakāḥ ||;

Hitop, 3: 3;27 1;viśeṣataś ca |;
Hitop, 3: 3;27 2;praṇamaty unnatihetor jīvitahetor vimuñcati prāṇān |;
Hitop, 3: 3;27 3;duḥkhīyati sukhahetoḥ ko mūḍhaḥ sevakād anyaḥ ||;
Hitop, 3: 3;28 1;damanako brūte mitra sarvathā manasāpi naitat kartavyam yataḥ |;
Hitop, 3: 3;28 2;kathaṁ nāma na sevyante yatnataḥ parameśvarāḥ |;
Hitop, 3: 3;28 3;acireṇaiva ye tuṣṭāḥ pūrayanti manorathān ||;
Hitop, 3: 3;29 1;anyac ca |;
Hitop, 3: 3;29 2;kutaḥ sevāvihīnānāṁ cāmaroddhūtasampadaḥ |;
Hitop, 3: 3;29 3;uddaṇḍadhavalachatraṁ vājivāraṇavāhinī ||;
Hitop, 3: 3;30 1;karaṭako brūte tathāpi kim anenāsmākaṁ vyāpāreṇa |;
Hitop, 3: 3;30 2;yato .vyāpāreṣu vyāpāraḥ sarvathā pariharaṇīyaḥ |;
Hitop, 3: 3;30 3;paśya |;
Hitop, 3: 3;30 4;avyāpāreṣu vyāpāraṁ yo naraḥ kartum icchati |;
Hitop, 3: 3;30 5;sa eva nidhanaṁ yāti kīlotpāṭīva vānaraḥ ||;
Hitop, 3: 3;31 1;damanakaḥ pṛcchati katham etat |;
Hitop, 3: 3;31 2;karakaṭaḥ kathayati |;
Hitop, 3: 3;31 3;asti magadhadeśe dharmāraṇyasaṁnihitavasudhāyāṁ tatra karapattradāryamāṇaikastambhasya kiyad tatra balavān vānarayūthaḥ krīḍann āgataḥ |;
Hitop, 3: 3;31 4;eko vānaraḥ kālaprerita iva taṁ kīlakaṁ hastābhyāṁ anantaraṁ sa ca sahajacapalatayā mahatā prayatnena taṁ ākṛṣṭe ca kīlake cūrṇitāṇḍadvayaḥ pañcatvaṁ gataḥ |;
Hitop, 3: 3;31 5;ato .haṁ bravīmyavyāpāreṣu vyāpāram ityādi |;
Hitop, 3: 3;31 6;damanako brūte tathāpi svāmiceṣṭānirūpaṇaṁ karaṭako brūte sarvasminn adhikāre ya eva niyuktaḥ yato .nujīvinā parādhikāracarcā sarvathā na kartavyā |;
Hitop, 3: 3;31 7;paśya |;
Hitop, 3: 3;31 8;parādhikāracarcāṁ yaḥ kuryāt svāmihitecchayā |;
Hitop, 3: 3;31 9;sa viṣīdati cītkārād gardabhas tāḍito yathā ||;
Hitop, 3: 3;32 1;damanakaḥ pṛcchati katham etat |;
Hitop, 3: 3;32 2;karaṭako brūte |;
Hitop, 3: 3;32 3;asti vārāṇasyāṁ karpūrapaṭako nāma rajakaḥ |;
Hitop, 3: 3;32 4;sa rātrau gāḍhanidrāyāṁ prasuptaḥ |;
Hitop, 3: 3;32 5;tadanantaraṁ tadgṛhadravyāṇi hartuṁ cauraḥ praviṣṭaḥ |;
Hitop, 3: 3;32 6;tasya prāṅgaṇe gardabho baddhas tiṣṭhati |;
Hitop, 3: 3;32 7;kukkuraś copaviṣṭo .sti |;
Hitop, 3: 3;32 8;atha gardabhaḥ śvānam āha sakhe bhavatas tāvad ayaṁ tat kim iti tvam uccaiḥ śabdaṁ kṛtvā svāminaṁ na kukkuro brūte bhadra mama niyogasya carcā tvayā na tvam eva kiṁ na jānāsi yathā tasyāharniśaṁ gṛharakṣāṁ yato .yaṁ cirān nirvṛto mamopayogaṁ na jānāti |;
Hitop, 3: 3;32 9;tenādhunāpi mamāhāradāne mandādaraḥ |;
Hitop, 3: 3;32 10;yato vinā vidhuradarśanaṁ svāmina upajīviṣu mandādarā gardabho brūte śṛṇu re barbara yācate kāryakāle yaḥ sa kukkuro brūte |;
Hitop, 3: 3;32 11;bhṛtyān saṁbhāṣayed yas tu kāryakāle sa kiṁprabhuḥ ||;
Hitop, 3: 3;33 1;yataḥ |;
Hitop, 3: 3;33 2;āśritānāṁ bhṛtau svāmisevāyāṁ dharmasevane |;
Hitop, 3: 3;33 3;putrasyotpādane caiva na santi pratihastakāḥ ||;
Hitop, 3: 3;34 1;tato gardabhaḥ sakopam āhāre duṣṭamate pāpīyāṁs tvaṁ bhavatu tāvat |;
Hitop, 3: 3;34 2;yathā svāmī jāgariṣyati |;
Hitop, 3: 3;34 3;tan mayā kartavyam |;
Hitop, 3: 3;34 4;yataḥ |;
Hitop, 3: 3;34 5;pṛṣṭhataḥ sevayed arkaṁ jaṭhareṇa hutāśanam |;
Hitop, 3: 3;34 6;svāminaṁ sarvabhāvena paralokam amāyayā ||;

Hitop, 3: 3;36 1;jīvite yasya jīvanti viprā mitrāṇi bāndhavāḥ |;
Hitop, 3: 3;36 2;saphalaṁ jīvitaṁ tasya ātmārthe ko na jīvati ||;
Hitop, 3: 3;37 1;api ca |;
Hitop, 3: 3;37 2;yasmin jīvati jīvanti bahavaḥ sa tu jīvatu |;
Hitop, 3: 3;37 3;kāko .pi kiṁ na kurute cañcvā svodarapūraṇam ||;
Hitop, 3: 3;38 1;paśya |;
Hitop, 3: 3;38 2;pañcabhir yāti dāsatvaṁ purāṇaiḥ ko .pi mānavaḥ |;
Hitop, 3: 3;38 3;ko .pi lakṣaiḥ kṛtī ko .pi lakṣair api na labhyate ||;
Hitop, 3: 3;39 1;anyac ca |;
Hitop, 3: 3;39 2;manuṣyajātau tulyāyāṁ bhṛtyatvam atigarhitam |;
Hitop, 3: 3;39 3;prathamo yo na tan nāpi sa kiṁ jīvatsu gaṇyate ||;
Hitop, 3: 3;40 1;tathā coktam |;
Hitop, 3: 3;40 2;vājivāraṇalohānāṁ kāṣṭhapāṣāṇavāsasām |;
Hitop, 3: 3;40 3;nārīpuruṣatoyānām antaraṁ mahadantaram ||;






Hitop, 3: 3;47 1;kiṁ ca |;
Hitop, 3: 3;47 2;āropyate śilā śaile yatnena mahatā yathā |;
Hitop, 3: 3;47 3;nipātyate kṣaṇenādhas tathātmā guṇadoṣayoḥ ||;
Hitop, 3: 3;48 1;yāty adho .dhaḥ vrajaty uccair naraḥ svair eva karmabhiḥ |;
Hitop, 3: 3;48 2;kūpasya khanitā yadvat prākārasyeva kārakaḥ ||;

Hitop, 3: 3;50 1;ākārair iṅgitair gatyā ceṣṭayā bhāṣaṇena ca |;
Hitop, 3: 3;50 2;netravaktravikāreṇa lakṣyate.ntargataṁ manaḥ ||;
Hitop, 3: 3;51 1;atra bhayaprastāve prajñābalenāham enaṁ svāminam yataḥ |;
Hitop, 3: 3;51 2;prastāvasadṛśaṁ vākyaṁ sadbhāvasadṛśaṁ priyam |;
Hitop, 3: 3;51 3;ātmaśaktisamaṁ kopaṁ yo jānāti sa paṇḍitaḥ ||;
Hitop, 3: 3;52 1;karaṭako brūte sakhe tvaṁ sevānabhijñaḥ |;
Hitop, 3: 3;52 2;paśya |;
Hitop, 3: 3;52 3;anāhūto viśed yas tu apṛṣṭo bahu bhāṣate |;
Hitop, 3: 3;52 4;ātmānaṁ manyate prītaṁ bhūpālasya sa durmatiḥ ||;
Hitop, 3: 3;53 1;damanako brūte bhadra katham ahaṁ sevānabhijñaḥ paśya kim apy asti svabhāvena sundaraṁ vāpy asundaram |;
Hitop, 3: 3;53 2;yad eva rocate yasmai bhavet tat tasya sundaram ||;
Hitop, 3: 3;54 1;yataḥ |;
Hitop, 3: 3;54 2;yasya yasya hi yo bhāvas tena tena hi taṁ naram |;
Hitop, 3: 3;54 3;anupraviśya medhāvī kṣipram ātmavaśaṁ nayet ||;Garuḍapurāṇa GarPur, 1, 109: 107 13;yasya yasya hi yo bhāvas tasya tasya hitaṁ vadan |anupraviśya medhāvī kṣipramātmavaśaṁ nayet ||;PARTLY;+  - vad;
Hitop, 3: 3;55 1;anyac ca |;
Hitop, 3: 3;55 2;ko .trety aham iti brūyāt samyag ādeśayeti ca |;
Hitop, 3: 3;55 3;ājñām avitathāṁ kuryād yathāśakti mahīpateḥ ||;
Hitop, 3: 3;56 1;aparaṁ ca |;
Hitop, 3: 3;56 2;alpecchur dhṛtimān prājñaś chāyevānugataḥ sadā |;
Hitop, 3: 3;56 3;ādiṣṭo na vikalpeta sa rājavasatiṁ vaset ||;
Hitop, 3: 3;57 1;karaṭako brūte kadācit tvām anavasarapraveśād sa cāhāstv evam |;
Hitop, 3: 3;57 2;tathāpy anujīvinā svāmisāṁnidhyam avaśyaṁ karaṇīyam |;
Hitop, 3: 3;57 3;yataḥ |;
Hitop, 3: 3;57 4;doṣabhīter anārambhas tat kāpuruṣalakṣaṇam |;
Hitop, 3: 3;57 5;kair ajīrṇabhayād bhrātar bhojanaṁ parihīyate ||;

Hitop, 3: 3;59 1;karaṭako brūte atha tatra gatvā kiṁ vakṣyati bhavān |;
Hitop, 3: 3;59 2;sa āha śṛṇu kim anurakto virakto vā mayi svāmīti jñāsyāmi karaṭako brūte kiṁ taj jñānalakṣaṇam |;
Hitop, 3: 3;59 3;damanako brūte śṛṇu |;
Hitop, 3: 3;59 4;dūrād avekṣaṇaṁ hāsaḥ sampraśneṣv ādaro bhṛśam |;
Hitop, 3: 3;59 5;parokṣe.pi guṇaślāghā smaraṇaṁ priyavastuṣu ||;
Hitop, 3: 3;60 1;asevake cānuraktir dānaṁ sapriyabhāṣaṇam |;
Hitop, 3: 3;60 2;anuraktasya cihnāni doṣe.pi guṇasaṁgrahaḥ ||;
Hitop, 3: 3;61 1;anyac ca |;
Hitop, 3: 3;61 2;kālayāpanam āśānāṁ vardhanaṁ phalakhaṇḍanam |;
Hitop, 3: 3;61 3;virakteśvaracihnāni jānīyān matimān naraḥ ||;

Hitop, 3: 3;63 1;karaṭako brūte tathāpy aprāpte prastāve na vaktum arhasi |;
Hitop, 3: 3;63 2;yataḥ |;
Hitop, 3: 3;63 3;aprāptakālaṁ vacanaṁ bṛhaspatir api bruvan |;
Hitop, 3: 3;63 4;labhate buddhyavajñānam avamānaṁ ca bhārata ||;
Hitop, 3: 3;64 1;damanako brūte mitra mā bhaiṣīḥ nāham aprāptāvasaraṁ yataḥ |;
Hitop, 3: 3;64 2;āpady unmārgagamane kāryakālātyayeṣu ca |;
Hitop, 3: 3;64 3;apṛṣṭo .pi hitānveṣī brūyāt kalyāṇabhāṣitam ||;
Hitop, 3: 3;65 1;yadi ca prāptāvasareṇāpi mayā mantro na vaktavyas tadā yataḥ |;
Hitop, 3: 3;65 2;kalpayati yena vṛttiṁ yena ca loke praśasyate |;
Hitop, 3: 3;65 3;sa guṇas tena guṇinā rakṣyaḥ saṁvardhanīyaś ca ||;


Hitop, 3: 3;68 1;deva tat sarvathā viśeṣajñena svāminā bhavitavyam |;
Hitop, 3: 3;68 2;yataḥ |;
Hitop, 3: 3;68 3;maṇir luṭhati pādeṣu kācaḥ śirasi dhāryate |;
Hitop, 3: 3;68 4;yathaivāste tathaivāstāṁ kācaḥ kāco maṇir maṇiḥ ||;
Hitop, 3: 3;69 1;anyac ca |;
Hitop, 3: 3;69 2;nirviśeṣo yadā rājā samaṁ sarveṣu vartate |;
Hitop, 3: 3;69 3;tadodyamasamarthānām utsāhaḥ parihīyate ||;
Hitop, 3: 3;70 1;kiṁ ca |;
Hitop, 3: 3;70 2;trividhāḥ puruṣā rājann uttamādhamamadhyamāḥ |;
Hitop, 3: 3;70 3;niyojayet tathaivaitāṁs trividheṣv eva karmasu ||;
Hitop, 3: 3;71 1;yataḥ |;
Hitop, 3: 3;71 2;sthāna eva niyojyante bhṛtyāś cābharaṇāni ca |;
Hitop, 3: 3;71 3;nahi cūḍāmaṇiḥ pāde nūpuraṁ śirasā kṛtam ||;

Hitop, 3: 3;73 1;anyac ca |;
Hitop, 3: 3;73 2;mukuṭe ropitaḥ kācaś caraṇābharaṇe maṇiḥ |;
Hitop, 3: 3;73 3;nahi doṣo maṇer asti kiṁtu sādhor avijñatā ||;
Hitop, 3: 3;74 1;paśya |;
Hitop, 3: 3;74 2;buddhimān anurakto .yam ayaṁ śūra ito bhayam |;
Hitop, 3: 3;74 3;iti bhṛtyavicārajño bhṛtyair āpūryate nṛpaḥ ||;
Hitop, 3: 3;75 1;tathā hi |;
Hitop, 3: 3;75 2;aśvaḥ śastraṁ śāstraṁ vīṇā vāṇī naraś ca nārī ca |;
Hitop, 3: 3;75 3;puruṣaviśeṣaṁ prāptā bhavanty ayogyāś ca yogyāś ca ||;
Hitop, 3: 3;76 1;anyac ca |;
Hitop, 3: 3;76 2;kiṁ bhaktenāsamarthena kiṁ śaktenāpakāriṇā |;
Hitop, 3: 3;76 3;bhaktaṁ śaktaṁ ca māṁ rājan nāvajñātuṁ tvam arhasi ||;

Hitop, 3: 3;78 1;aparaṁ ca |;
Hitop, 3: 3;78 2;janaṁ janapadā nityam arcayanti nṛpārcitam |;
Hitop, 3: 3;78 3;nṛpeṇāvamato yas tu sa sarvair avamanyate ||;
Hitop, 3: 3;79 1;kiṁ ca |;
Hitop, 3: 3;79 2;bālād api gṛhītavyaṁ yuktam uktaṁ manīṣibhiḥ |;
Hitop, 3: 3;79 3;raver aviṣaye kiṁ na pradīpasya prakāśanam ||;
Hitop, 3: 3;80 1;piṅgalako .vadad bhadra damanaka kim etat |;
Hitop, 3: 3;80 2;tvam asmadīyapradhānāmātyaputra iyantaṁ kālaṁ yāvat idānīṁ yathābhimataṁ brūhi |;
Hitop, 3: 3;80 3;damanako brūte deva pṛcchāmi kiṁcit |;
Hitop, 3: 3;80 4;ucyatām |;
Hitop, 3: 3;80 5;udakārthī svāmī pānīyam apītvā kim iti vismita iva tiṣṭhati |;
Hitop, 3: 3;80 6;piṅgalako .vadadbhadram uktaṁ tvayā |;
Hitop, 3: 3;80 7;kiṁtv etad rahasyaṁ vaktuṁ kācid viśvāsabhūmir nāsti |;
Hitop, 3: 3;80 8;tathāpi nibhṛtaṁ kṛtvā kathayāmi |;
Hitop, 3: 3;80 9;śṛṇu |;
Hitop, 3: 3;80 10;samprati vanam idam apūrvasattvādhiṣṭhitam ato .smākaṁ anena hetunā vismito .smi |;
Hitop, 3: 3;80 11;tathā ca śruto mayāpi mahān apūrvaśabdaḥ |;
Hitop, 3: 3;80 12;śabdānurūpeṇāsya prāṇino mahatā balena bhavitavyam |;
Hitop, 3: 3;80 13;damanako brūte deva asti tāvad ayaṁ mahān bhayahetuḥ |;
Hitop, 3: 3;80 14;sa śabdo .smābhir apy ākarṇitaḥ |;
Hitop, 3: 3;80 15;kiṁtu sa kiṁ mantrī yaḥ prathamaṁ bhūmityāgaṁ paścād yataḥ |;
Hitop, 3: 3;80 16;bandhustrībhṛtyavargasya buddheḥ sattvasya cātmanaḥ |;
Hitop, 3: 3;80 17;āpannikaṣapāṣāṇe naro jānāti sāratām ||;
Hitop, 3: 3;81 1;siṁho brūte bhadra mahatī śaṅkā māṁ bādhate |;
Hitop, 3: 3;81 2;damanakaḥ punar āha svagatamanyathā rājyasukhaṁ prakāśaṁ brūte deva yāvad ahaṁ jīvāmi tāvad bhayaṁ na kiṁtu karaṭakādayo .py āśvāsyantāṁ yasmād tatas tau damanakakaraṭakau rājñā sarvasvenāpi pūjitau karaṭako gacchan damanakam āha sakhe kiṁ yato .nupakurvāṇo na kasyāpy upāyanaṁ gṛhṇīyād paśya |;
Hitop, 3: 3;81 3;yasya prasāde padmāste vijayaś ca parākrame |;
Hitop, 3: 3;81 4;mṛtyuś ca vasati krodhe sarvatejomayo hi saḥ ||;
Hitop, 3: 3;82 1;tathā hi |;
Hitop, 3: 3;82 2;bālo .pi nāvamantavyo manuṣya iti bhūmipaḥ |;
Hitop, 3: 3;82 3;mahatī devatā hy eṣā nararūpeṇa tiṣṭhati ||;Manusmṛti ManuS, 7: 7 8;bālo .pi nāvamantavyo manuṣya iti bhūmipaḥ |mahatī devatā hy eṣā nararūpeṇa tiṣṭhati ||;PARTLY;+ tathā - prabhāva;
Hitop, 3: 3;83 1;damanako vihasyāha mitra tūṣṇīm āsyatām |;
Hitop, 3: 3;83 2;jñātaṁ mayā bhayakāraṇam |;
Hitop, 3: 3;83 3;balīvardanarditaṁ tat |;
Hitop, 3: 3;83 4;vṛṣabhāś cāsmākam api bhakṣyāḥ |;
Hitop, 3: 3;83 5;kiṁ punaḥ siṁhasya |;
Hitop, 3: 3;83 6;karaṭako brūte yady evaṁ tadā kim punaḥ svāmitrāsas damanako brūte yadi svāmitrāsas tatraiva mucyate tadā aparaṁ ca |;
Hitop, 3: 3;83 7;nirapekṣo na kartavyo bhṛtyaiḥ svāmī kadācana |;
Hitop, 3: 3;83 8;nirapekṣaṁ prabhuṁ kṛtvā bhṛtyaḥ syād dadhikarṇavat ||;
Hitop, 3: 3;84 1;karaṭakaḥ pṛcchati katham etat |;
Hitop, 3: 3;84 2;damanakaḥ kathayati |;
Hitop, 3: 3;84 3;asty uttarapathe .rbudaśikharanāmni parvate durdānto tasya parvatakandaram adhiśayānasya kesarāgraṁ kaścin tataḥ kesarāgraṁ lūnaṁ dṛṣṭvā kupito vivarāntargataṁ kṣudraśatrur bhaved yas tu vikramān naiva labhyate |;
Hitop, 3: 3;84 4;tam āhantuṁ puraskāryaḥ sadṛśas tasya sainikaḥ ||;
Hitop, 3: 3;85 1;ity ālocya tena grāmaṁ gatvā viśvāsaṁ kṛtvā anantaraṁ tadbhayān mūṣiko .pi bilān na niḥsarati |;
Hitop, 3: 3;85 2;tenāsau siṁho .kṣatakesaraḥ sukhaṁ svapiti |;
Hitop, 3: 3;85 3;mūṣikaśabdaṁ yadā yadā śṛṇoti tadā tadā athaikadā sa mūṣikaḥ kṣudhāpīḍito bahiḥ saṁcaran anantaraṁ sa siṁho yadā kadācidapi tasya mūṣikasya tato .sāv āhāravirahāddurbalo dadhikarṇo .vasanno ato .haṁ bravīmi nirapekṣo na kartavyaḥ ityādi |;
Hitop, 3: 3;85 4;tato damanakakaraṭakau saṁjīvakasamīpaṁ gatau |;
Hitop, 3: 3;85 5;tatra karaṭakas tarutale sāṭopam upaviṣṭaḥ |;
Hitop, 3: 3;85 6;damanakaḥ saṁjīvakasamīpaṁ gatvābravīd are vṛṣabha eṣa no ced asmādaraṇyāddūram apasara |;
Hitop, 3: 3;85 7;anyathā te viruddhaṁ phalaṁ bhaviṣyati |;
Hitop, 3: 3;85 8;na jāne kruddhaḥ svāmī kiṁ vidhāsyati |;
Hitop, 3: 3;85 9;ājñābhaṅgo narendrāṇāṁ brāhmaṇānām anādaraḥ |;
Hitop, 3: 3;85 10;pṛthak śayyā ca nārīṇām aśastravihito vadhaḥ ||;
Hitop, 3: 3;86 1;tato deśavyavahārānabhijñaḥ saṁjīvakaḥ sabhayam tathā coktam |;
Hitop, 3: 3;86 2;matir eva balād garīyasī yadabhāve kariṇām iyaṁ daśā |;
Hitop, 3: 3;86 3;iti ghoṣayatīva ḍiṇḍimaḥ kariṇo hastipakāhataḥ kvaṇan ||;
Hitop, 3: 3;87 1;atha saṁjīvakaḥ sāśaṅkam āha senāpate kiṁ mayā tad abhidhīyatām |;
Hitop, 3: 3;87 2;karaṭako brūte vṛṣabha atra kānane tiṣṭhasi |;
Hitop, 3: 3;87 3;asmaddevapādāravindaṁ praṇama |;
Hitop, 3: 3;87 4;saṁjīvako brūte tadabhayavācaṁ me yaccha |;
Hitop, 3: 3;87 5;gacchāmi |;
Hitop, 3: 3;87 6;karaṭako brūte śṛṇu re balīvarda alam anayā śaṅkayā |;
Hitop, 3: 3;87 7;yataḥ |;
Hitop, 3: 3;87 8;prativācam adatta keśavaḥ śapamānāya na cedibhūbhuje |;
Hitop, 3: 3;87 9;anuhuṁkurute ghanadhvaniṁ na hi gomāyurutāni kesarī ||;

Hitop, 3: 3;89 1;tatas tau saṁjīvakaṁ kiyad dūre saṁsthāpya tato rājñā sādaram avalokitau praṇamyopaviṣṭau |;
Hitop, 3: 3;89 2;rājāha tvayā sa dṛṣṭaḥ |;
Hitop, 3: 3;89 3;damanako brūte deva dṛṣṭaḥ |;
Hitop, 3: 3;89 4;kiṁtu yad devena jñātaṁ tat tathā |;
Hitop, 3: 3;89 5;mahān evāsau devaṁ draṣṭum icchati |;
Hitop, 3: 3;89 6;kiṁtu mahābalo .sau tataḥ sajjībhūyopaviśya dṛśyatām |;
Hitop, 3: 3;89 7;śabdamātrād eva na bhetavyam |;
Hitop, 3: 3;89 8;tathā coktam |;
Hitop, 3: 3;89 9;śabdamātrān na bhetavyam ajñātvā śabdakāraṇam |;
Hitop, 3: 3;89 10;śabdahetuṁ parijñāya kuṭṭanī gauravaṁ gatā ||;
Hitop, 3: 3;90 1;rājāha katham etat |;
Hitop, 3: 3;90 2;damanakaḥ kathayati |;
Hitop, 3: 3;90 3;asti śrīparvatamadhye brahmapurākhyaṁ nagaram |;
Hitop, 3: 3;90 4;tacchikharapradeśe ghaṇṭākarṇo nāma rākṣasaḥ ekadā ghaṇṭām ādāya palāyamānaḥ kaścic cauro vyāghreṇa tatpāṇipatitā ghaṇṭā vānaraiḥ prāptā |;
Hitop, 3: 3;90 5;vānarās tāṁ ghaṇṭām anukṣaṇaṁ vādayanti |;
Hitop, 3: 3;90 6;tato nagarajanaiḥ sa manuṣyaḥ khādito dṛṣṭaḥ pratikṣaṇaṁ anantaraṁ ghaṇṭākarṇaḥ kupito manuṣyān khādati tataḥ karālayā nāma kuṭṭanyā vimṛśyānavaro .yaṁ tat kiṁ markaṭā ghaṇṭāṁ vādayantīti svayaṁ vijñāya rājā tato rājñā tasyai dhanaṁ dattam |;
Hitop, 3: 3;90 7;kuṭṭanyā maṇḍalaṁ kṛtvā tatra gaṇeśādipūjāgauravaṁ tato ghaṇṭāṁ parityajya vānarāḥ phalāsaktā babhūvuḥ |;
Hitop, 3: 3;90 8;kuṭṭanī ca ghaṇṭāṁ gṛhītvā nagaram āgatā ato .haṁ bravīmi śabdamātrān na bhetavyam ityādi |;
Hitop, 3: 3;90 9;tataḥ saṁjīvakam ānīya darśanaṁ kāritavantau |;
Hitop, 3: 3;90 10;paścāt tatraiva paramaprītyā nivasati |;
Hitop, 3: 3;90 11;atha kadācit tasya siṁhasya bhrātā stabdhakarṇanāmā tasyātithyaṁ kṛtvā siṁham upaveśya piṅgalakas atrāntare saṁjīvako vadati deva adya hatamṛgāṇāṁ rājāha damanakakaraṭakau jānītaḥ |;
Hitop, 3: 3;90 12;saṁjīvako brūte jñāyatāṁ kim asti nāsti vā |;
Hitop, 3: 3;90 13;siṁho vimṛśyāha nāsty eva tat |;
Hitop, 3: 3;90 14;saṁjīvako brūte katham etāvan māṁsaṁ tābhyāṁ rājāha khāditaṁ vyayitam avadhīritaṁ ca |;
Hitop, 3: 3;90 15;pratyaham eṣa kramaḥ |;
Hitop, 3: 3;90 16;saṁjīvako brūte kathaṁ śrīmaddevapādānām agocareṇaiva rājāha madīyāgocareṇaiva kriyate |;
Hitop, 3: 3;90 17;atha saṁjīvako brūte naitad ucitam |;
Hitop, 3: 3;90 18;tathā coktam |;
Hitop, 3: 3;90 19;nānivedya prakurvīta bhartuḥ kiṁcid api svayam |;
Hitop, 3: 3;90 20;kāryam āpatpratīkārād anyatra jagatīpate ||;
Hitop, 3: 3;91 1;anyac ca |;
Hitop, 3: 3;91 2;kamaṇḍalūpamo .mātyas tanutyāgī bahugrahaḥ |;
Hitop, 3: 3;91 3;nṛpate kiṁkṣaṇo mūrkho daridraḥ kiṁvarāṭakaḥ ||;
Hitop, 3: 3;92 1;sa hy amātyaḥ sadā śreyān kākinīṁ yaḥ pravardhayet |;
Hitop, 3: 3;92 2;kośaḥ kośavataḥ prāṇāḥ prāṇāḥ prāṇā na bhūpateḥ ||;
Hitop, 3: 3;93 1;kiṁ cārthair na kulācāraiḥ sevatām eti pūruṣaḥ |;
Hitop, 3: 3;93 2;dhanahīnaḥ svapatnyāpi tyajyate kiṁ punaḥ paraiḥ ||;
Hitop, 3: 3;94 1;etac ca rājñaḥ pradhānaṁ dūṣaṇam |;
Hitop, 3: 3;94 2;ativyayo .napekṣā ca tathārjanam adharmataḥ |;
Hitop, 3: 3;94 3;moṣaṇaṁ dūrasaṁsthānāṁ kośavyasanam ucyate ||;
Hitop, 3: 3;95 1;yataḥ |;
Hitop, 3: 3;95 2;kṣipram āyatam anālocya vyayamānaḥ svavāñchayā |;
Hitop, 3: 3;95 3;parikṣīyata evāsau dhanī vaiśravaṇopamaḥ ||;
Hitop, 3: 3;96 1;stabdhakarṇo brūte śṛṇu bhrātaḥ cirāśritād etau aparaṁ ca niyogaprastāve yan mayā śrutaṁ tat kathyate |;
Hitop, 3: 3;96 2;brāhmaṇaḥ kṣatriyo bandhur nādhikāre praśasyate |;
Hitop, 3: 3;96 3;brāhmaṇaḥ siddham apy arthaṁ kṛcchreṇāpi na yacchati ||;
Hitop, 3: 3;97 1;niyuktaḥ kṣatriyo dravye khaḍgaṁ darśayate dhruvam |;
Hitop, 3: 3;97 2;sarvasvaṁ grasate bandhur ākramya jñātibhāvataḥ ||;
Hitop, 3: 3;98 1;aparādhe.pi niḥśaṅko niyogī cirasevakaḥ |;
Hitop, 3: 3;98 2;sa svāminam avajñāya carec ca niravagrahaḥ ||;
Hitop, 3: 3;99 1;upakartādhikārasthaḥ svāparādhaṁ na manyate |;
Hitop, 3: 3;99 2;upakāraṁ dhvajīkṛtya sarvam eva vilumpati ||;
Hitop, 3: 3;100 1;upāṁśukrīḍito .mātyaḥ svayaṁ rājāyate yataḥ |;
Hitop, 3: 3;100 2;avajñā kriyate tena sadā paricayād dhruvam ||;
Hitop, 3: 3;101 1;antarduṣṭaḥ kṣamāyuktaḥ sarvānarthakaraḥ kila |;
Hitop, 3: 3;101 2;śakuniḥ śakaṭāraś ca dṛṣṭāntāv atra bhūpate ||;
Hitop, 3: 3;102 1;sadāmatyo na sādhyaḥ syāt samṛddhaḥ sarva eva hi |;
Hitop, 3: 3;102 2;siddhānām ayam ādeśaḥ ṛddhiś cittavikāriṇī ||;
Hitop, 3: 3;103 1;prāptārthagrahaṇaṁ dravyaparīvarto .nurodhanam |;
Hitop, 3: 3;103 2;upekṣā buddhihīnatvaṁ bhogo .mātyasya dūṣaṇam ||;
Hitop, 3: 3;104 1;niyogyarthagrahopāyo rājñā nityaparīkṣaṇam |;
Hitop, 3: 3;104 2;pratipattipradānaṁ ca tathā karmaviparyayaḥ ||;
Hitop, 3: 3;105 1;nipīḍitā vamanty uccair antaḥsāraṁ mahīpateḥ |;
Hitop, 3: 3;105 2;duṣṭavraṇā iva prāyo bhavanti hi niyoginaḥ ||;
Hitop, 3: 3;106 1;muhur niyoginī bādhyā vasudhārā mahīpate |;
Hitop, 3: 3;106 2;sakṛt kiṁ pīḍitaṁ snānavastraṁ muñced dhṛtaṁ payaḥ ||;
Hitop, 3: 3;107 1;etat sarvaṁ yathāvasaraṁ jñātvā vyavahartavyam |;
Hitop, 3: 3;107 2;siṁho brūte asti tāvad evam |;
Hitop, 3: 3;107 3;kiṁtvetau sarvathā na mama vacanakāriṇau |;
Hitop, 3: 3;107 4;stabdhakarṇo brūta etat sarvam anucitaṁ sarvathā |;
Hitop, 3: 3;107 5;yataḥ |;
Hitop, 3: 3;107 6;ājñābhaṅgakarān rājā na kṣameta sutān api |;
Hitop, 3: 3;107 7;viśeṣaḥ ko nu rājñaś ca rājñaś citragatasya ca ||;
Hitop, 3: 3;108 1;stabdhasya naśyati yaśo viṣam asya maitrī naṣṭendriyasya vidyāphalaṁ vyasaninaḥ kṛpaṇasya saukhyaṁ rājyaṁ |;
Hitop, 3: 3;109 1;aparaṁ ca |;
Hitop, 3: 3;109 2;taskarebhyo niyuktebhyaḥ śatrubhyo nṛpavallabhāt |;
Hitop, 3: 3;109 3;nṛpatir nijalobhācca prajā rakṣet piteva hi ||;
Hitop, 3: 3;110 1;bhrātaḥ sarvathāsmadvacanaṁ kriyatām |;
Hitop, 3: 3;110 2;vyavahāro .py asmābhiḥ kṛta eva |;
Hitop, 3: 3;110 3;ayaṁ saṁjīvakaḥ sasyabhakṣako .rthādhikāre niyujyatām |;
Hitop, 3: 3;110 4;etadvacanāt tathānuṣṭhite sati tad ārabhya tato .nujīvinām apyāhāradāne śaithilyadarśanād tad āha damanakaḥ karaṭakaṁ mitra kiṁ kartavyam |;
Hitop, 3: 3;110 5;ātmakṛto .yaṁ doṣaḥ |;
Hitop, 3: 3;110 6;svayaṁ kṛte.pi doṣe paridevanam apy anucitam |;
Hitop, 3: 3;110 7;tathā coktam |;
Hitop, 3: 3;110 8;svarṇarekhām ahaṁ spṛṣṭvā baddhvātmānaṁ ca dūtikā |;
Hitop, 3: 3;110 9;āditsuś ca maṇiṁ sādhuḥ svadoṣād duḥkhitā ime ||;
Hitop, 3: 3;111 1;karaṭako brūte katham etat |;
Hitop, 3: 3;111 2;damanakaḥ kathayati |;
Hitop, 3: 3;111 3;asti kāñcanapuranāmni nagare vīravikramo rājā |;
Hitop, 3: 3;111 4;tasya dharmādhikāriṇā kaścin nāpito vadhyabhūmiṁ rājapuruṣā ūcuḥ kim iti nāyaṁ vadhyaḥ |;
Hitop, 3: 3;111 5;sa āha śrūyatām |;
Hitop, 3: 3;111 6;svarṇarekhām ahaṁ spṛṣṭvā ityādi paṭhati |;
Hitop, 3: 3;111 7;ta āhuḥ katham etat |;
Hitop, 3: 3;111 8;parivrājakaḥ kathayatyahaṁ siṁhaladvīpasya bhūpater madhye caturdaśyām āvirbhūtakalpatarutale tato .haṁ potavaṇijam ādāya potam āruhya tatra gataḥ |;
Hitop, 3: 3;111 9;anantaraṁ tatra gatvā paryaṅke .dhamagrā tathaiva tatas tallāvaṇyaguṇākṛṣṭena mayāpi tatpaścājjhampo dattaḥ tadanantaraṁ kanakapattanaṁ prāpya suvarṇaprāsāde tathāpy ahaṁ dūrād eva dṛṣṭvā sakhīṁ prasthāpya tatsakhyā ca mayā pṛṣṭayā samākhyātameṣā yaḥ kanakavartanaṁ svacakṣuṣāgatya paśyati sa eva pitur tad enāṁ gāndharvavivāhena pariṇayatu bhavān |;
Hitop, 3: 3;111 10;atha tatra vṛtte gandharvavivāhe tathā saha ramamāṇas tata ekadā rahasi tayoktaṁ svāmin svecchayā sarvam idam eṣā citragatā svarṇarekhā nāma vidyādharī na kadācit paścād upajātakautukena mayā svarṇarekhā svahastena tathā citratayāpy ahaṁ caraṇapadmena tāḍita āgatya atha duḥkhito .haṁ parivrajitaḥ pṛthivīṁ paribhrāmyann atra cātikānte divase gopagṛhe suptaḥ sann apaśyam |;
Hitop, 3: 3;111 11;pradoṣasamaye paśūnāṁ pālanaṁ kṛtvā svageham āgato tatas tāṁ gopīṁ tāḍayitvā stambhe baddhvā suptaḥ |;
Hitop, 3: 3;111 12;tato .rdharātre etasya nāpitasya vadhūr dūtī punas tāṁ tathā coktam |;
Hitop, 3: 3;111 13;rajanīcaranāthena khaṇḍite timire niśi |;
Hitop, 3: 3;111 14;yūnāṁ manāṁsi vivyādha dṛṣṭvā dṛṣṭvā manobhavaḥ ||;

Hitop, 3: 3;113 1;atathyāny api tathyāni darśayanti hi peśalāḥ |;
Hitop, 3: 3;113 2;same nimnonnatānīva citrakarmavido janāḥ ||;
Hitop, 3: 3;114 1;utpanneṣu ca kāryeṣu matir yasya na hīyate |;
Hitop, 3: 3;114 2;sa nistarati durgāṇi gopī jāradvayaṁ yathā ||;
Hitop, 3: 3;115 1;karaṭakaḥ pṛcchati katham etat |;
Hitop, 3: 3;115 2;damanakaḥ kathayati asti dvāravatyāṁ puryāṁ kasyacid sā grāmasya daṇḍanāyakena tatputreṇa ca samaṁ ramate |;
Hitop, 3: 3;115 3;tathā coktam |;
Hitop, 3: 3;115 4;nāgnis tṛpyati kāṣṭhānāṁ nāpagānāṁ mahodadhiḥ |;
Hitop, 3: 3;115 5;nāntakaḥ sarvabhūtānāṁ na puṁsāṁ vāmalocanā ||;
Hitop, 3: 3;116 1;na dānena na mānena nārjavena na sevayā |;
Hitop, 3: 3;116 2;na śastreṇa na śāstreṇa sarvathā viṣamāḥ striyaḥ ||;Garuḍapurāṇa GarPur, 1, 109: 107 45;na dānena na mānena nārjavena na savayā |na śastreṇa na śāstreṇa sarvathā viṣamā striyaḥ ||;PARTLY;+ sevā - karman;


Hitop, 3: 3;119 1;atha kadācit sā daṇḍanāyakaputreṇa saha ramamāṇā atha daṇḍanāyako .pi rantuṁ tatrāgataḥ |;
Hitop, 3: 3;119 2;tam āyāntaṁ dṛṣṭvā tatputraṁ kusūle nikṣipya anantaraṁ tasya bhartā gopo goṣṭhāt samāgataḥ |;
Hitop, 3: 3;119 3;tam avalokya gopyoktaṁ daṇḍanāyaka tvaṁ laguḍaṁ tathā tenānuṣṭhite gopena gṛham āgatya pṛṣṭhākena sā brūte anyaṁ kenāpi kāryeṇa putrasyopari kruddhaḥ |;
Hitop, 3: 3;119 4;sa ca māryamāṇo .py atrāgatya praviṣṭo mayā kusūle tatpitrā cānviṣyātra na dṛṣṭaḥ |;
Hitop, 3: 3;119 5;ata evāyaṁ daṇḍanāyakaḥ kruddha eva gacchati |;
Hitop, 3: 3;119 6;tataḥ sā tatputraṁ kusūlād bahiṣkṛtya darśitavatī |;
Hitop, 3: 3;119 7;tathā coktam |;
Hitop, 3: 3;119 8;āhāro dviguṇaḥ strīṇāṁ buddhis tāsāṁ caturguṇā |;
Hitop, 3: 3;119 9;ṣaḍguṇo vyavasāyaś ca kāmāś cāṣṭaguṇaḥ smṛtaḥ ||;
Hitop, 3: 3;120 1;ato .haṁ bravīmi utpanneṣvapi kāryeṣu ityādi |;
Hitop, 3: 3;120 2;karaṭako brūte astvevam |;
Hitop, 3: 3;120 3;kiṁtvanayor mahānanyognyanisargopajātasneha kathaṁ damanako brūte upāyaḥ kriyatām |;
Hitop, 3: 3;120 4;tathā coktam |;
Hitop, 3: 3;120 5;upāyena jayo yādṛg ripos tādṛṅ na hetibhiḥ |;
Hitop, 3: 3;120 6;upāyajño .lpakāyo .pi na śūraiḥ paribhūyate ||;
Hitop, 3: 3;121 1;karaṭakaḥ pṛcchati katham etat |;
Hitop, 3: 3;121 2;damanakaḥ kathayati |;
Hitop, 3: 3;121 3;kasmiṁścit tarau vāyasadampatī nivasataḥ |;
Hitop, 3: 3;121 4;tayoś cāpatyāni tatkoṭarāvasthitena kṛṣṇasarpeṇa khāditāni tataḥ punar garbhavatī vāyasī vāyasam āha nātha tyajyatām atrāvasthitakṛṣṇasarpeṇāvayoḥ santatiḥ satataṁ bhakṣyate yataḥ |;
Hitop, 3: 3;121 5;duṣṭā bhāryā śaṭhaṁ mitraṁ bhṛtyaś cottaradāyakaḥ |;
Hitop, 3: 3;121 6;sasarpe ca gṛhe vāso mṛtyur eva na saṁśayaḥ ||;
Hitop, 3: 3;122 1;vāyaso brūte priye na bhetavyam |;
Hitop, 3: 3;122 2;vāraṁ vāraṁ mavaitasya soḍhaḥ |;
Hitop, 3: 3;122 3;idānīṁ punar na kṣantavyaḥ |;
Hitop, 3: 3;122 4;vāyasy āha katham etena balavatā sārdhe bhavān vāyaso brūte alam anayā śaṅkayā |;
Hitop, 3: 3;122 5;yataḥ |;
Hitop, 3: 3;122 6;buddhir yasya balaṁ tasya nirbuddhes tu kuto balam |;
Hitop, 3: 3;122 7;paśya siṁho madonmattaḥ śaśakena nipātitaḥ ||;
Hitop, 3: 3;123 1;vāyasī vihasyāha katham etat |;
Hitop, 3: 3;123 2;vāyasaḥ kathayati |;
Hitop, 3: 3;123 3;asti mandaranāmni parvate durdānto nāma siṁhaḥ |;
Hitop, 3: 3;123 4;sa ca sarvadā paśūnāṁ vadhaṁ kurvann āste |;
Hitop, 3: 3;123 5;tataḥ sarvaiḥ paśubhir militvā sa siṁho vijñaptaḥ mṛgendra yadi prasādo bhavati tadā vayam eva bhavadāhārāya tataḥ siṁhenoktam yady etad abhimataṁ bhavatāṁ tarhi tataḥprabhṛty ekaikaṁ paśum upakalpitaṁ bhakṣayann atha kadācid vṛddhaśaśakasya vāraḥ samāyātaḥ |;
Hitop, 3: 3;123 6;so .cintayat |;
Hitop, 3: 3;123 7;trāsahetor vinītis tu kriyate jīvitāśayā |;
Hitop, 3: 3;123 8;pañcatvaṁ ced gamiṣyāmi kiṁ siṁhānunayena me ||;
Hitop, 3: 3;124 1;tan mandaṁ mandaṁ gacchāmi |;
Hitop, 3: 3;124 2;tataḥ siṁho .pi kṣudhāpīḍitaḥ kopāt tam uvāca kutas tvaṁ śaśako .bravīt deva nāham aparādhī |;
Hitop, 3: 3;124 3;āgacchan pathi siṁhāntareṇa balād dhṛtaḥ |;
Hitop, 3: 3;124 4;tasyāgre punar āgamanāya śapathaṁ kṛtvā svāminaṁ siṁhaḥ sakopam āha satvaraṁ gatvā durātmānaṁ darśaya kva sa durātmā tiṣṭhati |;
Hitop, 3: 3;124 5;tataḥ śaśakas taṁ gṛhītvā gabhīrakūpaṁ darśayituṁ gataḥ |;
Hitop, 3: 3;124 6;tatrāgatya svayam eva paśyatu svāmīty uktvā tasmin tato .sau krodhādhmāto darpāt tasyopary ātmānaṁ ato .haṁ bravīmi buddhir yasya ityādi |;
Hitop, 3: 3;124 7;vāyasy āha śrutaṁ mayā sarvam |;
Hitop, 3: 3;124 8;samprati yathā kartavyaṁ brūhi |;
Hitop, 3: 3;124 9;vāyaso .vadad atrāsanne sarasi rājaputraḥ pratyaham snānasamaye madaṅgād avatāritaṁ tīrthaśilānihitaṁ atha kadācit snātuṁ jalaṁ praviṣṭe rājaputre vāyasyā atha kanakasūtrānusaraṇapravṛttai rājapuruṣais tatra ato .haṁ bravīmyupāyena hi yacchakyam itena hi karaṭako brūte yady evaṁ tarhi gaccha |;
Hitop, 3: 3;124 10;śivās te santu panthānaḥ |;
Hitop, 3: 3;124 11;tato damanakaḥ piṅgalakasamīpaṁ gatvā praṇamyovāca yataḥ |;
Hitop, 3: 3;124 12;āpady unmārgagamane kāryakālātyayeṣu ca |;
Hitop, 3: 3;124 13;kalyāṇavacanaṁ brūyād apṛṣṭo .pi hito naraḥ ||;
Hitop, 3: 3;125 1;anyac ca |;
Hitop, 3: 3;125 2;bhogasya bhājanaṁ rājā na rājā kāryabhājanam |;
Hitop, 3: 3;125 3;rājakāryaparidhvaṁsī mantrī doṣeṇa lipyate ||;
Hitop, 3: 3;126 1;tathā hi paśya |;
Hitop, 3: 3;126 2;amātyānām eṣa kramaḥ |;
Hitop, 3: 3;126 3;varaṁ prāṇaparityāgaḥ śirasā vāpi kartanam |;
Hitop, 3: 3;126 4;na tu svāmipadāvāptipātakecchor upekṣaṇam ||;


Hitop, 3: 3;129 1;anyac ca |;
Hitop, 3: 3;129 2;viṣadagdhasya bhaktasya dantasya calitasya ca |;
Hitop, 3: 3;129 3;amātyasya ca duṣṭasya mūlād uddharaṇaṁ sukham ||;
Hitop, 3: 3;130 1;kiṁca |;
Hitop, 3: 3;130 2;yaḥ kuryāt sacivāyattāṁ śriyaṁ tadvyasane sati |;
Hitop, 3: 3;130 3;so .ndhavaj jagatīpālaḥ sīdet saṁcārakair vinā ||;
Hitop, 3: 3;131 1;sarvakāryeṣu svecchātaḥ pravartate |;
Hitop, 3: 3;131 2;tad atra pramāṇaṁ svāmī |;
Hitop, 3: 3;131 3;etaṁ ca jānāti |;
Hitop, 3: 3;131 4;na so .sti puruṣo loke yo na kāmayate śriyam |;
Hitop, 3: 3;131 5;parasya yuvatiṁ ramyāṁ sādaraṁ nekṣate.tra kaḥ ||;
Hitop, 3: 3;132 1;siṁho vimṛśyāha bhadra yadyapy evaṁ tathāpi paśya |;
Hitop, 3: 3;132 2;kurvann api vyalīkāni yaḥ priyaḥ priya eva saḥ |;
Hitop, 3: 3;132 3;aśeṣadoṣaduṣṭo .pi kāyaḥ kasya na vallabhaḥ ||;
Hitop, 3: 3;133 1;anyac ca |;
Hitop, 3: 3;133 2;apriyāṇy api kurvāṇo yaḥ priyaḥ priya eva saḥ |;
Hitop, 3: 3;133 3;dagdhamandirasāre.pi kasya vahnāv anādaraḥ ||;
Hitop, 3: 3;134 1;damanakaḥ punar evāha deva sa evātidoṣaḥ |;
Hitop, 3: 3;134 2;yataḥ |;
Hitop, 3: 3;134 3;yasmin evādhikaṁ cakṣur ārohayati pārthivaḥ |;
Hitop, 3: 3;134 4;sute.mātye.py udāsīne sa lakṣmyāśrīyate janaḥ ||;
Hitop, 3: 3;135 1;śṛṇu deva |;
Hitop, 3: 3;135 2;apriyasyāpi pathyasya pariṇāmaḥ sukhāvahaḥ |;
Hitop, 3: 3;135 3;vaktā śrotā ca yatrāsti ramante tatra sampadaḥ ||;
Hitop, 3: 3;136 1;tvayā ca mūlabhṛtyānapāsyāyam āgantukaḥ puraskṛtaḥ |;
Hitop, 3: 3;136 2;etac cānucitaṁ kṛtam |;
Hitop, 3: 3;136 3;yataḥ |;
Hitop, 3: 3;136 4;mūlabhṛtyān parityajya nāgantūn pratimānayet |;
Hitop, 3: 3;136 5;nātaḥ parataro doṣo rājyabhedakaro yataḥ ||;
Hitop, 3: 3;137 1;siṁho brūte kim āścaryam |;
Hitop, 3: 3;137 2;mayā yad abhayavācaṁ dattvānītaḥ saṁvardhitaś ca tat damanako brūte deva |;
Hitop, 3: 3;137 3;durjano nārjavaṁ yāti sevyamāno .pi nityaśaḥ |;
Hitop, 3: 3;137 4;svedanābhyañjanopāyaiḥ śvapuccham iva nāmitam ||;
Hitop, 3: 3;138 1;aparaṁ ca |;
Hitop, 3: 3;138 2;svedito marditaś caiva rañjubhiḥ pariveṣṭitaḥ |;
Hitop, 3: 3;138 3;mukto dvādaśabhir varṣaiḥ śvapucchaḥ prakṛtiṁ gataḥ ||;
Hitop, 3: 3;139 1;anyac ca |;
Hitop, 3: 3;139 2;vardhanaṁ vā sammānaṁ khalānāṁ prītaye kutaḥ |;
Hitop, 3: 3;139 3;phalanty amṛtaseke.pi na pathyāni viṣadrumāḥ ||;
Hitop, 3: 3;140 1;ato .haṁ bravīmi |;
Hitop, 3: 3;140 2;apṛṣṭas tasya na brūyād yaś ca necchet parābhavam |;
Hitop, 3: 3;140 3;eṣa eva satāṁ dharmo viparīto .satāṁ mataḥ ||;


Hitop, 3: 3;143 1;piṅgalakaḥ svagatam |;
Hitop, 3: 3;143 2;na parasyāparādhena pareṣāṁ daṇḍam ācaret |;
Hitop, 3: 3;143 3;ātmanāvagataṁ kṛtvā badhnīyāt pūjayec ca vā ||;
Hitop, 3: 3;144 1;tathā coktam |;
Hitop, 3: 3;144 2;guṇadoṣāv aniścitya vidhinaṁ grahanigrahe |;
Hitop, 3: 3;144 3;svanāśāya yathā nyasto darpāt sarpamukhe karaḥ ||;
Hitop, 3: 3;145 1;prakāśaṁ brūte tadā saṁjīvakaḥ kiṁ pratyādiśyatām |;
Hitop, 3: 3;145 2;damanakaḥ sasambhramam āha deva mā maivam |;
Hitop, 3: 3;145 3;etāvatā mantrabhedo jāyate |;
Hitop, 3: 3;145 4;tathā hy uktam |;
Hitop, 3: 3;145 5;mantrabījam idaṁ guptaṁ rakṣaṇīyaṁ yathā tathā |;
Hitop, 3: 3;145 6;manāg api na bhidyeta tad bhinnaṁ na prarohati ||;
Hitop, 3: 3;146 1;kiṁca |;
Hitop, 3: 3;146 2;ādeyasya pradeyasya kartavyasya ca karmaṇaḥ |;
Hitop, 3: 3;146 3;kṣipram akriyamāṇasya kālaḥ pibati tadrasam ||;
Hitop, 3: 3;147 1;tad avaśyaṁ samārabdhaṁ mahatā prayatnena kiṁca |;
Hitop, 3: 3;147 2;mantro yodhaḥ ivādhīraḥ sarvāṅgaiḥ saṁvṛtair api |;
Hitop, 3: 3;147 3;ciraṁ na sahate sthātuṁ parebhyo bhedaśaṅkayā ||;
Hitop, 3: 3;148 1;yady asau dṛṣṭadoṣo .pi doṣān nivatyaṁ saṁdhātavyas tad yataḥ |;
Hitop, 3: 3;148 2;sakṛd duṣṭaṁ tu yo mitraṁ punaḥ saṁdhātum icchati |;
Hitop, 3: 3;148 3;sa mṛtyur eva gṛhṇāti garbham aśvatarī yathā ||;
Hitop, 3: 3;149 1;aṅgāṅgibhāvam ajñātvā kathaṁ sāmarthyanirṇayaḥ |;
Hitop, 3: 3;149 2;paśya ṭiṭṭibhamātreṇa samudro vyākulīkṛtaḥ ||;
Hitop, 3: 3;150 1;siṁhaḥ pṛcchati katham etat |;
Hitop, 3: 3;150 2;damanakaḥ kathayati |;
Hitop, 3: 3;150 3;dakṣiṇasamudratīre ṭiṭṭibhadampatī nivasataḥ |;
Hitop, 3: 3;150 4;tatra cāsannaprasavā ṭiṭṭibhī bhartāram āha nātha ṭiṭṭibho .vadad bhārye nanv idam eva sthānaṁ sā brūte samudravelayā vyāpyate sthānam etam |;
Hitop, 3: 3;150 5;ṭiṭṭibho .vadatkim ahaṁ tvayā nirbalaḥ samudreṇa ṭiṭṭibhī vihasyāha svāmin tvayā samudreṇa ca mahad athavā |;
Hitop, 3: 3;150 6;parābhavaṁ paricchettuṁ yogyāyogyaṁ ca vetti yaḥ |;
Hitop, 3: 3;150 7;astīha yasya vijñānaṁ kṛcchreṇāpi na sīdati ||;
Hitop, 3: 3;151 1;api ca |;
Hitop, 3: 3;151 2;anucitakāryārambhaḥ svajanavirodho balīyasā spardhā |;
Hitop, 3: 3;151 3;pramadājanaviśvāso mṛtyor dvārāṇi catvāri ||;
Hitop, 3: 3;152 1;tataḥ kṛcchreṇa svāmivacanātmā tatraiva prasūtā |;
Hitop, 3: 3;152 2;etat sarvaṁ śrutvā samudreṇāpi yacchaktijñānārthaṁ tataṣ ṭiṭṭibhī śokārtā bhartāram āha nātha kaṣṭam āpatitam |;
Hitop, 3: 3;152 3;tāny aṇḍāni me naṣṭāni |;
Hitop, 3: 3;152 4;ṭiṭṭibho .vadatpriye mā bhaiṣīḥ ity uktvā pakṣiṇāṁ tatra gatvā sakalavṛttāntaṁ ṭiṭṭibhena bhagavato garuḍasya tatas tadvacanam ākarṇya garutmanā prabhur bhagavān sa samudram aṇḍadānāyādideśa |;
Hitop, 3: 3;152 5;tato bhagavadājñāṁ maulau nidhāya samudreṇa tāny ato .haṁ bravīmi aṅgāṅgibhāvam ajñātvā ityādi |;
Hitop, 3: 3;152 6;rājāha katham asau jñātavyo drohabuddhir iti |;
Hitop, 3: 3;152 7;damanako brūte yadāsau sadarpaḥ evam uktvā saṁjīvakasamīpaṁ gataḥ |;
Hitop, 3: 3;152 8;tatra gataś ca mandaṁ mandam upasarpan vismitam saṁjīvakena sādaram uktaṁ bhadra kuśalaṁ te |;
Hitop, 3: 3;152 9;damanako brūte anujīvināṁ kutaḥ kuśalam |;
Hitop, 3: 3;152 10;yataḥ |;
Hitop, 3: 3;152 11;sampattayaḥ parādhīnāḥ sadā cittam anirvṛttam |;
Hitop, 3: 3;152 12;svajīvite.py aviśvāsas teṣāṁ ye rājasevakāḥ ||;

Hitop, 3: 3;154 1;saṁjīvakenoktaṁ sakhe brūhi kim etat |;
Hitop, 3: 3;154 2;damanaka āha kiṁ bravīmi mandabhāgyaḥ |;
Hitop, 3: 3;154 3;paśya |;
Hitop, 3: 3;154 4;majjann api payorāśau labdhvā sarpāvalambanam |;
Hitop, 3: 3;154 5;na muñcati na cādatte tathā mugdho .smi samprati ||;
Hitop, 3: 3;155 1;yataḥ |;
Hitop, 3: 3;155 2;ekatra rājaviśvāso naśyaty anyatra bāndhavaḥ |;
Hitop, 3: 3;155 3;kiṁ karomi kva gacchāmi patito duḥkhasāgare ||;
Hitop, 3: 3;156 1;ity uktvā dīrghaḥ niḥśvasyopaviṣṭaḥ |;
Hitop, 3: 3;156 2;saṁjīvako brūte mitra tathāpi savistaraṁ manogatam damanakaḥ sunibhṛtam āha yadyapi rājaviśvāso na mayā paralokārthināvaśyaṁ tava hitam ākhyeyam |;
Hitop, 3: 3;156 3;śṛṇu ayaṁ svāmī tavopari vikṛtabuddhī rahasy uktavān etacchrutvā saṁjīvakaḥ paraṁ viṣādam agamat |;
Hitop, 3: 3;156 4;damanakaḥ punar āhālaṁ viṣādena |;
Hitop, 3: 3;156 5;prāptakālakāyam anuṣṭhīyatām |;
Hitop, 3: 3;156 6;saṁjīvakaḥ kṣaṇaṁ vimṛśyāha svagataṁ suṣṭhu khalv kiṁ vā durjanaceṣṭitaṁ na vety etad vyavahārān nirṇetuṁ yataḥ |;
Hitop, 3: 3;156 7;durjanagamyā nāryaḥ prāyeṇāpātrabhṛd bhavati rājā |;
Hitop, 3: 3;156 8;kṛpaṇānusāri ca dhanaṁ devo girijaladhivarṣī ca ||;
Hitop, 3: 3;157 1;kaścid āśrayasaundaryād dhatte śobhām asajjanaḥ |;
Hitop, 3: 3;157 2;pramadālocananyastaṁ malīmasam ivāñjanam ||;
Hitop, 3: 3;158 1;ārādhyamāno nṛpatiḥ prayatnān na toṣam āyāti kim atra ayaṁ tv apūrvapratimāviśeṣo yaḥ sevyamāno riputām |;


Hitop, 3: 3;161 1;anyac ca |;
Hitop, 3: 3;161 2;kṛtaśatam asatsu naṣṭaṁ subhāṣitaśataṁ ca naṣṭam vacanaśatam avacanakare buddhiśatam acetane naṣṭam ||;
Hitop, 3: 3;162 1;kiṁca |;
Hitop, 3: 3;162 2;candanataruṣu bhujaṅgā jaleṣu kamalāni tatra ca grāhāḥ |;
Hitop, 3: 3;162 3;guṇaghātinaś ca bhoge khalā na ca sukhāny avighnāni ||;
Hitop, 3: 3;163 1;mūlaṁ bhujaṅgaiḥ kusumāni bhṛṅgaiḥ śākhāḥ plavaṅgaiḥ nāsty eva taccandanapādapasya yan nāśritaṁ duṣṭataraiś ca |;


Hitop, 3: 3;166 1;saṁjīvakaḥ punar niḥśvasya kaṣṭaṁ bhoḥ katham ahaṁ yataḥ |;
Hitop, 3: 3;166 2;yayor eva samaṁ vittaṁ yayor eva samaṁ balam |;
Hitop, 3: 3;166 3;tayor vivādo mantavyo nottamādhamayoḥ kvacit ||;
Hitop, 3: 3;167 1;ayuddhe hi yadā paśyen na kāṁcid hitam ātmanaḥ |;
Hitop, 3: 3;167 2;yudhyamānas tadā prājño mriyate ripuṇā saha ||;

Hitop, 3: 3;169 1;damanako brūte svāmin ko .yaṁ nūtano nyāyo yad arātiṁ tathā coktam |;
Hitop, 3: 3;169 2;pitā vā yadi vā bhrātā putrī vā yadi vā suhṛt |;
Hitop, 3: 3;169 3;prāṇacchedakarā rājñā hantavyā bhūtim icchatā ||;

Hitop, 3: 3;171 1;kiṁca |;
Hitop, 3: 3;171 2;kṣamā śatrau ca mitre ca yatīnām eva bhūṣaṇam |;
Hitop, 3: 3;171 3;aparādhiṣu sattveṣu nṛpāṇāṁ saiva dūṣaṇam ||;
Hitop, 3: 3;172 1;aparaṁ ca |;
Hitop, 3: 3;172 2;rājyalobhād ahaṅkārād icchataḥ svāminaḥ padam |;
Hitop, 3: 3;172 3;prāyaścittaṁ tu tasyaikaṁ jīvotsargo na cāparam ||;



Hitop, 4: 4;1 1;atha punaḥ kathārambhakāle rājaputrā ūcuḥ ārya rājaputrā tad vigrahaṁ śrotuṁ naḥ kutūhalam asti |;
Hitop, 4: 4;1 2;viṣṇuśarmaṇoktaṁ yad evaṁ bhavadbhyo rocate tat vigrahaḥ śrūyatāṁ yasyāyam ādyaḥ ślokaḥ |;
Hitop, 4: 4;1 3;haṁsaiḥ saha mayūrāṇāṁ vigrahe tulyavikrame |;
Hitop, 4: 4;1 4;viśvāsya vañcitā haṁsāḥ kākaiḥ sthitvārimandire ||;
Hitop, 4: 4;2 1;rājaputrā ūcuḥ katham etat viṣṇuśarmā kathayati |;
Hitop, 4: 4;2 2;asti karpūradvīpe padmakelināmadheyaṁ saraḥ |;
Hitop, 4: 4;2 3;tatra hiraṇyagarbho nāma rājahaṁsaḥ prativasati |;
Hitop, 4: 4;2 4;sa ca sarvair jalacaraiḥ pakṣibhir militvā yataḥ |;
Hitop, 4: 4;2 5;yadi na syān narapatiḥ samyaṅnetā tataḥ prajā |;
Hitop, 4: 4;2 6;akarṇadhārā jaladhau viplaveteha naur iva ||;
Hitop, 4: 4;3 1;aparaṁ ca |;
Hitop, 4: 4;3 2;prajāṁ saṁrakṣati nṛpaḥ sā vardhayati pārthivam |;
Hitop, 4: 4;3 3;vardhanād rakṣaṇaṁ śreyas tadabhāve sad apy asat ||;
Hitop, 4: 4;4 1;ekadāsau rājahaṁsaiḥ suvistīrṇakamalaparyaṅke tataḥ kutaścid deśād āgatya dīrghamukho nāma bakaḥ rājovāca dīrghamukha daśāntarād āgato .si |;
Hitop, 4: 4;4 2;vārtāṁ kathaya |;
Hitop, 4: 4;4 3;sa brūte deva asti mahatī vārtā |;
Hitop, 4: 4;4 4;tām ākhyātukāma eva satvaram āgato .ham |;
Hitop, 4: 4;4 5;śrūyatām |;
Hitop, 4: 4;4 6;asti jambūdvīpe vindhyo nāma giriḥ |;
Hitop, 4: 4;4 7;tatra citravarṇo nāma mayūraḥ pakṣirājo nivasati |;
Hitop, 4: 4;4 8;tasyānucaraiś caradbhiḥ pakṣibhir ahaṁ pṛṣṭaś ca kas tvam kutaḥ samāgato .si |;
Hitop, 4: 4;4 9;tadā mayoktaṁ karpūradvīpasya rājacakravartino etacchrutvā pakṣibhir uktamanayor deśayoḥ ko deśo tato mayoktam āḥ kim evam ucyate mahad antaram |;
Hitop, 4: 4;4 10;yataḥ karpūradvīpaḥ svarga eva |;
Hitop, 4: 4;4 11;rājahaṁsaś ca dvitīyaḥ svargapatiḥ kathaṁ varṇayituṁ atra marusthale patitā yūyaṁ kiṁ kurutha |;
Hitop, 4: 4;4 12;asmaddeśe gamyatām |;
Hitop, 4: 4;4 13;tato .smadvacanam ākarṇya sarvapakṣiṇaḥ sakopā tathā coktam |;
Hitop, 4: 4;4 14;payaḥpānaṁ bhujaṅgānāṁ kevalaṁ viṣavardhanam |;
Hitop, 4: 4;4 15;upadeśo hi mūrkhāṇāṁ prakopāya na śāntaye ||;
Hitop, 4: 4;5 1;anyac ca |;
Hitop, 4: 4;5 2;vidvān evopadeṣṭavyo nāvidvāṁs tu kadācana |;
Hitop, 4: 4;5 3;vānarānupadiśyātha sthānabhraṣṭā yayuḥ khagāḥ ||;
Hitop, 4: 4;6 1;rājovāca katham etat |;
Hitop, 4: 4;6 2;dīrghamukhaḥ kathayati |;
Hitop, 4: 4;6 3;asti narmadātīre parvatopatyakāyāṁ viśālaḥ śālmalītaruḥ |;
Hitop, 4: 4;6 4;tatra nirmitanīḍakoḍe pakṣiṇaḥ sukhena nivasanti |;
Hitop, 4: 4;6 5;athaikadā varṣāsu nīlapaṭair iva jaladharapaṭalair āvṛte dhārāsārair mahatī vṛṣṭir babhūva |;
Hitop, 4: 4;6 6;tato vānarāṁś ca tarutale.vasthitān śītākulān kampamānān asmābhir nirmitā nīḍāś cañcumātrāhṛtais tṛṇaiḥ |;
Hitop, 4: 4;6 7;hastapādādisaṁyuktā yūyaṁ kim avasīdatha ||;
Hitop, 4: 4;7 1;tacchrutvā vānarair jātāmarṣair ālocitamaho tad bhavatu tāvad vṛṣṭer upaśamaḥ |;
Hitop, 4: 4;7 2;anantaraṁ śānte pānīyavarṣe tair vānarair vṛkṣam āruhya ato .haṁ bravīmi vidvān evopadeṣṭavyaḥ ityādi |;
Hitop, 4: 4;7 3;rājovāca tatas taiḥ pakṣibhiḥ kiṁ kṛtam |;
Hitop, 4: 4;7 4;bakaḥ kathayati tatas taiḥ pakṣibhiḥ kopād uktaṁ kenāsau tato mayopajātakopenoktamayaṁ yuṣmadīyo mayūraḥ etacchrutvā te pakṣiṇo māṁ hantum udyatāḥ |;
Hitop, 4: 4;7 5;tato mayāpi svavikramo darśitaḥ |;
Hitop, 4: 4;7 6;yataḥ |;
Hitop, 4: 4;7 7;anyadā bhūṣaṇaṁ puṁsaḥ kṣamā lajjeva yoṣitaḥ |;
Hitop, 4: 4;7 8;parākramaḥ paribhave vaiyātyaṁ surateṣv iva ||;
Hitop, 4: 4;8 1;rājā vihasyāha |;
Hitop, 4: 4;8 2;ātmanaś ca pareṣāṁ ca yaḥ samīkṣya balābalam |;
Hitop, 4: 4;8 3;antaraṁ naiva jānāti sa tiraskriyate .ribhiḥ ||;
Hitop, 4: 4;9 1;suciraṁ hi caran nityaṁ kṣetre satyam abuddhimān |;
Hitop, 4: 4;9 2;dvīpicarmaparicchanno vāgdoṣād gardabho hataḥ ||;
Hitop, 4: 4;10 1;bakaḥ pṛcchati katham etat |;
Hitop, 4: 4;10 2;rājā kathayati |;
Hitop, 4: 4;10 3;asti hastināpure vilāso nāma rajakaḥ |;
Hitop, 4: 4;10 4;tasya gardabho .tibhāravahanād durbalo mumūrṣur tatas tena rajakenāsau vyāghracarmaṇā tato dūrāt tam avalokya vyāghrabuddhyā kṣetrapatayaḥ athaikadā kenāpi sasyarakṣakeṇa taṁ ca dūrād dṛṣṭvā gardabhaḥ puṣṭāṅgo tatas tena sasyarakṣakeṇa cītkāraśabdād gardabho .yam iti ato .haṁ bravīmi suciraṁ hi caran nityam ityādi |;
Hitop, 4: 4;10 5;dīrghamukho brūte tataḥ paścāt taiḥ pakṣibhir uktamare tan na kṣantavyam idānīm |;
Hitop, 4: 4;10 6;ity uktvā sarve māṁ cañcubhir hatvā sakopā ūcuḥ paśya re tasya rājyādhikāro nāsti |;
Hitop, 4: 4;10 7;yata ekāntamṛduḥ karatalastham apy arthaṁ rakṣitum sa kathaṁ pṛthivīṁ śāsti rājyaṁ vā tasya kim tvaṁ ca tena tadāśrayam upadiśasi |;
Hitop, 4: 4;10 8;śṛṇu |;
Hitop, 4: 4;10 9;sevitavyo mahāvṛkṣaḥ phalacchāyāsamanvitaḥ |;
Hitop, 4: 4;10 10;yadi daivāt phalaṁ nāsti chāyā kena nivāryate ||;
Hitop, 4: 4;11 1;.pi śauṇḍikīhaste vāruṇīty abhidhīyate ||;
Hitop, 4: 4;12 1;anyac ca |;
Hitop, 4: 4;12 2;hīnasevā na kartavyā kartavyo mahadāśrayaḥ |;
Hitop, 4: 4;12 3;payo anyac ca |;
Hitop, 4: 4;12 4;mahān apy alpatāṁ yāti nirguṇe guṇavistaraḥ |;
Hitop, 4: 4;12 5;ādhārādheyabhāvena gajendra iva darpaṇe ||;
Hitop, 4: 4;13 1;kiṁtu |;
Hitop, 4: 4;13 2;ajā siṁhaprasādena vane carati nirbhayam |;
Hitop, 4: 4;13 3;rāmam āsādya laṅkāyāṁ lebhe rājyaṁ vibhīṣaṇaḥ ||;
Hitop, 4: 4;14 1;viśeṣataś ca |;
Hitop, 4: 4;14 2;vyapadeśe.pi siddhiḥ syād atiśakte narādhipe |;
Hitop, 4: 4;14 3;śaśino vyapadeśena śaśakāḥ sukham āsate ||;
Hitop, 4: 4;15 1;mayoktam katham etat pakṣiṇaḥ kathayanti |;
Hitop, 4: 4;15 2;kadācid varṣāsv api vṛṣṭer abhāvāt tṛṣārto gajayūtho vayaṁ ca nimajjanasthānābhāvān mṛtāḥ |;
Hitop, 4: 4;15 3;andhā iva kiṁ kurmaḥ kva yāmaḥ |;
Hitop, 4: 4;15 4;tato hastirājo nātidūraṁ gatvā nirmalaṁ hradaṁ darśitavān tato dineṣu gacchatsu tattīrāvasthitāḥ kṣudraśaśakā anantaraṁ śilīmukho nāma śaśakaś cintayāmāsa anena tato vinaṣṭam asmatkulam |;
Hitop, 4: 4;15 5;tato vijayo nāma vṛddhaśaśako .vadan mā viṣīdata |;
Hitop, 4: 4;15 6;mayātra pratīkāraḥ kartavyaḥ |;
Hitop, 4: 4;15 7;tato .sau pratijñāya calitaḥ |;
Hitop, 4: 4;15 8;gacchatā ca tenālocitam kathaṁ mayā yataḥ |;
Hitop, 4: 4;15 9;spṛśann api gajo hanti jighrann api bhujaṅgamaḥ |;
Hitop, 4: 4;15 10;pālayann api bhūpālaḥ prahasann api durjanaḥ ||;
Hitop, 4: 4;16 1;ato .haṁ parvataśikharam āruhya yūthanāthaṁ tathānuṣṭhite sati yūthanātha uvāca kas tvam kutaḥ sa brūte śaśako .ham |;
Hitop, 4: 4;16 2;bhagavatā candreṇa bhavadantikaṁ preṣitaḥ |;
Hitop, 4: 4;16 3;yūthapatir āha kāryam ucyatām |;
Hitop, 4: 4;16 4;vijayo brūte |;
Hitop, 4: 4;16 5;udyateṣv api śastreṣu dūto vadati nānyathā |;
Hitop, 4: 4;16 6;sadaivāvadhyabhāvena yathārthasya hi vācakaḥ ||;
Hitop, 4: 4;17 1;tad ahaṁ tadājñayā bravīmi śṛṇu |;
Hitop, 4: 4;17 2;yad ete candrasarorakṣakāḥ śaśakās tvayā niḥsāritās tad te śaśakāś ciram asmākaṁ rakṣitāḥ |;
Hitop, 4: 4;17 3;ata eva me śaśāṅka iti prasiddhiḥ |;
Hitop, 4: 4;17 4;evam uktavati dūte yūthapatir bhayād idam āha praṇidhe punar na tatra gamiṣyāmi |;
Hitop, 4: 4;17 5;dūta uvāca yady evaṁ tad atra sarasi kopāt kampamānaṁ tatas tena rātrau yūthapatiṁ nītvā tatra jale cañcalaṁ uktaṁ ca tena deva ajñānād anenāparādhaḥ kṛtaḥ |;
Hitop, 4: 4;17 6;tataḥ kṣamyatām |;
Hitop, 4: 4;17 7;naivaṁ vārāntaraṁ vidhāsyate |;
Hitop, 4: 4;17 8;ity uktvā prasthāpitaḥ |;
Hitop, 4: 4;17 9;ato vayaṁ brūmaḥ vyapadeśe.pi siddhiḥ syāt iti |;
Hitop, 4: 4;17 10;tato mayoktam sa evāsmatprabhū rājahaṁso mahāpratāpo trailokyasyāpi prabhutvaṁ tatra yujyate kiṁ punā rājyam tadāhaṁ taiḥ pakṣibhiḥduṣṭa katham asmadbhūmau carasi tato rājñaḥ puro māṁ pradarśya taiḥ praṇamyoktam deva eṣa duṣṭo .smaddeśe carann api devapādān adhikṣipati |;
Hitop, 4: 4;17 11;rājāha ko .yam kutaḥ samāyātaḥ |;
Hitop, 4: 4;17 12;te ūcuḥ hiraṇyagarbhanāmno rājahaṁsasyānucaraḥ athāhaṁ gṛdhreṇa mantriṇā pṛṣṭaḥ kas tatra mukhyo mayoktam sarvaśāstrārthapāragaḥ śarvajño nāma gṛdhro brūte yujyate |;
Hitop, 4: 4;17 13;svadeśajo .sau |;
Hitop, 4: 4;17 14;yataḥ |;
Hitop, 4: 4;17 15;svadeśajaṁ kulācāraviśuddham upadhāśucim |;
Hitop, 4: 4;17 16;mantrajñam avasaninaṁ vyabhicāravivarjitam ||;
Hitop, 4: 4;18 1;adhītavyavahārārthaṁ maulaṁ khyātaṁ vipaścitam |;
Hitop, 4: 4;18 2;arthasyotpādakaṁ caiva vidadhyān mantriṇaṁ nṛpaḥ ||;
Hitop, 4: 4;19 1;atrāntare śukenoktam deva karpūradvīpādayo laghudvīpā tatrāpi devapādānām evādhipatyam |;
Hitop, 4: 4;19 2;tato rājñāpy uktamevam eva |;
Hitop, 4: 4;19 3;yataḥ |;
Hitop, 4: 4;19 4;rājā mattaḥ śiśuś caiva pramadā dhanagarvitaḥ |;
Hitop, 4: 4;19 5;aprāpyam api vāñchanti kiṁ punar labhyate.pi yat ||;
Hitop, 4: 4;20 1;tato mayoktam yadi vacanamātreṇaivādhipatyaṁ sidhyati |;
Hitop, 4: 4;20 2;tadā jambūdvīpe.py asmatprabhor hiraṇyagarbhasya śuko brūte katham atra nirṇayaḥ |;
Hitop, 4: 4;20 3;mayoktaṁ saṅgrāma eva |;
Hitop, 4: 4;20 4;rājñā vihasyoktam svasvāminaṁ gatvā sajjīkuru |;
Hitop, 4: 4;20 5;tadā mayoktam svadūto .pi prasthāpyatām |;
Hitop, 4: 4;20 6;rājovāca kaḥ prayāsyati dautyena yata evambhūto dūtaḥ bhakto guṇī śucir dakṣaḥ pragalbho .vyasanī kṣamī |;
Hitop, 4: 4;20 7;brāhmaṇaḥ paramarmajño dūtaḥ syāt pratibhānavān ||;
Hitop, 4: 4;21 1;gṛdhro vadati santy eva dūtā bahavaḥ kiṁtu brāhmaṇa eva yataḥ |;
Hitop, 4: 4;21 2;prasādaṁ kurute patyuḥ sampattiṁ nābhivāñchati |;
Hitop, 4: 4;21 3;kālimā kālakūṭasya nāpaitīśvarasaṅgamāt ||;
Hitop, 4: 4;22 1;rājāha tataḥ śuka eva vrajatu |;
Hitop, 4: 4;22 2;śuka tvam evānena saha tatra gatvāsmadabhilaṣitaṁ brūhi |;
Hitop, 4: 4;22 3;śuko brūte yathājñāpayati devaḥ |;
Hitop, 4: 4;22 4;kintv ayaṁ durjano bakaḥ |;
Hitop, 4: 4;22 5;tad anena saha na gacchāmi |;
Hitop, 4: 4;22 6;tathā coktam |;
Hitop, 4: 4;22 7;khalaḥ karoti durvṛttaṁ nūnaṁ phalati sādhuṣu |;
Hitop, 4: 4;22 8;daśānano .harat sītāṁ bandhanaṁ syān mahodadheḥ ||;
Hitop, 4: 4;23 1;aparaṁ ca |;
Hitop, 4: 4;23 2;na sthātavyaṁ na gantavyaṁ durjanena samaṁ kvacit |;
Hitop, 4: 4;23 3;kākasaṅgāddhato haṁsas tiṣṭhan gacchaṁś ca vartakaḥ ||;
Hitop, 4: 4;24 1;rājovāca katham etat |;
Hitop, 4: 4;24 2;śukaḥ kathayati |;
Hitop, 4: 4;24 3;asty ujjayinīvartmaprāntare plakṣataruḥ |;
Hitop, 4: 4;24 4;tatra haṁsakākau nivasataḥ |;
Hitop, 4: 4;24 5;kadācit grīṣmasamaye pariśrāntaḥ kaścit pathikas tatra tatra kṣaṇāntare tanmukhād vṛkṣacchāyāpagatā |;
Hitop, 4: 4;24 6;tataḥ sūryatejasā tanmukhaṁ vyāptam avalokya tato nirbharanidrāsukhinā pathibhramaṇapariśrāntena atha parasukham asahiṣṇuḥ svabhāvadaurjanyena sa kākas tato yāvad asau pāntha utthāyordhvaṁ nirīkṣate tāvat ato .haṁ bravīmi na sthātavyam iti |;
Hitop, 4: 4;24 7;deva vartakakathām api kathayāmi |;
Hitop, 4: 4;24 8;śrūyatām |;
Hitop, 4: 4;24 9;ekatra vṛkṣe kākavartakau sukhaṁ nivasataḥ |;
Hitop, 4: 4;24 10;ekadā bhagavato garuḍasya yātrāprasaṅgena sarve tataḥ kākena saha vartakaś calitaḥ |;
Hitop, 4: 4;24 11;atha gacchato gopālasya mastakāvasthitadadhibhāṇḍād tato yāvad asau dadhibhāṇḍaṁ bhūmau nidhāyordhvam tatas tena dṛṣṭaḥ kākaḥ palāyitaḥ |;
Hitop, 4: 4;24 12;vartakaḥ svabhāvaniraparādho mandagatis tena prāpto ato .haṁ bravīmi na gantavyam ityādi |;
Hitop, 4: 4;24 13;tato mayoktam bhrātaḥ śuka kim evaṁ bravīṣi māṁ prati śukenoktamastv evam |;
Hitop, 4: 4;24 14;kintu |;
Hitop, 4: 4;24 15;durjanair ucyamānāni saṁmatāni priyāṇy api |;
Hitop, 4: 4;24 16;akālakusumānīva bhayaṁ saṁjanayanti hi ||;
Hitop, 4: 4;25 1;durjanatvaṁ ca bhavato vākyād eva jñātam |;
Hitop, 4: 4;25 2;yad anayor bhūpālayor vigrahe bhavadvacanam eva paśya |;
Hitop, 4: 4;25 3;pratyakṣe.pi kṛte doṣe mūrkhaḥ sāntvena tuṣyati |;
Hitop, 4: 4;25 4;rathakāro nijāṁ bhāryāṁ sajārāṁ śirasākarot ||;
Hitop, 4: 4;26 1;rājñoktam katham etat |;
Hitop, 4: 4;26 2;śukaḥ kathayati |;
Hitop, 4: 4;26 3;asti yauvanaśrīnagare mandamatir nāma rathakāraḥ |;
Hitop, 4: 4;26 4;sa ca svabhāryāṁ bandhakīṁ jānāti |;
Hitop, 4: 4;26 5;kintu jāreṇa samaṁ svacakṣuṣā naikasthāne paśyati |;
Hitop, 4: 4;26 6;tato .sau rathakāraḥ aham anyaṁ grāmaṁ gacchāmīty sa kiyad dūraṁ gatvā punar āgatya paryaṅkatale svagṛhe atha rathakāro grāmāntaraṁ gata ity upajātaviśvāsaḥ sa paścāt tena jāreṇa samaṁ tasmin paryaṅke nirbharaṁ tato jāreṇoktam kim iti tvam adya mayā saha nirbharaṁ na atha tayoktamanabhijño .si |;
Hitop, 4: 4;26 7;yo .sau mama prāṇeśvaro yena mamākaumāraṁ sakhyaṁ tena vinā sakalajanapūrṇo .pi grāmo māṁ praty araṇyavat kiṁ bhāvi tatra parasthāne kiṁ khāditavān kathaṁ vā jāro brūte tava kim evaṁvidhā snehabhūmī rathakāraḥ |;
Hitop, 4: 4;26 8;bandhaky avadad re barbara kiṁ vadasi śṛṇu |;
Hitop, 4: 4;26 9;paruṣāṇy api yā proktā dṛṣṭā yā krodhacakṣuṣā |;
Hitop, 4: 4;26 10;suprasannamukhī bhartuḥ sā nārī dharmabhājanam ||;
Hitop, 4: 4;27 1;aparaṁ ca |;
Hitop, 4: 4;27 2;nagarastho vanastho vā pāpo vā yadi vā śuciḥ |;
Hitop, 4: 4;27 3;yāsāṁ strīṇāṁ priyo bhartā tāsāṁ lokā mahodayāḥ ||;
Hitop, 4: 4;28 1;anyac ca |;
Hitop, 4: 4;28 2;bhartā hi paramaṁ nāryā bhūṣaṇaṁ bhūṣaṇair vinā |;
Hitop, 4: 4;28 3;eṣā virahitā tena śobhanāpi na śobhate ||;
Hitop, 4: 4;29 1;tvaṁ ca jāraḥ pāpamatiḥ manolaulyāt sa ca punar me svāmī māṁ vikretuṁ devebhyo kiṁ bahunā tasmin jīvati jīvāmi |;
Hitop, 4: 4;29 2;tanmaraṇe cānumaraṇaṁ kariṣyāmīti pratijñā vartate |;
Hitop, 4: 4;29 3;yataḥ |;
Hitop, 4: 4;29 4;tisraḥ koṭyo .rdhakoṭī ca yāni lomāni mānave |;
Hitop, 4: 4;29 5;tāvatkālaṁ vaset svarge bhartāraṁ yo .nugacchati ||;
Hitop, 4: 4;30 1;anyac ca |;
Hitop, 4: 4;30 2;vyālagrāhī yathā vyālaṁ balād uddharate bilāt |;
Hitop, 4: 4;30 3;tadvad bhartāram ādāya svargaloke mahīyate ||;

Hitop, 4: 4;32 1;yataḥ |;
Hitop, 4: 4;32 2;yasmai dadyāt pitā tv enāṁ bhrātā vānumate pituḥ |;
Hitop, 4: 4;32 3;taṁ śuśrūṣeta jīvantaṁ saṁsthitaṁ ca na laṅghayet ||;Manusmṛti ManuS, 5: 5 151;yasmai dadyāt pitā tv enāṁ bhrātā vānumate pituḥ |taṁ śuśrūṣeta jīvantaṁ saṁsthitaṁ ca na laṅghayet ||;PARTLY;+ yatas - kula;
Hitop, 4: 4;33 1;etat sarvaṁ śrutvā mandamatiḥ sa rathakāraḥ dhanyo .haṁ ato .haṁ bravīmi prayakṣe.pi kṛte doṣe ityādi |;
Hitop, 4: 4;33 2;ato .haṁ tena rājñā yathāvyavahāraṁ sampūjya śuko .pi mama paścād āgacchann āste |;
Hitop, 4: 4;33 3;etat sarvaṁ parijñāya yathākartavyam anusaṁdhīyatām |;
Hitop, 4: 4;33 4;cakravāko vihasyāha deva bakena tāvad deśāntaram api kintu deva svabhāva eṣa mūrkhānām |;
Hitop, 4: 4;33 5;yataḥ |;
Hitop, 4: 4;33 6;śataṁ dadyān na vivaded iti vijñasya saṁmatam |;
Hitop, 4: 4;33 7;vinā hetum api dvandvam etan mūrkhasya lakṣaṇam ||;
Hitop, 4: 4;34 1;rājāha alam anenātītopālambhanena |;
Hitop, 4: 4;34 2;prastutam anusaṁdhīyatām |;
Hitop, 4: 4;34 3;cakravāko brūte deva vijane bravīmi |;
Hitop, 4: 4;34 4;yataḥ |;
Hitop, 4: 4;34 5;varṇākārapratidhvānair netravaktravikārataḥ |;
Hitop, 4: 4;34 6;apy ūhanti mano dhīrās tasmād rahasi mantrayet ||;
Hitop, 4: 4;35 1;tato rājā mantrī ca tatra sthitau anye.nyatra gatāḥ |;
Hitop, 4: 4;35 2;cakravāko brūte deva aham evaṁ jānām kasyāpy yataḥ |;
Hitop, 4: 4;35 3;vedyānām āturaḥ śreyān vyasanī yo niyoginām |;
Hitop, 4: 4;35 4;viduṣāṁ jīvanaṁ mūrkhaḥ sadvarṇo jīvanaṁ satām ||;
Hitop, 4: 4;36 1;rājābravīd bhavatu kāraṇam atra paścān nirūpaṇīyam |;
Hitop, 4: 4;36 2;samprati yat kartavyaṁ tan nirūpyatām |;
Hitop, 4: 4;36 3;cakravāko brūte deva praṇidhis tāvat tatra prahīyatām |;
Hitop, 4: 4;36 4;tatas tadanuṣṭhānaṁ balābalaṁ ca jānīmaḥ |;
Hitop, 4: 4;36 5;tathā hi |;
Hitop, 4: 4;36 6;bhavet svapararāṣṭrāṇāṁ kāryākāryāvalokane |;
Hitop, 4: 4;36 7;cāraś cakṣur mahībhartur yasya nāsty andha eva saḥ ||;
Hitop, 4: 4;37 1;sa ca dvitīyaṁ viśvāsapātraṁ gṛhītvā yātu |;
Hitop, 4: 4;37 2;tenāsau svayaṁ tatrāvasthāya dvitīyaṁ tathā coktaṁ |;
Hitop, 4: 4;37 3;tīrthāśramasurasthāne śāstravijñānahetunā |;
Hitop, 4: 4;37 4;tapasvivyañjanopetaiḥ svacaraiḥ saha saṁvaset ||;
Hitop, 4: 4;38 1;gūḍhacāraś ca yo jale sthale ca carati |;
Hitop, 4: 4;38 2;tato .sāv eva bako niyujyatām |;
Hitop, 4: 4;38 3;etādṛśa eva kaścid bako dvitīyatvena prayātu |;
Hitop, 4: 4;38 4;tadgṛhalokāś ca rājadvāre tiṣṭhantu |;
Hitop, 4: 4;38 5;kintu etad api suguptam anuṣṭhātavyam |;
Hitop, 4: 4;38 6;yataḥ |;
Hitop, 4: 4;38 7;ṣaṭkarṇo bhidyate mantras tathā prāptaś ca vārtayā |;
Hitop, 4: 4;38 8;ity ātmanā dvitīyena mantraḥ kāryo mahībhṛtā ||;
Hitop, 4: 4;39 1;paśya |;
Hitop, 4: 4;39 2;mantrabhede hi ye doṣā bhavanti pṛthivīpateḥ |;
Hitop, 4: 4;39 3;na śakyās te samādhātum iti nītividāṁ matam ||;
Hitop, 4: 4;40 1;rājā vimṛśyovāca prāptas tāvan mayottamaḥ pratinidhiḥ |;
Hitop, 4: 4;40 2;mantrī brūte deva saṅgrāme vijayo .pi prāptaḥ |;
Hitop, 4: 4;40 3;atrāntare pratīhāraḥ praviśya praṇamyovāca deva rājā cakravākam ālokate |;
Hitop, 4: 4;40 4;cakravākenoktaṁ kṛtāvāse tāvad gatvā tiṣṭhatu paścād yathājñāpayati devaḥ ity abhidhāya pratīhāraḥ śukaṁ rājāha vigrahas tāvat samupasthitaḥ |;
Hitop, 4: 4;40 5;cakravāko brūte deva tathāpi prāg eva vigraho na vidhiḥ |;
Hitop, 4: 4;40 6;yataḥ |;
Hitop, 4: 4;40 7;sa kiṁ bhṛtyaḥ sa kiṁ mantrī ya ādāv eva bhūpatim |;
Hitop, 4: 4;40 8;yuddhodyogaṁ svabhūtyāgaṁ nirdiśaty avicāritam ||;
Hitop, 4: 4;41 1;aparaṁ ca |;
Hitop, 4: 4;41 2;vijetuṁ prayatetārīn na yuddhena kadācana |;
Hitop, 4: 4;41 3;anityo vijayo yasmād dṛśyate yudhyamānayoḥ ||;
Hitop, 4: 4;42 1;anyac ca |;
Hitop, 4: 4;42 2;sāmnā dānena bhedena samastair athavā pṛthak |;
Hitop, 4: 4;42 3;sādhituṁ prayatetārīn na yuddhena kadācana ||;
Hitop, 4: 4;43 1;aparaṁ ca |;
Hitop, 4: 4;43 2;sarva eva janaḥ śūro hy anāsāditavigrahaḥ |;
Hitop, 4: 4;43 3;adṛṣṭaparasāmarthyaḥ sadarpaḥ ko bhaven na hi ||;
Hitop, 4: 4;44 1;kiṁca |;
Hitop, 4: 4;44 2;na tathotthāpyate grāvā prāṇibhir dāruṇā yathā |;
Hitop, 4: 4;44 3;alpopāyān mahāsiddhir etanmantraphalaṁ mahat ||;
Hitop, 4: 4;45 1;kintu vigraham upasthitaṁ vilokya vyavahriyatām yataḥ |;
Hitop, 4: 4;45 2;yathā kālakṛtodyogāt kṛṣiḥ phalavatī bhavet |;
Hitop, 4: 4;45 3;tadvan nītir iyaṁ deva cirāt phalati na kṣaṇāt ||;
Hitop, 4: 4;46 1;aparaṁ ca |;
Hitop, 4: 4;46 2;dūre bhīrutvam āsanne śūratā mahato guṇaḥ |;
Hitop, 4: 4;46 3;vipattau hi mahān loke dhīratvam adhigacchati ||;
Hitop, 4: 4;47 1;anyac ca |;
Hitop, 4: 4;47 2;pratyūhaḥ sarvasiddhīnām uttāpaḥ prathamaḥ kila |;
Hitop, 4: 4;47 3;atiśītalam apy ambhaḥ kiṁ bhinatti na bhūbhṛtaḥ ||;
Hitop, 4: 4;48 1;balinā saha yoddhavyam iti nāsti nidarśanam |;
Hitop, 4: 4;48 2;tad yuddhaṁ hastinā sārdhaṁ narāṇāṁ mṛtyum āvahet ||;
Hitop, 4: 4;49 1;anyac ca |;
Hitop, 4: 4;49 2;sa mūrkhaḥ kālam aprāpya yo .pakartari vartate |;
Hitop, 4: 4;49 3;kalir balavatā sārdhaṁ kīṭapakṣodgamo yathā ||;
Hitop, 4: 4;50 1;kiṁca |;
Hitop, 4: 4;50 2;kaurmaṁ saṅkocam āsthāya prahāram api marṣayet |;
Hitop, 4: 4;50 3;prāptakāle tu nītijña uttiṣṭhet krūrasarpavat ||;
Hitop, 4: 4;51 1;mahaty alpe.py upāyajñaḥ samam eva bhavet kṣamaḥ |;
Hitop, 4: 4;51 2;samunmūlayituṁ vṛkṣāṁs tṛṇānīva nadīrayaḥ ||;
Hitop, 4: 4;52 1;ato dūto .yaṁ śuko .trāśvāsya tāvaddhriyatāṁ yāvad ekaḥ śataṁ yodhayati prākārastho dhanurdharaḥ |;
Hitop, 4: 4;52 2;śataṁ śatasahasrāṇi tasmād durgaṁ viśiṣyate ||;
Hitop, 4: 4;53 1;kiṁca |;
Hitop, 4: 4;53 2;adurgaviṣayaḥ kasya nāreḥ paribhavāspadam |;
Hitop, 4: 4;53 3;adurgo .nāśrayo rājā potacyutamanuṣyavat ||;
Hitop, 4: 4;54 1;durgaṁ kuryān mahākhātam uccaprākārasaṁyutam |;
Hitop, 4: 4;54 2;sayantraṁ sajalaṁ śailasarinmaruvanāśrayam ||;
Hitop, 4: 4;55 1;vistīrṇatātivaiṣamyaṁ rasadhānyedhmasaṅgrahaḥ |;
Hitop, 4: 4;55 2;praveśaś cāpasāraś ca saptaitā durgasampadaḥ ||;
Hitop, 4: 4;56 1;rājāha durgānusandhāne ko niyujyatām |;
Hitop, 4: 4;56 2;cakravāko brūte |;
Hitop, 4: 4;56 3;yo yatra kuśalaḥ kārye taṁ tatra viniyojayet |;
Hitop, 4: 4;56 4;karmasv adṛṣṭakarmā yaḥ śāstrajño .pi vimuhyati ||;
Hitop, 4: 4;57 1;tadāhūyatāṁ sārasaḥ |;
Hitop, 4: 4;57 2;tathānuṣṭhite sati samāgataṁ sārasam avalokya rājovāca sārasaḥ praṇamyovāca deva durgaṁ tāvad idam eva cirāt kintv etanmadhyadvīpe dravyasaṅgrahaḥ kriyatām |;
Hitop, 4: 4;57 3;yataḥ |;
Hitop, 4: 4;57 4;dhānyānāṁ saṅgraho rājann uttamaḥ sarvasaṅgrahāt |;
Hitop, 4: 4;57 5;nikṣiptaṁ hi mukhe ratnaṁ na kuryāt prāṇadhāraṇam ||;
Hitop, 4: 4;58 1;kiṁca |;
Hitop, 4: 4;58 2;khyātaḥ sarvarasānāṁ hi lavaṇo rasa uttamaḥ |;
Hitop, 4: 4;58 3;gṛhṇīyāt taṁ vinā tena vyañjanaṁ gomayāyate ||;
Hitop, 4: 4;59 1;rājāha satvaraṁ gatvā sarvam anuṣṭhīyatām |;
Hitop, 4: 4;59 2;punaḥ praviśya pratīhāro brūte deva siṁhaladvīpād āgato sa ca devapādān draṣṭum icchati |;
Hitop, 4: 4;59 3;rājāha kākaḥ prājño bahudṛśvā ca tad bhavati sa cakravāko brūte deva asty evaṁ |;
Hitop, 4: 4;59 4;kintu asmadvipakṣaḥ kākaḥ sthalacaraḥ |;
Hitop, 4: 4;59 5;tenāsmadvipakṣapakṣe niyuktaḥ kathaṁ saṁgṛhyate tathā ātmapakṣaṁ parityajya parapakṣeṣu yo rataḥ |;
Hitop, 4: 4;59 6;sa parair hanyate mūḍho nīlavarṇaśṛgālavat ||;
Hitop, 4: 4;60 1;rājovāca katham etat |;
Hitop, 4: 4;60 2;mantrī kathayati |;
Hitop, 4: 4;60 3;asty araṇye kaścicchṛgālaḥ svecchayā nagaropānte paścāt tata utthātum asamarthaḥ prātar ātmānaṁ mṛtavat atha nīlībhāṇḍasvāminā mṛti iti jñātvā tasmāt samutthāpya tasmāt palāyitaḥ |;
Hitop, 4: 4;60 4;tato .sau vane gatvā ātmānaṁ nīlavarṇam avalokyācintayad tad ahaṁ svakīyotkarṣaṁ kiṁ na sādhayāmi ity ālocya paśyantu mama varṇam |;
Hitop, 4: 4;60 5;tad adyārabhyāsmadājñayāsmin araṇye vyavahāraḥ kāryaḥ śṛgālāś ca taṁ viśiṣṭavarṇam avalokya sāṣṭāṅgapātaṁ anenaiva krameṇa sarveṣv araṇyavāsiṣv ādhipatyaṁ tasya tatas tena svajñātibhir āvṛtenādhikyaṁ sādhitam |;
Hitop, 4: 4;60 6;tatas tena vyāghrasiṁhādīn uttamaparijanān prāpya sadasi tato viṣaṇṇān śṛgālān avalokya kenacid vṛddhaśṛgālenaitat svasamīpāt paribhūtās tad yathāyaṁ naśyati tathā yato .mī vyāghrādayo varṇamātravipralabdhāḥ śṛgālam tad yathāyaṁ paricīyate tathā kuruta |;
Hitop, 4: 4;60 7;tatra caivam anuṣṭheyam yathā vadāmi sarve tatas taṁ śabdam ākarṇya jātisvabhāvāt tenāpi śabdaḥ yataḥ |;
Hitop, 4: 4;60 8;yaḥ svabhāvo hi yasyāsti sa nityaṁ duratikramaḥ |;
Hitop, 4: 4;60 9;śvā yadi kriyate rājā tat kiṁ nāśnāty upānaham ||;
Hitop, 4: 4;61 1;tataḥ śabdād abhijñāya sa vyāghreṇa hantavyaḥ |;
Hitop, 4: 4;61 2;tatas tathānuṣṭhite sati tad vṛttam |;
Hitop, 4: 4;61 3;tathā coktam |;
Hitop, 4: 4;61 4;chidraṁ marma ca vīryaṁ ca sarvaṁ vetti nijo ripuḥ |;
Hitop, 4: 4;61 5;dahaty antargataś caiva śuṣkaṁ vṛkṣam ivānalaḥ ||;
Hitop, 4: 4;62 1;ato .haṁ bravīmyātmapakṣaṁ parityajyetyādi |;
Hitop, 4: 4;62 2;rājāha yady evaṁ tathāpi dṛśyatāṁ tāvad ayaṁ dūrād tatsaṅgrahe vicāraḥ kāryaḥ |;
Hitop, 4: 4;62 3;cakro brūte deva praṇidhis tāvat prahito durgaṁ ca ataḥ śuko .py ānīya prasthāpyatām |;
Hitop, 4: 4;62 4;kintu yodhabalasamanvito bhūtvā dūrād eva tam avalokaya yataḥ |;
Hitop, 4: 4;62 5;nandaṁ jaghāna cāṇakyas tīkṣṇadūtaprayogataḥ |;
Hitop, 4: 4;62 6;tad dūrāntaritaṁ dūtaṁ paśyed vīrasamanvitaḥ ||;

Hitop, 4: 4;64 1;yato rājadharmaś caiṣaḥ |;
Hitop, 4: 4;64 2;dūto mleccho .py avadhyaḥ syād rājā dūtamukho yataḥ |;
Hitop, 4: 4;64 3;udyateṣv api śastreṣu dūto vadati nānyathā ||;
Hitop, 4: 4;65 1;anyac ca |;
Hitop, 4: 4;65 2;svāpakarṣaṁ parotkarṣaṁ dūtoktair manyate tu kaḥ |;
Hitop, 4: 4;65 3;sadaivāvadhyabhāvena dūtaḥ sarvaṁ hi jalpati ||;
Hitop, 4: 4;66 1;tato rājā kākaś ca svāṁ prakṛtim āpannau |;
Hitop, 4: 4;66 2;śuko .py utthāya calitaḥ |;
Hitop, 4: 4;66 3;paścāc cakravākeṇānīya prabodhya kanakālaṅkārādikaṁ śuko .pi vindhyācalaṁ gatvā svasya rājānaṁ citravarṇaṁ taṁ vilokya rājovāca śuka kā vārtā kīdṛśo .sau deśaḥ |;
Hitop, 4: 4;66 4;śuko brūte deva saṁkṣepād iyaṁ vārtā |;
Hitop, 4: 4;66 5;samprati yuddhodyogaḥ kriyatām |;
Hitop, 4: 4;66 6;deśaś cāsau karpūradvīpaḥ svargaikadeśo rājā ca dvitīyaḥ tataḥ sarvān śiṣṭān āhūya rājā mantrayitum upaviṣṭaḥ |;
Hitop, 4: 4;66 7;āha ca tānsamprati kartavye vigrahe yathākartavyam vigrahaḥ punar avaśyaṁ kartavyaḥ |;
Hitop, 4: 4;66 8;tathā coktam |;
Hitop, 4: 4;66 9;asaṁtuṣṭā dvijā naṣṭāḥ saṁtuṣṭāś ca mahībhṛtaḥ |;
Hitop, 4: 4;66 10;salajjā gaṇikā naṣṭā nirlajjāś ca kulāṅganā ||;
Hitop, 4: 4;67 1;dūradarśī nāma gṛdhro mantrī brūte deva vyasanitayā yataḥ |;
Hitop, 4: 4;67 2;mitrāmātyasuhṛdvargā yadā syur dṛḍhabhaktayaḥ |;
Hitop, 4: 4;67 3;śatrūṇāṁ viparītāś ca kartavyo vigrahas tadā ||;
Hitop, 4: 4;68 1;anyac ca |;
Hitop, 4: 4;68 2;bhūmir mitraṁ hiraṇyaṁ ca vigrahasya phalaṁ trayam |;
Hitop, 4: 4;68 3;yadaitan niścitaṁ bhāvi kartavyo vigrahas tadā ||;
Hitop, 4: 4;69 1;rājāha madbalaṁ tāvad avalokayatu mantrī |;
Hitop, 4: 4;69 2;tadaiteṣām upayogo jñāyatām |;
Hitop, 4: 4;69 3;evam āhūyatāṁ mauhūrtikaḥ |;
Hitop, 4: 4;69 4;sa yātrārthaṁ śubhalagnaṁ nirṇīya dadātu |;
Hitop, 4: 4;69 5;mantrī brūte deva tathāpi sahasā yātrākaraṇam anucitam |;
Hitop, 4: 4;69 6;yataḥ |;
Hitop, 4: 4;69 7;viśanti sahasā mūḍhā ye.vicārya dviṣadbalam |;
Hitop, 4: 4;69 8;khaḍgadhārāpariṣvaṅgaṁ labhante te suniścitam ||;
Hitop, 4: 4;70 1;rājāha mantrin mamotsāhabhaṅgaṁ sarvathā mā kṛthāḥ |;
Hitop, 4: 4;70 2;vijigīṣur yathā parabhūmim ākramati tathā kathaya |;
Hitop, 4: 4;70 3;gṛdhro brūte deva tat kathayāmi |;
Hitop, 4: 4;70 4;kintu tadanuṣṭhitam eva phalapradam |;
Hitop, 4: 4;70 5;tathā coktam |;
Hitop, 4: 4;70 6;kiṁ mantreṇānanuṣṭhāne śāstravit pṛthivīpateḥ |;
Hitop, 4: 4;70 7;na hy auṣadhaparijñānād vyādheḥ śāntiḥ kvacid bhavet ||;
Hitop, 4: 4;71 1;rājādeśaś cānatikramaṇīya iti yathāśrutaṁ nivedayāmi śṛṇu nadyadrivanadurgeṣu yatra yatra bhayaṁ nṛpa |;
Hitop, 4: 4;71 2;tatra tatra ca senānīr yāyād vyūhīkṛtair balaiḥ ||;
Hitop, 4: 4;72 1;balādhyakṣaḥ puro yāyāt pravīrapuruṣānvitaḥ |;
Hitop, 4: 4;72 2;madhye kalatraṁ svāmī ca kośaḥ phalgu ca yad balam ||;
Hitop, 4: 4;73 1;pārśvayor ubhayor aśvā aśvānāṁ pārśvato rathāḥ |;
Hitop, 4: 4;73 2;rathānāṁ pārśvato nāgā nāgānāṁ ca padātayaḥ ||;
Hitop, 4: 4;74 1;paścāt senāpatir yāyāt khinnānāśvāsayan śanaiḥ |;
Hitop, 4: 4;74 2;mantribhiḥ subhaṭair yuktaḥ pratigṛhya balaṁ nṛpaḥ ||;
Hitop, 4: 4;75 1;sameyād viṣamaṁ nāgair jalāḍhyaṁ samahīdharam |;
Hitop, 4: 4;75 2;samam aśvair jalaṁ nīmiḥ sarvatraiva padātibhiḥ ||;
Hitop, 4: 4;76 1;hastināṁ gamanaṁ proktaṁ praśastaṁ jaladāgame |;
Hitop, 4: 4;76 2;tad anyatra turaṅgāṇāṁ pattīnāṁ sarvadaiva hi ||;
Hitop, 4: 4;77 1;śaileṣu durgamārgeṣu vidheyaṁ nṛparakṣaṇam |;
Hitop, 4: 4;77 2;svayodhai rakṣitasyāpi śayanaṁ yoganidrayā ||;
Hitop, 4: 4;78 1;nāśayet karṣayecchatrūn durgakaṇṭakamardanaiḥ |;
Hitop, 4: 4;78 2;paradeśapraveśe ca kuryād āṭavikān puraḥ ||;
Hitop, 4: 4;79 1;yatra rājā tatra kośo vinā kośaṁ na rājatā |;
Hitop, 4: 4;79 2;subhaṭebhyas tato dadyāt ko hi dātur na yudhyate ||;
Hitop, 4: 4;80 1;yataḥ |;
Hitop, 4: 4;80 2;na narasya naro dāso dāsas tv arthasya bhūpate |;
Hitop, 4: 4;80 3;gauravaṁ lāghavaṁ vāpi dhanādhananibandhanam ||;
Hitop, 4: 4;81 1;abhedena ca yudhyeta rakṣec caiva parasparam |;
Hitop, 4: 4;81 2;phalgu sainyaṁ ca yat kiṁcin madhye vyūhasya kārayet ||;
Hitop, 4: 4;82 1;padātīṁś ca mahīpālaḥ puro .nīkasya yojayet |;
Hitop, 4: 4;82 2;uparudhyārim āsīta rāṣṭraṁ cāsyopapīḍayet ||;
Hitop, 4: 4;83 1;syandanāśvaiḥ same yudhyed anūpe naudvipais tathā |;
Hitop, 4: 4;83 2;vṛkṣagulmāvṛte cāpair asicarmāyudhaiḥ sthale ||;Manusmṛti ManuS, 7: 7 192;syandanāśvaiḥ same yudhyed anūpe naudvipais tathā |vṛkṣagulmāvṛte cāpair asicarmāyudhaiḥ sthale ||;GOOD;;
Hitop, 4: 4;84 1;dūṣayec cāsya satataṁ yavasān nodakendhanam |;
Hitop, 4: 4;84 2;bhindyāc caiva taḍāgāni prakārān parikhās tathā ||;
Hitop, 4: 4;85 1;baleṣu pramukho hastī na tathānyo mahīpateḥ |;
Hitop, 4: 4;85 2;nijair avayavair eva mātaṅgo .ṣṭāyudhaḥ smṛtaḥ ||;
Hitop, 4: 4;86 1;balam aśvaś ca sainyānāṁ prākāro jaṅgamo yataḥ |;
Hitop, 4: 4;86 2;tasmād aśvādhiko rājā vijayī sthalavigrahe ||;
Hitop, 4: 4;87 1;tathā coktam |;
Hitop, 4: 4;87 2;yudhyamānā hayārūḍhā devānām api durjayāḥ |;
Hitop, 4: 4;87 3;api dūrasthitās teṣāṁ vairiṇo hastavattinaḥ ||;
Hitop, 4: 4;88 1;prathamaṁ yuddhakāritvaṁ samastabalapālanam |;
Hitop, 4: 4;88 2;diṅmārgāṇāṁ viśodhitvaṁ pattikarma pracakṣate ||;
Hitop, 4: 4;89 1;svabhāvaśūram astrajñam aviraktaṁ jitaśramam |;
Hitop, 4: 4;89 2;prasiddhakṣatriyaprāyaṁ balaṁ śreṣṭhatamaṁ viduḥ ||;
Hitop, 4: 4;90 1;yathā prabhukṛtān mānād yudhyante bhuvi mānavāḥ |;
Hitop, 4: 4;90 2;na tathā bahubhir dattair draviṇair api bhūpate ||;
Hitop, 4: 4;91 1;varam alpabalaṁ sāraṁ na kuryān muṇḍamaṇḍalīm |;
Hitop, 4: 4;91 2;kuryād asārabhaṅgo hi sārabhaṅgam api sphuṭam ||;
Hitop, 4: 4;92 1;aprasādo .nadhiṣṭhānaṁ deyāṁśaharaṇaṁ ca yat |;
Hitop, 4: 4;92 2;kālayāpo .pratīkāras tad vairāgyasya kāraṇam ||;
Hitop, 4: 4;93 1;apīḍayan balaṁ śatrūñ jigīṣur abhiṣeṇayet |;
Hitop, 4: 4;93 2;sukhasādhyaṁ dviṣāṁ sainyaṁ dīrghaprayāṇapīḍitam ||;
Hitop, 4: 4;94 1;dāyādād aparo yasmān nāsti bhedakaro dviṣām |;
Hitop, 4: 4;94 2;tasmād utthāpayed yatnād dāyādaṁ tasya vidviṣaḥ ||;
Hitop, 4: 4;95 1;saṁdhāya yuvarājena yadi vā mukhyamantriṇā |;
Hitop, 4: 4;95 2;antaḥprakopaṇaṁ kuryād abhiyoktā sthirātmanaḥ ||;
Hitop, 4: 4;96 1;krūrāmitraṁ raṇe cāpi bhaṅgaṁ dattvā vighātayet |;
Hitop, 4: 4;96 2;athavā gograhākṛṣṭyā tanmukhyāśritabandhanāt ||;
Hitop, 4: 4;97 1;svarājyaṁ vāsayed rājā paradeśāpaharaṇāt |;
Hitop, 4: 4;97 2;athavā dānamānābhyāṁ vāsitaṁ dhanadaṁ hi tat ||;
Hitop, 4: 4;98 1;athavā bahunoditena |;
Hitop, 4: 4;98 2;ātmodayaḥ paraglānir dvayaṁ nītir itīyatī |;
Hitop, 4: 4;98 3;tad ūrīkṛtya kṛtibhir vācaspatyaṁ pratīyate ||;
Hitop, 4: 4;99 1;rājñā vihasyoktaṁ sarvam etad viśeṣataś cocyate |;
Hitop, 4: 4;99 2;kintu |;
Hitop, 4: 4;99 3;anyad ucchṛṅkhalaṁ sattvam anyacchāstraniyantritam |;
Hitop, 4: 4;99 4;sāmānādhikaraṇyaṁ hi tejastimirayoḥ kutaḥ ||;
Hitop, 4: 4;100 1;tata utthāya rājā mauhūrtikāveditalagne prasthitaḥ |;
Hitop, 4: 4;100 2;atha prahitapraṇidhiś caro hiraṇyagarbham āgatya samprati malayaparvatādhityakāyāṁ samāvāsitakaṭako durgaśodhanaṁ pratikṣaṇam anusaṁdhātavyam |;
Hitop, 4: 4;100 3;yato .sau gṛdhro mahāmantrī |;
Hitop, 4: 4;100 4;kiṁca kenacit saha tasya viśvāsakathāprasaṅgenaitad yatanena ko .py asmaddurge prāg eva niyuktaḥ |;
Hitop, 4: 4;100 5;cakravāko brūte deva kāka evāsau sambhavati |;
Hitop, 4: 4;100 6;rājāha na kadācid etat |;
Hitop, 4: 4;100 7;yady evaṁ tadā kathaṁ tena śukasyābhibhavodyogaḥ sa ca cirād atrāste |;
Hitop, 4: 4;100 8;mantrī brūte tathāpy āgantukaḥ śaṅkanīyaḥ |;
Hitop, 4: 4;100 9;rājāha āgantukā api kadācid upakārakā dṛśyante |;
Hitop, 4: 4;100 10;śṛṇu |;
Hitop, 4: 4;100 11;paro .pi hitavān bandhur bandhur apy ahitaḥ paraḥ |;
Hitop, 4: 4;100 12;ahito dehajo vyādhir hitam āraṇyam auṣadham ||;
Hitop, 4: 4;101 1;aparaṁ ca |;
Hitop, 4: 4;101 2;āsīd vīravaro nāma śūdrakasya mahībhṛtaḥ |;
Hitop, 4: 4;101 3;sevakaḥ svalpakālena sa dadau sutam ātmanaḥ ||;
Hitop, 4: 4;102 1;cakravākaḥ pṛcchati katham etat |;
Hitop, 4: 4;102 2;rājā kathayati |;
Hitop, 4: 4;102 3;ahaṁ purā śūdrakasya rājñaḥ krīḍāsarasi vīravaro nāma rājaputraḥ kutaścid deśād āgatya māṁ rajadarśanaṁ kāraya |;
Hitop, 4: 4;102 4;tatas tenāsau rājadarśanaṁ kārito brūte deva yadi mayā śūdraka uvāca kiṁ te vartanam |;
Hitop, 4: 4;102 5;vīravaro brūte pratyahaṁ suvarṇapañcaśatāni dehi |;
Hitop, 4: 4;102 6;rājāha kā te sāmagrī |;
Hitop, 4: 4;102 7;vīravaro brūte dvau bāhū |;
Hitop, 4: 4;102 8;tṛtīyaś ca khaḍgaḥ |;
Hitop, 4: 4;102 9;rājāha naitacchakyam |;
Hitop, 4: 4;102 10;tacchrutvā vīravaraḥ praṇamya calitaḥ |;
Hitop, 4: 4;102 11;atha mantribhir uktaṁ deva dinacatuṣṭayasya vartanaṁ kim upayukto .yam etāvad vartanaṁ gṛhṇāti anupayukto tato mantrivacanād āhuhūya vīravarāya tāmbūlaṁ dattvā vartanaviniyogaś ca rājñā sunibhṛtaṁ nirūpitaḥ |;
Hitop, 4: 4;102 12;tadardhaṁ vīravareṇa devebhyo brāhmaṇebhyo dattam |;
Hitop, 4: 4;102 13;sthitasyārdhaṁ duḥkhitebhyaḥ |;
Hitop, 4: 4;102 14;tad avaśiṣṭaṁ bhojyavilāsavyayena |;
Hitop, 4: 4;102 15;etat sarvaṁ nityakṛtyaṁ kṛtvā rājadvāram aharniśaṁ yadā ca rājā svayaṁ samādiśati tadā svagṛham api yāti |;
Hitop, 4: 4;102 16;athaikadā kṛṣṇacaturdaśyāṁ rātrau sa rājā tat śrutvā rājā brūte kaḥ ko .tra dvāri tiṣṭhati |;
Hitop, 4: 4;102 17;tadā tenoktaṁ deva ahaṁ vīravaraḥ |;
Hitop, 4: 4;102 18;rājovāca krandanānusaraṇaṁ kriyatām |;
Hitop, 4: 4;102 19;vīravaro .pi yathājñāpayati devaḥ ity uktvā calitaḥ |;
Hitop, 4: 4;102 20;rājñā ca cintitamayam ekākī rājaputro mayā sūcībhedye naitad ucitam |;
Hitop, 4: 4;102 21;tad aham api gatvā kim etad iti nirūpayāmi |;
Hitop, 4: 4;102 22;tato rājāpi khaḍgam ādāya tadanusaraṇakrameṇa nagarād gatvā ca vīravareṇa rudatī rūpayauvanasampannā striyoktamaham etasya śūdrakasya rājalakṣmīḥ |;
Hitop, 4: 4;102 23;cirād etasya bhujacchāyāyāṁ mahatā sukhena viśrāntā |;
Hitop, 4: 4;102 24;idānīm anyatra gamiṣyāmi |;
Hitop, 4: 4;102 25;vīravaro brūte yatrāpāyaḥ sambhavati tatropāyo .py asti |;
Hitop, 4: 4;102 26;tat kathaṁ syāt punar ihāvāso bhavatyāḥ |;
Hitop, 4: 4;102 27;lakṣmīr uvāca yadi tvam ātmanaḥ putraṁ śaktidharaṁ ity uktvādṛśyābhavat |;
Hitop, 4: 4;102 28;tato vīravareṇa svagṛhaṁ gatvā nidrāyamāṇā svavadhūḥ tau nidrāṁ parityajyotthāyopaviṣṭau |;
Hitop, 4: 4;102 29;vīravaras tat sarvaṁ lakṣmīvacanam uktavān |;
Hitop, 4: 4;102 30;tacchrutvā sānandaḥ śaktidharo brūte dhanyo .ham svāmirājyarakṣārthaṁ yasyopayogaḥ |;
Hitop, 4: 4;102 31;tāta tat ko .dhunā vilambasya hetuḥ evaṁvidhe karmaṇi yataḥ |;
Hitop, 4: 4;102 32;dhanāni jīvitaṁ caiva parārthe prājña utsṛjet |;
Hitop, 4: 4;102 33;tannimitto varaṁ tyāgo vināśe niyate sati ||;
Hitop, 4: 4;103 1;śaktidharamātovāca yady etan na kartavyaṁ tat kenānyena ity ālocya sarve sarvamaṅgalāyāḥ sthānaṁ gatāḥ |;
Hitop, 4: 4;103 2;tatra sarvamaṅgalāṁ sampūjya vīravaro brūte devi prasīda vijayatāṁ śūdrako mahārājaḥ |;
Hitop, 4: 4;103 3;gṛhyatām ayam upahāraḥ |;
Hitop, 4: 4;103 4;ity uktvā putrasya śiraś cicheda |;
Hitop, 4: 4;103 5;tato vīravaraś cintayāmāsa gṛhītarājavartanasya nistāraḥ adhunā niṣputrasya me jīvanenālam |;
Hitop, 4: 4;103 6;ity ālocyātmanaḥ śiraś cicheda |;
Hitop, 4: 4;103 7;tataḥ striyāpi svāmiputraśokārtayā tad anuṣṭhitam |;
Hitop, 4: 4;103 8;tat sarvaṁ dṛṣṭvā rājā sāścaryaṁ cintayāmāsa |;
Hitop, 4: 4;103 9;jāyante ca mriyante ca madvidhāḥ kṣudrajantavaḥ |;
Hitop, 4: 4;103 10;anena sadṛśo loke na bhūto na bhaviṣyati ||;
Hitop, 4: 4;104 1;tad etatparityaktena mama rājyenāpi kiṁ prayojanam |;
Hitop, 4: 4;104 2;tataḥ śūdrakeṇāpi svaśiraś chettuṁ khaḍgaḥ samutthāpitaḥ atha bhagavatyā sarvamaṅgalayā pratyakṣabhūtayā rājā uktaṁ ca putra prasanno .smi te etāvatā sāhasenālam |;
Hitop, 4: 4;104 3;jīvanānte.pi tava rājabhaṅgo nāsti |;
Hitop, 4: 4;104 4;rājā ca sāṣṭāṅgapātaṁ praṇamyovāca devi kiṁ me rājyena anyathāhaṁ yathāprāptāṁ gatiṁ gacchāmi |;
Hitop, 4: 4;104 5;bhagavaty uvāca putra anena te sattvotkarṣeṇa gaccha vijayī bhava |;
Hitop, 4: 4;104 6;ayam api saparivāro rājaputro jīvatu |;
Hitop, 4: 4;104 7;ity uktvā devy adṛśyābhavat |;
Hitop, 4: 4;104 8;tato vīravaraḥ saputradāraḥ prāptajīvanaḥ svagṛhaṁ gataḥ rājāpi tair alakṣitaḥ satvaram antaḥpuraṁ praviṣṭaḥ |;
Hitop, 4: 4;104 9;atha prabhāte vīravaro dvārasthaḥ punar bhūpālena pṛṣṭaḥ na kāpy anyā vārtā vidyate |;
Hitop, 4: 4;104 10;tad vacanam ākarṇya saṁtuṣṭo rājā sāścaryaṁ cintayāmāsa priyaṁ brūyād akṛpaṇaḥ śūraḥ syād avikatthanaḥ |;
Hitop, 4: 4;104 11;dātā nāpātravarṣī ca pragalbhaḥ syād aniṣṭhuraḥ ||;
Hitop, 4: 4;105 1;etan mahāpuruṣalakṣaṇam etasmin sarvam asti |;
Hitop, 4: 4;105 2;tataḥ sa rājā prātaḥ śiṣṭasabhāṁ kṛtvā sarvaṁ vṛttāntaṁ tat kim āgantuko jātimātrād duṣṭaḥ tatrāpy cakravāko brūte |;
Hitop, 4: 4;105 3;yo .kāryaṁ kāryavacchāsti sa kiṁ mantrī nṛpecchayā |;
Hitop, 4: 4;105 4;varaṁ svāmimanoduḥkhaṁ tannāśo na tv akāryataḥ ||;
Hitop, 4: 4;106 1;vaidyo guruś ca mantrī ca yasya rājñaḥ priyaṁvadāḥ |;
Hitop, 4: 4;106 2;śarīradharmakośebhyaḥ kṣipraṁ sa parihīyate ||;
Hitop, 4: 4;107 1;śṛṇu deva |;
Hitop, 4: 4;107 2;puṇyāl labdhaṁ yad ekena tan mamāpi bhaviṣyati |;
Hitop, 4: 4;107 3;hatvā bhikṣuṁ yato mohān nidhyarthī nāpito hataḥ ||;
Hitop, 4: 4;108 1;rājā pṛcchati katham etat |;
Hitop, 4: 4;108 2;mantrī kathayati |;
Hitop, 4: 4;108 3;asty ayodhyāyāṁ puri cūḍāmaṇir nāma kṣatriyaḥ |;
Hitop, 4: 4;108 4;tena dhanārthinā mahatā kleśena bhagavāṁś tataḥ kṣīṇapāpo .sau svapne darśanaṁ dattvā tato .sau bhikṣukas tatkṣaṇāt suvarṇakalaso bhaviṣyati |;
Hitop, 4: 4;108 5;tena tvayā yāvajjīvaṁ sukhinā bhavitavyam |;
Hitop, 4: 4;108 6;tatas tathānuṣṭhite tad vṛttam |;
Hitop, 4: 4;108 7;tatra kṣaurakaraṇāyānītena nāpitena tat sarvam ālokya tad aham apy evaṁ kiṁ na karomi tataḥ prabhṛti sa nāpitaḥ ekadā tena prāpto bhikṣur laguḍena vyāpāditaḥ |;
Hitop, 4: 4;108 8;tasmād aparādhāt so .pi nāpito rājapuruṣair vyāpāditaḥ |;
Hitop, 4: 4;108 9;ato .haṁ bravīmi puṇyāl labdhaṁ yad ekena ityādi |;
Hitop, 4: 4;108 10;rājāha |;
Hitop, 4: 4;108 11;purāvṛttakathodgāraiḥ kathaṁ nirṇīyate paraḥ |;
Hitop, 4: 4;108 12;syān niṣkāraṇabandhur vā kiṁ vā viśvāsaghātakaḥ ||;
Hitop, 4: 4;109 1;yātu prastutam anusaṁdhīyatām |;
Hitop, 4: 4;109 2;malayādhityakāyāṁ cec citravarṇas tad adhunā kiṁ tathā coktam |;
Hitop, 4: 4;109 3;lubdhaḥ krūro .laso .satyaḥ pramādī bhīrur asthiraḥ |;
Hitop, 4: 4;109 4;mūḍho yodhāvamantā ca sukhacchedyo ripuḥ smṛtaḥ ||;
Hitop, 4: 4;110 1;tato .sau yāvad asmaddurgadvārarodhaṁ na karoti tāvan tathā coktam |;
Hitop, 4: 4;110 2;dīrghavartmapariśrāntaṁ nadyadrivanasaṅkulam |;
Hitop, 4: 4;110 3;ghorāgnibhayasaṁtrastaṁ kṣutpipāsārditaṁ tathā ||;
Hitop, 4: 4;111 1;pramattaṁ bhojanavyagraṁ vyādhidurbhikṣapīḍitam |;
Hitop, 4: 4;111 2;asaṁsthitam abhūyiṣṭhaṁ vṛṣṭivātasamākulam ||;
Hitop, 4: 4;112 1;paṅkapāṁśujalācchannaṁ suvyastaṁ dasyuvidrutam |;
Hitop, 4: 4;112 2;evambhūtaṁ mahīpālaḥ parasainyaṁ vighātayet ||;
Hitop, 4: 4;113 1;anyac ca |;
Hitop, 4: 4;113 2;avaskandabhayād rājā prajāgarakṛtaśramam |;
Hitop, 4: 4;113 3;divāsuptaṁ sadā hanyān nidrāvyākulasainikam ||;
Hitop, 4: 4;114 1;atas tasya pramādito balaṁ gatvā yathāvakāśaṁ divāniśaṁ tathānuṣṭhite citravarṇasya sainikāḥ senāpatayaś ca bahavo tataś citravarṇo viṣaṇṇaḥ svamantriṇaṁ dūradarśinam āha na rājyaṁ prāptam ity eva vartitavyam asāmpratam |;
Hitop, 4: 4;114 2;śriyaṁ hy avinayo hanti jarā rūpam ivottamam ||;
Hitop, 4: 4;115 1;api ca |;
Hitop, 4: 4;115 2;dakṣaḥ śriyam adhigacchati pathyāśī kalyatāṁ sukham udyukto viyāntaṁ dharmārthayaśāṁsi ca vinītaḥ ||;
Hitop, 4: 4;116 1;gṛdhro .vadad deva śṛṇu |;
Hitop, 4: 4;116 2;avidvān api bhūpālo vidyāvṛddhopasevayā |;
Hitop, 4: 4;116 3;parāṁ śriyam avāpnoti jalāsannatarur yathā ||;
Hitop, 4: 4;117 1;anyac ca |;
Hitop, 4: 4;117 2;pāpaṁ strī mṛgayā dyūtam arthadūṣaṇam eva ca |;
Hitop, 4: 4;117 3;vāgdaṇḍayoś ca pāruṣyaṁ vyasanāni mahībhujām ||;

Hitop, 4: 4;119 1;tvayā svabalotsāham avalokya sāhasaikarasikena ato durnīteḥ phalam idam anubhūyate |;
Hitop, 4: 4;119 2;tathā coktam |;
Hitop, 4: 4;119 3;durmantriṇaṁ kam upayānti na nītidoṣāḥ |;
Hitop, 4: 4;119 4;saṁtāpayanti kam apathyabhujaṁ na rogāḥ |;
Hitop, 4: 4;119 5;kaṁ śrīr na darpayati kaṁ na nihanti mṛtyuḥ |;
Hitop, 4: 4;119 6;kaṁ strīkṛtā na viṣayāḥ paritāpayanti ||;

Hitop, 4: 4;121 1;tato mayāpy ālocitaṁ prajñāhīno .yaṁ rājā |;
Hitop, 4: 4;121 2;na cet kathaṁ nītiśāstrakathākaumudīṁ vāgulkābhis yataḥ |;
Hitop, 4: 4;121 3;yasya nāsti svayaṁ prajñā śāstraṁ tasya karoti kim |;
Hitop, 4: 4;121 4;locanābhyāṁ vihīnasya darpaṇaḥ kiṁ kariṣyati ||;
Hitop, 4: 4;122 1;ity ālocyāham api tūṣṇīṁ sthitaḥ |;
Hitop, 4: 4;122 2;atha rājā baddhāñjalir āha tāta asty ayaṁ mamāparādhaḥ gṛdhraḥ svagataṁ cintayati kriyatām atra pratīkāraḥ |;
Hitop, 4: 4;122 3;yataḥ |;
Hitop, 4: 4;122 4;devatāsu gurau goṣu rājasu brāhmaṇeṣu ca |;
Hitop, 4: 4;122 5;niyantavyaḥ sadā kopo bālavṛddhātureṣu ca ||;
Hitop, 4: 4;123 1;mantrī prahasya brūte deva mā bhaiṣīḥ |;
Hitop, 4: 4;123 2;samāśvasihi |;
Hitop, 4: 4;123 3;śṛṇu deva |;
Hitop, 4: 4;123 4;mantriṇāṁ bhinnasandhāne bhiṣajāṁ sāṁnipātike |;
Hitop, 4: 4;123 5;karmaṇi vyajyate prajñā susthe ko vā na paṇḍitaḥ ||;
Hitop, 4: 4;124 1;aparaṁ ca |;
Hitop, 4: 4;124 2;ārambhante .lpam evājñāḥ kāmaṁ vyagrā bhavanti ca |;
Hitop, 4: 4;124 3;mahārambhāḥ kṛtadhiyas tiṣṭhanti ca nirākulāḥ ||;


Hitop, 4: 4;127 1;yataḥ |;
Hitop, 4: 4;127 2;mūrkhaḥ svalpavyayatrāsāt sarvanāśaṁ karoti hi |;
Hitop, 4: 4;127 3;kaḥ sudhīḥ saṁtyajed bhāṇḍaṁ śuklasyaivātisādhvasāt ||;
Hitop, 4: 4;128 1;rājāha katham iha samaye.tivyayo yujyate uktaṁ mantrī brūte śrīmatāṁ katham āpadaḥ |;
Hitop, 4: 4;128 2;rājāha kadācic calitā lakṣmīḥ |;
Hitop, 4: 4;128 3;mantrī brūte saṁcitāpi vinaśyati |;
Hitop, 4: 4;128 4;tad deva kārpaṇyaṁ vimucya svabhaṭā dānamānābhyāṁ tathā coktam |;
Hitop, 4: 4;128 5;parasparajñāḥ saṁhṛṣṭās tyaktuṁ prāṇān suniścitāḥ |;
Hitop, 4: 4;128 6;kulīnāḥ pūjitāḥ samyag vijayante dviṣadbalam ||;
Hitop, 4: 4;129 1;aparaṁ ca |;
Hitop, 4: 4;129 2;subhaṭāḥ śīlasampannāḥ saṁhatāḥ kṛtaniścayāḥ |;
Hitop, 4: 4;129 3;api pañcaśataṁ śūrā nighnanti ripuvāhinīm ||;
Hitop, 4: 4;130 1;kiṁca |;
Hitop, 4: 4;130 2;śiṣṭair apy avaśeṣajña ugraś ca kṛtanāśakaḥ |;
Hitop, 4: 4;130 3;tyajyate kiṁ punar nānyair yaś cāpy ātmambharir naraḥ ||;
Hitop, 4: 4;131 1;yataḥ |;
Hitop, 4: 4;131 2;satyaṁ śauryaṁ dayā tyāgo nṛpasyaite mahāguṇāḥ |;
Hitop, 4: 4;131 3;etais tyakto mahīpālaḥ prāpnoti khalu vācyatām ||;
Hitop, 4: 4;132 1;īdṛśi prastāve.mātyās tāvad avaśyam eva puraskartavyāḥ |;
Hitop, 4: 4;132 2;tathā coktam |;
Hitop, 4: 4;132 3;yo yena pratibaddhaḥ syāt saha tenodayī vyayī |;
Hitop, 4: 4;132 4;sa viśvasto niyoktavyaḥ prāṇeṣu ca dhaneṣu ca ||;
Hitop, 4: 4;133 1;yataḥ |;
Hitop, 4: 4;133 2;dhūrtaḥ strī vā śiśur yasya mantriṇaḥ syur mahīpateḥ |;
Hitop, 4: 4;133 3;anītipavanakṣipto .kāryābdhau sa nimajjati ||;
Hitop, 4: 4;134 1;śṛṇu deva |;
Hitop, 4: 4;134 2;harṣakrodhau yatau yasya śāstrārthe pratyayas tathā |;
Hitop, 4: 4;134 3;nityaṁ bhṛtyānupekṣā ca tasya syād dhanadā dharā ||;
Hitop, 4: 4;135 1;yeṣāṁ rājñā saha syātām uccayāpacayau dhruvam |;
Hitop, 4: 4;135 2;amātyā iti tān rājā nāvamanyet kadācana ||;
Hitop, 4: 4;136 1;mahībhujo madāndhasya saṁkīrṇasyeva dantinaḥ |;
Hitop, 4: 4;136 2;skhalato hi karālambaḥ suśiṣṭair eva kīyate ||;
Hitop, 4: 4;137 1;athāgatya praṇamya meghavarṇo brūte deva dṛṣṭiprasādaṁ idānīṁ vipakṣo durgadvāri vartate |;
Hitop, 4: 4;137 2;tad devapādādeśād bahir niḥsṛtya svavikramaṁ darśayāmi tena devapādānām ānṛṇyam upagacchāmi |;
Hitop, 4: 4;137 3;cakravāko brūte maivam |;
Hitop, 4: 4;137 4;yadi bahir niḥsṛtya yoddhavyam |;
Hitop, 4: 4;137 5;tadā durgāśrayaṇam eva niṣprayojanam |;
Hitop, 4: 4;137 6;aparaṁ ca |;
Hitop, 4: 4;137 7;viṣamo .pi yathā nakraḥ salilān nisṛto vaśaḥ |;
Hitop, 4: 4;137 8;vanād vinirgataḥ śūraḥ siṁho .pi syācchagālavat ||;
Hitop, 4: 4;138 1;atha te sarve durgadvāraṁ gatvā mahāhavaṁ kṛtavantaḥ |;
Hitop, 4: 4;138 2;aparedyuś citravarṇo rājā gṛdhram uvāca tāta vāyaso brūte deva svayaṁ gatvā dṛśyatāṁ yuddham |;
Hitop, 4: 4;138 3;yataḥ |;
Hitop, 4: 4;138 4;puraskṛtya balaṁ rājā yodhayed avalokayan |;
Hitop, 4: 4;138 5;svāminādhiṣṭhitaḥ śvāpi kiṁ na siṁhāyate dhruvam ||;
Hitop, 4: 4;139 1;gṛdhro brūte deva śṛṇu tāvat |;
Hitop, 4: 4;139 2;akālasaham atyalpaṁ mūrkhavyasanināyakam |;
Hitop, 4: 4;139 3;aguptaṁ bhīruyodhaṁ ca durgavyasanam ucyate ||;
Hitop, 4: 4;140 1;tat tāvad atra nāsti |;
Hitop, 4: 4;140 2;upajāpaś cirārodho .vaskandas tīvrapauruṣam |;
Hitop, 4: 4;140 3;durgasya laṅghanopāyāś catvāraḥ kathitā ime ||;
Hitop, 4: 4;141 1;atra yathāśakti kriyate yatnaḥ |;
Hitop, 4: 4;141 2;karṇe kathayatyevam evam |;
Hitop, 4: 4;141 3;tato .nudita eva bhāskare caturṣv api durgadvāreṣu pravṛtte tataḥ gṛhītaṁ gṛhītaṁ durgam iti kolāhalaṁ śrutvā sarvataḥ sumantritaṁ suvikrāntaṁ suyuddhaṁ supalāyitam |;
Hitop, 4: 4;141 4;kāryakāle yathāśakti kuryān na tu vicārayet ||;
Hitop, 4: 4;142 1;rājā haṁsaś ca svabhāvān mandagatiḥ |;
Hitop, 4: 4;142 2;sārasadvitīyaś citravarṇasya senāpatinā kukkuṭenāgatya hiraṇyagarbhaḥ sārasam āha senāpate sārasa adhunāhaṁ gantum asamarthaḥ |;
Hitop, 4: 4;142 3;tvaṁ gantum adhunāpi samarthaḥ |;
Hitop, 4: 4;142 4;tad gatvā jalaṁ praviśyātmānaṁ parirakṣa |;
Hitop, 4: 4;142 5;asmatputraṁ cūḍāmaṇināmānaṁ sarvajñasya saṁmatyā sāraso brūte deva na vaktavyam evaṁ duḥsahaṁ vacaḥ ahaṁ deva durgādhikārī |;
Hitop, 4: 4;142 6;tan mama māṁsāsṛgviliptena dvāravartmanā tāvat aparaṁ ca deva |;
Hitop, 4: 4;142 7;dātā kṣamī guṇagrāhī svāmī duḥkhena labhyate |;
Hitop, 4: 4;142 8;rājāha satyam evaitat |;
Hitop, 4: 4;142 9;kintu |;
Hitop, 4: 4;142 10;śucir dakṣo .nuraktaś ca jāne bhṛtyo .pi durlabhaḥ ||;

Hitop, 4: 4;144 1;anyac ca |;
Hitop, 4: 4;144 2;bhave.smin pavanodbhrāntavīcivibhramabhaṅgure |;
Hitop, 4: 4;144 3;jāyate puṇyayogena parārthe jīvitavyayaḥ ||;
Hitop, 4: 4;145 1;svāmyamātyaś ca rāṣṭraṁ ca durgaṁ kośo balaṁ suhṛt |;
Hitop, 4: 4;145 2;rājyāṅgāni prakṛtayaḥ paurāṇāṁ śreṇayo .pi ca ||;
Hitop, 4: 4;146 1;deva tvaṁ ca svāmī sarvathā rakṣaṇīyaḥ |;
Hitop, 4: 4;146 2;yataḥ |;
Hitop, 4: 4;146 3;prakṛtiḥ svāminaṁ tyaktvā samṛddhāpi na jīvati |;
Hitop, 4: 4;146 4;api dhanvantarir vaidyaḥ kiṁ karoti gatāyuṣi ||;
Hitop, 4: 4;147 1;aparaṁ ca |;
Hitop, 4: 4;147 2;nareśe jīvaloko .yaṁ nimīlati nimīlati |;
Hitop, 4: 4;147 3;udety udīyamāne ca ravāv iva saroruham ||;
Hitop, 4: 4;148 1;atrāpi pradhānāṅgaṁ rājā |;
Hitop, 4: 4;148 2;atha kukkuṭenāgatya rājahaṁsasya śarīre tadā satvaram upasṛtya sārasena svadehāntarito rājā jale atha kukkuṭanakhaprahārajarjarīkṛtenāpi sārasena paścāt sāraso .pi bahubhiḥ pakṣibhiḥ sametya atha citravarṇo durgaṁ praviśya durgāvasthitaṁ dravyaṁ atha rājaputrair uktaṁ tasmin rājahaṁsapakṣe puṇyavān sa yataḥ |;
Hitop, 4: 4;148 3;janayanti sutān gāvaḥ sarvā eva gavākṛtīn |;
Hitop, 4: 4;148 4;viṣāṇollikhitaskandhaṁ kācid eva gavāṁ patim ||;
Hitop, 4: 4;149 1;viṣṇuśarmovāca sa tāvat sattvakrītān akṣayalokān tathā coktam |;
Hitop, 4: 4;149 2;āhaveṣu ca ye śūrāḥ svāmyarthe tyaktajīvitāḥ |;
Hitop, 4: 4;149 3;bhartṛbhaktāḥ kṛtajñāś ca te narāḥ svargagāminaḥ ||;
Hitop, 4: 4;150 1;yatra tatra hataḥ śūraḥ śatrubhiḥ pariveṣṭitaḥ |;
Hitop, 4: 4;150 2;akṣayān labhate lokān yadi klaibyaṁ na gacchati ||;


Hitop, 5: 5;2 1;rājaputrā ūcuḥ katham etat |;
Hitop, 5: 5;2 2;viṣṇuśarmā kathayati tatas tena rājahaṁsena uktam cakravāko brūte deva bhavato niṣkāraṇabandhur asau tan manye tasyaiva viceṣṭitam idam |;
Hitop, 5: 5;2 3;rājā kṣaṇaṁ vicintyāha asti tāvad evam |;
Hitop, 5: 5;2 4;mama durdaivam etat |;
Hitop, 5: 5;2 5;tathā coktam |;
Hitop, 5: 5;2 6;aparādhaḥ sa daivasya na punar mantriṇām ayam |;
Hitop, 5: 5;2 7;kāryaṁ sucaritaṁ kvāpi daivayogād vinaśyati ||;
Hitop, 5: 5;3 1;viṣamāṁ hi daśāṁ prāpya daivaṁ garhayate naraḥ |;
Hitop, 5: 5;3 2;ātmanaḥ karmadoṣāṁś ca naiva jānāty apaṇḍitaḥ ||;
Hitop, 5: 5;4 1;aparaṁ ca |;
Hitop, 5: 5;4 2;suhṛdāṁ hitakāmānāṁ yo vākyaṁ nābhinandati |;
Hitop, 5: 5;4 3;sa kūrma iva durbuddhiḥ kāṣṭhād bhraṣṭo vinaśyati ||;
Hitop, 5: 5;5 1;anyac ca |;
Hitop, 5: 5;5 2;rakṣitavyaṁ sadā vākyaṁ vākyād bhavati nāśanam |;
Hitop, 5: 5;5 3;haṁsābhyāṁ nīyamānasya kūrmasya patanaṁ yathā ||;
Hitop, 5: 5;6 1;rājāha katham etat |;
Hitop, 5: 5;6 2;mantrī kathayati |;
Hitop, 5: 5;6 3;asti magadhadeśe phullotpalābhidhānaṁ saraḥ |;
Hitop, 5: 5;6 4;tatra ciraṁ saṅkaṭavikaṭanāmānau haṁsau nivasataḥ |;
Hitop, 5: 5;6 5;tayor mitraṁ kambugrīvanāmā kūrmaś ca prativasati |;
Hitop, 5: 5;6 6;athaikadā dhīvarair āgatya tathoktaṁ yatatrāsmābhir tad ākarṇya kūrmo haṁsāv āha suhṛdau śruto .yaṁ adhunā kiṁ mayā kartavyam |;
Hitop, 5: 5;6 7;haṁsāv āhatuḥ jñāyatāṁ tāvat |;
Hitop, 5: 5;6 8;punas tāvat prātar yad ucitaṁ tat kartavyam |;
Hitop, 5: 5;6 9;kūrmo brūte maivam |;
Hitop, 5: 5;6 10;yato dṛṣṭavyatikaro .ham atra |;
Hitop, 5: 5;6 11;yathā coktam |;
Hitop, 5: 5;6 12;anāgatavidhātā ca pratyutpannamatis tathā |;
Hitop, 5: 5;6 13;dvāv eva sukham edhete yadbhaviṣyo vinaśyati ||;
Hitop, 5: 5;7 1;tāv ūcatuḥ katham etat |;
Hitop, 5: 5;7 2;kūrmaḥ kathayati |;
Hitop, 5: 5;7 3;purāsmin eva sarasy evaṁvidheṣv eva dhīvareṣūpasthiteṣu tatrānāgatavidhātā nāmaiko matsyaḥ |;
Hitop, 5: 5;7 4;tenoktam ahaṁ tāvajjalāśayāntaraṁ gacchāmi |;
Hitop, 5: 5;7 5;ity uktvā sa hradāntaraṁ gataḥ |;
Hitop, 5: 5;7 6;apareṇa pratyutpannamatināmnā matsyenābhihitaṁ tathā coktam |;
Hitop, 5: 5;7 7;utpannām āpadaṁ yas tu samādhatte sa buddhimān |;
Hitop, 5: 5;7 8;vaṇijo bhāryayā jāraḥ pratyakṣe nihnuto yathā ||;
Hitop, 5: 5;8 1;yadbhaviṣyaḥ pṛcchati katham etat |;
Hitop, 5: 5;8 2;pratyutpannamatiḥ kathayati |;
Hitop, 5: 5;8 3;purā vikramapure samudradatto nāma vaṇig asti |;
Hitop, 5: 5;8 4;tasya ratnaprabhā nāma gṛhiṇī svasevakena saha sadā yataḥ |;
Hitop, 5: 5;8 5;na strīṇām apriyaḥ kaścit priyo vāpi na vidyate |;
Hitop, 5: 5;8 6;gāvas tṛṇam ivāraṇye prārthayante navaṁ navam ||;
Hitop, 5: 5;9 1;athaikadā sā ratnaprabhā tasya sevakasya mukhe tataḥ sā bandhakī satvaraṁ bhartuḥ samīpaṁ matvāha yato .yaṁ caurikāṁ kṛtvā karpūraṁ khādatīti |;
Hitop, 5: 5;9 2;mayāsya mukham āghrāya jñātam |;
Hitop, 5: 5;9 3;tathā coktam |;
Hitop, 5: 5;9 4;āhāro dviguṇaḥ strīṇāṁ buddhis tāsāṁ caturguṇā |;
Hitop, 5: 5;9 5;ṣaḍguṇo vyavasāyaś ca kāmāś cāṣṭaguṇaḥ smṛtaḥ ||;
Hitop, 5: 5;10 1;tacchrutvā sevakenāpi prakupyoktaṁ nātha yasya svāmino tato .sāv utthāya calitaḥ |;
Hitop, 5: 5;10 2;sādhunā ca yatnāt prabodhya dhṛtaḥ |;
Hitop, 5: 5;10 3;ato .haṁ bravīmyutpannām āpadam ityādi |;
Hitop, 5: 5;10 4;tato yadbhaviṣyeṇoktam |;
Hitop, 5: 5;10 5;yad abhāvi na tad bhāvi bhāvi cenna tad anyathā |;
Hitop, 5: 5;10 6;iti cintāviṣaghno .yam agadaḥ kiṁ na pīyate ||;
Hitop, 5: 5;11 1;tataḥ prātar jālena baddhaḥ pratyutpannamatir mṛtavad tato jālād apasārito yathāśakty utplutya gabhīraṁ nīraṁ yadbhaviṣyaś ca dhīvaraiḥ prāpto vyāpāditaḥ |;
Hitop, 5: 5;11 2;ato .haṁ bravīmyanāgatavidhātā ca ityādi |;
Hitop, 5: 5;11 3;tad yathāham anyaṁ hradaṁ prāpnomi tathā kriyatām |;
Hitop, 5: 5;11 4;haṁsāv āhatuḥ jalāśayāntare prāpte tava kuśalam |;
Hitop, 5: 5;11 5;sthale gacchatas te ko vidhiḥ |;
Hitop, 5: 5;11 6;kūrma āha yathāhaṁ bhavadbhyāṁ sahākāśavartmanā haṁsau brūtaḥ katham upāyaḥ sambhavati |;
Hitop, 5: 5;11 7;kacchapo vadati yuvābhyāṁ cañcudhṛtaṁ kāṣṭhakhaṇḍam tataś ca yuvayoḥ pakṣabalena mayāpi sukhena gantavyam |;
Hitop, 5: 5;11 8;haṁsau brūtaḥ sambhavaty eṣa upāyaḥ |;
Hitop, 5: 5;11 9;kintu |;
Hitop, 5: 5;11 10;upāyaṁ cintayet prājño hy apāyam api cintayet |;
Hitop, 5: 5;11 11;paśyato bakamūrkhasya nakulair bhakṣitāḥ sutāḥ ||;
Hitop, 5: 5;12 1;kūrmaḥ pṛcchati katham etat |;
Hitop, 5: 5;12 2;tau kathayataḥ |;
Hitop, 5: 5;12 3;asty uttarāpathe gṛdhrakūṭanāmni parvate mahān tatrāneke bakā nivasanti |;
Hitop, 5: 5;12 4;tasya vṛkṣasyādhastād vivare sarpas tiṣṭhati |;
Hitop, 5: 5;12 5;sa ca bakānāṁ bālāpatyāni khādati |;
Hitop, 5: 5;12 6;atha śokārtānāṁ vilāpaṁ śrutvā kenacid tatas tadāhāralubdhair nakulair āgatya sarpo draṣṭavyaḥ |;
Hitop, 5: 5;12 7;svabhāvadveṣād vyāpadayitavyaś ca |;
Hitop, 5: 5;12 8;tathānuṣṭhite sati tad vṛttam |;
Hitop, 5: 5;12 9;atha nakulair vṛkṣopari bakaśāvakānāṁ rāvaḥ śrutaḥ |;
Hitop, 5: 5;12 10;paścāt tadvṛkṣam āruhya bakaśāvakāḥ khāditāḥ |;
Hitop, 5: 5;12 11;ata āvāṁ brūvaḥ upāyaṁ cintayan ityādi |;
Hitop, 5: 5;12 12;āvābhyāṁ nīyamānaṁ tvām avalokya lokaiḥ kiṁcid yadi tvam uttaraṁ dāsyasi tadā tvanmaraṇam |;
Hitop, 5: 5;12 13;tat sarvathaiva sthīyatām |;
Hitop, 5: 5;12 14;kūrmo vadati kim aham aprājñaḥ nāham uttaraṁ dāsyāmi |;
Hitop, 5: 5;12 15;na kimapi mayā vaktavyam |;
Hitop, 5: 5;12 16;tathānuṣṭhite tathāvidhaṁ kūrmam ālokya sarve kaścid vadati yady ayaṁ kūrmaḥ patati tadātraiva paktvā kaścid vadati sarasas tīre dagdhvā khāditavyo .yam |;
Hitop, 5: 5;12 17;kaścid vadati gṛhaṁ nītvā bhakṣaṇīyaḥ |;
Hitop, 5: 5;12 18;iti |;
Hitop, 5: 5;12 19;tadvacanaṁ śrutvā sa kūrmaḥ kopāviṣṭo ato .haṁ bravīmi suhṛdāṁ hitakāmānām ityādi |;
Hitop, 5: 5;12 20;atha praṇidhir bakas tatrāgatyovāca deva prāg eva mayā tac ca yuṣmābhir na kṛtaṁ tadanavadhānasya phalam idam durgadāho meghavarṇena vāyasena gṛdhrapratyuktena rājā niḥśvasyāha |;
Hitop, 5: 5;12 21;praṇayād upakārād vā yo viśvasiti śatruṣu |;
Hitop, 5: 5;12 22;sa supta iva vṛkṣāgrāt patitaḥ pratibudhyate ||;
Hitop, 5: 5;13 1;atha praṇidhir uvāca ito durgadāhaṁ vidhāya yadā yato tathā coktam |;
Hitop, 5: 5;13 2;kṛtakṛtyasya bhṛtyasya kṛtaṁ naiva praṇāśayet |;
Hitop, 5: 5;13 3;phalena manasā vācā dṛṣṭyā cainaṁ praharṣayet ||;
Hitop, 5: 5;14 1;cakravāko brūte deva śrutaṁ yat praṇidhiḥ kathayati |;
Hitop, 5: 5;14 2;rājā prāha tatas tataḥ |;
Hitop, 5: 5;14 3;praṇidhir uvāca tataḥ pradhānamantriṇā gṛdhreṇābhihitaṁ prasādāntaraṁ kimapi kriyatām |;
Hitop, 5: 5;14 4;yataḥ |;
Hitop, 5: 5;14 5;avicārayato yuktikathanaṁ tuṣakhaṇḍanam |;
Hitop, 5: 5;14 6;nīceṣūpakṛtaṁ rājan bālukāsv iva mūtritam ||;
Hitop, 5: 5;15 1;mahatām āspade nīcaḥ kadāpi na kartavyaḥ |;
Hitop, 5: 5;15 2;tathā coktam |;
Hitop, 5: 5;15 3;nīcaḥ ślāghyapadaṁ prāpya svāminaṁ hantum icchati |;
Hitop, 5: 5;15 4;mūṣiko vyāghratāṁ prāpya muniṁ hantuṁ gato yathā ||;
Hitop, 5: 5;16 1;citravarṇaḥ pṛcchati katham etat |;
Hitop, 5: 5;16 2;mantrī kathayati |;
Hitop, 5: 5;16 3;asti gautamasya maharṣes tapovane mahātapā nāma muniḥ tatra tena āśramasaṁnidhāne mūṣikaśāvakaḥ kākamukhād tato dayāyuktena tena muninā nīvārakaṇaiḥ saṁvardhitaḥ |;
Hitop, 5: 5;16 4;tato biḍālas taṁ mūṣikaṁ khāditum upadhāvati |;
Hitop, 5: 5;16 5;tam avalokya mūṣikas tasya muneḥ kroḍe praviveśa |;
Hitop, 5: 5;16 6;tato muninoktaṁ mūṣika tvaṁ mārjāro bhava |;
Hitop, 5: 5;16 7;tataḥ sa biḍālaḥ kukkuraṁ dṛṣṭvā palāyate |;
Hitop, 5: 5;16 8;tato muninoktaṁ kukkurād bibheṣi tvam eva kukkuro sa ca kukkuro vyāghrād bibheti tatas tena muninā kukkuro atha taṁ vyāghraṁ munir mūṣiko .yam iti paśyati |;
Hitop, 5: 5;16 9;atha taṁ muniṁ vyāghraṁ ca dṛṣṭvā sarve vadantyanena etacchrutvā savyatho vyāghro .cintayad yāvad anena tato muninā taj jñātvāpunar mūṣiko bhava ity uktvā mūṣika ato .haṁ bravīmi nīcaḥ ślāghyapadaṁ prāpyetyādi ||;
Hitop, 5: 5;17 1;aparaṁ ca |;
Hitop, 5: 5;17 2;deva sukaram idam iti na mantavyam |;
Hitop, 5: 5;17 3;śṛṇu |;
Hitop, 5: 5;17 4;bhakṣayitvā bahūn matsyān uttamādhamamadhyamān |;
Hitop, 5: 5;17 5;atilobhād bakaḥ paścān mṛtaḥ karkaṭakagrahāt ||;
Hitop, 5: 5;18 1;citravarṇaḥ pṛcchati katham etat |;
Hitop, 5: 5;18 2;mantrī kathayati |;
Hitop, 5: 5;18 3;asti mālavaviṣaye padmagarbhābhidhānaṁ saraḥ |;
Hitop, 5: 5;18 4;tatraiko vṛddho bakaḥ sāmarthyahīna udvignam sa ca kenacit kulīraṇe dūrād eva dṛṣṭaḥ |;
Hitop, 5: 5;18 5;pṛṣṭaś ca kim iti bhavān atrāhāratyāgena tiṣṭhati |;
Hitop, 5: 5;18 6;bakenoktaṁ matsyā mama jīvanahetavaḥ |;
Hitop, 5: 5;18 7;te kaivartair āgatya vyāpādayitavyā iti vārtā nagaropānte ato vartanābhāvād evāsmanmaraṇam upasthitam iti tato matsyair ālocitamiha samaye tāvad upakāraka evāyaṁ tad ayam eva yathākartavyaṁ pṛcchyatām |;
Hitop, 5: 5;18 8;tathā coktam |;
Hitop, 5: 5;18 9;upakartrāriṇā sandhir na mitreṇāpakāriṇā |;
Hitop, 5: 5;18 10;upakārāpakāro hi lakṣyaṁ lakṣaṇam etayoḥ ||;
Hitop, 5: 5;19 1;matsyā ūcuḥ bho baka ko .tra asmākaṁ rakṣaṇopāyaḥ |;
Hitop, 5: 5;19 2;bako brūte asti rakṣaṇopāyo jalāśayāntarāśrayaṇam |;
Hitop, 5: 5;19 3;tatrāham ekaikaśo yuṣmān nayāmi |;
Hitop, 5: 5;19 4;matsyā āhuḥ evam astu |;
Hitop, 5: 5;19 5;tato .sau duṣṭabakas tān matsyān ekaikaśo nītvā khādati |;
Hitop, 5: 5;19 6;anantaraṁ kulīras tam uvāca bho baka mām api tatra naya |;
Hitop, 5: 5;19 7;tato bako .py apūrvakulīramāṁsārthī sādaraṁ taṁ nītvā kulīro .pi matsyakaṇṭakākīrṇaṁ taṁ sthalam bhavatu idānīṁ samayocitaṁ vyavahariṣyāmi |;
Hitop, 5: 5;19 8;yataḥ |;
Hitop, 5: 5;19 9;tāvad bhayena bhetavyaṁ yāvad bhayam anāgatam |;
Hitop, 5: 5;19 10;āgataṁ tu bhayaṁ dṛṣṭvā praharatvayam abhītivat ||;
Hitop, 5: 5;20 1;kiṁca |;
Hitop, 5: 5;20 2;abhiyukto yadā paśyen na kiṁcid gatim ātmanaḥ |;
Hitop, 5: 5;20 3;yudhyamānas tadā prājño mriyate ripuṇā saha ||;Tantrākhyāyikā TAkhy, 1: 1 150;abhiyukto yadā paśyen na kāṁcid gatim ātmanaḥ |yudhyamānas tadā prājño mriyeta ripuṇā saha ||;PARTLY;+ kiṁca - avatṛ;
Hitop, 5: 5;21 1;ity ālocya sa kulīrakas tasya bakasya grīvāṁ cicheda |;
Hitop, 5: 5;21 2;atha sa bakaḥ pañcatvaṁ gataḥ |;
Hitop, 5: 5;21 3;ato .haṁ bravīmi bhakṣayitvā bahūn matsyān ityādi |;
Hitop, 5: 5;21 4;tataś citravarṇo .vadacchṛṇu tāvan mantrin mayaitad asti yad atrāvasthitenānena meghavarṇena rājñā yāvanti tenāsmābhir mahāsukhena vindhyācale sthātavyam |;
Hitop, 5: 5;21 5;dūradarśī vihasyāha deva |;
Hitop, 5: 5;21 6;anāgatavatīṁ cintāṁ kṛtvā yas tu prahṛṣyati |;
Hitop, 5: 5;21 7;sa tiraskāram āpnoti bhagnabhāṇḍo dvijo yathā ||;
Hitop, 5: 5;22 1;rājāha katham etat |;
Hitop, 5: 5;22 2;mantrī kathayati |;
Hitop, 5: 5;22 3;asti devīkoṭanāmni nagare devaśarmā nāma brāhmaṇaḥ |;
Hitop, 5: 5;22 4;tena mahāviṣuvatsaṅkrāntyāṁ saktupūrṇaśarāva ekaḥ tatas tam ādāyāsau kumbhakārasya tataḥ sakturakṣārthaṁ haste daṇḍam ekam ādāyācintayad anantaraṁ tāsu svapatnīṣu yā rūpayauvanavatī tasyām sapatnyo yadā dvandvaṁ kariṣyāmi tadā kopākulo .haṁ tena saktuśarāvaś cūrṇito bhāṇḍāni ca bahūni bhagnāni |;
Hitop, 5: 5;22 5;tatas tena śabdenāgatena kumbhakāreṇa tathāvidhāni ato .haṁ bravīmi anāgatavatīṁ cintām ityādi |;
Hitop, 5: 5;22 6;tato rājā rahasi gṛdhram uvāca tāta yathā kartavyaṁ gṛdhro brūte |;
Hitop, 5: 5;22 7;madoddhatasya nṛpateḥ prakīrṇasyeva dantinaḥ |;
Hitop, 5: 5;22 8;gacchanty unmārgayātasya netāraḥ khalu vācyatām ||;
Hitop, 5: 5;23 1;śṛṇu deva kim asmābhir baladarpād durgaṁ bhagnam uta rājāha bhavatām upāyena |;
Hitop, 5: 5;23 2;gṛdhro brūte yady asmadvacanaṁ kriyate tadā svadeśe anyathā varṣākāle prāpte punas tulyabalena vigrahe saty tatsukhaśobhārthaṁ saṁdhāya gamyatām |;
Hitop, 5: 5;23 3;durgaṁ bhagnaṁ kīrtiś ca labdheva |;
Hitop, 5: 5;23 4;mama saṁmataṁ tāvad etat |;
Hitop, 5: 5;23 5;yataḥ |;
Hitop, 5: 5;23 6;yo hi dharmaṁ puraskṛtya hitvā bhartuḥ priyāpriye |;
Hitop, 5: 5;23 7;apriyāṇy āha pathyāni tena rājā sahāyavān ||;
Hitop, 5: 5;24 1;anyac ca |;
Hitop, 5: 5;24 2;suhṛdbalaṁ tathā rājyam ātmānaṁ kīrtim eva ca |;
Hitop, 5: 5;24 3;yudhi sandehadolāsthaṁ ko hi kuryād abāliśaḥ ||;
Hitop, 5: 5;25 1;aparaṁ ca |;
Hitop, 5: 5;25 2;sandhim icchet samenāpi saṁdigdho vijayo yudhi |;
Hitop, 5: 5;25 3;nahi saṁśayitaṁ kuryād ity uvāca bṛhaspatiḥ ||;
Hitop, 5: 5;26 1;api ca |;
Hitop, 5: 5;26 2;yuddhe vināśo bhavati kadācid ubhayor api |;
Hitop, 5: 5;26 3;sundopasundāv anyonyaṁ naṣṭau tulyabalau na kim ||;
Hitop, 5: 5;27 1;rājovāca katham etat |;
Hitop, 5: 5;27 2;mantrī kathayati |;
Hitop, 5: 5;27 3;purā daityau sahodarau sundopasundanāmānau mahatā tatas tayor bhagavān parituṣṭaḥ san varaṁ varayatam ity anantaraṁ tayoḥ kaṇṭhādhiṣṭhitāyāḥ sarasvatyāḥ prabhāvāt atha bhagavatā kruddhena varadānasyāvaśyakatayā tatas tasyā rūpalāvaṇyalubdhābhyāṁ jagadghātibhyāṁ anantaram āvābhyām iyaṁ svabalalabdhā kasyeyam brāhmaṇo brūte |;
Hitop, 5: 5;27 4;jñānaśreṣṭho dvijaḥ pūjyaḥ kṣatriyo balavān api |;
Hitop, 5: 5;27 5;dhanadhānyādhiko vaiśyaḥ śūdras tu dvijasevayā ||;
Hitop, 5: 5;28 1;tad yuvāṁ kṣātradharmānugau |;
Hitop, 5: 5;28 2;yuddha eva yuvayor niyama ity abhihite sati sādhūktam ato .haṁ bravīmi sandhim icchet samenāpi ityādi |;
Hitop, 5: 5;28 3;rājāha tat prāg eva kiṁ nedam upadiṣṭaṁ bhavadbhiḥ |;
Hitop, 5: 5;28 4;mantrī brūte tadā madvacanaṁ kim avasānaparyantaṁ yataḥ sādhuguṇayukto .yaṁ hiraṇyagarbho na vigrāhyaḥ |;
Hitop, 5: 5;28 5;tathā coktam |;
Hitop, 5: 5;28 6;satyārthau dhārmiko .nāryo bhrātṛsaṅghātavān balī |;
Hitop, 5: 5;28 7;anekayuddhavijayī saṁdheyāḥ sapta kīrtitāḥ ||;
Hitop, 5: 5;29 1;satyo .nupālayan satyaṁ saṁdhito naiti vikriyām |;
Hitop, 5: 5;29 2;prāṇabādhe.pi suvyaktam āryo nāyāty anārthatām ||;
Hitop, 5: 5;30 1;dhārmikasyābhiyuktasya sarva eva hi yudhyate |;
Hitop, 5: 5;30 2;prajānurāgād dharmāc ca duḥkhocchedyo hi dhārmikaḥ ||;
Hitop, 5: 5;31 1;sandhiḥ kāryo .py anāryeṇa vināśe samupasthite |;
Hitop, 5: 5;31 2;vinā tasyāśrayeṇāryo na kuryāt kālayāpanam ||;
Hitop, 5: 5;32 1;saṁhatatvād yathā veṇur niviḍaiḥ kaṇṭakair vṛtaḥ |;
Hitop, 5: 5;32 2;na śakyate samucchettuṁ bhrātṛsaṅghātavāṁs tathā ||;
Hitop, 5: 5;33 1;balinā saha yoddhavyam iti nāsti nidarśanam |;
Hitop, 5: 5;33 2;prativātaṁ na hi ghanaḥ kadācid upasarpati ||;
Hitop, 5: 5;34 1;jamadagneḥ sutasyeva sarvaḥ sarvatra sarvadā |;
Hitop, 5: 5;34 2;anekayuddhajayinaḥ pratāpād eva bhajyate ||;
Hitop, 5: 5;35 1;anekayuddhavijayī sandhānaṁ yasya gacchati |;
Hitop, 5: 5;35 2;tatpratāpena tasyāśu vaśam āyānti śatravaḥ ||;
Hitop, 5: 5;36 1;tatra tāvad bahubhir guṇair upetaḥ saṁdheyo .yaṁ rājā |;
Hitop, 5: 5;36 2;cakravāko .vadatpraṇidhe sarvam avagatam |;
Hitop, 5: 5;36 3;vraja |;
Hitop, 5: 5;36 4;punar āgamiṣyasi |;
Hitop, 5: 5;36 5;atha rājā hiraṇyagarbhaś cakravākaṁ pṛṣṭavān mantrin mantrī brūte deva kathayāmi |;
Hitop, 5: 5;36 6;śṛṇu |;
Hitop, 5: 5;36 7;bālo vṛddho dīrgharogī tathājñātibahiṣkṛtaḥ |;
Hitop, 5: 5;36 8;bhīruko bhīrukajano lubdho lubdhajanas tathā ||;
Hitop, 5: 5;37 1;viraktaprakṛtiś caiva viṣayeṣv atisaktimān |;
Hitop, 5: 5;37 2;anekacittamantras tu devabrāhmaṇanindakaḥ ||;
Hitop, 5: 5;38 1;daivopahatakaś caiva tathā daivaparāyaṇaḥ |;
Hitop, 5: 5;38 2;durbhikṣavyasanopeto balavyasanasaṅkulaḥ ||;
Hitop, 5: 5;39 1;adeśastho bahuripur yuktaḥ kālena yaś ca na |;
Hitop, 5: 5;39 2;satyadharmavyapetaś ca viṁśatiḥ puruṣā amī ||;
Hitop, 5: 5;40 1;etaiḥ sandhiṁ na kurvīta vigṛhṇīyāt tu kevalam |;
Hitop, 5: 5;40 2;ete vigṛhyamāṇā hi kṣipraṁ yānti ripor vaśam ||;
Hitop, 5: 5;41 1;bālasyālpaprabhāvatvān na loko yoddhum icchati |;
Hitop, 5: 5;41 2;yuddhāyuddhaphalaṁ yasmāj jñātuṁ śakto na bāliśaḥ ||;
Hitop, 5: 5;42 1;utsāhaśaktihīnatvād vṛddho dīrghāmayas tathā |;
Hitop, 5: 5;42 2;svair eva paribhūyete dvāv apy etāv asaṁśayam ||;
Hitop, 5: 5;43 1;sukhacchedyo hi bhavati sarvajñātibahiṣkṛtaḥ |;
Hitop, 5: 5;43 2;ta evainaṁ vinighnanti jñātayas tv ātmasātkṛtāḥ ||;
Hitop, 5: 5;44 1;bhīrur yuddhaparityāgāt svayam eva praṇaśyati |;
Hitop, 5: 5;44 2;tathaiva bhīrupuruṣaḥ saṅgrāme tair vimucyate ||;
Hitop, 5: 5;45 1;lubdhasyāsaṁvibhāgitvān na yudhyante.nujīvinaḥ |;
Hitop, 5: 5;45 2;lubdhānujīvī tair eva dānabhinnair nihanyate ||;
Hitop, 5: 5;46 1;saṁtyajyate prakṛtibhir viraktaprakṛtir yudhi |;
Hitop, 5: 5;46 2;sukhābhiyojyo bhavati viṣaye .tisaktimān ||;
Hitop, 5: 5;47 1;anekacittamantras tu dveṣyo bhavati mantriṇām |;
Hitop, 5: 5;47 2;anavasthitacittatvāt karyataḥ sa upekṣyate ||;
Hitop, 5: 5;48 1;sadādharmabalīyastvād devabrāhmaṇanindakaḥ |;
Hitop, 5: 5;48 2;viśīryate svayaṁ hy eṣa daivopahatakas tathā ||;
Hitop, 5: 5;49 1;sampatteś ca vipatteś ca daivam eva hi kāraṇam |;
Hitop, 5: 5;49 2;iti daivaparo dhyāyann ātmanā na viceṣṭate ||;
Hitop, 5: 5;50 1;durbhikṣavyasanī caiva svayam eva viṣīdati |;
Hitop, 5: 5;50 2;balavyasanasaktasya yoddhuṁ śaktir na jāyate ||;
Hitop, 5: 5;51 1;adeśastho hi ripuṇā svalpakenāpi hanyate |;
Hitop, 5: 5;51 2;grāho .lpīyān api jale jalendram api karṣati ||;
Hitop, 5: 5;52 1;bahuśatrus tu saṁtrastaḥ śyenamadhye kapotavat |;
Hitop, 5: 5;52 2;yenaiva gacchati pathā tenaivāśu vipadyate ||;
Hitop, 5: 5;53 1;akālayuktasainyas tu hanyate kālayodhinā |;
Hitop, 5: 5;53 2;kauśikena hatajyotirniśītha iva vāyasaḥ ||;
Hitop, 5: 5;54 1;satyadharmavyapetena saṁdadhyān na kadācana |;
Hitop, 5: 5;54 2;sa saṁdhito .py asādhutvād acirād yāti vikriyām ||;
Hitop, 5: 5;55 1;aparam api kathayāmi karmaṇām ārambhopāyaḥ |;
Hitop, 5: 5;55 2;puruṣadravyasampat |;
Hitop, 5: 5;55 3;deśakāvibhāgaḥ |;
Hitop, 5: 5;55 4;vinipātapratīkāraḥ |;
Hitop, 5: 5;55 5;kāryasiddhiś ceti pañcāṅgo mantraḥ |;
Hitop, 5: 5;55 6;sāmadānabhedadaṇḍāś catvāra upāyāḥ |;
Hitop, 5: 5;55 7;utsāhaśaktiḥ mantraśaktiḥ prabhuśaktiś ceti śaktitrayam |;
Hitop, 5: 5;55 8;etat sarvam ālocya nityaṁ vijigīṣavo bhavanti mahāntaḥ |;
Hitop, 5: 5;55 9;yataḥ |;
Hitop, 5: 5;55 10;yā hi prāṇaparityāgamūlyenāpi na labhyate |;
Hitop, 5: 5;55 11;sā śrīr nītividaṁ paśya cañcalāpi pradhāvati ||;


Hitop, 5: 5;58 1;rājñā evam astv iti nigadya vicitranāmā bakaḥ atha praṇidhiḥ punar āgatyovāca deva śrūyatāṁ tāvat evaṁ tatra gṛdhreṇoktaṁ deva meghavarṇas tatra ciram sa vetti kiṁ saṁdheyaguṇayukto hiraṇyagarbho rājā na vā tato .sau meghavarṇaś citravarṇena rājñā samāhūya pṛṣṭaḥ vāyasa uvāca deva sa hiraṇyagarbho rājā yudhiṣṭhirasamo cakravākasamo mantrī na kvāpy avalokyate |;
Hitop, 5: 5;58 2;rājāha yady evaṁ tadā katham asau tvayā vañcitaḥ |;
Hitop, 5: 5;58 3;vihasya meghavarṇaḥ prāha deva |;
Hitop, 5: 5;58 4;viśvāsapratipannānāṁ vañcane kā vidagdhatā |;
Hitop, 5: 5;58 5;aṅkam āruhya suptaṁ hi hatvā kiṁ nāma pauruṣam ||;
Hitop, 5: 5;59 1;śṛṇu deva tena mantriṇāhaṁ prathamadarśane evaṁ tathā coktam |;
Hitop, 5: 5;59 2;ātmaupamyena yo vetti durjanaṁ satyavādinam |;
Hitop, 5: 5;59 3;sa tathā vañcyate dhūrtair brāhmaṇāś chāgato yathā ||;
Hitop, 5: 5;60 1;rājovāca katham etat |;
Hitop, 5: 5;60 2;meghavarṇaḥ kathayati |;
Hitop, 5: 5;60 3;asti gautamasyāraṇye prastutayajñaḥ kaścid brāhmaṇaḥ |;
Hitop, 5: 5;60 4;sa ca yajñārthaṁ grāmāntarācchāgam upakrīya skandhe tatas te dhūrtāḥ yady eṣa chāgaḥ kenāpy upāyena labhyate tatraikena dhūrtena gacchan sa brāhmaṇo .bhihitaḥ bho vipreṇoktaṁ nāyaṁ śvā kintu yajñacchāgaḥ |;
Hitop, 5: 5;60 5;athāntarasthitenānyena dhūrtena tathaivoktam |;
Hitop, 5: 5;60 6;tad ākarṇya brāhmaṇaś chāgaṁ bhūmau nidhāya muhur yataḥ |;
Hitop, 5: 5;60 7;matir dolāyate satyaṁ satām api khaloktibhiḥ |;
Hitop, 5: 5;60 8;tābhir viśvāsitaś cāsau mriyate citrakarṇavat ||;

Hitop, 5: 5;62 1;anyac ca |;
Hitop, 5: 5;62 2;mattaḥ pramattaś conmattaḥ śrāntaḥ kruddho bubhukṣitaḥ lubdho bhīrus tvarāyuktaḥ kāmukaś ca na dharmavit ||;

Hitop, 5: 5;64 1;anyac ca |;
Hitop, 5: 5;64 2;sarvakāmasamṛddhasya aśvamedhasya yat phalam |;
Hitop, 5: 5;64 3;tatphalaṁ labhate samyag rakṣite śaraṇāgate ||;
Hitop, 5: 5;65 1;kāko brūte nāsau svāminā vyāpādayitavyaḥ |;
Hitop, 5: 5;65 2;kintv asmābhir eva tathā kartavyaṁ yathāsau siṁhas tacchrutvā tūṣṇīṁ sthitaḥ |;
Hitop, 5: 5;65 3;tato .sau labdhāvakāśaḥ kūṭaṁ kṛtvā sarvān ādāya atha kākenoktaṁ deva yatnād apy āhāro na prāptaḥ |;
Hitop, 5: 5;65 4;anekopavāsakliṣṭaś ca svāmī |;
Hitop, 5: 5;65 5;tad idānīṁ madīyamāṁsam upabhujyatām |;
Hitop, 5: 5;65 6;yataḥ |;
Hitop, 5: 5;65 7;svāmimūlā bhavanty eva sarvāḥ prakṛtayaḥ khalu |;
Hitop, 5: 5;65 8;samūleṣv api vṛkṣeṣu prayatnaḥ saphalo nṛṇām ||;
Hitop, 5: 5;66 1;siṁhenoktaṁ bhadra varaṁ prāṇaparityāgo na punar īdṛśe jambukenāpi tathoktam |;
Hitop, 5: 5;66 2;tataḥ siṁhenoktaṁ maivam |;
Hitop, 5: 5;66 3;atha vyāghreṇoktaṁ maddehena jīvatu svāmī |;
Hitop, 5: 5;66 4;siṁhenoktaṁ na kadācid evam ucitam |;
Hitop, 5: 5;66 5;atha citrakarṇo .pi jātaviśvāsas tathaivātmadehadānam āha sarvair bhakṣitaś ca |;
Hitop, 5: 5;66 6;ato .haṁ bravīmi matir dolāyate satyam ityādi |;
Hitop, 5: 5;66 7;tatas tṛtīyadhūrtavacanaṁ śrutvā svamatibhramaṁ niścitya chāgaś ca tair dhūrtair nītvā bhakṣitaḥ |;
Hitop, 5: 5;66 8;ato .haṁ bravīmyātmaupamyena yo vettītyādi |;
Hitop, 5: 5;66 9;rājāha meghavarṇa kathaṁ śatrumadhye tvayā suciram meghavarṇa uvāca deva svāmikāryārthitayā loko vahati kiṁ rājan na mūrdhnā dagdhum indhanam |;
Hitop, 5: 5;66 10;kṣālayanty api vṛkṣāṅghriṁ nadīvelā nikṛntati ||;
Hitop, 5: 5;67 1;tathā coktam |;
Hitop, 5: 5;67 2;skandhenāpi vahecchatrūn kāryam āsādya buddhimān |;
Hitop, 5: 5;67 3;yathā vṛddhena sarpeṇa maṇḍūkā vinipātitāḥ ||;
Hitop, 5: 5;68 1;rājāha katham etat |;
Hitop, 5: 5;68 2;meghavarṇaḥ kathayati |;
Hitop, 5: 5;68 3;asti jīrṇodyāne mandaviṣo nāma sarpaḥ |;
Hitop, 5: 5;68 4;so .tijīrṇatayā svāhāram apy anveṣṭum akṣamaḥ sarastīre tato dūrād eva kenacin maṇḍūkena dṛṣṭaḥ pṛṣṭaś ca kim iti sarpo .vadad gaccha bhadra kiṁ te mama mandabhāgyasya sarpo .py āha bhadra puravāsinaḥ śrotriyasya tatas taṁ suśīlanāmānaṁ putraṁ mṛtam avalokya śokena anantaraṁ brahmapuravāsinaḥ sarve bāndhavās tathā coktam |;
Hitop, 5: 5;68 5;utsave vyasane yuddhe durbhikṣe rāṣṭraviplave |;
Hitop, 5: 5;68 6;rājadvāre śmaśāne ca yas tiṣṭhati sa bāndhavaḥ ||;
Hitop, 5: 5;69 1;tatra kapilo nāma snātako .vadad are kauṇḍinya mūḍho .si śṛṇu |;
Hitop, 5: 5;69 2;kroḍīkaroti prathamaṁ yadā jātam anityatā |;
Hitop, 5: 5;69 3;dhātrīva jananī paścāt tadā śokasya kaḥ kramaḥ ||;
Hitop, 5: 5;70 1;tathā ca |;
Hitop, 5: 5;70 2;kva gatāḥ pṛthivīpālāḥ sasainyabalavāhanāḥ |;
Hitop, 5: 5;70 3;viyogasākṣiṇī yeṣāṁ bhūmir adyāpi tiṣṭhati ||;
Hitop, 5: 5;71 1;tathā ca |;
Hitop, 5: 5;71 2;jātasya hi dhruvo mṛtyur dhruvaṁ janma mṛtasya ca |;
Hitop, 5: 5;71 3;adya vābdaśatānte vā mṛtyur vai prāṇināṁ dhruvaḥ ||;
Hitop, 5: 5;72 1;aparaṁ ca |;
Hitop, 5: 5;72 2;kāyaḥ saṁnihitāpāyaḥ sampadaḥ padam āpadām |;
Hitop, 5: 5;72 3;samāgamāḥ sāpagamāḥ sarvam utpādi bhaṅguram ||;
Hitop, 5: 5;73 1;pratikṣaṇam ayaṁ kāyaḥ kṣīyamāṇo na lakṣyate |;
Hitop, 5: 5;73 2;āmakumbha ivāmbhaḥstho viśīrṇaḥ san vibhāṣyate ||;
Hitop, 5: 5;74 1;āsannataratām eti mṛtyur jantor dine dine |;
Hitop, 5: 5;74 2;āghātaṁ nīyamānasya vadhyasyeva pade pade ||;
Hitop, 5: 5;75 1;yataḥ |;
Hitop, 5: 5;75 2;anityaṁ yauvanaṁ rūpaṁ jīvitaṁ dravyasañcayaḥ |;
Hitop, 5: 5;75 3;aiśvaryaṁ priyasaṁvāso muhyet tatra na paṇḍitaḥ ||;
Hitop, 5: 5;76 1;yathā kāṣṭhaṁ ca kāṣṭhaṁ ca sameyātāṁ mahodadhau |;
Hitop, 5: 5;76 2;sametya ca vyapeyātāṁ tadvad bhūtasamāgamaḥ ||;Mahābhārata MBh, 12, 168: 1496 15;yathā kāṣṭhaṁ ca kāṣṭhaṁ ca sameyātāṁ mahodadhau |sametya ca vyapeyātāṁ tadvad bhūtasamāgamaḥ ||;GOOD;;Mahābhārata MBh, 12, 28: 1356 36;yathā kāṣṭhaṁ ca kāṣṭhaṁ ca sameyātāṁ mahodadhau |sametya ca vyatīyātāṁ tadvad bhūtasamāgamaḥ ||;PARTLY;+ vyape - vyatī;
Hitop, 5: 5;77 1;yathā hi pathikaḥ kaścic chāyām āśritya tiṣṭhati |;
Hitop, 5: 5;77 2;viśramya ca punar gacchet tadvad bhūtasamāgamaḥ ||;
Hitop, 5: 5;78 1;anyac ca |;
Hitop, 5: 5;78 2;pañcabhir nirmite dehe pañcatvaṁ ca punar gate |;
Hitop, 5: 5;78 3;svāṁ svāṁ yonim anuprāpte tatra kā paridevanā ||;
Hitop, 5: 5;79 1;yāvataḥ kurute jantuḥ sambandhān manasaḥ priyān |;
Hitop, 5: 5;79 2;tāvanto .sya nikhanyante hṛdaye śokaśaṅkavaḥ ||;Viṣṇupurāṇa ViPur, 1, 17: 17 66;yāvataḥ kurute jantuḥ saṁbandhān manasaḥ priyān |tāvanto .sya nikhanyante hṛdaye śokaśaṅkavaḥ ||;GOOD;;
Hitop, 5: 5;80 1;nāyam atyantasaṁvāso labhyate yena kenacit |;
Hitop, 5: 5;80 2;api svena śarīreṇa kim utānyena kenacit ||;
Hitop, 5: 5;81 1;api ca |;
Hitop, 5: 5;81 2;saṁyogo hi viyogasya saṁsūcayati sambhavam |;
Hitop, 5: 5;81 3;anatikramaṇīyasya janma mṛtyor ivāgamam ||;
Hitop, 5: 5;82 1;āpātaramaṇīyānāṁ saṁyogānāṁ priyaiḥ saha |;
Hitop, 5: 5;82 2;apathyānām ivānnānāṁ pariṇāmo hi dāruṇaḥ ||;
Hitop, 5: 5;83 1;aparaṁ ca |;
Hitop, 5: 5;83 2;vrajanti na nivartante srotāṁsi saritāṁ yathā |;
Hitop, 5: 5;83 3;āyur ādāya martyānāṁ tathā rātryahanī sadā ||;
Hitop, 5: 5;84 1;sukhāsvādaparo yas tu saṁsāre satsamāgamaḥ |;
Hitop, 5: 5;84 2;sa viyogāvasānatvād duḥkhānāṁ dhuri yujyate ||;
Hitop, 5: 5;85 1;ata eva hi necchanti sādhavaḥ satsamāgamam |;
Hitop, 5: 5;85 2;yadviyogāsilūnasya manaso nāsti bheṣajam ||;
Hitop, 5: 5;86 1;sukṛtāny api karmāṇi rājabhiḥ sagarādibhiḥ |;
Hitop, 5: 5;86 2;atha tāny eva karmāṇi te cāpi pralayaṁ gatāḥ ||;
Hitop, 5: 5;87 1;saṁcintya saṁcintya tam ugradaṇḍaṁ mṛtyuṁ varṣāmbusiktā iva carmabandhāḥ sarve prayatnāḥ |;
Hitop, 5: 5;88 1;yām eva rātriṁ prathamām upaiti garbhe nivāsaṁ naravīra tataḥ prabhṛty askhalitaprayāṇaḥ sa pratyahaṁ |;
Hitop, 5: 5;89 1;ajñānaṁ kāraṇaṁ na syād viyogo yadi kāraṇam |;
Hitop, 5: 5;89 2;śoko dineṣu gacchatsu vardhatām apayāti kim ||;
Hitop, 5: 5;90 1;tad bhadra tad ātmānam anusaṁdhehi |;
Hitop, 5: 5;90 2;śokacarcāṁ ca parihara yataḥ |;
Hitop, 5: 5;90 3;akāṇḍapātajātānām astrāṇāṁ marmabhedinām |;
Hitop, 5: 5;90 4;gāḍhaśokaprahārāṇām acintaiva mahauṣadham ||;

Hitop, 5: 5;92 1;yataḥ |;
Hitop, 5: 5;92 2;duḥkhito .pi cared dharmaṁ yatra kutrāśrame rataḥ |;
Hitop, 5: 5;92 3;samaḥ sarveṣu bhūteṣu na liṅgaṁ dharmakāraṇam ||;
Hitop, 5: 5;93 1;uktaṁ ca |;
Hitop, 5: 5;93 2;vṛttyarthaṁ bhojanaṁ yeṣāṁ santānārthaṁ ca maithunam |;
Hitop, 5: 5;93 3;vāk satyavacanārthāya durgāṇy api taranti te ||;

Hitop, 5: 5;95 1;viśeṣataś ca |;
Hitop, 5: 5;95 2;janmamṛtyujarāvyādhivedanābhir upadrutam |;
Hitop, 5: 5;95 3;saṁsāram imam utpannam asāraṁ tyajataḥ sukham ||;
Hitop, 5: 5;96 1;yataḥ |;
Hitop, 5: 5;96 2;duḥkham evāsti na sukhaṁ yasmāt tad upalakṣyate |;
Hitop, 5: 5;96 3;duḥkhārtasya pratīkāre sukhasaṁjñā vidhīyate ||;
Hitop, 5: 5;97 1;kauṇḍinyo brūte evam eva |;
Hitop, 5: 5;97 2;tato .haṁ tena śokākulena brāhmaṇena śapto yad kapilo brūte sampraty upadeśāsahiṣṇur bhavān |;
Hitop, 5: 5;97 3;śokāviṣṭaṁ te hṛdayam |;
Hitop, 5: 5;97 4;tathāpi kāryaṁ śṛṇu |;
Hitop, 5: 5;97 5;saṅgaḥ sarvātmanā tyājyaḥ sa cet tyaktuṁ na śakyate |;
Hitop, 5: 5;97 6;sa sadbhiḥ saha kartavyaḥ satāṁ saṅgo hi bheṣajam ||;
Hitop, 5: 5;98 1;anyac ca |;
Hitop, 5: 5;98 2;kāmaḥ sarvātmanā heyaḥ sa ceddhātuṁ na śakyate |;
Hitop, 5: 5;98 3;svabhāryāṁ prati kartavyaḥ saiva tasya hi bheṣajam ||;
Hitop, 5: 5;99 1;etacchrutvā sa kauṇḍinyaḥ ato brāhmaṇaśāpān maṇḍūkān voḍhum atra tiṣṭhāmi |;
Hitop, 5: 5;99 2;anantaraṁ tena maṇḍūkena gatvā maṇḍūkanāthasya tato .sāv āgatya maṇḍūkanāthas tasya sarpasya pṛṣṭham sa ca sarpas taṁ pṛṣṭhe kṛtvā citrapadakramaṁ babhrāma |;
Hitop, 5: 5;99 3;paredyuś calitum asamarthaṁ taṁ maṇḍūkanātham sarpo brūte deva āhāravirahād asamartho .smi |;
Hitop, 5: 5;99 4;maṇḍūkanātho .vadad asmadājñayā maṇḍūkān bhakṣaya |;
Hitop, 5: 5;99 5;tataḥ gṛhīto .yaṁ mahāprasāda ity uktvā kramaśo atha nirmaṇḍūkaṁ saro vilokya maṇḍūkanātho .pi tena ato .haṁ bravīmi skandhenāpi vahecchatrūn ityādi |;
Hitop, 5: 5;99 6;deva yātv idānīṁ purāvṛttākhyānakathanaṁ sarvathā rājovāca ko .yaṁ bhavato vicāraḥ yato jitas tāvad ayam tato yady asmatsevayā vasati tad āstām |;
Hitop, 5: 5;99 7;no ced vigṛhyatām |;
Hitop, 5: 5;99 8;atrāntare jambūdvīpād āgatya śukenoktaṁ deva rājā sasambhramaṁ brūte kiṁ kim |;
Hitop, 5: 5;99 9;śukaḥ pūrvoktaṁ kathayati |;
Hitop, 5: 5;99 10;gṛdhraḥ svagatam uvāca sādhu re cakravāka mantrin sādhu rājā sakopam āha āstāṁ tāvad ayaṁ gatvā tam eva dūradarśī vihasyāha |;
Hitop, 5: 5;99 11;na śaranmeghavat kāryaṁ vṛthaiva ghanagarjitam |;
Hitop, 5: 5;99 12;parasyārtham anarthaṁ vā prakāśayati no mahān ||;
Hitop, 5: 5;100 1;aparaṁ ca |;
Hitop, 5: 5;100 2;ekadā na vigṛhṇīyād bahūn rājābhighātinaḥ |;
Hitop, 5: 5;100 3;sadarpo .py uragaḥ kīṭair bahubhir nāśyate dhruvam ||;
Hitop, 5: 5;101 1;deva kim ito vinā sandhānaṁ gamanam asti yatas aparaṁ ca |;
Hitop, 5: 5;101 2;yo .rthatattvam avijñāya krodhasyaiva vaśaṁ gataḥ |;
Hitop, 5: 5;101 3;sa tathā tapyate mūḍho brāhmaṇo nakulād yathā ||;
Hitop, 5: 5;102 1;rājāha katham etat |;
Hitop, 5: 5;102 2;dūradarśī kathayati |;
Hitop, 5: 5;102 3;asty ujjayinyāṁ mādhavo nāma vipraḥ |;
Hitop, 5: 5;102 4;tasya brāhmaṇī prasūtā bālāpatyasya rakṣārthaṁ atha brāhmaṇāya rājñaḥ pārvaṇaśrāddhaṁ dātum āhvānam tacchrutvā brāhmaṇo .pi sahajadāridryād acintayad yadi yataḥ |;
Hitop, 5: 5;102 5;ādeyasya pradeyasya kartavyasya ca karmaṇaḥ |;
Hitop, 5: 5;102 6;kṣipram akriyamāṇasya kālaḥ pibati tadrasam ||;
Hitop, 5: 5;103 1;kintu bālakasyātra rakṣako nāsti |;
Hitop, 5: 5;103 2;tat kiṁ karomi yātu cirakālapālitam imaṁ nakulaṁ tathā kṛtvā gataḥ |;
Hitop, 5: 5;103 3;tatas tena nakulena bālakasamīpam āgacchan kṛṣṇasarpo tato .sau nakulo brāhmaṇam āyāntam avalokya tataḥ sa vipras tathāvidhaṁ dṛṣṭvā mama bālako .nena anantaraṁ yāvad upasṛtyāpatyaṁ paśyati brāhmaṇas tāvad tatas tam upakārakaṁ nakulaṁ nirīkṣya bhāvitacetāḥ sa ato .haṁ bravīmi yo .rthatattvam avijñāya ityādi |;
Hitop, 5: 5;103 4;aparaṁ ca |;
Hitop, 5: 5;103 5;kāmaḥ krodhas tathā lobho harṣo māno madas tathā |;
Hitop, 5: 5;103 6;ṣaḍvargam utsṛjed enaṁ tasmiṁs tyakte sukhī nṛpaḥ ||;
Hitop, 5: 5;104 1;rājāha mantrin eṣa te niścayaḥ |;
Hitop, 5: 5;104 2;mantrī brūte evam eva |;
Hitop, 5: 5;104 3;yataḥ |;
Hitop, 5: 5;104 4;smṛtis tatparatārtheṣu vitarko jñānaniścayaḥ |;
Hitop, 5: 5;104 5;dṛḍhatā mantraguptiś ca mantriṇaḥ paramo guṇaḥ ||;

Hitop, 5: 5;106 1;tad deva yadīdānīm asmadvacanaṁ kriyate tadā saṁdhāya yataḥ |;
Hitop, 5: 5;106 2;yadyapy upāyāś catvāro nirdiṣṭāḥ sādhyasādhane |;
Hitop, 5: 5;106 3;saṅkhyāmātraṁ phalaṁ teṣāṁ siddhiḥ sāmni vyavasthitā ||;
Hitop, 5: 5;107 1;rājāha katham evaṁ satvaraṁ saṁbhāvyate |;
Hitop, 5: 5;107 2;mantrī brūte deva satvaraṁ bhaviṣyati |;
Hitop, 5: 5;107 3;yataḥ |;
Hitop, 5: 5;107 4;mṛdghaṭavat sukhabhedyo duḥsaṁdhānaś ca durjano sujanas tu kanakaghaṭavaddurbhedyaś cāśu saṁdheyaḥ ||;
Hitop, 5: 5;108 1;ajñaḥ sukham ārādhyaḥ sukhataram ārādhyate viśeṣajñaḥ |;
Hitop, 5: 5;108 2;jñānalavadurvidagdhaṁ brahmāpi naraṁ na rañjayati ||;Śatakatraya ŚTr, 1: 1 3;ajñaḥ sukham ārādhyaḥ sukhataram ārādhyate viśeṣajñaḥ |jñānalavadurvidagdhaṁ brahmāpi taṁ naraṁ na rañjayati ;PARTLY;+ brahman - tad;
Hitop, 5: 5;109 1;karmānumeyāḥ sarvatra parokṣaguṇavṛttayaḥ |;
Hitop, 5: 5;109 2;tasmāt parokṣavṛttīnāṁ phalaiḥ karma vibhāvayet ||;

Hitop, 5: 5;111 1;durjanadūṣitamanasaḥ sujaneṣv api nāsti viśvāsaḥ |;
Hitop, 5: 5;111 2;bālaḥ pāyasadagdho dadhy api phūtkṛtya bhakṣayati ||;
Hitop, 5: 5;112 1;tad deva yathāśakti tatpūjārthaṁ ratnopahārādisāmagrī tathānuṣṭhite sati sa gṛdhro durgadvārāc cakravāka uvāca mantrin yuṣmadāyattaṁ sarvaṁ rājahaṁso brūte evam eva |;
Hitop, 5: 5;112 2;dūradarśī kathayaty evam evaitat |;
Hitop, 5: 5;112 3;kintv idānīṁ bahuprapañcavacanaṁ niṣprayojanam |;
Hitop, 5: 5;112 4;yataḥ |;
Hitop, 5: 5;112 5;lubdham arthena gṛhṇīyāt stabdham añjalikarmaṇā |;
Hitop, 5: 5;112 6;mūrkhaṁ chandānurodhena yāthātathyena paṇḍitam ||;
Hitop, 5: 5;113 1;anyac ca |;
Hitop, 5: 5;113 2;sadbhāvena haren mitraṁ sambhrameṇa tu bāndhavān |;
Hitop, 5: 5;113 3;strībhṛtyau dānamānābhyāṁ dākṣiṇyenetarān janān ||;
Hitop, 5: 5;114 1;tad idānīṁ saṁdhātuṁ gamyatām |;
Hitop, 5: 5;114 2;mahāpratāpaś citravarṇo rājā |;
Hitop, 5: 5;114 3;cakravāko brūte yathā sandhānaṁ kāryam |;
Hitop, 5: 5;114 4;tad apy ucyatām |;
Hitop, 5: 5;114 5;rājahaṁso brūte kati prakārāḥ sandhīnāṁ sambhavanti |;
Hitop, 5: 5;114 6;gṛdhro brūte kathayāmi śrūyatām |;
Hitop, 5: 5;114 7;balīyasābhiyuktas tu nṛpo nānyapratikriyaḥ |;
Hitop, 5: 5;114 8;āpannaḥ sandhim anvicchet kurvāṇaḥ kālayāpanam ||;
Hitop, 5: 5;115 1;kapāla upahāraś ca saṁtānaḥ saṁgatas tathā |;
Hitop, 5: 5;115 2;upanyāsaḥ pratīkāraḥ saṁyogaḥ puruṣāntaraḥ ||;
Hitop, 5: 5;116 1;adṛṣṭanara ādiṣṭa ātmāmiṣa upagrahaḥ |;
Hitop, 5: 5;116 2;parikrayas tathocchinnas tathā ca paradūṣaṇaḥ ||;
Hitop, 5: 5;117 1;skandhopaneyaḥ sandhiś ca ṣoḍaśaḥ parikīrtitaḥ |;
Hitop, 5: 5;117 2;iti ṣoḍaśakaṁ prāhuḥ sandhiṁ sandhivicakṣaṇāḥ ||;
Hitop, 5: 5;118 1;kapālasandhir vijñeyaḥ kevalaṁ samasandhikaḥ |;
Hitop, 5: 5;118 2;sampradānād bhavati ya upahāraḥ sa ucyate ||;
Hitop, 5: 5;119 1;santānasandhir vijñeyo dārikādānapūrvakaḥ |;
Hitop, 5: 5;119 2;sadbhis tu saṁgataḥ sandhir maitrīpūrva udāhṛtaḥ ||;
Hitop, 5: 5;120 1;yāvad āyuḥpramāṇas tu samānārthaprayojanaḥ |;
Hitop, 5: 5;120 2;sampattau vā vipattau vā kāraṇair yo na bhidyate ||;
Hitop, 5: 5;121 1;saṅgataḥ sandhir evāyaṁ prakṛṣṭatvāt suvarṇavat |;
Hitop, 5: 5;121 2;tathānyaiḥ sandhikuśalaiḥ kāñcanaḥ samudāhṛtaḥ ||;
Hitop, 5: 5;122 1;ātmakāryasya siddhiṁ tu samuddiśya kriyeta yaḥ |;
Hitop, 5: 5;122 2;sa upanyāsakuśalair upanyāsa udāhṛtaḥ ||;
Hitop, 5: 5;123 1;mayāsyopakṛtaṁ pūrvaṁ mamāpy eṣa kariṣyati |;
Hitop, 5: 5;123 2;iti yaḥ kriyate sandhiḥ pratīkāraḥ sa ucyate ||;
Hitop, 5: 5;124 1;upakāraṁ karomy asya mamāpy eṣa kariṣyati |;
Hitop, 5: 5;124 2;ayaṁ cāpi pratīkāro rāmasugrīvayor iva ||;
Hitop, 5: 5;125 1;ekārthāṁ samyag uddiśya yātrāṁ yatra hi gacchataḥ |;
Hitop, 5: 5;125 2;susaṁhitaprayāṇas tu sandhiḥ saṁyoga ucyate ||;
Hitop, 5: 5;126 1;āvayor yodhamukhyābhyāṁ madarthaḥ sādhyatām iti |;
Hitop, 5: 5;126 2;yasmin paṇaḥ prakriyate sa sandhiḥ puruṣāntaraḥ ||;
Hitop, 5: 5;127 1;tvayaikena madīyo .rthaḥ samprasādhyas tv asāv iti |;
Hitop, 5: 5;127 2;yatra śatruḥ paṇaṁ kuryāt so .dṛṣṭapuruṣaḥ smṛtaḥ ||;
Hitop, 5: 5;128 1;yatra bhūmyekadeśena paṇena ripur ūrjitaḥ |;
Hitop, 5: 5;128 2;saṁdhīyate sandhividbhiḥ sa cādiṣṭa udāhṛtaḥ ||;
Hitop, 5: 5;129 1;svasainyena tu sandhānam ātmādiṣṭa udāhṛtaḥ |;
Hitop, 5: 5;129 2;kriyate prāṇarakṣārthaṁ sarvadānād upagrahaḥ ||;
Hitop, 5: 5;130 1;kośāṁśenārdhakośena sarvakośena vā punaḥ |;
Hitop, 5: 5;130 2;śiṣṭasya pratirakṣārthaṁ parikraya udāhṛtaḥ ||;
Hitop, 5: 5;131 1;bhuvāṁ sāravatīnāṁ tu dānād ucchinna ucyate |;
Hitop, 5: 5;131 2;bhūmyutthaphaladānena sarveṇa parabhūṣaṇaḥ ||;
Hitop, 5: 5;132 1;paricchinnaṁ phalaṁ yatra pratiskandhena dīyate |;
Hitop, 5: 5;132 2;skandhopaneyaṁ taṁ prāhuḥ sandhiṁ sandhivicakṣaṇāḥ ||;
Hitop, 5: 5;133 1;parasparopakāras tu maitrī sambandhakas tathā |;
Hitop, 5: 5;133 2;upahāraś ca vijñeyāś catvāraś caiva sandhayaḥ ||;
Hitop, 5: 5;134 1;eka evopahāras tu sandhir etan mataṁ hi naḥ |;
Hitop, 5: 5;134 2;upahārasya bhedās tu sarve.nye maitravarjitāḥ ||;
Hitop, 5: 5;135 1;abhiyoktā balī yasmād alabdhvā na nivartate |;
Hitop, 5: 5;135 2;upahārād ṛte tasmāt saṁdhir anyo na vidyate ||;
Hitop, 5: 5;136 1;rājāha bhavanto mahāntaḥ paṇḍitāś ca |;
Hitop, 5: 5;136 2;tad atrāsmākaṁ yathākāryam upadiśyatām |;
Hitop, 5: 5;136 3;dūradarśī brūte āḥ kim evam ucyate |;
Hitop, 5: 5;136 4;ādhivyādhiparītāpād adya śvo vā vināśine |;
Hitop, 5: 5;136 5;ko hi nāma śarīrāya dharmāpetaṁ samācaret ||;
Hitop, 5: 5;137 1;jalāntaś candracapalaṁ jīvitaṁ khalu dehinām |;
Hitop, 5: 5;137 2;tathāvidham iti jñātvā śaśvatkalyāṇam ācaret ||;
Hitop, 5: 5;138 1;vātābhravibhramam idaṁ vasudhādhipatyam prāṇās tṛṇāgrajalabindusamānalolā dharmaḥ sakhā param |;
Hitop, 5: 5;139 1;mṛgatṛṣṇāsamaṁ vīkṣya saṁsāraṁ kṣaṇabhaṅguram |;
Hitop, 5: 5;139 2;sajjanaiḥ saṁgataṁ kuryād dharmāya ca sukhāya ca ||;
Hitop, 5: 5;140 1;tan mama saṁmatena tad eva kriyatām |;
Hitop, 5: 5;140 2;yataḥ |;
Hitop, 5: 5;140 3;aśvamedhasahasraṁ ca satyaṁ ca tulayā dhṛtam |;
Hitop, 5: 5;140 4;aśvamedhasahasrāddhi satyam eva viśiṣyate ||;



Hitop, 5: 5;144 1;aparaṁ ca |;
Hitop, 5: 5;144 2;śrīmāndhavalacandro .sau jīyān māṇḍaliko ripūn |;
Hitop, 5: 5;144 3;yenāyaṁ saṅgraho yatnāl lekhayitvā pracāritaḥ ||;
