RAdhyṬ zu RAdhy, 9.2: 1;1 1;tatrādāv eva nirvighnaṁ prārabdhakāryasiddhyartham |;
RAdhyṬ zu RAdhy, 11.2: 2;1 1;iha rasakarmāṇi caturaśītiḥ guṭikābhedāścaturaśītiḥ |;
RAdhyṬ zu RAdhy, 11.2: 2;2 1;evaṁ te dvipañcāśadadhike dve śate bhedāḥ ||;
RAdhyṬ zu RAdhy, 11.2: 2;3 1;tata eteṣāṁ bhedānāṁ madhyād yadaikā kācit kriyā |;
RAdhyṬ zu RAdhy, 11.2: 2;4 1;brahmacaryasyaiva sarvatapomūlatvāt ||;
RAdhyṬ zu RAdhy, 11.2: 2;5 1;tadrahitasyāparatapasaḥ sarvasyāpi niṣphalatvāt ||;
RAdhyṬ zu RAdhy, 11.2: 2;6 1;yadvā brahmacaryaṁ dhāryam ||;
RAdhyṬ zu RAdhy, 11.2: 2;7 1;tathācāryādinā yathāyuktyā tapaḥ kāryam ||;
RAdhyṬ zu RAdhy, 11.2: 2;8 1;dvayorapi sarvakarmaphalānām ādimūlatvāt ||;
RAdhyṬ zu RAdhy, 11.2: 2;9 1;tathā haviṣyānnaṁ ghṛtaśarkarāmiśraṁ pāyasaṁ |;
RAdhyṬ zu RAdhy, 11.2: 2;10 1;aparair āhārair dehaśuddherabhāvāt ||;
RAdhyṬ zu RAdhy, 11.2: 2;11 1;prāṇāyāmasādhanābhāvāc ca ||;Liṅgapurāṇa LiPur, 1, 7: 7 3;prāṇāyāmādibhiścāṣṭasādhanaiḥ sahacāriṇaḥ ||;PARTLY;+ abhāva - sahacārin;
RAdhyṬ zu RAdhy, 11.2: 2;12 1;tata evaṁ karma pālayatā tatkarmaphalaṁ yāvan |;
RAdhyṬ zu RAdhy, 11.2: 2;13 1;yato rasādikā kriyāḥ sādhake bhraṣṭe yathoktabhojanam |;
RAdhyṬ zu RAdhy, 11.2: 2;14 1;taponaṣṭe na ca phalanti ||;
RAdhyṬ zu RAdhy, 11.2: 2;15 1;etac ca granthānte svayaṁ spaṣṭayiṣyati ||;
RAdhyṬ zu RAdhy, 12.2: 3;1 1;śrīkaṅkālayayogisamīpāt samāyātam adhyāyaṁ vadāmīti |;
RAdhyṬ zu RAdhy, 12.2: 3;2 1;yatrādhyāye śṛṅkhalāraso yuktibhir |;
RAdhyṬ zu RAdhy, 12.2: 3;3 1;yathā kila śṛṅkhalā pūrvapūrvatarāvayavair |;
RAdhyṬ zu RAdhy, 12.2: 3;4 1;pūrvaṁ rasasya śodhanam ||;Aṣṭādhyāyī Aṣṭādhyāyī, 6, 2: 22 22;pūrve bhūtapūrve ||;PARTLY;+  - bhū;Āyurvedadīpikā ĀVDīp zu Ca, Sū., 26, 41: 65 3;rasā iti rasayuktāni dravyāṇi ||;PARTLY;+  - dravya;Āyurvedadīpikā ĀVDīp zu Ca, Sū., 27, 4.2: 97 12;rasaḥ māṁsarasaḥ ||;PARTLY;+  - māṁsa;Gautamadharmasūtra GautDhS, 1, 7: 7 5;pūrvaḥ pūrvo guruḥ ||;PARTLY;+  - guru;Gautamadharmasūtra GautDhS, 1, 7: 7 17;rasānāṁ rasaiḥ ||;PARTLY;+  - tu;Gūḍhārthadīpikā ŚGDīp zu ŚdhSaṁh, 2, 12, 13.1: 45 1;atha rasaśodhanam ||;PARTLY;+ pūrva - atha;
RAdhyṬ zu RAdhy, 12.2: 3;5 1;tataḥ śodhitarasasya mūrchitotthāpanam ||;
RAdhyṬ zu RAdhy, 12.2: 3;6 1;mūrchitotthāpitasya pātanam ||;
RAdhyṬ zu RAdhy, 12.2: 3;7 1;pātitasya ca punarutthāpanam ||;
RAdhyṬ zu RAdhy, 12.2: 3;8 1;pātitotthāpitasya svedanam ||;
RAdhyṬ zu RAdhy, 12.2: 3;9 1;svedena sveditasya ca niyāmitvam ||;
RAdhyṬ zu RAdhy, 12.2: 3;10 1;niyāmitasya nirodhakatvam ||;
RAdhyṬ zu RAdhy, 12.2: 3;11 1;nirodhitasya ca vakraprasāraṇam ||;
RAdhyṬ zu RAdhy, 12.2: 3;12 1;vakraprasāritasya cābhrakajāraṇam ||;
RAdhyṬ zu RAdhy, 12.2: 3;13 1;jīrṇābhrakasya ca lohajāraṇam ||;Rasādhyāyaṭīkā RAdhyṬ zu RAdhy, 12.2: 3 14;jīrṇalohasya cāyaḥprakāśarājijāraṇam ||;PARTLY;+ abhraka - rāji;
RAdhyṬ zu RAdhy, 12.2: 3;14 1;jīrṇalohasya cāyaḥprakāśarājijāraṇam ||;Rasādhyāyaṭīkā RAdhyṬ zu RAdhy, 12.2: 3 15;jīrṇāyaḥprakāśarājeś ca hemarājijāraṇam ||;PARTLY;+ loha - heman;Rasādhyāyaṭīkā RAdhyṬ zu RAdhy, 153.2: 28 8;iti jīrṇalohasūtasyāyaḥprakāśarājijāraṇaṁ tṛtīyam ||;PARTLY;+ ca - tṛtīya;
RAdhyṬ zu RAdhy, 12.2: 3;15 1;jīrṇāyaḥprakāśarājeś ca hemarājijāraṇam ||;Rasādhyāyaṭīkā RAdhyṬ zu RAdhy, 12.2: 3 14;jīrṇalohasya cāyaḥprakāśarājijāraṇam ||;PARTLY;+ heman - loha;
RAdhyṬ zu RAdhy, 12.2: 3;16 1;jīrṇahemarājer gandhakajāraṇam ||;Rasādhyāyaṭīkā RAdhyṬ zu RAdhy, 12.2: 3 15;jīrṇāyaḥprakāśarājeś ca hemarājijāraṇam ||;PARTLY;+ gandhaka - ca;
RAdhyṬ zu RAdhy, 12.2: 3;17 1;jīrṇagandhakasya ca manaḥśilāsattvajāraṇam ||;Rasādhyāyaṭīkā RAdhyṬ zu RAdhy, 166.2: 31 25;iti jīrṇagandhakasūtasya manaḥśilāsattvajāraṇaṁ ṣaṣṭham ;PARTLY;+ ca - ṣaṣṭha;
RAdhyṬ zu RAdhy, 12.2: 3;18 1;jīrṇaśilāsattvasya ca khāparasattvajāraṇam ||;Rasādhyāyaṭīkā RAdhyṬ zu RAdhy, 12.2: 3 19;jīrṇakhāparasattvasya cānnapathahīrakajāraṇam ||;PARTLY;+ śilā - hīraka;Rasādhyāyaṭīkā RAdhyṬ zu RAdhy, 169.2: 32 5;iti jīrṇaśilāsattvasya tasya khāparasattvajāraṇaṁ saptamam ;PARTLY;+ ca - saptama;
RAdhyṬ zu RAdhy, 12.2: 3;19 1;jīrṇakhāparasattvasya cānnapathahīrakajāraṇam ||;Rasādhyāyaṭīkā RAdhyṬ zu RAdhy, 172.2: 33 5;iti jīrṇakhāparasattvasūtasyānnapathahīrake ;PARTLY;+ ca - aṣṭama;
RAdhyṬ zu RAdhy, 12.2: 3;20 1;jīrṇavajrasya ca bandhaḥ ||;
RAdhyṬ zu RAdhy, 12.2: 3;21 1;bandhasya sāraṇam ||;
RAdhyṬ zu RAdhy, 12.2: 3;22 1;sāritasya ca māraṇam ||;Rasaratnasamuccayaṭīkā RRSṬīkā zu RRS, 10, 50.2: 160 21;tataśca māraṇam āpadyate ||;PARTLY;+ sāray - āpad;Rasaratnasamuccayaṭīkā RRSṬīkā zu RRS, 11, 60.3: 174 2;mūrchanaṁ bandhanaṁ māraṇaṁ ca ||;PARTLY;+ sāray - bandhana;Śārṅgadharasaṁhitādīpikā ŚSDīp zu ŚdhSaṁh, 2, 11, 27.1: 21 8;viśuddhau māraṇe ca ||;PARTLY;+ sāray - viśuddhi;
RAdhyṬ zu RAdhy, 12.2: 3;23 1;māritasya ca tasya krāmaṇam ||;Divyāvadāna Divyāv, 18: 18 418;sa ca sumatistatsthānamanusaṁprāptaḥ ||;PARTLY;+  - anusamprāp;Mugdhāvabodhinī MuA zu RHT, 18, 59.1: 307 2;taccāha krāmaṇetyādi ||;PARTLY;+ māray - ityādi;Nibandhasaṁgraha NiSaṁ zu Su, Sū., 14, 17.1: -1 6;baliṁ tasmāt tena ca tadyathā eva iti ||;PARTLY;+  - bali;Saṅghabhedavastu SBhedaV, 1: 1 128;sa teṣāṁ nigṛhītavyāṁś ca nigṛhṇāti pragṛhītavyāṁś ca ;PARTLY;+  - pragrah;Viṣṇupurāṇa ViPur, 4, 12: 68 36;sa ca tāṁ snuṣām upayeme ||;PARTLY;+  - upayam;Viṣṇusmṛti ViSmṛ, 5: 5 133;tac ca teṣāṁ dadyāt ||;PARTLY;+  - dā;Viṣṇusmṛti ViSmṛ, 96: 96 8;teṣāṁ ca tasyādbhiḥ śuddhiḥ syāt ||;PARTLY;+  - as;
RAdhyṬ zu RAdhy, 12.2: 3;24 1;krāmitasya ca bandhaḥ ||;Arthaśāstra ArthaŚ, 2, 7: 28 38;nāśayataḥ pañcabandhaḥ pratidānaṁ ca ||;PARTLY;+ krāmay - pratidāna;Aṣṭādhyāyī Aṣṭādhyāyī, 2, 1: 5 41;siddhaśuṣkapakvabandhaiś ca ||;PARTLY;+ krāmay - pakva;Aṣṭādhyāyī Aṣṭādhyāyī, 6, 3: 23 13;bandhe ca vibhāṣā ||;PARTLY;+ krāmay - vibhāṣā;Rasādhyāyaṭīkā RAdhyṬ zu RAdhy, 12.2: 3 20;jīrṇavajrasya ca bandhaḥ ||;PARTLY;+ krāmay - vajra;Rasādhyāyaṭīkā RAdhyṬ zu RAdhy, 12.2: 3 25;bandhasya codghāṭanam ||;PARTLY;+ krāmay - udghāṭana;Rasaratnasamuccayaṭīkā RRSṬīkā zu RRS, 11, 71.2: 179 5;sa ca khoṭabandho bodhyaḥ ||;PARTLY;+ krāmay - budh;
RAdhyṬ zu RAdhy, 12.2: 3;25 1;bandhasya codghāṭanam ||;Arthaśāstra ArthaŚ, 2, 7: 28 38;nāśayataḥ pañcabandhaḥ pratidānaṁ ca ||;PARTLY;+ udghāṭana - pratidāna;Arthaśāstra ArthaŚ, 14, 3: 57 63;tālodghāṭanaṁ prasvāpanaṁ ca ||;PARTLY;+ bandha - prasvāpana;Aṣṭādhyāyī Aṣṭādhyāyī, 2, 1: 5 41;siddhaśuṣkapakvabandhaiś ca ||;PARTLY;+ udghāṭana - pakva;Aṣṭādhyāyī Aṣṭādhyāyī, 6, 3: 23 13;bandhe ca vibhāṣā ||;PARTLY;+ udghāṭana - vibhāṣā;Rasādhyāyaṭīkā RAdhyṬ zu RAdhy, 12.2: 3 20;jīrṇavajrasya ca bandhaḥ ||;PARTLY;+ udghāṭana - vajra;Rasādhyāyaṭīkā RAdhyṬ zu RAdhy, 12.2: 3 24;krāmitasya ca bandhaḥ ||;PARTLY;+ udghāṭana - krāmay;Rasaratnasamuccayaṭīkā RRSṬīkā zu RRS, 11, 71.2: 179 5;sa ca khoṭabandho bodhyaḥ ||;PARTLY;+ udghāṭana - budh;
RAdhyṬ zu RAdhy, 12.2: 3;26 1;iti ||;
RAdhyṬ zu RAdhy, 12.2: 3;27 1;evaṁ pūrvapūrvatarasaṁskārasya rasasyāgretanasaṁskāro |;
RAdhyṬ zu RAdhy, 13.2: 4;1 1;sūtasya pāradasya dvādaśa doṣān ||;Rasaratnasamuccayaṭīkā RRSṬīkā zu RRS, 11, 22.2: 172 11;itthaṁ pārade dvādaśa doṣā rasajñaiḥ proktāḥ ||;PARTLY;+ sūta - pravac;
RAdhyṬ zu RAdhy, 13.2: 4;2 1;teṣāṁ doṣāṇām apagamopāyaiḥ śuddhiṁ nirmalatāṁ |;
RAdhyṬ zu RAdhy, 13.2: 4;3 1;tataḥ saṁskṛtānāṁ rasānāṁ tārādiniṣpattirūpaṁ phalam ||;
RAdhyṬ zu RAdhy, 13.2: 4;4 1;tato hema rājyādīnāṁ khāparasattvādīnāṁ cotpattim ||;

RAdhyṬ zu RAdhy, 13.2: 4;6 1;atra krameṇa pratijñātottaram āha ||;
RAdhyṬ zu RAdhy, 16.2: 5;1 1;ślokatrayam api spaṣṭam ||;
RAdhyṬ zu RAdhy, 16.2: 5;2 1;kevalaṁ dvau dvau ca vaṅganāgajau ||;Rasādhyāyaṭīkā RAdhyṬ zu RAdhy, 16.2: 5 3;iti dvau vaṅgajau doṣau dvau ca nāgajau ||;PARTLY;+ kevala - doṣa;
RAdhyṬ zu RAdhy, 16.2: 5;3 1;iti dvau vaṅgajau doṣau dvau ca nāgajau ||;
RAdhyṬ zu RAdhy, 16.2: 5;4 1;kapāli kālikā ceti caturthapañcamau ||;
RAdhyṬ zu RAdhy, 16.2: 5;5 1;vaṅgajau doṣau śyāmakapālikā ceti ṣaṣṭhasaptamau |;
RAdhyṬ zu RAdhy, 16.2: 5;6 1;dugdhe kvathite sati yādṛśī tarā upari bhavati ||;
RAdhyṬ zu RAdhy, 16.2: 5;7 1;rase.pi tādṛśī vaṅgajā ||;
RAdhyṬ zu RAdhy, 16.2: 5;8 1;nāgajā ca kapālikā upari bhavati ||;
RAdhyṬ zu RAdhy, 16.2: 5;9 1;śyāmā ṣaṣṭo doṣaḥ pañcavarṇo bhavati kālikā ca pañcamo |;
RAdhyṬ zu RAdhy, 16.2: 5;10 1;atha rasasya pañca doṣān āha ||;
RAdhyṬ zu RAdhy, 18.1: 6;1 1;sārdhaślokaḥ spaṣṭaḥ ||;Gopathabrāhmaṇa NEW GB, 1, 1, 23: 23 25;śloke ślokaḥ ||;PARTLY;+  - brāhmaṇa;Rasādhyāyaṭīkā RAdhyṬ zu RAdhy, 16.2: 5 1;ślokatrayam api spaṣṭam ||;PARTLY;+ sārdha - api;Rasādhyāyaṭīkā RAdhyṬ zu RAdhy, 30.2: 8 1;ślokapañcakaṁ spaṣṭam ||;PARTLY;+ sārdha - pañcaka;Rasādhyāyaṭīkā RAdhyṬ zu RAdhy, 38.1: 13 1;sārdhaślokadvayaṁ spaṣṭam ||;PARTLY;+ paś - spaṣṭa;
RAdhyṬ zu RAdhy, 18.1: 6;2 1;atra ca jalamadhye mṛttikāpāṣāṇajalāntarasaṁyogāt tathā |;
RAdhyṬ zu RAdhy, 18.1: 6;3 1;ye punaḥ kodraveṣu madavadbhavanti te doṣā iti viśeṣaḥ ||;
RAdhyṬ zu RAdhy, 18.1: 6;4 1;athaiteṣāṁ doṣāṇāṁ pratyekaṁ vikārānāha ||;
RAdhyṬ zu RAdhy, 25.2: 7;1 1;aṣṭāpi ślokāḥ spaṣṭā eva kevalaṁ cilharī kuṣṭhabheda eva ||;
RAdhyṬ zu RAdhy, 25.2: 7;2 1;iti sūtadoṣaguṇākhyānaṁ samāptam ||;
RAdhyṬ zu RAdhy, 30.2: 8;1 1;ślokapañcakaṁ spaṣṭam ||;Gopathabrāhmaṇa NEW GB, 1, 1, 23: 23 25;śloke ślokaḥ ||;PARTLY;+  - brāhmaṇa;Rasādhyāyaṭīkā RAdhyṬ zu RAdhy, 16.2: 5 1;ślokatrayam api spaṣṭam ||;PARTLY;+ pañcaka - api;Rasādhyāyaṭīkā RAdhyṬ zu RAdhy, 18.1: 6 1;sārdhaślokaḥ spaṣṭaḥ ||;PARTLY;+ pañcaka - sārdha;
RAdhyṬ zu RAdhy, 30.2: 8;2 1;ete sūtasyāṣṭādaśa saṁskārāḥ ||;
RAdhyṬ zu RAdhy, 30.2: 8;3 1;atha krameṇa saṁskārān vyākhyāpayann āha ||;
RAdhyṬ zu RAdhy, 31.2: 9;1 1;prathamaṁ sūtaḥ ślakṣṇavastreṇa gālanīyo yathā |;
RAdhyṬ zu RAdhy, 31.2: 9;2 1;iti prathamaḥ saṁskāraḥ pāṭasāraṇaḥ ||;
RAdhyṬ zu RAdhy, 33.2: 10;1 1;ekaṁ palaṁ suniṣpannaśvetaloṣṭajīkakasya |;
RAdhyṬ zu RAdhy, 33.2: 10;2 1;yathā kālikāṁ tyaktvā nirmalībhavati pāradaḥ iti |;
RAdhyṬ zu RAdhy, 34.2: 11;1 1;snuhīdugdhena khalve rasaḥ kṣiptvā sapta dināni mṛdyate |;
RAdhyṬ zu RAdhy, 34.2: 11;2 1;tato bhūmijaḥ kañcuko yāti ||;
RAdhyṬ zu RAdhy, 34.2: 11;3 1;evaṁ sapta dināni arkadugdhena mardite pāṣāṇakañcuko |;
RAdhyṬ zu RAdhy, 35.2: 12;1 1;palāśasya parpaṭān jalena kledayitvā tato vartayitvā |;
RAdhyṬ zu RAdhy, 35.2: 12;2 1;tena rasena sapta dināni raso mṛdyate ||;Rasādhyāyaṭīkā RAdhyṬ zu RAdhy, 46.2: 15 6;sapta sapta dināni mṛditvā śoṣayitvā kāñjikena dhāvanīyaḥ ;PARTLY;+  - dhāv;
RAdhyṬ zu RAdhy, 35.2: 12;3 1;yathā jalajakañcuko yāti ||;
RAdhyṬ zu RAdhy, 38.1: 13;1 1;sārdhaślokadvayaṁ spaṣṭam ||;
RAdhyṬ zu RAdhy, 38.1: 13;2 1;kevalaṁ vajraḥ snuhikandaś ca śūraṇas tayo rasena ||;
RAdhyṬ zu RAdhy, 38.1: 13;3 1;athavā vajrākhyaḥ kandaḥ parvatabhūmau bhavati ||;
RAdhyṬ zu RAdhy, 38.1: 13;4 1;sarve.pi kañcukā yathoktarasena saptadināni |;
RAdhyṬ zu RAdhy, 42.2: 14;1 1;atra cāyamāmnāyaḥ ||;Rasādhyāyaṭīkā RAdhyṬ zu RAdhy, 52.1: 17 3;ayamatrāmnāyaḥ ||;PARTLY;+ ca - utthāpana;Rasādhyāyaṭīkā RAdhyṬ zu RAdhy, 89.2: 21 4;atra ceyaṁ buddhiḥ ||;PARTLY;+ āmnāya - buddhi;Rasādhyāyaṭīkā RAdhyṬ zu RAdhy, 120.2: 25 3;atra tv ayamāmnāyaḥ ||;PARTLY;+ ca - tu;Rasādhyāyaṭīkā RAdhyṬ zu RAdhy, 195.2: 35 1;atrāpyayamāmnāyaḥ ||;PARTLY;+ ca - api;Rasaratnasamuccayaṭīkā RRSṬīkā zu RRS, 10, 16.3: 144 9;atra nirvāhaṇaṁ cāsyāṁ mūṣāyāṁ kāryam ||;PARTLY;+ āmnāya - kṛ;Vaiśeṣikasūtra VaiśSū, 7, 1: 13 3;idamevaṁguṇam idam evaṁguṇamiti coktam ||;PARTLY;+  - vac;
RAdhyṬ zu RAdhy, 42.2: 14;2 1;khalve rasopari yathoktauṣadharasaḥ kṣipyate ||;
RAdhyṬ zu RAdhy, 42.2: 14;3 1;yathā yathā sūto bruḍati tathā tathā mardanīyaḥ ||;
RAdhyṬ zu RAdhy, 42.2: 14;4 1;śanaiḥ śanair yadi cāgretanauṣadharasaḥ śuṣyati tadā |;
RAdhyṬ zu RAdhy, 42.2: 14;5 1;evaṁ saptadināni yadi marditaḥ pārado bhavati tadā |;
RAdhyṬ zu RAdhy, 42.2: 14;6 1;taiśca kāñjikaṁ galitvā yāti ||;
RAdhyṬ zu RAdhy, 42.2: 14;7 1;evaṁ sūtaḥ sarvair apyauṣadhaiḥ saptadināni piṣṭvā paścāt |;
RAdhyṬ zu RAdhy, 42.2: 14;8 1;auṣadhāni caikādaśāmūni ||;
RAdhyṬ zu RAdhy, 42.2: 14;9 1;vajrakṣīram ||;
RAdhyṬ zu RAdhy, 42.2: 14;10 1;arkakṣīram ||;
RAdhyṬ zu RAdhy, 42.2: 14;11 1;palāśaparpaṭaḥ ||;
RAdhyṬ zu RAdhy, 42.2: 14;12 1;citrakakvāthaḥ ||;
RAdhyṬ zu RAdhy, 42.2: 14;13 1;vajrakandaḥ ||;
RAdhyṬ zu RAdhy, 42.2: 14;14 1;kaṭutumbā ||;
RAdhyṬ zu RAdhy, 42.2: 14;15 1;bīaṅkaḥ ||;
RAdhyṬ zu RAdhy, 42.2: 14;16 1;triphalākvāthaḥ ||;
RAdhyṬ zu RAdhy, 42.2: 14;17 1;punaścitrakakvāthaḥ ||;Rasādhyāyaṭīkā RAdhyṬ zu RAdhy, 42.2: 14 12;citrakakvāthaḥ ||;PARTLY;+ punar - parpaṭa;Śārṅgadharasaṁhitādīpikā ŚSDīp zu ŚdhSaṁh, 2, 11, 37.1: 24 5;punaḥ punariti ||;PARTLY;+  - iti;
RAdhyṬ zu RAdhy, 42.2: 14;18 1;aśvagandhā ||;
RAdhyṬ zu RAdhy, 42.2: 14;19 1;nāhi ||;
RAdhyṬ zu RAdhy, 42.2: 14;20 1;aṅkudhya ||;
RAdhyṬ zu RAdhy, 42.2: 14;21 1;atra citrakakvātho dvivelaṁ vidyate .to dvādaśabhir |;
RAdhyṬ zu RAdhy, 46.2: 15;1 1;pūrvarītyā śodhitaḥ pāradaḥ khalve prathamaṁ |;
RAdhyṬ zu RAdhy, 46.2: 15;2 1;tataḥ kāñjikena kṣālanīyaḥ ||;Viṣṇupurāṇa ViPur, 4, 24: 80 46;tataś cāriṣṭakarmā tato hālāhalaḥ ||;PARTLY;+  - hālāhala;
RAdhyṬ zu RAdhy, 46.2: 15;3 1;evaṁ bhūmidūdhelyā rasena tata ārdrarasena ||;
RAdhyṬ zu RAdhy, 46.2: 15;4 1;tadanu karmāīrasena ||;Āyurvedadīpikā ĀVDīp zu Ca, Sū., 26, 41: 65 3;rasā iti rasayuktāni dravyāṇi ||;PARTLY;+  - dravya;Āyurvedadīpikā ĀVDīp zu Ca, Sū., 27, 4.2: 97 12;rasaḥ māṁsarasaḥ ||;PARTLY;+  - māṁsa;Gautamadharmasūtra GautDhS, 1, 7: 7 17;rasānāṁ rasaiḥ ||;PARTLY;+  - tu;
RAdhyṬ zu RAdhy, 46.2: 15;5 1;paścād devadālīrasena ||;Āyurvedadīpikā ĀVDīp zu Ca, Sū., 26, 41: 65 3;rasā iti rasayuktāni dravyāṇi ||;PARTLY;+  - dravya;Āyurvedadīpikā ĀVDīp zu Ca, Sū., 27, 4.2: 97 12;rasaḥ māṁsarasaḥ ||;PARTLY;+  - māṁsa;Gautamadharmasūtra GautDhS, 1, 7: 7 17;rasānāṁ rasaiḥ ||;PARTLY;+  - tu;Śārṅgadharasaṁhitādīpikā ŚSDīp zu ŚdhSaṁh, 2, 12, 289.2: 112 11;paścātkāryam āha rasairityādi ||;PARTLY;+ devadālī - ityādi;
RAdhyṬ zu RAdhy, 46.2: 15;6 1;sapta sapta dināni mṛditvā śoṣayitvā kāñjikena dhāvanīyaḥ |;
RAdhyṬ zu RAdhy, 46.2: 15;7 1;evaṁ ca kṛte .sau mūrchitotthitaḥ pārada ityucyate tejasvī |;
RAdhyṬ zu RAdhy, 46.2: 15;8 1;iti mūrchitotthāpanasaṁskāraś caturthaḥ ||;
RAdhyṬ zu RAdhy, 49.2: 16;1 1;anyamatamathotthāpanam ||;Rasādhyāyaṭīkā RAdhyṬ zu RAdhy, 191.2: 34 1;athānyamate viḍāni ||;PARTLY;+ utthāpana - viḍa;
RAdhyṬ zu RAdhy, 52.1: 17;1 1;mūrchitotthitapāradasya palāni 64 |;
RAdhyṬ zu RAdhy, 52.1: 17;2 1;sarvasarve ekīkṛtya nimbukarasena saṁmṛdya |;
RAdhyṬ zu RAdhy, 52.1: 17;3 1;ayamatrāmnāyaḥ ||;Rasādhyāyaṭīkā RAdhyṬ zu RAdhy, 42.2: 14 1;atra cāyamāmnāyaḥ ||;GOOD;;Rasādhyāyaṭīkā RAdhyṬ zu RAdhy, 120.2: 25 3;atra tv ayamāmnāyaḥ ||;GOOD;;Rasādhyāyaṭīkā RAdhyṬ zu RAdhy, 195.2: 35 1;atrāpyayamāmnāyaḥ ||;GOOD;;Āyurvedadīpikā ĀVDīp zu Ca, Sū., 26, 10.2: 45 4;asminn arthe asmin prakaraṇe ||;PARTLY;+  - prakaraṇa;Daśakumāracarita DKCar, 2, 2: 7 343;tadiyamatra pratipattiḥ iti ||;PARTLY;+ āmnāya - iti;Divyāvadāna Divyāv, 8: 8 448;ayamasya ratnasyānubhāvaḥ ||;PARTLY;+  - anubhāva;Pañcārthabhāṣya PABh zu PāśupSūtra, 1, 9: 9 30;atredaṁ bhasmaprakaraṇaṁ samāptam ||;PARTLY;+ āmnāya - samāp;Pañcārthabhāṣya PABh zu PāśupSūtra, 1, 9: 9 321;atredaṁ yamaprakaraṇaṁ samāptam ||;PARTLY;+ āmnāya - samāp;Pañcārthabhāṣya PABh zu PāśupSūtra, 1, 32: 33 9;atredaṁ ṣaṭsūtrīprakaraṇaṁ parisamāptam ||;PARTLY;+ āmnāya - parisamāp;Pañcārthabhāṣya PABh zu PāśupSūtra, 4, 16: 114 1;atra ayam iti pratyakṣe ||;PARTLY;+ āmnāya - pratyakṣa;Pāśupatasūtra PāśupSūtra, 1: 1 39;atredaṁ brahma japet ||;PARTLY;+ āmnāya - jap;Pāśupatasūtra PāśupSūtra, 2: 2 21;atredaṁ brahma japet ||;PARTLY;+ āmnāya - jap;Pāśupatasūtra PāśupSūtra, 3: 3 20;atredaṁ brahma japet ||;PARTLY;+ āmnāya - jap;Pāśupatasūtra PāśupSūtra, 4: 4 21;atredaṁ brahma japet ||;PARTLY;+ āmnāya - jap;Pāśupatasūtra PāśupSūtra, 5: 5 40;atredaṁ brahma japet ||;PARTLY;+ āmnāya - jap;Rasādhyāyaṭīkā RAdhyṬ zu RAdhy, 89.2: 21 4;atra ceyaṁ buddhiḥ ||;PARTLY;+ āmnāya - buddhi;Rasādhyāyaṭīkā RAdhyṬ zu RAdhy, 137.2: 26 1;atrāmnāyaḥ ||;PARTLY;+ idam - tu;Rasādhyāyaṭīkā RAdhyṬ zu RAdhy, 214.2: 39 4;atrāmnāyaḥ ||;PARTLY;+ idam - vac;Viṣṇupurāṇa ViPur, 4, 21: 77 17;atrāyaṁ ślokaḥ ||;PARTLY;+ āmnāya - śloka;
RAdhyṬ zu RAdhy, 52.1: 17;4 1;yāvanmātro rasastasya caturthe bhāge tāmracūrṇaṁ |;
RAdhyṬ zu RAdhy, 52.1: 17;5 1;nimbukarasaś ca tathā kṣepyo yathā sarvamauṣadhaṁ |;
RAdhyṬ zu RAdhy, 52.1: 17;6 1;adhike doṣo nahi hīne tu doṣaḥ ||;
RAdhyṬ zu RAdhy, 52.1: 17;7 1;śuṣke śuṣke punaḥ kṣepyaḥ ||;
RAdhyṬ zu RAdhy, 52.1: 17;8 1;mardanaṁ ca tāvad yāvan mṛkṣaṇopamā pīṭhī ||;
RAdhyṬ zu RAdhy, 55.2: 18;1 1;ghaṭārdhasadṛśe kaṭāhe.dho mṛttikāyāḥ kuṇḍalī kāryate tac |;
RAdhyṬ zu RAdhy, 55.2: 18;2 1;tataḥ pūrvakṛtāṁ tāṁ pīṭhīṁ tatra kaṭāhabundhe |;
RAdhyṬ zu RAdhy, 55.2: 18;3 1;tatastaṁ kaṭāhaṁ jalārdhapūrṇasthālikāmukhopari |;
RAdhyṬ zu RAdhy, 55.2: 18;4 1;tato.gnitāpena raso vastratantuchidrair |;
RAdhyṬ zu RAdhy, 55.2: 18;5 1;tāmraṁ punarbudhaka eva vilagya tiṣṭhati ||;
RAdhyṬ zu RAdhy, 55.2: 18;6 1;tataḥ punarapi pūrvavat tāmracūrṇapāradapīṭhīṁ kṛtvā |;
RAdhyṬ zu RAdhy, 55.2: 18;7 1;evaṁ saptavāraṁ rasapātane kṛte kuṇṭhatvajaḍatvādayaḥ |;
RAdhyṬ zu RAdhy, 55.2: 18;8 1;iti mūrchitotthāpitasūtasya pātanasaṁskāraḥ pañcamaḥ ||;
RAdhyṬ zu RAdhy, 69.2: 19;1 1;pūrvasmin yoge pātanasaṁskārārthaṁ tāmrātsūtaḥ sūtāc ca |;
RAdhyṬ zu RAdhy, 69.2: 19;2 1;ihāpi yoge tadeva kariṣyate paraṁ tatra pātanāyehaiva |;
RAdhyṬ zu RAdhy, 69.2: 19;3 1;tac caivam ||;Ayurvedarasāyana Ayurvedarasāyana zu AHS, Sū., 9, 13.1: 18 4;evaṁ ca tadaṣṭadhā saṁmatam ||;GOOD;;Divyāvadāna Divyāv, 1: 1 9;tacca naivam ||;GOOD;;Divyāvadāna Divyāv, 10: 10 51;taiścaivaṁ praṇidhānaṁ kṛtam ||;GOOD;;Divyāvadāna Divyāv, 13: 13 18;sa caivaṁ cintayati ||;GOOD;;Gautamadharmasūtra GautDhS, 1, 2: 2 31;tadbhāryāputreṣu caivam ||;GOOD;;Mugdhāvabodhinī MuA zu RHT, 19, 64.2: 363 5;taccāha evamityādi ||;GOOD;;Saṅghabhedavastu SBhedaV, 1: 1 128;sa teṣāṁ nigṛhītavyāṁś ca nigṛhṇāti pragṛhītavyāṁś ca ;GOOD;;Viṣṇupurāṇa ViPur, 4, 6: 62 70;evam uktās tāś cāpsarasa ūcuḥ ||;GOOD;;Viṣṇupurāṇa ViPur, 4, 12: 68 36;sa ca tāṁ snuṣām upayeme ||;GOOD;;Viṣṇusmṛti ViSmṛ, 5: 5 133;tac ca teṣāṁ dadyāt ||;GOOD;;Aitareyabrāhmaṇa AitBr, 1, 4: 4 5;tattan nādṛtyam ||;PARTLY;+  - ādṛ;Aitareyabrāhmaṇa AitBr, 1, 11: 11 2;tat tan nādṛtyam ||;PARTLY;+  - ādṛ;Aitareyabrāhmaṇa AitBr, 2, 22: 52 2;tat tan nādṛtyam ||;PARTLY;+  - ādṛ;Aitareyabrāhmaṇa AitBr, 3, 18: 89 10;tat tan nādṛtyam ||;PARTLY;+  - ādṛ;Āpastambagṛhyasūtra ĀpGṛSū, 12: 11 9;tasmā anvāha tat savitur iti ||;PARTLY;+  - iti;Āpastambaśrautasūtra ĀpŚS, 5, 1: 4 12;evaṁ brahmāṇaṁ hotāram udgātāraṁ ca ||;PARTLY;+ tad - udgātṛ;Arthaśāstra ArthaŚ, 1, 4: 4 15;sa tena guptaḥ prabhavati iti ||;PARTLY;+  - iti;Arthaśāstra ArthaŚ, 1, 10: 10 10;tenodvegena rājā tān avarundhyāt ||;PARTLY;+  - avarudh;Arthaśāstra ArthaŚ, 1, 15: 15 24;te yathā brūyustat kuryāt ||;PARTLY;+  - kṛ;Arthaśāstra ArthaŚ, 1, 15: 15 42;tān ekaikaśaḥ pṛcchet samastāṁśca ||;PARTLY;+ evam - samasta;Arthaśāstra ArthaŚ, 1, 15: 15 55;sa taccakṣuḥ ||;PARTLY;+  - cakṣus;Arthaśāstra ArthaŚ, 4, 8: 47 2;tāṁścāpadeśaiḥ pratisamānayet ||;PARTLY;+ evam - pratisamānī;Aṣṭādhyāyī Aṣṭādhyāyī, 1, 4: 4 55;tatprayojako hetuś ca ||;PARTLY;+ evam - hetu;Aṣṭādhyāyī Aṣṭādhyāyī, 4, 2: 14 59;tad adhīte tad veda ||;PARTLY;+  - vid;Aṣṭādhyāyī Aṣṭādhyāyī, 4, 2: 14 66;chandobrāhmaṇāni ca tadviṣayāṇi ||;PARTLY;+ evam - viṣaya;Aṣṭādhyāyī Aṣṭādhyāyī, 4, 2: 14 124;janapadatadavadhyoś ca ||;PARTLY;+ evam - avadhi;Aṣṭādhyāyī Aṣṭādhyāyī, 4, 3: 15 2;tasminn aṇi ca yuṣmākāsmākau ||;PARTLY;+ evam - asmāka;Aṣṭādhyāyī Aṣṭādhyāyī, 4, 3: 15 155;ñitaś ca tatpratyayāt ||;PARTLY;+ evam - pratyaya;Aṣṭādhyāyī Aṣṭādhyāyī, 7, 3: 27 29;tatpratyayasya ca ||;PARTLY;+ evam - pratyaya;Aṣṭādhyāyī Aṣṭādhyāyī, 5, 1: 17 16;tad asya tad asmin syād iti ||;PARTLY;+  - iti;Aṣṭādhyāyī Aṣṭādhyāyī, 5, 1: 17 95;tasya ca dakṣiṇā yajñākhyebhyaḥ ||;PARTLY;+ evam - ākhyā;Aṣṭādhyāyī Aṣṭādhyāyī, 5, 3: 19 20;tayor dārhilau ca chandasi ||;PARTLY;+ evam - chandas;Aṣṭādhyāyī Aṣṭādhyāyī, 5, 3: 19 77;nītau ca tadyuktāt ||;PARTLY;+ evam - yuj;Aṣṭādhyāyī Aṣṭādhyāyī, 5, 3: 19 106;samāsāc ca tadviṣayāt ||;PARTLY;+ evam - viṣaya;Āyurvedadīpikā ĀVDīp zu Ca, Sū., 26, 8.9: 43 7;pūrvapakṣaśca kapilamatena te ||;PARTLY;+ evam - mata;Ayurvedarasāyana Ayurvedarasāyana zu AHS, Sū., 9, 11.2: 15 11;tatsaṁkare ca yato bāhulyena ||;PARTLY;+ evam - bāhulya;Ayurvedarasāyana Ayurvedarasāyana zu AHS, Sū., 16, 13.1: 56 3;tac ca tailena ||;PARTLY;+ evam - taila;Ayurvedarasāyana Ayurvedarasāyana zu AHS, Sū., 16, 13.1: 57 2;tac ca niśi ||;PARTLY;+ evam - niś;Ayurvedarasāyana Ayurvedarasāyana zu AHS, Sū., 16, 16.1: 61 3;sa ca catuḥṣaṣṭidhā ||;PARTLY;+ evam - catuḥṣaṣṭidhā;Baudhāyanadharmasūtra BaudhDhSū, 1, 3: 3 43;tayos tad eva pāvanam ||;PARTLY;+  - pāvana;Baudhāyanadharmasūtra BaudhDhSū, 1, 3: 3 44;bhrātṛputraśiṣyeṣu caivam ||;PARTLY;+ tad - śiṣya;Carakasaṁhitā Ca, 3, 1: 39 12;tasmād rasaprabhāvataś ca dravyaprabhāvataś ca ;PARTLY;+ evam - upadiś;Comm. on the Kāvyālaṁkāravṛtti Comm. on the Kāvyālaṁkāravṛtti zu Kāvyālaṁkāravṛtti, 1, Dvitīya adhyāyaḥ, 3: 8 3;na caivam ||;PARTLY;+ tad - na;Daśakumāracarita DKCar, 2, 2: 7 258;arthapatau ca tadapayaśo rūḍham ||;PARTLY;+ evam - ruh;Daśakumāracarita DKCar, 2, 3: 8 155;atiṣṭhacca tanmate sa durmatiḥ ||;PARTLY;+ evam - durmati;Daśakumāracarita DKCar, 2, 3: 8 178;akūjacaca sā taṁ janaṁ kṛtāntadṛtīvāhvayantī ||;PARTLY;+  - jana;Daśakumāracarita DKCar, 2, 4: 9 135;te cāsmābhiḥ pratyahamahanyanta ||;PARTLY;+ evam - han;Daśakumāracarita DKCar, 2, 5: 10 94;sa ca vilambitaḥ ||;PARTLY;+ evam - vilamb;Daśakumāracarita DKCar, 2, 6: 11 6;sa tu tasyāḥ pāṇigrāhakamanujīviṣyati ||;PARTLY;+  - anujīv;Daśakumāracarita DKCar, 2, 6: 11 36;tāmanvayāva cāvām ||;PARTLY;+ evam - mad;Daśakumāracarita DKCar, 2, 6: 11 246;sā caināṁ nirbhartsayantī pratyācacakṣe ||;PARTLY;+ evam - pratyācakṣ;Daśakumāracarita DKCar, 2, 7: 12 8;sa ca tathākārṣīt ||;PARTLY;+ evam - kṛ;Daśakumāracarita DKCar, 2, 7: 12 81;taccādya siddham ||;PARTLY;+ evam - sidh;Divyāvadāna Divyāv, 1: 1 89;sā tenātyayam atyayataḥ kṣamāpitā ||;PARTLY;+  - kṣamāpay;Divyāvadāna Divyāv, 1: 1 139;tān dṛṣṭvā tasya kāruṇyamutpannam ||;PARTLY;+  - utpad;Divyāvadāna Divyāv, 1: 1 142;sa tānutsṛjya padbhyāṁ samprasthitaḥ ||;PARTLY;+  - samprasthā;Divyāvadāna Divyāv, 1: 1 145;sa tasya sakāśamupasaṁkrāntaḥ ||;PARTLY;+  - upasaṁkram;Divyāvadāna Divyāv, 1: 1 167;sa tasya sakāśamupasaṁkrāntaḥ ||;PARTLY;+  - upasaṁkram;Divyāvadāna Divyāv, 1: 1 190;sa tairdūrata eva dṛṣṭaḥ ||;PARTLY;+  - dṛś;Divyāvadāna Divyāv, 1: 1 191;te taṁ pratyavabhāṣitumārabdhāḥ ||;PARTLY;+  - ārabh;Divyāvadāna Divyāv, 1: 1 194;sa taiḥ snāpito bhojitaḥ ||;PARTLY;+  - bhojay;Divyāvadāna Divyāv, 1: 1 199;tā api apsaraso .ntarhitāśca ||;PARTLY;+ evam - antardhā;Divyāvadāna Divyāv, 1: 1 239;sa tena snāpito bhojitaḥ ||;PARTLY;+  - bhojay;Divyāvadāna Divyāv, 1: 1 325;tena tasyāḥ pratijñātam ||;PARTLY;+  - pratijñā;Divyāvadāna Divyāv, 1: 1 328;sa tasminneva vimāne uṣitaḥ ||;PARTLY;+  - vas;Divyāvadāna Divyāv, 1: 1 341;sa tasyaurabhrikasya sakāśamupasaṁkrāntaḥ ||;PARTLY;+  - upasaṁkram;Divyāvadāna Divyāv, 1: 1 369;sa tasyā veśyāyāḥ sakāśamupasaṁkrāntaḥ ||;PARTLY;+  - upasaṁkram;Divyāvadāna Divyāv, 1: 1 397;sa taiḥ svareṇa pratyabhijñātaḥ ||;PARTLY;+  - pratyabhijñā;Divyāvadāna Divyāv, 1: 1 428;sa tenopasaṁpāditaḥ ||;PARTLY;+  - upasaṁpāday;Divyāvadāna Divyāv, 1: 1 439;sa āha evaṁ vatsa kuruṣva ||;PARTLY;+ ca - kṛ;Divyāvadāna Divyāv, 1: 1 494;taiḥ sa dvāre baddhvā sthāpitaḥ ||;PARTLY;+  - sthāpay;Divyāvadāna Divyāv, 1: 1 508;tena te karapratyāyāḥ samucchinnāḥ ||;PARTLY;+  - samucchid;Divyāvadāna Divyāv, 2: 2 39;tayā tasyārocitam ||;PARTLY;+  - ārocay;Divyāvadāna Divyāv, 2: 2 115;tā evamarthaṁ vistareṇārocayanti ||;PARTLY;+ ca - ārocay;Divyāvadāna Divyāv, 2: 2 120;tābhiḥ sā pṛṣṭā tayā samākhyātam ||;PARTLY;+  - samākhyā;Divyāvadāna Divyāv, 2: 2 136;te ca daivayogāt samprāptāḥ ||;PARTLY;+ evam - samprāp;Divyāvadāna Divyāv, 2: 2 183;sa tamādāya vīthīṁ samprasthitaḥ ||;PARTLY;+  - samprasthā;Divyāvadāna Divyāv, 2: 2 188;sa tat kāṣṭhaṁ nirīkṣitumārabdhaḥ ||;PARTLY;+  - ārabh;Divyāvadāna Divyāv, 2: 2 219;tena tāstisro gaṇḍikā darśitāḥ ||;PARTLY;+  - darśay;Divyāvadāna Divyāv, 2: 2 295;sa saṁsiddhayānapātraśca pratyāgataḥ ||;PARTLY;+ evam - pratyāgam;Divyāvadāna Divyāv, 2: 2 307;tena te śrutāḥ ||;PARTLY;+  - śru;Divyāvadāna Divyāv, 2: 2 337;sa cāhaṁ ca ||;PARTLY;+ evam - mad;Divyāvadāna Divyāv, 2: 2 419;sa tābhyāṁ mānaṁ grāhitaḥ ||;PARTLY;+  - grāhay;Divyāvadāna Divyāv, 2: 2 426;sa ca yakṣāṇām yakṣasamitiṁ gataḥ ||;PARTLY;+ evam - gam;Divyāvadāna Divyāv, 3: 3 106;sa tān māṇavakān maitreyāya anupradāsyati ||;PARTLY;+  - anupradā;Divyāvadāna Divyāv, 3: 3 197;tatsamanantaraṁ ca śaṅkha āpūritaḥ ||;PARTLY;+ evam - āpūray;Divyāvadāna Divyāv, 5: 5 23;sa cātīva kavipriyaḥ ||;PARTLY;+ evam - priya;Divyāvadāna Divyāv, 7: 7 33;sa tasyāḥ sakāśamupasaṁkrāntaḥ ||;PARTLY;+  - upasaṁkram;Divyāvadāna Divyāv, 7: 7 34;tasyāśca bhikṣāyāmāyāsaḥ sampannaḥ ||;PARTLY;+ evam - sampad;Divyāvadāna Divyāv, 7: 7 41;sā tāmapanetumārabdhā ||;PARTLY;+  - ārabh;Divyāvadāna Divyāv, 7: 7 42;tasyāstasminnācāme .ṅguliḥ patitā ||;PARTLY;+  - pat;Divyāvadāna Divyāv, 7: 7 140;sa tasya kṣetraṁ rakṣitumārabdhaḥ ||;PARTLY;+  - ārabh;Divyāvadāna Divyāv, 7: 7 149;sā tāmādāya gatā ||;PARTLY;+  - gam;Divyāvadāna Divyāv, 7: 7 192;sa tayā prajvalitaḥ pradīpaḥ prajvalatyeva ||;PARTLY;+  - eva;Divyāvadāna Divyāv, 8: 8 265;saṁvṛtā ca sā nadī ||;PARTLY;+ evam - nadī;Divyāvadāna Divyāv, 9: 9 70;taiḥ pratijñātaṁ kriyākāraśca kṛtaḥ ||;PARTLY;+ evam - kṛ;Divyāvadāna Divyāv, 12: 12 176;tat tasyopari nipatitam ||;PARTLY;+  - nipat;Divyāvadāna Divyāv, 13: 13 148;sa tayā mukhabimbakena pratyabhijñātaḥ ||;PARTLY;+  - pratyabhijñā;Divyāvadāna Divyāv, 13: 13 157;tayā gatvā tasyāḥ pracchannaṁ kathitam ||;PARTLY;+  - kathay;Divyāvadāna Divyāv, 13: 13 299;tasya tannīlakṛtsnam āmukhībhūtam ||;PARTLY;+  - āmukhībhū;Divyāvadāna Divyāv, 13: 13 487;sa gṛhapatistaṁ dṛṣṭvā paryavasthitaḥ ||;PARTLY;+  - paryavasthā;Divyāvadāna Divyāv, 13: 13 497;sa tasyānugrahārthamavatīrṇaḥ ||;PARTLY;+  - avatṛ;Divyāvadāna Divyāv, 17: 17 222;sa ca rājā janapadān pṛcchati ||;PARTLY;+ evam - pracch;Divyāvadāna Divyāv, 17: 17 326;taiḥ sa rājā dṛṣṭa āgacchan ||;PARTLY;+  - āgam;Divyāvadāna Divyāv, 18: 18 200;tadapi cābhyavahṛtam ||;PARTLY;+ evam - abhyavahṛ;Divyāvadāna Divyāv, 18: 18 207;sa ca svairaṁ bhuñjati ||;PARTLY;+ evam - bhuj;Divyāvadāna Divyāv, 18: 18 212;tena tadapi bhuktam ||;PARTLY;+  - bhuj;Divyāvadāna Divyāv, 18: 18 298;sa ca parinirvṛtaḥ ||;PARTLY;+ evam - parinirvṛ;Divyāvadāna Divyāv, 18: 18 301;sa ca bhagavān parinirvṛtaḥ ||;PARTLY;+ evam - parinirvṛ;Divyāvadāna Divyāv, 18: 18 372;tasya ca rājño devatayā ārocitam ||;PARTLY;+ evam - ārocay;Divyāvadāna Divyāv, 18: 18 390;sa tān dṛṣṭvā pratibuddhaḥ ||;PARTLY;+  - pratibudh;Divyāvadāna Divyāv, 18: 18 506;sa ca gṛhapatiḥ śrāddhaḥ ||;PARTLY;+ evam - śrāddha;Divyāvadāna Divyāv, 19: 19 232;taistad dṛṣṭam ||;PARTLY;+  - dṛś;Divyāvadāna Divyāv, 19: 19 273;sa tāṁ gṛhītvā vīthīṁ gataḥ ||;PARTLY;+  - gam;Divyāvadāna Divyāv, 19: 19 289;taiste punaḥ pratyavekṣitāḥ ||;PARTLY;+  - pratyavekṣ;Divyāvadāna Divyāv, 19: 19 291;sa tairgṛhītaḥ ||;PARTLY;+  - grah;Divyāvadāna Divyāv, 19: 19 313;sa taiḥ śabditaḥ ||;PARTLY;+  - śabday;Divyāvadāna Divyāv, 19: 19 338;tena tasya kārṣāpaṇasahasraṁ dattam ||;PARTLY;+  - dā;Divyāvadāna Divyāv, 19: 19 404;sa taṁ tāḍayitumārabdhaḥ ||;PARTLY;+  - ārabh;Divyāvadāna Divyāv, 19: 19 416;sa tasya gṛhaṁ gataḥ ||;PARTLY;+  - gam;Divyāvadāna Divyāv, 19: 19 552;sa tena praveśitaḥ ||;PARTLY;+  - praveśay;Gautamadharmasūtra GautDhS, 1, 1: 1 2;tadvidāṁ ca smṛtiśīle ||;PARTLY;+ evam - śīla;Gautamadharmasūtra GautDhS, 1, 1: 1 10;tad yasmāt sa ācāryaḥ ||;PARTLY;+  - ācārya;Gautamadharmasūtra GautDhS, 1, 1: 1 48;tad adbhiḥ pūrvaṁ mṛdā ca ||;PARTLY;+ evam - mṛd;Gautamadharmasūtra GautDhS, 1, 1: 1 64;śmaśānābhyadhyayane caivam ||;PARTLY;+ tad - abhyadhyayana;Gautamadharmasūtra GautDhS, 1, 2: 2 24;arcite śreyasi caivam ||;PARTLY;+ tad - śreyas;Gautamadharmasūtra GautDhS, 1, 5: 5 17;dadātiṣu caivaṁ dharmyeṣu ||;PARTLY;+ tad - dharmya;Gautamadharmasūtra GautDhS, 1, 8: 8 7;tadapekṣas tadvṛttiḥ ||;PARTLY;+  - vṛtti;Gautamadharmasūtra GautDhS, 2, 1: 10 63;tena cottaraḥ ||;PARTLY;+ evam - uttara;Gautamadharmasūtra GautDhS, 2, 5: 14 34;tatstrīṇāṁ ca ||;PARTLY;+ evam - strī;Gautamadharmasūtra GautDhS, 2, 6: 15 12;na ca tena mitrakarma kuryāt ||;PARTLY;+ evam - kṛ;Gautamadharmasūtra GautDhS, 2, 6: 15 17;upapatiḥ |yasya ca saḥ ||;PARTLY;+ evam - yad;Gautamadharmasūtra GautDhS, 2, 6: 15 29;haviḥṣu caivam ||;PARTLY;+ tad - havis;Gautamadharmasūtra GautDhS, 2, 6: 15 31;akṛtānnaśrāddhe caivaṁ caivam ||;PARTLY;+ tad - śrāddha;Gautamadharmasūtra GautDhS, 3, 3: 21 3;taiś cābdaṁ samācaran ||;PARTLY;+ evam - samācar;Gautamadharmasūtra GautDhS, 3, 3: 21 14;tasya ca pratigrahītetyeke ||;PARTLY;+ evam - eka;Gautamadharmasūtra GautDhS, 3, 4: 22 12;ātreyyāś caivam ||;PARTLY;+ tad - ātreyī;Gautamadharmasūtra GautDhS, 3, 4: 22 17;anātreyyāṁ caivam ||;PARTLY;+ tad - anātreyī;Gautamadharmasūtra GautDhS, 3, 8: 26 37;yaś caivaṁ veda ||;PARTLY;+ tad - vid;Gopathabrāhmaṇa NEW GB, 1, 1, 11: 11 1;sa āvataś ca parāvataś cānvaikṣata ||;PARTLY;+ evam - anvīkṣ;Gopathabrāhmaṇa NEW GB, 1, 1, 23: 23 6;te tam abruvan ||;PARTLY;+  - brū;Gopathabrāhmaṇa NEW GB, 1, 2, 15: 54 28;te pathirakṣayas ta iyakṣamāṇaṁ pratinudantaḥ ||;PARTLY;+  - pratinud;Jaiminīyabrāhmaṇa JB, 1, 12: 5 7;tām annam akuruta tāṁ pratyudadīpyata ||;PARTLY;+  - pratyuddīp;Jaiminīyabrāhmaṇa JB, 1, 12: 5 12;tām annam akuruta tāṁ pratyudadīpyata ||;PARTLY;+  - pratyuddīp;Janmamaraṇavicāra JanMVic, 1: 1 31;sā ca pṛthivyām eva vyavasthitā ||;PARTLY;+ evam - vyavasthā;Kāmasūtra KāSū, 1, 1: 1 3;tatsamayāvabodhakebhyaścācāryebhyaḥ ||;PARTLY;+ evam - ācārya;Kāmasūtra KāSū, 2, 8: 13 4;tāni ca vakṣyāmaḥ ||;PARTLY;+ evam - vac;Kāmasūtra KāSū, 5, 4: 26 18;tasyāstayaiva pratyuttarāṇi yojayet ||;PARTLY;+  - yojay;Lalitavistara LalVis, 1: 1 3;tadyathāyuṣmatā ca jñānakauṇḍinyena ||;PARTLY;+ evam - jñānakauṇḍinya;Lalitavistara LalVis, 12: 12 23;sa tasyāstaṁ lekhamupanāmayati sma ||;PARTLY;+  - sma;Mahābhārata MBh, 1, 3: 3 103;sa evam ukto naicchat ||;PARTLY;+ ca - iṣ;Mahābhārata MBh, 3, 190: 488 58;sa gatvaivam upādhyāyāyācaṣṭa ||;PARTLY;+ ca - ācakṣ;Maitrāyaṇīsaṁhitā MS, 2, 1, 1: 18 10;tāṁ vai tasmai kāmāyālabhanta ||;PARTLY;+  - ālabh;Mṛgendraṭīkā MṛgṬīkā zu MṛgT, Vidyāpāda, 2, 18.1: 52 12;tac ca ghaṭatvād bhinnam ||;PARTLY;+ evam - bhid;Mṛgendraṭīkā MṛgṬīkā zu MṛgT, Vidyāpāda, 3, 2.1: 65 3;tac ca ||;PARTLY;+ evam - atas;Mṛgendraṭīkā MṛgṬīkā zu MṛgT, Vidyāpāda, 5, 15.2: 113 4;yataścaivamataḥ ||;PARTLY;+ tad - atas;Mṛgendraṭīkā MṛgṬīkā zu MṛgT, Vidyāpāda, 7, 8.2: 139 12;tac cāñjanam ||;PARTLY;+ evam - añjana;Mṛgendraṭīkā MṛgṬīkā zu MṛgT, Vidyāpāda, 7, 11.2: 143 6;evaṁ ca ||;PARTLY;+ tad - karman;Mṛgendraṭīkā MṛgṬīkā zu MṛgT, Vidyāpāda, 7, 20.2: 150 3;evaṁ ca ||;PARTLY;+ tad - parihāra;Mṛgendraṭīkā MṛgṬīkā zu MṛgT, Vidyāpāda, 8, 3.2: 156 5;tacca ||;PARTLY;+ evam - kiṁca;Mṛgendraṭīkā MṛgṬīkā zu MṛgT, Vidyāpāda, 8, 4.1: 157 3;bhogyaṁ ca tatphaladvāreṇa ||;PARTLY;+ evam - dvāra;Mṛgendraṭīkā MṛgṬīkā zu MṛgT, Vidyāpāda, 10, 25.2: 204 15;ye caivaṁ saṁkhyātaḥ pratipāditāḥ ||;PARTLY;+ tad - pratipāday;Mṛgendraṭīkā MṛgṬīkā zu MṛgT, Vidyāpāda, 11, 12.2: 224 11;na caivam ittham ||;PARTLY;+ tad - ittham;Mṛgendraṭīkā MṛgṬīkā zu MṛgT, Vidyāpāda, 12, 3.2: 241 2;sa ca sāttvika eva ||;PARTLY;+ evam - eva;Mṛgendraṭīkā MṛgṬīkā zu MṛgT, Vidyāpāda, 12, 9.2: 248 8;evaṁca sati ||;PARTLY;+ tad - as;Mṛgendraṭīkā MṛgṬīkā zu MṛgT, Vidyāpāda, 12, 10.2: 249 3;pāriśeṣyācca manastadvijñeyam ||;PARTLY;+ evam - vijñā;Mṛgendraṭīkā MṛgṬīkā zu MṛgT, Vidyāpāda, 12, 16.1: 253 4;na ca tadātmakānyakṣāṇi ||;PARTLY;+ evam - akṣa;Mugdhāvabodhinī MuA zu RHT, 5, 58.2: 125 19;aparaṁ cāha evamityādi ||;PARTLY;+ tad - ityādi;Mugdhāvabodhinī MuA zu RHT, 6, 13.2: 131 1;taccāha pañcabhirityādi ||;PARTLY;+ evam - ityādi;Mugdhāvabodhinī MuA zu RHT, 9, 11.2: 166 1;taccāha sasyakamityādi ||;PARTLY;+ evam - ityādi;Mugdhāvabodhinī MuA zu RHT, 9, 12.2: 167 1;taccāha kṣārairityādi ||;PARTLY;+ evam - ityādi;Mugdhāvabodhinī MuA zu RHT, 9, 15.2: 170 1;taccāha raktagaṇetyādi ||;PARTLY;+ evam - ityādi;Mugdhāvabodhinī MuA zu RHT, 11, 10.2: 193 1;taccāha raktetyādi ||;PARTLY;+ evam - ityādi;Mugdhāvabodhinī MuA zu RHT, 13, 2.2: 210 1;taccāha mākṣīketyādi ||;PARTLY;+ evam - ityādi;Mugdhāvabodhinī MuA zu RHT, 13, 3.2: 211 1;taccāha mākṣīketyādi ||;PARTLY;+ evam - ityādi;Mugdhāvabodhinī MuA zu RHT, 13, 6: 214 1;taccāha kāntetyādi ||;PARTLY;+ evam - ityādi;Mugdhāvabodhinī MuA zu RHT, 14, 8.1: 218 6;taccāha saṁsthāpyetyādi ||;PARTLY;+ evam - ityādi;Mugdhāvabodhinī MuA zu RHT, 14, 8.1: 218 8;taccāha lavaṇetyādi ||;PARTLY;+ evam - ityādi;Mugdhāvabodhinī MuA zu RHT, 14, 8.1: 218 13;taccāha tāvadityādi ||;PARTLY;+ evam - ityādi;Mugdhāvabodhinī MuA zu RHT, 14, 8.1: 218 16;taccāha utkhanyetyādi ||;PARTLY;+ evam - ityādi;Mugdhāvabodhinī MuA zu RHT, 14, 8.1: 218 23;taccāha paścādityādi ||;PARTLY;+ evam - ityādi;Mugdhāvabodhinī MuA zu RHT, 14, 14.2: 223 3;taccāha bāhya ityādi ||;PARTLY;+ evam - ityādi;Mugdhāvabodhinī MuA zu RHT, 14, 15.2: 224 1;anyaccāha evamityādi ||;PARTLY;+ tad - ityādi;Mugdhāvabodhinī MuA zu RHT, 16, 16.2: 252 4;sā ca mṛdā mṛtsnayā lepyā ||;PARTLY;+ evam - lepay;Mugdhāvabodhinī MuA zu RHT, 18, 40.3: 300 3;taccāha ahītyādi ||;PARTLY;+ evam - ityādi;Mugdhāvabodhinī MuA zu RHT, 18, 55.2: 305 3;taccāha nirguṇḍītyādi ||;PARTLY;+ evam - ityādi;Mugdhāvabodhinī MuA zu RHT, 18, 55.2: 305 6;taccāha tāre ityādi ||;PARTLY;+ evam - ityādi;Mugdhāvabodhinī MuA zu RHT, 18, 57.1: 306 4;taccāha hemnetyādi ||;PARTLY;+ evam - ityādi;Mugdhāvabodhinī MuA zu RHT, 18, 59.1: 307 2;taccāha krāmaṇetyādi ||;PARTLY;+ evam - ityādi;Mugdhāvabodhinī MuA zu RHT, 18, 63.2: 308 1;taccāha yantramityādi ||;PARTLY;+ evam - ityādi;Mugdhāvabodhinī MuA zu RHT, 18, 63.2: 308 11;taccāha gṛhṇīyād ityādi ||;PARTLY;+ evam - ityādi;Mugdhāvabodhinī MuA zu RHT, 18, 67.2: 309 5;taccāha madhye ityādi ||;PARTLY;+ evam - ityādi;Mugdhāvabodhinī MuA zu RHT, 18, 67.2: 309 8;taccāha liptvetyādi ||;PARTLY;+ evam - ityādi;Mugdhāvabodhinī MuA zu RHT, 18, 70.2: 312 1;taccāha paścādityādi ||;PARTLY;+ evam - ityādi;Mugdhāvabodhinī MuA zu RHT, 19, 23.2: 333 1;taccāha trikaṭuketyādi ||;PARTLY;+ evam - ityādi;Mugdhāvabodhinī MuA zu RHT, 19, 33.2: 338 5;taccāha triphaletyādi ||;PARTLY;+ evam - ityādi;Mugdhāvabodhinī MuA zu RHT, 19, 33.2: 338 9;taccāha māsenetyādi ||;PARTLY;+ evam - ityādi;Mugdhāvabodhinī MuA zu RHT, 19, 48.2: 350 1;taccāha varjitetyādi ||;PARTLY;+ evam - ityādi;Mugdhāvabodhinī MuA zu RHT, 19, 53.2: 355 1;taccāha karkoṭītyādi ||;PARTLY;+ evam - ityādi;Mugdhāvabodhinī MuA zu RHT, 19, 56.2: 358 1;taccāha śarapuṅkhetyādi ||;PARTLY;+ evam - ityādi;Nāṭyaśāstravivṛti NŚVi zu NāṭŚ, 6, 66.2: 2 25;omityāha sa ceti ||;PARTLY;+ evam - ah;Nāṭyaśāstravivṛti NŚVi zu NāṭŚ, 6, 32.2: 1 12;sa cobhayorapi ||;PARTLY;+ evam - api;Nāṭyaśāstravivṛti NŚVi zu NāṭŚ, 6, 32.2: 1 140;na ca sā pratītiryuktā ||;PARTLY;+ evam - yukta;Nibandhasaṁgraha NiSaṁ zu Su, Sū., 14, 24.1: -1 3;ca syād evaṁ sampadyate srāvyāḥ ||;PARTLY;+ tad - sampad;Nibandhasaṁgraha NiSaṁ zu Su, Sū., 1, 25.1: -1 1;tadyuktam teṣāmityādi ||;PARTLY;+  - vac;Nibandhasaṁgraha NiSaṁ zu Su, Sū., 24, 11.2: -1 2;ceti iti teṣu prāgabhidhānaṁ punararthe ||;PARTLY;+ evam - artha;Nibandhasaṁgraha NiSaṁ zu Su, Utt., 1, 8.1: -1 19;yathāśastram tasya ca ||;PARTLY;+ evam - yathā;Nyāyasūtra NyāSū, 2, 1: 3 28;taiścāpadeśo jñānaviśeṣāṇām ||;PARTLY;+ evam - viśeṣa;Nyāyasūtra NyāSū, 3, 1: 5 71;tena eva tasyāgrahaṇāt ca ||;PARTLY;+ evam - agrahaṇa;Nyāyasūtra NyāSū, 4, 2: 8 8;teṣu cāvṛtteravayavyabhāvaḥ ||;PARTLY;+ evam - abhāva;Nyāyasūtra NyāSū, 4, 2: 8 45;tadabhāvaścāpavarge ||;PARTLY;+ evam - apavarga;Pañcārthabhāṣya PABh zu PāśupSūtra, 1, 9: 9 62;sā ca hiṁsā trividhā bhavati ||;PARTLY;+ evam - bhū;Pañcārthabhāṣya PABh zu PāśupSūtra, 1, 9: 9 119;tac ca dvividham ||;PARTLY;+ evam - dvividha;Pañcārthabhāṣya PABh zu PāśupSūtra, 1, 9: 9 239;tac ca śaucaṁ trividham ||;PARTLY;+ evam - trividha;Pañcārthabhāṣya PABh zu PāśupSūtra, 1, 16: 17 3;sa ca puruṣavṛttir draṣṭavyaḥ ||;PARTLY;+ evam - dṛś;Pañcārthabhāṣya PABh zu PāśupSūtra, 1, 18: 19 10;te cotpannā matāv abhivyajyante ||;PARTLY;+ evam - abhivyañj;Pañcārthabhāṣya PABh zu PāśupSūtra, 1, 21: 22 3;tatprāptiś ca yogapravṛttitaḥ ||;PARTLY;+ evam - pravṛtti;Pañcārthabhāṣya PABh zu PāśupSūtra, 1, 24: 25 13;tac ca na ||;PARTLY;+ evam - na;Pañcārthabhāṣya PABh zu PāśupSūtra, 2, 18: 63 8;taducyate tadarthameva ||;PARTLY;+  - eva;Pañcārthabhāṣya PABh zu PāśupSūtra, 2, 19: 64 4;tasmādatra tapastadeva ||;PARTLY;+  - eva;Pañcārthabhāṣya PABh zu PāśupSūtra, 4, 1: 99 9;tasmādatra tapastadeva ||;PARTLY;+  - eva;Pañcārthabhāṣya PABh zu PāśupSūtra, 4, 7.1: 105 17;tac ca trividhamutsṛṣṭam ||;PARTLY;+ evam - utsṛj;Pañcārthabhāṣya PABh zu PāśupSūtra, 4, 8: 106 16;taducyate taṁ guṇaṁ jñātvā vakṣyāmaḥ ||;PARTLY;+  - jñā;Pañcārthabhāṣya PABh zu PāśupSūtra, 4, 12: 110 7;sa teṣām iṣṭāpūrtam ādatteti ||;PARTLY;+  - iti;Pañcārthabhāṣya PABh zu PāśupSūtra, 5, 34: 156 37;sa bhavatu teṣām ||;PARTLY;+  - bhū;Pañcārthabhāṣya PABh zu PāśupSūtra, 5, 34: 156 81;te bhavantu teṣām ||;PARTLY;+  - bhū;Pañcārthabhāṣya PABh zu PāśupSūtra, 5, 38: 160 9;sā ca cintā dvividhā bhavati ||;PARTLY;+ evam - bhū;Parāśarasmṛtiṭīkā Parāśarasmṛtiṭīkā zu ParDhSmṛti, 2, 2.1: 1 16;tacca sarvatra prasiddham ||;PARTLY;+ evam - prasidh;Parāśarasmṛtiṭīkā Parāśarasmṛtiṭīkā zu ParDhSmṛti, 2, 15.2: 16 7;te cāśramāścaturvidhāḥ ||;PARTLY;+ evam - caturvidha;Parāśarasmṛtiṭīkā Parāśarasmṛtiṭīkā zu ParDhSmṛti, 2, 15.2: 16 81;tacca snānānantaraṁ kāryam ||;PARTLY;+ evam - kṛ;Parāśarasmṛtiṭīkā Parāśarasmṛtiṭīkā zu ParDhSmṛti, 2, 15.2: 16 257;tacca navatantukaṁ kāryam ||;PARTLY;+ evam - kṛ;Parāśarasmṛtiṭīkā Parāśarasmṛtiṭīkā zu ParDhSmṛti, 2, 15.2: 16 391;tacca ṣoḍaśe varṣe kāryam ||;PARTLY;+ evam - kṛ;Parāśarasmṛtiṭīkā Parāśarasmṛtiṭīkā zu ParDhSmṛti, 2, 15.2: 16 598;tāni ca niṣedhavacanāni yathā ||;PARTLY;+ evam - yathā;Pāraskaragṛhyasūtra Pāraskaragṛhyasūtra, 1, 8: 6 13;tasmāt tayor grāmaḥ pramānam iti śruteḥ ||;PARTLY;+  - śruti;Pāśupatasūtra PāśupSūtra, 3: 3 8;pāpaṁ ca tebhyo dadāti ||;PARTLY;+ evam - dā;Pāśupatasūtra PāśupSūtra, 3: 3 9;sukṛtaṁ ca teṣāmādatte ||;PARTLY;+ evam - ādā;Pāśupatasūtra PāśupSūtra, 4: 4 11;sa teṣāmiṣṭāpūrtamādatta ||;PARTLY;+  - ādā;Prasannapadā Prasannapadā zu MMadhKār, 1, 3.2: 2 21;sā ca kriyā vijñānaṁ janayati ||;PARTLY;+ evam - janay;Rasādhyāyaṭīkā RAdhyṬ zu RAdhy, 12.2: 3 23;māritasya ca tasya krāmaṇam ||;PARTLY;+ evam - krāmaṇa;Rasādhyāyaṭīkā RAdhyṬ zu RAdhy, 42.2: 14 6;taiśca kāñjikaṁ galitvā yāti ||;PARTLY;+ evam - yā;Rasaratnasamuccayabodhinī RRSBoṬ zu RRS, 8, 49.2: 83 4;tat capalībhūtaṁ nāgaṁ vaṅgaṁ ca ||;PARTLY;+ evam - vaṅga;Rasaratnasamuccayaṭīkā RRSṬīkā zu RRS, 8, 64.2: 88 7;te ca mardanāgnibhyāṁ naśyanti ||;PARTLY;+ evam - naś;Rasaratnasamuccayaṭīkā RRSṬīkā zu RRS, 8, 89.2: 106 3;sa ca pāradaḥ kīdṛśaḥ ||;PARTLY;+ evam - kīdṛśa;Rasaratnasamuccayaṭīkā RRSṬīkā zu RRS, 4, 34.2: 33 5;sa cānekavidhaḥ ||;PARTLY;+ evam - anekavidha;Rasaratnasamuccayaṭīkā RRSṬīkā zu RRS, 9, 35.3: 122 15;sa ca varṇo jñeyaḥ ||;PARTLY;+ evam - jñā;Rasaratnasamuccayaṭīkā RRSṬīkā zu RRS, 10, 8.2: 139 9;te ca dagdhā eva grāhyāḥ ||;PARTLY;+ evam - grah;Rasaratnasamuccayaṭīkā RRSṬīkā zu RRS, 10, 32.2: 155 8;sā ca dvividhā ||;PARTLY;+ evam - dvividha;Rasaratnasamuccayaṭīkā RRSṬīkā zu RRS, 10, 32.2: 155 12;tāśca dvividhāḥ ||;PARTLY;+ evam - dvividha;Rasaratnasamuccayaṭīkā RRSṬīkā zu RRS, 5, 78.2: 39 2;sa cāpratisiddhārthaḥ ||;PARTLY;+ evam - artha;Rasaratnasamuccayaṭīkā RRSṬīkā zu RRS, 3, 116.2: 17 2;sa ca pītavarṇaḥ ||;PARTLY;+ evam - varṇa;Rasaratnasamuccayaṭīkā RRSṬīkā zu RRS, 11, 22.2: 172 2;te ca saptavidhāḥ ||;PARTLY;+ evam - saptavidha;Rasaratnasamuccayaṭīkā RRSṬīkā zu RRS, 11, 71.2: 179 5;sa ca khoṭabandho bodhyaḥ ||;PARTLY;+ evam - budh;Rasaratnasamuccayaṭīkā RRSṬīkā zu RRS, 11, 86.2: 187 6;evaṁ ca mūrtibandho dvividhaḥ sambhavati ||;PARTLY;+ tad - sambhū;Ratnaṭīkā GaṇaKārṬīkā zu GaṇaKār, 6.1: 8 61;te ca svātmasaṁvedye iti ||;PARTLY;+ evam - iti;Ratnaṭīkā GaṇaKārṬīkā zu GaṇaKār, 6.1: 8 135;tac ca viṁśatibhedam ||;PARTLY;+ evam - bheda;Saṅghabhedavastu SBhedaV, 1: 1 114;tac ca dharmeṇa nādharmeṇa ||;PARTLY;+ evam - adharma;Śāṅkhāyanagṛhyasūtra ŚGṛS, 1, 8: 4 25;tāḥ praṇītāḥ prokṣaṇīś ca ||;PARTLY;+ evam - prokṣaṇī;Śāṅkhāyanāraṇyaka ŚāĀr, 1, 8: 8 23;na sa ya evaṁ veda ||;PARTLY;+ ca - vid;Śāṅkhāyanāraṇyaka ŚāĀr, 3, 2: 28 5;taṁ yaḥ pratyāha tam atisṛjate ||;PARTLY;+  - atisṛj;Śāṅkhāyanāraṇyaka ŚāĀr, 3, 5: 31 19;tasya bhūtaṁ ca bhaviṣyacca pūrvau pādau ||;PARTLY;+ evam - pāda;Śāṅkhāyanāraṇyaka ŚāĀr, 7, 1: 77 3;tan mām avatu tad vaktāram avatvavatu mām avatu ;PARTLY;+  - vaktṛ;Śāṅkhāyanāraṇyaka ŚāĀr, 8, 7: 106 5;sa yat karaṇīyaṁ manyeta tat kuryāt ||;PARTLY;+  - man;Śāṅkhāyanāraṇyaka ŚāĀr, 8, 7: 106 7;tad apy evam eva vidyāt ||;PARTLY;+ ca - vid;Śārṅgadharasaṁhitādīpikā ŚSDīp zu ŚdhSaṁh, 1, 3, 9.1: 10 22;te ca doṣadūṣyatādayaḥ ||;PARTLY;+ evam - ādi;Śārṅgadharasaṁhitādīpikā ŚSDīp zu ŚdhSaṁh, 2, 11, 7.1: 13 10;tacca kukkuṭapuṭasaṁjñayā vihitam ||;PARTLY;+ evam - vidhā;Śārṅgadharasaṁhitādīpikā ŚSDīp zu ŚdhSaṁh, 2, 11, 72.1: 36 11;tacca dvividham ||;PARTLY;+ evam - dvividha;Sarvāṅgasundarā SarvSund zu AHS, Sū., 9, 28.1: 32 19;tadevaṁ dravyāṇāṁ dvaividhyam ||;PARTLY;+ ca - dvaividhya;Sarvāṅgasundarā SarvSund zu AHS, Sū., 16, 3.2: 45 9;tad evaṁ yathāpūrvam ||;PARTLY;+ ca - yathāpūrvam;Sūryaśatakaṭīkā Sūryaśatakaṭīkā zu SūryaŚ, 1, 3.2: 3 16;tena śramastasmājjātastamiva ||;PARTLY;+  - iva;Suśrutasaṁhitā Su, 1, 1: 1 11;sa uvācaivam astv iti ||;PARTLY;+ ca - iti;Suśrutasaṁhitā Su, 1, 11: 11 6;sa dvividhaḥ pratisāraṇīyaḥ pānīyaś ca ||;PARTLY;+ evam - pā;Suśrutasaṁhitā Su, 1, 26: 26 4;taddvividhaṁ śārīram āgantukaṁ ca ||;PARTLY;+ evam - āgantuka;Tantrākhyāyikā TAkhy, 1: 1 14;tāṁ ca dṛṣṭvācintayat ||;PARTLY;+ evam - cintay;Tantrākhyāyikā TAkhy, 1: 1 153;taiścābhihitaḥ ||;PARTLY;+ evam - abhidhā;Tantrākhyāyikā TAkhy, 1: 1 207;taṁ ca vyāpādyainaṁ bhakṣayiṣyāmi ||;PARTLY;+ evam - bhakṣay;Tantrākhyāyikā TAkhy, 1: 1 274;te tam āhuḥ ||;PARTLY;+  - ah;Tantrākhyāyikā TAkhy, 1: 1 343;tasmiṁś cāpayāte gomāyur abhihitavān ||;PARTLY;+ evam - abhidhā;Tantrākhyāyikā TAkhy, 1: 1 347;apayāte ca tasmin dvīpyāha ||;PARTLY;+ evam - ah;Tantrākhyāyikā TAkhy, 1: 1 409;tac ca śrutvānāgatavidhātrā cintitam ||;PARTLY;+ evam - cintay;Tantrākhyāyikā TAkhy, 1: 1 496;evam abhihite siṁhas tasmād apayātaḥ ||;PARTLY;+ ca - apayā;Tantrākhyāyikā TAkhy, 1: 1 577;tac ca śrutvā dharmabuddhiś cintayāmāsa ||;PARTLY;+ evam - cintay;Tantrākhyāyikā TAkhy, 1: 1 609;pratyāgataś ca tāṁ tulāṁ tasmāt prārthitavān ||;PARTLY;+ evam - prārthay;Tantrākhyāyikā TAkhy, 1: 1 610;tenoktaṁ ca ||;PARTLY;+ evam - vac;Tantrākhyāyikā TAkhy, 2: 2 69;tac ca śrutvā brāhmaṇyāha ||;PARTLY;+ evam - ah;Tantrākhyāyikā TAkhy, 2: 2 90;sā tam āha ||;PARTLY;+  - ah;Tantrākhyāyikā TAkhy, 2: 2 312;sa cāha ||;PARTLY;+ evam - ah;Tantrasāra TantraS, 7: 7 12;tac ca brahmāṇḍavad asaṁkhyam ||;PARTLY;+ evam - asaṁkhya;Tantrasāra TantraS, 14: 14 2;sa ca vistīrṇaḥ tantrālokāt avadhāryaḥ ||;PARTLY;+ evam - avadhārya;Tantrasāra TantraS, 1: 1 9;tac ca śāstrapūrvakam ||;PARTLY;+ evam - pūrvaka;Vaiśeṣikasūtravṛtti VaiSūVṛ zu VaiśSū, 2, 2, 33.1: 61 4;na ca tāni vyañjakāni kutaḥ ||;PARTLY;+ evam - kutas;Vaiśeṣikasūtravṛtti VaiSūVṛ zu VaiśSū, 4, 2, 4: 122 2;tacca ||;PARTLY;+ evam - kutas;Vaiśeṣikasūtravṛtti VaiSūVṛ zu VaiśSū, 10, 20.1: 338 2;tasya cāmnāyāt samadhigama uktaḥ ||;PARTLY;+ evam - vac;Vārāhagṛhyasūtra VārGṛSū, 7: 7 20;parvasu caivaṁ syāt ||;PARTLY;+ tad - as;Viṁśatikāvṛtti ViṁVṛtti zu ViṁKār, 1, 15.2: 25 10;sa caiko na sidhyati ||;PARTLY;+ evam - sidh;Viṁśatikāvṛtti ViṁVṛtti zu ViṁKār, 1, 17.1: 29 3;na caivaṁ bhavati ||;PARTLY;+ tad - bhū;Viṣṇupurāṇa ViPur, 4, 3: 59 7;sā cainaṁ rasātalaṁ nītavatī ||;PARTLY;+ evam - nī;Viṣṇupurāṇa ViPur, 4, 3: 59 30;sā tasya bhāryā citāṁ kṛtvā tam ;PARTLY;+  - kṛ;Viṣṇupurāṇa ViPur, 4, 4: 60 51;apaśyacca tan māṁsaṁ mānuṣam ||;PARTLY;+ evam - mānuṣa;Viṣṇupurāṇa ViPur, 4, 6: 62 8;sa ca rājasūyam akarot ||;PARTLY;+ evam - kṛ;Viṣṇupurāṇa ViPur, 4, 6: 62 68;tāsāṁ cāpsarasām ūrvaśī kathayāmāsa ||;PARTLY;+ evam - kathay;Viṣṇupurāṇa ViPur, 4, 7: 63 13;tāṁ ca bhārgavaḥ ṛcīko vavre ||;PARTLY;+ evam - vṛ;Viṣṇupurāṇa ViPur, 4, 7: 63 32;anantaraṁ ca sā jamadagnim ajījanat ||;PARTLY;+ evam - jan;Viṣṇupurāṇa ViPur, 4, 7: 63 33;tanmātā ca viśvāmitraṁ janayāmāsa ||;PARTLY;+ evam - janay;Viṣṇupurāṇa ViPur, 4, 8: 64 2;tasyāṁ ca pañca putrān utpādayāmāsa ||;PARTLY;+ evam - utpāday;Viṣṇupurāṇa ViPur, 4, 12: 68 43;tataś cāṁśus tasmācca satvataḥ ||;PARTLY;+ evam - satvata;Viṣṇupurāṇa ViPur, 4, 13: 69 4;tayoś cāyaṁ śloko gīyate ||;PARTLY;+ evam - gā;Viṣṇupurāṇa ViPur, 4, 13: 69 87;evam uktaḥ so .py āha ||;PARTLY;+ ca - ah;Viṣṇupurāṇa ViPur, 4, 13: 69 103;sa tatraiva ca tasthau ||;PARTLY;+ evam - sthā;Viṣṇupurāṇa ViPur, 4, 14: 70 19;tāś ca sarvā vasudeva upayeme ||;PARTLY;+ evam - upayam;Viṣṇupurāṇa ViPur, 4, 14: 70 30;tasya ca ;PARTLY;+ evam - bhū;Viṣṇupurāṇa ViPur, 4, 14: 70 34;tāṁ ca pāṇḍur uvāha ||;PARTLY;+ evam - vah;Viṣṇupurāṇa ViPur, 4, 14: 70 45;tasyāṁ ca śiśupālam utpādayāmāsa ||;PARTLY;+ evam - utpāday;Viṣṇupurāṇa ViPur, 4, 18: 74 7;tasmācca mahāmanāḥ ||;PARTLY;+ evam - mahāmanas;Viṣṇupurāṇa ViPur, 4, 19: 75 43;tasmāc cāṇuhaḥ ||;PARTLY;+ evam - aṇuha;Viṣṇupurāṇa ViPur, 4, 19: 75 46;tataś ca viṣvaksenas tasmād udaksenaḥ ||;PARTLY;+ evam - udaksena;Viṣṇupurāṇa ViPur, 4, 19: 75 47;bhallābhas tasya cātmajaḥ ||;PARTLY;+ evam - ātmaja;Viṣṇupurāṇa ViPur, 4, 20: 76 16;tataś ca tam ūcur brāhmaṇāḥ ||;PARTLY;+ evam - brāhmaṇa;Viṣṇupurāṇa ViPur, 4, 21: 77 16;tasmācca kṣemakaḥ ||;PARTLY;+ evam - kṣemaka;Viṣṇupurāṇa ViPur, 4, 22: 78 10;tatputraśca sumitraḥ ||;PARTLY;+ evam - sumitra;Viṣṇupurāṇa ViPur, 4, 24: 80 6;tasya ca nandivardhanaḥ ||;PARTLY;+ evam - nandivardhana;Viṣṇupurāṇa ViPur, 4, 24: 80 11;tasya ca putraḥ kṣemadharmā ||;PARTLY;+ evam - kṣemadharman;Viṣṇupurāṇa ViPur, 4, 24: 80 16;tasmāccodayanaḥ ||;PARTLY;+ evam - udayana;Viṣṇusmṛti ViSmṛ, 2: 2 4;teṣāṁ ca dharmāḥ ||;PARTLY;+ evam - dharma;Viṣṇusmṛti ViSmṛ, 3: 3 34;taddūṣakāṁś ca hanyāt ||;PARTLY;+ evam - han;Viṣṇusmṛti ViSmṛ, 5: 5 46;tāṁ ca bibhṛyāt ||;PARTLY;+ evam - bhṛ;Viṣṇusmṛti ViSmṛ, 5: 5 59;sarve ca tatsvāmināṁ tadutpattim ||;PARTLY;+ evam - utpatti;Viṣṇusmṛti ViSmṛ, 5: 5 107;taccāpāsyāt ||;PARTLY;+ evam - apās;Viṣṇusmṛti ViSmṛ, 5: 5 109;tac ca yojayet ||;PARTLY;+ evam - yojay;Viṣṇusmṛti ViSmṛ, 5: 5 114;na ca tān jahyāt ||;PARTLY;+ evam - hā;Viṣṇusmṛti ViSmṛ, 5: 5 123;tadakūṭe kūṭavādinaś ca ||;PARTLY;+ evam - vādin;Viṣṇusmṛti ViSmṛ, 5: 5 168;tatsaṁvidaṁ yaś ca laṅghayet ||;PARTLY;+ evam - laṅghay;Viṣṇusmṛti ViSmṛ, 9: 9 24;sā ca na vāti vāyau ||;PARTLY;+ evam - vāyu;Viṣṇusmṛti ViSmṛ, 15: 15 12;sa ca pāṇigrāhasya ||;PARTLY;+ evam - pāṇigrāha;Viṣṇusmṛti ViSmṛ, 15: 15 17;sa ca pāṇigrāhasya ||;PARTLY;+ evam - pāṇigrāha;Viṣṇusmṛti ViSmṛ, 15: 15 21;sa ca yena krītaḥ ||;PARTLY;+ evam - krī;Viṣṇusmṛti ViSmṛ, 15: 15 23;sa ca yasyopagataḥ ||;PARTLY;+ evam - upagam;Viṣṇusmṛti ViSmṛ, 15: 15 26;sa ca yena gṛhītaḥ ||;PARTLY;+ evam - grah;Viṣṇusmṛti ViSmṛ, 15: 15 30;sa cānyān bibhṛyāt ||;PARTLY;+ evam - bhṛ;Viṣṇusmṛti ViSmṛ, 20: 20 13;sa ca pitāmahasyāhaḥ ||;PARTLY;+ evam - ahar;Viṣṇusmṛti ViSmṛ, 22: 22 60;tadaśrupātakārī ca ||;PARTLY;+ evam - kārin;Viṣṇusmṛti ViSmṛ, 35: 35 2;tatsaṁyogaśca ||;PARTLY;+ evam - saṁyoga;Viṣṇusmṛti ViSmṛ, 37: 37 17;tasya ca kanyādānam ||;PARTLY;+ evam - dāna;Viṣṇusmṛti ViSmṛ, 54: 54 22;taṁ ca bhūyaścopanayet ||;PARTLY;+ evam - upanī;Viṣṇusmṛti ViSmṛ, 96: 96 73;tanmūle ca dve ||;PARTLY;+ evam - dvi;Yogasūtra YS, 1: 1 28;tajjapas tadarthabhāvanam ||;PARTLY;+  - bhāvanā;Yogasūtrabhāṣya YSBhā zu YS, 2, 24.1: 68 7;sa tām āha ||;PARTLY;+  - ah;Yogasūtrabhāṣya YSBhā zu YS, 3, 44.1: 110 12;sa ca bhedābhedavivakṣitaḥ ||;PARTLY;+ evam - vivakṣ;
RAdhyṬ zu RAdhy, 69.2: 19;4 1;rasapala66 tāmracūrṇapala16 lavaṇapala2 sarvaṁ |;
RAdhyṬ zu RAdhy, 69.2: 19;5 1;eṣa ḍamarukanāmā vidyādharanāmā ca yantra ucyate ||;
RAdhyṬ zu RAdhy, 69.2: 19;6 1;tato yā upari sthālī tasyā bundhe bāhyapārśve gomayaṁ |;
RAdhyṬ zu RAdhy, 69.2: 19;7 1;tataḥ sūta uḍḍīyoparitanasthālyāṁ yāti ||;
RAdhyṬ zu RAdhy, 69.2: 19;8 1;tāmraṁ cādhaḥ sthālyāṁ tiṣṭhati ||;
RAdhyṬ zu RAdhy, 69.2: 19;9 1;evaṁ punaḥ punaḥ saptavāraṁ sūtotthāpane kṛte raso |;
RAdhyṬ zu RAdhy, 69.2: 19;10 1;vyāpako nāma tīkṣṇaḥ prasaraṇaśīlaś ca ||;
RAdhyṬ zu RAdhy, 69.2: 19;11 1;iti pātitarasasyotthāpanasaṁskāraḥ ṣaṣṭhaḥ ||;
RAdhyṬ zu RAdhy, 76.2: 20;1 1;śigrunāmno vṛkṣasya pattrāṇi gāḍhaṁ mṛkṣaṇopamānāni |;
RAdhyṬ zu RAdhy, 76.2: 20;2 1;tato.horātraṁ sthālyā adho.gnirjvālanīyaḥ ||;
RAdhyṬ zu RAdhy, 76.2: 20;3 1;tataḥ punarapi śigrupattrair navāṁ kulhaḍīṁ kṛtvā |;
RAdhyṬ zu RAdhy, 76.2: 20;4 1;yadi cāgretanaṁ kāñjikaṁ śuṣyati tathā punarnavaṁ |;
RAdhyṬ zu RAdhy, 76.2: 20;5 1;evaṁ saptabhirdinaiḥ saptabhiḥ kulhaḍībhiḥ saptavāraṁ |;
RAdhyṬ zu RAdhy, 76.2: 20;6 1;ityutthāpitarasasya svedanasaṁskāraḥ saptamaḥ ||;
RAdhyṬ zu RAdhy, 76.2: 20;7 1;granthāntare svedanam ||;Gūḍhārthadīpikā ŚGDīp zu ŚdhSaṁh, 2, 11, 20.2: 13 2;anyacca granthāntarāt ||;PARTLY;+ svedana - ca;Gūḍhārthadīpikā ŚGDīp zu ŚdhSaṁh, 2, 12, 96.2: 62 13;granthāntare kumudeśvaratvena kathitaḥ ||;PARTLY;+ svedana - kathay;Mugdhāvabodhinī MuA zu RHT, 1, 30.2: 28 3;granthāntare bālatve.pi vayobhedā vartante ||;PARTLY;+ svedana - vṛt;
RAdhyṬ zu RAdhy, 89.2: 21;1 1;uttarasyāṁ diśi yaḥ sthūlo raktaḥ saindhavakhoṭako |;
RAdhyṬ zu RAdhy, 89.2: 21;2 1;tasya madhyāt kīye chidraṁ ca vidhāya sveditaṁ rasaṁ |;
RAdhyṬ zu RAdhy, 89.2: 21;3 1;tatastasya chidrasyācchādanāyopari tādṛśa eva |;
RAdhyṬ zu RAdhy, 89.2: 21;4 1;atra ceyaṁ buddhiḥ ||;Rasādhyāyaṭīkā RAdhyṬ zu RAdhy, 42.2: 14 1;atra cāyamāmnāyaḥ ||;PARTLY;+ buddhi - āmnāya;Rasaratnasamuccayaṭīkā RRSṬīkā zu RRS, 10, 16.3: 144 9;atra nirvāhaṇaṁ cāsyāṁ mūṣāyāṁ kāryam ||;PARTLY;+ buddhi - kṛ;Vaiśeṣikasūtra VaiśSū, 7, 1: 13 3;idamevaṁguṇam idam evaṁguṇamiti coktam ||;PARTLY;+  - vac;Vaiśeṣikasūtra VaiśSū, 9: 16 21;asyedamiti buddhyapekṣatvāt ||;PARTLY;+  - tva;
RAdhyṬ zu RAdhy, 89.2: 21;5 1;yāvanmātraṁ chidramadhaḥkhoṭake bhavati tāvatī bhūmir |;
RAdhyṬ zu RAdhy, 89.2: 21;6 1;tasmiṁścopari datte tatsaindhavasampuṭaṁ bhavati ||;
RAdhyṬ zu RAdhy, 89.2: 21;7 1;tato bhūmau gajapramāṇāṁ gartāṁ kṛtvā tatra |;
RAdhyṬ zu RAdhy, 89.2: 21;8 1;tataḥ prabhāte niṣkāsya kāñjikena prakṣālya punaḥ |;
RAdhyṬ zu RAdhy, 89.2: 21;9 1;evaṁ saptavāraṁ saptadinaiḥ saptadinaiḥ saṁskāryaḥ ||;
RAdhyṬ zu RAdhy, 89.2: 21;10 1;tṛtīyadine sājīkṣāraḥ ||;
RAdhyṬ zu RAdhy, 89.2: 21;11 1;caturthe dine jhījarīṭakṣāraḥ ||;
RAdhyṬ zu RAdhy, 89.2: 21;12 1;pañcamadine hiṅgupuṣā ṣaṣṭhadine saptamadine |;
RAdhyṬ zu RAdhy, 89.2: 21;13 1;sarveṣāmupari nimbukarasaḥ kṣepya eva ||;
RAdhyṬ zu RAdhy, 89.2: 21;14 1;evaṁ kṛte.sau niyāmako raso.tīvāgniṁ sahate ||;
RAdhyṬ zu RAdhy, 89.2: 21;15 1;tathā kiṁcid udannabubhukṣo jihvāṁ calayati ||;
RAdhyṬ zu RAdhy, 89.2: 21;16 1;iti sveditarasasya niyāmakasaṁskāro.ṣṭamaḥ ||;
RAdhyṬ zu RAdhy, 92.2: 22;1 1;kācakumpikāyāṁ cikkaṇāṁ mṛdaṁ dattvā madhye |;
RAdhyṬ zu RAdhy, 92.2: 22;2 1;ko .rthaḥ loṣṭacātikāṁ dattvā ||;
RAdhyṬ zu RAdhy, 92.2: 22;3 1;uparikarpaṭaṁ mṛttikāṁ ca dattvā śoṣayet ||;
RAdhyṬ zu RAdhy, 92.2: 22;4 1;tato bhūmau gajapramāṇāṁ gartāṁ kṛtvā tatra kṣiptvopari |;
RAdhyṬ zu RAdhy, 92.2: 22;5 1;tataḥ punaḥ prabhāte rakṣāṁ kṛtvā navaṁ chagaṇacūrṇaṁ |;
RAdhyṬ zu RAdhy, 92.2: 22;6 1;evaṁ saptabhir dinaiḥ saptavāraṁ saṁskṛto.sau nirodhako |;
RAdhyṬ zu RAdhy, 92.2: 22;7 1;iti niyāmakasya nirodhakasaṁskāro navamaḥ ||;
RAdhyṬ zu RAdhy, 110.2: 23;1 1;suniṣpannabījapūrasya vṛntam utpāṭya madhye utkīrya |;
RAdhyṬ zu RAdhy, 110.2: 23;2 1;tataḥ punaḥ prabhāte navaṁ bījapūrakamānīya tathaiva |;
RAdhyṬ zu RAdhy, 110.2: 23;3 1;evaṁ saptabhir dinaiḥ saptavāraṁ navanavair mātuluṅgaiḥ |;
RAdhyṬ zu RAdhy, 110.2: 23;4 1;iti nirodhakarasasya mukhaprasāraṇasaṁskāro daśamaḥ ||;
RAdhyṬ zu RAdhy, 116.2: 24;1 1;iti dīpto viśuddhaḥ prabalataravidyucchaṭāsahasrābhaḥ |;
RAdhyṬ zu RAdhy, 116.2: 24;2 1;rasendro dravye.pi rasāyane yojyaḥ ||;
RAdhyṬ zu RAdhy, 116.2: 24;3 1;iti dīpanagranthāḥ ||;Āyurvedadīpikā ĀVDīp zu Ca, Vim., 8, 7.2: 200 11;ityadhyayanavidhiriti upasaṁharaṇam ||;PARTLY;+  - upasaṁharaṇa;Gopathabrāhmaṇa NEW GB, 1, 2, 2: 41 23;iti veti vā mukhaṁ viparidhāpayet ||;PARTLY;+  - viparidhāpay;Janmamaraṇavicāra JanMVic, 1: 1 144;ity evam antena granthena ||;PARTLY;+ dīpana - anta;Nibandhasaṁgraha NiSaṁ zu Su, Cik., 29, 12.32: -1 16;eveti ityatra anutsvādayan ||;PARTLY;+  - anutsvādayat;Nibandhasaṁgraha NiSaṁ zu Su, Sū., 1, 24.1: -1 4;ityāha prākkila vyālā iti vyākhyātāḥ ||;PARTLY;+  - prāñc;Rasādhyāyaṭīkā RAdhyṬ zu RAdhy, 237.2: 46 6;iti vyoṣarājiḥ kāṁsyarājir ityarthaḥ ||;PARTLY;+  - artha;Rasaratnasamuccayabodhinī RRSBoṬ zu RRS, 8, 70.2: 97 1;dīpanamāha dhātviti ||;PARTLY;+ grantha - dhātu;Śāṅkhāyanāraṇyaka ŚāĀr, 5, 3: 51 11;ityevaṁ hi paśyāma iti ||;PARTLY;+  - dṛś;
RAdhyṬ zu RAdhy, 120.2: 25;1 1;kācakumpikāmadhye prasāritamukhaṁ rasaṁ palam ekaṁ |;
RAdhyṬ zu RAdhy, 120.2: 25;2 1;tataḥ pṛthulamukhāyāṁ kuṇḍikāyāṁ vālukāṁ kṣiptvopari |;
RAdhyṬ zu RAdhy, 120.2: 25;3 1;atra tv ayamāmnāyaḥ ||;Rasādhyāyaṭīkā RAdhyṬ zu RAdhy, 42.2: 14 1;atra cāyamāmnāyaḥ ||;PARTLY;+ tu - ca;Rasādhyāyaṭīkā RAdhyṬ zu RAdhy, 52.1: 17 3;ayamatrāmnāyaḥ ||;PARTLY;+ tu - utthāpana;Rasādhyāyaṭīkā RAdhyṬ zu RAdhy, 195.2: 35 1;atrāpyayamāmnāyaḥ ||;PARTLY;+ tu - api;
RAdhyṬ zu RAdhy, 120.2: 25;4 1;kuṇḍikāyāṁ tathā vālukā kṣepyā yathā tasyā upari |;
RAdhyṬ zu RAdhy, 120.2: 25;5 1;tathā rasapala 64 lavaṇapala 2 dhānyābhrakapala 1 iti |;
RAdhyṬ zu RAdhy, 120.2: 25;6 1;tatastāṁ kumpīm bhaṅktvā rasaṁ gṛhītvā punarapi |;
RAdhyṬ zu RAdhy, 120.2: 25;7 1;evamaṣṭabhir dinair aṣṭabhiḥ kumpikābhir |;
RAdhyṬ zu RAdhy, 120.2: 25;8 1;tato.sau gaganagrāsanāmā pāradaḥ procyate ||;
RAdhyṬ zu RAdhy, 137.2: 26;1 1;atrāmnāyaḥ ||;
RAdhyṬ zu RAdhy, 137.2: 26;2 1;pūrvam abhrakair akhaṇḍavrīhibhiḥ |;
RAdhyṬ zu RAdhy, 137.2: 26;3 1;tac ca śoṣayitvā ślakṣṇacūrṇaṁ gṛhyate ||;
RAdhyṬ zu RAdhy, 137.2: 26;4 1;idaṁ ca bhūmikāyāṁ kṣiptaṁ sūkṣmatvāt tatra lagati ||;
RAdhyṬ zu RAdhy, 137.2: 26;5 1;rasajñās tv etaṁ dhānyābhrakaṁ vadanti ||;
RAdhyṬ zu RAdhy, 137.2: 26;6 1;tathā pāradāddviguṇe dhānyābhrakeṇa jīrṇe.gniṁ |;
RAdhyṬ zu RAdhy, 137.2: 26;7 1;caturguṇe dhānyābhrake jīrṇe dhūmarūpeṇa na yāti ||;
RAdhyṬ zu RAdhy, 137.2: 26;8 1;kiṁtu haṭhāgniyoge mūṣāyām uḍḍīya bahiḥ patati ||;
RAdhyṬ zu RAdhy, 137.2: 26;9 1;ṣaḍguṇe dhānyābhrake jīrṇe bahiruḍḍīya na yāti ||;
RAdhyṬ zu RAdhy, 137.2: 26;10 1;kiṁtu mūṣāmadhye kampate ||;
RAdhyṬ zu RAdhy, 137.2: 26;11 1;aṣṭaguṇe jīrṇe haṭhena dhmāto hi suvarṇavat sthirībhavati |;
RAdhyṬ zu RAdhy, 137.2: 26;12 1;tato mahāgnisahena tena rasena rūpyagadyāṇakapattram |;
RAdhyṬ zu RAdhy, 137.2: 26;13 1;tadā daśavarṇaṁ suvarṇaṁ suvarṇaṁ bhavati ||;
RAdhyṬ zu RAdhy, 137.2: 26;14 1;iti prasārite mukhasya rasasya gaganagrāsajāraṇaṁ |;
RAdhyṬ zu RAdhy, 150.2: 27;1 1;yasmin lohakhalve catvāraḥ pādā mañcikayābhibhavanti sa |;
RAdhyṬ zu RAdhy, 150.2: 27;2 1;tasmin lohakhalve grastābhrakasūtaṁ tathā |;
RAdhyṬ zu RAdhy, 150.2: 27;3 1;adhaśca komalāgnir jvālayet ||;Rasādhyāyaṭīkā RAdhyṬ zu RAdhy, 153.2: 28 3;adhaśca komalāgnir jvālayet ||;GOOD;;Rasādhyāyaṭīkā RAdhyṬ zu RAdhy, 150.2: 27 5;adhaścāgnir jvālanīyaḥ ||;PARTLY;+ komala - prathama;
RAdhyṬ zu RAdhy, 150.2: 27;4 1;evaṁ kurvatā yadi kāntalohacūrṇacatuḥṣaṣṭitamo jīrṇo |;
RAdhyṬ zu RAdhy, 150.2: 27;5 1;adhaścāgnir jvālanīyaḥ ||;Rasādhyāyaṭīkā RAdhyṬ zu RAdhy, 150.2: 27 3;adhaśca komalāgnir jvālayet ||;GOOD;;Rasādhyāyaṭīkā RAdhyṬ zu RAdhy, 153.2: 28 3;adhaśca komalāgnir jvālayet ||;GOOD;;Rasādhyāyaṭīkā RAdhyṬ zu RAdhy, 76.2: 20 2;tato.horātraṁ sthālyā adho.gnirjvālanīyaḥ ||;PARTLY;+ ca - sthālī;
RAdhyṬ zu RAdhy, 150.2: 27;6 1;evaṁ pūrvakṣipte lohacūrṇe jīrṇe punaḥ punas tāvac |;
RAdhyṬ zu RAdhy, 150.2: 27;7 1;yāvat sūtād aṣṭaguṇalohacūrṇe jīryati ||;
RAdhyṬ zu RAdhy, 150.2: 27;8 1;ityarthaṁ lohacūrṇasya kaṣāyeṇa rasaḥ pāśitaḥ san |;
RAdhyṬ zu RAdhy, 150.2: 27;9 1;tathā rāgāṁśca sahate ||;
RAdhyṬ zu RAdhy, 150.2: 27;10 1;atha prakāśādikarājirāgāś ca jīryati ||;
RAdhyṬ zu RAdhy, 150.2: 27;11 1;atra ca yadi kāntalohaṁ na labhyate tadā tīkṣṇāyasaṁ |;
RAdhyṬ zu RAdhy, 150.2: 27;12 1;tathāyatvagheraṁ thūthakaṁ tat kāñjikena saṁghṛṣya |;
RAdhyṬ zu RAdhy, 150.2: 27;13 1;etat thūthāviḍam ityucyate ||;
RAdhyṬ zu RAdhy, 150.2: 27;14 1;agre.pi sarvatra thūthāviḍe śabdenedameva jñeyam ||;
RAdhyṬ zu RAdhy, 150.2: 27;15 1;iti grastābhrakasūtasya lohajāraṇaṁ dvitīyam ||;
RAdhyṬ zu RAdhy, 153.2: 28;1 1;pūrvokte ca catuṣpāde lohakhalve jīrṇalohaṁ rasaṁ tathā ||;
RAdhyṬ zu RAdhy, 153.2: 28;2 1;catuḥṣaṣṭitamabhāgena ayaḥprakāśirājicūrṇaṁ ca kṣiptvā |;
RAdhyṬ zu RAdhy, 153.2: 28;3 1;adhaśca komalāgnir jvālayet ||;Rasādhyāyaṭīkā RAdhyṬ zu RAdhy, 150.2: 27 3;adhaśca komalāgnir jvālayet ||;GOOD;;Rasādhyāyaṭīkā RAdhyṬ zu RAdhy, 150.2: 27 5;adhaścāgnir jvālanīyaḥ ||;PARTLY;+ komala - prathama;
RAdhyṬ zu RAdhy, 153.2: 28;4 1;agretanakṣiptāyaḥprakāśaṁ cūrṇe ca jīrṇe punas |;
RAdhyṬ zu RAdhy, 153.2: 28;5 1;evaṁ ca yadi rasād aṣṭaguṇāyaḥprakāśarājijīrṇā bhavati ||;
RAdhyṬ zu RAdhy, 153.2: 28;6 1;tadā sūtaḥ pīto bhavet ||;
RAdhyṬ zu RAdhy, 153.2: 28;7 1;tataḥ sūtasya raktatānimittaṁ vakṣyamāṇarītyā hemarājiṁ |;
RAdhyṬ zu RAdhy, 153.2: 28;8 1;iti jīrṇalohasūtasyāyaḥprakāśarājijāraṇaṁ tṛtīyam ||;
RAdhyṬ zu RAdhy, 153.2: 28;9 1;rājisvarūpaṁ cāgre svayaṁ sa ca vyākhyāsyati ||;
RAdhyṬ zu RAdhy, 156.1: 29;1 1;svarṇasyotpādanārthaṁ ca jāryaḥ śuddho hi gandhakaḥ ||;
RAdhyṬ zu RAdhy, 156.1: 29;2 1;yathā ayaḥprakāśarājirjāraṇā tathā hemarājerapi jāraṇā |;
RAdhyṬ zu RAdhy, 156.1: 29;3 1;pāradādaṣṭaguṇā ca śeṣaṁ spaṣṭam ||;
RAdhyṬ zu RAdhy, 156.1: 29;4 1;iti jīrṇāyaḥprakāśakarājisūtasya hemarājijāraṇaṁ caturtham |;
RAdhyṬ zu RAdhy, 161.2: 30;1 1;iha kūpavalloṣṭabandhaḥ kāñcikahastamāno garte sudhāyāś |;
RAdhyṬ zu RAdhy, 161.2: 30;2 1;bhūdharanāmāyaṁ yantraḥ procyate ||;
RAdhyṬ zu RAdhy, 161.2: 30;3 1;tataḥ kācaliptamṛttikākāṁsyaṁ śarāve jīrṇe hemarājiṁ |;
RAdhyṬ zu RAdhy, 161.2: 30;4 1;śuddhaṁ gandhakasvarūpaṁ ca gurumukhād avajñeyam |;
RAdhyṬ zu RAdhy, 161.2: 30;5 1;yataḥ sarvasminn apyatra granthe .nyatrāpi ca |;
RAdhyṬ zu RAdhy, 161.2: 30;6 1;ata eva sarvatra gandhakaśuddhiyuktir gopitaiṣeti jñeyam |;
RAdhyṬ zu RAdhy, 161.2: 30;7 1;sadoṣe ca gandhake jārite na kāryasiddhiriti tu |;
RAdhyṬ zu RAdhy, 161.2: 30;8 1;tathā pūrvakṣiptagandhakaṣoḍaśabhāge jīrṇe punaḥ |;
RAdhyṬ zu RAdhy, 161.2: 30;9 1;evaṁ ca rasāt ṣaḍguṇaśuddhagandhake jīrṇe .tīvaraktaḥ |;
RAdhyṬ zu RAdhy, 161.2: 30;10 1;tena ca rasena rūpyaṁ tāmraṁ lohaṁ vaṅgaṁ nāgaṁ |;
RAdhyṬ zu RAdhy, 161.2: 30;11 1;iti jīrṇahemarājisūtasya gandhakajāraṇaṁ pañcamam ||;
RAdhyṬ zu RAdhy, 166.2: 31;1 1;iha khaṭikā ||;
RAdhyṬ zu RAdhy, 166.2: 31;2 1;lavaṇam ||;
RAdhyṬ zu RAdhy, 166.2: 31;3 1;tūrī ||;
RAdhyṬ zu RAdhy, 166.2: 31;4 1;gairikavarṇikājīkaka ityetābhiḥ pañcabhir mṛttikābhiḥ |;
RAdhyṬ zu RAdhy, 166.2: 31;5 1;kanakapattrāṇi kāñjikena kledayitvā |;
RAdhyṬ zu RAdhy, 166.2: 31;6 1;tadā punar dvitīyavāraṁ chagaṇakhaṇḍakapūrṇaḥ puṭo |;
RAdhyṬ zu RAdhy, 166.2: 31;7 1;evaṁ yadi malādhikyaṁ tadā tṛtīyo deyaḥ ||;
RAdhyṬ zu RAdhy, 166.2: 31;8 1;evaṁ citrakṣaṭakhaṭikayāpi golakakhaṭikayā vā |;
RAdhyṬ zu RAdhy, 166.2: 31;9 1;atha yadyeva jñāyate ||;
RAdhyṬ zu RAdhy, 166.2: 31;10 1;evaṁ kṛte.pi sarvathā na śuddhaṁ dravyaṁ yadi |;
RAdhyṬ zu RAdhy, 166.2: 31;11 1;iti pañcamṛtsnābhiḥ sarvadoṣaśuddhiḥ ||;
RAdhyṬ zu RAdhy, 166.2: 31;12 1;tathā caturdaśavaṇikādaśīkādaśayanavāś ceti sampratikale |;
RAdhyṬ zu RAdhy, 166.2: 31;13 1;tathā śodhanacūrṇaṁ yadi dhmāyate tadā yo |;
RAdhyṬ zu RAdhy, 166.2: 31;14 1;tathā rūpyaṁ karpare kṣiptvoparisīsakaṁ kṣipyate.dho |;
RAdhyṬ zu RAdhy, 166.2: 31;15 1;śuddharūpyarasaśca yadi bhrāntas tiṣṭhati tadā jñeyaṁ |;
RAdhyṬ zu RAdhy, 166.2: 31;16 1;rakṣāyāṁ dhyātāyāṁ cīrṇatāmṛdi dhātavo labhyante ||;
RAdhyṬ zu RAdhy, 166.2: 31;17 1;ityādivijñamukhair jñeyam ||;
RAdhyṬ zu RAdhy, 166.2: 31;18 1;atha mūlagranthavyākhyā ||;
RAdhyṬ zu RAdhy, 166.2: 31;19 1;bhūdharayantre śarāvasampuṭe jīrṇaṁ gandhakaṁ rasaṁ |;
RAdhyṬ zu RAdhy, 166.2: 31;20 1;evaṁ punaḥ punaḥ kṣepaṇasūtatulyaṁ manaḥśilāsattvaṁ |;
RAdhyṬ zu RAdhy, 166.2: 31;21 1;na hīnaṁ na cādhikam ||;
RAdhyṬ zu RAdhy, 166.2: 31;22 1;evaṁ manaḥśilāsattve jīrṇe pāradena |;
RAdhyṬ zu RAdhy, 166.2: 31;23 1;tacca hema pañcabhir mṛttikābhiḥ śodhanikāṁ sahate ||;
RAdhyṬ zu RAdhy, 166.2: 31;24 1;tathādādyachedakaṣāvarttaśodhanaśuddhaṁ ca jāyate ||;
RAdhyṬ zu RAdhy, 166.2: 31;25 1;iti jīrṇagandhakasūtasya manaḥśilāsattvajāraṇaṁ ṣaṣṭham |;
RAdhyṬ zu RAdhy, 166.2: 31;26 1;etāvadbhiḥ saṁskāraiḥ saṁskṛto raso lohasādhaka eva ||;
RAdhyṬ zu RAdhy, 166.2: 31;27 1;ataḥ paraṁ ca ye saṁskārā yāni ca jāraṇāni tāni |;
RAdhyṬ zu RAdhy, 166.2: 31;28 1;tatra saptamaṁ khāparasattvajāraṇam āha ||;
RAdhyṬ zu RAdhy, 169.2: 32;1 1;catuṣpāde lohaṣairaleṣāparasūtvaṁ tasmāccatuḥṣaṣṭiguṇaṁ |;
RAdhyṬ zu RAdhy, 169.2: 32;2 1;atratane ca khāparasattve jīrṇe punaḥ 64 bhāgena tadeva |;
RAdhyṬ zu RAdhy, 169.2: 32;3 1;evaṁ punaḥ punaḥ kṣiptvā rasādaṣṭaguṇaṁ |;
RAdhyṬ zu RAdhy, 169.2: 32;4 1;tataḥ pāradaḥ sasneho vā saṁpratyūrdhvam |;
RAdhyṬ zu RAdhy, 169.2: 32;5 1;iti jīrṇaśilāsattvasya tasya khāparasattvajāraṇaṁ saptamam |;
RAdhyṬ zu RAdhy, 172.2: 33;1 1;ilāgre tribhiḥ prakārairannapathahīrakāṇāṁ niṣpattiṁ |;
RAdhyṬ zu RAdhy, 172.2: 33;2 1;tatas teṣāṁ prakāratrayāṇāṁ |;
RAdhyṬ zu RAdhy, 172.2: 33;3 1;tāvat yāvatā sarvaṁ hīrakabhasma jīryati ||;
RAdhyṬ zu RAdhy, 172.2: 33;4 1;tato hīrake jīrṇe sati rasaḥ sarvavyāpīti dehalohavyāpako |;
RAdhyṬ zu RAdhy, 172.2: 33;5 1;iti jīrṇakhāparasattvasūtasyānnapathahīrake |;
RAdhyṬ zu RAdhy, 191.2: 34;1 1;athānyamate viḍāni ||;Rasādhyāyaṭīkā RAdhyṬ zu RAdhy, 49.2: 16 1;anyamatamathotthāpanam ||;PARTLY;+ viḍa - utthāpana;
RAdhyṬ zu RAdhy, 191.2: 34;2 1;atha jāryavastūnāṁ jīrṇājīrṇatvajñānopāyam āha ||;
RAdhyṬ zu RAdhy, 195.2: 35;1 1;atrāpyayamāmnāyaḥ ||;Rasādhyāyaṭīkā RAdhyṬ zu RAdhy, 42.2: 14 1;atra cāyamāmnāyaḥ ||;PARTLY;+ api - ca;Rasādhyāyaṭīkā RAdhyṬ zu RAdhy, 52.1: 17 3;ayamatrāmnāyaḥ ||;PARTLY;+ api - utthāpana;Rasādhyāyaṭīkā RAdhyṬ zu RAdhy, 120.2: 25 3;atra tv ayamāmnāyaḥ ||;PARTLY;+ api - tu;
RAdhyṬ zu RAdhy, 195.2: 35;2 1;ihānantaraproktaṁ dhānyābhrakādīnām [... au2 Zeichenjh] |;
RAdhyṬ zu RAdhy, 195.2: 35;3 1;prathamo garbhaḥ dvitīyaḥ piṇḍastṛtīyaḥ pariṇāmaka iti |;
RAdhyṬ zu RAdhy, 195.2: 35;4 1;tadyathā jāryaṁ vastu jārayitvā raso vastreṇa gālyate tato |;
RAdhyṬ zu RAdhy, 195.2: 35;5 1;tataḥ punarapi saraś carubhyate tadeva kharale kṣiptvā |;
RAdhyṬ zu RAdhy, 195.2: 35;6 1;ayaṁ bhāvo jāraṇā yena vidhinā pūrvaṁ bhaṇitāsti sā tena |;
RAdhyṬ zu RAdhy, 195.2: 35;7 1;tato yadi vastrātpūrvo .pi niḥsarati nanu kiṁcil lagati paraṁ |;
RAdhyṬ zu RAdhy, 195.2: 35;8 1;adyāpi sarvathā na jīrṇamauṣadhamityarthaḥ ||;
RAdhyṬ zu RAdhy, 195.2: 35;9 1;tataḥ punarapi yathā bhaṇitāsti tathaiva |;
RAdhyṬ zu RAdhy, 195.2: 35;10 1;yadi vastrānniḥsṛto gālitaḥ sannijataulye tiṣṭhati tadā |;
RAdhyṬ zu RAdhy, 195.2: 35;11 1;rasenauṣadhasarvathājīrṇa ityarthaḥ ||;Rasādhyāyaṭīkā RAdhyṬ zu RAdhy, 195.2: 35 8;adyāpi sarvathā na jīrṇamauṣadhamityarthaḥ ||;PARTLY;+ rasa - na;
RAdhyṬ zu RAdhy, 195.2: 35;12 1;atrādyam etad dvayameva śuddhakṛto yo bhedaḥ śuddhaḥ |;
RAdhyṬ zu RAdhy, 195.2: 35;13 1;iti jāryāṇāṁ jīrṇalakṣaṇādhikāraḥ ||;
RAdhyṬ zu RAdhy, 195.2: 35;14 1;iti sāraṇasamāptaḥ ||;Acintyastava Acintyastava, 1: 1 60;ity acintyastavaḥ samāptaḥ ||;PARTLY;+ sāraṇa - acintyastava;Āyurvedadīpikā ĀVDīp zu Ca, Vim., 8, 7.2: 200 11;ityadhyayanavidhiriti upasaṁharaṇam ||;PARTLY;+  - upasaṁharaṇa;Gopathabrāhmaṇa NEW GB, 1, 2, 2: 41 23;iti veti vā mukhaṁ viparidhāpayet ||;PARTLY;+  - viparidhāpay;Nibandhasaṁgraha NiSaṁ zu Su, Cik., 29, 12.32: -1 16;eveti ityatra anutsvādayan ||;PARTLY;+  - anutsvādayat;Nibandhasaṁgraha NiSaṁ zu Su, Sū., 1, 24.1: -1 4;ityāha prākkila vyālā iti vyākhyātāḥ ||;PARTLY;+  - prāñc;Rasādhyāyaṭīkā RAdhyṬ zu RAdhy, 208.2: 38 5;iti baddhasūtasya sāraṇasaṁskārastrayodaśaḥ ||;PARTLY;+ samāp - trayodaśa;Rasādhyāyaṭīkā RAdhyṬ zu RAdhy, 230.2: 44 9;iti sarvotkṛṣṭā hemarājiḥ samāptaḥ ||;PARTLY;+ sāraṇa - hemarāji;Rasādhyāyaṭīkā RAdhyṬ zu RAdhy, 237.2: 46 6;iti vyoṣarājiḥ kāṁsyarājir ityarthaḥ ||;PARTLY;+  - artha;Śāṅkhāyanāraṇyaka ŚāĀr, 5, 3: 51 11;ityevaṁ hi paśyāma iti ||;PARTLY;+  - dṛś;
RAdhyṬ zu RAdhy, 195.2: 35;15 1;ityevam aṣṭabhiḥ saṁskārair ekādaśo jāraṇāsaṁskāraḥ ||;
RAdhyṬ zu RAdhy, 202.2: 36;1 1;iha kumbhasya tale chidram aṅgulipraveśayogyaṁ kṛtvā |;
RAdhyṬ zu RAdhy, 202.2: 36;2 1;tatra kṣiptauṣadharaso galatītyarthaḥ ||;
RAdhyṬ zu RAdhy, 202.2: 36;3 1;tataḥ sthālikāmadhye jīrṇadorakaṁ pāradaṁ kṣiptvā upari |;
RAdhyṬ zu RAdhy, 202.2: 36;4 1;tasyāścopari galadghaṭī kumbhomumutkā |;
RAdhyṬ zu RAdhy, 202.2: 36;5 1;tataḥ sthālikāyā adhastāc caturo yāmān haṭhāgnir |;
RAdhyṬ zu RAdhy, 202.2: 36;6 1;evaṁ ca yathā yathā kumbhamadhyāḍḍhaṅkaṇī chidreṇa |;
RAdhyṬ zu RAdhy, 202.2: 36;7 1;tataśca tatsūtabhasma madhvājyaṭaṅkaṇaiḥ sākaṁ |;
RAdhyṬ zu RAdhy, 202.2: 36;8 1;tataḥ pārado dhmātaḥ san badhyate ||;
RAdhyṬ zu RAdhy, 202.2: 36;9 1;ko .rthaḥ anekaśo .tyarthaṁ dhmāto.pi niścalo bhavati na |;
RAdhyṬ zu RAdhy, 202.2: 36;10 1;yaḥ pārado jāryamāṇaḥ san badhyate svayameva |;
RAdhyṬ zu RAdhy, 202.2: 36;11 1;sa ca dehalohānāṁ vedhakaḥ syāt ||;
RAdhyṬ zu RAdhy, 202.2: 36;12 1;tadedaṁ pūrvoktayuktyāsau siddharaso niṣpannaḥ ||;
RAdhyṬ zu RAdhy, 202.2: 36;13 1;atha siddharasasya phalamāha ||;
RAdhyṬ zu RAdhy, 206.2: 37;1 1;mṛgasya netre akṛṣṇarasenābhyete ||;
RAdhyṬ zu RAdhy, 206.2: 37;2 1;netrayoḥ pīḍā naśyati ||;
RAdhyṬ zu RAdhy, 206.2: 37;3 1;andhacakṣuṣi siddharasāñjane kṛte.ndhaḥ paśyati ||;
RAdhyṬ zu RAdhy, 206.2: 37;4 1;tathā yasya mukhe siddharasaguṭikā tiṣṭhati tasyākāśe gatir |;
RAdhyṬ zu RAdhy, 206.2: 37;5 1;tathā siddharase mukhe sthite viṣeṇa na mriyate ||;
RAdhyṬ zu RAdhy, 206.2: 37;6 1;agninā na dahyate ||;Divyāvadāna Divyāv, 19: 19 172;agninā na dagdhaḥ ||;GOOD;;Divyāvadāna Divyāv, 19: 19 177;agnināpi na dagdhaḥ ||;GOOD;;Aitareyabrāhmaṇa AitBr, 6, 15: 202 8;na parā jayethe na parā jigya iti ||;PARTLY;+  - iti;Atharvaveda Śaunaka) AVŚ, 11, 3: 461 30;naivāham odanaṁ na mām odanaḥ ||;PARTLY;+  - odana;Āyurvedadīpikā ĀVDīp zu Ca, 1, Cik., 4, 26.2: 348 6;agnisamāmiti agnyanurūpām ||;PARTLY;+  - anurūpa;Ayurvedarasāyana Ayurvedarasāyana zu AHS, Sū., 16, 11.2: 53 2;dagdhaḥ agninā ||;PARTLY;+ na - majjan;Baudhāyanadharmasūtra BaudhDhSū, 1, 3: 3 29;nāsīno nāsīnāya na śayāno na śayānāya nāprayato ;PARTLY;+  - aprayata;Kauśikasūtra Kauśikasūtra, 1, 1: 1 29;nāgniṁ viparyāvarteta ||;PARTLY;+ dah - viparyāvṛt;Kauśikasūtra Kauśikasūtra, 2, 7: 16 13;agnim ityagnim ||;PARTLY;+  - iti;Khādiragṛhyasūtra KhGṛS, 2, 5: 7 7;nācariṣyantaṁ saṁvatsaram ||;PARTLY;+  - saṁvatsara;Khādiragṛhyasūtra KhGṛS, 2, 5: 7 13;nāsya kāme retas skandet ||;PARTLY;+  - skand;Khādiragṛhyasūtra KhGṛS, 2, 5: 7 14;na goyuktam ārohet ||;PARTLY;+  - āruh;Khādiragṛhyasūtra KhGṛS, 2, 5: 7 15;na grāma upānahau ||;PARTLY;+  - upānah;Khādiragṛhyasūtra KhGṛS, 2, 5: 7 18;nādityavratam ekeṣām ||;PARTLY;+  - eka;Khādiragṛhyasūtra KhGṛS, 2, 5: 7 21;na cāpo cāpo cāpo cāpo .bhyupayanti ||;PARTLY;+  - abhyupe;Maitrāyaṇīsaṁhitā MS, 1, 2, 1: 3 15;agnā āyūṁṣi pavase .gnir ṛṣir agne pavasva ||;PARTLY;+  - ṛṣi;Maitrāyaṇīsaṁhitā MS, 1, 2, 10: 12 2;agnir jyotir jyotir agniḥ svāhā ||;PARTLY;+  - svāhā;Maitrāyaṇīsaṁhitā MS, 3, 2, 1: 21 39;nāgner adhi parāṅ paryāvarteta ||;PARTLY;+ dah - paryāvṛt;Nyāyasūtra NyāSū, 4, 1: 7 48;nāsanna sanna sadasat sadasator vaidharmyāt ||;PARTLY;+  - vaidharmya;Rasādhyāyaṭīkā RAdhyṬ zu RAdhy, 166.2: 31 21;na hīnaṁ na cādhikam ||;PARTLY;+  - adhika;Śāṅkhāyanāraṇyaka ŚāĀr, 1, 8: 8 24;naivaṁ viduṣo .vatardo naivaṁ viduṣo .vatardaḥ ||;PARTLY;+  - avatarda;Viṁśatikāvṛtti ViṁVṛtti zu ViṁKār, 1, 2.2: 2 10;na khalu na yujyate yasmāt ||;PARTLY;+  - yasmāt;Viṁśatikāvṛtti ViṁVṛtti zu ViṁKār, 1, 5.2: 8 6;na te na sambhavantyeva ||;PARTLY;+  - eva;Viṣṇusmṛti ViSmṛ, 22: 22 28;nāsyāgnisaṁskāro nodakakriyā ||;PARTLY;+  - udakakriyā;Viṣṇusmṛti ViSmṛ, 48: 48 2;na tato .gnau juhuyāt ||;PARTLY;+ dah - hu;Viṣṇusmṛti ViSmṛ, 70: 70 9;na vidyuddagdhakṛte ||;PARTLY;+ agni - kṛ;Viṣṇusmṛti ViSmṛ, 70: 70 11;nāgnipṛṣṭhe ||;PARTLY;+ dah - pṛṣṭha;Viṣṇusmṛti ViSmṛ, 71: 71 10;na nāstītyabhibhāṣeta ||;PARTLY;+  - abhibhāṣ;Viṣṇusmṛti ViSmṛ, 71: 71 32;nāmedhyam agnau prakṣipet ||;PARTLY;+ dah - prakṣip;Viṣṇusmṛti ViSmṛ, 71: 71 36;nāgniṁ laṅghayet ||;PARTLY;+ dah - laṅghay;
RAdhyṬ zu RAdhy, 206.2: 37;7 1;ākāśe siddharasavidyaśca bhavati ||;
RAdhyṬ zu RAdhy, 206.2: 37;8 1;mṛto mūrchitaḥ san tatkṣaṇājjīvati ||;
RAdhyṬ zu RAdhy, 206.2: 37;9 1;tathā maṇimantramahauṣadhebhyo .pi siddharasasya |;
RAdhyṬ zu RAdhy, 206.2: 37;10 1;asau mṛtajīvano nāma rasabandhaḥ kathitaḥ ||;
RAdhyṬ zu RAdhy, 206.2: 37;11 1;ko .rthaḥ mṛta iva mṛtaḥ ||;
RAdhyṬ zu RAdhy, 206.2: 37;12 1;sarpadaṁśavahnidāhajalaplāvaśastraghātaviṣādiduṣṭapray|;
RAdhyṬ zu RAdhy, 206.2: 37;13 1;iti jīrṇavajrasūtasya bandhasaṁskāro dvādaśaḥ ||;
RAdhyṬ zu RAdhy, 208.2: 38;1 1;pūrvoktayuktyā baddhasūtasya catuḥṣaṣṭipalāni gālayitvā |;
RAdhyṬ zu RAdhy, 208.2: 38;2 1;tatastāni hemarājicatuḥṣaṣṭipalāni |;
RAdhyṬ zu RAdhy, 208.2: 38;3 1;tata ubhayaṁ militvā raktaṣoṭo bhavati ||;
RAdhyṬ zu RAdhy, 208.2: 38;4 1;evameṣa sāraṇasaṁskāraḥ procyate ||;
RAdhyṬ zu RAdhy, 208.2: 38;5 1;iti baddhasūtasya sāraṇasaṁskārastrayodaśaḥ ||;
RAdhyṬ zu RAdhy, 214.2: 39;1 1;iha sāraṇasaṁskāre kṛte yāvanto raktaṣoṭasya gadyāṇā |;
RAdhyṬ zu RAdhy, 214.2: 39;2 1;yadi ca jvalitā svayaṁ śītalaṁ bhavati tadā kūpīmadhyāt sa |;
RAdhyṬ zu RAdhy, 214.2: 39;3 1;etanmāraṇam ucyate ||;Āśvalāyanagṛhyasūtra ĀśGS, 1, 1: 1 1;uktāni vaitānikāni gṛhyāni vakṣyāmaḥ ||;PARTLY;+  - gṛhya;Āyurvedadīpikā ĀVDīp zu Ca, Sū., 27, 177.2: 121 21;etānīti haritavargoktāni ||;PARTLY;+ māraṇa - varga;Ayurvedarasāyana Ayurvedarasāyana zu AHS, Sū., 9, 23.1: 27 33;ity etan nidarśanamātram uktam ||;PARTLY;+ māraṇa - mātra;Ayurvedarasāyana Ayurvedarasāyana zu AHS, Sū., 15, 7.2: 40 2;ete sapta gaṇā vakṣyamāṇāḥ ||;PARTLY;+ māraṇa - gaṇa;Daśakumāracarita DKCar, 2, 2: 7 145;atha mayoktam astyetat ||;PARTLY;+ māraṇa - as;Gopathabrāhmaṇa NEW GB, 1, 1, 9: 9 6;tadapyetadṛcoktam ||;PARTLY;+ māraṇa - ṛc;Gopathabrāhmaṇa NEW GB, 1, 1, 12: 12 8;tad apy etad ṛcoktam ||;PARTLY;+ māraṇa - ṛc;Gopathabrāhmaṇa NEW GB, 1, 1, 22: 22 10;tad apy etadṛcoktam ||;PARTLY;+ māraṇa - ṛc;Gopathabrāhmaṇa NEW GB, 1, 1, 29: 29 25;etasmād vyāsaḥ purovāca ||;PARTLY;+ māraṇa - purā;Khādiragṛhyasūtra KhGṛS, 2, 5: 7 6;uktam upanayanam ||;PARTLY;+  - upanayana;Mṛgendraṭīkā MṛgṬīkā zu MṛgT, Vidyāpāda, 1, 1.2: 1 46;etac ca yathāvasaraṁ vakṣyāmaḥ ||;PARTLY;+ māraṇa - yathāvasaram;Parāśarasmṛtiṭīkā Parāśarasmṛtiṭīkā zu ParDhSmṛti, 2, 15.2: 16 548;etaduktaṁ bhavati ||;PARTLY;+ māraṇa - bhū;Rasādhyāyaṭīkā RAdhyṬ zu RAdhy, 150.2: 27 13;etat thūthāviḍam ityucyate ||;PARTLY;+ māraṇa - iti;Rasaratnasamuccayaṭīkā RRSṬīkā zu RRS, 10, 42.3: 157 4;eṣā pātālakoṣṭhiketyucyate ||;PARTLY;+ māraṇa - iti;Śāṅkhāyanāraṇyaka ŚāĀr, 2, 5: 13 9;etenaivokto brāhmaṇaḥ ||;PARTLY;+ māraṇa - brāhmaṇa;Sarvāṅgasundarā SarvSund zu AHS, Utt., 39, 10.2: 75 4;etac ca bāhulyenoktam ||;PARTLY;+ māraṇa - bāhulya;Śivasūtravārtika ŚSūtraV zu ŚSūtra, 1, 3.1: 3 7;īśvarapratyabhijñāyām uktam etan malatrayam ||;PARTLY;+ māraṇa - traya;Vaiśeṣikasūtra VaiśSū, 7, 1: 13 7;etena nityeṣvanityatvamuktam ||;PARTLY;+ māraṇa - tva;Vaiśeṣikasūtravṛtti VaiSūVṛ zu VaiśSū, 3, 1, 12.1: 83 4;prasaṅgādetaduktam ||;PARTLY;+ māraṇa - prasaṅga;Vātūlanāthasūtravṛtti VNSūtraV zu VNSūtra, 8.1: 8 3;etad eva rahasyakrameṇocyate ||;PARTLY;+ māraṇa - krama;Yogasūtrabhāṣya YSBhā zu YS, 2, 4.1: 48 19;ucyate satyam evaitat ||;PARTLY;+ māraṇa - eva;Yogasūtrabhāṣya YSBhā zu YS, 2, 5.1: 49 14;tathaitad atroktam ||;PARTLY;+ māraṇa - atra;Yogasūtrabhāṣya YSBhā zu YS, 2, 18.1: 62 5;etad dṛśyam ity ucyate ||;PARTLY;+ māraṇa - iti;Yogasūtrabhāṣya YSBhā zu YS, 3, 44.1: 110 18;etat svarūpam ityuktam ||;PARTLY;+ māraṇa - iti;Yogasūtrabhāṣya YSBhā zu YS, 3, 48.1: 114 4;etās tisraḥ siddhayo madhupratīkā ucyante ||;PARTLY;+ māraṇa - madhupratīkā;
RAdhyṬ zu RAdhy, 214.2: 39;4 1;atrāmnāyaḥ ||;
RAdhyṬ zu RAdhy, 214.2: 39;5 1;khaḍḍāyām ardhaṁ yāvacchaṇakāni muktvopari kūpī |;
RAdhyṬ zu RAdhy, 214.2: 39;6 1;iti sāritasūtasya māraṇasaṁskāraś caturdaśaḥ ||;
RAdhyṬ zu RAdhy, 215.2: 40;1 1;iha manusaṁkhyaiś caturdaśabhiḥ saṁskārair |;
RAdhyṬ zu RAdhy, 215.2: 40;2 1;etat pratisāraṇaṁ bhaṇyate ||;
RAdhyṬ zu RAdhy, 215.2: 40;3 1;iti māritasūtasya pratisāraṇasaṁskāraḥ pañcadaśaḥ ||;
RAdhyṬ zu RAdhy, 216.2: 41;1 1;iha mṛtasīsakena kāñcanaṁ sārayitvā tasya mṛtakāñcanasya |;
RAdhyṬ zu RAdhy, 216.2: 41;2 1;etat krāmaṇaṁ kathyate ||;Divyāvadāna Divyāv, 2: 2 268;rājā kathayati bhavantaḥ śabdayataitān ||;PARTLY;+ krāmaṇa - śabday;Divyāvadāna Divyāv, 13: 13 94;apare kathayanti gatametat ||;PARTLY;+ krāmaṇa - gam;Divyāvadāna Divyāv, 19: 19 318;jyotiṣkaḥ kathayati astyetadeva ||;PARTLY;+ krāmaṇa - eva;Mugdhāvabodhinī MuA zu RHT, 18, 46.2: 301 1;krāmaṇamāha krāmaṇam ityādi ||;PARTLY;+  - ityādi;Śārṅgadharasaṁhitādīpikā ŚSDīp zu ŚdhSaṁh, 2, 11, 54.1: 30 6;ete saptopadhātavaḥ kathitāḥ ||;PARTLY;+ krāmaṇa - upadhātu;Sarvāṅgasundarā SarvSund zu AHS, Sū., 9, 3.1: 6 21;etacca rasabhedīye savistaraṁ kathayiṣyāmaḥ ||;PARTLY;+ krāmaṇa - savistara;Tantrākhyāyikā TAkhy, 1: 1 70;kathaya kathayeti ||;PARTLY;+  - iti;
RAdhyṬ zu RAdhy, 216.2: 41;3 1;iti pratisāritasūtasya krāmaṇasaṁskāraḥ ṣoḍaśaḥ ||;
RAdhyṬ zu RAdhy, 216.2: 41;4 1;nāgakāñcanamāraṇavidhiś cāgre svayameva vakṣyati ||;
RAdhyṬ zu RAdhy, 218.2: 42;1 1;iha prathamaṁ śuddhanāgasyaikena patre.vadyena patraṁ |;
RAdhyṬ zu RAdhy, 218.2: 42;2 1;tataścūrṇaṁ bhavati ||;Daśakumāracarita DKCar, 2, 8: 13 110;bhavatu bhavitā tāvadanarthaḥ ||;PARTLY;+  - anartha;Rasādhyāyaṭīkā RAdhyṬ zu RAdhy, 208.2: 38 3;tata ubhayaṁ militvā raktaṣoṭo bhavati ||;PARTLY;+ cūrṇa - raktaṣoṭa;Rasādhyāyaṭīkā RAdhyṬ zu RAdhy, 374.2: 73 3;tataḥ kṛṣṇaṁ rūpyaṁ bhavati ||;PARTLY;+ cūrṇa - rūpya;Śāṅkhāyanāraṇyaka ŚāĀr, 3, 6: 32 4;bhūtasya bhūtasya tvam ātmāsi ||;PARTLY;+  - as;Viṣṇupurāṇa ViPur, 4, 4: 60 82;tato raghur abhavat ||;PARTLY;+ cūrṇa - raghu;Viṣṇupurāṇa ViPur, 4, 20: 76 6;tataś ca ṛkṣo .nyo .bhavat ||;PARTLY;+ cūrṇa - anya;Viṣṇupurāṇa ViPur, 4, 24: 80 21;tataḥ prabhṛti śūdrā bhūpālā bhaviṣyanti ||;PARTLY;+ cūrṇa - bhūpāla;Viṣṇupurāṇa ViPur, 4, 24: 80 46;tataś cāriṣṭakarmā tato hālāhalaḥ ||;PARTLY;+  - hālāhala;Viṣṇupurāṇa ViPur, 4, 24: 80 52;tataḥ ṣoḍaśa bhūpatayo bhavitāraḥ ||;PARTLY;+ cūrṇa - bhūpati;Yogasūtrabhāṣya YSBhā zu YS, 4, 4.1: 119 2;tataḥ sacittāni bhavantīti ||;PARTLY;+ cūrṇa - iti;
RAdhyṬ zu RAdhy, 218.2: 42;3 1;tataḥ pūrvoktāni sarvāṇyapi nāgavaṅgādilohāni |;
RAdhyṬ zu RAdhy, 218.2: 42;4 1;tatas tale saktaṁ suvarṇaṁ grāhyam ||;
RAdhyṬ zu RAdhy, 218.2: 42;5 1;eṣa sahasravedhako rasaḥ ||;
RAdhyṬ zu RAdhy, 218.2: 42;6 1;iti krāmitasūtasya vedhakasaṁskāraḥ saptadaśaḥ ||;
RAdhyṬ zu RAdhy, 223.2: 43;1 1;tatastasya cūrṇasya madhye gandhakasya gadyāṇakaḥ ||;
RAdhyṬ zu RAdhy, 223.2: 43;2 1;sarjikāyāśca gadyāṇakaḥ kṣepyaḥ ||;
RAdhyṬ zu RAdhy, 223.2: 43;3 1;tato gālitanāgagadyāṇakaḥ 1 sūtagadyāṇakaḥ 2 |;
RAdhyṬ zu RAdhy, 223.2: 43;4 1;yadi ca jvalitvā na svayaṁ sthito bhavati tadā |;
RAdhyṬ zu RAdhy, 223.2: 43;5 1;atra ca sūtamadhye kṣepyauṣadhasya pramāṇaṁ bhaṇitam |;
RAdhyṬ zu RAdhy, 223.2: 43;6 1;na punarviddharasasya ||;
RAdhyṬ zu RAdhy, 223.2: 43;7 1;tathā gurubhirapyasya pramāṇaṁ noktam ||;
RAdhyṬ zu RAdhy, 223.2: 43;8 1;tato.numāneneti jñāyate ||;
RAdhyṬ zu RAdhy, 223.2: 43;9 1;paścātsarvatra catuḥṣaṣṭipalāni rasasya proktāni ||;
RAdhyṬ zu RAdhy, 223.2: 43;10 1;tatastāvatā rasena yāvadauṣadhaṁ vedhasaṁskāre |;
RAdhyṬ zu RAdhy, 223.2: 43;11 1;divā śrīgurvājñayā yāvatpramāṇaṁ jānāti ||;
RAdhyṬ zu RAdhy, 223.2: 43;12 1;evaṁ sarṣapamātre cūrṇe kṣipte viddhasūtasyodghāṭanaṁ |;
RAdhyṬ zu RAdhy, 223.2: 43;13 1;udghāṭanaṁ nāma sarvadhātuvedhe sarvarogāpahāre ca ||;
RAdhyṬ zu RAdhy, 223.2: 43;14 1;ityaṣṭādaśaḥ saṁskāraḥ ||;Āyurvedadīpikā ĀVDīp zu Ca, Vim., 1, 22.1: 178 2;svābhāvika iti saṁskārādyakṛtaḥ ||;PARTLY;+ aṣṭādaśa - kṛ;Āyurvedadīpikā ĀVDīp zu Ca, Vim., 8, 7.2: 200 11;ityadhyayanavidhiriti upasaṁharaṇam ||;PARTLY;+  - upasaṁharaṇa;Gautamadharmasūtra GautDhS, 1, 8: 8 22;ity ete catvāriṁśatsaṁskārāḥ ||;PARTLY;+ aṣṭādaśa - catvāriṁśat;Gopathabrāhmaṇa NEW GB, 1, 2, 2: 41 23;iti veti vā mukhaṁ viparidhāpayet ||;PARTLY;+  - viparidhāpay;Mugdhāvabodhinī MuA zu RHT, 1, 34.2: 32 2;saṁskriyanta iti saṁskārāḥ ||;PARTLY;+ aṣṭādaśa - saṁskṛ;Nibandhasaṁgraha NiSaṁ zu Su, Cik., 29, 12.32: -1 16;eveti ityatra anutsvādayan ||;PARTLY;+  - anutsvādayat;Nibandhasaṁgraha NiSaṁ zu Su, Sū., 1, 24.1: -1 4;ityāha prākkila vyālā iti vyākhyātāḥ ||;PARTLY;+  - prāñc;Rasādhyāyaṭīkā RAdhyṬ zu RAdhy, 31.2: 9 2;iti prathamaḥ saṁskāraḥ pāṭasāraṇaḥ ||;PARTLY;+ aṣṭādaśa - pāṭasāraṇa;Rasādhyāyaṭīkā RAdhyṬ zu RAdhy, 46.2: 15 8;iti mūrchitotthāpanasaṁskāraś caturthaḥ ||;PARTLY;+ aṣṭādaśa - caturtha;Rasādhyāyaṭīkā RAdhyṬ zu RAdhy, 92.2: 22 7;iti niyāmakasya nirodhakasaṁskāro navamaḥ ||;PARTLY;+ aṣṭādaśa - navama;Rasādhyāyaṭīkā RAdhyṬ zu RAdhy, 208.2: 38 5;iti baddhasūtasya sāraṇasaṁskārastrayodaśaḥ ||;PARTLY;+ aṣṭādaśa - trayodaśa;Rasādhyāyaṭīkā RAdhyṬ zu RAdhy, 237.2: 46 6;iti vyoṣarājiḥ kāṁsyarājir ityarthaḥ ||;PARTLY;+  - artha;Śāṅkhāyanāraṇyaka ŚāĀr, 5, 3: 51 11;ityevaṁ hi paśyāma iti ||;PARTLY;+  - dṛś;Śārṅgadharasaṁhitādīpikā ŚSDīp zu ŚdhSaṁh, 2, 12, 13.1: 53 44;tata iti mardanasaṁskārād anantaram ||;PARTLY;+ aṣṭādaśa - anantaram;
RAdhyṬ zu RAdhy, 230.2: 44;1 1;iha mānaśulbaṁ mārayitvā punar jīvyate taṁ jīvantaṁ |;
RAdhyṬ zu RAdhy, 230.2: 44;2 1;tatastacchulbasyaiko bhāgaḥ tathā dvau hemabhāgau evaṁ |;
RAdhyṬ zu RAdhy, 230.2: 44;3 1;tato manaḥśilāyāṁ nimbukarasaiśca nāgaṁ mārayitvā |;
RAdhyṬ zu RAdhy, 230.2: 44;4 1;tataścitrakūṭakhaṭīlavaṇayoḥ samabhāgena cūrṇaṁ kṛtvā |;
RAdhyṬ zu RAdhy, 230.2: 44;5 1;evaṁ ca kṛte pattrasya phāḍītrayaṁ jāyate ||;
RAdhyṬ zu RAdhy, 230.2: 44;6 1;tato yā madhyamā phāḍī tāṁ gṛhītvā mardanīyaṁ |;
RAdhyṬ zu RAdhy, 230.2: 44;7 1;tasya catuḥṣaṣṭitamo bhāgaḥ pūrvoktayuktyā |;
RAdhyṬ zu RAdhy, 230.2: 44;8 1;evaṁ tāvadyāvadaṣṭaguṇo hemarājiṁ dattvā pūrvoktarītyā |;
RAdhyṬ zu RAdhy, 230.2: 44;9 1;iti sarvotkṛṣṭā hemarājiḥ samāptaḥ ||;
RAdhyṬ zu RAdhy, 235.2: 45;1 1;iha yā nāgarājiḥ sā sāmānyā svalpakāryakārī ||;
RAdhyṬ zu RAdhy, 235.2: 45;2 1;mākṣikārājir madhyamakāryakārī ||;
RAdhyṬ zu RAdhy, 235.2: 45;3 1;vyoṣarājir uttamā bahukāryakārī ||;
RAdhyṬ zu RAdhy, 235.2: 45;4 1;ayaḥprakāśarājistābhyaḥ sarvābhyo rājibhya uttamā |;
RAdhyṬ zu RAdhy, 235.2: 45;5 1;tataḥ prathamamayaḥprakāśarājir ucyate ||;
RAdhyṬ zu RAdhy, 235.2: 45;6 1;palamekaṁ sāralohasya kāṁsyasya ca paladvayam ||;
RAdhyṬ zu RAdhy, 235.2: 45;7 1;palāni nava śuddhatāmrasya palatrayaṁ pittalāyāḥ ||;
RAdhyṬ zu RAdhy, 235.2: 45;8 1;manaḥśilāmāritanāgasya pañcadaśapalāni ||;
RAdhyṬ zu RAdhy, 235.2: 45;9 1;evaṁ sarvasaṁkhyāyās triṁśatpalāni mūṣāyāṁ |;
RAdhyṬ zu RAdhy, 235.2: 45;10 1;tataḥ suvarṇamākṣikasya sārdhasaptapalānyānīya stokena |;
RAdhyṬ zu RAdhy, 235.2: 45;11 1;ayamarthaḥ ||;
RAdhyṬ zu RAdhy, 235.2: 45;12 1;tāmrapalāni nava santi ||;
RAdhyṬ zu RAdhy, 235.2: 45;13 1;tataḥ sarvo rasa āvartayitvā yadā navapalapramāṇo bhavati |;
RAdhyṬ zu RAdhy, 235.2: 45;14 1;iti sarvottamāyaḥprakāśarājiḥ kathyate ||;Rasādhyāyaṭīkā RAdhyṬ zu RAdhy, 235.2: 45 4;ayaḥprakāśarājistābhyaḥ sarvābhyo rājibhya uttamā ;PARTLY;+ kathay - artha;
RAdhyṬ zu RAdhy, 237.2: 46;1 1;sāralohacūrṇaṁ kāṁsyacūrṇaṁ ca samamātrayā mūṣāyāṁ |;
RAdhyṬ zu RAdhy, 237.2: 46;2 1;tatastasmātpiṇḍād ardhamātrayā śuddhanāgaṁ madhye |;
RAdhyṬ zu RAdhy, 237.2: 46;3 1;tataḥ punarapyardhamātrayā nāgaṁ kṣiptvā jāryam ||;
RAdhyṬ zu RAdhy, 237.2: 46;4 1;yadi caivaṁ punaḥ punarjāraṇena kāṁsyāt ṣaḍguṇaṁ |;
RAdhyṬ zu RAdhy, 237.2: 46;5 1;tadā vyoṣarājir jāyate ||;Aitareyabrāhmaṇa AitBr, 2, 2: 32 25;jāto hy eṣa etāj jāyate ||;PARTLY;+  - etāt;
RAdhyṬ zu RAdhy, 237.2: 46;6 1;iti vyoṣarājiḥ kāṁsyarājir ityarthaḥ ||;Āyurvedadīpikā ĀVDīp zu Ca, Indr., 1, 7.6: 281 24;ityuddeśa indriyasthānārthoddeśa ityarthaḥ ||;PARTLY;+ vyoṣarāji - sthāna;Pañcārthabhāṣya PABh zu PāśupSūtra, 4, 8: 106 13;ityevaṁ vaktāro vadantītyarthaḥ ||;PARTLY;+ vyoṣarāji - vad;
RAdhyṬ zu RAdhy, 239.2: 47;1 1;prathamaṁ śuddhatāmrasya catvāri palāni pṛthag |;
RAdhyṬ zu RAdhy, 239.2: 47;2 1;yāvatā tāmraśeṣaṁ bhavati ||;
RAdhyṬ zu RAdhy, 239.2: 47;3 1;sarvamauṣadhaṁ catvāri palāni jāryata ityarthaḥ ||;
RAdhyṬ zu RAdhy, 239.2: 47;4 1;iti mākṣikarājis tṛtīyā ||;
RAdhyṬ zu RAdhy, 242.2: 48;1 1;śuddhatāmrasya bhāgamekaṁ mūṣāyāṁ gālayitvā tato |;
RAdhyṬ zu RAdhy, 242.2: 48;2 1;evaṁ dvādaśabhāgāṁścūrṇīkṛtya stokena śulvamadhye |;
RAdhyṬ zu RAdhy, 242.2: 48;3 1;eṣā nāgarājiḥ procyate ||;
RAdhyṬ zu RAdhy, 242.2: 48;4 1;thūthānāgarājīnāṁ phalamāha rājyabhyucchritalohānām |;
RAdhyṬ zu RAdhy, 242.2: 48;5 1;rasamadhye pūrvoktarasayuktyāṣṭaguṇā jāraṇīyā |;
RAdhyṬ zu RAdhy, 242.2: 48;6 1;iti nāgarājiścaturthī ||;
RAdhyṬ zu RAdhy, 249.2: 49;1 1;rasakasya khāparasya maṇamekaṁ naramūtreṇa |;
RAdhyṬ zu RAdhy, 249.2: 49;2 1;tato mṛttikayā mūṣādvayaṁ kaccolakasamānaṁ prauḍhaṁ |;
RAdhyṬ zu RAdhy, 249.2: 49;3 1;tataḥ karpaṭamṛttikayā sarvapārśveṣu niśchidraṁ vidhāya |;
RAdhyṬ zu RAdhy, 249.2: 49;4 1;iti khāparasattvapātanavidhiḥ ||;Rasādhyāyaṭīkā RAdhyṬ zu RAdhy, 253.2: 50 4;iti śilāsattvapātanavidhiḥ ||;PARTLY;+ khāpara - śilā;Rasādhyāyaṭīkā RAdhyṬ zu RAdhy, 478.2: 81 38;2 tataḥ khāparasattvapātanavidhiḥ ||;PARTLY;+ iti - tatas;Rasaratnasamuccayaṭīkā RRSṬīkā zu RRS, 9, 26.2: 120 4;iti vidhinā gaganasattvādikaṁ jārayediti ||;PARTLY;+  - jāray;
RAdhyṬ zu RAdhy, 253.2: 50;1 1;sarvottamā kaṇayarī manaḥśilā kharale piṣṭvā kumpe |;
RAdhyṬ zu RAdhy, 253.2: 50;2 1;tataḥ sattvamuḍḍīya kaṇṭhe lagati kumbhodaraṁ ca riktaṁ |;
RAdhyṬ zu RAdhy, 253.2: 50;3 1;evaṁ kumpaṁ bhaṅktvā kaṇṭhalagnaṁ sattvaṁ grāhyam |;
RAdhyṬ zu RAdhy, 253.2: 50;4 1;iti śilāsattvapātanavidhiḥ ||;Rasādhyāyaṭīkā RAdhyṬ zu RAdhy, 249.2: 49 4;iti khāparasattvapātanavidhiḥ ||;PARTLY;+ śilā - khāpara;Rasaratnasamuccayaṭīkā RRSṬīkā zu RRS, 9, 26.2: 120 4;iti vidhinā gaganasattvādikaṁ jārayediti ||;PARTLY;+  - jāray;
RAdhyṬ zu RAdhy, 253.2: 50;5 1;atha triprakāraṁ ṣaḍlohadrutikaraṇaṁ yathā ||;
RAdhyṬ zu RAdhy, 263.2: 51;1 1;svabhāvena mṛtasya bhekasyodaraṁ vidārya |;
RAdhyṬ zu RAdhy, 263.2: 51;2 1;ṣaṣṭidinaiḥ punaḥ sthālīmākṛṣya madhyātsarvaṁ gṛhītvā |;
RAdhyṬ zu RAdhy, 263.2: 51;3 1;tataḥ sarvottamaṁ suvarṇagadyāṇakaṁ gālayitvā |;
RAdhyṬ zu RAdhy, 263.2: 51;4 1;tatas tat suvarṇaṁ punarbandhaṁ nāpnoti kiṁtu |;
RAdhyṬ zu RAdhy, 263.2: 51;5 1;iyamevaṁ suvarṇadrutir bhavati ||;
RAdhyṬ zu RAdhy, 263.2: 51;6 1;iyaṁ ca suvarṇadrutirevaṁ kāntalohe rūpye vaṅge nāge |;
RAdhyṬ zu RAdhy, 263.2: 51;7 1;tato dravarūpāṇi sarvāṇi bhaveyus tattannāmnī ca drutir |;
RAdhyṬ zu RAdhy, 263.2: 51;8 1;lohadrutiḥ rūpyadrutiḥ vaṅgadrutiḥ nāgadrutis |;
RAdhyṬ zu RAdhy, 263.2: 51;9 1;iti ṣaḍlohadrutikaraṇaṁ prathamam ||;Rasādhyāyaṭīkā RAdhyṬ zu RAdhy, 267.2: 52 5;iti ṣaḍlohadrutikaraṇaṁ dvitīyam ||;PARTLY;+ prathama - dvitīya;Rasādhyāyaṭīkā RAdhyṬ zu RAdhy, 269.2: 53 3;iti ṣaḍlohadrutikaraṇaṁ tṛtīyam ||;PARTLY;+ prathama - tṛtīya;
RAdhyṬ zu RAdhy, 267.2: 52;1 1;pañcāṅgapītadevadālīkhaṇḍāni kṛtvā karpare jvālayitvā |;
RAdhyṬ zu RAdhy, 267.2: 52;2 1;tataḥ pañcadaśavarṇikakāñcanagadyāṇakaṁ gālayitvā |;
RAdhyṬ zu RAdhy, 267.2: 52;3 1;evaṁ punaḥpunarvallamātrakṣepe yadā gadyāṇakamātraṁ |;
RAdhyṬ zu RAdhy, 267.2: 52;4 1;evaṁ lohādiṣvapi devadālībhasmajāraṇena tattannāmnī |;
RAdhyṬ zu RAdhy, 267.2: 52;5 1;iti ṣaḍlohadrutikaraṇaṁ dvitīyam ||;Rasādhyāyaṭīkā RAdhyṬ zu RAdhy, 263.2: 51 9;iti ṣaḍlohadrutikaraṇaṁ prathamam ||;PARTLY;+ dvitīya - prathama;Rasādhyāyaṭīkā RAdhyṬ zu RAdhy, 269.2: 53 3;iti ṣaḍlohadrutikaraṇaṁ tṛtīyam ||;PARTLY;+ dvitīya - tṛtīya;
RAdhyṬ zu RAdhy, 269.2: 53;1 1;śvetadevadālipañcāṅgakhaṇḍāni kṛtvā karpare jvālayitvā |;
RAdhyṬ zu RAdhy, 269.2: 53;2 1;sarvalohānāṁ drutirbhavati ||;Śivasūtravārtika ŚSūtraV zu ŚSūtra, 3, 44.1: 72 2;sarvāsāṁ mukhyabhūteṣu sarvāvaṣṭambhadāyiṣu ||;PARTLY;+  - dāyin;
RAdhyṬ zu RAdhy, 269.2: 53;3 1;iti ṣaḍlohadrutikaraṇaṁ tṛtīyam ||;Rasādhyāyaṭīkā RAdhyṬ zu RAdhy, 263.2: 51 9;iti ṣaḍlohadrutikaraṇaṁ prathamam ||;PARTLY;+ tṛtīya - prathama;Rasādhyāyaṭīkā RAdhyṬ zu RAdhy, 267.2: 52 5;iti ṣaḍlohadrutikaraṇaṁ dvitīyam ||;PARTLY;+ tṛtīya - dvitīya;
RAdhyṬ zu RAdhy, 269.2: 53;4 1;evaṁ lohadrutikaraṇasya trayo bhedāḥ ||;
RAdhyṬ zu RAdhy, 271.2: 54;1 1;manaḥśilayā nāgaṁ haritālena vaṅgaṁ hiṅgulena lohaṁ |;
RAdhyṬ zu RAdhy, 271.2: 54;2 1;tato yena vidhineti ||;Āyurvedadīpikā ĀVDīp zu Ca, Sū., 28, 35.2: 142 2;yo vidhirdṛṣṭa iti kṛtsne tantre ||;PARTLY;+ tatas - tantra;Āyurvedadīpikā ĀVDīp zu Ca, Vim., 8, 7.2: 200 11;ityadhyayanavidhiriti upasaṁharaṇam ||;PARTLY;+  - upasaṁharaṇa;Āyurvedadīpikā ĀVDīp zu Ca, Śār., 1, 151.2: 276 5;yeneti yena yathā ||;PARTLY;+  - yathā;Kauśikasūtra Kauśikasūtra, 1, 8: 8 14;yadyat kṛṣṇaḥ iti mantroktam ||;PARTLY;+  - vac;
RAdhyṬ zu RAdhy, 275.2: 55;1 1;tāmrasya pattraṁ vā cūrṇaṁ kṛtvā tatastāmraṁ dviguṇaṁ |;
RAdhyṬ zu RAdhy, 275.2: 55;2 1;tato jvalitvā śītale jāte sati tāmraṁ mṛtaṁ grāhyam ||;
RAdhyṬ zu RAdhy, 275.2: 55;3 1;iti tāmramāraṇavidhiḥ ||;Āyurvedadīpikā ĀVDīp zu Ca, Vim., 8, 7.2: 200 11;ityadhyayanavidhiriti upasaṁharaṇam ||;PARTLY;+  - upasaṁharaṇa;Rasādhyāyaṭīkā RAdhyṬ zu RAdhy, 275.2: 55 5;iti ṣaḍlohamāraṇavidhiḥ ||;PARTLY;+ tāmra - loha;
RAdhyṬ zu RAdhy, 275.2: 55;4 1;yena vidhinā gandhakenātra tāmraṁ māritaṁ tenaiva |;
RAdhyṬ zu RAdhy, 275.2: 55;5 1;iti ṣaḍlohamāraṇavidhiḥ ||;Rasādhyāyaṭīkā RAdhyṬ zu RAdhy, 478.2: 81 40;tataḥ ṣaḍlohamāraṇavidhiḥ ||;PARTLY;+ iti - tatas;
RAdhyṬ zu RAdhy, 287.2: 56;1 1;bījapūrasya vṛntam utpāṭya madhye utkīrya randhraṁ tato jvalitvā śītalībhūte vīḍāpūrvaṁ tataḥ punardvitīyaṁ evaṁ navanavavāraṁ navanavair bījapūraiḥ sa eva hīrakaḥ tato vaḍavāikānisāhāyāṁ vartayitvā tat piṇḍaṁ kṛtvā tatra tatastaṁ piṇḍaṁ śarāvasampuṭāntaḥ kṣiptvā sarvato tataḥ śītalībhūte punaranyāsāṁ vaḍavāikānāṁ evaṁ navavāraṁ navanavābhir vaḍavāikābhiḥ sa eva |;
RAdhyṬ zu RAdhy, 287.2: 56;2 1;tataḥ punarbadarīśākhākisalayacchidre hīrakaṁ kṣiptvā |;
RAdhyṬ zu RAdhy, 287.2: 56;3 1;evaṁ navavāraṁ navanavo rājabadarīśākhākisalayaiḥ sa |;
RAdhyṬ zu RAdhy, 287.2: 56;4 1;tato mahato nesahiṅgukhoṭasya madhye randhraṁ kṛtvā |;
RAdhyṬ zu RAdhy, 287.2: 56;5 1;tataḥ punarapi nave hiṅgukhoṭe tathaiva ||;
RAdhyṬ zu RAdhy, 287.2: 56;6 1;evaṁ navavāraṁ navanavair nesahiṅgukhoṭaiḥ sa eva |;
RAdhyṬ zu RAdhy, 287.2: 56;7 1;thūthāviḍena taṁ hīrakaṁ sampiṣya pūrvokte rase śanaiḥ ityannapathyahīrakajāraṇaṁ prathamam ||;
RAdhyṬ zu RAdhy, 291.2: 57;1 1;mahiṣīṇāṁ karṇamalān gṛhītvā jātyān hīrān veṣṭayitvā tair |;
RAdhyṬ zu RAdhy, 291.2: 57;2 1;tataḥ punar hīrakaṁ gṛhītvā tathaiva mahiṣīkarṇamalair |;
RAdhyṬ zu RAdhy, 291.2: 57;3 1;evaṁ punaḥ punarekaviṁśativārān mahiṣīkarṇamalena |;
RAdhyṬ zu RAdhy, 291.2: 57;4 1;iti hīrakānnapathyakaraṇo dvitīyo vidhiḥ ||;
RAdhyṬ zu RAdhy, 294.2: 58;1 1;yā bhūmyā mardakī bhūmiphoḍī tasyāḥ pattrāṇi komalāni |;
RAdhyṬ zu RAdhy, 294.2: 58;2 1;tataḥ punastathaiva bhūmyāmardakīpiṇḍīmadhye hīrān |;
RAdhyṬ zu RAdhy, 294.2: 58;3 1;evaṁ navanavair bhūmyāmardakīpattrapiṇḍīgolakaiste |;
RAdhyṬ zu RAdhy, 294.2: 58;4 1;ayamarthaḥ ||;
RAdhyṬ zu RAdhy, 294.2: 58;5 1;annavatpakvā bhavanti rase ca jīryante ||;
RAdhyṬ zu RAdhy, 294.2: 58;6 1;iti hīrakānnapathakaraṇe tṛtīyo vidhiḥ ||;
RAdhyṬ zu RAdhy, 303.2: 59;1 1;ayaṁ hīrako.gninā na dahyate ghanairāhato na bhajyate |;
RAdhyṬ zu RAdhy, 303.2: 59;2 1;tathāpi parīkṣā procyate ||;
RAdhyṬ zu RAdhy, 303.2: 59;3 1;prathamaṁ hastayor hīrakaṁ kṣiptvā tato viṁśatihīrakān |;
RAdhyṬ zu RAdhy, 303.2: 59;4 1;śeṣā ajātyāḥ ||;
RAdhyṬ zu RAdhy, 303.2: 59;5 1;tataśca pakvakarparam ānīya tatrānekān kaḍukān kṛtvā |;
RAdhyṬ zu RAdhy, 303.2: 59;6 1;evaṁ navanavaiḥ karparaiḥ saptavāraṁ hīrakāḥ pacanīyāḥ |;
RAdhyṬ zu RAdhy, 303.2: 59;7 1;tataścātra prathamavāre hīrakāstādṛśā eva bhavanti ||;
RAdhyṬ zu RAdhy, 303.2: 59;8 1;dvitīyavāre loṣulās tṛtīyavāre nistejasaḥ ||;
RAdhyṬ zu RAdhy, 303.2: 59;9 1;caturthavāre vartulāḥ pañcamavāre kartaryā chinnāḥ |;
RAdhyṬ zu RAdhy, 303.2: 59;10 1;ṣaṣṭhavāre hastamarditāḥ bhajyante ||;
RAdhyṬ zu RAdhy, 303.2: 59;11 1;saptamavāre bhasmarūpāstataśca tadbhasma kumpe |;
RAdhyṬ zu RAdhy, 303.2: 59;12 1;iti hīrakabhasmīkaraṇaṁ prathamam ||;Rasādhyāyaṭīkā RAdhyṬ zu RAdhy, 308.2: 60 6;iti hīrakabhasmīkaraṇaṁ dvitīyam ||;PARTLY;+ prathama - dvitīya;Rasādhyāyaṭīkā RAdhyṬ zu RAdhy, 312.2: 61 4;iti hīrakabhasmīkaraṇaṁ tṛtīyam ||;PARTLY;+ prathama - tṛtīya;Rasādhyāyaṭīkā RAdhyṬ zu RAdhy, 316.2: 62 4;iti hīrakabhasmīkaraṇaṁ caturtham ||;PARTLY;+ prathama - caturtha;
RAdhyṬ zu RAdhy, 308.2: 60;1 1;āmalasārako gandhakaḥ ||;
RAdhyṬ zu RAdhy, 308.2: 60;2 1;haritālamanaḥśilā suvarṇamākṣīkāḥ ||;
RAdhyṬ zu RAdhy, 308.2: 60;3 1;etān caturo.pi samabhāgena melayitvā jalena sampiṣya |;
RAdhyṬ zu RAdhy, 308.2: 60;4 1;tataḥ punarapi tān hīrakān tathā khāparapiṇḍamadhye |;
RAdhyṬ zu RAdhy, 308.2: 60;5 1;evaṁ navanavauṣadhaiś caturdaśavārān hīrakānpacet tataḥ |;
RAdhyṬ zu RAdhy, 308.2: 60;6 1;iti hīrakabhasmīkaraṇaṁ dvitīyam ||;Rasādhyāyaṭīkā RAdhyṬ zu RAdhy, 303.2: 59 12;iti hīrakabhasmīkaraṇaṁ prathamam ||;PARTLY;+ dvitīya - prathama;Rasādhyāyaṭīkā RAdhyṬ zu RAdhy, 312.2: 61 4;iti hīrakabhasmīkaraṇaṁ tṛtīyam ||;PARTLY;+ dvitīya - tṛtīya;Rasādhyāyaṭīkā RAdhyṬ zu RAdhy, 316.2: 62 4;iti hīrakabhasmīkaraṇaṁ caturtham ||;PARTLY;+ dvitīya - caturtha;
RAdhyṬ zu RAdhy, 312.2: 61;1 1;ketakīnāṁ stanānnisāhāyāṁ jalaṁ vinaiva gāḍhaṁ |;
RAdhyṬ zu RAdhy, 312.2: 61;2 1;tatastena rasena manaḥśilāṁ vartayitvā tayā hīrakān |;
RAdhyṬ zu RAdhy, 312.2: 61;3 1;tataḥ punarapi ketakīstanarasavartitamanaḥśilayā vajrāṇi |;
RAdhyṬ zu RAdhy, 312.2: 61;4 1;iti hīrakabhasmīkaraṇaṁ tṛtīyam ||;Rasādhyāyaṭīkā RAdhyṬ zu RAdhy, 303.2: 59 12;iti hīrakabhasmīkaraṇaṁ prathamam ||;PARTLY;+ tṛtīya - prathama;Rasādhyāyaṭīkā RAdhyṬ zu RAdhy, 308.2: 60 6;iti hīrakabhasmīkaraṇaṁ dvitīyam ||;PARTLY;+ tṛtīya - dvitīya;Rasādhyāyaṭīkā RAdhyṬ zu RAdhy, 316.2: 62 4;iti hīrakabhasmīkaraṇaṁ caturtham ||;PARTLY;+ tṛtīya - caturtha;
RAdhyṬ zu RAdhy, 316.2: 62;1 1;iha śveta ākamadāramūlāni jvālayitvā līhālakāḥ kāryāḥ ||;
RAdhyṬ zu RAdhy, 316.2: 62;2 1;tatasteṣu lihālakeṣu yatnena gartakān kṛtvā teṣu gartakeṣu |;
RAdhyṬ zu RAdhy, 316.2: 62;3 1;līhālakair agnisamānaṁ dhmātvā kulathyāḥ kvāthamadhye |;
RAdhyṬ zu RAdhy, 316.2: 62;4 1;iti hīrakabhasmīkaraṇaṁ caturtham ||;Rasādhyāyaṭīkā RAdhyṬ zu RAdhy, 303.2: 59 12;iti hīrakabhasmīkaraṇaṁ prathamam ||;PARTLY;+ caturtha - prathama;Rasādhyāyaṭīkā RAdhyṬ zu RAdhy, 308.2: 60 6;iti hīrakabhasmīkaraṇaṁ dvitīyam ||;PARTLY;+ caturtha - dvitīya;Rasādhyāyaṭīkā RAdhyṬ zu RAdhy, 312.2: 61 4;iti hīrakabhasmīkaraṇaṁ tṛtīyam ||;PARTLY;+ caturtha - tṛtīya;
RAdhyṬ zu RAdhy, 320.2: 63;1 1;ihāmukhā ulyāmūlāni tvaksaṁyuktānyeva samānīya teṣāṁ |;
RAdhyṬ zu RAdhy, 320.2: 63;2 1;anayā yuktyā sukhena hīrakā mriyante ||;
RAdhyṬ zu RAdhy, 320.2: 63;3 1;teṣāṁ ca mṛtānāṁ bhasma kumpe kṣipet ||;
RAdhyṬ zu RAdhy, 320.2: 63;4 1;anena hīrakabhasmanā yatkarma yaśca prabhāvaḥ so .gre |;
RAdhyṬ zu RAdhy, 320.2: 63;5 1;iti hīrakabhasmakaraṇaṁ pañcamam ||;
RAdhyṬ zu RAdhy, 320.2: 63;6 1;evaṁ pañcabhir bhedair hīrakabhasmīkaraṇaṁ bhavati ||;
RAdhyṬ zu RAdhy, 320.2: 63;7 1;iti hīrakavidhiḥ ||;Āyurvedadīpikā ĀVDīp zu Ca, Vim., 8, 7.2: 200 11;ityadhyayanavidhiriti upasaṁharaṇam ||;GOOD;;Āyurvedadīpikā ĀVDīp zu Ca, Cik., 1, 61.2: 296 8;yathoktavidhineti kuṭīprāveśikena vidhinā ||;PARTLY;+ hīraka - kuṭīprāveśika;Āyurvedadīpikā ĀVDīp zu Ca, Cik., 2, 6.2: 304 5;yathoktena vidhineti kuṭīprāveśikena ||;PARTLY;+ hīraka - kuṭīprāveśika;Gopathabrāhmaṇa NEW GB, 1, 2, 2: 41 23;iti veti vā mukhaṁ viparidhāpayet ||;PARTLY;+  - viparidhāpay;Mugdhāvabodhinī MuA zu RHT, 3, 5.2: 48 9;iti viśeṣavidhiḥ ||;PARTLY;+ hīraka - viśeṣa;Mugdhāvabodhinī MuA zu RHT, 3, 25.2: 61 9;iti pakṣacchedavidhiḥ ||;PARTLY;+ hīraka - pakṣaccheda;Mugdhāvabodhinī MuA zu RHT, 6, 3.1: 126 8;athaveti vidhyantare ||;PARTLY;+ hīraka - antara;Mugdhāvabodhinī MuA zu RHT, 16, 31.2: 263 5;vidhinā ityuktavidhānena ||;PARTLY;+ hīraka - vidhāna;Mugdhāvabodhinī MuA zu RHT, 19, 4.2: 318 4;vidhyantaram āha vidhinetyādi ||;PARTLY;+  - ityādi;Nibandhasaṁgraha NiSaṁ zu Su, Cik., 29, 12.32: -1 16;eveti ityatra anutsvādayan ||;PARTLY;+  - anutsvādayat;Nibandhasaṁgraha NiSaṁ zu Su, Sū., 1, 24.1: -1 4;ityāha prākkila vyālā iti vyākhyātāḥ ||;PARTLY;+  - prāñc;Pañcārthabhāṣya PABh zu PāśupSūtra, 1, 1: 1 12;yogavidhim iti sāmāsikam ||;PARTLY;+ hīraka - sāmāsika;Pañcārthabhāṣya PABh zu PāśupSūtra, 4, 18: 116 5;panthāno vidhaya upāyā ityarthaḥ ||;PARTLY;+ hīraka - artha;Pañcārthabhāṣya PABh zu PāśupSūtra, 4, 19: 117 2;vidhineti tṛtīyā ||;PARTLY;+ hīraka - tṛtīyā;Pañcārthabhāṣya PABh zu PāśupSūtra, 4, 19: 117 10;tvā iti vidhikarmaṇorniṣṭhā ||;PARTLY;+ hīraka - niṣṭhā;Pañcārthabhāṣya PABh zu PāśupSūtra, 5, 40: 162 3;vidhinaiva pūrvoktena vidhinā japtavyam ||;PARTLY;+  - jap;Rasādhyāyaṭīkā RAdhyṬ zu RAdhy, 237.2: 46 6;iti vyoṣarājiḥ kāṁsyarājir ityarthaḥ ||;PARTLY;+  - artha;Rasādhyāyaṭīkā RAdhyṬ zu RAdhy, 249.2: 49 4;iti khāparasattvapātanavidhiḥ ||;PARTLY;+ hīraka - pātana;Rasādhyāyaṭīkā RAdhyṬ zu RAdhy, 253.2: 50 4;iti śilāsattvapātanavidhiḥ ||;PARTLY;+ hīraka - pātana;Rasādhyāyaṭīkā RAdhyṬ zu RAdhy, 271.2: 54 2;tato yena vidhineti ||;PARTLY;+ hīraka - yad;Rasādhyāyaṭīkā RAdhyṬ zu RAdhy, 275.2: 55 3;iti tāmramāraṇavidhiḥ ||;PARTLY;+ hīraka - māraṇa;Rasādhyāyaṭīkā RAdhyṬ zu RAdhy, 275.2: 55 5;iti ṣaḍlohamāraṇavidhiḥ ||;PARTLY;+ hīraka - māraṇa;Rasādhyāyaṭīkā RAdhyṬ zu RAdhy, 303.2: 59 12;iti hīrakabhasmīkaraṇaṁ prathamam ||;PARTLY;+ vidhi - prathama;Rasādhyāyaṭīkā RAdhyṬ zu RAdhy, 308.2: 60 6;iti hīrakabhasmīkaraṇaṁ dvitīyam ||;PARTLY;+ vidhi - dvitīya;Rasādhyāyaṭīkā RAdhyṬ zu RAdhy, 312.2: 61 4;iti hīrakabhasmīkaraṇaṁ tṛtīyam ||;PARTLY;+ vidhi - tṛtīya;Rasādhyāyaṭīkā RAdhyṬ zu RAdhy, 316.2: 62 4;iti hīrakabhasmīkaraṇaṁ caturtham ||;PARTLY;+ vidhi - caturtha;Rasādhyāyaṭīkā RAdhyṬ zu RAdhy, 320.2: 63 5;iti hīrakabhasmakaraṇaṁ pañcamam ||;PARTLY;+ vidhi - pañcama;Rasādhyāyaṭīkā RAdhyṬ zu RAdhy, 383.2: 74 9;iti godantiharitālāyāḥ śodhanavidhiḥ ||;PARTLY;+ hīraka - śodhana;Śāṅkhāyanāraṇyaka ŚāĀr, 5, 3: 51 11;ityevaṁ hi paśyāma iti ||;PARTLY;+  - dṛś;Tantrasāra TantraS, 5: 5 36;iti varṇavidhiḥ ||;PARTLY;+ hīraka - varṇa;Tantrasāra TantraS, 20: 20 49;ity eṣa pavitrakavidhiḥ ||;PARTLY;+ hīraka - pavitraka;Tantrasāra TantraS, 20: 20 56;iti vyākhyāvidhiḥ ||;PARTLY;+ hīraka - vyākhyā;Tantrasāra TantraS, 20: 20 60;iti samayaniṣkṛtividhiḥ ||;PARTLY;+ hīraka - niṣkṛti;
RAdhyṬ zu RAdhy, 320.2: 63;8 1;atha gandhakaśodhanam ||;Rasādhyāyaṭīkā RAdhyṬ zu RAdhy, 322.2: 64 4;atha dvitīyagandhakaśodhanam ||;GOOD;+ hīraka - artha;Gūḍhārthadīpikā ŚGDīp zu ŚdhSaṁh, 2, 11, 1.2: 6 1;atha dhātuśodhanam ||;PARTLY;+ gandhaka - dhātu;Gūḍhārthadīpikā ŚGDīp zu ŚdhSaṁh, 2, 11, 4.2: 7 1;atha dhātuśodhanam ||;PARTLY;+ gandhaka - dhātu;Gūḍhārthadīpikā ŚGDīp zu ŚdhSaṁh, 2, 11, 54.1: 25 1;athopadhātuśodhanaṁ māraṇam ||;PARTLY;+ gandhaka - māraṇa;Gūḍhārthadīpikā ŚGDīp zu ŚdhSaṁh, 2, 11, 58.1: 26 7;atha tāramākṣikaśodhanamāraṇam ||;PARTLY;+ gandhaka - māraṇa;Gūḍhārthadīpikā ŚGDīp zu ŚdhSaṁh, 2, 11, 59.2: 27 1;atha tutthaśodhanaṁ viṣṭhayeti ||;PARTLY;+ gandhaka - iti;Gūḍhārthadīpikā ŚGDīp zu ŚdhSaṁh, 2, 11, 92.1: 38 1;atha śeṣaratnaśodhanamāraṇam ||;PARTLY;+ gandhaka - māraṇa;Gūḍhārthadīpikā ŚGDīp zu ŚdhSaṁh, 2, 11, 93.2: 39 1;atha śilājatuśodhanam ||;PARTLY;+ gandhaka - śilājatu;Gūḍhārthadīpikā ŚGDīp zu ŚdhSaṁh, 2, 11, 93.2: 39 3;atha bhūmipatitasya śodhanaṁ mukhyam ||;PARTLY;+ gandhaka - mukhya;Gūḍhārthadīpikā ŚGDīp zu ŚdhSaṁh, 2, 12, 13.1: 45 1;atha rasaśodhanam ||;PARTLY;+ gandhaka - rasa;Gūḍhārthadīpikā ŚGDīp zu ŚdhSaṁh, 2, 12, 29.1: 50 1;atha kacchapayantreṇa gandhakajāraṇamucyate ||;PARTLY;+ śodhana - vac;Khādiragṛhyasūtra KhGṛS, 2, 4: 6 16;athainaṁ paridadyād antakaprabhṛtibhiḥ ||;PARTLY;+  - paridā;Rasādhyāyaṭīkā RAdhyṬ zu RAdhy, 322.2: 64 3;iti gandhakaśodhanam prathamam ||;PARTLY;+ atha - prathama;Rasādhyāyaṭīkā RAdhyṬ zu RAdhy, 324.2: 65 6;iti gandhakaśodhanaṁ dvitīyam ||;PARTLY;+ atha - dvitīya;Rasādhyāyaṭīkā RAdhyṬ zu RAdhy, 334.2: 67 6;atha gandhakatailam ||;PARTLY;+ śodhana - taila;Rasādhyāyaṭīkā RAdhyṬ zu RAdhy, 374.2: 73 11;atha tālakaśodhanam ||;PARTLY;+ gandhaka - tālaka;Rasādhyāyaṭīkā RAdhyṬ zu RAdhy, 478.2: 81 44;tataḥ gandhakaśodhanaṁ dvidhā ||;PARTLY;+ atha - dvidhā;
RAdhyṬ zu RAdhy, 322.2: 64;1 1;sthālikāmadhye dugdhaṁ kṣiptvā mukhe |;
RAdhyṬ zu RAdhy, 322.2: 64;2 1;tato gandhako galitvā yo dugdhamadhye yāti sa |;
RAdhyṬ zu RAdhy, 322.2: 64;3 1;iti gandhakaśodhanam prathamam ||;Rasādhyāyaṭīkā RAdhyṬ zu RAdhy, 324.2: 65 6;iti gandhakaśodhanaṁ dvitīyam ||;PARTLY;+ prathama - dvitīya;Rasādhyāyaṭīkā RAdhyṬ zu RAdhy, 326.2: 66 2;iti gandhakapīṭhī prathamā ||;PARTLY;+ śodhana - pīṭhī;
RAdhyṬ zu RAdhy, 322.2: 64;4 1;atha dvitīyagandhakaśodhanam ||;Rasādhyāyaṭīkā RAdhyṬ zu RAdhy, 320.2: 63 8;atha gandhakaśodhanam ||;PARTLY;+ dvitīya - vidhi;Rasādhyāyaṭīkā RAdhyṬ zu RAdhy, 324.2: 65 6;iti gandhakaśodhanaṁ dvitīyam ||;PARTLY;+ atha - iti;
RAdhyṬ zu RAdhy, 324.2: 65;1 1;karṣaṁ vā kuḍachī vā ghṛtenābhyajya tatastatra |;
RAdhyṬ zu RAdhy, 324.2: 65;2 1;eṣa eva śuddhagandhakaḥ ||;Baudhāyanaśrautasūtra BaudhŚS, 3, 1: 4 2;eṣa eva veda etan mekṣaṇam etad barhiḥ ||;PARTLY;+  - barhis;
RAdhyṬ zu RAdhy, 324.2: 65;3 1;eva ca prakāradvayena yo gandhakaḥ śodhito bhavati ||;
RAdhyṬ zu RAdhy, 324.2: 65;4 1;sa rasakarmaṇi upayujyate nānya iti ||;
RAdhyṬ zu RAdhy, 324.2: 65;5 1;iti sugamam ||;
RAdhyṬ zu RAdhy, 324.2: 65;6 1;iti gandhakaśodhanaṁ dvitīyam ||;Rasādhyāyaṭīkā RAdhyṬ zu RAdhy, 322.2: 64 3;iti gandhakaśodhanam prathamam ||;PARTLY;+ dvitīya - prathama;Rasādhyāyaṭīkā RAdhyṬ zu RAdhy, 322.2: 64 4;atha dvitīyagandhakaśodhanam ||;PARTLY;+ iti - atha;
RAdhyṬ zu RAdhy, 324.2: 65;7 1;iti sugamamagre gandhapīṭhā ||;
RAdhyṬ zu RAdhy, 326.2: 66;1 1;tāmrapātraṁ prathamaṁ nimbukānāṁ rasaiḥ punaḥ punaḥ |;
RAdhyṬ zu RAdhy, 326.2: 66;2 1;iti gandhakapīṭhī prathamā ||;Rasādhyāyaṭīkā RAdhyṬ zu RAdhy, 322.2: 64 3;iti gandhakaśodhanam prathamam ||;PARTLY;+ pīṭhī - śodhana;Rasādhyāyaṭīkā RAdhyṬ zu RAdhy, 374.2: 73 10;iti gandhakadrutipīṭhīkarmāṇi ||;PARTLY;+ prathama - karman;
RAdhyṬ zu RAdhy, 334.2: 67;1 1;amalasārasya gandhakasya gadyāṇāḥ 20 tathā |;
RAdhyṬ zu RAdhy, 334.2: 67;2 1;tataḥ pātālagaruḍasya pattrāṇi vartayitvā pīṭhīṁ kṛtvā |;
RAdhyṬ zu RAdhy, 334.2: 67;3 1;tataścatuḥṣaṣṭigadyāṇakena rūpyasya gālayitvā madhye |;
RAdhyṬ zu RAdhy, 334.2: 67;4 1;evaṁ gurūpadeśenāparāṇyapi hemakartṝṇi karmāṇi |;
RAdhyṬ zu RAdhy, 334.2: 67;5 1;iti gandhakapīṭhī dvitīyā tathā karmāṇi ca ||;
RAdhyṬ zu RAdhy, 334.2: 67;6 1;atha gandhakatailam ||;Gūḍhārthadīpikā ŚGDīp zu ŚdhSaṁh, 2, 12, 29.1: 50 1;atha kacchapayantreṇa gandhakajāraṇamucyate ||;PARTLY;+ taila - vac;Khādiragṛhyasūtra KhGṛS, 2, 4: 6 16;athainaṁ paridadyād antakaprabhṛtibhiḥ ||;PARTLY;+  - paridā;Rasādhyāyaṭīkā RAdhyṬ zu RAdhy, 320.2: 63 8;atha gandhakaśodhanam ||;PARTLY;+ taila - śodhana;Rasādhyāyaṭīkā RAdhyṬ zu RAdhy, 322.2: 64 4;atha dvitīyagandhakaśodhanam ||;PARTLY;+ taila - śodhana;Rasādhyāyaṭīkā RAdhyṬ zu RAdhy, 339.2: 68 4;iti gaṁdhakatailam ||;PARTLY;+ atha - iti;
RAdhyṬ zu RAdhy, 339.2: 68;1 1;sarvottamasājīmaṇacatuṣkasya cūrṇaṁ sthālyāṁ kṣiptvā |;
RAdhyṬ zu RAdhy, 339.2: 68;2 1;tataḥ prātaḥ sājījalaṁ nītāryakābasaṁtyaktvā grāhyam |;
RAdhyṬ zu RAdhy, 339.2: 68;3 1;evaṁ ca kṛte gandhakasya tailameraṇḍītailavad |;
RAdhyṬ zu RAdhy, 339.2: 68;4 1;iti gaṁdhakatailam ||;Āyurvedadīpikā ĀVDīp zu Ca, Vim., 1, 14.4: 170 2;viruddhaguṇa iti tailaguṇebhyo viparītaguṇaḥ ||;PARTLY;+ gandhaka - viparīta;Āyurvedadīpikā ĀVDīp zu Ca, Cik., 1, 57.2: 295 11;snehārdhamiti sarpistailārdham ||;PARTLY;+ gandhaka - sarpis;Āyurvedadīpikā ĀVDīp zu Ca, Vim., 8, 7.2: 200 11;ityadhyayanavidhiriti upasaṁharaṇam ||;PARTLY;+  - upasaṁharaṇa;Gopathabrāhmaṇa NEW GB, 1, 2, 2: 41 23;iti veti vā mukhaṁ viparidhāpayet ||;PARTLY;+  - viparidhāpay;Kāmasūtra KāSū, 7, 2: 36 20;mrakṣayed bhallātakataileneti vyadhanayogāḥ ||;PARTLY;+ gandhaka - yoga;Nibandhasaṁgraha NiSaṁ zu Su, Cik., 29, 12.32: -1 16;eveti ityatra anutsvādayan ||;PARTLY;+  - anutsvādayat;Nibandhasaṁgraha NiSaṁ zu Su, Sū., 1, 24.1: -1 4;ityāha prākkila vyālā iti vyākhyātāḥ ||;PARTLY;+  - prāñc;Rasādhyāyaṭīkā RAdhyṬ zu RAdhy, 237.2: 46 6;iti vyoṣarājiḥ kāṁsyarājir ityarthaḥ ||;PARTLY;+  - artha;Rasādhyāyaṭīkā RAdhyṬ zu RAdhy, 322.2: 64 3;iti gandhakaśodhanam prathamam ||;PARTLY;+ taila - prathama;Rasādhyāyaṭīkā RAdhyṬ zu RAdhy, 324.2: 65 6;iti gandhakaśodhanaṁ dvitīyam ||;PARTLY;+ taila - dvitīya;Rasādhyāyaṭīkā RAdhyṬ zu RAdhy, 326.2: 66 2;iti gandhakapīṭhī prathamā ||;PARTLY;+ taila - prathama;Rasādhyāyaṭīkā RAdhyṬ zu RAdhy, 334.2: 67 6;atha gandhakatailam ||;PARTLY;+ iti - atha;Rasādhyāyaṭīkā RAdhyṬ zu RAdhy, 374.2: 73 10;iti gandhakadrutipīṭhīkarmāṇi ||;PARTLY;+ taila - karman;Śāṅkhāyanāraṇyaka ŚāĀr, 5, 3: 51 11;ityevaṁ hi paśyāma iti ||;PARTLY;+  - dṛś;Śārṅgadharasaṁhitādīpikā ŚSDīp zu ŚdhSaṁh, 2, 12, 15.1: 54 2;gandhakajaṁ raja iti ||;PARTLY;+ taila - rajas;Śārṅgadharasaṁhitādīpikā ŚSDīp zu ŚdhSaṁh, 2, 12, 58.2: 68 8;kaṭutailena śodhitagandhaka iti śeṣaḥ ||;PARTLY;+ taila - śeṣa;Sarvāṅgasundarā SarvSund zu AHS, Sū., 16, 12.1: 54 1;tailaṁ prāvṛṣi śasyata iti sambandhaḥ ||;PARTLY;+ gandhaka - sambandha;
RAdhyṬ zu RAdhy, 346.2: 69;1 1;iha śuddharasasya gadyāṇān daśa tathā |;
RAdhyṬ zu RAdhy, 346.2: 69;2 1;tataḥ punarapi teṣveva sūtasya daśagadyāṇakeṣu |;
RAdhyṬ zu RAdhy, 346.2: 69;3 1;evaṁ punaḥ punaḥ karaṇena yadi sūtena daśaguṇaṁ |;
RAdhyṬ zu RAdhy, 346.2: 69;4 1;evaṁ punaḥ punaḥ paṭacatuṣṭayadānena hemarājeḥ karṣe |;
RAdhyṬ zu RAdhy, 346.2: 69;5 1;tataḥ śuddhatārasya patrāṇi tena dravarūpeṇa tena liptvā |;
RAdhyṬ zu RAdhy, 346.2: 69;6 1;iti hemakaraṇaṁ prathamam ||;Rasādhyāyaṭīkā RAdhyṬ zu RAdhy, 263.2: 51 9;iti ṣaḍlohadrutikaraṇaṁ prathamam ||;PARTLY;+ heman - druti;Rasādhyāyaṭīkā RAdhyṬ zu RAdhy, 413.2: 76 8;iti dhānyābhrakadrutikaraṇaṁ prathamam ||;PARTLY;+ heman - druti;
RAdhyṬ zu RAdhy, 351.2: 70;1 1;rūpyasya bhāgā dvādaśa tāmrasya bhāgāḥ ṣoḍaśa |;
RAdhyṬ zu RAdhy, 351.2: 70;2 1;tatastasya ṣoṭasya patrāṇyekāṁgulapramāṇāni kārayitvā |;
RAdhyṬ zu RAdhy, 351.2: 70;3 1;dvitīyaprakāreṇa pañcadaśavarṇikaṁ hema bhavati ||;
RAdhyṬ zu RAdhy, 351.2: 70;4 1;tathā pittalapatrāṇi pūrvoktayuktyā jīrṇahemarājisūtena |;
RAdhyṬ zu RAdhy, 351.2: 70;5 1;evaṁ tribhiḥ prakārair gandhakatailena hemaniṣpattiḥ ||;
RAdhyṬ zu RAdhy, 351.2: 70;6 1;iti gandhakatailakarmāṇi ||;Rasādhyāyaṭīkā RAdhyṬ zu RAdhy, 357.2: 71 7;iti dvitīyapariṇāmagandhakatailakarmāṇi ||;GOOD;;Aitareyabrāhmaṇa AitBr, 1, 4: 4 4;pratnam iti pūrvaṁ karmābhivadati ||;PARTLY;+ gandhakataila - abhivad;Arthaśāstra ArthaŚ, 2, 13: 34 37;kṣepaṇo guṇaḥ kṣudrakam iti karmāṇi ||;PARTLY;+ gandhakataila - kṣudraka;Arthaśāstra ArthaŚ, 4, 8: 47 23;ityaṣṭādaśakaṁ karma ||;PARTLY;+ gandhakataila - aṣṭādaśaka;Aṣṭādhyāyī Aṣṭādhyāyī, 3, 1: 9 87;karmavat karmaṇā tulyakriyaḥ ||;PARTLY;+  - kriyā;Āyurvedadīpikā ĀVDīp zu Ca, Śār., 1, 38.2: 218 3;karmeti adṛṣṭam ||;PARTLY;+ gandhakataila - adṛṣṭa;Āyurvedadīpikā ĀVDīp zu Ca, Vim., 8, 7.2: 200 11;ityadhyayanavidhiriti upasaṁharaṇam ||;PARTLY;+  - upasaṁharaṇa;Āyurvedadīpikā ĀVDīp zu Ca, 2, Cik., 1, 16.1: 359 2;daivayogāditi prāktanakarmavaśāt ||;PARTLY;+ gandhakataila - vaśa;Āyurvedadīpikā ĀVDīp zu Ca, 2, Cik., 1, 16.1: 359 7;daivād iti prāktanakarmaṇaḥ ||;PARTLY;+ gandhakataila - prāktana;Āyurvedadīpikā ĀVDīp zu Ca, Śār., 1, 98.2: 248 6;karmasaṁprāptiḥ pacyamānakarmayogaḥ ||;PARTLY;+  - yoga;Āyurvedadīpikā ĀVDīp zu Ca, Śār., 1, 108.2: 252 6;saṁkliṣṭakarmabhiriti patitaiḥ ||;PARTLY;+ gandhakataila - pat;Āyurvedadīpikā ĀVDīp zu Ca, Śār., 1, 146.2: 273 3;karmaṇām asamārambha iti ;PARTLY;+ gandhakataila - asamārambha;Daśakumāracarita DKCar, 2, 3: 8 173;tvarasva prastute karmaṇi iti ||;PARTLY;+ gandhakataila - prastu;Gautamadharmasūtra GautDhS, 3, 1: 19 5;na hi karma kṣīyata iti ||;PARTLY;+ gandhakataila - kṣi;Gopathabrāhmaṇa NEW GB, 1, 2, 2: 41 23;iti veti vā mukhaṁ viparidhāpayet ||;PARTLY;+  - viparidhāpay;Kauśikasūtra Kauśikasūtra, 3, 1: 18 38;samudra ity ācakṣate karma ||;PARTLY;+ gandhakataila - ācakṣ;Mugdhāvabodhinī MuA zu RHT, 3, 9.2: 50 22;iti rajatakarmaṇi yogyaṁ grāhyam ||;PARTLY;+ gandhakataila - grah;Nibandhasaṁgraha NiSaṁ zu Su, Cik., 29, 12.32: -1 16;eveti ityatra anutsvādayan ||;PARTLY;+  - anutsvādayat;Nibandhasaṁgraha NiSaṁ zu Su, Sū., 1, 24.1: -1 4;ityāha prākkila vyālā iti vyākhyātāḥ ||;PARTLY;+  - prāñc;Nirukta Nirukta, 1, 5: 5 8;hītyeṣo .nekakarmā ||;PARTLY;+ gandhakataila - aneka;Pañcārthabhāṣya PABh zu PāśupSūtra, 1, 16: 17 20;tvā iti karmaniṣṭhāyām ||;PARTLY;+ gandhakataila - niṣṭhā;Pañcārthabhāṣya PABh zu PāśupSūtra, 1, 17: 18 15;gāyatrīm iti karma ||;PARTLY;+ gandhakataila - gāyatrī;Pañcārthabhāṣya PABh zu PāśupSūtra, 1, 17: 18 20;bahurūpīm iti karma ||;PARTLY;+ gandhakataila - bahurūpī;Pañcārthabhāṣya PABh zu PāśupSūtra, 1, 40: 41 21;ajātam iti karma ||;PARTLY;+ gandhakataila - ajāta;Pañcārthabhāṣya PABh zu PāśupSūtra, 2, 17: 62 9;atigatimiti karma ||;PARTLY;+ gandhakataila - atigati;Pañcārthabhāṣya PABh zu PāśupSūtra, 4, 19: 117 10;tvā iti vidhikarmaṇorniṣṭhā ||;PARTLY;+ gandhakataila - niṣṭhā;Pañcārthabhāṣya PABh zu PāśupSūtra, 5, 20: 142 11;atra karmaṇetyucyate ||;PARTLY;+ gandhakataila - vac;Pañcārthabhāṣya PABh zu PāśupSūtra, 5, 20: 142 14;karmaṇeti tṛtīyā ||;PARTLY;+ gandhakataila - tṛtīyā;Pañcārthabhāṣya PABh zu PāśupSūtra, 5, 33: 155 3;rudramiti dvitīyā karmaṇi ||;PARTLY;+ gandhakataila - dvitīyā;Rasādhyāyaṭīkā RAdhyṬ zu RAdhy, 237.2: 46 6;iti vyoṣarājiḥ kāṁsyarājir ityarthaḥ ||;PARTLY;+  - artha;Rasādhyāyaṭīkā RAdhyṬ zu RAdhy, 374.2: 73 10;iti gandhakadrutipīṭhīkarmāṇi ||;PARTLY;+ gandhakataila - pīṭhī;Rasādhyāyaṭīkā RAdhyṬ zu RAdhy, 403.2: 75 13;iti tālakakarmāṇi ||;PARTLY;+ gandhakataila - tālaka;Rasādhyāyaṭīkā RAdhyṬ zu RAdhy, 478.2: 81 47;tataḥ gandhakatailena tridhā hemakarma ||;PARTLY;+ iti - heman;Rasaratnasamuccayaṭīkā RRSṬīkā zu RRS, 8, 52.2: 83 6;karma jāraṇādikarma ||;PARTLY;+  - ādi;Śāṅkhāyanāraṇyaka ŚāĀr, 3, 7: 33 18;kena karmāṇīti ||;PARTLY;+ gandhakataila - ka;Śāṅkhāyanāraṇyaka ŚāĀr, 5, 3: 51 11;ityevaṁ hi paśyāma iti ||;PARTLY;+  - dṛś;Tantrākhyāyikā TAkhy, 1: 1 89;rājakule karma kartavyam iti ||;PARTLY;+ gandhakataila - kṛ;Vaiśeṣikasūtra VaiśSū, 1, 1: 1 10;karma karmasādhyaṁ na vidyate ||;PARTLY;+  - vid;Vaiśeṣikasūtra VaiśSū, 1, 2: 2 16;karmaṇi bhāvāt karmatvam uktam ||;PARTLY;+  - vac;Vaiśeṣikasūtra VaiśSū, 7, 1: 13 24;karmabhiḥ karmāṇi guṇairguṇāḥ ||;PARTLY;+  - guṇa;Vaiśeṣikasūtra VaiśSū, 7, 2: 14 5;karmabhiḥ karmāṇi guṇairguṇāḥ ||;PARTLY;+  - guṇa;Vaiśeṣikasūtra VaiśSū, 7, 2: 14 13;karmabhiḥ karmāṇi guṇairguṇāḥ ||;PARTLY;+  - guṇa;Vaiśeṣikasūtra VaiśSū, 7, 2: 14 28;karmabhiḥ karmāṇi guṇairguṇāḥ ||;PARTLY;+  - guṇa;Vaiśeṣikasūtra VaiśSū, 8, 1: 15 14;artha iti dravyaguṇakarmasu ||;PARTLY;+ gandhakataila - guṇa;Yogasūtrabhāṣya YSBhā zu YS, 4, 8.1: 123 1;tata iti trividhāt karmaṇaḥ ||;PARTLY;+ gandhakataila - trividha;
RAdhyṬ zu RAdhy, 357.2: 71;1 1;iha prathamaṁ varttulākārāṁ mūṣāṁ kṛtvopari |;
RAdhyṬ zu RAdhy, 357.2: 71;2 1;tato yena sūtena pūrvoktayuktyā daśaguṇaṁ |;
RAdhyṬ zu RAdhy, 357.2: 71;3 1;tataḥ sā mūṣāgniṣṭake muktvā iṅgālair dhmātavyā ||;
RAdhyṬ zu RAdhy, 357.2: 71;4 1;tathā yāvanmātraḥ mūṣāyāmasti tāvanmātrāṁ hemarājiṁ |;
RAdhyṬ zu RAdhy, 357.2: 71;5 1;tataḥ sahasravedhī ṣoṭo bhavati sa ca saṁgrāhyaḥ ||;
RAdhyṬ zu RAdhy, 357.2: 71;6 1;tathā tārasya tāmrasyādiśabdādvaṅgasya ca |;
RAdhyṬ zu RAdhy, 357.2: 71;7 1;iti dvitīyapariṇāmagandhakatailakarmāṇi ||;
RAdhyṬ zu RAdhy, 357.2: 71;8 1;atha gandhakavāri ||;
RAdhyṬ zu RAdhy, 364.2: 72;1 1;sarvottamasājimaṇaniṣadrasūkṣmacūrṇīkṛtya sandhyāyāṁ |;
RAdhyṬ zu RAdhy, 364.2: 72;2 1;eva ṣaḍbhirdinaiḥ ṣaṇmaṇān kṣiptvā nīvāsarjikājale |;
RAdhyṬ zu RAdhy, 364.2: 72;3 1;tāvatā ca kālena gandhakaḥ kumpamadhyaṁ sājīkṣāreṇa |;
RAdhyṬ zu RAdhy, 364.2: 72;4 1;idaṁ ca gandhakavāri hṛtipīṭhīti nāmnā |;
RAdhyṬ zu RAdhy, 374.2: 73;1 1;śodhitapāradasya catvāro vallāḥ gandhakavāriṇā |;
RAdhyṬ zu RAdhy, 374.2: 73;2 1;tataḥ śuddharūpyasya patrāṇi tena bhasmanā liptvā |;
RAdhyṬ zu RAdhy, 374.2: 73;3 1;tataḥ kṛṣṇaṁ rūpyaṁ bhavati ||;
RAdhyṬ zu RAdhy, 374.2: 73;4 1;tato.sya kṛṣṇarūpyasya gadyāṇāḥ 8 |;
RAdhyṬ zu RAdhy, 374.2: 73;5 1;tathā śuddharasaṁ karpare kṣiptvādho mṛdvagniṁ jvālayet |;
RAdhyṬ zu RAdhy, 374.2: 73;6 1;upari gandhakavāri bindunā bindunā kṣipet ||;Rasādhyāyaṭīkā RAdhyṬ zu RAdhy, 438.2: 79 2;upari bhūnāgasatvasya binduṁ binduṁ punaḥ punaḥ ;PARTLY;+ gandhakavāri - punar;
RAdhyṬ zu RAdhy, 374.2: 73;7 1;evamekaviṁśatidināni nirantaraṁ gandhakavāriṇā siktaḥ |;
RAdhyṬ zu RAdhy, 374.2: 73;8 1;tataḥ pātālagaruḍasya patrāṇi vartayitvā tataḥ piṇḍīṁ kṛtvā |;
RAdhyṬ zu RAdhy, 374.2: 73;9 1;paraṁ nirdhūmairjvaladbhiraṁgārais tathā ca kṛte sa ṣoṭaḥ |;
RAdhyṬ zu RAdhy, 374.2: 73;10 1;iti gandhakadrutipīṭhīkarmāṇi ||;Rasādhyāyaṭīkā RAdhyṬ zu RAdhy, 334.2: 67 5;iti gandhakapīṭhī dvitīyā tathā karmāṇi ca ||;PARTLY;+ druti - ca;Rasādhyāyaṭīkā RAdhyṬ zu RAdhy, 478.2: 81 50;tataḥ gandhakadrutipīṭhīkarma ||;PARTLY;+ iti - tatas;
RAdhyṬ zu RAdhy, 374.2: 73;11 1;atha tālakaśodhanam ||;Gūḍhārthadīpikā ŚGDīp zu ŚdhSaṁh, 2, 11, 1.2: 6 1;atha dhātuśodhanam ||;PARTLY;+ tālaka - dhātu;Gūḍhārthadīpikā ŚGDīp zu ŚdhSaṁh, 2, 11, 4.2: 7 1;atha dhātuśodhanam ||;PARTLY;+ tālaka - dhātu;Gūḍhārthadīpikā ŚGDīp zu ŚdhSaṁh, 2, 11, 54.1: 25 1;athopadhātuśodhanaṁ māraṇam ||;PARTLY;+ tālaka - māraṇa;Gūḍhārthadīpikā ŚGDīp zu ŚdhSaṁh, 2, 11, 58.1: 26 7;atha tāramākṣikaśodhanamāraṇam ||;PARTLY;+ tālaka - māraṇa;Gūḍhārthadīpikā ŚGDīp zu ŚdhSaṁh, 2, 11, 59.2: 27 1;atha tutthaśodhanaṁ viṣṭhayeti ||;PARTLY;+ tālaka - iti;Gūḍhārthadīpikā ŚGDīp zu ŚdhSaṁh, 2, 11, 92.1: 38 1;atha śeṣaratnaśodhanamāraṇam ||;PARTLY;+ tālaka - māraṇa;Gūḍhārthadīpikā ŚGDīp zu ŚdhSaṁh, 2, 11, 93.2: 39 1;atha śilājatuśodhanam ||;PARTLY;+ tālaka - śilājatu;Gūḍhārthadīpikā ŚGDīp zu ŚdhSaṁh, 2, 11, 93.2: 39 3;atha bhūmipatitasya śodhanaṁ mukhyam ||;PARTLY;+ tālaka - mukhya;Gūḍhārthadīpikā ŚGDīp zu ŚdhSaṁh, 2, 12, 13.1: 45 1;atha rasaśodhanam ||;PARTLY;+ tālaka - rasa;Khādiragṛhyasūtra KhGṛS, 2, 4: 6 16;athainaṁ paridadyād antakaprabhṛtibhiḥ ||;PARTLY;+  - paridā;Rasādhyāyaṭīkā RAdhyṬ zu RAdhy, 320.2: 63 8;atha gandhakaśodhanam ||;PARTLY;+ tālaka - gandhaka;Rasādhyāyaṭīkā RAdhyṬ zu RAdhy, 322.2: 64 4;atha dvitīyagandhakaśodhanam ||;PARTLY;+ tālaka - gandhaka;Rasādhyāyaṭīkā RAdhyṬ zu RAdhy, 383.2: 74 10;atha śuddhatālakakarmāṇi ||;PARTLY;+ śodhana - karman;Rasādhyāyaṭīkā RAdhyṬ zu RAdhy, 478.2: 81 51;tataḥ tālakaśodhanam ||;PARTLY;+ atha - tatas;
RAdhyṬ zu RAdhy, 383.2: 74;1 1;godaṁtī haritālāyāstāvatpatrāṇi kāryāṇi yāvatpunardvidhā |;
RAdhyṬ zu RAdhy, 383.2: 74;2 1;tatastāni patrāṇi pāṣāṇacūrṇasyāchibhṛtāyāṁ sthālyāṁ |;
RAdhyṬ zu RAdhy, 383.2: 74;3 1;tata uttārya jalena kṣālayitvā ātape śoṣayitvā |;
RAdhyṬ zu RAdhy, 383.2: 74;4 1;punaruttārya jalena prakṣālya gavādidugdhena |;
RAdhyṬ zu RAdhy, 383.2: 74;5 1;tato jalena prakṣālyātape śoṣayitvā kuṣmāṇḍaphalaṁ |;
RAdhyṬ zu RAdhy, 383.2: 74;6 1;tataḥ payasā prakṣālyātape śoṣayitvā vaḍavāīkā nisāhāyāṁ |;
RAdhyṬ zu RAdhy, 383.2: 74;7 1;yāvacca sā na śodhyate tāvatsā dattā satī hṛdayasya kledaṁ |;
RAdhyṬ zu RAdhy, 383.2: 74;8 1;ataḥ pūrvaṁ sā śodhitā amṛtasamānā bhavati ||;
RAdhyṬ zu RAdhy, 383.2: 74;9 1;iti godantiharitālāyāḥ śodhanavidhiḥ ||;
RAdhyṬ zu RAdhy, 383.2: 74;10 1;atha śuddhatālakakarmāṇi ||;
RAdhyṬ zu RAdhy, 403.2: 75;1 1;śuddhasūtasya gadyāṇāḥ 4 śuddhatālasya gadyāṇāḥ 20 |;
RAdhyṬ zu RAdhy, 403.2: 75;2 1;tāvatā ca tālakasatvaṁ proḍḍīya kumpakaṁṭhe lagati ||;
RAdhyṬ zu RAdhy, 403.2: 75;3 1;tataḥ kumbhaṁ tyaktvā kaṁṭhakāttatsarvamādāya kharale |;
RAdhyṬ zu RAdhy, 403.2: 75;4 1;evaṁ punaḥ chālīvasāpalikārdhena kharale piṣṭvā |;
RAdhyṬ zu RAdhy, 403.2: 75;5 1;tatastāṁ pīṭhīṁ vastre baddhvā |;
RAdhyṬ zu RAdhy, 403.2: 75;6 1;lavaṇakāṁjikaṁ ca naṣṭaṁ naṣṭaṁ muhurmuhuḥ kṣepyaṁ |;
RAdhyṬ zu RAdhy, 403.2: 75;7 1;tāṁ ca pīṭhīṁ piṣṭvā tato mīṇapūpādvayaṁ kṛtvaikasyāṁ |;
RAdhyṬ zu RAdhy, 403.2: 75;8 1;tato.dho dṛḍhaṁ dhmāte mīṇaṭaṁkaṇakṣāraśca dahyate ||;
RAdhyṬ zu RAdhy, 403.2: 75;9 1;tālaṁ rūpyasya khoṭo bhavati ||;
RAdhyṬ zu RAdhy, 403.2: 75;10 1;tataḥ śuddhatāmrasya catuḥṣaṣṭigadyāṇakān gālayitvā ayaṁ tālarūpyakhoṭasya catuḥṣaṣṭipravedhako jñeyaḥ ||;
RAdhyṬ zu RAdhy, 403.2: 75;11 1;tathā pratidinaṁ prabhāte utthāya yo ratimātraṁ ṣoṭaṁ |;
RAdhyṬ zu RAdhy, 403.2: 75;12 1;navā dantā udgacchanti keśāḥ kṛṣṇā bhavanti palitāni yānti |;Rasādhyāya RAdhy, 1: 1 403;udgacchanti navā dantāḥ keśāḥ kṛṣṇā bhavanti ca |palitaṁ mūlato yāti valināśo bhaved dhruvam ||;PARTLY;+ as - dhruvam;
RAdhyṬ zu RAdhy, 403.2: 75;13 1;iti tālakakarmāṇi ||;Aitareyabrāhmaṇa AitBr, 1, 4: 4 4;pratnam iti pūrvaṁ karmābhivadati ||;PARTLY;+ tālaka - abhivad;Arthaśāstra ArthaŚ, 2, 13: 34 37;kṣepaṇo guṇaḥ kṣudrakam iti karmāṇi ||;PARTLY;+ tālaka - kṣudraka;Arthaśāstra ArthaŚ, 4, 8: 47 23;ityaṣṭādaśakaṁ karma ||;PARTLY;+ tālaka - aṣṭādaśaka;Aṣṭādhyāyī Aṣṭādhyāyī, 3, 1: 9 87;karmavat karmaṇā tulyakriyaḥ ||;PARTLY;+  - kriyā;Āyurvedadīpikā ĀVDīp zu Ca, Śār., 1, 38.2: 218 3;karmeti adṛṣṭam ||;PARTLY;+ tālaka - adṛṣṭa;Āyurvedadīpikā ĀVDīp zu Ca, Vim., 8, 7.2: 200 11;ityadhyayanavidhiriti upasaṁharaṇam ||;PARTLY;+  - upasaṁharaṇa;Āyurvedadīpikā ĀVDīp zu Ca, 2, Cik., 1, 16.1: 359 2;daivayogāditi prāktanakarmavaśāt ||;PARTLY;+ tālaka - vaśa;Āyurvedadīpikā ĀVDīp zu Ca, 2, Cik., 1, 16.1: 359 7;daivād iti prāktanakarmaṇaḥ ||;PARTLY;+ tālaka - prāktana;Āyurvedadīpikā ĀVDīp zu Ca, Śār., 1, 98.2: 248 6;karmasaṁprāptiḥ pacyamānakarmayogaḥ ||;PARTLY;+  - yoga;Āyurvedadīpikā ĀVDīp zu Ca, Śār., 1, 108.2: 252 6;saṁkliṣṭakarmabhiriti patitaiḥ ||;PARTLY;+ tālaka - pat;Āyurvedadīpikā ĀVDīp zu Ca, Śār., 1, 146.2: 273 3;karmaṇām asamārambha iti ;PARTLY;+ tālaka - asamārambha;Daśakumāracarita DKCar, 2, 3: 8 173;tvarasva prastute karmaṇi iti ||;PARTLY;+ tālaka - prastu;Gautamadharmasūtra GautDhS, 3, 1: 19 5;na hi karma kṣīyata iti ||;PARTLY;+ tālaka - kṣi;Gopathabrāhmaṇa NEW GB, 1, 2, 2: 41 23;iti veti vā mukhaṁ viparidhāpayet ||;PARTLY;+  - viparidhāpay;Kauśikasūtra Kauśikasūtra, 3, 1: 18 38;samudra ity ācakṣate karma ||;PARTLY;+ tālaka - ācakṣ;Mugdhāvabodhinī MuA zu RHT, 3, 9.2: 50 22;iti rajatakarmaṇi yogyaṁ grāhyam ||;PARTLY;+ tālaka - grah;Nibandhasaṁgraha NiSaṁ zu Su, Cik., 29, 12.32: -1 16;eveti ityatra anutsvādayan ||;PARTLY;+  - anutsvādayat;Nibandhasaṁgraha NiSaṁ zu Su, Sū., 1, 24.1: -1 4;ityāha prākkila vyālā iti vyākhyātāḥ ||;PARTLY;+  - prāñc;Nirukta Nirukta, 1, 5: 5 8;hītyeṣo .nekakarmā ||;PARTLY;+ tālaka - aneka;Pañcārthabhāṣya PABh zu PāśupSūtra, 1, 16: 17 20;tvā iti karmaniṣṭhāyām ||;PARTLY;+ tālaka - niṣṭhā;Pañcārthabhāṣya PABh zu PāśupSūtra, 1, 17: 18 15;gāyatrīm iti karma ||;PARTLY;+ tālaka - gāyatrī;Pañcārthabhāṣya PABh zu PāśupSūtra, 1, 17: 18 20;bahurūpīm iti karma ||;PARTLY;+ tālaka - bahurūpī;Pañcārthabhāṣya PABh zu PāśupSūtra, 1, 40: 41 21;ajātam iti karma ||;PARTLY;+ tālaka - ajāta;Pañcārthabhāṣya PABh zu PāśupSūtra, 2, 17: 62 9;atigatimiti karma ||;PARTLY;+ tālaka - atigati;Pañcārthabhāṣya PABh zu PāśupSūtra, 4, 19: 117 10;tvā iti vidhikarmaṇorniṣṭhā ||;PARTLY;+ tālaka - niṣṭhā;Pañcārthabhāṣya PABh zu PāśupSūtra, 5, 20: 142 11;atra karmaṇetyucyate ||;PARTLY;+ tālaka - vac;Pañcārthabhāṣya PABh zu PāśupSūtra, 5, 20: 142 14;karmaṇeti tṛtīyā ||;PARTLY;+ tālaka - tṛtīyā;Pañcārthabhāṣya PABh zu PāśupSūtra, 5, 33: 155 3;rudramiti dvitīyā karmaṇi ||;PARTLY;+ tālaka - dvitīyā;Rasādhyāyaṭīkā RAdhyṬ zu RAdhy, 237.2: 46 6;iti vyoṣarājiḥ kāṁsyarājir ityarthaḥ ||;PARTLY;+  - artha;Rasādhyāyaṭīkā RAdhyṬ zu RAdhy, 351.2: 70 6;iti gandhakatailakarmāṇi ||;PARTLY;+ tālaka - gandhakataila;Rasādhyāyaṭīkā RAdhyṬ zu RAdhy, 357.2: 71 7;iti dvitīyapariṇāmagandhakatailakarmāṇi ||;PARTLY;+ tālaka - gandhakataila;Rasādhyāyaṭīkā RAdhyṬ zu RAdhy, 374.2: 73 10;iti gandhakadrutipīṭhīkarmāṇi ||;PARTLY;+ tālaka - pīṭhī;Rasādhyāyaṭīkā RAdhyṬ zu RAdhy, 383.2: 74 10;atha śuddhatālakakarmāṇi ||;PARTLY;+ iti - śuddha;Rasādhyāyaṭīkā RAdhyṬ zu RAdhy, 478.2: 81 52;tataḥ tālakakarma ||;PARTLY;+ iti - tatas;Rasaratnasamuccayaṭīkā RRSṬīkā zu RRS, 8, 52.2: 83 6;karma jāraṇādikarma ||;PARTLY;+  - ādi;Śāṅkhāyanāraṇyaka ŚāĀr, 3, 7: 33 18;kena karmāṇīti ||;PARTLY;+ tālaka - ka;Śāṅkhāyanāraṇyaka ŚāĀr, 5, 3: 51 11;ityevaṁ hi paśyāma iti ||;PARTLY;+  - dṛś;Tantrākhyāyikā TAkhy, 1: 1 89;rājakule karma kartavyam iti ||;PARTLY;+ tālaka - kṛ;Vaiśeṣikasūtra VaiśSū, 1, 1: 1 10;karma karmasādhyaṁ na vidyate ||;PARTLY;+  - vid;Vaiśeṣikasūtra VaiśSū, 1, 2: 2 16;karmaṇi bhāvāt karmatvam uktam ||;PARTLY;+  - vac;Vaiśeṣikasūtra VaiśSū, 7, 1: 13 24;karmabhiḥ karmāṇi guṇairguṇāḥ ||;PARTLY;+  - guṇa;Vaiśeṣikasūtra VaiśSū, 7, 2: 14 5;karmabhiḥ karmāṇi guṇairguṇāḥ ||;PARTLY;+  - guṇa;Vaiśeṣikasūtra VaiśSū, 7, 2: 14 13;karmabhiḥ karmāṇi guṇairguṇāḥ ||;PARTLY;+  - guṇa;Vaiśeṣikasūtra VaiśSū, 7, 2: 14 28;karmabhiḥ karmāṇi guṇairguṇāḥ ||;PARTLY;+  - guṇa;Vaiśeṣikasūtra VaiśSū, 8, 1: 15 14;artha iti dravyaguṇakarmasu ||;PARTLY;+ tālaka - guṇa;Yogasūtrabhāṣya YSBhā zu YS, 4, 8.1: 123 1;tata iti trividhāt karmaṇaḥ ||;PARTLY;+ tālaka - trividha;
RAdhyṬ zu RAdhy, 403.2: 75;14 1;athābhrakasya trividhā drutiḥ ||;
RAdhyṬ zu RAdhy, 413.2: 76;1 1;vyāghramadanākhyakodravānāṁ setikāṁ piṣṭvā |;
RAdhyṬ zu RAdhy, 413.2: 76;2 1;tacca saptabhirdinair atyamlaṁ bhavati tathānena vidhinā |;
RAdhyṬ zu RAdhy, 413.2: 76;3 1;tataḥ śvetābhrakamaṇacūrṇaṁ tenāmlajalena saholūkhale |;
RAdhyṬ zu RAdhy, 413.2: 76;4 1;ekasyāṁ ca galitāyāṁ dvitīyāṁ kṣipet ||;
RAdhyṬ zu RAdhy, 413.2: 76;5 1;evaṁ prahareṇaikena sarvā api gālanīyā ||;
RAdhyṬ zu RAdhy, 413.2: 76;6 1;tataḥ svayaṁ śītalāḥ pūpāḥ samuddhṛtya tāsāṁ madhyād |;
RAdhyṬ zu RAdhy, 413.2: 76;7 1;anayā yuktyā sukhenāpi dhānyābhrakadrutirbhavati ||;
RAdhyṬ zu RAdhy, 413.2: 76;8 1;iti dhānyābhrakadrutikaraṇaṁ prathamam ||;Rasādhyāyaṭīkā RAdhyṬ zu RAdhy, 263.2: 51 9;iti ṣaḍlohadrutikaraṇaṁ prathamam ||;PARTLY;+ dhānyābhraka - loha;
RAdhyṬ zu RAdhy, 419.2: 77;1 1;śvetadhānyābhrakacūrṇaṁ gadyāṇadvayamadhye |;
RAdhyṬ zu RAdhy, 419.2: 77;2 1;sa ca sehulakaḥ koṭhīmadhye kṣipyate ||;
RAdhyṬ zu RAdhy, 419.2: 77;3 1;yathānyatra na yāti tataḥ punaḥ |;
RAdhyṬ zu RAdhy, 419.2: 77;4 1;tataḥ sa lepo drutirūpo bhavati ||;
RAdhyṬ zu RAdhy, 419.2: 77;5 1;iti dvitīyapariṇā dhānyābhrakadrutiḥ ||;Rasādhyāyaṭīkā RAdhyṬ zu RAdhy, 426.2: 78 3;iti tṛtīyapariṇā dhānyābhrakadrutiḥ ||;PARTLY;+ dvitīya - tṛtīya;
RAdhyṬ zu RAdhy, 426.2: 78;1 1;svecchayā mṛtaḥ śaśako bhramadbhiryadi dṛśyate tadā |;
RAdhyṬ zu RAdhy, 426.2: 78;2 1;tatasteṣu kṛmiṣu mṛteṣu yattatra śeṣaṁ muhurati sā |;
RAdhyṬ zu RAdhy, 426.2: 78;3 1;iti tṛtīyapariṇā dhānyābhrakadrutiḥ ||;Rasādhyāyaṭīkā RAdhyṬ zu RAdhy, 419.2: 77 5;iti dvitīyapariṇā dhānyābhrakadrutiḥ ||;PARTLY;+ tṛtīya - dvitīya;
RAdhyṬ zu RAdhy, 426.2: 78;4 1;drutikaraṇe.bhrakasyaita eva trayo bhedāḥ ||;
RAdhyṬ zu RAdhy, 426.2: 78;5 1;athāmīṣāṁ karmāṇi vakṣyante ||;Rasaratnasamuccayabodhinī RRSBoṬ zu RRS, 8, 88.2: 109 3;uktaṁ ca rasendracintāmaṇau |atha sāraṇocyate ||;PARTLY;+  - sāraṇā;Vaiśeṣikasūtra VaiśSū, 1, 2: 2 16;karmaṇi bhāvāt karmatvam uktam ||;PARTLY;+  - tva;
RAdhyṬ zu RAdhy, 438.2: 79;1 1;śuddharasasya daśa gadyāṇān vajramūṣāmadhye |;
RAdhyṬ zu RAdhy, 438.2: 79;2 1;upari bhūnāgasatvasya binduṁ binduṁ punaḥ punaḥ |;
RAdhyṬ zu RAdhy, 438.2: 79;3 1;tato rasasya mukhaṁ jāyate ||;
RAdhyṬ zu RAdhy, 438.2: 79;4 1;sarvadattaṁ jīryate ||;Khādiragṛhyasūtra KhGṛS, 2, 5: 7 4;sarveṣāṁ vā gauḥ ||;PARTLY;+  - go;
RAdhyṬ zu RAdhy, 438.2: 79;5 1;tato nisāhāmatisūkṣmāṁ cilhāṁ prapiṣya vastreṇa niścotya |;
RAdhyṬ zu RAdhy, 438.2: 79;6 1;tato yasmiñjale palaṁ māti tāvanmātraṁ |;
RAdhyṬ zu RAdhy, 438.2: 79;7 1;tato.bhrakadrutisūtayor aikyeṇa vābhraṣoṭo jāyate ||;
RAdhyṬ zu RAdhy, 438.2: 79;8 1;tatastaṁ ṣoṭaṁ vajramūṣāyāṁ prakṣipya gadyāṇān 20 |;
RAdhyṬ zu RAdhy, 438.2: 79;9 1;tato.yamakṣayo nirmalastejovān gadīyāṇaḥ kṣipyate ||;
RAdhyṬ zu RAdhy, 438.2: 79;10 1;sarvottamaṁ rūpyaṁ bhavati ||;Śivasūtravārtika ŚSūtraV zu ŚSūtra, 3, 44.1: 72 2;sarvāsāṁ mukhyabhūteṣu sarvāvaṣṭambhadāyiṣu ||;PARTLY;+  - dāyin;
RAdhyṬ zu RAdhy, 438.2: 79;11 1;asau vaṁge śatamadhye vedhako rasaḥ tathā yaḥ sadā |;
RAdhyṬ zu RAdhy, 438.2: 79;12 1;sa ṣaḍbhirmāsairakṣayanīrogadeho jāyate iti |;
RAdhyṬ zu RAdhy, 438.2: 79;13 1;atha bhūnāgaḥ ||;
RAdhyṬ zu RAdhy, 458.2: 80;1 1;pañcadaśavarṇikaṁ suvarṇagadyāṇān caturo gālayitvā |;
RAdhyṬ zu RAdhy, 458.2: 80;2 1;tato narakapālaṁ tathā dhattūrakamūlaṁ ca pṛthak pṛthak |;
RAdhyṬ zu RAdhy, 458.2: 80;3 1;tataḥ kharale kṣiptvā sarvaṁ tāvatpeṣayet |;
RAdhyṬ zu RAdhy, 458.2: 80;4 1;tato.gniṣṭake līhālakairdhamet ||;Rasādhyāyaṭīkā RAdhyṬ zu RAdhy, 458.2: 80 5;tato gartāyāṁ līhālakairdhamet ||;PARTLY;+ agniṣṭaka - gartā;
RAdhyṬ zu RAdhy, 458.2: 80;5 1;tato gartāyāṁ līhālakairdhamet ||;Rasādhyāyaṭīkā RAdhyṬ zu RAdhy, 458.2: 80 4;tato.gniṣṭake līhālakairdhamet ||;PARTLY;+ gartā - agniṣṭaka;
RAdhyṬ zu RAdhy, 458.2: 80;6 1;evaṁ trivelaṁ dhmātaḥ sannasau |;
RAdhyṬ zu RAdhy, 458.2: 80;7 1;tatastaṁ ṣoṭaṁ mardayitvā sūkṣmaṁ cūrṇaṁ kāryam ||;
RAdhyṬ zu RAdhy, 458.2: 80;8 1;tataḥ kācakumpīmākaṇṭhaṁ saptabhiḥ karpaṭamṛttikābhir |;
RAdhyṬ zu RAdhy, 458.2: 80;9 1;bhūnāgasatvaṁ ca naṣṭaṁ punaḥ kṣepaṇīyam ||;
RAdhyṬ zu RAdhy, 458.2: 80;10 1;kiṁ bahunā saptadināni nirantaraṁ |;
RAdhyṬ zu RAdhy, 458.2: 80;11 1;yathā ṣaṭpañcāśadbhiḥ praharaiḥ |;
RAdhyṬ zu RAdhy, 458.2: 80;12 1;tatastasya mukhaṁ jāyate sa ca sūto rākṣasanāma jāyate |;
RAdhyṬ zu RAdhy, 458.2: 80;13 1;evaṁ punaḥ punaścatuḥṣaṣṭitamaṣoṭabhāgajāraṇena ṣaḍ |;
RAdhyṬ zu RAdhy, 458.2: 80;14 1;tato rākṣasasūtaṣaḍgadīyāṇamadhye |;
RAdhyṬ zu RAdhy, 458.2: 80;15 1;śatavedhakaḥ ṣoṭo bhavati ||;Daśakumāracarita DKCar, 2, 8: 13 110;bhavatu bhavitā tāvadanarthaḥ ||;PARTLY;+  - anartha;Śāṅkhāyanāraṇyaka ŚāĀr, 3, 6: 32 4;bhūtasya bhūtasya tvam ātmāsi ||;PARTLY;+  - as;
RAdhyṬ zu RAdhy, 458.2: 80;16 1;tato rūpyasya tāmrasya nāgasya vā gadīyāṇakaśataṁ |;
RAdhyṬ zu RAdhy, 458.2: 80;17 1;pañcadaśavarṇikaṁ hema bhavati ||;Rasādhyāyaṭīkā RAdhyṬ zu RAdhy, 351.2: 70 3;dvitīyaprakāreṇa pañcadaśavarṇikaṁ hema bhavati ||;GOOD;;
RAdhyṬ zu RAdhy, 458.2: 80;18 1;triṣu dhātuṣu śatavedhako .yaṁ rasaḥ ||;
RAdhyṬ zu RAdhy, 458.2: 80;19 1;tathā prabhāte nityam amṛtakalayā yuktaṁ ṣoṭacūrṇaṁ |;
RAdhyṬ zu RAdhy, 458.2: 80;20 1;tasya valipalitādidoṣā naśyanti ||;
RAdhyṬ zu RAdhy, 458.2: 80;21 1;kṛṣṇāśca keśā bhavanti ||;
RAdhyṬ zu RAdhy, 458.2: 80;22 1;dehadārḍhyaṁ jāyate ||;Aitareyabrāhmaṇa AitBr, 2, 2: 32 25;jāto hy eṣa etāj jāyate ||;PARTLY;+  - etāt;
RAdhyṬ zu RAdhy, 458.2: 80;23 1;suvarṇābhā śarīrakāntirbhavati ||;
RAdhyṬ zu RAdhy, 458.2: 80;24 1;hemapatrairvajrabhasma nāgasatvena tribhiḥ sādhito.yaṁ |;
RAdhyṬ zu RAdhy, 458.2: 80;25 1;iti hemavajrabhasmabhūnāgasatvakarmāṇi ||;Rasādhyāyaṭīkā RAdhyṬ zu RAdhy, 478.2: 81 55;tataḥ hemavajrabhasmabhūnāgasatvaniṣpannaṣoṭakarmāṇi ;PARTLY;+ iti - ṣoṭa;
RAdhyṬ zu RAdhy, 478.2: 81;1 1;śrībhairavagaṇādhipatilakṣmīsarasvatībhyo namo.stu |;
RAdhyṬ zu RAdhy, 478.2: 81;2 1;tatracaturaśītiḥ 84 guṭikāś caturaśītiḥ 84 aṁjanāni caturaśītiḥ |;
RAdhyṬ zu RAdhy, 478.2: 81;3 1;evaṁ sarvasaṁkhyayā trayāṇāṁ dvipañcāśadadhikaṁ |;
RAdhyṬ zu RAdhy, 478.2: 81;4 1;eteṣāṁ dvipañcāśadadhikaśatadvayasya madhyādekasya |;
RAdhyṬ zu RAdhy, 478.2: 81;5 1;tatra prārambhe māsaikādarvāk niṣpattisamaye.pi |;
RAdhyṬ zu RAdhy, 478.2: 81;6 1;tapovidhāneṣu kriyāḥ sidhyanti ||;
RAdhyṬ zu RAdhy, 478.2: 81;7 1;yatastapaḥsādhyā rasādayaḥ prayogā ye punaḥ tapohīnāḥ |;
RAdhyṬ zu RAdhy, 478.2: 81;8 1;tena tapasvināṁ mukhyena śrīkaṅkālayayoginā vārttoktā |;
RAdhyṬ zu RAdhy, 478.2: 81;9 1;tāsāṁ madhyājjñānaphalāṁ jñānakāraṇaṁ guṭikāṁ |;
RAdhyṬ zu RAdhy, 478.2: 81;10 1;tatra catvāro vallā abhrakasatvasya catvāro vallāḥ |;
RAdhyṬ zu RAdhy, 478.2: 81;11 1;kharale kṣipya saptadināni mardayet ||;
RAdhyṬ zu RAdhy, 478.2: 81;12 1;tato varuṇavṛkṣasya mūlaṁ śrīkhaṇḍaṁ ghṛṣṭvā ||;
RAdhyṬ zu RAdhy, 478.2: 81;13 1;sarvamauṣadhaṁ vastre baddhvā dolāyantre sthālikāyāṁ |;
RAdhyṬ zu RAdhy, 478.2: 81;14 1;tatra madhu ghṛtaṁ dadhi dugdhaṁ śarkarā veti |;
RAdhyṬ zu RAdhy, 478.2: 81;15 1;tatra svedane cāyaṁ vidhiḥ ||;
RAdhyṬ zu RAdhy, 478.2: 81;16 1;prathamaṁ guṭikāṁ madhunā saha kāṁsyalohapātre |;
RAdhyṬ zu RAdhy, 478.2: 81;17 1;upari madhu nikṣipet ||;
RAdhyṬ zu RAdhy, 478.2: 81;18 1;tadanu naṣṭe naṣṭe punaḥ punarmadhu kṣepyam evaṁ |;
RAdhyṬ zu RAdhy, 478.2: 81;19 1;tata evaṁ praharāṣṭakaṁ dadhinā tataḥ praharān 8 |;
RAdhyṬ zu RAdhy, 478.2: 81;20 1;eva pañcāmṛtena pañcavāraṁ guṭikāṁ svedayitvā |;
RAdhyṬ zu RAdhy, 478.2: 81;20 2;tapaḥ kurvato brahmacaryapālayatā hastābhyāṁ pracālya tato yasyā mātṛpakṣapitṛpakṣau nirmalau ||;
RAdhyṬ zu RAdhy, 478.2: 81;21 1;yā ca brāhmaṇī vā kṣatriyā vā vaiśyī cottamakulaprasūtā ||;
RAdhyṬ zu RAdhy, 478.2: 81;22 1;tasyāḥ śūdrīṁ varjayitvā yadā prathamo garbho bhavati |;
RAdhyṬ zu RAdhy, 478.2: 81;23 1;tayā ca bhojanamauṣadhatāmbūlāsvādapānīyapānavelāṁ |;
RAdhyṬ zu RAdhy, 478.2: 81;24 1;tato māse gate sati guṭikāyāḥ prabhāvāt pṛṣṭā satī sā strī |;
RAdhyṬ zu RAdhy, 478.2: 81;25 1;asyā guṭikāyāḥ prabhāvo.tīvāścaryakārakaḥ ||;
RAdhyṬ zu RAdhy, 478.2: 81;26 1;yato yathā jñānī yadbhāṣate tatsarvaṁ satyaṁ bhavati ||;
RAdhyṬ zu RAdhy, 478.2: 81;27 1;tathā mukhe guṭikākṣepamāhātmyād brāhmaṇī kṣatriyā |;
RAdhyṬ zu RAdhy, 478.2: 81;28 1;yato rasasya pāradasya guṭikānāṁ tathā pātālāñjanādīnām |;
RAdhyṬ zu RAdhy, 478.2: 81;29 1;eṣā kila vādinīti guṭikā procyate ||;
RAdhyṬ zu RAdhy, 478.2: 81;30 1;yadyapyasyāḥ samyagāmnāyaḥ sāṁprataṁ nopalabhyate |;
RAdhyṬ zu RAdhy, 478.2: 81;31 1;tathā caturaśītiguṭikā 84 caturaśītyaṁjanāni 84 |;
RAdhyṬ zu RAdhy, 478.2: 81;32 1;tatastacchiṣyeṇa svasya visṛtyarthaṁ paraṁ |;
RAdhyṬ zu RAdhy, 478.2: 81;33 1;granthe.sminnekaviṁśatyadhikārāḥ ||;
RAdhyṬ zu RAdhy, 478.2: 81;34 1;tadyathā prathamam 1 aṣṭādaśasaṁskārasaṁskṛtaḥ |;
RAdhyṬ zu RAdhy, 478.2: 81;35 1;tataḥ hemarājiḥ ghoṣarājiḥ ||;
RAdhyṬ zu RAdhy, 478.2: 81;36 1;mākṣikarājiḥ ||;
RAdhyṬ zu RAdhy, 478.2: 81;37 1;nāgarājiḥ ||;
RAdhyṬ zu RAdhy, 478.2: 81;38 1;2 tataḥ khāparasattvapātanavidhiḥ ||;Rasādhyāyaṭīkā RAdhyṬ zu RAdhy, 249.2: 49 4;iti khāparasattvapātanavidhiḥ ||;PARTLY;+ tatas - iti;Rasādhyāyaṭīkā RAdhyṬ zu RAdhy, 478.2: 81 39;tataḥ manaḥśilāsattvapātanavidhiḥ ||;PARTLY;+ khāpara - manaḥśilā;
RAdhyṬ zu RAdhy, 478.2: 81;39 1;tataḥ manaḥśilāsattvapātanavidhiḥ ||;Rasādhyāyaṭīkā RAdhyṬ zu RAdhy, 478.2: 81 38;2 tataḥ khāparasattvapātanavidhiḥ ||;PARTLY;+ manaḥśilā - khāpara;
RAdhyṬ zu RAdhy, 478.2: 81;40 1;tataḥ ṣaḍlohamāraṇavidhiḥ ||;Rasādhyāyaṭīkā RAdhyṬ zu RAdhy, 275.2: 55 5;iti ṣaḍlohamāraṇavidhiḥ ||;PARTLY;+ tatas - iti;
RAdhyṬ zu RAdhy, 478.2: 81;41 1;tatas tridhā ṣaḍlohadrutikaraṇam ||;
RAdhyṬ zu RAdhy, 478.2: 81;42 1;tataḥ tridhā annapathahīrakakaraṇam ||;
RAdhyṬ zu RAdhy, 478.2: 81;43 1;tataḥ pañcadhā hīrakabhasmīkaraṇam ||;
RAdhyṬ zu RAdhy, 478.2: 81;44 1;tataḥ gandhakaśodhanaṁ dvidhā ||;
RAdhyṬ zu RAdhy, 478.2: 81;45 1;tataḥ dvidhā gandhakapīṭhī tasyāḥ karma ca ||;
RAdhyṬ zu RAdhy, 478.2: 81;46 1;tataḥ gandhakatailam ||;
RAdhyṬ zu RAdhy, 478.2: 81;47 1;tataḥ gandhakatailena tridhā hemakarma ||;
RAdhyṬ zu RAdhy, 478.2: 81;48 1;tataḥ gandhakatailenaiva sahasravedharasavidhiḥ ||;
RAdhyṬ zu RAdhy, 478.2: 81;49 1;tataḥ gandhakadrutipīṭhī ||;Rasādhyāyaṭīkā RAdhyṬ zu RAdhy, 478.2: 81 50;tataḥ gandhakadrutipīṭhīkarma ||;GOOD;;Rasādhyāyaṭīkā RAdhyṬ zu RAdhy, 374.2: 73 10;iti gandhakadrutipīṭhīkarmāṇi ||;PARTLY;+ tatas - karman;
RAdhyṬ zu RAdhy, 478.2: 81;50 1;tataḥ gandhakadrutipīṭhīkarma ||;Rasādhyāyaṭīkā RAdhyṬ zu RAdhy, 374.2: 73 10;iti gandhakadrutipīṭhīkarmāṇi ||;PARTLY;+ tatas - iti;Rasādhyāyaṭīkā RAdhyṬ zu RAdhy, 478.2: 81 45;tataḥ dvidhā gandhakapīṭhī tasyāḥ karma ca ||;PARTLY;+ druti - ca;Rasādhyāyaṭīkā RAdhyṬ zu RAdhy, 478.2: 81 49;tataḥ gandhakadrutipīṭhī ||;PARTLY;+ karman - vidhi;
RAdhyṬ zu RAdhy, 478.2: 81;51 1;tataḥ tālakaśodhanam ||;Rasādhyāyaṭīkā RAdhyṬ zu RAdhy, 374.2: 73 11;atha tālakaśodhanam ||;PARTLY;+ tatas - atha;Rasādhyāyaṭīkā RAdhyṬ zu RAdhy, 478.2: 81 44;tataḥ gandhakaśodhanaṁ dvidhā ||;PARTLY;+ tālaka - dvidhā;Rasādhyāyaṭīkā RAdhyṬ zu RAdhy, 478.2: 81 52;tataḥ tālakakarma ||;PARTLY;+ śodhana - karman;Viṣṇupurāṇa ViPur, 4, 24: 80 46;tataś cāriṣṭakarmā tato hālāhalaḥ ||;PARTLY;+  - hālāhala;
RAdhyṬ zu RAdhy, 478.2: 81;52 1;tataḥ tālakakarma ||;Aṣṭādhyāyī Aṣṭādhyāyī, 3, 1: 9 87;karmavat karmaṇā tulyakriyaḥ ||;PARTLY;+  - kriyā;Āyurvedadīpikā ĀVDīp zu Ca, Śār., 1, 98.2: 248 6;karmasaṁprāptiḥ pacyamānakarmayogaḥ ||;PARTLY;+  - yoga;Rasādhyāyaṭīkā RAdhyṬ zu RAdhy, 383.2: 74 10;atha śuddhatālakakarmāṇi ||;PARTLY;+ tatas - śuddha;Rasādhyāyaṭīkā RAdhyṬ zu RAdhy, 403.2: 75 13;iti tālakakarmāṇi ||;PARTLY;+ tatas - iti;Rasādhyāyaṭīkā RAdhyṬ zu RAdhy, 478.2: 81 47;tataḥ gandhakatailena tridhā hemakarma ||;PARTLY;+ tālaka - heman;Rasādhyāyaṭīkā RAdhyṬ zu RAdhy, 478.2: 81 50;tataḥ gandhakadrutipīṭhīkarma ||;PARTLY;+ tālaka - pīṭhī;Rasādhyāyaṭīkā RAdhyṬ zu RAdhy, 478.2: 81 51;tataḥ tālakaśodhanam ||;PARTLY;+ karman - śodhana;Rasādhyāyaṭīkā RAdhyṬ zu RAdhy, 478.2: 81 54;tataḥ tasyāḥ karmāṇi ||;PARTLY;+ tālaka - tad;Rasaratnasamuccayaṭīkā RRSṬīkā zu RRS, 8, 52.2: 83 6;karma jāraṇādikarma ||;PARTLY;+  - ādi;Vaiśeṣikasūtra VaiśSū, 1, 1: 1 10;karma karmasādhyaṁ na vidyate ||;PARTLY;+  - vid;Vaiśeṣikasūtra VaiśSū, 1, 2: 2 16;karmaṇi bhāvāt karmatvam uktam ||;PARTLY;+  - vac;Vaiśeṣikasūtra VaiśSū, 7, 1: 13 24;karmabhiḥ karmāṇi guṇairguṇāḥ ||;PARTLY;+  - guṇa;Vaiśeṣikasūtra VaiśSū, 7, 2: 14 5;karmabhiḥ karmāṇi guṇairguṇāḥ ||;PARTLY;+  - guṇa;Vaiśeṣikasūtra VaiśSū, 7, 2: 14 13;karmabhiḥ karmāṇi guṇairguṇāḥ ||;PARTLY;+  - guṇa;Vaiśeṣikasūtra VaiśSū, 7, 2: 14 28;karmabhiḥ karmāṇi guṇairguṇāḥ ||;PARTLY;+  - guṇa;Viṣṇupurāṇa ViPur, 4, 24: 80 46;tataś cāriṣṭakarmā tato hālāhalaḥ ||;PARTLY;+  - hālāhala;Yogasūtra YS, 4: 4 29;tataḥ kleśakarmanivṛttiḥ ||;PARTLY;+ tālaka - nivṛtti;Yogasūtrabhāṣya YSBhā zu YS, 4, 8.1: 123 1;tata iti trividhāt karmaṇaḥ ||;PARTLY;+ tālaka - trividha;
RAdhyṬ zu RAdhy, 478.2: 81;53 1;tataḥ tridhābhrakadrutiḥ ||;Rasādhyāyaṭīkā RAdhyṬ zu RAdhy, 478.2: 81 41;tatas tridhā ṣaḍlohadrutikaraṇam ||;PARTLY;+ abhraka - karaṇa;
RAdhyṬ zu RAdhy, 478.2: 81;54 1;tataḥ tasyāḥ karmāṇi ||;Aitareyabrāhmaṇa AitBr, 1, 4: 4 5;tattan nādṛtyam ||;PARTLY;+  - ādṛ;Aitareyabrāhmaṇa AitBr, 1, 11: 11 2;tat tan nādṛtyam ||;PARTLY;+  - ādṛ;Aitareyabrāhmaṇa AitBr, 2, 22: 52 2;tat tan nādṛtyam ||;PARTLY;+  - ādṛ;Aitareyabrāhmaṇa AitBr, 3, 18: 89 10;tat tan nādṛtyam ||;PARTLY;+  - ādṛ;Aitareyabrāhmaṇa AitBr, 5, 22: 175 6;te tataḥ sarpanti ||;PARTLY;+ karman - sṛp;Āpastambagṛhyasūtra ĀpGṛSū, 12: 11 9;tasmā anvāha tat savitur iti ||;PARTLY;+  - iti;Āpastambagṛhyasūtra ĀpGṛSū, 18: 17 10;tena tryahaṁ karmanivṛttiḥ ||;PARTLY;+ tatas - nivṛtti;Arthaśāstra ArthaŚ, 1, 4: 4 15;sa tena guptaḥ prabhavati iti ||;PARTLY;+  - iti;Arthaśāstra ArthaŚ, 1, 10: 10 10;tenodvegena rājā tān avarundhyāt ||;PARTLY;+  - avarudh;Arthaśāstra ArthaŚ, 1, 15: 15 24;te yathā brūyustat kuryāt ||;PARTLY;+  - kṛ;Arthaśāstra ArthaŚ, 1, 15: 15 55;sa taccakṣuḥ ||;PARTLY;+  - cakṣus;Aṣṭādhyāyī Aṣṭādhyāyī, 1, 4: 4 32;karmaṇā yam abhipraiti sa sampradānam ||;PARTLY;+ tatas - sampradāna;Aṣṭādhyāyī Aṣṭādhyāyī, 3, 1: 9 87;karmavat karmaṇā tulyakriyaḥ ||;PARTLY;+  - kriyā;Aṣṭādhyāyī Aṣṭādhyāyī, 4, 2: 14 59;tad adhīte tad veda ||;PARTLY;+  - vid;Aṣṭādhyāyī Aṣṭādhyāyī, 5, 1: 17 16;tad asya tad asmin syād iti ||;PARTLY;+  - iti;Aṣṭādhyāyī Aṣṭādhyāyī, 5, 4: 20 36;tadyuktāt karmaṇo .ṇ ||;PARTLY;+ tatas - aṇ;Āyurvedadīpikā ĀVDīp zu Ca, Śār., 1, 98.2: 248 6;karmasaṁprāptiḥ pacyamānakarmayogaḥ ||;PARTLY;+  - yoga;Baudhāyanadharmasūtra BaudhDhSū, 1, 3: 3 43;tayos tad eva pāvanam ||;PARTLY;+  - pāvana;Daśakumāracarita DKCar, 2, 3: 8 178;akūjacaca sā taṁ janaṁ kṛtāntadṛtīvāhvayantī ||;PARTLY;+  - jana;Daśakumāracarita DKCar, 2, 6: 11 6;sa tu tasyāḥ pāṇigrāhakamanujīviṣyati ||;PARTLY;+  - anujīv;Divyāvadāna Divyāv, 1: 1 89;sā tenātyayam atyayataḥ kṣamāpitā ||;PARTLY;+  - kṣamāpay;Divyāvadāna Divyāv, 1: 1 139;tān dṛṣṭvā tasya kāruṇyamutpannam ||;PARTLY;+  - utpad;Divyāvadāna Divyāv, 1: 1 142;sa tānutsṛjya padbhyāṁ samprasthitaḥ ||;PARTLY;+  - samprasthā;Divyāvadāna Divyāv, 1: 1 145;sa tasya sakāśamupasaṁkrāntaḥ ||;PARTLY;+  - upasaṁkram;Divyāvadāna Divyāv, 1: 1 167;sa tasya sakāśamupasaṁkrāntaḥ ||;PARTLY;+  - upasaṁkram;Divyāvadāna Divyāv, 1: 1 190;sa tairdūrata eva dṛṣṭaḥ ||;PARTLY;+  - dṛś;Divyāvadāna Divyāv, 1: 1 191;te taṁ pratyavabhāṣitumārabdhāḥ ||;PARTLY;+  - ārabh;Divyāvadāna Divyāv, 1: 1 194;sa taiḥ snāpito bhojitaḥ ||;PARTLY;+  - bhojay;Divyāvadāna Divyāv, 1: 1 239;sa tena snāpito bhojitaḥ ||;PARTLY;+  - bhojay;Divyāvadāna Divyāv, 1: 1 325;tena tasyāḥ pratijñātam ||;PARTLY;+  - pratijñā;Divyāvadāna Divyāv, 1: 1 328;sa tasminneva vimāne uṣitaḥ ||;PARTLY;+  - vas;Divyāvadāna Divyāv, 1: 1 341;sa tasyaurabhrikasya sakāśamupasaṁkrāntaḥ ||;PARTLY;+  - upasaṁkram;Divyāvadāna Divyāv, 1: 1 369;sa tasyā veśyāyāḥ sakāśamupasaṁkrāntaḥ ||;PARTLY;+  - upasaṁkram;Divyāvadāna Divyāv, 1: 1 397;sa taiḥ svareṇa pratyabhijñātaḥ ||;PARTLY;+  - pratyabhijñā;Divyāvadāna Divyāv, 1: 1 428;sa tenopasaṁpāditaḥ ||;PARTLY;+  - upasaṁpāday;Divyāvadāna Divyāv, 1: 1 494;taiḥ sa dvāre baddhvā sthāpitaḥ ||;PARTLY;+  - sthāpay;Divyāvadāna Divyāv, 1: 1 508;tena te karapratyāyāḥ samucchinnāḥ ||;PARTLY;+  - samucchid;Divyāvadāna Divyāv, 2: 2 39;tayā tasyārocitam ||;PARTLY;+  - ārocay;Divyāvadāna Divyāv, 2: 2 120;tābhiḥ sā pṛṣṭā tayā samākhyātam ||;PARTLY;+  - samākhyā;Divyāvadāna Divyāv, 2: 2 183;sa tamādāya vīthīṁ samprasthitaḥ ||;PARTLY;+  - samprasthā;Divyāvadāna Divyāv, 2: 2 188;sa tat kāṣṭhaṁ nirīkṣitumārabdhaḥ ||;PARTLY;+  - ārabh;Divyāvadāna Divyāv, 2: 2 219;tena tāstisro gaṇḍikā darśitāḥ ||;PARTLY;+  - darśay;Divyāvadāna Divyāv, 2: 2 223;tatastasya tisro dattāḥ ||;PARTLY;+ karman - dā;Divyāvadāna Divyāv, 2: 2 307;tena te śrutāḥ ||;PARTLY;+  - śru;Divyāvadāna Divyāv, 2: 2 419;sa tābhyāṁ mānaṁ grāhitaḥ ||;PARTLY;+  - grāhay;Divyāvadāna Divyāv, 3: 3 17;tatastairucchrāpitaḥ ||;PARTLY;+ karman - ucchrāpay;Divyāvadāna Divyāv, 3: 3 106;sa tān māṇavakān maitreyāya anupradāsyati ||;PARTLY;+  - anupradā;Divyāvadāna Divyāv, 7: 7 33;sa tasyāḥ sakāśamupasaṁkrāntaḥ ||;PARTLY;+  - upasaṁkram;Divyāvadāna Divyāv, 7: 7 41;sā tāmapanetumārabdhā ||;PARTLY;+  - ārabh;Divyāvadāna Divyāv, 7: 7 42;tasyāstasminnācāme .ṅguliḥ patitā ||;PARTLY;+  - pat;Divyāvadāna Divyāv, 7: 7 140;sa tasya kṣetraṁ rakṣitumārabdhaḥ ||;PARTLY;+  - ārabh;Divyāvadāna Divyāv, 7: 7 149;sā tāmādāya gatā ||;PARTLY;+  - gam;Divyāvadāna Divyāv, 7: 7 192;sa tayā prajvalitaḥ pradīpaḥ prajvalatyeva ||;PARTLY;+  - eva;Divyāvadāna Divyāv, 8: 8 530;tataḥ paripūrṇamanorathāste sattvāḥ ||;PARTLY;+ karman - sattva;Divyāvadāna Divyāv, 10: 10 11;tatastatkvāthaṁ pibanti ||;PARTLY;+ karman - pā;Divyāvadāna Divyāv, 12: 12 176;tat tasyopari nipatitam ||;PARTLY;+  - nipat;Divyāvadāna Divyāv, 13: 13 148;sa tayā mukhabimbakena pratyabhijñātaḥ ||;PARTLY;+  - pratyabhijñā;Divyāvadāna Divyāv, 13: 13 157;tayā gatvā tasyāḥ pracchannaṁ kathitam ||;PARTLY;+  - kathay;Divyāvadāna Divyāv, 13: 13 299;tasya tannīlakṛtsnam āmukhībhūtam ||;PARTLY;+  - āmukhībhū;Divyāvadāna Divyāv, 13: 13 487;sa gṛhapatistaṁ dṛṣṭvā paryavasthitaḥ ||;PARTLY;+  - paryavasthā;Divyāvadāna Divyāv, 13: 13 497;sa tasyānugrahārthamavatīrṇaḥ ||;PARTLY;+  - avatṛ;Divyāvadāna Divyāv, 17: 17 202;tatastairamātyair ṛṣayo .bhihitāḥ ||;PARTLY;+ karman - abhidhā;Divyāvadāna Divyāv, 17: 17 211;tairārabdhāni karṣaṇakarmāṇi kartum ||;PARTLY;+ tatas - kṛ;Divyāvadāna Divyāv, 17: 17 326;taiḥ sa rājā dṛṣṭa āgacchan ||;PARTLY;+  - āgam;Divyāvadāna Divyāv, 18: 18 212;tena tadapi bhuktam ||;PARTLY;+  - bhuj;Divyāvadāna Divyāv, 18: 18 390;sa tān dṛṣṭvā pratibuddhaḥ ||;PARTLY;+  - pratibudh;Divyāvadāna Divyāv, 18: 18 481;tatastasya dīpena rājñā anupradattāḥ ||;PARTLY;+ karman - anupradā;Divyāvadāna Divyāv, 19: 19 232;taistad dṛṣṭam ||;PARTLY;+  - dṛś;Divyāvadāna Divyāv, 19: 19 273;sa tāṁ gṛhītvā vīthīṁ gataḥ ||;PARTLY;+  - gam;Divyāvadāna Divyāv, 19: 19 289;taiste punaḥ pratyavekṣitāḥ ||;PARTLY;+  - pratyavekṣ;Divyāvadāna Divyāv, 19: 19 291;sa tairgṛhītaḥ ||;PARTLY;+  - grah;Divyāvadāna Divyāv, 19: 19 313;sa taiḥ śabditaḥ ||;PARTLY;+  - śabday;Divyāvadāna Divyāv, 19: 19 338;tena tasya kārṣāpaṇasahasraṁ dattam ||;PARTLY;+  - dā;Divyāvadāna Divyāv, 19: 19 404;sa taṁ tāḍayitumārabdhaḥ ||;PARTLY;+  - ārabh;Divyāvadāna Divyāv, 19: 19 416;sa tasya gṛhaṁ gataḥ ||;PARTLY;+  - gam;Divyāvadāna Divyāv, 19: 19 552;sa tena praveśitaḥ ||;PARTLY;+  - praveśay;Gautamadharmasūtra GautDhS, 1, 1: 1 10;tad yasmāt sa ācāryaḥ ||;PARTLY;+  - ācārya;Gautamadharmasūtra GautDhS, 1, 5: 5 7;tasmin gṛhyāṇi karmāṇi ||;PARTLY;+ tatas - gṛhya;Gautamadharmasūtra GautDhS, 1, 8: 8 7;tadapekṣas tadvṛttiḥ ||;PARTLY;+  - vṛtti;Gautamadharmasūtra GautDhS, 2, 2: 11 13;tatprasūtaḥ karmāṇi kurvīta ||;PARTLY;+ tatas - kṛ;Gopathabrāhmaṇa NEW GB, 1, 1, 23: 23 6;te tam abruvan ||;PARTLY;+  - brū;Gopathabrāhmaṇa NEW GB, 1, 2, 15: 54 28;te pathirakṣayas ta iyakṣamāṇaṁ pratinudantaḥ ||;PARTLY;+  - pratinud;Jaiminīyabrāhmaṇa JB, 1, 12: 5 7;tām annam akuruta tāṁ pratyudadīpyata ||;PARTLY;+  - pratyuddīp;Jaiminīyabrāhmaṇa JB, 1, 12: 5 12;tām annam akuruta tāṁ pratyudadīpyata ||;PARTLY;+  - pratyuddīp;Jaiminīyabrāhmaṇa JB, 1, 24: 17 7;sa tataḥ parāṅ evātapat ||;PARTLY;+ karman - tap;Kāmasūtra KāSū, 2, 2: 7 17;tad ubhayaṁ sthitakarma ||;PARTLY;+ tatas - sthā;Kāmasūtra KāSū, 5, 4: 26 18;tasyāstayaiva pratyuttarāṇi yojayet ||;PARTLY;+  - yojay;Lalitavistara LalVis, 12: 12 23;sa tasyāstaṁ lekhamupanāmayati sma ||;PARTLY;+  - sma;Maitrāyaṇīsaṁhitā MS, 2, 1, 1: 18 10;tāṁ vai tasmai kāmāyālabhanta ||;PARTLY;+  - ālabh;Mṛgendraṭīkā MṛgṬīkā zu MṛgT, Vidyāpāda, 11, 16.2: 229 2;taddhetorapi karmaiṣṭavyam ||;PARTLY;+ tatas - iṣ;Nibandhasaṁgraha NiSaṁ zu Su, Sū., 1, 25.1: -1 1;tadyuktam teṣāmityādi ||;PARTLY;+  - vac;Pañcārthabhāṣya PABh zu PāśupSūtra, 2, 18: 63 8;taducyate tadarthameva ||;PARTLY;+  - eva;Pañcārthabhāṣya PABh zu PāśupSūtra, 2, 19: 64 4;tasmādatra tapastadeva ||;PARTLY;+  - eva;Pañcārthabhāṣya PABh zu PāśupSūtra, 4, 1: 99 9;tasmādatra tapastadeva ||;PARTLY;+  - eva;Pañcārthabhāṣya PABh zu PāśupSūtra, 4, 8: 106 16;taducyate taṁ guṇaṁ jñātvā vakṣyāmaḥ ||;PARTLY;+  - jñā;Pañcārthabhāṣya PABh zu PāśupSūtra, 4, 12: 110 7;sa teṣām iṣṭāpūrtam ādatteti ||;PARTLY;+  - iti;Pañcārthabhāṣya PABh zu PāśupSūtra, 5, 20: 142 10;taducyate karmaṇā ||;PARTLY;+ tatas - vac;Pañcārthabhāṣya PABh zu PāśupSūtra, 5, 34: 156 37;sa bhavatu teṣām ||;PARTLY;+  - bhū;Pañcārthabhāṣya PABh zu PāśupSūtra, 5, 34: 156 81;te bhavantu teṣām ||;PARTLY;+  - bhū;Pāraskaragṛhyasūtra Pāraskaragṛhyasūtra, 1, 8: 6 13;tasmāt tayor grāmaḥ pramānam iti śruteḥ ||;PARTLY;+  - śruti;Pāśupatasūtra PāśupSūtra, 4: 4 11;sa teṣāmiṣṭāpūrtamādatta ||;PARTLY;+  - ādā;Rasādhyāyaṭīkā RAdhyṬ zu RAdhy, 478.2: 81 47;tataḥ gandhakatailena tridhā hemakarma ||;PARTLY;+ tad - heman;Rasādhyāyaṭīkā RAdhyṬ zu RAdhy, 478.2: 81 50;tataḥ gandhakadrutipīṭhīkarma ||;PARTLY;+ tad - pīṭhī;Rasādhyāyaṭīkā RAdhyṬ zu RAdhy, 478.2: 81 52;tataḥ tālakakarma ||;PARTLY;+ tad - tālaka;Rasaratnasamuccayaṭīkā RRSṬīkā zu RRS, 8, 52.2: 83 6;karma jāraṇādikarma ||;PARTLY;+  - ādi;Saṅghabhedavastu SBhedaV, 1: 1 70;tatas teṣām indriyanānātvaṁ prādurbhūtam ||;PARTLY;+ karman - prādurbhū;Saṅghabhedavastu SBhedaV, 1: 1 128;sa teṣāṁ nigṛhītavyāṁś ca nigṛhṇāti pragṛhītavyāṁś ca ;PARTLY;+  - pragrah;Śāṅkhāyanāraṇyaka ŚāĀr, 2, 11: 19 9;sā tata evotsṛjyate ||;PARTLY;+ karman - utsṛj;Śāṅkhāyanāraṇyaka ŚāĀr, 3, 2: 28 5;taṁ yaḥ pratyāha tam atisṛjate ||;PARTLY;+  - atisṛj;Śāṅkhāyanāraṇyaka ŚāĀr, 4, 14: 47 13;tat tata eva samuttasthau ||;PARTLY;+ karman - samutthā;Śāṅkhāyanāraṇyaka ŚāĀr, 5, 5: 53 12;tayoḥ karma parastāt prativihitā bhūtamātrā ||;PARTLY;+ tatas - bhūtamātrā;Śāṅkhāyanāraṇyaka ŚāĀr, 6, 19: 75 14;sa tata eva samuttasthau ||;PARTLY;+ karman - samutthā;Śāṅkhāyanāraṇyaka ŚāĀr, 7, 1: 77 3;tan mām avatu tad vaktāram avatvavatu mām avatu ;PARTLY;+  - vaktṛ;Śāṅkhāyanāraṇyaka ŚāĀr, 8, 7: 106 5;sa yat karaṇīyaṁ manyeta tat kuryāt ||;PARTLY;+  - man;Sūryaśatakaṭīkā Sūryaśatakaṭīkā zu SūryaŚ, 1, 3.2: 3 16;tena śramastasmājjātastamiva ||;PARTLY;+  - iva;Tantrākhyāyikā TAkhy, 1: 1 132;tatas tair vijñaptaḥ yathā ||;PARTLY;+ karman - yathā;Tantrākhyāyikā TAkhy, 1: 1 229;tato .sau tasyāḥ pādayor nipatitaḥ ||;PARTLY;+ karman - nipat;Tantrākhyāyikā TAkhy, 1: 1 274;te tam āhuḥ ||;PARTLY;+  - ah;Tantrākhyāyikā TAkhy, 1: 1 297;tatas tāv ūcatuḥ ||;PARTLY;+ karman - vac;Tantrākhyāyikā TAkhy, 1: 1 382;tatas tayor matir utpannā ||;PARTLY;+ karman - utpad;Tantrākhyāyikā TAkhy, 1: 1 412;tatas tāv āhūya pṛṣṭavān gamanāya ||;PARTLY;+ karman - gamana;Tantrākhyāyikā TAkhy, 1: 1 549;tatas tenābhihitam ||;PARTLY;+ karman - abhidhā;Tantrākhyāyikā TAkhy, 1: 1 570;tatas ta evainaṁ ghātayiṣyanti ||;PARTLY;+ karman - ghātay;Tantrākhyāyikā TAkhy, 1: 1 634;tatas tair vismitamanobhir abhihitaḥ ||;PARTLY;+ karman - abhidhā;Tantrākhyāyikā TAkhy, 2: 2 90;sā tam āha ||;PARTLY;+  - ah;Vaiśeṣikasūtra VaiśSū, 1, 1: 1 10;karma karmasādhyaṁ na vidyate ||;PARTLY;+  - vid;Vaiśeṣikasūtra VaiśSū, 1, 2: 2 16;karmaṇi bhāvāt karmatvam uktam ||;PARTLY;+  - vac;Vaiśeṣikasūtra VaiśSū, 7, 1: 13 24;karmabhiḥ karmāṇi guṇairguṇāḥ ||;PARTLY;+  - guṇa;Vaiśeṣikasūtra VaiśSū, 7, 2: 14 5;karmabhiḥ karmāṇi guṇairguṇāḥ ||;PARTLY;+  - guṇa;Vaiśeṣikasūtra VaiśSū, 7, 2: 14 13;karmabhiḥ karmāṇi guṇairguṇāḥ ||;PARTLY;+  - guṇa;Vaiśeṣikasūtra VaiśSū, 7, 2: 14 28;karmabhiḥ karmāṇi guṇairguṇāḥ ||;PARTLY;+  - guṇa;Vaiśeṣikasūtra VaiśSū, 9: 16 16;tatsamavāyāt karmaguṇeṣu ||;PARTLY;+ tatas - guṇa;Vaiśeṣikasūtravṛtti VaiSūVṛ zu VaiśSū, 6, 2, 13.1: 204 2;tatastanmayatvād rāgaḥ ||;PARTLY;+ karman - rāga;Viṣṇupurāṇa ViPur, 4, 3: 59 30;sā tasya bhāryā citāṁ kṛtvā tam ;PARTLY;+  - kṛ;Viṣṇupurāṇa ViPur, 4, 4: 60 61;tataḥ sā brāhmaṇī bahuśas tam abhiyācitavatī ||;PARTLY;+ karman - bahuśas;Viṣṇupurāṇa ViPur, 4, 7: 63 16;tatas tām ṛcīkaḥ kanyām upayeme ||;PARTLY;+ karman - upayam;Viṣṇupurāṇa ViPur, 4, 12: 68 10;tasyāpi rukmakavacas tataḥ parāvṛt ||;PARTLY;+ karman - parāvṛt;Viṣṇupurāṇa ViPur, 4, 12: 68 36;sa ca tāṁ snuṣām upayeme ||;PARTLY;+  - upayam;Viṣṇupurāṇa ViPur, 4, 12: 68 43;tataś cāṁśus tasmācca satvataḥ ||;PARTLY;+ karman - satvata;Viṣṇupurāṇa ViPur, 4, 19: 75 46;tataś ca viṣvaksenas tasmād udaksenaḥ ||;PARTLY;+ karman - udaksena;Viṣṇupurāṇa ViPur, 4, 20: 76 16;tataś ca tam ūcur brāhmaṇāḥ ||;PARTLY;+ karman - brāhmaṇa;Viṣṇupurāṇa ViPur, 4, 20: 76 19;tatas te punar apy ūcuḥ ||;PARTLY;+ karman - vac;Viṣṇupurāṇa ViPur, 4, 20: 76 27;tatas te brāhmaṇāḥ śaṁtanum ūcuḥ ||;PARTLY;+ karman - vac;Viṣṇupurāṇa ViPur, 4, 24: 80 46;tataś cāriṣṭakarmā tato hālāhalaḥ ||;PARTLY;+  - hālāhala;Viṣṇusmṛti ViSmṛ, 5: 5 90;tatas teṣām abhihitadaṇḍaprayogaḥ ||;PARTLY;+ karman - prayoga;Viṣṇusmṛti ViSmṛ, 5: 5 133;tac ca teṣāṁ dadyāt ||;PARTLY;+  - dā;Viṣṇusmṛti ViSmṛ, 30: 30 2;tatas teṣām utsargaṁ bahiḥ kuryāt ||;PARTLY;+ karman - kṛ;Yogasūtra YS, 1: 1 28;tajjapas tadarthabhāvanam ||;PARTLY;+  - bhāvanā;Yogasūtra YS, 4: 4 29;tataḥ kleśakarmanivṛttiḥ ||;PARTLY;+ tad - nivṛtti;Yogasūtrabhāṣya YSBhā zu YS, 2, 24.1: 68 7;sa tām āha ||;PARTLY;+  - ah;Yogasūtrabhāṣya YSBhā zu YS, 4, 8.1: 123 1;tata iti trividhāt karmaṇaḥ ||;PARTLY;+ tad - trividha;
RAdhyṬ zu RAdhy, 478.2: 81;55 1;tataḥ hemavajrabhasmabhūnāgasatvaniṣpannaṣoṭakarmāṇi |;
RAdhyṬ zu RAdhy, 478.2: 81;56 1;tataḥ kila bālavādanī guṭikā ||;
RAdhyṬ zu RAdhy, 478.2: 81;57 1;ityekaviṁśatiradhikārā nibaddhāḥ santi ||;
RAdhyṬ zu RAdhy, 478.2: 81;58 1;te ca yadyapi kiṁcic cānumānasambhavena kiṁcit |;
