TantraS, 2: 2;1 1;atha anupāyam eva tāvat vyākhyāsyāmaḥ ||;
TantraS, 2: 2;2 1;yadā khalu dṛḍhaśaktipātāviddhaḥ svayam eva itthaṁ |;
TantraS, 2: 2;3 1;atra ca tarka eva yogāṅgam iti kathaṁ vivecayati iti cet |;
TantraS, 2: 2;4 1;kaś cātra upāyaḥ tasyāpi vyatiriktasya anupapatteḥ tasmāt |;
TantraS, 3: 3;1 1;yad etat prakāśarūpaṁ śivatattvam uktam tatra |;
TantraS, 3: 3;2 1;na hi sa raso mukhyaḥ tatkāryavyādhiśamanādyadṛṣṭeḥ ||;
TantraS, 3: 3;3 1;nāpi gandhasparśau mukhyau guṇinaḥ tatra abhāve tayor |;
TantraS, 3: 3;4 1;na ca tau na staḥ dehoddhūlanavisargādidarśanāt ||;
TantraS, 3: 3;5 1;śabdo .pi na mukhyaḥ ko .pi vakti iti āgacchantyā iva |;
TantraS, 3: 3;6 1;evaṁ yathā etat pratibimbitaṁ bhāti tathaiva viśvaṁ |;
TantraS, 3: 3;7 1;nanu atra bimbaṁ kiṁ syāt mābhūt kiṁcit ||;
TantraS, 3: 3;8 1;nanu kim akāraṇakaṁ tat hanta tarhi hetupraśnaḥ tat kiṁ |;
TantraS, 3: 3;9 1;svarūpānāmarśane hi vastuto jaḍataiva syāt āmarśaś ca |;
TantraS, 3: 3;10 1;tatra mukhyās tāvat tisraḥ parameśvarasya śaktayaḥ |;
TantraS, 3: 3;11 1;atra ca prācyaṁ parāmarśatrayaṁ prakāśabhāgasāratvāt |;
TantraS, 3: 3;12 1;yadā tu icchāyām īśane ca karma anupraviśati yat tat |;
TantraS, 3: 3;13 1;tad etad varṇacatuṣṭayam ubhayacchāyādhāritvāt |;
TantraS, 3: 3;14 1;anuttarānandayoḥ icchādiṣu yadā prasaraḥ tadā |;
TantraS, 3: 3;15 1;tatrāpi punar anuttarānandasaṁghaṭṭāt varṇadvayam ai au |;
TantraS, 3: 3;16 1;sā iyaṁ kriyāśaktiḥ tad eva ca varṇacatuṣṭayam e ai o au iti |;
TantraS, 3: 3;17 1;tataḥ punaḥ kriyāśaktyante sarvaṁ kāryabhūtaṁ yāvat |;
TantraS, 3: 3;18 1;tatas tatraiva anuttarasya visargo jāyate aḥ iti ||;
TantraS, 3: 3;19 1;evaṁ ṣoḍaśakaṁ parāmarśānāṁ bījasvarūpam ucyate ||;
TantraS, 3: 3;20 1;tadutthaṁ vyañjanātmakaṁ yonirūpam ||;
TantraS, 3: 3;21 1;tatra anuttarāt kavargaḥ śraddhāyāḥ icchāyāḥ cavargaḥ |;
TantraS, 3: 3;22 1;icchāyā eva trividhāyā yaralāḥ unmeṣāt vakāraḥ icchāyā |;
TantraS, 3: 3;23 1;ity eva eṣa bhagavān anuttara eva kuleśvararūpaḥ ||;
TantraS, 3: 3;24 1;tasya ca ekaiva kaulikī visargaśaktiḥ yayā ānandarūpāt |;
TantraS, 3: 3;25 1;sa ca eṣa visargas tridhā āṇavaḥ cittaviśrāntirūpaḥ śāktaḥ |;
TantraS, 3: 3;26 1;evaṁ visarga eva viśvajanane bhagavataḥ śaktiḥ ||;
TantraS, 3: 3;27 1;ity evam iyato yadā nirvibhāgatayā eva parāmarśaḥ tadā |;
TantraS, 3: 3;28 1;pṛthak aṣṭakaparāmarśe cakreśvarasāhityena navavargaḥ |;
TantraS, 3: 3;29 1;tatrāpi sambhavadbhāgabhedaparāmarśane |;
TantraS, 3: 3;30 1;vastutas tu ṣaṭ eva parāmarśāḥ |;
TantraS, 3: 3;31 1;tā eva etāḥ parāmarśarūpatvāt śaktayo bhagavatyaḥ |;
TantraS, 3: 3;32 1;ete ca śaktirūpā eva śuddhāḥ parāmarśāḥ śuddhavidyāyāṁ |;
TantraS, 3: 3;33 1;māyāyāṁ punaḥ sphaṭībhūtabhedavibhāgā |;
TantraS, 3: 3;34 1;atrāpi pūrvavat na mantrādiyantraṇā kācid iti ||;
TantraS, 4: 4;1 1;tatra yadā vikalpaṁ krameṇa saṁskurute |;
TantraS, 4: 4;2 1;tathā hi vikalpabalāt eva jantavo baddham ātmānam |;
TantraS, 4: 4;3 1;sa ca evaṁrūpaḥ samastebhyaḥ paricchinnasvabhāvebhyaḥ |;
TantraS, 4: 4;4 1;sa ca ayaṁ māyāndhānāṁ na utpadyate sattarkādīnām |;
TantraS, 4: 4;5 1;vaiṣṇavādyā hi tāvanmātra eva āgame rāgatattvena |;
TantraS, 4: 4;6 1;yathoktaṁ pārameśvare |;
TantraS, 4: 4;6 2;vaiṣṇavādyāḥ samastās te vidyārāgeṇa rañjitāḥ |;
TantraS, 4: 4;6 3;na vindanti paraṁ tattvaṁ sarvajñajñānavarjitāḥ iti ||;
TantraS, 4: 4;7 1;tasmāt śāṁbhavadṛḍhaśaktipātāviddhā eva |;
TantraS, 4: 4;8 1;nanu itthaṁ paraṁ tattvaṁ vikalpyarūpaṁ syāt maivam |;
TantraS, 4: 4;9 1;tatra atidṛḍhaśaktipātāviddhasya svayam eva |;
TantraS, 4: 4;10 1;anyasya āgamakrameṇa ityādi savistaraṁ |;
TantraS, 4: 4;11 1;kiṁ tu guror āgamanirūpaṇe vyāpāraḥ āgamasya ca |;
TantraS, 4: 4;12 1;na ca atra sattarkāt śuddhavidyāprakāśarūpāt ṛte anyat |;
TantraS, 4: 4;13 1;pratyāhāro .pi karaṇabhūmim eva sātiśayāṁ kuryāt |;
TantraS, 4: 4;14 1;abhyāsaś ca pare tattve śivātmani svasvabhāve na |;
TantraS, 4: 4;15 1;saṁvidrūḍhasya prāṇabuddhidehaniṣṭhīkaraṇarūpo hi |;
TantraS, 4: 4;16 1;kiṁ tarkeṇāpi iti cet uktam atra dvaitādhivāsanirāsaprakāra |;
TantraS, 4: 4;17 1;laukike .pi vā abhyāse cidātmatvena sarvarūpasya tasya |;
TantraS, 4: 4;18 1;paratattve tu na kiṁcit apāsyam iti uktam ||;
TantraS, 4: 4;19 1;dvaitādhivāso .pi nāma na kaścana pṛthak vastubhūtaḥ api |;
TantraS, 4: 4;20 1;ayaṁ paramārthaḥ svarūpaṁ prakāśamānam |;
TantraS, 4: 4;21 1;tarkaṁ tu anugṛhṇīyur api sattarka eva sākṣāt tatra upāyaḥ |;
TantraS, 4: 4;22 1;sarve bhāvāḥ parameśvaratejomayā iti |;
TantraS, 4: 4;23 1;tathā ubhayātmakaparāmarśodayārthaṁ |;
TantraS, 4: 4;24 1;sarvatra sarvadā nirupāyaparameśvarābhimānalābhāya |;
TantraS, 4: 4;25 1;yathoktaṁ śrīnandiśikhāyām sarvasāmyaṁ paraṁ vratam |;
TantraS, 4: 4;26 1;itthaṁ vicitraiḥ śuddhavidyāṁśarūpaiḥ vikalpaiḥ yat |;
TantraS, 4: 4;27 1;tatra parameśvaraḥ pūrṇasaṁvitsvabhāvaḥ pūrṇataiva asya |;
TantraS, 4: 4;28 1;sā ca samagraśaktitādarśanena pūrṇatāsaṁvit prakāśate ||;
TantraS, 4: 4;29 1;śaktayaś ca asya asaṁkhyeyāḥ ||;Vaiśeṣikasūtra VaiśSū, 7, 1: 13 3;idamevaṁguṇam idam evaṁguṇamiti coktam ||;PARTLY;+  - vac;
TantraS, 4: 4;30 1;kiṁ bahunā yat viśvaṁ tā asya śaktayaḥ tāḥ katham |;
TantraS, 4: 4;31 1;tisṛṣu tāvat viśvaṁ samāpyate yayā idaṁ |;
TantraS, 4: 4;32 1;yayā ca darpaṇahastyādivat bhedābhedābhyāṁ sā asya |;
TantraS, 4: 4;33 1;yayā parasparaviviktātmanā bhedenaiva sā asya |;
TantraS, 4: 4;34 1;etat trividhaṁ yayā dhāraṇam ātmany eva kroḍīkāreṇa |;
TantraS, 4: 4;35 1;tā etāḥ catasraḥ śaktayaḥ svātantryāt pratyekaṁ tridhaiva |;
TantraS, 4: 4;36 1;sṛṣṭau sthitau saṁhāre ca iti dvādaśa bhavanti ||;
TantraS, 4: 4;37 1;tathā hi saṁvit pūrvam antar eva bhāvaṁ kalayati tato |;
TantraS, 4: 4;38 1;kalanaṁ ca gatiḥ kṣepo jñānaṁ gaṇanaṁ bhogīkaraṇaṁ |;
TantraS, 4: 4;39 1;yad āhuḥ śrībhūtirājaguravaḥ kṣepāj jñānāc ca kālī |;
TantraS, 4: 4;40 1;eṣa ca arthaḥ tatra tatra madviracite vivaraṇe |;
TantraS, 4: 4;41 1;na atirahasyam ekatra khyāpyaṁ na ca sarvathā gopyam iti |;
TantraS, 4: 4;42 1;tad evam yad uktaṁ yāgahomādi tat evaṁvidhe maheśvara |;
TantraS, 4: 4;43 1;sarve hi heyam eva upādeyabhūmirūpaṁ viṣṇutaḥ prabhṛti |;
TantraS, 4: 4;44 1;tasmāt vaidikāt prabhṛti |;
TantraS, 4: 4;45 1;tathaiva ca uktaṁ śrīpūrvādau vitatya tantrālokāt |;
TantraS, 5: 5;1 1;tatra yadā vikalpaḥ svayam eva saṁskāram ātmani |;
TantraS, 5: 5;2 1;tad etac ca nirṇītam anantara eva āhnike ||;
TantraS, 5: 5;3 1;yadā tu upāyāntaram asau svasaṁskārārthaṁ vikalpo |;
TantraS, 5: 5;4 1;tatra dhyānaṁ tāvat iha ucitam upadekṣyāmaḥ yat etat |;
TantraS, 5: 5;5 1;evaṁ tac cakraṁ samastabāhyavastvabhedaparipūrṇaṁ |;
TantraS, 5: 5;6 1;tato vāsanāśeṣān api bhāvān tena cakreṇa itthaṁ kṛtān |;
TantraS, 5: 5;7 1;evam asya anavarataṁ dhyāyinaḥ |;
TantraS, 5: 5;8 1;abhyāsāt tu sarvepsitasiddhyādayo .pi ||;
TantraS, 5: 5;9 1;svaprakāśaṁ samastātmatattvaṁ mātrādikaṁ trayam |;
TantraS, 5: 5;9 2;antaḥkṛtya sthitaṁ dhyāyeddhṛdayānandadhāmani ||;
TantraS, 5: 5;10 1;taddvādaśamahāśaktiraśmicakreśvaraṁ vibhum |;
TantraS, 5: 5;10 2;vyomabhir niḥsarad bāhye dhyāyet sṛṣṭyādibhāvakam ||;
TantraS, 5: 5;11 1;tadgrastasarvabāhyāntarbhāvamaṇḍalam ātmani |;
TantraS, 5: 5;11 2;viśrāmyan bhāvayed yogī syād evam ātmanaḥ prathā ||;
TantraS, 5: 5;12 1;iti saṁgrahaślokāḥ ||;Āyurvedadīpikā ĀVDīp zu Ca, Sū., 28, 49: 148 1;saṁgrahe vastviti śarīram ||;PARTLY;+ śloka - śarīra;Āyurvedadīpikā ĀVDīp zu Ca, Vim., 8, 7.2: 200 11;ityadhyayanavidhiriti upasaṁharaṇam ||;PARTLY;+  - upasaṁharaṇa;Gopathabrāhmaṇa NEW GB, 1, 1, 23: 23 25;śloke ślokaḥ ||;PARTLY;+  - brāhmaṇa;Gopathabrāhmaṇa NEW GB, 1, 2, 2: 41 23;iti veti vā mukhaṁ viparidhāpayet ||;PARTLY;+  - viparidhāpay;Mugdhāvabodhinī MuA zu RHT, 5, 12.2: 95 19;iti pañcabhiḥ ślokaiḥ kulakam ||;PARTLY;+ saṁgraha - kulaka;Nibandhasaṁgraha NiSaṁ zu Su, Cik., 29, 12.32: -1 16;eveti ityatra anutsvādayan ||;PARTLY;+  - anutsvādayat;Nibandhasaṁgraha NiSaṁ zu Su, Sū., 1, 24.1: -1 4;ityāha prākkila vyālā iti vyākhyātāḥ ||;PARTLY;+  - prāñc;Rasādhyāyaṭīkā RAdhyṬ zu RAdhy, 237.2: 46 6;iti vyoṣarājiḥ kāṁsyarājir ityarthaḥ ||;PARTLY;+  - artha;Śāṅkhāyanāraṇyaka ŚāĀr, 5, 3: 51 11;ityevaṁ hi paśyāma iti ||;PARTLY;+  - dṛś;
TantraS, 5: 5;13 1;iti dhyānam ||;
TantraS, 5: 5;14 1;tatra prāṇam uccicārayiṣuḥ pūrvaṁ hṛdaya eva śūnye |;
TantraS, 5: 5;15 1;tadgrāsakavahnipraśame vyānodaye |;
TantraS, 5: 5;16 1;evaṁ śūnyāt prabhṛti vyānāntaṁ yā etā viśrāntayaḥ tā eva |;
TantraS, 5: 5;17 1;tat etāsu uccārabhūmiṣu pratyekaṁ dvyādiśaḥ sarvaśo vā |;
TantraS, 5: 5;18 1;tad eva sṛṣṭisaṁhārabījoccāraṇarahasyam anusaṁdadhat |;
TantraS, 5: 5;19 1;tatra prāg ānandaḥ pūrṇatāṁśasparśāt tata udbhavaḥ |;
TantraS, 5: 5;20 1;ittham anātmani ātmabhāve līne svātmanaḥ sarvamayatvāt |;
TantraS, 5: 5;21 1;tā etā jāgradādibhūmayaḥ turyātītāntāḥ ||;
TantraS, 5: 5;22 1;etāś ca bhūmayaḥ |;
TantraS, 5: 5;23 1;evam uccāraviśrāntau yat paraṁ spandanaṁ |;
TantraS, 5: 5;24 1;paraṁ cātra liṅgaṁ yoginīhṛdayam ||;
TantraS, 5: 5;25 1;tatra mukhyā spandanarūpatā saṁkocavikāsātmatayā |;
TantraS, 5: 5;26 1;aprakāśaḥ atra anupraveśaḥ ||;
TantraS, 5: 5;27 1;pūrvaṁ svabodhe tadanu prameye viśramya meyaṁ pūrṇe .tra viśrāmyati mātṛmeyavibhāgam āśv eva sa |;
TantraS, 5: 5;28 1;vyāptyātha viśrāmyati tā imāḥ syuḥ śūnyena sākaṁ prāṇādayo vyānanapaścimās tallīnaś ca |;
TantraS, 5: 5;29 1;abhyāsaniṣṭho .tra tu sṛṣṭisaṁhṛdvimarśadhāmany acireṇa |;
TantraS, 5: 5;30 1;iti āntaraślokāḥ ||;
TantraS, 5: 5;31 1;iti uccāraṇam ||;
TantraS, 5: 5;32 1;asmin eva uccāre sphuran avyaktānukṛtiprāyo dhvaniḥ |;
TantraS, 5: 5;33 1;antaḥsphuradvimarśānantarasamudbhūtaṁ |;

TantraS, 5: 5;35 1;iti āntaraślokaḥ ||;
TantraS, 5: 5;36 1;iti varṇavidhiḥ ||;Āyurvedadīpikā ĀVDīp zu Ca, Vim., 8, 7.2: 200 11;ityadhyayanavidhiriti upasaṁharaṇam ||;GOOD;;Arthaśāstra ArthaŚ, 2, 11: 32 91;sāmūlī godhūmavarṇā |iti ||;PARTLY;+ vidhi - godhūma;Aṣṭādhyāyī Aṣṭādhyāyī, 2, 1: 5 69;varṇo varṇena ||;PARTLY;+  - jāti;Aṣṭādhyāyī Aṣṭādhyāyī, 6, 2: 22 3;varṇo varṇeṣv anete ||;PARTLY;+  - eta;Āyurvedadīpikā ĀVDīp zu Ca, Cik., 1, 61.2: 296 8;yathoktavidhineti kuṭīprāveśikena vidhinā ||;PARTLY;+ varṇa - kuṭīprāveśika;Āyurvedadīpikā ĀVDīp zu Ca, Cik., 2, 6.2: 304 5;yathoktena vidhineti kuṭīprāveśikena ||;PARTLY;+ varṇa - kuṭīprāveśika;Āyurvedadīpikā ĀVDīp zu Ca, 2, Cik., 3, 5.2: 377 3;rohiṇīmiti lohitavarṇām ||;PARTLY;+ vidhi - lohita;Commentary on the Kādambarīsvīkaraṇasūtramañjarī KādSvīSComm zu KādSvīS, 27.1: 26 1;dvitīyavarṇe iti ||;PARTLY;+ vidhi - dvitīya;Gopathabrāhmaṇa NEW GB, 1, 1, 24: 24 20;ko varṇa iti pūrve praśnāḥ ||;PARTLY;+ vidhi - praśna;Gopathabrāhmaṇa NEW GB, 1, 1, 27: 27 18;varṇānām ayam idaṁ bhaviṣyatīti ||;PARTLY;+ vidhi - bhū;Gopathabrāhmaṇa NEW GB, 1, 2, 2: 41 23;iti veti vā mukhaṁ viparidhāpayet ||;PARTLY;+  - viparidhāpay;Liṅgapurāṇa LiPur, 1, 28: 28 33;varṇāśramavinirmuktā varṇāśramaparāyaṇaiḥ ||;PARTLY;+  - parāyaṇa;Mugdhāvabodhinī MuA zu RHT, 3, 5.2: 48 9;iti viśeṣavidhiḥ ||;PARTLY;+ varṇa - viśeṣa;Mugdhāvabodhinī MuA zu RHT, 3, 25.2: 61 9;iti pakṣacchedavidhiḥ ||;PARTLY;+ varṇa - pakṣaccheda;Mugdhāvabodhinī MuA zu RHT, 6, 3.1: 126 8;athaveti vidhyantare ||;PARTLY;+ varṇa - antara;Mugdhāvabodhinī MuA zu RHT, 16, 31.2: 263 5;vidhinā ityuktavidhānena ||;PARTLY;+ varṇa - vidhāna;Mugdhāvabodhinī MuA zu RHT, 19, 4.2: 318 4;vidhyantaram āha vidhinetyādi ||;PARTLY;+  - ityādi;Nibandhasaṁgraha NiSaṁ zu Su, Cik., 29, 12.32: -1 16;eveti ityatra anutsvādayan ||;PARTLY;+  - anutsvādayat;Nibandhasaṁgraha NiSaṁ zu Su, Sū., 1, 24.1: -1 4;ityāha prākkila vyālā iti vyākhyātāḥ ||;PARTLY;+  - prāñc;Pañcārthabhāṣya PABh zu PāśupSūtra, 1, 1: 1 12;yogavidhim iti sāmāsikam ||;PARTLY;+ varṇa - sāmāsika;Pañcārthabhāṣya PABh zu PāśupSūtra, 3, 4: 76 2;kasmāducyate varṇāśramiṣviti ||;PARTLY;+ vidhi - āśramin;Pañcārthabhāṣya PABh zu PāśupSūtra, 4, 18: 116 5;panthāno vidhaya upāyā ityarthaḥ ||;PARTLY;+ varṇa - artha;Pañcārthabhāṣya PABh zu PāśupSūtra, 4, 19: 117 2;vidhineti tṛtīyā ||;PARTLY;+ varṇa - tṛtīyā;Pañcārthabhāṣya PABh zu PāśupSūtra, 4, 19: 117 10;tvā iti vidhikarmaṇorniṣṭhā ||;PARTLY;+ varṇa - niṣṭhā;Pañcārthabhāṣya PABh zu PāśupSūtra, 5, 40: 162 3;vidhinaiva pūrvoktena vidhinā japtavyam ||;PARTLY;+  - jap;Rasādhyāyaṭīkā RAdhyṬ zu RAdhy, 237.2: 46 6;iti vyoṣarājiḥ kāṁsyarājir ityarthaḥ ||;PARTLY;+  - artha;Rasādhyāyaṭīkā RAdhyṬ zu RAdhy, 249.2: 49 4;iti khāparasattvapātanavidhiḥ ||;PARTLY;+ varṇa - pātana;Rasādhyāyaṭīkā RAdhyṬ zu RAdhy, 253.2: 50 4;iti śilāsattvapātanavidhiḥ ||;PARTLY;+ varṇa - pātana;Rasādhyāyaṭīkā RAdhyṬ zu RAdhy, 271.2: 54 2;tato yena vidhineti ||;PARTLY;+ varṇa - yad;Rasādhyāyaṭīkā RAdhyṬ zu RAdhy, 275.2: 55 3;iti tāmramāraṇavidhiḥ ||;PARTLY;+ varṇa - māraṇa;Rasādhyāyaṭīkā RAdhyṬ zu RAdhy, 275.2: 55 5;iti ṣaḍlohamāraṇavidhiḥ ||;PARTLY;+ varṇa - māraṇa;Rasādhyāyaṭīkā RAdhyṬ zu RAdhy, 320.2: 63 7;iti hīrakavidhiḥ ||;PARTLY;+ varṇa - hīraka;Rasādhyāyaṭīkā RAdhyṬ zu RAdhy, 383.2: 74 9;iti godantiharitālāyāḥ śodhanavidhiḥ ||;PARTLY;+ varṇa - śodhana;Rasaratnasamuccayaṭīkā RRSṬīkā zu RRS, 8, 12: 58 9;pūrṇavarṇaṁ dṛśyata ityarthaḥ ||;PARTLY;+ vidhi - artha;Śāṅkhāyanāraṇyaka ŚāĀr, 5, 3: 51 11;ityevaṁ hi paśyāma iti ||;PARTLY;+  - dṛś;Tantrasāra TantraS, 20: 20 49;ity eṣa pavitrakavidhiḥ ||;PARTLY;+ varṇa - pavitraka;Tantrasāra TantraS, 20: 20 56;iti vyākhyāvidhiḥ ||;PARTLY;+ varṇa - vyākhyā;Tantrasāra TantraS, 20: 20 60;iti samayaniṣkṛtividhiḥ ||;PARTLY;+ varṇa - niṣkṛti;Viṣṇusmṛti ViSmṛ, 65: 65 4;hiraṇyavarṇā iti catasṛbhiḥ pādyam ||;PARTLY;+ vidhi - pādya;
TantraS, 5: 5;37 1;karaṇaṁ tu mudrāprakāśane vakṣyāmaḥ ||;
TantraS, 7: 7;1 1;tatra samasta eva ayaṁ mūrtivaicitryābhāsanaśaktijo |;
TantraS, 7: 7;2 1;tad uktaṁ na prakriyāparaṁ jñānam iti ||;
TantraS, 7: 7;3 1;tatra pṛthivītattvaṁ śatakoṭipravistīrṇaṁ |;
TantraS, 7: 7;4 1;tasya antaḥ kālāgnir narakāḥ pātālāni pṛthivī svargo yāvad |;
TantraS, 7: 7;5 1;brahmāṇḍabāhye rudrāṇāṁ śatam ||;Tantrasāra TantraS, 6: 6 37;śatarudrakṣaye brahmāṇḍavināśaḥ ||;PARTLY;+ bāhya - vināśa;
TantraS, 7: 7;6 1;na ca brahmāṇḍānāṁ saṁkhyā vidyate ||;
TantraS, 7: 7;7 1;tato dharātattvād daśaguṇaṁ jalatattvam ||;
TantraS, 7: 7;8 1;tata uttarottaraṁ daśaguṇam ahaṁkārāntam ||;
TantraS, 7: 7;9 1;tad yathā jalaṁ tejo vāyur nabhaḥ |;
TantraS, 7: 7;10 1;ahaṁkārāt śataguṇaṁ buddhitattvam ||;
TantraS, 7: 7;11 1;tataḥ sahasradhā prakṛtitattvam etāvat prakṛtyaṇḍam ||;
TantraS, 7: 7;12 1;tac ca brahmāṇḍavad asaṁkhyam ||;
TantraS, 7: 7;13 1;prakṛtitattvāt puruṣatattvaṁ ca daśasahasradhā ||;
TantraS, 7: 7;14 1;puruṣān niyatiḥ lakṣadhā ||;
TantraS, 7: 7;15 1;niyater uttarottaraṁ daśalakṣadhā kalātattvāntam ||;
TantraS, 7: 7;16 1;tad yathā niyatiḥ rāgo .śuddhavidyā kālaḥ kalā ceti ||;
TantraS, 7: 7;17 1;kalātattvāt koṭidhā māyā etāvat māyāṇḍam ||;
TantraS, 7: 7;18 1;māyātattvāt śuddhavidyā daśakoṭiguṇitā ||;
TantraS, 7: 7;19 1;vidyātattvād īśvaratattvaṁ śatakoṭidhā ||;
TantraS, 7: 7;20 1;īśvaratattvāt sādākhyaṁ sahasrakoṭidhā ||;
TantraS, 7: 7;21 1;sādākhyāt vṛndaguṇitaṁ śaktitattvam iti śaktyaṇḍam ||;
TantraS, 7: 7;22 1;sā śaktir vyāpya yato viśvam adhvānam antarbahir āste |;
TantraS, 7: 7;23 1;evam etāni uttarottaram āvaraṇatayā vartamānāni tattvāny |;
TantraS, 7: 7;24 1;yāvad aśeṣaśaktitattvānto .dhvā śivatattvena vyāptaḥ ||;
TantraS, 7: 7;25 1;śivatattvaṁ punar aparimeyaṁ sarvādhvottīrṇaṁ |;
TantraS, 7: 7;26 1;etattattvāntarālavartīni yāni bhuvanāni tatpataya eva atra |;
TantraS, 7: 7;27 1;teṣv āyataneṣu ye mriyante teṣāṁ tatra tatra gatiṁ te |;
TantraS, 7: 7;28 1;kramācca ūrdhvordhvaṁ prerayanti dīkṣākrameṇa ||;
TantraS, 8: 8;1 1;yad idaṁ vibhavātmakaṁ bhuvanajātam uktaṁ |;
TantraS, 8: 8;2 1;yat tu katipayakatipayabhedānugataṁ rūpaṁ tat tattvaṁ |;
TantraS, 8: 8;3 1;tatra eṣāṁ tattvānāṁ kāryakāraṇabhāvo darśyate sa ca |;
TantraS, 8: 8;4 1;pāramārthikaḥ sṛṣṭeś ca ||;
TantraS, 8: 8;5 1;tatra pāramārthika etāvān kāryakāraṇabhāvo yad uta |;
TantraS, 8: 8;6 1;kalpitas tu kāryakāraṇabhāvaḥ parameśecchayā |;
TantraS, 8: 8;7 1;tatrāpi ca parameśvarasya kartṛtvānapāya iti akalpito .pi |;
TantraS, 8: 8;8 1;pāramārthike hi bhittisthānīye sthite rūpe sarvam idam |;
TantraS, 8: 8;9 1;sā hi samastabhāvasaṁdarbhamayī |;
TantraS, 8: 8;10 1;ity evaṁ saṁvedanasvātantryasvabhāvaḥ parameśvara eva |;
TantraS, 8: 8;11 1;tasmāt sāmagrīvādo .pi viśvaśarīrasya saṁvedanasyaiva |;
TantraS, 8: 8;12 1;merau hi tatrasthe na bhavet tathāvidho ghaṭaḥ ||;
TantraS, 8: 8;13 1;evaṁ kalpite .smin kāryatve śāstreṣu tattvānāṁ |;
TantraS, 8: 8;14 1;tatra nijatantradṛśā taṁ kalpitaṁ darśayāmaḥ ||;
TantraS, 8: 8;15 1;tatra parameśvaraḥ pañcabhiḥ śaktibhiḥ nirbhara ity uktam |;
TantraS, 8: 8;16 1;citprādhānye śivatattvam ānandaprādhānye śaktitattvam |;
TantraS, 8: 8;17 1;atra ca tattveśvarāḥ śivaśaktisadāśiveśvarānantāḥ |;
TantraS, 8: 8;18 1;iyati sākṣāt śivaḥ kartā aśuddhaṁ punar adhvānam |;
TantraS, 8: 8;19 1;tatra loliko .pūrṇaṁmanyatārūpaḥ parispandaḥ |;
TantraS, 8: 8;20 1;rāgatattvaṁ tu karmāvacchinno .bhilāṣaḥ ||;
TantraS, 8: 8;21 1;karma tu tatra karmamātraṁ buddhidharmas tu rāgaḥ |;
TantraS, 8: 8;22 1;so .yaṁ malaḥ parameśvarasya svātmapracchādanecchātaḥ |;
TantraS, 8: 8;23 1;sa ca malo vijñānakevale vidyamāno dhvaṁsonmukha iti |;
TantraS, 8: 8;24 1;pralayakevalasya tu jṛmbhamāṇa eva āsta iti |;
TantraS, 8: 8;25 1;aṇur nāma kila cidacidrūpāvabhāsa eva tasya cidrūpam |;
TantraS, 8: 8;26 1;evaṁ kalāditattvānāṁ dharāntānām api dvairūpyaṁ |;
TantraS, 8: 8;27 1;atra ca dvairūpye pramāṇam api āhur |;
TantraS, 8: 8;28 1;yat saṁkalpe bhāti tat pṛthagbhūtaṁ bahir api asti sphuṭena |;
TantraS, 8: 8;29 1;tathā ca māyākalādikhapuṣpāder api eṣaiva vartanī iti |;
TantraS, 8: 8;30 1;anena ca māyākalāprakṛtibuddhyādiviṣayaṁ |;
TantraS, 8: 8;31 1;evaṁ sthite māyātattvāt viśvaprasavaḥ ||;
TantraS, 8: 8;32 1;sa ca yady api akramam eva tathāpi uktadṛśā kramo |;
TantraS, 8: 8;33 1;so .pi ucyate tatra pratyātma kalādivargo bhinnaḥ ||;
TantraS, 8: 8;34 1;tatkāryasya kartṛtvopodbalanādeḥ pratyātmabhedena |;
TantraS, 8: 8;35 1;sa ca parameśvaraśaktipātavaśāt tathā bhavati iti |;
TantraS, 8: 8;36 1;aśuddhas tu tadviparītaḥ ||;Daśakumāracarita DKCar, 2, 6: 11 6;sa tu tasyāḥ pāṇigrāhakamanujīviṣyati ||;PARTLY;+  - anujīv;
TantraS, 8: 8;37 1;tatra māyātaḥ kalā jātā yā suptasthānīyam aṇuṁ |;
TantraS, 8: 8;38 1;evam anyonyaśleṣāt alakṣaṇīyāntaratvaṁ puṁskalayoḥ ||;
TantraS, 8: 8;39 1;māyāgarbhādhikāriṇas tu kasyacid īśvarasya prasādāt |;
TantraS, 8: 8;40 1;prakṛtipuruṣaviveko vā yena pradhānādho na saṁsaret ||;
TantraS, 8: 8;41 1;malapuruṣaviveke tu śivasamānatvam ||;
TantraS, 8: 8;42 1;puruṣapūrṇatādṛṣṭau tu śivatvam eveti ||;
TantraS, 8: 8;43 1;evaṁ kalātattvam eva kiṁcitkartṛtvadāyi na ca ||;
TantraS, 8: 8;44 1;kartṛtvam ajñasya iti ||;
TantraS, 8: 8;45 1;kiṁcijjñatvadāyiny aśuddhavidyā kalāto jātā sā ca vidyā |;
TantraS, 8: 8;46 1;buddher guṇasaṁkīrṇākārāyā vivekena grahītum |;
TantraS, 8: 8;47 1;tasmāt buddhipratibimbito bhāvo vidyayā vivicyate ||;
TantraS, 8: 8;48 1;kiṁcitkartṛtvaṁ kiṁcidbhāgasiddhaye kvacid eva |;
TantraS, 8: 8;49 1;na ca avairāgyakṛtaṁ tat avairāgyasyāpi araktidarśanāt ||;
TantraS, 8: 8;50 1;vairāgye dharmādāv api raktir dṛśyate ||;
TantraS, 8: 8;51 1;tṛptasya ca annādau avairāgyābhāve .pi |;
TantraS, 8: 8;52 1;tena vinā punar avairāgyānutpattiprasaṅgāt ||;
TantraS, 8: 8;53 1;kālaś ca kāryaṁ kalayaṁs tadavacchinnaṁ kartṛtvam api |;
TantraS, 8: 8;54 1;kāryakāraṇabhāve .pi asyā eva vyāpāraḥ tena kalāta eva |;
TantraS, 8: 8;55 1;tad idaṁ māyādiṣaṭkaṁ kañcukaṣaṭkam ucyate ||;
TantraS, 8: 8;56 1;saṁvido māyayā apahastitatvena kalādīnām uparipātināṁ |;
TantraS, 8: 8;57 1;evaṁ kiṁcitkartṛtvaṁ yat māyākāryaṁ tatra kiṁcit tv |;
TantraS, 8: 8;58 1;idānīṁ viśeṣaṇabhāgo yaḥ kiṁcid ity ukto jñeyaḥ kāryaś ca |;
TantraS, 8: 8;59 1;atra caiṣāṁ vāstavena pathā kramavandhyaiva sṛṣṭir ity |;
TantraS, 8: 8;60 1;kramaś ca vidyārāgādīnāṁ vicitro .pi dṛṣṭaḥ kaścid rajyan |;
TantraS, 8: 8;61 1;tena bhinnakramanirūpaṇam api rauravādiṣu śāstreṣu |;
TantraS, 8: 8;62 1;yatra sukhaṁ bhogyarūpaprakāśaḥ sattvam duḥkhaṁ |;
TantraS, 8: 8;63 1;tritayam api etat bhogyarūpam ||;
TantraS, 8: 8;64 1;evaṁ kṣubdhāt pradhānāt kartavyāntarodayaḥ na |;
TantraS, 8: 8;65 1;kṣobhaḥ avaśyam eva antarāle abhyupagantavya iti |;
TantraS, 8: 8;66 1;sa ca kṣobhaḥ prakṛtes tattveśādhiṣṭhānād eva anyathā |;
TantraS, 8: 8;67 1;tato guṇatattvāt buddhitattvaṁ yatra puṁprakāśo viṣayaś |;
TantraS, 8: 8;68 1;buddhitattvāt ahaṁkāro yena buddhipratibimbite |;
TantraS, 8: 8;69 1;ata eva kāra ity anena kṛtakatvam asya uktaṁ sāṁkhyasya |;
TantraS, 8: 8;70 1;tac ca śuddhaṁ vimarśa eva apratiyogi |;
TantraS, 8: 8;71 1;eṣo .sya ahaṁkārasya karaṇaskandhaḥ ||;
TantraS, 8: 8;72 1;prakṛtiskandhas tu tasyaiva trividhaḥ sattvādibhedāt ||;
TantraS, 8: 8;73 1;tatra sāttviko yasmāt manaś ca buddhīndriyapañcakaṁ ca |;
TantraS, 8: 8;74 1;śrotre tu śabdajananasāmarthyaviśiṣṭa iti yāvat ghrāṇe |;
TantraS, 8: 8;75 1;kartraṁśaś ca ahaṁkāra eva tena mukhye karaṇe dve |;
TantraS, 8: 8;76 1;na ca kartavyasāṁkaryamuktād eva hetoḥ kriyā |;
TantraS, 8: 8;77 1;sa ca pañcakaḥ anusaṁdhes tāvattvāt ||;
TantraS, 8: 8;78 1;tathā hi bahis tāvat tyāgāya vā anusaṁdhiḥ ādānāya vā |;
TantraS, 8: 8;79 1;antaḥ prāṇāśrayakarmānusaṁdhes tu vāgindriyam tena |;
TantraS, 8: 8;80 1;anye tu rājasān mana ity āhuḥ ||;Tantrasāra TantraS, 8: 8 81;anye tu sāttvikāt mano rājasāc ca indriyāṇi iti ||;PARTLY;+ ah - indriya;
TantraS, 8: 8;81 1;anye tu sāttvikāt mano rājasāc ca indriyāṇi iti ||;
TantraS, 8: 8;82 1;bhoktraṁśācchādakāt tu tamaḥpradhānāhaṁkārāt |;
TantraS, 8: 8;83 1;śabdaviśeṣāṇāṁ hi kṣobhātmanāṁ yad ekam |;
TantraS, 8: 8;84 1;evaṁ gandhānte .pi vācyam ||;Tantrākhyāyikā TAkhy, 2: 2 174;evam uktvāpy ahaṁ punar apy evam acintayam ||;PARTLY;+  - cintay;
TantraS, 8: 8;85 1;tatra śabdatanmātrāt kṣubhitāt avakāśadānavyāpāraṁ |;
TantraS, 8: 8;86 1;śabdatanmātraṁ kṣubhitaṁ vāyuḥ śabdas tu asya nabhasā |;
TantraS, 8: 8;87 1;rūpaṁ kṣubhitaṁ tejaḥ pūrvaguṇau tu pūrvavat ||;
TantraS, 8: 8;88 1;rasaḥ kṣubhita āpaḥ pūrve trayaḥ pūrvavat ||;
TantraS, 8: 8;89 1;gandhaḥ kṣubhito dharā pūrve catvāraḥ pūrvavat ||;
TantraS, 8: 8;90 1;anye śabdasparśābhyāṁ vāyuḥ ityādikrameṇa pañcabhyo |;
TantraS, 8: 8;91 1;guṇasamudāyamātraṁ ca pṛthivī nānyo guṇī kaścit ||;
TantraS, 8: 8;92 1;asmiṁś ca tattvakalāpe ūrdhvordhvaguṇaṁ vyāpakaṁ |;
TantraS, 8: 8;93 1;sa eva guṇasya utkarṣo yat tena vinā guṇāntaraṁ na |;
TantraS, 9: 9;1 1;sa ca saptadhā ṣaḍardhaśāstra eva paraṁ parameśena |;
TantraS, 9: 9;2 1;tatra śivāḥ mantramaheśāḥ mantreśāḥ mantrāḥ |;
TantraS, 9: 9;3 1;eṣāṁ saptaiva śaktayaḥ tadbhedāt |;
TantraS, 9: 9;4 1;tatra svaṁ rūpaṁ prameyatāyogyaṁ svātmaniṣṭham |;
TantraS, 9: 9;5 1;śaktimadrūpapradhāne tu pramātṛvarge yat viśrāntaṁ |;
TantraS, 9: 9;6 1;pramātṝṇāṁ śivāt prabhṛti sakalāntānāṁ tāvatām uktatvāt |;
TantraS, 9: 9;7 1;tatra śaktibhedād eva pramātṝṇāṁ bhedaḥ sa ca |;
TantraS, 9: 9;8 1;vijñānākalasya te eva vigalatkalpe tatsaṁskārasacivā |;
TantraS, 9: 9;9 1;tatsaṁskārahīnā saiva prabuddhā mantreśasya ||;
TantraS, 9: 9;10 1;saiva icchāśaktirūpatāṁ svātantryasvabhāvāṁ jighṛkṣantī |;
TantraS, 9: 9;11 1;icchātmikā sphuṭasvātantryātmikā śivasya iti śaktibhedāḥ |;
TantraS, 9: 9;12 1;taduparāgakṛtaś ca śaktimatsu pramātṛṣu bhedaḥ |;
TantraS, 9: 9;13 1;vastutaḥ punar eka eva citsvātantryānandaviśrāntaḥ |;
TantraS, 9: 9;14 1;nanu bhāvasya cet vedyatā svaṁ vapuḥ tat sarvān prati |;
TantraS, 9: 9;15 1;na tat svaṁ vapuḥ svarūpasya pṛthaguktatvāt kiṁ tarhi tat |;
TantraS, 9: 9;16 1;anantapramātṛsaṁvedyam api ekam eva tat tasya rūpaṁ |;
TantraS, 9: 9;17 1;tāvaty udriktarāgādikañcukasya sakalasya pramātṛtvāt |;
TantraS, 9: 9;18 1;vitatya caitat nirṇītaṁ tantrāloke ||;
TantraS, 9: 9;19 1;puṁsaḥ prabhṛti kalātattvāntaṁ trayodaśadhā ||;
TantraS, 9: 9;20 1;sakalasya tatra pramātṛtāyogena tacchaktiśaktimadātmano |;
TantraS, 9: 9;21 1;vijñānākalasya svarūpatve caturṇāṁ pramātṛtve nava |;
TantraS, 9: 9;22 1;mantrasya svarūpatve trayāṇāṁ pramātṛtve sapta ||;
TantraS, 9: 9;23 1;mantreśasya svarūpatve dvayoḥ pramātṛtve pañca ||;
TantraS, 9: 9;24 1;mantramaheśasya svarūpatve bhagavata ekasyaiva |;
TantraS, 9: 9;25 1;śivasya tu prakāśaikacitsvātantryanirbharasya na ko .pi |;
TantraS, 9: 9;26 1;evam ayaṁ tattvabheda eva |;
TantraS, 9: 9;27 1;atra ca parasparaṁ bhedakalanayā |;
TantraS, 9: 9;28 1;evam ekaikaghaṭādyanusāreṇāpi pṛthivyādīnāṁ tattvānāṁ |;
TantraS, 9: 9;29 1;adhunā samastaṁ pṛthivītattvaṁ pramātṛprameyarūpam |;
TantraS, 9: 9;30 1;yathā śrutiḥ pṛthivy evedaṁ brahma iti ||;
TantraS, 9: 9;31 1;dharātattvasiddhipradān prerayati sa |;
TantraS, 9: 9;32 1;pāśavavidyākrameṇa abhyastapārthivayogaḥ kalpānte |;
TantraS, 9: 9;33 1;sauṣupte hi tattvāveśavaśād eva citrasya svapnasya udayaḥ |;
TantraS, 9: 9;34 1;atrāpi śaktyudrekanyagbhāvābhyāṁ caturdaśatvam iti |;
TantraS, 9: 9;35 1;atha ekasmin pramātari prāṇapratiṣṭhitatayā |;
TantraS, 9: 9;36 1;svakāryakartṛtā tu grāhakarūpatā iti uktaṁ na sā bhūyo |;
TantraS, 9: 9;37 1;vikalpanyūnatve tu tuṭinyūnatā sukhādisaṁvittāv iva yāvat |;
TantraS, 9: 9;38 1;lokās tu vikalpaviśrāntyā tām ahaṁtāmayīm |;
TantraS, 9: 9;39 1;evaṁ ca pāñcadaśye sthite yāvat sphuṭedaṁtātmano |;
TantraS, 9: 9;40 1;yad āha śrīkallaṭaḥ tuṭipāta iti atra pātaśabdaṁ saiva |;
TantraS, 9: 9;41 1;evaṁ mantramaheśatuṭeḥ prabhṛti tattadabhyāsāt |;
TantraS, 9: 9;42 1;athātraiva jāgradādyavasthā nirūpyante tatra vedyasya |;
TantraS, 9: 9;43 1;tatra yadādhiṣṭheyatayā bahīrūpatayā bhānaṁ tadā |;
TantraS, 9: 9;44 1;yadā tu tatraiva adhiṣṭhānarūpatayā bhānaṁ saṁkalpaḥ |;
TantraS, 9: 9;45 1;yadā tu tatraiva adhiṣṭhātṛrūpatayā bījātmatayaiva bhānaṁ |;
TantraS, 9: 9;46 1;imā eva tisraḥ prameyapramāṇapramātravasthāḥ |;
TantraS, 9: 9;47 1;yadā tu tasminn eva pramātṛviśrāntigate pramātuḥ |;
TantraS, 9: 9;48 1;etad eva avasthācatuṣṭayaṁ |;
TantraS, 9: 9;49 1;anvarthaṁ cātra darśitaṁ tantrāloke ślokavārttike ca ||;
TantraS, 9: 9;50 1;yac ca sarvāntarbhūtaṁ pūrṇarūpaṁ tat turyātītaṁ |;
TantraS, 9: 9;51 1;kiṁca yasya yad yadā rūpaṁ sphuṭaṁ sthiram anubandhi |;
TantraS, 9: 9;52 1;tatra svarūpasakalau 1 pralayākalaḥ 2 vijñānākalaḥ 3 |;
TantraS, 9: 9;53 1;svarūpaṁ pralayākala ityādikrameṇa trayodaśabhede |;
TantraS, 10: 10;1 1;uktas tāvat tattvādhvā ||;Āśvalāyanagṛhyasūtra ĀśGS, 1, 1: 1 1;uktāni vaitānikāni gṛhyāni vakṣyāmaḥ ||;PARTLY;+  - gṛhya;Khādiragṛhyasūtra KhGṛS, 2, 5: 7 6;uktam upanayanam ||;PARTLY;+  - upanayana;Ratnaṭīkā GaṇaKārṬīkā zu GaṇaKār, 6.1: 8 11;tatra duḥkhāntasya vibhāgas tāvad ucyate ||;PARTLY;+ tattvādhvan - vibhāga;
TantraS, 10: 10;2 1;kalādyadhvā tu nirūpyate tatra yathā bhuvaneṣu anugāmi |;
TantraS, 10: 10;3 1;tad yathā pṛthivyāṁ nivṛttiḥ nivartate yatas tattvasarga iti |;
TantraS, 10: 10;4 1;jalādipradhānānte varge pratiṣṭhā |;
TantraS, 10: 10;5 1;pumādimāyānte vidyā vedyatirobhāve saṁvidādhikyāt ||;
TantraS, 10: 10;6 1;śuddhavidyādiśaktyante śāntā kañcukataraṁgopaśamāt ||;
TantraS, 10: 10;7 1;etad eva aṇḍacatuṣṭayaṁ |;Janmamaraṇavicāra JanMVic, 1: 1 38;etad eva aṇḍacatuṣṭayaṁ ;PARTLY;+ abhidhā - lakṣaṇa;
TantraS, 10: 10;8 1;pṛthivyādiśaktīnām atra avasthānena śaktitattve yāvat |;
TantraS, 10: 10;9 1;śivatattve śāntātītā tasyopadeśabhāvanārcādau |;
TantraS, 10: 10;10 1;svatantraṁ tu paraṁ tattvaṁ tatrāpi yat aprameyaṁ tat |;
TantraS, 10: 10;11 1;evaṁ pañcaiva kalāḥ ṣaṭtriṁśattattvāni ||;
TantraS, 10: 10;12 1;tathāhi prameyatvaṁ dvidhā sthūlasūkṣmatvena iti daśa ||;
TantraS, 10: 10;13 1;karaṇatvaṁ dvidhā śuddhaṁ kartṛtāsparśi ca iti daśa ||;
TantraS, 10: 10;14 1;karaṇatopasarjanakartṛbhāvasphuṭatvāt pañca |;
TantraS, 10: 10;15 1;tad yadā upadiśyate bhāvyate vā yat tatpratiṣṭhāpadam tat |;
TantraS, 10: 10;16 1;vijñānākalaparyantam ātmakalā īśāntaṁ vidyākalā śiṣṭaṁ |;
TantraS, 10: 10;17 1;evaṁ navatattvādy api ūhayet iti ||;
TantraS, 10: 10;18 1;meyāṁśagāmī sthūlasūkṣmapararūpatvāt trividho |;
TantraS, 11: 11;1 1;tatra yāvat idam uktam tat sākṣāt kasyacit apavargāptaye |;
TantraS, 11: 11;2 1;tatra kaḥ adhikārī iti nirūpaṇārthaṁ śaktipāto vicāryate ||;
TantraS, 11: 11;3 1;tatra kecit āhuḥ jñānābhāvāt ajñānamūlaḥ saṁsāraḥ |;
TantraS, 11: 11;4 1;atha malaparipāke śaktipātaḥ so .pi kiṁsvarūpaḥ kiṁ ca |;
TantraS, 11: 11;5 1;svatantraparameśādvayavāde tu upapadyate etat yathāhi |;
TantraS, 11: 11;6 1;na ca vācyaṁ kasmāt kasmiṁścid eva puṁsi śaktipāta iti sa |;
TantraS, 11: 11;7 1;sa cāyaṁ śaktipāto navadhā tīvramadhyamandasya |;
TantraS, 11: 11;8 1;bhedadarśana iva anādiśivasaṁnidhau muktaśivānāṁ |;
TantraS, 11: 11;9 1;sadgurus tu samastaitacchāstratattvajñānapūrṇaḥ sākṣāt |;
TantraS, 11: 11;10 1;asadgurus tu anyaḥ sarva eva ||;
TantraS, 11: 11;11 1;evaṁ yiyāsuḥ guroḥ jñānalakṣaṇāṁ dīkṣāṁ prāpnoti yayā |;
TantraS, 11: 11;12 1;abhyāsavato vā tadānīṁ sadya eva prāṇaviyojikāṁ dīkṣāṁ |;
TantraS, 11: 11;13 1;tīvrās tridhā utkṛṣṭamadhyāt śaktipātāt kṛtadīkṣāko .pi |;
TantraS, 11: 11;14 1;nikṛṣṭamadhyāt tu dehāntareṇa bhogaṁ bhuktvā śivatvam |;
TantraS, 11: 11;15 1;madhyas tu tridhā bhogotsukatā yadā pradhānabhūtā tadā |;
TantraS, 11: 11;16 1;tatrāpi tāratamyāt traividhyam ity eṣa mukhyaḥ śaktipātaḥ |;
TantraS, 11: 11;17 1;vaiṣṇavādīnāṁ tu rājānugrahavat na mokṣāntatā iti na iha |;
TantraS, 11: 11;18 1;śivaśaktyadhiṣṭhānaṁ tu sarvatra iti uktam sā paraṁ |;
TantraS, 11: 11;19 1;sa ca daiśiko guruḥ ācāryo dīkṣakaḥ cumbakaḥ sa cāyaṁ |;
TantraS, 11: 11;20 1;yogī tu phalotsukasya yukto yadi upāyopadeśena |;
TantraS, 11: 11;21 1;uttamottamādijñānabhedāpekṣayā teṣu varteta |;
TantraS, 11: 11;22 1;nanu so .pi abruvan viparītaṁ vā bruvan kiṁ na tyājyaḥ |;
TantraS, 11: 11;23 1;evam anugrahanimittaṁ śaktipāto nirapekṣa eva |;
TantraS, 11: 11;24 1;tirobhāva iti tirobhāvo hi |;
TantraS, 11: 11;25 1;tatrāpi icchāvaicitryāt tirobhūto .pi svayaṁ vā śaktipātena |;
TantraS, 12: 12;1 1;dīkṣādikaṁ vaktavyam iti uktam ato |;
TantraS, 12: 12;2 1;snānaṁ ca śuddhatā ucyate śuddhatā ca |;
TantraS, 12: 12;3 1;kāluṣyāpagamo hi śuddhiḥ kāluṣyaṁ ca tadekarūpe .pi |;
TantraS, 12: 12;4 1;tad iha svatantrānandacinmātrasāre svātmani viśvatrāpi vā |;
TantraS, 12: 12;5 1;tatrāpi ca ekadvitryādibhedena samastavyastatayā kvacit |;
TantraS, 12: 12;6 1;sa ca aṣṭadhā |;
TantraS, 12: 12;7 1;vīroddeśena tu viśeṣaḥ tad yathā raṇareṇuḥ vīrāmbhaḥ |;
TantraS, 12: 12;8 1;punar api bāhyābhyantaratayā dvitvam bahir |;
TantraS, 12: 12;9 1;viśeṣas tu ānandadravyaṁ vīrādhāragataṁ nirīkṣaṇena |;
TantraS, 12: 12;10 1;ābhyantaraṁ yathā tattaddharādirūpadhāraṇayā tatra tatra |;
TantraS, 13: 13;1 1;atha prasannahṛdayo yāgasthānaṁ yāyāt tac ca yatraiva |;
TantraS, 13: 13;2 1;pīṭhaparvatāgram ityādis tu śāstre sthānoddeśa etatpara |;
TantraS, 13: 13;3 1;teṣu teṣu pīṭhādisthāneṣu parameśaniyatyā |;
TantraS, 13: 13;4 1;tatra yāgagṛhāgre bahir eva sāmānyanyāsaṁ kuryāt |;
TantraS, 13: 13;5 1;hrīṁ na pha hrīṁ hrīṁ ā kṣa hrīṁ ity ābhyāṁ |;
TantraS, 13: 13;6 1;mālinī hi bhagavatī mukhyam śāktaṁ rūpaṁ |;
TantraS, 13: 13;7 1;anvarthaṁ caitan nāma rudraśaktimālābhir yuktā phaleṣu |;
TantraS, 13: 13;8 1;ata eva hi bhraṣṭavidhir api mantra etannyāsāt pūrṇo |;
TantraS, 13: 13;9 1;dehanyāsānantaram arghapātre ayam eva nyāsaḥ ||;
TantraS, 13: 13;10 1;iha hi kriyākārakāṇāṁ |;
TantraS, 13: 13;11 1;evaṁ kriyākrameṇāpi parameśvarīkṛtasamastakārakaḥ |;
TantraS, 13: 13;12 1;evam arghapātre nyasya puṣpadhūpādyaiḥ pūjayitvā |;
TantraS, 13: 13;13 1;tataḥ prabhāmaṇḍale bhūmau khe vā oṁ bāhyaparivārāya |;
TantraS, 13: 13;14 1;tato dvārasthāne oṁ dvāradevatācakrāya nama iti pūjayet |;
TantraS, 13: 13;15 1;agupte tu bahiḥsthāne sati praviśya maṇḍalasthaṇḍilāgra |;
TantraS, 13: 13;16 1;tato .pi phaṭ phaṭ phaṭ iti astrajaptapuṣpaṁ prakṣipya |;
TantraS, 13: 13;17 1;tatra mumukṣur uttarābhimukhas tiṣṭhet yathā |;
TantraS, 13: 13;18 1;tatra parameśvarasvātantryam eva mūrtyābhāsanayā |;
TantraS, 13: 13;19 1;tatra citprakāśa eva madhyaṁ tata |;
TantraS, 13: 13;20 1;tatra madhye bhagavān ūrdhve .sya aiśānaṁ vaktram |;
TantraS, 13: 13;21 1;ity evaṁ saṁvinmahimaiva mūrtikṛtaṁ digbhedaṁ |;
TantraS, 13: 13;22 1;yathā yathā ca svacchāyā laṅghayitum iṣṭā satī puraḥ puro |;
TantraS, 13: 13;23 1;evaṁ yathā bhagavān digvibhāgakārī tathā sūryo .pi sa hi |;
TantraS, 13: 13;24 1;evaṁ svātmasūryaparameśatritayaikībhāvanayā dikcarcā iti |;
TantraS, 13: 13;25 1;evaṁ sthite uttarābhimukham upaviśya |;
TantraS, 13: 13;26 1;tadāsanatvāt bhagavannavātmādīnāṁ śakter eva ca |;
TantraS, 13: 13;27 1;tatra ca pañca avasthā jāgradādyāḥ ṣaṣṭhī ca anuttarā nāma |;
TantraS, 13: 13;28 1;iti ṣoḍhā nyāso bhavati ||;
TantraS, 13: 13;29 1;tatra kāraṇānāṁ |;
TantraS, 13: 13;30 1;yad āhuḥ ataraṅgarūḍhau labdhāyāṁ punaḥ kiṁ |;
TantraS, 13: 13;31 1;tāvat hi tad ataraṅgaṁ bhairavavapuḥ yat svātmani |;
TantraS, 13: 13;32 1;evam anyonyamelakayogena parameśvarībhūtaṁ |;
TantraS, 13: 13;33 1;tatra śarīre prāṇe dhiyi ca tadanusāreṇa śūlābjanyāsaṁ |;
TantraS, 13: 13;34 1;tan nābhyutthitaṁ tanmūrdharandhratrayanirgataṁ |;
TantraS, 13: 13;35 1;dvādaśāntam idaṁ prāgraṁ viśūlaṁ mūlataḥ smaran ||;
TantraS, 13: 13;36 1;devīcakrāgragaṁ tyaktakramaḥ khecaratāṁ vrajet ||;
TantraS, 13: 13;37 1;mūlādhārād dviṣaṭkāntavyomāgrāpūraṇātmikā ||;
TantraS, 13: 13;38 1;khecarīyaṁ khasaṁcāram sthitibhyāṁ khāmṛtāśanāt ||;
TantraS, 13: 13;39 1;evam antaryāgamātrād eva vastutaḥ kṛtakṛtyatā ||;
TantraS, 13: 13;40 1;satyataḥ tadāviṣṭasya tathāpi bahir api kāryo yāgo |;
TantraS, 13: 13;41 1;atha yadā dīkṣāṁ cikīrṣet tadādhivāsanārthaṁ |;
TantraS, 13: 13;42 1;nityanaimittikayos tu sthaṇḍilādyarcanahavane eva ||;
TantraS, 13: 13;43 1;tatra adhivāsanaṁ śiṣyasya saṁskṛtayogyatādhānam |;
TantraS, 13: 13;44 1;upakaraṇadravyāṇāṁ yāgagṛhāntarvartitayā |;
TantraS, 13: 13;45 1;tatra sarvopakaraṇapūrṇaṁ yāgagṛhaṁ vidhāya |;
TantraS, 13: 13;46 1;tata uktāstrajaptāni yathāsambhavaṁ |;
TantraS, 13: 13;47 1;tataḥ śuddhavidyāntam āsanaṁ dattvā gaṇapateḥ pūjā |;
TantraS, 13: 13;48 1;dvitīyakalaśe vighnaśamanāya astraṁ yajet ||;
TantraS, 13: 13;49 1;tataḥ svasvadikṣu lokapālān sāstrān pūjayet ||;
TantraS, 13: 13;50 1;tataḥ śiṣyasya prāk dīkṣitasya haste astrakalaśaṁ dadyāt ||;
TantraS, 13: 13;51 1;svayaṁ ca guruḥ kumbham ādadīta ||;
TantraS, 13: 13;52 1;tataḥ śiṣyaṁ gṛhaparyanteṣu vighnaśamanāya dhārāṁ |;
TantraS, 13: 13;53 1;sāvadhānena karmāntaṁ bhavitavyaṁ śivājñayā ||;
TantraS, 13: 13;54 1;tryakṣare nāmni bho ity ekam eva ||;
TantraS, 13: 13;55 1;tata aiśānyāṁ diśi kumbhaṁ sthāpayet ||;
TantraS, 13: 13;56 1;vikiropari astrakalaśam ||;
TantraS, 13: 13;57 1;tata ubhayapūjanam ||;
TantraS, 13: 13;58 1;tataḥ sthaṇḍilamadhye parameśapūjanam ||;
TantraS, 13: 13;59 1;tataḥ agnikuṇḍaṁ parameśvaraśaktirūpatayā bhāvayitvā |;
TantraS, 13: 13;60 1;arghapātreṇa ca prokṣaṇam eva tilājyādīnāṁ saṁskāraḥ ||;
TantraS, 13: 13;61 1;sruksruvayoś ca parameśābhedadṛṣṭir eva hi saṁskāraḥ ||;
TantraS, 13: 13;62 1;tato yathāśakti hutvā sruksruvau ūrdhvādhomukhatayā |;
TantraS, 13: 13;63 1;tataś caruṁ prokṣitam ānīya |;
TantraS, 13: 13;64 1;tato dantakāṣṭham ||;
TantraS, 13: 13;65 1;tatpāto .gniyamanirṛtidikṣu adhaś ca na śubha iti ||;
TantraS, 13: 13;66 1;tatra homo .stramantreṇa kāryaḥ ||;
TantraS, 13: 13;67 1;tato vikṣepaparihāreṇa bhāvimantradarśanayogyatāyai |;
TantraS, 13: 13;68 1;tataḥ sahasā apāsitanetrabandho .sau |;
TantraS, 13: 13;69 1;tataḥ svadakṣiṇahaste dīpyatayā devatācakraṁ pūjayitvā |;
TantraS, 13: 13;70 1;tato vāme somyatayā pūjayitvā śuddhatattvāpyāyinaṁ |;
TantraS, 13: 13;71 1;tato bhūtadevatādigbaliṁ madyamāṁsajalādipūrṇaṁ bahir |;
TantraS, 13: 13;72 1;tataḥ svayaṁ carubhojanaṁ kṛtvā śiṣyātmanā saha aikyam |;
TantraS, 13: 13;73 1;svapan api prabhāte śiṣyaḥ cet aśubhaṁ svapnaṁ vadet tat |;
TantraS, 13: 13;74 1;śaṅkātaṅkau hi tathāsya syātām kevalam astreṇa |;
TantraS, 13: 13;75 1;tatas tathaiva parameśvaraṁ pūjayitvā tadagre śiṣyasya |;
TantraS, 13: 13;76 1;ity |;
TantraS, 13: 13;77 1;tataḥ asmai pūjyaṁ mantraṁ puṣpādyaiḥ saha arpayet ||;
TantraS, 13: 13;78 1;tataḥ samayān asmai nirūpayet ||;
TantraS, 13: 13;79 1;gurau sarvātmanā bhaktiḥ tathā śāstre deve |;
TantraS, 13: 13;80 1;striyo vandhyāyās tajjugupsāhetuṁ na kuryāt ||;
TantraS, 13: 13;81 1;devatānāma gurunāma tathā mantraṁ pūjākālāt ṛte na |;
TantraS, 13: 13;82 1;gurūpabhuktaṁ śayyādi na bhuñjīta ||;
TantraS, 13: 13;83 1;yat kiṁcit laukikaṁ krīḍādi tat gurusaṁnidhau na kuryāt ||;
TantraS, 13: 13;84 1;tadvyatirekeṇa na anyatra utkarṣabuddhiṁ kuryāt ||;
TantraS, 13: 13;85 1;sarvatra śrāddhādau gurum eva pūjayet ||;
TantraS, 13: 13;86 1;sarveṣu ca naimittikeṣu śākinītyādiśabdān na vadet ||;
TantraS, 13: 13;87 1;parvadināni pūjayet ||;
TantraS, 13: 13;88 1;vaiṣṇavādyair adhodṛṣṭibhiḥ saha saṁgatiṁ na kuryāt ||;
TantraS, 13: 13;89 1;etacchāsanasthān pūrvajātibuddhyā na paśyet ||;
TantraS, 13: 13;90 1;guruvarge gṛhāgate yathāśakti yāgaṁ kuryāt ||;
TantraS, 13: 13;91 1;adhomārgasthitaṁ kaṁcit vaiṣṇavādyaṁ tacchāstrakulāt |;
TantraS, 13: 13;92 1;tadāpi na utkarṣabuddhyā paśyet ||;
TantraS, 13: 13;93 1;liṅgibhiḥ saha samācāramelanaṁ na kuryāt tān kevalaṁ |;
TantraS, 13: 13;94 1;śaṅkās tyajet ||;
TantraS, 13: 13;95 1;cakre sthitaś caramāgryādivibhāgaṁ janmakṛtaṁ na |;
TantraS, 13: 13;96 1;śarīrāt ṛte na anyat āyatanatīrthādikaṁ bahumānena paśyet |;
TantraS, 13: 13;97 1;mantrahṛdayam anavarataṁ smaret ity evaṁ śiṣyaḥ śrutvā |;
TantraS, 13: 13;98 1;bhāvividhinā ca mūrticakraṁ tarpayet ||;
TantraS, 13: 13;99 1;itthaṁ samayībhavati ||;
TantraS, 13: 13;100 1;mantrābhyāse nityapūjāyāṁ śravaṇe .dhyayane adhikārī |;
TantraS, 13: 13;101 1;iti sāmayiko vidhiḥ ||;
TantraS, 14: 14;1 1;atha putrakadīkṣāvidhiḥ ||;Kauśikasūtra Kauśikasūtra, 1, 1: 1 1;atha vidhiṁ vakṣyāmaḥ ||;PARTLY;+ putrakadīkṣā - vac;Khādiragṛhyasūtra KhGṛS, 2, 4: 6 16;athainaṁ paridadyād antakaprabhṛtibhiḥ ||;PARTLY;+  - paridā;Mugdhāvabodhinī MuA zu RHT, 19, 4.2: 318 4;vidhyantaram āha vidhinetyādi ||;PARTLY;+  - ityādi;Pañcārthabhāṣya PABh zu PāśupSūtra, 5, 40: 162 3;vidhinaiva pūrvoktena vidhinā japtavyam ||;PARTLY;+  - jap;Tantrasāra TantraS, 20: 20 25;atha parvavidhiḥ ||;PARTLY;+ putrakadīkṣā - parvan;Tantrasāra TantraS, 20: 20 39;atha pavitrakavidhiḥ ||;PARTLY;+ putrakadīkṣā - pavitraka;Tantrasāra TantraS, 20: 20 51;atha vyākhyāvidhiḥ ||;PARTLY;+ putrakadīkṣā - vyākhyā;Tantrasāra TantraS, 20: 20 61;atha gurupūjāvidhiḥ ||;PARTLY;+ putrakadīkṣā - pūjā;
TantraS, 14: 14;2 1;sa ca vistīrṇaḥ tantrālokāt avadhāryaḥ ||;
TantraS, 14: 14;3 1;saṁkṣiptas tu ucyate ||;Āśvalāyanagṛhyasūtra ĀśGS, 1, 7: 7 2;yat tu samānaṁ tad vakṣyāmaḥ ||;PARTLY;+ saṁkṣipta - tad;Āśvalāyanagṛhyasūtra ĀśGS, 1, 1: 1 1;uktāni vaitānikāni gṛhyāni vakṣyāmaḥ ||;PARTLY;+  - gṛhya;Āyurvedadīpikā ĀVDīp zu Ca, Sū., 1, 1: 1 43;atiprasaktiniṣedhas tūktanyāyaḥ ||;PARTLY;+ saṁkṣipta - nyāya;Ayurvedarasāyana Ayurvedarasāyana zu AHS, Sū., 15, 3.2: 36 11;saṁgrahe tv adhikam uktam ||;PARTLY;+ saṁkṣipta - adhika;Ayurvedarasāyana Ayurvedarasāyana zu AHS, Sū., 15, 4.2: 37 8;saṁgrahe tv adhikamuktam ;PARTLY;+ saṁkṣipta - adhika;Khādiragṛhyasūtra KhGṛS, 2, 5: 7 6;uktam upanayanam ||;PARTLY;+  - upanayana;Rasaratnasamuccayaṭīkā RRSṬīkā zu RRS, 10, 32.2: 155 11;idānīm ucyamānāstu sarvā bhūmikoṣṭhyaḥ ||;PARTLY;+ saṁkṣipta - bhūmikoṣṭhī;Rasaratnasamuccayaṭīkā RRSṬīkā zu RRS, 2, 136.1: 7 5;kṛtrimastu paribhāṣādhyāye vakṣyamāṇaḥ ||;PARTLY;+ saṁkṣipta - adhyāya;Tantrasāra TantraS, 5: 5 37;karaṇaṁ tu mudrāprakāśane vakṣyāmaḥ ||;PARTLY;+ saṁkṣipta - prakāśana;
TantraS, 14: 14;4 1;samayyantaṁ vidhiṁ kṛtvā tṛtīye .hni triśūlābje maṇḍale |;
TantraS, 14: 14;5 1;tata ājñāṁ samucitām ādāya śūlamūlāt prabhṛti |;
TantraS, 14: 14;6 1;evaṁ sarvasthānādhiṣṭhātṛtve bhagavatyāḥ sarvaṁ pūrṇaṁ |;
TantraS, 14: 14;7 1;tato madhyaśūlamadhyārāyāṁ samastaṁ devatācakraṁ |;
TantraS, 14: 14;8 1;tataḥ kumbhe kalaśe maṇḍale agnau svātmani ca |;
TantraS, 14: 14;9 1;kiṁ bahunā tarpaṇanaivedyaparipūrṇaṁ |;
TantraS, 14: 14;10 1;asati vitte tu mahāmaṇḍalayāgo na kartavya eva ||;
TantraS, 14: 14;11 1;paśūṁś ca jīvato nivedayet ||;
TantraS, 14: 14;12 1;te .pi hi evam anugṛhītā bhavanti iti kāruṇikatayā |;
TantraS, 14: 14;13 1;tato .gnau parameśvaraṁ tilājyādibhiḥ saṁtarpya tadagre |;
TantraS, 14: 14;14 1;parokṣadīkṣāyāṁ jīvanmṛtarūpāyām agre taṁ dhyāyet |;
TantraS, 14: 14;15 1;tathāvidhaṁ śiṣyam arghapātravipruṭprokṣitaṁ |;
TantraS, 14: 14;16 1;tata itthaṁ vicārayet bhogecchoḥ śubhaṁ na śodhayet ||;
TantraS, 14: 14;17 1;mumukṣos tu śubhāśubham ubhayam api ||;
TantraS, 14: 14;18 1;nirbījāyāṁ tu samayapāśān api śodhayet sā ca |;
TantraS, 14: 14;19 1;atra ca sarvatra vāsanāgrahaṇam eva bhedakam mantrāṇāṁ |;
TantraS, 14: 14;20 1;evaṁ vāsanābhedam anusaṁdhāya |;
TantraS, 14: 14;21 1;evaṁ krameṇa pādāṅguṣṭhāt prabhṛti |;
TantraS, 14: 14;22 1;tato yadi bhogecchuḥ syāt tato yatraiva tattve bhogecchā |;
TantraS, 14: 14;23 1;tadanantaraṁ śeṣavṛttaye parameśvarasvabhāvāt jhaṭiti |;
TantraS, 14: 14;24 1;tataḥ śiṣyo guruṁ dakṣiṇābhiḥ pūrvavat pūjayet ||;
TantraS, 14: 14;25 1;tato .gnau śiṣyasya vidhiṁ kuryāt śrīparāmantraḥ |;
TantraS, 14: 14;26 1;evaṁ śivāntatattvaśuddhiḥ tato yojanikoktakrameṇa |;
TantraS, 14: 14;27 1;bhogecchoḥ bhogasthāne yojanikārtham aparā |;
TantraS, 14: 14;28 1;tato guroḥ dakṣiṇābhiḥ pūjanam ity eṣā putrakadīkṣā ||;
TantraS, 14: 14;29 1;yatra vartamānam ekaṁ varjayitvā bhūtaṁ bhaviṣyac ca |;
TantraS, 15: 15;1 1;yadā punar āsannamaraṇasya svayaṁ vā bandhumukhena |;
TantraS, 15: 15;2 1;samastam adhvānaṁ śiṣye nyasya taṁ ca krameṇa |;
TantraS, 15: 15;3 1;tataḥ pūrvoktakrameṇa yojanikārthaṁ pūrṇāhutiṁ dadyāt |;
TantraS, 15: 15;4 1;bubhukṣos tu dvitīyā pūrṇāhutiḥ ||;
TantraS, 15: 15;5 1;bhogasthāne yojanāya tatkāle ca tasya jīvalayaḥ nātra |;
TantraS, 15: 15;6 1;samayyāder api ca etatpāṭhe .dhikāraḥ ||;
TantraS, 15: 15;7 1;sapratyayāṁ nirbījāṁ tu yadi dīkṣāṁ mūḍhāya |;
TantraS, 16: 16;1 1;atha parokṣasya dīkṣā dvividhaś ca saḥ mṛto jīvaṁś ca ||;
TantraS, 16: 16;2 1;tatra kṛtaguruseva eva mṛta udvāsito vā abhicārādihato |;
TantraS, 16: 16;3 1;atra ca mṛtadīkṣāyām adhivāsādi na upayujyate ||;
TantraS, 16: 16;4 1;maṇḍale mantraviśeṣasaṁnidhaye yatra bahulā kriyā |;
TantraS, 16: 16;5 1;samuditatve tu kā kathā syāt iti parameśvareṇa uktam ||;
TantraS, 16: 16;6 1;tato devaṁ pūjayitvā tadākṛtiṁ kuśādimayīm agre |;
TantraS, 16: 16;7 1;yāvad dhūmābhirāmapracitataraśikhājālakenādhvacakraṁ |;
TantraS, 16: 16;8 1;etenācchādanīyaṁ vrajati paravaśaṁ saṁmukhīnatvam |;
TantraS, 16: 16;9 1;ākṛṣṭāv uddhatau vā mṛtajanaviṣaye karṣaṇīye .tha jīve |;
TantraS, 16: 16;10 1;bahir api itthaṁ kathaṁ na bhavati ākarṣaṇādau |;
TantraS, 16: 16;11 1;tato niyatiniyantritatvāt abhyāsādyapekṣā syād eva ||;
TantraS, 16: 16;12 1;iha tu anugrahātmakaparameśvaratāveśāt tathābhāvaḥ ||;
TantraS, 16: 16;13 1;parameśvara eva hi guruśarīrādhiṣṭhānadvāreṇa |;
TantraS, 16: 16;14 1;sa ca acintyamahimā iti uktaprāyam ||;
TantraS, 16: 16;15 1;evaṁ jālaprayogākṛṣṭo jīvo dārbhaṁ jātīphalādi vā śarīraṁ |;
TantraS, 16: 16;16 1;atra paraṁ pūrṇāhutyā tasya dārbhādyākārasya paratejasi |;
TantraS, 16: 16;17 1;evam uddhṛto .sau pūrṇāhutyaiva apavṛjyate yadi |;
TantraS, 16: 16;18 1;manuṣyas tu tadaiva jñānaṁ yogaṁ dīkṣāṁ vivekaṁ vā |;
TantraS, 16: 16;19 1;adhikāriśarīratvāt iti mṛtoddharaṇam ||;
TantraS, 16: 16;20 1;jīvato .pi parokṣasya utpanne śaktipāte .yam eva kramaḥ |;
TantraS, 16: 16;21 1;dhyānamātropasthāpitasyaiva asya saṁskāraḥ ||;
TantraS, 16: 16;22 1;dīkṣā ca bhogabhokṣobhayadāyinī ||;
TantraS, 16: 16;23 1;svavāsanābalīyastvāt bhogavāsanāvicchedasya ca |;
TantraS, 16: 16;24 1;paroṣasyāpi dīkṣitasya tathaiva jñānādyāvirbhāvaḥ iti ||;
TantraS, 17: 17;1 1;vaiṣṇavādidakṣiṇatantrānteṣu śāsaneṣu ye sthitāḥ |;
TantraS, 17: 17;2 1;tataḥ sādhāraṇamantreṇa śivīkṛte agnau vrataśuddhiṁ |;
TantraS, 17: 17;3 1;tato .pi pūrṇāhutiḥ vauṣaḍantena ||;
TantraS, 17: 17;4 1;tato vrateśvaram āhūya pūjayitvā tasya śivājñayā |;
TantraS, 17: 17;5 1;tato .sya adhivāsādi prāgvat ||;
TantraS, 17: 17;6 1;dīkṣā yatheccham ||;
TantraS, 18: 18;1 1;svabhyastajñāninaṁ sādhakatve gurutve vā abhiṣiñcet |;
TantraS, 18: 18;2 1;svādhikārasamarpaṇe guruḥ dīkṣādi akurvan api na |;
TantraS, 19: 19;1 1;atha adharaśāsanasthānāṁ gurvantānām api |;
TantraS, 19: 19;2 1;tatra yo mṛtoddhāre vidhiḥ uktaḥ sa sarva eva śarīre |;
TantraS, 19: 19;3 1;tataḥ paramaśive yojanikāṁ kṛtvā tat dahet pūrṇāhutyā |;
TantraS, 19: 19;4 1;tatra homāntaṁ vidhiṁ kṛtvā naivedyam ekahaste kṛtvā |;
TantraS, 19: 19;5 1;mumukṣor api tanmayībhāvasiddhaye ayam jīvataḥ |;
TantraS, 19: 19;6 1;tattvajñāninas tu na ko .py ayam antyeṣṭyādiśrāddhānto |;
TantraS, 19: 19;7 1;sarvatra ca atra śrāddhādividhau mūrtiyāgaḥ pradhānam iti |;
TantraS, 20: 20;1 1;tatra yā dīkṣā saṁskārasiddhyai jñānayogyān prati yā ca |;
TantraS, 20: 20;2 1;tatra nityaṁ naimittikaṁ kāmyam iti trividhaṁ |;
TantraS, 20: 20;3 1;tatra niyatabhavaṁ nityaṁ tanmayībhāva eva naimittikaṁ |;
TantraS, 20: 20;4 1;tad api nityaṁ svakālanaiyatyāt iti kecit ||;
TantraS, 20: 20;5 1;naimittikaṁ tu tacchāsanasthānām api aniyatam tadyathā |;
TantraS, 20: 20;6 1;tatra niyatapūjā saṁdhyopāsā gurupūjā parvapūjā |;
TantraS, 20: 20;7 1;naimittikam jñānalābhaḥ śāstralābho |;
TantraS, 20: 20;8 1;tatra kṛtadīkṣākasya śiṣyasya pradhānaṁ mantraṁ |;
TantraS, 20: 20;9 1;tatra hṛdye sthaṇḍile vimalamakuravad dhyāte svam eva |;
TantraS, 20: 20;10 1;ādarśe hi svamukham aviratam avalokayataḥ |;
TantraS, 20: 20;11 1;paramantratanmayībhāvāviṣṭasya |;
TantraS, 20: 20;12 1;adhiśayya pāramārthikaḥ bhāvaprasaraṁ prakāśam ullasati |;
TantraS, 20: 20;13 1;paramāmṛtadṛktvaṁ tayārcayante rahasyavidaḥ ||;
TantraS, 20: 20;14 1;kṛtvādhāradharāṁ camatkṛtirasaprokṣākṣaṇakṣālitām āttair |;
TantraS, 20: 20;15 1;ānandāmṛtanirbharasvahṛdayānarghārghapātrakramāt |;
TantraS, 20: 20;16 1;iti ślokadvayoktam artham antar bhāvayan devatācakraṁ |;
TantraS, 20: 20;17 1;tato mudrāpradarśanaṁ japaḥ tannivedanam ||;
TantraS, 20: 20;18 1;bodhyaikātmyena visarjanam ||;
TantraS, 20: 20;19 1;mukhyaṁ naivedyaṁ svayam aśnīyāt sarvaṁ vā jale kṣipet |;
TantraS, 20: 20;20 1;mārjāramūṣakaśvādibhakṣaṇe tu śaṅkā janitā nirayāya iti |;
TantraS, 20: 20;21 1;atha liṅge tatra na rahasyamantraiḥ liṅgaṁ pratiṣṭhāpayet |;
TantraS, 20: 20;22 1;tatra gurudehaṁ svadehaṁ śaktidehaṁ |;
TantraS, 20: 20;23 1;tatra ca ādhārabalād eva adhikādhikamantrasiddhiḥ bhavati |;
TantraS, 20: 20;24 1;sarvatra parameśvarābhedābhimāna eva paramaḥ |;
TantraS, 20: 20;25 1;atha parvavidhiḥ ||;Kauśikasūtra Kauśikasūtra, 1, 1: 1 1;atha vidhiṁ vakṣyāmaḥ ||;PARTLY;+ parvan - vac;Khādiragṛhyasūtra KhGṛS, 2, 4: 6 16;athainaṁ paridadyād antakaprabhṛtibhiḥ ||;PARTLY;+  - paridā;Mugdhāvabodhinī MuA zu RHT, 19, 4.2: 318 4;vidhyantaram āha vidhinetyādi ||;PARTLY;+  - ityādi;Pañcārthabhāṣya PABh zu PāśupSūtra, 5, 40: 162 3;vidhinaiva pūrvoktena vidhinā japtavyam ||;PARTLY;+  - jap;Śāṅkhāyanāraṇyaka ŚāĀr, 2, 1: 9 33;atha sūdadohasaṁ parvāṇi saṁhitāni bhavanti ||;PARTLY;+ vidhi - bhū;Tantrasāra TantraS, 14: 14 1;atha putrakadīkṣāvidhiḥ ||;PARTLY;+ parvan - putrakadīkṣā;Tantrasāra TantraS, 20: 20 39;atha pavitrakavidhiḥ ||;PARTLY;+ parvan - pavitraka;Tantrasāra TantraS, 20: 20 51;atha vyākhyāvidhiḥ ||;PARTLY;+ parvan - vyākhyā;Tantrasāra TantraS, 20: 20 61;atha gurupūjāvidhiḥ ||;PARTLY;+ parvan - pūjā;
TantraS, 20: 20;26 1;tatra sāmānyaṁ sāmānyasāmānyaṁ sāmānyaviśeṣo |;
TantraS, 20: 20;27 1;pūraṇāt vidheḥ ||;
TantraS, 20: 20;28 1;tatra māsi māsi prathamaṁ pañcamaṁ dinaṁ sāmānyam |;
TantraS, 20: 20;29 1;citrācandrau maghājīvau tiṣyacandrau |;
TantraS, 20: 20;30 1;yadi mārgaśīrṣādikrameṇa yathāsaṁkhyaṁ bhavati |;
TantraS, 20: 20;31 1;anyaviśeṣaś cet anyaparvaṇi tadā tat anuparva ity āhuḥ ||;
TantraS, 20: 20;32 1;bhagrahayoge ca na velā pradhānam ||;
TantraS, 20: 20;33 1;tither eva viśeṣalābhāt anuyāgakālānuvṛttis tu parvadine |;
TantraS, 20: 20;34 1;tatra guruḥ tadvargyaḥ sasaṁtānaḥ tattvavit kanyā antyā |;
TantraS, 20: 20;35 1;tatra madhye guruḥ tadāvaraṇakrameṇa |;
TantraS, 20: 20;36 1;tatra ādhāre viśvamayaṁ pātraṁ sthāpayitvā |;
TantraS, 20: 20;37 1;tato .nte dakṣiṇātāmbūlavastrādibhiḥ tarpayet iti |;
TantraS, 20: 20;38 1;adṛṣṭamaṇḍalo .pi mūrtiyāgena parvadināni pūjayan varṣād |;
TantraS, 20: 20;39 1;atha pavitrakavidhiḥ ||;Kauśikasūtra Kauśikasūtra, 1, 1: 1 1;atha vidhiṁ vakṣyāmaḥ ||;PARTLY;+ pavitraka - vac;Khādiragṛhyasūtra KhGṛS, 2, 4: 6 16;athainaṁ paridadyād antakaprabhṛtibhiḥ ||;PARTLY;+  - paridā;Mugdhāvabodhinī MuA zu RHT, 19, 4.2: 318 4;vidhyantaram āha vidhinetyādi ||;PARTLY;+  - ityādi;Pañcārthabhāṣya PABh zu PāśupSūtra, 5, 40: 162 3;vidhinaiva pūrvoktena vidhinā japtavyam ||;PARTLY;+  - jap;Tantrasāra TantraS, 14: 14 1;atha putrakadīkṣāvidhiḥ ||;PARTLY;+ pavitraka - putrakadīkṣā;Tantrasāra TantraS, 20: 20 25;atha parvavidhiḥ ||;PARTLY;+ pavitraka - parvan;Tantrasāra TantraS, 20: 20 49;ity eṣa pavitrakavidhiḥ ||;PARTLY;+ atha - etad;Tantrasāra TantraS, 20: 20 51;atha vyākhyāvidhiḥ ||;PARTLY;+ pavitraka - vyākhyā;Tantrasāra TantraS, 20: 20 61;atha gurupūjāvidhiḥ ||;PARTLY;+ pavitraka - pūjā;
TantraS, 20: 20;40 1;sa ca śrīratnamālātriśiromataśrīsiddhāmatādau |;
TantraS, 20: 20;41 1;tatra āṣāḍhaśuklāt kulapūrṇimādināntaṁ kāryaṁ |;
TantraS, 20: 20;42 1;māghaśuklapañcadaśī iti śrībhairavakulormividaḥ ||;
TantraS, 20: 20;43 1;dakṣiṇāyanāntapañcadaśī iti śrītantrasadbhāvavidaḥ ||;
TantraS, 20: 20;44 1;tatra vibhavena devaṁ pūjayitvā āhutyā tarpayitvā |;
TantraS, 20: 20;45 1;tac ca tattvasaṁkhyagranthikaṁ |;
TantraS, 20: 20;46 1;tato mahotsavaḥ kāryaḥ cāturmāsyaṁ saptadinaṁ tridinaṁ |;
TantraS, 20: 20;47 1;yadā prāpyāpi vijñānaṁ dūṣitaṁ parameśaśāsanaṁ tadā |;
TantraS, 20: 20;48 1;iti vacanāt ||;
TantraS, 20: 20;49 1;ity eṣa pavitrakavidhiḥ ||;Āyurvedadīpikā ĀVDīp zu Ca, Vim., 8, 7.2: 200 11;ityadhyayanavidhiriti upasaṁharaṇam ||;PARTLY;+  - upasaṁharaṇa;
TantraS, 20: 20;50 1;jñānalābhādau laukikotsavānte .pi sarvatra |;
TantraS, 20: 20;51 1;atha vyākhyāvidhiḥ ||;Kauśikasūtra Kauśikasūtra, 1, 1: 1 1;atha vidhiṁ vakṣyāmaḥ ||;PARTLY;+ vyākhyā - vac;Khādiragṛhyasūtra KhGṛS, 2, 4: 6 16;athainaṁ paridadyād antakaprabhṛtibhiḥ ||;PARTLY;+  - paridā;Mugdhāvabodhinī MuA zu RHT, 19, 4.2: 318 4;vidhyantaram āha vidhinetyādi ||;PARTLY;+  - ityādi;Pañcārthabhāṣya PABh zu PāśupSūtra, 5, 40: 162 3;vidhinaiva pūrvoktena vidhinā japtavyam ||;PARTLY;+  - jap;Rasādhyāyaṭīkā RAdhyṬ zu RAdhy, 166.2: 31 18;atha mūlagranthavyākhyā ||;PARTLY;+ vidhi - grantha;Tantrasāra TantraS, 14: 14 1;atha putrakadīkṣāvidhiḥ ||;PARTLY;+ vyākhyā - putrakadīkṣā;Tantrasāra TantraS, 20: 20 25;atha parvavidhiḥ ||;PARTLY;+ vyākhyā - parvan;Tantrasāra TantraS, 20: 20 39;atha pavitrakavidhiḥ ||;PARTLY;+ vyākhyā - pavitraka;Tantrasāra TantraS, 20: 20 56;iti vyākhyāvidhiḥ ||;PARTLY;+ atha - iti;Tantrasāra TantraS, 20: 20 61;atha gurupūjāvidhiḥ ||;PARTLY;+ vyākhyā - pūjā;
TantraS, 20: 20;52 1;sarvaśāstrasampūrṇaṁ guruṁ vyākhyārtham |;
TantraS, 20: 20;53 1;tatra nimnāsanasthitebhyaḥ tatparebhyo |;
TantraS, 20: 20;54 1;tataḥ sāmānyārghapātrayogena cakraṁ tarpayet tato |;
TantraS, 20: 20;55 1;tato .pi pūjayitvā vidyāpīṭhaṁ visarjya upalipya agādhe tat |;
TantraS, 20: 20;56 1;iti vyākhyāvidhiḥ ||;Āyurvedadīpikā ĀVDīp zu Ca, Vim., 8, 7.2: 200 11;ityadhyayanavidhiriti upasaṁharaṇam ||;GOOD;;Āyurvedadīpikā ĀVDīp zu Ca, Cik., 1, 61.2: 296 8;yathoktavidhineti kuṭīprāveśikena vidhinā ||;PARTLY;+ vyākhyā - kuṭīprāveśika;Āyurvedadīpikā ĀVDīp zu Ca, Cik., 2, 6.2: 304 5;yathoktena vidhineti kuṭīprāveśikena ||;PARTLY;+ vyākhyā - kuṭīprāveśika;Gopathabrāhmaṇa NEW GB, 1, 2, 2: 41 23;iti veti vā mukhaṁ viparidhāpayet ||;PARTLY;+  - viparidhāpay;Mugdhāvabodhinī MuA zu RHT, 3, 5.2: 48 9;iti viśeṣavidhiḥ ||;PARTLY;+ vyākhyā - viśeṣa;Mugdhāvabodhinī MuA zu RHT, 3, 25.2: 61 9;iti pakṣacchedavidhiḥ ||;PARTLY;+ vyākhyā - pakṣaccheda;Mugdhāvabodhinī MuA zu RHT, 6, 3.1: 126 8;athaveti vidhyantare ||;PARTLY;+ vyākhyā - antara;Mugdhāvabodhinī MuA zu RHT, 16, 31.2: 263 5;vidhinā ityuktavidhānena ||;PARTLY;+ vyākhyā - vidhāna;Mugdhāvabodhinī MuA zu RHT, 19, 4.2: 318 4;vidhyantaram āha vidhinetyādi ||;PARTLY;+  - ityādi;Nibandhasaṁgraha NiSaṁ zu Su, Cik., 29, 12.32: -1 16;eveti ityatra anutsvādayan ||;PARTLY;+  - anutsvādayat;Nibandhasaṁgraha NiSaṁ zu Su, Sū., 1, 24.1: -1 4;ityāha prākkila vyālā iti vyākhyātāḥ ||;PARTLY;+  - prāñc;Pañcārthabhāṣya PABh zu PāśupSūtra, 1, 1: 1 12;yogavidhim iti sāmāsikam ||;PARTLY;+ vyākhyā - sāmāsika;Pañcārthabhāṣya PABh zu PāśupSūtra, 1, 1: 1 48;āṅ iti vyākhyāmaryādāyāṁ bhavati ||;PARTLY;+ vidhi - bhū;Pañcārthabhāṣya PABh zu PāśupSūtra, 4, 18: 116 5;panthāno vidhaya upāyā ityarthaḥ ||;PARTLY;+ vyākhyā - artha;Pañcārthabhāṣya PABh zu PāśupSūtra, 4, 19: 117 2;vidhineti tṛtīyā ||;PARTLY;+ vyākhyā - tṛtīyā;Pañcārthabhāṣya PABh zu PāśupSūtra, 4, 19: 117 10;tvā iti vidhikarmaṇorniṣṭhā ||;PARTLY;+ vyākhyā - niṣṭhā;Pañcārthabhāṣya PABh zu PāśupSūtra, 5, 40: 162 3;vidhinaiva pūrvoktena vidhinā japtavyam ||;PARTLY;+  - jap;Rasādhyāyaṭīkā RAdhyṬ zu RAdhy, 237.2: 46 6;iti vyoṣarājiḥ kāṁsyarājir ityarthaḥ ||;PARTLY;+  - artha;Rasādhyāyaṭīkā RAdhyṬ zu RAdhy, 249.2: 49 4;iti khāparasattvapātanavidhiḥ ||;PARTLY;+ vyākhyā - pātana;Rasādhyāyaṭīkā RAdhyṬ zu RAdhy, 253.2: 50 4;iti śilāsattvapātanavidhiḥ ||;PARTLY;+ vyākhyā - pātana;Rasādhyāyaṭīkā RAdhyṬ zu RAdhy, 271.2: 54 2;tato yena vidhineti ||;PARTLY;+ vyākhyā - yad;Rasādhyāyaṭīkā RAdhyṬ zu RAdhy, 275.2: 55 3;iti tāmramāraṇavidhiḥ ||;PARTLY;+ vyākhyā - māraṇa;Rasādhyāyaṭīkā RAdhyṬ zu RAdhy, 275.2: 55 5;iti ṣaḍlohamāraṇavidhiḥ ||;PARTLY;+ vyākhyā - māraṇa;Rasādhyāyaṭīkā RAdhyṬ zu RAdhy, 320.2: 63 7;iti hīrakavidhiḥ ||;PARTLY;+ vyākhyā - hīraka;Rasādhyāyaṭīkā RAdhyṬ zu RAdhy, 383.2: 74 9;iti godantiharitālāyāḥ śodhanavidhiḥ ||;PARTLY;+ vyākhyā - śodhana;Śāṅkhāyanāraṇyaka ŚāĀr, 5, 3: 51 11;ityevaṁ hi paśyāma iti ||;PARTLY;+  - dṛś;Tantrasāra TantraS, 5: 5 36;iti varṇavidhiḥ ||;PARTLY;+ vyākhyā - varṇa;Tantrasāra TantraS, 20: 20 49;ity eṣa pavitrakavidhiḥ ||;PARTLY;+ vyākhyā - pavitraka;Tantrasāra TantraS, 20: 20 51;atha vyākhyāvidhiḥ ||;PARTLY;+ iti - atha;Tantrasāra TantraS, 20: 20 60;iti samayaniṣkṛtividhiḥ ||;PARTLY;+ vyākhyā - niṣkṛti;
TantraS, 20: 20;57 1;atha samayaniṣkṛtiḥ ||;Khādiragṛhyasūtra KhGṛS, 2, 4: 6 16;athainaṁ paridadyād antakaprabhṛtibhiḥ ||;PARTLY;+  - paridā;Tantrasāra TantraS, 20: 20 60;iti samayaniṣkṛtividhiḥ ||;PARTLY;+ atha - vidhi;Viṣṇusmṛti ViSmṛ, 9: 9 1;atha samayakriyā ||;PARTLY;+ niṣkṛti - kriyā;
TantraS, 20: 20;58 1;yady api tattvajñānaniṣṭhasya prāyaścittādi na kiṁcit |;
TantraS, 20: 20;59 1;atattvajñānī tu caryaikāyattabhogamokṣaḥ |;
TantraS, 20: 20;60 1;iti samayaniṣkṛtividhiḥ ||;Āyurvedadīpikā ĀVDīp zu Ca, Vim., 8, 7.2: 200 11;ityadhyayanavidhiriti upasaṁharaṇam ||;PARTLY;+  - upasaṁharaṇa;
TantraS, 20: 20;61 1;atha gurupūjāvidhiḥ ||;
TantraS, 20: 20;62 1;sarvayāgānteṣu upasaṁhṛte yāge aparedyuḥ gurupūjāṁ |;
TantraS, 20: 20;63 1;iti tāṁ sarvathā caret ||;Āpastambagṛhyasūtra ĀpGṛSū, 12: 11 9;tasmā anvāha tat savitur iti ||;PARTLY;+  - savitṛ;Arthaśāstra ArthaŚ, 1, 4: 4 15;sa tena guptaḥ prabhavati iti ||;PARTLY;+  - prabhū;Aṣṭādhyāyī Aṣṭādhyāyī, 5, 1: 17 16;tad asya tad asmin syād iti ||;PARTLY;+  - as;Divyāvadāna Divyāv, 2: 2 27;tena vyapadiṣṭam idaṁ tasya bhaiṣajyamiti ||;PARTLY;+  - bhaiṣajya;Nibandhasaṁgraha NiSaṁ zu Su, Sū., 14, 17.1: -1 6;baliṁ tasmāt tena ca tadyathā eva iti ||;PARTLY;+  - ca;Pañcārthabhāṣya PABh zu PāśupSūtra, 4, 12: 110 7;sa teṣām iṣṭāpūrtam ādatteti ||;PARTLY;+  - ādā;Pāraskaragṛhyasūtra Pāraskaragṛhyasūtra, 1, 8: 6 13;tasmāt tayor grāmaḥ pramānam iti śruteḥ ||;PARTLY;+  - śruti;Śāṅkhāyanāraṇyaka ŚāĀr, 5, 8: 56 37;sa ma ātmeti vidyāt sa ma ātmeti vidyāt ||;PARTLY;+  - vid;
TantraS, 20: 20;64 1;tatra svāstikaṁ maṇḍalaṁ kṛtvā tatra sauvarṇaṁ pīṭhaṁ |;
TantraS, 20: 20;65 1;ita gurupūjāvidhiḥ ||;Parāśarasmṛtiṭīkā Parāśarasmṛtiṭīkā zu ParDhSmṛti, 2, 15.2: 16 358;gurau gurugṛhe ityarthaḥ ||;PARTLY;+  - artha;Viṣṇusmṛti ViSmṛ, 28: 28 29;guror gurau saṁnihite guruvad varteta ||;PARTLY;+  - vṛt;
TantraS, 1: 1;1 1;vimalakalāśrayābhinavasṛṣṭimahā jananī bharitatanuś ca tadubhayayāmalasphuritabhāvavisargamayaṁ hṛdayam |;Tantrāloka TĀ, 1: 1 1;vimalakalāśrayābhinavasṛṣṭimahā jananī bharitatanuśca tadubhayayāmalasphuritabhāvavisargamayaṁ ;GOOD;+  - artha;
TantraS, 1: 1;2 1;vitatas tantrāloko vigāhituṁ naiva śakyate sarvaiḥ |;
TantraS, 1: 1;2 2;ṛjuvacanaviracitam idaṁ tu tantrasāraṁ tataḥ śṛṇuta ||;
TantraS, 1: 1;3 1;śrīśambhunāthabhāskaracaraṇanipātaprabhāpagatasaṁkocaabhinavaguptahṛdambujam etad vicinuta |;Tantrāloka TĀ, 1: 1 21;śrīśambhunāthabhāskaracaraṇanipātaprabhāpagatasaṁkocaabhinavaguptahṛdambujametadvicinuta ;GOOD;;
TantraS, 1: 1;4 1;iha jñānaṁ mokṣakāraṇaṁ bandhanimittasya ajñānasya |;
TantraS, 1: 1;5 1;pauruṣaṁ tu vikalpasvabhāvaṁ saṁkucitaprathātmakaṁ |;
TantraS, 1: 1;6 1;tatra pauruṣam ajñānaṁ dīkṣādinā nivartetāpi kiṁ tu |;
TantraS, 1: 1;7 1;tatra adhyavasāyātmakaṁ buddhiniṣṭham eva jñānaṁ |;
TantraS, 1: 1;8 1;vikalpāsaṁkucitasaṁvitprakāśarūpo hy ātmā śivasvabhāva |;
TantraS, 1: 1;9 1;tac ca śāstrapūrvakam ||;Divyāvadāna Divyāv, 18: 18 418;sa ca sumatistatsthānamanusaṁprāptaḥ ||;PARTLY;+  - anusamprāp;Nibandhasaṁgraha NiSaṁ zu Su, Sū., 14, 17.1: -1 6;baliṁ tasmāt tena ca tadyathā eva iti ||;PARTLY;+  - bali;Pañcārthabhāṣya PABh zu PāśupSūtra, 1, 9: 9 310;ihāpi ca śāstre tānyeva ||;PARTLY;+ pūrvaka - eva;Ratnaṭīkā GaṇaKārṬīkā zu GaṇaKār, 7.2: 10 74;tad dvividhaṁ japapūrvakaṁ dhāraṇāpūrvakaṁ ca ||;PARTLY;+ śāstra - dhāraṇā;Saṅghabhedavastu SBhedaV, 1: 1 128;sa teṣāṁ nigṛhītavyāṁś ca nigṛhṇāti pragṛhītavyāṁś ca ;PARTLY;+  - pragrah;Viṣṇupurāṇa ViPur, 4, 12: 68 36;sa ca tāṁ snuṣām upayeme ||;PARTLY;+  - upayam;Viṣṇusmṛti ViSmṛ, 5: 5 133;tac ca teṣāṁ dadyāt ||;PARTLY;+  - dā;Viṣṇusmṛti ViSmṛ, 96: 96 8;teṣāṁ ca tasyādbhiḥ śuddhiḥ syāt ||;PARTLY;+  - as;
TantraS, 1: 1;10 1;śāstraṁ ca parameśvarabhāṣitam eva pramāṇam ||;
TantraS, 1: 1;11 1;aparaśāstroktānām arthānāṁ tatra vaiviktyena |;
TantraS, 1: 1;12 1;tato .pi sarvasmāt sāraṁ ṣaḍardhaśāstrāṇi ||;
TantraS, 1: 1;13 1;tebhyo .pi mālinīvijayam ||;Divyāvadāna Divyāv, 18: 18 212;tena tadapi bhuktam ||;GOOD;;Aitareyabrāhmaṇa AitBr, 1, 4: 4 5;tattan nādṛtyam ||;PARTLY;+  - ādṛ;Aitareyabrāhmaṇa AitBr, 1, 11: 11 2;tat tan nādṛtyam ||;PARTLY;+  - ādṛ;Aitareyabrāhmaṇa AitBr, 2, 22: 52 2;tat tan nādṛtyam ||;PARTLY;+  - ādṛ;Aitareyabrāhmaṇa AitBr, 3, 18: 89 10;tat tan nādṛtyam ||;PARTLY;+  - ādṛ;Āpastambagṛhyasūtra ĀpGṛSū, 12: 11 9;tasmā anvāha tat savitur iti ||;PARTLY;+  - iti;Arthaśāstra ArthaŚ, 1, 4: 4 15;sa tena guptaḥ prabhavati iti ||;PARTLY;+  - iti;Arthaśāstra ArthaŚ, 1, 10: 10 10;tenodvegena rājā tān avarundhyāt ||;PARTLY;+  - avarudh;Arthaśāstra ArthaŚ, 1, 15: 15 24;te yathā brūyustat kuryāt ||;PARTLY;+  - kṛ;Arthaśāstra ArthaŚ, 1, 15: 15 55;sa taccakṣuḥ ||;PARTLY;+  - cakṣus;Aṣṭādhyāyī Aṣṭādhyāyī, 4, 2: 14 59;tad adhīte tad veda ||;PARTLY;+  - vid;Aṣṭādhyāyī Aṣṭādhyāyī, 5, 1: 17 16;tad asya tad asmin syād iti ||;PARTLY;+  - iti;Baudhāyanadharmasūtra BaudhDhSū, 1, 3: 3 43;tayos tad eva pāvanam ||;PARTLY;+  - pāvana;Bhāvaprakāśa BhPr, 1, 2: 1 241;ucyante khasabījāni te khākhasatilā api ||;PARTLY;+ mālinīvijaya - khākhasatila;Daśakumāracarita DKCar, 2, 2: 7 187;tadapyavaśyamasāvabhyupaiṣyati ||;PARTLY;+ mālinīvijaya - abhyupe;Daśakumāracarita DKCar, 2, 3: 8 88;mayāpi tadabhyupetya pratyāgatam ||;PARTLY;+ mālinīvijaya - pratyāgam;Daśakumāracarita DKCar, 2, 3: 8 178;akūjacaca sā taṁ janaṁ kṛtāntadṛtīvāhvayantī ||;PARTLY;+  - jana;Daśakumāracarita DKCar, 2, 3: 8 218;so .pi baddhāñjalirabhidadhe ||;PARTLY;+ mālinīvijaya - abhidhā;Daśakumāracarita DKCar, 2, 6: 11 6;sa tu tasyāḥ pāṇigrāhakamanujīviṣyati ||;PARTLY;+  - anujīv;Daśakumāracarita DKCar, 2, 6: 11 118;bhartsitāpi tena balātkāramarīramat ||;PARTLY;+ mālinīvijaya - ram;Divyāvadāna Divyāv, 1: 1 89;sā tenātyayam atyayataḥ kṣamāpitā ||;PARTLY;+  - kṣamāpay;Divyāvadāna Divyāv, 1: 1 101;so .pi sthorāṁ lardayitumārabdhaḥ ||;PARTLY;+ mālinīvijaya - ārabh;Divyāvadāna Divyāv, 1: 1 139;tān dṛṣṭvā tasya kāruṇyamutpannam ||;PARTLY;+  - utpad;Divyāvadāna Divyāv, 1: 1 142;sa tānutsṛjya padbhyāṁ samprasthitaḥ ||;PARTLY;+  - samprasthā;Divyāvadāna Divyāv, 1: 1 145;sa tasya sakāśamupasaṁkrāntaḥ ||;PARTLY;+  - upasaṁkram;Divyāvadāna Divyāv, 1: 1 149;bhūyo .pi sa tūṣṇīṁ vyavasthitaḥ ||;PARTLY;+ mālinīvijaya - vyavasthā;Divyāvadāna Divyāv, 1: 1 167;sa tasya sakāśamupasaṁkrāntaḥ ||;PARTLY;+  - upasaṁkram;Divyāvadāna Divyāv, 1: 1 190;sa tairdūrata eva dṛṣṭaḥ ||;PARTLY;+  - dṛś;Divyāvadāna Divyāv, 1: 1 191;te taṁ pratyavabhāṣitumārabdhāḥ ||;PARTLY;+  - ārabh;Divyāvadāna Divyāv, 1: 1 194;sa taiḥ snāpito bhojitaḥ ||;PARTLY;+  - bhojay;Divyāvadāna Divyāv, 1: 1 199;tā api apsaraso .ntarhitāśca ||;PARTLY;+ mālinīvijaya - ca;Divyāvadāna Divyāv, 1: 1 239;sa tena snāpito bhojitaḥ ||;PARTLY;+  - bhojay;Divyāvadāna Divyāv, 1: 1 244;sāpi apsarā antarhitā ||;PARTLY;+ mālinīvijaya - antardhā;Divyāvadāna Divyāv, 1: 1 248;sāpi apsarāḥ prādurbhūtā ||;PARTLY;+ mālinīvijaya - prādurbhū;Divyāvadāna Divyāv, 1: 1 325;tena tasyāḥ pratijñātam ||;PARTLY;+  - pratijñā;Divyāvadāna Divyāv, 1: 1 328;sa tasminneva vimāne uṣitaḥ ||;PARTLY;+  - vas;Divyāvadāna Divyāv, 1: 1 341;sa tasyaurabhrikasya sakāśamupasaṁkrāntaḥ ||;PARTLY;+  - upasaṁkram;Divyāvadāna Divyāv, 1: 1 369;sa tasyā veśyāyāḥ sakāśamupasaṁkrāntaḥ ||;PARTLY;+  - upasaṁkram;Divyāvadāna Divyāv, 1: 1 397;sa taiḥ svareṇa pratyabhijñātaḥ ||;PARTLY;+  - pratyabhijñā;Divyāvadāna Divyāv, 1: 1 428;sa tenopasaṁpāditaḥ ||;PARTLY;+  - upasaṁpāday;Divyāvadāna Divyāv, 1: 1 494;taiḥ sa dvāre baddhvā sthāpitaḥ ||;PARTLY;+  - sthāpay;Divyāvadāna Divyāv, 1: 1 508;tena te karapratyāyāḥ samucchinnāḥ ||;PARTLY;+  - samucchid;Divyāvadāna Divyāv, 2: 2 39;tayā tasyārocitam ||;PARTLY;+  - ārocay;Divyāvadāna Divyāv, 2: 2 68;te .pi saṁsiddhayānapātrā āgatāḥ ||;PARTLY;+ mālinīvijaya - āgam;Divyāvadāna Divyāv, 2: 2 120;tābhiḥ sā pṛṣṭā tayā samākhyātam ||;PARTLY;+  - samākhyā;Divyāvadāna Divyāv, 2: 2 122;tā api śīghraṁ pratilabhante ||;PARTLY;+ mālinīvijaya - pratilabh;Divyāvadāna Divyāv, 2: 2 183;sa tamādāya vīthīṁ samprasthitaḥ ||;PARTLY;+  - samprasthā;Divyāvadāna Divyāv, 2: 2 188;sa tat kāṣṭhaṁ nirīkṣitumārabdhaḥ ||;PARTLY;+  - ārabh;Divyāvadāna Divyāv, 2: 2 219;tena tāstisro gaṇḍikā darśitāḥ ||;PARTLY;+  - darśay;Divyāvadāna Divyāv, 2: 2 307;tena te śrutāḥ ||;PARTLY;+  - śru;Divyāvadāna Divyāv, 2: 2 419;sa tābhyāṁ mānaṁ grāhitaḥ ||;PARTLY;+  - grāhay;Divyāvadāna Divyāv, 2: 2 494;so .pi śalākāṁ gṛhītumārabdhaḥ ||;PARTLY;+ mālinīvijaya - ārabh;Divyāvadāna Divyāv, 2: 2 514;tasyāpi rājñaḥ saptadaśa putrāḥ ||;PARTLY;+ mālinīvijaya - putra;Divyāvadāna Divyāv, 3: 3 106;sa tān māṇavakān maitreyāya anupradāsyati ||;PARTLY;+  - anupradā;Divyāvadāna Divyāv, 7: 7 33;sa tasyāḥ sakāśamupasaṁkrāntaḥ ||;PARTLY;+  - upasaṁkram;Divyāvadāna Divyāv, 7: 7 41;sā tāmapanetumārabdhā ||;PARTLY;+  - ārabh;Divyāvadāna Divyāv, 7: 7 42;tasyāstasminnācāme .ṅguliḥ patitā ||;PARTLY;+  - pat;Divyāvadāna Divyāv, 7: 7 140;sa tasya kṣetraṁ rakṣitumārabdhaḥ ||;PARTLY;+  - ārabh;Divyāvadāna Divyāv, 7: 7 149;sā tāmādāya gatā ||;PARTLY;+  - gam;Divyāvadāna Divyāv, 7: 7 192;sa tayā prajvalitaḥ pradīpaḥ prajvalatyeva ||;PARTLY;+  - eva;Divyāvadāna Divyāv, 12: 12 176;tat tasyopari nipatitam ||;PARTLY;+  - nipat;Divyāvadāna Divyāv, 13: 13 52;sāpyasya patnī kālagatā ||;PARTLY;+ mālinīvijaya - kālagata;Divyāvadāna Divyāv, 13: 13 122;svāgato .pi tena sārdhaṁ samprasthitaḥ ||;PARTLY;+ mālinīvijaya - samprasthā;Divyāvadāna Divyāv, 13: 13 139;so .pi vāsodghātikayā gantumārabdhaḥ ||;PARTLY;+ mālinīvijaya - ārabh;Divyāvadāna Divyāv, 13: 13 148;sa tayā mukhabimbakena pratyabhijñātaḥ ||;PARTLY;+  - pratyabhijñā;Divyāvadāna Divyāv, 13: 13 157;tayā gatvā tasyāḥ pracchannaṁ kathitam ||;PARTLY;+  - kathay;Divyāvadāna Divyāv, 13: 13 188;iti viditvā tayāpyupekṣitaḥ ||;PARTLY;+ mālinīvijaya - upekṣ;Divyāvadāna Divyāv, 13: 13 299;tasya tannīlakṛtsnam āmukhībhūtam ||;PARTLY;+  - āmukhībhū;Divyāvadāna Divyāv, 13: 13 350;tairapi na gṛhītā ||;PARTLY;+ mālinīvijaya - grah;Divyāvadāna Divyāv, 13: 13 487;sa gṛhapatistaṁ dṛṣṭvā paryavasthitaḥ ||;PARTLY;+  - paryavasthā;Divyāvadāna Divyāv, 13: 13 497;sa tasyānugrahārthamavatīrṇaḥ ||;PARTLY;+  - avatṛ;Divyāvadāna Divyāv, 17: 17 63;sāpyākāṅkṣamāṇā pṛthivīṁ cālayati ||;PARTLY;+ mālinīvijaya - cālay;Divyāvadāna Divyāv, 17: 17 326;taiḥ sa rājā dṛṣṭa āgacchan ||;PARTLY;+  - āgam;Divyāvadāna Divyāv, 18: 18 200;tadapi cābhyavahṛtam ||;PARTLY;+ mālinīvijaya - abhyavahṛ;Divyāvadāna Divyāv, 18: 18 390;sa tān dṛṣṭvā pratibuddhaḥ ||;PARTLY;+  - pratibudh;Divyāvadāna Divyāv, 19: 19 232;taistad dṛṣṭam ||;PARTLY;+  - dṛś;Divyāvadāna Divyāv, 19: 19 273;sa tāṁ gṛhītvā vīthīṁ gataḥ ||;PARTLY;+  - gam;Divyāvadāna Divyāv, 19: 19 289;taiste punaḥ pratyavekṣitāḥ ||;PARTLY;+  - pratyavekṣ;Divyāvadāna Divyāv, 19: 19 291;sa tairgṛhītaḥ ||;PARTLY;+  - grah;Divyāvadāna Divyāv, 19: 19 313;sa taiḥ śabditaḥ ||;PARTLY;+  - śabday;Divyāvadāna Divyāv, 19: 19 338;tena tasya kārṣāpaṇasahasraṁ dattam ||;PARTLY;+  - dā;Divyāvadāna Divyāv, 19: 19 404;sa taṁ tāḍayitumārabdhaḥ ||;PARTLY;+  - ārabh;Divyāvadāna Divyāv, 19: 19 416;sa tasya gṛhaṁ gataḥ ||;PARTLY;+  - gam;Divyāvadāna Divyāv, 19: 19 552;sa tena praveśitaḥ ||;PARTLY;+  - praveśay;Divyāvadāna Divyāv, 19: 19 565;so .pi tatraivāvasthitaḥ ||;PARTLY;+ mālinīvijaya - avasthā;Divyāvadāna Divyāv, 19: 19 567;so .pi tatraivāvasthitaḥ ||;PARTLY;+ mālinīvijaya - avasthā;Gautamadharmasūtra GautDhS, 1, 1: 1 10;tad yasmāt sa ācāryaḥ ||;PARTLY;+  - ācārya;Gautamadharmasūtra GautDhS, 1, 7: 7 23;tad apyeke prāṇasaṁśaye ||;PARTLY;+ mālinīvijaya - saṁśaya;Gautamadharmasūtra GautDhS, 1, 8: 8 7;tadapekṣas tadvṛttiḥ ||;PARTLY;+  - vṛtti;Gautamadharmasūtra GautDhS, 2, 1: 10 51;tasyāpi satyam akrodhaḥ śaucam ||;PARTLY;+ mālinīvijaya - śauca;Gautamadharmasūtra GautDhS, 2, 2: 11 8;te .pyenaṁ manyeran ||;PARTLY;+ mālinīvijaya - man;Gopathabrāhmaṇa NEW GB, 1, 1, 9: 9 6;tadapyetadṛcoktam ||;PARTLY;+ mālinīvijaya - vac;Gopathabrāhmaṇa NEW GB, 1, 1, 12: 12 8;tad apy etad ṛcoktam ||;PARTLY;+ mālinīvijaya - vac;Gopathabrāhmaṇa NEW GB, 1, 1, 22: 22 10;tad apy etadṛcoktam ||;PARTLY;+ mālinīvijaya - vac;Gopathabrāhmaṇa NEW GB, 1, 1, 23: 23 6;te tam abruvan ||;PARTLY;+  - brū;Gopathabrāhmaṇa NEW GB, 1, 2, 15: 54 28;te pathirakṣayas ta iyakṣamāṇaṁ pratinudantaḥ ||;PARTLY;+  - pratinud;Jaiminīyabrāhmaṇa JB, 1, 12: 5 7;tām annam akuruta tāṁ pratyudadīpyata ||;PARTLY;+  - pratyuddīp;Jaiminīyabrāhmaṇa JB, 1, 12: 5 12;tām annam akuruta tāṁ pratyudadīpyata ||;PARTLY;+  - pratyuddīp;Jaiminīyabrāhmaṇa JB, 1, 21: 14 2;so .gnim api mukhād asisṛkṣata ||;PARTLY;+ mālinīvijaya - sisṛkṣ;Kāmasūtra KāSū, 2, 6: 11 12;tayoccatararatasyāpi parigrahaḥ ||;PARTLY;+ mālinīvijaya - parigraha;Kāmasūtra KāSū, 5, 4: 26 18;tasyāstayaiva pratyuttarāṇi yojayet ||;PARTLY;+  - yojay;Lalitavistara LalVis, 12: 12 23;sa tasyāstaṁ lekhamupanāmayati sma ||;PARTLY;+  - sma;Mahābhārata MBh, 1, 3: 3 78;eṣā tasyāpi parīkṣopamanyoḥ ||;PARTLY;+ mālinīvijaya - upamanyu;Maitrāyaṇīsaṁhitā MS, 2, 1, 1: 18 10;tāṁ vai tasmai kāmāyālabhanta ||;PARTLY;+  - ālabh;Mṛgendraṭīkā MṛgṬīkā zu MṛgT, Vidyāpāda, 11, 16.2: 229 2;taddhetorapi karmaiṣṭavyam ||;PARTLY;+ mālinīvijaya - iṣ;Nāṭyaśāstravivṛti NŚVi zu NāṭŚ, 6, 32.2: 1 12;sa cobhayorapi ||;PARTLY;+ mālinīvijaya - ubhaya;Nāṭyaśāstravivṛti NŚVi zu NāṭŚ, 6, 32.2: 1 29;api tu tayā nirvṛttam ||;PARTLY;+ mālinīvijaya - nirvṛt;Nāṭyaśāstravivṛti NŚVi zu NāṭŚ, 6, 32.2: 1 156;sāpi pratipattireva ||;PARTLY;+ mālinīvijaya - eva;Nibandhasaṁgraha NiSaṁ zu Su, Sū., 1, 25.1: -1 1;tadyuktam teṣāmityādi ||;PARTLY;+  - vac;Pañcārthabhāṣya PABh zu PāśupSūtra, 2, 4: 49 6;atrāpi taddharmitve ṣaṣṭhī ||;PARTLY;+ mālinīvijaya - ṣaṣṭhī;Pañcārthabhāṣya PABh zu PāśupSūtra, 2, 18: 63 8;taducyate tadarthameva ||;PARTLY;+  - eva;Pañcārthabhāṣya PABh zu PāśupSūtra, 2, 19: 64 4;tasmādatra tapastadeva ||;PARTLY;+  - eva;Pañcārthabhāṣya PABh zu PāśupSūtra, 3, 8: 80 14;taducyate vṛddhirapyasti ||;PARTLY;+ mālinīvijaya - as;Pañcārthabhāṣya PABh zu PāśupSūtra, 4, 1: 99 9;tasmādatra tapastadeva ||;PARTLY;+  - eva;Pañcārthabhāṣya PABh zu PāśupSūtra, 4, 8: 106 16;taducyate taṁ guṇaṁ jñātvā vakṣyāmaḥ ||;PARTLY;+  - jñā;Pañcārthabhāṣya PABh zu PāśupSūtra, 4, 12: 110 7;sa teṣām iṣṭāpūrtam ādatteti ||;PARTLY;+  - iti;Pañcārthabhāṣya PABh zu PāśupSūtra, 5, 34: 156 37;sa bhavatu teṣām ||;PARTLY;+  - bhū;Pañcārthabhāṣya PABh zu PāśupSūtra, 5, 34: 156 81;te bhavantu teṣām ||;PARTLY;+  - bhū;Pāraskaragṛhyasūtra Pāraskaragṛhyasūtra, 1, 8: 6 13;tasmāt tayor grāmaḥ pramānam iti śruteḥ ||;PARTLY;+  - śruti;Pāśupatasūtra PāśupSūtra, 3: 3 16;apitatkuryāt ||;PARTLY;+ mālinīvijaya - kṛ;Pāśupatasūtra PāśupSūtra, 3: 3 17;apitadbhāṣet ||;PARTLY;+ mālinīvijaya - bhāṣ;Pāśupatasūtra PāśupSūtra, 4: 4 11;sa teṣāmiṣṭāpūrtamādatta ||;PARTLY;+  - ādā;Rasaratnasamuccayaṭīkā RRSṬīkā zu RRS, 8, 32.2: 72 9;tadapi pratyekaṁ dvividham ||;PARTLY;+ mālinīvijaya - dvividha;Rasaratnasamuccayaṭīkā RRSṬīkā zu RRS, 8, 32.2: 72 13;tadapi pratyekaṁ dvividham ||;PARTLY;+ mālinīvijaya - dvividha;Ratnaṭīkā GaṇaKārṬīkā zu GaṇaKār, 7.2: 10 109;tadapi na ||;PARTLY;+ mālinīvijaya - na;Saṅghabhedavastu SBhedaV, 1: 1 128;sa teṣāṁ nigṛhītavyāṁś ca nigṛhṇāti pragṛhītavyāṁś ca ;PARTLY;+  - pragrah;Śāṅkhāyanagṛhyasūtra ŚGṛS, 1, 10: 6 6;tad api ślokāḥ ||;PARTLY;+ mālinīvijaya - śloka;Śāṅkhāyanāraṇyaka ŚāĀr, 3, 2: 28 5;taṁ yaḥ pratyāha tam atisṛjate ||;PARTLY;+  - atisṛj;Śāṅkhāyanāraṇyaka ŚāĀr, 7, 1: 77 3;tan mām avatu tad vaktāram avatvavatu mām avatu ;PARTLY;+  - vaktṛ;Śāṅkhāyanāraṇyaka ŚāĀr, 8, 7: 106 5;sa yat karaṇīyaṁ manyeta tat kuryāt ||;PARTLY;+  - man;Śāṅkhāyanāraṇyaka ŚāĀr, 8, 7: 106 7;tad apy evam eva vidyāt ||;PARTLY;+ mālinīvijaya - vid;Śārṅgadharasaṁhitādīpikā ŚSDīp zu ŚdhSaṁh, 2, 11, 92.1: 45 6;te.pi bahudhā bhavanti ||;PARTLY;+ mālinīvijaya - bhū;Sūryaśatakaṭīkā Sūryaśatakaṭīkā zu SūryaŚ, 1, 3.2: 3 16;tena śramastasmājjātastamiva ||;PARTLY;+  - iva;Sūryaśatakaṭīkā Sūryaśatakaṭīkā zu SūryaŚ, 1, 7.2: 7 25;so.pi vāmano bhūtvā prāṁśurabhūt ||;PARTLY;+ mālinīvijaya - prāṁśu;Tantrākhyāyikā TAkhy, 1: 1 25;tasminn api na kiṁcid āsāditavān ||;PARTLY;+ mālinīvijaya - āsāday;Tantrākhyāyikā TAkhy, 1: 1 274;te tam āhuḥ ||;PARTLY;+  - ah;Tantrākhyāyikā TAkhy, 1: 1 346;tam api tathaivābhihitavān ||;PARTLY;+ mālinīvijaya - abhidhā;Tantrākhyāyikā TAkhy, 1: 1 349;tam apy asāvāha ||;PARTLY;+ mālinīvijaya - ah;Tantrākhyāyikā TAkhy, 2: 2 90;sā tam āha ||;PARTLY;+  - ah;Tantrākhyāyikā TAkhy, 2: 2 179;tad arthitvam api jaghanyam ||;PARTLY;+ mālinīvijaya - jaghanya;Tantrākhyāyikā TAkhy, 2: 2 194;tad api dvitīyaṁ mṛtyudvāram ||;PARTLY;+ mālinīvijaya - dvāra;Viṁśatikāvṛtti ViṁVṛtti zu ViṁKār, 1, 11.2: 17 8;nāpi te saṁhatā viṣayībhavanti ||;PARTLY;+ mālinīvijaya - viṣayībhū;Viṁśatikāvṛtti ViṁVṛtti zu ViṁKār, 1, 21.2: 36 1;tadapi katham ayathārtham ||;PARTLY;+ mālinīvijaya - ayathārtha;Viṣṇupurāṇa ViPur, 4, 3: 59 30;sā tasya bhāryā citāṁ kṛtvā tam ;PARTLY;+  - kṛ;Viṣṇupurāṇa ViPur, 4, 4: 60 83;tasmād apy ajaḥ ||;PARTLY;+ mālinīvijaya - aja;Viṣṇupurāṇa ViPur, 4, 12: 68 10;tasyāpi rukmakavacas tataḥ parāvṛt ||;PARTLY;+ mālinīvijaya - parāvṛt;Viṣṇupurāṇa ViPur, 4, 12: 68 36;sa ca tāṁ snuṣām upayeme ||;PARTLY;+  - upayam;Viṣṇupurāṇa ViPur, 4, 13: 69 87;evam uktaḥ so .py āha ||;PARTLY;+ mālinīvijaya - ah;Viṣṇupurāṇa ViPur, 4, 13: 69 122;sāpi tāvatā kālena jātā ||;PARTLY;+ mālinīvijaya - jan;Viṣṇupurāṇa ViPur, 4, 15: 71 42;vajrasya pratibāhuḥ tasyāpi sucāruḥ ||;PARTLY;+ mālinīvijaya - sucāru;Viṣṇupurāṇa ViPur, 4, 18: 74 25;tasyāpi dhṛtavrataḥ putro .bhūt ||;PARTLY;+ mālinīvijaya - bhū;Viṣṇupurāṇa ViPur, 4, 19: 75 6;tasyāpi medhātithiḥ ||;PARTLY;+ mālinīvijaya - medhātithi;Viṣṇupurāṇa ViPur, 4, 20: 76 3;tasyāpi vidūrathaḥ ||;PARTLY;+ mālinīvijaya - vidūratha;Viṣṇupurāṇa ViPur, 4, 20: 76 19;tatas te punar apy ūcuḥ ||;PARTLY;+ mālinīvijaya - vac;Viṣṇupurāṇa ViPur, 4, 21: 77 6;tasmād apy adhisīmakṛṣṇaḥ ||;PARTLY;+ mālinīvijaya - adhisīmakṛṣṇa;Viṣṇupurāṇa ViPur, 4, 21: 77 9;tasyāpy uṣṇaḥ putro bhavitā ||;PARTLY;+ mālinīvijaya - bhū;Viṣṇupurāṇa ViPur, 4, 23: 79 12;tasyāpi ripuñjayaḥ ||;PARTLY;+ mālinīvijaya - ripuṁjaya;Viṣṇupurāṇa ViPur, 4, 24: 80 12;tasyāpi kṣataujāḥ ||;PARTLY;+ mālinīvijaya - kṣataujas;Viṣṇupurāṇa ViPur, 4, 24: 80 17;tasmād api nandivardhanaḥ ||;PARTLY;+ mālinīvijaya - nandivardhana;Viṣṇupurāṇa ViPur, 4, 24: 80 29;tasyāpi putro bindusāro bhaviṣyati ||;PARTLY;+ mālinīvijaya - bhū;Viṣṇupurāṇa ViPur, 4, 24: 80 49;tasmāt pulomāpi hi ||;PARTLY;+ mālinīvijaya - hi;Viṣṇusmṛti ViSmṛ, 3: 3 13;so .py aśaktaḥ śatādhyakṣāya ||;PARTLY;+ mālinīvijaya - adhyakṣa;Viṣṇusmṛti ViSmṛ, 3: 3 14;so .py aśakto deśādhyakṣāya ||;PARTLY;+ mālinīvijaya - adhyakṣa;Viṣṇusmṛti ViSmṛ, 5: 5 102;vaiśyaṁ dūṣayitus tadardham api ||;PARTLY;+ mālinīvijaya - ardha;Viṣṇusmṛti ViSmṛ, 5: 5 133;tac ca teṣāṁ dadyāt ||;PARTLY;+  - dā;Viṣṇusmṛti ViSmṛ, 15: 15 38;tatputrāḥ paitāmahe .pyarthe ||;PARTLY;+ mālinīvijaya - artha;Viṣṇusmṛti ViSmṛ, 51: 51 39;anirdaśāhāni tāny api ||;PARTLY;+ mālinīvijaya - ahar;Yogasūtra YS, 1: 1 28;tajjapas tadarthabhāvanam ||;PARTLY;+  - bhāvanā;Yogasūtra YS, 3: 3 8;tad api bahiraṅgaṁ nirbījasya ||;PARTLY;+ mālinīvijaya - nirbīja;Yogasūtrabhāṣya YSBhā zu YS, 2, 24.1: 68 7;sa tām āha ||;PARTLY;+  - ah;
TantraS, 1: 1;14 1;tadantargataś cārthaḥ saṁkalayyāśakyo nirūpayitum ||;
TantraS, 1: 1;15 1;na ca anirūpitavastutattvasya muktatvaṁ mocakatvaṁ vā |;
TantraS, 1: 1;16 1;svabhyastajñānamūlatvāt parapuruṣārthasya tatsiddhaye |;
TantraS, 1: 1;17 1;ajñānaṁ kila bandhahetur uditaḥ śāstre malaṁ tat smṛtaṁ |;
TantraS, 1: 1;18 1;dhvastāśeṣamalātmasaṁvidudaye mokṣaś ca tenāmunā |;
TantraS, 1: 1;19 1;tatra iha svabhāva eva paramopādeyaḥ sa ca |;
TantraS, 1: 1;20 1;sa ca prakāśo na paratantraḥ prakāśyataiva hi pāratantryam |;
TantraS, 1: 1;21 1;punar api ca svātmānaṁ svatantratayā prakāśayati yena |;
TantraS, 1: 1;22 1;tatrāpi svātantryavaśāt anupāyam eva svātmānaṁ |;
TantraS, 1: 1;23 1;ātmā prakāśavapur eṣa śivaḥ svatantraḥ saṁchādya yat punar api prathayeta pūrṇaṁ tac ca |;
TantraS, 21: 21;1 1;evaṁ samastaṁ nityaṁ naimittikaṁ karma nirūpitam ||;
TantraS, 21: 21;2 1;adhunā asyaiva āgamasya prāmāṇyam ucyate ||;
TantraS, 21: 21;3 1;tatra saṁvinmātramaye viśvasmin saṁvidi ca |;
TantraS, 21: 21;4 1;kecit māyocitabhedaparāmarśātmani vedāgamādiśāstre |;
TantraS, 21: 21;5 1;bhedavāde .pi samastāgamānām ekeśvarakāryatve .pi |;
TantraS, 21: 21;6 1;brahmahananatanniṣedhavat saṁskārabhedaḥ |;
TantraS, 21: 21;7 1;iti riktasya jantoḥ atiriktā vācoyuktiḥ tāsāṁ kāṁcana |;
TantraS, 21: 21;8 1;saṁvitprakāśaparamārthatayā yathaiva bhāty āmṛśaty api |;
TantraS, 21: 21;9 1;santaḥ samastamayacitpratibhāvimarśasāraṁ samāśrayata |;
TantraS, 21: 21;10 1;jissa daḍhapasiddhighaḍie vavahāre soi asmi ṇīsaṁko |;
TantraS, 21: 21;10 2;taha hohi jahuttiṇa pasiddhirūḍhie paramasivo ||;
TantraS, 21: 21;11 1;nijadṛḍhaprasiddhighaṭite vyavahāre loka asti niḥśaṅkaḥ |;
TantraS, 21: 21;11 2;tadā bhavati janottīrṇaprasiddhirūḍhaḥ paramaśivaḥ ||;
TantraS, 6: 6;1 1;sa eva sthānaprakalpanaśabdena uktaḥ tatra tridhā sthānaṁ |;
TantraS, 6: 6;2 1;saṁvid eva hi prameyebhyo vibhaktaṁ rūpaṁ gṛhṇāti ata |;
TantraS, 6: 6;3 1;tatra kriyāśaktau kālādhvā prācyabhāge uttare tu |;
TantraS, 6: 6;4 1;deśādhvasthitis tu tattvapurakalātmanā iti bhaviṣyati |;
TantraS, 6: 6;5 1;tatra yady api dehe sabāhyābhyantaram otaprotarūpaḥ |;
TantraS, 6: 6;6 1;tatra prabhuśaktiḥ ātmaśaktiḥ yatna iti tritayaṁ prāṇeraṇe |;
TantraS, 6: 6;7 1;tatra hṛdayāt dvādaśāntāntaṁ svāṅgulaiḥ sarvasya |;
TantraS, 6: 6;8 1;tatra ghaṭikā tithiḥ māso varṣaṁ ca varṣasamūhātmā iti |;
TantraS, 6: 6;9 1;tatra sapañcāṁśe aṅgule caṣaka iti sthityā ghaṭikodayaḥ |;
TantraS, 6: 6;10 1;atha tithyudayaḥ ||;Khādiragṛhyasūtra KhGṛS, 2, 4: 6 16;athainaṁ paridadyād antakaprabhṛtibhiḥ ||;PARTLY;+  - paridā;Tantrasāra TantraS, 6: 6 12;atha māsodayaḥ ||;PARTLY;+ tithi - māsa;Tantrasāra TantraS, 6: 6 21;atha varṣodayaḥ ||;PARTLY;+ tithi - varṣa;Tantrasāra TantraS, 6: 6 60;atha samāne kālodayaḥ ||;PARTLY;+ tithi - kāla;Tantrasāra TantraS, 6: 6 75;atha varṇodayaḥ ||;PARTLY;+ tithi - varṇa;
TantraS, 6: 6;11 1;sapādam aṅguladvayaṁ tuṭiḥ ucyate tāsu catasṛṣu praharaḥ |;
TantraS, 6: 6;12 1;atha māsodayaḥ ||;Khādiragṛhyasūtra KhGṛS, 2, 4: 6 16;athainaṁ paridadyād antakaprabhṛtibhiḥ ||;PARTLY;+  - paridā;Śāṅkhāyanāraṇyaka ŚāĀr, 10, 5: 123 5;māsās tṛptā ardhamāsāṁs tarpayanti ||;PARTLY;+  - tarpay;Tantrasāra TantraS, 6: 6 10;atha tithyudayaḥ ||;PARTLY;+ māsa - tithi;Tantrasāra TantraS, 6: 6 21;atha varṣodayaḥ ||;PARTLY;+ māsa - varṣa;Tantrasāra TantraS, 6: 6 60;atha samāne kālodayaḥ ||;PARTLY;+ māsa - kāla;Tantrasāra TantraS, 6: 6 75;atha varṇodayaḥ ||;PARTLY;+ māsa - varṇa;
TantraS, 6: 6;13 1;tatra dinaṁ kṛṣṇapakṣaḥ rātriḥ śuklaḥ tatra pūrvaṁ |;
TantraS, 6: 6;14 1;tatra vedyamayatāprakāśo dinaṁ vedyasya vicārayitari |;
TantraS, 6: 6;15 1;tatra kṛṣṇapakṣe prāṇārke apānacandra āpyāyikām ekām |;
TantraS, 6: 6;16 1;tadanantaraṁ yat tuṭyardhaṁ sa pakṣasaṁdhiḥ ||;
TantraS, 6: 6;17 1;tasya ca tuṭyardhasya prācyam ardham āmāvasyaṁ |;
TantraS, 6: 6;18 1;tatra prātipade tasmin bhāge sa āmāvasyo bhāgo yadā |;
TantraS, 6: 6;19 1;pramātṛpramāṇaprameyatritayāvibhāgakāritvāt sa puṇyaḥ |;
TantraS, 6: 6;20 1;tataḥ praviśati prāṇe cidarka ekaikayā kalayā |;
TantraS, 6: 6;21 1;atha varṣodayaḥ ||;Khādiragṛhyasūtra KhGṛS, 2, 4: 6 16;athainaṁ paridadyād antakaprabhṛtibhiḥ ||;PARTLY;+  - paridā;Tantrasāra TantraS, 6: 6 10;atha tithyudayaḥ ||;PARTLY;+ varṣa - tithi;Tantrasāra TantraS, 6: 6 12;atha māsodayaḥ ||;PARTLY;+ varṣa - māsa;Tantrasāra TantraS, 6: 6 60;atha samāne kālodayaḥ ||;PARTLY;+ varṣa - kāla;Tantrasāra TantraS, 6: 6 75;atha varṇodayaḥ ||;PARTLY;+ varṣa - varṇa;
TantraS, 6: 6;22 1;tatra kṛṣṇapakṣa eva uttarāyaṇaṁ ṣaṭsu ṣaṭsu aṅguleṣu |;
TantraS, 6: 6;23 1;tatra pratyaṅgulaṁ pañca tithayaḥ tatrāpi dinarātrivibhāgaḥ |;
TantraS, 6: 6;24 1;tathaiva upāsā atra phalaṁ samucitaṁ karoti ||;
TantraS, 6: 6;25 1;atra ca dakṣādyāḥ pitāmahāntā rudrāḥ śaktayaś ca |;
TantraS, 6: 6;26 1;pratyaṅgulaṁ ṣaṣṭiḥ tithaya iti krameṇa saṁkrāntau |;
TantraS, 6: 6;27 1;tāvatī eva ahorātre prāṇasaṁkhyā iti na ṣaṣṭyabdodayāt |;
TantraS, 6: 6;28 1;tatra mānuṣaṁ varṣaṁ devānāṁ tithiḥ anena krameṇa |;
TantraS, 6: 6;29 1;catvāri trīṇi dve ekam iti kṛtāt prabhṛti tāvadbhiḥ śataiḥ |;
TantraS, 6: 6;30 1;caturyugānām ekasaptatyā manvantaram manvantaraiḥ |;
TantraS, 6: 6;31 1;prabuddhās tu kūṣmāṇḍahāṭakeśādyā maholoke krīḍanti ||;
TantraS, 6: 6;32 1;tato niśāsamāptau brāhmī sṛṣṭiḥ ||;
TantraS, 6: 6;33 1;anena mānena varṣaśataṁ brahmāyuḥ ||;
TantraS, 6: 6;34 1;tat viṣṇoḥ dinaṁ tāvatī ca rātriḥ tasyāpi śatam āyuḥ ||;
TantraS, 6: 6;35 1;tat dinaṁ tadūrdhve rudralokaprabho rudrasya tāvatī rātriḥ |;
TantraS, 6: 6;36 1;tatra rudrasya tadavasitau śivatvagatiḥ rudrasya |;
TantraS, 6: 6;37 1;śatarudrakṣaye brahmāṇḍavināśaḥ ||;
TantraS, 6: 6;38 1;evaṁ jalatattvāt avyaktāntam etad eva krameṇa rudrāṇām |;
TantraS, 6: 6;39 1;pūrvasyāyur uttarasya dinam iti ||;
TantraS, 6: 6;40 1;tataś ca brahmā rudrāś ca abādyadhikāriṇaḥ avyakte |;
TantraS, 6: 6;41 1;śrīkaṇṭhanāthaś ca tadā saṁhartā ||;
TantraS, 6: 6;42 1;eṣo .vāntarapralayaḥ tatkṣaye sṛṣṭiḥ ||;
TantraS, 6: 6;43 1;tatra śāstrāntaramuktā api sṛjyante ||;
TantraS, 6: 6;44 1;yat tu śrīkaṇṭhanāthasya svam āyuḥ tat kañcukavāsināṁ |;
TantraS, 6: 6;45 1;punaḥ gahaneśaḥ sṛjati ||;Śārṅgadharasaṁhitādīpikā ŚSDīp zu ŚdhSaṁh, 2, 11, 37.1: 24 5;punaḥ punariti ||;PARTLY;+  - iti;
TantraS, 6: 6;46 1;evaṁ yaḥ avyaktakālaḥ taṁ daśabhiḥ parārdhaiḥ guṇayitvā |;
TantraS, 6: 6;47 1;sa eva pralayaḥ ||;Baudhāyanadharmasūtra BaudhDhSū, 1, 3: 3 43;tayos tad eva pāvanam ||;GOOD;;Divyāvadāna Divyāv, 1: 1 190;sa tairdūrata eva dṛṣṭaḥ ||;GOOD;;Divyāvadāna Divyāv, 1: 1 328;sa tasminneva vimāne uṣitaḥ ||;GOOD;;Divyāvadāna Divyāv, 7: 7 192;sa tayā prajvalitaḥ pradīpaḥ prajvalatyeva ||;GOOD;;Kāmasūtra KāSū, 5, 4: 26 18;tasyāstayaiva pratyuttarāṇi yojayet ||;GOOD;;Pañcārthabhāṣya PABh zu PāśupSūtra, 2, 18: 63 8;taducyate tadarthameva ||;GOOD;;Pañcārthabhāṣya PABh zu PāśupSūtra, 2, 19: 64 4;tasmādatra tapastadeva ||;GOOD;;Pañcārthabhāṣya PABh zu PāśupSūtra, 4, 1: 99 9;tasmādatra tapastadeva ||;GOOD;;Abhinavacintāmaṇi ACint, 1: 1 93;caturyāmalakāny eva triphalā sā prakīrtitā ||;PARTLY;+ pralaya - prakīrtay;Aitareyabrāhmaṇa AitBr, 1, 4: 4 5;tattan nādṛtyam ||;PARTLY;+  - ādṛ;Aitareyabrāhmaṇa AitBr, 1, 11: 11 2;tat tan nādṛtyam ||;PARTLY;+  - ādṛ;Aitareyabrāhmaṇa AitBr, 1, 17: 17 6;tayor juṣāṇenaiva yajati ||;PARTLY;+ pralaya - yaj;Aitareyabrāhmaṇa AitBr, 2, 7: 37 3;tad u vā āhuḥ kīrtayed eva ||;PARTLY;+ pralaya - kīrtay;Aitareyabrāhmaṇa AitBr, 2, 22: 52 2;tat tan nādṛtyam ||;PARTLY;+  - ādṛ;Aitareyabrāhmaṇa AitBr, 3, 11: 82 22;saiva tatra prāyaścittiḥ prāyaścittiḥ ||;PARTLY;+ pralaya - prāyaścitti;Aitareyabrāhmaṇa AitBr, 3, 18: 89 10;tat tan nādṛtyam ||;PARTLY;+  - ādṛ;Aitareyabrāhmaṇa AitBr, 5, 16: 169 21;yad eva ṣaṣṭhasyāhnas tat ||;PARTLY;+ pralaya - ahar;Aitareyabrāhmaṇa AitBr, 6, 32: 219 22;tā ardharcaśaḥ śaṁsati pratiṣṭhāyā eva ||;PARTLY;+ pralaya - pratiṣṭhā;Aitareyabrāhmaṇa AitBr, 6, 32: 219 26;tā ardharcaśaḥ śaṁsati pratiṣṭhāyā eva ||;PARTLY;+ pralaya - pratiṣṭhā;Aitareyabrāhmaṇa AitBr, 6, 33: 220 17;tā ardharcaśaḥ śaṁsati pratiṣṭhāyā eva ||;PARTLY;+ pralaya - pratiṣṭhā;Aitareyabrāhmaṇa AitBr, 6, 36: 223 3;tā ardharcaśaḥ śaṁsati pratiṣṭhāyā eva ||;PARTLY;+ pralaya - pratiṣṭhā;Āpastambagṛhyasūtra ĀpGṛSū, 12: 11 9;tasmā anvāha tat savitur iti ||;PARTLY;+  - iti;Arthaśāstra ArthaŚ, 1, 4: 4 15;sa tena guptaḥ prabhavati iti ||;PARTLY;+  - iti;Arthaśāstra ArthaŚ, 1, 10: 10 10;tenodvegena rājā tān avarundhyāt ||;PARTLY;+  - avarudh;Arthaśāstra ArthaŚ, 1, 15: 15 24;te yathā brūyustat kuryāt ||;PARTLY;+  - kṛ;Arthaśāstra ArthaŚ, 1, 15: 15 55;sa taccakṣuḥ ||;PARTLY;+  - cakṣus;Arthaśāstra ArthaŚ, 2, 7: 28 20;viparyaye tam eva prati syāt ||;PARTLY;+ pralaya - as;Arthaśāstra ArthaŚ, 2, 11: 32 22;saiva maṇimadhyā yaṣṭiḥ ||;PARTLY;+ pralaya - yaṣṭi;Arthaśāstra ArthaŚ, 2, 11: 32 86;saiva candracitrā candrottarā ||;PARTLY;+ pralaya - candrottarā;Arthaśāstra ArthaŚ, 2, 14: 35 28;sa eva paṭalasampuṭeṣvabhyuddhāryaḥ ||;PARTLY;+ pralaya - abhyuddhṛ;Arthaśāstra ArthaŚ, 4, 3: 42 32;sa eva lābho vyālaghātinaḥ ||;PARTLY;+ pralaya - ghātin;Arthaśāstra ArthaŚ, 4, 7: 46 14;tad eva hatodbaddhasya parīkṣeta ||;PARTLY;+ pralaya - parīkṣ;Arthaśāstra ArthaŚ, 4, 13: 52 37;sakāmā tad eva labheta ||;PARTLY;+ pralaya - labh;Arthaśāstra ArthaŚ, 2, 15: 36 7;tad eva pratidānārtham āpamityakam ||;PARTLY;+ pralaya - āpamityaka;Aṣṭādhyāyī Aṣṭādhyāyī, 6, 1: 21 80;dhātos tannimittasyaiva ||;PARTLY;+ pralaya - nimitta;Aṣṭādhyāyī Aṣṭādhyāyī, 4, 2: 14 59;tad adhīte tad veda ||;PARTLY;+  - vid;Aṣṭādhyāyī Aṣṭādhyāyī, 5, 1: 17 16;tad asya tad asmin syād iti ||;PARTLY;+  - iti;Atharvaveda Śaunaka) AVŚ, 9, 6: 444 8;yad upastṛṇanti barhir eva tat ||;PARTLY;+ pralaya - barhis;Atharvaveda Śaunaka) AVŚ, 9, 6: 444 50;yat pratiśṛṇoti pratyāśrāvayaty eva tat ||;PARTLY;+ pralaya - pratyāśrāvay;Āyurvedadīpikā ĀVDīp zu Ca, Sū., 26, 84.19: 89 16;tadeveti hāridrakamāṁsam ||;PARTLY;+ pralaya - māṁsa;Ayurvedarasāyana Ayurvedarasāyana zu AHS, Sū., 9, 4.1: 7 18;tasmāt pūrvam eva vyākhyānaṁ yuktam ||;PARTLY;+ pralaya - yuj;Baudhāyanaśrautasūtra BaudhŚS, 1, 1: 1 2;sa purastād eva havirātañcanam upakalpayate ||;PARTLY;+ pralaya - upakalpay;Baudhāyanaśrautasūtra BaudhŚS, 4, 1: 5 2;taṁ kāla eva śastryātṛṇatti ||;PARTLY;+ pralaya - ātṛd;Comm. on the Kāvyālaṁkāravṛtti Comm. on the Kāvyālaṁkāravṛtti zu Kāvyālaṁkāravṛtti, 1, Dvitīya adhyāyaḥ, 11: 16 4;tāmekāmeva kavayaḥ stuvanti ||;PARTLY;+ pralaya - stu;Daśakumāracarita DKCar, 2, 3: 8 70;tamadyaiva darśayeyam ||;PARTLY;+ pralaya - darśay;Daśakumāracarita DKCar, 2, 3: 8 178;akūjacaca sā taṁ janaṁ kṛtāntadṛtīvāhvayantī ||;PARTLY;+  - jana;Daśakumāracarita DKCar, 2, 4: 9 93;sa eva nivedito niyatamanujñāsyati ||;PARTLY;+ pralaya - anujñā;Daśakumāracarita DKCar, 2, 6: 11 6;sa tu tasyāḥ pāṇigrāhakamanujīviṣyati ||;PARTLY;+  - anujīv;Divyāvadāna Divyāv, 1: 1 89;sā tenātyayam atyayataḥ kṣamāpitā ||;PARTLY;+  - kṣamāpay;Divyāvadāna Divyāv, 1: 1 139;tān dṛṣṭvā tasya kāruṇyamutpannam ||;PARTLY;+  - utpad;Divyāvadāna Divyāv, 1: 1 142;sa tānutsṛjya padbhyāṁ samprasthitaḥ ||;PARTLY;+  - samprasthā;Divyāvadāna Divyāv, 1: 1 145;sa tasya sakāśamupasaṁkrāntaḥ ||;PARTLY;+  - upasaṁkram;Divyāvadāna Divyāv, 1: 1 167;sa tasya sakāśamupasaṁkrāntaḥ ||;PARTLY;+  - upasaṁkram;Divyāvadāna Divyāv, 1: 1 191;te taṁ pratyavabhāṣitumārabdhāḥ ||;PARTLY;+  - ārabh;Divyāvadāna Divyāv, 1: 1 194;sa taiḥ snāpito bhojitaḥ ||;PARTLY;+  - bhojay;Divyāvadāna Divyāv, 1: 1 239;sa tena snāpito bhojitaḥ ||;PARTLY;+  - bhojay;Divyāvadāna Divyāv, 1: 1 325;tena tasyāḥ pratijñātam ||;PARTLY;+  - pratijñā;Divyāvadāna Divyāv, 1: 1 341;sa tasyaurabhrikasya sakāśamupasaṁkrāntaḥ ||;PARTLY;+  - upasaṁkram;Divyāvadāna Divyāv, 1: 1 369;sa tasyā veśyāyāḥ sakāśamupasaṁkrāntaḥ ||;PARTLY;+  - upasaṁkram;Divyāvadāna Divyāv, 1: 1 397;sa taiḥ svareṇa pratyabhijñātaḥ ||;PARTLY;+  - pratyabhijñā;Divyāvadāna Divyāv, 1: 1 428;sa tenopasaṁpāditaḥ ||;PARTLY;+  - upasaṁpāday;Divyāvadāna Divyāv, 1: 1 494;taiḥ sa dvāre baddhvā sthāpitaḥ ||;PARTLY;+  - sthāpay;Divyāvadāna Divyāv, 1: 1 508;tena te karapratyāyāḥ samucchinnāḥ ||;PARTLY;+  - samucchid;Divyāvadāna Divyāv, 2: 2 39;tayā tasyārocitam ||;PARTLY;+  - ārocay;Divyāvadāna Divyāv, 2: 2 67;sa tatraivāvasthitaḥ ||;PARTLY;+ pralaya - avasthā;Divyāvadāna Divyāv, 2: 2 120;tābhiḥ sā pṛṣṭā tayā samākhyātam ||;PARTLY;+  - samākhyā;Divyāvadāna Divyāv, 2: 2 183;sa tamādāya vīthīṁ samprasthitaḥ ||;PARTLY;+  - samprasthā;Divyāvadāna Divyāv, 2: 2 188;sa tat kāṣṭhaṁ nirīkṣitumārabdhaḥ ||;PARTLY;+  - ārabh;Divyāvadāna Divyāv, 2: 2 219;tena tāstisro gaṇḍikā darśitāḥ ||;PARTLY;+  - darśay;Divyāvadāna Divyāv, 2: 2 307;tena te śrutāḥ ||;PARTLY;+  - śru;Divyāvadāna Divyāv, 2: 2 419;sa tābhyāṁ mānaṁ grāhitaḥ ||;PARTLY;+  - grāhay;Divyāvadāna Divyāv, 2: 2 446;tameva śaraṇaṁ prapadyāma iti ||;PARTLY;+ pralaya - iti;Divyāvadāna Divyāv, 2: 2 554;sā tatraiva āsthitā ||;PARTLY;+ pralaya - āsthā;Divyāvadāna Divyāv, 3: 3 106;sa tān māṇavakān maitreyāya anupradāsyati ||;PARTLY;+  - anupradā;Divyāvadāna Divyāv, 7: 7 33;sa tasyāḥ sakāśamupasaṁkrāntaḥ ||;PARTLY;+  - upasaṁkram;Divyāvadāna Divyāv, 7: 7 41;sā tāmapanetumārabdhā ||;PARTLY;+  - ārabh;Divyāvadāna Divyāv, 7: 7 42;tasyāstasminnācāme .ṅguliḥ patitā ||;PARTLY;+  - pat;Divyāvadāna Divyāv, 7: 7 140;sa tasya kṣetraṁ rakṣitumārabdhaḥ ||;PARTLY;+  - ārabh;Divyāvadāna Divyāv, 7: 7 149;sā tāmādāya gatā ||;PARTLY;+  - gam;Divyāvadāna Divyāv, 7: 7 150;tena dārakeṇa dūrata eva dṛṣṭā ||;PARTLY;+ pralaya - dṛś;Divyāvadāna Divyāv, 10: 10 22;sa tatraivāvasthitaḥ ||;PARTLY;+ pralaya - avasthā;Divyāvadāna Divyāv, 12: 12 176;tat tasyopari nipatitam ||;PARTLY;+  - nipat;Divyāvadāna Divyāv, 12: 12 391;sa tatraiva kālagataḥ ||;PARTLY;+ pralaya - kālagata;Divyāvadāna Divyāv, 13: 13 37;tenāsau dūrata eva dṛṣṭaḥ ||;PARTLY;+ pralaya - dṛś;Divyāvadāna Divyāv, 13: 13 148;sa tayā mukhabimbakena pratyabhijñātaḥ ||;PARTLY;+  - pratyabhijñā;Divyāvadāna Divyāv, 13: 13 157;tayā gatvā tasyāḥ pracchannaṁ kathitam ||;PARTLY;+  - kathay;Divyāvadāna Divyāv, 13: 13 164;sa kathayati śobhanameva bhavati ||;PARTLY;+ pralaya - bhū;Divyāvadāna Divyāv, 13: 13 299;tasya tannīlakṛtsnam āmukhībhūtam ||;PARTLY;+  - āmukhībhū;Divyāvadāna Divyāv, 13: 13 487;sa gṛhapatistaṁ dṛṣṭvā paryavasthitaḥ ||;PARTLY;+  - paryavasthā;Divyāvadāna Divyāv, 13: 13 497;sa tasyānugrahārthamavatīrṇaḥ ||;PARTLY;+  - avatṛ;Divyāvadāna Divyāv, 17: 17 326;taiḥ sa rājā dṛṣṭa āgacchan ||;PARTLY;+  - āgam;Divyāvadāna Divyāv, 18: 18 212;tena tadapi bhuktam ||;PARTLY;+  - bhuj;Divyāvadāna Divyāv, 18: 18 390;sa tān dṛṣṭvā pratibuddhaḥ ||;PARTLY;+  - pratibudh;Divyāvadāna Divyāv, 19: 19 232;taistad dṛṣṭam ||;PARTLY;+  - dṛś;Divyāvadāna Divyāv, 19: 19 273;sa tāṁ gṛhītvā vīthīṁ gataḥ ||;PARTLY;+  - gam;Divyāvadāna Divyāv, 19: 19 289;taiste punaḥ pratyavekṣitāḥ ||;PARTLY;+  - pratyavekṣ;Divyāvadāna Divyāv, 19: 19 291;sa tairgṛhītaḥ ||;PARTLY;+  - grah;Divyāvadāna Divyāv, 19: 19 294;sā ghaṇṭā raṭatyeva ||;PARTLY;+ pralaya - raṭ;Divyāvadāna Divyāv, 19: 19 313;sa taiḥ śabditaḥ ||;PARTLY;+  - śabday;Divyāvadāna Divyāv, 19: 19 338;tena tasya kārṣāpaṇasahasraṁ dattam ||;PARTLY;+  - dā;Divyāvadāna Divyāv, 19: 19 351;tasyaivāgatasya dāsyāmīti ||;PARTLY;+ pralaya - iti;Divyāvadāna Divyāv, 19: 19 404;sa taṁ tāḍayitumārabdhaḥ ||;PARTLY;+  - ārabh;Divyāvadāna Divyāv, 19: 19 416;sa tasya gṛhaṁ gataḥ ||;PARTLY;+  - gam;Divyāvadāna Divyāv, 19: 19 552;sa tena praveśitaḥ ||;PARTLY;+  - praveśay;Divyāvadāna Divyāv, 19: 19 565;so .pi tatraivāvasthitaḥ ||;PARTLY;+ pralaya - avasthā;Divyāvadāna Divyāv, 19: 19 567;so .pi tatraivāvasthitaḥ ||;PARTLY;+ pralaya - avasthā;Divyāvadāna Divyāv, 19: 19 571;sa eva dvāre tiṣṭhati ||;PARTLY;+ pralaya - sthā;Gautamadharmasūtra GautDhS, 1, 1: 1 10;tad yasmāt sa ācāryaḥ ||;PARTLY;+  - ācārya;Gautamadharmasūtra GautDhS, 1, 8: 8 4;sa eva bahuśruto bhavati ||;PARTLY;+ pralaya - bhū;Gautamadharmasūtra GautDhS, 1, 8: 8 7;tadapekṣas tadvṛttiḥ ||;PARTLY;+  - vṛtti;Gopathabrāhmaṇa NEW GB, 1, 1, 12: 12 2;sa manasa eva candramasaṁ niramimīta ||;PARTLY;+ pralaya - nirmā;Gopathabrāhmaṇa NEW GB, 1, 1, 23: 23 6;te tam abruvan ||;PARTLY;+  - brū;Gopathabrāhmaṇa NEW GB, 1, 1, 28: 28 7;te vayaṁ bhagavantam evopadhāvāma ||;PARTLY;+ pralaya - upadhāv;Gopathabrāhmaṇa NEW GB, 1, 1, 29: 29 3;tad eva jyotiḥ ||;PARTLY;+ pralaya - jyotis;Gopathabrāhmaṇa NEW GB, 1, 1, 29: 29 8;tad eva jyotiḥ ||;PARTLY;+ pralaya - jyotis;Gopathabrāhmaṇa NEW GB, 1, 1, 29: 29 13;tad eva jyotiḥ ||;PARTLY;+ pralaya - jyotis;Gopathabrāhmaṇa NEW GB, 1, 1, 29: 29 18;tad eva jyotiḥ ||;PARTLY;+ pralaya - jyotis;Gopathabrāhmaṇa NEW GB, 1, 1, 37: 37 14;teṣāṁ yajña eva parārdhyaḥ ||;PARTLY;+ pralaya - parārdhya;Gopathabrāhmaṇa NEW GB, 1, 2, 15: 54 28;te pathirakṣayas ta iyakṣamāṇaṁ pratinudantaḥ ||;PARTLY;+  - pratinud;Jaiminīyabrāhmaṇa JB, 1, 12: 5 7;tām annam akuruta tāṁ pratyudadīpyata ||;PARTLY;+  - pratyuddīp;Jaiminīyabrāhmaṇa JB, 1, 12: 5 12;tām annam akuruta tāṁ pratyudadīpyata ||;PARTLY;+  - pratyuddīp;Jaiminīyabrāhmaṇa JB, 1, 24: 17 7;sa tataḥ parāṅ evātapat ||;PARTLY;+ pralaya - tap;Janmamaraṇavicāra JanMVic, 1: 1 31;sā ca pṛthivyām eva vyavasthitā ||;PARTLY;+ pralaya - vyavasthā;Kāmasūtra KāSū, 2, 4: 9 18;saiva vakrā vyāghranakhakam ā stanamukham ||;PARTLY;+ pralaya - stanamukha;Kāmasūtra KāSū, 2, 5: 10 6;tad eva pīḍanād ucchūnakam ||;PARTLY;+ pralaya - ucchūnaka;Lalitavistara LalVis, 12: 12 23;sa tasyāstaṁ lekhamupanāmayati sma ||;PARTLY;+  - sma;Maitrāyaṇīsaṁhitā MS, 2, 1, 1: 18 10;tāṁ vai tasmai kāmāyālabhanta ||;PARTLY;+  - ālabh;Maitrāyaṇīsaṁhitā MS, 3, 2, 1: 21 42;dīkṣitavratam eva tat ||;PARTLY;+ pralaya - vrata;Maitrāyaṇīsaṁhitā MS, 3, 2, 1: 21 59;tam eva setum anusaṁtarati ||;PARTLY;+ pralaya - anusaṁtṛ;Mṛgendraṭīkā MṛgṬīkā zu MṛgT, Vidyāpāda, 4, 5.2: 87 4;tāneva mantrān viśinaṣṭi ||;PARTLY;+ pralaya - viśiṣ;Mṛgendraṭīkā MṛgṬīkā zu MṛgT, Vidyāpāda, 6, 5.2: 126 9;tasmātsati sattvamanaikāntikameva ||;PARTLY;+ pralaya - anaikāntika;Mṛgendraṭīkā MṛgṬīkā zu MṛgT, Vidyāpāda, 12, 1.2: 239 2;tadeva traividhyamāha ||;PARTLY;+ pralaya - ah;Mṛgendraṭīkā MṛgṬīkā zu MṛgT, Vidyāpāda, 12, 3.2: 241 2;sa ca sāttvika eva ||;PARTLY;+ pralaya - sāttvika;Mugdhāvabodhinī MuA zu RHT, 6, 12.2: 130 8;tadevāha bhavatītyādi ||;PARTLY;+ pralaya - ityādi;Mugdhāvabodhinī MuA zu RHT, 6, 15.2: 132 4;tadevāha kapila ityādi ||;PARTLY;+ pralaya - ityādi;Nāṭyaśāstravivṛti NŚVi zu NāṭŚ, 6, 32.2: 1 74;vṛścikasyaiva tatparaṁ mithyājñānam ||;PARTLY;+ pralaya - mithyājñāna;Nāṭyaśāstravivṛti NŚVi zu NāṭŚ, 6, 32.2: 1 156;sāpi pratipattireva ||;PARTLY;+ pralaya - pratipatti;Nibandhasaṁgraha NiSaṁ zu Su, Śār., 3, 4.1: -1 27;tasyaiva kartṛtvāt ||;PARTLY;+ pralaya - tva;Nibandhasaṁgraha NiSaṁ zu Su, Sū., 1, 25.1: -1 1;tadyuktam teṣāmityādi ||;PARTLY;+  - vac;Nyāyabindu NyāBi, 1: 1 14;tad eva paramārthasat ||;PARTLY;+ pralaya - as;Nyāyasūtra NyāSū, 1, 2: 2 15;vākchalam eva upacāracchalam tat aviśeṣāt ||;PARTLY;+ pralaya - aviśeṣa;Nyāyasūtra NyāSū, 3, 1: 5 71;tena eva tasyāgrahaṇāt ca ||;PARTLY;+ pralaya - ca;Pañcārthabhāṣya PABh zu PāśupSūtra, 1, 3: 3 1;atra bhasma tad eva ||;PARTLY;+ pralaya - bhasman;Pañcārthabhāṣya PABh zu PāśupSūtra, 4, 8: 106 1;atra unmattaḥ sa eva ||;PARTLY;+ pralaya - unmad;Pañcārthabhāṣya PABh zu PāśupSūtra, 4, 8: 106 16;taducyate taṁ guṇaṁ jñātvā vakṣyāmaḥ ||;PARTLY;+  - jñā;Pañcārthabhāṣya PABh zu PāśupSūtra, 4, 12: 110 7;sa teṣām iṣṭāpūrtam ādatteti ||;PARTLY;+  - iti;Pañcārthabhāṣya PABh zu PāśupSūtra, 5, 34: 156 37;sa bhavatu teṣām ||;PARTLY;+  - bhū;Pañcārthabhāṣya PABh zu PāśupSūtra, 5, 34: 156 81;te bhavantu teṣām ||;PARTLY;+  - bhū;Pañcārthabhāṣya PABh zu PāśupSūtra, 5, 39: 161 12;tasmād yuktenaivāpramādinā stheyam ||;PARTLY;+ pralaya - sthā;Pāraskaragṛhyasūtra Pāraskaragṛhyasūtra, 1, 8: 6 13;tasmāt tayor grāmaḥ pramānam iti śruteḥ ||;PARTLY;+  - śruti;Pāśupatasūtra PāśupSūtra, 4: 4 11;sa teṣāmiṣṭāpūrtamādatta ||;PARTLY;+  - ādā;Prasannapadā Prasannapadā zu MMadhKār, 18, 9.2: 7 7;ata eva tat prapañcair aprapañcitam ||;PARTLY;+ pralaya - aprapañcita;Rājamārtaṇḍa RājMār zu YS, 3, 44.1: 4 8;tasyaiva bhūtajayasya phalam āha ||;PARTLY;+ pralaya - ah;Rasaratnasamuccayabodhinī RRSBoṬ zu RRS, 9, 25.2: 125 3;tadeva vivṛṇoti cullīmiti ||;PARTLY;+ pralaya - iti;Rasaratnasamuccayaṭīkā RRSṬīkā zu RRS, 10, 8.2: 139 9;te ca dagdhā eva grāhyāḥ ||;PARTLY;+ pralaya - grah;Ratnaṭīkā GaṇaKārṬīkā zu GaṇaKār, 6.1: 8 110;tad iṣṭam evāvirodhāt ||;PARTLY;+ pralaya - avirodha;Ratnaṭīkā GaṇaKārṬīkā zu GaṇaKār, 7.2: 10 16;tadevātidānam anāvṛttiphalatvāt ||;PARTLY;+ pralaya - phalatva;Saṅghabhedavastu SBhedaV, 1: 1 128;sa teṣāṁ nigṛhītavyāṁś ca nigṛhṇāti pragṛhītavyāṁś ca ;PARTLY;+  - pragrah;Śāṅkhāyanāraṇyaka ŚāĀr, 1, 1: 1 10;ātmanaiva tad yajñaṁ samardhayati ||;PARTLY;+ pralaya - samardhay;Śāṅkhāyanāraṇyaka ŚāĀr, 1, 2: 2 29;brahmaṇaiva tad brahma samardhayati ||;PARTLY;+ pralaya - samardhay;Śāṅkhāyanāraṇyaka ŚāĀr, 1, 4: 4 2;svastyayanam eva tat kurute ||;PARTLY;+ pralaya - kṛ;Śāṅkhāyanāraṇyaka ŚāĀr, 1, 8: 8 13;tam evaitat pradharṣayati ||;PARTLY;+ pralaya - pradharṣay;Śāṅkhāyanāraṇyaka ŚāĀr, 1, 8: 8 16;tam evaitat pradharṣayati ||;PARTLY;+ pralaya - pradharṣay;Śāṅkhāyanāraṇyaka ŚāĀr, 1, 8: 8 19;tam evaitat pradharṣayati ||;PARTLY;+ pralaya - pradharṣay;Śāṅkhāyanāraṇyaka ŚāĀr, 2, 1: 9 16;manasaiva tad vācaṁ samardhayati ||;PARTLY;+ pralaya - samardhay;Śāṅkhāyanāraṇyaka ŚāĀr, 2, 2: 10 4;tānyevaitaiḥ saṁdadhāti ||;PARTLY;+ pralaya - saṁdhā;Śāṅkhāyanāraṇyaka ŚāĀr, 2, 3: 11 4;tānyevaitābhiḥ saṁdadhāti ||;PARTLY;+ pralaya - saṁdhā;Śāṅkhāyanāraṇyaka ŚāĀr, 2, 5: 13 4;tānyevaitābhiḥ saṁdadhāti ||;PARTLY;+ pralaya - saṁdhā;Śāṅkhāyanāraṇyaka ŚāĀr, 2, 6: 14 4;tānyevaitābhiḥ saṁdadhāti ||;PARTLY;+ pralaya - saṁdhā;Śāṅkhāyanāraṇyaka ŚāĀr, 2, 11: 19 9;sā tata evotsṛjyate ||;PARTLY;+ pralaya - utsṛj;Śāṅkhāyanāraṇyaka ŚāĀr, 2, 17: 25 15;imān eva tallokān āpnoti ||;PARTLY;+ pralaya - āp;Śāṅkhāyanāraṇyaka ŚāĀr, 2, 18: 26 29;brahmanyeva tad brahma pratiṣṭhāpyanti ||;PARTLY;+ pralaya - brahman;Śāṅkhāyanāraṇyaka ŚāĀr, 3, 2: 28 5;taṁ yaḥ pratyāha tam atisṛjate ||;PARTLY;+  - atisṛj;Śāṅkhāyanāraṇyaka ŚāĀr, 3, 4: 30 10;tāṁ manasaivātyeti ||;PARTLY;+ pralaya - atī;Śāṅkhāyanāraṇyaka ŚāĀr, 4, 12: 45 15;tasmād eva punarudīrate ||;PARTLY;+ pralaya - udīr;Śāṅkhāyanāraṇyaka ŚāĀr, 4, 13: 46 3;tasya cakṣur eva tejo gacchati ||;PARTLY;+ pralaya - gam;Śāṅkhāyanāraṇyaka ŚāĀr, 4, 13: 46 7;tasya śrotram eva tejo gacchati ||;PARTLY;+ pralaya - gam;Śāṅkhāyanāraṇyaka ŚāĀr, 4, 13: 46 11;tasya mana eva tejo gacchati ||;PARTLY;+ pralaya - gam;Śāṅkhāyanāraṇyaka ŚāĀr, 4, 13: 46 15;tasya prāṇam eva tejo gacchati ||;PARTLY;+ pralaya - gam;Śāṅkhāyanāraṇyaka ŚāĀr, 4, 13: 46 18;tasmād eva punar udīrate ||;PARTLY;+ pralaya - udīr;Śāṅkhāyanāraṇyaka ŚāĀr, 4, 14: 47 5;tad vācā vadacchiśya eva ||;PARTLY;+ pralaya - śī;Śāṅkhāyanāraṇyaka ŚāĀr, 4, 14: 47 13;tat tata eva samuttasthau ||;PARTLY;+ pralaya - samutthā;Śāṅkhāyanāraṇyaka ŚāĀr, 5, 3: 51 17;tasyaiṣaiva dṛṣṭiḥ ||;PARTLY;+ pralaya - dṛṣṭi;Śāṅkhāyanāraṇyaka ŚāĀr, 5, 3: 51 34;tasyaiṣaiva siddhiḥ ||;PARTLY;+ pralaya - siddhi;Śāṅkhāyanāraṇyaka ŚāĀr, 6, 19: 75 12;sa u ha śiśya eva ||;PARTLY;+ pralaya - śī;Śāṅkhāyanāraṇyaka ŚāĀr, 6, 19: 75 14;sa tata eva samuttasthau ||;PARTLY;+ pralaya - samutthā;Śāṅkhāyanāraṇyaka ŚāĀr, 7, 1: 77 3;tan mām avatu tad vaktāram avatvavatu mām avatu ;PARTLY;+  - vaktṛ;Śāṅkhāyanāraṇyaka ŚāĀr, 8, 7: 106 5;sa yat karaṇīyaṁ manyeta tat kuryāt ||;PARTLY;+  - man;Śāṅkhāyanāraṇyaka ŚāĀr, 8, 7: 106 7;tad apy evam eva vidyāt ||;PARTLY;+ pralaya - vid;Śāṅkhāyanāraṇyaka ŚāĀr, 10, 8: 126 2;tasya prāṇa evāhavanīyaḥ ||;PARTLY;+ pralaya - āhavanīya;Śārṅgadharasaṁhitādīpikā ŚSDīp zu ŚdhSaṁh, 2, 12, 29.1: 60 4;tatsvarūpaṁ darśitameva ||;PARTLY;+ pralaya - darśay;Śārṅgadharasaṁhitādīpikā ŚSDīp zu ŚdhSaṁh, 2, 12, 134.2: 79 16;tatpūrvaṁ pratipāditameva ||;PARTLY;+ pralaya - pratipāday;Sarvāṅgasundarā SarvSund zu AHS, Sū., 9, 4.1: 7 15;tayorhi rasasyaivopalambhaḥ ||;PARTLY;+ pralaya - upalambha;Sūryaśatakaṭīkā Sūryaśatakaṭīkā zu SūryaŚ, 1, 3.2: 3 11;tasya punaḥ samakālameva ||;PARTLY;+ pralaya - kāla;Sūryaśatakaṭīkā Sūryaśatakaṭīkā zu SūryaŚ, 1, 3.2: 3 16;tena śramastasmājjātastamiva ||;PARTLY;+  - iva;Sūryaśatakaṭīkā Sūryaśatakaṭīkā zu SūryaŚ, 1, 15.2: 15 15;diśa eva vadhvastāsām ||;PARTLY;+ pralaya - vadhū;Tantrākhyāyikā TAkhy, 1: 1 193;sa tvam adya gatāsur eva ||;PARTLY;+ pralaya - gatāsu;Tantrākhyāyikā TAkhy, 1: 1 274;te tam āhuḥ ||;PARTLY;+  - ah;Tantrākhyāyikā TAkhy, 1: 1 346;tam api tathaivābhihitavān ||;PARTLY;+ pralaya - abhidhā;Tantrākhyāyikā TAkhy, 1: 1 433;saiva no duḥkham apaneṣyati ||;PARTLY;+ pralaya - apanī;Tantrākhyāyikā TAkhy, 1: 1 570;tatas ta evainaṁ ghātayiṣyanti ||;PARTLY;+ pralaya - ghātay;Tantrākhyāyikā TAkhy, 2: 2 90;sā tam āha ||;PARTLY;+  - ah;Viṁśatikāvṛtti ViṁVṛtti zu ViṁKār, 1, 4.2: 7 6;tathaiva tadduḥkhāpratisaṁvedanāt ||;PARTLY;+ pralaya - apratisaṁvedana;Viṁśatikāvṛtti ViṁVṛtti zu ViṁKār, 1, 5.2: 8 6;na te na sambhavantyeva ||;PARTLY;+ pralaya - sambhū;Viṁśatikāvṛtti ViṁVṛtti zu ViṁKār, 1, 11.2: 17 5;saṁhatā vā ta eva paramāṇavaḥ ||;PARTLY;+ pralaya - paramāṇu;Viṁśatikāvṛtti ViṁVṛtti zu ViṁKār, 1, 14.2: 24 7;tadevedaṁ sampradhāryate ||;PARTLY;+ pralaya - sampradhāray;Viṣṇupurāṇa ViPur, 4, 3: 59 30;sā tasya bhāryā citāṁ kṛtvā tam ;PARTLY;+  - kṛ;Viṣṇupurāṇa ViPur, 4, 12: 68 36;sa ca tāṁ snuṣām upayeme ||;PARTLY;+  - upayam;Viṣṇupurāṇa ViPur, 4, 13: 69 103;sa tatraiva ca tasthau ||;PARTLY;+ pralaya - sthā;Viṣṇupurāṇa ViPur, 4, 13: 69 158;tad bhavān eva dhārayituṁ samarthaḥ ||;PARTLY;+ pralaya - samartha;Viṣṇupurāṇa ViPur, 4, 24: 80 60;naiṣadhās tu ta eva ||;PARTLY;+ pralaya - tu;Viṣṇusmṛti ViSmṛ, 5: 5 133;tac ca teṣāṁ dadyāt ||;PARTLY;+  - dā;Viṣṇusmṛti ViSmṛ, 15: 15 29;sa eva dāyaharaḥ ||;PARTLY;+ pralaya - dāyahara;Viṣṇusmṛti ViSmṛ, 28: 28 39;etenaiva teṣāṁ dvijatvam ||;PARTLY;+ pralaya - tva;Viṣṇusmṛti ViSmṛ, 31: 31 3;teṣāṁ nityam eva śuśrūṣuṇā bhavitavyam ||;PARTLY;+ pralaya - bhū;Yogasūtra YS, 1: 1 28;tajjapas tadarthabhāvanam ||;PARTLY;+  - bhāvanā;Yogasūtra YS, 1: 1 46;tā eva sabījaḥ samādhiḥ ||;PARTLY;+ pralaya - samādhi;Yogasūtra YS, 2: 2 21;tadartha eva dṛśyasyātmā ||;PARTLY;+ pralaya - ātman;Yogasūtrabhāṣya YSBhā zu YS, 2, 16.1: 60 4;tad eva heyatām āpadyate ||;PARTLY;+ pralaya - āpad;Yogasūtrabhāṣya YSBhā zu YS, 2, 24.1: 68 7;sa tām āha ||;PARTLY;+  - ah;Yogasūtrabhāṣya YSBhā zu YS, 2, 28.1: 72 20;viyogakāraṇaṁ tad evāśuddheḥ ||;PARTLY;+ pralaya - aśuddhi;Yogasūtrabhāṣya YSBhā zu YS, 2, 31.1: 75 3;saiva deśāvacchinnā ||;PARTLY;+ pralaya - avacchid;Yogasūtrabhāṣya YSBhā zu YS, 2, 31.1: 75 5;saiva kālāvacchinnā ||;PARTLY;+ pralaya - avacchid;Yogasūtrabhāṣya YSBhā zu YS, 3, 44.1: 110 11;tābhyām evābhidhīyate samūhaḥ ||;PARTLY;+ pralaya - samūha;Yogasūtrabhāṣya YSBhā zu YS, 4, 8.1: 123 2;tadvipākānuguṇānām eveti ||;PARTLY;+ pralaya - iti;
TantraS, 6: 6;48 1;māyākālaḥ parārdhaśatena guṇita aiśvaratattve dinam ||;
TantraS, 6: 6;49 1;atra prāṇo jagat sṛjati tāvatī rātriḥ yatra prāṇapraśamaḥ |;
TantraS, 6: 6;50 1;aiśvare kāle parārdhaśataguṇite yā saṁkhyā tat sādāśivaṁ |;
TantraS, 6: 6;51 1;sadāśivaḥ svakālaparikṣaye bindvardhacandranirodhikā |;
TantraS, 6: 6;52 1;śaktikālena parārdhakoṭiguṇitena anāśritadinam ||;
TantraS, 6: 6;53 1;anāśritaḥ sāmanase pade yat tat sāmanasyaṁ sāmyaṁ tat |;
TantraS, 6: 6;54 1;asmāt sāmanasyāt akalyāt kālāt nimeṣonmeṣamātratayā |;
TantraS, 6: 6;55 1;ekaṁ daśa śataṁ sahasram ayutaṁ lakṣaṁ niyutaṁ koṭiḥ |;
TantraS, 6: 6;56 1;evam asaṁkhyāḥ sṛṣṭipralayāḥ ekasmin mahāsṛṣṭirūpe |;
TantraS, 6: 6;57 1;tata eva svapnasaṁkalpādau vaicitryam asya na |;
TantraS, 6: 6;58 1;evaṁ yathā prāṇe kālodayaḥ tathā apāne .pi hṛdayāt |;
TantraS, 6: 6;59 1;yathā ca hṛtkaṇṭhatālulalāṭarandhradvādaśānteṣu |;
TantraS, 6: 6;60 1;atha samāne kālodayaḥ ||;
TantraS, 6: 6;61 1;samāno hārdīṣu daśasu nāḍīṣu saṁcaran samaste dehe |;
TantraS, 6: 6;62 1;tatra digaṣṭake saṁcaran taddikpaticeṣṭām iva pramātuḥ |;
TantraS, 6: 6;63 1;ūrdhvādhas tu saṁcaran tisṛṣu nāḍīṣu gatāgataṁ karoti ||;
TantraS, 6: 6;64 1;tatra viṣuvaddine bāhye prabhātakāle sapādāṁ ghaṭikāṁ |;
TantraS, 6: 6;65 1;tato navaśatāni prāṇavikṣepāṇām iti gaṇanayā bahiḥ |;
TantraS, 6: 6;66 1;tataḥ saṁkrāntipañcake vṛtte pādonāsu caturdaśasu |;
TantraS, 6: 6;67 1;tato .pi dakṣiṇe vāme dakṣiṇe vāme dakṣiṇe iti |;
TantraS, 6: 6;68 1;evaṁ viṣuvaddivase tadrātrau ca dvādaśa dvādaśa |;
TantraS, 6: 6;69 1;tato dinavṛddhikṣayeṣu saṁkrāntivṛddhikṣayaḥ ||;
TantraS, 6: 6;70 1;evam ekasmin samānamaruti varṣadvayaṁ |;
TantraS, 6: 6;71 1;atrāpi dvādaśābdodayādi pūrvavat ||;
TantraS, 6: 6;72 1;udāne tu dvādaśāntāvadhiś cāraḥ spandamātrātmanaḥ |;
TantraS, 6: 6;73 1;atrāpi pūrvavat vidhiḥ ||;
TantraS, 6: 6;74 1;vyāne tu vyāpakatvāt akrame .pi sūkṣmocchalattāyogena |;
TantraS, 6: 6;75 1;atha varṇodayaḥ ||;Aṣṭādhyāyī Aṣṭādhyāyī, 2, 1: 5 69;varṇo varṇena ||;PARTLY;+  - jāti;Aṣṭādhyāyī Aṣṭādhyāyī, 6, 2: 22 3;varṇo varṇeṣv anete ||;PARTLY;+  - eta;Khādiragṛhyasūtra KhGṛS, 2, 4: 6 16;athainaṁ paridadyād antakaprabhṛtibhiḥ ||;PARTLY;+  - paridā;Liṅgapurāṇa LiPur, 1, 28: 28 33;varṇāśramavinirmuktā varṇāśramaparāyaṇaiḥ ||;PARTLY;+  - parāyaṇa;Tantrasāra TantraS, 6: 6 10;atha tithyudayaḥ ||;PARTLY;+ varṇa - tithi;Tantrasāra TantraS, 6: 6 12;atha māsodayaḥ ||;PARTLY;+ varṇa - māsa;Tantrasāra TantraS, 6: 6 21;atha varṣodayaḥ ||;PARTLY;+ varṇa - varṣa;Tantrasāra TantraS, 6: 6 60;atha samāne kālodayaḥ ||;PARTLY;+ varṇa - kāla;
TantraS, 6: 6;76 1;tatra ardhaprahare ardhaprahare vargodayo viṣuvati samaḥ |;
TantraS, 6: 6;77 1;yatnajas tu mantrodayaḥ araghaṭṭaghaṭīyantravāhanavat |;
TantraS, 6: 6;78 1;tatra sadodite prāṇacārasaṁkhyayaiva udayasaṁkhyā |;
TantraS, 6: 6;79 1;kālabheda eva saṁvedanabhedakaḥ na vedyabhedaḥ |;
TantraS, 6: 6;80 1;yad āha tasyādita udāttam ardhahrasvam iti ||;
TantraS, 6: 6;81 1;tasmāt spandāntaraṁ yāvat na uditaṁ tāvat ekam eva |;
TantraS, 6: 6;82 1;ata eva ekāśītipadasmaraṇasamaye |;
TantraS, 6: 6;83 1;evam akhilaṁ kālādhvānaṁ prāṇodaya eva paśyan |;
TantraS, 6: 6;84 1;saṁvidrūpasyātmanaḥ prāṇaśaktiṁ paśyan rūpaṁ sākaṁ sṛṣṭisthemasaṁhāracakrair nityodyukto |;
TantraS, 22: 22;1 1;atha samastā iyam upāsā |;
TantraS, 22: 22;2 1;abrahmacāriṇas tasya tyāgād ānandavarjitāḥ ||;
TantraS, 22: 22;3 1;ānandakṛtrimāhāravarjaṁ cakrasya yājakāḥ ||;
TantraS, 22: 22;4 1;dvaye .pi narake ghore tasmād enāṁ sthitiṁ bhajet ||;
TantraS, 22: 22;5 1;tad anayā sthityā kulayāgaḥ sa ca ṣoḍhā bāhye śaktau |;
TantraS, 22: 22;6 1;tatra ca uttara uttara utkṛṣṭaḥ pūrvaḥ pūrvas tadrucyartham |;
TantraS, 22: 22;7 1;siddhikāmasya dvitīyaturyapañcamāḥ sarvathā nirvartyāḥ |;
TantraS, 22: 22;8 1;tatra bāhyaṁ sthaṇḍilam ānandapūrṇaṁ vīrapātram |;
TantraS, 22: 22;9 1;tatra snānādikartavyānapekṣayaiva |;
TantraS, 22: 22;10 1;tathāhi māyāpuṁprakṛtiguṇadhīprabhṛti dharāntaṁ |;
TantraS, 22: 22;11 1;paratve .pi pañcaśaktiḥ hi parameśvaraḥ pratiśakti ca |;
TantraS, 22: 22;12 1;tad uktam sṛṣṭiṁ tu saṁpuṭīkṛtya iti ||;
TantraS, 22: 22;13 1;tato gandhadhūpāsavakusumādīn ātmaprahvībhāvāntān |;
TantraS, 22: 22;14 1;iti bāhyayāgaḥ ||;
TantraS, 22: 22;15 1;atha śaktau tatra anyonyaṁ śaktitālāsāvīrāṇām ubhayeṣām |;
TantraS, 22: 22;16 1;evaṁ svadehe tatraiva cakre tato |;
TantraS, 22: 22;17 1;atha yāmale śakter lakṣaṇam etat tadvad abhedas tato jātyādīṁś cāsaṅgāt loketarayugalajaṁ hi tādātmyam ||;
TantraS, 22: 22;18 1;kāryahetusahotthatvāt traidhaṁ sākṣād athānyathā |;
TantraS, 22: 22;18 2;kL.ptāvato mitho .bhyarcya tarpyānandāntikatvataḥ ||;
TantraS, 22: 22;19 1;cakram arcet tadaucityād anucakraṁ tathānugam |;
TantraS, 22: 22;19 2;bahiḥ puṣpādināntaś ca gandhabhuktyāsavādibhiḥ ||;
TantraS, 22: 22;20 1;evam ānandasaṁdohitatacceṣṭocchalatsthitiḥ |;
TantraS, 22: 22;20 2;anucakragaṇaś cakratādātmyād abhilīyate ||;


TantraS, 22: 22;23 1;tadyugalamūrdhvadhāmapraveśasaspandajātasaṁkṣobham kṣubhnāty anucakrāṇy api tāni tadā tanmayāni na pṛthak tu |;
TantraS, 22: 22;24 1;itthaṁ yāmalam etad galitabhidāsaṁkathaṁ yadaiva tadā |;
TantraS, 22: 22;24 2;kramatāratamyayogāt saiva hi saṁvidvisargasaṁghaṭṭaḥ ||;
TantraS, 22: 22;25 1;taddhruvadhāmānuttaram ubhayātmakajagad udāram no śāntaṁ nāpy uditaṁ śāntoditasūtikāraṇaṁ paraṁ |;

TantraS, 22: 22;27 1;svātmānyonyāveśāt śāntānyatve dvayor dvayātmatvāt |;
TantraS, 22: 22;27 2;śaktis tu tadvad uditāṁ sṛṣṭiṁ puṣṇāti no tadvān ||;
TantraS, 22: 22;28 1;tasyāṁ cāryaṁ kulam atha tayā nṛṣu atha sṛṣṭe dvitaye .smin śāntoditadhāmni ye .nusaṁdadhate |;

TantraS, 22: 22;30 1;tṛptaṁ devīcakraṁ siddhijñānāpavargadaṁ bhavati |;
TantraS, 22: 22;30 2;śāntābhyāse śāntaṁ śivam eti yad atra devatācakram ||;
TantraS, 22: 22;31 1;śūnyaṁ nirānandamayaṁ nirvṛtinijadhāmato .rghaṁ ca |;
TantraS, 22: 22;31 2;raṇaraṇakarasān nijarasabharitabahirbhāvacarvaṇarasena ||;
TantraS, 22: 22;32 1;āntarapūrṇasamucchaladanucakraṁ yāti cakram atha tad ucchalati prāgvad iti trividho .nvartho visargo .yam ||;
TantraS, 22: 22;33 1;etad visargadhāmani parimarśanatas tridhaiva manuvīryam tattatsaṁvidgarbhe mantras tattatphalaṁ sūte ||;
TantraS, 22: 22;34 1;koṇatrayāntarāśritanityoditamaṅgalacchade kamale |;
TantraS, 22: 22;34 2;nityāviyutaṁ nālaṁ ṣoḍaśadalakamalasanmūlam ||;
TantraS, 22: 22;35 1;madhyasthanālagumphitasarojayugaghaṭṭanakramādagnau madhyasthaśaśadharasundaradinakarakaraughasaṁghaṭṭāt |;
TantraS, 22: 22;36 1;tridalāruṇavīryakalāsaṅgān madhye .ṅkurasṛṣṭiḥ |;
TantraS, 22: 22;36 2;iti śaśadharavāsarapaticitraguṣaṁghaṭṭamudrayā jhaṭiti ||;
TantraS, 22: 22;37 1;sṛṣṭyādikramam antaḥ kurvaṁs turye sthitiṁ labhate |;
TantraS, 22: 22;37 2;etat khecaramudrāveśe .nyonyaṁ svaśaktiśaktimatoḥ ||;
TantraS, 22: 22;38 1;pānopabhogalīlāhāsādiṣu yo bhaved vimarśamayaḥ |;
TantraS, 22: 22;38 2;avyaktadhvanirāvasphoṭaśrutinādanādāntaiḥ ||;
TantraS, 22: 22;39 1;avyucchinnānāhataparamārthair mantravīryaṁ tat |;
TantraS, 22: 22;39 2;gamanāgamaviśrāntiṣu karṇe nayane dvilakṣyasamparke ||;

TantraS, 22: 22;41 1;tac cakradvayamadhyagam ākarṇya kṣobhavigamasamaye nirvānti tatra caivaṁ yo .ṣṭavidho nādabhairavaḥ paramaḥ |;
TantraS, 22: 22;42 1;jyotir dhvaniś ca yasmāt sā māntrī vyāptir ucyate paramā |;
TantraS, 22: 22;42 2;karmaṇi karmaṇi viduṣaḥ syāj jīvato muktiḥ ||;
TantraS, 22: 22;43 1;tajjñaḥ śāstre muktaḥ parakulavijñānabhājanaṁ garbhaḥ |;
TantraS, 22: 22;43 2;śūnyāśūnyālayaṁ kuryād ekadaṇḍe .nalānilau ||;
TantraS, 22: 22;44 1;śūlaṁ samarasīkṛtya rase rasam iva sthitam |;
TantraS, 22: 22;44 2;tyaktāśaṅko nirācāro nāham asmīti bhāvayan ||;
TantraS, 22: 22;45 1;dehasthā devatāḥ paśyan hlādodvegādi ciddhane |;
TantraS, 22: 22;45 2;karṇākṣimukhanāsādicakrasthaṁ devatāgaṇam ||;
TantraS, 22: 22;47 1;grahītāraṁ sadā paśyan khecaryā sidhyati dhruvam ||;
TantraS, 22: 22;48 1;śvabhre sudūre jhaṭiti svadehaṁ saṁpātayan vāsam ākuñcya hastadvitayaṁ prapaśyan mudrām imāṁ |;
TantraS, 22: 22;49 1;ity eṣa yāmalayāgaḥ ||;
TantraS, 22: 22;50 1;uktavyāptike prāṇe viśvamaye proktasaṁvidvyāptyā |;
TantraS, 22: 22;51 1;viśrāntirūḍhis tu saṁvidyāgaḥ prāg eva nirūpitaḥ ||;
TantraS, 22: 22;52 1;evam etebhyo yāgebhyo .nyatamaṁ kṛtvā yadi |;
TantraS, 22: 22;53 1;kevalam etad yāgapradhānatayā iti ||;Aitareyabrāhmaṇa AitBr, 4, 20: 141 9;nṛṣad ity eṣa vai nṛṣat ||;PARTLY;+ kevala - nṛṣad;Aitareyabrāhmaṇa AitBr, 4, 20: 141 17;ṛtam ity eṣa vai satyam ||;PARTLY;+ kevala - satya;Āpastambagṛhyasūtra ĀpGṛSū, 5: 4 14;gṛbhṇāmi ta ity etābhiś catasṛbhiḥ ||;PARTLY;+ kevala - catur;Arthaśāstra ArthaŚ, 1, 8: 8 7;sādhāraṇaiṣa doṣaḥ iti pārāśarāḥ ||;PARTLY;+ kevala - pārāśara;Arthaśāstra ArthaŚ, 1, 16: 16 17;eṣa dūtadharmaḥ iti ||;PARTLY;+ kevala - dharma;Arthaśāstra ArthaŚ, 1, 17: 17 9;ahibhayam etad iti pārāśarāḥ ||;PARTLY;+ kevala - pārāśara;Arthaśāstra ArthaŚ, 1, 17: 17 12;aurabhraṁ bhayam etad iti piśunaḥ ||;PARTLY;+ kevala - piśuna;Arthaśāstra ArthaŚ, 1, 17: 17 15;vatsasthānam etad iti kauṇapadantaḥ ||;PARTLY;+ kevala - kauṇapadanta;Arthaśāstra ArthaŚ, 1, 17: 17 18;dhvajasthānam etad iti vātavyādhiḥ ||;PARTLY;+ kevala - vātavyādhi;Arthaśāstra ArthaŚ, 1, 17: 17 22;jīvanmaraṇam etad iti kauṭilyaḥ ||;PARTLY;+ kevala - kauṭilya;Arthaśāstra ArthaŚ, 2, 10: 31 27;katham etad iti pṛcchā ||;PARTLY;+ kevala - pṛcchā;Āyurvedadīpikā ĀVDīp zu Ca, Sū., 27, 177.2: 121 21;etānīti haritavargoktāni ||;PARTLY;+ kevala - vac;Āyurvedadīpikā ĀVDīp zu Ca, Sū., 28, 7.9: 127 2;na kevalamiti param ||;PARTLY;+ etad - para;Āyurvedadīpikā ĀVDīp zu Ca, Vim., 8, 7.2: 200 11;ityadhyayanavidhiriti upasaṁharaṇam ||;PARTLY;+  - upasaṁharaṇa;Ayurvedarasāyana Ayurvedarasāyana zu AHS, Sū., 9, 23.1: 27 33;ity etan nidarśanamātram uktam ||;PARTLY;+ kevala - vac;Baudhāyanadharmasūtra BaudhDhSū, 1, 2: 2 7;mithyaitad iti gautamaḥ ||;PARTLY;+ kevala - gautama;Baudhāyanadharmasūtra BaudhDhSū, 1, 6: 6 13;gṛhṇīyād ity etad aparam ||;PARTLY;+ kevala - apara;Divyāvadāna Divyāv, 7: 7 154;etāṁ paribhuṅkṣveti ||;PARTLY;+ kevala - paribhuj;Divyāvadāna Divyāv, 19: 19 344;kuta etaditi ||;PARTLY;+ kevala - kutas;Gautamadharmasūtra GautDhS, 1, 8: 8 22;ity ete catvāriṁśatsaṁskārāḥ ||;PARTLY;+ kevala - saṁskāra;Gopathabrāhmaṇa NEW GB, 1, 2, 2: 41 23;iti veti vā mukhaṁ viparidhāpayet ||;PARTLY;+  - viparidhāpay;Kāmasūtra KāSū, 2, 8: 13 8;etad rahasyaṁ yuvatīnām iti suvarṇanābhaḥ ||;PARTLY;+ kevala - suvarṇanābha;Kaṭhopaniṣad KaṭhUp, 2: 2 16;om ity etat ||;PARTLY;+ kevala - oṁ;Kauśikasūtra Kauśikasūtra, 1, 3: 3 19;ityetāvājyabhāgau ||;PARTLY;+ kevala - ājyabhāga;Kauśikasūtra Kauśikasūtra, 3, 2: 19 24;etam idhmam ity upasamādhāya ||;PARTLY;+ kevala - upasamādhā;Mugdhāvabodhinī MuA zu RHT, 3, 9.2: 50 6;iti etair anvitaṁ militaṁ kuryāt ||;PARTLY;+ kevala - kṛ;Nāṭyaśāstravivṛti NŚVi zu NāṭŚ, 6, 32.2: 1 18;etanneti śrīśaṅkukaḥ ||;PARTLY;+ kevala - śaṅkuka;Nibandhasaṁgraha NiSaṁ zu Su, Sū., 14, 7.1: -1 5;naitad eveti ||;PARTLY;+ kevala - na;Nibandhasaṁgraha NiSaṁ zu Su, Cik., 29, 12.32: -1 16;eveti ityatra anutsvādayan ||;PARTLY;+  - anutsvādayat;Nibandhasaṁgraha NiSaṁ zu Su, Sū., 24, 8.4: -1 3;śatādhikamapi bhavantīti vikārāṇāmeṣa punasta ;PARTLY;+ kevala - ādi;Nibandhasaṁgraha NiSaṁ zu Su, Sū., 24, 5.5: -1 7;iti etaddhi liṅganāśaḥ ityādi ||;PARTLY;+ kevala - liṅganāśa;Nibandhasaṁgraha NiSaṁ zu Su, Sū., 1, 24.1: -1 4;ityāha prākkila vyālā iti vyākhyātāḥ ||;PARTLY;+  - prāñc;Nirukta Nirukta, 1, 5: 5 8;hītyeṣo .nekakarmā ||;PARTLY;+ kevala - karman;Pañcārthabhāṣya PABh zu PāśupSūtra, 1, 9: 9 136;ityetadapi tatra siddham ||;PARTLY;+ kevala - sidh;Pañcārthabhāṣya PABh zu PāśupSūtra, 4, 13: 111 5;eṣā ityatikrāntāpekṣaṇe ||;PARTLY;+ kevala - apekṣaṇa;Pañcārthabhāṣya PABh zu PāśupSūtra, 5, 26: 148 13;eṣa iti pratyakṣe ||;PARTLY;+ kevala - pratyakṣa;Pañcārthabhāṣya PABh zu PāśupSūtra, 5, 46: 168 16;eṣa upasaṁhāraḥ sārvakāmika ityācakṣate ||;PARTLY;+ kevala - ācakṣ;Pañcārthabhāṣya PABh zu PāśupSūtra, 5, 46: 168 38;ityeṣa viśeṣaḥ ||;PARTLY;+ kevala - viśeṣa;Rasādhyāyaṭīkā RAdhyṬ zu RAdhy, 150.2: 27 13;etat thūthāviḍam ityucyate ||;PARTLY;+ kevala - vac;Rasādhyāyaṭīkā RAdhyṬ zu RAdhy, 237.2: 46 6;iti vyoṣarājiḥ kāṁsyarājir ityarthaḥ ||;PARTLY;+  - artha;Rasaratnasamuccayabodhinī RRSBoṬ zu RRS, 11, 88.2: 187 1;agnibandhamāha kevala iti ||;PARTLY;+ etad - ah;Rasaratnasamuccayaṭīkā RRSṬīkā zu RRS, 9, 9.2: 115 3;ityetad adhaḥpātanāyantram abhihitam ||;PARTLY;+ kevala - abhidhā;Rasaratnasamuccayaṭīkā RRSṬīkā zu RRS, 4, 4.2: 31 3;etat pirojā iti loke prasiddham ||;PARTLY;+ kevala - prasidh;Rasaratnasamuccayaṭīkā RRSṬīkā zu RRS, 9, 65.3: 134 3;etadyantraṁ grastayantramiti khyātam ||;PARTLY;+ kevala - khyā;Rasaratnasamuccayaṭīkā RRSṬīkā zu RRS, 10, 42.3: 157 4;eṣā pātālakoṣṭhiketyucyate ||;PARTLY;+ kevala - vac;Ratnaṭīkā GaṇaKārṬīkā zu GaṇaKār, 1.1: 1 12;kutaḥ punar etan niścīyata iti ||;PARTLY;+ kevala - niści;Ratnaṭīkā GaṇaKārṬīkā zu GaṇaKār, 8.2: 11 32;ete ityavadhāraṇārtham ||;PARTLY;+ kevala - artha;Śāṅkhāyanāraṇyaka ŚāĀr, 5, 3: 51 11;ityevaṁ hi paśyāma iti ||;PARTLY;+  - dṛś;Śārṅgadharasaṁhitādīpikā ŚSDīp zu ŚdhSaṁh, 2, 12, 153.1: 84 11;kevalakṣaudreṇāpīti kenacit ||;PARTLY;+ etad - kaścit;Śivasūtravārtika ŚSūtraV zu ŚSūtra, 3, 39.1: 67 1;anuprāṇanam ity etad ādadyād iti śiṣyate ||;PARTLY;+ kevala - śiṣ;Spandakārikānirṇaya SpandaKārNir zu SpandaKār, 1, 2.2: 2 49;ityetadapi bhaṅgyā pratipāditam ||;PARTLY;+ kevala - pratipāday;Sūryaśatakaṭīkā Sūryaśatakaṭīkā zu SūryaŚ, 1, 9.2: 9 18;gāva iti śliṣṭametadabhinnam ||;PARTLY;+ kevala - abhinna;Tantrākhyāyikā TAkhy, 2: 2 89;bhadre kim etad iti ||;PARTLY;+ kevala - ka;Tantrākhyāyikā TAkhy, 2: 2 337;kim etad āścaryam iti pṛṣṭaḥ ||;PARTLY;+ kevala - pracch;Tantrasāra TantraS, 20: 20 49;ity eṣa pavitrakavidhiḥ ||;PARTLY;+ kevala - vidhi;Tantrasāra TantraS, 22: 22 49;ity eṣa yāmalayāgaḥ ||;PARTLY;+ kevala - yāga;Viṣṇupurāṇa ViPur, 4, 5: 61 33;ityete maithilāḥ ||;PARTLY;+ kevala - maithila;Viṣṇupurāṇa ViPur, 4, 12: 68 20;tad etat samudvahāmīti ||;PARTLY;+ kevala - samudvah;Viṣṇupurāṇa ViPur, 4, 14: 70 4;ityete śaineyāḥ ||;PARTLY;+ kevala - śaineya;Viṣṇusmṛti ViSmṛ, 73: 73 31;ityetābhyām āśiṣaḥ pratigṛhya ||;PARTLY;+ kevala - pratigrah;Yogasūtrabhāṣya YSBhā zu YS, 2, 18.1: 62 5;etad dṛśyam ity ucyate ||;PARTLY;+ kevala - vac;Yogasūtrabhāṣya YSBhā zu YS, 2, 23.1: 67 23;ityete śāstragatā vikalpāḥ ||;PARTLY;+ kevala - vikalpa;Yogasūtrabhāṣya YSBhā zu YS, 3, 44.1: 110 18;etat svarūpam ityuktam ||;PARTLY;+ kevala - vac;
TantraS, 22: 22;54 1;guruśarīre saptamaḥ kulayāgaḥ sarvottamaḥ so .pi prāg |;
