KāSū, 1, 1: 1;1 1;yatra tu naiṣā śaṅkā tā dharmārthakāmebhyo namaḥ ||;
KāSū, 1, 1: 1;2 1;śāstre prakṛtatvāt ||;
KāSū, 1, 1: 1;3 1;tatsamayāvabodhakebhyaścācāryebhyaḥ ||;
KāSū, 1, 1: 1;4 1;tatsaṁbandhāt ||;
KāSū, 1, 1: 1;5 1;prajāpatir hi prajāḥ sṛṣṭvā tāsāṁ sthitinibandhanaṁ |;
KāSū, 1, 1: 1;6 1;tasyaikadeśikaṁ manuḥ svāyaṁbhuvo dharmādhikārikaṁ |;
KāSū, 1, 1: 1;7 1;bṛhaspatir arthādhikārikam ||;Āyurvedadīpikā ĀVDīp zu Ca, Śār., 1, 31.2: 214 1;arthānāha arthā ityādi ||;!;;
KāSū, 1, 1: 1;8 1;mahādevānucaraśca nandī sahasreṇādhyāyānāṁ pṛthak |;
KāSū, 1, 1: 1;9 1;tad eva tu pañcabhir adhyāyaśatair auddālakiḥ śvetaketuḥ |;
KāSū, 1, 1: 1;10 1;tad eva tu punar adhyardhenādhyāyaśatena |;
KāSū, 1, 1: 1;11 1;tasya ṣaṣṭhaṁ vaiśikam adhikaraṇaṁ pāṭaliputrikāṇāṁ |;

KāSū, 1, 1: 1;13 1;tasyāyaṁ prakaraṇādhikaraṇasamuddeśaḥ |;
KāSū, 1, 1: 1;13 2;śāstrasaṁgrahaḥ |;
KāSū, 1, 1: 1;13 3;trivargapratipattiḥ |;
KāSū, 1, 1: 1;13 4;vidyāsamuddeśaḥ |;
KāSū, 1, 1: 1;13 5;nāgarikavṛttam |;
KāSū, 1, 1: 1;13 6;nāyakasahāyadūtīkarmavimarśaḥ |;
KāSū, 1, 1: 1;13 7;iti sādhāraṇaṁ prathamam adhikaraṇam |;
KāSū, 1, 1: 1;13 8;adhyāyāḥ pañca |;
KāSū, 1, 1: 1;13 9;prakaraṇāni pañca |;
KāSū, 1, 1: 1;13 10;pramāṇakālabhāvebhyo ratāvasthāpanam |;
KāSū, 1, 1: 1;13 11;prītiviśeṣāḥ |;
KāSū, 1, 1: 1;13 12;āliṅganavicārāḥ |;
KāSū, 1, 1: 1;13 13;cumbanavikalpāḥ |;
KāSū, 1, 1: 1;13 14;nakharadanajātayaḥ |;
KāSū, 1, 1: 1;13 15;daśanacchedyavidhayaḥ |;
KāSū, 1, 1: 1;13 16;deśyā upacārāḥ |;
KāSū, 1, 1: 1;13 17;saṁveśanaprakārāḥ |;
KāSū, 1, 1: 1;13 18;citraratāni |;
KāSū, 1, 1: 1;13 19;prahaṇanayogāḥ |;
KāSū, 1, 1: 1;13 20;tadyuktāśca śītkṛtopakramāḥ |;
KāSū, 1, 1: 1;13 21;puruṣāyitam |;
KāSū, 1, 1: 1;13 22;puruṣopasṛptāni |;
KāSū, 1, 1: 1;13 23;aupariṣṭakam |;
KāSū, 1, 1: 1;13 24;ratārambhāvasānikam |;
KāSū, 1, 1: 1;13 25;rataviśeṣāḥ |;
KāSū, 1, 1: 1;13 26;praṇayakalahaḥ |;
KāSū, 1, 1: 1;13 27;iti sāmprayogikaṁ dvitīyam adhikaraṇam |;
KāSū, 1, 1: 1;13 28;adhyāyā daśa |;
KāSū, 1, 1: 1;13 29;prakaraṇāni saptadaśa |;
KāSū, 1, 1: 1;13 30;varaṇavidhānam |;
KāSū, 1, 1: 1;13 31;saṁbandhanirṇayaḥ |;
KāSū, 1, 1: 1;13 32;kanyāviśrambhaṇam |;
KāSū, 1, 1: 1;13 33;bālāyā upakramāḥ |;
KāSū, 1, 1: 1;13 34;iṅgitākārasūcanam |;
KāSū, 1, 1: 1;13 35;ekapuruṣābhiyogaḥ |;
KāSū, 1, 1: 1;13 36;prayojyasyopāvartanam |;
KāSū, 1, 1: 1;13 37;abhiyogataśca kanyāyāḥ pratipattiḥ |;
KāSū, 1, 1: 1;13 38;vivāhayogaḥ |;
KāSū, 1, 1: 1;13 39;iti kanyāsamprayuktakaṁ tṛtīyam adhikaraṇam |;
KāSū, 1, 1: 1;13 40;adhyāyāḥ pañca |;
KāSū, 1, 1: 1;13 41;prakaraṇāni nava |;
KāSū, 1, 1: 1;13 42;ekacāriṇīvṛttam |;
KāSū, 1, 1: 1;13 43;pravāsacaryā |;
KāSū, 1, 1: 1;13 44;sapatnīṣu jyeṣṭhāvṛttam |;
KāSū, 1, 1: 1;13 45;kaniṣṭhāvṛttam |;
KāSū, 1, 1: 1;13 46;punarbhūvṛttam |;
KāSū, 1, 1: 1;13 47;durbhagāvṛttam |;
KāSū, 1, 1: 1;13 48;āntaḥpurikam |;
KāSū, 1, 1: 1;13 49;puruṣasya bahvīṣu pratipattiḥ |;
KāSū, 1, 1: 1;13 50;iti bhāryādhikārikaṁ caturtham adhikaraṇam |;
KāSū, 1, 1: 1;13 51;adhyāyau dvau |;
KāSū, 1, 1: 1;13 52;prakaraṇānyaṣṭau |;
KāSū, 1, 1: 1;13 53;strīpuruṣaśīlāvasthāpanam |;
KāSū, 1, 1: 1;13 54;vyāvartanakāraṇāni |;
KāSū, 1, 1: 1;13 55;strīṣu siddhāḥ puruṣāḥ |;
KāSū, 1, 1: 1;13 56;ayatnasādhyā yoṣitaḥ |;
KāSū, 1, 1: 1;13 57;paricayakāraṇāni |;
KāSū, 1, 1: 1;13 58;abhiyogāḥ |;
KāSū, 1, 1: 1;13 59;bhāvaparīkṣā |;
KāSū, 1, 1: 1;13 60;dūtīkarmāṇi |;
KāSū, 1, 1: 1;13 61;īśvarakāmitam |;
KāSū, 1, 1: 1;13 62;āntaḥpurikaṁ dārarakṣitakam |;
KāSū, 1, 1: 1;13 63;iti pāradārikaṁ pañcamam adhikaraṇam |;
KāSū, 1, 1: 1;13 64;adhyāyāḥ ṣaṭ |;
KāSū, 1, 1: 1;13 65;prakaraṇāni daśa |;
KāSū, 1, 1: 1;13 66;gamyacintā |;
KāSū, 1, 1: 1;13 67;gamanakāraṇāni |;
KāSū, 1, 1: 1;13 68;upāvartanavidhiḥ |;
KāSū, 1, 1: 1;13 69;kāntānuvartanam |;
KāSū, 1, 1: 1;13 70;arthāgamopāyāḥ |;
KāSū, 1, 1: 1;13 71;viraktaliṅgāni |;
KāSū, 1, 1: 1;13 72;viraktapratipattiḥ |;
KāSū, 1, 1: 1;13 73;niṣkāsanaprakārāḥ |;
KāSū, 1, 1: 1;13 74;viśīrṇapratisaṁdhānam |;
KāSū, 1, 1: 1;13 75;lābhaviśeṣaḥ |;
KāSū, 1, 1: 1;13 76;arthānarthānubandhasaṁśayavicāraḥ |;
KāSū, 1, 1: 1;13 77;veśyāviśeṣāśca |;
KāSū, 1, 1: 1;13 78;iti vaiśikaṁ ṣaṣṭham adhikaraṇam |;
KāSū, 1, 1: 1;13 79;adhyāyāḥ ṣaṭ |;
KāSū, 1, 1: 1;13 80;prakaraṇāni dvādaśa |;
KāSū, 1, 1: 1;13 81;subhagaṁkaraṇam |;
KāSū, 1, 1: 1;13 82;vaśīkaraṇam |;
KāSū, 1, 1: 1;13 83;vṛṣyāśca yogāḥ |;
KāSū, 1, 1: 1;13 84;naṣṭarāgapratyānayanam |;
KāSū, 1, 1: 1;13 85;vṛddhividhayaḥ |;
KāSū, 1, 1: 1;13 86;citrāśca yogāḥ |;
KāSū, 1, 1: 1;13 87;ityaupaniṣadikaṁ saptamam adhikaraṇam |;
KāSū, 1, 1: 1;13 88;adhyāyau dvau |;
KāSū, 1, 1: 1;13 89;prakaraṇāni ṣaṭ |;
KāSū, 1, 1: 1;13 90;evaṁ ṣaṭtriṁśad adhyāyāḥ |;
KāSū, 1, 1: 1;13 91;catuḥṣaṣṭiḥ prakaraṇāni |;
KāSū, 1, 1: 1;13 92;adhikaraṇāni sapta |;
KāSū, 1, 1: 1;13 93;sapādaṁ ślokasahasram |;
KāSū, 1, 1: 1;13 94;iti śāstrasya saṁgrahaḥ ||;
KāSū, 1, 1: 1;14 1;saṁkṣepam imam uktvāsya vistaro .taḥ pravakṣyate |;
KāSū, 1, 1: 1;14 2;iṣṭaṁ hi viduṣāṁ loke samāsavyāsabhāṣaṇam ||;
KāSū, 1, 2: 2;1 1;śatāyur vai puruṣo vibhajya kālam anyonyānubaddhaṁ |;
KāSū, 1, 2: 2;2 1;bālye vidyāgrahaṇādīn arthān ||;
KāSū, 1, 2: 2;3 1;kāmaṁ ca yauvane ||;Divyāvadāna Divyāv, 18: 18 602;kāmāśca lavaṇodakasadṛśāḥ ||;!;;Gautamadharmasūtra GautDhS, 3, 7: 25 4;kāmāvakīrṇo .smyavakīrṇo .smi kāmakāmāya svāhā ||;!;;Nibandhasaṁgraha NiSaṁ zu Su, Śār., 3, 5.1: -1 2;alpatvaṁ kāma cābhipretam ||;!;;Viṣṇusmṛti ViSmṛ, 71: 71 84;dharmaviruddhau cārthakāmau ||;!;;
KāSū, 1, 2: 2;4 1;sthāvire dharmaṁ mokṣaṁ ca ||;
KāSū, 1, 2: 2;5 1;anityatvād āyuṣo yathopapādaṁ vā seveta ||;
KāSū, 1, 2: 2;6 1;brahmacaryam eva tv ā vidyāgrahaṇāt ||;
KāSū, 1, 2: 2;7 1;alaukikatvād adṛṣṭārthatvād apravṛttānāṁ yajñādīnāṁ |;
KāSū, 1, 2: 2;8 1;taṁ śruter dharmajñasamavāyāc ca pratipadyeta ||;
KāSū, 1, 2: 2;9 1;vidyābhūmihiraṇyapaśudhānyabhāṇḍopaskaramitrādīnām |;
KāSū, 1, 2: 2;10 1;tam adhyakṣapracārād vārtāsamayavidbhyo vaṇigbhyaśceti |;
KāSū, 1, 2: 2;11 1;śrotratvakcakṣurjihvāghrāṇānām ātmasaṁyuktena |;
KāSū, 1, 2: 2;12 1;sparśaviśeṣaviṣayāt tv asyābhimānikasukhānuviddhā |;
KāSū, 1, 2: 2;13 1;taṁ kāmasūtrān nāgarikajanasamavāyāc ca pratipadyeta ||;
KāSū, 1, 2: 2;14 1;eṣāṁ samavāye pūrvaḥ pūrvo garīyān ||;
KāSū, 1, 2: 2;15 1;arthaśca rājñaḥ |;
KāSū, 1, 2: 2;15 2;tanmūlatvāllokayātrāyāḥ |;
KāSū, 1, 2: 2;15 3;veśyāyāśceti trivargapratipattiḥ ||;
KāSū, 1, 2: 2;16 1;dharmasyālaukikatvāt tadabhidhāyakaṁ śāstraṁ yuktam |;
KāSū, 1, 2: 2;16 2;upāyapūrvakatvād arthasiddheḥ |;
KāSū, 1, 2: 2;16 3;upāyapratipattiḥ śāstrāt ||;
KāSū, 1, 2: 2;17 1;tiryagyoniṣvapi tu svayaṁ pravṛttatvāt kāmasya |;
KāSū, 1, 2: 2;18 1;saṁprayogaparādhīnatvāt strīpuṁsayor upāyam apekṣate |;
KāSū, 1, 2: 2;19 1;sā copāyapratipattiḥ kāmasūtrād iti vātsyāyanaḥ ||;
KāSū, 1, 2: 2;20 1;tiryagyoniṣu punar anāvṛtatvāt strījāteśca ṛtau yāvadarthaṁ |;
KāSū, 1, 2: 2;21 1;na dharmāṁścaret |;
KāSū, 1, 2: 2;21 2;eṣyatphalatvāt sāṁśayikatvācca ||;
KāSū, 1, 2: 2;22 1;ko hyabāliśo hastagataṁ paragataṁ kuryāt ||;
KāSū, 1, 2: 2;23 1;varam adya kapotaḥ śvo mayūrāt ||;
KāSū, 1, 2: 2;24 1;varaṁ sāṁśayikān niṣkād asāṁśayikaḥ kārṣāpaṇaḥ |;
KāSū, 1, 2: 2;24 2;iti laukāyatikāḥ ||;
KāSū, 1, 2: 2;25 1;śāstrasyānabhiśaṅkyatvād abhicārānuvyāhārayośca kvacit |;
KāSū, 1, 2: 2;26 1;nārthāṁścaret |;
KāSū, 1, 2: 2;26 2;prayatnato .pi hyete anuṣṭhīyamānā naiva kadācit syuḥ |;
KāSū, 1, 2: 2;26 3;ananuṣṭhīyamānā api yadṛcchayā bhaveyuḥ ||;
KāSū, 1, 2: 2;27 1;tatsarvaṁ kālakāritam iti ||;
KāSū, 1, 2: 2;28 1;kāla eva hi puruṣān arthānarthayor jayaparājayayoḥ |;
KāSū, 1, 2: 2;29 1;kālena balir indraḥ kṛtaḥ |;
KāSū, 1, 2: 2;29 2;kālena vyavaropitaḥ |;
KāSū, 1, 2: 2;29 3;kāla eva punar apyenaṁ karteti kālakāraṇikāḥ ||;
KāSū, 1, 2: 2;30 1;puruṣakārapūrvakatvāt sarvapravṛttīnām upāyaḥ |;
KāSū, 1, 2: 2;31 1;avaśyaṁ bhāvino .pyarthasyopāyapūrvakatvād eva |;
KāSū, 1, 2: 2;31 2;na niṣkarmaṇo bhadram astīti vātsyāyanaḥ ||;

KāSū, 1, 2: 2;33 1;tathā pramādaṁ lāghavam apratyayam agrāhyatāṁ ca |;
KāSū, 1, 2: 2;33 2;bahavaśca kāmavaśagāḥ sagaṇā eva vinaṣṭāḥ śrūyante ||;
KāSū, 1, 2: 2;34 1;yathā dāṇḍakyo nāma bhojaḥ kāmād brāhmaṇakanyām |;
KāSū, 1, 2: 2;35 1;devarājaścāhalyām atibalaśca kīcako draupadīṁ rāvaṇaśca |;
KāSū, 1, 2: 2;36 1;śarīrasthitihetutvād āhārasadharmāṇo hi kāmāḥ |;
KāSū, 1, 2: 2;36 2;phalabhūtāśca dharmārthayoḥ ||;
KāSū, 1, 2: 2;37 1;boddhavyaṁ tu doṣeṣviva |;
KāSū, 1, 2: 2;37 2;na hi bhikṣukāḥ santīti sthālyo nādhiśrīyante |;
KāSū, 1, 2: 2;37 3;na hi mṛgāḥ santīti yavā nopyanta iti vātsyāyanaḥ ||;
KāSū, 1, 2: 2;38 1;bhavanti cātra ślokāḥ |;
KāSū, 1, 2: 2;38 2;evam arthaṁ ca kāmaṁ ca dharmaṁ copācaran naraḥ |;
KāSū, 1, 2: 2;38 3;ihāmutra ca niḥśalyam atyantaṁ sukham aśnute ||;
KāSū, 1, 2: 2;39 1;kiṁ syāt paratretyāśaṅkā kārye yasmin na jāyate |;
KāSū, 1, 2: 2;39 2;na cārthaghnaṁ sukhaṁ ceti śiṣṭāstatra vyavasthitāḥ ||;
KāSū, 1, 2: 2;40 1;trivargasādhakaṁ yat syād dvayor ekasya vā punaḥ |;
KāSū, 1, 2: 2;40 2;kāryaṁ tad api kurvīta na tv ekārthaṁ dvibādhakam ||;
KāSū, 1, 3: 3;1 1;dharmārthāṅgavidyākālān anuparodhayan kāmasūtraṁ |;

KāSū, 1, 3: 3;3 1;prayogagrahaṇaṁ tvāsām |;
KāSū, 1, 3: 3;3 2;prayogasya ca śāstrapūrvakatvād iti vātsyāyanaḥ ||;
KāSū, 1, 3: 3;4 1;tan na kevalam ihaiva |;
KāSū, 1, 3: 3;4 2;sarvatra hi loke katicid eva śāstrajñāḥ |;
KāSū, 1, 3: 3;4 3;sarvajanaviṣayaśca prayogaḥ ||;
KāSū, 1, 3: 3;5 1;prayogasya ca dūrastham api śāstram eva hetuḥ ||;
KāSū, 1, 3: 3;6 1;asti vyākaraṇam ityavaiyākaraṇā api yājñikā ūhaṁ kratuṣu |;
KāSū, 1, 3: 3;7 1;asti jyautiṣam iti puṇyāheṣu karma kurvate ||;
KāSū, 1, 3: 3;8 1;tathāśvārohā gajārohāścāśvān gajāṁścānadhigataśāstrā api |;
KāSū, 1, 3: 3;9 1;tathāsti rājeti dūrasthā api janapadā na maryādām |;
KāSū, 1, 3: 3;10 1;santyapi khalu śāstraprahatabuddhayo gaṇikā rājaputryo |;
KāSū, 1, 3: 3;11 1;tasmād vaiśvāsikājjanād rahasi prayogāñchāstram |;
KāSū, 1, 3: 3;12 1;abhyāsaprayojyāṁśca cātuḥṣaṣṭikān yogān kanyā |;
KāSū, 1, 3: 3;13 1;ācāryāstu kanyānāṁ pravṛttapuruṣasaṁprayogā tathābhūtā vā niratyayasaṁbhāṣaṇā sakhī |;
KāSū, 1, 3: 3;13 2;savayāśca mātṛṣvasā |;
KāSū, 1, 3: 3;13 3;viśrabdhā tatsthānīyā vṛddhadāsī |;
KāSū, 1, 3: 3;13 4;pūrvasaṁsṛṣṭā vā bhikṣukī |;
KāSū, 1, 3: 3;13 5;svasā ca viśvāsaprayogāt ||;
KāSū, 1, 3: 3;14 1;gītaṁ vādyaṁ nṛtyaṁ ālekhyaṁ viśeṣakachedyaṁ |;
KāSū, 1, 3: 3;15 1;pāñcālikī ca catuḥṣaṣṭir aparā |;
KāSū, 1, 3: 3;15 2;tasyāḥ prayogān anvavetya sāṁprayogike vakṣyāmaḥ |;
KāSū, 1, 3: 3;15 3;kāmasya tadātmakatvāt ||;
KāSū, 1, 3: 3;16 1;ābhir abhyucchritā veśyā śīlarūpaguṇānvitā |;
KāSū, 1, 3: 3;16 2;labhate gaṇikāśabdaṁ sthānaṁ ca janasaṁsadi ||;
KāSū, 1, 3: 3;17 1;pūjitā sā sadā rājñā guṇavadbhiśca saṁstutā |;
KāSū, 1, 3: 3;17 2;prārthanīyābhigamyā ca lakṣyabhūtā ca jāyate ||;
KāSū, 1, 3: 3;18 1;yogajñā rājaputrī ca mahāmātrasutā tathā |;
KāSū, 1, 3: 3;18 2;sahasrāntaḥpunar api svavaśe kurute patim ||;
KāSū, 1, 3: 3;19 1;tathā pativiyoge ca vyasanaṁ dāruṇaṁ gatā |;
KāSū, 1, 3: 3;19 2;deśāntare api vidyābhiḥ sā sukhenaiva jīvati ||;
KāSū, 1, 3: 3;20 1;naraḥ kalāsu kuśalo vācālaścāṭukārakaḥ |;
KāSū, 1, 3: 3;20 2;asaṁstuto .pi nārīṇāṁ cittam āśv eva vindati ||;
KāSū, 1, 3: 3;21 1;kalānāṁ grahaṇād eva saubhāgyam upajāyate |;
KāSū, 1, 3: 3;21 2;deśakālau tvapekṣyāsāṁ prayogaḥ sambhavenna vā ||;
KāSū, 1, 4: 4;1 1;gṛhītavidyaḥ pratigrahajayakrayanirveśādhigatair arthair |;
KāSū, 1, 4: 4;2 1;nagare pattane kharvaṭe mahati vā sajjanāśraye sthānam |;
KāSū, 1, 4: 4;2 2;yātrāvaśād vā ||;
KāSū, 1, 4: 4;3 1;tatra bhavanam āsannodakaṁ vṛkṣavāṭikāvad |;
KāSū, 1, 4: 4;4 1;bāhye ca vāsagṛhe suślakṣṇam ubhayopadhānaṁ madhye pratiśayyikā ca |;
KāSū, 1, 4: 4;4 2;tasya śirobhāge kūrcasthānam vedikā ca |;
KāSū, 1, 4: 4;4 3;tatra rātriśeṣam anulepanaṁ mālyaṁ sikthakaraṇḍakaṁ bhūmau patadgrahaḥ |;
KāSū, 1, 4: 4;4 4;nāgadantāvasaktā vīṇā |;
KāSū, 1, 4: 4;4 5;citraphalakam |;
KāSū, 1, 4: 4;4 6;vartikāsamudgakaḥ |;
KāSū, 1, 4: 4;4 7;yaḥ kaścit pustakaḥ |;
KāSū, 1, 4: 4;4 8;kuraṇṭakamālāśca |;
KāSū, 1, 4: 4;4 9;nātidūre bhūmau vṛttāstaraṇaṁ samastakam |;
KāSū, 1, 4: 4;4 10;ākarṣaphalakaṁ dyūtaphalakaṁ ca |;
KāSū, 1, 4: 4;4 11;tasya bahiḥ krīḍāśakunipañjarāṇi |;
KāSū, 1, 4: 4;4 12;ekānte ca takṣatakṣaṇasthānam anyāsāṁ ca krīḍānām |;
KāSū, 1, 4: 4;4 13;svāstīrṇā preṅkhādolā vṛkṣavāṭikāyāṁ sapracchāyā |;
KāSū, 1, 4: 4;4 14;sthaṇḍilapīṭhikā ca sakusumeti bhavanavinyāsaḥ ||;
KāSū, 1, 4: 4;5 1;sa prātar utthāya kṛtaniyatakṛtyaḥ gṛhītadantadhāvanaḥ |;


KāSū, 1, 4: 4;8 1;veśyābhavane sabhāyām anyatamasyodavasite vā tatra caiṣāṁ kāvyasamasyā kalāsamasyā vā |;
KāSū, 1, 4: 4;8 2;tasyām ujjvalā lokakāntāḥ pūjyāḥ |;
KāSū, 1, 4: 4;8 3;prītisamānāś cāhāritāḥ ||;
KāSū, 1, 4: 4;9 1;parasparabhavaneṣu cāpānakāni ||;
KāSū, 1, 4: 4;10 1;tatra madhumaireyasurāsavān etenodyānagamanaṁ vyākhyātam ||;
KāSū, 1, 4: 4;11 1;pūrvāhṇa eva svalaṁkṛtāsturagādhirūḍhā veśyābhiḥ saha daivasikīṁ ca yātrāṁ tatrānubhūya kukkuṭayuddhadyūtaiḥ etena racitodgrāhodakānāṁ grīṣme jalakrīḍāgamanaṁ |;
KāSū, 1, 4: 4;12 1;yakṣarātriḥ |;
KāSū, 1, 4: 4;12 2;kaumudījāgaraḥ |;
KāSū, 1, 4: 4;12 3;suvasantakaḥ ||;
KāSū, 1, 4: 4;13 1;sahakārabhañjikā abhyūṣakhādikā bisakhādikā iti sambhūya krīḍāḥ ||;
KāSū, 1, 4: 4;14 1;ekacāriṇaśca vibhavasāmarthyād gaṇikāyā nāyikāyāśca |;
KāSū, 1, 4: 4;15 1;avibhavastu śarīramātro |;
KāSū, 1, 4: 4;16 1;bhuktavibhavastu guṇavān sakalatro veśe goṣṭhyāṁ ca |;

KāSū, 1, 4: 4;18 1;tair bhikṣukyaḥ kalāvidagdhā muṇḍā vṛṣalyo |;
KāSū, 1, 4: 4;19 1;grāmavāsī ca sajātān vicakṣaṇān kautūhalikān protsāhya goṣṭhīśca pravartayet |;
KāSū, 1, 4: 4;19 2;saṁgatyā janam anurañjayet |;
KāSū, 1, 4: 4;19 3;karmasu ca sāhāyyena cānugṛhṇīyāt |;
KāSū, 1, 4: 4;19 4;upakārayecca |;
KāSū, 1, 4: 4;19 5;iti nāgarakavṛttam ||;
KāSū, 1, 4: 4;20 1;nātyantaṁ saṁskṛtenaiva nātyantaṁ deśabhāṣayā |;
KāSū, 1, 4: 4;20 2;kathāṁ goṣṭhīṣu kathayaṁlloke bahumato bhavet ||;
KāSū, 1, 4: 4;21 1;yā goṣṭhī lokavidviṣṭā yā ca svairavisarpiṇī |;
KāSū, 1, 4: 4;21 2;parahiṁsātmikā yā ca na tām avatared budhaḥ ||;
KāSū, 1, 4: 4;22 1;lokacittānuvartinyā krīḍāmātraikakāryayā |;
KāSū, 1, 4: 4;22 2;goṣṭhyā sahacaran vidvāṁlloke siddhiṁ niyacchati ||;
KāSū, 1, 5: 5;1 1;kāmaścaturṣu varṇeṣu savarṇataḥ |;
KāSū, 1, 5: 5;2 1;tadviparīta uttamavarṇāsu paraparigṛhītāsu ca |;
KāSū, 1, 5: 5;2 2;pratiṣiddho .varavarṇāsvaniravasitāsu |;
KāSū, 1, 5: 5;2 3;veśyāsu punarbhūṣu ca na śiṣṭo na pratiṣiddhaḥ |;
KāSū, 1, 5: 5;2 4;sukhārthatvāt ||;
KāSū, 1, 5: 5;3 1;tatra nāyikāstisraḥ kanyā punarbhūr veśyā ca |;
KāSū, 1, 5: 5;3 2;iti ||;
KāSū, 1, 5: 5;4 1;anyakāraṇavaśāt paraparigṛhītāpi pākṣikī caturthīti |;
KāSū, 1, 5: 5;5 1;sa yadā manyate svairiṇīyam ||;
KāSū, 1, 5: 5;6 1;anyato .pi bahuśo vyavasitacāritrā tasyāṁ veśyāyām iva punarbhūr iyam ||;
KāSū, 1, 5: 5;7 1;anyapūrvāvaruddhā nātra śaṅkāsti ||;
KāSū, 1, 5: 5;8 1;patiṁ vā mahāntam īśvaram asmadamitrasaṁsṛṣṭam iyam sā mayā saṁsṛṣṭā snehād enaṁ vyāvartayiṣyati ||;
KāSū, 1, 5: 5;9 1;virasaṁ vā mayi śaktam apakartukāmaṁ ca prakṛtim |;
KāSū, 1, 5: 5;10 1;tayā vā mitrīkṛtena mitrakāryam amitrapratīghātam anyad |;
KāSū, 1, 5: 5;11 1;saṁsṛṣṭo vānayā hatvāsyāḥ patim asmadbhāvyaṁ |;

KāSū, 1, 5: 5;13 1;asadbhūtaṁ vā doṣaṁ śraddheyaṁ duṣparihāraṁ mayi |;
KāSū, 1, 5: 5;14 1;āyatimantaṁ vā vaśyaṁ patiṁ matto vibhidya dviṣataḥ |;

KāSū, 1, 5: 5;16 1;rājaniyogāccāntarvartinaṁ śatruṁ vāsya nirhaniṣyāmi ||;

KāSū, 1, 5: 5;18 1;iti sāhasikyaṁ na kevalaṁ rāgād eva |;
KāSū, 1, 5: 5;18 2;etair eva kāraṇair mahāmātrasambaddhā rājasambaddhā vā saiva pravrajitā ṣaṣṭhīti suvarṇanābhaḥ |;
KāSū, 1, 5: 5;18 3;gaṇikāyā duhitā paricārikā vānanyapūrvā saptamīti utkrāntabālabhāvā kulayuvatir upacārānyatvād aṣṭamīti kāryāntarābhāvād etāsām api pūrvāsvevopalakṣaṇam bhinnatvāt tṛtīyā prakṛtiḥ pañcamītyeke ||;
KāSū, 1, 5: 5;19 1;eka eva tu sārvalaukiko nāyakaḥ |;
KāSū, 1, 5: 5;19 2;pracchannastu dvitīyaḥ |;
KāSū, 1, 5: 5;19 3;viśeṣālābhāt |;
KāSū, 1, 5: 5;19 4;uttamādhamamadhyamatāṁ tu guṇāguṇato vidyāt |;
KāSū, 1, 5: 5;19 5;tāṁstūbhayor api guṇāguṇān vaiśike vakṣyāmaḥ ||;
KāSū, 1, 5: 5;20 1;agamyāstvevaitāḥ kuṣṭhinyunmattā patitā bhinnarahasyā |;
KāSū, 1, 5: 5;21 1;dṛṣṭapañcapuruṣā nāgamyā kācid astīti bābhravīyāḥ ||;
KāSū, 1, 5: 5;22 1;saṁbandhisakhiśrotriyarājadāravarjam iti goṇikāputraḥ ||;
KāSū, 1, 5: 5;23 1;saha pāṁsukrīḍitam upakārasambaddhaṁ |;
KāSū, 1, 5: 5;24 1;pitṛpaitāmaham avisaṁvādakam adṛṣṭavaikṛtaṁ vaśyaṁ |;
KāSū, 1, 5: 5;25 1;rajakanāpitamālākāragāndhikasaurikabhikṣukagopālakatātadyoṣinmitrāśca nāgarakāḥ syur iti vātsyāyanaḥ ||;
KāSū, 1, 5: 5;26 1;yad ubhayoḥ sādhāraṇam ubhayatrodāraṁ viśeṣato |;
KāSū, 1, 5: 5;27 1;paṭutā dhārṣṭyam iṅgitākārajñatā pratāraṇakālajñatā |;
KāSū, 1, 5: 5;28 1;bhavati cātra ślokaḥ |;
KāSū, 1, 5: 5;28 2;ātmavān mitravān yukto bhāvajño deśakālavit |;
KāSū, 1, 5: 5;28 3;alabhyām apyayatnena striyaṁ saṁsādhayen naraḥ ||;
KāSū, 2, 1: 6;1 1;śaśo vṛṣo .śva iti liṅgato nāyakaviśeṣāḥ |;
KāSū, 2, 1: 6;1 2;nāyikā punarmṛgī vaḍavā hastinī ceti ||;
KāSū, 2, 1: 6;2 1;tatra sadṛśasaṁprayoge samaratāni trīṇi ||;
KāSū, 2, 1: 6;3 1;viparyayeṇa viṣamāṇi ṣaṭ |;
KāSū, 2, 1: 6;3 2;viṣameṣvapi puruṣādhikyaṁ ced anantarasaṁprayoge dve vyavahitam ekam uccatararatam |;
KāSū, 2, 1: 6;3 3;viparyaye punar dve nīcarate |;
KāSū, 2, 1: 6;3 4;vyavahitam ekaṁ nīcatararataṁ ca |;
KāSū, 2, 1: 6;3 5;teṣu samāni śreṣṭhāni |;
KāSū, 2, 1: 6;3 6;taraśabdāṅkite dve kaniṣṭhe |;
KāSū, 2, 1: 6;3 7;śeṣāṇi madhyamāni ||;
KāSū, 2, 1: 6;4 1;sāmye apyuccāṅkaṁ nīcāṅkājjyāyaḥ |;
KāSū, 2, 1: 6;4 2;iti pramāṇato navaratāni ||;
KāSū, 2, 1: 6;5 1;yasya saṁprayogakāle prītir udāsīnā vīryam alpaṁ kṣatāni |;
KāSū, 2, 1: 6;6 1;tadviparyayau madhyamacaṇḍavegau bhavatastathā |;
KāSū, 2, 1: 6;7 1;tatrāpi pramāṇavad eva navaratāni ||;
KāSū, 2, 1: 6;8 1;tadvat kālato .pi śīghramadhyacirakālā nāyakāḥ ||;
KāSū, 2, 1: 6;9 1;tatra striyāṁ vivādaḥ ||;Kāmasūtra KāSū, 5, 1: 23 9;tatra striyaṁ prati viśeṣaḥ ||;!;;Śārṅgadharasaṁhitādīpikā ŚSDīp zu ŚdhSaṁh, 2, 12, 13.1: 53 15;tatra tatra eva jñātavyāni ||;!;;
KāSū, 2, 1: 6;10 1;na strī puruṣavad eva bhāvam adhigacchati ||;
KāSū, 2, 1: 6;11 1;sātatyāt tvasyāḥ puruṣeṇa kaṇḍūtir apanudyate ||;

KāSū, 2, 1: 6;13 1;tatraitat syāt |;
KāSū, 2, 1: 6;13 2;ciravege nāyake striyo .nurajyante śīghravegasya bhāvam tat sarvaṁ bhāvaprāpter aprāpteśca lakṣaṇam ||;
KāSū, 2, 1: 6;14 1;tacca na |;
KāSū, 2, 1: 6;14 2;kaṇḍūtipratīkāro .pi hi dīrghakālaṁ priya iti |;
KāSū, 2, 1: 6;14 3;etad upapadyata eva |;
KāSū, 2, 1: 6;14 4;tasmāt saṁdigdhatvād alakṣaṇam iti ||;
KāSū, 2, 1: 6;15 1;saṁyoge yoṣitaḥ puṁsā kaṇḍūtir apanudyate |;
KāSū, 2, 1: 6;15 2;tacca abhimānasaṁsṛṣṭaṁ sukham ityabhidhīyate ||;

KāSū, 2, 1: 6;17 1;atrāpi tāvevāśaṅkāparihārau bhūyaḥ ||;
KāSū, 2, 1: 6;18 1;tatraitat syāt |;
KāSū, 2, 1: 6;18 2;sātatyena rasaprāptāvārambhakāle madhyasthacittatā tataḥ krameṇādhiko rāgayogaḥ śarīre nirapekṣatvam |;
KāSū, 2, 1: 6;18 3;ante ca virāmābhīpsetyetad upapannam iti ||;
KāSū, 2, 1: 6;19 1;tacca na |;
KāSū, 2, 1: 6;19 2;sāmānye api bhrāntisaṁskāre kulālacakrasya dhātukṣayācca virāmābhīpseti |;
KāSū, 2, 1: 6;19 3;tasmād anākṣepaḥ ||;
KāSū, 2, 1: 6;20 1;suratānte sukhaṁ puṁsāṁ strīṇāṁ tu satataṁ sukham |;
KāSū, 2, 1: 6;20 2;dhātukṣayanimittā ca virāmecchopajāyate ||;
KāSū, 2, 1: 6;21 1;tasmāt puruṣavad eva yoṣito .pi rasavyaktir draṣṭavyā ||;
KāSū, 2, 1: 6;22 1;kathaṁ hi samānāyām evākṛtāvekārtham abhiprapannayoḥ |;
KāSū, 2, 1: 6;23 1;katham upāyavailakṣaṇyaṁ tu sargāt |;
KāSū, 2, 1: 6;23 2;kartā hi puruṣo .dhikaraṇaṁ yuvatiḥ |;
KāSū, 2, 1: 6;23 3;anyathā hi kartā kriyāṁ pratipadyate anyathā cādhāraḥ |;
KāSū, 2, 1: 6;23 4;tasmāccopāyavailakṣaṇyāt sargād abhimānavailakṣaṇyam abhiyoktāham iti puruṣo .nurajyate |;
KāSū, 2, 1: 6;23 5;abhiyuktāham aneneti yuvatir iti vātsyāyanaḥ ||;

KāSū, 2, 1: 6;25 1;tacca na |;
KāSū, 2, 1: 6;25 2;yugapad anekārthasiddhir api dṛśyate |;
KāSū, 2, 1: 6;25 3;yathā meṣayor abhighāte kapitthayor bhede mallayor na tatra kārakabheda iti ced ihāpi na vastubheda iti |;
KāSū, 2, 1: 6;25 4;upāyavailakṣaṇyaṁ tu sargād iti tad abhihitaṁ purastāt |;
KāSū, 2, 1: 6;25 5;tenobhayor api sadṛśī sukhapratipattir iti ||;
KāSū, 2, 1: 6;26 1;jāter abhedād daṁpatyoḥ sadṛśaṁ sukham iṣyate |;
KāSū, 2, 1: 6;26 2;tasmāt tathopacaryā strī yathāgre prāpnuyād ratim ||;
KāSū, 2, 1: 6;27 1;sadṛśatvasya siddhatvāt kālayogīnyapi bhāvato .pi kālataḥ |;
KāSū, 2, 1: 6;28 1;raso ratiḥ prītir bhāvo rāgo vegaḥ samāptir iti ratiparyāyāḥ saṁprayogo rataṁ rahaḥ śayanaṁ mohanaṁ |;
KāSū, 2, 1: 6;29 1;pramāṇakālabhāvajānāṁ saṁprayogāṇām ekaikasya atibahutvāt ||;
KāSū, 2, 1: 6;30 1;teṣu tarkād upacārān prayojayed iti vātsyāyanaḥ ||;

KāSū, 2, 1: 6;32 1;mṛdutvād upamṛdyatvān nisargāccaiva yoṣitaḥ |;
KāSū, 2, 1: 6;32 2;prāpnuvantyāśu tāḥ prītim ityācāryā vyavasthitāḥ ||;
KāSū, 2, 1: 6;33 1;etāvad eva yuktānāṁ vyākhyātaṁ sāṁprayogikam |;
KāSū, 2, 1: 6;33 2;mandānām avabodhārthaṁ vistaro .taḥ pravakṣyate ||;
KāSū, 2, 1: 6;34 1;abhyāsād abhimānācca tathā saṁpratyayād api |;
KāSū, 2, 1: 6;34 2;viṣayebhyaśca tantrajñāḥ prītim āhuścaturvidhām ||;
KāSū, 2, 1: 6;35 1;śabdādibhyo bahirbhūtā yā karmābhyāsalakṣaṇā |;
KāSū, 2, 1: 6;35 2;prītiḥ sābhyāsikī jñeyā mṛgayādiṣu karmasu ||;
KāSū, 2, 1: 6;36 1;anabhyasteṣvapi purā karmasv aviṣayātmikā |;
KāSū, 2, 1: 6;36 2;saṁkalpājjāyate prītir yā sā syād ābhimānikī ||;
KāSū, 2, 1: 6;37 1;prakṛter yā tṛtīyasyāḥ striyāś caivopariṣṭake |;
KāSū, 2, 1: 6;37 2;teṣu teṣu ca vijñeyā cumbanādiṣu karmasu ||;
KāSū, 2, 1: 6;38 1;nānyo .yam iti yatra syād anyasmin prītikāraṇe |;
KāSū, 2, 1: 6;38 2;tantrajñaiḥ kathyate sāpi prītiḥ saṁpratyayātmikā ||;
KāSū, 2, 1: 6;39 1;pratyakṣā lokataḥ siddhā yā prītir viṣayātmikā |;
KāSū, 2, 1: 6;39 2;pradhānaphalavattvāt sā tadarthāś cetarā api ||;
KāSū, 2, 1: 6;40 1;prītīr etāḥ parāmṛśya śāstrataḥ śāstralakṣaṇāḥ |;
KāSū, 2, 1: 6;40 2;yo yathā vartate bhāvastaṁ tathaiva prayojayet ||;
KāSū, 2, 2: 7;1 1;saṁprayogāṅgaṁ catuḥṣaṣṭir ityācakṣate |;
KāSū, 2, 2: 7;1 2;catuḥṣaṣṭiprakaraṇatvāt ||;
KāSū, 2, 2: 7;2 1;śāstram evedaṁ catuḥṣaṣṭir ityācāryavādaḥ ||;

KāSū, 2, 2: 7;4 1;āliṅganacumbananakhacchedyadaśanacchedyasaṁveśanaśī|;
KāSū, 2, 2: 7;5 1;vikalpavargāṇām aṣṭānāṁ nyūnādhikatvadarśanāt yathā saptaparṇo vṛkṣaḥ pañcavarṇo balir iti vātsyāyanaḥ ||;
KāSū, 2, 2: 7;6 1;tatrāsamāgatayoḥ prītiliṅgadyotanārtham spṛṣṭakam viddhakam uddhṛṣṭakaṁ pīḍitakam iti ||;
KāSū, 2, 2: 7;7 1;sarvatra saṁjñārthenaiva karmātideśaḥ ||;
KāSū, 2, 2: 7;8 1;saṁmukhāgatāyāṁ prayojyāyām anyāpadeśena gacchato |;
KāSū, 2, 2: 7;9 1;prayojyaṁ sthitam upaviṣṭaṁ vā vijane kiṁcid gṛhṇatī nāyako .pi tām avapīḍya gṛhṇīyād iti viddhakam ||;
KāSū, 2, 2: 7;10 1;tadubhayam anatipravṛttasaṁbhāṣaṇayoḥ ||;
KāSū, 2, 2: 7;11 1;tamasi janasambādhe vijane vātha śanakair gacchator |;
KāSū, 2, 2: 7;12 1;tad eva kuḍyasaṁdaṁśena stambhasaṁdaṁśena vā |;
KāSū, 2, 2: 7;13 1;tad ubhayam avagataparasparākārayoḥ ||;
KāSū, 2, 2: 7;14 1;latāveṣṭitakaṁ vṛkṣādhirūḍhakaṁ tilataṇḍulakaṁ |;
KāSū, 2, 2: 7;15 1;lateva śālam āveṣṭayantī cumbanārthaṁ mukham uddhṛtya mandaśītkṛtā tam āśritā vā kiṁcid rāmaṇīyakaṁ |;
KāSū, 2, 2: 7;16 1;caraṇena caraṇam ākramya dvitīyenorudeśam ākramantī |;
KāSū, 2, 2: 7;17 1;tad ubhayaṁ sthitakarma ||;
KāSū, 2, 2: 7;18 1;śayanagatāv evorūvyatyāsaṁ bhujavyatyāsaṁ ca |;
KāSū, 2, 2: 7;19 1;rāgāndhāvanapekṣitātyayau parasparam anuviśata |;
KāSū, 2, 2: 7;20 1;tadubhayaṁ rāgakāle ||;
KāSū, 2, 2: 7;21 1;ityupasūhanayogā bābhravīyāḥ ||;
KāSū, 2, 2: 7;22 1;suvarṇanābhasya tvadhikam ekāṅgopagūhanacatuṣṭayam |;
KāSū, 2, 2: 7;23 1;tatrorusaṁdaṁśenaikam ūrum ūrudvayaṁ vā |;
KāSū, 2, 2: 7;24 1;jaghanena jaghanam avapīḍya prakīryamāṇakeśahastā |;
KāSū, 2, 2: 7;25 1;stanābhyām uraḥ praviśya tatraiva bhāram āropayed iti |;
KāSū, 2, 2: 7;26 1;mukhe mukham āsajyākṣiṇī akṣṇor lalāṭena lalāṭam |;
KāSū, 2, 2: 7;27 1;saṁvāhanam apyupagūhanaprakāram ityeke manyante |;
KāSū, 2, 2: 7;28 1;pṛthak kālatvād bhinnaprayojanatvād asādhāraṇatvān neti |;
KāSū, 2, 2: 7;29 1;pṛcchatāṁ śṛṇvatāṁ vāpi tathā kathayatām api |;
KāSū, 2, 2: 7;29 2;upagūhavidhiṁ kṛtsnaṁ riraṁsā jāyate nṛṇām ||;
KāSū, 2, 2: 7;30 1;ye api hyaśāstritāḥ kecit saṁyogā rāgavardhanāḥ |;
KāSū, 2, 2: 7;30 2;ādareṇaiva te apyatra prayojyāḥ sāṁprayogikāḥ ||;
KāSū, 2, 2: 7;31 1;śāstrāṇāṁ viṣayastāvad yāvan mandarasā narāḥ |;
KāSū, 2, 2: 7;31 2;raticakre pravṛtte tu naiva śāstraṁ na ca kramaḥ ||;
KāSū, 2, 3: 8;1 1;cumbananakhadaśanacchedyānāṁ na paurvāparyam asti |;
KāSū, 2, 3: 8;1 2;rāgayogāt |;
KāSū, 2, 3: 8;1 3;prāksaṁyogād eṣāṁ prādhānyena prayogaḥ |;
KāSū, 2, 3: 8;1 4;prahaṇanaśītkṛtayośca saṁprayoge ||;
KāSū, 2, 3: 8;2 1;sarvaṁ sarvatra |;
KāSū, 2, 3: 8;2 2;rāgasyānapekṣitatvāt |;
KāSū, 2, 3: 8;2 3;iti vātsyāyanaḥ ||;



KāSū, 2, 3: 8;6 1;balāt kāreṇa niyuktā mukhe mukham ādhatte na tu |;
KāSū, 2, 3: 8;7 1;vadane praveśitaṁ cauṣṭhaṁ manāgapatrapāvagrahītum |;
KāSū, 2, 3: 8;8 1;īṣatparigṛhya vinimīlitanayanā kareṇa ca tasya nayane |;
KāSū, 2, 3: 8;9 1;samaṁ tiryag udbhrāntam avapīḍitakam iti caturvidham |;
KāSū, 2, 3: 8;10 1;aṅgulisaṁpuṭena piṇḍīkṛtya nirdaśanam |;
KāSū, 2, 3: 8;11 1;dyūtaṁ cātra pravartayet ||;
KāSū, 2, 3: 8;12 1;pūrvam adharasaṁpādanena jitam idaṁ syāt ||;
KāSū, 2, 3: 8;13 1;tatra jitā sārdharuditaṁ karaṁ vidhunuyāt praṇuded daśet tatrāpi jitā dviguṇam āyasyet ||;
KāSū, 2, 3: 8;14 1;viśrabdhasya pramattasya vādharam avagṛhya iti cumbanadyūtakalahaḥ ||;
KāSū, 2, 3: 8;15 1;etena nakhadaśanacchedyaprahaṇanadyūtakalahā |;
KāSū, 2, 3: 8;16 1;caṇḍavegayor eva tveṣāṁ prayogaḥ |;
KāSū, 2, 3: 8;16 2;tatsātmyāt ||;
KāSū, 2, 3: 8;17 1;tasyāṁ cumbantyāmayam apyuttaraṁ gṛhṇīyāt |;
KāSū, 2, 3: 8;17 2;ityuttaracumbitam ||;
KāSū, 2, 3: 8;18 1;oṣṭhasaṁdaṁśenāvagṛhyauṣṭhadvayam api cumbeta |;
KāSū, 2, 3: 8;18 2;iti saṁpuṭakaṁ striyāḥ puṁso vā ajātavyañjanasya ||;
KāSū, 2, 3: 8;19 1;tasminn itaro .pi jihvayāsyā daśanān ghaṭṭayet tālu jihvāṁ |;
KāSū, 2, 3: 8;20 1;etena balād vadanaradanagrahaṇaṁ dānaṁ ca vyākhyātam |;
KāSū, 2, 3: 8;21 1;samaṁ pīḍitam añcitaṁ mṛdu śeṣāṅgeṣu cumbanaṁ iti cumbanaviśeṣāḥ ||;
KāSū, 2, 3: 8;22 1;suptasya mukham avalokayantyāḥ svābhiprāyeṇa |;
KāSū, 2, 3: 8;23 1;pramattasya vivadamānasya vā anyato .bhimukhasya |;
KāSū, 2, 3: 8;24 1;cirarātrāv āgatasya śayanasuptāyāḥ svābhiprāyacumbanaṁ |;
KāSū, 2, 3: 8;25 1;sāpi tu bhāvajijñāsārthinī nāyakasyāgamanakālaṁ |;
KāSū, 2, 3: 8;26 1;ādarśe kuḍye salile vā prayojyāyāśchāyācumbanam |;
KāSū, 2, 3: 8;27 1;bālasya citrakarmaṇaḥ pratimāyāśca cumbanaṁ |;
KāSū, 2, 3: 8;28 1;tathā niśi prekṣaṇake svajanasamāje vā samīpe gatasya |;
KāSū, 2, 3: 8;29 1;saṁvāhikāyāstu nāyakam ākārayantyā nidrāvaśād |;
KāSū, 2, 3: 8;30 1;bhavati cātra ślokaḥ |;
KāSū, 2, 3: 8;30 2;kṛte pratikṛtaṁ kuryāt tāḍite pratitāḍitam |;
KāSū, 2, 3: 8;30 3;karaṇena ca tenaiva cumbite praticumbitam ||;
KāSū, 2, 4: 9;1 1;rāgavṛddhau saṁgharṣātmakaṁ nakhavilekhanam ||;
KāSū, 2, 4: 9;2 1;tasya prathamasamāgame pravāsapratyāgamane na nityam acaṇḍavegayoḥ ||;
KāSū, 2, 4: 9;3 1;tathā daśanachedyasya sātmyavaśād vā ||;
KāSū, 2, 4: 9;4 1;tadācchuritakam ardhacandro maṇḍalaṁ rekhā |;
KāSū, 2, 4: 9;5 1;kakṣau stanau galaḥ pṛṣṭhaṁ jaghanam ūrū ca sthānāni ||;
KāSū, 2, 4: 9;6 1;pravṛttaraticakrāṇāṁ na sthānam asthānaṁ vā vidyata iti |;
KāSū, 2, 4: 9;7 1;tatra savyahastāni pratyagraśikharāṇi dvitriśikharāṇi |;
KāSū, 2, 4: 9;8 1;anugatarāji samam ujjvalam amalinam avipāṭitaṁ |;
KāSū, 2, 4: 9;9 1;dīrghāṇi hastaśobhīnyāloke ca yoṣitāṁ cittagrāhīṇi |;
KāSū, 2, 4: 9;10 1;hrasvāni karmasahiṣṇūni vikalpayojanāsu ca svecchāpātīni |;
KāSū, 2, 4: 9;11 1;madhyamānyubhayabhāñji mahārāṣṭrakāṇām iti ||;
KāSū, 2, 4: 9;12 1;taiḥ suniyamitair hanudeśe stanayor adhare vā |;
KāSū, 2, 4: 9;13 1;prayojyāyāṁ ca tasyāṅgasaṁvāhane śirasaḥ kaṇḍūyane |;
KāSū, 2, 4: 9;14 1;grīvāyāṁ stanapṛṣṭhe ca vakro nakhapadaniveśo |;
KāSū, 2, 4: 9;15 1;tāveva dvau parasparābhimukhau maṇḍalam ||;
KāSū, 2, 4: 9;16 1;nābhimūlakakundaravaṅkṣaṇeṣu tasya prayogaḥ ||;
KāSū, 2, 4: 9;17 1;sarvasthāneṣu nātidīrghā lekhā ||;
KāSū, 2, 4: 9;18 1;saiva vakrā vyāghranakhakam ā stanamukham ||;
KāSū, 2, 4: 9;19 1;pañcabhir abhimukhair lekhā cūcukābhimukhī |;
KāSū, 2, 4: 9;20 1;tatsaṁprayogaślāghāyāḥ stanacūcuke saṁnikṛṣṭāni |;
KāSū, 2, 4: 9;21 1;stanapṛṣṭhe mekhalāpathe |;
KāSū, 2, 4: 9;22 1;ūrvoḥ stanapṛṣṭhe ca pravāsaṁ gacchataḥ smāraṇīyakaṁ iti nakhakarmāṇi ||;
KāSū, 2, 4: 9;23 1;ākṛtivikārayuktāni cānyānyapi kurvīta ||;
KāSū, 2, 4: 9;24 1;vikalpānām anantatvād ānantyācca kauśalavidher |;


KāSū, 2, 4: 9;27 1;nakhakṣatāni paśyantyā gūḍhasthāneṣu yoṣitaḥ |;
KāSū, 2, 4: 9;27 2;cirotsṛṣṭāpyabhinavā prītir bhavati peśalā ||;
KāSū, 2, 4: 9;28 1;cirotsṛṣṭeṣu rāgeṣu prītir gacchet parābhavam |;
KāSū, 2, 4: 9;28 2;rāgāyatanasaṁsmāri yadi na syān nakhakṣatam ||;
KāSū, 2, 4: 9;29 1;paśyato yuvatiṁ dūrān nakhocchiṣṭapayodharām |;
KāSū, 2, 4: 9;29 2;bahumānaḥ parasyāpi rāgayogaśca jāyate ||;
KāSū, 2, 4: 9;30 1;puruṣaśca pradeśeṣu nakhacihnair vicihnitaḥ |;
KāSū, 2, 4: 9;30 2;cittaṁ sthiram api prāyaścalayatyeva yoṣitaḥ ||;
KāSū, 2, 4: 9;31 1;nānyat paṭutaraṁ kiṁcid asti rāgavivardhanam |;
KāSū, 2, 4: 9;31 2;nakhadantasamutthānāṁ karmaṇāṁ gatayo yathā ||;
KāSū, 2, 5: 10;1 1;uttarauṣṭham antarmukhaṁ nayanam iti muktvā |;
KāSū, 2, 5: 10;2 1;samāḥ snigdhacchāyā rāgagrāhiṇo yuktapramāṇā |;
KāSū, 2, 5: 10;3 1;kuṇṭhā rājyudgatāḥ paruṣāḥ viṣamāḥ ślakṣṇāḥ pṛthavo |;
KāSū, 2, 5: 10;4 1;gūḍhakam ucchūnakaṁ bindur bindumālā pravālamaṇir |;
KāSū, 2, 5: 10;5 1;nātilohitena rāgamātreṇa vibhāvanīyaṁ gūḍhakam ||;
KāSū, 2, 5: 10;6 1;tad eva pīḍanād ucchūnakam ||;Baudhāyanadharmasūtra BaudhDhSū, 1, 3: 3 43;tayos tad eva pāvanam ||;!;;Divyāvadāna Divyāv, 1: 1 190;sa tairdūrata eva dṛṣṭaḥ ||;!;;Divyāvadāna Divyāv, 1: 1 328;sa tasminneva vimāne uṣitaḥ ||;!;;Divyāvadāna Divyāv, 7: 7 192;sa tayā prajvalitaḥ pradīpaḥ prajvalatyeva ||;!;;Divyāvadāna Divyāv, 13: 13 279;sa taṁ dūrādeva dṛṣṭvā paryavasthitaḥ ||;!;;Kāmasūtra KāSū, 5, 4: 26 18;tasyāstayaiva pratyuttarāṇi yojayet ||;!;;Mṛgendraṭīkā MṛgṬīkā zu MṛgT, Vidyāpāda, 1, 9.1: 9 19;tadanyad eva tattatsaṁniveśasadṛśam ||;!;;Nibandhasaṁgraha NiSaṁ zu Su, Sū., 14, 17.1: -1 6;baliṁ tasmāt tena ca tadyathā eva iti ||;!;;Pañcārthabhāṣya PABh zu PāśupSūtra, 2, 18: 63 8;taducyate tadarthameva ||;!;;Pañcārthabhāṣya PABh zu PāśupSūtra, 2, 19: 64 4;tasmādatra tapastadeva ||;!;;Pañcārthabhāṣya PABh zu PāśupSūtra, 4, 1: 99 9;tasmādatra tapastadeva ||;!;;Rasaratnasamuccayabodhinī RRSBoṬ zu RRS, 10, 11.2: 149 5;tattadviḍavilepitā tenaiva viḍenāliptā ||;!;;
KāSū, 2, 5: 10;7 1;tad ubhayaṁ bindur adharamadhya iti ||;
KāSū, 2, 5: 10;8 1;ucchūnakaṁ pravālamaṇiśca kapole ||;
KāSū, 2, 5: 10;9 1;karṇapūracumbanaṁ nakhadaśanacchedyam iti |;
KāSū, 2, 5: 10;10 1;dantauṣṭhasaṁyogābhyāsaniṣpādanāt pravālamaṇisiddhiḥ |;
KāSū, 2, 5: 10;11 1;sarvasyeyaṁ maṇimālāyāśca ||;Pāśupatasūtra PāśupSūtra, 1: 1 27;sarve cāsya vaśyā bhavanti ||;!;;Pāśupatasūtra PāśupSūtra, 1: 1 31;sarve cāsya vadhyā bhavanti ||;!;;Vaiśeṣikasūtra VaiśSū, 7, 1: 13 3;idamevaṁguṇam idam evaṁguṇamiti coktam ||;!;;
KāSū, 2, 5: 10;12 1;alpadeśāyāśca tvaco daśanadvayasaṁdaṁśajā |;
KāSū, 2, 5: 10;13 1;sarvair bindumālāyāśca ||;Aṣṭādhyāyī Aṣṭādhyāyī, 1, 1: 1 38;taddhitaś ca asarvavibhaktiḥ ||;!;;Aṣṭādhyāyī Aṣṭādhyāyī, 6, 2: 22 105;uttarapadavṛddhau sarvaṁ ca ||;!;;Divyāvadāna Divyāv, 10: 10 25;sarvaśca parijanaḥ kālagataḥ ||;!;;Gautamadharmasūtra GautDhS, 2, 1: 10 67;sarve cottarottaraṁ paricareyuḥ ||;!;;Gautamadharmasūtra GautDhS, 3, 10: 28 8;samadhā cetaratsarvam ||;!;;Gopathabrāhmaṇa NEW GB, 1, 1, 28: 28 6;na caitat sarvaiḥ samabhihitam ||;!;;Kāmasūtra KāSū, 2, 5: 10 11;sarvasyeyaṁ maṇimālāyāśca ||;!;;Kāmasūtra KāSū, 2, 5: 10 15;lalāṭe corvor bindumālā ||;!;;Khādiragṛhyasūtra KhGṛS, 2, 5: 7 4;sarveṣāṁ vā gauḥ ||;!;;Nibandhasaṁgraha NiSaṁ zu Su, Śār., 3, 33.2: -1 5;iti vyādhibhedaṁ bhūyo sarvakarmaṇāṁ ca ||;!;;Nyāyasūtra NyāSū, 2, 1: 3 13;sarvapramāṇapratiṣedhāt ca pratiṣedhānupapattiḥ ||;!;;Pāśupatasūtra PāśupSūtra, 1: 1 27;sarve cāsya vaśyā bhavanti ||;!;;Pāśupatasūtra PāśupSūtra, 1: 1 28;sarveṣāṁ cāvaśyo bhavati ||;!;;Pāśupatasūtra PāśupSūtra, 1: 1 29;sarvāṁś cāviśati ||;!;;Pāśupatasūtra PāśupSūtra, 1: 1 30;sarveṣāṁ cānāveśyo bhavati ||;!;;Pāśupatasūtra PāśupSūtra, 1: 1 31;sarve cāsya vadhyā bhavanti ||;!;;Pāśupatasūtra PāśupSūtra, 1: 1 32;sarveṣāṁ cāvadhyo bhavati ||;!;;Rasaratnasamuccayaṭīkā RRSṬīkā zu RRS, 10, 15.3: 143 6;sarve ca mithastulyabhāgāḥ ||;!;;Śāṅkhāyanagṛhyasūtra ŚGṛS, 1, 10: 6 2;sarvāsāṁ cājyāhutīnām ||;!;;Vārāhagṛhyasūtra VārGṛSū, 7: 7 21;sarvajaṭaśca syāt ||;!;;Viṣṇupurāṇa ViPur, 4, 14: 70 19;tāś ca sarvā vasudeva upayeme ||;!;;Viṣṇusmṛti ViSmṛ, 3: 3 23;sarvasasyebhyaś ca ||;!;;Viṣṇusmṛti ViSmṛ, 5: 5 59;sarve ca tatsvāmināṁ tadutpattim ||;!;;Viṣṇusmṛti ViSmṛ, 16: 16 15;sarveṣāṁ ca samānajātibhir vivāhaḥ ||;!;;Viṣṇusmṛti ViSmṛ, 23: 23 32;sarvalavaṇānāṁ ca ||;!;;Viṣṇusmṛti ViSmṛ, 51: 51 22;sarvajalajamāṁsāśane ca ||;!;;Viṣṇusmṛti ViSmṛ, 89: 89 2;agniśca sarvadevānāṁ mukham ||;!;;Viṣṇusmṛti ViSmṛ, 92: 92 25;saṁgrāme ca sarvajayam āpnoti ||;!;;
KāSū, 2, 5: 10;14 1;tasmān mālādvayam api galakakṣavaṅkṣaṇapradeśeṣu ||;
KāSū, 2, 5: 10;15 1;lalāṭe corvor bindumālā ||;
KāSū, 2, 5: 10;16 1;maṇḍalam iva viṣamakūṭakayuktaṁ khaṇḍābhrakaṁ |;
KāSū, 2, 5: 10;17 1;saṁhatāḥ pradīrghā bahvyo daśanapadarājayas stanapṛṣṭha eva ||;
KāSū, 2, 5: 10;18 1;tadubhayam api ca caṇḍavegayoḥ |;
KāSū, 2, 5: 10;18 2;iti daśanacchedyāni ||;
KāSū, 2, 5: 10;19 1;viśeṣake karṇapūre puṣpāpīḍe tāmbūlapalāśe tamālapattre |;
KāSū, 2, 5: 10;20 1;deśasātmyācca yoṣita upacaret ||;
KāSū, 2, 5: 10;21 1;madhyadeśyā āryaprāyāḥ śucyupacarāś |;
KāSū, 2, 5: 10;22 1;bāhlīkadeśyā āvantikāśca ||;
KāSū, 2, 5: 10;23 1;citrarateṣu tv āsām abhiniveśaḥ ||;
KāSū, 2, 5: 10;24 1;pariṣvaṅgacumbananakhadantacūṣaṇapradhānāḥ |;
KāSū, 2, 5: 10;25 1;sindhuṣaṣṭhānāṁ ca nadīnām antarālīyā |;
KāSū, 2, 5: 10;26 1;caṇḍavegā mandaśītkṛtā āparāntikā lāṭhyaśca ||;
KāSū, 2, 5: 10;27 1;dṛḍhaprahaṇanayoginyaḥ kharavegā eva |;
KāSū, 2, 5: 10;28 1;prakṛtyā mṛdvyo ratipriyā aśucirucayo nirācārāścāndhryaḥ |;
KāSū, 2, 5: 10;29 1;sakalacatuḥṣaṣṭiprayogarāgiṇyo .ślīlaparuṣavākyapriyāḥ |;
KāSū, 2, 5: 10;30 1;tathāvidhā eva rahasi prakāśante nāgarikāḥ ||;
KāSū, 2, 5: 10;31 1;mṛdyamānāścābhiyogān mandaṁ mandaṁ prasiñcante |;
KāSū, 2, 5: 10;32 1;madhyamavegāḥ sarvaṁsahāḥ svāṅgaprachādinyaḥ |;
KāSū, 2, 5: 10;33 1;mṛdubhāṣiṇyo .nurāgavatyo mṛdvyaṅgyaśca gauḍyaḥ ||;
KāSū, 2, 5: 10;34 1;deśasātmyāt prakṛtisātmyaṁ balīya iti suvarṇanābhaḥ |;
KāSū, 2, 5: 10;34 2;na tatra deśyā upacārāḥ ||;
KāSū, 2, 5: 10;35 1;kālayogācca deśād deśāntaram upacāraveṣalīlāś tacca vidyāt ||;
KāSū, 2, 5: 10;36 1;upagūhanādiṣu ca rāgavardhanaṁ pūrvaṁ pūrvaṁ |;
KāSū, 2, 5: 10;37 1;vāryamāṇaśca puruṣo yat kuryāt tad anu kṣatam |;
KāSū, 2, 5: 10;37 2;amṛṣyamāṇā dviguṇaṁ tad eva pratiyojayet ||;
KāSū, 2, 5: 10;38 1;bindoḥ pratikriyā mālā mālāyāścābhrakhaṇḍakam |;
KāSū, 2, 5: 10;38 2;iti krodhādivāviṣṭā kalahān pratiyojayet ||;
KāSū, 2, 5: 10;39 1;sakacagraham unnamya mukhaṁ tasya tataḥ pibet |;
KāSū, 2, 5: 10;39 2;nilīyeta daśeccaiva tatra tatra maderitā ||;
KāSū, 2, 5: 10;40 1;unnamya kaṇṭhe kāntasya saṁśritā vakṣasaḥ sthalīm |;
KāSū, 2, 5: 10;40 2;maṇimālāṁ prayuñjīta yaccānyad api lakṣitam ||;
KāSū, 2, 5: 10;41 1;divāpi janasaṁbādhe nāyakena pradarśitam |;
KāSū, 2, 5: 10;41 2;uddiśya svakṛtaṁ cihnaṁ hased anyair alakṣitā ||;
KāSū, 2, 5: 10;42 1;vikūṇayantīva mukhaṁ kutsayantīva nāyakam |;
KāSū, 2, 5: 10;42 2;svagātrasthāni cihnāni sāsūyeva pradarśayet ||;
KāSū, 2, 5: 10;43 1;parasparānukūlyena tad evaṁ lajjamānayoḥ |;
KāSū, 2, 5: 10;43 2;saṁvatsaraśatenāpi prītir na parihīyate ||;
KāSū, 2, 6: 11;1 1;rāgakāle viśālayantyeva jaghanaṁ mṛgī saṁviśed uccarate |;
KāSū, 2, 6: 11;2 1;avahrāsayantīva hastinī nīcarate ||;
KāSū, 2, 6: 11;3 1;nyāyyo yatra yogastatra samapṛṣṭham ||;
KāSū, 2, 6: 11;4 1;ābhyāṁ vaḍavā vyākhyātā ||;Āyurvedadīpikā ĀVDīp zu Ca, Sū., 26, 10.2: 45 4;asminn arthe asmin prakaraṇe ||;!;;Divyāvadāna Divyāv, 8: 8 448;ayamasya ratnasyānubhāvaḥ ||;!;;Kauśikasūtra Kauśikasūtra, 1, 6: 6 29;imau darśapūrṇamāsau vyākhyātau ||;!;;
KāSū, 2, 6: 11;5 1;tatra jaghanena nāyakaṁ pratigṛhṇīyāt ||;
KāSū, 2, 6: 11;6 1;apadravyāṇi ca saviśeṣaṁ nīcarate ||;
KāSū, 2, 6: 11;7 1;utphullakaṁ vijṛmbhitakam indrāṇikaṁ ceti tritayaṁ |;
KāSū, 2, 6: 11;8 1;śiro vinipātyordhvaṁ jaghanam utphullakam ||;
KāSū, 2, 6: 11;9 1;tatrāpasāraṁ dadyāt ||;Baudhāyanagṛhyasūtra BaudhGS, 1, 0: 1 6;tatra hi hutvā dīyata eva ||;!;;Divyāvadāna Divyāv, 6: 6 83;aparaistatra gandhābhiṣeko dattaḥ ||;!;;Śārṅgadharasaṁhitādīpikā ŚSDīp zu ŚdhSaṁh, 2, 12, 13.1: 53 15;tatra tatra eva jñātavyāni ||;!;;
KāSū, 2, 6: 11;10 1;anīce sakthinī tiryag avasajya pratīcched iti vijṛmbhitakam |;
KāSū, 2, 6: 11;11 1;pārśvayoḥ samam ūrū vinyasya pārśvayor jānunī |;
KāSū, 2, 6: 11;12 1;tayoccatararatasyāpi parigrahaḥ ||;
KāSū, 2, 6: 11;13 1;saṁpuṭena pratigraho nīcarate ||;
KāSū, 2, 6: 11;14 1;etena nīcatararate api hastinyāḥ ||;
KāSū, 2, 6: 11;15 1;saṁpuṭakaṁ pīḍitakaṁ veṣṭitakaṁ vāḍavakam iti ||;
KāSū, 2, 6: 11;16 1;ṛjuprasāritāv ubhāvapyubhayoścaraṇāv iti saṁpuṭaḥ ||;

KāSū, 2, 6: 11;18 1;saṁpuṭakaprayuktayantreṇaiva dṛḍham ūrū pīḍayed iti |;
KāSū, 2, 6: 11;19 1;ūrū vyatyasyed iti veṣṭitakam ||;Kāmasūtra KāSū, 2, 6: 11 29;ūrdhvāv ūrū vyatyasyed iti pīḍitakam ||;!;;
KāSū, 2, 6: 11;20 1;vaḍaveva niṣṭhuram avagṛhṇīyād iti vāḍavakam |;
KāSū, 2, 6: 11;21 1;tadāndhrīṣu prāyeṇa |;
KāSū, 2, 6: 11;21 2;iti saṁveśanaprakārā bābhravīyāḥ ||;
KāSū, 2, 6: 11;22 1;sauvarṇanābhāstu |;
KāSū, 2, 6: 11;22 2;ubhāvapyūrū ūrdhvāv iti tad bhugnakam ||;
KāSū, 2, 6: 11;23 1;caraṇāv ūrdhvaṁ nāyako .syā dhārayed iti jṛmbhitakam ||;
KāSū, 2, 6: 11;24 1;tatkuñcitāv utpīḍitakam ||;Aitareyabrāhmaṇa AitBr, 1, 4: 4 5;tattan nādṛtyam ||;!;;Aitareyabrāhmaṇa AitBr, 1, 11: 11 2;tat tan nādṛtyam ||;!;;Aitareyabrāhmaṇa AitBr, 2, 22: 52 2;tat tan nādṛtyam ||;!;;Aitareyabrāhmaṇa AitBr, 3, 18: 89 10;tat tan nādṛtyam ||;!;;Āpastambagṛhyasūtra ĀpGṛSū, 12: 11 9;tasmā anvāha tat savitur iti ||;!;;Arthaśāstra ArthaŚ, 1, 4: 4 15;sa tena guptaḥ prabhavati iti ||;!;;Arthaśāstra ArthaŚ, 1, 10: 10 10;tenodvegena rājā tān avarundhyāt ||;!;;Arthaśāstra ArthaŚ, 1, 15: 15 24;te yathā brūyustat kuryāt ||;!;;Arthaśāstra ArthaŚ, 1, 15: 15 55;sa taccakṣuḥ ||;!;;Aṣṭādhyāyī Aṣṭādhyāyī, 4, 2: 14 59;tad adhīte tad veda ||;!;;Aṣṭādhyāyī Aṣṭādhyāyī, 5, 1: 17 16;tad asya tad asmin syād iti ||;!;;Baudhāyanadharmasūtra BaudhDhSū, 1, 3: 3 43;tayos tad eva pāvanam ||;!;;Daśakumāracarita DKCar, 2, 3: 8 178;akūjacaca sā taṁ janaṁ kṛtāntadṛtīvāhvayantī ||;!;;Daśakumāracarita DKCar, 2, 6: 11 6;sa tu tasyāḥ pāṇigrāhakamanujīviṣyati ||;!;;Divyāvadāna Divyāv, 1: 1 89;sā tenātyayam atyayataḥ kṣamāpitā ||;!;;Divyāvadāna Divyāv, 1: 1 139;tān dṛṣṭvā tasya kāruṇyamutpannam ||;!;;Divyāvadāna Divyāv, 1: 1 142;sa tānutsṛjya padbhyāṁ samprasthitaḥ ||;!;;Divyāvadāna Divyāv, 1: 1 145;sa tasya sakāśamupasaṁkrāntaḥ ||;!;;Divyāvadāna Divyāv, 1: 1 167;sa tasya sakāśamupasaṁkrāntaḥ ||;!;;Divyāvadāna Divyāv, 1: 1 190;sa tairdūrata eva dṛṣṭaḥ ||;!;;Divyāvadāna Divyāv, 1: 1 191;te taṁ pratyavabhāṣitumārabdhāḥ ||;!;;Divyāvadāna Divyāv, 1: 1 194;sa taiḥ snāpito bhojitaḥ ||;!;;Divyāvadāna Divyāv, 1: 1 239;sa tena snāpito bhojitaḥ ||;!;;Divyāvadāna Divyāv, 1: 1 325;tena tasyāḥ pratijñātam ||;!;;Divyāvadāna Divyāv, 1: 1 328;sa tasminneva vimāne uṣitaḥ ||;!;;Divyāvadāna Divyāv, 1: 1 341;sa tasyaurabhrikasya sakāśamupasaṁkrāntaḥ ||;!;;Divyāvadāna Divyāv, 1: 1 369;sa tasyā veśyāyāḥ sakāśamupasaṁkrāntaḥ ||;!;;Divyāvadāna Divyāv, 1: 1 397;sa taiḥ svareṇa pratyabhijñātaḥ ||;!;;Divyāvadāna Divyāv, 1: 1 428;sa tenopasaṁpāditaḥ ||;!;;Divyāvadāna Divyāv, 1: 1 494;taiḥ sa dvāre baddhvā sthāpitaḥ ||;!;;Divyāvadāna Divyāv, 1: 1 508;tena te karapratyāyāḥ samucchinnāḥ ||;!;;Divyāvadāna Divyāv, 2: 2 39;tayā tasyārocitam ||;!;;Divyāvadāna Divyāv, 2: 2 120;tābhiḥ sā pṛṣṭā tayā samākhyātam ||;!;;Divyāvadāna Divyāv, 2: 2 183;sa tamādāya vīthīṁ samprasthitaḥ ||;!;;Divyāvadāna Divyāv, 2: 2 188;sa tat kāṣṭhaṁ nirīkṣitumārabdhaḥ ||;!;;Divyāvadāna Divyāv, 2: 2 219;tena tāstisro gaṇḍikā darśitāḥ ||;!;;Divyāvadāna Divyāv, 2: 2 307;tena te śrutāḥ ||;!;;Divyāvadāna Divyāv, 2: 2 419;sa tābhyāṁ mānaṁ grāhitaḥ ||;!;;Divyāvadāna Divyāv, 3: 3 106;sa tān māṇavakān maitreyāya anupradāsyati ||;!;;Divyāvadāna Divyāv, 7: 7 33;sa tasyāḥ sakāśamupasaṁkrāntaḥ ||;!;;Divyāvadāna Divyāv, 7: 7 41;sā tāmapanetumārabdhā ||;!;;Divyāvadāna Divyāv, 7: 7 42;tasyāstasminnācāme .ṅguliḥ patitā ||;!;;Divyāvadāna Divyāv, 7: 7 140;sa tasya kṣetraṁ rakṣitumārabdhaḥ ||;!;;Divyāvadāna Divyāv, 7: 7 149;sā tāmādāya gatā ||;!;;Divyāvadāna Divyāv, 7: 7 192;sa tayā prajvalitaḥ pradīpaḥ prajvalatyeva ||;!;;Divyāvadāna Divyāv, 12: 12 176;tat tasyopari nipatitam ||;!;;Divyāvadāna Divyāv, 13: 13 148;sa tayā mukhabimbakena pratyabhijñātaḥ ||;!;;Divyāvadāna Divyāv, 13: 13 157;tayā gatvā tasyāḥ pracchannaṁ kathitam ||;!;;Divyāvadāna Divyāv, 13: 13 299;tasya tannīlakṛtsnam āmukhībhūtam ||;!;;Divyāvadāna Divyāv, 13: 13 487;sa gṛhapatistaṁ dṛṣṭvā paryavasthitaḥ ||;!;;Divyāvadāna Divyāv, 13: 13 497;sa tasyānugrahārthamavatīrṇaḥ ||;!;;Divyāvadāna Divyāv, 17: 17 326;taiḥ sa rājā dṛṣṭa āgacchan ||;!;;Divyāvadāna Divyāv, 18: 18 212;tena tadapi bhuktam ||;!;;Divyāvadāna Divyāv, 18: 18 390;sa tān dṛṣṭvā pratibuddhaḥ ||;!;;Divyāvadāna Divyāv, 19: 19 232;taistad dṛṣṭam ||;!;;Divyāvadāna Divyāv, 19: 19 273;sa tāṁ gṛhītvā vīthīṁ gataḥ ||;!;;Divyāvadāna Divyāv, 19: 19 289;taiste punaḥ pratyavekṣitāḥ ||;!;;Divyāvadāna Divyāv, 19: 19 291;sa tairgṛhītaḥ ||;!;;Divyāvadāna Divyāv, 19: 19 313;sa taiḥ śabditaḥ ||;!;;Divyāvadāna Divyāv, 19: 19 338;tena tasya kārṣāpaṇasahasraṁ dattam ||;!;;Divyāvadāna Divyāv, 19: 19 404;sa taṁ tāḍayitumārabdhaḥ ||;!;;Divyāvadāna Divyāv, 19: 19 416;sa tasya gṛhaṁ gataḥ ||;!;;Divyāvadāna Divyāv, 19: 19 552;sa tena praveśitaḥ ||;!;;Gautamadharmasūtra GautDhS, 1, 1: 1 10;tad yasmāt sa ācāryaḥ ||;!;;Gautamadharmasūtra GautDhS, 1, 8: 8 7;tadapekṣas tadvṛttiḥ ||;!;;Gopathabrāhmaṇa NEW GB, 1, 1, 23: 23 6;te tam abruvan ||;!;;Gopathabrāhmaṇa NEW GB, 1, 2, 15: 54 28;te pathirakṣayas ta iyakṣamāṇaṁ pratinudantaḥ ||;!;;Jaiminīyabrāhmaṇa JB, 1, 12: 5 7;tām annam akuruta tāṁ pratyudadīpyata ||;!;;Jaiminīyabrāhmaṇa JB, 1, 12: 5 12;tām annam akuruta tāṁ pratyudadīpyata ||;!;;Kāmasūtra KāSū, 5, 4: 26 18;tasyāstayaiva pratyuttarāṇi yojayet ||;!;;Lalitavistara LalVis, 12: 12 23;sa tasyāstaṁ lekhamupanāmayati sma ||;!;;Maitrāyaṇīsaṁhitā MS, 2, 1, 1: 18 10;tāṁ vai tasmai kāmāyālabhanta ||;!;;Nibandhasaṁgraha NiSaṁ zu Su, Sū., 1, 25.1: -1 1;tadyuktam teṣāmityādi ||;!;;Pañcārthabhāṣya PABh zu PāśupSūtra, 2, 18: 63 8;taducyate tadarthameva ||;!;;Pañcārthabhāṣya PABh zu PāśupSūtra, 2, 19: 64 4;tasmādatra tapastadeva ||;!;;Pañcārthabhāṣya PABh zu PāśupSūtra, 4, 1: 99 9;tasmādatra tapastadeva ||;!;;Pañcārthabhāṣya PABh zu PāśupSūtra, 4, 8: 106 16;taducyate taṁ guṇaṁ jñātvā vakṣyāmaḥ ||;!;;Pañcārthabhāṣya PABh zu PāśupSūtra, 4, 12: 110 7;sa teṣām iṣṭāpūrtam ādatteti ||;!;;Pañcārthabhāṣya PABh zu PāśupSūtra, 5, 34: 156 37;sa bhavatu teṣām ||;!;;Pañcārthabhāṣya PABh zu PāśupSūtra, 5, 34: 156 81;te bhavantu teṣām ||;!;;Pāraskaragṛhyasūtra Pāraskaragṛhyasūtra, 1, 8: 6 13;tasmāt tayor grāmaḥ pramānam iti śruteḥ ||;!;;Pāśupatasūtra PāśupSūtra, 4: 4 11;sa teṣāmiṣṭāpūrtamādatta ||;!;;Saṅghabhedavastu SBhedaV, 1: 1 128;sa teṣāṁ nigṛhītavyāṁś ca nigṛhṇāti pragṛhītavyāṁś ca ;!;;Śāṅkhāyanāraṇyaka ŚāĀr, 3, 2: 28 5;taṁ yaḥ pratyāha tam atisṛjate ||;!;;Śāṅkhāyanāraṇyaka ŚāĀr, 7, 1: 77 3;tan mām avatu tad vaktāram avatvavatu mām avatu ;!;;Śāṅkhāyanāraṇyaka ŚāĀr, 8, 7: 106 5;sa yat karaṇīyaṁ manyeta tat kuryāt ||;!;;Sūryaśatakaṭīkā Sūryaśatakaṭīkā zu SūryaŚ, 1, 3.2: 3 16;tena śramastasmājjātastamiva ||;!;;Tantrākhyāyikā TAkhy, 1: 1 274;te tam āhuḥ ||;!;;Tantrākhyāyikā TAkhy, 2: 2 90;sā tam āha ||;!;;Viṣṇupurāṇa ViPur, 4, 3: 59 30;sā tasya bhāryā citāṁ kṛtvā tam ;!;;Viṣṇupurāṇa ViPur, 4, 12: 68 36;sa ca tāṁ snuṣām upayeme ||;!;;Viṣṇusmṛti ViSmṛ, 5: 5 133;tac ca teṣāṁ dadyāt ||;!;;Yogasūtra YS, 1: 1 28;tajjapas tadarthabhāvanam ||;!;;Yogasūtrabhāṣya YSBhā zu YS, 2, 24.1: 68 7;sa tām āha ||;!;;
KāSū, 2, 6: 11;25 1;tad ekasmin prasārite ardhapīḍitakam ||;
KāSū, 2, 6: 11;26 1;nāyakasyāṁsa eko dvitīyakaḥ prasārita iti punaḥ punar |;
KāSū, 2, 6: 11;27 1;ekaḥ śirasa upari gacched dvitīyaḥ prasārita iti śūlacitakam |;
KāSū, 2, 6: 11;28 1;saṁkucitau svabastideśe nidadhyād iti kārkaṭakam ||;
KāSū, 2, 6: 11;29 1;ūrdhvāv ūrū vyatyasyed iti pīḍitakam ||;
KāSū, 2, 6: 11;30 1;jaṅghāvyatyāsena padmāsanavat ||;
KāSū, 2, 6: 11;31 1;pṛṣṭhaṁ pariṣvajamānāyāḥ parāṅmukheṇa parāvṛttakam |;
KāSū, 2, 6: 11;32 1;jale ca saṁviṣṭopaviṣṭasthitātmakāṁścitrān yogān tathā sukaratvād iti suvarṇanābhaḥ ||;
KāSū, 2, 6: 11;33 1;vārttaṁ tu tat |;
KāSū, 2, 6: 11;33 2;śiṣṭair apasmṛtatvād iti vātsyāyanaḥ ||;
KāSū, 2, 6: 11;34 1;atha citraratāni ||;Kāmasūtra KāSū, 2, 5: 10 23;citrarateṣu tv āsām abhiniveśaḥ ||;!;;Khādiragṛhyasūtra KhGṛS, 2, 4: 6 16;athainaṁ paridadyād antakaprabhṛtibhiḥ ||;!;;
KāSū, 2, 6: 11;35 1;ūrdhvasthitayor yūnoḥ parasparāpāśrayayoḥ kuḍyāpāśritasya kaṇṭhāvasaktabāhupāśāyās |;
KāSū, 2, 6: 11;36 1;bhūmau vā catuṣpadavad āsthitāyā vṛṣalīlayāvaskandanaṁ |;
KāSū, 2, 6: 11;37 1;tatra pṛṣṭham uraḥkarmāṇi labhate ||;
KāSū, 2, 6: 11;38 1;etenaiva yogena śaunam aiṇeyaṁ chāgalaṁ |;
KāSū, 2, 6: 11;39 1;miśrīkṛtasadbhāvābhyāṁ dvābhyāṁ saha saṁghāṭakaṁ |;
KāSū, 2, 6: 11;40 1;bahvībhiś ca saha goyūthikam ||;Gautamadharmasūtra GautDhS, 2, 7: 16 33;viproṣya cānyonyena saha ||;!;;Viṣṇupurāṇa ViPur, 4, 12: 68 32;praviveśa ca rājñā sahādhiṣṭhānam ||;!;;
KāSū, 2, 6: 11;41 1;vārikrīḍitakaṁ chāgalamaiṇeyam iti tatkarmānukṛtiyogāt ||;
KāSū, 2, 6: 11;42 1;grāmanāriviṣaye strīrājye ca bāhlīke bahavo yuvāno teṣām ekaikaśo yugapacca yathāsātmyaṁ yathāyogaṁ ca |;

KāSū, 2, 6: 11;44 1;etayā goṣṭhīparigrahā veśyā rājayoṣāparigrahaś ca |;
KāSū, 2, 6: 11;45 1;aghorataṁ pāyāvapi dākṣiṇātyānām |;
KāSū, 2, 6: 11;45 2;iti citraratāni ||;
KāSū, 2, 6: 11;46 1;puruṣopasṛptakāni puruṣāyite vakṣyāmaḥ ||;Āśvalāyanagṛhyasūtra ĀśGS, 1, 1: 1 1;uktāni vaitānikāni gṛhyāni vakṣyāmaḥ ||;!;;Khādiragṛhyasūtra KhGṛS, 2, 5: 7 6;uktam upanayanam ||;!;;
KāSū, 2, 6: 11;47 1;bhavataścātra ślokau |;
KāSū, 2, 6: 11;47 2;paśūnāṁ mṛgajātīnāṁ pataṅgānāṁ ca vibhramaiḥ |;
KāSū, 2, 6: 11;47 3;taistair upāyaiścittajño ratiyogān vivardhayet ||;
KāSū, 2, 6: 11;48 1;tatsātmyād deśasātmyācca taistair bhāvaiḥ prayojitaiḥ |;
KāSū, 2, 6: 11;48 2;strīṇāṁ snehaśca rāgaśca bahumānaśca jāyate ||;
KāSū, 2, 7: 12;1 1;kalaharūpaṁ suratam ācakṣate |;
KāSū, 2, 7: 12;1 2;vivādātmakatvād vāmaśīlatvācca kāmasya ||;

KāSū, 2, 7: 12;3 1;taccaturvidham apahastakaṁ prasṛtakaṁ muṣṭiḥ |;
KāSū, 2, 7: 12;4 1;tadudbhavaṁ ca śītkṛtam |;
KāSū, 2, 7: 12;4 2;tasyātirūpatvāt |;
KāSū, 2, 7: 12;4 3;tad anekavidham ||;
KāSū, 2, 7: 12;5 1;virutāni cāṣṭau ||;Sūryaśatakaṭīkā Sūryaśatakaṭīkā zu SūryaŚ, 1, 13.2: 13 29;aṣṭadigbhāktvenāṣṭatvam ||;!;;
KāSū, 2, 7: 12;6 1;hiṁkārastanitakūjitaruditasūtkṛtadūtkṛtaphūtkṛtāni ||;
KāSū, 2, 7: 12;7 1;amvārthāḥ śabdā vāraṇārthā mokṣaṇārthāścālam arthāste te |;
KāSū, 2, 7: 12;8 1;pārāvataparabhṛtahārītaśukamadhukaradātyūhahaṁsakāra|;
KāSū, 2, 7: 12;9 1;utsaṅgopaviṣṭāyāḥ pṛṣṭhe muṣṭinā prahāraḥ ||;
KāSū, 2, 7: 12;10 1;tatra sāsūyāyā iva stanitaruditakūjitāni pratīghātaśca syāt ||;
KāSū, 2, 7: 12;11 1;yuktayantrāyāḥ stanāntare apahastakena praharet ||;
KāSū, 2, 7: 12;12 1;mandopakramaṁ vardhamānarāgam ā parisamāpteḥ ||;
KāSū, 2, 7: 12;13 1;tatra hiṁkārādīnām aniyamenābhyāsena vikalpena ca |;
KāSū, 2, 7: 12;14 1;śirasi kiṁcid ākuñcitāṅgulinā kareṇa vivadantyāḥ |;
KāSū, 2, 7: 12;15 1;tatrāntarmukhena kūjitaṁ phūtkṛtaṁ ca ||;
KāSū, 2, 7: 12;16 1;ratānte ca śvasitarudite |;
KāSū, 2, 7: 12;16 2;veṇor iva sphuṭataḥ śabdānukaraṇaṁ dūtkṛtam ||;
KāSū, 2, 7: 12;17 1;apsu badarasyeva nipatataḥ phūtkṛtam ||;
KāSū, 2, 7: 12;18 1;sarvatra cumbanādiṣvapakrāntāyāḥ saśītkṛtaṁ tenaiva |;
KāSū, 2, 7: 12;19 1;rāgavaśāt prahaṇanābhyāse vāraṇamokṣaṇālam arthānāṁ rāgāvasānakāle jaghanapārśvayostāḍanam ityatitvarayā ca |;
KāSū, 2, 7: 12;20 1;tatra lāvakahaṁsavikūjitaṁ tvarayaiva |;
KāSū, 2, 7: 12;20 2;iti stananaprahaṇanayogāḥ ||;
KāSū, 2, 7: 12;21 1;pāruṣyaṁ rabhasatvaṁ ca pauruṣaṁ teja ucyate |;
KāSū, 2, 7: 12;21 2;aśaktir ārtirvyāvṛttir abalatvaṁ ca yoṣitaḥ ||;
KāSū, 2, 7: 12;22 1;rāgāt prayogasātmyācca vyatyayo .pi kvacid bhavet |;
KāSū, 2, 7: 12;22 2;na ciraṁ tasya caivānte prakṛter eva yojanam ||;
KāSū, 2, 7: 12;23 1;kīlām urasi kartarīṁ śirasi viddhāṁ kapolayoḥ tadyuvatīnām urasi kīlāni ca tatkṛtāni dṛśyante |;
KāSū, 2, 7: 12;23 2;deśasātmyam etat ||;
KāSū, 2, 7: 12;24 1;kaṣṭam anāryavṛttam anādṛtam iti vātsyāyanaḥ ||;
KāSū, 2, 7: 12;25 1;tathānyad api deśasātmyāt prayuktam anyatra na prayuñjīt |;
KāSū, 2, 7: 12;26 1;ātyayikaṁ tu tatrāpi pariharet ||;

KāSū, 2, 7: 12;28 1;naradevaḥ kupāṇir viddhayā duṣprayuktayā naṭīṁ kāṇāṁ |;
KāSū, 2, 7: 12;29 1;bhavanti cātra ślokāḥ |;
KāSū, 2, 7: 12;29 2;nāstyatra gaṇanā kācin na ca śāstraparigrahaḥ |;
KāSū, 2, 7: 12;29 3;pravṛtte ratisaṁyoge rāga evātra kāraṇam ||;
KāSū, 2, 7: 12;30 1;svapneṣvapi na dṛśyante te bhāvāste ca vibhramāḥ |;
KāSū, 2, 7: 12;30 2;suratavyavahāreṣu ye syustatkṣaṇakalpitāḥ ||;
KāSū, 2, 7: 12;31 1;yathā hi pañcamīṁ dhārām āsthāya turagaḥ pathi |;
KāSū, 2, 7: 12;31 2;sthāṇum śvabhraṁ darīṁ vāpi vegāndho na samīkṣate ||;
KāSū, 2, 7: 12;32 1;evaṁ suratasaṁmarde rāgāndhau kāmināvapi |;
KāSū, 2, 7: 12;32 2;caṇḍavegau pravartete samīkṣete na cātyayam ||;
KāSū, 2, 7: 12;33 1;tasmān mṛdutvaṁ caṇḍatvaṁ yuvatyā balam eva ca |;
KāSū, 2, 7: 12;33 2;ātmanaśca balaṁ jñātvā tathā yuñjīta śāstravit ||;
KāSū, 2, 7: 12;34 1;na sarvadā na sarvāsu prayogāḥ sāṁprayogikāḥ |;
KāSū, 2, 7: 12;34 2;sthāne deśe ca kāle ca yoga eṣāṁ vidhīyate ||;
KāSū, 2, 8: 13;1 1;nāyakasya saṁtatābhyāsāt pariśramam upalabhya rāgasya svābhiprāyād vā vikalpayojanārthinī nāyakakutūhalād vā ||;
KāSū, 2, 8: 13;2 1;tatra yuktayantreṇaivetareṇotthāpyamānā tamadhaḥ evaṁ ca ratam avicchinnarasaṁ tathā pravṛttam eva syāt |;
KāSū, 2, 8: 13;2 2;ityeko .yaṁ mārgaḥ |;
KāSū, 2, 8: 13;2 3;punar ārambheṇādita evopakramet |;
KāSū, 2, 8: 13;2 4;iti dvitīyaḥ ||;
KāSū, 2, 8: 13;3 1;sā prakīryamāṇakeśakusumā śvāsavicchinnahāsinī pātitā pratipātayāmīti |;
KāSū, 2, 8: 13;3 2;hasantī tarjayantī pratighnatī ca brūyāt |;
KāSū, 2, 8: 13;3 3;punaśca vrīḍāṁ darśayet |;
KāSū, 2, 8: 13;3 4;śramaṁ virāmābhīpsāṁ ca |;
KāSū, 2, 8: 13;3 5;puruṣopasṛptair evopasarpet ||;
KāSū, 2, 8: 13;4 1;tāni ca vakṣyāmaḥ ||;Pañcārthabhāṣya PABh zu PāśupSūtra, 2, 18: 63 8;taducyate tadarthameva ||;GOOD;;Pañcārthabhāṣya PABh zu PāśupSūtra, 4, 8: 106 16;taducyate taṁ guṇaṁ jñātvā vakṣyāmaḥ ||;GOOD;;Saṅghabhedavastu SBhedaV, 1: 1 128;sa teṣāṁ nigṛhītavyāṁś ca nigṛhṇāti pragṛhītavyāṁś ca ;GOOD;;Tantrākhyāyikā TAkhy, 1: 1 610;tenoktaṁ ca ||;GOOD;;Vaiśeṣikasūtravṛtti VaiSūVṛ zu VaiśSū, 10, 20.1: 338 2;tasya cāmnāyāt samadhigama uktaḥ ||;GOOD;;Viṣṇupurāṇa ViPur, 4, 6: 62 70;evam uktās tāś cāpsarasa ūcuḥ ||;GOOD;;Viṣṇupurāṇa ViPur, 4, 12: 68 36;sa ca tāṁ snuṣām upayeme ||;GOOD;;Viṣṇupurāṇa ViPur, 4, 20: 76 16;tataś ca tam ūcur brāhmaṇāḥ ||;GOOD;;Viṣṇusmṛti ViSmṛ, 5: 5 133;tac ca teṣāṁ dadyāt ||;GOOD;;Aitareyabrāhmaṇa AitBr, 1, 4: 4 5;tattan nādṛtyam ||;!;;Aitareyabrāhmaṇa AitBr, 1, 11: 11 2;tat tan nādṛtyam ||;!;;Aitareyabrāhmaṇa AitBr, 2, 22: 52 2;tat tan nādṛtyam ||;!;;Aitareyabrāhmaṇa AitBr, 3, 18: 89 10;tat tan nādṛtyam ||;!;;Aitareyabrāhmaṇa AitBr, 6, 25: 212 1;dūrohaṇaṁ rohati tasyoktam brāhmaṇam ||;!;;Amaraughaśāsana AmarŚās, 1: 1 56;uktaṁ ca bhagavatā maheśvareṇa ||;!;;Āpastambagṛhyasūtra ĀpGṛSū, 12: 11 9;tasmā anvāha tat savitur iti ||;!;;Arthaśāstra ArthaŚ, 1, 4: 4 15;sa tena guptaḥ prabhavati iti ||;!;;Arthaśāstra ArthaŚ, 1, 10: 10 10;tenodvegena rājā tān avarundhyāt ||;!;;Arthaśāstra ArthaŚ, 1, 15: 15 24;te yathā brūyustat kuryāt ||;!;;Arthaśāstra ArthaŚ, 1, 15: 15 42;tān ekaikaśaḥ pṛcchet samastāṁśca ||;!;;Arthaśāstra ArthaŚ, 1, 15: 15 55;sa taccakṣuḥ ||;!;;Arthaśāstra ArthaŚ, 4, 4: 43 2;tasya kaṇṭakaśodhanaṁ vakṣyāmaḥ ||;!;;Arthaśāstra ArthaŚ, 4, 8: 47 2;tāṁścāpadeśaiḥ pratisamānayet ||;!;;Aṣṭādhyāyī Aṣṭādhyāyī, 1, 4: 4 55;tatprayojako hetuś ca ||;!;;Aṣṭādhyāyī Aṣṭādhyāyī, 4, 2: 14 59;tad adhīte tad veda ||;!;;Aṣṭādhyāyī Aṣṭādhyāyī, 4, 2: 14 66;chandobrāhmaṇāni ca tadviṣayāṇi ||;!;;Aṣṭādhyāyī Aṣṭādhyāyī, 4, 2: 14 124;janapadatadavadhyoś ca ||;!;;Aṣṭādhyāyī Aṣṭādhyāyī, 4, 3: 15 2;tasminn aṇi ca yuṣmākāsmākau ||;!;;Aṣṭādhyāyī Aṣṭādhyāyī, 4, 3: 15 155;ñitaś ca tatpratyayāt ||;!;;Aṣṭādhyāyī Aṣṭādhyāyī, 7, 3: 27 29;tatpratyayasya ca ||;!;;Aṣṭādhyāyī Aṣṭādhyāyī, 5, 1: 17 16;tad asya tad asmin syād iti ||;!;;Aṣṭādhyāyī Aṣṭādhyāyī, 5, 1: 17 95;tasya ca dakṣiṇā yajñākhyebhyaḥ ||;!;;Aṣṭādhyāyī Aṣṭādhyāyī, 5, 3: 19 20;tayor dārhilau ca chandasi ||;!;;Aṣṭādhyāyī Aṣṭādhyāyī, 5, 3: 19 77;nītau ca tadyuktāt ||;!;;Aṣṭādhyāyī Aṣṭādhyāyī, 5, 3: 19 106;samāsāc ca tadviṣayāt ||;!;;Āśvalāyanagṛhyasūtra ĀśGS, 1, 7: 7 2;yat tu samānaṁ tad vakṣyāmaḥ ||;!;;Āśvalāyanagṛhyasūtra ĀśGS, 1, 1: 1 1;uktāni vaitānikāni gṛhyāni vakṣyāmaḥ ||;!;;Āyurvedadīpikā ĀVDīp zu Ca, Sū., 26, 8.9: 43 7;pūrvapakṣaśca kapilamatena te ||;!;;Āyurvedadīpikā ĀVDīp zu Ca, Sū., 1, 2: 2 21;uvāca caināṁścaturaḥ iti ||;!;;Ayurvedarasāyana Ayurvedarasāyana zu AHS, Sū., 9, 11.2: 15 11;tatsaṁkare ca yato bāhulyena ||;!;;Ayurvedarasāyana Ayurvedarasāyana zu AHS, Sū., 9, 13.1: 18 4;evaṁ ca tadaṣṭadhā saṁmatam ||;!;;Ayurvedarasāyana Ayurvedarasāyana zu AHS, Sū., 16, 1.2: 42 3;teṣāṁ prayogo vaktavyaḥ ||;!;;Ayurvedarasāyana Ayurvedarasāyana zu AHS, Sū., 16, 4.2: 47 2;taiḥ gurutvoktakramaiḥ ||;!;;Ayurvedarasāyana Ayurvedarasāyana zu AHS, Sū., 16, 13.1: 56 3;tac ca tailena ||;!;;Ayurvedarasāyana Ayurvedarasāyana zu AHS, Sū., 16, 13.1: 57 2;tac ca niśi ||;!;;Ayurvedarasāyana Ayurvedarasāyana zu AHS, Sū., 16, 16.1: 61 3;sa ca catuḥṣaṣṭidhā ||;!;;Baudhāyanadharmasūtra BaudhDhSū, 1, 3: 3 43;tayos tad eva pāvanam ||;!;;Bhāvaprakāśa BhPr, 1, 2: 1 241;ucyante khasabījāni te khākhasatilā api ||;!;;Carakasaṁhitā Ca, 3, 1: 39 12;tasmād rasaprabhāvataś ca dravyaprabhāvataś ca ;!;;Carakasaṁhitā Ca, 1, 22: 22 5;tamuktavantamātreyamagniveśa uvāca ha ||;!;;Daśakumāracarita DKCar, 2, 2: 7 258;arthapatau ca tadapayaśo rūḍham ||;!;;Daśakumāracarita DKCar, 2, 3: 8 61;tayoktam amba kiṁ bravīmi ||;!;;Daśakumāracarita DKCar, 2, 3: 8 155;atiṣṭhacca tanmate sa durmatiḥ ||;!;;Daśakumāracarita DKCar, 2, 3: 8 178;akūjacaca sā taṁ janaṁ kṛtāntadṛtīvāhvayantī ||;!;;Daśakumāracarita DKCar, 2, 4: 9 135;te cāsmābhiḥ pratyahamahanyanta ||;!;;Daśakumāracarita DKCar, 2, 5: 10 94;sa ca vilambitaḥ ||;!;;Daśakumāracarita DKCar, 2, 6: 11 6;sa tu tasyāḥ pāṇigrāhakamanujīviṣyati ||;!;;Daśakumāracarita DKCar, 2, 6: 11 36;tāmanvayāva cāvām ||;!;;Daśakumāracarita DKCar, 2, 6: 11 246;sā caināṁ nirbhartsayantī pratyācacakṣe ||;!;;Daśakumāracarita DKCar, 2, 7: 12 8;sa ca tathākārṣīt ||;!;;Daśakumāracarita DKCar, 2, 7: 12 81;taccādya siddham ||;!;;Daśakumāracarita DKCar, 2, 8: 13 176;suśrutaḥ ityukte so .tyahṛṣyat ||;!;;Divyāvadāna Divyāv, 1: 1 9;tacca naivam ||;!;;Divyāvadāna Divyāv, 1: 1 89;sā tenātyayam atyayataḥ kṣamāpitā ||;!;;Divyāvadāna Divyāv, 1: 1 139;tān dṛṣṭvā tasya kāruṇyamutpannam ||;!;;Divyāvadāna Divyāv, 1: 1 142;sa tānutsṛjya padbhyāṁ samprasthitaḥ ||;!;;Divyāvadāna Divyāv, 1: 1 145;sa tasya sakāśamupasaṁkrāntaḥ ||;!;;Divyāvadāna Divyāv, 1: 1 167;sa tasya sakāśamupasaṁkrāntaḥ ||;!;;Divyāvadāna Divyāv, 1: 1 190;sa tairdūrata eva dṛṣṭaḥ ||;!;;Divyāvadāna Divyāv, 1: 1 191;te taṁ pratyavabhāṣitumārabdhāḥ ||;!;;Divyāvadāna Divyāv, 1: 1 194;sa taiḥ snāpito bhojitaḥ ||;!;;Divyāvadāna Divyāv, 1: 1 199;tā api apsaraso .ntarhitāśca ||;!;;Divyāvadāna Divyāv, 1: 1 239;sa tena snāpito bhojitaḥ ||;!;;Divyāvadāna Divyāv, 1: 1 325;tena tasyāḥ pratijñātam ||;!;;Divyāvadāna Divyāv, 1: 1 328;sa tasminneva vimāne uṣitaḥ ||;!;;Divyāvadāna Divyāv, 1: 1 341;sa tasyaurabhrikasya sakāśamupasaṁkrāntaḥ ||;!;;Divyāvadāna Divyāv, 1: 1 369;sa tasyā veśyāyāḥ sakāśamupasaṁkrāntaḥ ||;!;;Divyāvadāna Divyāv, 1: 1 397;sa taiḥ svareṇa pratyabhijñātaḥ ||;!;;Divyāvadāna Divyāv, 1: 1 428;sa tenopasaṁpāditaḥ ||;!;;Divyāvadāna Divyāv, 1: 1 494;taiḥ sa dvāre baddhvā sthāpitaḥ ||;!;;Divyāvadāna Divyāv, 1: 1 508;tena te karapratyāyāḥ samucchinnāḥ ||;!;;Divyāvadāna Divyāv, 2: 2 39;tayā tasyārocitam ||;!;;Divyāvadāna Divyāv, 2: 2 120;tābhiḥ sā pṛṣṭā tayā samākhyātam ||;!;;Divyāvadāna Divyāv, 2: 2 136;te ca daivayogāt samprāptāḥ ||;!;;Divyāvadāna Divyāv, 2: 2 183;sa tamādāya vīthīṁ samprasthitaḥ ||;!;;Divyāvadāna Divyāv, 2: 2 188;sa tat kāṣṭhaṁ nirīkṣitumārabdhaḥ ||;!;;Divyāvadāna Divyāv, 2: 2 219;tena tāstisro gaṇḍikā darśitāḥ ||;!;;Divyāvadāna Divyāv, 2: 2 295;sa saṁsiddhayānapātraśca pratyāgataḥ ||;!;;Divyāvadāna Divyāv, 2: 2 307;tena te śrutāḥ ||;!;;Divyāvadāna Divyāv, 2: 2 337;sa cāhaṁ ca ||;!;;Divyāvadāna Divyāv, 2: 2 419;sa tābhyāṁ mānaṁ grāhitaḥ ||;!;;Divyāvadāna Divyāv, 2: 2 426;sa ca yakṣāṇām yakṣasamitiṁ gataḥ ||;!;;Divyāvadāna Divyāv, 3: 3 106;sa tān māṇavakān maitreyāya anupradāsyati ||;!;;Divyāvadāna Divyāv, 3: 3 197;tatsamanantaraṁ ca śaṅkha āpūritaḥ ||;!;;Divyāvadāna Divyāv, 5: 5 23;sa cātīva kavipriyaḥ ||;!;;Divyāvadāna Divyāv, 7: 7 33;sa tasyāḥ sakāśamupasaṁkrāntaḥ ||;!;;Divyāvadāna Divyāv, 7: 7 34;tasyāśca bhikṣāyāmāyāsaḥ sampannaḥ ||;!;;Divyāvadāna Divyāv, 7: 7 41;sā tāmapanetumārabdhā ||;!;;Divyāvadāna Divyāv, 7: 7 42;tasyāstasminnācāme .ṅguliḥ patitā ||;!;;Divyāvadāna Divyāv, 7: 7 140;sa tasya kṣetraṁ rakṣitumārabdhaḥ ||;!;;Divyāvadāna Divyāv, 7: 7 149;sā tāmādāya gatā ||;!;;Divyāvadāna Divyāv, 7: 7 192;sa tayā prajvalitaḥ pradīpaḥ prajvalatyeva ||;!;;Divyāvadāna Divyāv, 8: 8 265;saṁvṛtā ca sā nadī ||;!;;Divyāvadāna Divyāv, 9: 9 70;taiḥ pratijñātaṁ kriyākāraśca kṛtaḥ ||;!;;Divyāvadāna Divyāv, 10: 10 51;taiścaivaṁ praṇidhānaṁ kṛtam ||;!;;Divyāvadāna Divyāv, 12: 12 176;tat tasyopari nipatitam ||;!;;Divyāvadāna Divyāv, 13: 13 18;sa caivaṁ cintayati ||;!;;Divyāvadāna Divyāv, 13: 13 148;sa tayā mukhabimbakena pratyabhijñātaḥ ||;!;;Divyāvadāna Divyāv, 13: 13 157;tayā gatvā tasyāḥ pracchannaṁ kathitam ||;!;;Divyāvadāna Divyāv, 13: 13 299;tasya tannīlakṛtsnam āmukhībhūtam ||;!;;Divyāvadāna Divyāv, 13: 13 487;sa gṛhapatistaṁ dṛṣṭvā paryavasthitaḥ ||;!;;Divyāvadāna Divyāv, 13: 13 497;sa tasyānugrahārthamavatīrṇaḥ ||;!;;Divyāvadāna Divyāv, 17: 17 197;tenoktam bakānāṁ pakṣāṇi śīryantām ||;!;;Divyāvadāna Divyāv, 17: 17 222;sa ca rājā janapadān pṛcchati ||;!;;Divyāvadāna Divyāv, 17: 17 326;taiḥ sa rājā dṛṣṭa āgacchan ||;!;;Divyāvadāna Divyāv, 18: 18 200;tadapi cābhyavahṛtam ||;!;;Divyāvadāna Divyāv, 18: 18 207;sa ca svairaṁ bhuñjati ||;!;;Divyāvadāna Divyāv, 18: 18 212;tena tadapi bhuktam ||;!;;Divyāvadāna Divyāv, 18: 18 298;sa ca parinirvṛtaḥ ||;!;;Divyāvadāna Divyāv, 18: 18 301;sa ca bhagavān parinirvṛtaḥ ||;!;;Divyāvadāna Divyāv, 18: 18 372;tasya ca rājño devatayā ārocitam ||;!;;Divyāvadāna Divyāv, 18: 18 390;sa tān dṛṣṭvā pratibuddhaḥ ||;!;;Divyāvadāna Divyāv, 18: 18 506;sa ca gṛhapatiḥ śrāddhaḥ ||;!;;Divyāvadāna Divyāv, 19: 19 232;taistad dṛṣṭam ||;!;;Divyāvadāna Divyāv, 19: 19 273;sa tāṁ gṛhītvā vīthīṁ gataḥ ||;!;;Divyāvadāna Divyāv, 19: 19 289;taiste punaḥ pratyavekṣitāḥ ||;!;;Divyāvadāna Divyāv, 19: 19 291;sa tairgṛhītaḥ ||;!;;Divyāvadāna Divyāv, 19: 19 313;sa taiḥ śabditaḥ ||;!;;Divyāvadāna Divyāv, 19: 19 338;tena tasya kārṣāpaṇasahasraṁ dattam ||;!;;Divyāvadāna Divyāv, 19: 19 404;sa taṁ tāḍayitumārabdhaḥ ||;!;;Divyāvadāna Divyāv, 19: 19 416;sa tasya gṛhaṁ gataḥ ||;!;;Divyāvadāna Divyāv, 19: 19 552;sa tena praveśitaḥ ||;!;;Gautamadharmasūtra GautDhS, 1, 1: 1 2;tadvidāṁ ca smṛtiśīle ||;!;;Gautamadharmasūtra GautDhS, 1, 1: 1 10;tad yasmāt sa ācāryaḥ ||;!;;Gautamadharmasūtra GautDhS, 1, 1: 1 48;tad adbhiḥ pūrvaṁ mṛdā ca ||;!;;Gautamadharmasūtra GautDhS, 1, 2: 2 31;tadbhāryāputreṣu caivam ||;!;;Gautamadharmasūtra GautDhS, 1, 8: 8 7;tadapekṣas tadvṛttiḥ ||;!;;Gautamadharmasūtra GautDhS, 2, 1: 10 63;tena cottaraḥ ||;!;;Gautamadharmasūtra GautDhS, 2, 4: 13 10;pramattokte ca ||;!;;Gautamadharmasūtra GautDhS, 2, 5: 14 34;tatstrīṇāṁ ca ||;!;;Gautamadharmasūtra GautDhS, 2, 6: 15 12;na ca tena mitrakarma kuryāt ||;!;;Gautamadharmasūtra GautDhS, 2, 6: 15 17;upapatiḥ |yasya ca saḥ ||;!;;Gautamadharmasūtra GautDhS, 3, 1: 19 1;ukto varṇadharmaś cāśramadharmaś ca ||;!;;Gautamadharmasūtra GautDhS, 3, 3: 21 3;taiś cābdaṁ samācaran ||;!;;Gautamadharmasūtra GautDhS, 3, 3: 21 14;tasya ca pratigrahītetyeke ||;!;;Gautamadharmasūtra GautDhS, 3, 9: 27 2;tasyokto vidhiḥ kṛcchre ||;!;;Gopathabrāhmaṇa NEW GB, 1, 1, 9: 9 6;tadapyetadṛcoktam ||;!;;Gopathabrāhmaṇa NEW GB, 1, 1, 11: 11 1;sa āvataś ca parāvataś cānvaikṣata ||;!;;Gopathabrāhmaṇa NEW GB, 1, 1, 12: 12 8;tad apy etad ṛcoktam ||;!;;Gopathabrāhmaṇa NEW GB, 1, 1, 22: 22 10;tad apy etadṛcoktam ||;!;;Gopathabrāhmaṇa NEW GB, 1, 1, 23: 23 6;te tam abruvan ||;!;;Gopathabrāhmaṇa NEW GB, 1, 1, 23: 23 8;sa hovāca ||;!;;Gopathabrāhmaṇa NEW GB, 1, 2, 5: 44 2;tāv ūcatur janamejayaṁ pārīkṣitam abhyājagāma ||;!;;Gopathabrāhmaṇa NEW GB, 1, 2, 5: 44 3;sa hovāca ||;!;;Gopathabrāhmaṇa NEW GB, 1, 2, 10: 49 3;taṁ mātovāca ||;!;;Gopathabrāhmaṇa NEW GB, 1, 2, 15: 54 28;te pathirakṣayas ta iyakṣamāṇaṁ pratinudantaḥ ||;!;;Jaiminīyabrāhmaṇa JB, 1, 12: 5 7;tām annam akuruta tāṁ pratyudadīpyata ||;!;;Jaiminīyabrāhmaṇa JB, 1, 12: 5 12;tām annam akuruta tāṁ pratyudadīpyata ||;!;;Janmamaraṇavicāra JanMVic, 1: 1 31;sā ca pṛthivyām eva vyavasthitā ||;!;;Kāmasūtra KāSū, 1, 1: 1 3;tatsamayāvabodhakebhyaścācāryebhyaḥ ||;!;;Kāmasūtra KāSū, 3, 3: 18 4;tān iṅgitākārān vakṣyāmaḥ ||;!;;Kāmasūtra KāSū, 4, 2: 22 60;tāsāṁ yathoktakakṣāṇi sthānāni ||;!;;Kāmasūtra KāSū, 5, 4: 26 18;tasyāstayaiva pratyuttarāṇi yojayet ||;!;;Khādiragṛhyasūtra KhGṛS, 2, 5: 7 6;uktam upanayanam ||;!;;Lalitavistara LalVis, 1: 1 3;tadyathāyuṣmatā ca jñānakauṇḍinyena ||;!;;Lalitavistara LalVis, 12: 12 23;sa tasyāstaṁ lekhamupanāmayati sma ||;!;;Mahābhārata MBh, 1, 3: 3 103;sa evam ukto naicchat ||;!;;Maitrāyaṇīsaṁhitā MS, 2, 1, 1: 18 10;tāṁ vai tasmai kāmāyālabhanta ||;!;;Mṛgendraṭīkā MṛgṬīkā zu MṛgT, Vidyāpāda, 1, 1.2: 1 46;etac ca yathāvasaraṁ vakṣyāmaḥ ||;!;;Mṛgendraṭīkā MṛgṬīkā zu MṛgT, Vidyāpāda, 2, 9.2: 39 2;tathā coktaṁ rurusaṁhitāyām ||;!;;Mṛgendraṭīkā MṛgṬīkā zu MṛgT, Vidyāpāda, 2, 18.1: 52 12;tac ca ghaṭatvād bhinnam ||;!;;Mṛgendraṭīkā MṛgṬīkā zu MṛgT, Vidyāpāda, 3, 2.1: 65 3;tac ca ||;!;;Mṛgendraṭīkā MṛgṬīkā zu MṛgT, Vidyāpāda, 3, 4.2: 68 2;uktaṁ ca śrīmatkiraṇe ||;!;;Mṛgendraṭīkā MṛgṬīkā zu MṛgT, Vidyāpāda, 3, 11.1: 78 2;taduktam ||;!;;Mṛgendraṭīkā MṛgṬīkā zu MṛgT, Vidyāpāda, 5, 18.2: 116 4;iti tatsvarūpamuktam ||;!;;Mṛgendraṭīkā MṛgṬīkā zu MṛgT, Vidyāpāda, 7, 8.2: 139 12;tac cāñjanam ||;!;;Mṛgendraṭīkā MṛgṬīkā zu MṛgT, Vidyāpāda, 8, 3.2: 156 5;tacca ||;!;;Mṛgendraṭīkā MṛgṬīkā zu MṛgT, Vidyāpāda, 8, 4.1: 157 3;bhogyaṁ ca tatphaladvāreṇa ||;!;;Mṛgendraṭīkā MṛgṬīkā zu MṛgT, Vidyāpāda, 11, 1.2: 213 4;atha taducyate ||;!;;Mṛgendraṭīkā MṛgṬīkā zu MṛgT, Vidyāpāda, 12, 3.2: 241 2;sa ca sāttvika eva ||;!;;Mṛgendraṭīkā MṛgṬīkā zu MṛgT, Vidyāpāda, 12, 10.2: 249 3;pāriśeṣyācca manastadvijñeyam ||;!;;Mṛgendraṭīkā MṛgṬīkā zu MṛgT, Vidyāpāda, 12, 16.1: 253 4;na ca tadātmakānyakṣāṇi ||;!;;Mugdhāvabodhinī MuA zu RHT, 6, 13.2: 131 1;taccāha pañcabhirityādi ||;!;;Mugdhāvabodhinī MuA zu RHT, 9, 11.2: 166 1;taccāha sasyakamityādi ||;!;;Mugdhāvabodhinī MuA zu RHT, 9, 12.2: 167 1;taccāha kṣārairityādi ||;!;;Mugdhāvabodhinī MuA zu RHT, 9, 15.2: 170 1;taccāha raktagaṇetyādi ||;!;;Mugdhāvabodhinī MuA zu RHT, 11, 10.2: 193 1;taccāha raktetyādi ||;!;;Mugdhāvabodhinī MuA zu RHT, 13, 2.2: 210 1;taccāha mākṣīketyādi ||;!;;Mugdhāvabodhinī MuA zu RHT, 13, 3.2: 211 1;taccāha mākṣīketyādi ||;!;;Mugdhāvabodhinī MuA zu RHT, 13, 6: 214 1;taccāha kāntetyādi ||;!;;Mugdhāvabodhinī MuA zu RHT, 14, 8.1: 218 6;taccāha saṁsthāpyetyādi ||;!;;Mugdhāvabodhinī MuA zu RHT, 14, 8.1: 218 8;taccāha lavaṇetyādi ||;!;;Mugdhāvabodhinī MuA zu RHT, 14, 8.1: 218 13;taccāha tāvadityādi ||;!;;Mugdhāvabodhinī MuA zu RHT, 14, 8.1: 218 16;taccāha utkhanyetyādi ||;!;;Mugdhāvabodhinī MuA zu RHT, 14, 8.1: 218 23;taccāha paścādityādi ||;!;;Mugdhāvabodhinī MuA zu RHT, 14, 14.2: 223 3;taccāha bāhya ityādi ||;!;;Mugdhāvabodhinī MuA zu RHT, 16, 16.2: 252 4;sā ca mṛdā mṛtsnayā lepyā ||;!;;Mugdhāvabodhinī MuA zu RHT, 18, 40.3: 300 3;taccāha ahītyādi ||;!;;Mugdhāvabodhinī MuA zu RHT, 18, 55.2: 305 3;taccāha nirguṇḍītyādi ||;!;;Mugdhāvabodhinī MuA zu RHT, 18, 55.2: 305 6;taccāha tāre ityādi ||;!;;Mugdhāvabodhinī MuA zu RHT, 18, 57.1: 306 4;taccāha hemnetyādi ||;!;;Mugdhāvabodhinī MuA zu RHT, 18, 59.1: 307 2;taccāha krāmaṇetyādi ||;!;;Mugdhāvabodhinī MuA zu RHT, 18, 63.2: 308 1;taccāha yantramityādi ||;!;;Mugdhāvabodhinī MuA zu RHT, 18, 63.2: 308 11;taccāha gṛhṇīyād ityādi ||;!;;Mugdhāvabodhinī MuA zu RHT, 18, 67.2: 309 5;taccāha madhye ityādi ||;!;;Mugdhāvabodhinī MuA zu RHT, 18, 67.2: 309 8;taccāha liptvetyādi ||;!;;Mugdhāvabodhinī MuA zu RHT, 18, 70.2: 312 1;taccāha paścādityādi ||;!;;Mugdhāvabodhinī MuA zu RHT, 19, 23.2: 333 1;taccāha trikaṭuketyādi ||;!;;Mugdhāvabodhinī MuA zu RHT, 19, 33.2: 338 5;taccāha triphaletyādi ||;!;;Mugdhāvabodhinī MuA zu RHT, 19, 33.2: 338 9;taccāha māsenetyādi ||;!;;Mugdhāvabodhinī MuA zu RHT, 19, 48.2: 350 1;taccāha varjitetyādi ||;!;;Mugdhāvabodhinī MuA zu RHT, 19, 53.2: 355 1;taccāha karkoṭītyādi ||;!;;Mugdhāvabodhinī MuA zu RHT, 19, 56.2: 358 1;taccāha śarapuṅkhetyādi ||;!;;Mugdhāvabodhinī MuA zu RHT, 19, 64.2: 363 5;taccāha evamityādi ||;!;;Nāṭyaśāstravivṛti NŚVi zu NāṭŚ, 6, 66.2: 2 25;omityāha sa ceti ||;!;;Nāṭyaśāstravivṛti NŚVi zu NāṭŚ, 6, 32.2: 1 12;sa cobhayorapi ||;!;;Nāṭyaśāstravivṛti NŚVi zu NāṭŚ, 6, 32.2: 1 140;na ca sā pratītiryuktā ||;!;;Nibandhasaṁgraha NiSaṁ zu Su, Sū., 1, 25.1: -1 1;tadyuktam teṣāmityādi ||;!;;Nibandhasaṁgraha NiSaṁ zu Su, Sū., 1, 25.1: -1 2;ca viṁśatireva jīvanamātraṁ doṣotpādanenātmanaḥ ;!;;Nibandhasaṁgraha NiSaṁ zu Su, Sū., 24, 11.2: -1 2;ceti iti teṣu prāgabhidhānaṁ punararthe ||;!;;Nibandhasaṁgraha NiSaṁ zu Su, Utt., 1, 8.1: -1 19;yathāśastram tasya ca ||;!;;Nyāyasūtra NyāSū, 2, 1: 3 28;taiścāpadeśo jñānaviśeṣāṇām ||;!;;Nyāyasūtra NyāSū, 3, 1: 5 71;tena eva tasyāgrahaṇāt ca ||;!;;Nyāyasūtra NyāSū, 4, 2: 8 8;teṣu cāvṛtteravayavyabhāvaḥ ||;!;;Nyāyasūtra NyāSū, 4, 2: 8 45;tadabhāvaścāpavarge ||;!;;Nyāyasūtra NyāSū, 5, 2: 10 25;hetvābhāsāśca yathoktāḥ ||;!;;Pañcārthabhāṣya PABh zu PāśupSūtra, 1, 1: 1 15;tad ucyate arthaprasiddhyartham ||;!;;Pañcārthabhāṣya PABh zu PāśupSūtra, 1, 2: 2 17;tad ucyate snāyīta ||;!;;Pañcārthabhāṣya PABh zu PāśupSūtra, 1, 3: 3 17;tad ucyate ||;!;;Pañcārthabhāṣya PABh zu PāśupSūtra, 1, 4: 4 10;tad ucyate ||;!;;Pañcārthabhāṣya PABh zu PāśupSūtra, 1, 5: 5 7;tad ucyate iha ||;!;;Pañcārthabhāṣya PABh zu PāśupSūtra, 1, 6: 6 14;tad ucyate āyatane ||;!;;Pañcārthabhāṣya PABh zu PāśupSūtra, 1, 8: 8 26;apasavyaṁ ca pradakṣiṇam upariṣṭād vakṣyāmaḥ ||;!;;Pañcārthabhāṣya PABh zu PāśupSūtra, 1, 8: 8 30;tad ucyate ||;!;;Pañcārthabhāṣya PABh zu PāśupSūtra, 1, 9: 9 62;sā ca hiṁsā trividhā bhavati ||;!;;Pañcārthabhāṣya PABh zu PāśupSūtra, 1, 9: 9 119;tac ca dvividham ||;!;;Pañcārthabhāṣya PABh zu PāśupSūtra, 1, 9: 9 239;tac ca śaucaṁ trividham ||;!;;Pañcārthabhāṣya PABh zu PāśupSūtra, 1, 9: 9 323;sā vācyā gṛhasthādivat ||;!;;Pañcārthabhāṣya PABh zu PāśupSūtra, 1, 9: 9 324;taducyate na ||;!;;Pañcārthabhāṣya PABh zu PāśupSūtra, 1, 14: 15 6;tad ucyate upasparśanam ||;!;;Pañcārthabhāṣya PABh zu PāśupSūtra, 1, 16: 17 3;sa ca puruṣavṛttir draṣṭavyaḥ ||;!;;Pañcārthabhāṣya PABh zu PāśupSūtra, 1, 16: 17 23;tad ucyate japyam ||;!;;Pañcārthabhāṣya PABh zu PāśupSūtra, 1, 17: 18 8;tad ucyate gāyatrī ||;!;;Pañcārthabhāṣya PABh zu PāśupSūtra, 1, 17: 18 24;tad ucyate akaluṣatvam ||;!;;Pañcārthabhāṣya PABh zu PāśupSūtra, 1, 18: 19 8;iha ca purastād uktam ||;!;;Pañcārthabhāṣya PABh zu PāśupSūtra, 1, 18: 19 10;te cotpannā matāv abhivyajyante ||;!;;Pañcārthabhāṣya PABh zu PāśupSūtra, 1, 18: 19 26;tad ucyate caritavyam ||;!;;Pañcārthabhāṣya PABh zu PāśupSūtra, 1, 19.1: 20 5;tad ucyate ||;!;;Pañcārthabhāṣya PABh zu PāśupSūtra, 1, 20: 21 6;tad ucyate yogaḥ pravartate ||;!;;Pañcārthabhāṣya PABh zu PāśupSūtra, 1, 21: 22 3;tatprāptiś ca yogapravṛttitaḥ ||;!;;Pañcārthabhāṣya PABh zu PāśupSūtra, 1, 21: 22 5;tad ucyante ||;!;;Pañcārthabhāṣya PABh zu PāśupSūtra, 1, 23: 24 16;tad ucyate ||;!;;Pañcārthabhāṣya PABh zu PāśupSūtra, 1, 24: 25 13;tac ca na ||;!;;Pañcārthabhāṣya PABh zu PāśupSūtra, 1, 33: 34 6;tad ucyate ||;!;;Pañcārthabhāṣya PABh zu PāśupSūtra, 1, 34: 35 8;tad ucyate ||;!;;Pañcārthabhāṣya PABh zu PāśupSūtra, 1, 35: 36 9;tad ucyate ||;!;;Pañcārthabhāṣya PABh zu PāśupSūtra, 1, 40: 41 23;tad ucyate prapattavyam ||;!;;Pañcārthabhāṣya PABh zu PāśupSūtra, 1, 42: 43 13;tad ucyate na ||;!;;Pañcārthabhāṣya PABh zu PāśupSūtra, 1, 43: 44 10;tad ucyate yasmād āha ||;!;;Pañcārthabhāṣya PABh zu PāśupSūtra, 2, 1.1: 46 4;tad ucyate ||;!;;Pañcārthabhāṣya PABh zu PāśupSūtra, 2, 3: 48 4;tad ucyate siddhasādhakapaśūnām ||;!;;Pañcārthabhāṣya PABh zu PāśupSūtra, 2, 5: 50 34;tad vācyam ||;!;;Pañcārthabhāṣya PABh zu PāśupSūtra, 2, 5: 50 48;vṛttilābhaścotpattirityucyate ||;!;;Pañcārthabhāṣya PABh zu PāśupSūtra, 2, 5: 50 55;taducyate yatheṣṭam ||;!;;Pañcārthabhāṣya PABh zu PāśupSūtra, 2, 6: 51 15;taducyate yasmādāha āṅ iti ||;!;;Pañcārthabhāṣya PABh zu PāśupSūtra, 2, 6: 51 19;taducyate ;!;;Pañcārthabhāṣya PABh zu PāśupSūtra, 2, 7: 52 3;upakṣipyottaratra maṅgalaṁ pradakṣiṇaṁ ca vakṣyāmaḥ ||;!;;Pañcārthabhāṣya PABh zu PāśupSūtra, 2, 9: 54 8;taducyate ubhayathā yaṣṭavyaḥ ||;!;;Pañcārthabhāṣya PABh zu PāśupSūtra, 2, 9: 54 20;taducyate ||;!;;Pañcārthabhāṣya PABh zu PāśupSūtra, 2, 10: 55 11;taducyate ||;!;;Pañcārthabhāṣya PABh zu PāśupSūtra, 2, 11: 56 25;taducyate ||;!;;Pañcārthabhāṣya PABh zu PāśupSūtra, 2, 12: 57 28;taducyate ||;!;;Pañcārthabhāṣya PABh zu PāśupSūtra, 2, 13: 58 20;taducyate ||;!;;Pañcārthabhāṣya PABh zu PāśupSūtra, 2, 15: 60 18;ataścetyucyate atiyajanam ||;!;;Pañcārthabhāṣya PABh zu PāśupSūtra, 2, 19: 64 4;tasmādatra tapastadeva ||;!;;Pañcārthabhāṣya PABh zu PāśupSūtra, 2, 19: 64 10;taducyate kurute māhātmyam ||;!;;Pañcārthabhāṣya PABh zu PāśupSūtra, 2, 25: 70 11;taducyate bhūtānām ||;!;;Pañcārthabhāṣya PABh zu PāśupSūtra, 2, 26: 71 4;taducyate damanāya ||;!;;Pañcārthabhāṣya PABh zu PāśupSūtra, 3, 1.1: 73 6;tad ucyate ||;!;;Pañcārthabhāṣya PABh zu PāśupSūtra, 3, 2: 74 8;taducyate avamānaḥ ||;!;;Pañcārthabhāṣya PABh zu PāśupSūtra, 3, 3: 75 3;uktaṁ ca ||;!;;Pañcārthabhāṣya PABh zu PāśupSūtra, 3, 3: 75 7;taducyate ||;!;;Pañcārthabhāṣya PABh zu PāśupSūtra, 3, 4: 76 12;taducyate caritavyam ||;!;;Pañcārthabhāṣya PABh zu PāśupSūtra, 3, 7: 79 14;taducyate ||;!;;Pañcārthabhāṣya PABh zu PāśupSūtra, 3, 8: 80 4;iha coktaṁ pāpamiti ||;!;;Pañcārthabhāṣya PABh zu PāśupSūtra, 3, 8: 80 14;taducyate vṛddhirapyasti ||;!;;Pañcārthabhāṣya PABh zu PāśupSūtra, 3, 10: 82 8;taducyate na ||;!;;Pañcārthabhāṣya PABh zu PāśupSūtra, 3, 11: 83 14;taducyate ||;!;;Pañcārthabhāṣya PABh zu PāśupSūtra, 3, 16: 88 8;taducyate na ||;!;;Pañcārthabhāṣya PABh zu PāśupSūtra, 3, 18: 90 7;taducyate ||;!;;Pañcārthabhāṣya PABh zu PāśupSūtra, 3, 20: 92 4;taducyate ||;!;;Pañcārthabhāṣya PABh zu PāśupSūtra, 3, 21: 93 11;taducyate na ||;!;;Pañcārthabhāṣya PABh zu PāśupSūtra, 3, 23.1: 95 11;taducyate ||;!;;Pañcārthabhāṣya PABh zu PāśupSūtra, 3, 24: 96 7;taducyate iha ||;!;;Pañcārthabhāṣya PABh zu PāśupSūtra, 3, 25: 97 9;taducyate ||;!;;Pañcārthabhāṣya PABh zu PāśupSūtra, 3, 26: 98 5;taducyate viśiṣṭe parigrahāt ||;!;;Pañcārthabhāṣya PABh zu PāśupSūtra, 4, 1: 99 9;tasmādatra tapastadeva ||;!;;Pañcārthabhāṣya PABh zu PāśupSūtra, 4, 1: 99 29;taducyate vratādīni ||;!;;Pañcārthabhāṣya PABh zu PāśupSūtra, 4, 4: 102 11;taducyate ||;!;;Pañcārthabhāṣya PABh zu PāśupSūtra, 4, 7.1: 105 5;taducyate na ||;!;;Pañcārthabhāṣya PABh zu PāśupSūtra, 4, 7.1: 105 13;taducyate utsṛṣṭam ||;!;;Pañcārthabhāṣya PABh zu PāśupSūtra, 4, 7.1: 105 17;tac ca trividhamutsṛṣṭam ||;!;;Pañcārthabhāṣya PABh zu PāśupSūtra, 4, 9: 107 19;taducyate sarveṣām ||;!;;Pañcārthabhāṣya PABh zu PāśupSūtra, 4, 9: 107 24;taducyate uttamaḥ ||;!;;Pañcārthabhāṣya PABh zu PāśupSūtra, 4, 9: 107 28;iha coktam uttama iti ||;!;;Pañcārthabhāṣya PABh zu PāśupSūtra, 4, 9: 107 39;so .smatpratyayārtham vācyaḥ ||;!;;Pañcārthabhāṣya PABh zu PāśupSūtra, 4, 9: 107 40;taducyate ||;!;;Pañcārthabhāṣya PABh zu PāśupSūtra, 4, 10: 108 37;taducyate ||;!;;Pañcārthabhāṣya PABh zu PāśupSūtra, 4, 12: 110 7;sa teṣām iṣṭāpūrtam ādatteti ||;!;;Pañcārthabhāṣya PABh zu PāśupSūtra, 4, 13: 111 14;taducyate ||;!;;Pañcārthabhāṣya PABh zu PāśupSūtra, 4, 14: 112 9;taducyate ||;!;;Pañcārthabhāṣya PABh zu PāśupSūtra, 4, 15: 113 4;taducyate iha yasmādāha ||;!;;Pañcārthabhāṣya PABh zu PāśupSūtra, 4, 22: 120 12;taducyate ||;!;;Pañcārthabhāṣya PABh zu PāśupSūtra, 4, 23: 121 10;taducyate paraśaktitaḥ ||;!;;Pañcārthabhāṣya PABh zu PāśupSūtra, 5, 6: 128 3;taducyate ||;!;;Pañcārthabhāṣya PABh zu PāśupSūtra, 5, 7: 129 6;taducyate siddhatvāt ||;!;;Pañcārthabhāṣya PABh zu PāśupSūtra, 5, 7: 129 36;taducyate iha yasmādāha ||;!;;Pañcārthabhāṣya PABh zu PāśupSūtra, 5, 9.1: 131 15;taducyate ||;!;;Pañcārthabhāṣya PABh zu PāśupSūtra, 5, 10: 132 7;taducyate jitendriyatvam ||;!;;Pañcārthabhāṣya PABh zu PāśupSūtra, 5, 12: 134 21;taducyate ||;!;;Pañcārthabhāṣya PABh zu PāśupSūtra, 5, 13: 135 16;taducyate ||;!;;Pañcārthabhāṣya PABh zu PāśupSūtra, 5, 14: 136 6;taducyate pātre ||;!;;Pañcārthabhāṣya PABh zu PāśupSūtra, 5, 15: 137 6;taducyate na ||;!;;Pañcārthabhāṣya PABh zu PāśupSūtra, 5, 16: 138 10;taducyate apaḥ pītvā stheyam ||;!;;Pañcārthabhāṣya PABh zu PāśupSūtra, 5, 17: 139 15;taducyate upayoktavyam ||;!;;Pañcārthabhāṣya PABh zu PāśupSūtra, 5, 17: 139 25;taducyate na ||;!;;Pañcārthabhāṣya PABh zu PāśupSūtra, 5, 18: 140 4;taduttaratra vakṣyāmaḥ ||;!;;Pañcārthabhāṣya PABh zu PāśupSūtra, 5, 18: 140 9;taducyate ||;!;;Pañcārthabhāṣya PABh zu PāśupSūtra, 5, 20: 142 10;taducyate karmaṇā ||;!;;Pañcārthabhāṣya PABh zu PāśupSūtra, 5, 20: 142 17;taducyate na ||;!;;Pañcārthabhāṣya PABh zu PāśupSūtra, 5, 20: 142 36;taducyate na ||;!;;Pañcārthabhāṣya PABh zu PāśupSūtra, 5, 21: 143 18;taducyate ātmayantritaḥ ||;!;;Pañcārthabhāṣya PABh zu PāśupSūtra, 5, 22: 144 10;taducyate ||;!;;Pañcārthabhāṣya PABh zu PāśupSūtra, 5, 24: 146 18;taducyate ||;!;;Pañcārthabhāṣya PABh zu PāśupSūtra, 5, 26: 148 19;taducyate ||;!;;Pañcārthabhāṣya PABh zu PāśupSūtra, 5, 27: 149 7;taducyate na ||;!;;Pañcārthabhāṣya PABh zu PāśupSūtra, 5, 29: 151 2;taducyate na ||;!;;Pañcārthabhāṣya PABh zu PāśupSūtra, 5, 29: 151 16;tasmādyuktamuktam ||;!;;Pañcārthabhāṣya PABh zu PāśupSūtra, 5, 29: 151 22;taducyate na ||;!;;Pañcārthabhāṣya PABh zu PāśupSūtra, 5, 32: 154 9;taducyate na ||;!;;Pañcārthabhāṣya PABh zu PāśupSūtra, 5, 34: 156 9;taducyate chittvā ||;!;;Pañcārthabhāṣya PABh zu PāśupSūtra, 5, 34: 156 37;sa bhavatu teṣām ||;!;;Pañcārthabhāṣya PABh zu PāśupSūtra, 5, 34: 156 46;parapīḍāyāṁ ca yathoktaḥ ||;!;;Pañcārthabhāṣya PABh zu PāśupSūtra, 5, 34: 156 81;te bhavantu teṣām ||;!;;Pañcārthabhāṣya PABh zu PāśupSūtra, 5, 34: 156 134;taducyate mūlam ||;!;;Pañcārthabhāṣya PABh zu PāśupSūtra, 5, 34: 156 138;taducyate ||;!;;Pañcārthabhāṣya PABh zu PāśupSūtra, 5, 38: 160 9;sā ca cintā dvividhā bhavati ||;!;;Pañcārthabhāṣya PABh zu PāśupSūtra, 5, 40: 162 9;padārthanigamanārthe cocyate ||;!;;Pañcārthabhāṣya PABh zu PāśupSūtra, 5, 44: 166 6;taducyate nityam ||;!;;Parāśarasmṛtiṭīkā Parāśarasmṛtiṭīkā zu ParDhSmṛti, 2, 2.1: 1 16;tacca sarvatra prasiddham ||;!;;Parāśarasmṛtiṭīkā Parāśarasmṛtiṭīkā zu ParDhSmṛti, 2, 15.2: 16 7;te cāśramāścaturvidhāḥ ||;!;;Parāśarasmṛtiṭīkā Parāśarasmṛtiṭīkā zu ParDhSmṛti, 2, 15.2: 16 81;tacca snānānantaraṁ kāryam ||;!;;Parāśarasmṛtiṭīkā Parāśarasmṛtiṭīkā zu ParDhSmṛti, 2, 15.2: 16 257;tacca navatantukaṁ kāryam ||;!;;Parāśarasmṛtiṭīkā Parāśarasmṛtiṭīkā zu ParDhSmṛti, 2, 15.2: 16 391;tacca ṣoḍaśe varṣe kāryam ||;!;;Parāśarasmṛtiṭīkā Parāśarasmṛtiṭīkā zu ParDhSmṛti, 2, 15.2: 16 598;tāni ca niṣedhavacanāni yathā ||;!;;Pāraskaragṛhyasūtra Pāraskaragṛhyasūtra, 1, 8: 6 13;tasmāt tayor grāmaḥ pramānam iti śruteḥ ||;!;;Pāśupatasūtra PāśupSūtra, 3: 3 8;pāpaṁ ca tebhyo dadāti ||;!;;Pāśupatasūtra PāśupSūtra, 3: 3 9;sukṛtaṁ ca teṣāmādatte ||;!;;Pāśupatasūtra PāśupSūtra, 4: 4 11;sa teṣāmiṣṭāpūrtamādatta ||;!;;Prasannapadā Prasannapadā zu MMadhKār, 1, 3.2: 2 21;sā ca kriyā vijñānaṁ janayati ||;!;;Rājamārtaṇḍa RājMār zu YS, 3, 45.1: 5 13;kāyasampad vakṣyamāṇā tāṁ prāpnoti ||;!;;Rasādhyāyaṭīkā RAdhyṬ zu RAdhy, 12.2: 3 23;māritasya ca tasya krāmaṇam ||;!;;Rasādhyāyaṭīkā RAdhyṬ zu RAdhy, 42.2: 14 6;taiśca kāñjikaṁ galitvā yāti ||;!;;Rasādhyāyaṭīkā RAdhyṬ zu RAdhy, 69.2: 19 3;tac caivam ||;!;;Rasaratnasamuccayabodhinī RRSBoṬ zu RRS, 8, 49.2: 83 4;tat capalībhūtaṁ nāgaṁ vaṅgaṁ ca ||;!;;Rasaratnasamuccayaṭīkā RRSṬīkā zu RRS, 8, 64.2: 88 7;te ca mardanāgnibhyāṁ naśyanti ||;!;;Rasaratnasamuccayaṭīkā RRSṬīkā zu RRS, 8, 89.2: 106 3;sa ca pāradaḥ kīdṛśaḥ ||;!;;Rasaratnasamuccayaṭīkā RRSṬīkā zu RRS, 4, 34.2: 33 5;sa cānekavidhaḥ ||;!;;Rasaratnasamuccayaṭīkā RRSṬīkā zu RRS, 9, 30.2: 121 8;taduktaṁ rasarājasundare ||;!;;Rasaratnasamuccayaṭīkā RRSṬīkā zu RRS, 9, 35.3: 122 15;sa ca varṇo jñeyaḥ ||;!;;Rasaratnasamuccayaṭīkā RRSṬīkā zu RRS, 10, 8.2: 139 9;te ca dagdhā eva grāhyāḥ ||;!;;Rasaratnasamuccayaṭīkā RRSṬīkā zu RRS, 10, 16.3: 144 5;uktaṁ ca rasahṛdaye ||;!;;Rasaratnasamuccayaṭīkā RRSṬīkā zu RRS, 10, 32.2: 155 8;sā ca dvividhā ||;!;;Rasaratnasamuccayaṭīkā RRSṬīkā zu RRS, 10, 32.2: 155 12;tāśca dvividhāḥ ||;!;;Rasaratnasamuccayaṭīkā RRSṬīkā zu RRS, 5, 78.2: 39 2;sa cāpratisiddhārthaḥ ||;!;;Rasaratnasamuccayaṭīkā RRSṬīkā zu RRS, 3, 116.2: 17 2;sa ca pītavarṇaḥ ||;!;;Rasaratnasamuccayaṭīkā RRSṬīkā zu RRS, 11, 22.2: 172 2;te ca saptavidhāḥ ||;!;;Rasaratnasamuccayaṭīkā RRSṬīkā zu RRS, 11, 71.2: 179 5;sa ca khoṭabandho bodhyaḥ ||;!;;Rasaratnasamuccayaṭīkā RRSṬīkā zu RRS, 11, 24.2: 173 3;sā parpaṭītyucyate ||;!;;Rasārṇavakalpa RAK, 1: 1 331;bhojanāni ca vakṣyāmi bhakṣyamāṇāni yāni ca ||;!;;Ratnaṭīkā GaṇaKārṬīkā zu GaṇaKār, 6.1: 8 48;tad ubhayaṁ bhagavataḥ puruṣatvam ucyate ||;!;;Ratnaṭīkā GaṇaKārṬīkā zu GaṇaKār, 6.1: 8 61;te ca svātmasaṁvedye iti ||;!;;Ratnaṭīkā GaṇaKārṬīkā zu GaṇaKār, 6.1: 8 135;tac ca viṁśatibhedam ||;!;;Saṅghabhedavastu SBhedaV, 1: 1 114;tac ca dharmeṇa nādharmeṇa ||;!;;Śāṅkhāyanagṛhyasūtra ŚGṛS, 1, 8: 4 25;tāḥ praṇītāḥ prokṣaṇīś ca ||;!;;Śāṅkhāyanāraṇyaka ŚāĀr, 1, 3: 3 4;tasyoktaṁ brāhmaṇam ||;!;;Śāṅkhāyanāraṇyaka ŚāĀr, 3, 2: 28 5;taṁ yaḥ pratyāha tam atisṛjate ||;!;;Śāṅkhāyanāraṇyaka ŚāĀr, 3, 5: 31 19;tasya bhūtaṁ ca bhaviṣyacca pūrvau pādau ||;!;;Śāṅkhāyanāraṇyaka ŚāĀr, 7, 1: 77 3;tan mām avatu tad vaktāram avatvavatu mām avatu ;!;;Śāṅkhāyanāraṇyaka ŚāĀr, 8, 2: 101 5;yānyakṣarāṇyavocāmāhāni tāni ||;!;;Śāṅkhāyanāraṇyaka ŚāĀr, 8, 2: 101 7;yān saṁdhīn avocāmāhorātrāṇāṁ te saṁdhayaḥ ||;!;;Śāṅkhāyanāraṇyaka ŚāĀr, 8, 7: 106 5;sa yat karaṇīyaṁ manyeta tat kuryāt ||;!;;Śārṅgadharasaṁhitādīpikā ŚSDīp zu ŚdhSaṁh, 1, 3, 9.1: 10 22;te ca doṣadūṣyatādayaḥ ||;!;;Śārṅgadharasaṁhitādīpikā ŚSDīp zu ŚdhSaṁh, 2, 11, 7.1: 13 10;tacca kukkuṭapuṭasaṁjñayā vihitam ||;!;;Śārṅgadharasaṁhitādīpikā ŚSDīp zu ŚdhSaṁh, 2, 11, 72.1: 36 11;tacca dvividham ||;!;;Śārṅgadharasaṁhitādīpikā ŚSDīp zu ŚdhSaṁh, 2, 12, 106.2: 73 4;tāni pūrvoktānīti sambandhaḥ ||;!;;Sarvāṅgasundarā SarvSund zu AHS, Utt., 39, 10.2: 75 4;etac ca bāhulyenoktam ||;!;;Sūryaśatakaṭīkā Sūryaśatakaṭīkā zu SūryaŚ, 1, 3.2: 3 16;tena śramastasmājjātastamiva ||;!;;Sūryaśatakaṭīkā Sūryaśatakaṭīkā zu SūryaŚ, 1, 9.2: 9 19;gāvo dhenavaścocyante ||;!;;Suśrutasaṁhitā Su, 1, 1: 1 11;sa uvācaivam astv iti ||;!;;Suśrutasaṁhitā Su, 1, 1: 1 23;tadduḥkhasaṁyogā vyādhaya ucyante ||;!;;Suśrutasaṁhitā Su, 1, 11: 11 6;sa dvividhaḥ pratisāraṇīyaḥ pānīyaś ca ||;!;;Suśrutasaṁhitā Su, 1, 26: 26 4;taddvividhaṁ śārīram āgantukaṁ ca ||;!;;Suśrutasaṁhitā Su, 1, 35: 35 41;prakṛtiṁ bheṣajaṁ copariṣṭādvakṣyāmaḥ ||;!;;Tantrākhyāyikā TAkhy, 1: 1 14;tāṁ ca dṛṣṭvācintayat ||;!;;Tantrākhyāyikā TAkhy, 1: 1 153;taiścābhihitaḥ ||;!;;Tantrākhyāyikā TAkhy, 1: 1 167;ity uktvā sa sṛgālo .pakrāntaḥ ||;!;;Tantrākhyāyikā TAkhy, 1: 1 207;taṁ ca vyāpādyainaṁ bhakṣayiṣyāmi ||;!;;Tantrākhyāyikā TAkhy, 1: 1 274;te tam āhuḥ ||;!;;Tantrākhyāyikā TAkhy, 1: 1 297;tatas tāv ūcatuḥ ||;!;;Tantrākhyāyikā TAkhy, 1: 1 324;api coktam ||;!;;Tantrākhyāyikā TAkhy, 1: 1 343;tasmiṁś cāpayāte gomāyur abhihitavān ||;!;;Tantrākhyāyikā TAkhy, 1: 1 347;apayāte ca tasmin dvīpyāha ||;!;;Tantrākhyāyikā TAkhy, 1: 1 372;uktaṁ ca ||;!;;Tantrākhyāyikā TAkhy, 1: 1 409;tac ca śrutvānāgatavidhātrā cintitam ||;!;;Tantrākhyāyikā TAkhy, 1: 1 577;tac ca śrutvā dharmabuddhiś cintayāmāsa ||;!;;Tantrākhyāyikā TAkhy, 1: 1 609;pratyāgataś ca tāṁ tulāṁ tasmāt prārthitavān ||;!;;Tantrākhyāyikā TAkhy, 2: 2 30;uktaṁ ca ||;!;;Tantrākhyāyikā TAkhy, 2: 2 69;tac ca śrutvā brāhmaṇyāha ||;!;;Tantrākhyāyikā TAkhy, 2: 2 90;sā tam āha ||;!;;Tantrākhyāyikā TAkhy, 2: 2 172;uktaṁ ca ||;!;;Tantrākhyāyikā TAkhy, 2: 2 263;tenoktaḥ ||;!;;Tantrākhyāyikā TAkhy, 2: 2 312;sa cāha ||;!;;Tantrasāra TantraS, 7: 7 12;tac ca brahmāṇḍavad asaṁkhyam ||;!;;Tantrasāra TantraS, 14: 14 2;sa ca vistīrṇaḥ tantrālokāt avadhāryaḥ ||;!;;Tantrasāra TantraS, 1: 1 9;tac ca śāstrapūrvakam ||;!;;Vaiśeṣikasūtra VaiśSū, 7, 1: 13 2;guṇalakṣaṇaṁ coktam ||;!;;Vaiśeṣikasūtravṛtti VaiSūVṛ zu VaiśSū, 2, 1, 18.1: 18 5;sa kathaṁ jñāyata ityucyate ||;!;;Vaiśeṣikasūtravṛtti VaiSūVṛ zu VaiśSū, 2, 2, 33.1: 61 4;na ca tāni vyañjakāni kutaḥ ||;!;;Vaiśeṣikasūtravṛtti VaiSūVṛ zu VaiśSū, 4, 2, 4: 122 2;tacca ||;!;;Vārāhagṛhyasūtra VārGṛSū, 5: 5 5;ukto .gnisaṁskāro brahmaṇaśca ||;!;;Viṁśatikāvṛtti ViṁVṛtti zu ViṁKār, 1, 15.2: 25 10;sa caiko na sidhyati ||;!;;Viṁśatikāvṛtti ViṁVṛtti zu ViṁKār, 1, 20.1: 34 4;tenoktam ||;!;;Viṣṇupurāṇa ViPur, 4, 3: 59 7;sā cainaṁ rasātalaṁ nītavatī ||;!;;Viṣṇupurāṇa ViPur, 4, 3: 59 30;sā tasya bhāryā citāṁ kṛtvā tam ;!;;Viṣṇupurāṇa ViPur, 4, 4: 60 51;apaśyacca tan māṁsaṁ mānuṣam ||;!;;Viṣṇupurāṇa ViPur, 4, 6: 62 8;sa ca rājasūyam akarot ||;!;;Viṣṇupurāṇa ViPur, 4, 6: 62 68;tāsāṁ cāpsarasām ūrvaśī kathayāmāsa ||;!;;Viṣṇupurāṇa ViPur, 4, 7: 63 13;tāṁ ca bhārgavaḥ ṛcīko vavre ||;!;;Viṣṇupurāṇa ViPur, 4, 7: 63 32;anantaraṁ ca sā jamadagnim ajījanat ||;!;;Viṣṇupurāṇa ViPur, 4, 7: 63 33;tanmātā ca viśvāmitraṁ janayāmāsa ||;!;;Viṣṇupurāṇa ViPur, 4, 8: 64 2;tasyāṁ ca pañca putrān utpādayāmāsa ||;!;;Viṣṇupurāṇa ViPur, 4, 12: 68 43;tataś cāṁśus tasmācca satvataḥ ||;!;;Viṣṇupurāṇa ViPur, 4, 13: 69 4;tayoś cāyaṁ śloko gīyate ||;!;;Viṣṇupurāṇa ViPur, 4, 13: 69 87;evam uktaḥ so .py āha ||;!;;Viṣṇupurāṇa ViPur, 4, 13: 69 103;sa tatraiva ca tasthau ||;!;;Viṣṇupurāṇa ViPur, 4, 14: 70 19;tāś ca sarvā vasudeva upayeme ||;!;;Viṣṇupurāṇa ViPur, 4, 14: 70 30;tasya ca ;!;;Viṣṇupurāṇa ViPur, 4, 14: 70 34;tāṁ ca pāṇḍur uvāha ||;!;;Viṣṇupurāṇa ViPur, 4, 14: 70 45;tasyāṁ ca śiśupālam utpādayāmāsa ||;!;;Viṣṇupurāṇa ViPur, 4, 18: 74 7;tasmācca mahāmanāḥ ||;!;;Viṣṇupurāṇa ViPur, 4, 19: 75 43;tasmāc cāṇuhaḥ ||;!;;Viṣṇupurāṇa ViPur, 4, 19: 75 46;tataś ca viṣvaksenas tasmād udaksenaḥ ||;!;;Viṣṇupurāṇa ViPur, 4, 19: 75 47;bhallābhas tasya cātmajaḥ ||;!;;Viṣṇupurāṇa ViPur, 4, 20: 76 19;tatas te punar apy ūcuḥ ||;!;;Viṣṇupurāṇa ViPur, 4, 20: 76 27;tatas te brāhmaṇāḥ śaṁtanum ūcuḥ ||;!;;Viṣṇupurāṇa ViPur, 4, 21: 77 16;tasmācca kṣemakaḥ ||;!;;Viṣṇupurāṇa ViPur, 4, 22: 78 10;tatputraśca sumitraḥ ||;!;;Viṣṇupurāṇa ViPur, 4, 24: 80 6;tasya ca nandivardhanaḥ ||;!;;Viṣṇupurāṇa ViPur, 4, 24: 80 11;tasya ca putraḥ kṣemadharmā ||;!;;Viṣṇupurāṇa ViPur, 4, 24: 80 16;tasmāccodayanaḥ ||;!;;Viṣṇusmṛti ViSmṛ, 2: 2 4;teṣāṁ ca dharmāḥ ||;!;;Viṣṇusmṛti ViSmṛ, 3: 3 34;taddūṣakāṁś ca hanyāt ||;!;;Viṣṇusmṛti ViSmṛ, 5: 5 46;tāṁ ca bibhṛyāt ||;!;;Viṣṇusmṛti ViSmṛ, 5: 5 59;sarve ca tatsvāmināṁ tadutpattim ||;!;;Viṣṇusmṛti ViSmṛ, 5: 5 107;taccāpāsyāt ||;!;;Viṣṇusmṛti ViSmṛ, 5: 5 109;tac ca yojayet ||;!;;Viṣṇusmṛti ViSmṛ, 5: 5 114;na ca tān jahyāt ||;!;;Viṣṇusmṛti ViSmṛ, 5: 5 123;tadakūṭe kūṭavādinaś ca ||;!;;Viṣṇusmṛti ViSmṛ, 5: 5 168;tatsaṁvidaṁ yaś ca laṅghayet ||;!;;Viṣṇusmṛti ViSmṛ, 9: 9 24;sā ca na vāti vāyau ||;!;;Viṣṇusmṛti ViSmṛ, 15: 15 12;sa ca pāṇigrāhasya ||;!;;Viṣṇusmṛti ViSmṛ, 15: 15 17;sa ca pāṇigrāhasya ||;!;;Viṣṇusmṛti ViSmṛ, 15: 15 21;sa ca yena krītaḥ ||;!;;Viṣṇusmṛti ViSmṛ, 15: 15 23;sa ca yasyopagataḥ ||;!;;Viṣṇusmṛti ViSmṛ, 15: 15 26;sa ca yena gṛhītaḥ ||;!;;Viṣṇusmṛti ViSmṛ, 15: 15 30;sa cānyān bibhṛyāt ||;!;;Viṣṇusmṛti ViSmṛ, 20: 20 13;sa ca pitāmahasyāhaḥ ||;!;;Viṣṇusmṛti ViSmṛ, 22: 22 60;tadaśrupātakārī ca ||;!;;Viṣṇusmṛti ViSmṛ, 35: 35 2;tatsaṁyogaśca ||;!;;Viṣṇusmṛti ViSmṛ, 37: 37 17;tasya ca kanyādānam ||;!;;Viṣṇusmṛti ViSmṛ, 54: 54 22;taṁ ca bhūyaścopanayet ||;!;;Viṣṇusmṛti ViSmṛ, 96: 96 73;tanmūle ca dve ||;!;;Yogasūtra YS, 1: 1 28;tajjapas tadarthabhāvanam ||;!;;Yogasūtrabhāṣya YSBhā zu YS, 2, 5.1: 49 4;uktaṁ ca ||;!;;Yogasūtrabhāṣya YSBhā zu YS, 2, 15.1: 59 4;tathā coktam ||;!;;Yogasūtrabhāṣya YSBhā zu YS, 2, 24.1: 68 7;sa tām āha ||;!;;Yogasūtrabhāṣya YSBhā zu YS, 2, 30.1: 74 2;tathā coktam ||;!;;Yogasūtrabhāṣya YSBhā zu YS, 2, 52.1: 96 5;tathā coktam ||;!;;Yogasūtrabhāṣya YSBhā zu YS, 3, 44.1: 110 12;sa ca bhedābhedavivakṣitaḥ ||;!;;
KāSū, 2, 8: 13;5 1;puruṣaḥ śayanasthāyā yoṣitastad vacanavyākṣiptacittāyā tatra vivadamānāṁ kapolacumbanena paryākulayet |;
KāSū, 2, 8: 13;5 2;sthiraliṅgaśca tatra tatraināṁ parispṛśet |;
KāSū, 2, 8: 13;5 3;prathamasaṁgatā cet saṁhatorvor antare ghaṭṭanam |;
KāSū, 2, 8: 13;5 4;kanyāyāśca |;
KāSū, 2, 8: 13;5 5;tathā stanayoḥ saṁhatayor hastayoḥ kakṣayor aṁsayor svairiṇyāṁ yathāsātmyaṁ yathāyogaṁ ca |;
KāSū, 2, 8: 13;5 6;alake cumbanārtham enāṁ nirdayam avalambet |;
KāSū, 2, 8: 13;5 7;hanudeśe cāṅgulisaṁpuṭena |;
KāSū, 2, 8: 13;5 8;tatretarasyā vrīḍā nimīlanaṁ ca |;
KāSū, 2, 8: 13;5 9;prathamasamāgame kanyāyāśca ||;
KāSū, 2, 8: 13;6 1;ratisaṁyoge caināṁ katham anurajyata iti pravṛttyā |;
KāSū, 2, 8: 13;7 1;yuktayantreṇopasṛpyamāṇā yato dṛṣṭim āvartayet tata |;
KāSū, 2, 8: 13;8 1;etad rahasyaṁ yuvatīnām iti suvarṇanābhaḥ ||;
KāSū, 2, 8: 13;9 1;gātrāṇāṁ sraṁsanaṁ netranimīlanaṁ vrīḍānāśaḥ |;
KāSū, 2, 8: 13;10 1;hastau vidhunoti svidyati daśatyutthātuṁ na dadāti |;
KāSū, 2, 8: 13;11 1;tasyāḥ prāgyantrayogāt kareṇa saṁbādhaṁ gaja eva ā mṛdubhāvāt |;
KāSū, 2, 8: 13;11 2;tato yantrayojanam ||;
KāSū, 2, 8: 13;12 1;upasṛptakaṁ manthanaṁ hulo .vamardanaṁ pīḍitakaṁ nyāyyam ṛjusaṁmiśraṇam upasṛptakam |;
KāSū, 2, 8: 13;12 2;hastena liṅgaṁ sarvato bhrāmayet iti manthanam |;
KāSū, 2, 8: 13;12 3;nīcīkṛtya jaghanam upariṣṭād ghaṭṭayed iti hulaḥ |;
KāSū, 2, 8: 13;12 4;tad eva viparītaṁ sarabhasamavamardanam |;
KāSū, 2, 8: 13;12 5;liṅgena samāhatya pīḍayaṁściram avatiṣṭhed iti pīḍitakam sudūram utkṛṣya vegena svajaghanam avapātayed iti ekata eva bhūyiṣṭham avalikhed iti varāhaghātaḥ |;
KāSū, 2, 8: 13;12 6;sa evobhayataḥ paryāyeṇa vṛṣāghātaḥ |;
KāSū, 2, 8: 13;12 7;sakṛnmiśritam aniṣkramayya dvistriścatur iti ghaṭṭayed iti rāgāvasānikaṁ vyākhyātaṁ karaṇaṁ saṁpuṭam iti ||;
KāSū, 2, 8: 13;13 1;teṣāṁ strīsātmyād vikalpena prayogaḥ ||;
KāSū, 2, 8: 13;14 1;puruṣāyite tu saṁdaṁśo bhramarakaḥ preṅkholitam |;
KāSū, 2, 8: 13;15 1;vāḍavena liṅgam avagṛhya niṣkarṣantyāḥ pīḍayantyā vā |;
KāSū, 2, 8: 13;16 1;yuktayantrā cakravad bhramed iti bhramaraka ābhyāsikaḥ |;
KāSū, 2, 8: 13;17 1;tatretaraḥ svajaghanam utkṣipet ||;
KāSū, 2, 8: 13;18 1;jaghanam eva dolāyamānaṁ sarvato bhrāmayed iti |;
KāSū, 2, 8: 13;19 1;yuktayantraiva lalāṭe lalāṭe nidhāya viśrāmyeta ||;
KāSū, 2, 8: 13;20 1;viśrāntāyāṁ ca puruṣasya punar āvartanam |;
KāSū, 2, 8: 13;20 2;iti puruṣāyitāni ||;
KāSū, 2, 8: 13;21 1;bhavanti cātra ślokāḥ |;
KāSū, 2, 8: 13;21 2;pracchāditasvabhāvāpi gūḍhākārāpi kāminī |;
KāSū, 2, 8: 13;21 3;vivṛṇotyeva bhāvaṁ svaṁ rāgād uparivartinī ||;
KāSū, 2, 8: 13;22 1;yathāśīlā bhaven nārī yathā ca ratilālasā |;
KāSū, 2, 8: 13;22 2;tasyā eva viceṣṭābhistatsarvam upalakṣayet ||;
KāSū, 2, 8: 13;23 1;na tv evartau na prasūtāṁ na mṛgīṁ na ca garbhiṇīm na |;
KāSū, 2, 9: 14;1 1;dvividhā tṛtīyāprakṛtiḥ strīrūpiṇī puruṣarūpiṇī ca ||;
KāSū, 2, 9: 14;2 1;tatra strīrūpiṇī striyā veṣamālāpaṁ līlāṁ bhāvaṁ |;
KāSū, 2, 9: 14;3 1;tasyā vadane jaghanakarma |;
KāSū, 2, 9: 14;3 2;tadaupariṣṭakam ācakṣate ||;
KāSū, 2, 9: 14;4 1;sā tato ratim ābhimānikīṁ vṛttiṁ ca lipset |;
KāSū, 2, 9: 14;4 2;veśyāvaccaritaṁ prakāśayet |;
KāSū, 2, 9: 14;4 3;iti strīrūpiṇī ||;
KāSū, 2, 9: 14;5 1;puruṣarūpiṇī tu pracchannakāmā puruṣaṁ lipsamānā saṁvāhane pariṣvajamāneva gātrair ūrū nāyakasya prasṛtaparicayā corumūlaṁ sajaghanam iti saṁspṛśet |;
KāSū, 2, 9: 14;5 2;tatra sthiraliṅgatām upalabhya cāsya pāṇimanthena cāpalam asya kutsayantīva haset |;
KāSū, 2, 9: 14;5 3;kṛtalakṣaṇenāpyupalabdhavaikṛtenāpi na codyata iti cet puruṣeṇa ca codyamānā vivadet |;
KāSū, 2, 9: 14;5 4;kṛcchreṇa cābhyupagacchet ||;

KāSū, 2, 9: 14;7 1;teṣv ekaikam abhyupagamya virāmābhīpsāṁ darśayet ||;
KāSū, 2, 9: 14;8 1;itaraśca pūrvasminn abhyupagate taduttaram evāparaṁ tasminn api siddhe taduttaram iti ||;
KāSū, 2, 9: 14;9 1;karāvalambitam oṣṭhayor upari vinyastam apavidhya tan nimitam ||;
KāSū, 2, 9: 14;10 1;hasteṇāgram avacchādya pārśvato nirdaśanam oṣṭhābhyām tat pārśvatodaṣṭam ||;
KāSū, 2, 9: 14;11 1;bhūyaścoditā saṁmīlitauṣṭhī tasyāgraṁ niṣpīḍya iti bahiḥsaṁdaṁśaḥ ||;
KāSū, 2, 9: 14;12 1;tasminn evābhyarthanayā kiṁcid adhikaṁ praveśayet |;
KāSū, 2, 9: 14;12 2;ity antaḥsaṁdaṁśaḥ ||;
KāSū, 2, 9: 14;13 1;karāvalambitasyauṣṭhavad grahaṇaṁ cumbitakam ||;
KāSū, 2, 9: 14;14 1;tat kṛtvā jihvāgreṇa sarvato ghaṭṭanam agre ca vyadhanam |;
KāSū, 2, 9: 14;15 1;tathābhūtam eva rāgavaśād ardhapraviṣṭaṁ nirdayam iti āmracūṣitakam ||;
KāSū, 2, 9: 14;16 1;puruṣābhiprāyād eva giret pīḍayecca ā parisamāpteḥ |;
KāSū, 2, 9: 14;16 2;iti saṁgaraḥ ||;
KāSū, 2, 9: 14;17 1;yathārthaṁ cātra stananaprahaṇanayoḥ prayogaḥ |;
KāSū, 2, 9: 14;17 2;ityaupariṣṭakam ||;
KāSū, 2, 9: 14;18 1;kulaṭāḥ svairiṇyaḥ paricārikāḥ saṁvāhikāścāpyetat |;
KāSū, 2, 9: 14;19 1;tad etat tu na kāryam |;
KāSū, 2, 9: 14;19 2;punar api hyāsāṁ vadanasaṁsarge svayam evārtiṁ ityācāryāḥ ||;
KāSū, 2, 9: 14;20 1;veśyākāmino .yam adoṣaḥ |;
KāSū, 2, 9: 14;20 2;iti vātsyāyanaḥ ||;
KāSū, 2, 9: 14;21 1;tasmād yāstvaupariṣṭakam ācaranti na tābhiḥ saha |;
KāSū, 2, 9: 14;22 1;veśyābhir eva na saṁsṛjyante āhicchatrikāḥ saṁsṛṣṭā api |;
KāSū, 2, 9: 14;23 1;nirapekṣāḥ sāketāḥ saṁsṛjyante ||;
KāSū, 2, 9: 14;24 1;na tu svayam aupariṣṭakam ācaranti nāgarakāḥ ||;
KāSū, 2, 9: 14;25 1;sarvam aviśaṅkayā prayojayanti saurasenāḥ ||;
KāSū, 2, 9: 14;26 1;evaṁ hyāhuḥ |;
KāSū, 2, 9: 14;26 2;ko hi yoṣitāṁ śīlaṁ śaucam ācāraṁ caritraṁ pratyayaṁ nisargād eva hi malinadṛṣṭayo bhavantyetā na parityājyāḥ |;
KāSū, 2, 9: 14;26 3;evaṁ hyāhuḥ |;
KāSū, 2, 9: 14;26 4;vatsaḥ prasravaṇe medhyaḥ śvā mṛgagrahaṇe śuciḥ |;
KāSū, 2, 9: 14;26 5;śakuniḥ phalapāte tu strīmukhaṁ ratisaṁgame ||;
KāSū, 2, 9: 14;27 1;śiṣṭavipratipatteḥ smṛtivākyasya ca sāvakāśatvād iti vātsyāyanaḥ ||;
KāSū, 2, 9: 14;28 1;bhavanti cātra ślokāḥ |;
KāSū, 2, 9: 14;28 2;pramṛṣṭakuṇḍalāścāpi yuvānaḥ paricārakāḥ |;
KāSū, 2, 9: 14;28 3;keṣāṁcid eva kurvanti narāṇām aupariṣṭakam ||;
KāSū, 2, 9: 14;29 1;tathā nāgarakāḥ kecid anyonyasya hitaiṣiṇaḥ |;
KāSū, 2, 9: 14;29 2;kurvanti rūḍhaviśvāsāḥ parasparaparigraham ||;
KāSū, 2, 9: 14;30 1;puruṣāśca tathā strīṣu karmaitat kila kurvate |;
KāSū, 2, 9: 14;30 2;vyāsastasya ca vijñeyo mukhacumbanavad vidhiḥ ||;
KāSū, 2, 9: 14;31 1;parivartitadehau tu strīpuṁsau yat parasparam |;
KāSū, 2, 9: 14;31 2;yugapat samprayujyete sa kāmaḥ kākilaḥ smṛtaḥ ||;
KāSū, 2, 9: 14;32 1;tasmād guṇavatastyaktvā caturāṁstyāgino narān |;
KāSū, 2, 9: 14;32 2;veśyāḥ khaleṣu rajyante dāsahastipakādiṣu ||;
KāSū, 2, 9: 14;33 1;na tv etad brāhmaṇo vidvān mantrī vā rājadhūrdharaḥ ||;
KāSū, 2, 9: 14;34 1;gṛhītapratyayo vāpi kārayed aupariṣṭakam ||;
KāSū, 2, 9: 14;35 1;na śāstram astītyetāvat prayoge kāraṇaṁ bhavet |;
KāSū, 2, 9: 14;35 2;śāstrārthān vyāpino vidyāt prayogāṁstv ekadeśikān ||;
KāSū, 2, 9: 14;36 1;rasavīryavipākā hi śvamāṁsasyāpi vaidyake |;
KāSū, 2, 9: 14;36 2;kīrtitā iti tat kiṁ syād bhakṣaṇīyaṁ vicakṣaṇaiḥ ||;
KāSū, 2, 9: 14;37 1;santyeva puruṣāḥ kecit santi deśāstathāvidhāḥ |;
KāSū, 2, 9: 14;37 2;santi kālāśca yeṣv ete yogā na syur nirarthakāḥ ||;
KāSū, 2, 9: 14;38 1;tasmād deśaṁ ca kālaṁ ca prayogaṁ śāstram eva ca |;
KāSū, 2, 9: 14;38 2;ātmānaṁ cāpi samprekṣya yogān yuñjīta vā na vā ||;
KāSū, 2, 9: 14;39 1;arthasyāsya rahasyatvāccalatvān manasastathā |;
KāSū, 2, 9: 14;39 2;kaḥ kadā kiṁ kutaḥ kuryād iti ko jñātum arhati ||;
KāSū, 2, 10: 15;1 1;nāgarakaḥ saha mitrajanena paricārakaiśca dakṣiṇataścāsyā upaveśanam |;
KāSū, 2, 10: 15;1 2;keśahaste vastrānte nīvyām ityavalambanam |;
KāSū, 2, 10: 15;1 3;ratyarthaṁ savyena bāhunānuddhataḥ pariṣvaṅgaḥ |;
KāSū, 2, 10: 15;1 4;pūrvaprakaraṇasambaddhaiḥ parihāsānurāgair vacobhir gūḍhāślīlānāṁ ca vastūnāṁ samasyayā paribhāṣaṇam |;
KāSū, 2, 10: 15;1 5;sanṛttam anṛttaṁ vā gītaṁ vāditram |;
KāSū, 2, 10: 15;1 6;kalāsu saṁkathāḥ |;
KāSū, 2, 10: 15;1 7;punaḥ pānenopacchandanam |;
KāSū, 2, 10: 15;1 8;jātānurāgāyāṁ kusumānulepanatāmbūladānena ca vijane ca yathoktair āliṅganādibhir enām uddharṣayet |;
KāSū, 2, 10: 15;1 9;tato nīvīviśleṣaṇādi yathoktam upakrameta |;
KāSū, 2, 10: 15;1 10;ityayaṁ ratārambhaḥ ||;
KāSū, 2, 10: 15;2 1;ratāvasānikaṁ rāgam ativāhyāsaṁstutayor iva savrīḍayoḥ pratinivṛttya cāvrīḍāyamānayor savyena bāhunā caināṁ parirabhya caṣakahastaḥ sāntvayan jalānupānaṁ vā khaṇḍakhādyakam anyad vā accharasakayūṣam amlayavāgūṁ bhṛṣṭamāṁsopadaṁśāni tatra madhuram idaṁ mṛdu viśadam iti ca vidaśya vidaśya harmyatalasthitayor vā candrikāsevanārtham āsanam |;
KāSū, 2, 10: 15;2 2;tadaṅkasaṁlīnāyāścandramasaṁ paśyantyā arundhatīdhruvasaptarṣimālādarśanaṁ ca |;
KāSū, 2, 10: 15;2 3;iti ratāvasānikam ||;
KāSū, 2, 10: 15;3 1;avasāne api ca prītir upacārair upaskṛtā |;
KāSū, 2, 10: 15;3 2;savisrambhakathāyogai ratiṁ janayate parām ||;
KāSū, 2, 10: 15;4 1;parasparaprītikarair ātmabhāvānuvartanaiḥ |;
KāSū, 2, 10: 15;4 2;kṣaṇāt krodhaparāvṛttaiḥ kṣaṇāt prītivilokitaiḥ ||;
KāSū, 2, 10: 15;5 1;hallīsakakrīḍanakair gāyanair lāṭarāsakaiḥ |;
KāSū, 2, 10: 15;5 2;rāgalolārdranayanaiś candramaṇḍalavīkṣaṇaiḥ ||;
KāSū, 2, 10: 15;6 1;ādye saṁdarśane jāte pūrvaṁ ye syur manorathāḥ |;
KāSū, 2, 10: 15;6 2;punarviyoge duḥkhaṁ ca tasya sarvasya kīrtanaiḥ ||;
KāSū, 2, 10: 15;7 1;kīrtanānte ca rāgeṇa pariṣvaṅgaiḥ sacumbanaiḥ |;
KāSū, 2, 10: 15;7 2;taistaiśca bhāvaiḥ saṁyukto yūno rāgo vivardhate ||;
KāSū, 2, 10: 15;8 1;rāgavad āhāryarāgaṁ kṛtrimarāgaṁ vyavahitarāgaṁ |;
KāSū, 2, 10: 15;9 1;saṁdarśanāt prabhṛtyubhayor api pravṛddharāgayoḥ |;
KāSū, 2, 10: 15;10 1;tatrātmābhiprāyād yāvadarthaṁ ca pravṛttiḥ ||;
KāSū, 2, 10: 15;11 1;madhyastharāgayor ārabdhaṁ yad anurajyate tad |;
KāSū, 2, 10: 15;12 1;tatra cātuḥṣaṣṭikair yogaiḥ sātmyānuviddhaiḥ saṁdhukṣya tatkāryahetor anyatra saktayor vā kṛtrimarāgam ||;
KāSū, 2, 10: 15;13 1;tatra samuccayena yogāñ śāstrataḥ paśyet ||;
KāSū, 2, 10: 15;14 1;puruṣastu hṛdayapriyām anyāṁ manasi nidhāya saṁprayogāt prabhṛti ratiṁ yāvat |;
KāSū, 2, 10: 15;14 2;atastadvyavahitarāgam ||;
KāSū, 2, 10: 15;15 1;nyūnāyāṁ kumbhadāsyāṁ paricārikāyāṁ vā yāvadarthaṁ |;
KāSū, 2, 10: 15;16 1;tatropacārān nādriyeta ||;
KāSū, 2, 10: 15;17 1;tathā veśyāyā grāmīṇena saha yāvadarthaṁ khalaratam ||;
KāSū, 2, 10: 15;18 1;grāmavrajapratyantayoṣidbhiś ca nāgarakasya ||;
KāSū, 2, 10: 15;19 1;utpannavisrambhayośca parasparānukūlyād ayantritaratam iti ratāni ||;
KāSū, 2, 10: 15;20 1;vardhamānapraṇayā tu nāyikā sapatnīnām agrahaṇaṁ nāyakavyalīkaṁ ca ||;
KāSū, 2, 10: 15;21 1;tatra subhṛśaḥ kalaho ruditam āyāsaḥ śiroruhāṇām |;
KāSū, 2, 10: 15;22 1;tatra yuktarūpeṇa sāmnā pādapatanena vā |;

KāSū, 2, 10: 15;24 1;svabhavanasthā tu nimittāt kalahitā tathāvidhaceṣṭaiva tatra pīṭhamardaviṭavidūṣakair nāyakaprayuktair tatra ca vaset |;
KāSū, 2, 10: 15;24 2;iti praṇayakalahaḥ ||;
KāSū, 2, 10: 15;25 1;bhavanti cātra ślokāḥ |;
KāSū, 2, 10: 15;25 2;evam etāṁ catuḥṣaṣṭiṁ bābhravyeṇa prakīrtitām |;
KāSū, 2, 10: 15;25 3;prayuñjāno varastrīṣu siddhiṁ gacchati nāyakaḥ ||;
KāSū, 2, 10: 15;26 1;bruvann apyanyaśāstrāṇi catuḥṣaṣṭivivarjitaḥ |;
KāSū, 2, 10: 15;26 2;vidvatsaṁsadi nātyarthaṁ kathāsu paripūjyate ||;
KāSū, 2, 10: 15;27 1;varjito .pyanyavijñānair etayā yastvalaṁkṛtaḥ |;
KāSū, 2, 10: 15;27 2;sa goṣṭhyāṁ naranārīṇāṁ kathāsvagraṁ vigāhate ||;
KāSū, 2, 10: 15;28 1;vidvadbhiḥ pūjitām enāṁ khalair api supūjitām |;
KāSū, 2, 10: 15;28 2;pūjitāṁ gaṇikāsaṁghair nandinīṁ ko na pūjayet ||;
KāSū, 2, 10: 15;29 1;nandinī subhagā siddhā subhagaṁkaraṇīti ca |;
KāSū, 2, 10: 15;29 2;nārīpriyeti cācāryaiḥ śāstreṣv eṣā nirucyate ||;
KāSū, 2, 10: 15;30 1;kanyābhiḥ parayoṣidbhir gaṇikābhiśca bhāvataḥ |;
KāSū, 2, 10: 15;30 2;vīkṣyate bahumānena catuḥṣaṣṭivicakṣaṇaḥ ||;
KāSū, 3, 1: 16;1 1;savarṇāyām ananyapūrvāyāṁ śāstrato .dhigatāyāṁ |;
KāSū, 3, 1: 16;2 1;tasmāt kanyām abhijanopetāṁ mātāpitṛmatīṁ trivarṣāt |;
KāSū, 3, 1: 16;3 1;yāṁ gṛhītvā kṛtinam ātmānaṁ manyeta na ca samānair |;
KāSū, 3, 1: 16;4 1;tasyā varaṇe mātāpitarau saṁbandhinaśca prayateran |;
KāSū, 3, 1: 16;4 2;mitrāṇi ca gṛhītavākyānyubhayasambaddhāni ||;
KāSū, 3, 1: 16;5 1;tānyanyeṣāṁ varayitṝṇāṁ doṣān pratyakṣānāgamikāṁśca kaulān pauruṣeyān abhiprāyasaṁvardhakāṁśca viśeṣataśca kanyāmātur anukūlāṁstadātvāyatiyuktān |;
KāSū, 3, 1: 16;6 1;daivacintakarūpaśca |;
KāSū, 3, 1: 16;7 1;apare punar asyānyato viśiṣṭena kanyālābhena |;
KāSū, 3, 1: 16;8 1;daivanimittaśakunopaśrutīnām ānulomyena kanyāṁ |;
KāSū, 3, 1: 16;9 1;na yadṛcchayā kevalamānuṣāyeti ghoṭakamukhaḥ ||;

KāSū, 3, 1: 16;11 1;nakṣatrākhyāṁ nadīnāmnīṁ vṛkṣanāmnīṁ ca garhitām |;
KāSū, 3, 1: 16;11 2;lakārarephopāntāṁ ca varaṇe parivarjayet ||;
KāSū, 3, 1: 16;12 1;yasyāṁ manaścakṣuṣor nibandhastasyām ṛddhiḥ |;
KāSū, 3, 1: 16;12 2;netarām ādriyeta |;
KāSū, 3, 1: 16;12 3;ityeke ||;Āpastambagṛhyasūtra ĀpGṛSū, 4: 3 21;yasyāṁ manaścakṣuṣor nibandhas tasyām ṛddhir netarad ;GOOD;;
KāSū, 3, 1: 16;13 1;tasmāt pradānasamaye kanyām udāraveṣāṁ sthāpayeyuḥ |;
KāSū, 3, 1: 16;13 2;aparāhṇikaṁ ca nityaṁ prasādhitāyāḥ sakhībhiḥ saha krīḍā yajñavivāhādiṣu janasaṁdrāveṣu prāyatnikaṁ darśanam |;
KāSū, 3, 1: 16;13 3;tathotsaveṣu ca |;
KāSū, 3, 1: 16;13 4;paṇyasadharmatvāt ||;
KāSū, 3, 1: 16;14 1;varaṇārtham upagatāṁśca bhadradarśanān kanyāṁ caiṣām alaṁkṛtām anyāpadeśena darśayeyuḥ |;
KāSū, 3, 1: 16;14 2;daivaṁ parīkṣaṇaṁ cāvadhiṁ sthāpayeyuḥ |;
KāSū, 3, 1: 16;14 3;ā pradānaniścayāt ||;
KāSū, 3, 1: 16;15 1;snānādiṣu niyujyamānā varayitāraḥ sarvaṁ |;
KāSū, 3, 1: 16;16 1;deśapravṛttisātmyād vā brāhmaprājāpatyārṣadaivānām iti varaṇavidhānam ||;
KāSū, 3, 1: 16;17 1;bhavanti cātra ślokāḥ |;
KāSū, 3, 1: 16;17 2;samasyādyāḥ sahakrīḍā vivāhāḥ saṁgatāni ca |;
KāSū, 3, 1: 16;17 3;samānair eva kāryāṇi nottamair nāpi vādhamaiḥ ||;
KāSū, 3, 1: 16;18 1;kanyāṁ gṛhītvā varteta preṣyavad yatra nāyakaḥ |;
KāSū, 3, 1: 16;18 2;taṁ vidyād uccasaṁbandhaṁ parityaktaṁ manasvibhiḥ ||;
KāSū, 3, 1: 16;19 1;svāmivad vicared yatra bāndhavaiḥ svaiḥ puraskṛtaḥ |;
KāSū, 3, 1: 16;19 2;aślāghyo hīnasaṁbandhaḥ so .pi sadbhir vinindyate ||;
KāSū, 3, 1: 16;20 1;parasparasukhāsvādā krīḍā yatra prayujyate |;
KāSū, 3, 1: 16;20 2;viśeṣayantī cānyonyaṁ saṁbandhaḥ sa vidhīyate ||;
KāSū, 3, 1: 16;21 1;kṛtvāpi coccasaṁbandhaṁ paścājjñātiṣu saṁnamet |;
KāSū, 3, 1: 16;21 2;na tv eva hīnasaṁbandhaṁ kuryāt sadbhir vininditam ||;
KāSū, 3, 2: 17;1 1;saṁgatayostrirātram adhaḥśayyā brahmacaryaṁ iti sārvavarṇikam ||;
KāSū, 3, 2: 17;2 1;tasminn etāṁ niśi vijane mṛdubhir upacārair upakrameta ||;
KāSū, 3, 2: 17;3 1;trirātram avacanaṁ hi stambham iva nāyakaṁ paśyantī iti bābhravīyāḥ ||;
KāSū, 3, 2: 17;4 1;upakrameta viśrambhayecca na tu brahmacaryam ativarteta iti vātsyāyanaḥ ||;
KāSū, 3, 2: 17;5 1;upakramamāṇaśca na prasahya kiṁcid ācaret ||;
KāSū, 3, 2: 17;6 1;kusumasadharmāṇo hi yoṣitaḥ sukumāropakramāḥ |;
KāSū, 3, 2: 17;6 2;tāstvanadhigataviśvāsaiḥ prasabham upakramyamāṇāḥ tasmāt sāmnaivopacaret ||;
KāSū, 3, 2: 17;7 1;yuktyāpi tu yataḥ prasaram upalabhet tenaivānu praviśet ||;
KāSū, 3, 2: 17;8 1;tatpriyeṇāliṅganenācaritena |;
KāSū, 3, 2: 17;8 2;nātikālatvāt ||;
KāSū, 3, 2: 17;9 1;pūrvakāyeṇa copakramet |;
KāSū, 3, 2: 17;9 2;viṣahyatvāt ||;
KāSū, 3, 2: 17;10 1;dīpāloke vigāḍhayauvanāyāḥ pūrvasaṁstutāyāḥ |;
KāSū, 3, 2: 17;10 2;bālāyā apūrvāyāścāndhakāre ||;

KāSū, 3, 2: 17;12 1;taddānaprasaṅgeṇa mṛdu viśadam akāhalam tatra siddhām ālāpayet |;
KāSū, 3, 2: 17;12 2;tacchravaṇārthaṁ yat kiṁcid alpākṣarābhidheyam ajānann tatra niṣpratipattim anudvejayan sāntvanāyuktaṁ bahuśa tatra apyavadantīṁ nirbadhnīyāt ||;
KāSū, 3, 2: 17;13 1;sarvā eva hi kanyāḥ puruṣeṇa prayujyamānaṁ vacanaṁ na tu laghumiśrām api vācaṁ vadanti |;
KāSū, 3, 2: 17;13 2;iti ghoṭakamukhaḥ ||;
KāSū, 3, 2: 17;14 1;nirbadhyamānā tu śiraḥkampena prativacanāni yojayet |;
KāSū, 3, 2: 17;14 2;kalahe tu na śiraḥ kampayet ||;
KāSū, 3, 2: 17;15 1;icchasi māṁ necchasi vā kiṁ te ahaṁ rucito na rucito veti prapañcyamānā tu vivadet ||;
KāSū, 3, 2: 17;16 1;saṁstutā cet sakhīm anukūlām ubhayato .pi visrabdhāṁ tasminn adhomukhī vihaset |;
KāSū, 3, 2: 17;16 2;tāṁ cātivādinīm adhikṣiped vivadecca |;
KāSū, 3, 2: 17;16 3;sā tu parihāsārtham idam anayoktam iti cānuktam api tatra tām apanudya prativacanārtham abhyarthyamānā nirbadhyamānā tu nāham evaṁ bravīmītyavyaktākṣaram nāyakaṁ ca vihasantī kadācit kaṭākṣaiḥ prekṣeta |;
KāSū, 3, 2: 17;16 4;ityālāpayojanam ||;
KāSū, 3, 2: 17;17 1;evaṁ jātaparicayā cānirvadantī tatsamīpe yācitaṁ uttarīye vāsya nibadhnīyāt |;
KāSū, 3, 2: 17;17 2;tathā yuktām ācchuritakena stanamukulayor upari spṛśet |;
KāSū, 3, 2: 17;17 3;vāryamāṇaśca tvam api māṁ pariṣvajasva tato naivam svaṁ ca hastam ā nābhideśāt prasārya nirvartayet |;
KāSū, 3, 2: 17;17 4;krameṇa cainām utsaṅgam āropyādhikam adhikam apratipadyamānāṁ ca bhīṣayet ||;
KāSū, 3, 2: 17;18 1;ahaṁ khalu tava dantapadānyadhare kariṣyāmi stanapṛṣṭhe ātmanaśca svayaṁ kṛtvā tvayā kṛtam iti te sakhījanasya sā tvaṁ kim atra vakṣyasīti bālavibhīṣikair dvitīyasyāṁ tṛtīyasyāṁ ca rātrau kiṁcid adhikaṁ |;
KāSū, 3, 2: 17;19 1;sarvāṅgikaṁ cumbanam upakrameta ||;
KāSū, 3, 2: 17;20 1;ūrvoścopari vinyastahastaḥ saṁvāhanakriyāyāṁ nivārite saṁvāhane ko doṣa ityākulayed enām |;
KāSū, 3, 2: 17;20 2;tacca sthirīkuryāt |;
KāSū, 3, 2: 17;20 3;tatra siddhāyā guhyadeśābhimarśanaṁ raśanāviyojanaṁ ete cāsyānyāpadeśāḥ |;
KāSū, 3, 2: 17;20 4;yuktayantrāṁ rañjayet |;
KāSū, 3, 2: 17;20 5;na tvakāle vratakhaṇḍanam anuśiṣyācca |;
KāSū, 3, 2: 17;20 6;ātmānurāgaṁ darśayet |;
KāSū, 3, 2: 17;20 7;manorathāṁśca pūrvakālikān anuvarṇayet |;
KāSū, 3, 2: 17;20 8;āyatyāṁ ca tadānukūlyena pravṛttiṁ pratijānīyāt |;
KāSū, 3, 2: 17;20 9;sapatnībhyaśca sādhvasam avacchindyāt |;
KāSū, 3, 2: 17;20 10;kālena ca krameṇa vimuktakanyābhāvām anudvejayann iti kanyāvisrambhaṇam ||;
KāSū, 3, 2: 17;21 1;bhavanti cātra ślokāḥ |;
KāSū, 3, 2: 17;21 2;evaṁ cittānugo bālām upāyena prasādhayet |;
KāSū, 3, 2: 17;21 3;tathāsya sānuraktā ca suvisrabdhā prajāyate ||;
KāSū, 3, 2: 17;22 1;nātyantam ānulomyena na cātiprātilomyataḥ |;
KāSū, 3, 2: 17;22 2;siddhiṁ gacchati kanyāsu tasmān madhyena sādhayet ||;
KāSū, 3, 2: 17;23 1;ātmanaḥ prītijananaṁ yoṣitāṁ mānavardhanam |;
KāSū, 3, 2: 17;23 2;kanyāvisrambhaṇaṁ vetti yaḥ sa tāsāṁ priyo bhavet ||;
KāSū, 3, 2: 17;24 1;atilajjānvitety eyaṁ yastu kanyām upekṣate |;
KāSū, 3, 2: 17;24 2;so .nabhiprāyavedīti paśuvat paribhūyate ||;
KāSū, 3, 2: 17;25 1;sahasā vāpyupakrāntā kanyācittam avindatā |;
KāSū, 3, 2: 17;25 2;bhayaṁ vitrāsam udvegaṁ sadyo dveṣaṁ ca gacchati ||;
KāSū, 3, 2: 17;26 1;sā prītiyogam aprāptā tenodvegena dūṣitā |;
KāSū, 3, 2: 17;26 2;puruṣadveṣiṇī vā syād vidviṣṭā vā tato .nyagā ||;


KāSū, 3, 3: 18;3 1;yāṁ ca viśvāsyām asyāṁ manyeta tayā saha nirantarāṁ paricayāṁśca budhyeta |;
KāSū, 3, 3: 18;3 2;dhātreyikāṁ cāsyāḥ priyahitābhyām adhikam upagṛhṇīyāt sā hi prīyamāṇā viditākārāpy apratyādiśantī taṁ tāṁ ca anabhihitāpi pratyācāryakam |;
KāSū, 3, 3: 18;3 3;aviditākārāpi hi guṇān evānurāgāt prakāśayet |;
KāSū, 3, 3: 18;3 4;yathā prayojyānurajyeta |;
KāSū, 3, 3: 18;3 5;yatra yatra ca kautukaṁ prayojyāyāstad anu praviśya krīḍanakadravyāṇi yānyapūrvāṇi yānyanyāsāṁ viralaśo tatra kandukam anekabhakticitram alpakālāntaritam anyad tathā sūtradārugavalagajadantamayīr duhitṛkā bhaktapākārtham asyā mahānasikasya ca darśanam |;
KāSū, 3, 3: 18;3 6;kāṣṭhamedhrakayośca saṁyuktayośca strīpuṁsayor yathā ca sarvābhiprāyasaṁvardhakam enaṁ manyeta tathā vīkṣaṇe ca pracchannam arthayet |;
KāSū, 3, 3: 18;3 7;tathā kathāyojanam |;
KāSū, 3, 3: 18;3 8;pracchannadānasya tu kāraṇam ātmano gurujanād bhayaṁ deyasya cānyena spṛhaṇīyatvam iti |;
KāSū, 3, 3: 18;3 9;vardhamānānurāgaṁ cākhyānake manaḥ kurvatīm vismayeṣu prasahyamānām indrajālaiḥ prayogair kalāsu kautukinīṁ tatkauśalena gītapriyāṁ śrutiharair āśvayujyām aṣṭamīcandrake kaumudyām utsaveṣu no ced doṣakarāṇi manyeta |;
KāSū, 3, 3: 18;3 10;anyapuruṣaviśeṣābhijñatayā dhātreyikāsyāḥ tadgrahaṇopadeśena ca prayojyāyāṁ ratikauśalam ātmanaḥ udāraveṣaśca svayam anupahatadarśanaḥ syāt |;
KāSū, 3, 3: 18;3 11;bhāvaṁ ca kurvatīm iṅgitākāraiḥ sūcayet |;
KāSū, 3, 3: 18;3 12;yuvatayo hi saṁsṛṣṭam abhīkṣṇadarśanaṁ ca puruṣaṁ kāmayamānā api tu nābhiyuñjata iti prāyovādaḥ |;
KāSū, 3, 3: 18;3 13;iti bālāyām upakramāḥ ||;
KāSū, 3, 3: 18;4 1;tān iṅgitākārān vakṣyāmaḥ ||;Daśakumāracarita DKCar, 2, 8: 13 190;sa tayoktaḥ prītiṁ pratipadyābhipatsyati ||;!;;Pañcārthabhāṣya PABh zu PāśupSūtra, 2, 18: 63 8;taducyate tadarthameva ||;!;;Pañcārthabhāṣya PABh zu PāśupSūtra, 4, 8: 106 16;taducyate taṁ guṇaṁ jñātvā vakṣyāmaḥ ||;!;;
KāSū, 3, 3: 18;5 1;saṁmukhaṁ taṁ tu na vīkṣate |;
KāSū, 3, 3: 18;5 2;vīkṣitā vrīḍāṁ darśayati |;
KāSū, 3, 3: 18;5 3;rucyam ātmano .ṅgam apadeśena prakāśayati |;
KāSū, 3, 3: 18;5 4;pramattaṁ pracchannaṁ nāyakam atikrāntaṁ ca vīkṣate |;
KāSū, 3, 3: 18;5 5;pṛṣṭā ca kiṁcit sasmitam avyaktākṣaram anavasitārthaṁ ca tatsamīpe ciraṁ sthānam abhinandati |;
KāSū, 3, 3: 18;5 6;dūre sthitā paśyatu mām iti manyamānā parijanaṁ taṁ deśaṁ na muñcati |;
KāSū, 3, 3: 18;5 7;yat kiṁcid dṛṣṭvā vihasitaṁ karoti |;
KāSū, 3, 3: 18;5 8;tatra kathām avasthānārtham anubadhnāti |;
KāSū, 3, 3: 18;5 9;bālasyāṅkagatasyāliṅganaṁ cumbanaṁ ca karoti |;
KāSū, 3, 3: 18;5 10;paricārikāyāstilakaṁ ca racayati |;
KāSū, 3, 3: 18;5 11;parijanānavaṣṭabhya tāstāśca līlā darśayati |;
KāSū, 3, 3: 18;5 12;tanmitreṣu viśvasiti |;
KāSū, 3, 3: 18;5 13;vacanaṁ caiṣāṁ bahu manyate karoti ca |;
KāSū, 3, 3: 18;5 14;tatparicārakaiḥ saha prītiṁ saṁkathāṁ dyūtam iti ca karoti svakarmasu ca prabhaviṣṇur ivaitān niyuṅkte |;
KāSū, 3, 3: 18;5 15;teṣu ca nāyakasaṁkathām anyasya kathayatsvavahitā tāṁ dhātreyikayā coditā nāyakasyodavasitaṁ praviśati |;
KāSū, 3, 3: 18;5 16;tām antarā kṛtvā tena saha dyūtaṁ krīḍām ālāpaṁ analaṁkṛtā darśanapathaṁ pariharati |;
KāSū, 3, 3: 18;5 17;karṇapattram aṅgulīyakaṁ srajaṁ vā tena yācitā sadhīram tena ca dattaṁ nityaṁ dhārayati |;
KāSū, 3, 3: 18;5 18;anyavarasaṁkathāsu viṣaṇṇā bhavati |;
KāSū, 3, 3: 18;5 19;tatpakṣakaiśca saha na saṁsṛjyata iti ||;
KāSū, 3, 3: 18;6 1;bhavataścātra ślokau |;
KāSū, 3, 3: 18;6 2;dṛṣṭvaitān bhāvasaṁyuktān ākārān iṅgitāni ca |;
KāSū, 3, 3: 18;6 3;kanyāyāḥ saṁprayogārthaṁ tāṁstān yogān vicintayet ||;
KāSū, 3, 3: 18;7 1;bālakrīḍanakair bālā kalābhir yauvane sthitā |;
KāSū, 3, 3: 18;7 2;vatsalā cāpi saṁgrāhyā viśvāsyajanasaṁgrahāt ||;
KāSū, 3, 4: 19;1 1;darśiteṅgitākārāṁ kanyām upāyato .bhiyuñjīta ||;
KāSū, 3, 4: 19;2 1;dyūte krīḍanakeṣu ca vivadamānaḥ sākāram asyāḥ pāṇim |;
KāSū, 3, 4: 19;3 1;yathoktaṁ ca spṛṣṭakādikam āliṅganavidhiṁ vidadhyāt ||;
KāSū, 3, 4: 19;4 1;patracchedyakriyāyāṁ ca svābhiprāyāsūcakaṁ mithunam |;
KāSū, 3, 4: 19;5 1;evam anyadviralaśo darśayet ||;
KāSū, 3, 4: 19;6 1;jalakrīḍāyāṁ taddūrato .psu nimagnaḥ samīpam asyā gatvā |;
KāSū, 3, 4: 19;7 1;navapatrikādiṣu ca saviśeṣabhāvanivedanam ||;
KāSū, 3, 4: 19;8 1;ātmaduḥkhasyānirvedena kathanam ||;
KāSū, 3, 4: 19;9 1;svapnasya ca bhāvayuktasyānyāpadeśena ||;
KāSū, 3, 4: 19;10 1;prekṣaṇake svajanasamāje vā samīpopaveśanam |;
KāSū, 3, 4: 19;10 2;tatrānyāpadiṣṭaṁ sparśanam ||;
KāSū, 3, 4: 19;11 1;apāśrayārthaṁ ca caraṇena caraṇasya pīḍanam ||;
KāSū, 3, 4: 19;12 1;tataḥ śanakair ekaikām aṅgulim abhispṛśet ||;
KāSū, 3, 4: 19;13 1;pādāṅguṣṭhena ca nakhāgrāṇi ghaṭṭayet ||;
KāSū, 3, 4: 19;14 1;tatra siddhaḥ padāt padam adhikam ākāṅkṣet ||;
KāSū, 3, 4: 19;15 1;kṣāntyarthaṁ ca tad evābhyaset ||;Daśakumāracarita DKCar, 2, 3: 8 43;tena ca tamarthaṁ tathaivānvatiṣṭhatām ||;!;;
KāSū, 3, 4: 19;16 1;pādaśauce pādāṅgulisaṁdaṁśena tadaṅgulipīḍanam ||;
KāSū, 3, 4: 19;17 1;dravyasya samarpaṇe pratigrahe vā tadgato vikāraḥ ||;
KāSū, 3, 4: 19;18 1;ācamanānte codakenāsekaḥ ||;
KāSū, 3, 4: 19;19 1;vijane tamasi ca dvandvam āsīnaḥ kṣāntiṁ kurvīta |;
KāSū, 3, 4: 19;19 2;samānadeśaśayyāyāṁ ca ||;
KāSū, 3, 4: 19;20 1;tatra yathārtham anudvejayato bhāvanivedanam ||;
KāSū, 3, 4: 19;21 1;vivikte ca kiṁcid asti kathayitavyam ityuktvā nirvacanaṁ yathā pāradārike vakṣyāmaḥ ||;
KāSū, 3, 4: 19;22 1;viditabhāvastu vyādhim apadiśyaināṁ vārtāgrahaṇārthaṁ |;

KāSū, 3, 4: 19;24 1;auṣadhāpadeśārthaṁ cāsyāḥ karma vinirdiśet ||;

KāSū, 3, 4: 19;26 1;asya ca yogasya trirātraṁ trisaṁdhyaṁ ca prayuktiḥ ||;
KāSū, 3, 4: 19;27 1;abhīkṣṇadarśanārtham āgatāyāśca goṣṭhīṁ vardhayet ||;
KāSū, 3, 4: 19;28 1;anyābhir api saha viśvāsanārtham adhikam adhikaṁ na tu vācā nirvadet ||;
KāSū, 3, 4: 19;29 1;dūragatabhāvo .pi hi kanyāsu na nirvedena sidhyatīti |;
KāSū, 3, 4: 19;30 1;yadā tu bahusiddhāṁ manyeta tadaivopakramet ||;
KāSū, 3, 4: 19;31 1;pradoṣe niśi tamasi ca yoṣito mandasādhvasāḥ na ca puruṣaṁ pratyācakṣate |;
KāSū, 3, 4: 19;31 2;tasmāt tatkālaṁ prayojayitavyā iti prāyovādaḥ ||;
KāSū, 3, 4: 19;32 1;ekapuruṣābhiyogānāṁ tvasaṁbhave gṛhītārthayā tato yathoktam abhiyuñjīta ||;
KāSū, 3, 4: 19;33 1;svāṁ vā paricārikām ādāv eva sakhītvenāsyāḥ |;

KāSū, 3, 4: 19;35 1;sā tu guṇavantaṁ śaktaṁ sudarśanaṁ bālaprītyābhiyojayet |;
KāSū, 3, 4: 19;36 1;yaṁ vā manyeta mātāpitror asamīkṣayā svayam apyayam |;
KāSū, 3, 4: 19;37 1;mātā caināṁ sakhībhir dhātreyikābhiśca saha |;
KāSū, 3, 4: 19;38 1;puṣpagandhatāmbūlahastāyā vijane vikāle ca kalākauśalaprakāśane vā saṁvāhane śirasaḥ pīḍane prayojyasya sātmyayuktāḥ kathāyogāḥ bālāyām |;


KāSū, 3, 4: 19;41 1;abhyarthitāpi nātivivṛtā svayaṁ syāt |;
KāSū, 3, 4: 19;41 2;anyatrāniścayakālāt |;
KāSū, 3, 4: 19;41 3;yadā tu manyetānurakto mayi na vyāvartiṣyata iti vimuktakanyābhāvā ca viśvāsyeṣu prakāśayet |;
KāSū, 3, 4: 19;41 4;iti prayojyasyopāvartanam ||;
KāSū, 3, 4: 19;42 1;kanyābhiyujyamānā tu yaṁ manyetāśrayaṁ sukham |;
KāSū, 3, 4: 19;42 2;anukūlaṁ ca vaśyaṁ ca tasya kuryāt parigraham ||;
KāSū, 3, 4: 19;43 1;anapekṣya guṇān yatra rūpamaucityam eva ca |;
KāSū, 3, 4: 19;43 2;kurvīta dhanalobhena patiṁ sāpatnakeṣvapi ||;
KāSū, 3, 4: 19;44 1;tatra yuktaguṇaṁ vaśyaṁ śaktaṁ balavadarthinam |;
KāSū, 3, 4: 19;44 2;upāyair abhiyuñjānaṁ kanyā na pratilobhayet ||;
KāSū, 3, 4: 19;45 1;varaṁ vaśyo daridro .pi nirguṇo .pyātmadhāraṇaḥ |;
KāSū, 3, 4: 19;45 2;guṇair yukto .pi na tv evaṁ bahusādhāraṇaḥ patiḥ ||;
KāSū, 3, 4: 19;46 1;prāyeṇa dhanināṁ dārā bahavo niravagrahāḥ |;
KāSū, 3, 4: 19;46 2;bāhye satyupabhoge api nirvisrambhā bahiḥsukhāḥ ||;
KāSū, 3, 4: 19;47 1;nīco yastvabhiyuñjīta puruṣaḥ palito .pi vā |;
KāSū, 3, 4: 19;47 2;videśagatiśīlaśca na sa saṁyogam arhati ||;
KāSū, 3, 4: 19;48 1;yadṛcchayābhiyukto yo dambhadyūtādhiko .pi vā |;
KāSū, 3, 4: 19;48 2;sapatnīkaśca sāpatyo na sa saṁyogam arhati ||;
KāSū, 3, 4: 19;49 1;guṇasāmye abhiyoktṝṇām eko varayitā varaḥ |;
KāSū, 3, 4: 19;49 2;tatrābhiyoktari śraiṣṭhyam anurāgātmako hi saḥ ||;
KāSū, 3, 5: 20;1 1;prācuryeṇa kanyāyā viviktadarśanasyālābhe dhātreyikāṁ |;

KāSū, 3, 5: 20;3 1;pratipannām abhipretāvakāśavartinīṁ nāyakaḥ tato mātari pitari ca prakāśayet |;
KāSū, 3, 5: 20;3 2;agnisākṣikā hi vivāhā na nivartanta ityācāryasamayaḥ ||;
KāSū, 3, 5: 20;4 1;dūṣayitvā caināṁ śanaiḥ svajane prakāśayet |;
KāSū, 3, 5: 20;4 2;tadbāndhavāśca yathā kulasyādhaṁ pariharanto anantaraṁ ca prītyupagraheṇa rāgeṇa tadbāndhavān gāndharveṇa vivāhena vā ceṣṭeta ||;
KāSū, 3, 5: 20;5 1;apratipadyamānāyām antaścāriṇīm anyāṁ kulapramadāṁ tataḥ śrotriyāgārād agnim iti samānaṁ pūrveṇa ||;
KāSū, 3, 5: 20;6 1;āsanne ca vivāhe mātaram asyāstad abhimatadoṣair tatastadanumatena prātiveśyābhavane niśi nāyakam |;
KāSū, 3, 5: 20;7 1;bhrātaram asyā vā samānavayasaṁ veśyāsu parastrīṣu vā ante ca svābhiprāyaṁ grāhayet |;
KāSū, 3, 5: 20;7 2;prāyeṇa hi yuvānaḥ samānaśīlavyasanavayasāṁ tatastenaivānyakāryāt tām ānāyayet |;
KāSū, 3, 5: 20;7 3;viṣahyaṁ sāvakāśam iti samānaṁ pūrveṇa ||;
KāSū, 3, 5: 20;8 1;aṣṭamīcandrikādiṣu ca dhātreyikā madanīyam enāṁ tatraināṁ madāt saṁjñām apratipadyamānāṁ dūṣayitveti |;
KāSū, 3, 5: 20;9 1;suptāṁ caikacāriṇīṁ dhātreyikāṁ vārayitvā saṁjñām |;
KāSū, 3, 5: 20;10 1;grāmāntaram udyānaṁ vā gacchantīṁ viditvā iti vivāhayogāḥ ||;
KāSū, 3, 5: 20;11 1;pūrvaḥ pūrvaḥ pradhānaṁ syād vivāho dharmataḥ sthiteḥ pūrvābhāve tataḥ kāryo yo ya uttara uttaraḥ ||;
KāSū, 3, 5: 20;12 1;vyūḍhānāṁ hi vivāhānām anurāgaḥ phalaṁ yataḥ |;
KāSū, 3, 5: 20;12 2;madhyamo .pi hi sadyogo gāndharvastena pūjitaḥ ||;
KāSū, 3, 5: 20;13 1;sukhatvād abahukleśād api cāvaraṇād iha |;
KāSū, 3, 5: 20;13 2;anurāgātmakatvācca gāndharvaḥ pravaro mataḥ ||;
KāSū, 4, 1: 21;1 1;bhāryaikacāriṇī gūḍhaviśrambhā devavat patim |;
KāSū, 4, 1: 21;2 1;tanmatena kuṭumbacintām ātmani saṁniveśayet ||;
KāSū, 4, 1: 21;3 1;veśma ca śuci susaṁmṛṣṭasthānaṁ |;
KāSū, 4, 1: 21;4 1;na hyato .nyad gṛhasthānāṁ cittagrāhakam astīti |;
KāSū, 4, 1: 21;5 1;guruṣu bhṛtyavargeṣu nāyakabhaginīṣu tatpatiṣu ca |;
KāSū, 4, 1: 21;6 1;paripūteṣu ca haritaśākavaprān ikṣustambāñ |;
KāSū, 4, 1: 21;7 1;kubjakāmalakamallikājātīkuraṇṭakanavamālikātagaranand|;
KāSū, 4, 1: 21;8 1;madhye kūpaṁ vāpīṁ dīrghikāṁ vā khānayet ||;
KāSū, 4, 1: 21;9 1;bhikṣukīśramaṇākṣapaṇākulaṭākuhakekṣaṇikāmūlakārikāb|;
KāSū, 4, 1: 21;10 1;bhojane ca rucitam idam asmai dveṣyam idaṁ pathyam |;
KāSū, 4, 1: 21;11 1;svaraṁ bahir upaśrutya bhavanam āgacchataḥ kiṁ kṛtyam |;
KāSū, 4, 1: 21;12 1;paricārikām apanudya svayaṁ pādau prakṣālayet ||;
KāSū, 4, 1: 21;13 1;nāyakasya ca na vimuktabhūṣaṇaṁ vijane saṁdarśane |;
KāSū, 4, 1: 21;14 1;ativyayam asadvyayaṁ vā kurvāṇaṁ rahasi bodhayet ||;
KāSū, 4, 1: 21;15 1;āvāhe vivāhe yajñe gamanaṁ sakhībhiḥ saha goṣṭhīṁ |;
KāSū, 4, 1: 21;16 1;sarvakrīḍāsu ca tadānulomyena pravṛttiḥ ||;
KāSū, 4, 1: 21;17 1;paścāt saṁveśanaṁ pūrvam utthānam anavabodhanaṁ ca |;
KāSū, 4, 1: 21;18 1;mahānasaṁ ca suguptaṁ syād darśanīyaṁ ca ||;
KāSū, 4, 1: 21;19 1;nāyakāpacāreṣu kiṁcit kaluṣitā nātyarthaṁ nirvadet ||;
KāSū, 4, 1: 21;20 1;sādhikṣepavacanaṁ tv enaṁ mitrajanamadhyastham na ca mūlakārikā syāt ||;
KāSū, 4, 1: 21;21 1;na hyato .nyad apratyayakāraṇam astīti gonardīyaḥ ||;
KāSū, 4, 1: 21;22 1;durvyāhṛtaṁ durnirīkṣitam anyato mantraṇaṁ |;
KāSū, 4, 1: 21;23 1;svedadantapaṅkadurgandhāṁśca budhyeteti |;
KāSū, 4, 1: 21;24 1;bahubhūṣaṇaṁ vividhakusumānulepanaṁ pratanuślakṣṇālpadukūlatā parimitam ābharaṇaṁ tathā śuklānyanyāni puṣpāṇīti vaihāriko veṣaḥ ||;
KāSū, 4, 1: 21;25 1;nāyakasya vratam upavāsaṁ ca svayam api vāritāyāṁ ca nāham atra nirbandhanīyeti tadvacaso |;
KāSū, 4, 1: 21;26 1;mṛdvidalakāṣṭhacarmalohabhāṇḍānāṁ ca kāle |;
KāSū, 4, 1: 21;27 1;tathā lavaṇasnehayośca |;
KāSū, 4, 1: 21;28 1;mūlakālukapālaṅkīdamanakāmrātakairvārukatrapusavārtā|;
KāSū, 4, 1: 21;29 1;svasya ca sārasya parebhyo nākhyānaṁ bhartṛmantritasya |;
KāSū, 4, 1: 21;30 1;samānāśca striyaḥ kauśalenojjvalatayā pākena mānena |;
KāSū, 4, 1: 21;31 1;sāṁvatsarikamāyaṁ saṁkhyāya tadanurūpaṁ vyayaṁ |;
KāSū, 4, 1: 21;32 1;bhojanāvaśiṣṭād gorasād ghṛtakaraṇam tathā tailaguḍayoḥ |;
KāSū, 4, 1: 21;32 2;karpāsasya ca sūtrakartanam sūtrasya vānam |;
KāSū, 4, 1: 21;32 3;śikyarajjupāśavalkalasaṁgrahaṇam |;
KāSū, 4, 1: 21;32 4;kuṭṭanakaṇḍanāvekṣaṇam |;
KāSū, 4, 1: 21;32 5;ācāmamaṇḍatuṣakaṇakuṭyaṅgārāṇām upayojanam |;
KāSū, 4, 1: 21;32 6;bhṛtyavetanabharaṇajñānam |;
KāSū, 4, 1: 21;32 7;kṛṣipaśupālanacintāvāhanavidhānayogāḥ |;
KāSū, 4, 1: 21;32 8;meṣakukkuṭalāvakaśukaśārikāparabhṛtamayūravānaramṛgdaivasikāyavyayapiṇḍīkaraṇam iti ca vidyāt ||;
KāSū, 4, 1: 21;33 1;tajjaghanyānāṁ ca jīrṇavāsasāṁ saṁcayastair vividharāgaiḥ |;
KāSū, 4, 1: 21;34 1;surākumbhīnām āsavakumbhīnāṁ ca sthāpanaṁ |;

KāSū, 4, 1: 21;36 1;pravāse maṅgalamātrābharaṇā devatopavāsaparā vārtāyāṁ |;

KāSū, 4, 1: 21;38 1;nityanaimittikeṣu karmasūcito vyayaḥ |;
KāSū, 4, 1: 21;38 2;tadārabdhānāṁ ca karmaṇāṁ samāpane matiḥ ||;


KāSū, 4, 1: 21;41 1;āgate ca prakṛtisthāyā eva prathamato darśanaṁ |;
KāSū, 4, 1: 21;42 1;sadvṛttam anuvarteta nāyakasya hitaiṣiṇī |;
KāSū, 4, 1: 21;42 2;kulayoṣā punarbhūr vā veśyā vāpyekacāriṇī ||;
KāSū, 4, 1: 21;43 1;dharmam arthaṁ tathā kāmaṁ labhante sthānam eva ca |;
KāSū, 4, 1: 21;43 2;niḥsapatnaṁ ca bhartāraṁ nāryaḥ sadvṛttam āśritāḥ ||;
KāSū, 4, 2: 22;1 1;jāḍyadauḥśīlyadaurbhāgyebhyaḥ prajānutpatter |;
KāSū, 4, 2: 22;2 1;tadādita eva bhaktiśīlavaidagdhyakhyāpanena parijihīrṣet |;
KāSū, 4, 2: 22;2 2;prajānutpattau ca svayam eva sāpatnake codayet ||;
KāSū, 4, 2: 22;3 1;adhividyamānā ca yāvacchaktiyogād ātmano .dhikatvena |;


KāSū, 4, 2: 22;6 1;nāyakasaṁśrave ca rahasi viśeṣān adhikān darśayet ||;
KāSū, 4, 2: 22;7 1;tadapatyeṣvaviśeṣaḥ |;
KāSū, 4, 2: 22;7 2;parijanavarge adhikānukampā |;
KāSū, 4, 2: 22;7 3;mitravarge prītiḥ |;
KāSū, 4, 2: 22;7 4;ātmajñātiṣu nātyādaraḥ |;
KāSū, 4, 2: 22;7 5;tajjñātiṣu cātisaṁbhramaḥ ||;
KāSū, 4, 2: 22;8 1;bahvībhis tvadhivinnā avyavahitayā saṁsṛjyeta ||;
KāSū, 4, 2: 22;9 1;yāṁ tu nāyako .dhikāṁ cikīrṣet tāṁ bhūtapūrvasubhagayā |;
KāSū, 4, 2: 22;10 1;tataścānukampeta ||;Viṣṇupurāṇa ViPur, 4, 24: 80 46;tataś cāriṣṭakarmā tato hālāhalaḥ ||;GOOD;;Kāmasūtra KāSū, 4, 2: 22 59;tato veśyā ābhyantarikā nāṭakīyāśca ||;!;;Kāvyālaṁkāra KāvyAl, 6: 6 33;yathā paṭayatītyādi ṇic prātipadikāttataḥ |ṇāviṣṭhavaditīṣṭyā ca tathā kraśayatītyapi ||;!;;Mānavagṛhyasūtra MānGS, 1, 2: 2 4;tataḥ svastyayanaṁ ca ||;!;;Mṛgendraṭīkā MṛgṬīkā zu MṛgT, Vidyāpāda, 1, 3.2: 3 2;tataś ca ||;!;;Rasaratnasamuccayaṭīkā RRSṬīkā zu RRS, 10, 50.2: 160 21;tataśca māraṇam āpadyate ||;!;;Vaiśeṣikasūtra VaiśSū, 6, 2: 12 18;tataḥ saṁyogo vibhāgaśca ||;!;;Viṣṇupurāṇa ViPur, 4, 5: 61 26;tataś ca dhṛṣṭaketur ajāyata ||;!;;Viṣṇupurāṇa ViPur, 4, 10: 66 22;tataś cainam agāyata ||;!;;Viṣṇupurāṇa ViPur, 4, 12: 68 43;tataś cāṁśus tasmācca satvataḥ ||;!;;Viṣṇupurāṇa ViPur, 4, 13: 69 9;tataś cānamitraḥ tathānamitrān nighnaḥ ||;!;;Viṣṇupurāṇa ViPur, 4, 19: 75 35;tataś ca senajit ||;!;;Viṣṇupurāṇa ViPur, 4, 19: 75 46;tataś ca viṣvaksenas tasmād udaksenaḥ ||;!;;Viṣṇupurāṇa ViPur, 4, 19: 75 58;tataś ca haryaśvaḥ ||;!;;Viṣṇupurāṇa ViPur, 4, 19: 75 80;tataś coparicaro vasuḥ ||;!;;Viṣṇupurāṇa ViPur, 4, 20: 76 6;tataś ca ṛkṣo .nyo .bhavat ||;!;;Viṣṇupurāṇa ViPur, 4, 20: 76 7;ṛkṣād bhīmasenas tataś ca dilīpaḥ ||;!;;Viṣṇupurāṇa ViPur, 4, 20: 76 16;tataś ca tam ūcur brāhmaṇāḥ ||;!;;Viṣṇupurāṇa ViPur, 4, 24: 80 4;tataś ca viśākhayūpaḥ ||;!;;Viṣṇupurāṇa ViPur, 4, 24: 80 9;tataś ca śiśunābhaḥ ||;!;;Viṣṇupurāṇa ViPur, 4, 24: 80 14;tataś cājātaśatruḥ ||;!;;Yogasūtrabhāṣya YSBhā zu YS, 4, 3.1: 118 8;tataścāśuddhipariṇāma iti ||;!;;
KāSū, 4, 2: 22;11 1;tābhir ekatvenādhikāṁ cikīrṣitāṁ svayam avivadamānā |;
KāSū, 4, 2: 22;12 1;nāyakena tu kalahitām enāṁ |;
KāSū, 4, 2: 22;13 1;kalahaṁ ca vardhayet ||;Daśakumāracarita DKCar, 2, 4: 9 50;avardhyata ca vinayavatyā snehavāsanayā ||;!;;
KāSū, 4, 2: 22;14 1;mandaṁ vā kalaham upalabhya svayam eva saṁdhukṣayet |;
KāSū, 4, 2: 22;15 1;yadi nāyako .syām adyāpi sānunaya iti manyeta tadā |;
KāSū, 4, 2: 22;16 1;kaniṣṭhā tu mātṛvat sapatnīṁ paśyet ||;
KāSū, 4, 2: 22;17 1;jñātidāyam api tasyā aviditaṁ nopayuñjīta ||;
KāSū, 4, 2: 22;18 1;ātmavṛttān tāṁstadadhiṣṭhitān kuryāt ||;
KāSū, 4, 2: 22;19 1;anujñātā patim adhiśayīta ||;Pañcārthabhāṣya PABh zu PāśupSūtra, 5, 43: 165 11;patyuḥ patiḥ adhipatiḥ ||;!;;
KāSū, 4, 2: 22;20 1;na vā tasyā vacanam anyasyāḥ kathayet ||;
KāSū, 4, 2: 22;21 1;tadapatyāni svebhyo .dhikāni paśyet ||;
KāSū, 4, 2: 22;22 1;rahasi patim adhikam upacaret ||;
KāSū, 4, 2: 22;23 1;ātmanaśca sapatnīvikārajaṁ duḥkhaṁ nācakṣīta ||;
KāSū, 4, 2: 22;24 1;patyuśca saviśeṣakaṁ gūḍhaṁ mānaṁ lipset ||;
KāSū, 4, 2: 22;25 1;anena khalu pathyadānena jīvāmīti brūyāt ||;
KāSū, 4, 2: 22;26 1;tat tu ślāghayā rāgeṇa vā bahir nācakṣīta ||;
KāSū, 4, 2: 22;27 1;bhinnarahasyā hi bhartur avajñāṁ labhate ||;
KāSū, 4, 2: 22;28 1;jyeṣṭhābhayācca nigūḍhasaṁmānārthinī syād iti gonardīyaḥ |;
KāSū, 4, 2: 22;29 1;durbhagām anapatyāṁ ca jyeṣṭhām anukampeta nāyakena |;
KāSū, 4, 2: 22;30 1;prasahya tv enām ekacāriṇīvṛttam anutiṣṭhed iti |;
KāSū, 4, 2: 22;31 1;vidhavā tvindriyadaurbalyād āturā bhoginaṁ |;
KāSū, 4, 2: 22;32 1;yatastu svecchayā punar api niṣkramaṇaṁ nirguṇo .yam iti |;
KāSū, 4, 2: 22;33 1;saukhyārthinī sā kilānyaṁ punar vindeta ||;
KāSū, 4, 2: 22;34 1;guṇeṣu sopabhogeṣu sukhasākalyaṁ tasmāt tato viśeṣa iti |;
KāSū, 4, 2: 22;35 1;ātmanaścittānukūlyād iti vātsyāyanaḥ ||;
KāSū, 4, 2: 22;36 1;sā bāndhavair nāyakād |;
KāSū, 4, 2: 22;37 1;ātmanaḥ sāreṇa vālaṁkāraṁ tadīyam ātmīyaṁ vā bibhṛyāt |;
KāSū, 4, 2: 22;38 1;prītidāyeṣv aniyamaḥ ||;Nyāyasūtra NyāSū, 2, 2: 4 57;aniyame niyamāt nāniyamaḥ ||;!;;
KāSū, 4, 2: 22;39 1;svecchayā ca gṛhān nirgacchantī prītidāyād anyan niṣkāsyamānā tu na kiṁcid dadyāt ||;
KāSū, 4, 2: 22;40 1;sā prabhaviṣṇur iva tasya bhavanam āpnuyāt ||;
KāSū, 4, 2: 22;41 1;kulajāsu tu prītyā varteta ||;
KāSū, 4, 2: 22;42 1;dākṣiṇyena parijane sarvatra saparihāsā mitreṣu pratipattiḥ kalāsu kauśalam adhikasya ca jñānam ||;
KāSū, 4, 2: 22;43 1;kalahasthāneṣu ca nāyakaṁ svayam upālabheta ||;

KāSū, 4, 2: 22;45 1;durbhagā tu sāpatnakapīḍitā yā tāsām adhikam iva prakāśyāni ca kalāvijñānāni darśayet |;
KāSū, 4, 2: 22;45 2;daurbhāgyād rahasyānām abhāvaḥ ||;
KāSū, 4, 2: 22;46 1;nāyakāpatyānāṁ dhātreyikāni kuryāt ||;
KāSū, 4, 2: 22;47 1;tanmitrāṇi copagṛhya tair bhaktim ātmanaḥ prakāśayet ||;
KāSū, 4, 2: 22;48 1;dharmakṛtyeṣu ca puraścāriṇī syād vratopavāsayośca ||;
KāSū, 4, 2: 22;49 1;parijane dākṣiṇyam |;
KāSū, 4, 2: 22;49 2;na cādhikam ātmānaṁ paśyet ||;
KāSū, 4, 2: 22;50 1;śayane tatsātmyenātmano .nurāgapratyānayanam ||;
KāSū, 4, 2: 22;51 1;na copālabheta vāmatāṁ ca na darśayet ||;
KāSū, 4, 2: 22;52 1;yayā ca kalahitaḥ syāt kāmaṁ tām āvartayet ||;
KāSū, 4, 2: 22;53 1;yāṁ ca pracchannāṁ kāmayet tām anena saha |;
KāSū, 4, 2: 22;54 1;yathā ca pativratātvam aśāṭhyaṁ nāyako manyeta tathā |;
KāSū, 4, 2: 22;55 1;antaḥpurāṇāṁ ca vṛttam eteṣv eva prakaraṇeṣu lakṣayet ||;

KāSū, 4, 2: 22;57 1;tāsāṁ yathākālaṁ yathārhaṁ ca sthānamānānuvṛttiḥ |;
KāSū, 4, 2: 22;58 1;tadanantaraṁ punarbhuvastathaiva paśyet ||;
KāSū, 4, 2: 22;59 1;tato veśyā ābhyantarikā nāṭakīyāśca ||;
KāSū, 4, 2: 22;60 1;tāsāṁ yathoktakakṣāṇi sthānāni ||;
KāSū, 4, 2: 22;61 1;vāsakapālyastu yasyā vāsako yasyāścātīto yasyāśca tatra rājā yad gṛhṇīyāt tasyā vāsakam ājñāpayet ||;
KāSū, 4, 2: 22;62 1;utsaveṣu ca sarvāsām anurūpeṇa pūjāpānakaṁ ca |;
KāSū, 4, 2: 22;62 2;saṁgītadarśaneṣu ca ||;
KāSū, 4, 2: 22;63 1;antaḥpuracāriṇīnāṁ bahir aniṣkramo bāhyānāṁ cāpraveśaḥ anyatra viditaśaucābhyaḥ |;
KāSū, 4, 2: 22;63 2;aparikliṣṭaśca karmayoga ityāntaḥpurikam ||;
KāSū, 4, 2: 22;64 1;bhavanti cātra ślokāḥ |;
KāSū, 4, 2: 22;64 2;puruṣastu bahūn dārān samāhṛtya samo bhavet |;
KāSū, 4, 2: 22;64 3;na cāvajñāṁ cared āsu vyalīkān na saheta ca ||;
KāSū, 4, 2: 22;65 1;ekasyāṁ yā ratikrīḍā vaikṛtaṁ vā śarīrajam |;
KāSū, 4, 2: 22;65 2;visrambhād vāpyupālambhastam anyāsu na kīrtayet ||;
KāSū, 4, 2: 22;66 1;na dadyāt prasaraṁ strīṇāṁ sapatnyāḥ kāraṇe kvacit |;
KāSū, 4, 2: 22;66 2;tathopālabhamānāṁ ca doṣaistām eva yojayet ||;
KāSū, 4, 2: 22;67 1;anyāṁ rahasi visrambhair anyāṁ pratyakṣapūjanaiḥ |;
KāSū, 4, 2: 22;67 2;bahumānaistathā cānyām ityevaṁ rañjayet striyaḥ ||;
KāSū, 4, 2: 22;68 1;udyānagamanair bhogair dānaistajjñātipūjanaiḥ |;
KāSū, 4, 2: 22;68 2;rahasyaiḥ prītiyogaiścetyekaikām anurañjayet ||;
KāSū, 4, 2: 22;69 1;yuvatiśca jitakrodhā yathāśāstrapravartinī |;
KāSū, 4, 2: 22;69 2;karoti vaśyaṁ bhartāraṁ sapatnīścādhitiṣṭhati ||;
KāSū, 5, 1: 23;1 1;strīpuruṣaśīlavasthāpanaṁ vyāvartanakāraṇāṇi strīṣu |;
KāSū, 5, 1: 23;2 1;teṣu sādhyatvam anatyayaṁ gamyatvam āyatiṁ vṛttiṁ |;
KāSū, 5, 1: 23;3 1;yadā tu sthānāt sthānāntaraṁ kāmaṁ pratipadyamānaṁ |;
KāSū, 5, 1: 23;4 1;daśa tu kāmasya sthānāni ||;
KāSū, 5, 1: 23;5 1;cakṣuḥprītir manaḥsaṅgaḥ saṁkalpotpattir |;
KāSū, 5, 1: 23;6 1;tatrākṛtito lakṣaṇataśca yuvatyāḥ śīlaṁ satyaṁ śaucaṁ |;
KāSū, 5, 1: 23;7 1;vyabhicārād ākṛtilakṣaṇayogānām iṅgitākārābhyām eva |;
KāSū, 5, 1: 23;8 1;yaṁ kaṁcid ujjvalaṁ puruṣaṁ dṛṣṭvā strī kāmayate |;
KāSū, 5, 1: 23;8 2;tathā puruṣo .pi yoṣitam |;
KāSū, 5, 1: 23;8 3;apekṣayā tu na pravartata iti goṇikāputraḥ ||;
KāSū, 5, 1: 23;9 1;tatra striyaṁ prati viśeṣaḥ ||;
KāSū, 5, 1: 23;10 1;na strī dharmam adharmaṁ cāpekṣate kāmayata eva |;
KāSū, 5, 1: 23;10 2;kāryāpekṣayā tu nābhiyuṅkte |;
KāSū, 5, 1: 23;10 3;svabhāvācca puruṣeṇābhiyujyamānā cikīrṣantyapi punaḥ punar abhiyuktā sidhyati |;
KāSū, 5, 1: 23;10 4;puruṣastu dharmasthitim āryasamayaṁ cāpekṣya tathābuddhiścābhiyujyamāno .pi na sidhyati |;
KāSū, 5, 1: 23;10 5;niṣkāraṇam abhiyuṅkte |;
KāSū, 5, 1: 23;10 6;abhiyujyāpi punar nābhiyuṅkte |;
KāSū, 5, 1: 23;10 7;siddhāyāṁ ca mādhyasthyaṁ gacchati |;
KāSū, 5, 1: 23;10 8;sulabhām avamanyate |;
KāSū, 5, 1: 23;10 9;durlabhām ākāṅkṣata iti prāyovādaḥ ||;
KāSū, 5, 1: 23;11 1;tatra vyāvartanakāraṇāni |;
KāSū, 5, 1: 23;11 2;patyāvanurāgaḥ |;
KāSū, 5, 1: 23;11 3;apatyāpekṣā |;
KāSū, 5, 1: 23;11 4;atikrāntavayastvam |;
KāSū, 5, 1: 23;11 5;duḥkhābhibhavaḥ |;
KāSū, 5, 1: 23;11 6;virahan upalambhaḥ |;
KāSū, 5, 1: 23;11 7;avajñayopamantrayata iti krodhaḥ |;
KāSū, 5, 1: 23;11 8;apratarkya iti saṁkalpavarjanam |;
KāSū, 5, 1: 23;11 9;gamiṣyatītyanāyatir anyatra prasaktamatir iti ca |;
KāSū, 5, 1: 23;11 10;asaṁvṛtākāra ityudvegaḥ |;
KāSū, 5, 1: 23;11 11;mitreṣu nisṛṣṭabhāva iti teṣvapekṣā |;
KāSū, 5, 1: 23;11 12;śuṣkābhiyogītyāśaṅkā |;
KāSū, 5, 1: 23;11 13;tejasvīti sādhvasam |;
KāSū, 5, 1: 23;11 14;caṇḍavegaḥ samaratho veti bhayaṁ mṛgyāḥ |;
KāSū, 5, 1: 23;11 15;nāgarakaḥ kalāsu vicakṣaṇa iti vrīḍā |;
KāSū, 5, 1: 23;11 16;sakhitvenopacarita iti ca |;
KāSū, 5, 1: 23;11 17;adeśakālajña ityasūyā |;
KāSū, 5, 1: 23;11 18;paribhavasthānam ity abahumānaḥ |;
KāSū, 5, 1: 23;11 19;ākārito .pi nāvabudhyata ityavajñā |;
KāSū, 5, 1: 23;11 20;śaśo mandavega iti ca hastinyāḥ |;
KāSū, 5, 1: 23;11 21;matto .sya mā bhūd aniṣṭam ityanukampā |;
KāSū, 5, 1: 23;11 22;ātmani doṣadarśanān nirvedaḥ |;
KāSū, 5, 1: 23;11 23;viditā satī svajanabahiṣkṛtā bhaviṣyāmīti bhayam |;
KāSū, 5, 1: 23;11 24;palita ityanādaraḥ |;
KāSū, 5, 1: 23;11 25;patyā prayuktaḥ parīkṣata iti vimarśaḥ |;
KāSū, 5, 1: 23;11 26;dharmāpekṣā ceti ||;
KāSū, 5, 1: 23;12 1;teṣu yadātmani lakṣayet tadādita eva paricchindyāt ||;
KāSū, 5, 1: 23;13 1;āryatvayuktāni rāgavardhanāt |;
KāSū, 5, 1: 23;13 2;aśaktijānyupāyapradarśanāt |;
KāSū, 5, 1: 23;13 3;bahumānakṛtānyatiparicayāt |;
KāSū, 5, 1: 23;13 4;paribhavakṛtānyatiśauṇḍīryād vaicakṣaṇyācca |;
KāSū, 5, 1: 23;13 5;tatparibhavajāni praṇatyā |;
KāSū, 5, 1: 23;13 6;bhayayuktānyāśvāsanād iti ||;

KāSū, 5, 1: 23;15 1;yathātmanaḥ siddhatāṁ paśyed evaṁ yoṣito .pi ||;

KāSū, 5, 1: 23;17 1;ślokāvatra bhavataḥ |;
KāSū, 5, 1: 23;17 2;icchā svabhāvato jātā kriyayā paribṛṁhitā |;
KāSū, 5, 1: 23;17 3;buddhyā saṁśodhitodvegā sthirā syād anapāyinī ||;
KāSū, 5, 1: 23;18 1;siddhatām ātmano jñātvā liṅgānyunnīya yoṣitām |;
KāSū, 5, 1: 23;18 2;vyāvṛttikāraṇocchedī naro yoṣitsu sidhyati ||;

KāSū, 5, 2: 24;2 1;sarvatra śaktiviṣaye svayaṁ sādhanam upapannatarakaṁ |;
KāSū, 5, 2: 24;3 1;prathamasāhasā aniyantraṇasaṁbhāṣāśca svayaṁ tadviparītāśca dūtyeti prāyovādaḥ ||;
KāSū, 5, 2: 24;4 1;svayam abhiyokṣyamāṇastv ādāv eva paricayaṁ kuryāt ||;

KāSū, 5, 2: 24;6 1;darśane cāsyāḥ satataṁ sākāraṁ prekṣaṇaṁ tasyāścāṅkagatasya bālasya lālanaṁ bālakrīḍanakānāṁ |;

KāSū, 5, 2: 24;8 1;kṛtaparicayāṁ darśiteṅgitākārāṁ kanyām ivopāyato prāyeṇa tatra sūkṣmā abhiyogāḥ |;
KāSū, 5, 2: 24;8 2;kanyānām asaṁprayuktatvāt |;
KāSū, 5, 2: 24;8 3;itarāsu tān eva sphuṭam upadadhyāt |;
KāSū, 5, 2: 24;8 4;samprayuktatvāt |;
KāSū, 5, 2: 24;8 5;saṁdarśitākārāyāṁ nirbhinnasadbhāvāyāṁ tatra mahārhagandham uttarīyaṁ kusumaṁ ca ātmīyaṁ taddhastād gṛhītatāmbūlayā goṣṭhīgamanodyatasya tatra mahārhagandhaṁ spṛhaṇīyaṁ adhikair adhikaiścābhiyogaiḥ sādhvasavicchedanam ||;
KāSū, 5, 2: 24;9 1;krameṇa ca viviktadeśe gamanam āliṅganaṁ cumbanaṁ |;

KāSū, 5, 2: 24;11 1;ślokāvatra bhavataḥ |;
KāSū, 5, 2: 24;11 2;anyatra dṛṣṭasaṁcārastadbhartā yatra nāyakaḥ |;
KāSū, 5, 2: 24;11 3;na tatra yoṣitaṁ kāṁcit suprāpām api laṅghayet ||;
KāSū, 5, 2: 24;12 1;śaṅkitāṁ rakṣitāṁ bhītāṁ saśvaśrūkāṁ ca yoṣitam ||;
KāSū, 5, 2: 24;13 1;na tarkayeta medhāvī jānan pratyayam ātmanaḥ ||;
KāSū, 5, 3: 25;1 1;abhiyuñjāno yoṣitaḥ pravṛttiṁ parīkṣeta |;
KāSū, 5, 3: 25;1 2;tayā bhāvaḥ parīkṣito bhavati |;
KāSū, 5, 3: 25;1 3;abhiyogāṁśca pratigṛhṇīyāt ||;
KāSū, 5, 3: 25;2 1;mantram avṛṇvānāṁ dūtyaināṁ sādhayet ||;
KāSū, 5, 3: 25;3 1;apratigṛhyābhiyogaṁ punar api saṁsṛjyamānāṁ dvidhā tāṁ krameṇa sādhayet ||;
KāSū, 5, 3: 25;4 1;apratigṛhyābhiyogaṁ saviśeṣam alaṁkṛtā ca punar dṛśyeta |;
KāSū, 5, 3: 25;5 1;bahūn api viṣahate abhiyogān na ca cireṇāpi |;
KāSū, 5, 3: 25;6 1;manuṣyajāteścittānityatvāt ||;
KāSū, 5, 3: 25;7 1;abhiyuktāpi pariharati |;
KāSū, 5, 3: 25;7 2;na ca saṁsṛjyate |;
KāSū, 5, 3: 25;7 3;na ca pratyācaṣṭe |;
KāSū, 5, 3: 25;7 4;tasminn ātmani ca gauravābhimānāt |;
KāSū, 5, 3: 25;7 5;sātiparicayāt kṛcchrasādhyā |;
KāSū, 5, 3: 25;7 6;marmajñayā dūtyā tāṁ sādhayet ||;
KāSū, 5, 3: 25;8 1;sā ced abhiyujyamānā pāruṣyeṇa pratyādiśatyupekṣyā ||;
KāSū, 5, 3: 25;9 1;paruṣayitvāpi tu prītiyojinīṁ sādhayet ||;
KāSū, 5, 3: 25;10 1;kāraṇāt saṁsparśanaṁ sahate nāvabudhyate nāma samīpe śayānāyāḥ supto nāma karam upari vinyaset |;
KāSū, 5, 3: 25;10 2;sāpi suptevopekṣate |;
KāSū, 5, 3: 25;10 3;jāgratī tvapanuded bhūyo .bhiyogākāṅkṣiṇī ||;
KāSū, 5, 3: 25;11 1;etena pādasyopari pādanyāso vyākhyātaḥ |;
KāSū, 5, 3: 25;11 2;tasmin prasṛte bhūyaḥ suptasaṁśleṣaṇam upakramet |;
KāSū, 5, 3: 25;11 3;tadasahamānām utthitāṁ dvitīye ahani prakṛtivartinīm adṛśyamānāṁ tu dūtīsādhyām ||;
KāSū, 5, 3: 25;12 1;ciram adṛṣṭāpi prakṛtisthaiva saṁsṛjyate kṛtalakṣaṇāṁ tāṁ |;
KāSū, 5, 3: 25;13 1;anabhiyuktāpyākārayati |;
KāSū, 5, 3: 25;13 2;vivikte cātmānaṁ darśayati |;
KāSū, 5, 3: 25;13 3;savepathugadgadaṁ vadati |;
KāSū, 5, 3: 25;13 4;svinnakaracaraṇāṅguliḥ svinnamukhī ca bhavati |;
KāSū, 5, 3: 25;13 5;śiraḥpīḍane saṁvāhane corvor ātmānaṁ nāyake niyojayati āturā saṁvāhikā caikena hastena saṁvāhayantī dvitīyena vismitabhāvā |;
KāSū, 5, 3: 25;13 6;nidrāndhā vā parispṛśyorubhyāṁ bāhubhyām api tiṣṭhati |;
KāSū, 5, 3: 25;13 7;alikaikadeśam ūrvor upari pātayati |;
KāSū, 5, 3: 25;13 8;ūrūmūlasaṁvāhane niyuktā na pratilomayati |;
KāSū, 5, 3: 25;13 9;tatraiva hastam ekam avicalaṁ nyasyati |;
KāSū, 5, 3: 25;13 10;aṅgasaṁdaṁśena ca pīḍitaṁ cirād apanayati |;
KāSū, 5, 3: 25;13 11;pratigṛhyaivaṁ nāyakābhiyogān punar dvitīye ahani nātyarthaṁ saṁsṛjyate |;
KāSū, 5, 3: 25;13 12;na ca pariharati |;
KāSū, 5, 3: 25;13 13;vivikte bhāvaṁ darśayati niṣkāraṇaṁ cāgūḍham anyatra saṁnikṛṣṭaparicārakopabhogyā sā ced ākāritāpi tathaiva vyāvartamānā tu tarkaṇīyeti bhāvaparīkṣā ||;
KāSū, 5, 3: 25;14 1;bhavanti cātra ślokāḥ |;
KāSū, 5, 3: 25;14 2;ādau paricayaṁ kuryāt tataśca paribhāṣaṇam |;
KāSū, 5, 3: 25;14 3;paribhāṣaṇasaṁmiśraṁ mithaścākāravedanam ||;
KāSū, 5, 3: 25;15 1;pratyuttareṇa paśyecced ākārasya parigraham |;
KāSū, 5, 3: 25;15 2;tato .bhiyuñjīta naraḥ striyaṁ vigatasādhvasaḥ ||;
KāSū, 5, 3: 25;16 1;ākāreṇātmano bhāvaṁ yā nārī prāk prayojayet |;
KāSū, 5, 3: 25;16 2;kṣipram evābhiyojyā sā prathame tv eva darśane ||;
KāSū, 5, 3: 25;17 1;ślakṣṇam ākāritā yā tu darśayet sphuṭam uttaram |;
KāSū, 5, 3: 25;17 2;sāpi tatkṣaṇasiddheti vijñeyā ratilālasā ||;
KāSū, 5, 3: 25;18 1;dhīrāyām apragalbhāyāṁ parīkṣiṇyāṁ ca yoṣiti |;
KāSū, 5, 3: 25;18 2;eṣa sūkṣmo vidhiḥ proktaḥ siddhā eva sphuṭaṁ striyaḥ ||;
KāSū, 5, 4: 26;1 1;darśiteṅgitākārāṁ tu praviraladarśanām apūrvāṁ ca saināṁ śīlato .nupraviśyākhyānakapaṭaiḥ katham evaṁvidhāyāstavāyam itthaṁbhūtaḥ patiriti na tava subhage dāsyam api kartuṁ yukta iti brūyāt |;
KāSū, 5, 4: 26;1 2;mandavegatām īrṣyālutāṁ śaṭhatām akṛtajñatāṁ yena ca doṣeṇodvignāṁ lakṣayet tenaivānupraviśet |;
KāSū, 5, 4: 26;1 3;yadāsau mṛgī tadā naiva śaśatādoṣaḥ |;
KāSū, 5, 4: 26;1 4;etenaiva vaḍavāhastinīviṣayaścoktaḥ ||;
KāSū, 5, 4: 26;2 1;nāyikāyā eva tu viśvāsyatām upalabhya |;
KāSū, 5, 4: 26;3 1;sā nāyakasya caritam anulomatāṁ kāmitāni ca kathayet |;
KāSū, 5, 4: 26;3 2;prasṛtasadbhāvāyāṁ ca yuktyā kāryaśarīram itthaṁ vadet |;
KāSū, 5, 4: 26;3 3;śṛṇu vicitram idaṁ subhage tvāṁ kila dṛṣṭvāmutrāsāv prakṛtyā sukumāraḥ kadācid tato .dhunā śakyam anena maraṇam apyanubhavitum iti tatra siddhā dvitīye ahani vāci vaktre dṛṣṭyāṁ ca prasādam śṛṇvatyāṁ cāhalyāvimārakaśākuntalādīny anyānyapi vṛṣatāṁ catuḥṣaṣṭivijñatāṁ saubhāgyaṁ ca nāyakasya |;
KāSū, 5, 4: 26;3 4;ślāghanīyatāṁ cāsya pracchannaṁ saṁprayogaṁ bhūtam ākāraṁ cāsyā lakṣayet ||;
KāSū, 5, 4: 26;4 1;savihasitaṁ dṛṣṭvā sambhāṣate |;
KāSū, 5, 4: 26;4 2;āsane copanimantrayate |;
KāSū, 5, 4: 26;4 3;kvāsitaṁ kva śayitaṁ kva bhuktaṁ kva ceṣṭitaṁ kiṁ vā vivikte darśayatyātmānam |;
KāSū, 5, 4: 26;4 4;ākhyānakāni niyuṅkte |;
KāSū, 5, 4: 26;4 5;cintayantī niḥśvasiti vijṛmbhate ca |;
KāSū, 5, 4: 26;4 6;prītidāyaṁ ca dadāti |;
KāSū, 5, 4: 26;4 7;iṣṭeṣūtsaveṣu ca smarati |;
KāSū, 5, 4: 26;4 8;punar darśanānubandhaṁ visṛjati |;
KāSū, 5, 4: 26;4 9;sādhuvādinī satī kim idam aśobhanam abhidhatsa iti nāyakasya śāṭhyacāpalyasambaddhān doṣān dadāti |;
KāSū, 5, 4: 26;4 10;pūrvapravṛttaṁ ca tatsaṁdarśanaṁ kathābhiyogaṁ ca nāyakamanoratheṣu ca kathyamāneṣu saparibhavaṁ nāma na ca nirvadatīti ||;



KāSū, 5, 4: 26;8 1;sa tu devatābhigamane yātrāyām udyānakrīḍāyāṁ sakhībhikṣukīkṣapaṇikātāpasībhavaneṣu sukhopāya iti tasyā eva tu gehe viditaniṣkramapraveśe |;
KāSū, 5, 4: 26;9 1;nisṛṣṭārthā parimitārthā patrahārī svayaṁdūtī mūḍhadūtī |;
KāSū, 5, 4: 26;10 1;nāyakasya nāyikāyāśca yathāmanīṣitam artham upalabhya |;

KāSū, 5, 4: 26;12 1;kāryaikadeśam abhiyogaikadeśaṁ copalabhya śeṣaṁ |;
KāSū, 5, 4: 26;13 1;sā dṛṣṭaparasparākārayoḥ praviraladarśanayoḥ ||;
KāSū, 5, 4: 26;14 1;saṁdeśamātraṁ prāpayatīti patrahārī ||;
KāSū, 5, 4: 26;15 1;sā pragāḍhasadbhāvayoḥ saṁsṛṣṭayośca |;
KāSū, 5, 4: 26;16 1;dautyena prahitānyayā svayam eva nāyakam abhigacched gotraskhalitaṁ bhāryāṁ cāsya nindet |;
KāSū, 5, 4: 26;16 2;tadvyapadeśena svayam īrṣyāṁ darśayet |;
KāSū, 5, 4: 26;16 3;nakhadaśanacihnitaṁ vā kiṁcid dadyāt |;
KāSū, 5, 4: 26;16 4;bhavate aham adau dātuṁ saṁkalpiteti cābhidadhīta |;
KāSū, 5, 4: 26;16 5;mama bhāryāyā kā ramanīyeti vivikte paryanuyuñjīta sā tasyā vivikte darśanaṁ pratigrahaśca |;
KāSū, 5, 4: 26;16 6;pratigrahacchalenānyām abhisaṁdhāyāsyāḥ etayā nāyako .pyanyadūtaśca vyākhyātaḥ ||;
KāSū, 5, 4: 26;17 1;nāyakabhāryāṁ mugdhāṁ viśvāsyāyantraṇayānupraviśya yogāñ śikṣayet |;
KāSū, 5, 4: 26;17 2;sākāraṁ maṇḍayet |;
KāSū, 5, 4: 26;17 3;kopam enāṁ grāhayet |;
KāSū, 5, 4: 26;17 4;evaṁ ca pratipadyasveti śrāvayet |;
KāSū, 5, 4: 26;17 5;svayaṁ cāsyāṁ nakhadaśanapadāni nirvartayet |;
KāSū, 5, 4: 26;17 6;tena dvāreṇa nāyakam ākārayet sā mūḍhadūtī ||;
KāSū, 5, 4: 26;18 1;tasyāstayaiva pratyuttarāṇi yojayet ||;
KāSū, 5, 4: 26;19 1;svabhāryāṁ vā mūḍhāṁ prayojya tayā saha viśvāsena ātmanaśca vaicakṣaṇyaṁ prakāśayet |;
KāSū, 5, 4: 26;19 2;sā bhāryādūtī |;
KāSū, 5, 4: 26;19 3;tasyāstayaivākāragrahaṇam ||;
KāSū, 5, 4: 26;20 1;bālāṁ vā paricārikām adoṣajñām aduṣṭenopāyena tatra sraji karṇapattre vā gūḍhalekhanidhānaṁ tasyāstayā eva pratyuttaraprārthanam ||;
KāSū, 5, 4: 26;21 1;pūrvaprastutārthaliṅgasambaddham anyajanāgrahaṇīyaṁ tasyā api tayaiva pratyuttaraprārthanam iti tāsāṁ viśeṣāḥ ||;
KāSū, 5, 4: 26;22 1;bhavanti cātra ślokāḥ |;
KāSū, 5, 4: 26;22 2;vidhavekṣaṇikā dāsī bhikṣukī śilpakārikā |;
KāSū, 5, 4: 26;22 3;praviśatyāśu viśvāsaṁ dūtīkāryaṁ ca vindati ||;
KāSū, 5, 4: 26;23 1;vidveṣaṁ grāhayet patyau ramaṇīyāni varṇayet |;
KāSū, 5, 4: 26;23 2;citrān suratasaṁbhogān anyāsām api darśayet ||;
KāSū, 5, 4: 26;24 1;nāyakasyānurāgaṁ ca punaśca ratikauśalam |;
KāSū, 5, 4: 26;24 2;prārthanāṁ cādhikastrībhir avaṣṭambhaṁ ca varṇayet ||;
KāSū, 5, 4: 26;25 1;asaṁkalpitam apyartham utsṛṣṭaṁ doṣakāraṇāt |;
KāSū, 5, 4: 26;25 2;punar āvartayatyeva dūtī vacanakauśalāt ||;
KāSū, 5, 5: 27;1 1;na rājñāṁ mahāmātrāṇāṁ vā parabhavanapraveśo vidyate mahājanena hi caritam eṣāṁ dṛśyate anuvidhīyate ca ||;
KāSū, 5, 5: 27;2 1;savitāram udyantaṁ trayo lokāḥ paśyanti anūdyante ca |;
KāSū, 5, 5: 27;2 2;gacchantam api paśyanty anupratiṣṭhante ca ||;
KāSū, 5, 5: 27;3 1;tasmād aśakyatvād garhaṇīyatvācceti na te vṛthā kiṁcid |;
KāSū, 5, 5: 27;4 1;avaśyaṁ tv ācaritavye yogān prayuñjīran ||;
KāSū, 5, 5: 27;5 1;grāmādhipater ayuktakasya halotthavṛttiputrasya yūno tāścarṣaṇya ityācakṣate viṭāḥ ||;
KāSū, 5, 5: 27;6 1;tābhiḥ saha viṣṭikarmasu koṣṭhāgārapraveśe dravyāṇāṁ |;
KāSū, 5, 5: 27;7 1;tathā vrajayoṣidbhiḥ saha gavādhyakṣasya ||;
KāSū, 5, 5: 27;8 1;vidhavānāthāpravrajitābhiḥ saha sūtrādhyakṣasya ||;
KāSū, 5, 5: 27;9 1;marmajñatvād rātrāvaṭane cāṭantībhir nāgarasya ||;
KāSū, 5, 5: 27;10 1;krayavikraye paṇyādhyakṣasya ||;
KāSū, 5, 5: 27;11 1;aṣṭamīcandrakaumudīsuvasantakādiṣu |;
KāSū, 5, 5: 27;12 1;tatra cāpānakānte nagarastriyo yathāparicayam |;
KāSū, 5, 5: 27;13 1;tatra praṇihitā rājadāsī prayojyāyāḥ pūrvasaṁsṛṣṭā tāṁ rāmaṇīyakadarśanena yojayet |;
KāSū, 5, 5: 27;13 2;prāg eva svabhavanasthāṁ brūyāt |;
KāSū, 5, 5: 27;13 3;amuṣyāṁ krīḍāyāṁ tava rājabhavanasthānāni bahiḥ pravālakuṭṭimaṁ te darśayiṣyāmi |;
KāSū, 5, 5: 27;13 4;maṇibhūmikāṁ vṛkṣavāṭikāṁ mṛdvīkāmaṇḍapaṁ ekānte ca tadgatam īśvarānurāgaṁ śrāvayet |;
KāSū, 5, 5: 27;13 5;saṁprayoge cāturyaṁ cābhivarṇayet |;
KāSū, 5, 5: 27;13 6;amantraśrāvaṁ ca pratipannāṁ yojayet ||;

KāSū, 5, 5: 27;15 1;anyena vā prayojyāṁ saha saṁsṛṣṭāṁ saṁgrāhya dāsyam praṇidhinā cāyatim asyāḥ saṁdūṣya rājani vidviṣṭa iti ete rājaputreṣu prāyeṇa ||;
KāSū, 5, 5: 27;16 1;na tv evaṁ parabhavanam īśvaraḥ praviśet ||;
KāSū, 5, 5: 27;17 1;ābhīraṁ hi koṭṭarājaṁ parabhavanagataṁ bhrātṛprayukto kāśirājaṁ jayasenam aśvādhyakṣa iti ||;
KāSū, 5, 5: 27;18 1;prakāśakāmitāni tu deśapravṛttiyogāt ||;
KāSū, 5, 5: 27;19 1;prattā janapadakanyā daśame ahani kiṁcid aupāyanikam mahāmātreṣvarāṇām antaḥpurāṇi niśi sevārthaṁ rājānam rūpavatīr janapadayoṣitaḥ prītyapadeśena māsaṁ darśanīyāḥ svabhāryāḥ prītidāyām eva mahāmātrarājabhyo rājakrīḍārthaṁ nagarastriyo janapadastriyaśca saṁghaśa |;
KāSū, 5, 5: 27;20 1;ślokāvatra bhavataḥ |;
KāSū, 5, 5: 27;20 2;ete cānye ca bahavaḥ prayogāḥ pāradārikāḥ |;
KāSū, 5, 5: 27;20 3;deśe deśe pravartante rājabhiḥ sampravartitāḥ ||;
KāSū, 5, 5: 27;21 1;na tv evaitān prayuñjīta rājā lokahite rataḥ |;
KāSū, 5, 5: 27;21 2;nigṛhītāriṣaḍvargastathā vijayate mahīm ||;
KāSū, 5, 6: 28;1 1;nāntaḥpurāṇāṁ rakṣaṇayogāt puruṣasaṁdarśanaṁ vidyate tasmāt tāni prayogata eva parasparaṁ rañjayeyuḥ ||;
KāSū, 5, 6: 28;2 1;dhātreyikāṁ sakhīṁ dāsīṁ vā puruṣavad |;
KāSū, 5, 6: 28;3 1;puruṣapratimā avyaktaliṅgāścādhiśayīran ||;
KāSū, 5, 6: 28;4 1;rājānaśca kṛpāśīlā vināpi bhāvayogād āyojitāpadravyā yasyāṁ tu prītir vāsaka ṛtuv vā tatrābhiprāyataḥ |;
KāSū, 5, 6: 28;5 1;strīyogeṇaiva puruṣāṇām apyalabdhavṛttīnāṁ viyoniṣu |;
KāSū, 5, 6: 28;6 1;yoṣaveṣāṁśca nāgarakān prāyeṇa antaḥpurikāḥ teṣām upāvartane dhātreyikāśca abhyantarasaṁsṛṣṭā sukhapraveśitām apasārabhūmiṁ viśālatāṁ veśmanaḥ na cāsadbhūtenārthena praveśayituṁ janam āvartayeyur |;
KāSū, 5, 6: 28;7 1;nāgarakastu suprāpam apyantaḥpuram |;
KāSū, 5, 6: 28;8 1;sāpasāraṁ tu pramadavanāvagāḍhaṁ śaktiviṣaye ca pratidinaṁ niṣkrāmet ||;
KāSū, 5, 6: 28;9 1;bahiśca rakṣibhir anyad eva kāraṇam apadiśya saṁsṛjyeta |;
KāSū, 5, 6: 28;9 2;antaścāriṇyāṁ ca paricārikāyāṁ viditārthāyāṁ saktam tadalābhācca śokam antaḥpraveśinībhiśca dūtīkalpaṁ rājapraṇidhīṁśca budhyeta |;
KāSū, 5, 6: 28;9 3;dūtyāstvasaṁcāre yatra gṛhītākārāyāḥ prayojyāyā tasminn api tu rakṣiṣu paricārikāvyapadeśaḥ |;
KāSū, 5, 6: 28;9 4;cakṣuranubadhnatyām iṅgitākāranivedanam |;
KāSū, 5, 6: 28;9 5;yatra saṁpāto .syāstatra citrakarmaṇastad yuktasya pratyuttaraṁ tayā dattaṁ prapaśyet |;
KāSū, 5, 6: 28;9 6;tataḥ praveśane yateta ||;
KāSū, 5, 6: 28;10 1;yatra cāsyā niyataṁ gamanam iti vidyāt tatra rakṣipuruṣarūpo vā tadanujñātavelāyāṁ praviśet |;
KāSū, 5, 6: 28;10 2;āstaraṇaprāvaraṇaveṣṭitasya vā praveśanirhārau |;
KāSū, 5, 6: 28;10 3;puṭāpuṭayogair vā naṣṭacchāyārūpaḥ |;
KāSū, 5, 6: 28;10 4;tatrāyaṁ prayogaḥ nakulahṛdayaṁ corakatumbīphalāni tato .ñjanena samabhāgena peṣayet |;
KāSū, 5, 6: 28;10 5;anenābhyaktanayano naṣṭacchāyārūpaścarati |;
KāSū, 5, 6: 28;10 6;rātrikaumudīṣu ca dīpikāsaṁbādhe suraṅgayā vā ||;
KāSū, 5, 6: 28;11 1;tatraitad bhavati |;
KāSū, 5, 6: 28;11 2;dravyāṇām api nirhāre pānakānāṁ praveśane |;
KāSū, 5, 6: 28;11 3;āpānakotsavārthe api ceṭikānāṁ ca saṁbhrame ||;
KāSū, 5, 6: 28;12 1;vyatyāse veśmanāṁ caiva rakṣiṇāṁ ca viparyaye |;
KāSū, 5, 6: 28;12 2;udyānayātrāgamane yātrātaśca praveśane ||;
KāSū, 5, 6: 28;13 1;dīrghakālodayāṁ yātrāṁ proṣite cāpi rājani |;
KāSū, 5, 6: 28;13 2;praveśanaṁ bhavet prāyo yūnāṁ niṣkramaṇaṁ tathā ||;
KāSū, 5, 6: 28;14 1;parasparasya kāryāṇi jñātvā cāntaḥpurālayāḥ |;
KāSū, 5, 6: 28;14 2;ekakāryāstataḥ kuryuḥ śeṣāṇām api bhedanam ||;
KāSū, 5, 6: 28;15 1;dūṣayitvā tato .nyonyam ekakāryārpaṇe sthiraḥ |;
KāSū, 5, 6: 28;15 2;abhedyatāṁ gataḥ sadyo yatheṣṭaṁ phalam aśnute ||;
KāSū, 5, 6: 28;16 1;tatra rājakulacāriṇya eva lakṣaṇyān puruṣān antaḥpuraṁ kṣatriyasaṁjñakair antaḥpurarakṣibhir evārthaṁ preṣyābhiḥ saha tadveṣān nāgarakaputrān praveśayanti svair eva putrair antaḥpurāṇi kāmacārair jananīvarjam tathā praveśibhir eva jñātisaṁbandhibhir nānyair brāhmaṇair mitrair bhṛtyair dāsaceṭaiśca gauḍānām |;
KāSū, 5, 6: 28;16 2;parispandāḥ karmakarāścāntaḥpureṣvaniṣiddhā anye api arthena rakṣiṇam upagṛhya sāhasikāḥ saṁhatāḥ praviśanti puṣpadānaniyogān nagarabrāhmaṇā rājaviditam paṭāntaritaiścaiṣām ālāpaḥ |;
KāSū, 5, 6: 28;16 3;tena prasaṅgena vyatikaro bhavati vaṅgāṅgakaliṅgakānām saṁhatya navadaśetyekaikaṁ yuvānaṁ pracchādayanti evaṁ parastriyaḥ prakurvīta |;
KāSū, 5, 6: 28;16 4;ityantaḥpurikāvṛttam ||;
KāSū, 5, 6: 28;17 1;ebhya eva ca kāraṇebhyaḥ svadārān rakṣet ||;
KāSū, 5, 6: 28;18 1;kāmopadhāśuddhān rakṣiṇo .ntaḥpure sthāpayed te hi bhayena cārthena cānyaṁ prayojayeyustasmāt adroho dharmastam api bhayājjahyād ato |;
KāSū, 5, 6: 28;19 1;paravākyābhidhāyinībhiśca gūḍhākārābhiḥ pramadābhir duṣṭānāṁ yuvatiṣu siddhatvān nākasmād aduṣṭadūṣaṇam |;
KāSū, 5, 6: 28;20 1;atigoṣṭhī niraṅkuśatvaṁ bhartuḥ svairatā puruṣaiḥ pravāse avasthānaṁ videśe nivāsaḥ svavṛttyupaghātaḥ |;
KāSū, 5, 6: 28;21 1;saṁdṛśya śāstrato yogān pāradārikalakṣitān |;
KāSū, 5, 6: 28;21 2;na yāti chalanāṁ kaścit svadārān prati śāstravit ||;
KāSū, 5, 6: 28;22 1;pākṣikatvāt prayogāṇām apāyānāṁ ca darśanāt |;
KāSū, 5, 6: 28;22 2;dharmārthayośca vailomyān nācaret pāradārikam |;
KāSū, 5, 6: 28;22 3;tad etad dāraguptyartham ārabdhaṁ śreyase nṛṇām |;
KāSū, 5, 6: 28;22 4;prajānāṁ dūṣaṇāyaiva na vijñeyo .sya saṁvidhiḥ ||;
KāSū, 6, 1: 29;1 1;veśyānāṁ puruṣādhigame ratir vṛttiśca sargāt |;
KāSū, 6, 1: 29;1 2;ratitaḥ pravartanaṁ svābhāvikaṁ kṛtrimam arthārtham |;
KāSū, 6, 1: 29;1 3;tad api svābhāvikavad rūpayet |;
KāSū, 6, 1: 29;1 4;kāmaparāsu hi puṁsāṁ viśvāsayogāt |;
KāSū, 6, 1: 29;1 5;alubdhatāṁ ca khyāpayet tasya nidarśanārtham |;
KāSū, 6, 1: 29;1 6;na cānupāyenārthān sādhayed āyatisaṁrakṣaṇārtham |;
KāSū, 6, 1: 29;1 7;nityam alaṁkārayoginī rājamārgāvalokinī dṛśyamānā na paṇyasadharmatvāt ||;
KāSū, 6, 1: 29;2 1;yair nāyakam āvarjayed anyābhyaś cāvacchindyād te tv ārakṣakapuruṣā dharmādhikaraṇasthā daivajñā |;

KāSū, 6, 1: 29;4 1;prītiyaśo.rthāstu guṇato .dhigamyāḥ ||;
KāSū, 6, 1: 29;5 1;mahākulīno viddhān sarvasamayajñaḥ kavir na cāsāṁ vaśagaḥ svatantravṛttir aniṣṭhuro .nīrṣyālur |;
KāSū, 6, 1: 29;6 1;nāyikāyāḥ punā rūpayauvanalakṣaṇamādhuryayoginī |;
KāSū, 6, 1: 29;7 1;nāyikā punarbuddhiśīlācāra ārjavaṁ kṛtajñatā guṇaviparyaye doṣāḥ ||;
KāSū, 6, 1: 29;8 1;kṣayī rogī kṛmiśakṛdvāyasāsyaḥ priyakalatraḥ paruṣavāk |;

KāSū, 6, 1: 29;10 1;upamantritāpi gamyena sahasā na pratijānīyāt |;
KāSū, 6, 1: 29;10 2;puruṣāṇāṁ sulabhāvamānitvāt |;
KāSū, 6, 1: 29;10 3;bhāvajijñāsārthaṁ paricārakamukhān tadabhāve pīṭhamardādīn |;
KāSū, 6, 1: 29;10 4;tebhyo nāyakasya śaucāśaucaṁ rāgāparāgau saktāsaktāṁ saṁbhāvitena ca saha viṭapurogāṁ prītiṁ yojayet ||;
KāSū, 6, 1: 29;11 1;lāvakakukkuṭameṣayuddhaśukaśārikāpralāpanaprekṣaṇaktāṁ vā tasya |;
KāSū, 6, 1: 29;11 2;āgatasya prītikautukajananaṁ kiṁcid dravyajātaṁ svayam yatra ca ramate tayā goṣṭhyainam upacāraiśca rañjayet ||;
KāSū, 6, 1: 29;12 1;gate ca saparihāsapralāpāṁ sopāyanāṁ paricārikām sapīṭhamardāyāśca kāraṇāpadeśena svayaṁ gamanam iti |;
KāSū, 6, 1: 29;13 1;bhavanti cātra ślokāḥ |;
KāSū, 6, 1: 29;13 2;tāmbūlāni srajaścaiva saṁskṛtaṁ cānulepanam |;
KāSū, 6, 1: 29;13 3;āgatasyāharet prītyā kalāgoṣṭhīśca yojayet ||;
KāSū, 6, 1: 29;14 1;dravyāṇi praṇaye dadyāt kuryācca parivartanam |;
KāSū, 6, 1: 29;14 2;saṁprayogasya cākūtaṁ nijenaiva prayojayet ||;
KāSū, 6, 1: 29;15 1;prītidāyair upanyāsair upacāraiśca kevalaiḥ |;
KāSū, 6, 1: 29;15 2;gamyena saha saṁsṛṣṭā rañjayet taṁ tataḥ param ||;
KāSū, 6, 2: 30;1 1;saṁyuktā nāyakena tadrañjanārtham ekacāriṇīvṛttam rañjayenna tu sajjeta saktavacca viceṣṭeteti saṁkṣepoktiḥ |;
KāSū, 6, 2: 30;1 2;mātari ca krūraśīlāyām arthaparāyāṁ cāyattā syāt |;
KāSū, 6, 2: 30;1 3;tadabhāve mātṛkāyām |;
KāSū, 6, 2: 30;1 4;sā tu gamyena nātiprīyeta |;
KāSū, 6, 2: 30;1 5;prasahya ca duhitaram ānayet |;
KāSū, 6, 2: 30;1 6;tatra tu nāyikāyāḥ saṁtatam aratir nirvedo vrīḍābhayaṁ ca na tv eva śāsanātivṛttiḥ |;
KāSū, 6, 2: 30;1 7;vyādhiṁ caikam animittam ajugupsitam acakṣurgrāhyam sati kāraṇe tadapadeśaṁ ca nāyakān abhigamanam |;
KāSū, 6, 2: 30;1 8;nirmālyasya tu nāyikā ceṭikāṁ preṣayet tāmbūlasya ca ||;
KāSū, 6, 2: 30;2 1;vyavāye tadupacāreṣu vismayaś catuḥṣaṣṭyāṁ śiṣyatvaṁ |;
KāSū, 6, 2: 30;3 1;prekṣaṇam anyamanaskasya |;
KāSū, 6, 2: 30;3 2;rājamārge ca prāsādasthāyāstatra viditāyā taddveṣye dveṣyatā |;
KāSū, 6, 2: 30;3 3;tatpriye priyatā |;
KāSū, 6, 2: 30;3 4;tam anu harṣaśokau |;
KāSū, 6, 2: 30;3 5;strīṣu jijñāsā |;
KāSū, 6, 2: 30;3 6;kopaścādīrghaḥ |;
KāSū, 6, 2: 30;3 7;svakṛteṣvapi nakhadaśanacihneṣvanyāśaṅkā ||;
KāSū, 6, 2: 30;4 1;anurāgasyāvacanam ākāratastu darśayet |;
KāSū, 6, 2: 30;4 2;madasvapnavyādhiṣu tu nirvacanam |;
KāSū, 6, 2: 30;4 3;ślāghyānāṁ nāyakakarmaṇāṁ ca |;
KāSū, 6, 2: 30;4 4;tasmin bruvāṇe vākyārthagrahaṇam |;
KāSū, 6, 2: 30;4 5;tadavadhārya praśaṁsāviṣaye bhāṣaṇam |;
KāSū, 6, 2: 30;4 6;tadvākyasya cottareṇa yojanam |;
KāSū, 6, 2: 30;4 7;bhaktimāṁścet |;
KāSū, 6, 2: 30;4 8;kathāsvanuvṛttir anyatra sapatnyāḥ |;
KāSū, 6, 2: 30;4 9;niḥśvāse jṛmbhite skhalite patite vā tasya cārtim āśaṁsīta |;
KāSū, 6, 2: 30;4 10;kṣutavyāhṛtavismiteṣu jīvetyudāharaṇam |;
KāSū, 6, 2: 30;4 11;daurmanasye vyādhidaurhṛdāpadeśaḥ |;
KāSū, 6, 2: 30;4 12;guṇataḥ parasyākīrtanam |;
KāSū, 6, 2: 30;4 13;na nindā samānadoṣasya |;
KāSū, 6, 2: 30;4 14;dattasya dhāraṇam |;
KāSū, 6, 2: 30;4 15;vṛthāparādhe tadvyasane vālaṁkārasyāgrahaṇam tadyuktāśca vilāpāḥ |;
KāSū, 6, 2: 30;4 16;tena saha deśamokṣaṁ rocayed rājani niṣkrayaṁ ca |;
KāSū, 6, 2: 30;4 17;sāmarthyam āyuṣastadavāptau |;
KāSū, 6, 2: 30;4 18;tasyārthādhigame abhipretasiddhau śarīropacaye vā nityam alaṁkārayogaḥ |;
KāSū, 6, 2: 30;4 19;parimito .bhyavahāraḥ |;
KāSū, 6, 2: 30;4 20;gīte ca nāmagotrayor grahaṇam |;
KāSū, 6, 2: 30;4 21;glānyām urasi lalāṭe ca karaṁ kurvīta |;
KāSū, 6, 2: 30;4 22;tatsukham upalabhya nidrālābhaḥ |;
KāSū, 6, 2: 30;4 23;utsaṅge cāsyopaveśanaṁ svapanaṁ ca |;
KāSū, 6, 2: 30;4 24;gamanaṁ viyoge |;
KāSū, 6, 2: 30;4 25;tasmāt putrārthinī syāt |;
KāSū, 6, 2: 30;4 26;āyuṣo nādhikyam icchet ||;
KāSū, 6, 2: 30;5 1;etasyāvijñātam arthaṁ rahasi na brūyāt |;
KāSū, 6, 2: 30;5 2;vratam upavāsaṁ cāsya nirvartayet mayi doṣa iti |;
KāSū, 6, 2: 30;5 3;aśakye svayam api tadrūpā syāt |;
KāSū, 6, 2: 30;5 4;vivāde tenāpyaśakyam ityarthanirdeśaḥ |;
KāSū, 6, 2: 30;5 5;tadīyam ātmīyaṁ vā svayam aviśeṣeṇa paśyet |;
KāSū, 6, 2: 30;5 6;tena vinā goṣṭhyādīnām agamanam iti |;
KāSū, 6, 2: 30;5 7;nirmālyadhāraṇe ślāghā ucchiṣṭabhojane ca |;
KāSū, 6, 2: 30;5 8;kulaśīlaśilpajātividyāvarṇavittadeśamitraguṇavayomādhurgītādiṣu codanam abhijñasya |;
KāSū, 6, 2: 30;5 9;bhayaśītoṣṇavarṣāṇyanapekṣya tadabhigamanam |;
KāSū, 6, 2: 30;5 10;sa eva ca me syād ityaurdhvadehikeṣu vacanam |;
KāSū, 6, 2: 30;5 11;tadiṣṭarasabhāvaśīlānuvartanam |;
KāSū, 6, 2: 30;5 12;mūlakarmābhiśaṅkā |;
KāSū, 6, 2: 30;5 13;tadabhigamane ca jananyā saha nityo vivādaḥ |;
KāSū, 6, 2: 30;5 14;balāt kāreṇa ca yadyanyatra tayā nīyeta tadā pratyāyanaṁ ca praṇidhibhir nāyakasya |;
KāSū, 6, 2: 30;5 15;svayaṁ vātmano vṛttigrahaṇam |;
KāSū, 6, 2: 30;5 16;na tv evārtheṣu vivādaḥ |;
KāSū, 6, 2: 30;5 17;mātrā vinā kiṁcin na ceṣṭeta ||;
KāSū, 6, 2: 30;6 1;pravāse śīghrāgamanāya śāpadānam |;
KāSū, 6, 2: 30;6 2;proṣite mṛjāniyamaścālaṁkārasya pratiṣedhaḥ |;
KāSū, 6, 2: 30;6 3;maṅgalaṁ tvapekṣyam |;
KāSū, 6, 2: 30;6 4;ekaṁ śaṅkhavalayaṁ vā dhārayet |;
KāSū, 6, 2: 30;6 5;smaraṇam atītānām |;
KāSū, 6, 2: 30;6 6;nakṣatracandrasūryatārābhyaḥ spṛhaṇam |;
KāSū, 6, 2: 30;6 7;iṣṭasvapnadarśane tatsaṁgamo mamāstv iti vacanam |;
KāSū, 6, 2: 30;6 8;udvego .niṣṭe śāntikarma ca |;
KāSū, 6, 2: 30;6 9;pratyāgate kāmapūjā |;
KāSū, 6, 2: 30;6 10;devatopahārāṇāṁ karaṇam |;
KāSū, 6, 2: 30;6 11;sakhībhiḥ pūrṇapātrasyāharaṇam |;
KāSū, 6, 2: 30;6 12;vāyasapūjā ca |;
KāSū, 6, 2: 30;6 13;prathamasamāgamānantaraṁ caitad eva vāyasapūjāvarjam saktasya cānumaraṇaṁ brūyāt ||;
KāSū, 6, 2: 30;7 1;nisṛṣṭabhāvaḥ samānavṛttiḥ prayojanakārī nirāśaṅko |;
KāSū, 6, 2: 30;8 1;tad etan nirdarśanārthaṁ dattakaśāsanād uktam |;
KāSū, 6, 2: 30;8 2;anuktaṁ ca lokataḥ śīlayet puruṣaprakṛtitaśca ||;
KāSū, 6, 2: 30;9 1;bhavataścātra ślokau |;
KāSū, 6, 2: 30;9 2;sūkṣmatvād atilobhācca prakṛtyājñānatastathā |;
KāSū, 6, 2: 30;9 3;kāmalakṣma tu durjñānaṁ strīṇāṁ tadbhāvitair api ||;
KāSū, 6, 2: 30;10 1;kāmayante virajyante rañjayanti tyajanti ca |;
KāSū, 6, 2: 30;10 2;karṣayantyo .pi sarvārthāñ jñāyante naiva yoṣitaḥ ||;

KāSū, 6, 3: 31;2 1;alaṁkārabhakṣyabhojyapeyamālyavastragandhadravyādīntatsamakṣaṁ tadvittapraśaṁsā |;
KāSū, 6, 3: 31;2 2;vratavṛkṣārāmadevakulataḍāgodyānotsavaprītidāyavyapadtadabhigamananimitto rakṣibhiścaurair dāhāt kuḍyacchedāt pramādād bhavane cārthanāśaḥ |;
KāSū, 6, 3: 31;2 3;tathā yācitālaṁkārāṇāṁ nāyakālaṁkārāṇāṁ ca tadartham ṛṇagrahaṇam |;
KāSū, 6, 3: 31;2 4;suhṛtkāryeṣvanabhigamanam anabhihārahetoḥ |;
KāSū, 6, 3: 31;2 5;taiśca pūrvam āhṛtā guravo .bhihārāḥ pūrvam upanītāḥ ucitānāṁ kriyāṇāṁ vicchittiḥ |;
KāSū, 6, 3: 31;2 6;nāyakārthaṁ ca śilpiṣu kāryam |;
KāSū, 6, 3: 31;2 7;vaidyamahāmātrayor upakārikriyā kāryahetoḥ |;
KāSū, 6, 3: 31;2 8;mitrāṇāṁ copakāriṇāṁ vyasaneṣvabhyupapattiḥ |;
KāSū, 6, 3: 31;2 9;gṛhakarma |;
KāSū, 6, 3: 31;2 10;sakhyāḥ putrasyotsañjanam dohado vyādhir mitrasya alaṁkāraikadeśavikrayo nāyakasyārthe |;
KāSū, 6, 3: 31;2 11;tayā śīlitasya cālaṁkārasya bhāṇḍopaskarasya vā vaṇijo pratigaṇikānāṁ ca sadṛśasya bhāṇḍasya vyatikare pūrvopakārāṇām avismaraṇam anukīrtanaṁ ca |;
KāSū, 6, 3: 31;2 12;praṇidhibhiḥ pratigaṇikānāṁ lābhātiśayaṁ śrāvayet |;
KāSū, 6, 3: 31;2 13;tāsu nāyakasamakṣam ātmano .bhyadhikaṁ lābhaṁ pūrvayogināṁ ca lābhātiśayena punaḥ saṁdhāne tatspardhināṁ tyāgayogināṁ nidarśanam |;
KāSū, 6, 3: 31;2 14;na punar eṣyatīti bālayācitakam ityarthāgamopāyāḥ ||;
KāSū, 6, 3: 31;3 1;viraktaṁ ca nityam eva prakṛtivikriyāto vidyāt |;
KāSū, 6, 3: 31;4 1;ūnam atiriktaṁ vā dadāti |;
KāSū, 6, 3: 31;4 2;pratilomaiḥ sambadhyate |;
KāSū, 6, 3: 31;4 3;vyapadiśyānyat karoti |;
KāSū, 6, 3: 31;4 4;ucitam ācchinatti |;
KāSū, 6, 3: 31;4 5;pratijñātam vismarati |;
KāSū, 6, 3: 31;4 6;svapakṣaiḥ saṁjñayā bhāṣate |;
KāSū, 6, 3: 31;4 7;mitrakāryam apadiśyānyatra śete |;
KāSū, 6, 3: 31;4 8;pūrvasaṁsṛṣṭāyāśca parijanena mithaḥ kathayati ||;

KāSū, 6, 3: 31;6 1;saktaṁ tu pūrvopakāriṇam apyalpaphalaṁ asāraṁ tu niṣpratipattikam upāyayo .pavāhayet |;
KāSū, 6, 3: 31;6 2;anyam avaṣṭabhya ||;
KāSū, 6, 3: 31;7 1;tadaniṣṭhasevā |;
KāSū, 6, 3: 31;7 2;ninditābhyāsaḥ |;
KāSū, 6, 3: 31;7 3;oṣṭhanirbhogaḥ |;
KāSū, 6, 3: 31;7 4;pādena bhūmer abhighātaḥ |;
KāSū, 6, 3: 31;7 5;avijñātaviṣayasya saṁkathā |;
KāSū, 6, 3: 31;7 6;tadvijñāteṣvavismayaḥ kutsā ca |;
KāSū, 6, 3: 31;7 7;darpavighātaḥ |;
KāSū, 6, 3: 31;7 8;adhikaiḥ saha saṁvāsaḥ |;
KāSū, 6, 3: 31;7 9;anapekṣaṇam |;
KāSū, 6, 3: 31;7 10;samānadoṣāṇāṁ nindā |;
KāSū, 6, 3: 31;7 11;rahasi cāvasthānam ||;
KāSū, 6, 3: 31;8 1;ratopacāreṣūdvegaḥ |;
KāSū, 6, 3: 31;8 2;mukhasyādānam |;
KāSū, 6, 3: 31;8 3;jaghanasya rakṣaṇam |;
KāSū, 6, 3: 31;8 4;nakhadaśanakṣatebhyo jugupsā |;
KāSū, 6, 3: 31;8 5;parisvaṅge bhujamayyā sūcyā vyavadhānam |;
KāSū, 6, 3: 31;8 6;stabdhatā gātrāṇām |;
KāSū, 6, 3: 31;8 7;sakthnor vyatyāsaḥ |;
KāSū, 6, 3: 31;8 8;nidrāparatvaṁ ca |;
KāSū, 6, 3: 31;8 9;śrāntam upalabhya codanā |;
KāSū, 6, 3: 31;8 10;aśaktau hāsaḥ |;
KāSū, 6, 3: 31;8 11;śaktāvanabhinandanam |;
KāSū, 6, 3: 31;8 12;divāpi |;
KāSū, 6, 3: 31;8 13;bhāvam upalabhya mahājanābhigamanam ||;
KāSū, 6, 3: 31;9 1;vākyeṣu chalagrahaṇam |;
KāSū, 6, 3: 31;9 2;anarmaṇi hāsaḥ |;
KāSū, 6, 3: 31;9 3;narmaṇi cānyam apadiśya hasati vadati tasmin kaṭākṣeṇa āhatya cāsya kathām anyāḥ kathāḥ |;
KāSū, 6, 3: 31;9 4;tadvyalīkānāṁ vyasanānāṁ cāparihāryāṇām anukīrtanam |;
KāSū, 6, 3: 31;9 5;marmaṇāṁ ca ceṭikayopakṣepaṇam |;
KāSū, 6, 3: 31;9 6;āgate cādarśanam |;
KāSū, 6, 3: 31;9 7;ayācyayācanam |;
KāSū, 6, 3: 31;9 8;ante svayaṁ mokṣaśceti parigrahakasyeti dattakasya ||;
KāSū, 6, 3: 31;10 1;bhavataścātra ślokau |;
KāSū, 6, 3: 31;10 2;parīkṣya gamyaiḥ saṁyogaḥ saṁyuktasyānurañjanam |;
KāSū, 6, 3: 31;10 3;raktād arthasya cādānam ante mokṣaśca vaiśikam ||;
KāSū, 6, 3: 31;11 1;evam etena kalpena sthitā veśyā parigrahe |;
KāSū, 6, 3: 31;11 2;nātisaṁdhīyate gamyaiḥ karotyarthāṁśca puṣkalān ||;
KāSū, 6, 4: 32;1 1;vartamānaṁ niṣpīḍitārtham utsṛjantī pūrvasaṁsṛṣṭena saha |;
KāSū, 6, 4: 32;2 1;sa ced avasitārtho vittavān sānurāgaśca tataḥ saṁdheyaḥ ||;
KāSū, 6, 4: 32;3 1;anyatra gatastarkayitavyaḥ |;
KāSū, 6, 4: 32;3 2;sa kāryayuktyā ṣaḍvidhaḥ ||;
KāSū, 6, 4: 32;4 1;itaḥ svayam apasṛtas tato .pi svayam evāpasṛtaḥ |;
KāSū, 6, 4: 32;4 2;itastataśca niṣkāsitāpasṛtaḥ |;
KāSū, 6, 4: 32;4 3;itaḥ svayam apasṛtastato niṣkāsitāpasṛtaḥ |;
KāSū, 6, 4: 32;4 4;itaḥ svayam apasṛtastatra sthitaḥ |;
KāSū, 6, 4: 32;4 5;ito niṣkāsitāpasṛtastataḥ svayam apasṛtaḥ |;
KāSū, 6, 4: 32;4 6;ito niṣkāsitāpasṛtastatra sthitaḥ ||;
KāSū, 6, 4: 32;5 1;itastataśca svayam evāpasṛtyopajapati ced ubhayor guṇān |;

KāSū, 6, 4: 32;7 1;niḥsāratayā kadaryatayā vā tyakto na śreyān ||;
KāSū, 6, 4: 32;8 1;itaḥ svayam apasṛtastato niṣkāsitāpasṛto yadyatiriktam |;
KāSū, 6, 4: 32;9 1;itaḥ svayam apasṛtya tatra sthita upajapaṁstarkayitavyaḥ |;
KāSū, 6, 4: 32;10 1;viśeṣārthī cāgatastato viśeṣam apaśyann āgantukāmo māṁ tasyāṁ vā doṣān dṛṣṭvā mayi bhūyiṣṭhān guṇān adhunā |;
KāSū, 6, 4: 32;11 1;bālo vā naikatradṛṣṭir atisaṁdhānapradhāno vā haridrārāgo |;
KāSū, 6, 4: 32;12 1;ito niṣkāsitāpasṛtastataḥ svayam apasṛta anurāgād āgantukāmaḥ sa bahu dāsyati |;
KāSū, 6, 4: 32;12 2;mama guṇair bhāvito yo .nyasyāṁ na ramate ||;
KāSū, 6, 4: 32;13 1;pūrvam ayogena vā mayā niṣkāsitaḥ sa māṁ śīlayitvā |;
KāSū, 6, 4: 32;14 1;anyathābuddhiḥ kālena lambhayitavyaḥ ||;
KāSū, 6, 4: 32;15 1;ito niṣkāsitastatra sthita upajapann etena vyākhyātaḥ ||;
KāSū, 6, 4: 32;16 1;teṣu upajapatsvanyatra sthitaḥ svayam upajapet ||;
KāSū, 6, 4: 32;17 1;vyalīkārthaṁ niṣkāsito mayāsāvanyatra gato yatnād itaḥ pravṛttasaṁbhāṣo vā tato bhedam avāpsyati |;
KāSū, 6, 4: 32;17 2;vartamānasya ced arthavighātaṁ kariṣyati |;
KāSū, 6, 4: 32;17 3;arthāgamakālo vāsya |;
KāSū, 6, 4: 32;17 4;sthānavṛddhir asya jātā |;
KāSū, 6, 4: 32;17 5;labdham anenādhikaraṇam |;
KāSū, 6, 4: 32;17 6;dārair viyuktaḥ |;
KāSū, 6, 4: 32;17 7;pāratantryād vyāvṛttaḥ |;
KāSū, 6, 4: 32;17 8;pitrā bhrātrā vā vibhaktaḥ |;
KāSū, 6, 4: 32;17 9;anena vā pratibaddham anena saṁdhiṁ kṛtvā nāyakaṁ vimānito vā bhāryayā tam eva tasyāṁ vikramayiṣyāmi |;
KāSū, 6, 4: 32;17 10;asya vā mitraṁ maddveṣiṇīṁ sapatnīṁ kāmayate tad calacittatayā vā lāghavam enam āpādayiṣyāmīti ||;

KāSū, 6, 4: 32;19 1;apūrvapūrvasaṁsṛṣṭayoḥ pūrvasaṁsṛṣṭaḥ śreyān |;
KāSū, 6, 4: 32;19 2;sa hi viditaśīlo dṛṣṭarāgaśca sūpacāro bhavatītyācāryāḥ |;
KāSū, 6, 4: 32;19 3;pūrvasaṁsṛṣṭaḥ sarvato niṣpīḍitārthatvān nātyartham apūrvastu sukhenānurajyata iti vātsyāyanaḥ |;
KāSū, 6, 4: 32;19 4;tathāpi puruṣaprakṛtito viśeṣaḥ ||;
KāSū, 6, 4: 32;20 1;bhavanti cātra ślokāḥ |;
KāSū, 6, 4: 32;20 2;anyāṁ bhedayituṁ gamyād anyato gamyam eva vā |;
KāSū, 6, 4: 32;20 3;sthitasya copaghātārthaṁ punaḥ saṁdhānam iṣyate ||;
KāSū, 6, 4: 32;21 1;bibhetyanyasya saṁyogād vyalīkāni ca nekṣate |;
KāSū, 6, 4: 32;21 2;atisaktaḥ pumān yatra bhayād bahu dadāti ca ||;
KāSū, 6, 4: 32;22 1;asaktam abhinandeta saktaṁ paribhavet tathā |;
KāSū, 6, 4: 32;22 2;anyadūtānupāte ca yaḥ syād ativiśāradaḥ ||;
KāSū, 6, 4: 32;23 1;tatropayāyinaṁ pūrvaṁ nārī kālena yojayet |;
KāSū, 6, 4: 32;23 2;bhaveccācchinnasaṁdhānā na ca saktaṁ parityajet ||;
KāSū, 6, 4: 32;24 1;saktaṁ tu vaśinaṁ nārī sambhāṣyāpyanyato vrajet |;
KāSū, 6, 4: 32;24 2;tataścārtham upādāya saktam evānurañjayet ||;
KāSū, 6, 4: 32;25 1;āyatiṁ prasamīkṣyādau lābhaṁ prītiṁ ca puṣkalām |;
KāSū, 6, 4: 32;25 2;sauhṛdaṁ pratisaṁdadhyād viśīrṇaṁ strī vicakṣaṇā ||;
KāSū, 6, 5: 33;1 1;gamyabāhulye bahu pratidinaṁ ca labhamānā naikaṁ |;
KāSū, 6, 5: 33;2 1;deśaṁ kālaṁ sthitim ātmano guṇān saubhāgyaṁ |;
KāSū, 6, 5: 33;3 1;gamye dūtāṁśca prayojayet |;
KāSū, 6, 5: 33;3 2;tatpratibaddhāṁśca svayaṁ prahiṇuyāt ||;
KāSū, 6, 5: 33;4 1;dvistriścatur iti lābhātiśayagrahārtham ekasyāpi gacchet |;
KāSū, 6, 5: 33;4 2;parigrahaṁ ca caret ||;
KāSū, 6, 5: 33;5 1;gamyayaugapadye tu lābhasāmye yad dravyārthinī syāt |;
KāSū, 6, 5: 33;6 1;apratyādeyatvāt sarvakāryāṇāṁ tanmūlatvāddhiraṇyada iti |;
KāSū, 6, 5: 33;7 1;suvarṇarajatatāmrakāṁsyalohabhāṇḍopaskarāstaraṇaprāvayat tatra sāmyād vā dravyasāmye mitravākyād atipātitvād |;
KāSū, 6, 5: 33;8 1;rāgityāginostyāgini viśeṣaḥ pratyakṣa ityācāryāḥ ||;
KāSū, 6, 5: 33;9 1;śakyo hi rāgiṇi tyāga ādhātum ||;
KāSū, 6, 5: 33;10 1;lubdho .pi hi raktastyajati na tu tyāgī nirbandhād rajyata iti |;

KāSū, 6, 5: 33;12 1;prayojanakartā sakṛt kṛtvā kṛtinam ātmānaṁ manyate tyāgī |;
KāSū, 6, 5: 33;13 1;tatrāpyātyayikato viśeṣaḥ |;
KāSū, 6, 5: 33;13 2;kṛtajñatyāginostyāgini viśeṣaḥ pratyakṣa ityācāryāḥ ||;
KāSū, 6, 5: 33;14 1;ciram ārādhito .pi tyāgī vyalīkam ekam upalabhya prāyeṇa hi tejasvina ṛjavo .nādṛtāśca tyāgino bhavanti |;
KāSū, 6, 5: 33;14 2;kṛtajñastu pūrvaśramāpekṣī na sahasā virajyate |;
KāSū, 6, 5: 33;14 3;parīkṣitaśīlatvācca na mithyā dūṣyata iti vātsyāyanaḥ ||;
KāSū, 6, 5: 33;15 1;tatrāpyāyatito viśeṣaḥ ||;Kāmasūtra KāSū, 6, 5: 33 18;tatrāpyatipātato viśeṣaḥ ||;!;;Kāmasūtra KāSū, 6, 5: 33 22;tatrāpi gurulāghavakṛto viśeṣaḥ ||;!;;
KāSū, 6, 5: 33;16 1;mitravacanārthāgamayor arthāgame viśeṣaḥ pratyakṣa |;Kāmasūtra KāSū, 6, 5: 33 20;arthāgamānarthapratīghātayor arthāgame viśeṣaḥ ;!;;

KāSū, 6, 5: 33;18 1;tatrāpyatipātato viśeṣaḥ ||;Kāmasūtra KāSū, 6, 5: 33 15;tatrāpyāyatito viśeṣaḥ ||;!;;Kāmasūtra KāSū, 6, 5: 33 22;tatrāpi gurulāghavakṛto viśeṣaḥ ||;!;;
KāSū, 6, 5: 33;19 1;tatra kāryasaṁdarśanena mitram anunīya śvobhūte |;
KāSū, 6, 5: 33;20 1;arthāgamānarthapratīghātayor arthāgame viśeṣaḥ |;
KāSū, 6, 5: 33;21 1;arthaḥ parimitāvacchedaḥ anarthaḥ punaḥ sakṛtprasṛto na |;
KāSū, 6, 5: 33;22 1;tatrāpi gurulāghavakṛto viśeṣaḥ ||;
KāSū, 6, 5: 33;23 1;etenārthasaṁśayād anarthapratīkāre viśeṣo vyākhyātaḥ ||;
KāSū, 6, 5: 33;24 1;devakulataḍāgārāmāṇām karaṇam sthalīnām |;

KāSū, 6, 5: 33;26 1;nityaṁ śuklam ācchādanam apakṣudham annapānaṁ |;
KāSū, 6, 5: 33;27 1;etena pradeśena madhyamādhamānām api lābhātiśayān |;
KāSū, 6, 5: 33;28 1;deśakālavibhavasāmarthyānurāgalokapravṛttivaśād |;
KāSū, 6, 5: 33;29 1;gamyam anyato nivārayitukāmā saktam anyasyām |;
KāSū, 6, 5: 33;30 1;āyatyarthinī tu tam āśritya cānarthaṁ praticikīrṣantī naiva |;
KāSū, 6, 5: 33;31 1;tyakṣyāmyenam anyataḥ pratisaṁdhāsyāmi gamiṣyati |;
KāSū, 6, 5: 33;32 1;pratijñātam īśvareṇa pratigrahaṁ lapsyate adhikaraṇaṁ parigrahakalpaṁ vācaret ||;
KāSū, 6, 5: 33;33 1;bhavanti cātra ślokāḥ |;
KāSū, 6, 5: 33;33 2;kṛcchrādhigatavittāṁśca rājavallabhaniṣṭhurān |;
KāSū, 6, 5: 33;33 3;āyātyāṁ ca tadātve ca dūrād eva vivarjayet ||;
KāSū, 6, 5: 33;34 1;anartho varjane yeṣāṁ gamane abhyudayastathā |;
KāSū, 6, 5: 33;34 2;prayatnenāpi tān gṛhya sāpadeśam upakramet ||;
KāSū, 6, 5: 33;35 1;prasannā ye prayacchanti svalpe apyagaṇitaṁ vasu |;
KāSū, 6, 5: 33;35 2;sthūlalakṣān mahotsāhāṁstān gacchet svair api vyayaiḥ ||;

KāSū, 7, 1: 35;2 1;pracchannaṁ vā taiḥ saṁyojya svayam ajānatī bhūtvā tato sakhyaiva tu dāsyā vā mocitakanyābhāvām pāṇigrahaśca saṁvatsaram avyabhicāryas tato yathā kāminī ūrdhvam api saṁvatsarāt pariṇītena nimantryamāṇā etena raṅgopajīvināṁ kanyā vyākhyātāḥ |;
KāSū, 7, 1: 35;2 2;tasmai tu tāṁ dadyur ya eṣāṁ tūryaviśiṣṭam upakuryāt |;
KāSū, 7, 1: 35;2 3;iti subhagaṁkaraṇam ||;
KāSū, 7, 1: 35;3 1;dhattūrakamaricapippalīcūrṇair madhumiśrair vātodbhāntapatraṁ mṛtakanirmālyaṁ svayaṁmṛtāyā maṇḍalakārikāyāścūrṇaṁ vajrasnuhīgaṇḍakāni khaṇḍaśaḥ kṛtāni etenaiva rātrau dhūmaṁ kṛtvā taddhūmatiraskṛtaṁ etair eva cūrṇitair vānarapurīṣamiśritair yāṁ kanyām vacāgaṇḍakāni sahakāratailaliptāni śiṁśapāvṛkṣaskandham ṣaḍbhir māsair apanītāni devakāntam anulepanaṁ tathā khadirasārajāni śakalāni tanūni yaṁ vṛkṣam utkīrya gandharvakāntam anulepanaṁ vaśīkaraṇaṁ cetyācakṣate uṣṭrasyāsthi bhṛṅgarājarasena bhāvitaṁ dagdham añjanam etena śyenabhāsamayūrāsthimayānyañjanāni vyākhyātāni |;

KāSū, 7, 1: 35;5 1;āyurvedācca vedācca vidyātantrebhya eva ca |;
KāSū, 7, 1: 35;5 2;āptebhyaścāvaboddhavyā yogā ye prītikārakāḥ ||;
KāSū, 7, 1: 35;6 1;na prayuñjīta saṁdigdhān na śarīrātyayāvahān |;
KāSū, 7, 1: 35;6 2;na jīvaghātasambaddhān nāśucidravyasaṁyutān ||;
KāSū, 7, 1: 35;7 1;tathā yuktān prayuñjīta śiṣṭair api na ninditān |;
KāSū, 7, 1: 35;7 2;brāhmaṇaiśca suhṛdbhiśca maṅgalair abhinanditān ||;
KāSū, 6, 6: 34;1 1;arthān ācaryamāṇān anarthā apyanūdbhavantyanubandhāḥ |;
KāSū, 6, 6: 34;2 1;te buddhidaurbalyād atirāgād atyabhimānād atidambhād |;
KāSū, 6, 6: 34;3 1;teṣāṁ phalaṁ kṛtasya vyayasya niṣphalatvam tasmāt tān ādita eva parijihīrṣed |;
KāSū, 6, 6: 34;4 1;artho dharmaḥ kāma ityarthatrivargaḥ |;
KāSū, 6, 6: 34;4 2;anartho .dharmo dveṣa ityanarthatrivargaḥ |;
KāSū, 6, 6: 34;4 3;teṣv ācaryamāṇeṣvanyasyāpi niṣpattir anubandhaḥ |;
KāSū, 6, 6: 34;4 4;saṁdigdhāyāṁ tu phalaprāptau syād vā na veti idaṁ vā syād idaṁ veti saṁkīrṇaḥ |;
KāSū, 6, 6: 34;4 5;ekasmin kriyamāṇe kārye kāryadvayasyotpattir ubhayato samantād utpattiḥ samantatoyoga iti tān udāhariṣyāmaḥ ||;
KāSū, 6, 6: 34;5 1;vicāritarūpo .rthatrivargaḥ |;
KāSū, 6, 6: 34;5 2;tadviparīta evānarthatrivargaḥ ||;
KāSū, 6, 6: 34;6 1;yasyottamasyābhigamane pratyakṣato .rthalābho |;
KāSū, 6, 6: 34;7 1;lābhamātre kasyacid anyasya gamanaṁ so .rtho |;
KāSū, 6, 6: 34;8 1;anyārthaparigrahe saktād āyaticchedanam arthasya |;
KāSū, 6, 6: 34;9 1;svena vyayena śūrasya mahāmātrasya prabhavato vā |;
KāSū, 6, 6: 34;10 1;kadaryasya subhagamāninaḥ kṛtaghnasya |;
KāSū, 6, 6: 34;11 1;tasyaiva rājavallabhasya krauryaprabhāvādhikasya |;
KāSū, 6, 6: 34;12 1;evaṁ dharmakāmayor apyanubandhān yojayet ||;
KāSū, 6, 6: 34;13 1;paraspareṇa ca yuktyā saṁkired ityanubandhāḥ ||;
KāSū, 6, 6: 34;14 1;paritoṣito .pi dāsyati na vetyarthasaṁśayaḥ |;
KāSū, 6, 6: 34;14 2;niṣpīḍitārtham aphalam utsṛjantyā artham alabhamānāyā abhipretam upalabhya paricārakam anyaṁ vā kṣudraṁ prabhāvavān kṣudro .nabhimato .narthaṁ kariṣyati na atyantaniṣphalaḥ saktaḥ parityaktaḥ pitṛlokaṁ yāyāt rāgasyāpi vivakṣāyām abhipretam anupalabhya virāgaḥ |;
KāSū, 6, 6: 34;14 3;iti śuddhasaṁśayāḥ ||;
KāSū, 6, 6: 34;15 1;atha saṁkīrṇāḥ ||;
KāSū, 6, 6: 34;16 1;āgantor aviditaśīlasya vallabhasaṁśrayasya prabhaviṣṇor śrotriyasya brahmacāriṇo dīkṣitasya vratino liṅgino vā māṁ lokād evākṛtapratyayād aguṇo guṇavān vetyanavekṣya saṁkirecca paraspareṇeti saṁkīrṇasaṁśayāḥ ||;
KāSū, 6, 6: 34;17 1;yatra parasyābhigamane arthaḥ saktācca saṁgharṣataḥ sa yatra svena vyayena niṣphalam abhigamanaṁ yatrābhigamane artho bhaviṣyati na vetyāśaṅkā sakto .pi yatrābhigamane vyayavati pūrvo viruddhaḥ krodhād ityauddālaker ubhayatoyogāḥ ||;

KāSū, 6, 6: 34;19 1;eteṣām eva vyatikare anyato .rtho .nyato .nartho .nyato .rtho |;
KāSū, 6, 6: 34;20 1;teṣu sahāyaiḥ saha vimṛśya yato .rthabhūyiṣṭho |;

KāSū, 6, 6: 34;22 1;sambhūya ca viṭāḥ parigṛhṇantyekām asau sā teṣām itastataḥ saṁsṛjyamānā pratyekaṁ saṁgharṣād suvasantakādiṣu ca yoge yo me imam amuṁ ca teṣāṁ ca saṁgharṣaje abhigamane kāryāṇi lakṣayet |;
KāSū, 6, 6: 34;22 2;ekato .rthaḥ sarvato .rthaḥ ekato .narthaḥ sarvato .nartho iti samantato yogāḥ ||;
KāSū, 6, 6: 34;23 1;arthasaṁśayam anarthasaṁśayaṁ ca pūrvavad yojayet |;
KāSū, 6, 6: 34;23 2;saṁkirecca tathā dharmakāmāvapi |;
KāSū, 6, 6: 34;23 3;ity anubandhārthānarthasaṁśayavicārāḥ ||;
KāSū, 6, 6: 34;24 1;kumbhadāsī paricārikā kulaṭā svairiṇī naṭī śilpakārikā |;
KāSū, 6, 6: 34;25 1;sarvāsāṁ cānurūpeṇa gamyāḥ sahāyāstad uparañjanam |;
KāSū, 6, 6: 34;26 1;bhavataścātra ślokau |;
KāSū, 6, 6: 34;26 2;ratyarthāḥ puruṣā yena ratyarthāścaiva yoṣitaḥ ||;
KāSū, 6, 6: 34;27 1;śāstrasyārthapradhānatvāt tena yogo .tra yoṣitām ||;
KāSū, 6, 6: 34;28 1;santi rāgaparā nāryaḥ santi cārthaparā api |;
KāSū, 6, 6: 34;28 2;prāk tatra varṇito rāgo veśyāyogāśca vaiśike ||;
KāSū, 7, 2: 36;1 1;caṇḍavegāṁ rañjayitum aśaknuvan yogān ācaret ||;
KāSū, 7, 2: 36;2 1;ratasyopakrame saṁbādhasya kareṇopamardanaṁ tasyā |;
KāSū, 7, 2: 36;3 1;aupariṣṭakaṁ mandavegasya gatavayaso vyāyatasya |;
KāSū, 7, 2: 36;4 1;apadravyāṇi vā yojayet ||;
KāSū, 7, 2: 36;5 1;tāni |;
KāSū, 7, 2: 36;6 1;dārumayāni sāmyataśceti vātsyāyanaḥ ||;
KāSū, 7, 2: 36;7 1;liṅgapramāṇāntaraṁ bindubhiḥ karkaśaparyantaṁ |;
KāSū, 7, 2: 36;8 1;eta eva dve saṁghāṭī ||;Baudhāyanaśrautasūtra BaudhŚS, 3, 1: 4 2;eṣa eva veda etan mekṣaṇam etad barhiḥ ||;!;;
KāSū, 7, 2: 36;9 1;triprabhṛti yāvatpramāṇaṁ vā cūḍakaḥ ||;
KāSū, 7, 2: 36;10 1;ekām eva latikāṁ pramāṇavaśena veṣṭayed ityekacūḍakaḥ |;
KāSū, 7, 2: 36;11 1;ubhayatomukhacchidraḥ sthūlakarkaśapṛṣataguṭikāyuktaḥ |;
KāSū, 7, 2: 36;12 1;tadabhāve alābūnālakaṁ veṇuśca tailakaṣāyaiḥ subhāvitaḥ |;
KāSū, 7, 2: 36;13 1;na tvapaviddhasya kasyacid vyavahṛtir astīti |;
KāSū, 7, 2: 36;14 1;yuvā tu śastreṇa chedayitvā yāvad rudhirasyāgamanaṁ |;
KāSū, 7, 2: 36;15 1;vaiśadyārthaṁ ca tasyāṁ rātrau nirbandhād vyavāyaḥ ||;
KāSū, 7, 2: 36;16 1;tataḥ kaṣāyair ekadināntaritaṁ śodhanam ||;
KāSū, 7, 2: 36;17 1;vetasakuṭajaśaṅkubhiḥ krameṇa vardhamānasya |;
KāSū, 7, 2: 36;18 1;yaṣṭīmadhukena madhuyuktena śodhanam ||;
KāSū, 7, 2: 36;19 1;tataḥ sīsapatrakarṇikayā vardhayet ||;
KāSū, 7, 2: 36;20 1;mrakṣayed bhallātakataileneti vyadhanayogāḥ ||;
KāSū, 7, 2: 36;21 1;tasminn anekākṛtivikalpānyapadravyāṇi yojayet ||;
KāSū, 7, 2: 36;22 1;vṛttam ekato vṛttam udūkhalakaṁ kusumakaṁ kaṇṭakitaṁ |;
KāSū, 7, 2: 36;23 1;evaṁ vṛkṣajānāṁ jantūnāṁ śūkair upaliptaṁ liṅgaṁ |;
KāSū, 7, 2: 36;24 1;tataḥ śītaiḥ kaṣāyaiḥ kṛtavedanānigrahaṁ sopakrameṇa |;
KāSū, 7, 2: 36;25 1;sa yāvajjīvaṁ śūkajo nāma śopho viṭānām ||;
KāSū, 7, 2: 36;26 1;aśvagandhāśabarakandajalaśūkabṛhatīphalamāhiṣanavanīta|;
KāSū, 7, 2: 36;27 1;etair eva kaṣāyaiḥ pakvena tailena parimardanaṁ |;
KāSū, 7, 2: 36;28 1;dāḍimatrapusabījāni vālukaṁ bṛhatīphalarasaśceti |;
KāSū, 7, 2: 36;29 1;tāṁstāṁśca yogān āptebhyo budhyeteti vardhanayogāḥ ||;
KāSū, 7, 2: 36;30 1;snuhīkaṇṭakacūrṇaiḥ |;
KāSū, 7, 2: 36;31 1;tathā somalatāvalgujabhṛṅgalohopajihvikācūrṇair |;
KāSū, 7, 2: 36;32 1;gopālikābahupādikājihvikācūrṇair māhiṣatakrayuktaiḥ |;
KāSū, 7, 2: 36;33 1;nīpāmrātakajambūkusumayuktam anulepanaṁ |;
KāSū, 7, 2: 36;34 1;kokilākṣaphalapralepo hastinyāḥ saṁhatam ekarātraṁ |;
KāSū, 7, 2: 36;35 1;padmotpalakandasarjakasugandhacūrṇāni madhunā piṣṭāni |;
KāSū, 7, 2: 36;36 1;snuhīsomārkakṣīrair avalgujāphalair bhāvitānyāmalakāni |;
KāSū, 7, 2: 36;37 1;madayantikākuṭajakāñjanikāgirikarṇikāślakṣṇaparṇīmūlaiḥ |;
KāSū, 7, 2: 36;38 1;etair eva supakvena tailenābhyaṅgāt kṛṣṇīkaraṇaṁ |;
KāSū, 7, 2: 36;39 1;śvetāśvasya muṣkasvedaiḥ saptakṛtvo bhāvitenālaktakena |;
KāSū, 7, 2: 36;40 1;madayantikādīnyeva pratyānayanam ||;
KāSū, 7, 2: 36;41 1;bahupādikākuṣṭhatagaratālīśadevadāruvajrakandakair |;
KāSū, 7, 2: 36;42 1;dhattūraphalayukto .bhyavahāra unmādakaraḥ ||;
KāSū, 7, 2: 36;43 1;guḍo jīrṇitaśca pratyānayanam ||;
KāSū, 7, 2: 36;44 1;haritālamanaḥśilābhakṣiṇo mayūrasya purīṣeṇa liptahasto |;
KāSū, 7, 2: 36;45 1;aṅgāratṛṇabhasmanā tailena vimiśram udakaṁ |;
KāSū, 7, 2: 36;46 1;harītakyāmrātakayoḥ śravaṇapriyaṁgukābhiśca piṣṭābhir |;
KāSū, 7, 2: 36;47 1;śravaṇapriyaṁgukātailena dukūlasarpanirmokeṇa vartyā |;
KāSū, 7, 2: 36;48 1;śvetāyāḥ śvetavatsāyā goḥ kṣīrasya pānaṁ yaśasyam |;
KāSū, 7, 2: 36;49 1;brāhmaṇānāṁ praśastān āmāśiṣaḥ ||;
KāSū, 7, 2: 36;50 1;pūrvaśāstrāṇi saṁdṛśya prayogān upasṛtya ca |;
KāSū, 7, 2: 36;50 2;kāmasūtram idaṁ yatnāt saṁkṣepeṇa nirveśitam ||;
KāSū, 7, 2: 36;51 1;dharmam arthaṁ ca kāmaṁ ca pratyayaṁ lokam eva ca |;
KāSū, 7, 2: 36;51 2;paśyatyetasya tattvajño na ca rāgāt pravartate ||;
KāSū, 7, 2: 36;52 1;adhikāravaśād uktā ye citrā rāgavardhanāḥ |;
KāSū, 7, 2: 36;52 2;tadanantaram atraiva te yatnād vinivāritāḥ ||;
KāSū, 7, 2: 36;53 1;na śāstram astītyetena prayogo hi samīkṣyate |;
KāSū, 7, 2: 36;53 2;śāstrārthān vyāpino vidyāt prayogāṁstv ekadeśikān ||;
KāSū, 7, 2: 36;54 1;bābhravīyāṁśca sūtrārthān āgamaṁ suvimṛśya ca |;
KāSū, 7, 2: 36;54 2;vātsyāyanaścakāredaṁ kāmasūtraṁ yathāvidhi ||;
KāSū, 7, 2: 36;55 1;tad etad brahmacaryeṇa pareṇa ca samādhinā |;
KāSū, 7, 2: 36;55 2;vihitaṁ lokayātrāyai na rāgārtho .sya saṁvidhiḥ ||;
KāSū, 7, 2: 36;56 1;rakṣandharmārthakāmānāṁ sthitiṁ svāṁ lokavartinīm |;
KāSū, 7, 2: 36;56 2;asya śāstrasya tattvajño bhavatyeva jitendriyaḥ ||;
KāSū, 7, 2: 36;57 1;tad etat kuśalo vidvān dharmārthāvavalokayan |;
KāSū, 7, 2: 36;57 2;nātirāgātmakaḥ kāmī prayuñjānaḥ prasidhyati ||;
