KātySmṛ, 1: 1;1 1;vinītaḥ śāstrasampannaḥ kośaśauryasamanvitaḥ |;
KātySmṛ, 1: 1;1 2;brahmaṇyo dānaśīlaḥ syāt satyadharmaparo nṛpaḥ ||;
KātySmṛ, 1: 1;2 1;stambhopatāpapaiśunyacāpalakrodhavarjitaḥ |;
KātySmṛ, 1: 1;2 2;pragalbhaḥ saṁnatodagraḥ sambhāṣī priyadarśanaḥ ||;
KātySmṛ, 1: 1;3 1;vaśyendriyaṁ jitātmānaṁ dhṛtadaṇḍaṁ vikāriṣu |;
KātySmṛ, 1: 1;3 2;parīkṣyakāriṇaṁ dhīram atyantaṁ śrīr niṣevate ||;Mahābhārata MBh, 5, 34: 698 56;vaśyendriyaṁ jitāmātyaṁ dhṛtadaṇḍaṁ vikāriṣu |parīkṣyakāriṇaṁ dhīram atyantaṁ śrīr niṣevate ||;!;;Mahābhārata MBh, 5, 127: 791 29;vaśyendriyaṁ jitāmātyaṁ dhṛtadaṇḍaṁ vikāriṣu |parīkṣyakāriṇaṁ dhīram atyantaṁ śrīr niṣevate ||;!;;
KātySmṛ, 1: 1;4 1;śauryavidyārthabāhulyāt prabhutvāc ca viśeṣataḥ |;
KātySmṛ, 1: 1;4 2;sadā cittaṁ narendrāṇāṁ moham āyāti kāraṇāt ||;
KātySmṛ, 1: 1;5 1;tasmāc cittaṁ praboddhavyaṁ rājadharme sadā dvijaiḥ |;
KātySmṛ, 1: 1;5 2;pavitraṁ paramaṁ puṇyaṁ smṛtivākyaṁ na laṅghayet ||;
KātySmṛ, 1: 1;6 1;vedadhvaniprabhāveṇa devāḥ svarganivāsinaḥ |;
KātySmṛ, 1: 1;6 2;te .pi tatra pramodante tṛptās tu dvijapūjanāt ||;
KātySmṛ, 1: 1;7 1;tasmād yatnena kartavyā dvijapūjā sadā nṛpaiḥ |;
KātySmṛ, 1: 1;7 2;tena bhūyo .pi śakratvaṁ narendratvaṁ punaḥ punaḥ ||;
KātySmṛ, 1: 1;8 1;surādhyakṣaś cyutaḥ svargān nṛparūpeṇa tiṣṭhati |;
KātySmṛ, 1: 1;8 2;kartavyaṁ tena tan nityaṁ yena tattvaṁ samāpnuyāt ||;
KātySmṛ, 1: 1;9 1;ātmīye saṁsthitā dharme nṛpāḥ śakratvam āpnuyuḥ |;
KātySmṛ, 1: 1;9 2;avīcivāsino ye tu vyapetācāriṇaḥ sadā ||;
KātySmṛ, 1: 1;10 1;gacchet samyagavijñāya vaśaṁ krodhasya yo nṛpaḥ |;
KātySmṛ, 1: 1;10 2;vaset sa narake ghore kalpārdhaṁ tu na saṁśayaḥ ||;
KātySmṛ, 1: 1;11 1;etair eva guṇair yuktam amātyaṁ kāryacintakam |;
KātySmṛ, 1: 1;11 2;brāhmaṇaṁ tu prakurvīta nṛpabhaktaṁ kulodvaham ||;
KātySmṛ, 1: 1;12 1;mantriṇo yatra sabhyāś ca vaidyāś ca priyavādinaḥ |;
KātySmṛ, 1: 1;12 2;rājyād dharmāt sukhāt tatra kṣipraṁ hīyeta pārthivaḥ ||;
KātySmṛ, 1: 1;13 1;na tasya vacane kopam eteṣāṁ tu pravartayet |;
KātySmṛ, 1: 1;13 2;yasmād etaiḥ sadā vācyaṁ nyāyyaṁ supariniṣṭhitam ||;
KātySmṛ, 1: 1;14 1;yatra karmāṇi nṛpatiḥ svayaṁ paśyati dharmataḥ |;
KātySmṛ, 1: 1;14 2;tatra sādhusamācārā nivaseyuḥ sukhaṁ prajāḥ ||;
KātySmṛ, 1: 1;15 1;prajānāṁ rakṣaṇaṁ nityaṁ kaṇṭakānāṁ ca śodhanam |;
KātySmṛ, 1: 1;15 2;dvijānāṁ pūjanaṁ caiva etadarthaṁ kṛto nṛpaḥ ||;
KātySmṛ, 1: 1;16 1;bhūsvāmī tu smṛto rājā nānyadravyasya sarvadā |;
KātySmṛ, 1: 1;16 2;tatphalasya hi ṣaḍbhāgaṁ prāpnuyān nānyathaiva tu ||;
KātySmṛ, 1: 1;17 1;bhūtānāṁ tannivāsitvāt svāmitvaṁ tena kīrtitam |;
KātySmṛ, 1: 1;17 2;tatkriyā baliṣaḍbhāgaṁ śubhāśubhanimittajam ||;
KātySmṛ, 1: 1;18 1;evaṁ pravartate yas tu lobhaṁ tyaktvā narādhipaḥ |;
KātySmṛ, 1: 1;18 2;tasya putrāḥ prajāyante rāṣṭraṁ kośaś ca vardhate ||;
KātySmṛ, 1: 1;19 1;anyāyena hi yo rāṣṭrāt karaṁ daṇḍaṁ ca pārthivaḥ |;
KātySmṛ, 1: 1;19 2;sasyabhāgaṁ ca śulkaṁ cāpy ādadīta sa pāpabhāk ||;
KātySmṛ, 1: 1;20 1;arthaśāstroktam utsṛjya dharmaśāstroktam āvrajet ||;
KātySmṛ, 1: 1;21 1;duṣṭasyāpi narendrasya tadrāṣṭraṁ na vināśayet |;
KātySmṛ, 1: 1;21 2;na prajānumato yasmād anyāyeṣu pravartate ||;
KātySmṛ, 1: 1;22 1;akleśenārthine yas tu rājā samyaṅ nivedayet |;
KātySmṛ, 1: 1;22 2;tat tārayaty anantaṁ syād dharmārthaṁ dānam īdṛśam ||;
KātySmṛ, 1: 1;23 1;nyāyenākramya yallabdhaṁ ripuṁ nirjitya pārthivaiḥ |;
KātySmṛ, 1: 1;23 2;tac chuddhaṁ tatpradeyaṁ tan nānyathopahṛtaṁ kvacit ||;
KātySmṛ, 1: 1;24 1;rājā purohitaṁ kuryād uditaṁ brāhmaṇaṁ hitam |;
KātySmṛ, 1: 1;24 2;kṛtādhyayanasampannam alubdhaṁ satyavādinam ||;
KātySmṛ, 1: 1;25 1;prayatnasādhye vicchinne dharmākhye nyāyavistare |;
KātySmṛ, 1: 1;25 2;sādhyamūlas tu yo vādo vyavahāraḥ sa ucyate ||;
KātySmṛ, 1: 1;26 1;vi nānārthe .va saṁdehe haraṇaṁ hāra ucyate |;
KātySmṛ, 1: 1;26 2;nānāsaṁdehaharaṇād vyavahāra iti smṛtaḥ ||;
KātySmṛ, 1: 1;27 1;na rājā tu viśitvena dhanalobhena vā punaḥ |;
KātySmṛ, 1: 1;27 2;svayaṁ kāryāṇi kurvīta narāṇām avivādinām ||;
KātySmṛ, 1: 1;28 1;utpādayati yo hiṁsāṁ deyaṁ vā na prayacchati |;
KātySmṛ, 1: 1;28 2;yācam ānaya dauḥśīlyād ākṛṣyo .sau nṛpājñayā ||;Kātyāyanasmṛti KātySmṛ, 1: 1 103;utpādayati yo hiṁsāṁ deyaṁ vā na prayacchati |yācamānāya dauḥśīlyād ākṛṣyo .sau nṛpājñayā ||;GOOD;;
KātySmṛ, 1: 1;29 1;dvipade sādhyabhedāt tu padāṣṭādaśatāṁ gate |;
KātySmṛ, 1: 1;29 2;aṣṭādaśa kriyābhedād bhinnāny aṣṭasahasraśaḥ ||;
KātySmṛ, 1: 1;30 1;sādhyavādasya mūlaṁ syād vādinā yan niveditam |;
KātySmṛ, 1: 1;30 2;deyāpradānaṁ hiṁsā cety utthānadvayam ucyate ||;
KātySmṛ, 1: 1;31 1;pūrvapakṣaś cottaraṁ ca pratyākalitam eva ca |;
KātySmṛ, 1: 1;31 2;kriyāpādaś ca tenāyaṁ catuṣpāt samudāhṛtaḥ ||;
KātySmṛ, 1: 1;32 1;dharmaśāstrārthaśāstre tu skandhadvayam udāhṛtam |;
KātySmṛ, 1: 1;32 2;jayaś caivāvasāyaś ca dve phale samudāhṛte ||;
KātySmṛ, 1: 1;33 1;śāstreṇa ninditaṁ tv arthamukhyo rājñā pracoditaḥ |;
KātySmṛ, 1: 1;33 2;āvedayati yaḥ pūrvaṁ stobhakaḥ sa udāhṛtaḥ ||;
KātySmṛ, 1: 1;34 1;nṛpeṇaiva niyukto yaḥ padadoṣam avekṣitum |;
KātySmṛ, 1: 1;34 2;nṛpasya sūcayej jñātvā sūcakaḥ sa udāhṛtaḥ ||;
KātySmṛ, 1: 1;35 1;doṣakārī tu kartṛtvaṁ dhanasvāmī svakaṁ dhanam |;
KātySmṛ, 1: 1;35 2;vivāde prāpnuyād yatra dharmeṇaiva sa nirṇayaḥ ||;
KātySmṛ, 1: 1;36 1;smṛtiśāstraṁ tu yat kiṁcit prathitaṁ dharmasādhakaiḥ |;
KātySmṛ, 1: 1;36 2;kāryāṇāṁ nirṇayārthe tu vyavahāraḥ smṛto hi saḥ ||;
KātySmṛ, 1: 1;37 1;yad yad ācaryate yena dharmyaṁ vādharmyam eva vā |;
KātySmṛ, 1: 1;37 2;deśasyācaraṇān nityaṁ caritraṁ tatprakīrtitam ||;
KātySmṛ, 1: 1;38 1;nyāyaśāstrāvirodhena deśadṛṣṭes tathaiva ca |;
KātySmṛ, 1: 1;38 2;yaṁ dharmaṁ sthāpayed rājā nyāyyaṁ tadrājaśāsanam ||;
KātySmṛ, 1: 1;39 1;yuktiyuktaṁ tu kāryaṁ syād divyaṁ yatra vivarjitam |;
KātySmṛ, 1: 1;39 2;dharmas tu vyavahāreṇa bādhyate tatra nānyathā ||;
KātySmṛ, 1: 1;40 1;pratilomaprasūteṣu tathā durganivāsiṣu |;
KātySmṛ, 1: 1;40 2;viruddhaṁ niyataṁ prāhus taṁ dharmaṁ na vicālayet ||;
KātySmṛ, 1: 1;41 1;nirṇayaṁ tu yadā kuryāt tena dharmeṇa pārthivaḥ |;
KātySmṛ, 1: 1;41 2;vyavahāraś caritreṇa tadā tenaiva bādhyate ||;
KātySmṛ, 1: 1;42 1;viruddhaṁ nyāyato yat tu caritraṁ kalpyate nṛpaiḥ |;
KātySmṛ, 1: 1;42 2;evaṁ tatra nirasyeta caritraṁ tu nṛpājñayā ||;
KātySmṛ, 1: 1;43 1;anena vidhinā yuktaṁ bādhakaṁ yad yad uttaram |;
KātySmṛ, 1: 1;43 2;anyathābādhanaṁ yatra tatra dharmo vihanyate ||;
KātySmṛ, 1: 1;44 1;asvargyā lokanāśāya parānīkabhayāvahā |;
KātySmṛ, 1: 1;44 2;āyurbījaharī rājñāṁ sati vākye svayaṁkṛtiḥ ||;
KātySmṛ, 1: 1;45 1;tasmāc chāstrānusāreṇa rājā kāryāṇi sādhayet |;
KātySmṛ, 1: 1;45 2;vākyābhāve tu sarveṣāṁ deśadṛṣṭena saṁnayet ||;
KātySmṛ, 1: 1;46 1;yasya deśasya yo dharmaḥ pravṛttaḥ sārvakālikaḥ |;
KātySmṛ, 1: 1;46 2;śrutismṛtyavirodhena deśadṛṣṭaḥ sa ucyate ||;
KātySmṛ, 1: 1;47 1;deśapattanagoṣṭheṣu puragrāmeṣu vāsinām |;
KātySmṛ, 1: 1;47 2;teṣāṁ svasamayair dharmaśāstrato .nyeṣu taiḥ saha ||;
KātySmṛ, 1: 1;48 1;deśasyānumatenaiva vyavasthā yā nirūpitā |;
KātySmṛ, 1: 1;48 2;likhitā tu sadā dhāryā mudritā rājamudrayā ||;
KātySmṛ, 1: 1;49 1;śāstravad yatnato rakṣyā tāṁ nirīkṣya vinirṇayet |;
KātySmṛ, 1: 1;49 2;naigamasthais tu yat kāryaṁ likhitaṁ yad vyavasthitam ||;
KātySmṛ, 1: 1;50 1;tasmāt tat sampravarteta nānyathaiva pravartayet |;
KātySmṛ, 1: 1;50 2;pramāṇadeśadṛṣṭaṁ tu yad evam iti niścitam ||;
KātySmṛ, 1: 1;51 1;apravṛttaṁ kṛtaṁ yatra śrutismṛtyanumoditam |;
KātySmṛ, 1: 1;51 2;nānyathā tat punaḥ kāryaṁ nyāyāpetaṁ vivarjayet ||;
KātySmṛ, 1: 1;52 1;dharmaśāstravicāreṇa mūlasāravivecanam |;
KātySmṛ, 1: 1;52 2;yatrādhikriyate sthāne dharmādhikaraṇaṁ hi tat ||;
KātySmṛ, 1: 1;53 1;prātar utthāya nṛpatiḥ śaucaṁ kṛtvā samāhitaḥ |;
KātySmṛ, 1: 1;53 2;guruṁ jyotirvidaṁ vaidyān devān viprān purohitān ||;
KātySmṛ, 1: 1;54 1;yathārham etān sampūjya supuṣpābharaṇāmbaraiḥ |;
KātySmṛ, 1: 1;54 2;abhivandya ca gurvādīn sumukhāṁ praviśet sabhām ||;
KātySmṛ, 1: 1;55 1;vinītaveṣo nṛpatiḥ sabhāṁ gatvā samāhitaḥ |;
KātySmṛ, 1: 1;55 2;āsīnaḥ prāṅmukhaḥ sthitvā paśyet kāryāṇi kāryiṇām |;
KātySmṛ, 1: 1;55 3;saha traividyavṛddhaiś ca mantrajñaiś caiva mantribhiḥ ||;
KātySmṛ, 1: 1;56 1;saprāḍvivākaḥ sāmātyaḥ sabrāhmaṇapurohitaḥ |;
KātySmṛ, 1: 1;56 2;sasabhyaḥ prekṣako rājā svarge tiṣṭhati dharmataḥ ||;
KātySmṛ, 1: 1;57 1;saha sabhyaiḥ sthirair yuktaiḥ prājñair maulair dvijottamaiḥ dharmaśāstrārthakuśalair arthaśāstraviśāradaiḥ ||;
KātySmṛ, 1: 1;58 1;kulaśīlavayovṛttavittavadbhir amatsaraiḥ |;
KātySmṛ, 1: 1;58 2;vaṇigbhiḥ syāt katipayaiḥ kulabhūtair adhiṣṭhitam ||;
KātySmṛ, 1: 1;59 1;śrotāro vaṇijas tatra kartavyā nyāyadarśinaḥ ||;
KātySmṛ, 1: 1;60 1;sabhāsthāneṣu pūrvāhṇe kāryāṇāṁ nirṇayaṁ nṛpaḥ |;
KātySmṛ, 1: 1;60 2;kuryāc chāstrapraṇītena mārgeṇāmitrakarṣaṇaḥ ||;
KātySmṛ, 1: 1;61 1;divasasyāṣṭamaṁ bhāgaṁ muktvā kālatrayaṁ tu yat |;
KātySmṛ, 1: 1;61 2;sa kālo vyavahārāṇāṁ śāstradṛṣṭaḥ paraḥ smṛtaḥ ||;
KātySmṛ, 1: 1;62 1;ādyād ahno .ṣṭabhāgād yad ūrdhvaṁ bhāgatrayaṁ bhavet |;
KātySmṛ, 1: 1;62 2;sa kālo vyavahārasya śāstre dṛṣṭo manīṣibhiḥ ||;
KātySmṛ, 1: 1;63 1;yadā kuryān na nṛpatiḥ svayaṁ kāryavinirṇayam |;
KātySmṛ, 1: 1;63 2;tadā tatra niyuñjīta brāhmaṇaṁ śāstrapāragam ||;
KātySmṛ, 1: 1;64 1;dakṣaṁ kulīnamadhyastham anudvegakaraṁ sthiram |;
KātySmṛ, 1: 1;64 2;paratra bhīruṁ dharmiṣṭham udyuktaṁ krodhavarjitam ||;
KātySmṛ, 1: 1;65 1;akrūro madhuraḥ snigdhaḥ kṣamāyāto vicakṣaṇaḥ |;
KātySmṛ, 1: 1;65 2;utsāhavān alubdhaś ca vāde yojyo nṛpeṇa tu ||;
KātySmṛ, 1: 1;66 1;ekaśāstram adhīyāno na vidyāt kāryaniścayam |;
KātySmṛ, 1: 1;66 2;tasmād bahvāgamaḥ kāryo vivādeṣūttamo nṛpaiḥ ||;
KātySmṛ, 1: 1;67 1;brāhmaṇo yatra na syāt tu kṣatriyaṁ tatra yojayet |;
KātySmṛ, 1: 1;67 2;vaiśyaṁ vā dharmaśāstrajñaṁ śūdraṁ yatnena varjayet ||;
KātySmṛ, 1: 1;68 1;ato .nyair yat kṛtaṁ kāryam anyāyena kṛtaṁ tu tat |;
KātySmṛ, 1: 1;68 2;niyuktair api vijñeyaṁ daivād yady api śāstrataḥ ||;
KātySmṛ, 1: 1;69 1;vyavahārāśritaṁ praśnaṁ pṛcchati prāṅ iti sthitiḥ |;
KātySmṛ, 1: 1;69 2;vivecayati yas tasmin prāḍvivākas tataḥ smṛtaḥ ||;
KātySmṛ, 1: 1;70 1;anirṇīte tu yady arthe sambhāṣeta raho .rthinā |;
KātySmṛ, 1: 1;70 2;prāḍvivāko .tha daṇḍyaḥ syāt sabhyāś caiva viśeṣataḥ ||;
KātySmṛ, 1: 1;71 1;alubdhā dhanavantaś ca dharmajñāḥ satyavādinaḥ |;
KātySmṛ, 1: 1;71 2;sarvaśāstrapravīṇāś ca sabhyāḥ kāryā dvijottamāḥ ||;
KātySmṛ, 1: 1;72 1;nyāyaśāstram atikramya sabhyair yatra viniścitam |;
KātySmṛ, 1: 1;72 2;tatra dharmo hy adharmeṇa hato hanti na saṁśayaḥ ||;
KātySmṛ, 1: 1;73 1;yatra dharmo hy adharmeṇa satyaṁ yatrānṛtena ca |;
KātySmṛ, 1: 1;73 2;hanyate prekṣamāṇānāṁ hatās tatra sabhāsadaḥ ||;Mahābhārata MBh, 5, 93: 757 48;yatra dharmo hyadharmeṇa satyaṁ yatrānṛtena ca |hanyate prekṣamāṇānāṁ hatāstatra sabhāsadaḥ ||;!;;Manusmṛti ManuS, 8: 8 14;yatra dharmo hy adharmeṇa satyaṁ yatrānṛtena ca |hanyate prekṣamāṇānāṁ hatās tatra sabhāsadaḥ ||;!;;Nāradasmṛti NāSmṛ, 1, 3: 3 7;yatra dharmo hy adharmeṇa satyaṁ yatrānṛtena ca |hanyate prekṣamāṇānāṁ hatās tatra sabhāsadaḥ ||;!;;
KātySmṛ, 1: 1;74 1;adharmataḥ pravṛttaṁ tu nopekṣeran sabhāsadaḥ |;
KātySmṛ, 1: 1;74 2;upekṣamāṇāḥ sanṛpā narakaṁ yānty adhomukhāḥ ||;
KātySmṛ, 1: 1;75 1;anyāyenāpi taṁ yāntaṁ ye .nuyānti sabhāsadaḥ |;
KātySmṛ, 1: 1;75 2;te .pi tadbhāginas tasmād bodhanīyaḥ sa tair nṛpaḥ ||;
KātySmṛ, 1: 1;76 1;nyāyamārgād apetaṁ tu jñātvā cittaṁ mahīpateḥ |;
KātySmṛ, 1: 1;76 2;vaktavyaṁ tatpriyaṁ tatra na sabhyaḥ kilbiṣī bhavet ||;
KātySmṛ, 1: 1;77 1;sabhyenāvaśyavaktavyaṁ dharmārthasahitaṁ vacaḥ |;
KātySmṛ, 1: 1;77 2;śṛṇoti yadi no rājā syāt tu sabhyas tato .naghaḥ ||;
KātySmṛ, 1: 1;78 1;adharmāya yadā rājā niyuñjīta vivādinām |;
KātySmṛ, 1: 1;78 2;vijñāpya nṛpatiṁ sabhyas tadā kāryaṁ nivartayet ||;
KātySmṛ, 1: 1;79 1;snehād ajñānato vāpi lobhād vā mohato .pi vā |;
KātySmṛ, 1: 1;79 2;tatra sabhyo .nyathāvādī daṇḍyo .sabhyaḥ smṛto hi saḥ ||;
KātySmṛ, 1: 1;80 1;kāryasya nirṇayaṁ samyag jñātvā sabhyas tato vadet |;
KātySmṛ, 1: 1;80 2;anyathā naiva vaktavyaṁ vaktā dviguṇadaṇḍabhāk ||;
KātySmṛ, 1: 1;81 1;sabhyadoṣāt tu yan naṣṭaṁ deyaṁ sabhyena tat tadā |;
KātySmṛ, 1: 1;81 2;kāryaṁ tu kāryiṇām eva niścitaṁ na vicālayet ||;
KātySmṛ, 1: 1;82 1;kulāni śreṇayaś caiva gaṇas tv adhikṛto nṛpaḥ |;
KātySmṛ, 1: 1;82 2;pratiṣṭhā vyavahārāṇāṁ gurvebhyas tūttarottaram ||;Nāradasmṛti NāSmṛ, 1, 1: 1 7;kulāni śreṇayaś caiva gaṇāś cādhikṛto nṛpaḥ |pratiṣṭhā vyavahārāṇāṁ gurvebhyas tūttarottaram ||;GOOD;;
KātySmṛ, 1: 1;83 1;tapasvināṁ tu kāryāṇi traividyair eva kārayet |;
KātySmṛ, 1: 1;83 2;māyāyogavidāṁ caiva na svayaṁ kopakāraṇāt ||;Arthaśāstra ArthaŚ, 1, 19: 19 31;tapasvināṁ tu kāryāṇi traividyaiḥ saha kārayet |māyāyogavidāṁ caiva na svayaṁ kopakāraṇāt ||;GOOD;;
KātySmṛ, 1: 1;84 1;samyagvijñānasampanno nopadeśaṁ prakalpayet |;
KātySmṛ, 1: 1;84 2;utkṛṣṭajātiśīlānāṁ gurvācāryatapasvinām ||;
KātySmṛ, 1: 1;85 1;gotrasthitis tu yā teṣāṁ kramād āyāti dharmataḥ |;
KātySmṛ, 1: 1;85 2;kuladharmaṁ tu taṁ prāhuḥ pālayet taṁ tathaiva tu ||;
KātySmṛ, 1: 1;86 1;kāle kāryārthinaṁ pṛcchet praṇataṁ purataḥ sthitam |;
KātySmṛ, 1: 1;86 2;kiṁ kāryaṁ kā ca te pīḍā mā bhaiṣīr brūhi mānava ||;
KātySmṛ, 1: 1;87 1;kena kasmin kadā kasmāt pṛcched evaṁ sabhāgataḥ |;
KātySmṛ, 1: 1;87 2;evaṁ pṛṣṭaḥ sa yad brūyāt tat sabhyair brāhmaṇaḥ sahaḥ ||;
KātySmṛ, 1: 1;88 1;vimṛśya kāryaṁ nyāyyaṁ ced āhvānārtham ataḥ param |;
KātySmṛ, 1: 1;88 2;mudrāṁ vā nikṣipet tasmin puruṣaṁ vā samādiśet ||;
KātySmṛ, 1: 1;89 1;samarpito .rthinā yo .nyaḥ paro dharmādhikāriṇi |;
KātySmṛ, 1: 1;89 2;prativādī sa vijñeyaḥ pratipannaś ca yaḥ svayam ||;
KātySmṛ, 1: 1;90 1;adhikāro .bhiyuktasya netarasyāsty asaṁgateḥ |;
KātySmṛ, 1: 1;90 2;itaro .py abhiyuktena pratirodhikṛto mataḥ ||;
KātySmṛ, 1: 1;91 1;arthinā saṁniyukto vā pratyarthiprahito .pi vā |;
KātySmṛ, 1: 1;91 2;yo yasyārthe vivadate tayor jayaparājayau ||;Nāradasmṛti NāSmṛ, 1, 2: 2 22;arthinā saṁniyukto vā pratyarthiprahito .pi vā |yo yasyārthe vivadate tayor jayaparājayau ||;GOOD;;

KātySmṛ, 1: 1;93 1;brahmahatyāsurāpānasteyagurvaṅganāgame |;
KātySmṛ, 1: 1;93 2;anyeṣu cātipāpeṣu prativādī na dīyate ||;
KātySmṛ, 1: 1;94 1;manuṣyamāraṇe steye paradārābhimarśane |;
KātySmṛ, 1: 1;94 2;abhakṣyabhakṣaṇe caiva kanyāharaṇadūṣaṇe ||;
KātySmṛ, 1: 1;95 1;pāruṣye kūṭakaraṇe nṛpadrohe tathaiva ca |;
KātySmṛ, 1: 1;95 2;prativādī na dātavyaḥ kartā tu vivadet svayam ||;
KātySmṛ, 1: 1;96 1;dharmotsukān abhyudaye rogiṇo .tha jaḍān api |;
KātySmṛ, 1: 1;96 2;asvasthamattonmattārtastriyo nāhvānayen nṛpaḥ ||;
KātySmṛ, 1: 1;97 1;na hīnapakṣāṁ yuvatiṁ kule jātāṁ prasūtikām |;
KātySmṛ, 1: 1;97 2;sarvavarṇottamāṁ kanyāṁ tā jñātiprabhukāḥ smṛtāḥ ||;
KātySmṛ, 1: 1;98 1;tadadhīnakuṭumbinyaḥ svairiṇyo gaṇikāś ca yāḥ |;
KātySmṛ, 1: 1;98 2;niṣkulā yāś ca patitās tāsām āhvānam iṣyate ||;
KātySmṛ, 1: 1;99 1;saśastro .nuttarīyo vā muktakeśaḥ sahāsanaḥ |;
KātySmṛ, 1: 1;99 2;vāmahastena vā vādaṁ vadan daṇḍam avāpnuyāt ||;
KātySmṛ, 1: 1;100 1;āhūtas tv avamanyeta yaḥ śakto rājaśāsanam |;
KātySmṛ, 1: 1;100 2;tasya kuryān nṛpo daṇḍaṁ vidhidṛṣṭena karmaṇā ||;
KātySmṛ, 1: 1;101 1;hīne karmāṇi pañcāśanmadhyame dviśatāvaraḥ |;
KātySmṛ, 1: 1;101 2;gurukāryeṣu daṇḍaḥ syān nityaṁ pañcaśatāvaraḥ ||;
KātySmṛ, 1: 1;102 1;kalpito yasya yo daṇḍas tv aparādhasya yatnataḥ |;
KātySmṛ, 1: 1;102 2;paṇānāṁ grahaṇaṁ tu syāt tanmūlyaṁ vātha rājani ||;Kātyāyanasmṛti KātySmṛ, 1: 1 490;kalpito yasya yo daṇḍas tv aparādhasya yatnataḥ |paṇānāṁ grahaṇaṁ tu syāt tanmūlyaṁ vātha rājani ||;GOOD;;
KātySmṛ, 1: 1;103 1;utpādayati yo hiṁsāṁ deyaṁ vā na prayacchati |;
KātySmṛ, 1: 1;103 2;yācamānāya dauḥśīlyād ākṛṣyo .sau nṛpājñayā ||;Kātyāyanasmṛti KātySmṛ, 1: 1 28;utpādayati yo hiṁsāṁ deyaṁ vā na prayacchati |yācam ānaya dauḥśīlyād ākṛṣyo .sau nṛpājñayā ||;!;;
KātySmṛ, 1: 1;104 1;āvedya tu nṛpe kāryam asaṁdigdhe pratiśrute |;
KātySmṛ, 1: 1;104 2;tadāsedhaṁ prayuñjīta yāvad āhvānadarśanam ||;
KātySmṛ, 1: 1;105 1;āsedhayogya āsiddha utkrāman daṇḍam arhati ||;
KātySmṛ, 1: 1;106 1;yas tv indriyanirodhena vyāhārocchvasanādibhiḥ |;
KātySmṛ, 1: 1;106 2;āsedhayed anāsedhyaṁ sa daṇḍyo na tv atikramī ||;
KātySmṛ, 1: 1;107 1;vṛkṣaparvatam ārūḍhā hastyaśvarathanausthitāḥ |;
KātySmṛ, 1: 1;107 2;viṣamasthāś ca te sarve nāsedhyāḥ kāryasādhakaiḥ ||;
KātySmṛ, 1: 1;108 1;vyādhyārtā vyasanasthāś ca yajamānās tathaiva ca |;
KātySmṛ, 1: 1;108 2;anuttīrṇāś ca nāsedhyā mattonmattajaḍās tathā ||;
KātySmṛ, 1: 1;109 1;na karṣako bījakāle senākāle tu sainikaḥ |;
KātySmṛ, 1: 1;109 2;pratijñāya prayātaś ca kṛtakālaś ca nāntarā ||;
KātySmṛ, 1: 1;110 1;udyuktaḥ karṣakaḥ sasye toyasyāgamane tathā |;
KātySmṛ, 1: 1;110 2;ārambhāt saṁgrahaṁ yāvat tatkālaṁ na vivādayet |;
KātySmṛ, 1: 1;110 3;āsedhayaṁs tv anāsedhyaṁ rajñā śāsya iti sthitiḥ ||;
KātySmṛ, 1: 1;111 1;abhiyuktaś ca ruddhaś ca tiṣṭheyuś ca nṛpājñayā |;
KātySmṛ, 1: 1;111 2;na tasyānyena kartavyam abhiyuktaṁ vidur budhāḥ ||;
KātySmṛ, 1: 1;112 1;ekāhadvyāhādyapekṣaṁ deśakālādyapekṣayā |;
KātySmṛ, 1: 1;112 2;dūtāya sādhite kārye tena bhaktaṁ pradāpayet ||;
KātySmṛ, 1: 1;113 1;deśakālavayaḥśaktyādyapekṣaṁ bhojanaṁ smṛtam |;
KātySmṛ, 1: 1;113 2;ākārakasya sarvatra iti tattvavido viduḥ ||;
KātySmṛ, 1: 1;114 1;na svāmī na ca vai śatruḥ svāminādhikṛtas tathā |;
KātySmṛ, 1: 1;114 2;niruddho daṇḍitaś caiva saṁśayasthāś ca na kvacit ||;
KātySmṛ, 1: 1;115 1;naiva rikthī na riktaś ca na caivātyantavāsinaḥ |;
KātySmṛ, 1: 1;115 2;rājakāryaniyuktaś ca ye ca pravrajitā narāḥ ||;
KātySmṛ, 1: 1;116 1;nāśakto dhanine dātuṁ daṇḍaṁ rājñe ca tatsamam |;
KātySmṛ, 1: 1;116 2;jīvan vāpi pitā yasya tathaivecchāpravartakaḥ |;
KātySmṛ, 1: 1;116 3;nāvijñāto grahītavyaḥ pratibhūtvakriyāṁ prati ||;
KātySmṛ, 1: 1;117 1;atha cet pratibhūr nāsti vādayogyasya vādinaḥ |;
KātySmṛ, 1: 1;117 2;sa rakṣito dinasyānte dadyād dūtāya vetanam ||;
KātySmṛ, 1: 1;118 1;dvijātiḥ pratibhūhīno rakṣyaḥ syād bāhyacāribhiḥ |;
KātySmṛ, 1: 1;118 2;śūdrādīn pratibhūhīnān bandhayen nigaḍena tu ||;
KātySmṛ, 1: 1;119 1;atikrame .payāte ca daṇḍayet taṁ paṇāṣṭakam |;
KātySmṛ, 1: 1;119 2;nityakarmāparodhas tu kāryaḥ sarvavarṇinām ||;
KātySmṛ, 1: 1;120 1;grahītagrahaṇo nyāye na pravartyo mahībhṛtā |;
KātySmṛ, 1: 1;120 2;tasya vā tat samarpyaṁ syāt sthāpayed vā parasya tat ||;
KātySmṛ, 1: 1;121 1;tatrābhiyoktā prāg brūyād abhiyuktas tv anantaram |;
KātySmṛ, 1: 1;121 2;tayor ante sadasyāstu prāḍvivākas tataḥ param ||;
KātySmṛ, 1: 1;122 1;yasya syād adhikā pīḍā kāryaṁ vāpy adhikaṁ bhavet |;
KātySmṛ, 1: 1;122 2;pūrvapakṣo bhavet tasya na yaḥ pūrvaṁ nivedayet ||;
KātySmṛ, 1: 1;123 1;yasya vārthagatā pīḍā śārīrī vādhikā bhavet |;
KātySmṛ, 1: 1;123 2;tasyārthivādo dātavyo na yaḥ pūrvaṁ nivedayet ||;
KātySmṛ, 1: 1;124 1;niveśya kālaṁ varṣaṁ ca māsaṁ pakṣaṁ tithiṁ tathā |;
KātySmṛ, 1: 1;124 2;velāṁ pradeśaṁ viṣayaṁ sthānaṁ jātyākṛtī vayaḥ ||;
KātySmṛ, 1: 1;125 1;sādhyapramāṇaṁ dravyaṁ ca saṁkhyāṁ nāma rājñāṁ ca kramaśo nāma nivāsaṁ sādhyanāma ca ||;
KātySmṛ, 1: 1;126 1;kramāt pitṝṇāṁ nāmāni pīḍāṁ cāhartṛdāyakau |;
KātySmṛ, 1: 1;126 2;kṣamāliṅgāni cānyāni pakṣaṁ saṁkīrtya kalpayet ||;
KātySmṛ, 1: 1;127 1;deśaś caiva tathā sthānaṁ saṁniveśas tathaiva ca |;
KātySmṛ, 1: 1;127 2;jātiḥ saṁjñā nivāsaś ca pramāṇaṁ kṣetranāma ca ||;
KātySmṛ, 1: 1;128 1;pitṛpaitāmahaṁ caiva pūrvarājānukīrtanam |;
KātySmṛ, 1: 1;128 2;sthāvareṣu vivādeṣu daśaitāni niveśayet ||;
KātySmṛ, 1: 1;129 1;rāgādīnāṁ yad ekena kopitaḥ karaṇe vadet |;
KātySmṛ, 1: 1;129 2;tad om iti likhet sarvaṁ vādinaḥ phalakādiṣu ||;
KātySmṛ, 1: 1;130 1;adhikān śodhayed arthān nyūnāṁś ca pratipūrayet |;
KātySmṛ, 1: 1;130 2;bhūmau niveśayet tāvad yāvat pakṣaḥ pratiṣṭhitaḥ ||;
KātySmṛ, 1: 1;131 1;pūrvapakṣaṁ svabhāvoktaṁ prāḍvivāko .bhilekhayet |;
KātySmṛ, 1: 1;131 2;pāṇḍulekhena phalake tataḥ patre viśodhitam ||;
KātySmṛ, 1: 1;132 1;anyad uktaṁ likhed anyad yo .rthipratyarthināṁ vacaḥ |;
KātySmṛ, 1: 1;132 2;cauravacchāsayet taṁ tu dhārmikaḥ pṛthivīpatiḥ ||;
KātySmṛ, 1: 1;133 1;sollekhanaṁ vā labhate tryahaṁ saptāham eva vā |;
KātySmṛ, 1: 1;133 2;matir utpadyate yāvad vivāde vaktum icchataḥ ||;
KātySmṛ, 1: 1;134 1;yasmāt kāryasamārambhāc cirāt tena viniścayaḥ |;
KātySmṛ, 1: 1;134 2;tasmāt na labhate kālam abhiyuktas tu kālabhāk ||;
KātySmṛ, 1: 1;135 1;matir notsahate yatra vivāde kāryam icchatoḥ |;
KātySmṛ, 1: 1;135 2;dātavyas tatra kālaḥ syād arthipratyarthinor api ||;
KātySmṛ, 1: 1;136 1;yaś ca rāṣṭraviruddhaś ca yaś ca rājñā vivarjitaḥ |;
KātySmṛ, 1: 1;136 2;anekapadasaṁkīrṇaḥ pūrvapakṣo na sidhyati ||;
KātySmṛ, 1: 1;137 1;bahupratijñaṁ yat kāryaṁ vyavahāreṣu niścitam |;
KātySmṛ, 1: 1;137 2;kāmaṁ tad api gṛhṇīyād rājā tattvabubhutsayā ||;
KātySmṛ, 1: 1;138 1;deśakālavihīnaś ca dravyasaṁkhyāvivarjitaḥ |;
KātySmṛ, 1: 1;138 2;sādhyapramāṇahīnaś ca pakṣo .nādeya iṣyate ||;
KātySmṛ, 1: 1;139 1;nyāyasthaṁ necchate kartum anyāyaṁ vā karoty ayam |;
KātySmṛ, 1: 1;139 2;na lekhayati yat tv evaṁ tasya pakṣo na sidhyati ||;
KātySmṛ, 1: 1;140 1;aprasiddhaṁ nirābādhaṁ nirarthaṁ niṣprayojanam |;
KātySmṛ, 1: 1;140 2;asādhyaṁ vā viruddhaṁ vā pakṣābhāsaṁ vivarjayet ||;
KātySmṛ, 1: 1;141 1;pratijñādoṣanirmuktaṁ sādhyaṁ satkāraṇānvitam |;
KātySmṛ, 1: 1;141 2;niścitaṁ lokasiddhaṁ ca pakṣaṁ pakṣavido viduḥ ||;
KātySmṛ, 1: 1;142 1;svalpākṣaraḥ prabhūtārtho niḥsaṁdigdho nirākulaḥ |;
KātySmṛ, 1: 1;142 2;virodhikāraṇair mukto virodhipratiṣedhakaḥ ||;
KātySmṛ, 1: 1;143 1;yadā tv evaṁvidhaḥ pakṣaḥ kalpitaḥ pūrvavādinā |;
KātySmṛ, 1: 1;143 2;dadyāt tatpakṣasambaddhaṁ prativādī tadottaram ||;
KātySmṛ, 1: 1;144 1;śrāvyamāṇo .rthinā yatra yo hy artho na vighātitaḥ |;
KātySmṛ, 1: 1;144 2;dānakāle .thavā tūṣṇīṁ sthitaḥ so .rtho .numoditaḥ ||;
KātySmṛ, 1: 1;145 1;śrutvā lekhyagataṁ tv arthaṁ pratyarthī kāraṇād yadi |;
KātySmṛ, 1: 1;145 2;kālaṁ vivāde yāceta tasya deyo na saṁśayaḥ ||;
KātySmṛ, 1: 1;146 1;sadyo vaikāhapañcāhatryahaṁ vā gurulāghavāt |;
KātySmṛ, 1: 1;146 2;labhetāsau tripakṣaṁ vā saptāhaṁ vā ṛṇādiṣu ||;
KātySmṛ, 1: 1;147 1;kālaṁ śaktiṁ viditvā tu kāryāṇāṁ ca balābalam |;
KātySmṛ, 1: 1;147 2;alpaṁ vā bahu vā kālaṁ dadyāt pratyarthine prabhuḥ ||;
KātySmṛ, 1: 1;148 1;dinaṁ māsārdhamāsau vā ṛtuḥ saṁvatsaro .pi vā |;
KātySmṛ, 1: 1;148 2;kriyāsthityanurūpas tu deyaṁ kālaḥ pareṇa tu ||;
KātySmṛ, 1: 1;149 1;vyapaiti gauravaṁ yatra vināśas tyāga eva vā |;
KātySmṛ, 1: 1;149 2;kālaṁ tatra na kurvīta kāryam ātyayikaṁ hi tat ||;
KātySmṛ, 1: 1;150 1;dhenāv anaḍuhi kṣetre strīṣu prajanane tathā |;
KātySmṛ, 1: 1;150 2;nyāse yācitake datte tathaiva krayavikraye ||;
KātySmṛ, 1: 1;151 1;kanyāyā dūṣaṇe steye kalahe sāhase nidhau |;
KātySmṛ, 1: 1;151 2;upadhau kauṭasākṣye ca sadya eva vivādayet ||;
KātySmṛ, 1: 1;152 1;sāhasasteyapāruṣyago.bhiśāpe tathātyaye |;
KātySmṛ, 1: 1;152 2;bhūmau vivādayet kṣipram akāle .pi bṛhaspatiḥ ||;
KātySmṛ, 1: 1;153 1;sadyaḥ kṛteṣu kāryeṣu sadya eva vivādayet |;
KātySmṛ, 1: 1;153 2;kālātīteṣu vā kālaṁ dadyāt pratyarthine prabhuḥ ||;
KātySmṛ, 1: 1;154 1;sadyaḥ kṛte sadya eva māsātīte dinaṁ bhavet |;
KātySmṛ, 1: 1;154 2;ṣaḍābdike trirātraṁ syāt saptāhaṁ dvādaśābdike ||;
KātySmṛ, 1: 1;155 1;viṁśatyabde daśāhaṁ tu māsārdhaṁ vā labheta saḥ |;
KātySmṛ, 1: 1;155 2;māsaṁ triṁśatsamātīte tripakṣaṁ parato bhavet ||;
KātySmṛ, 1: 1;156 1;kālaṁ saṁvatsarād arvāk svayam eva yathepsitam |;
KātySmṛ, 1: 1;156 2;saṁvatsaraṁ jaḍonmattamanaske vyādhipīḍite ||;
KātySmṛ, 1: 1;157 1;digantaraprapanne vā ajñātārthe ca vastuni |;
KātySmṛ, 1: 1;157 2;mūlaṁ vā sākṣiṇo vātha paradeśe sthitā yadā ||;
KātySmṛ, 1: 1;158 1;tatra kālo bhavet puṁsām ā svadeśasamāgamāt |;
KātySmṛ, 1: 1;158 2;datte .pi kāle deyaṁ syāt punaḥ kāryasya gauravāt ||;
KātySmṛ, 1: 1;159 1;pūrvapakṣaśrutārthas tu pratyarthī tadanantaram |;
KātySmṛ, 1: 1;159 2;pūrvapakṣārthasaṁbandhaṁ pratipakṣaṁ nivedayet ||;Nāradasmṛti NāSmṛ, 1, 2: 2 2;pūrvapakṣaśrutārthas tu pratyarthī tadanantaram |pūrvapakṣārthasaṁbandhaṁ pratipakṣaṁ niveśayet ||;!;;
KātySmṛ, 1: 1;160 1;ācāradravyadāneṣṭakṛtyopasthānanirṇaye |;
KātySmṛ, 1: 1;160 2;nopasthito yadā kaścic chalaṁ tatra na kārayet ||;
KātySmṛ, 1: 1;161 1;daivarājakṛto doṣas tasmin kāle yadā bhavet |;
KātySmṛ, 1: 1;161 2;abādhatyāgamātreṇa na bhavet sa parājitaḥ ||;
KātySmṛ, 1: 1;162 1;daivarājakṛtaṁ doṣaṁ sākṣibhiḥ pratipādayet |;
KātySmṛ, 1: 1;162 2;jaihmyena vartamānasya daṇḍo dāpyas tu taddhanam ||;
KātySmṛ, 1: 1;163 1;abhiyukto .bhiyoktāram abhiyuñjīta karhicit |;
KātySmṛ, 1: 1;163 2;anyatra daṇḍapāruṣyasteyasaṁgrahaṇātyayāt ||;
KātySmṛ, 1: 1;164 1;yāvan yasmin samācāraḥ pāraṁparyakramāgataḥ |;
KātySmṛ, 1: 1;164 2;taṁ pratīkṣya yathānyāyam uttaraṁ dāpayen nṛpaḥ ||;
KātySmṛ, 1: 1;165 1;satyaṁ mithyottaraṁ caiva pratyavaskandanaṁ tathā |;
KātySmṛ, 1: 1;165 2;pūrvanyāyavidhiś caivam uttaraṁ syāc caturvidham ||;
KātySmṛ, 1: 1;166 1;śrutvā bhāṣārtham anyas tu yadā taṁ pratiṣedhati |;
KātySmṛ, 1: 1;166 2;arthataḥ śabdato vāpi mithyā tajjñeyam uttaraṁ ||;
KātySmṛ, 1: 1;167 1;abhiyukto .bhiyogasya yadi kuryāt tu nihnavam |;
KātySmṛ, 1: 1;167 2;mithyā tat tu vijānīyād uttaraṁ vyavahārataḥ ||;
KātySmṛ, 1: 1;168 1;sādhyasya satyavacanaṁ pratipattir udāhṛtā ||;
KātySmṛ, 1: 1;169 1;mithyaitan nābhijānāmi tadā tatra na saṁnidhiḥ |;
KātySmṛ, 1: 1;169 2;ajātaś cāsmi tatkāla iti mithyā caturvidham ||;Nāradasmṛti NāSmṛ, 1, 2: 2 5;mithyaitan nābhijānāmi tadā tatra na saṁnidhiḥ |ajātaś cāsmi tatkāla evaṁ mithyā caturvidhā ||;!;;
KātySmṛ, 1: 1;170 1;yo .rthinārthaḥ samuddiṣṭaḥ pratyarthī yadi taṁ tathā |;
KātySmṛ, 1: 1;170 2;prapadya kāraṇaṁ brūyād ādharyaṁ gurur abravīt ||;
KātySmṛ, 1: 1;171 1;ācāreṇāvasanno .pi punar lekhayate yadi |;
KātySmṛ, 1: 1;171 2;so .bhidheyo jitaḥ pūrvaṁ prāṅnyāyas tu sa ucyate ||;
KātySmṛ, 1: 1;172 1;vibhāvayāmi kulikaiḥ sākṣibhir likhitena vā |;
KātySmṛ, 1: 1;172 2;jitaś caiva mayāyaṁ prāk prāṅnyāyastriprakārakaḥ ||;
KātySmṛ, 1: 1;173 1;aprasiddhaṁ viruddhaṁ yad atyalpam atibhūri ca |;
KātySmṛ, 1: 1;173 2;saṁdigdhāsaṁbhavāvyaktam anyārthaṁ cātidoṣavat ||;
KātySmṛ, 1: 1;174 1;avyāpakaṁ vyastapadaṁ nigūḍhārthaṁ tathākulam |;
KātySmṛ, 1: 1;174 2;vyākhyāgamyam asāraṁ ca nottaraṁ śasyate budhaiḥ ||;
KātySmṛ, 1: 1;175 1;yadvyastapadam avyāpi nigūḍhārthaṁ tathākulam |;
KātySmṛ, 1: 1;175 2;vyākhyāgamyam asāraṁ ca nottaraṁ svārthasiddhaye ||;
KātySmṛ, 1: 1;176 1;cihnākārasahasraṁ tu samayaṁ cāvijānatā |;
KātySmṛ, 1: 1;176 2;bhāṣāntareṇa vā proktam aprasiddhaṁ tad uttaram ||;
KātySmṛ, 1: 1;177 1;pratidattaṁ mayā bālye pratidattaṁ mayā na hi |;
KātySmṛ, 1: 1;177 2;yad evam āha vijñeyaṁ viruddhaṁ tad ihottaraṁ ||;
KātySmṛ, 1: 1;178 1;jitaḥ purā mayāyaṁ ca tv arthe .sminn iti bhāṣitum |;
KātySmṛ, 1: 1;178 2;purā mayāyam iti yat tad ūnaṁ cottaraṁ smṛtam ||;
KātySmṛ, 1: 1;179 1;gṛhītam iti vācye tu kāryaṁ tena kṛtaṁ mayā |;
KātySmṛ, 1: 1;179 2;purā gṛhītaṁ yad dravyam iti yac cātibhūri tat ||;
KātySmṛ, 1: 1;180 1;deyaṁ mayeti vaktavye mayādeyam itīdṛśam |;
KātySmṛ, 1: 1;180 2;saṁdigdham uttaraṁ jñeyaṁ vyavahāre budhais tadā ||;
KātySmṛ, 1: 1;181 1;balābalena caitena sāhasaṁ sthāpitaṁ purā |;
KātySmṛ, 1: 1;181 2;anuktam etan manyante tad anyārtham itīritam ||;
KātySmṛ, 1: 1;182 1;asmai dattaṁ mayā sārdhaṁ sahasram iti bhāṣite |;
KātySmṛ, 1: 1;182 2;pratidattaṁ tadardhaṁ yat tad ihāvyāpakaṁ smṛtam ||;
KātySmṛ, 1: 1;183 1;pūrvavādī kriyāṁ yāvat samyaṅ naiva niveśayet |;
KātySmṛ, 1: 1;183 2;mayā gṛhītaṁ pūrvaṁ no tad vyastapadam ucyate ||;
KātySmṛ, 1: 1;184 1;tatkiṁ tāmarasaṁ kaścid agṛhītaṁ pradāsyati |;
KātySmṛ, 1: 1;184 2;nigūḍhārthaṁ tu tat proktam uttaraṁ vyavahārataḥ ||;
KātySmṛ, 1: 1;185 1;kiṁ tenaiva sadā deyaṁ mayā deyaṁ bhaved iti |;
KātySmṛ, 1: 1;185 2;etad akulam ity uktam uttaraṁ tadvido viduḥ ||;
KātySmṛ, 1: 1;186 1;kākasya dantā no santi santītyādi yad uttaram |;
KātySmṛ, 1: 1;186 2;asāram iti tattvena samyaṅ nottaram iṣyate ||;
KātySmṛ, 1: 1;187 1;prastutād alpam avyaktaṁ nyūnādhikam asaṁgatam |;
KātySmṛ, 1: 1;187 2;avyāpyasāraṁ saṁdigdhaṁ pratipakṣaṁ na laṅghayet ||;
KātySmṛ, 1: 1;188 1;saṁdigdham anyatprakṛtād atyalpam atibhūri ca |;
KātySmṛ, 1: 1;188 2;pakṣaikadeśavyāpyeva tat tu naivottaraṁ bhavet ||;
KātySmṛ, 1: 1;189 1;pakṣaikadeśe yat satyam ekadeśe ca kāraṇam |;
KātySmṛ, 1: 1;189 2;mithyā caivaikadeśe ca saṅkarāt tad anuttaram ||;
KātySmṛ, 1: 1;190 1;na caikasmin vivāde tu kriyā syād vādinor dvayoḥ |;
KātySmṛ, 1: 1;190 2;na cārthasiddhir ubhayor na caikatra kriyādvayam ||;
KātySmṛ, 1: 1;191 1;prapadya kāraṇaṁ pūrvam anyadgurutaraṁ yadi |;
KātySmṛ, 1: 1;191 2;prativākyagataṁ brūyāt sādhyate taddhi netarat ||;
KātySmṛ, 1: 1;192 1;yathārtham uttaraṁ dadyād ayacchantaṁ ca dāpayet |;
KātySmṛ, 1: 1;192 2;sāmabhedādibhir mārgair yāvat so .rthaḥ samutthitaḥ ||;
KātySmṛ, 1: 1;193 1;mohād vā yadi vā śāṭhyād yan noktaṁ pūrvavādinā |;
KātySmṛ, 1: 1;193 2;uttarāntargataṁ cāpi tadgrāhyam ubhayor api ||;
KātySmṛ, 1: 1;194 1;upāyaiś codyamānas tu na dadyād uttaraṁ tu yaḥ |;
KātySmṛ, 1: 1;194 2;atikrānte saptarātre jito .sau dātum arhati ||;
KātySmṛ, 1: 1;195 1;śrāvayitvā yathākāryaṁ tyajed anyad vaded asau |;
KātySmṛ, 1: 1;195 2;anyapakṣāśrayas tena kṛto vādī sa hīyate ||;
KātySmṛ, 1: 1;196 1;na mayābhihitaṁ kāryam abhiyujya paraṁ vadet |;
KātySmṛ, 1: 1;196 2;vibruvaṁś ca bhaved evaṁ hīnaṁ tam api nirdiśet ||;
KātySmṛ, 1: 1;197 1;lekhayitvā tu yo vākyaṁ hīnaṁ vāpy adhikaṁ punaḥ |;
KātySmṛ, 1: 1;197 2;vaded vādī sa hīyeta nābhiyogaṁ tu so .rhati ||;
KātySmṛ, 1: 1;198 1;sabhyāś ca sākṣiṇaś caiva kriyā jñeyā manīṣibhiḥ |;
KātySmṛ, 1: 1;198 2;tāṁ kriyāṁ dveṣṭi yo mohāt kriyādveṣī sa ucyate ||;
KātySmṛ, 1: 1;199 1;āhvānād anupasthānāt sadya eva prahīyate ||;
KātySmṛ, 1: 1;200 1;brūhīti yukto .pi na brūyāt sadyo bandhanam arhati |;
KātySmṛ, 1: 1;200 2;dvitīye .hani durbuddher vidyāt tasya parājayam ||;
KātySmṛ, 1: 1;201 1;vyājenaiva tu yatrāsau dīrghakālam abhīpsati |;
KātySmṛ, 1: 1;201 2;sāpadeśaṁ tu tad vidyād vādahānikaraṁ smṛtam ||;
KātySmṛ, 1: 1;202 1;anyavādī paṇān pañca kriyādveṣī paṇān daśa |;
KātySmṛ, 1: 1;202 2;nopasthātā daśa dvau ca ṣoḍaśaiva niruttaraḥ |;
KātySmṛ, 1: 1;202 3;āhūtaprapalāyī ca paṇān grāhyas tu viṁśatim ||;
KātySmṛ, 1: 1;203 1;trir āhūtam anāyāntam āhūtaprapalāyinam |;
KātySmṛ, 1: 1;203 2;pañcarātram atikrāntaṁ vinayet taṁ mahīpatiḥ ||;
KātySmṛ, 1: 1;204 1;śrāvitavyavahārāṇām ekaṁ yatra prabhedayet |;
KātySmṛ, 1: 1;204 2;vādinaṁ lobhayec caiva hīnaṁ tam iti nirdiśet ||;
KātySmṛ, 1: 1;205 1;bhayaṁ karoti bhedaṁ vā bhīṣaṇaṁ vā nirodhanam |;
KātySmṛ, 1: 1;205 2;etāni vādinor arthasya vyavahāre sa hīyate ||;
KātySmṛ, 1: 1;206 1;doṣānurūpaṁ saṁgrāhyaḥ punarvādo na vidyate |;
KātySmṛ, 1: 1;206 2;ubhayor likhite vācye prārabdhe kāryaniścaye |;
KātySmṛ, 1: 1;206 3;ayuktaṁ tatra yo brūyāt tasmād arthāt sa hīyate ||;
KātySmṛ, 1: 1;207 1;sākṣiṇo yas tu nirdiśya kāmato na vivādayet |;
KātySmṛ, 1: 1;207 2;sa vādī hīyate tasmāt triṁśadrātrāt pareṇa tu ||;
KātySmṛ, 1: 1;208 1;palāyanānuttaratvād anyapakṣāśrayeṇa ca |;
KātySmṛ, 1: 1;208 2;hīnasya gṛhyate vādo na svavākyajitasya tu ||;
KātySmṛ, 1: 1;209 1;yo hīnavākyena jitas tasyoddhāraṁ vidur budhāḥ |;
KātySmṛ, 1: 1;209 2;svavākyahīno yas tu syāt tasyoddhāro na vidyate ||;
KātySmṛ, 1: 1;210 1;āvedya pragṛhītārthāḥ praśamaṁ yānti ye mithaḥ |;
KātySmṛ, 1: 1;210 2;sarve dviguṇadaṇḍyāḥ syuḥ vipralambhān nṛpasya te ||;
KātySmṛ, 1: 1;211 1;kāraṇāt pūrvapakṣo .pi hy uttaratvaṁ prapadyate |;
KātySmṛ, 1: 1;211 2;ataḥ kriyā tadā proktā pūrvapakṣaprasādhinī ||;
KātySmṛ, 1: 1;212 1;śodhite likhite samyag iti nirdoṣa uttare |;
KātySmṛ, 1: 1;212 2;pratyarthino .rthino vāpi kriyākaraṇam iṣyate ||;

KātySmṛ, 1: 1;214 1;likhitaṁ sākṣiṇo bhuktiḥ pramāṇaṁ trividhaṁ viduḥ |;
KātySmṛ, 1: 1;214 2;leśoddeśas tu yuktiḥ syād divyānīha viṣādayaḥ ||;
KātySmṛ, 1: 1;215 1;pūrvavāde .pi likhite yathākṣaram aśeṣataḥ |;
KātySmṛ, 1: 1;215 2;arthī tṛtīyapāde tu kriyayā pratipādayet ||;
KātySmṛ, 1: 1;216 1;kāryaṁ hi sādhyam ity uktaṁ sādhanaṁ tu kriyocyate |;
KātySmṛ, 1: 1;216 2;dvibhedā sā punarjñeyā daivikī mānuṣī tathā |;
KātySmṛ, 1: 1;216 3;mānuṣī likhyasākṣyādir vadhādir daivikī matā ||;
KātySmṛ, 1: 1;217 1;saṁbhave sākṣiṇāṁ prājño daivikīṁ varjayet kriyāṁ |;
KātySmṛ, 1: 1;217 2;saṁbhave tu prayuñjāno daivikīṁ hīyate tataḥ ||;
KātySmṛ, 1: 1;218 1;yady eko mānuṣīṁ brūyād anyo brūyāt tu daivikīm |;
KātySmṛ, 1: 1;218 2;mānuṣīṁ tatra gṛhṇīyān na tu daivīṁ kriyāṁ nṛpaḥ ||;
KātySmṛ, 1: 1;219 1;yady ekadeśavyāptāpi kriyā vidyeta mānuṣī |;
KātySmṛ, 1: 1;219 2;sā grāhyā na tu pūrṇāpi daivikī vadatāṁ nṛṇām ||;
KātySmṛ, 1: 1;220 1;pañcaprakāraṁ daivaṁ syān mānuṣaṁ trividhaṁ smṛtam |;
KātySmṛ, 1: 1;221 1;kriyāṁ balavatīṁ muktvā durbalāṁ yo .valambate |;
KātySmṛ, 1: 1;221 2;sa jaye .vadhṛte sabhyaiḥ punas tāṁ nāpnuyāt kriyām ||;
KātySmṛ, 1: 1;222 1;sārabhūtaṁ padaṁ muktvā asārāṇi bahūny api |;
KātySmṛ, 1: 1;222 2;saṁsādhayet kriyā yā tu tāṁ jahyāt sāravarjitām |;
KātySmṛ, 1: 1;222 3;pakṣadvayaṁ sādhayed yā tāṁ jahyād dūrataḥ kriyām ||;
KātySmṛ, 1: 1;223 1;kriyā na daivikī proktā vidyāmāneṣu sākṣiṣu |;
KātySmṛ, 1: 1;223 2;lekhye ca sati vādeṣu na divyaṁ na ca sākṣiṇaḥ ||;
KātySmṛ, 1: 1;224 1;kālena hīyate lekhyaṁ dūṣitaṁ nyāyatas tathā |;
KātySmṛ, 1: 1;224 2;alekhyasākṣike daivīṁ vyavahāre vinirdiśet |;
KātySmṛ, 1: 1;224 3;daivasādhye pauruṣeyīṁ na lekhyaṁ vā prayojayet ||;
KātySmṛ, 1: 1;225 1;pūgaśreṇigaṇādīnāṁ yā sthitiḥ parikīrtitā |;
KātySmṛ, 1: 1;225 2;tasyās tu sādhanaṁ lekhyaṁ na divyaṁ na ca sākṣiṇaḥ ||;
KātySmṛ, 1: 1;226 1;dvāramārgakriyābhogajalavāhādike tathā |;
KātySmṛ, 1: 1;226 2;bhuktir eva hi gurvī syān na lekhyaṁ na ca sākṣiṇaḥ ||;
KātySmṛ, 1: 1;227 1;dattādatte .tha bhṛtyānāṁ svāminā nirṇaye sati |;
KātySmṛ, 1: 1;227 2;vikrayādānasaṁbandhe krītvā dhanam ayacchati ||;
KātySmṛ, 1: 1;228 1;dyūte samāhvaye caiva vivāde samupasthite |;
KātySmṛ, 1: 1;228 2;sākṣiṇaḥ sādhanaṁ proktaṁ na divyaṁ na ca lekhyakam ||;
KātySmṛ, 1: 1;229 1;prakrānte sāhase vāde pāruṣye daṇḍavācike |;
KātySmṛ, 1: 1;229 2;balodbhūteṣu kāryeṣu sākṣiṇo divyam eva vā ||;
KātySmṛ, 1: 1;230 1;gūḍhasāhasikānāṁ tu prāptaṁ divyaiḥ parīkṣaṇam |;
KātySmṛ, 1: 1;230 2;yukticihneṅgitākāravākcakṣuśceṣṭitair nṛṇām ||;
KātySmṛ, 1: 1;231 1;uttameṣu ca sarveṣu sāhaseṣu vicārayet |;
KātySmṛ, 1: 1;231 2;sadbhāvaṁ divyadṛṣṭena satsu sākṣiṣu vai bhṛguḥ ||;
KātySmṛ, 1: 1;232 1;samatvaṁ sākṣiṇāṁ yatra divyais tatrāpi śodhayet |;
KātySmṛ, 1: 1;232 2;prāṇāntikavivādeṣu vidyāmāneṣu sākṣiṣu |;
KātySmṛ, 1: 1;232 3;divyam ālambate vādī na pṛcchet tatra sākṣiṇaḥ ||;
KātySmṛ, 1: 1;233 1;ṛṇe lekhyaṁ sākṣiṇo vā yuktileśādayo .pi vā |;
KātySmṛ, 1: 1;233 2;daivikī vā kriyā proktā prajānāṁ hitakāmyayā ||;
KātySmṛ, 1: 1;234 1;codanā pratikālaṁ ca yuktileśas tathaiva ca |;
KātySmṛ, 1: 1;234 2;tṛtīyaḥ śapathaḥ proktaḥ tair ṛṇaṁ sādhayet kramāt ||;
KātySmṛ, 1: 1;235 1;abhīkṣṇaṁ codyamāno .pi pratihanyān na tadvacaḥ |;
KātySmṛ, 1: 1;235 2;triścatuḥpañcakṛtvo vā parato .rthaṁ samācaret ||;
KātySmṛ, 1: 1;236 1;codanāpratighāte tu yuktileśaiḥ samanviyāt |;
KātySmṛ, 1: 1;236 2;deśakālārthasaṁbandhaparimāṇakriyādibhiḥ ||;Nāradasmṛti NāSmṛ, 2, 1: 4 217;codanāpratighāte tu yuktileśais tam anviyāt |deśakālārthasaṁbandhaparimāṇakriyādibhiḥ ||;GOOD;;
KātySmṛ, 1: 1;237 1;yuktiṣv apy asamarthāsu śapathair eva nirṇayet |;
KātySmṛ, 1: 1;237 2;arthakālabalāpekṣair agnyambusukṛtādibhiḥ ||;Nāradasmṛti NāSmṛ, 2, 1: 4 218;yuktiṣv apy asamarthāsu śapathair enam ardayet |arthakālabalāpekṣam agnyambusukṛtādibhiḥ ||;!;;
KātySmṛ, 1: 1;238 1;yatra syāt sopadhaṁ lekhyaṁ tadrājñaḥ śrāvitaṁ yadi |;
KātySmṛ, 1: 1;238 2;divyena śodhayet tatra rājā dharmāsanasthitaḥ ||;
KātySmṛ, 1: 1;239 1;vākpāruṣye ca bhūmau ca divyaṁ na parikalpayet ||;
KātySmṛ, 1: 1;240 1;sthāvareṣu vivādeṣu divyāni paridhārayet |;
KātySmṛ, 1: 1;240 2;sākṣibhir likhitenārthe bhuktyā caiva prasādhayet ||;
KātySmṛ, 1: 1;241 1;pramāṇair hetunā vāpi divyenaiva tu niścayam |;
KātySmṛ, 1: 1;241 2;sarveṣv eva vivādeṣu sadā kuryān narādhipaḥ ||;
KātySmṛ, 1: 1;242 1;likhitaṁ sākṣiṇo bhuktiḥ pramāṇaṁ trividhaṁ smṛtam |;
KātySmṛ, 1: 1;242 2;anumānaṁ vidur hetuṁ tarkaṁ caiva manīṣiṇaḥ ||;
KātySmṛ, 1: 1;243 1;pūrvābhāve pareṇaiva nānyathaiva kadācana |;
KātySmṛ, 1: 1;243 2;pramāṇair vādinirdiṣṭair bhuktyā likhitasākṣibhiḥ ||;
KātySmṛ, 1: 1;244 1;na kaścid abhiyoktāraṁ divyeṣu viniyojayet |;
KātySmṛ, 1: 1;244 2;abhiyuktāya dātavyaṁ divyaṁ divyaviśāradaiḥ ||;Kātyāyanasmṛti KātySmṛ, 1: 1 411;na kaścid abhiyoktāraṁ divyeṣu viniyojayet |abhiyuktāya dātavyaṁ divyaṁ divyaviśāradaiḥ ||;!;;
KātySmṛ, 1: 1;245 1;mithyoktau sa catuṣpāt syāt pratyavaskandane tathā |;
KātySmṛ, 1: 1;245 2;prāṅnyāye sa ca vijñeyo dvipāt saṁpratipattiṣu ||;
KātySmṛ, 1: 1;246 1;parājayaś ca dvividhaḥ paroktaḥ svokta eva ca |;
KātySmṛ, 1: 1;246 2;paroktaḥ syād daśavidhaḥ svokta ekavidhaḥ smṛtaḥ ||;
KātySmṛ, 1: 1;247 1;vivādāntarasaṁkrāntiḥ pūrvottaraviruddhatā |;
KātySmṛ, 1: 1;247 2;dūṣaṇaṁ svakriyotpatteḥ paravākyopapādanam ||;
KātySmṛ, 1: 1;248 1;anirdeśaś ca deśasya nirdeśo .deśakālayoḥ |;
KātySmṛ, 1: 1;248 2;sākṣiṇām upajāpaś ca vidveṣo vacanasya ca ||;
KātySmṛ, 1: 1;249 1;lekhyaṁ tu dvividhaṁ proktaṁ svahastānyakṛtaṁ tathā |;
KātySmṛ, 1: 1;249 2;asākṣimatsākṣimac ca siddhir deśasthites tayoḥ ||;Nāradasmṛti NāSmṛ, 2, 1: 4 115;lekhyaṁ tu dvividhaṁ jñeyaṁ svahastānyakṛtaṁ tathā |asākṣimat sākṣimac ca siddhir deśasthites tayoḥ ||;!;;

KātySmṛ, 1: 1;251 1;utpattijātisaṁjñāṁ ca dhanasaṁkhyāṁ ca lekhayet |;
KātySmṛ, 1: 1;251 2;smaraty evaṁ prayuktasya naśyed arthas tv alekhitaḥ ||;
KātySmṛ, 1: 1;252 1;lekhyaṁ tu sākṣimatkāryam aviluptākṣarakramam |;
KātySmṛ, 1: 1;252 2;deśācārasthitiyutaṁ samagraṁ sarvavastuṣu ||;
KātySmṛ, 1: 1;253 1;varṇavākyakriyāyuktam asaṁdigdhaṁ sphuṭākṣaram |;
KātySmṛ, 1: 1;253 2;ahīnakramacihnaṁ ca lekhyaṁ tat siddhim āpnuyāt ||;Kātyāyanasmṛti KātySmṛ, 1: 1 267;varṇavākyakriyāyuktam asaṁdigdhaṁ sphuṭākṣaram |ahīnakramacihnaṁ ca lekhyaṁ tatsiddhim āpnuyāt ||;GOOD;;

KātySmṛ, 1: 1;255 1;abhiśāpe samuttīrṇe prāyaścitte kṛte janaiḥ |;
KātySmṛ, 1: 1;255 2;viśuddhipatrakaṁ jñeyaṁ tebhyaḥ sākṣisamanvitam ||;
KātySmṛ, 1: 1;256 1;uttameṣu samasteṣu abhiśāpe samāgate |;
KātySmṛ, 1: 1;256 2;vṛttānuvādalekhyaṁ yat taj jñeyaṁ sandhipatrakam ||;
KātySmṛ, 1: 1;257 1;sīmāvivāde nirṇīte sīmāpatraṁ vidhīyate ||;
KātySmṛ, 1: 1;258 1;rājñaḥ svahastasaṁyuktaṁ samudrācihnitaṁ tathā |;
KātySmṛ, 1: 1;258 2;rājakīyaṁ smṛtaṁ lekhyaṁ sarveṣv artheṣu sākṣimat ||;
KātySmṛ, 1: 1;259 1;arthipratyarthivākyāni pratijñā sākṣivāk tathā |;
KātySmṛ, 1: 1;259 2;nirṇayaś ca yathā tasya yathā cāvadhṛtaṁ svayam ||;
KātySmṛ, 1: 1;260 1;etad yathākṣaraṁ lekhye yathāpūrvaṁ niveśayet |;
KātySmṛ, 1: 1;260 2;abhiyoktṛabhiyuktānāṁ vacanaṁ prāṅ niveśayet ||;
KātySmṛ, 1: 1;261 1;sabhyānāṁ prāḍvivākasya kulānāṁ vā tataḥ param |;
KātySmṛ, 1: 1;261 2;niścayaṁ smṛtiśāstrasya mataṁ tatraiva lekhayet ||;
KātySmṛ, 1: 1;262 1;siddhenārthena saṁyojyo vādī satkārapūrvakam |;
KātySmṛ, 1: 1;262 2;lekhyaṁ svahastasaṁyuktaṁ tasmai dadyāt tu pārthivaḥ ||;
KātySmṛ, 1: 1;263 1;sabhāsadaś ca ye tatra smṛtiśāstravidaḥ sthitāḥ |;
KātySmṛ, 1: 1;263 2;yathālekhyavidhau tadvat svahastaṁ tatra dāpayet ||;
KātySmṛ, 1: 1;264 1;anena vidhinā lekhyaṁ paścātkāraṁ vidur budhāḥ |;
KātySmṛ, 1: 1;264 2;nirastā tu kriyā yatra pramāṇenaiva vādinā |;
KātySmṛ, 1: 1;264 3;paścātkāro bhavet tatra na sarvāsu vidhīyate ||;
KātySmṛ, 1: 1;265 1;anyavādyādihīnebhya itareṣāṁ pradīyate |;
KātySmṛ, 1: 1;265 2;vṛttānuvādasaṁsiddhaṁ tac ca syāj jayapatrakam ||;
KātySmṛ, 1: 1;266 1;rājājñayā samāhūya yathānyāyaṁ vicārayet |;
KātySmṛ, 1: 1;266 2;lekhyācāreṇa likhitaṁ sākṣyācāreṇa sākṣiṇaḥ ||;
KātySmṛ, 1: 1;267 1;varṇavākyakriyāyuktam asaṁdigdhaṁ sphuṭākṣaram |;
KātySmṛ, 1: 1;267 2;ahīnakramacihnaṁ ca lekhyaṁ tatsiddhim āpnuyāt ||;Kātyāyanasmṛti KātySmṛ, 1: 1 253;varṇavākyakriyāyuktam asaṁdigdhaṁ sphuṭākṣaram |ahīnakramacihnaṁ ca lekhyaṁ tat siddhim āpnuyāt ||;GOOD;;
KātySmṛ, 1: 1;268 1;deśācārayutaṁ varṣamāsapakṣādivṛddhimat |;
KātySmṛ, 1: 1;268 2;ṛṇisākṣilekhakānām hastāṅgam lekhyam ucyate ||;
KātySmṛ, 1: 1;269 1;sthānabhraṣṭās tv apaṅktisthāḥ saṁdigdhā lakṣaṇacyutāḥ |;
KātySmṛ, 1: 1;269 2;yadā tu saṁsthitā varṇāḥ kūṭalekhyaṁ tadā bhavet ||;
KātySmṛ, 1: 1;270 1;deśācāraviruddhaṁ yat saṁdigdhaṁ kramavarjitam |;
KātySmṛ, 1: 1;270 2;kṛtam asvāminā yac ca sādhyahīnaṁ ca duṣyati ||;
KātySmṛ, 1: 1;271 1;mattenopādhibhītena tathonmattena pīḍitaiḥ |;
KātySmṛ, 1: 1;271 2;strībhir bālāsvatantraiś ca kṛtaṁ lekhyaṁ na sidhyati ||;
KātySmṛ, 1: 1;272 1;khyāpitaṁ ced dvitīye .hni na kaścid vinivartayet |;
KātySmṛ, 1: 1;272 2;tathā tat syāt pramāṇaṁ tu mattonmattakṛtād ṛte ||;
KātySmṛ, 1: 1;273 1;sākṣidoṣād bhaved duṣṭaṁ patraṁ vai lekhakasya vā |;
KātySmṛ, 1: 1;273 2;dhanikasyopadhādoṣāt tathā dhāraṇikasya vā ||;
KātySmṛ, 1: 1;274 1;duṣṭair duṣṭaṁ bhavel lekhyaṁ śuddhaṁ śuddhair tat patram upadhāduṣṭaiḥ sākṣilekhakakārakaiḥ ||;
KātySmṛ, 1: 1;275 1;pramāṇasya hi ye doṣā vaktavyās te vivādinā |;
KātySmṛ, 1: 1;275 2;gūḍhās tu prakaṭāḥ sabhyaiḥ kāle śāstrapradarśanāt ||;
KātySmṛ, 1: 1;276 1;sākṣilekhakakartāraḥ kūṭatāṁ yānti te yathā |;
KātySmṛ, 1: 1;276 2;tathā doṣāḥ prayoktavyā duṣṭair lekhyaṁ praduṣyāta ||;
KātySmṛ, 1: 1;277 1;na lekhakena likhitaṁ na dṛṣṭaṁ sākṣibhis tathā |;
KātySmṛ, 1: 1;277 2;evaṁ pratyarthinokte tu kūṭalekhyaṁ prakīrtitam ||;
KātySmṛ, 1: 1;278 1;nātathyena pramāṇaṁ tu doṣeṇaiva tu dūṣayet |;
KātySmṛ, 1: 1;278 2;mithyābhiyoge daṇḍyaḥ syāt sādhyārthāc cāpi hīyate ||;Kātyāyanasmṛti KātySmṛ, 1: 1 380;nātathyena pramāṇaṁ tu doṣeṇaiva tu dūṣayet |mithyābhiyoge daṇḍyaḥ syāt sādhyārthāc cāpi hīyate ||;GOOD;;
KātySmṛ, 1: 1;279 1;evaṁ duṣṭaṁ nṛpasthāne yasmiṁs taddhi vicāryate |;
KātySmṛ, 1: 1;279 2;vimṛśya brāhmaṇaiḥ sārdhaṁ patradoṣān nirūpayet ||;

KātySmṛ, 1: 1;281 1;dhanikena svahastena likhitaṁ sākṣivarjitam |;
KātySmṛ, 1: 1;281 2;bhavet kūṭaṁ na cet kartā kṛtaṁ hīti vibhāvayet ||;
KātySmṛ, 1: 1;282 1;dattaṁ lekhye svahastaṁ tu ṛṇiko yadi nihnute |;
KātySmṛ, 1: 1;282 2;patrasthaiḥ sākṣibhir vācyo lekhakasya matena vā ||;
KātySmṛ, 1: 1;283 1;kṛtākṛtavivādeṣu sākṣibhiḥ patranirṇayaḥ |;
KātySmṛ, 1: 1;283 2;dūṣite patrake vādī tadārūḍhāṁs tu nirdiśet ||;
KātySmṛ, 1: 1;284 1;trividhasyāpi lekhyasya bhrāntiḥ saṁjāyate nṛṇām |;
KātySmṛ, 1: 1;284 2;ṛṇisākṣilekhakānāṁ hastoktyā sādhayet tataḥ ||;
KātySmṛ, 1: 1;285 1;atha pañcatvam āpanno lekhakaḥ saha sākṣibhiḥ |;
KātySmṛ, 1: 1;285 2;tatsvahastādibhis teṣāṁ viśudhyet tu na saṁśayaḥ ||;
KātySmṛ, 1: 1;286 1;ṛṇisvahastasaṁdehe jīvato vā mṛtasya vā |;
KātySmṛ, 1: 1;286 2;tatsvahastakṛtair anyaiḥ patrais tallekhyanirṇayaḥ ||;
KātySmṛ, 1: 1;287 1;samudre .pi lekhye mṛtāḥ sarve .pi te sthitāḥ |;
KātySmṛ, 1: 1;287 2;likhitaṁ tatpramāṇaṁ tu mṛteṣv api hi teṣu ca ||;
KātySmṛ, 1: 1;288 1;pratyakṣam anumānena na kadācit prabādhyate |;
KātySmṛ, 1: 1;288 2;tasmāl lekhyasya duṣṭasya vacobhiḥ sākṣiṇāṁ bhavet ||;
KātySmṛ, 1: 1;289 1;nirṇayaḥ svadhanārthaṁ hi patraṁ dūṣayati svayam |;
KātySmṛ, 1: 1;289 2;likhitaṁ likhitenaiva sākṣimatsākṣibhir haret ||;

KātySmṛ, 1: 1;291 1;āḍhyasya nikaṭasthasya yac chaktena na yācitam |;
KātySmṛ, 1: 1;291 2;śuddharṇaśaṅkayā tat tu lekhyaṁ durbalatām iyāt ||;
KātySmṛ, 1: 1;292 1;lekhyaṁ triṁśatsamātītam adṛṣṭāśrāvitaṁ ca yat |;
KātySmṛ, 1: 1;292 2;na tat siddhim avāpnoti tiṣṭhatsv api hi sākṣiṣu ||;
KātySmṛ, 1: 1;293 1;prayukte śāntalābhe tu likhitaṁ yo na darśayet |;
KātySmṛ, 1: 1;293 2;naiva yāceta ṛṇikaṁ na tat siddhim avāpnuyāt ||;
KātySmṛ, 1: 1;294 1;paścāt kāranibaddhaṁ yat tad yatnena vicārayet |;
KātySmṛ, 1: 1;294 2;yadi syād yuktiyuktaṁ tu pramāṇaṁ likhitaṁ tadā ||;
KātySmṛ, 1: 1;295 1;anyathā dūrataḥ kāryaṁ punar eva vinirṇayet |;
KātySmṛ, 1: 1;295 2;atathyaṁ tathyabhāvena sthāpitaṁ jñānavibhramāt |;
KātySmṛ, 1: 1;295 3;nivartyaṁ tatpramāṇaṁ syād yatnenāpi kṛtaṁ nṛpaiḥ ||;
KātySmṛ, 1: 1;296 1;mudrāśuddhaṁ kriyāśuddhaṁ bhuktiśuddhaṁ rājñaḥ svahastasaṁśuddhaṁ śuddhim āyāti śāsanam ||;
KātySmṛ, 1: 1;297 1;nirdoṣaṁ prathitaṁ yat tu lekhyaṁ tat siddhim āpnuyāt ||;
KātySmṛ, 1: 1;298 1;dṛṣṭe patre sphuṭān doṣān noktavān ṛṇiko yadi |;
KātySmṛ, 1: 1;298 2;tato viṁśativarṣāṇi sthitaṁ patraṁ sthiraṁ bhavet ||;
KātySmṛ, 1: 1;299 1;śaktasya saṁnidhāv arthe yena lekhyena bhujyate |;
KātySmṛ, 1: 1;299 2;varṣāṇi viṁśatiṁ yāvat tat patraṁ doṣavarjitam ||;
KātySmṛ, 1: 1;300 1;atha viṁśativarṣāṇi ādhir bhuktaḥ suniścitam |;
KātySmṛ, 1: 1;300 2;tena lekhyena tatsiddhir lekhyadoṣavivarjitā ||;
KātySmṛ, 1: 1;301 1;sīmāvivāde nirṇīte sīmāpatraṁ vidhīyate |;
KātySmṛ, 1: 1;301 2;tasya doṣāḥ pravaktavyā yāvad varṣāṇi viṁśatiḥ ||;
KātySmṛ, 1: 1;302 1;ādhānasahitaṁ yatra ṛṇaṁ lekhye niveśitam |;
KātySmṛ, 1: 1;302 2;mṛtasākṣi pramāṇaṁ tu svalpabhogeṣu tadviduḥ ||;
KātySmṛ, 1: 1;303 1;prāptaṁ vānena cet kiṁcid dānaṁ cāpy anirūpitam |;
KātySmṛ, 1: 1;303 2;vināpi mudrayā lekhyaṁ pramāṇaṁ mṛtasākṣikam ||;
KātySmṛ, 1: 1;304 1;yadi labdhaṁ bhavet kiṁcit prajñaptir vā kṛtā bhavet |;
KātySmṛ, 1: 1;304 2;pramāṇam eva likhitaṁ mṛtā yady api sākṣiṇaḥ ||;
KātySmṛ, 1: 1;305 1;darśitaṁ pratikālaṁ yad grāhitaṁ smāritaṁ tathā |;
KātySmṛ, 1: 1;305 2;lekhyaṁ sidhyati sarvatra mṛteṣv api ca sākṣiṣu ||;
KātySmṛ, 1: 1;306 1;na divyaiḥ sākṣibhir vāpi hīyate likhitaṁ kvacit |;
KātySmṛ, 1: 1;306 2;lekhyadharmaḥ sadā śreṣṭho hy ato nānyena hīyate ||;
KātySmṛ, 1: 1;307 1;tadyuktapratilekhyena tadviśiṣṭena vā sadā |;
KātySmṛ, 1: 1;307 2;lekhyakriyā nirasyeta nirasyānyena na kvacit ||;
KātySmṛ, 1: 1;308 1;darpaṇasthaṁ yathā bimbam asatsad iva dṛśyate |;
KātySmṛ, 1: 1;308 2;tathā lekhyasya bimbāni kurvanti kuśalā janāḥ ||;
KātySmṛ, 1: 1;309 1;dravyaṁ gṛhītvā yal lekhyaṁ parasmai sampradīyate |;
KātySmṛ, 1: 1;309 2;channam anyena cārūḍhaṁ saṁyataṁ cānyaveśmani ||;
KātySmṛ, 1: 1;310 1;datte vṛtte .thavā dravye kvacillikhitapūrvake |;
KātySmṛ, 1: 1;310 2;eṣa eva vidhir jñeyo lekhyaśuddhivinirṇaye ||;
KātySmṛ, 1: 1;311 1;sthāvare vikrayādhāne lekhyaṁ kūṭaṁ karoti yaḥ |;
KātySmṛ, 1: 1;311 2;sa samyagbhāvitaḥ kāryo jihvāpāṇyaṅghrivarjitaḥ ||;
KātySmṛ, 1: 1;312 1;malair yad bheditaṁ dagdhaṁ chidritaṁ vītam eva vā |;
KātySmṛ, 1: 1;312 2;tad anyat kārayel lekhyaṁ svedenollikhitaṁ tathā ||;
KātySmṛ, 1: 1;313 1;likhitaṁ sākṣiṇo bhuktiḥ pramāṇatrayam iṣyate |;
KātySmṛ, 1: 1;313 2;pramāṇeṣu smṛtā bhukteḥ sallekhasamatā nṛṇām ||;
KātySmṛ, 1: 1;314 1;rathyānirgamanadvārajalavāhādisaṁśaye |;
KātySmṛ, 1: 1;314 2;bhuktir eva tu gurvī syāt pramāṇeṣv iti niścayaḥ ||;
KātySmṛ, 1: 1;315 1;anumānād guruḥ sākṣī sākṣibhyo likhitaṁ guru |;
KātySmṛ, 1: 1;315 2;avyāhatā tripuruṣī bhuktir ebhyo garīyasī ||;
KātySmṛ, 1: 1;316 1;nopabhoge balaṁ kāryam āhartrā tatsutena vā |;
KātySmṛ, 1: 1;316 2;paśustrīpuruṣādīnām iti dharmo vyavasthitaḥ ||;
KātySmṛ, 1: 1;317 1;bhuktis tu dvividhā proktā sāgamānāgamā tathā |;
KātySmṛ, 1: 1;317 2;tripuruṣī yā svatantrā sā ced alpā tu sāgamā ||;
KātySmṛ, 1: 1;318 1;mukhyā paitāmahī bhuktiḥ paitṛkī cāpi saṁmatā |;
KātySmṛ, 1: 1;318 2;tribhir etair avicchinnā sthirā ṣaṣṭyābdikī matā ||;
KātySmṛ, 1: 1;319 1;sāgamena tu bhuktena samyagbhuktaṁ yadā tu yat |;
KātySmṛ, 1: 1;319 2;āhartā labhate tat tu nāpahāryaṁ tu tat kvacit ||;Viṣṇusmṛti ViSmṛ, 5: 5 185;sāgamena tu bhogena bhuktaṁ samyag yadā tu yat |āhartā labhate tatra nāpahāryaṁ tu tat kvacit ||;GOOD;;
KātySmṛ, 1: 1;320 1;pranaṣṭāgamalekhyena bhogārūḍhena vādinā |;
KātySmṛ, 1: 1;320 2;kālaḥ pramāṇaṁ dānaṁ ca kīrtanīyāni saṁsadi ||;
KātySmṛ, 1: 1;321 1;smārtakāle kriyā bhūmeḥ sāgamā bhuktir iṣyate |;
KātySmṛ, 1: 1;321 2;asmārte .nugamābhāvāt kramāt tripuruṣāgatā ||;
KātySmṛ, 1: 1;322 1;ādau tu kāraṇaṁ madhye bhuktis tu sāgamā |;
KātySmṛ, 1: 1;322 2;kāraṇaṁ bhuktir evaikā saṁtatā yā tripauruṣī ||;
KātySmṛ, 1: 1;323 1;āhartā bhuktiyukto .pi lekhyadoṣān viśodhayet |;
KātySmṛ, 1: 1;323 2;tatsuto bhuktidoṣāṁs tu lekhyadoṣāṁs tu nāpnuyāt ||;
KātySmṛ, 1: 1;324 1;yenopāttaṁ hi yad dravyaṁ so .bhiyuktas tad uddharet |;
KātySmṛ, 1: 1;324 2;cirakālopabhoge .pi bhuktis tasyaiva neṣyate ||;
KātySmṛ, 1: 1;325 1;cirantanam avijñātaṁ bhogaṁ lobhān na cālayet ||;
KātySmṛ, 1: 1;326 1;pitrā bhuktaṁ tu yad dravyaṁ bhuktyācāreṇa dharmataḥ |;
KātySmṛ, 1: 1;326 2;tasmin prete na vācyo .sau bhuktyā prāptaṁ hi tasya tat ||;Viṣṇusmṛti ViSmṛ, 5: 5 186;pitrā bhuktaṁ tu yad dravyaṁ bhuktyācāreṇa dharmataḥ |tasmin prete na vācyo .sau bhuktyā prāptaṁ hi tasya tat ||;!;;
KātySmṛ, 1: 1;327 1;tribhir eva tu yā bhuktā puruṣair bhūr yathāvidhi |;
KātySmṛ, 1: 1;327 2;lekhyābhāve .pi tāṁ tatra caturthaḥ samavāpnuyāt ||;Viṣṇusmṛti ViSmṛ, 5: 5 187;tribhir eva tu yā bhuktā puruṣair bhūr yathāvidhi |lekhyābhāve .pi tāṁ tatra caturthaḥ samavāpnuyāt ||;GOOD;;
KātySmṛ, 1: 1;328 1;yathā kṣīraṁ janayati dadhi kālād rasānvitam |;
KātySmṛ, 1: 1;328 2;dānahetus tathā kālād bhogas tripuruṣāgataḥ ||;
KātySmṛ, 1: 1;329 1;bhuktir balavatī śāstre saṁtatā yā cirantanī |;
KātySmṛ, 1: 1;329 2;vicchinnāpi sā jñeyā yā tu pūrvaprasādhitā ||;
KātySmṛ, 1: 1;330 1;na bhogaṁ kalpayet strīṣu devarājadhaneṣu ca |;
KātySmṛ, 1: 1;330 2;bālaśrotriyavitte ca mātṛtaḥ pitṛtaḥ kramāt ||;
KātySmṛ, 1: 1;331 1;brahmacārī caret kaścid avrataṁ ṣaṭtriṁśadābdikam |;
KātySmṛ, 1: 1;331 2;arthārthī cānyaviṣaye dīrghakālaṁ vasen naraḥ ||;
KātySmṛ, 1: 1;332 1;samāvṛtto .vratī kuryāt svadhanānveṣaṇaṁ tataḥ |;
KātySmṛ, 1: 1;332 2;pañcāśadābdiko bhogas taddhanasyāpahārakaḥ ||;
KātySmṛ, 1: 1;333 1;pravivedaṁ dvādaśābdaḥ kālo vidyārthināṁ smṛtaḥ |;
KātySmṛ, 1: 1;333 2;śilpavidyārthināṁ caiva grahaṇāntaḥ prakīrtitaḥ ||;
KātySmṛ, 1: 1;334 1;suhṛdbhir bandhubhiś caiṣāṁ yat svaṁ bhuktam nṛpāparādhināṁ caiva na tat kālena hīyate ||;
KātySmṛ, 1: 1;335 1;sanābhibhir bāndhavaiś ca yad bhuktaṁ svajanais tathā |;
KātySmṛ, 1: 1;335 2;bhogāt tatra na siddhiḥ syād bhogam anyatra kalpayet ||;
KātySmṛ, 1: 1;336 1;arthinābhyarthito yas tu vighātaṁ na prayojayet |;
KātySmṛ, 1: 1;336 2;tricatuḥpañcakṛtvo vā paras tadṛṇī bhavet ||;
KātySmṛ, 1: 1;337 1;dānaṁ prajñāpanā bhedaḥ saṁpralobhakriyā ca yā |;
KātySmṛ, 1: 1;337 2;cittāpanayanaṁ caiva hetavo hi vibhāvakāḥ ||;
KātySmṛ, 1: 1;338 1;eṣām anyatamo yatra vādinā bhāvito bhavet |;
KātySmṛ, 1: 1;338 2;mūlakriyā tu tatra syād bhāvite vādinihnave ||;
KātySmṛ, 1: 1;339 1;na kālaharaṇaṁ kāryaṁ rājñā sākṣiprabhāṣaṇe |;
KātySmṛ, 1: 1;339 2;mahān doṣo bhavet kālād dharmavyāvṛttilakṣaṇaḥ ||;
KātySmṛ, 1: 1;340 1;upasthitān parīkṣeta sākṣiṇo nṛpatiḥ svayam |;
KātySmṛ, 1: 1;340 2;sākṣibhir bhāṣitaṁ vākyaṁ sabhyaiḥ saha parīkṣayet ||;

KātySmṛ, 1: 1;342 1;sabhāntaḥ sākṣiṇaḥ sarvān arthipratyarthisaṁnidhau |;
KātySmṛ, 1: 1;342 2;prāḍvivāko niyuñjīta vidhinānena sāntvayan ||;
KātySmṛ, 1: 1;343 1;yad dvayor anayor vettha kārye .smiṁś ceṣṭitaṁ mithaḥ |;
KātySmṛ, 1: 1;343 2;tad brūta sarvaṁ satyena yuṣmākaṁ hy atra sākṣitā ||;
KātySmṛ, 1: 1;344 1;devabrāhmaṇasānnidhye sākṣyaṁ pṛcched ṛtaṁ dvijān |;
KātySmṛ, 1: 1;344 2;udaṅmukhān prāṅmukhān vā pūrvāhṇe vai śuciḥ śucīn ||;Manusmṛti ManuS, 8: 8 87;devabrāhmaṇasāṁnidhye sākṣyaṁ pṛcched ṛtaṁ dvijān |udaṅmukhān prāṅmukhān vā pūrvāhṇe vai śuciḥ śucīn ||;GOOD;;
KātySmṛ, 1: 1;345 1;āhūya sākṣiṇaḥ pṛcchen niyamya śapathair bhṛśam |;
KātySmṛ, 1: 1;345 2;samastān viditācārān vijñātārthān pṛthakpṛthak ||;Nāradasmṛti NāSmṛ, 2, 1: 4 180;āhūya sākṣiṇaḥ pṛcchen niyamya śapathair bhṛśam |samastān viditācārān vijñātārthān pṛthak pṛthak ||;GOOD;;
KātySmṛ, 1: 1;346 1;arthipratyarthisāṁnidhyād anubhūtaṁ tu yad bhavet |;
KātySmṛ, 1: 1;346 2;tad grāhyaṁ sākṣiṇo vākyam anyathā na bṛhaspatiḥ ||;
KātySmṛ, 1: 1;347 1;prakhyātakulaśīlāś ca lobhamohavivarjitāḥ |;
KātySmṛ, 1: 1;347 2;āptāḥ śuddhā viśiṣṭā ye teṣāṁ sākṣyam asaṁśayam ||;
KātySmṛ, 1: 1;348 1;vibhāvyo vādinā yādṛk sadṛśair eva bhāvayet |;
KātySmṛ, 1: 1;348 2;notkṛṣṭaś cāvakṛṣṭas tu sākṣibhir bhāvayet sadā ||;
KātySmṛ, 1: 1;349 1;liṅginaḥ śreṇipūgāś ca vaṇigvrātās tathāpare |;
KātySmṛ, 1: 1;349 2;samūhasthāś ca ye cānye vargās tān abravīd bhṛguḥ ||;
KātySmṛ, 1: 1;350 1;dāsacāraṇamallānāṁ hastyaśvāyudhajīvinām |;
KātySmṛ, 1: 1;350 2;pratyekaikaṁ samūhānāṁ nāyakā vargiṇas tathā |;
KātySmṛ, 1: 1;350 3;teṣāṁ vādaḥ svavargeṣu vargiṇas teṣu sākṣiṇaḥ ||;
KātySmṛ, 1: 1;351 1;strīṇāṁ sākṣyaṁ striyaḥ kuryur dvijānāṁ sadṛśā dvijāḥ |;
KātySmṛ, 1: 1;351 2;śūdrāś ca santaḥ śūdrāṇām antyānām antyayonayaḥ ||;
KātySmṛ, 1: 1;352 1;aśakya āgamo yatra videśaprativāsinām |;
KātySmṛ, 1: 1;352 2;traividyaprahitaṁ tatra lekhyasākṣyaṁ pravādayet ||;
KātySmṛ, 1: 1;353 1;abhyantaras tu nikṣepe sākṣyam eko .pi vācyate |;
KātySmṛ, 1: 1;353 2;arthinā prahitaḥ sākṣī bhavaty eko .pi dūtakaḥ ||;
KātySmṛ, 1: 1;354 1;saṁskṛtaṁ yena yat paṇyaṁ tat tenaiva vibhāvayet |;
KātySmṛ, 1: 1;354 2;eka eva pramāṇaṁ sa vivāde tatra kīrtitaḥ ||;
KātySmṛ, 1: 1;355 1;lekhakaḥ prāḍvivākaś ca sabhyāś caivānupūrvaśaḥ |;
KātySmṛ, 1: 1;355 2;nṛpe paśyati yat kāryaṁ sākṣiṇaḥ samudāhṛtāḥ ||;
KātySmṛ, 1: 1;356 1;anye punar anirdiṣṭāḥ sākṣiṇaḥ samudāhṛtāḥ |;
KātySmṛ, 1: 1;356 2;grāmaś ca prāḍvivākaś ca rājā ca vyavahāriṇām ||;
KātySmṛ, 1: 1;357 1;kāryeṣv abhyantaro yaś ca arthinā prahitaś ca yaḥ |;
KātySmṛ, 1: 1;357 2;kulyāḥ kulavivādeṣu bhaveyus te .pi sākṣiṇaḥ ||;Nāradasmṛti NāSmṛ, 2, 1: 4 132;kāryeṣv abhyantaro yaḥ syād arthinā prahitaś ca yaḥ |kulaṁ kulavivādeṣu bhaveyus te .pi sākṣiṇaḥ ||;!;;
KātySmṛ, 1: 1;358 1;rikthabhāgavivāde tu saṁdehe samupasthite |;
KātySmṛ, 1: 1;358 2;kulyānāṁ vacanaṁ tatra pramāṇaṁ tadviparyaye ||;
KātySmṛ, 1: 1;359 1;sākṣiṇāṁ likhitānāṁ tu nirdiṣṭānāṁ ca vādinā |;
KātySmṛ, 1: 1;359 2;teṣām eko .nyathāvādī bhedāt sarve na sākṣiṇaḥ ||;
KātySmṛ, 1: 1;360 1;anyena hi kṛtaḥ sākṣī naivānyastaṁ vivādayet |;
KātySmṛ, 1: 1;360 2;tadabhāve niyukto vā bāndhavo vā vivādayet ||;
KātySmṛ, 1: 1;361 1;tadvṛttijīvino ye ca tatsevāhitakāriṇaḥ |;
KātySmṛ, 1: 1;361 2;tadbandhusuhṛdo bhṛtyā āptās te tu na sākṣiṇaḥ ||;
KātySmṛ, 1: 1;362 1;mātṛṣvasṛsutāś caiva sodaryāsutamātulāḥ |;
KātySmṛ, 1: 1;362 2;ete sanābhayas tūktāḥ sākṣyaṁ teṣu na yojayet ||;
KātySmṛ, 1: 1;363 1;kulyāḥ saṁbandhinaś caiva vivāhyo bhaginīpatiḥ |;
KātySmṛ, 1: 1;363 2;pitā bandhuḥ pitṛvyaś ca śvaśuro guravas tathā ||;
KātySmṛ, 1: 1;364 1;nagaragrāmadeśeṣu niyuktā ye padeṣu ca |;
KātySmṛ, 1: 1;364 2;vallabhāś ca na pṛccheyur bhaktās te rājapūruṣāḥ ||;
KātySmṛ, 1: 1;365 1;ṛṇādiṣu parīkṣeta sākṣiṇaḥ sthirakarmasu |;
KātySmṛ, 1: 1;365 2;sāhasātyayike caiva parīkṣā kutracit smṛtā ||;
KātySmṛ, 1: 1;366 1;vyāghāteṣu nṛpājñāyāḥ saṁgrahe sāhaseṣu ca |;
KātySmṛ, 1: 1;366 2;steyapāruṣyayoś caiva na parīkṣeta sākṣiṇaḥ ||;
KātySmṛ, 1: 1;367 1;antarveśmani rātrau ca bahirgrāmāc ca yad bhavet |;
KātySmṛ, 1: 1;367 2;eteṣv evābhiyogaś cen na parīkṣeta sākṣiṇaḥ ||;
KātySmṛ, 1: 1;368 1;na sākṣyaṁ sākṣibhir vācyam apṛṣṭair arthinā sadā |;
KātySmṛ, 1: 1;368 2;na sākṣyaṁ teṣu vidyeta svayam ātmani yojayet ||;
KātySmṛ, 1: 1;369 1;lekhyārūḍhaś cottaraś ca sākṣī mārgadvayānvitaḥ ||;
KātySmṛ, 1: 1;370 1;atha svahastenārūḍhas tiṣṭhaṁś caikaḥ sa eva tu |;
KātySmṛ, 1: 1;370 2;na cet pratyabhijānīyāt tatsvahastaiḥ prasādhayet ||;
KātySmṛ, 1: 1;371 1;arthinā svayam ānīto yo lekhye saṁniveśyate |;
KātySmṛ, 1: 1;371 2;sa sākṣī likhito nāma smāritaḥ patrakād ṛte ||;
KātySmṛ, 1: 1;372 1;yas tu kāryaprasiddhyarthaṁ dṛṣṭvā kāryaṁ punaḥ punaḥ smāryate hy arthinā sākṣī sa smārita ihocyate ||;
KātySmṛ, 1: 1;373 1;prayojanārtham ānītaḥ prasaṅgād āgataś ca yaḥ |;
KātySmṛ, 1: 1;373 2;dvau sākṣiṇau tv alikhitau pūrvapakṣasya sādhakau ||;
KātySmṛ, 1: 1;374 1;arthinā svārthasiddhyarthaṁ pratyarthivacanaṁ sphuṭam |;
KātySmṛ, 1: 1;374 2;yaḥ śrāvitaḥ sthito gūḍho gūḍhasākṣī sa ucyate ||;
KātySmṛ, 1: 1;375 1;sākṣiṇām api yaḥ sākṣyam uparyupari bhāṣate |;
KātySmṛ, 1: 1;375 2;śravaṇāc chrāvaṇād vāpi sa sākṣyuttarasaṁjñitaḥ ||;
KātySmṛ, 1: 1;376 1;ullapyaṁ yasya viśrambhāt kāryaṁ vā viniveditam |;
KātySmṛ, 1: 1;376 2;gūḍhacārī sa vijñeyaḥ kāryamadhyagatas tathā ||;
KātySmṛ, 1: 1;377 1;arthī yatra vipannaḥ syāt tatra sākṣī mṛtāntaraḥ |;
KātySmṛ, 1: 1;377 2;pratyarthī ca mṛto yatra tatrāpy evaṁ prakalpyate ||;
KātySmṛ, 1: 1;378 1;lekhyadoṣās tu ye kecit sākṣiṇāṁ caiva ye smṛtāḥ |;
KātySmṛ, 1: 1;378 2;vādakāle tu vaktavyāḥ paścād uktān na dūṣayet ||;
KātySmṛ, 1: 1;379 1;ukter arthe sākṣiṇo yas tu dūṣayet prāgdūṣitān |;
KātySmṛ, 1: 1;379 2;na ca tatkāraṇaṁ brūyāt prāpnuyāt pūrvasāhasam ||;
KātySmṛ, 1: 1;380 1;nātathyena pramāṇaṁ tu doṣeṇaiva tu dūṣayet |;
KātySmṛ, 1: 1;380 2;mithyābhiyoge daṇḍyaḥ syāt sādhyārthāc cāpi hīyate ||;Kātyāyanasmṛti KātySmṛ, 1: 1 278;nātathyena pramāṇaṁ tu doṣeṇaiva tu dūṣayet |mithyābhiyoge daṇḍyaḥ syāt sādhyārthāc cāpi hīyate ||;GOOD;;
KātySmṛ, 1: 1;381 1;pratyarthinārthinā vāpi sākṣidūṣaṇasādhane |;
KātySmṛ, 1: 1;381 2;prastutārthopayogitvād vyavahārāntaraṁ na ca ||;
KātySmṛ, 1: 1;382 1;sākṣidoṣāḥ pravaktavyāḥ saṁsadi prativādinā |;
KātySmṛ, 1: 1;382 2;patre vilikhya tān sarvān vācyaḥ pratyuttaraṁ tataḥ ||;
KātySmṛ, 1: 1;383 1;pratipattau tu sākṣitvam arhanti na kadācana |;
KātySmṛ, 1: 1;383 2;ato .nyathā bhāvanīyāḥ kriyayā prativādinā ||;
KātySmṛ, 1: 1;384 1;abhāvayan dhanam dāpyaḥ pratyarthī sākṣiṇaḥ sphuṭam |;
KātySmṛ, 1: 1;384 2;bhāvitāḥ sākṣiṇaḥ sarve sākṣidharmanirākṛtāḥ ||;
KātySmṛ, 1: 1;385 1;ākāro .ṅgitaceṣṭābhis tasya bhāvaṁ vibhāvayet |;
KātySmṛ, 1: 1;385 2;prativādī bhaveddhīnaḥ so .numānena lakṣyate ||;
KātySmṛ, 1: 1;386 1;kampaḥ svedo .tha vaikalyam oṣṭhaśoṣābhimarśane |;
KātySmṛ, 1: 1;386 2;bhūlekhanaṁ sthānahānis tiryagūrdhvanirīkṣaṇam |;
KātySmṛ, 1: 1;386 3;svarabhedaś ca duṣṭasya cihnāny āhur manīṣiṇaḥ ||;
KātySmṛ, 1: 1;387 1;sabhāntaḥsthais tu vaktavyaṁ sākṣyaṁ nānyatra sākṣibhiḥ sarvasākṣyeṣv ayaṁ dharmo hy anyatra sthāvareṣu tu ||;
KātySmṛ, 1: 1;388 1;arthipratyarthisāṁnidhye sādhyārthasya ca saṁnidhau |;
KātySmṛ, 1: 1;388 2;pratyakṣaṁ deśayet sākṣyaṁ parokṣaṁ na kathaṁcana ||;
KātySmṛ, 1: 1;389 1;arthasyopari vaktavyaṁ tayor api vinā kvacit |;
KātySmṛ, 1: 1;389 2;catuṣpadeṣv ayaṁ dharmo dvipadasthāvareṣu ca ||;
KātySmṛ, 1: 1;390 1;taulyagaṇimameyānām abhāve .pi vivādayet |;
KātySmṛ, 1: 1;390 2;kriyākāreṣu sarveṣu sākṣitvaṁ na tato .nyathā ||;
KātySmṛ, 1: 1;391 1;vadhe cet prāṇināṁ sākṣyaṁ vādayecchivasaṁnidhau |;
KātySmṛ, 1: 1;391 2;tadabhāve tu cihnasya nānyathaiva pravādayet ||;
KātySmṛ, 1: 1;392 1;svabhāvoktaṁ vacas teṣāṁ grāhyaṁ yad doṣavarjitam |;
KātySmṛ, 1: 1;392 2;ukte tu sākṣiṇo rājñā na praṣṭavyāḥ punaḥ punaḥ ||;
KātySmṛ, 1: 1;393 1;svabhāvenaiva yad brūyus tad grāhyaṁ vyāvahārikam |;
KātySmṛ, 1: 1;393 2;ato yad anyad vibrūyur dharmārthaṁ tad apārthakam ||;Manusmṛti ManuS, 8: 8 78;svabhāvenaiva yad brūyus tad grāhyaṁ vyāvahārikam |ato yad anyad vibrūyur dharmārthaṁ tad apārthakam ||;GOOD;;
KātySmṛ, 1: 1;394 1;samavetais tu yad dṛṣṭaṁ vaktavyaṁ tat tathaiva tu |;
KātySmṛ, 1: 1;394 2;vibhinnaikaikakāryaṁ yad vaktavyaṁ tat pṛthak pṛthak ||;
KātySmṛ, 1: 1;395 1;bhinnakāle tu yat kāryaṁ vijñātaṁ tatra sākṣibhiḥ |;
KātySmṛ, 1: 1;395 2;ekaikaṁ vādayet tatra bhinnakālaṁ tu tad bhṛguḥ ||;
KātySmṛ, 1: 1;396 1;ṛṇādiṣu vivādeṣu sthiraprāyeṣu niścitam |;
KātySmṛ, 1: 1;396 2;ūne vāpy adhike vārthe prokte sādhyaṁ na sidhyati ||;
KātySmṛ, 1: 1;397 1;sādhyārthāṁśe .pi gadite sākṣibhiḥ sakalaṁ bhavet |;
KātySmṛ, 1: 1;397 2;strīsaṅge sāhase caurye yat sādhyaṁ parikalpitam ||;
KātySmṛ, 1: 1;398 1;ūnādhikaṁ tu yatra syāt tat sākṣyaṁ tatra varjayet |;
KātySmṛ, 1: 1;398 2;sākṣī tatra na daṇḍyaḥ syād abruvan daṇḍam arhati ||;
KātySmṛ, 1: 1;399 1;deśaṁ kālaṁ dhanaṁ saṁkhyāṁ rūpaṁ jātyākṛtī vayaḥ |;
KātySmṛ, 1: 1;399 2;visaṁvaded yatra sākṣye tad anuktaṁ vidur budhāḥ ||;
KātySmṛ, 1: 1;400 1;nirdiṣṭeṣv arthajāteṣu sākṣī cet sākṣya āgate |;
KātySmṛ, 1: 1;400 2;na brūyād akṣarasamaṁ na tan nigaditaṁ bhavet ||;Nāradasmṛti NāSmṛ, 2, 1: 4 211;nirdiṣṭeṣv arthajāteṣu sākṣī cet sākṣyam āgataḥ |na brūyād akṣarasamaṁ na tan nigaditaṁ bhavet ||;GOOD;;
KātySmṛ, 1: 1;401 1;ūnam abhyadhikaṁ vārthaṁ vibrūyur yatra sākṣiṇaḥ |;
KātySmṛ, 1: 1;401 2;tad apy ayuktaṁ vijñeyam eṣa sākṣiviniścayaḥ ||;
KātySmṛ, 1: 1;402 1;apṛṣṭaḥ sarvavacane pṛṣṭasyākathane tathā |;
KātySmṛ, 1: 1;402 2;sākṣiṇaḥ saṁniroddhavyā garhyā daṇḍyāś ca dharmataḥ ||;
KātySmṛ, 1: 1;403 1;vākpāruṣye chale vāde dāpyāḥ syus triśataṁ damam |;
KātySmṛ, 1: 1;403 2;ṛṇādivādeṣu dhanaṁ te syur dāpyā ṛṇaṁ tathā ||;
KātySmṛ, 1: 1;404 1;yaḥ sākṣī naiva nirdiṣṭā nāhūto nāpi darśitaḥ |;
KātySmṛ, 1: 1;404 2;brūyān mithyeti tathyaṁ vā daṇḍyaḥ so .pi narādhamaḥ ||;
KātySmṛ, 1: 1;405 1;sākṣī sākṣyaṁ na ced brūyāt samadaṇḍaṁ vahed ṛṇam |;
KātySmṛ, 1: 1;405 2;ato .nyeṣu vivādeṣu triśataṁ daṇḍam arhati ||;
KātySmṛ, 1: 1;406 1;uktvānyathā bruvāṇāś ca daṇḍyāḥ syur vākchalānvitāḥ ||;
KātySmṛ, 1: 1;407 1;yena kāryasya lobhena nirdiṣṭāḥ kūṭasākṣiṇaḥ |;
KātySmṛ, 1: 1;407 2;gṛhītvā tasya sarvasvaṁ kuryān nirviṣayaṁ tataḥ ||;
KātySmṛ, 1: 1;408 1;yatra vai bhāvitaṁ kāryaṁ sākṣibhir vādinā bhavet |;
KātySmṛ, 1: 1;408 2;prativādī yadā tatra bhāvayet kāryam anyathā |;
KātySmṛ, 1: 1;408 3;bahubhiś ca kulīnair vā pūrvāḥ syuḥ kūṭasākṣiṇaḥ ||;

KātySmṛ, 1: 1;410 1;saptāhāt tu pratīyeta yatra sākṣy anṛtaṁ vadet |;
KātySmṛ, 1: 1;410 2;rogo .gnir jñātimaraṇaṁ dvisaptāhāt trisapta vā |;
KātySmṛ, 1: 1;410 3;ṣaṭcatvāriṁśake vāpi dravyajātyādibhedataḥ ||;
KātySmṛ, 1: 1;411 1;na kaścid abhiyoktāraṁ divyeṣu viniyojayet |;
KātySmṛ, 1: 1;411 2;abhiyuktāya dātavyaṁ divyaṁ divyaviśāradaiḥ ||;Kātyāyanasmṛti KātySmṛ, 1: 1 244;na kaścid abhiyoktāraṁ divyeṣu viniyojayet |abhiyuktāya dātavyaṁ divyaṁ divyaviśāradaiḥ ||;!;;
KātySmṛ, 1: 1;412 1;pārthivaiḥ śaṅkitānāṁ tu tulādīni niyojayet |;
KātySmṛ, 1: 1;412 2;ātmaśuddhividhāne ca na śiras tatra kalpayet ||;
KātySmṛ, 1: 1;413 1;lokāpavādaduṣṭānāṁ śaṅkitānāṁ ca dasyubhiḥ |;
KātySmṛ, 1: 1;413 2;tulādīni niyojyāni na śiras tatra vai bhṛguḥ ||;
KātySmṛ, 1: 1;414 1;na śaṅkāsu śiraḥ kośe kalpayet tu kadācana |;
KātySmṛ, 1: 1;414 2;aśirāṁsi ca divyāni rājabhṛtyeṣu dāpayet ||;
KātySmṛ, 1: 1;415 1;śaṅkāviśvāsasaṁdhāne vibhāge rikthināṁ sadā |;
KātySmṛ, 1: 1;415 2;kriyāsamūhakartṛtve kośam eva pradāpayet ||;
KātySmṛ, 1: 1;416 1;dattasyāpahnavo yatra pramāṇaṁ tatra kalpayet |;
KātySmṛ, 1: 1;416 2;steyasāhasayor divyaṁ svalpe .py arthe pradāpayet ||;
KātySmṛ, 1: 1;417 1;sarvadravyapramāṇaṁ tu jñātvā hema prakalpayet |;
KātySmṛ, 1: 1;417 2;hemapramāṇayuktaṁ tu tadā divyaṁ niyojayet ||;
KātySmṛ, 1: 1;418 1;jñātvā saṁkhyāṁ suvarṇānāṁ śatanāśe viṣaṁ smṛtam |;
KātySmṛ, 1: 1;418 2;aśītes tu vināśe vai dadyāc caiva hutāśanam ||;
KātySmṛ, 1: 1;419 1;ṣaṣṭyā nāśe jalaṁ deyaṁ catvāriṁśati vai ghaṭam |;
KātySmṛ, 1: 1;419 2;viṁśaddaśavināśe vai kośapānaṁ vidhīyate ||;
KātySmṛ, 1: 1;420 1;pañcādhikasya vā nāśe tadardhārdhasya tandulāḥ |;
KātySmṛ, 1: 1;420 2;tadardhārdhasya nāśe tu spṛśet putrādimastakam ||;
KātySmṛ, 1: 1;421 1;tadardhārdhasya nāśe tu laukikāś ca kriyāḥ smṛtāḥ |;
KātySmṛ, 1: 1;421 2;evaṁ vicārayan rājā dharmārthābhyāṁ na hīyate ||;
KātySmṛ, 1: 1;422 1;rājanye .gniṁ ghaṭaṁ vipre vaiśye toyaṁ niyojayet |;
KātySmṛ, 1: 1;422 2;sarveṣu sarvadivyaṁ vā viṣaṁ varjya dvijottame ||;
KātySmṛ, 1: 1;423 1;gorakṣakān vāṇijakāṁs tathā kārukuśīlavān |;
KātySmṛ, 1: 1;423 2;preṣyān vārddhuṣikāṁś caiva grāhayecchūdravad dvijān ||;
KātySmṛ, 1: 1;424 1;na lohaśilpinām agniṁ salilaṁ nāmbusevinām |;
KātySmṛ, 1: 1;424 2;mantrayogavidāṁ caiva viṣaṁ dadyāc ca na kvacit |;
KātySmṛ, 1: 1;424 3;taṇḍulair na niyuñjīta vratinaṁ mukharogiṇam ||;
KātySmṛ, 1: 1;425 1;kuṣṭhināṁ varjayed agniṁ salilaṁ śvāsakāsinām |;
KātySmṛ, 1: 1;425 2;pittaśleṣmavatāṁ nityaṁ viṣaṁ tu parivarjayet ||;
KātySmṛ, 1: 1;426 1;madyapastrīvyasanināṁ kitavānāṁ tathaiva ca |;
KātySmṛ, 1: 1;426 2;kośaḥ prājñair na dātavyo ye ca nāstikavṛttayaḥ ||;
KātySmṛ, 1: 1;427 1;mātāpitṛdvijagurubālastrīrājaghātinām |;
KātySmṛ, 1: 1;427 2;mahāpātakayuktānāṁ nāstikānāṁ viśeṣataḥ ||;
KātySmṛ, 1: 1;428 1;liṅgināṁ praśaṭhānāṁ tu mantrayogakriyāvidām |;
KātySmṛ, 1: 1;428 2;varṇasaṁkarajātānāṁ pāpābhyāsapravartinām ||;
KātySmṛ, 1: 1;429 1;eteṣv evābhiyogeṣu nindyeṣv eva ca yatnataḥ |;
KātySmṛ, 1: 1;429 2;divyaṁ prakalpayen naiva rājā dharmaparāyaṇaḥ ||;
KātySmṛ, 1: 1;430 1;etair eva niyuktānāṁ sādhūnāṁ divyam arhati |;
KātySmṛ, 1: 1;430 2;necchanti sādhavo yatra tatra śodhyāḥ svakair naraiḥ ||;
KātySmṛ, 1: 1;431 1;mahāpātakayukteṣu nāstikeṣu viśeṣataḥ |;
KātySmṛ, 1: 1;431 2;na deyaṁ teṣu divyaṁ tu pāpābhyāsarateṣu ca ||;
KātySmṛ, 1: 1;432 1;eṣu vādeṣu divyāni pratiṣiddhāni yatnataḥ |;
KātySmṛ, 1: 1;432 2;kārayet sajjanais tāni nābhiśastaṁ tyajen manuḥ ||;
KātySmṛ, 1: 1;433 1;aspṛśyādhamadāsānāṁ mlecchānāṁ pāpakāriṇām |;
KātySmṛ, 1: 1;433 2;prātilomyaprasūtānāṁ niścayo na tu rājani |;
KātySmṛ, 1: 1;433 3;tatprasiddhāni divyāni saṁśaye teṣu nirdiśet ||;
KātySmṛ, 1: 1;434 1;indrasthāne .bhiśastānāṁ mahāpātakināṁ nṛṇām |;
KātySmṛ, 1: 1;434 2;nṛpadrohe pravṛttānāṁ rājadvāre prayojayet ||;
KātySmṛ, 1: 1;435 1;prātilomyaprasūtānāṁ divyaṁ deyaṁ catuṣpathe |;
KātySmṛ, 1: 1;435 2;ato .nyeṣu sabhāmadhye divyaṁ deyaṁ vidur budhāḥ ||;
KātySmṛ, 1: 1;436 1;kāladeśavirodhe tu yathāyuktaṁ prakalpayet |;
KātySmṛ, 1: 1;436 2;anyena hārayed divyaṁ vidhir eṣa viparyaye ||;
KātySmṛ, 1: 1;437 1;adeśakāladattāni bahirvāsakṛtāni ca |;
KātySmṛ, 1: 1;437 2;vyabhicāraṁ sadārtheṣu kurvantīha na saṁśayaḥ ||;
KātySmṛ, 1: 1;438 1;sādhayet tat punaḥ sādhyaṁ vyāghāte sādhanasya hi |;
KātySmṛ, 1: 1;438 2;dattāny api yathoktāni rājā divyāni varjayet |;
KātySmṛ, 1: 1;438 3;mūrkhair lubdhaiś ca duṣṭaiś ca punar deyāni tāni vai ||;
KātySmṛ, 1: 1;439 1;tasmād yathoktavidhinā divyaṁ deyaṁ viśāradaiḥ |;
KātySmṛ, 1: 1;439 2;ayathoktaprayuktaṁ tu na śaktaṁ tasya sādhane ||;
KātySmṛ, 1: 1;440 1;śikyacchede tulābhaṅge tathā vāpi guṇasya vā |;
KātySmṛ, 1: 1;440 2;śuddhes tu saṁśaye caiva parīkṣeta punar naram ||;
KātySmṛ, 1: 1;441 1;praskhalaty abhiyuktaś cet sthānād anyatra dahyate |;
KātySmṛ, 1: 1;441 2;na dagdhaṁ tu vidur devās tasya bhūyo .pi dāpayet ||;
KātySmṛ, 1: 1;442 1;śarāṁs tv anāyasair agraiḥ prakurvīta viśuddhaye |;
KātySmṛ, 1: 1;442 2;veṇakāṇḍamayāṁś caiva kṣeptā ca sudṛḍhaṁ kṣipet ||;
KātySmṛ, 1: 1;443 1;kṣipte tu majjanaṁ kāryaṁ gamanaṁ samakālikam |;
KātySmṛ, 1: 1;443 2;gamane tv āgamaḥ kāryaḥ pumān anyo jale viśet ||;
KātySmṛ, 1: 1;444 1;śiromānaṁ tu dṛśyeta na karṇau nāpi nāsikā |;
KātySmṛ, 1: 1;444 2;apsu praveśane yasya śuddhaṁ tam api nirdiśet ||;
KātySmṛ, 1: 1;445 1;nimajjyotplavate yas tu dṛṣṭaś cet prāṇibhir naraḥ |;
KātySmṛ, 1: 1;445 2;punas tatra nimajjet sa deśacihnavibhāvite ||;
KātySmṛ, 1: 1;446 1;ajāśṛṅganibhaṁ śyāmaṁ supīnaṁ śṛṅgasaṁbhavam |;
KātySmṛ, 1: 1;446 2;bhaṅge ca śṛṅgaverābhaṁ khyātaṁ tacchṛṅgiṇāṁ viṣam ||;
KātySmṛ, 1: 1;447 1;raktaṁ tadasitaṁ kuryāt kaṭinaṁ caiva tallakṣaṇāt |;
KātySmṛ, 1: 1;447 2;anena vidhinā jñeyaṁ divyaṁ divyaviśāradaiḥ ||;
KātySmṛ, 1: 1;448 1;vatsanābhanibhaṁ pītaṁ varṇajñānena niścayaḥ |;
KātySmṛ, 1: 1;448 2;śuktiśaṅkhākṛtir bhaṅge vidyāt tadvatsanābhakam ||;
KātySmṛ, 1: 1;449 1;madhukṣīrasamāyuktaṁ svacchaṁ kurvīta tatkṣaṇāt |;
KātySmṛ, 1: 1;449 2;bāhyam evaṁ samākhyātaṁ lakṣaṇaṁ dharmasādhakaiḥ ||;
KātySmṛ, 1: 1;450 1;pūrvāhṇe śītale deśe viṣaṁ dadyāt tu dehinām |;
KātySmṛ, 1: 1;450 2;ghṛtena yojitaṁ ślakṣṇaṁ piṣṭaṁ triṁśadguṇena tu ||;
KātySmṛ, 1: 1;451 1;viṣasya palaṣaḍbhāgād bhāgo viṁśatim astu yaḥ |;
KātySmṛ, 1: 1;451 2;tam aṣṭabhāgahīnaṁ śodhye deyaṁ ghṛtāplutam ||;
KātySmṛ, 1: 1;452 1;svalpe .parādhe devānāṁ snāpayitvāyudhodakam |;
KātySmṛ, 1: 1;452 2;pāyyo vikāre cāśuddho niyamyaḥ śucir anyathā ||;
KātySmṛ, 1: 1;453 1;devatāsnānapānīyadivye taṇḍulabhakṣaṇe |;
KātySmṛ, 1: 1;453 2;śuddhaniṣṭhīvanācchuddho niyamyo .śucir anyathā ||;
KātySmṛ, 1: 1;454 1;avaṣṭambhābhiyuktasya viśuddhasyāpi kośataḥ |;
KātySmṛ, 1: 1;454 2;sadaṇḍam abhiyogaṁ ca dāpayed abhiyojakam |;
KātySmṛ, 1: 1;454 3;divyena śuddhaṁ puruṣaṁ satkuryād dhārmiko nṛpaḥ ||;
KātySmṛ, 1: 1;455 1;śoṇitaṁ dṛśyate yatra hanuvālaṁ ca sīdati |;
KātySmṛ, 1: 1;455 2;gātraṁ ca kampate yasya tam aśuddhaṁ vinirdiśet ||;
KātySmṛ, 1: 1;456 1;atha daivavisaṁvādāt trisaptāhāt tu dāpayet |;
KātySmṛ, 1: 1;456 2;abhiyuktaṁ tu yatnena tam arthaṁ daṇḍam eva ca ||;
KātySmṛ, 1: 1;457 1;tasyaikasya na sarvasya janasya yadi tad bhavet |;
KātySmṛ, 1: 1;457 2;rogo .gnir jñātimaraṇam ṛṇaṁ dāpyo damaṁ ca saḥ ||;
KātySmṛ, 1: 1;458 1;kṣayātisāravisphoṭās tālvasthiparipīḍanam |;
KātySmṛ, 1: 1;458 2;netraruggalarogaś ca tathonmādaḥ prajāyate |;
KātySmṛ, 1: 1;458 3;śirorugbhujabhaṅgaś ca daivikā vyādhayo nṛṇām ||;
KātySmṛ, 1: 1;459 1;śatārdhaṁ dāpayecchuddham aśuddho daṇḍabhāg bhavet |;
KātySmṛ, 1: 1;460 1;viṣe toye hutāśe ca tulākośe ca taṇḍule |;
KātySmṛ, 1: 1;460 2;taptamāṣakadivye ca kramād daṇḍaṁ prakalpayet ||;
KātySmṛ, 1: 1;461 1;sahasraṁ ṣaṭśataṁ caiva tathā pañca śatāni ca |;
KātySmṛ, 1: 1;461 2;catustridvyekam evaṁ ca hīnaṁ hīneṣu kalpayet ||;
KātySmṛ, 1: 1;462 1;yatropadiśyate karma kartur aṅgaṁ na tūcyate |;
KātySmṛ, 1: 1;462 2;dakṣiṇas tatra vijñeyaḥ karmaṇāṁ pāragaḥ karaḥ ||;
KātySmṛ, 1: 1;463 1;ā caturdaśakād ahno yasya no rājadaivikam |;
KātySmṛ, 1: 1;463 2;vyasanaṁ jāyate ghoraṁ sa jñeyaḥ śapathe śuciḥ ||;
KātySmṛ, 1: 1;464 1;unmattenaiva mattena tathā bhāvāntareṇa vā |;
KātySmṛ, 1: 1;464 2;yad dattaṁ yat kṛtaṁ vātha pramāṇaṁ naiva tad bhavet ||;
KātySmṛ, 1: 1;465 1;asvatantrakṛtaṁ kāryaṁ tasya svāmī nivartayet |;
KātySmṛ, 1: 1;465 2;na bhartrā vivadetānyo bhītonmattakṛtād ṛte ||;
KātySmṛ, 1: 1;466 1;pitāsvatantraḥ pitṛmān bhrātā bhrātṛvya eva vā |;
KātySmṛ, 1: 1;466 2;kaniṣṭho vāvibhaktasvo dāsaḥ karmakaras tathā ||;
KātySmṛ, 1: 1;467 1;na kṣetragṛhadāsānāṁ dānādhamanavikrayāḥ |;
KātySmṛ, 1: 1;467 2;asvatantrakṛtāḥ siddhiṁ prāpnuyur nānuvarṇitāḥ ||;
KātySmṛ, 1: 1;468 1;pramāṇaṁ sarva evaite paṇyānāṁ krayavikraye |;
KātySmṛ, 1: 1;468 2;yadi saṁvyavahāraṁ te kurvanto .py anumoditāḥ ||;
KātySmṛ, 1: 1;469 1;kṣetrādīṇāṁ tathaiva syur bhrātā bhrātṛsutaḥ sutaḥ |;
KātySmṛ, 1: 1;469 2;nisṛṣṭāḥ kṛtyakaraṇe guruṇā yadi gacchatā ||;
KātySmṛ, 1: 1;470 1;nisṛṣṭārthas tu yo yasmin tasminn arthe prabhus tu saḥ |;
KātySmṛ, 1: 1;470 2;tadbhartā tatkṛtaṁ kāryaṁ nānyathā kartum arhati ||;
KātySmṛ, 1: 1;471 1;sutasya sutadārāṇāṁ vaśitvaṁ tv anuśāsane |;
KātySmṛ, 1: 1;471 2;vikraye caiva dāne ca vaśitvaṁ na sute pituḥ ||;Kātyāyanasmṛti KātySmṛ, 1: 1 641;ataś ca sutadārāṇāṁ vaśitvaṁ tv anuśāsane |vikraye caiva dāne ca vaśitvaṁ na sute pituḥ ||;!;;
KātySmṛ, 1: 1;472 1;śuddhis tu śāstratattvajñaiś cikitsā samudāhṛtā |;
KātySmṛ, 1: 1;472 2;prāyaścittaṁ ca daṇḍaṁ ca tābhyāṁ sā dvividhā smṛtā ||;
KātySmṛ, 1: 1;473 1;anekārthābhiyoge .pi yāvat saṁsādhayed dhanī |;
KātySmṛ, 1: 1;473 2;sākṣibhis tāvad evāsau labhate sādhitaṁ dhanam ||;
KātySmṛ, 1: 1;474 1;sarvāpalāpaṁ yaḥ kṛtvā mitho .lpam api saṁvadet |;
KātySmṛ, 1: 1;474 2;sarvam eva tu dāpyaḥ syād abhiyukto bṛhaspatiḥ ||;
KātySmṛ, 1: 1;475 1;evaṁ dharmāsanasthena samenaiva vivādinā |;
KātySmṛ, 1: 1;475 2;kāryāṇāṁ nirṇayo dṛśyo brāhmaṇaiḥ saha nānyathā ||;
KātySmṛ, 1: 1;476 1;vyavahārān svayaṁ dṛṣṭvā śrutvā vā prāḍvivākataḥ |;
KātySmṛ, 1: 1;476 2;jayapatraṁ tato dadyāt parijñānāya pārthivaḥ ||;
KātySmṛ, 1: 1;477 1;rājā tu svāmine vipraṁ sāntvenaiva pradāpayet |;
KātySmṛ, 1: 1;477 2;deśācāreṇa cānyāṁs tu duṣṭān saṁpīḍya dāpayet ||;
KātySmṛ, 1: 1;478 1;rikthinaṁ suhṛdaṁ vāpi chalenaiva pradāpayet |;
KātySmṛ, 1: 1;478 2;vaṇijaḥ karṣakāṁś cāpi śilpinaś cābravīd bhṛguḥ ||;
KātySmṛ, 1: 1;479 1;dhanadānāsahaṁ buddhvā svādhīnaṁ karma kārayet |;
KātySmṛ, 1: 1;479 2;aśaktau bandhanāgāraṁ praveśyo brāhmaṇād ṛte ||;
KātySmṛ, 1: 1;480 1;karṣakān kṣatraviśśūdrān samīhānāṁs tu dāpayet ||;
KātySmṛ, 1: 1;481 1;ācāryasya pitur mātur bāndhavānāṁ tathaiva ca |;
KātySmṛ, 1: 1;481 2;eteṣām aparādheṣu daṇḍo naiva vidhīyate ||;
KātySmṛ, 1: 1;482 1;prāṇātyaye tu yatra syād akāryakaraṇaṁ kṛtam |;
KātySmṛ, 1: 1;482 2;daṇḍas tatra tu naiva syād eṣa dharmo bhṛgusmṛtaḥ ||;
KātySmṛ, 1: 1;483 1;na jātu brāhmaṇaṁ hanyāt sarvapāpeṣv avasthitam |;
KātySmṛ, 1: 1;483 2;rāṣṭrāc cainaṁ bahiḥ kuryāt samagradhanam akṣatam ||;
KātySmṛ, 1: 1;484 1;caturṇām api varṇānāṁ prāyaścittam akurvatām |;
KātySmṛ, 1: 1;484 2;śarīradhanasaṁyuktaṁ daṇḍaṁ dharmyaṁ prakalpayet ||;
KātySmṛ, 1: 1;485 1;yena doṣeṇa śūdrasya daṇḍo bhavati dharmataḥ |;
KātySmṛ, 1: 1;485 2;tena cet kṣatraviprāṇāṁ dviguṇo dviguṇo bhavet ||;
KātySmṛ, 1: 1;486 1;pravrajyāvasitaṁ śūdraṁ japahomaparāyaṇam |;
KātySmṛ, 1: 1;486 2;vadhena śāsayet pāpaṁ daṇḍyo vā dviguṇaṁ damam ||;
KātySmṛ, 1: 1;487 1;sarveṣu cāparādheṣu puṁso yo .rthadamaḥ smṛtaḥ |;
KātySmṛ, 1: 1;487 2;tadardhaṁ yoṣito dadyur vadhe puṁso .ṅgakartanam ||;
KātySmṛ, 1: 1;488 1;nāsvatantrāḥ striyo grāhyāḥ pumāṁs tatrāparādhyati |;
KātySmṛ, 1: 1;488 2;prabhuṇā śāsanīyās tā rājā tu puruṣaṁ nayet ||;
KātySmṛ, 1: 1;489 1;proṣitasvāmikā nārī prāpitā yady api grahe |;
KātySmṛ, 1: 1;489 2;tāvat sā bandhane sthāpyā yāvat pratyāgataḥ prabhuḥ ||;
KātySmṛ, 1: 1;490 1;kalpito yasya yo daṇḍas tv aparādhasya yatnataḥ |;
KātySmṛ, 1: 1;490 2;paṇānāṁ grahaṇaṁ tu syāt tanmūlyaṁ vātha rājani ||;Kātyāyanasmṛti KātySmṛ, 1: 1 102;kalpito yasya yo daṇḍas tv aparādhasya yatnataḥ |paṇānāṁ grahaṇaṁ tu syāt tanmūlyaṁ vātha rājani ||;GOOD;;
KātySmṛ, 1: 1;491 1;māṣapādo dvipādo vā daṇḍo yatra pravartitaḥ |;
KātySmṛ, 1: 1;491 2;anirdiṣṭaṁ tu vijñeyaṁ māṣakaṁ tu prakalpayet ||;
KātySmṛ, 1: 1;492 1;yatrokto māṣakair daṇḍo rājataṁ tatra nirdiśeta |;
KātySmṛ, 1: 1;492 2;kṛṣṇalaiś coktam eva syād uktadaṇḍaviniścayaḥ ||;
KātySmṛ, 1: 1;493 1;māṣo viṁśatibhāgas tu jñeyaḥ kārṣāpaṇasya tu |;
KātySmṛ, 1: 1;493 2;kākaṇī tu caturbhāgā māṣakasya paṇasya ca ||;Nāradasmṛti NāSmṛ, 2, 18: 21 66;māṣo viṁśatibhāgas tu jñeyaḥ kārṣāpaṇasya tu |kākaṇī tu caturbhāgo māṣasya ca paṇasya ca ||;!;;
KātySmṛ, 1: 1;494 1;pañcanadyāḥ pradeśe tu saṁjñeyaṁ vyavahārikī |;
KātySmṛ, 1: 1;494 2;kārṣāpaṇoṇḍikā jñeyās tāś catasras tu dhānakaḥ |;
KātySmṛ, 1: 1;494 3;te dvādaśa suvarṇās tu dīnāraś citrakaḥ smṛtaḥ ||;
KātySmṛ, 1: 1;495 1;asat sad iti yaḥ pakṣaḥ sabhyair evāvadhāryate |;
KātySmṛ, 1: 1;495 2;tīritaḥ so .nuśiṣṭas tu sākṣivākyāt prakīrtitaḥ ||;
KātySmṛ, 1: 1;496 1;kulādibhir niścite .pi santoṣaṁ na gatas tu yaḥ |;
KātySmṛ, 1: 1;496 2;vicārya tat kṛtaṁ rājā kukṛtaṁ punar uddharet ||;
KātySmṛ, 1: 1;497 1;na strībhyo dāsabālebhyaḥ prayacchet kvacid uddhṛtam |;
KātySmṛ, 1: 1;497 2;dātā na labhate tat tu tebhyo dadyāt tu yad vasu ||;
KātySmṛ, 1: 1;498 1;ṛṇikena tu yā vṛddhir adhikā saṁprakalpitā |;
KātySmṛ, 1: 1;498 2;āpatkālakṛtā nityaṁ dātavyā kāritā tu sā |;
KātySmṛ, 1: 1;498 3;anyathā kāritā vṛddhir na dātavyā kathaṁcana ||;
KātySmṛ, 1: 1;499 1;ekāntenaiva vṛddhiṁ tu śodhayed yatra carṇikam |;
KātySmṛ, 1: 1;499 2;pratikālaṁ dadāty eva śikhāvṛddhis tu sā smṛtā ||;
KātySmṛ, 1: 1;500 1;gṛhāt toṣaḥ phalaṁ kṣetrād bhogalābhaḥ prakīrtitaḥ ||;
KātySmṛ, 1: 1;501 1;ādhibhogas tv aśeṣo yo vṛddhis tu parikalpitaḥ |;
KātySmṛ, 1: 1;501 2;prayogo yatra caivaṁ syād ādhibhogaḥ sa ucyate ||;

KātySmṛ, 1: 1;503 1;kṛtvoddhāram adattvā yo yācitas tu diśaṁ vrajet |;
KātySmṛ, 1: 1;503 2;ūrdhvaṁ māsatrayāt tasya taddhanaṁ vṛddhim āpnuyāt ||;
KātySmṛ, 1: 1;504 1;svadeśe .pi sthito yas tu na dadyād yācitaḥ kvacit |;
KātySmṛ, 1: 1;504 2;taṁ tato .kāritāṁ vṛddhim anicchantaṁ ca dāpayet ||;
KātySmṛ, 1: 1;505 1;prītidattaṁ na vardheta yāvan na pratiyācitam |;
KātySmṛ, 1: 1;505 2;yācyamānam adattaṁ ced vardhate pañcakaṁ śatam ||;
KātySmṛ, 1: 1;506 1;nikṣiptaṁ vṛddhiśeṣaṁ ca krayavikrayam eva ca |;
KātySmṛ, 1: 1;506 2;yācyamānam adattaṁ ced vardhate pañcakaṁ śatam ||;
KātySmṛ, 1: 1;507 1;paṇyaṁ gṛhītvā yo mūlyam adattvaiva diśaṁ vrajet |;
KātySmṛ, 1: 1;507 2;ṛtutrayasyāpariṣṭāt taddhanaṁ vṛddhim āpnuyāt ||;
KātySmṛ, 1: 1;508 1;carmasasyāsavadyūte paṇyamūlye ca sarvadā |;
KātySmṛ, 1: 1;508 2;strīśulkeṣu na vṛddhiḥ syāt prātibhāvyāgateṣu ca ||;
KātySmṛ, 1: 1;509 1;grāhyaṁ syād dviguṇaṁ dravyaṁ prayuktaṁ dhanināṁ labhate cen na dviguṇaṁ punar vṛddhiṁ prakalpayet ||;
KātySmṛ, 1: 1;510 1;maṇimuktāpravālānāṁ suvarṇarajatasya ca |;
KātySmṛ, 1: 1;510 2;tiṣṭhati dviguṇā vṛddhiḥ phālakaiṭāvikasya ca ||;
KātySmṛ, 1: 1;511 1;tailānāṁ caiva sarveṣāṁ madyānām atha sarpiṣām |;
KātySmṛ, 1: 1;511 2;vṛddhir aṣṭaguṇā jñeyā guḍasya lavaṇasya ca ||;Nāradasmṛti NāSmṛ, 2, 1: 4 95;tailānāṁ caiva sarveṣāṁ madyānāṁ madhusarpiṣām |vṛddhir aṣṭaguṇā jñeyā guḍasya lavaṇasya ca ||;!;;
KātySmṛ, 1: 1;512 1;kupyaṁ pañcaguṇaṁ bhūmis tathaivāṣṭaguṇā matā |;
KātySmṛ, 1: 1;512 2;sadya eveti vacanāt sadya eva pradīyate ||;
KātySmṛ, 1: 1;513 1;ekāhe likhitaṁ yat tu tat tu kuryād ṛṇaṁ samam |;
KātySmṛ, 1: 1;513 2;grahaṇaṁ rakṣaṇaṁ lābham anyathā tu yathākramam ||;
KātySmṛ, 1: 1;514 1;nānarṇasamavāye tu yad yat pūrvakṛtaṁ bhavet |;
KātySmṛ, 1: 1;514 2;tat tad evāgrato deyaṁ rājñaḥ syācchrotriyād anu ||;
KātySmṛ, 1: 1;515 1;yasya dravyeṇa yat paṇyaṁ sādhitaṁ yo vibhāvayet |;
KātySmṛ, 1: 1;515 2;tad dravyam ṛṇikenaiva dātavyaṁ tasya nānyathā ||;
KātySmṛ, 1: 1;516 1;dravyaṁ gṛhītvā vṛddhyarthaṁ bhogayogyaṁ dadāti cet |;
KātySmṛ, 1: 1;516 2;jaṅgamaṁ sthāvaraṁ vāpi bhogyādhiḥ sa tu kathyate |;
KātySmṛ, 1: 1;516 3;mūlyaṁ tadādhikaṁ dattvā svakṣetrādikam āpnuyāt ||;
KātySmṛ, 1: 1;517 1;ādhim ekaṁ dvayor yas tu kuryāt kā pratipad bhavet |;
KātySmṛ, 1: 1;517 2;tayoḥ pūrvakṛtaṁ grāhyaṁ tatkartā coradaṇḍabhāk ||;
KātySmṛ, 1: 1;518 1;ādhānaṁ vikrayo dānaṁ lekhyasākṣyakṛtaṁ yadā |;
KātySmṛ, 1: 1;518 2;ekakriyāviruddhaṁ tu lekhyaṁ tatrāpahārakam ||;
KātySmṛ, 1: 1;519 1;anirdiṣṭaṁ ca nirdiṣṭam ekatra ca vilekhitam |;
KātySmṛ, 1: 1;519 2;viśeṣalikhitaṁ jyāya iti kātyāyano .bravīt ||;
KātySmṛ, 1: 1;520 1;yo .vidyamānaṁ prathamam anirdiṣṭasvarūpakam |;
KātySmṛ, 1: 1;520 2;ākāśabhūtam ādadhyād anirdiṣṭaṁ ca tad bhavet |;
KātySmṛ, 1: 1;520 3;yad yat tadāsya vidyeta tad ādiṣṭaṁ vinirdiśet ||;
KātySmṛ, 1: 1;521 1;yas tu sarvasvam ādiśya prāk paścān nāmacihnitam |;
KātySmṛ, 1: 1;521 2;ādadhyāt tat kathaṁ na syāc cihnitaṁ balavattaram ||;
KātySmṛ, 1: 1;522 1;maryādācihnitaṁ kṣetraṁ grāmaṁ vāpi yadā bhavet |;
KātySmṛ, 1: 1;522 2;grāmādayaś ca likhyante tadā siddhim avāpnuyāt ||;
KātySmṛ, 1: 1;523 1;ādhīkṛtaṁ tu yat kiṁcid vinaṣṭaṁ daivarājataḥ |;
KātySmṛ, 1: 1;523 2;tatra ṛṇaṁ sodayaṁ dāpyo dhaninām adhamarṇakaḥ ||;
KātySmṛ, 1: 1;524 1;na ced dhanikadoṣeṇa nipated vā mriyeta vā |;
KātySmṛ, 1: 1;524 2;ādhim anyaṁ sa dāpyaḥ syād ṛṇān mucyeta narṇikaḥ ||;
KātySmṛ, 1: 1;525 1;akāmam ananujñātam adhiṁ yaḥ karma kārayet |;
KātySmṛ, 1: 1;525 2;bhoktā karmaphalaṁ dāpyo vṛddhiṁ vā labhate na saḥ ||;
KātySmṛ, 1: 1;526 1;yas tv ādhiṁ karma kurvāṇaṁ vācā daṇḍena karmabhiḥ |;
KātySmṛ, 1: 1;526 2;pīḍayed bhartsayec caiva prāpnuyāt pūrvasāhasam ||;
KātySmṛ, 1: 1;527 1;balād akāmaṁ yatrādhim anisṛṣṭaṁ praveśayet |;
KātySmṛ, 1: 1;527 2;prāpnuyāt sāhasaṁ pūrvam ādhātā cādhim āpnuyāt ||;
KātySmṛ, 1: 1;528 1;ādhiṁ duṣṭena lekhyena bhuṅkte yam ṛṇikād dhanī |;
KātySmṛ, 1: 1;528 2;nṛpo damaṁ dāpayitvā ādhilekhyaṁ vināśayet ||;
KātySmṛ, 1: 1;529 1;ādhātā yatra na syāt tu dhanī bandhaṁ nivedayet |;
KātySmṛ, 1: 1;529 2;rājñas tataḥ sa vikhyāto vikreya iti dhāraṇā |;
KātySmṛ, 1: 1;529 3;savṛddhikaṁ gṛhītvā tu śeṣaṁ rājanyathārpayet ||;
KātySmṛ, 1: 1;530 1;dānopasthānavādeṣu viśvāsaśapathāya ca |;
KātySmṛ, 1: 1;530 2;lagnakaṁ kārayed evaṁ yathāyogaṁ viparyaye ||;
KātySmṛ, 1: 1;531 1;darśanapratibhūryas taṁ deśe kāle na darśayet |;
KātySmṛ, 1: 1;531 2;nibandham āvahet tatra daivarājakṛtād ṛte ||;
KātySmṛ, 1: 1;532 1;naṣṭasyānveṣaṇārthaṁ tu deyaṁ pakṣatrayaṁ param |;
KātySmṛ, 1: 1;532 2;yady asau darśayet tatra moktavyaḥ pratibhūr bhavet ||;
KātySmṛ, 1: 1;533 1;kāle vyatīte pratibhūr yadi taṁ naiva darśayet |;
KātySmṛ, 1: 1;533 2;sa tam arthaṁ pradāpyaḥ syāt prete caivaṁ vidhīyate ||;
KātySmṛ, 1: 1;534 1;gṛhītvā bandhakaṁ yatra darśane .sya sthito bhavet |;
KātySmṛ, 1: 1;534 2;vinā pitrā dhanaṁ tasmād dāpyaḥ syāt tad ṛṇaṁ sutaḥ ||;
KātySmṛ, 1: 1;535 1;yo yasya pratibhūs tiṣṭhed darśanāyeha mānavaḥ |;
KātySmṛ, 1: 1;535 2;adarśayan sa taṁ tasmai prayacchet svadhanād ṛṇam ||;
KātySmṛ, 1: 1;536 1;ādyau tu vitathe dāpyau tatkālāveditaṁ dhanam |;
KātySmṛ, 1: 1;536 2;uttarau tu visaṁvāde tau vinā tatsutau tathā ||;
KātySmṛ, 1: 1;537 1;ekacchāyāśrite sarvaṁ dadyāt tu proṣite sutaḥ |;
KātySmṛ, 1: 1;537 2;mṛte pitari pitṛaṁśaṁ pararṇaṁ na bṛhaspatiḥ ||;
KātySmṛ, 1: 1;538 1;ekacchāyāpraviṣṭānāṁ dāpyo tas tatra dṛśyate |;
KātySmṛ, 1: 1;538 2;proṣite tatsutaḥ sarvaṁ pitraṁśaṁ tu mṛte sutaḥ ||;
KātySmṛ, 1: 1;539 1;prātibhāvyaṁ tu yo dadyāt pīḍitaḥ pratibhāvitaḥ |;
KātySmṛ, 1: 1;539 2;tripakṣāt parataḥ so .rthaṁ dviguṇaṁ labdhum arhati ||;
KātySmṛ, 1: 1;540 1;yasyārthe yena yad dattaṁ vidhinābhyarthitena tu |;
KātySmṛ, 1: 1;540 2;sākṣibhir bhāvitenaiva pratibhūs tat samāpnuyāt ||;
KātySmṛ, 1: 1;541 1;satyaṁkāravisaṁvāde dviguṇaṁ pratidāpayet |;
KātySmṛ, 1: 1;541 2;akurvatas tu taddhāni satyaṁkāraprayojanam ||;
KātySmṛ, 1: 1;542 1;kuṭumbārtham aśaktena gṛhītaṁ vyādhitena vā |;
KātySmṛ, 1: 1;542 2;upaplavanimitte ca vidyād āpatkṛte tu tat ||;
KātySmṛ, 1: 1;543 1;kanyāvaivāhikaṁ caiva pretakārye ca yatkṛtam |;
KātySmṛ, 1: 1;543 2;etat sarvaṁ pradātavyaṁ kuṭumbena kṛtaṁ prabhoḥ ||;
KātySmṛ, 1: 1;544 1;ṛṇaṁ putrakṛtaṁ pitrā na deyam iti dharmataḥ |;
KātySmṛ, 1: 1;544 2;deyaṁ pratiśrutaṁ yat syāt yac ca syād anumoditam ||;
KātySmṛ, 1: 1;545 1;proṣitasyāmatenāpi kuṭumbārtham ṛṇaṁ kṛtam |;
KātySmṛ, 1: 1;545 2;dāsastrīmātṛśiṣyair vā dadyāt putreṇa vā bhṛguḥ ||;
KātySmṛ, 1: 1;546 1;bhartrā putreṇa vā sārdhaṁ kevalenātmanā kṛtam |;
KātySmṛ, 1: 1;546 2;ṛṇam evaṁvidhaṁ deyaṁ nānyathā tatkṛtaṁ striyā ||;
KātySmṛ, 1: 1;547 1;martukāmena yā bhartrā proktā deyam ṛṇaṁ tvayā |;
KātySmṛ, 1: 1;547 2;aprapannāpi sā dāpyā dhanaṁ yady āśritaṁ striyām ||;
KātySmṛ, 1: 1;548 1;vidyamāne .pi rogārte svadeśāt proṣite .pi vā |;
KātySmṛ, 1: 1;548 2;viṁśāt saṁvatsarād deyaṁ ṛṇaṁ pitṛkṛtaṁ sutaiḥ ||;
KātySmṛ, 1: 1;549 1;vyādhitonmattavṛddhānāṁ tathā dīrghapravāsinām |;
KātySmṛ, 1: 1;549 2;ṛṇam evaṁvidhaṁ putrāñ jīvatām api dāpayet ||;
KātySmṛ, 1: 1;550 1;sāṁnidhye .pi pituḥ putrair ṛṇaṁ deyaṁ vibhāvitam |;
KātySmṛ, 1: 1;550 2;jātyandhapatitonmattakṣayaśvitrādirogiṇaḥ ||;
KātySmṛ, 1: 1;551 1;pitṝṇāṁ sūnubhir jātair dānenaivādhamād ṛṇāt |;
KātySmṛ, 1: 1;551 2;vimokṣas tu yatas tasmād icchanti pitaraḥ sutān ||;
KātySmṛ, 1: 1;552 1;nāprāptavyavahāreṇa pitary uparate kvacit |;
KātySmṛ, 1: 1;552 2;kāle tu vidhinā deyaṁ vaseyur narake .nyathā ||;
KātySmṛ, 1: 1;553 1;aprāptavyavahāraś cet svatantro .pīha narṇabhāk |;
KātySmṛ, 1: 1;553 2;svātantryaṁ hi smṛtaṁ jyeṣṭhe jyaiṣṭhe guṇavayaḥkṛtam ||;
KātySmṛ, 1: 1;554 1;yad dṛṣṭaṁ dattaśeṣaṁ vā deyaṁ paitāmahaṁ tu tat |;
KātySmṛ, 1: 1;554 2;sadoṣaṁ vyāhataṁ pitrā naiva deyam ṛṇaṁ kvacit ||;


KātySmṛ, 1: 1;557 1;ṛṇaṁ tu dāpayet putraṁ yadi syān nirupadravaḥ |;
KātySmṛ, 1: 1;557 2;draviṇārhaś ca dhuryaś ca nānyathā dāpayet sutam ||;
KātySmṛ, 1: 1;558 1;yad deyaṁ pitṛbhir nityaṁ tadabhāve tu taddhanāt |;
KātySmṛ, 1: 1;558 2;tad dhanaṁ putraputrair vā deyaṁ tatsvāmine tadā ||;
KātySmṛ, 1: 1;559 1;pitrarṇe vidyamāne tu na ca putro dhanaṁ haret |;
KātySmṛ, 1: 1;559 2;deyaṁ taddhanike dravyaṁ mṛte gṛhṇaṁs tu dāpyate ||;
KātySmṛ, 1: 1;560 1;putrābhāve tu dātavyam ṛṇaṁ pautreṇa yatnataḥ |;
KātySmṛ, 1: 1;560 2;caturthena na dātavyaṁ tasmāt tad vinirvartate ||;
KātySmṛ, 1: 1;561 1;prātibhāvyāgataṁ pautrair dātavyaṁ na tu tatkvacit |;
KātySmṛ, 1: 1;561 2;putreṇāpi samaṁ deyam ṛṇaṁ sarvatra paitṛkam ||;
KātySmṛ, 1: 1;562 1;rikthahartrā ṛṇaṁ deyaṁ tadabhāve ca yoṣitaḥ |;
KātySmṛ, 1: 1;562 2;putraiś ca tadabhāve .nyai rikthabhāgbhir yathākramam ||;
KātySmṛ, 1: 1;563 1;yāvan na paitṛkaṁ dravyaṁ vidyamānaṁ labhet sutaḥ |;
KātySmṛ, 1: 1;563 2;susamṛddho .pi dāpyaḥ syāt tāvan naivādhamarṇikaḥ ||;
KātySmṛ, 1: 1;564 1;likhitaṁ muktakaṁ vāpi deyaṁ yat tu pratiśrutam |;
KātySmṛ, 1: 1;564 2;parapūrvastriyai yat tu vidyāt kāmakṛtaṁ nṛṇām ||;
KātySmṛ, 1: 1;565 1;yatra hiṁsāṁ samutpādya krodhād dravyaṁ vināśya vā |;
KātySmṛ, 1: 1;565 2;uktaṁ tuṣṭikaraṁ yat tu vidyāt krodhakṛtaṁ tu tat ||;
KātySmṛ, 1: 1;566 1;svasthenārtena vā deyaṁ bhāvitaṁ dharmakāraṇāt |;
KātySmṛ, 1: 1;566 2;adattvā tu mṛte dāpyas tatsuto nātra saṁśayaḥ ||;Kātyāyanasmṛti KātySmṛ, 1: 1 654;svasthenārtena vā dattaṁ śrāvitaṁ dharmakāraṇāt |adattvā tu mṛte dāpyas tatsuto nātra saṁśayaḥ ||;!;;
KātySmṛ, 1: 1;567 1;nirdhanair anapatyais tu yat kṛtaṁ śauṇḍikādibhiḥ |;
KātySmṛ, 1: 1;567 2;tatstrīṇām upabhoktā tu dadyāt tadṛṇam eva hi ||;
KātySmṛ, 1: 1;568 1;śauṇḍikavyādhajanakagopanāvikayoṣitām |;
KātySmṛ, 1: 1;568 2;adhiṣṭhātā ṛṇaṁ dāpyas tāsāṁ bhartṛkriyāsu tat ||;
KātySmṛ, 1: 1;569 1;na ca bhāryākṛtam ṛṇaṁ kathaṁcit patyur ābhavet |;
KātySmṛ, 1: 1;569 2;āpatkṛtād ṛte puṁsāṁ kuṭumbārthe hi vistaraḥ ||;Nāradasmṛti NāSmṛ, 2, 1: 4 15;na ca bhāryākṛtam ṛṇaṁ kathaṁcit patyur ābhavet |āpatkṛtād ṛte puṁsāṁ kuṭumbārtho hi vistaraḥ ||;!;;
KātySmṛ, 1: 1;570 1;anyatra rajakavyādhagopaśauṇḍikayoṣitām |;
KātySmṛ, 1: 1;570 2;teṣāṁ tu tatparā vṛttiḥ kuṭumbaṁ ca tadāśrayam ||;
KātySmṛ, 1: 1;571 1;amatenaiva putrasya pradhanā yānyam āśrayet |;
KātySmṛ, 1: 1;571 2;putreṇaivāpahāryaṁ taddhanaṁ duhitṛbhir vinā ||;
KātySmṛ, 1: 1;572 1;ṛṇārtham āharet tantuṁ na sukhārthaṁ kadācana |;
KātySmṛ, 1: 1;572 2;ayukte kāraṇe yasmāt pitarau tu na dāpayet ||;
KātySmṛ, 1: 1;573 1;yā svaputraṁ tu jahyāt strī samartham api putriṇī |;
KātySmṛ, 1: 1;573 2;āhṛtya strīdhanaṁ tatra pitryarṇaṁ śodhayen manuḥ ||;
KātySmṛ, 1: 1;574 1;bālaputrādhikārthā ca bhartāraṁ yānyam āśritā |;
KātySmṛ, 1: 1;574 2;āśritas tadṛṇaṁ dadyād bālaputrāvidhiḥ smṛtaḥ ||;
KātySmṛ, 1: 1;575 1;dīrghapravāsinirbandhujaḍonmattārtaliṅginām |;
KātySmṛ, 1: 1;575 2;jīvatām api dātavyaṁ tatstrīdravyasamāśritaiḥ ||;
KātySmṛ, 1: 1;576 1;vyasanābhiplute putre bālo vā yatna dṛśyate |;
KātySmṛ, 1: 1;576 2;dravyahṛd dāpyate tatra tasyābhāve purandhrihṛt ||;
KātySmṛ, 1: 1;577 1;pūrvaṁ dadyād dhanagrāhaḥ putras tasmād anantaram |;
KātySmṛ, 1: 1;577 2;yoṣidgrāhaḥ sutābhāve putro vātyantanirdhanaḥ ||;
KātySmṛ, 1: 1;578 1;deyaṁ bhāryākṛtam ṛṇaṁ bhartrā putreṇa mātṛkam |;
KātySmṛ, 1: 1;578 2;bhartur arthe kṛtaṁ yat syād abhidhāya gate diśam ||;
KātySmṛ, 1: 1;579 1;deyaṁ putrakṛtaṁ tat syād yac ca syād anuvarṇitam |;
KātySmṛ, 1: 1;579 2;kṛtāsaṁvāditaṁ yac ca śrutvā caivānucoditam ||;
KātySmṛ, 1: 1;580 1;dhāryo .varuddhas tv ṛṇikaḥ prakāśaṁ janasaṁsadi |;
KātySmṛ, 1: 1;580 2;yāvan na dadyād deyaṁ ca deśācārasthitir yathā ||;
KātySmṛ, 1: 1;581 1;viṇmūtraśaṅkā yasya syād dhāryamāṇasya dehinaḥ |;
KātySmṛ, 1: 1;581 2;pṛṣṭhato vānugantavyo nibaddhaṁ vā samutsṛjet ||;
KātySmṛ, 1: 1;582 1;sa kṛtapratibhūś caiva moktavyaḥ syād dine dine |;
KātySmṛ, 1: 1;582 2;āhārakāle rātrau ca nibandhe pratibhūḥ sthitaḥ ||;
KātySmṛ, 1: 1;583 1;yo darśanapratibhuvaṁ nādhigacchen na cāśrayet |;
KātySmṛ, 1: 1;583 2;sa cārake niroddhavyaḥ sthāpyo vāvedya rakṣiṇaḥ ||;
KātySmṛ, 1: 1;584 1;na cārake niroddhavya āryaḥ prātyayikaḥ śuciḥ |;
KātySmṛ, 1: 1;584 2;so .nibaddhaḥ pramoktavyo nibaddhaḥ śapathena vā ||;
KātySmṛ, 1: 1;585 1;pīḍanenoparodhena sādhayed ṛṇikaṁ dhanī |;
KātySmṛ, 1: 1;585 2;karmaṇā vyavahāreṇa sāntvenādau vibhāvitaḥ ||;
KātySmṛ, 1: 1;586 1;ādadītārtham evaṁ tu vyājenācaritena ca |;
KātySmṛ, 1: 1;586 2;karmaṇā kṣatraviśśūdrān samahīnāṁś ca dāpayet ||;
KātySmṛ, 1: 1;587 1;rājānaṁ svāminaṁ vipraṁ sāntvenaiva pradāpayet |;
KātySmṛ, 1: 1;587 2;rikthinaṁ suhṛdaṁ vāpi chalenaiva prasādhayet ||;
KātySmṛ, 1: 1;588 1;vaṇijaḥ karṣakāś caiva śilpinaś cābravīd bhṛguḥ |;
KātySmṛ, 1: 1;588 2;deśācāreṇa dāpyāḥ syur duṣṭān saṁpīḍya dāpayet ||;
KātySmṛ, 1: 1;589 1;pīḍayet tu dhanī yatra ṛṇikaṁ nyāyavādinam |;
KātySmṛ, 1: 1;589 2;tasmād arthāt sa hīyeta tatsamaṁ cāpnuyād damam ||;
KātySmṛ, 1: 1;590 1;yadi hy ādāv anādiṣṭam aśubhaṁ karma kārayet |;
KātySmṛ, 1: 1;590 2;prāpnuyāt sāhasaṁ pūrvam ṛṇān mucyeta carṇikaḥ ||;
KātySmṛ, 1: 1;591 1;uddhārādikam ādāya svāmine na dadāti yaḥ |;
KātySmṛ, 1: 1;591 2;sa tasya dāso bhṛtyaḥ strī paśur vā jāyate gṛhe ||;
KātySmṛ, 1: 1;592 1;trayaproṣitanikṣiptabandhānvāhitayācitam |;
KātySmṛ, 1: 1;592 2;vaiśyavṛttyarpitaṁ caiva so .rthas tūpanidhiḥ smṛtaḥ ||;
KātySmṛ, 1: 1;593 1;nikṣiptaṁ yasya yat kiṁcit tatprayatnena pālayet |;
KātySmṛ, 1: 1;593 2;daivarājakṛtād anyo vināśas tasya kīrtyate ||;
KātySmṛ, 1: 1;594 1;yasya doṣeṇa yat kiṁcid vināśyeta hriyeta vā |;
KātySmṛ, 1: 1;594 2;tad dravyaṁ sodayaṁ dāpyo daivarājakṛtād vinā ||;
KātySmṛ, 1: 1;595 1;yācitānantaraṁ nāśe daivarājakṛte .pi saḥ |;
KātySmṛ, 1: 1;595 2;grahītā pratidāpyaḥ syān mūlyamātraṁ na saṁśayaḥ ||;
KātySmṛ, 1: 1;596 1;nyāsādikaṁ paradravyaṁ prabhakṣitam upekṣitam |;
KātySmṛ, 1: 1;596 2;ajñānanāśitaṁ caiva yena dāpyaḥ sa eva tat ||;
KātySmṛ, 1: 1;597 1;bhakṣitaṁ sodayaṁ dāpyaḥ samaṁ dāpya upekṣitam |;
KātySmṛ, 1: 1;597 2;kiṁcin nyūnaṁ pradāpyaḥ syād dravyam ajñānanāśitam ||;
KātySmṛ, 1: 1;598 1;arājadaivikenāpi nikṣiptaṁ yatra nāśitam |;
KātySmṛ, 1: 1;598 2;grahītuḥ saha bhāṇḍena dātur naṣṭaṁ tad ucyate ||;
KātySmṛ, 1: 1;599 1;jñātvā dravyaviyogaṁ tu dātā yatra vinikṣipet |;
KātySmṛ, 1: 1;599 2;sarvopāyavināśe .pi grahītā naiva dāpyate ||;
KātySmṛ, 1: 1;600 1;grāhakasya hi yad doṣān naṣṭaṁ tu grāhakasya tat |;
KātySmṛ, 1: 1;600 2;tasmin naṣṭe hṛte vāpi grahītā mūlyam āharet ||;
KātySmṛ, 1: 1;601 1;grāhyas tūpanidhiḥ kāle kālahīnaṁ tu varjayet |;
KātySmṛ, 1: 1;601 2;kālahīnaṁ dadaddaṇḍaṁ dviguṇaṁ ca pradāpyate ||;
KātySmṛ, 1: 1;602 1;sarveṣūpanidhiṣv ete vidhayaḥ parikīrtitāḥ ||;
KātySmṛ, 1: 1;603 1;yaiś ca saṁskriyate nyāso divasaiḥ pariniścitaiḥ |;
KātySmṛ, 1: 1;603 2;tadūrdhvaṁ sthāpayecchilpī dāpyo daivahate .pi tat ||;
KātySmṛ, 1: 1;604 1;nyāsadoṣād vināśaḥ syācchilpinaṁ tan na dāpayet |;
KātySmṛ, 1: 1;604 2;dāpayecchilpidoṣāt tat saṁskārārthaṁ yad arpitam ||;
KātySmṛ, 1: 1;605 1;svalpenāpi ca yat karma naṣṭaṁ ced bhṛtakasya tat |;
KātySmṛ, 1: 1;605 2;paryāptaṁ ditsatas tasya vinaśyet tad agṛhṇataḥ ||;
KātySmṛ, 1: 1;606 1;yadi tat kāryam uddiśya kālaṁ pariniyamya vā |;
KātySmṛ, 1: 1;606 2;yācito .rdhakṛte tasminn aprāpte na tu dāpyate ||;
KātySmṛ, 1: 1;607 1;prāptakāle kṛte kārye na dadyād yācito .pi san |;
KātySmṛ, 1: 1;607 2;tasmin naṣṭe vāpi grahītā mūlyam āharet ||;
KātySmṛ, 1: 1;608 1;yācyamāno na dadyād vā dāpyas tat sodayaṁ bhavet ||;
KātySmṛ, 1: 1;609 1;atha kāryavipattis tu tasyaiva svāmino bhavet |;
KātySmṛ, 1: 1;609 2;aprāpte vai sa kāle tu dāpyas tv ardhakṛte .pi tat ||;
KātySmṛ, 1: 1;610 1;yo yācitakam ādāya na dadyāt pratiyācitaḥ |;
KātySmṛ, 1: 1;610 2;sa nigṛhya balād dāpyo daṇḍyaś ca na dadāti yaḥ ||;
KātySmṛ, 1: 1;611 1;anumārgeṇa kāryeṣu anyasmin vacanān mama |;
KātySmṛ, 1: 1;611 2;dadyās tvam iti yo dattaḥ sa ihānvādhir ucyate ||;
KātySmṛ, 1: 1;612 1;asvāmivikrayaṁ dānam ādhiṁ ca vinivartayet ||;

KātySmṛ, 1: 1;614 1;nāṣṭikas tu prakurvīta tad dhanaṁ jñātṛbhiḥ svakam |;
KātySmṛ, 1: 1;614 2;adattatyaktavikrītaṁ kṛtvā svaṁ labhate dhanam ||;
KātySmṛ, 1: 1;615 1;prakāśaṁ vā krayaṁ kuryān mūlaṁ vāpi samarpayet |;
KātySmṛ, 1: 1;615 2;mūlānayanakālas tu deyo yojanasaṁkhyayā ||;
KātySmṛ, 1: 1;616 1;prakāśaṁ ca krayaṁ kuryāt sādhubhir jñātibhiḥ svakaiḥ |;
KātySmṛ, 1: 1;616 2;na tatrānyā kriyā proktā daivikī na ca mānuṣī ||;
KātySmṛ, 1: 1;617 1;yadā mūlam upanyasya punar vādī krayaṁ vadet |;
KātySmṛ, 1: 1;617 2;āharen mūlam evāsau na krayeṇa prayojanam ||;
KātySmṛ, 1: 1;618 1;asamāhāryamūlas tu krayam eva viśodhayet |;
KātySmṛ, 1: 1;618 2;viśodhite kraye rājñā na vaktavyaḥ sa kiṁcana ||;
KātySmṛ, 1: 1;619 1;anupasthāpayan mūlaṁ krayaṁ vāpy aviśodhayan |;
KātySmṛ, 1: 1;619 2;yathābhiyogaṁ dhanine dhanaṁ dāpyo damaṁ ca saḥ ||;
KātySmṛ, 1: 1;620 1;yadi svaṁ naiva kurute jñātibhir nāṣṭiko dhanam |;
KātySmṛ, 1: 1;620 2;prasaṅgavinivṛttyarthaṁ coravaddaṇḍam arhati ||;
KātySmṛ, 1: 1;621 1;vaniṅvīthīparigataṁ vijñātaṁ rājapuruṣaiḥ |;
KātySmṛ, 1: 1;621 2;avijñātāśrayāt krītaṁ vikretā yatra vā mṛtaḥ ||;
KātySmṛ, 1: 1;622 1;svāmī dattvārdhamūlyaṁ tu pragṛhṇīta svakaṁ dhanam |;
KātySmṛ, 1: 1;622 2;ardhaṁ dvayor apahṛtaṁ tatra syād vyavahārataḥ ||;
KātySmṛ, 1: 1;623 1;avijñātakrayo doṣas tathā cāparipālanam |;
KātySmṛ, 1: 1;623 2;etad dvayaṁ samākhyātaṁ dravyahānikaraṁ buddhaiḥ ||;
KātySmṛ, 1: 1;624 1;samavetās tu ye kecicchalpino vaṇijo .pi vā |;
KātySmṛ, 1: 1;624 2;avibhajya pṛthagbhūtaiḥ prāptaṁ tatra phalaṁ samam ||;
KātySmṛ, 1: 1;625 1;bhāṇḍapiṇḍavyayoddhārabhārasārārthavīkṣaṇam |;
KātySmṛ, 1: 1;625 2;kuryus te .vyabhicāreṇa samayena vyavasthitāḥ ||;
KātySmṛ, 1: 1;626 1;prayogaṁ kurvate ye tu hemadhānyarasādinā |;
KātySmṛ, 1: 1;626 2;samanyūnādhikair aṁśair lābhas teṣāṁ tathāvidhaḥ ||;
KātySmṛ, 1: 1;627 1;bahūnāṁ saṁmato yas tu dadyād eko dhanaṁ naraḥ |;
KātySmṛ, 1: 1;627 2;ṛṇaṁ ca kārayed vāpi sarvair eva kṛtaṁ bhavet ||;
KātySmṛ, 1: 1;628 1;jñātisaṁbandhisuhṛdām ṛṇaṁ deyaṁ sabandhakam |;
KātySmṛ, 1: 1;628 2;anyeṣāṁ lagnakopetaṁ lekhyasākṣiyutaṁ tathā ||;
KātySmṛ, 1: 1;629 1;svecchādeyaṁ hiraṇyaṁ tu rasā dhānyaṁ ca sāvidhi |;
KātySmṛ, 1: 1;629 2;deśasthityā pradātavyaṁ grahītavyaṁ tathaiva ca ||;
KātySmṛ, 1: 1;630 1;samavetais tu yad dattaṁ prārthanīyaṁ tathaiva tat |;
KātySmṛ, 1: 1;630 2;na ca yāceta yaḥ kaścil lābhāt sa parihīyate ||;
KātySmṛ, 1: 1;631 1;corataḥ salilād agner dravyaṁ yas tu samāharet |;
KātySmṛ, 1: 1;631 2;tasyāṁśo daśamo deyaḥ sarvavādeṣv ayaṁ vidhiḥ ||;
KātySmṛ, 1: 1;632 1;śikṣakābhijñakuśalā ācāryaś ceti śilpinaḥ |;
KātySmṛ, 1: 1;632 2;ekadvitricaturbhāgān hareyus te yathottaram ||;
KātySmṛ, 1: 1;633 1;pararāṣṭrād dhanaṁ yat syāc cauraiḥ svāmyājñayāhṛtam |;
KātySmṛ, 1: 1;633 2;rājño daśāṁśam uddhṛtya vibhajeran yathāvidhi ||;
KātySmṛ, 1: 1;634 1;corāṇāṁ mukhyabhūtas tu caturo .ṁśāṁs tato haret |;
KātySmṛ, 1: 1;634 2;śūro .ṁśāṁs trīn samartho dvau śoṣās tv ekaikam eva ca ||;
KātySmṛ, 1: 1;635 1;teṣāṁ cet prasṛtānāṁ yo grahaṇaṁ samavāpnuyāt |;
KātySmṛ, 1: 1;635 2;tanmokṣaṇārthaṁ yad dattaṁ vaheyus te yathāṁśataḥ ||;

KātySmṛ, 1: 1;637 1;vaṇijāṁ karṣakāṇāṁ ca corāṇāṁ śilpināṁ tathā |;
KātySmṛ, 1: 1;637 2;aniyamyāṁśakartṝṇāṁ sarveṣām eṣa nirṇayaḥ ||;
KātySmṛ, 1: 1;638 1;vikrayaṁ caiva dānaṁ ca na neyāḥ syur anicchavaḥ |;
KātySmṛ, 1: 1;638 2;dārāḥ putrāś ca sarvasvam ātmanaiva tu yojayet ||;
KātySmṛ, 1: 1;639 1;āpatkāle tu kartavyaṁ dānaṁ vikraya eva vā |;
KātySmṛ, 1: 1;639 2;anyathā na pravarteta iti śāstraviniścayaḥ ||;

KātySmṛ, 1: 1;641 1;ataś ca sutadārāṇāṁ vaśitvaṁ tv anuśāsane |;
KātySmṛ, 1: 1;641 2;vikraye caiva dāne ca vaśitvaṁ na sute pituḥ ||;Kātyāyanasmṛti KātySmṛ, 1: 1 471;sutasya sutadārāṇāṁ vaśitvaṁ tv anuśāsane |vikraye caiva dāne ca vaśitvaṁ na sute pituḥ ||;GOOD;;
KātySmṛ, 1: 1;642 1;svecchayā yaḥ pratiśrutya brāhmaṇāya pratigraham |;
KātySmṛ, 1: 1;642 2;na dadyād ṛṇava dāpyaḥ prāpnuyāt pūrvasāhasam ||;
KātySmṛ, 1: 1;643 1;pratiśrutasyādānena dattasyācchādanena ca |;
KātySmṛ, 1: 1;643 2;kalpakoṭiśataṁ martyas tiryagyonau ca jāyate ||;
KātySmṛ, 1: 1;644 1;avijñātopalabdhyarthaṁ dānaṁ yatra nirūpitam |;
KātySmṛ, 1: 1;644 2;upalabdhikriyālabdhaṁ sā bhṛtiḥ parikīrtitā ||;
KātySmṛ, 1: 1;645 1;bhayatrāṇāya rakṣārthaṁ tathā kāryaprasādhanāt |;
KātySmṛ, 1: 1;645 2;anena vidhinā labdhaṁ vidyāt pratyupakārataḥ ||;
KātySmṛ, 1: 1;646 1;prāṇasaṁśayam āpannaṁ yo mām uttārayed itaḥ |;
KātySmṛ, 1: 1;646 2;sarvasvaṁ tasya dāsyāmīty ukte .pi na tathā bhavet ||;
KātySmṛ, 1: 1;647 1;kāmakrodhāsvatantrārtaklībonmattapramohitaiḥ |;
KātySmṛ, 1: 1;647 2;vyatyāsaparihāsāc ca yad dattaṁ tat punar haret ||;
KātySmṛ, 1: 1;648 1;yā tu kāryasya siddhyartham utkocā syāt pratiśrutā |;
KātySmṛ, 1: 1;648 2;tasminn api prasiddhe .rthe na deyā syāt kathaṁcana ||;
KātySmṛ, 1: 1;649 1;atha prāg eva dattā syāt pratidāpyas tathā balāt |;
KātySmṛ, 1: 1;649 2;daṇḍaṁ caikādaśaguṇam āhur gārgīyamānavāḥ ||;
KātySmṛ, 1: 1;650 1;stenasāhasikodvṛttapārajāyikaśaṁsanāt |;
KātySmṛ, 1: 1;650 2;darśanād vṛttanaṣṭasya tathāsatyapravartanāt ||;
KātySmṛ, 1: 1;651 1;prāptam etais tu yat kiṁcit tad utkocākhyam ucyate |;
KātySmṛ, 1: 1;651 2;na dātā tatra daṇḍyaḥ syān madhyasthaś caiva doṣabhāk ||;
KātySmṛ, 1: 1;652 1;niyukto yas tu kāryeṣu sa ced utkocam āpnuyāt |;
KātySmṛ, 1: 1;652 2;sa dāpyas taddhanaṁ kṛtsnaṁ damaś caikādaśādhikam ||;
KātySmṛ, 1: 1;653 1;aniyuktas tu kāryārtham utkocaṁ yam avāpnuyāt |;
KātySmṛ, 1: 1;653 2;kṛtapratyupakārārthas tasya doṣo na vidyate ||;
KātySmṛ, 1: 1;654 1;svasthenārtena vā dattaṁ śrāvitaṁ dharmakāraṇāt |;
KātySmṛ, 1: 1;654 2;adattvā tu mṛte dāpyas tatsuto nātra saṁśayaḥ ||;Kātyāyanasmṛti KātySmṛ, 1: 1 566;svasthenārtena vā deyaṁ bhāvitaṁ dharmakāraṇāt |adattvā tu mṛte dāpyas tatsuto nātra saṁśayaḥ ||;!;;
KātySmṛ, 1: 1;655 1;yogādhamanavikrītaṁ yogadānapatigraham |;
KātySmṛ, 1: 1;655 2;yasya vāpy upadhiṁ paśyet tat sarvaṁ vinivartayet ||;
KātySmṛ, 1: 1;656 1;bhṛtāvaniścitāyāṁ tu daśabhāgam avāpnuyāt |;
KātySmṛ, 1: 1;656 2;lābhagovīryasasyānāṁ vaṇiggopakṛṣīvalāḥ ||;
KātySmṛ, 1: 1;657 1;karmārambhaṁ tu yaḥ kṛtvā siddhaṁ naiva tu kārayet |;
KātySmṛ, 1: 1;657 2;balāt kārayitavyo .sau akurvan daṇḍam arhati ||;
KātySmṛ, 1: 1;658 1;vighnayan vāhako dāpyaḥ prasthāne dviguṇāṁ bhṛtim ||;
KātySmṛ, 1: 1;659 1;na tu dāpyo hṛtaṁ corair dagdhamūḍhaṁ jalena vā ||;
KātySmṛ, 1: 1;660 1;tyajet pathi sahāyaṁ yaḥ śrāntaṁ rogārtam eva vā |;
KātySmṛ, 1: 1;660 2;prāpnuyāt sāhasaṁ pūrvaṁ grāme tryaham apālayan ||;
KātySmṛ, 1: 1;661 1;yadā tu pathi tadbhāṇḍam āsidhyeta hriyeta vā |;
KātySmṛ, 1: 1;661 2;yāvān adhvā gatas tena prāpnuyāt tāvatīṁ bhṛtim ||;
KātySmṛ, 1: 1;662 1;hastyaśvagokharoṣṭrādīn gṛhītvā bhāṭakena yaḥ |;
KātySmṛ, 1: 1;662 2;nārpayet kṛtakṛtyārthaḥ sa tu dāpyaḥ sabhāṭakam ||;
KātySmṛ, 1: 1;663 1;gṛhavāryāpaṇādīṇi gṛhītvā bhāṭakena yaḥ |;
KātySmṛ, 1: 1;663 2;svāmine nārpayed yāvat tāvad dāpyaḥ sabhāṭakam ||;
KātySmṛ, 1: 1;664 1;kṣetrārāmavivīteṣu gṛheṣu paśuvāṭiṣu |;
KātySmṛ, 1: 1;664 2;grahaṇaṁ tatpraviṣṭānāṁ tāḍanaṁ vā bṛhaspatiḥ ||;
KātySmṛ, 1: 1;665 1;adhamottamamadhyānāṁ paśūnāṁ caiva tāḍane |;
KātySmṛ, 1: 1;665 2;svāmī tu vivaded yatra daṇḍaṁ tatra prakalpayet ||;
KātySmṛ, 1: 1;666 1;ajāteṣv eva sasyeṣu kuryād āvaraṇaṁ mahat |;
KātySmṛ, 1: 1;666 2;duḥkheneha nivāryante labdhasvādurasā mṛgāḥ ||;
KātySmṛ, 1: 1;667 1;dāpayet paṇapādaṁ gāṁ dvau pādau mahiṣīṁ tathā |;
KātySmṛ, 1: 1;667 2;tathājāvikavatsānāṁ pādo daṇḍaḥ prakīrtitaḥ ||;
KātySmṛ, 1: 1;668 1;samūhināṁ tu yo dharmas tena dharmeṇa te sadā |;
KātySmṛ, 1: 1;668 2;prakuryuḥ sarvakarmāṇi svadharmeṣu vyavasthitāḥ ||;
KātySmṛ, 1: 1;669 1;avirodhena dharmasya nirgataṁ rājaśāsanam |;
KātySmṛ, 1: 1;669 2;tasyaivācaraṇaṁ pūrvaṁ kartavyaṁ tu nṛpājñayā ||;
KātySmṛ, 1: 1;670 1;rājapravartitān dharmān yo naro nānupālayet |;
KātySmṛ, 1: 1;670 2;garhyaḥ sa pāpo daṇḍyaś ca lopayan rājaśāsanam ||;Nāradasmṛti NāSmṛ, 2, 17: 20 10;rājñā pravartitān dharmān yo naro nānupālayet |daṇḍyaḥ sa pāpo vadhyaś ca lopayan rājaśāsanam ||;!;;
KātySmṛ, 1: 1;671 1;yuktiyuktaṁ ca yo hanyād vaktur yo .navakāśadaḥ |;
KātySmṛ, 1: 1;671 2;ayuktaṁ caiva yo brūte sa dāpyaḥ pūrvasāhasam ||;
KātySmṛ, 1: 1;672 1;sāhasī bhedakārī ca gaṇadravyavināśakaḥ |;
KātySmṛ, 1: 1;672 2;ucchedyāḥ sarva evaite vikhyāpyaivaṁ nṛpe bhṛguḥ ||;
KātySmṛ, 1: 1;673 1;ekapātre ca vā paṅktyāṁ saṁbhoktā yasya yo bhavet |;
KātySmṛ, 1: 1;673 2;akurvaṁs tat tathā daṇḍyas tasya doṣam adarśayan ||;
KātySmṛ, 1: 1;674 1;gaṇam uddiśya yat kiṁcit kṛtvarṇaṁ bhakṣitaṁ bhavet |;
KātySmṛ, 1: 1;674 2;ātmārthaṁ viniyuktaṁ vā deyaṁ tair eva tad bhavet ||;
KātySmṛ, 1: 1;675 1;gaṇānāṁ śreṇivargāṇāṁ gatāḥ syur ye tu madhyatām |;
KātySmṛ, 1: 1;675 2;prāktanasya dhanarṇasya samāṁśāḥ sarva eva te ||;
KātySmṛ, 1: 1;676 1;tathaiva bhojyavaibhājyadānadharmakriyāsu ca |;
KātySmṛ, 1: 1;676 2;samūhastho .ṁśabhāgī syāt pragatas tv aṁśabhāṅ na tu ||;
KātySmṛ, 1: 1;677 1;yat taiḥ prāptaṁ rakṣitaṁ vā gaṇārthe vā ṛṇaṁ kṛtam |;
KātySmṛ, 1: 1;677 2;rājaprasādalabdhaṁ ca sarveṣām eva tatsamam ||;
KātySmṛ, 1: 1;678 1;nānāpaurasamūhas tu naigamaḥ parikīrtitaḥ |;
KātySmṛ, 1: 1;678 2;nānāyudhadharā vrātāḥ samavetāḥ prakīrtitāḥ ||;
KātySmṛ, 1: 1;679 1;samūho vaṇijādīnāṁ pūgaḥ samparikīrtitaḥ |;
KātySmṛ, 1: 1;679 2;pravrajyāvasitā ye tu pāṣaṇḍāḥ parikīrtitāḥ ||;
KātySmṛ, 1: 1;680 1;brāhmaṇānāṁ samūhas tu gaṇaḥ samparikīrtitaḥ |;
KātySmṛ, 1: 1;680 2;śilpopajīvino ye tu śilpinaḥ parikīrtitāḥ ||;
KātySmṛ, 1: 1;681 1;ārhatasaugatānāṁ tu samūhaḥ saṅgha ucyate |;
KātySmṛ, 1: 1;681 2;cāṇḍālaśvapacādīnāṁ samūho gulma ucyate ||;
KātySmṛ, 1: 1;682 1;gaṇapāṣaṇḍapūgāś ca vrātāś ca śreṇayas tathā |;
KātySmṛ, 1: 1;682 2;samūhasthāś ca ye cānye vargākhyās te bṛhaspatiḥ ||;

KātySmṛ, 1: 1;684 1;aprāpte .rthakriyākāle kṛte naiva pradāpayet |;
KātySmṛ, 1: 1;684 2;evaṁ dharmo daśāhāt tu parato .nuśayo na tu ||;
KātySmṛ, 1: 1;685 1;bhūmer daśāhe vikretur āyas tatkretur eva ca |;
KātySmṛ, 1: 1;685 2;dvādaśāhaḥ sapiṇḍānām api cālpam ataḥ param ||;
KātySmṛ, 1: 1;686 1;krītvānuśayavān paṇyaṁ tyajed dohyādi yo naraḥ |;
KātySmṛ, 1: 1;686 2;aduṣṭam eva kāle tu sa mūlyād daśamaṁ vahet ||;
KātySmṛ, 1: 1;687 1;krītvā gacchann anuśayaṁ krayī hastam upāgate |;
KātySmṛ, 1: 1;687 2;ṣaḍbhāgaṁ tatra mūlyasya dattvā krītaṁ tyajed budhaḥ ||;
KātySmṛ, 1: 1;688 1;avijñātaṁ tu yat krītaṁ duṣṭaṁ paścād vibhāvitam |;
KātySmṛ, 1: 1;688 2;krītaṁ tat svāmine deyaṁ kāle ced anyathā na tu ||;
KātySmṛ, 1: 1;689 1;nirdoṣaṁ darśayitvā tu yaḥ sadoṣaṁ prayacchati |;
KātySmṛ, 1: 1;689 2;mūlyaṁ taddviguṇaṁ dāpyo vinayaṁ tāvad eva ca ||;Nāradasmṛti NāSmṛ, 2, 8: 11 7;nirdoṣaṁ darśayitvā tu sadoṣaṁ yaḥ prayacchati |mūlyaṁ taddviguṇaṁ dāpyo vinayaṁ tāvad eva ca ||;GOOD;;
KātySmṛ, 1: 1;690 1;upahanyeta vā paṇyaṁ dahyetāpahriyeta vā |;
KātySmṛ, 1: 1;690 2;vikretur eva so .nartho vikrīyāsaṁprayacchataḥ ||;Nāradasmṛti NāSmṛ, 2, 8: 11 6;upahanyeta vā paṇyaṁ dahyetāpahriyeta vā |vikretur eva so .nartho vikrīyāsamprayacchataḥ ||;GOOD;;
KātySmṛ, 1: 1;691 1;dīyamānaṁ na gṛhṇāti krītapaṇyaṁ ca yaḥ krayī |;
KātySmṛ, 1: 1;691 2;vikrītaṁ ca tad anyatra vikretā nāparādhnuyāt ||;Nāradasmṛti NāSmṛ, 2, 8: 11 9;dīyamānaṁ na gṛhṇāti krītaṁ paṇyaṁ ca yaḥ krayī |vikrīṇānas tad anyatra vikretā nāparādhnuyāt ||;GOOD;;
KātySmṛ, 1: 1;692 1;mattonmattena vikrītaṁ hīnamūlyaṁ bhayena vā |;
KātySmṛ, 1: 1;692 2;asvatantreṇa mugdhena tyājyaṁ tasya punar bhavet ||;
KātySmṛ, 1: 1;693 1;tryahaṁ dohyaṁ parīkṣeta pañcāhād vāhyam eva tu |;
KātySmṛ, 1: 1;693 2;muktāvajrapravālānāṁ saptāhaṁ syāt pravīkṣaṇam ||;Nāradasmṛti NāSmṛ, 2, 9: 12 5;tryahād dohyaṁ parīkṣeta pañcāhād vāhyam eva tu |muktāvajrapravālānāṁ saptāhaṁ syāt parīkṣaṇam ||;!;;
KātySmṛ, 1: 1;694 1;dvipadām ardhamāsaṁ tu puṁsāṁ taddviguṇaṁ striyāḥ |;
KātySmṛ, 1: 1;694 2;daśāhaṁ sarvabījānām ekāhaṁ lohavāsasām ||;Nāradasmṛti NāSmṛ, 2, 9: 12 6;dvipadām ardhamāsaṁ syāt puṁsāṁ taddviguṇaṁ striyāḥ daśāhaṁ sarvabījānām ekāhaṁ lohavāsasām ||;!;;
KātySmṛ, 1: 1;695 1;ato .rvākpaṇyadoṣas tu yadi saṁjāyate kvacit |;
KātySmṛ, 1: 1;695 2;vikretuḥ pratideyaṁ tat kretā mūlyam avāpnuyāt ||;
KātySmṛ, 1: 1;696 1;paribhuktaṁ tu yad vāsaḥ kliṣṭarūpaṁ malīmasam |;
KātySmṛ, 1: 1;696 2;sadoṣam api tat krītaṁ vikretur na bhavet punaḥ ||;
KātySmṛ, 1: 1;697 1;sādhāraṇaṁ tu yat krītaṁ naiko dadyān narādhamaḥ |;
KātySmṛ, 1: 1;697 2;nādadyān na ca gṛhṇīyād vikrīyāc ca na caiva hi ||;
KātySmṛ, 1: 1;698 1;krītvā mūlyena yat paṇyaṁ duṣkrītaṁ manyate krayī |;
KātySmṛ, 1: 1;698 2;vikretuḥ pratideyaṁ tat tasminn evāhnyavīkṣitam ||;Nāradasmṛti NāSmṛ, 2, 9: 12 2;krītvā mūlyena yat paṇyaṁ duṣkrītaṁ manyate krayī |vikretuḥ pratideyaṁ tat tasmin evāhny avikṣatam ||;!;;
KātySmṛ, 1: 1;699 1;dvitīye .hni dadat kretā mūlyāt tryaṁśāṁśam āharet |;
KātySmṛ, 1: 1;699 2;dviguṇaṁ tṛtīye .hni parataḥ kretur eva tat ||;
KātySmṛ, 1: 1;700 1;dravyasvaṁ pañcadhā kṛtvā tribhāgo mūlyam ucyate |;
KātySmṛ, 1: 1;700 2;lābhaś caturtho bhāgaḥ syāt pañcamaḥ satyam ucyate ||;
KātySmṛ, 1: 1;701 1;sandhiś ca parivṛttiś ca viṣamā vā tribhogataḥ |;
KātySmṛ, 1: 1;701 2;ājñayāpi krayaś cāpi daśābdaṁ vinivartayet ||;
KātySmṛ, 1: 1;702 1;jñātyādīn ananujñāpya samīpasthānaninditān |;
KātySmṛ, 1: 1;702 2;krayavikrayadharmo .pi bhūmer nāstīti nirṇayaḥ ||;
KātySmṛ, 1: 1;703 1;svagrāme daśarātraṁ syād anyagrāme tripakṣakam |;
KātySmṛ, 1: 1;703 2;rāṣṭrāntareṣu ṣaṇmāsaṁ bhāṣābhede tu vatsaram ||;
KātySmṛ, 1: 1;704 1;palāyite tu karade karapratibhuvā saha |;
KātySmṛ, 1: 1;704 2;karārthaṁ karadakṣetraṁ vikrīṇīyuḥ sabhāsadaḥ ||;
KātySmṛ, 1: 1;705 1;samavetais tu sāmantair abhijñaiḥ pāpabhīrubhiḥ |;
KātySmṛ, 1: 1;705 2;kṣetrārāmagṛhādīnāṁ dvipadāṁ ca catuṣpadām ||;
KātySmṛ, 1: 1;706 1;kalpitaṁ mūlyam ity āhur bhāgaṁ kṛtvā tad aṣṭadhā |;
KātySmṛ, 1: 1;706 2;ekabhāgātiriktaṁ vā hīnaṁ vānucitaṁ smṛtam ||;
KātySmṛ, 1: 1;707 1;samāḥ śatam atīte .pi sarvaṁ tad vinivartate |;
KātySmṛ, 1: 1;707 2;krayavikrayaṇe krayyaṁ yan mūlyaṁ dharmato .rhati ||;
KātySmṛ, 1: 1;708 1;tat turye pañcame ṣaṣṭhe saptame .ṁśe .ṣṭame .pi vā |;
KātySmṛ, 1: 1;708 2;hīne yadi vinirvṛtte krayavikrāyaṇe sati ||;
KātySmṛ, 1: 1;709 1;hīnamūlyaṁ tu tat sarvaṁ kṛtam apy akṛtaṁ bhavet |;
KātySmṛ, 1: 1;709 2;uktād alpatare hīne krayo naiva praduṣyati ||;
KātySmṛ, 1: 1;710 1;tenāpy aṁśena hīyeta mūlyataḥ krayavikraye |;
KātySmṛ, 1: 1;710 2;katam apy akṛtaṁ prāhur anye dharmavido janāḥ ||;
KātySmṛ, 1: 1;711 1;ardhādhike krayaḥ sidhyed uktalābho daśādhikaḥ |;
KātySmṛ, 1: 1;711 2;avakrayas tribhāgena sadya eva rucikrayaḥ ||;
KātySmṛ, 1: 1;712 1;mūlyāt svalpapradāne .pi krayasiddhiḥ kṛtā bhavet |;
KātySmṛ, 1: 1;712 2;cakravṛddhyāṁ pradātavyaṁ deyaṁ tat samayād ṛte ||;
KātySmṛ, 1: 1;713 1;yas tu na grāhayecchilpaṁ karmāṇy anyāni kārayet |;
KātySmṛ, 1: 1;713 2;prāpnuyāt sāhasaṁ pūrvaṁ tasmācchiṣyo nivartate ||;
KātySmṛ, 1: 1;714 1;śikṣito .pi śritaṁ kāmam antevāsī samācaret |;
KātySmṛ, 1: 1;714 2;tatra karma ca yat kuryād ācāryasyaiva tatphalam ||;
KātySmṛ, 1: 1;715 1;svatantrasyātmano dānād dāsatvaṁ dāravad bhṛguḥ |;
KātySmṛ, 1: 1;715 2;triṣu varṇeṣu vijñeyaṁ dāsyaṁ viprasya na kvacit ||;
KātySmṛ, 1: 1;716 1;varṇānām anulāmyena dāsyaṁ na pratilomataḥ |;
KātySmṛ, 1: 1;716 2;rājanyavaiśyaśūdrāṇāṁ tyajatāṁ hi svatantratām ||;
KātySmṛ, 1: 1;717 1;samavarṇo .pi vipraṁ tu dāsatvaṁ naiva kārayet |;
KātySmṛ, 1: 1;717 2;brāhmaṇasya hi dāsatvān nṛpatejo vihanyate ||;
KātySmṛ, 1: 1;718 1;kṣatraviśśūdradharmas tu samavarṇe kadācana |;
KātySmṛ, 1: 1;718 2;kārayed dāsakarmāṇi brāhmaṇaṁ na bṛhaspatiḥ ||;
KātySmṛ, 1: 1;719 1;śīlādhyayanasampanne tadūnaṁ karma kāmataḥ |;
KātySmṛ, 1: 1;719 2;tatrāpi nāśubhaṁ kiṁcit prakurvīta dvijottamaḥ ||;
KātySmṛ, 1: 1;720 1;viṇmūtronmārjanaṁ caiva nagnatvaparimardanam |;
KātySmṛ, 1: 1;720 2;prāyo dāsīsutāḥ kuryur gavādigrahaṇaṁ ca yat ||;
KātySmṛ, 1: 1;721 1;pravrajyāvasitā yatra trayo varṇā dvijādayaḥ |;
KātySmṛ, 1: 1;721 2;nirvāsaṁ kārayed vipraṁ dāsatvaṁ kṣatraviḍ nṛpaḥ ||;
KātySmṛ, 1: 1;722 1;śūdraṁ tu kārayed dāsaṁ krītam akrītam eva vā |;
KātySmṛ, 1: 1;722 2;dāsyāyaiva hi sṛṣṭaḥ sa svayam eva svayambhuvā ||;
KātySmṛ, 1: 1;723 1;svadāsīṁ yas tu saṁgacchet prasūtā ca bhavet tataḥ |;
KātySmṛ, 1: 1;723 2;avekṣya bījaṁ kāryā syān na dāsī sānvayā tu sā ||;
KātySmṛ, 1: 1;724 1;dāsasya tu dhanaṁ yat syāt svāmī tasya prabhuḥ smṛtaḥ |;
KātySmṛ, 1: 1;724 2;prakāśaṁ vikrayād yat tu na svāmī dhanam arhati ||;

KātySmṛ, 1: 1;726 1;ādadyād brāhmaṇīṁ yas tu cikrīṇīta tathaiva ca |;
KātySmṛ, 1: 1;726 2;rājñā tad akṛtaṁ kāryaṁ daṇḍyāḥ syuḥ sarva eva te ||;
KātySmṛ, 1: 1;727 1;kāmāt tu saṁśritāṁ yas tu dāsīṁ kuryāt kulastriyam |;
KātySmṛ, 1: 1;727 2;saṁkrāmayeta vānyatra daṇḍyas tac cākṛtaṁ bhavet ||;
KātySmṛ, 1: 1;728 1;bāladhātrīm adāsīṁ ca dāsīm iva bhunakti yaḥ |;
KātySmṛ, 1: 1;728 2;paricārakapatnīṁ vā prāpnuyāt pūrvasāhasam ||;
KātySmṛ, 1: 1;729 1;vikrośamānāṁ yo bhaktāṁ dāsīṁ vikretum icchati |;
KātySmṛ, 1: 1;729 2;anāpadisthaḥ śaktaḥ san prāpnuyād dviśataṁ damam ||;
KātySmṛ, 1: 1;730 1;tavāham iti cātmānaṁ yo .svatantraḥ prayacchati |;
KātySmṛ, 1: 1;730 2;na sa taṁ prāpnuyāt kāmaṁ pūrvasvāmī labheta tam ||;Nāradasmṛti NāSmṛ, 2, 5: 8 38;tavāham iti cātmānaṁ yo .svatantraḥ prayacchati |na sa taṁ prāpnuyāt kāmaṁ pūrvasvāmī labheta tam ||;GOOD;;
KātySmṛ, 1: 1;731 1;pravrajyāvasito dāso moktavyaś ca na kenacit |;
KātySmṛ, 1: 1;731 2;anākālabhṛto dāsyān mucyate goyugaṁ dadat ||;
KātySmṛ, 1: 1;732 1;ādhikyaṁ nyūnatā cāṁśe astināstitvam eva ca |;
KātySmṛ, 1: 1;732 2;abhogabhuktiḥ sīmā ca ṣaṭ bhūvād asya hetavaḥ ||;
KātySmṛ, 1: 1;733 1;tasmin bhogaḥ prayoktavyaḥ sarvasākṣiṣu tiṣṭhati |;
KātySmṛ, 1: 1;733 2;lekhyārūḍhaś cetaraś ca sākṣī mārgadvayānvitaḥ ||;
KātySmṛ, 1: 1;734 1;kṣetravāstutaḍāgeṣu kūpopavanasetuṣu |;
KātySmṛ, 1: 1;734 2;dvayor vivāde sāmantaḥ pratyayaḥ sarvavastuṣu ||;
KātySmṛ, 1: 1;735 1;sāmantabhāve .sāmantaiḥ kuryāt kṣetrādinirṇayam |;
KātySmṛ, 1: 1;735 2;grāmasīmāsu ca tathā tadvan nagaradeśayoḥ ||;
KātySmṛ, 1: 1;736 1;grāmo grāmasya sāmantaḥ kṣetraṁ kṣetrasya kīrtitam |;
KātySmṛ, 1: 1;736 2;gṛhaṁ gṛhasya nirdiṣṭaṁ samantāt parirabhya hi ||;
KātySmṛ, 1: 1;737 1;teṣām abhāve sāmantamaulavṛddhoddhṛtādayaḥ |;
KātySmṛ, 1: 1;737 2;sthāvare ṣaṭprakāre .pi nātra kāryā vicāraṇā ||;
KātySmṛ, 1: 1;738 1;saṁsaktās tv atha sāmantās tatsaṁsaktās tathottarāḥ |;
KātySmṛ, 1: 1;738 2;saṁsaktasaktasaṁsaktāḥ padmākārāḥ prakīrtitāḥ ||;
KātySmṛ, 1: 1;739 1;svārthasiddhau praduṣṭeṣu sāmanteṣv arthagauravāt |;
KātySmṛ, 1: 1;739 2;tatsaṁsaktais tu kartavya uddhāro nātra saṁśayaḥ ||;
KātySmṛ, 1: 1;740 1;saṁsaktasaktadoṣe tu tatsaṁsaktāḥ prakīrtitāḥ |;
KātySmṛ, 1: 1;740 2;kartavyā na praduṣṭās tu rājñā dharmaṁ vijānatā ||;
KātySmṛ, 1: 1;741 1;nājñānena hi mucyante sāmantā nirṇayaṁ prati |;
KātySmṛ, 1: 1;741 2;ajñānoktau daṇḍayitvā punaḥ sīmāṁ vicārayet |;
KātySmṛ, 1: 1;741 3;kīrtite yadi bhedaḥ syād daṇḍyās tūttamasāhasam ||;
KātySmṛ, 1: 1;742 1;tyaktvā duṣṭāṁs tu sāmantān anyān maulādibhiḥ saha |;
KātySmṛ, 1: 1;742 2;saṁmiśraya kārayet sīmām evaṁ dharmavido viduḥ ||;
KātySmṛ, 1: 1;743 1;ye tatra pūrvaṁ sāmantāḥ paścād deśāntaraṁ gatāḥ |;
KātySmṛ, 1: 1;743 2;tanmūlatvāt tu te maulā ṛṣibhiḥ saṁprakīrtitāḥ ||;
KātySmṛ, 1: 1;744 1;niṣpādyamānaṁ yair dṛṣṭaṁ tat kāryaṁ nṛguṇānvitaiḥ |;
KātySmṛ, 1: 1;744 2;vṛddhā vā yadi vāvṛddhās te vṛddhāḥ parikīrtitāḥ ||;
KātySmṛ, 1: 1;745 1;upaśravaṇasaṁbhogakāryākhyānopacihnitāḥ |;
KātySmṛ, 1: 1;745 2;uddharanti tato yasmād uddhṛtās te tataḥ smṛtaḥ ||;
KātySmṛ, 1: 1;746 1;sāmantāḥ sādhanaṁ pūrvam aniṣṭoktau guṇānvitāḥ |;
KātySmṛ, 1: 1;746 2;dviguṇās tūttarā jñeyā tato .nye triguṇā matāḥ ||;
KātySmṛ, 1: 1;747 1;eko yadvan nayet sīmām ubhayor īpsitaḥ kvacit |;
KātySmṛ, 1: 1;747 2;mastake kṣitim āropya raktavāsāḥ samāhitāḥ ||;
KātySmṛ, 1: 1;748 1;bhayavarjitabhūpena sarvābhāve svayaṁkṛtā ||;
KātySmṛ, 1: 1;749 1;kṣetrakūpataḍāgānāṁ kedārārāmayor api |;
KātySmṛ, 1: 1;749 2;gṛhaprāsādāvasathanṛpadevagṛheṣu ca ||;
KātySmṛ, 1: 1;750 1;bahūnāṁ tu gṛhītānāṁ na sarve nirṇayaṁ yadi |;
KātySmṛ, 1: 1;750 2;kuryur bhayād vā lobhād vā dāpyās tūttamasāhasam ||;
KātySmṛ, 1: 1;751 1;sīmācaṅkramaṇe kośe pādasparśe tathaiva ca |;
KātySmṛ, 1: 1;751 2;tripakṣapakṣasaptāhaṁ daivarājikam iṣyate ||;
KātySmṛ, 1: 1;752 1;mekhalābhramaniṣkāsagavākṣān noparodhayet |;
KātySmṛ, 1: 1;752 2;praṇālīṁ gṛhavāstuṁ ca pīḍayan daṇḍabhāg bhavet ||;
KātySmṛ, 1: 1;753 1;niveśasamayād ūrdhvaṁ naite yojyāḥ kadācana |;
KātySmṛ, 1: 1;753 2;dṛṣṭipātaṁ praṇālīṁ ca na kuryāt paraveśmasu ||;
KātySmṛ, 1: 1;754 1;viṇmūtrodakavapraṁ ca vahniśvabhraniveśanam |;
KātySmṛ, 1: 1;754 2;aratnidvayam utsṛjya parakuḍyān niveśayet ||;
KātySmṛ, 1: 1;755 1;sarve janāḥ sadā yena prayānti sa catuṣpathaḥ |;
KātySmṛ, 1: 1;755 2;aniruddho yathākālaṁ rājamārgaḥ sa ucyate ||;
KātySmṛ, 1: 1;756 1;na tatra ropayet kiṁcin nopahanyāt tu kenacit |;
KātySmṛ, 1: 1;756 2;gurvācāryanṛpādīnāṁ mārgādānāt tu daṇḍabhāk ||;
KātySmṛ, 1: 1;757 1;yas tatra saṁkaraśvabhrān vṛkṣāropaṇam eva ca |;
KātySmṛ, 1: 1;757 2;kāmāt purīṣaṁ kuryāc ca tasya daṇḍas tu māṣakaḥ ||;
KātySmṛ, 1: 1;758 1;taṭākodyānatīrthāni yo .medhyena vināśayet |;
KātySmṛ, 1: 1;758 2;amedhyaṁ śodhayitvā tu daṇḍayet pūrvasāhasam ||;
KātySmṛ, 1: 1;759 1;dūṣayet siddhatīrthāni sthāpitāni mahātmabhiḥ |;
KātySmṛ, 1: 1;759 2;puṇyāni pāvanīyāni prāpnuyāt pūrvasāhasam ||;
KātySmṛ, 1: 1;760 1;sīmāmadhye tu jātānāṁ vṛkṣāṇāṁ kṣetrayor dvayoḥ |;
KātySmṛ, 1: 1;760 2;phalaṁ puṣpaṁ ca sāmānyaṁ kṣetrasvāmiṣu nirdiśet ||;
KātySmṛ, 1: 1;761 1;anyakṣetre tu jātānāṁ śākhā yatrānyasaṁśritāḥ |;
KātySmṛ, 1: 1;761 2;svāminaṁ taṁ vijānīyād yasya kṣetreṣu saṁśritāḥ ||;
KātySmṛ, 1: 1;762 1;asvāmyanumatenaiva saṁskāraṁ kurute tu yaḥ |;
KātySmṛ, 1: 1;762 2;gṛhodyānataṭākānāṁ saṁskartā labhate na tu ||;
KātySmṛ, 1: 1;763 1;vyayaṁ svāmini cāyāte na nivedya nṛpe yadi |;
KātySmṛ, 1: 1;763 2;athāvedya prayuktas tu tadgataṁ labhate vyayam ||;
KātySmṛ, 1: 1;764 1;aśaktito na dadyāc cet khilārtho yat kṛto vyayaḥ |;
KātySmṛ, 1: 1;764 2;tadaṣṭabhāgahīnaṁ tu karṣakaḥ phalam āpnuyāt |;
KātySmṛ, 1: 1;764 3;varṣāṇy aṣṭau sa bhoktā syāt parataḥ svāmine tu tat ||;
KātySmṛ, 1: 1;765 1;aśaktapretanaṣṭeṣu kṣetrikeṣv anivāritaḥ |;
KātySmṛ, 1: 1;765 2;kṣetraṁ ced vikṛṣet kaścid aśnuvīta sa tatphalam ||;Nāradasmṛti NāSmṛ, 2, 11: 14 20;aśaktapretanaṣṭeṣu kṣetrikeṣv anivāritaḥ |kṣetraṁ ced vikṛṣet kaścid aśnuvīta sa tatphalam ||;GOOD;;
KātySmṛ, 1: 1;766 1;vikṛṣyamāṇe kṣetre ca kṣetrikaḥ punar āvrajet |;
KātySmṛ, 1: 1;766 2;śīlopacāraṁ tat sarvaṁ dattvā kṣetramavāpnuyāt ||;
KātySmṛ, 1: 1;767 1;tadaṣṭabhāgāpacayād yāvat sapta gatāḥ samāḥ |;
KātySmṛ, 1: 1;767 2;samāpte .ṣṭame varṣe bhuktakṣetraṁ labheta saḥ ||;Nāradasmṛti NāSmṛ, 2, 11: 14 22;tadaṣṭabhāgāpacayād yāvat sapta gatāḥ samāḥ |samprāpte tv aṣṭame varṣe bhuktaṁ kṣetraṁ labheta saḥ ||;!;;
KātySmṛ, 1: 1;768 1;huṅkāraḥ kāsanaṁ caiva loke yac ca vigarhitam |;
KātySmṛ, 1: 1;768 2;anukuryād anubrūyād vākpāruṣyaṁ tad ucyate ||;
KātySmṛ, 1: 1;769 1;niṣṭhurāślīlatīvratvāt tad api trividhaṁ smṛtam |;
KātySmṛ, 1: 1;769 2;ākṣepo niṣṭhuraṁ jñeyam aślīlaṁ nyaṅgasaṁjñitam |;
KātySmṛ, 1: 1;769 3;patanīyair upākrośais tīvram āhur manīṣiṇaḥ ||;
KātySmṛ, 1: 1;770 1;yat tv asatsaṁjñitair aṅgaiḥ paramākṣipati kvacit |;
KātySmṛ, 1: 1;770 2;abhūtair vātha bhūtair vā niṣṭhurā vāksmṛtā budhaiḥ ||;
KātySmṛ, 1: 1;771 1;nyagbhāvakaraṇaṁ vācā krodhāt tu kurute yadā |;
KātySmṛ, 1: 1;771 2;vṛttadeśakulādīnām aślīlā sā budhaiḥ smṛtā ||;
KātySmṛ, 1: 1;772 1;mahāpātakayoktrī ca rāgadveṣakarī ca yā |;
KātySmṛ, 1: 1;772 2;jātibhraṁśakārī vātha tīvrā sā prathitā tu vāk ||;
KātySmṛ, 1: 1;773 1;yo .guṇān kīrtayet krodhān niguṇo vā guṇajñatām |;
KātySmṛ, 1: 1;773 2;anyasaṁjñānuyogī vā vāgduṣṭaṁ taṁ naraṁ viduḥ ||;
KātySmṛ, 1: 1;774 1;aduṣṭasyaiva yo doṣān kīrtayed doṣakāraṇāt |;
KātySmṛ, 1: 1;774 2;anyāpadeśavādī ca vāgduṣṭaṁ taṁ naraṁ viduḥ ||;
KātySmṛ, 1: 1;775 1;mohāt pramādāt saṁgharṣāt prītyā coktaṁ mayeti yat |;
KātySmṛ, 1: 1;775 2;nāham evaṁ punar vakṣye daṇḍārdhaṁ tasya kalpayet ||;
KātySmṛ, 1: 1;776 1;yatra syāt parihārārthaṁ patitas tena kīrtanam |;
KātySmṛ, 1: 1;776 2;vacanāt tatra na syāt tu doṣo yatra vibhāvayet ||;
KātySmṛ, 1: 1;777 1;anyathā tulyadoṣaḥ syān mithyoktau tūttamaḥ smṛtaḥ |;
KātySmṛ, 1: 1;777 2;mahatā praṇidhānena vāgduṣṭaṁ sādhayen naram ||;
KātySmṛ, 1: 1;778 1;atathyaṁ śrāvitaṁ rājā prayatnena vicārayet |;
KātySmṛ, 1: 1;778 2;anṛtākhyānaśīlānāṁ jihvāchedo viśodhanam ||;
KātySmṛ, 1: 1;779 1;hetvādibhir na paśyec ced daṇḍapāruṣyakāraṇam |;
KātySmṛ, 1: 1;779 2;tatra sākṣikṛtaṁ caiva divyaṁ vā viniyojayet ||;
KātySmṛ, 1: 1;780 1;ābhīṣaṇena daṇḍena prahared yas tu mānavaḥ |;
KātySmṛ, 1: 1;780 2;pūrvaṁ cāpīḍito vātha sa daṇḍyaḥ parikīrtitaḥ ||;
KātySmṛ, 1: 1;781 1;karṇauṣṭhaghrāṇapādākṣijihvāśiśnakarasya ca |;
KātySmṛ, 1: 1;781 2;chedane cottamo daṇḍo bhedane madhyamo bhṛguḥ ||;
KātySmṛ, 1: 1;782 1;manuṣyāṇāṁ paśūnāṁ ca duḥkhāya prahate sati |;
KātySmṛ, 1: 1;782 2;yathā yathā bhaved duḥkhaṁ daṇḍaṁ kuryāt tathā tathā ||;
KātySmṛ, 1: 1;783 1;aspṛśyadhūrtadāsānāṁ mlecchānāṁ pāpakāriṇām |;
KātySmṛ, 1: 1;783 2;pratilomaprasūtānāṁ tāḍanaṁ nārthato damaḥ ||;

KātySmṛ, 1: 1;785 1;udgūraṇe tu hastasya kāryo dvādaśako damaḥ |;
KātySmṛ, 1: 1;785 2;sa eva dviguṇaḥ proktaḥ pātaneṣu svajātiṣu ||;
KātySmṛ, 1: 1;786 1;vākpāruṣye yathaivoktāḥ prātilomyānulomataḥ |;
KātySmṛ, 1: 1;786 2;tathaiva daṇḍapāruṣye pātyā daṇḍā yathākramam ||;
KātySmṛ, 1: 1;787 1;dehendriyavināśe tu yathā daṇḍaṁ prakalpayet |;
KātySmṛ, 1: 1;787 2;tathā tuṣṭikaraṁ deyaṁ samutthānaṁ ca paṇḍitaiḥ |;
KātySmṛ, 1: 1;787 3;samutthānavyayaṁ cāsau dadyād ā vraṇaropaṇāt ||;

KātySmṛ, 1: 1;789 1;śrāntāṁs tṛṣārtān kṣudhitān akāle vāhayen naraḥ |;
KātySmṛ, 1: 1;789 2;kharagomahiṣoṣṭrādīn prāpnuyāt pūrvasāhasam ||;
KātySmṛ, 1: 1;790 1;dvipaṇo dvādaśapaṇo vadhe tu mṛgapakṣiṇām |;
KātySmṛ, 1: 1;790 2;sarpamārjāranakulaśvasūkaravadhe nṛṇām ||;
KātySmṛ, 1: 1;791 1;gokumārīdevapaśumukṣāṇaṁ vṛṣabhaṁ tathā |;
KātySmṛ, 1: 1;791 2;vāhayan sāhasaṁ pūrvaṁ prāpnuyād uttamaṁ vadhaḥ ||;
KātySmṛ, 1: 1;792 1;pramāpaṇe prāṇabhṛtāṁ dadyāt tatpratirūpakam |;
KātySmṛ, 1: 1;792 2;tasyānurūpaṁ mūlyaṁ vā dadyād ity abravīn manuḥ ||;Parāśaradharmasaṁhitā ParDhSmṛti, 9: 9 26;pramāpaṇe prāṇabhṛtāṁ dadyāt tat pratirūpakam |tasyānurūpaṁ mūlyaṁ vā dadyād ity abravīn manuḥ ||;!;;
KātySmṛ, 1: 1;793 1;vanaspatīnāṁ sarveṣām upabhogo yathā yathā |;
KātySmṛ, 1: 1;793 2;tathā tathā damaḥ kāryo hiṁsāyām iti dhāraṇā ||;Manusmṛti ManuS, 8: 8 285;vanaspatīnāṁ sarveṣām upabhogo yathā yathā |tathā tathā damaḥ kāryo hiṁsāyām iti dhāraṇā ||;GOOD;;
KātySmṛ, 1: 1;794 1;śiṣyaṁ krodhena hanyāc ced ācāryo latayā vinā |;
KātySmṛ, 1: 1;794 2;yenātyarthaṁ bhavet pīḍā vādaḥ syācchiṣyataḥ pituḥ ||;
KātySmṛ, 1: 1;795 1;sahasā yat kṛtaṁ karma tat sāhasam udāhṛtam ||;
KātySmṛ, 1: 1;796 1;sānvayas tv apahāro yaḥ prasahya haraṇaṁ ca yat |;
KātySmṛ, 1: 1;796 2;sāhasaṁ ca bhaved evaṁ steyam uktaṁ vinihnavaḥ ||;
KātySmṛ, 1: 1;797 1;vinā cihnais tu yat kāryaṁ sāhasākhyaṁ pravartate |;
KātySmṛ, 1: 1;797 2;śapathaiḥ sa viśodhyaḥ syāt sarvavādeṣv ayaṁ vidhiḥ ||;
KātySmṛ, 1: 1;798 1;ekaṁ ced bahavo hanyuḥ saṁrabdhāḥ puruṣaṁ narāḥ |;
KātySmṛ, 1: 1;798 2;marmaghātas tu yas teṣāṁ sa ghātaka iti smṛtaḥ ||;
KātySmṛ, 1: 1;799 1;vyāpādanena tatkārī vadhaṁ citram avāpnuyāt |;
KātySmṛ, 1: 1;799 2;vināśahetum āyāntaṁ hanyād evāvicārayan ||;
KātySmṛ, 1: 1;800 1;udyatānāṁ tu pāpānāṁ hantur doṣo na vidyate |;
KātySmṛ, 1: 1;800 2;nivṛttās tu yadārambhād grahaṇaṁ na vadhaḥ smṛtaḥ ||;
KātySmṛ, 1: 1;801 1;ātatāyini cotkṛṣṭe tapaḥsvādhyāyajanmataḥ |;
KātySmṛ, 1: 1;801 2;vadhas tatra tu naiva syāt pāpe hīne vadho bhṛguḥ ||;
KātySmṛ, 1: 1;802 1;udyatāsiviṣāgniś ca cāpodyatakaras tathā |;
KātySmṛ, 1: 1;802 2;ātharvaṇena hantā ca piśunaś caiva rājani ||;Viṣṇusmṛti ViSmṛ, 5: 5 191;udyatāsiviṣāgniṁ ca śāpodyatakaraṁ tathā |ātharvaṇena hantāraṁ piśunaṁ caiva rājasu ||;!;;
KātySmṛ, 1: 1;803 1;bhāryātikramakārī ca randhrānveṣaṇatatparaḥ |;
KātySmṛ, 1: 1;803 2;evamādyān vijānīyāt sarvān evātatāyinaḥ ||;
KātySmṛ, 1: 1;804 1;yaśovṛttaharān pāpān āhur dharmārthahārakān |;
KātySmṛ, 1: 1;804 2;anākṣāritapūrvo yas tv aparādhe pravartate |;
KātySmṛ, 1: 1;804 3;prāṇadravyāpahāre ca taṁ vidyād ātatāyinam ||;
KātySmṛ, 1: 1;805 1;nakhināṁ śṛṅgiṇāṁ caiva daṁṣṭriṇāṁ cātatāyinām |;
KātySmṛ, 1: 1;805 2;hastyaśvānāṁ tathānyeṣāṁ vadhe hantā na doṣabhāk ||;Viṣṇusmṛti ViSmṛ, 5: 5 188;nakhināṁ śṛṅgiṇāṁ caiva daṁṣṭriṇām ātatāyinām |hastyaśvānāṁ tathānyeṣāṁ vadhe hantā na doṣabhāk ||;GOOD;;
KātySmṛ, 1: 1;806 1;garbhasya pātane steno brāhmaṇyāṁ śastrapātena |;
KātySmṛ, 1: 1;806 2;aduṣṭāṁ yoṣitaṁ hatvā hantavyo brāhmaṇo .pi hi ||;
KātySmṛ, 1: 1;807 1;kṣataṁ bhaṅgopamardau ca kuryād dravyeṣu yo naraḥ |;
KātySmṛ, 1: 1;807 2;prāpnuyāt sāhasaṁ pūrvaṁ dravyabhāksvāmyudāhṛtaḥ ||;
KātySmṛ, 1: 1;808 1;hared bhindyād dahed vāpi devānāṁ pratimāṁ yadi |;
KātySmṛ, 1: 1;808 2;tadgṛhaṁ caiva yo bhindyāt prāpnuyāt pūrvasāhasam ||;
KātySmṛ, 1: 1;809 1;prākāraṁ bhedayed yas tu pātayec chātayet tathā |;
KātySmṛ, 1: 1;809 2;badhnīyād ambhaso mārgaṁ prāpnuyāt pūrvasāhasam ||;
KātySmṛ, 1: 1;810 1;pracchannaṁ vā prakāśaṁ vā niśāyām athavā divā |;
KātySmṛ, 1: 1;810 2;yat paradravyaharaṇaṁ steyaṁ tat parikīrtitam ||;
KātySmṛ, 1: 1;811 1;anyahastāt paribhraṣṭam akāmād uddhṛtaṁ bhuvi |;
KātySmṛ, 1: 1;811 2;caureṇa vā parikṣiptaṁ loptraṁ yatnāt parīkṣayet ||;
KātySmṛ, 1: 1;812 1;tulāmānapratimānapratirūpakalakṣitaiḥ |;
KātySmṛ, 1: 1;812 2;carann alakṣitair vāpi prāpnuyāt pūrvasāhasam ||;
KātySmṛ, 1: 1;813 1;gṛhe tu muṣitaṁ rājā cauragrāhāṁs tu dāpayet |;
KātySmṛ, 1: 1;813 2;ārakṣakāṁś ca dikpālān yadi cauro na labhyate ||;Nāradasmṛti NāSmṛ, 2, 18: 21 25;gṛhe vai muṣite rājā cauragrāhāṁs tu dāpayet |ārakṣakān rāṣṭrikāṁś ca yadi cauro na labhyate ||;!;;
KātySmṛ, 1: 1;814 1;grāmāntare hṛtaṁ dravyaṁ grāmādhyakṣaṁ pradāpayet |;
KātySmṛ, 1: 1;814 2;vivīte svāminā deyaṁ cauroddhartā vivītake ||;
KātySmṛ, 1: 1;815 1;svadeśe yasya yat kiṁciddhṛtaṁ deyaṁ nṛpeṇa tu |;
KātySmṛ, 1: 1;815 2;gṛhṇīyāt tat svayaṁ naṣṭaṁ prāptam anviṣya pārthivaḥ ||;
KātySmṛ, 1: 1;816 1;caurair hṛtaṁ prayatnena svarūpaṁ pratipādayet |;
KātySmṛ, 1: 1;816 2;tadabhāve tu mūlyaṁ syād anyathā kilbiṣī nṛpaḥ ||;
KātySmṛ, 1: 1;817 1;labdhe .pi caure yadi tu moṣas tasmān na labhyate |;
KātySmṛ, 1: 1;817 2;dadyāt tam athavā cauraṁ dāpayet tu yatheṣṭataḥ ||;
KātySmṛ, 1: 1;818 1;tasmiṁś ced dāpyamānānāṁ bhaved doṣe tu saṁśayaḥ |;
KātySmṛ, 1: 1;818 2;muṣitaḥ śapathaṁ dāpyo bandhubhir vā viśodhayet ||;
KātySmṛ, 1: 1;819 1;yasmād apahṛtāl labdhaṁ dravyāt svalpaṁ tu svāminā |;
KātySmṛ, 1: 1;819 2;taccheṣam āpnuyāt tasmāt pratyaye svāminā kṛte ||;
KātySmṛ, 1: 1;820 1;svadeśaghātino ye syus tathā mārganirodhakāḥ |;
KātySmṛ, 1: 1;820 2;teṣāṁ sarvasvam ādāya rājā śūle niveśayet ||;
KātySmṛ, 1: 1;821 1;acorād dāpitaṁ dravyaṁ caurānveṣaṇatatparaiḥ |;
KātySmṛ, 1: 1;821 2;upalabdhe labheraṁs te dviguṇaṁ tatra dāpayet ||;
KātySmṛ, 1: 1;822 1;yena yena paradrohaṁ karoty aṅgena taskaraḥ |;
KātySmṛ, 1: 1;822 2;chindyād aṅgaṁ nṛpas tasya na karoti yathā punaḥ ||;
KātySmṛ, 1: 1;823 1;trapuṣe vāruke dve tu pañcāmraṁ pañcadāḍimam |;
KātySmṛ, 1: 1;823 2;kharjūrabadarādīnāṁ muṣṭiṁ gṛhṇan na duṣyati ||;
KātySmṛ, 1: 1;824 1;mānavāḥ sadya evāhuḥ sahoḍhānāṁ pravāsanam |;
KātySmṛ, 1: 1;824 2;gautamānām aniṣṭaṁ yat prāṇyucchedād vigarhitam ||;
KātySmṛ, 1: 1;825 1;sahoḍham asahoḍhaṁ vā tattvāgamitasāhasam |;
KātySmṛ, 1: 1;825 2;pragṛhyācchinnam āvedya sarvasvair viprayojayet ||;
KātySmṛ, 1: 1;826 1;ayaḥsaṁdānaguptās tu mandabhaktā balānvitāḥ |;
KātySmṛ, 1: 1;826 2;kuryuḥ karmāṇi nṛpater ā mṛtyor iti kauśikaḥ ||;
KātySmṛ, 1: 1;827 1;paradeśāddhṛtaṁ dravyaṁ vaideśyena yadā bhavet |;
KātySmṛ, 1: 1;827 2;gṛhītvā tasya taddravyam adaṇḍaṁ taṁ visarjayet ||;
KātySmṛ, 1: 1;828 1;corāṇāṁ bhaktadā ye syus tathāgnyudakadāyakāḥ |;
KātySmṛ, 1: 1;828 2;kretāraś caiva bhāṇḍānāṁ pratigrāhiṇa eva ca |;
KātySmṛ, 1: 1;828 3;samadaṇḍāḥ smṛtā hy ete ye ca pracchādayanti tān ||;
KātySmṛ, 1: 1;829 1;avidvān yājako vā syāt pravaktā cānavasthitaḥ |;
KātySmṛ, 1: 1;829 2;tau ubhau coradaṇḍena vinīya sthāpayet pathi ||;
KātySmṛ, 1: 1;830 1;dūtopacārayuktaś ced avelāsthānasaṁsthitiḥ |;
KātySmṛ, 1: 1;830 2;kaṇṭhakeśāṇcalagrāhaḥ karṇanāsākarādiṣu |;
KātySmṛ, 1: 1;830 3;ekasthānāsanāhārāḥ saṁgraho navadhā smṛtaḥ ||;
KātySmṛ, 1: 1;831 1;strīṣu vṛttopabhogaḥ syāt prasahya puruṣo yadā |;
KātySmṛ, 1: 1;831 2;vadhe tatra pravarteta kāryātikramaṇaṁ hi tat ||;
KātySmṛ, 1: 1;832 1;kāmārtā svairiṇī yā tu svayam eva prakāmayet |;
KātySmṛ, 1: 1;832 2;rājādeśena moktavyā vikhyāpya janasaṁnidhau ||;
KātySmṛ, 1: 1;833 1;ārambhakṛtsahāyaś ca tathā mārgānudeśakaḥ |;
KātySmṛ, 1: 1;833 2;āśrayaḥ śastradātā ca bhaktadātā vikarmiṇām ||;
KātySmṛ, 1: 1;834 1;yuddhopadeśakaś caiva tadvināśapradarśakaḥ |;
KātySmṛ, 1: 1;834 2;upekṣākāryayuktaś ca doṣavaktranumokakaḥ ||;
KātySmṛ, 1: 1;835 1;aniṣeddhākṣamo yaḥ syāt sarve tatkāryakāriṇaḥ |;
KātySmṛ, 1: 1;835 2;yathāśaktyanurūpaṁ tu daṇḍam eṣāṁ prakalpayet ||;
KātySmṛ, 1: 1;836 1;patyā cāpy aviyoginyā śuśrūṣyo .gnir vinītayā |;
KātySmṛ, 1: 1;836 2;saubhāgyavadavaidhavyakāmyayā bhartṛbhaktayā ||;
KātySmṛ, 1: 1;837 1;matiśuśrūṣayaiva strī sarvān kāmān samaśnute |;
KātySmṛ, 1: 1;837 2;divaḥ punar ihāyātā sukhānāṁ śevadhir bhavet ||;
KātySmṛ, 1: 1;838 1;mṛte bhartari yā sādhvī brahmacarye vyavasthitā |;
KātySmṛ, 1: 1;838 2;sārundhatīsamācārā brahmaloke mahīyate ||;
KātySmṛ, 1: 1;839 1;sakalaṁ dravyajātaṁ yad bhāgair gṛhṇanti tat samaiḥ |;
KātySmṛ, 1: 1;839 2;pitaro bhrātaraś caiva vibhāgo dharmya ucyate ||;
KātySmṛ, 1: 1;840 1;paitāmahaṁ samānaṁ syāt pituḥ putrasya cobhayoḥ |;
KātySmṛ, 1: 1;840 2;svayaṁ copārjite pitrā na putraḥ svāmyam arhati ||;
KātySmṛ, 1: 1;841 1;paitāmahaṁ ca pitryaṁ ca yac cānyat svayam arjitam |;
KātySmṛ, 1: 1;841 2;dāyādānāṁ vibhāge tu sarvam etad vibhajyate ||;
KātySmṛ, 1: 1;842 1;dṛśyamānaṁ vibhajyeta gṛhaṁ kṣetraṁ catuṣpadam |;
KātySmṛ, 1: 1;842 2;gūḍhadravyābhiśaṅkāyāṁ pratyayas tatra kīrtitaḥ ||;
KātySmṛ, 1: 1;843 1;gṛhopaskaravāhyāś ca dohyābharaṇakarmiṇaḥ |;
KātySmṛ, 1: 1;843 2;dṛśyamānā vibhajyante kośaṁ gūḍhe .bravīd bhṛguḥ ||;
KātySmṛ, 1: 1;844 1;jīvadvibhāge tu pitā naikaṁ putraṁ viśeṣayet |;
KātySmṛ, 1: 1;844 2;nirbhājayen na caivaikam akasmāt kāraṇaṁ vinā ||;
KātySmṛ, 1: 1;845 1;samprāptavyavahārāṇāṁ vibhāgaś ca vidhīyate |;
KātySmṛ, 1: 1;845 2;puṁsāṁ ca ṣoḍaśe varṣe jāyate vyavahāritā ||;
KātySmṛ, 1: 1;846 1;aprāptavyavahārāṇāṁ ca dhanaṁ vyayavivarjitam |;
KātySmṛ, 1: 1;846 2;nyaseyur bandhumitreṣu proṣitānāṁ tathaiva ca ||;
KātySmṛ, 1: 1;847 1;proṣitasya tu yo bhāgo rakṣeyuḥ sarva eva tam |;
KātySmṛ, 1: 1;847 2;bālaputre mṛte rikthaṁ rakṣyaṁ tat tantubandhubhiḥ |;
KātySmṛ, 1: 1;847 3;paugaṇḍāḥ paratas taṁ tu vibhajeran yathāṁśataḥ ||;
KātySmṛ, 1: 1;848 1;bhrātrā pitṛvyamātṛbhyāṁ kuṭumbārtham ṛṇaṁ kṛtam |;
KātySmṛ, 1: 1;848 2;vibhāgakāle deyaṁ tadrikthibhiḥ sarvam eva tu ||;
KātySmṛ, 1: 1;849 1;tad ṛṇaṁ dhanine deyaṁ nānyathaiva pradāpayet |;
KātySmṛ, 1: 1;849 2;bhāvitaṁ cet pramāṇena virodhāt parato yadā ||;
KātySmṛ, 1: 1;850 1;dharmārthaṁ prītidattaṁ ca yad ṛṇaṁ syān niyojitam |;
KātySmṛ, 1: 1;850 2;tad dṛśyamānaṁ vibhajen na dānaṁ paitṛkād dhanāt ||;
KātySmṛ, 1: 1;851 1;pitryaṁ pitryarṇasaṁśuddham ātmīyaṁ cātmanā kṛtam |;
KātySmṛ, 1: 1;851 2;ṛṇam evaṁvidhaṁ śodhyaṁ vibhāge bandhubhiḥ saha ||;
KātySmṛ, 1: 1;852 1;ṛṇaṁ prītipradānaṁ ca dattvā śeṣaṁ vibhājayet ||;
KātySmṛ, 1: 1;853 1;dvyaṁśaharo .rdhaharo vā putravittārjanāt pitā |;
KātySmṛ, 1: 1;853 2;mātāpi pitari prete putratulyāṁśabhāginī ||;
KātySmṛ, 1: 1;854 1;yathā yathā vibhāgāptaṁ dhanaṁ yāgārthatām iyāt |;
KātySmṛ, 1: 1;854 2;tathā tathā vidhātavyaṁ vidvadbhir bhāgagauravam ||;
KātySmṛ, 1: 1;855 1;loke rikthavibhāge .pi na kaścit prabhutām iyāt |;
KātySmṛ, 1: 1;855 2;bhoga eva tu kartavyo na dānaṁ na ca vikrayaḥ ||;
KātySmṛ, 1: 1;856 1;vibhaktā avibhaktā vā dāyādāḥ sthāvare samāḥ |;
KātySmṛ, 1: 1;856 2;eko hy anīśaḥ sarvatra dānādhamanavikraye ||;
KātySmṛ, 1: 1;857 1;avibhakte .nuje prete tatsutaṁ rikthabhāginam |;
KātySmṛ, 1: 1;857 2;kurvīta jīvanaṁ yena labdhaṁ naiva pitāmahāt ||;
KātySmṛ, 1: 1;858 1;labhetāṁśaṁ sa pitryaṁ tu pitṛvyāt tasya vā sutāt |;
KātySmṛ, 1: 1;858 2;sa evāṁśas tu sarveṣāṁ bhrātṝṇāṁ nyāyato bhavet |;
KātySmṛ, 1: 1;858 3;labheta tat suto vāpi nivṛttiḥ parato bhavet ||;
KātySmṛ, 1: 1;859 1;utpanne caurase putre caturthāṁśaharāḥ sutāḥ |;
KātySmṛ, 1: 1;859 2;savarṇā asavarṇās tu grāsācchādanabhājanāḥ ||;
KātySmṛ, 1: 1;860 1;kanyakānāṁ tv adattānāṁ caturtho bhāga iṣyate |;
KātySmṛ, 1: 1;860 2;putrāṇāṁ tu trayo bhāgāḥ sāmyaṁ tv alpadhane smṛtam ||;
KātySmṛ, 1: 1;861 1;kṣetrikasya matenāpi phalam utpādayet tu yaḥ |;
KātySmṛ, 1: 1;861 2;tasyeha bhāginau tau tu na phalaṁ hi vinaikataḥ ||;
KātySmṛ, 1: 1;862 1;klībaṁ vihāya patitaṁ yā punar labhate patim |;
KātySmṛ, 1: 1;862 2;tasyāṁ paunarbhavo jāto vyaktam utpādakasya saḥ ||;
KātySmṛ, 1: 1;863 1;na mūtraṁ phenilaṁ yasya viṣṭhā cāpsu nimajjati |;
KātySmṛ, 1: 1;863 2;meḍhraś conmādaśukrābhyāṁ hīnaḥ klībaḥ sa ucyate ||;
KātySmṛ, 1: 1;864 1;akramoḍhāsutaś caiva sagotrādyas tu jāyate |;
KātySmṛ, 1: 1;864 2;pravrajyāvasitaś caiva na rikthaṁ teṣu cārhati ||;
KātySmṛ, 1: 1;865 1;akramoḍhāsutas tv ṛkthī savarṇaś ca yadā pituḥ |;
KātySmṛ, 1: 1;865 2;asavarṇaprasūtaś ca kramoḍhāyāṁ ca yo bhavet ||;
KātySmṛ, 1: 1;866 1;pratilomaprasūtā yā tasyāḥ putro na rikthabhāk |;
KātySmṛ, 1: 1;866 2;grāsācchādanam atyantaṁ deyaṁ tadbandhubhir matam ||;
KātySmṛ, 1: 1;867 1;bandhūnām apy abhāve tu pitṛdravyaṁ tad āpnuyāt |;
KātySmṛ, 1: 1;867 2;apitryaṁ draviṇaṁ prāptaṁ dāpanīyā na bāndhavāḥ ||;
KātySmṛ, 1: 1;868 1;svaśaktyapahṛtaṁ naṣṭaṁ svayam āptaṁ ca yad bhavet |;
KātySmṛ, 1: 1;868 2;etat sarvaṁ pitā putrair vibhāge naiva dāpyate ||;
KātySmṛ, 1: 1;869 1;parabhaktopayogena vidyā prāptān yatas tu yā |;
KātySmṛ, 1: 1;869 2;tayā prāptaṁ dhanaṁ yat tu vidyāprāptaṁ tad ucyate ||;
KātySmṛ, 1: 1;870 1;upanyaste tu yal labdhaṁ vidyayā paṇapūrvakam |;
KātySmṛ, 1: 1;870 2;vidyādhanaṁ tu tad vidyād vibhāge na vibhajyate ||;
KātySmṛ, 1: 1;871 1;śiṣyād ārtvijyataḥ praśnāt saṁdigdhapraśnanirṇayāt |;
KātySmṛ, 1: 1;871 2;svajñānaśaṁsanād vādāl labdhaṁ prādhyayanāc ca yat |;
KātySmṛ, 1: 1;871 3;vidyādhanaṁ tu tat prāhur vibhāge na vibhajyate ||;
KātySmṛ, 1: 1;872 1;śilpiṣv api hi dharmo .yaṁ mūlyād yac cādhikaṁ bhavet ||;
KātySmṛ, 1: 1;873 1;paraṁ nirasya yal labdhaṁ vidyāto dyūtapūrvakam |;
KātySmṛ, 1: 1;873 2;vidyādhanaṁ tu tad vidyān na vibhājyaṁ bṛhaspatiḥ ||;
KātySmṛ, 1: 1;874 1;vidyāpratijñayā labdhaṁ śiṣyād āptaṁ ca yad bhavet |;
KātySmṛ, 1: 1;874 2;ṛtviṅnyāyena yal labdham etad vidyādhanaṁ bhṛguḥ ||;
KātySmṛ, 1: 1;875 1;vidyābalakṛtaṁ caiva yājyataḥ śiṣyatas tathā |;
KātySmṛ, 1: 1;875 2;etad vidyādhanaṁ prāhuḥ sāmānyaṁ yad ato .nyathā ||;
KātySmṛ, 1: 1;876 1;kule vinītavidyānāṁ bhrātṝṇāṁ pitṛto .pi vā |;
KātySmṛ, 1: 1;876 2;śauryaprāptaṁ tu yad vittaṁ vibhājyaṁ tad bṛhaspatiḥ ||;
KātySmṛ, 1: 1;877 1;nāvidyānāṁ tu vaidyena deyaṁ vidyādhanāt kvacit |;
KātySmṛ, 1: 1;877 2;samavidyādhikānāṁ tu deyaṁ vaidyena tad dhanam ||;
KātySmṛ, 1: 1;878 1;āruhya saṁśayaṁ yatra prasabhaṁ karma kurvate |;
KātySmṛ, 1: 1;878 2;tasmin karmaṇi tuṣṭena prasādaḥ svāminā kṛtaḥ |;
KātySmṛ, 1: 1;878 3;tatra labdhaṁ tu yat kiṁcit dhanaṁ śauryeṇa tad bhavet ||;
KātySmṛ, 1: 1;879 1;śauryaprāptaṁ vidyayā ca strīdhanaṁ caiva yat smṛtam |;
KātySmṛ, 1: 1;879 2;etat sarvaṁ vibhāge tu vibhājyaṁ naiva rikthibhiḥ ||;
KātySmṛ, 1: 1;880 1;dhvajāhṛtaṁ bhaved yat tu vibhājyaṁ naiva tat smṛtam |;
KātySmṛ, 1: 1;880 2;saṁgrāmād āhṛtaṁ yat tu vidrāvya dviṣatāṁ balam |;
KātySmṛ, 1: 1;880 3;svāmyarthe jīvitaṁ tyaktvā tad dhvajāhṛtam ucyate ||;


KātySmṛ, 1: 1;883 1;vivāhakāle yat kiṁcid varāyoddiśya dīyate |;
KātySmṛ, 1: 1;883 2;kanyāyās tad dhanaṁ sarvam avibhājyaṁ ca bandhubhiḥ ||;
KātySmṛ, 1: 1;884 1;dhanaṁ patraniviṣṭaṁ tu dharmārthaṁ ca nirūpitam |;
KātySmṛ, 1: 1;884 2;udakaṁ caiva dāsaś ca nibandho yaḥ kramāgataḥ ||;
KātySmṛ, 1: 1;885 1;dhṛtaṁ vastram alaṁkāro nānurūpaṁ tu yad bhavet |;
KātySmṛ, 1: 1;885 2;yathā kālopayogyāni tathā yojyāni bandhubhiḥ ||;
KātySmṛ, 1: 1;886 1;gopracāraś ca rakṣā ca vastraṁ yac cāṅgayojitam |;
KātySmṛ, 1: 1;886 2;prayojyaṁ na vibhajyeta dharmārthaṁ ca bṛhaspatiḥ ||;
KātySmṛ, 1: 1;887 1;deśasya jāteḥ saṅghasya dharmo grāmasya yo bhṛguḥ |;
KātySmṛ, 1: 1;887 2;uditaḥ syāt sa tenaiva dāyabhāgaṁ prakalpayet ||;
KātySmṛ, 1: 1;888 1;pracchāditaṁ yadi dhanaṁ punar āsādya tat samam |;
KātySmṛ, 1: 1;888 2;bhajeran bhrātṛbhiḥ sārdham abhāve hi pituḥ sutāḥ ||;
KātySmṛ, 1: 1;889 1;anyonyāpahṛtaṁ dravyaṁ durvibhaktaṁ ca yad bhavet |;
KātySmṛ, 1: 1;889 2;paścāt prāptaṁ vibhajyeta samabhāgena tad bhṛguḥ ||;
KātySmṛ, 1: 1;890 1;vibhaktenaiva yat prāptaṁ dhanaṁ tasyaiva tad bhavet |;
KātySmṛ, 1: 1;890 2;hṛtaṁ naṣṭaṁ ca yal labdhaṁ prāg uktaṁ ca punar bhajet ||;
KātySmṛ, 1: 1;891 1;bandhunāpahṛtaṁ dravyaṁ balān naiva pradāpayet |;
KātySmṛ, 1: 1;891 2;bandhūnām avibhaktānāṁ bhogaṁ naiva pradāpayet ||;
KātySmṛ, 1: 1;892 1;kṣetraṁ sādhāraṇaṁ tyaktvā yo .nyadeśaṁ samāśritaḥ |;
KātySmṛ, 1: 1;892 2;tadvaṁśyasyāgatasyāṁśaḥ pradātavyo na saṁśayaḥ ||;
KātySmṛ, 1: 1;893 1;tṛtīyaḥ pañcamo vāpi saptamaś cāpi yo bhavet |;
KātySmṛ, 1: 1;893 2;janmanām aparijñāne labhetāṁśaṁ kramāgatam ||;
KātySmṛ, 1: 1;894 1;yaṁ paraṁparayā maulāḥ sāmantāḥ svāminaṁ viduḥ |;
KātySmṛ, 1: 1;894 2;tadanvayasyāgatasya dātavyā gotajair mahī ||;
KātySmṛ, 1: 1;895 1;vibhaktāḥ pitṛvittāc ced akatra prativāsinaḥ |;
KātySmṛ, 1: 1;895 2;vibhajeyuḥ punar dvyaṁśaṁ sa labhetodayo yataḥ ||;
KātySmṛ, 1: 1;896 1;vaseyur daśa varṣāṇi pṛthagdharmāḥ pṛthakkriyāḥ |;
KātySmṛ, 1: 1;896 2;bhrātaras te .pi vijñeyā vibhaktāḥ paitṛkād dhanāt ||;
KātySmṛ, 1: 1;897 1;adhyagnyadhyāvāhanikaṁ dattaṁ ca prītitaḥ striyaiḥ |;
KātySmṛ, 1: 1;897 2;bhrātṛmātṛpitṛprāptaṁ ṣaḍvidhaṁ strīdhanaṁ smṛtam ||;Manusmṛti ManuS, 9: 9 190;adhyagnyadhyāvāhanikaṁ dattaṁ ca prītikarmaṇi |bhrātṛmātṛpitṛprāptaṁ ṣaḍvidhaṁ strīdhanaṁ smṛtam ||;GOOD;;
KātySmṛ, 1: 1;898 1;vivāhakāle yat strībhyo dīyate hy agnisaṁnidhau |;
KātySmṛ, 1: 1;898 2;tad adhyagnikṛtaṁ sadbhiḥ strīdhanaṁ parikīrtitam ||;
KātySmṛ, 1: 1;899 1;yat punar labhate nārī nīyamānā pitur gṛhāt |;
KātySmṛ, 1: 1;899 2;adhyāvāhanikaṁ caiva strīdhanaṁ tad udāhṛtam ||;
KātySmṛ, 1: 1;900 1;prītyā dattaṁ tu yat kiṁcit śvaśrvā vā śvaśureṇa vā |;
KātySmṛ, 1: 1;900 2;pādavandanikaṁ caiva prītidattaṁ tad ucyate ||;
KātySmṛ, 1: 1;901 1;gṛhopaskaravāhyānāṁ dohyābharaṇakarmiṇām |;
KātySmṛ, 1: 1;901 2;mūlyaṁ labdhaṁ tu yat kiṁcicchulkaṁ tat parikīrtitam ||;
KātySmṛ, 1: 1;902 1;vivāhāt parato yat tu labdhaṁ bhartṛkulāt striyā |;
KātySmṛ, 1: 1;902 2;anvādheyaṁ tad uktaṁ tu labdhaṁ bandhukulāt tathā ||;
KātySmṛ, 1: 1;903 1;ūrdhvaṁ labdhaṁ tu yat kiṁcit saṁskārāt prītitaḥ striyā |;
KātySmṛ, 1: 1;903 2;bhartuḥ pitroḥ sakāśād vā anvādheyaṁ tu tad bhṛguḥ ||;
KātySmṛ, 1: 1;904 1;ūḍhayā kanyayā vāpi bhartuḥ pitṛgṛhe .pi vā |;
KātySmṛ, 1: 1;904 2;bhrātuḥ sakāśāt pitror vā labdhaṁ saudāyikaṁ smṛtam ||;
KātySmṛ, 1: 1;905 1;pitṛmātṛpatibhrātṛjñātibhiḥ strīdhanaṁ striyai |;
KātySmṛ, 1: 1;905 2;yathāśaktyā dvisāhasrād dātavyaṁ sthāvarād ṛte ||;
KātySmṛ, 1: 1;906 1;yat tu sopādhikaṁ dattaṁ yac ca yogavaśena vā |;
KātySmṛ, 1: 1;906 2;pitrā bhrātrātha vā patyā na tat strīdhanam iṣyate ||;

KātySmṛ, 1: 1;908 1;saudāyikaṁ dhanaṁ prāpya strīṇāṁ svātantryam iṣyate |;
KātySmṛ, 1: 1;908 2;yasmāt tadānṛśasyārthaṁ tair dattam upajīvanam ||;
KātySmṛ, 1: 1;909 1;saudāyike sadā strīṇāṁ svātantryaṁ parikīrtitam |;
KātySmṛ, 1: 1;909 2;vikraye caiva dāne ca yatheṣṭaṁ sthāvareṣv api ||;
KātySmṛ, 1: 1;910 1;bhartṛdāyaṁ mṛte patyau vinyaset strī yatheṣṭataḥ |;
KātySmṛ, 1: 1;910 2;vidyamāne tu saṁrakṣet kṣapayet tat kule .nyathā ||;
KātySmṛ, 1: 1;911 1;atha cet sa dvibhāryaḥ syān na ca tāṁ bhajate punaḥ |;
KātySmṛ, 1: 1;911 2;prītyā nisṛṣṭam api cet pratidāpyaḥ sa tadbalāt ||;
KātySmṛ, 1: 1;912 1;grāsācchādanavāsānām ācchedo yatra yoṣitaḥ |;
KātySmṛ, 1: 1;912 2;tatra svam ādadīta strī vibhāgaṁ rikthināṁ tathā ||;
KātySmṛ, 1: 1;913 1;likhitasyeti dharmo .yaṁ prāpte bhartṛkule vaset |;
KātySmṛ, 1: 1;913 2;vyādhitā pretakāle tu gacched bandhujanaṁ tataḥ ||;
KātySmṛ, 1: 1;914 1;na bhartā naiva ca suto na pitā bhrātaro na ca |;
KātySmṛ, 1: 1;914 2;ādāne vā visarge vā strīdhane prabhaviṣṇavaḥ ||;
KātySmṛ, 1: 1;915 1;yadi hy ekataro .py eṣāṁ strīdhanaṁ bhakṣayed balāt |;
KātySmṛ, 1: 1;915 2;savṛddhikaṁ pradāpyaḥ syād daṇḍaṁ caiva samāpnuyāt ||;

KātySmṛ, 1: 1;917 1;vyādhitaṁ vyasanasthaṁ ca dhanikair vopapīḍitam |;
KātySmṛ, 1: 1;917 2;jñātvā nisṛṣṭaṁ yat prītyā dadyād ātmecchayā tu saḥ ||;
KātySmṛ, 1: 1;918 1;jīvantyāḥ patiputrās tu devarāḥ pitṛbāndhavāḥ |;
KātySmṛ, 1: 1;918 2;anīśāḥ strīdhanasyoktā daṇḍyās tv apaharanti ye ||;
KātySmṛ, 1: 1;919 1;bhartrā pratiśrutaṁ deyam ṛṇavat strīdhanaṁ sutaiḥ |;
KātySmṛ, 1: 1;919 2;tiṣṭhed bhartṛkule yā tu na sā pitṛkule vaset ||;
KātySmṛ, 1: 1;920 1;bhaginyo bāndhavaiḥ sārdhaṁ vibhajeran sabhartṛkāḥ |;
KātySmṛ, 1: 1;920 2;strīdhanasyeti dharmo .yaṁ vibhāgas tu prakalpitaḥ ||;
KātySmṛ, 1: 1;921 1;duhitṝṇām abhāve tu rikthaṁ putreṣu tad bhavet |;
KātySmṛ, 1: 1;921 2;bandhudattaṁ tu bandhūnām abhāve bhrtṛgāmi tat ||;
KātySmṛ, 1: 1;922 1;pitṛbhyāṁ caiva yad dattaṁ duhituḥ sthāvaraṁ dhanam |;
KātySmṛ, 1: 1;922 2;aprajāyām atātāyāṁ bhrātṛgāmi tu sarvadā ||;
KātySmṛ, 1: 1;923 1;āsurādiṣu yal labdhaṁ strīdhanaṁ paitṛkaṁ striyā |;
KātySmṛ, 1: 1;923 2;abhāve tadapatyānāṁ mātāpitros tad iṣyate ||;
KātySmṛ, 1: 1;924 1;aputrā śayanaṁ bhartuḥ pālayantī gurau sthitā |;
KātySmṛ, 1: 1;924 2;bhuñjīta ā maraṇāt kṣāntā dāyādā ūrdhvam āpnuyuḥ ||;
KātySmṛ, 1: 1;925 1;svaryāte svāmini strī tu grāsācchādanabhāginī |;
KātySmṛ, 1: 1;925 2;avibhakte dhanāṁśe tu prāpnoty āmaraṇāntikam ||;
KātySmṛ, 1: 1;926 1;bhoktum arhati kL.ptāṁśaṁ guruśuśrūṣaṇe ratā |;
KātySmṛ, 1: 1;926 2;na kuryād yadi śuśrūṣāṁ cailapiṇḍe niyojayet ||;
KātySmṛ, 1: 1;927 1;mṛte bhartari bhartṛaṁśaṁ labheta kulapālikā |;
KātySmṛ, 1: 1;927 2;yāvajjīvaṁ na hi svāmyaṁ dānādhamanavikraye ||;
KātySmṛ, 1: 1;928 1;vratopavāsaniratā brahmacarye vyavasthitā |;
KātySmṛ, 1: 1;928 2;damadānaratā nityam aputrāpi divaṁ vrajet ||;
KātySmṛ, 1: 1;929 1;patnī bhartur dhanaharī yā syād avyabhicāriṇī |;
KātySmṛ, 1: 1;929 2;tadabhāve tu duhitā yady anūḍhā bhavet tadā ||;
KātySmṛ, 1: 1;930 1;aputrasyātha kulajā patnī duhitaro .pi vā |;
KātySmṛ, 1: 1;930 2;tadabhāve pitā mātā bhrātā putrāś ca kīrtitāḥ ||;
KātySmṛ, 1: 1;931 1;vibhakte saṁsthite dravyaṁ putrābhāve pitā haret |;
KātySmṛ, 1: 1;931 2;bhrātā vā jananī vātha mātā vā tat pituḥ kramāt |;
KātySmṛ, 1: 1;931 3;apacārakriyyayuktā nirlajjā vārthanāśikā ||;
KātySmṛ, 1: 1;932 1;vyabhicāraratā yā ca strī dhanaṁ sā na cārhati ||;
KātySmṛ, 1: 1;933 1;nārī khalv ananujñātā pitrā bhartrā sutena vā |;
KātySmṛ, 1: 1;933 2;viphalaṁ tad bhavet tasyā yat karoty aurdhvadehikam ||;
KātySmṛ, 1: 1;934 1;adāyikaṁ rājagāmi yoṣidbhṛtyordhvadehikam |;
KātySmṛ, 1: 1;934 2;apāsya śrotriyadravyaṁ śrotriyebhyas tad arpayet ||;
KātySmṛ, 1: 1;935 1;saṁsṛṣṭānāṁ tu saṁsṛṣṭāḥ pṛthaksthānāṁ pṛthaksthitāḥ |;
KātySmṛ, 1: 1;935 2;abhāve .rthaharā jñeyā nirbījānyonyabhāginaḥ ||;
KātySmṛ, 1: 1;936 1;dyūtaṁ naiva tu seveta krodhalobhavivardhakam |;
KātySmṛ, 1: 1;936 2;asādhujananaṁ krūraṁ narāṇāṁ dravyanāśanam ||;
KātySmṛ, 1: 1;937 1;dhruvaṁ dyūtāt kalir yasmād viṣaṁ sarpamukhād iva |;
KātySmṛ, 1: 1;937 2;tasmād rājā nivarteta viṣaye vyasanaṁ hi tat ||;
KātySmṛ, 1: 1;938 1;varteta cet prakāśaṁ tu dvārāvasthitatoraṇam |;
KātySmṛ, 1: 1;938 2;asaṁmohārtham āryāṇāṁ kārayet tat karapadam ||;
KātySmṛ, 1: 1;939 1;sabhikaḥ kārayed dyūtaṁ deyaṁ dadyāt svayaṁ nṛpe |;
KātySmṛ, 1: 1;939 2;daśakaṁ tu śate vṛddhiṁ gṛhṇīyāc ca parājayāt ||;
KātySmṛ, 1: 1;940 1;jetur dadyāt svakaṁ dravyaṁ jitād grāhyaṁ tripakṣakam |;
KātySmṛ, 1: 1;940 2;sadyo vā sabhikenaiva kitāvāt tu na saṁśayaḥ ||;
KātySmṛ, 1: 1;941 1;ekarūpā dvirūpā vā dyūte yasyākṣadevinaḥ |;
KātySmṛ, 1: 1;941 2;dṛśyate ca jayas tasya yasmin rakṣā vyavasthitā ||;
KātySmṛ, 1: 1;942 1;athavā kitavo rājñe dattvā bhāgaṁ yathoditam |;
KātySmṛ, 1: 1;942 2;prakāśaṁ devanaṁ kuryād evaṁ doṣo na vidyate ||;
KātySmṛ, 1: 1;943 1;prasahya dāpayed deyaṁ tasmin sthāne na cānyathā |;
KātySmṛ, 1: 1;943 2;jitaṁ vai sabhikas tatra sabhikapratyayā kriyā ||;
KātySmṛ, 1: 1;944 1;anabhijño jito mocyo .mocyo .bhijño jito rahaḥ |;
KātySmṛ, 1: 1;944 2;sarvasve vijite .bhijñe na sarvasvaṁ pradāpayet ||;
KātySmṛ, 1: 1;945 1;vigrahe .tha jaye lābhe karaṇe kūṭadevinām |;
KātySmṛ, 1: 1;945 2;pramāṇaṁ sabhikas tatra śuciś ca sabhiko yadi ||;
KātySmṛ, 1: 1;946 1;mlecchaśvapākadhūrtānāṁ kitavānāṁ tapasvinām |;
KātySmṛ, 1: 1;946 2;tatkṛtācāram etṝṇāṁ niścayo na tu rājani ||;
KātySmṛ, 1: 1;947 1;pūrvoktād uktaśeṣaṁ syād adhikāracyutaṁ ca yat |;
KātySmṛ, 1: 1;947 2;āhṛtya paratantrārhtanibaddham asamañjasam ||;
KātySmṛ, 1: 1;948 1;dṛṣṭāntatvena śāstrānte punar uktakriyāsthitam |;
KātySmṛ, 1: 1;948 2;anena vidhinā yac ca vākyaṁ tat syāt prakīrṇakam ||;
KātySmṛ, 1: 1;949 1;rājadharmān svadharmāṁś ca saṁdigdhānāṁ ca bhāṣaṇam pūrvoktād uktaśeṣaṁ ca sarvaṁ tat syāt prakīrṇakam ||;
KātySmṛ, 1: 1;950 1;sadbhāgakaraśulkaṁ ca garte deyaṁ tathaiva ca |;
KātySmṛ, 1: 1;950 2;saṁgrāmacaurabhedī ca paradārābhimardanam ||;
KātySmṛ, 1: 1;951 1;gobrāhmaṇajighāṁsā ca śasyavyāghātakṛt tathā |;
KātySmṛ, 1: 1;951 2;etān daśāparādhāṁs tu nṛpatiḥ svayam anviṣet ||;
KātySmṛ, 1: 1;952 1;niṣkṛtīnām akaraṇam ājñāsedhavyatikramaḥ |;
KātySmṛ, 1: 1;952 2;varṇāśramavilopaś ca prarṇasaṅkaralopanam ||;
KātySmṛ, 1: 1;953 1;nidhir niṣphalavittaṁ ca daridrasya dhanāgamaḥ |;
KātySmṛ, 1: 1;953 2;etāṁś cāraiḥ suviditān svayaṁ rājā nivārayet ||;
KātySmṛ, 1: 1;954 1;anāmnā tāni kāryāṇi kriyāvādāṁś ca vādinām |;
KātySmṛ, 1: 1;954 2;prakṛtīnāṁ prakopaś ca saṅketaś ca parasparam ||;
KātySmṛ, 1: 1;955 1;aśāstravihitaṁ yac ca prajāyāṁ sampravartate |;
KātySmṛ, 1: 1;955 2;upāyaiḥ sāmabhedād yair etāni śamaye nṛpaḥ ||;
KātySmṛ, 1: 1;956 1;mitrādiṣu prayuñjīta vāgdaṇḍaṁ dhik tapasvini |;
KātySmṛ, 1: 1;956 2;yathoktaṁ tasya tat kuryād anuktaṁ sādhu kalpitam ||;
KātySmṛ, 1: 1;957 1;pramāṇena tu kūṭena mudrayā vāpi kūṭayā |;
KātySmṛ, 1: 1;957 2;kāryaṁ tu sādhayed yo vai sa dāpyo damam uttamam ||;
KātySmṛ, 1: 1;958 1;rājakrīḍāsu ye saktā rājavṛttyupajīvinaḥ |;
KātySmṛ, 1: 1;958 2;apriyasya ca yo vaktā vadhaṁ teṣāṁ pravartayet ||;
KātySmṛ, 1: 1;959 1;pratirūpasya kartāraḥ prekṣakāḥ prakarāś ca ye |;
KātySmṛ, 1: 1;959 2;rājārthamoṣakāś caiva prāpnuyur vividhaṁ vadham ||;
KātySmṛ, 1: 1;960 1;pravrajyāvasitaṁ śūdraṁ japahomaparaṁ tathā |;
KātySmṛ, 1: 1;960 2;vadhena śāsayet pāpaṁ daṇḍyo vā dviguṇaṁ damam ||;
KātySmṛ, 1: 1;961 1;sacihnam api pāpaṁ tu pṛcchet pāpasya kāraṇam |;
KātySmṛ, 1: 1;961 2;tadā daṇḍaṁ prakalpeta doṣam āropya yatnataḥ ||;
KātySmṛ, 1: 1;962 1;sadvṛttānām tu sarveṣām aparādho yadā bhavet |;
KātySmṛ, 1: 1;962 2;avaśenaiva daivāt tu tatra daṇḍaṁ na kalpayet ||;
KātySmṛ, 1: 1;963 1;samyagdaṇḍapraṇetāro nṛpāḥ pūjyāḥ surair api |;
KātySmṛ, 1: 1;963 2;ārambhe pradhamaṁ dadyāt pravṛttau madhyamaḥ smṛtaḥ yasya yo vihito daṇḍaḥ paryāptasya sa vai bhavet ||;
KātySmṛ, 1: 1;964 1;rājāno mantriṇaś caiva viśeṣād evam āpnuyuḥ |;
KātySmṛ, 1: 1;964 2;aśāsanāt tu pāpānāṁ natānāṁ daṇḍadhāraṇāt ||;
KātySmṛ, 1: 1;965 1;paratantrāś ca ye kecid dāsatvaṁ ye ca saṁsthitāḥ |;
KātySmṛ, 1: 1;965 2;anāthās te tu nirdiṣṭās teṣāṁ daṇḍas tu tāḍanam ||;
KātySmṛ, 1: 1;966 1;tāḍanaṁ bandhanaṁ caiva tathaiva ca viḍambanam |;
KātySmṛ, 1: 1;966 2;eṣa daṇḍo hi dāsasya nārthadaṇḍo vidhīyate ||;
KātySmṛ, 1: 1;967 1;suvarṇaśatam ekaṁ tu vadhārho daṇḍam arhati |;
KātySmṛ, 1: 1;967 2;aṅgacchede tadardhaṁ tu vivāse pañcaviṁśatim ||;
KātySmṛ, 1: 1;968 1;kulīnāryaviśiṣṭeṣu nikṛṣṭeṣv anusārataḥ |;
KātySmṛ, 1: 1;968 2;sarvasvaṁ vā nigṛhyaitān purāt śīghraṁ pravāsayet ||;
KātySmṛ, 1: 1;969 1;nirdhanā bandhane sthāpyā vadhaṁ naiva pravartayet |;
KātySmṛ, 1: 1;969 2;sarveṣāṁ pāpayuktānāṁ viśeṣārthaś ca śāstrataḥ ||;
KātySmṛ, 1: 1;970 1;vadhāṅgacchedārhavipro niḥsaṅge bandhane viśet |;
KātySmṛ, 1: 1;970 2;tadakarmaviyuto .sau vṛttas tasya damo hi saḥ ||;
KātySmṛ, 1: 1;971 1;kūṭasākṣy api nirvāsyo vikhyāpyo .satpratigrahī |;
KātySmṛ, 1: 1;971 2;aṅgacchedī viyojyaḥ syāt svadharme bandhanena tu ||;
KātySmṛ, 1: 1;972 1;etaiḥ samāparādhānāṁ tatrāpy evaṁ prakalpayet |;
KātySmṛ, 1: 1;972 2;bālavṛddhāturastrīṇāṁ na daṇḍas tāḍanaṁ damaḥ ||;
KātySmṛ, 1: 1;973 1;strīdhanaṁ dāpayed daṇḍaṁ dhārmikaḥ pṛthivīpatiḥ |;
KātySmṛ, 1: 1;973 2;nirdhanā prāptadoṣā strī tāḍanaṁ daṇḍam arhati ||;
KātySmṛ, 1: 1;974 1;anyāyopārjitaṁ nyastaṁ kośe kośaṁ niveśayet |;
KātySmṛ, 1: 1;974 2;kāryārthe kāryanāśaḥ syād buddhimān nopapātayet ||;
KātySmṛ, 1: 1;975 1;dattvā dhanaṁ tad viprebhyaḥ sarvaṁ daṇḍasamutthitam |;
KātySmṛ, 1: 1;975 2;putre rājyaṁ samāsajya kurvīta prāyaṇaṁ vane ||;
KātySmṛ, 1: 1;976 1;evaṁ caret sadā yukto rājā dharmeṣu pārthivaḥ |;
KātySmṛ, 1: 1;976 2;hiteṣu caiva lokasya sarvān bhṛtyān niyojayet ||;Manusmṛti ManuS, 9: 9 321;evaṁ caran sadā yukto rājadharmeṣu pārthivaḥ |hiteṣu caiva lokasya sarvān bhṛtyān niyojayet ||;!;;
