RRS, 1: 1;1 1;yasyānandabhavena maṅgalakalāsaṁbhāvitena bhaktānāṁ prabhavaprasaṁhṛtijarārāgādirogāḥ |;
RRS, 1: 1;2 1;ādimaścandrasenaśca laṅkeśaśca viśāradaḥ |;
RRS, 1: 1;2 2;kapālī mattamāṇḍavyau bhāskaraḥ śūrasenakaḥ ||;
RRS, 1: 1;3 1;ratnakośaśca śambhuśca sāttviko naravāhanaḥ |;
RRS, 1: 1;3 2;indrado gomukhaścaiva kambalir vyāḍireva ca ||;
RRS, 1: 1;4 1;nāgārjunaḥ surānando nāgabodhir yaśodhanaḥ |;
RRS, 1: 1;4 2;khaṇḍaḥ kāpāliko brahmā govindo lampako hariḥ ||;
RRS, 1: 1;5 1;saptaviṁśatisaṁkhyākā rasasiddhipradāyakāḥ |;
RRS, 1: 1;5 2;rasāṅkuśo bhairavaśca nandī svacchandabhairavaḥ ||;
RRS, 1: 1;6 1;manthānabhairavaścaiva kākacaṇḍīśvarastathā |;
RRS, 1: 1;6 2;vāsudeva ṛṣiḥ śṛṅgaḥ kriyātantrasamuccayī ||;
RRS, 1: 1;7 1;rasendratilako yogī bhālukī maithilāhvayaḥ |;
RRS, 1: 1;7 2;mahādevo narendraśca vāsudevo harīśvaraḥ ||;
RRS, 1: 1;8 1;eteṣāṁ kriyate .nyeṣāṁ tantrāṇyālokya saṁgrahaḥ |;
RRS, 1: 1;8 2;rasānāmatha siddhānāṁ cikitsārthopayoginām ||;
RRS, 1: 1;9 1;sūnunā siṁhaguptasya rasaratnasamuccayaḥ |;
RRS, 1: 1;9 2;rasoparasalohāni yantrādikaraṇāni ca ||;
RRS, 1: 1;10 1;śuddhyarthamapi lohānāṁ tantrādikaraṇāni ca |;
RRS, 1: 1;10 2;śuddhiḥ sattvaṁ drutirbhasmakaraṇaṁ ca pravakṣyate ||;
RRS, 1: 1;11 1;asti nīhāranilayo mahānuttaradiṅmukhe |;
RRS, 1: 1;11 2;uttuṅgaśṛṅgasaṁghātalaṅghitābhro mahīdharaḥ ||;
RRS, 1: 1;12 1;viśrāmāya viyanmārgavilaṅghanaghanaśramaḥ |;
RRS, 1: 1;12 2;avatīrṇa iva kṣoṇīṁ śaradambumucāṁ gaṇaḥ ||;
RRS, 1: 1;13 1;rāśirāśīviṣādhīśaphaṇāphalakarociṣām |;
RRS, 1: 1;13 2;bhittvā bhuvamivottīrṇo yo vibhāti bhṛśonnataḥ ||;
RRS, 1: 1;14 1;jvaladauṣadhayo yasya nitambamaṇibhūmayaḥ |;
RRS, 1: 1;14 2;naktamuddāmataḍitāmanukurvanti vārmucām ||;
RRS, 1: 1;15 1;kaṭake saṁcarantīnāṁ yasya kiṁnarayoṣitām |;
RRS, 1: 1;15 2;pādeṣu dhāturāgeṇa lākṣākṛtyamanuṣṭhitam ||;
RRS, 1: 1;16 1;avataṁsitaśītāṁśurācchāditadigambaraḥ |;
RRS, 1: 1;16 2;yo guhādhigato lokairgirīśa iti gīyate ||;
RRS, 1: 1;17 1;nimīlitadṛśo nityaṁ munayo yasya sānuṣu |;
RRS, 1: 1;17 2;pratyakṣayanti giriśamavāṅmanasagocaram ||;
RRS, 1: 1;18 1;śilātalapratihatairyasya nirjharaśīkaraiḥ |;
RRS, 1: 1;18 2;ahanyapi nirīkṣante yakṣāstārāṅkitaṁ nabhaḥ ||;
RRS, 1: 1;19 1;nīhārapavanodrekaniḥsahā yatra puruṣāḥ |;
RRS, 1: 1;19 2;nijastrīṇāṁ niṣevante kucoṣmāṇaṁ nirantaram ||;
RRS, 1: 1;20 1;saṁcaran kaṭake yasya nidāghe .pi divākaraḥ |;
RRS, 1: 1;20 2;uddāmahimaruddhoṣmā na śītāṁśorvibhidyate ||;
RRS, 1: 1;21 1;guhāgṛheṣu kastūrīmṛganābhisugandhiṣu |;
RRS, 1: 1;21 2;gāyanti yatra kiṁnaryo gaurīpariṇayotsavam ||;
RRS, 1: 1;22 1;cakāsti tatra jagatāmādidevo maheśvaraḥ |;
RRS, 1: 1;22 2;rasātmanā jagattrātuṁ jāto yasmānmahārasaḥ ||;
RRS, 1: 1;23 1;śatāśvamedhena kṛtena puṇyaṁ gokoṭibhiḥ nṛṇāṁ bhavetsūtakadarśanena yatsarvatīrtheṣu |;
RRS, 1: 1;24 1;vidhāya rasaliṅgaṁ yo bhaktiyuktaḥ samarcayet |;
RRS, 1: 1;24 2;jagattritayaliṅgānāṁ pūjāphalamavāpnuyāt ||;
RRS, 1: 1;25 1;bhakṣaṇaṁ sparśanaṁ dānaṁ dhyānaṁ ca paripūjanam |;
RRS, 1: 1;25 2;pañcadhā rasapūjoktā mahāpātakanāśinī ||;
RRS, 1: 1;26 1;hanti bhakṣaṇamātreṇa pūrvajanmāghasambhavam |;
RRS, 1: 1;26 2;rogasaṁghamaśeṣāṇāṁ narāṇāṁ nātra saṁśayaḥ ||;
RRS, 1: 1;27 1;pūrvajanmakṛtaṁ pāpaṁ sadyo naśyati dehinām |;
RRS, 1: 1;27 2;sugandhapiṣṭasūtena yadi śambhurvilepitaḥ ||;
RRS, 1: 1;28 1;abhrakaṁ truṭimātraṁ yo rasasya parijārayet |;
RRS, 1: 1;28 2;śatakratuphalaṁ tasya bhavedityabravīcchivaḥ ||;
RRS, 1: 1;29 1;yaśca nindati sūtendraṁ śambhostejaḥ parātparam |;
RRS, 1: 1;29 2;sa patennarake ghore yāvatkalpavikalpanā ||;
RRS, 1: 1;30 1;rogibhyo yo rasaṁ datte śuddhipākasamanvitam |;
RRS, 1: 1;30 2;tulādānāśvamedhānāṁ phalaṁ prāpnoti śāśvatam ||;Rasendracintāmaṇi RCint, 1: 1 27;rogibhyo yo rasaṁ datte śuddhipākasamanvitam |tulādānāśvamedhānāṁ phalaṁ prāpnoti śāśvatam ||;GOOD;;
RRS, 1: 1;31 1;siddhe rase kariṣyāmi nirdāridryagadaṁ jagat |;
RRS, 1: 1;31 2;rasadhyānamidaṁ proktaṁ brahmahatyādipāpanut ||;
RRS, 1: 1;32 1;abhragrāso hi sūtasya naivedyaṁ parikīrtitam |;
RRS, 1: 1;32 2;rasasyetyarcanaṁ kṛtvā prāpnuyātkratujaṁ phalam ||;
RRS, 1: 1;33 1;udare saṁsthite sūte yasyotkrāmati jīvitam |;
RRS, 1: 1;33 2;sa mukto duṣkṛtādghorātprayāti paramaṁ padam ||;
RRS, 1: 1;34 1;mūrchitvā harati rujaṁ bandhanamanubhūya muktido amarīkaroti hi mṛtaḥ ko .nyaḥ karuṇākaraḥ sūtāt ||;Yogaratnākara YRā, 1: 1 223;mūrchitvā harati rujaṁ bandhanamanubhūya muktido amarīkaroti hi mṛtaṁ ko.nyaḥ karuṇākaraḥ sūtāt ||;GOOD;;Rasahṛdayatantra RHT, 1: 1 3;mūrchitvā harati rujaṁ bandhanamanubhūya muktido amarīkaroti sumṛtaḥ ko .nyaḥ karuṇākaraḥ sūtāt ||;!;;

RRS, 1: 1;36 1;rasabandha eva dhanyaḥ prārambhe yasya satatamitikaraṇā setsyati rase kariṣye mahīmahaṁ nirjarāmaraṇām ||;
Rasahṛdayatantra RHT, 1: 1 8;sukṛtaphalaṁ tāvadidaṁ sukule yajjanma dhīśca tatrāpi |sāpi ca sakalamahītalatulanaphalā bhūtalaṁ ca suvidheyam ;!;;
RRS, 1: 1;38 1;bhūtalavidheyatāyāḥ phalamarthāste ca bhogāśca santi śarīre tadanityamato vṛthā sakalam ||;Rasahṛdayatantra RHT, 1: 1 9;bhūtalavidheyatāyāḥ phalamarthāste ca bhogāḥ santi śarīre tadanityamaho vṛthā sakalam ||;!;;
RRS, 1: 1;39 1;iti dhanaśarīrabhogānmatvānityānsadaiva yatanīyam |;
RRS, 1: 1;39 2;muktau sā ca jñānāt taccābhyāsāt sa ca sthire dehe ||;Rasahṛdayatantra RHT, 1: 1 10;iti dhanaśarīrabhogān matvānityān sadaiva yatanīyam |muktau sā ca jñānāt taccābhyāsāt sa ca sthire dehe ||;GOOD;;
RRS, 1: 1;40 1;tatsthairye na samarthaṁ rasāyanaṁ kimapi mūlalohādi |;
RRS, 1: 1;40 2;svayamasthirasvabhāvaṁ dāhyaṁ kledyaṁ ca śoṣyaṁ ca ||;Rasahṛdayatantra RHT, 1: 1 11;tatsthairyaṁ na samarthaṁ rasāyanaṁ kimapi mūlalohādi |svayamasthirasvabhāvaṁ dāhyaṁ kledyaṁ ca śoṣyaṁ ca ||;GOOD;;
RRS, 1: 1;41 1;kāṣṭhauṣadhyo nāge nāgo vaṅge .tha vaṅgamapi śulbe |;
RRS, 1: 1;41 2;śulbaṁ tāre tāraṁ kanake kanakaṁ ca līyate sūte ||;
RRS, 1: 1;42 1;amṛtatvaṁ hi bhajante haramūrtau yogino yathā līnāḥ |;
RRS, 1: 1;42 2;tadvatkavalitagagane rasarāje hemalohādyāḥ ||;Rasahṛdayatantra RHT, 1: 1 14;amṛtatvaṁ hi bhajante haramūrtau yogino yathā līnāḥ |tadvatkavalitagagane rasarāje hemalohādyāḥ ||;!;;
RRS, 1: 1;43 1;paramātmanīva satataṁ bhavati layo yatra sarvasattvānām eko .sau rasarājaḥ śarīramajarāmaraṁ kurute ||;

RRS, 1: 1;45 1;ekāṁśena jagadyugapadavaṣṭabhyāvasthitaṁ paraṁ jyotiḥ pādaistribhistadamṛtaṁ sulabhaṁ na viraktimātreṇa ||;
RRS, 1: 1;46 1;na hi dehena kṣaṇabhaṅgureṇa sūkṣmaṁ tadbrahmopāsituṁ śakyam ||;Rasahṛdayatantra RHT, 1: 1 17;na hi dehena kathaṁcid kṣaṇabhaṅgureṇa sūkṣmaṁ tadbrahmopāsituṁ śakyam ||;GOOD;;
RRS, 1: 1;47 1;nāmāpi dehasiddhe ko gṛhṇīyādvinā śarīreṇa |;
RRS, 1: 1;47 2;yadyogagamyamamalaṁ manaso .pi na gocaraṁ tattvam ||;
RRS, 1: 1;48 1;yajñāddānāttapaso vedādhyayanāddamātsadācārāt |;
RRS, 1: 1;48 2;atyantabhūyasī kila yogavaśādātmasaṁvittiḥ ||;
RRS, 1: 1;49 1;bhrūyugamadhyagataṁ yacchikhividyutsūryavajjagadbhāsi keṣāṁcitpuṇyadṛśāmunmīlati cinmayaṁ paraṁ jyotiḥ ||;
RRS, 1: 1;50 1;paramānandaikarasaṁ paramaṁ vigalitasakalakleśaṁ jñeyaṁ śāntaṁ svasaṁvedyam ||;
RRS, 1: 1;51 1;tasminnādhāya manaḥ sphuradakhilaṁ cinmayaṁ utsannakarmabandho brahmatvamihaiva cāpnoti ||;
RRS, 1: 1;52 1;rāgadveṣavimuktāḥ satyācārā mṛṣārahitāḥ |;
RRS, 1: 1;52 2;sarvatra nirviśeṣā bhavanti cidbrahmasaṁsparśāt ||;Rasahṛdayatantra RHT, 1: 1 25;rāgadveṣavimuktāḥ satyācārā narā mṛṣārahitāḥ |sarvatra nirviśeṣā bhavanti cidbrahmasaṁsparśāt ||;GOOD;;
RRS, 1: 1;53 1;tiṣṭhantyaṇimādiyutā vilasaddehāḥ sadoditānandāḥ |;
RRS, 1: 1;53 2;brahmasvabhāvamamṛtaṁ samprāptāś caiva kṛtakṛtyāḥ ||;
RRS, 1: 1;54 1;āyatanaṁ vidyānāṁ mūlaṁ dharmārthakāmamokṣāṇām |;
RRS, 1: 1;54 2;śreyaḥ paraṁ kimanyaccharīramajarāmaraṁ vihāyaikam ||;Rasahṛdayatantra RHT, 1: 1 27;āyatanaṁ vidyānāṁ mūlaṁ dharmārthakāmamokṣāṇām |śreyaḥ paraṁ kimanyat śarīramajarāmaraṁ vihāyaikam ||;!;;
RRS, 1: 1;55 1;pratyakṣeṇa pramāṇena yo na jānāti sūtakam |;
RRS, 1: 1;55 2;adṛṣṭavigrahaṁ devaṁ kathaṁ jñāsyati cinmayam ||;

RRS, 1: 1;57 1;bālaḥ ṣoḍaśavarṣo viṣayarasāsvādalampaṭaḥ parataḥ |;
RRS, 1: 1;57 2;yātaviveko vṛddho martyaḥ kathamāpnuyānmuktim ||;Sarvadarśanasaṁgraha SDS, 1: 1 29;bālaḥ ṣoḍaśavarṣo viṣayarasāsvādalampaṭaḥ parataḥ |yātaviveko vṛddho martyaḥ kathamāpnuyānmuktimiti ||;!;;
RRS, 1: 1;58 1;asminn eva śarīre yeṣāṁ paramātmano na saṁvedaḥ |;
RRS, 1: 1;58 2;dehatyāgādūrdhvaṁ teṣāṁ tadbrahma dūrataram ||;Rasahṛdayatantra RHT, 1: 1 31;asminn eva śarīre yeṣāṁ paramātmano na saṁvedaḥ |dehatyāgādūrdhvaṁ teṣāṁ tadbrahma dūrataram ||;GOOD;;
RRS, 1: 1;59 1;brahmādayo yatante tasmindivyāṁ tanuṁ samāśritya |;
RRS, 1: 1;59 2;jīvanmuktāścānye kalpāntasthāyino munayaḥ ||;
RRS, 1: 1;60 1;tasmājjīvanmuktiṁ samīhamānena yoginā prathamam |;
RRS, 1: 1;60 2;divyā tanurvidheyā haragaurīsṛṣṭisaṁyogāt ||;
RRS, 1: 1;61 1;śaile .smiñ śivayoḥ prītyā parasparajigīṣayā |;
RRS, 1: 1;61 2;sampravṛtte ca sambhoge trilokīkṣobhakāriṇi ||;
RRS, 1: 1;62 1;vinivārayituṁ vahniḥ sambhogaṁ preṣitaḥ suraiḥ |;
RRS, 1: 1;62 2;kāṅkṣamāṇais tayoḥ putraṁ tārakāsuramārakam ||;
RRS, 1: 1;63 1;kapotarūpiṇaṁ prāptaṁ himavatkandare .nalam |;
RRS, 1: 1;63 2;apakṣibhāvasaṁkṣubdhaṁ smaralīlāvilokinam ||;
RRS, 1: 1;64 1;taṁ dṛṣṭvā lajjitaḥ śambhurvirataḥ suratāttadā |;
RRS, 1: 1;64 2;pracyutaścaramo dhāturgṛhītaḥ śūlapāṇinā ||;
RRS, 1: 1;65 1;prakṣipto vadane vahnergaṅgāyāmapi so .patat |;
RRS, 1: 1;65 2;bahiḥ kṣiptastayā so .pi paridahyamānayā ||;
RRS, 1: 1;66 1;saṁjātāstanmalādhānāddhātavaḥ siddhihetavaḥ |;
RRS, 1: 1;66 2;yāvadagnimukhādreto nyapatadbhūrisārataḥ ||;
RRS, 1: 1;67 1;śatayojananimnāṁstānkṛtvā kūpāṁstu pañca ca |;
RRS, 1: 1;67 2;tadāprabhṛti kūpasthaṁ tadretaḥ pañcadhābhavat ||;
RRS, 1: 1;68 1;raso rasendraḥ sūtaśca pārado miśrakastathā |;
RRS, 1: 1;68 2;iti pañcavidho jātaḥ kṣetrabhedena śambhujaḥ ||;
RRS, 1: 1;69 1;raso rakto vinirmuktaḥ sarvadoṣai rasāyanaḥ |;
RRS, 1: 1;69 2;saṁjātāstridaśāstena nīrujā nirjarāmarāḥ ||;
RRS, 1: 1;70 1;rasendro doṣanirmuktaḥ śyāvo rūkṣo .ticañcalaḥ |;
RRS, 1: 1;70 2;rasāyino .bhavaṁstena nāgā mṛtyujarojjhitāḥ ||;
RRS, 1: 1;71 1;devairnāgaiś ca tau kūpau pūritau mṛdbhir aśmabhiḥ |;
RRS, 1: 1;71 2;tadāprabhṛti lokānāṁ tau jātāv atidurlabhau ||;
RRS, 1: 1;72 1;īṣatpītaśca rūkṣāṅgo doṣayuktaśca sūtakaḥ |;
RRS, 1: 1;72 2;daśāṣṭasaṁskṛtaiḥ siddho dehaṁ lohaṁ karoti saḥ ||;
RRS, 1: 1;73 1;athānyakūpajaḥ ko .pi sa calaḥ śvetavarṇavān |;
RRS, 1: 1;73 2;pārado vividhairyogaiḥ sarvarogaharaḥ sa hi ||;
RRS, 1: 1;74 1;mayūracandrikāchāyaḥ sa raso miśrako mataḥ |;
RRS, 1: 1;74 2;so .pyaṣṭādaśasaṁskārayuktaścātīva siddhidaḥ ||;
RRS, 1: 1;75 1;trayaḥ sūtādayaḥ sūtāḥ sarvasiddhikarā api |;
RRS, 1: 1;75 2;nijakarmavinirmāṇaiḥ śaktimanto .timātrayā ||;
RRS, 1: 1;76 1;etāṁ rasasamutpattiṁ yo jānāti sa dhārmikaḥ |;
RRS, 1: 1;76 2;āyur ārogyasaṁtānaṁ rasasiddhiṁ ca vindati ||;
RRS, 1: 1;77 1;rasanātsarvadhātūnāṁ rasa ityabhidhīyate |;
RRS, 1: 1;77 2;jarāruṅmṛtyunāśāya rasyate vā raso mataḥ ||;
RRS, 1: 1;78 1;rasoparasarājatvādrasendra iti kīrtitaḥ |;
RRS, 1: 1;78 2;dehalohamayīṁ siddhiṁ sūte sūtastataḥ smṛtaḥ ||;
RRS, 1: 1;79 1;rogapaṅkābdhimagnānāṁ pāradānāc ca pāradaḥ |;
RRS, 1: 1;79 2;sarvadhātugataṁ tejomiśritaṁ yatra tiṣṭhati ||;
RRS, 1: 1;80 1;tasmātsa miśrakaḥ prokto nānārūpaphalapradaḥ |;
RRS, 1: 1;80 2;evaṁbhūtasya sūtasya martyamṛtyugadacchidaḥ |;
RRS, 1: 1;80 3;prabhāvān mānuṣā jātā devatulyabalāyuṣaḥ ||;
RRS, 1: 1;81 1;tān dṛṣṭvābhyarthito rudraḥ śakreṇa tadanantaram |;
RRS, 1: 1;81 2;doṣaiśca kañcukābhiśca rasarājo niyojitaḥ ||;
RRS, 1: 1;82 1;tadāprabhṛti sūto .sau naiva sidhyatyasaṁskṛtaḥ |;
RRS, 1: 1;82 2;jalago jalarūpeṇa tvarito haṁsago bhavet ||;
RRS, 1: 1;83 1;malago malarūpeṇa sadhūmo dhūmago bhavet |;
RRS, 1: 1;83 2;anyā jīvagatirdaivī jīvo .ṇḍādiva niṣkramet ||;
RRS, 1: 1;84 1;sa tāṁś ca jīvayejjīvāṁstena jīvo rasaḥ smṛtaḥ |;
RRS, 1: 1;84 2;catasro gatayo dṛśyā adṛśyā pañcamī gatiḥ ||;
RRS, 1: 1;85 1;mantradhyānādinā tasya rudhyate pañcamī gatiḥ ||;Rasārṇava RArṇ, 10: 10 16;mantradhyānādinā tasya kṣīyate pañcamī gatiḥ ||;!;;
RRS, 1: 1;86 1;iti bhinnagatitvācca sūtarājyasya durlabhaḥ |;
RRS, 1: 1;86 2;saṁskārastasya bhiṣajā nipuṇena tu rakṣayet ||;
RRS, 1: 1;87 1;prathame rajasi snātāṁ hayārūḍhāṁ svalaṁkṛtām |;
RRS, 1: 1;87 2;vīkṣamāṇāṁ vadhūṁ dṛṣṭvā jighṛkṣuḥ kūpago rasaḥ ||;
RRS, 1: 1;88 1;udgacchati javātsāpi taṁ dṛṣṭvā yāti vegataḥ |;
RRS, 1: 1;88 2;anugacchati tāṁ sūtaḥ sīmānaṁ yojanonmitam ||;
RRS, 1: 1;89 1;pratyāyāti tataḥ kūpaṁ vegataḥ śivasambhavaḥ |;
RRS, 1: 1;89 2;mārganirmitagarteṣu sthitaṁ gṛhṇanti pāradam |;
RRS, 1: 1;89 3;patito darade deśe gauravādvahnivaktrataḥ ||;
RRS, 1: 1;90 1;sa raso bhūtale līnas tattaddeśanivāsinaḥ |;
RRS, 1: 1;90 2;tāṁ mṛdaṁ pātanayantre kṣiptvā sūtaṁ haranti ca ||;
RRS, 2: 2;1 1;abhravaikrāntamākṣīkavimalādrijasasyakam |;
RRS, 2: 2;1 2;capalo rasakaśceti jñātvāṣṭau saṁgrahed rasān ||;
RRS, 2: 2;2 1;devyā rajo bhavedgandho dhātuḥ śukraṁ tathābhrakam iti gaurītejaḥ paramamamṛtaṁ vātapittakṣayaghnam balyaṁ snigdhaṁ rucidam akaphaṁ dīpanaṁ śītavīryaṁ |;
RRS, 2: 2;3 1;rājahastād adhastād yatsamānītaṁ ghanaṁ khaneḥ |;
RRS, 2: 2;3 2;bhavettaduktaphaladaṁ niḥsattvaṁ niṣphalaṁ param ||;Rasendracūḍāmaṇi RCūM, 10: 7 3;rājahastād adhastādyatsamānītaṁ ghanaṁ khaneḥ |bhavettaduktaphaladaṁ niḥsattvaṁ niṣphalaṁ param ||;GOOD;;
RRS, 2: 2;4 1;pinākaṁ nāgamaṇḍūkaṁ vajramityabhrakaṁ matam |;
RRS, 2: 2;4 2;śvetādivarṇabhedena pratyekaṁ taccaturvidham ||;Rasendracūḍāmaṇi RCūM, 10: 7 4;pinākanāgamaṇḍūkavajram ityabhrakaṁ matam |śvetādivarṇabhedena pratyekaṁ taccaturvidham ||;!;;
RRS, 2: 2;5 1;pinākaṁ pāvakottaptaṁ vimuñcati daloccayam |;
RRS, 2: 2;5 2;tatsevitaṁ malaṁ baddhvā mārayatyeva mānavam ||;Rasendracūḍāmaṇi RCūM, 10: 7 5;pinākaṁ pāvakottaptaṁ vimuñcati daloccayam |tatsevitaṁ malaṁ baddhvā mārayatyeva mānavam ||;GOOD;;
Rasendracūḍāmaṇi RCūM, 10: 7 6;nāgābhraṁ nāgavatkuryāt dhvaniṁ pāvakasaṁsthitam |tadbhuktaṁ kurute kuṣṭhaṁ maṇḍalākhyaṁ na saṁśayaḥ ;GOOD;;
RRS, 2: 2;7 1;utplutyotplutya maṇḍūkaṁ dhmātaṁ patati cābhrakam |;
RRS, 2: 2;7 2;tatkuryādaśmarīrogamasādhyaṁ śastrato .nyathā ||;Rasendracūḍāmaṇi RCūM, 10: 7 7;utplutyotplutya maṇḍūkaṁ dhmātaṁ patati cābhrakam |tatkuryādaśmarīrogamasādhyaṁ śastrato.nyathā ||;GOOD;;
RRS, 2: 2;8 1;vajrābhraṁ vahnisaṁtaptaṁ nirmuktāśeṣavaikṛtam |;
RRS, 2: 2;8 2;dehalohakaraṁ tacca sarvarogaharaṁ param ||;
RRS, 2: 2;9 1;śvetaṁ raktaṁ ca pītaṁ ca kṛṣṇamevaṁ caturvidham |;
RRS, 2: 2;9 2;śvetaṁ śvetakriyāsūktaṁ raktābhaṁ raktakarmaṇi |;
RRS, 2: 2;9 3;pītābhamabhrakaṁ yattu śreṣṭhaṁ tatpītakarmaṇi ||;
RRS, 2: 2;10 1;caturvidhaṁ varaṁ vyoma yadyapyuktaṁ rasāyane |;
RRS, 2: 2;10 2;tathāpi kṛṣṇavarṇābhraṁ koṭikoṭiguṇādhikam ||;Rasendracūḍāmaṇi RCūM, 10: 7 10;caturvidhaṁ varaṁ vyoma yadyapyuktaṁ rasāyane |tathāpi kṛṣṇavarṇābhaṁ koṭikoṭiguṇādhikam ||;!;;
RRS, 2: 2;11 1;snigdhaṁ pṛthudalaṁ varṇasaṁyuktaṁ bhārato .dhikam |;
RRS, 2: 2;11 2;sukhanirmocyapattraṁ ca tadabhraṁ śastamīritam ||;
RRS, 2: 2;12 1;sacandrikaṁ ca kiṭṭābhaṁ vyoma na grāsayedrasaḥ |;
RRS, 2: 2;12 2;grasitaśca niyojyo .sau lohe caiva rasāyane ||;
RRS, 2: 2;13 1;niścandrikaṁ mṛtaṁ vyoma sevyaṁ sarvagadeṣu ca |;
RRS, 2: 2;13 2;sevitaṁ candrasaṁyuktaṁ mehaṁ mandānalaṁ caret ||;
RRS, 2: 2;14 1;yair uktaṁ yuktinirmuktaiḥ pattrābhrakarasāyanam |;
RRS, 2: 2;14 2;tair dṛṣṭaṁ kālakūṭākhyaṁ viṣaṁ jīvanahetave ||;Rasendracūḍāmaṇi RCūM, 10: 7 14;yairuktaṁ yuktinirmuktaiḥ patrābhrakarasāyanam |tairdiṣṭaṁ kālakūṭākhyaṁ viṣaṁ jīvanahetave ||;!;;
RRS, 2: 2;15 1;sattvārthaṁ sevanārthaṁ ca yojayecchodhitābhrakam |;
RRS, 2: 2;15 2;anyathā tv aguṇaṁ kṛtvā vikarotyeva niścitam ||;Rasendracūḍāmaṇi RCūM, 10: 7 15;sattvārthaṁ sevanārthaṁ ca yojayecchodhitābhrakam |anyathā tvaguṇaṁ kṛtvā vikarotyeva niścitam ||;GOOD;;
RRS, 2: 2;16 1;prataptaṁ saptavārāṇi nikṣiptaṁ kāñjike .bhrakam |;
RRS, 2: 2;16 2;nirdoṣaṁ jāyate nūnaṁ prakṣiptaṁ vāpi gojale ||;Rasendracūḍāmaṇi RCūM, 10: 7 16;prataptaṁ saptavārāṇi nikṣiptaṁ kāñjike.bhrakam |nirdoṣaṁ jāyate nūnaṁ nikṣiptaṁ vāpi gojale ||;!;;
RRS, 2: 2;17 1;triphalākvathite cāpi gavāṁ dugdhe viśeṣataḥ |;
RRS, 2: 2;17 2;tato dhānyābhrakaṁ kṛtvā piṣṭvā matsyākṣikārasaiḥ ||;Rasendracūḍāmaṇi RCūM, 10: 7 17;triphalākvathite vāpi gavāṁ dugdhe viśeṣataḥ |tato dhānyābhrakaṁ kṛtvā piṣṭvā matsyākṣikārasaiḥ ||;!;;
RRS, 2: 2;18 1;cakrīṁ kṛtvā viśoṣyātha puṭed ardhebhake puṭe |;
RRS, 2: 2;18 2;puṭedevaṁ hi ṣaḍvāraṁ paunarnavarasaiḥ saha ||;Rasendracūḍāmaṇi RCūM, 10: 7 18;cakrīṁ kṛtvā viśoṣyātha puṭedardhebhake puṭe |puṭedevaṁ hi ṣaḍvāraṁ paunarnavarasaiḥ saha ||;GOOD;;
RRS, 2: 2;19 1;kalāṁśaṭaṅkaṇenāpi saṁmardya kṛtacakrikam |;
RRS, 2: 2;19 2;ardhebhākhyapuṭais tadvat saptavāraṁ puṭet khalu ||;Rasendracūḍāmaṇi RCūM, 10: 7 19;abhrāṁśaṭaṅkaṇenāpi saṁmardya kṛtacakrikam |ardhebhākhyaiḥ puṭaistadvatsaptavāraṁ puṭet khalu ||;!;;
RRS, 2: 2;20 1;evaṁ vāsārasenāpi taṇḍulīyarasena ca |;
RRS, 2: 2;20 2;prapuṭet saptavārāṇi pūrvaproktavidhānataḥ |;
RRS, 2: 2;20 3;evaṁ siddhaṁ ghanaṁ sarvayogeṣu viniyojayet ||;
RRS, 2: 2;21 1;cūrṇābhraṁ śālisaṁyuktaṁ vastrabaddhaṁ hi kāñjike |;
RRS, 2: 2;21 2;niryātaṁ mardanādvastrāddhānyābhramiti kathyate ||;Ānandakanda ĀK, 1, 25: 24 35;cūrṇābhraṁ śālisaṁyuktaṁ vastrabaddhaṁ hi kāñjike |niryātaṁ mardanādvastrāddhānyābhramiti kathyate ||;GOOD;;Rasaratnasamuccaya RRS, 8: 8 35;cūrṇābhraṁ śālisaṁyuktaṁ vastrabaddhaṁ hi kāñjike |niryātaṁ mardanādvastrāddhānyābhramiti kathyate ||;GOOD;;Rasendracūḍāmaṇi RCūM, 4: 2 37;cūrṇābhraṁ śālisaṁyuktaṁ vastre baddhaṁ tu kāñjike |niryātaṁ mardanādvastrāddhānyābhramiti kathyate ||;!;;
RRS, 2: 2;22 1;dhānyābhraṁ kāsamardasya rasena parimarditam |;
RRS, 2: 2;22 2;puṭitaṁ daśavāreṇa mriyate nātra saṁśayaḥ |;
RRS, 2: 2;22 3;tadvanmustārasenāpi taṇḍulīyarasena ca ||;
RRS, 2: 2;23 1;pītāmalakasaubhāgyapiṣṭaṁ cakrīkṛtābhrakam |;
RRS, 2: 2;23 2;puṭitaṁ ṣaṣṭivārāṇi sindūrābhaṁ prajāyate |;
RRS, 2: 2;23 3;kṣayādyakhilarogaghnaṁ bhavedrogānupānataḥ ||;
RRS, 2: 2;24 1;vaṭamūlatvacaḥ kvāthais tāmbūlīpattrasārataḥ |;
RRS, 2: 2;24 2;vāsāmatsyākṣikābhyāṁ vā mīnākṣyā sakaṭhillayā ||;
RRS, 2: 2;25 1;payasā vaṭavṛkṣasya marditaṁ puṭitaṁ ghanam |;
RRS, 2: 2;25 2;bhavedviṁśativāreṇa sindūrasadṛśaprabham ||;Rasendracūḍāmaṇi RCūM, 10: 7 33;payasā vaṭavṛkṣasya marditaṁ puṭitaṁ ghanam |bhaved viṁśativāreṇa sindūrasadṛśaṁ ghanam ||;!;;

RRS, 2: 2;27 1;kāsamardaghanādhānyavāsānāṁ ca punarbhuvaḥ |;
RRS, 2: 2;27 2;matsyākṣyāḥ kāṇḍavallyāśca haṁsapādyā rasaiḥ pṛthak ||;
RRS, 2: 2;28 1;piṣṭvā piṣṭvā prayatnena śoṣayed gharmayogataḥ |;
RRS, 2: 2;28 2;palaṁ godhūmacūrṇasya kṣudramatsyāśca ṭaṅkaṇam ||;Rasendracūḍāmaṇi RCūM, 10: 7 38;piṣṭvā piṣṭvā prayatnena śoṣayedgharmayogataḥ |khaliṁ godhūmacūrṇaṁ ca kṣudramatsyāṁśca ṭaṅkaṇam ||;!;;
RRS, 2: 2;29 1;pratyekamaṣṭamāṁśena dattvā dattvā vimardayet |;
RRS, 2: 2;29 2;mardane mardane samyakśoṣayedraviraśmibhiḥ ||;Rasendracūḍāmaṇi RCūM, 10: 7 39;pratyekamabhrakāṁśena dattvā caiva vimardayet |mardane mardane samyak śoṣayedraviraśmibhiḥ ||;!;;
RRS, 2: 2;30 1;pañcājaṁ pañcagavyaṁ vā pañcamāhiṣameva ca |;
RRS, 2: 2;30 2;kṣiptvā golānprakurvīta kiṁcittindukato .dhikān ||;
RRS, 2: 2;31 1;payo dadhi ghṛtaṁ mūtraṁ saviṭkaṁ cājam ucyate |;
RRS, 2: 2;31 2;adhaḥpātanakoṣṭhyāṁ hi dhmātvā sattvaṁ nipātayet ||;
RRS, 2: 2;32 1;koṣṭhyāṁ kiṭṭaṁ samāhṛtya vicūrṇya ravakān haret |;
RRS, 2: 2;32 2;tatkiṭṭaṁ svalpaṭaṅkena gomayena vimardya ca ||;
RRS, 2: 2;33 1;golānvidhāya saṁśoṣya gharme bhūyo .pi pūrvavat |;
RRS, 2: 2;33 2;bhūyaḥ kiṭṭaṁ samāhṛtya mṛditvā sattvamāharet ||;Rasendracūḍāmaṇi RCūM, 10: 7 43;golānvidhāya saṁśoṣya dhamed bhūyo.pi pūrvavat |bhūyaḥ kiṭṭaṁ samāhṛtya mṛditvā sattvamāharet ||;!;;
RRS, 2: 2;34 1;atha sattvakaṇāṁstāṁstu kvāthayitvāmlakāñjikaiḥ |;
RRS, 2: 2;34 2;śodhanīyagaṇopetaṁ mūṣāmadhye nirudhya ca ||;
RRS, 2: 2;35 1;samyagdrutaṁ samāhṛtya dvivāraṁ pradhamed ghanam |;
RRS, 2: 2;35 2;iti śuddhaṁ bhavetsattvaṁ yojyaṁ rasarasāyane ||;
RRS, 2: 2;36 1;madhutailavasājyeṣu drāvitaṁ parivāpitam |;
RRS, 2: 2;36 2;mṛdu syāddaśavāreṇa sattvaṁ lohādikaṁ kharam ||;
RRS, 2: 2;37 1;paṭṭacūrṇaṁ vidhāyātha goghṛtena pariplutam |;
RRS, 2: 2;37 2;bharjayetsaptavārāṇi cullīsaṁsthitakharpare ||;
RRS, 2: 2;38 1;agnivarṇaṁ bhavedyāvadvāraṁ vāraṁ vicūrṇayet |;
RRS, 2: 2;38 2;tṛṇaṁ kṣiptvā dahedyāvattāvadvā bharjanaṁ caret ||;
RRS, 2: 2;39 1;tataḥ sagandhakaṁ piṣṭvā vaṭamūlakaṣāyataḥ |;
RRS, 2: 2;39 2;puṭedviṁśativāreṇa vārāheṇa puṭena hi ||;
RRS, 2: 2;40 1;punarviṁśativārāṇi triphalotthakaṣāyataḥ |;
RRS, 2: 2;40 2;triphalāmuṇḍikābhṛṅgapatrapathyākṣamūlakaiḥ ||;
RRS, 2: 2;41 1;bhāvayitvā prayoktavyaṁ sarvarogeṣu mātrayā |;
RRS, 2: 2;41 2;sattvābhrātkiṁcidaparaṁ nirvikāraṁ guṇādhikam ||;
RRS, 2: 2;42 1;evaṁ cecchatavārāṇi puṭapākena sādhitam |;
RRS, 2: 2;42 2;guṇavajjāyate .tyarthaṁ paraṁ pācanadīpanam ||;
RRS, 2: 2;43 1;gandharvapattratoyena guḍena saha bhāvitam |;
RRS, 2: 2;43 2;adhordhvaṁ vaṭapatrāṇi niścandraṁ tripuṭaiḥ khagam ||;
RRS, 2: 2;44 1;kṣudhaṁ karoti cātyarthaṁ guñjārdhamitisevayā |;
RRS, 2: 2;44 2;tattadrogaharairyogaiḥ sarvarogaharaṁ param ||;
RRS, 2: 2;45 1;sattvasya golakaṁ dhmātaṁ sasyasaṁyuktakāñjike |;
RRS, 2: 2;45 2;nirvāpya tatkṣaṇenaiva kuṭṭayellohapārayā ||;
RRS, 2: 2;46 1;sampratāpya ghanasthūlakaṇān kṣiptvātha kāñjike |;
RRS, 2: 2;46 2;tatkṣaṇena samāhṛtya kuṭṭayitvā rajaścaret ||;
RRS, 2: 2;47 1;goghṛtena ca taccūrṇaṁ bharjayet pūrvavat tridhā |;
RRS, 2: 2;47 2;dhātrīphalarasaistadvaddhātrīpatrarasena vā ||;
RRS, 2: 2;48 1;bharjane bharjane kāryaṁ śilāpaṭṭena peṣaṇam |;
RRS, 2: 2;48 2;tataḥ punarnavāvāsārasaiḥ kāñjikamiśritaiḥ ||;
RRS, 2: 2;49 1;prapuṭeddaśavārāṇi daśavārāṇi gandhakaiḥ |;
RRS, 2: 2;49 2;evaṁ saṁśodhitaṁ vyomasattvaṁ sarvaguṇottaram |;
RRS, 2: 2;49 3;yatheṣṭaṁ viniyoktavyaṁ jāraṇe ca rasāyane ||;
RRS, 2: 2;50 1;drutayo naiva nirdiṣṭāḥ śāstre dṛṣṭā api dṛḍham |;
RRS, 2: 2;50 2;vinā śaṁbhoḥ prasādena na sidhyanti kadācana ||;
RRS, 2: 2;51 1;vellavyoṣasamanvitaṁ ghṛtayutaṁ vallonmitaṁ sevitaṁ jūrtiṁ śvāsagadaṁ pramehamaruciṁ kāsāmayaṁ |;Rasendracūḍāmaṇi RCūM, 10: 7 53;vellavyoṣasamanvitaṁ ghṛtayutaṁ vallonmitaṁ sevitaṁ jūrtiṁ śvāsagadaṁ pramehamaruciṁ kāsāmayaṁ ;!;;
RRS, 2: 2;52 1;aṣṭāsraś cāṣṭaphalakaḥ ṣaṭkoṇo masṛṇo guruḥ |;
RRS, 2: 2;52 2;śuddhamiśritavarṇaiśca yukto vaikrānta ucyate ||;Ānandakanda ĀK, 2, 8: 33 179;aṣṭāsraś cāṣṭaphalakaḥ ṣaṭkoṇo masṛṇo guruḥ |śuddhamiśritavarṇaiśca yukto vaikrānta ucyate ||;!;;Rasamañjarī RMañj, 3: 3 31;aṣṭāsraś cāṣṭaphalakaḥ ṣaṭkoṇo masṛṇo guruḥ |śuddhamiśritavarṇaiśca yukto vaikrānta ucyate ||;!;;Rasendracūḍāmaṇi RCūM, 10: 7 61;aṣṭāsraś cāṣṭaphalakaḥ ṣaṭkoṇo masṛṇo guruḥ |śuddhamiśritavarṇaiśca yukto vaikrānta ucyate ||;!;;
RRS, 2: 2;53 1;śveto raktaśca pītaśca nīlaḥ pārāpatacchaviḥ |;
RRS, 2: 2;53 2;śyāmalaḥ kṛṣṇavarṇaśca karburaścāṣṭadhā hi saḥ ||;Rasamañjarī RMañj, 3: 3 32;śveto raktaśca pītaśca nīlaḥ pārāvatacchaviḥ |śyāmalaḥ kṛṣṇavarṇaśca karburaścāṣṭadhā hi saḥ ||;!;;Rasendracūḍāmaṇi RCūM, 10: 7 62;śveto raktaśca pītaśca nīlaḥ pārāvatacchaviḥ |śyāmalaḥ kṛṣṇavarṇaśca karburaścāṣṭadhā hi saḥ ||;!;;
RRS, 2: 2;54 1;āyuḥpradaśca balavarṇakaro .tivṛṣyaḥ prajñāpradaḥ dīptāgnikṛt pavisamānaguṇastarasvī vaikrāntakaḥ khalu |;Rasendracūḍāmaṇi RCūM, 10: 7 63;āyuḥpradaśca balavarṇakaro.tivṛṣyaḥ prajñāpradaḥ dīptāgnikṛt pavisamānaguṇas tarasvī vaikrāntakaḥ khalu ;GOOD;;
RRS, 2: 2;55 1;rasāyaneṣu sarveṣu pūrvagaṇyaḥ pratāpavān |;
RRS, 2: 2;55 2;vajrasthāne niyoktavyo vaikrāntaḥ sarvadoṣahā ||;Rasendracūḍāmaṇi RCūM, 10: 7 64;rasāyaneṣu sarveṣu pūrvagaṇyaḥ pratāpavān |vajrasthāne niyoktavyo vaikrāntaḥ sarvarogahā ||;!;;
RRS, 2: 2;56 1;daityendro māhiṣaḥ siddhaḥ sahadevasamudbhavaḥ |;
RRS, 2: 2;56 2;durgā bhagavatī devī taṁ śūlena vyamardayat ||;
RRS, 2: 2;57 1;tasya raktaṁ tu patitaṁ yatra yatra sthitaṁ bhuvi |;
RRS, 2: 2;57 2;tatra tatra tu vaikrāntaṁ vajrākāraṁ mahārasam ||;Rasārṇava RArṇ, 6: 6 125;tasya raktaṁ tu patitaṁ yatra yatra sthitaṁ bhuvi |tatra tatra tu vaikrānto vajrākāro mahārasaḥ ||;GOOD;;
RRS, 2: 2;58 1;vindhyasya dakṣiṇe bhāge hy uttare vāsti sarvataḥ |;
RRS, 2: 2;58 2;vikṛntayati lohāni tena vaikrāntakaḥ smṛtaḥ ||;
RRS, 2: 2;59 1;śvetaḥ pītastathā rakto nīlaḥ pārāvataprabhaḥ |;
RRS, 2: 2;59 2;mayūrakaṇṭhasadṛśaścānyo marakataprabhaḥ ||;Rasārṇava RArṇ, 6: 6 127;śvetaḥ pītastathā rakto nīlaḥ pārāvataprabhaḥ |mayūravālasadṛśaś cānyo marakataprabhaḥ ||;!;;
RRS, 2: 2;60 1;dehasiddhikaraṁ kṛṣṇaṁ pīte pītaṁ site sitam |;
RRS, 2: 2;60 2;sarvārthasiddhidaṁ raktaṁ tathā marakataprabham |;
RRS, 2: 2;60 3;śeṣe dve niṣphale varjye vaikrāntamiti saptadhā ||;Rasārṇava RArṇ, 6: 6 128;dehasiddhikaraḥ kṛṣṇaḥ pīte pītaḥ site sitaḥ |sarvārthasiddhido raktaḥ tathā marakataprabhaḥ |śeṣe dve niṣphale varjye vaikrāntamiti saptadhā ||;GOOD;;
RRS, 2: 2;61 1;yatra kṣetre sthitaṁ caiva vaikrāntaṁ tatra bhairavam |;
RRS, 2: 2;61 2;vināyakaṁ ca sampūjya gṛhṇīyācchuddhamānasaḥ ||;
RRS, 2: 2;62 1;vaikrānto vajrasadṛśo dehalohakaro mataḥ |;
RRS, 2: 2;62 2;viṣaghno rasarājaśca jvarakuṣṭhakṣayapraṇut ||;
RRS, 2: 2;63 1;vaikrāntakāḥ syustridinaṁ viśuddhāḥ saṁsveditāḥ amleṣu mūtreṣu kulattharambhānīre .thavā |;
RRS, 2: 2;64 1;kulatthakvāthasaṁsvinno vaikrāntaḥ pariśudhyati |;
RRS, 2: 2;64 2;mriyate .ṣṭapuṭair gandhanimbukadravasaṁyutaḥ ||;
RRS, 2: 2;65 1;vaikrānteṣu ca tapteṣu hayamūtraṁ vinikṣipet |;
RRS, 2: 2;65 2;paunaḥpunyena vā kuryāddravaṁ dattvā puṭaṁ tvanu |;
RRS, 2: 2;65 3;bhasmībhūtaṁ tu vaikrāntaṁ vajrasthāne niyojayet ||;
RRS, 2: 2;66 1;mocamoraṭapālāśakṣāragomūtrabhāvitam |;
RRS, 2: 2;66 2;vajrakandaniśākalkaphalacūrṇasamanvitam ||;
RRS, 2: 2;67 1;tatkalkaṁ ṭaṅkaṇaṁ lākṣācūrṇaṁ vaikrāntasaṁbhavam |;
RRS, 2: 2;67 2;navasārasamāyuktaṁ meṣaśṛṅgīdravānvitaṁ ||;
RRS, 2: 2;68 1;piṇḍitaṁ mūkamūṣasthaṁ dhmāpitaṁ ca haṭhāgninā |;
RRS, 2: 2;68 2;tatraiva patate sattvaṁ vaikrāntasya na saṁśayaḥ ||;
RRS, 2: 2;69 1;sattvapātanayogena marditaśca vaṭīkṛtaḥ |;
RRS, 2: 2;69 2;mūṣāstho ghaṭikādhmāto vaikrāntaḥ sattvamutsṛjet ||;Rasendracūḍāmaṇi RCūM, 10: 7 66;sattvapātanayogena marditaśca vaṭīkṛtaḥ |mūṣāstho ghaṭikādhmāto vaikrāntaḥ sattvamutsṛjet ||;GOOD;;Ānandakanda ĀK, 2, 8: 33 190;sattvapātanayogena marditaśca vaṭīkṛtaḥ |mūṣāyāṁ ghaṭikāṁ dhmāto vaikrāntaḥ sattvamutsṛjet ||;!;;
RRS, 2: 2;70 1;bhasmatvaṁ samupāgato vikṛtako hemnā mṛtenānvitaḥ yakṣmāṇaṁ jaraṇaṁ ca pāṇḍugudajaṁ śvāsaṁ ca |;
RRS, 2: 2;71 1;sūtabhasmārdhasaṁyuktaṁ nīlavaikrāntabhasmakaṁ |;
RRS, 2: 2;71 2;mṛtābhrasattvamubhayostulitaṁ parimarditam ||;Rasendracūḍāmaṇi RCūM, 10: 7 68;sūtabhasmārdhasaṁyuktaṁ nīlavaikrāntabhasmakam |mṛtābhrasattvamubhayostulitaṁ parimarditam ||;GOOD;;
RRS, 2: 2;72 1;kṣaudrājyasaṁyutaṁ prātarguñjāmātraṁ niṣevitam |;
RRS, 2: 2;72 2;nihanti sakalānrogāndurjayānanyabheṣajaiḥ |;
RRS, 2: 2;72 3;triḥsaptadivasair nṝṇāṁ gaṅgāmbha iva pātakam ||;
RRS, 2: 2;73 1;suvarṇaśailaprabhavo viṣṇunā kāñcano rasaḥ |;
RRS, 2: 2;73 2;tāpyāṁ kirātacīneṣu yavaneṣu ca nirmitaḥ |;
RRS, 2: 2;73 3;tāpyaḥ sūryāṁśusaṁtapto mādhave māsi dṛśyate ||;
RRS, 2: 2;74 1;madhuraḥ kāñcanābhāsaḥ sāmlo rajatasaṁnibhaḥ |;
RRS, 2: 2;74 2;kiṁcitkaṣāyamadhuraḥ śītaḥ pāke kaṭurlaghuḥ |;
RRS, 2: 2;74 3;tatsevanājjarāvyādhiviṣairna paribhūyate ||;
Ānandakanda ĀK, 2, 1: 26 90;mākṣīkaṁ dvividhaṁ hemamākṣikaṁ tāramākṣikam |tatrādyaṁ mākṣikaṁ kānyakubjotthaṁ svarṇasannibham ||;GOOD;;Rasendracūḍāmaṇi RCūM, 10: 7 129;mākṣiko dvividho hemamākṣikastāramākṣikaḥ |tatrādyaṁ mākṣikaṁ kānyakubjotthaṁ svarṇasannibham ||;GOOD;;
RRS, 2: 2;76 1;tapatītīrasambhūtaṁ pañcavarṇasuvarṇavat |;
RRS, 2: 2;76 2;pāṣāṇabahalaḥ proktastārākhyo .lpaguṇātmakaḥ ||;
RRS, 2: 2;77 1;mākṣīkadhātuḥ sakalāmayaghnaḥ prāṇo rasendrasya durmelalohadvayamelanaś ca guṇottaraḥ |;
RRS, 2: 2;78 1;eraṇḍatailaluṅgāmbusiddhaṁ śudhyati mākṣikam |;
RRS, 2: 2;78 2;siddhaṁ vā kadalīkandatoyena ghaṭikādvayam |;
RRS, 2: 2;78 3;taptaṁ kṣiptaṁ varākvāthe śuddhimāyāti mākṣikam ||;Yogaratnākara YRā, 1: 1 161;eraṇḍatailaluṅgāmbusiddhaṁ śudhyati mākṣikam |śuddhaṁ vā kadalīkandatoyena ghaṭikādvayam |taptaṁ kṣiptaṁ varākvāthe śuddhimāyāti mākṣikam ||;GOOD;;
RRS, 2: 2;79 1;mātuluṅgāmbugandhābhyāṁ piṣṭaṁ mūṣodare sthitam |;
RRS, 2: 2;79 2;pañcakroḍapuṭair dagdhaṁ mriyate mākṣikaṁ khalu ||;
RRS, 2: 2;80 1;eraṇḍasnehagavyājair mātuluṅgarasena vā |;
RRS, 2: 2;80 2;kharparasthaṁ dṛḍhaṁ pakvaṁ jāyate dhātusaṁnibham |;
RRS, 2: 2;80 3;evaṁ mṛtaṁ rase yojyaṁ rasāyanavidhāv api ||;
RRS, 2: 2;81 1;triṁśāṁśanāgasaṁyuktaṁ kṣārair amlaiśca vartitam |;
RRS, 2: 2;81 2;dhmātaṁ prakaṭamūṣāyāṁ sattvaṁ muñcati mākṣikam ||;Rasendracūḍāmaṇi RCūM, 10: 7 136;triṁśāṁśanāgasaṁyuktaṁ kṣārairamlaiśca vartitam |dhmātaṁ prakaṭamūṣāyāṁ sattvaṁ muñcati mākṣikam ||;GOOD;;
RRS, 2: 2;82 1;saptavāraṁ paridrāvya kṣiptaṁ nirguṇḍikārase |;
RRS, 2: 2;82 2;mākṣīkasattvasaṁmiśraṁ nāgaṁ naśyati niścitam ||;Rasendracūḍāmaṇi RCūM, 10: 7 137;saptavāraṁ paridrāvya kṣiptaṁ nirguṇḍikārase |mākṣīkasattvasammiśraṁ nāgaṁ naśyati niścitam ||;GOOD;;
RRS, 2: 2;83 1;kṣaudragandharvatailābhyāṁ gomūtreṇa ghṛtena ca |;
RRS, 2: 2;83 2;kadalīkandasāreṇa bhāvitaṁ mākṣikaṁ muhuḥ |;
RRS, 2: 2;83 3;mūṣāyāṁ muñcati dhmātaṁ sattvaṁ śulbanibhaṁ mṛdu ||;Rasārṇava RArṇ, 7: 7 10;kṣaudragandharvatailābhyāṁ gomūtreṇa ghṛtena ca |kadalīkandasāreṇa bhāvitaṁ mākṣikaṁ muhuḥ |mūṣāyāṁ muñcati dhmātaṁ sattvaṁ śulvanibhaṁ mṛdu ||;!;;
RRS, 2: 2;84 1;guñjābījasamacchāyaṁ drutadrāvaṁ ca śītalam |;
RRS, 2: 2;84 2;tāpyasattvaṁ viśuddhaṁ taddehalohakaraṁ param ||;
RRS, 2: 2;85 1;mākṣīkasattvena rasendrapiṣṭaṁ kṛtvā vilīne ca baliṁ saṁmiśrya saṁmardya ca khalvamadhye nikṣipya sattvaṁ |;
RRS, 2: 2;86 1;vidhāya golaṁ lavaṇākhyayantre paceddinārdhaṁ svataḥ suśītaṁ paricūrṇya samyagvallonmitaṁ |;Rasendracūḍāmaṇi RCūM, 10: 7 140;vidhāya golaṁ lavaṇākhyayantre paceddinārdhaṁ svataḥ suśītaṁ paricūrṇya samyag vallonmitaṁ ;!;;
RRS, 2: 2;87 1;saṁsevitaṁ kṣaudrayutaṁ nihanti jarāṁ sarogāṁ duḥsādhyarogānapi saptavāsarairnaitena tulyo .sti |;
RRS, 2: 2;88 1;eraṇḍotthena tailena guñjākṣaudraṁ ca ṭaṅkaṇam |;
RRS, 2: 2;88 2;marditaṁ tasya vāpena sattvaṁ mākṣīkajaṁ dravet ||;Rasaratnākara RRĀ, 3, 17: 36 60;eraṁḍotthena tailena guṁjākṣaudraṁ ca ṭaṁkaṇam |marditaṁ tasya vāpena satvaṁ mākṣikajaṁ dravet ||;GOOD;;
RRS, 2: 2;89 1;vimalastrividhaḥ prokto hemādyastārapūrvakaḥ |;
RRS, 2: 2;89 2;tṛtīyaḥ kāṁsyavimalastattatkāntyā sa lakṣyate ||;Rasendracūḍāmaṇi RCūM, 10: 7 85;vimalastrividhaḥ prokto hemādyastārapūrvakaḥ |tṛtīyaḥ kāṁsyavimalastattatkāntyā sa lakṣyate ||;GOOD;;Ānandakanda ĀK, 2, 8: 33 210;vimalastrividhaḥ prokto hemādyastārapūrvikaḥ |tṛtīyaḥ kāṁsyavimalastatra kāntyā sa lakṣyate ||;!;;
RRS, 2: 2;90 1;vartulaḥ koṇasaṁyuktaḥ snigdhaśca phalakānvitaḥ |;
RRS, 2: 2;90 2;marutpittaharo vṛṣyo vimalo .tirasāyanaḥ ||;Ānandakanda ĀK, 2, 8: 33 211;vartulaḥ koṇasaṁyuktaḥ snigdhaśca phalakānvitaḥ |marutpittaharo vṛṣyo vimalo.tirasāyanaḥ ||;GOOD;;Rasendracūḍāmaṇi RCūM, 10: 7 86;vartulaḥ koṇasaṁyuktaḥ snigdhaśca phalakānvitaḥ |marutpittaharo vṛṣyo vimalo.tirasāyanaḥ ||;GOOD;;
RRS, 2: 2;91 1;pūrvo hemakriyāsūkto dvitīyo rūpyakṛnmataḥ |;
RRS, 2: 2;91 2;tṛtīyo bheṣaje teṣu pūrvapūrvo guṇottaraḥ ||;Rasendracūḍāmaṇi RCūM, 10: 7 87;pūrvo hemakriyāsūkto dvitīyo rūpyakṛnmataḥ |tṛtīyo bheṣaje teṣu pūrvaḥ pūrvaguṇottaraḥ ||;GOOD;;
RRS, 2: 2;92 1;āṭarūṣajale svinno vimalo vimalo bhavet |;
RRS, 2: 2;92 2;jambīrasvarase svinno meṣaśṛṅgīrase .thavā |;
RRS, 2: 2;92 3;āyāti śuddhiṁ vimalo dhātavaśca yathā pare ||;
RRS, 2: 2;93 1;gandhāśmalakucāmlaiśca mriyate daśabhiḥ puṭaiḥ ||;
RRS, 2: 2;94 1;saṭaṅkalakucadrāvairmeṣaśṛṅgyāśca bhasmanā |;
RRS, 2: 2;94 2;piṣṭo mūṣodare liptaḥ saṁśoṣya ca nirudhya ca ||;Rasendracūḍāmaṇi RCūM, 10: 7 89;saṭaṅkalakucadrāvair meṣaśṛṅgasya bhasmanā |piṣṭo mūṣodare liptaḥ saṁśoṣya ca nirudhya ca ||;!;;
RRS, 2: 2;95 1;ṣaṭprasthakokilairdhmāto vimalaḥ sīsasaṁnibhaḥ |;
RRS, 2: 2;95 2;sattvaṁ muñcati tadyukto rasaḥ syātsa rasāyanaḥ ||;Rasendracūḍāmaṇi RCūM, 10: 7 90;ṣaṭprasthakokilair dhmāto vimalaḥ sīsasannibham |sattvaṁ muñcati tadyukto rasaḥ syāttu rasāyanaḥ ||;GOOD;;
RRS, 2: 2;96 1;vimalaṁ śigrutoyena kāṅkṣīkāsīsaṭaṅkaṇam |;
RRS, 2: 2;96 2;vajrakandasamāyuktaṁ bhāvitaṁ kadalīrasaiḥ ||;Ānandakanda ĀK, 2, 8: 33 216;vimalaṁ śigrutoyena kāṁkṣīkāsīsaṭaṅkaṇaiḥ |vajrakandasamāyuktairbhāvayetkadalīrasaiḥ ||;GOOD;;Rasārṇava RArṇ, 7: 7 16;vimalaṁ śigrutoyena kāṅkṣīkāsīsaṭaṅkaṇaiḥ |vajrakandasamāyuktaṁ bhāvitaṁ kadalīrasaiḥ ||;GOOD;;
RRS, 2: 2;97 1;mokṣakakṣārasaṁyuktaṁ dhmāpitaṁ mūkamūṣagam |;
RRS, 2: 2;97 2;sattvaṁ candrārkasaṁkāśaṁ patate nātra saṁśayaḥ ||;
RRS, 2: 2;98 1;tatsattvaṁ sūtasaṁyuktaṁ piṣṭaṁ kṛtvā sumarditam |;
RRS, 2: 2;98 2;vilīne gandhake kṣiptvā jārayettriguṇālakaṁ ||;
RRS, 2: 2;99 1;śilāṁ pañcaguṇāṁ cāpi vālukāyantrake khalu |;
RRS, 2: 2;99 2;tārabhasmadaśāṁśena tāvadvaikrāntakaṁ mṛtaṁ ||;Rasendracūḍāmaṇi RCūM, 10: 7 92;śilāṁ pañcaguṇāṁ cāpi nālikāyantrake khalu |tārabhasma daśāṁśena tāvadvaikrāntakaṁ mṛtam ||;!;;
RRS, 2: 2;100 1;sarvamekatra saṁcūrṇya paṭena parigālya ca |;
RRS, 2: 2;100 2;nikṣipya kūpikāmadhye paripūrya prayatnataḥ ||;Rasendracūḍāmaṇi RCūM, 10: 7 93;sarvamekatra saṁcūrṇya paṭena parigālya ca |nikṣipya kūpikāmadhye paripūrya prayatnataḥ ||;GOOD;;
RRS, 2: 2;101 1;līḍho vyoṣavarānvito vimalako yukto ghṛtaiḥ sevito mūlārtiṁ grahaṇīṁ ca śūlamatulaṁ yakṣmāmayaṁ |;Rasendracūḍāmaṇi RCūM, 10: 7 94;līḍho vyoṣavarānvito vimalako yukto ghṛtaiḥ sevito hanyād mūlārtiṁ grahaṇīṁ ca śūlamatulaṁ yakṣmāmayān ;GOOD;;
RRS, 2: 2;102 1;śilādhātur dvidhā prokto gomūtrādyo rasāyanaḥ |;
RRS, 2: 2;102 2;karpūrapūrvakaścānyastatrādyo dvividhaḥ punaḥ |;
RRS, 2: 2;102 3;sasattvaścaiva niḥsattvastayoḥ pūrvo guṇādhikaḥ ||;
RRS, 2: 2;103 1;grīṣme tīvrārkataptebhyaḥ pādebhyo himabhūbhṛtaḥ |;
RRS, 2: 2;103 2;svarṇarūpyārkagarbhebhyaḥ śilādhāturviniḥsaret ||;
RRS, 2: 2;104 1;svarṇagarbhagirerjāto japāpuṣpanibho guruḥ |;
RRS, 2: 2;104 2;sasvalpatiktaḥ susvāduḥ paramaṁ tadrasāyanam ||;
RRS, 2: 2;105 1;rūpyagarbhagirerjātaṁ madhuraṁ pāṇḍuraṁ guru |;
RRS, 2: 2;105 2;śilājaṁ pittarogaghnaṁ viśeṣātpāṇḍurogahṛt ||;
RRS, 2: 2;106 1;tāmragarbhaṁ girerjātaṁ nīlavarṇaṁ ghanaṁ guru |;
RRS, 2: 2;106 2;śilājaṁ kaphavātaghnaṁ tiktoṣṇaṁ kṣayarogahṛt ||;
RRS, 2: 2;107 1;vahnau kṣiptaṁ bhavedyattalliṅgākāramadhūmakam |;
RRS, 2: 2;107 2;salile .tha vilīnaṁ ca tacchuddhaṁ hi śilājatu ||;
RRS, 2: 2;108 1;nūnaṁ sajvarapāṇḍuśophaśamanaṁ gulmaplīhavināśanaṁ jaṭharahṛcchūlaghnamāmāpahaṁ |;Rasendracūḍāmaṇi RCūM, 10: 7 101;nūnaṁ sajvarapāṇḍuśophaśamanaṁ gulmaplīhavināśanaṁ jaṭharahṛcchūlaghnam āmāpahaṁ ;GOOD;;
RRS, 2: 2;109 1;rasoparasasūtendraratnaloheṣu ye guṇāḥ |;
RRS, 2: 2;109 2;vasanti te śilādhātau jarāmṛtyujigīṣayā ||;Ānandakanda ĀK, 2, 1: 26 217;rasoparasasūtendraratnaloheṣu ye guṇāḥ |vasanti te śilādhātau jarāmṛtyujigīṣayā ||;GOOD;;Rasendracūḍāmaṇi RCūM, 10: 7 102;rasoparasasūtendraratnaloheṣu ye guṇāḥ |vasanti te śilādhātau jarāmṛtyujigīṣayā ||;GOOD;;
RRS, 2: 2;110 1;kṣārāmlagojalair dhautaṁ śudhyatyeva śilājatu ||;
RRS, 2: 2;111 1;śilādhātuṁ ca dugdhena triphalāmārkavadravaiḥ |;
RRS, 2: 2;111 2;lohapātre vinikṣipya śodhayedatiyatnataḥ ||;
RRS, 2: 2;112 1;kṣārāmlaguggulopetaiḥ svedanīyantramadhyagaiḥ |;
RRS, 2: 2;112 2;sveditaṁ ghaṭikāmānācchilādhātu viśudhyati ||;Rasendracūḍāmaṇi RCūM, 10: 7 103;kṣārāmlairguggulūpetaiḥ svedanīyantramadhyagaiḥ |sveditaṁ ghaṭikāmānācchilādhātur viśudhyati ||;!;;
RRS, 2: 2;113 1;śilayā gandhatālābhyāṁ mātuluṅgarasena ca |;
RRS, 2: 2;113 2;puṭitaṁ hi śilādhātu mriyate .ṣṭagiriṇḍakaiḥ ||;Rasendracūḍāmaṇi RCūM, 10: 7 104;śilayā gandhatālābhyāṁ mātuluṅgarasena ca |puṭitaṁ hi śilādhātur mriyate .ṣṭagiriṇḍakaiḥ ||;GOOD;;
RRS, 2: 2;114 1;bhasmībhūtaśilodbhavaṁ samatulaṁ kāntaṁ ca pāṇḍau yakṣmagade tathāgnisadane meheṣu mūlāmaye |;
RRS, 2: 2;115 1;seveta yadi ṣaṇmāsaṁ rasāyanavidhānataḥ |;
RRS, 2: 2;115 2;valīpalitanirmukto jīvedvarṣaśataṁ sukhī ||;Rasendracūḍāmaṇi RCūM, 10: 7 106;seveta yadi ṣaṇmāsaṁ rasāyanavidhānataḥ |valīpalitanirmukto jīvedvarṣaśataṁ sukhī ||;GOOD;;
RRS, 2: 2;116 1;piṣṭaṁ drāvaṇavargeṇa sāmlena girisaṁbhavam |;
RRS, 2: 2;116 2;kṣiptvā mūṣodare ruddhvā gāḍhairdhmātaṁ hi kokilaiḥ |;
RRS, 2: 2;116 3;sattvaṁ muñcecchilādhātuḥ śvasanairlohasaṁnibham ||;
RRS, 2: 2;117 1;pāṇḍuraṁ sikatākāraṁ karpūrādyaṁ śilājatu |;
RRS, 2: 2;117 2;mūtrakṛcchrāśmarīmehakāmalāpāṇḍunāśanam ||;
RRS, 2: 2;118 1;elātoyena saṁbhinnaṁ siddhaṁ śuddhimupaiti tat |;
RRS, 2: 2;118 2;naitasya māraṇaṁ sattvapātanaṁ vihitaṁ budhaiḥ ||;
RRS, 2: 2;119 1;pītvā hālāhalaṁ vāntaṁ pītāmṛtagarutmatā |;
RRS, 2: 2;119 2;viṣeṇāmṛtayuktena girau marakatāhvaye |;
RRS, 2: 2;119 3;tadvāntaṁ hi ghanībhūtaṁ saṁjātaṁ sasyakaṁ khalu ||;
RRS, 2: 2;120 1;mayūrakaṇṭhasacchāyaṁ bhārāḍhyamatiśasyate ||;
RRS, 2: 2;121 1;dravyaṁ viṣayutaṁ yattaddravyādhikaguṇaṁ bhavet |;
RRS, 2: 2;121 2;hālāhalaṁ sudhāyuktaṁ sudhādhikaguṇaṁ tathā ||;
RRS, 2: 2;122 1;niḥśeṣadoṣaviṣahṛdgadaśūlamūlakuṣṭhāmlapaittikavibandhrasāyanaṁ vamanarekakaraṁ garaghnaṁ śvitrāpahaṁ |;
RRS, 2: 2;123 1;sasyakaṁ śuddhimāpnoti raktavargeṇa bhāvitam ||;Rasārṇava RArṇ, 7: 7 45;sasyakaḥ śuddhimāpnoti raktavargeṇa bhāvitaḥ ||;GOOD;;
RRS, 2: 2;124 1;snehavargeṇa saṁsiktaṁ saptavāramadūṣitam |;
RRS, 2: 2;124 2;dolāyantreṇa susvinnaṁ sasyakaṁ praharatrayam |;
RRS, 2: 2;124 3;gomahiṣyājamūtreṣu śudhyate pañcakharparam ||;
RRS, 2: 2;125 1;lakucadrāvagandhāśmaṭaṅkaṇena samanvitam |;
RRS, 2: 2;125 2;nirudhya mūṣikāmadhye mriyate kaukkuṭaiḥ puṭaiḥ ||;Rasendracūḍāmaṇi RCūM, 10: 7 76;lakucadravagandhāśmaṭaṅkaṇena samanvitam |nirudhya mūṣikāmadhye mriyate kaukkuṭaiḥ puṭaiḥ ||;!;;
RRS, 2: 2;126 1;sasyakasya tu cūrṇaṁ tu pādasaubhāgyasaṁyutam |;
RRS, 2: 2;126 2;karañjatailamadhyasthaṁ dinamekaṁ nidhāpayet ||;
RRS, 2: 2;127 1;andhamūṣāsyamadhyasthaṁ dhmāpayetkokilatrayam |;
RRS, 2: 2;127 2;indragopākṛti caiva sattvaṁ bhavati śobhanam ||;
RRS, 2: 2;128 1;nimbudravālpaṭaṅkābhyāṁ mūṣāmadhye nirudhya ca |;
RRS, 2: 2;128 2;tāmrarūpaṁ paridhmātaṁ sattvaṁ muñcati sasyakam ||;Rasendracūḍāmaṇi RCūM, 10: 7 77;nimbudravālpaṭaṅkābhyāṁ mūṣāmadhye nirudhya ca |tāmrarūpaṁ paridhmātaṁ sattvaṁ muñcati sasyakam ||;GOOD;;
RRS, 2: 2;129 1;śuddhaṁ sasyaṁ śilākrāntaṁ pūrvabheṣajasaṁyutam |;
RRS, 2: 2;129 2;nānāvidhānayogena sattvaṁ muñcati niścitam ||;
RRS, 2: 2;130 1;sattvametatsamādāya kharabhūnāgasattvabhuk |;
RRS, 2: 2;130 2;tanmudrikā kṛtasparśā śūlaghnī tatkṣaṇād bhavet ||;
RRS, 2: 2;131 1;carācaraṁ viṣaṁ bhūtaḍākinīdṛggataṁ jayet |;
RRS, 2: 2;131 2;mudrikeyaṁ vidhātavyā dṛṣṭapratyayakārikā ||;
RRS, 2: 2;132 1;rāmavat somasenānīr mudrite .pi tathākṣaram |;
RRS, 2: 2;132 2;himālayottare pārśve aśvakarṇo mahādrumaḥ |;
RRS, 2: 2;132 3;tatra śūlaṁ samutpannaṁ tatraiva vilayaṁ gatam ||;
RRS, 2: 2;133 1;mantreṇānena mudrāmbho nipītaṁ saptamantritam |;
RRS, 2: 2;133 2;sadyaḥ śūlaharaṁ proktamiti bhālukibhāṣitam ||;
RRS, 2: 2;134 1;anayā mudrayā taptaṁ tailamagnau suniścitam |;
RRS, 2: 2;134 2;lepitaṁ hanti vegena śūlaṁ yatra kvacidbhavet |;
RRS, 2: 2;134 3;sadyaḥ sūtikaraṁ nāryāḥ sadyo netrarujāpaham ||;
RRS, 2: 2;135 1;gauraḥ śveto .ruṇaḥ kṛṣṇaścapalastu caturvidhaḥ |;
RRS, 2: 2;135 2;hemābhaścaiva tārābho viśeṣādrasabandhanaḥ ||;
RRS, 2: 2;136 1;śeṣau tu madhyau lākṣāvacchīghradrāvau tu niṣphalau |;
RRS, 2: 2;136 2;vaṅgavaddravate vahnau capalastena kīrtitaḥ ||;Rasārṇava RArṇ, 7: 7 24;śeṣau madhyau ca lākṣāvat śīghradrāvau tu niṣphalau |vaṅgavaddravate vahnau capalas tena kīrtitaḥ ||;GOOD;;
RRS, 2: 2;137 1;capalo lekhanaḥ snigdho dehalohakaro mataḥ |;
RRS, 2: 2;137 2;rasarājasahāyaḥ syāttiktoṣṇamadhuro mataḥ ||;
RRS, 2: 2;138 1;capalaḥ sphaṭikacchāyaḥ ṣaḍasrī snigdhako guruḥ |;
RRS, 2: 2;138 2;tridoṣaghno .tivṛṣyaśca rasabandhavidhāyakaḥ ||;
RRS, 2: 2;139 1;mahāraseṣu kaiściddhi capalaḥ parikīrtitaḥ ||;
RRS, 2: 2;140 1;jambīrakarkoṭakaśṛṅgaverair vibhāvanābhiścapalasya |;
RRS, 2: 2;141 1;śailaṁ tu cūrṇayitvā tu dhānyāmlopaviṣair viṣaiḥ |;
RRS, 2: 2;141 2;piṇḍaṁ baddhvā tu vidhivatpātayeccapalaṁ tathā ||;
RRS, 2: 2;142 1;rasako dvividhaḥ prokto durduraḥ kāravellakaḥ |;
RRS, 2: 2;142 2;sadalo durduraḥ prokto nirdalaḥ kāravellakaḥ ||;
RRS, 2: 2;143 1;sattvapāte śubhaḥ pūrvo dvitīyaścauṣadhādiṣu |;
RRS, 2: 2;143 2;rasakaḥ sarvamehaghnaḥ kaphapittavināśanaḥ |;
RRS, 2: 2;143 3;netrarogakṣayaghnaśca lohapāradarañjanaḥ ||;
RRS, 2: 2;144 1;nāgārjunena saṁdiṣṭau rasaśca rasakāvubhau |;
RRS, 2: 2;144 2;śreṣṭhau siddharasau khyātau dehalohakarau param ||;
RRS, 2: 2;145 1;rasaśca rasakaścobhau yenāgnisahanau kṛtau |;
RRS, 2: 2;145 2;dehalohamayī siddhirdāsī tasya na saṁśayaḥ ||;Rasendracūḍāmaṇi RCūM, 10: 7 114;rasaśca rasakaścobhau yenāgnisahanau kṛtau |dehalohamayī siddhirdāsī tasya na saṁśayaḥ ||;GOOD;;
RRS, 2: 2;146 1;kaṭukālābuniryāsa āloḍya rasakaṁ pacet |;
RRS, 2: 2;146 2;śuddhaṁ doṣavinirmuktaṁ pītavarṇaṁ tu jāyate ||;Rasārṇava RArṇ, 7: 7 30;kaṭukālābuniryāsenāloḍya rasakaṁ pacet |śuddho doṣavinirmuktaḥ pītavarṇastu jāyate ||;GOOD;;
RRS, 2: 2;147 1;kharparaḥ parisaṁtaptaḥ saptavāraṁ nimajjitaḥ |;
RRS, 2: 2;147 2;bījapūrarasasyāntarnirmalatvaṁ samaśnute ||;Rasendracūḍāmaṇi RCūM, 10: 7 115;kharparaḥ parisaṁtaptaḥ saptavāraṁ nimajjitaḥ |bījapūrarasasyāntarnirmalatvaṁ samaśnute ||;GOOD;;
RRS, 2: 2;148 1;nṛmūtre vāśvamūtre vā takre vā kāñjike .thavā |;
RRS, 2: 2;148 2;pratāpya majjitaṁ samyakkharparaṁ pariśudhyati ||;
Rasendracūḍāmaṇi RCūM, 10: 7 117;naramūtre sthito māsaṁ rasako rañjayed dhruvam |śuddhaṁ tāmraṁ rasaṁ tāraṁ śuddhaṁ svarṇaprabhaṁ ;!;;
RRS, 2: 2;150 1;haridrātriphalārālāsindhudhūmaiḥ saṭaṅkaṇaiḥ |;
RRS, 2: 2;150 2;sāruṣkaraiśca pādāṁśaiḥ sāmlaiḥ saṁmardya kharparam ||;Rasendracūḍāmaṇi RCūM, 10: 7 118;haridrātriphalārālasindhudhūmaiḥ saṭaṅkaṇaiḥ |sāruṣkaraiśca pādāṁśaiḥ sāmlaiḥ saṁmardya kharparam ||;!;;
RRS, 2: 2;151 1;liptaṁ vṛntākamūṣāyāṁ śoṣayitvā nirudhya ca |;
RRS, 2: 2;151 2;mūṣāmukhopari nyasya kharparaṁ pradhamettataḥ ||;Rasendracūḍāmaṇi RCūM, 10: 7 119;liptaṁ vṛntākamūṣāyāṁ śoṣayitvā nirudhya ca |mūṣāmukhopari nyasya kharparaṁ pradhamettataḥ ||;GOOD;;
RRS, 2: 2;152 1;kharpare prahṛte jvālā bhavennīlā sitā yadi |;
RRS, 2: 2;152 2;tadā saṁdaṁśato mūṣāṁ dhṛtvā kṛtvā tvadhomukhīm ||;
RRS, 2: 2;153 1;śanairāsphālayedbhūmau yathā nālaṁ na bhajyate |;
RRS, 2: 2;153 2;vaṅgābhaṁ patitaṁ sattvaṁ samādāya niyojayet |;
RRS, 2: 2;153 3;evaṁ tricaturairvāraiḥ sarvaṁ sattvaṁ viniḥsaret ||;
RRS, 2: 2;154 1;sābhayājatubhūnāganiśādhūmajaṭaṅkaṇam |;
RRS, 2: 2;154 2;mūkamūṣāgataṁ dhmātaṁ śuddhaṁ sattvaṁ vimuñcati ||;
RRS, 2: 2;155 1;lākṣāguḍāsurīpathyāharidrāsarjaṭaṅkaṇaiḥ |;
RRS, 2: 2;155 2;samyaksaṁcūrṇya tatpakvaṁ godugdhena ghṛtena ca ||;
RRS, 2: 2;156 1;vṛntākamūṣikāmadhye nirudhya guṭikākṛtim |;
RRS, 2: 2;156 2;dhmātvā dhmātvā samākṛṣya ḍhālayitvā śilātale |;
RRS, 2: 2;156 3;sattvaṁ vaṅgākṛtiṁ grāhyaṁ rasakasya manoharam ||;

RRS, 2: 2;158 1;mūṣopari śikhitrāṁśca prakṣipya pradhameddṛḍham |;
RRS, 2: 2;158 2;patitaṁ sthālikānīre sattvamādāya yojayet ||;
RRS, 2: 2;159 1;tatsattvaṁ tālakopetaṁ prakṣipya khalu kharpare |;
RRS, 2: 2;159 2;mardayellohadaṇḍena bhasmībhavati niścitam ||;
RRS, 2: 2;160 1;tadbhasma mṛtakāntena samena saha yojayet |;
RRS, 2: 2;160 2;aṣṭaguñjāmitaṁ cūrṇaṁ triphalākvāthasaṁyutam ||;
RRS, 2: 2;161 1;kāntapātrasthitaṁ rātrau tilajaprativāpakam |;
RRS, 2: 2;161 2;niṣevitaṁ nihantyāśu madhumehamapi dhruvam ||;
RRS, 2: 2;162 1;pittaṁ kṣayaṁ ca pāṇḍuṁ ca śvayathuṁ gulmameva ca |;
RRS, 2: 2;162 2;raktagulmaṁ ca nārīṇāṁ pradaraṁ somarogakam ||;
RRS, 2: 2;163 1;yonirogānaśeṣāṁśca viṣamāṁśca jvarānapi |;
RRS, 2: 2;163 2;rajaḥśūlaṁ ca nārīṇāṁ kāsaṁ śvāsaṁ ca hidhmikām ||;
RRS, 3: 3;1 1;gandhāśmagairikāsīsakāṅkṣītālaśilāñjanam |;
RRS, 3: 3;1 2;kaṅkuṣṭhaṁ cetyuparasāścāṣṭau pāradakarmaṇi ||;

RRS, 3: 3;3 1;īśvara uvāca |;
RRS, 3: 3;3 2;śvetadvīpe purā devi sarvaratnavibhūṣite |;
RRS, 3: 3;3 3;sarvakāmamaye ramye tīre kṣīrapayonidheḥ ||;
RRS, 3: 3;4 1;vidyādharādimukhyābhiraṅganābhiśca yoginām |;
RRS, 3: 3;4 2;siddhāṅganābhiḥ śreṣṭhābhistathaivāpsarasāṁ gaṇaiḥ ||;
RRS, 3: 3;5 1;devāṅganābhī ramyābhiḥ krīḍitābhirmanoharaiḥ |;
RRS, 3: 3;5 2;gītairnṛtyairvicitraiśca vādyairnānāvidhaistathā ||;
RRS, 3: 3;6 1;evaṁ saṁkrīḍamānāyāḥ prābhavat prasṛtaṁ rajaḥ |;
RRS, 3: 3;6 2;tadrajo .tīva suśroṇi sugandhi sumanoharam ||;Rasārṇava RArṇ, 7: 7 60;evaṁ saṁkrīḍamānāyāstavābhūt prasṛtaṁ rajaḥ |tadrajo.tīva suśroṇi sugandhi sumanoharam ||;!;;
RRS, 3: 3;7 1;rajasaścātibāhulyādvāsaste raktatāṁ yayau |;
RRS, 3: 3;7 2;tatra tyaktvā tu tadvastraṁ susnātā kṣīrasāgare ||;
RRS, 3: 3;8 1;vṛtā devāṅganābhistvaṁ kailāsaṁ punarāgatā |;
RRS, 3: 3;8 2;ūrmibhistadrajovastraṁ nītaṁ madhye payonidheḥ ||;
RRS, 3: 3;9 1;evaṁ te śoṇitaṁ bhadre praviṣṭaṁ kṣīrasāgare |;
RRS, 3: 3;9 2;kṣīrābdhimathane caitadamṛtena sahotthitam ||;
RRS, 3: 3;10 1;nijagandhena tānsarvānharṣayansarvadānavān |;
RRS, 3: 3;10 2;tato devagaṇairuktaṁ gandhakākhyo bhavatvayam ||;
RRS, 3: 3;11 1;rasasya bandhanārthāya jāraṇāya bhavatvayam |;
RRS, 3: 3;11 2;ye guṇāḥ pārade proktāste caivātra bhavantviti ||;Rasārṇava RArṇ, 7: 7 65;rasasya bandhanārthāya jāraṇāya bhavatvayam |ye guṇāḥ pārade proktāste caivātra bhavantviti ||;GOOD;;
RRS, 3: 3;12 1;iti devagaṇaiḥ prītaiḥ purā proktaṁ sureśvari |;
RRS, 3: 3;12 2;tenāyaṁ gandhako nāma vikhyātaḥ kṣitimaṇḍale ||;Rasārṇava RArṇ, 7: 7 66;iti devagaṇaiḥ prītaiḥ purā proktaṁ sureśvari |tenāyaṁ gandhako nāma vikhyātaḥ kṣitimaṇḍale ||;GOOD;;
RRS, 3: 3;13 1;sa cāpi trividho devi śukacañcunibho varaḥ |;
RRS, 3: 3;13 2;madhyamaḥ pītavarṇaḥ syācchuklavarṇo .dhamaḥ priye ||;Rasārṇava RArṇ, 7: 7 67;sa cāpi trividho devi śukacañcunibho varaḥ |madhyamaḥ pītavarṇaḥ syācchuklavarṇo .dhamaḥ priye ||;GOOD;;
RRS, 3: 3;14 1;caturdhā gandhako jñeyo varṇaiḥ śvetādibhiḥ khalu |;
RRS, 3: 3;14 2;śveto .tra khaṭikāprokto lepane lohamāraṇe ||;Rasendracūḍāmaṇi RCūM, 11: 8 2;caturdhā gandhako jñeyo varṇaiḥ śvetādibhiḥ khalu |śveto.tra khaṭikā prokto lepane lohamāraṇe ||;GOOD;;
RRS, 3: 3;15 1;tathā cāmalasāraḥ syādyo bhavetpītavarṇavān |;
RRS, 3: 3;15 2;śukapicchaḥ sa eva syācchreṣṭho rasarasāyane ||;Rasendracūḍāmaṇi RCūM, 11: 8 3;tathā cāmalasāraḥ syād yo bhavetpītavarṇavān |śukapicchaḥ sa eva syācchreṣṭho rasarasāyane ||;GOOD;;
RRS, 3: 3;16 1;raktaśca śukatuṇḍākhyo dhātuvādavidhau varaḥ |;
RRS, 3: 3;16 2;durlabhaḥ kṛṣṇavarṇaśca sa jarāmṛtyunāśanaḥ ||;Rasendracūḍāmaṇi RCūM, 11: 8 4;raktaśca śukatuṇḍākhyo dhātuvādavidhau varaḥ |durlabhaḥ kṛṣṇavarṇaśca sa jarāmṛtyunāśanaḥ ||;GOOD;;
RRS, 3: 3;17 1;gandhāśmātirasāyanaḥ sumadhuraḥ pāke kaṭūṣṇo mataḥ āmonmocanaśoṣaṇo viṣaharaḥ sūtendravīryaprado |;
RRS, 3: 3;18 1;balinā sevitaḥ pūrvaṁ prabhūtabalahetave ||;
RRS, 3: 3;19 1;vāsukiṁ karṣatastasya tanmukhajvālayā drutā |;
RRS, 3: 3;19 2;vasā gandhakagandhāḍhyā sarvato niḥsṛtā tanoḥ ||;
RRS, 3: 3;20 1;gandhakatvaṁ ca samprāptā gandho .bhūtsaviṣaḥ smṛtaḥ |;
RRS, 3: 3;20 2;tasmād balivasetyukto gandhako .timanoharaḥ ||;
RRS, 3: 3;21 1;payaḥsvinno ghaṭīmātraṁ vāridhauto hi gandhakaḥ |;
RRS, 3: 3;21 2;gavyājyavidruto vastrādgālitaḥ śuddhimṛcchati ||;
RRS, 3: 3;22 1;evaṁ saṁśodhitaḥ so .yaṁ pāṣāṇān ambare tyajet |;
RRS, 3: 3;22 2;ghṛte viṣaṁ tuṣākāraṁ svayaṁ piṇḍatvameva ca ||;
RRS, 3: 3;23 1;iti śuddho hi gandhāśmā nāpathyairvikṛtiṁ vrajet |;
RRS, 3: 3;23 2;apathyādanyathā hanyātpītaṁ hālāhalaṁ yathā ||;
RRS, 3: 3;24 1;gandhako drāvito bhṛṅgarase kṣipto viśudhyati |;
RRS, 3: 3;24 2;tadrasaiḥ saptadhā bhinno gandhakaḥ pariśudhyati ||;
RRS, 3: 3;25 1;sthālyāṁ dugdhaṁ vinikṣipya mukhe vastraṁ nibadhya ca gandhakaṁ tatra nikṣipya cūrṇitaṁ sikatākṛti ||;
RRS, 3: 3;26 1;chādayetpṛthudīrgheṇa kharpareṇaiva gandhakam |;
RRS, 3: 3;26 2;jvālayetkharparasyordhvaṁ vanachāṇais tathopalaiḥ ||;
RRS, 3: 3;27 1;dugdhe nipatito gandho galitaḥ pariśudhyati |;
RRS, 3: 3;27 2;śatavāraṁ kṛtaṁ caiva nirgandho jāyate dhruvam ||;
RRS, 3: 3;28 1;itthaṁ viśuddhastriphalājyabhṛṅgamadhvanvitaḥ śāṇamito gṛdhrākṣitulyaṁ kurute .kṣiyugmaṁ karoti |;Rasendracūḍāmaṇi RCūM, 11: 8 15;itthaṁ viśuddhas triphalājyabhṛṅgamadhvanvitaḥ śāṇamito gṛdhrākṣitulyaṁ kurute.kṣiyugmaṁ karoti ;GOOD;;
RRS, 3: 3;29 1;kalāṁśavyoṣasaṁyuktaṁ gandhakaṁ ślakṣṇacūrṇitam |;
RRS, 3: 3;29 2;aratnimātre vastre tad viprakīrya viveṣṭya tat ||;Rasendracūḍāmaṇi RCūM, 11: 8 16;kalāṁśavyoṣasaṁyuktaṁ gandhakaṁ ślakṣṇacūrṇitam |aratnimātre vastre tadviprakīrya viveṣṭya tat ||;GOOD;;
RRS, 3: 3;30 1;sūtreṇa veṣṭayitvātha yāmaṁ taile nimajjayet |;
RRS, 3: 3;30 2;dhṛtvā saṁdaṁśato vartimadhyaṁ prajvālayecca tam |;
RRS, 3: 3;30 3;druto nipatito gandho binduśaḥ kācabhājane ||;
RRS, 3: 3;31 1;tāṁ drutiṁ prakṣipet pattre nāgavallyās tribindukām |;
RRS, 3: 3;31 2;vallena pramitaṁ svacchaṁ sūtendraṁ ca vimardayet ||;
RRS, 3: 3;32 1;aṅgulyātha sapattrāṁ tāṁ drutiṁ sūtaṁ ca bhakṣayet |;
RRS, 3: 3;32 2;karoti dīpanaṁ tīvraṁ kṣayaṁ pāṇḍuṁ ca nāśayet ||;
RRS, 3: 3;33 1;kāsaṁ śvāsaṁ ca śūlārtigrahaṇīm atidurdharām |;
RRS, 3: 3;33 2;āmaṁ vināśayatyāśu laghutvaṁ prakaroti ca ||;
RRS, 3: 3;34 1;ghṛtākte lohapātre tu vidrutaṁ śuddhagandhakam |;
RRS, 3: 3;34 2;ghṛtāktadarvikākṣiptaṁ dviniṣkapramitaṁ bhajet |;
RRS, 3: 3;34 3;hanti kṣayamukhān rogān kuṣṭharogaṁ viśeṣataḥ ||;
RRS, 3: 3;35 1;kṣārāmlatailasauvīravidāhi dvidalaṁ tathā |;
RRS, 3: 3;35 2;śuddhagandhakasevāyāṁ tyajedyogayutena hi ||;
RRS, 3: 3;36 1;gandhakastulyamaricaḥ ṣaḍguṇatriphalānvitaḥ |;
RRS, 3: 3;36 2;ghṛṣṭaḥ śamyākamūlena pītaścākhilakuṣṭhahā ||;Rasendracūḍāmaṇi RCūM, 11: 8 24;gandhakastulyamaricaḥ ṣaḍguṇastriphalānvitaḥ |ghṛṣṭaḥ śampākamūlena pītaścākhilakuṣṭhahā ||;!;;
RRS, 3: 3;37 1;tanmūlaṁ salile piṣṭaṁ lepayetpratyaham tanau |;
RRS, 3: 3;37 2;dṛṣṭapratyayayogo .yaṁ sarvatra prativīryavān |;
RRS, 3: 3;37 3;śrīmatā somadevena samyagatra prakīrtitaḥ ||;
RRS, 3: 3;38 1;dviniṣkapramitaṁ gandhaṁ piṣṭvā tailena saṁyutam |;
RRS, 3: 3;38 2;athāpāmārgatoyena satailamaricena hi ||;
RRS, 3: 3;39 1;vilipya sakalaṁ dehaṁ tiṣṭhedgharme tataḥ param |;
RRS, 3: 3;39 2;takrabhaktaṁ ca bhuñjīta tṛtīye prahare khalu ||;
RRS, 3: 3;40 1;bhajedrātrau tathā vahniṁ samutthāya tathā prage |;
RRS, 3: 3;40 2;mahiṣīchagaṇam liptvā snāyācchītena vāriṇā ||;
RRS, 3: 3;41 1;tato .bhyajya ghṛtairdehaṁ snāyādiṣṭoṣṇavāriṇā |;
RRS, 3: 3;41 2;amunā kramayogena vinaśyatyativegataḥ |;
RRS, 3: 3;41 3;durjayā bahukālīnā pāmā kaṇḍuḥ suniścitam ||;
RRS, 3: 3;42 1;gandhakasya prayogāṇāṁ śataṁ tanna prakīrtitam |;
RRS, 3: 3;42 2;granthavistārabhītena somadevena bhūbhujā ||;
RRS, 3: 3;43 1;athavārkasnuhīkṣīrair vastraṁ lepyaṁ tu saptadhā |;
RRS, 3: 3;43 2;gandhakaṁ navanītena piṣṭvā vastraṁ lipedghanam ||;Ānandakanda ĀK, 2, 1: 26 37;athavārkasnuhīkṣīrairvastraṁ lepyaṁ tu saptadhā |gandhakaṁ navanītena piṣṭvā vastraṁ lipettu tām ||;!;;
RRS, 3: 3;44 1;tadvartiṁ jvalitāṁ daṁśe dhṛtāṁ kuryād adhomukhīm |;
RRS, 3: 3;44 2;tailaṁ patedadhobhāṇḍe grāhyaṁ yogeṣu yojayet ||;
RRS, 3: 3;45 1;śuddhagandho haredrogānkuṣṭhamṛtyujarādikān |;
RRS, 3: 3;45 2;agnikārī mahānuṣṇo vīryavṛddhiṁ karoti ca ||;Rasaratnākara RRĀ, 1, 5: 5 9;śuddho gandho haredrogān kuṣṭhamṛtyujvarādikān |agnikārī mahānuṣṇo vīryavṛddhiṁ karoti ca ||;!;;Rasendracintāmaṇi RCint, 5: 5 23;śuddhagandho haredrogānkuṣṭhamṛtyujvarādikān |agnikārī mahānuṣṇo vīryavṛddhiṁ karoti ca ||;!;;Rasendrasārasaṁgraha RSS, 1: 1 124;śuddhagandho haredrogān kuṣṭhamṛtyujvarādikān |agnikārī mahānuṣṇo vīryyavṛddhiṁ karoti ca ||;!;;
RRS, 3: 3;46 1;pāṣāṇagairikaṁ caikaṁ dvitīyaṁ svarṇagairikam ||;
RRS, 3: 3;47 1;pāṣāṇagairikaṁ proktaṁ kaṭhinam tāmravarṇakam |;
RRS, 3: 3;47 2;atyantaśoṇitaṁ snigdhaṁ masṛṇaṁ svarṇagairikam ||;
RRS, 3: 3;48 1;svādu snigdhaṁ himaṁ netryaṁ kaṣāyaṁ raktapittanut |;
RRS, 3: 3;48 2;hidhmāvamiviṣaghnaṁ ca raktaghnaṁ svarṇagairikam |;
RRS, 3: 3;48 3;pāṣāṇagairikaṁ cānyatpūrvasmādalpakaṁ guṇaiḥ ||;
RRS, 3: 3;49 1;gairikaṁ tu gavāṁ dugdhairbhāvitaṁ śuddhim ṛcchati ||;
RRS, 3: 3;50 1;gairikaṁ sattvarūpaṁ hi nandinā parikīrtitam ||;
RRS, 3: 3;51 1;kair apyuktaṁ patetsattvaṁ kṣārāmlaklinnagairikāt |;
RRS, 3: 3;51 2;upatiṣṭhati sūtendramekatvaṁ guṇavattaram ||;Rasendracūḍāmaṇi RCūM, 11: 8 89;kairapyuktaṁ patetsattvaṁ kṣārāmlasvinnagairikāt |upatiṣṭhati sūtendram ekatvaṁ guṇavattaram ||;!;;
RRS, 3: 3;52 1;kāsīsaṁ vālukādyekaṁ puṣpapūrvam athāparam ||;
RRS, 3: 3;53 1;kṣārāmlāgarudhūmābhaṁ soṣṇavīryaṁ viṣāpaham |;
RRS, 3: 3;53 2;vālukāpuṣpakāsīsaṁ śvitraghnaṁ keśarañjanam ||;
RRS, 3: 3;54 1;puṣpādikāsīsamatipraśastaṁ soṣṇaṁ kaṣāyāmlam atīva viṣānilaśleṣmagadavraṇaghnaṁ śvitrakṣayaghnaṁ |;Dhanvantarinighaṇṭu DhanvNigh, 3: 3 115;puṣpādikāsīsam atipraśastaṁ soṣṇaṁ kaṣāyāmlamatīva viṣānalaśleṣmagadavraṇaghnaṁ śvitrakṣayaghnaṁ ;!;;Rasendracūḍāmaṇi RCūM, 11: 8 79;puṣpādikāsīsam atiprasiddhaṁ soṣṇaṁ kaṣāyāmlamatīva viṣānilaśleṣmagadavraṇaghnaṁ śvitrakṣayaghnaṁ ;!;;
RRS, 3: 3;55 1;sakṛdbhṛṅgāmbunā klinnaṁ kāsīsaṁ nirmalaṁ bhavet ||;Rasamañjarī RMañj, 3: 3 85;sakṛd bhṛṅgāmbunā svinnaṁ kāsīsaṁ nirmalaṁ bhavet ||;!;;Rasendracintāmaṇi RCint, 7: 7 110;sakṛdbhṛṅgāmbunā svinnaṁ kāsīsaṁ nirmalaṁ bhavet ||;!;;
RRS, 3: 3;56 1;tuvarīsattvavatsattvametasyāpi samāharet ||;
RRS, 3: 3;57 1;kāsīsaṁ śuddhimāpnoti pittaiśca rajasā striyāḥ ||;
RRS, 3: 3;58 1;balinā hatakāsīsaṁ krāntaṁ kāsīsamāritam |;
RRS, 3: 3;58 2;ubhayaṁ samabhāgaṁ hi triphalāvellasaṁyutam ||;Rasendracūḍāmaṇi RCūM, 11: 8 81;balinā hatakāsīsaṁ kāntaṁ kāsīsamāritam |ubhayaṁ samabhāgaṁ hi triphalāvellasaṁyutam ||;!;;
RRS, 3: 3;59 1;viṣamāṁśaghṛtakṣaudraplutaṁ śāṇamitaṁ prage |;
RRS, 3: 3;59 2;sevitaṁ hanti vegena śvitraṁ pāṇḍukṣayāmayam ||;Rasendracūḍāmaṇi RCūM, 11: 8 82;viṣamāṁśaghṛtakṣaudraplutaṁ śāṇamitaṁ prage |sevitaṁ hanti vegena śvitrapāṇḍukṣayāmayān ||;GOOD;;
RRS, 3: 3;60 1;gulmaplīhagadaṁ śūlaṁ mūlarogaṁ viśeṣataḥ |;
RRS, 3: 3;60 2;rasāyanavidhānena sevitaṁ vatsarāvadhi ||;
RRS, 3: 3;61 1;āmasaṁśoṣaṇaṁ śreṣṭhaṁ mandāgniparidīpanam |;
RRS, 3: 3;61 2;palitaṁ valibhiḥ sārdhaṁ vināśayati niścitam ||;Rasendracūḍāmaṇi RCūM, 11: 8 84;āmasaṁśoṣaṇaṁ śreṣṭhaṁ mandāgniparidīpanam |palitaṁ valibhiḥ sārdhaṁ vināśayati niścitam ||;GOOD;;
RRS, 3: 3;62 1;saurāṣṭrāśmani sambhūtā sā tuvarī matā |;
RRS, 3: 3;62 2;vastreṣu lipyate yāsau mañjiṣṭhārāgabandhinī ||;
RRS, 3: 3;63 1;phaṭakī phullikā ceti dvitīyā parikīrtitā ||;
RRS, 3: 3;64 1;īṣatpītā guruḥ snigdhā pītikā viṣanāśanī |;
RRS, 3: 3;64 2;vraṇakuṣṭhaharā sarvakuṣṭhaghnī ca viśeṣataḥ ||;
RRS, 3: 3;65 1;nirbhārā śubhravarṇā ca snigdhā sāmlāparā matā |;
RRS, 3: 3;65 2;sā phullatuvarī proktā lepāttāmraṁ caredayaḥ ||;
RRS, 3: 3;66 1;kāṅkṣī kaṣāyā kaṭukāmlakaṇṭhyā keśyā vraṇaghnī śvitrāpahā netrahitā tridoṣaśāntipradā pāradajāraṇī ca ||;
RRS, 3: 3;67 1;tuvarī kāñjike kṣiptvā tridinācchuddhimṛcchati ||;
RRS, 3: 3;68 1;kṣārāmlair marditā dhmātā sattvaṁ muñcati niścitam ||;
RRS, 3: 3;69 1;gopittena śataṁ vārān saurāṣṭrāṁ bhāvayettataḥ |;
RRS, 3: 3;69 2;dhamitvā pātayetsattvaṁ krāmaṇaṁ cātiguhyakam ||;Rasārṇava RArṇ, 7: 7 80;gopittena śataṁ vārān saurāṣṭrīṁ bhāvayettataḥ |dhamitvā pātayet sattvaṁ krāmaṇaṁ cātiguhyakam ||;GOOD;;
RRS, 3: 3;70 1;haritālaṁ dvidhā proktaṁ pattrādyaṁ piṇḍasaṁjñakam ||;
RRS, 3: 3;71 1;svarṇavarṇaṁ guru snigdhaṁ tanupattraṁ ca bhāsuram |;
RRS, 3: 3;71 2;tat pattratālakaṁ proktaṁ bahupattraṁ rasāyanam ||;
RRS, 3: 3;72 1;niṣpattraṁ piṇḍasadṛśam svalpasattvaṁ tathāguru |;
RRS, 3: 3;72 2;strīpuṣpaharaṇaṁ tattu guṇālpaṁ piṇḍatālakam ||;
RRS, 3: 3;73 1;śleṣmaraktaviṣavātabhūtanutkevalaṁ ca khalu snigdhamuṣṇakaṭukaṁ ca dīpanaṁ kuṣṭhahāri |;Rasendracūḍāmaṇi RCūM, 11: 8 34;śleṣmavātaviṣaraktabhūtanut kevalaṁ ca khalu snigdham uṣṇakaṭukaṁ ca dīpanaṁ kuṣṭhahāri ;!;;
RRS, 3: 3;74 1;snigdhaṁ kūṣmāṇḍatoye vā tilakṣārajale api vā |;
RRS, 3: 3;74 2;toye vā cūrṇasaṁyukte dolāyantreṇa śudhyati ||;Rasendracūḍāmaṇi RCūM, 11: 8 35;svinnaṁ kūṣmāṇḍatoye vā tilakṣārajale.pi vā |toye vā cūrṇasaṁyukte dolāyantreṇa śudhyati ||;!;;
RRS, 3: 3;75 1;aśuddhaṁ tālamāyughnaṁ kaphamārutamehakṛt |;
RRS, 3: 3;75 2;tāpasphoṭāṅgasaṁkocaṁ kurute tena śodhayet ||;Rasendrasārasaṁgraha RSS, 1: 1 169;aśuddhatālam āyurghnaṁ kaphamārutamehakṛt |tāpasphoṭāṅgasaṅkocān kurute tena śodhayet ||;!;;
RRS, 3: 3;76 1;tālakaṁ kaṇaśaḥ kṛtvā daśāṁśena ca ṭaṅkaṇam |;
RRS, 3: 3;76 2;jambīrotthadravaiḥ kṣālyaṁ kāñjikaiḥ kṣālayettataḥ ||;Rasendrasārasaṁgraha RSS, 1: 1 171;tālakaṁ kaṇaśaḥ kṛtvā daśāṁśena ca ṭaṅkaṇam |jambīrotthair dravaiḥ kṣālyaṁ kāñjikaiḥ kṣālayetpunaḥ ||;!;;
RRS, 3: 3;77 1;vastre caturguṇe baddhvā dolāyantre dinaṁ pacet |;
RRS, 3: 3;77 2;sacūrṇenāranālena dinaṁ kūṣmāṇḍaje rase |;
RRS, 3: 3;77 3;svedyaṁ vā śālmalītoyaistālakaṁ śuddhimāpnuyāt ||;
RRS, 3: 3;78 1;madhutulye ghanībhūte kaṣāye brahmamūlaje |;
RRS, 3: 3;78 2;trivāraṁ tālakaṁ bhāvyaṁ piṣṭvā mūtre .tha māhiṣe ||;Ānandakanda ĀK, 2, 1: 26 55;madhutulye ghanībhūte kaṣāye brahmamūlaje |trivāraṁ tālakaṁ bhāvyaṁ piṣṭvā mūtre.tha māhiṣe ||;GOOD;;
RRS, 3: 3;79 1;upalairdaśabhirdeyaṁ puṭaṁ ruddhvātha peṣayet |;
RRS, 3: 3;79 2;evaṁ dvādaśadhā pācyaṁ śuddhaṁ yogeṣu yojayet ||;
RRS, 3: 3;80 1;kulitthakvāthasaubhāgyamahiṣyājyamadhuplutam |;
RRS, 3: 3;80 2;sthālyāṁ kṣiptvā vidadhyācca tv amlena chidrayoginā ||;
RRS, 3: 3;81 1;samyaṅnirudhya śikhinaṁ jvālayetkramavardhitam |;
RRS, 3: 3;81 2;ekapraharamātraṁ hi randhramācchādya gomayaiḥ ||;Rasendracūḍāmaṇi RCūM, 11: 8 37;samyaṅnirudhya śikhinaṁ jvālayet kramavardhitam |ekapraharamātraṁ hi randhramācchādya gomayaiḥ ||;GOOD;;
RRS, 3: 3;82 1;yāmānte chidramudghāṭya dṛṣṭe dhūme ca pāṇḍure |;
RRS, 3: 3;82 2;śītāṁ sthālīṁ samuttārya sattvamutkṛṣya cāharet ||;Rasendracūḍāmaṇi RCūM, 11: 8 38;yāmānte chidramudghāṭya dṛṣṭe dhūme ca pāṇḍure |śītāṁ sthālīṁ samuttārya sattvamutkṛṣya cāharet ||;GOOD;;
RRS, 3: 3;83 1;sarvapāṣāṇasattvānāṁ prakārāḥ santi koṭiśaḥ |;
RRS, 3: 3;83 2;granthavistārabhītyāto likhitā na mayā khalu ||;Rasendracūḍāmaṇi RCūM, 11: 8 39;sarvapāṣāṇasattvānāṁ prakārāḥ santi koṭiśaḥ |granthavistārabhītyā te likhitā na mayā khalu ||;!;;
RRS, 3: 3;84 1;palālakaṁ raverdugdhairdinamekaṁ vimardayet |;
RRS, 3: 3;84 2;kṣiptvā ṣoḍaśikātaile miśrayitvā tataḥ pacet ||;Rasendracūḍāmaṇi RCūM, 11: 8 41;pattrālakaṁ raverdugdhairdinamekaṁ vimardayet |kṣiptvā ṣoḍaśikāṁ taile miśrayitvā tataḥ pacet ||;!;;
RRS, 3: 3;85 1;anāvṛtapradeśe ca saptayāmāvadhi dhruvam |;
RRS, 3: 3;85 2;svāṅgaśītamadhasthaṁ ca sattvaṁ śvetaṁ samāharet ||;Rasendracūḍāmaṇi RCūM, 11: 8 42;anāvṛte pradeśe ca saptayāmāvadhi dhruvam |svāṅgaśītamadhaḥsthaṁ ca sattvaṁ śvetaṁ samāharet ||;!;;
RRS, 3: 3;86 1;chāgalasyātha bālasya balinā ca samanvitam |;
RRS, 3: 3;86 2;tālakaṁ divasadvaṁdvaṁ mardayitvātiyatnataḥ ||;
RRS, 3: 3;87 1;yuktaṁ drāvaṇavargeṇa kācakupyāṁ vinikṣipet |;
RRS, 3: 3;87 2;tridhā tāṁ ca mṛdā liptvā pariśoṣya kharātape ||;Rasendracūḍāmaṇi RCūM, 11: 8 44;yuktaṁ drāvaṇavargeṇa kācakūpyāṁ vinikṣipet |tridhā tāṁ ca mṛdā liptvā pariśoṣya kharātape ||;!;;
RRS, 3: 3;88 1;tataḥ kharparakacchidre tāmardhāṁ caiva kūpikām |;
RRS, 3: 3;88 2;praveśya jvālayedagniṁ dvādaśapraharāvadhi |;
RRS, 3: 3;88 3;kūpikaṇṭhasthitaṁ śītaṁ śuddhaṁ sattvaṁ samāharet ||;
RRS, 3: 3;89 1;palārdhapramitaṁ tālaṁ baddhvā vastre site dṛḍhe |;
RRS, 3: 3;89 2;balinālipya yatnena trivāraṁ pariśoṣya ca ||;
RRS, 3: 3;90 1;drāvite tripale tāmre kṣipettālakapoṭalīm |;
RRS, 3: 3;90 2;bhasmanā chādayecchīghraṁ tāmreṇāveṣṭitaṁ sitam |;
RRS, 3: 3;90 3;mṛdulaṁ sattvamādadyātproktaṁ rasarasāyane ||;
RRS, 3: 3;91 1;manaḥśilā tridhā proktā śyāmāṅgī kaṇavīrakā |;
RRS, 3: 3;91 2;khaṇḍākhyā ceti tadrūpaṁ vivicya parikathyate ||;Rasendracūḍāmaṇi RCūM, 11: 8 54;manaḥśilā tridhā proktā śyāmāṅgī kaṇavīrikā |khaṇḍākhyā ceti tadrūpaṁ vivicya parikathyate ||;GOOD;;
RRS, 3: 3;92 1;śyāmā raktā sagaurā ca bhārāḍhyā śyāmikā matā |;
RRS, 3: 3;92 2;tejasvinī ca nirgaurā tāmrābhā kaṇavīrakā ||;Rasendracūḍāmaṇi RCūM, 11: 8 55;śyāmā raktā sagaurā ca bhārāḍhyā śyāmikā matā |tejasvinī ca nirgaurā tāmrābhā kaṇavīrikā ||;GOOD;;
RRS, 3: 3;93 1;cūrṇībhūtātiraktāṅgī sabhārā khaṇḍapūrvikā |;
RRS, 3: 3;93 2;uttaroktaguṇaiḥ śreṣṭhā bhūrisattvā prakīrtitā ||;
RRS, 3: 3;94 1;manaḥśilā sarvarasāyanāgryā tiktā kaṭūṣṇā kaphavātahantrī sattvātmikā bhūtaviṣāgnimāndyakaṇḍūtikāsakṣayahāriṇī ca |;Rasendracūḍāmaṇi RCūM, 11: 8 57;manaḥśilā sarvarasāyanāgryā tiktā kaṭūṣṇā kaphavātahantrī sattvātmikā bhūtaviṣāgnimāndyakaṇḍūtikoṭhakṣayahāriṇī ;!;;
RRS, 3: 3;95 1;aśmarīṁ mūtrakṛcchraṁ ca aśuddhā kurute śilā |;
RRS, 3: 3;95 2;mandāgniṁ malabandhaṁ ca śuddhā sarvarujāpahā ||;Rasaratnākara RRĀ, 1, 7: 7 9;aśmarīṁ mūtrahṛdrogamaśuddhā kurute śilā |mandāgniṁ malabandhaṁ ca śuddhā sarvarujāpahā ||;!;;
RRS, 3: 3;96 1;agastyapattratoyena bhāvitā saptavārakam |;
RRS, 3: 3;96 2;śṛṅgaverarasair vāpi viśudhyati manaḥśilā ||;Rasendracūḍāmaṇi RCūM, 11: 8 58;agastyapatratoyena bhāvitā saptavārakam |śṛṅgaverarasairvāpi viśudhyati manaḥśilā ||;GOOD;;Rasamañjarī RMañj, 3: 3 74;agastipatratoyena bhāvitā saptavārakam |śṛṅgaverarasair vāpi viśudhyati manaḥśilā ||;!;;Yogaratnākara YRā, 1: 1 185;agastipatratoyena bhāvitā saptavārakam |śṛṅgaverarase vāpi viśudhyati manaḥśilā ||;!;;
RRS, 3: 3;97 1;jayantībhṛṅgarājottharaktāgastyarasaiḥ śilām |;
RRS, 3: 3;97 2;dolāyantre pacedyāmaṁ yāmaṁ chāgotthamūtrakaiḥ |;
RRS, 3: 3;97 3;kṣālayedāranālena sarvarogeṣu yojayet ||;Rasendrasārasaṁgraha RSS, 1: 1 191;jayantībhṛṅgarājotthai raktāgastyarasaiḥ śilā |dolāyantrair dinaṁ pācyā yāmaṁ chāgasya mūtrake |kṣālayedāranālena sarvarogeṣu yojayet ||;GOOD;;
Rasendracūḍāmaṇi RCūM, 11: 8 59;aṣṭamāṁśena kiṭṭena guḍaguggulusarpiṣā |koṣṭhyāṁ ruddhvā dṛḍhaṁ dhmātā sattvaṁ ;GOOD;;
RRS, 3: 3;99 1;bhūnāgadhautasaubhāgyamadanaiśca vimarditaiḥ |;
RRS, 3: 3;99 2;kāravallīdalāmbhobhirmūṣāṁ kṛtvātra nikṣipet ||;Rasendracūḍāmaṇi RCūM, 11: 8 60;bhūnāgadhautasaubhāgyamadanaiśca vimarditaiḥ |kāravellīdalāmbhobhirmūṣāṁ kṛtvātra nikṣipet ||;!;;
RRS, 3: 3;100 1;śilāṁ kṣārāmlaniṣpiṣṭāṁ pradhamettadanantaram |;
RRS, 3: 3;100 2;kokilādvayamātraṁ hi dhmānātsattvaṁ tyajatyasau ||;
RRS, 3: 3;101 1;sauvīramañjanaṁ proktaṁ rasāñjanamataḥ param |;
RRS, 3: 3;101 2;srotoñjanaṁ tadanyacca puṣpāñjanakameva ca |;
RRS, 3: 3;101 3;nīlāñjanaṁ ca teṣāṁ hi svarūpamiha varṇyate ||;Rasendracūḍāmaṇi RCūM, 11: 8 62;sauvīram añjanaṁ proktaṁ rasāñjanamataḥ param |sroto.ñjanaṁ tadanyacca puṣpāñjanakameva ca |nīlāñjanaṁ hi teṣāṁ ca svarūpamiha varṇyate ||;GOOD;;
RRS, 3: 3;102 1;sauvīramañjanaṁ dhūmraṁ raktapittaharaṁ himam |;
RRS, 3: 3;102 2;viṣahidhmākṣirogaghnaṁ vraṇaśodhanaropaṇam ||;
RRS, 3: 3;103 1;rasāñjanaṁ ca pītābhaṁ viṣavaktragadāpaham |;
RRS, 3: 3;103 2;śvāsahidhmāpahaṁ varṇyaṁ vātapittāsranāśanam ||;Rasendracūḍāmaṇi RCūM, 11: 8 64;rasāñjanaṁ ca pītābhaṁ viṣaraktagadāpaham |śvāsahidhmāpahaṁ varṇyaṁ vātapittāsranāśanam ||;!;;
RRS, 3: 3;104 1;srotoñjanaṁ himaṁ snigdhaṁ kaṣāyaṁ svādu lekhanam |;
RRS, 3: 3;104 2;netryaṁ hidhmāviṣachardikaphapittāsraroganut ||;Rasendracūḍāmaṇi RCūM, 11: 8 65;sroto.ñjanaṁ himaṁ snigdhaṁ kaṣāyaṁ svādu lekhanam |netryaṁ hidhmāviṣacchardikaphapittāsrakopanut ||;!;;
RRS, 3: 3;105 1;puṣpāñjanaṁ sitaṁ snigdhaṁ himaṁ sarvākṣiroganut |;
RRS, 3: 3;105 2;atidurdharahidhmāghnaṁ viṣajvaragadāpaham ||;Rasendracūḍāmaṇi RCūM, 11: 8 66;puṣpāñjanaṁ sitaṁ snigdhaṁ himaṁ sarvākṣiroganut |atidurdharahidhmāghnaṁ viṣajvaragadāpaham ||;GOOD;;
RRS, 3: 3;106 1;nīlāñjanaṁ guru snigdhaṁ netryaṁ doṣatrayāpaham |;
RRS, 3: 3;106 2;rasāyanaṁ suvarṇaghnaṁ lohamārdavakārakam ||;Rasendracūḍāmaṇi RCūM, 11: 8 67;nīlāñjanaṁ guru snigdhaṁ netryaṁ doṣatrayāpaham |rasāyanaṁ suvarṇaghnaṁ lohamārdavakārakam ||;GOOD;;
RRS, 3: 3;107 1;añjanāni viśudhyanti bhṛṅgarājanijadravaiḥ ||;
RRS, 3: 3;108 1;manohvāsattvavat sattvam añjanānāṁ samāharet ||;
RRS, 3: 3;109 1;valmīkaśikharākāraṁ bhaṅge nīlotpaladyuti |;
RRS, 3: 3;109 2;ghṛṣṭaṁ tu gairikacchāyaṁ srotojaṁ lakṣayedbudhaḥ ||;
RRS, 3: 3;110 1;gośakṛdrasamūtreṣu ghṛtakṣaudravasāsu ca |;
RRS, 3: 3;110 2;bhāvitaṁ bahuśastacca śīghraṁ badhnāti sūtakam ||;Rasārṇava RArṇ, 7: 7 54;gośakṛdrasamūtreṣu ghṛtakṣaudravasāsu ca |bhāvitaṁ bahuśastacca kṣipraṁ badhnāti sūtakam ||;!;;
RRS, 3: 3;111 1;sūryāvartādiyogena śuddhimeti rasāñjanam ||;
RRS, 3: 3;112 1;rājāvartakavatsattvaṁ grāhyaṁ srotoñjanādapi ||;Rasaratnākara RRĀ, 3, 13: 32 80;rājāvartakavatsattvaṁ grāhyaṁ srotoṁjanādapi ||;GOOD;;
RRS, 3: 3;113 1;himavatpādaśikhare kaṅkuṣṭhamupajāyate |;
RRS, 3: 3;113 2;tatraikaṁ nālikākhyaṁ hi tadanyadreṇukaṁ matam ||;Rasendracūḍāmaṇi RCūM, 11: 8 69;himavatpādaśikhare kaṅkuṣṭhamupajāyate |tatraikaṁ nalikākhyaṁ hi tadanyadreṇukaṁ matam ||;!;;
RRS, 3: 3;114 1;pītaprabhaṁ guru snigdhaṁ śreṣṭhaṁ kaṅkuṣṭhamādimam śyāmapītaṁ laghu tyaktasattvaṁ neṣṭaṁ hi reṇukam ||;Rasendracūḍāmaṇi RCūM, 11: 8 70;pītaprabhaṁ guru snigdhaṁ śreṣṭhaṁ kaṅkuṣṭhamādimam śyāmaṁ pītaṁ laghu tyaktasattvaṁ neṣṭaṁ hi reṇukam ||;GOOD;;
RRS, 3: 3;115 1;kecidvadanti kaṅkuṣṭhaṁ sadyojātasya dantinaḥ |;
RRS, 3: 3;115 2;varcaśca śyāmapītābhaṁ recanaṁ parikathyate ||;Rasendracūḍāmaṇi RCūM, 11: 8 71;kecidvadanti kaṅkuṣṭhaṁ sadyo jātasya dantinaḥ |varcaḥ sa śyāmapītābhaṁ recanaṁ parikathyate ||;!;;
RRS, 3: 3;116 1;katicit tejivāhānāṁ nālaṁ kaṅkuṣṭhasaṁjñakam |;
RRS, 3: 3;116 2;vadanti śvetapītābhaṁ tadatīva virecanam ||;Rasendracūḍāmaṇi RCūM, 11: 8 72;katicit tejivāhānāṁ nālaṁ kaṅkuṣṭhasaṁjñakam |vadanti śvetapītābhaṁ tadatīva virecanam ||;GOOD;;
RRS, 3: 3;117 1;rase rasāyanaṁ śreṣṭhaṁ niḥsattvaṁ bahuvaikṛtam ||;
RRS, 3: 3;118 1;kaṅkuṣṭhaṁ tiktakaṭukaṁ vīryoṣṇaṁ cātirecanam |;
RRS, 3: 3;118 2;vraṇodāvartaśūlārtigulmaplīhagudārtinut ||;
RRS, 3: 3;119 1;sūryāvartakakadalī vandhyā kośātakī ca suradālī |;
RRS, 3: 3;119 2;śigruśca vajrakando niraṅkaṇā kākamācī ca ||;
RRS, 3: 3;120 1;āsāmekarasena tu lavaṇakṣārāmlabhāvitaṁ bahuśaḥ |;
RRS, 3: 3;120 2;śudhyanti rasoparasā dhmātā muñcanti sattvāni ||;Rasahṛdayatantra RHT, 9: 9 9;āsāmekarasena tu lavaṇakṣārāmlabhāvitā bahuśaḥ |śudhyanti rasoparasā dhmātāḥ sattvāni muñcanti ||;GOOD;;
RRS, 3: 3;121 1;kaṅkuṣṭhaṁ śuddhimāyāti tridhā śuṇṭhyambubhāvitam ||;
RRS, 3: 3;122 1;sattvākarṣo .sya na prokto yasmātsattvamayaṁ hi tat ||;
RRS, 3: 3;123 1;bhajedenaṁ virekārthaṁ grāhibhiryavamātrayā |;
RRS, 3: 3;123 2;nāśayedāmapūrtiṁ ca virecya kṣaṇamātrataḥ ||;
RRS, 3: 3;124 1;bhakṣitaḥ saha tāmbūlairviricyāsūnvināśayet ||;
RRS, 3: 3;125 1;barburīmūlikākvāthajīrasaubhāgyakaṁ samam |;
RRS, 3: 3;125 2;kaṅkuṣṭhaṁ viṣanāśāya bhūyo bhūyaḥ pibennaraḥ ||;Rasendracūḍāmaṇi RCūM, 11: 8 77;barbūrīmūlikākvāthajīrasaubhāgyakaṁ samam |kaṅkuṣṭhaviṣanāśāya bhūyo bhūyaḥ pibennaraḥ ||;!;;
RRS, 3: 3;126 1;kampillaścapalo gaurīpāṣāṇo navasārakaḥ |;
RRS, 3: 3;126 2;kapardo vahnijāraśca girisindūrahiṅgulau ||;Rasendracūḍāmaṇi RCūM, 11: 8 90;kampillaścāparo gaurīpāṣāṇo navasārakaḥ |kapardo vahnijāraśca girisindūrahiṅgulau ||;!;;
RRS, 3: 3;127 1;modāraśṛṅgam ityaṣṭau sādhāraṇarasāḥ smṛtāḥ |;
RRS, 3: 3;127 2;rasasiddhakarāḥ proktā nāgārjunapuraḥsaraiḥ ||;
RRS, 3: 3;128 1;iṣṭikācūrṇasaṁkāśaścandrikāḍhyo .tirecanaḥ |;
RRS, 3: 3;128 2;saurāṣṭradeśe cotpannaḥ sa hi kampillakaḥ smṛtaḥ ||;
RRS, 3: 3;129 1;pittavraṇādhmānavibandhanighnaḥ mūlāmaśophajvaraśūlahārī kampillako recyagadāpahārī ||;Rasendracūḍāmaṇi RCūM, 11: 8 93;pittavraṇādhmānavibandhanighnaḥ mūlāmaśūlajvaraśophahārī kampillako recyagadāpahārī ||;GOOD;;
RRS, 3: 3;130 1;gaurīpāṣāṇakaḥ pīto vikaṭo hatacūrṇakaḥ |;
RRS, 3: 3;130 2;sphaṭikābhaśca śaṅkhābho haridrābhas trayaḥ smṛtāḥ ||;
RRS, 3: 3;131 1;pūrvaṁ pūrvaṁ guṇaiḥ śreṣṭhaḥ kāravallīphale kṣipet |;
RRS, 3: 3;131 2;svedayeddhaṇḍikāmadhye śuddho bhavati mūṣakaḥ ||;
RRS, 3: 3;132 1;tālavadgrāhayetsattvaṁ śuddhaṁ śubhraṁ prayojayet ||;
RRS, 3: 3;133 1;rasabandhakaraḥ snigdho doṣaghno rasavīryakṛt ||;
RRS, 3: 3;134 1;karīrapīlukāṣṭheṣu pacyamāneṣu codbhavaḥ |;
RRS, 3: 3;134 2;kṣāro .sau navasāraḥ syāccūlikālavaṇābhidhaḥ ||;Rasendracūḍāmaṇi RCūM, 11: 8 95;karīrapīlukāṣṭheṣu pacyamāneṣu codbhavaḥ |kṣāro.sau navasāraḥ syāccūlikālavaṇābhidhaḥ ||;GOOD;;
RRS, 3: 3;135 1;iṣṭikādahane jātaṁ pāṇḍuraṁ lavaṇaṁ laghu |;
RRS, 3: 3;135 2;taduktaṁ navasārākhyaṁ cūlikālavaṇaṁ ca tat ||;Rasendracūḍāmaṇi RCūM, 11: 8 96;iṣṭikādahane jātaṁ pāṇḍuraṁ lavaṇaṁ laghu |taduktaṁ navasārākhyaṁ cūlikālavaṇaṁ ca tat ||;GOOD;;
RRS, 3: 3;136 1;rasendrajāraṇaṁ lohadrāvaṇaṁ jaṭharāgnikṛt |;
RRS, 3: 3;136 2;gulmaplīhāsyaśoṣaghnaṁ bhuktamāṁsādijāraṇam |;
RRS, 3: 3;136 3;viḍākhyaṁ ca tridoṣaghnaṁ cūlikālavaṇam matam ||;Rasendracūḍāmaṇi RCūM, 11: 8 97;rasendrajāraṇaṁ lohadrāvaṇaṁ jaṭharāgnikṛt |gulmaplīhāsyaśoṣaghnaṁ bhuktamāṁsādijāraṇam |viḍākhyaṁ ca tridoṣaghnaṁ cūlikālavaṇaṁ matam ||;!;;
RRS, 3: 3;137 1;pītābhā granthikā pṛṣṭhe dīrghavṛttā varāṭikā |;
RRS, 3: 3;137 2;rasavaidyairvinirdiṣṭā sā carācarasaṁjñikā ||;
RRS, 3: 3;138 1;sārdhaniṣkabharā śreṣṭhā niṣkabhārā ca madhyamā |;
RRS, 3: 3;138 2;pādonaniṣkabhārā ca kaniṣṭhā parikīrtitā ||;Rasendracūḍāmaṇi RCūM, 11: 8 99;sārdhaniṣkamitā śreṣṭhā niṣkabhārā ca madhyamā |pādonaniṣkabhārā ca kaniṣṭhā parikīrtitā ||;!;;
RRS, 3: 3;139 1;pariṇāmādiśūlaghnī grahaṇīkṣayanāśinī |;
RRS, 3: 3;139 2;kaṭūṣṇā dīpanī vṛṣyā netryā vātakaphāpahā |;
RRS, 3: 3;139 3;rasendrajāraṇe proktā viḍadravyeṣu śasyate ||;
RRS, 3: 3;140 1;tadanye tu varāṭāḥ syur guravaḥ śleṣmapittalāḥ ||;
RRS, 3: 3;141 1;varāṭāḥ kāñjike svinnā yāmācchuddhimavāpnuyuḥ ||;Rasendracintāmaṇi RCint, 7: 7 115;varāṭī kāñjike svinnā yāmācchuddhimavāpnuyāt ||;!;;
RRS, 3: 3;142 1;samudreṇāgninakrasya jarāyur bahirujjhitaḥ |;
RRS, 3: 3;142 2;saṁśuṣko bhānutāpena so .gnijāra iti smṛtaḥ ||;Rasendracūḍāmaṇi RCūM, 11: 8 103;samudreṇāgninakrasya jarāyur bahirujjhitaḥ |saṁśuṣko bhānutāpena so.gnijāra iti smṛtaḥ ||;GOOD;;Rasaprakāśasudhākara RPSudh, 6: 6 85;samudreṇāgninakrasya jarāyur bahirujjhitaḥ |ravitāpena saṁśuṣkaḥ so.gnijāra iti smṛtaḥ ||;!;;
RRS, 3: 3;143 1;agnijārastridoṣaghno dhanurvātādivātanut |;
RRS, 3: 3;143 2;vardhano rasavīryasya dīpano jāraṇastathā ||;Ānandakanda ĀK, 2, 1: 26 236;agnijāras tridoṣaghno dhanurvātādivātanut |mardano rasavīryasya dīpano jāraṇastathā ||;!;;
RRS, 3: 3;144 1;tad abdhikṣārasaṁśuddhaṁ tasmācchuddhirna hīṣyate ||;
RRS, 3: 3;145 1;mahāgiriṣu cālpīyaḥpāṣāṇāntaḥsthito rasaḥ |;
RRS, 3: 3;145 2;śuṣkaśoṇaḥ sa nirdiṣṭo girisindūrasaṁjñayā ||;Dhanvantarinighaṇṭu DhanvNigh, 3: 3 99;mahāgiriṣu cālpīyān pāṣāṇāntaḥ sthito rasaḥ |śuṣkaḥ śoṇaḥ sa nirdiṣṭo girisindūrasaṁjñakaḥ ||;!;;
RRS, 3: 3;146 1;tridoṣaśamanam bhedi rasabandhanamagrimam |;
RRS, 3: 3;146 2;dehalohakaraṁ netryaṁ girisindūramīritam ||;Rasendracūḍāmaṇi RCūM, 11: 8 106;tridoṣaśamanaṁ bhedi rasabandhanamagrimam |dehalohakaraṁ netryaṁ girisindūramīritam ||;GOOD;;Dhanvantarinighaṇṭu DhanvNigh, 3: 3 100;tridoṣaśamanaṁ bhedi rasabandhanam agnidam |dehalohakaraṁ netryaṁ girisindūram īritam ||;!;;
RRS, 3: 3;147 1;hiṅgulaḥ śukatuṇḍākhyo haṁsapākastathāparaḥ ||;
RRS, 3: 3;148 1;prathamo .lpaguṇastatra carmāraḥ sa nigadyate ||;
RRS, 3: 3;149 1;śvetarekhaḥ pravālābho haṁsapākaḥ sa īritaḥ ||;
RRS, 3: 3;150 1;hiṅgulaḥ sarvadoṣaghno dīpano .tirasāyanaḥ |;
RRS, 3: 3;150 2;sarvarogaharo vṛṣyo jāraṇāyātiśasyate ||;
RRS, 3: 3;151 1;etasmādāhṛtaḥ sūto jīrṇagandhasamo guṇaiḥ ||;
RRS, 3: 3;152 1;saptakṛtvārdrakadrāvairlakucasyāmbunāpi vā |;
RRS, 3: 3;152 2;śoṣito bhāvayitvā ca nirdoṣo jāyate khalu ||;Rasendracūḍāmaṇi RCūM, 11: 8 110;saptakṛtvārdrakadrāvairlakucasyāmbunāpi vā |śoṣito bhāvayitvā ca nirdoṣo jāyate khalu ||;GOOD;;
RRS, 3: 3;153 1;kimatra citraṁ daradaḥ subhāvitaḥ kṣīreṇa meṣyā bahuśo evaṁ suvarṇaṁ bahugharmatāpitaṁ karoti |;Rasārṇava RArṇ, 7: 7 52;kimatra citraṁ daradaḥ subhāvitaḥ kṣīreṇa meṣyā bahuśo sitaṁ suvarṇaṁ bahugharmatāpitaṁ karoti ;!;;
RRS, 3: 3;154 1;daradaḥ pātanāyantre pātitaśca jalāśraye |;
RRS, 3: 3;154 2;tatsattvaṁ sūtasaṁkāśaṁ pātayennātra saṁśayaḥ ||;
RRS, 3: 3;155 1;sadalaṁ pītavarṇaṁ ca bhavedgurjaramaṇḍale |;
RRS, 3: 3;155 2;arbudasya gireḥ pārśve jātaṁ mṛddāraśṛṅgakam ||;Rasendracūḍāmaṇi RCūM, 11: 8 111;sadalaṁ pītavarṇaṁ ca bhavedgurjaramaṇḍale |arbudasya gireḥ pārśve jātaṁ boddāraśṛṅgakam ||;!;;
RRS, 3: 3;156 1;sīsasattvaṁ guru śleṣmaśamanaṁ puṁgadāpaham |;
RRS, 3: 3;156 2;rasabandhanamutkṛṣṭaṁ keśarañjanamuttamam ||;
RRS, 3: 3;157 1;sādhāraṇarasāḥ sarve mātuluṅgārdrakāmbunā |;
RRS, 3: 3;157 2;trirātraṁ bhāvitāḥ śuṣkā bhaveyurdoṣavarjitāḥ ||;
RRS, 3: 3;158 1;yāni kāni ca sattvāni tāni śudhyantyaśeṣataḥ |;
RRS, 3: 3;158 2;dhmātāni śuddhivargeṇa milanti ca parasparam ||;Rasendracūḍāmaṇi RCūM, 11: 8 114;yāni kāni ca sattvāni tāni śudhyantyaśeṣataḥ |dhmātāni śuddhivargeṇa milanti ca parasparam ||;GOOD;;
RRS, 3: 3;159 1;iti karavālabhairavaḥ |;
RRS, 3: 3;159 2;rājāvarto .lparaktorunīlikāmiśritaprabhaḥ |;
RRS, 3: 3;159 3;gurutvamasṛṇaḥ śreṣṭhastadanyo madhyamaḥ smṛtaḥ ||;
RRS, 3: 3;160 1;pramehakṣayadurnāmapāṇḍuśleṣmānilāpahaḥ |;
RRS, 3: 3;160 2;dīpanaḥ pācano vṛṣyo rājāvarto rasāyanaḥ ||;Rasendracūḍāmaṇi RCūM, 10: 7 56;pramehakṣayadurnāmapāṇḍuśleṣmānilāpahaḥ |dīpanaḥ pācano vṛṣyo rājāvartto rasāyanaḥ ||;GOOD;;
RRS, 3: 3;161 1;nimbudravaiḥ sagomūtraiḥ sakṣāraiḥ sveditāḥ khalu |;
RRS, 3: 3;161 2;dvitrivāreṇa śudhyanti rājāvartādidhātavaḥ ||;Rasendracūḍāmaṇi RCūM, 10: 7 57;nimbudravaiḥ sagomūtraiḥ sakṣāraiḥ sveditāḥ khalu |dvitrivāreṇa śudhyanti rājāvarttādidhātavaḥ ||;GOOD;;
RRS, 3: 3;162 1;śirīṣapuṣpārdrarasai rājāvartaṁ viśodhayet ||;
RRS, 3: 3;163 1;luṅgāmbugandhakopeto rājāvarto vicūrṇitaḥ |;
RRS, 3: 3;163 2;puṭanātsaptavāreṇa rājāvarto mṛto bhavet ||;
RRS, 3: 3;164 1;rājāvartasya cūrṇaṁ tu kunaṭīghṛtamiśritam |;
RRS, 3: 3;164 2;vipacedāyase pātre mahiṣīkṣīrasaṁyutam ||;
RRS, 3: 3;165 1;saubhāgyapañcagavyena piṇḍībaddhaṁ tu jārayet |;
RRS, 3: 3;165 2;dhmāpitaṁ khadirāṅgāraiḥ sattvaṁ muñcati śobhanam ||;
RRS, 3: 3;166 1;anena kramayogena gairikaṁ vimalaṁ bhavet |;
RRS, 3: 3;166 2;kramāt pītaṁ ca raktaṁ ca sattvaṁ patati śobhanam ||;
RRS, 4: 4;1 1;maṇayo .pi ca vijñeyāḥ sūtabandhasya kārakāḥ ||;
RRS, 4: 4;2 1;vaikrāntaḥ sūryakāntaśca hīrakaṁ mauktikaṁ maṇiḥ ||;
RRS, 4: 4;3 1;candrakāntastathā caiva rājāvartaśca saptamaḥ |;
RRS, 4: 4;3 2;garuḍodgārakaścaiva jñātavyā maṇayastvamī ||;
RRS, 4: 4;4 1;puṣparāgaṁ mahānīlaṁ padmarāgaṁ pravālakam |;
RRS, 4: 4;4 2;vaiḍūryaṁ ca tathā nīlamete ca maṇayo matāḥ |;
RRS, 4: 4;4 3;yatnataḥ saṁgrahītavyā rasabandhasya kāraṇāt ||;
RRS, 4: 4;5 1;padmarāgendranīlākhyau tathā marakatottamaḥ |;
RRS, 4: 4;5 2;puṣparāgaḥ savajrākhyaḥ pañca ratnavarāḥ smṛtāḥ ||;
RRS, 4: 4;6 1;māṇikyamuktāphalavidrumāṇi tārkṣyaṁ ca puṣpaṁ gomedakaṁ cātha vidūrakaṁ ca krameṇa ratnāni |;Rasendracūḍāmaṇi RCūM, 12: 9 1;māṇikyamuktāphalavidrumāṇi tārkṣyaṁ ca puṣpaṁ gomedakaṁ cātha vidūrakaṁ ca krameṇa ratnāni ;GOOD;;
RRS, 4: 4;7 1;grahānumaitryā nīlākhyagomedavidūrakaṁ ca krameṇa |;Rasendracūḍāmaṇi RCūM, 12: 9 2;grahānumaitryā nīlākhyagomedavidūrakaṁ ca krameṇa ;!;;
RRS, 4: 4;8 1;rase rasāyane dāne dhāraṇe devatārcane |;
RRS, 4: 4;8 2;surakṣyāṇi sujātīni ratnānyuktāni siddhaye ||;Rasendracūḍāmaṇi RCūM, 12: 9 3;rase rasāyane dāne dhāraṇe ca devatārcane |sulakṣmāṇi sujātīni ratnānyuktāni siddhaye ||;!;;
RRS, 4: 4;9 1;māṇikyaṁ padmarāgākhyaṁ dvitīyaṁ nīlagandhi ca ||;
RRS, 4: 4;10 1;kuśeśayadalacchāyaṁ svacchaṁ snigdhaṁ mahatsphuṭam |;
RRS, 4: 4;10 2;vṛttāyataṁ samaṁ gātraṁ māṇikyaṁ śreṣṭhamucyate ||;
RRS, 4: 4;11 1;nīlaṁ gaṅgāmbusambhūtaṁ nīlagarbhāruṇacchavi |;
RRS, 4: 4;11 2;pūrvamāṇikyavacchreṣṭhaṁ māṇikyaṁ nīlagandhi tat ||;
RRS, 4: 4;12 1;randhrakārkaśyamālinyaraukṣyāvaiśadyasaṁyutam |;
RRS, 4: 4;12 2;cipiṭaṁ laghu vakraṁ ca māṇikyaṁ duṣṭamaṣṭadhā ||;Rasendracūḍāmaṇi RCūM, 12: 9 6;randhrakārkaśyamālinyaraukṣyavaiśadyasaṁyutam |cipiṭaṁ laghu vakraṁ ca māṇikyaṁ duṣṭam aṣṭadhā ||;!;;
RRS, 4: 4;13 1;māṇikyaṁ dīpanaṁ vṛṣyaṁ kaphavātakṣayārtinut |;
RRS, 4: 4;13 2;bhūtavetālapāpaghnaṁ karmajavyādhināśanam ||;
Rasendracūḍāmaṇi RCūM, 12: 9 8;hlādi śvetaṁ laghu snigdhaṁ raśmivannirmalaṁ mahat |khyātaṁ toyaprabhaṁ vṛttaṁ mauktikaṁ navadhā śubham ;GOOD;;Agastīyaratnaparīkṣā AgRPar, 1: 1 30;hari śvetaṁ laghu snigdhaṁ raśmivan nirmalaṁ mahat |khyātam toyaprabhaṁ vṛttaṁ mauktikaṁ navadhā śubham ;!;;
RRS, 4: 4;15 1;muktāphalaṁ laghu himaṁ madhuraṁ ca vīryapradaṁ jalanidherjanitā ca śuktirdīptā ca |;
RRS, 4: 4;16 1;rūkṣāṅgaṁ nirjalaṁ śyāvaṁ tāmrābhaṁ lavaṇopamam |;
RRS, 4: 4;16 2;ardhaśubhraṁ ca vikaṭaṁ granthilaṁ mauktikaṁ tyajet ||;Rasendracūḍāmaṇi RCūM, 12: 9 9;rūkṣāṅgaṁ nirjalaṁ śyāmaṁ tāmrābhaṁ lavaṇopamam |ardhaśubhraṁ ca vikaṭaṁ granthilaṁ mauktikaṁ tyajet ||;!;;
Rasendracūḍāmaṇi RCūM, 12: 9 10;kaphapittakṣayadhvaṁsi kāsaśvāsāgnimāndyanut |puṣṭidaṁ vṛṣyamāyuṣyaṁ dāhaghnaṁ mauktikaṁ matam ;GOOD;;
Dhanvantarinighaṇṭu DhanvNigh, 6: 4 57;pakvabimbīphalacchāyaṁ vṛttāyatam avakrakam |snigdhamavraṇakaṁ sthūlaṁ pravālaṁ saptadhā śubham ;!;;
RRS, 4: 4;19 1;pāṇḍuraṁ dhūsaraṁ sūkṣmaṁ savraṇaṁ kaṇḍarānvitam |;
RRS, 4: 4;19 2;nirbhāraṁ śulbavarṇaṁ ca pravālaṁ neṣyate .ṣṭadhā ||;
RRS, 4: 4;20 1;kṣayapittāsrakāsaghnaṁ dīpanaṁ pācanaṁ laghu |;
RRS, 4: 4;20 2;viṣabhūtādiśamanaṁ vidrumaṁ netraroganut ||;Rasendracūḍāmaṇi RCūM, 12: 9 13;kṣayapittāsrakāsaghnaṁ dīpanaṁ pācanaṁ laghu |viṣabhūtādiśamanaṁ vidrumaṁ netraroganut ||;GOOD;;
Rasendracūḍāmaṇi RCūM, 12: 9 14;haridvarṇaṁ guru snigdhaṁ sphuradraśmicayaṁ śubham |masṛṇaṁ bhāsuraṁ tārkṣyaṁ gātraṁ saptaguṇaṁ matam ;GOOD;;
RRS, 4: 4;22 1;kapilaṁ karkaśaṁ nīlaṁ pāṇḍu kṛṣṇaṁ ca lāghavam |;
RRS, 4: 4;22 2;cipiṭaṁ vikaṭaṁ kṛṣṇaṁ rūkṣaṁ tārkṣyaṁ na śasyate ||;
RRS, 4: 4;23 1;jvaracchardiviṣaśvāsasaṁnipātāgnimāndyanut |;
RRS, 4: 4;23 2;durnāmapāṇḍuśophaghnaṁ tārkṣyamojovivardhanam ||;Rasendracūḍāmaṇi RCūM, 12: 9 16;jvarachardiviṣaśvāsasannipātāgnimāndyanut |durnāmapāṇḍuśophaghnaṁ tārkṣyamojovivardhanam ||;GOOD;;
RRS, 4: 4;24 1;puṣparāgaṁ guru svacchaṁ snigdhaṁ sthūlaṁ samaṁ karṇikāraprasūnābhaṁ masṛṇaṁ śubhamaṣṭadhā ||;Rasendracūḍāmaṇi RCūM, 12: 9 17;puṣparāgaṁ guru snigdhaṁ svacchaṁ sthūlaṁ samaṁ karṇikāraprasūnābhaṁ masṛṇaṁ śubhamaṣṭadhā ||;GOOD;;
RRS, 4: 4;25 1;niṣprabhaṁ karkaśaṁ rūkṣaṁ pītaṁ śyāmaṁ natonnatam |;
RRS, 4: 4;25 2;kapiśaṁ kapilaṁ pāṇḍu puṣparāgaṁ parityajet ||;Rasendracūḍāmaṇi RCūM, 12: 9 18;niṣprabhaṁ karkaśaṁ rūkṣaṁ pītaṁ śyāmaṁ natonnatam |kapilaṁ kapiśaṁ pāṇḍu puṣparāgaṁ parityajet ||;GOOD;;
RRS, 4: 4;26 1;puṣparāgaṁ viṣacchardikaphavātāgnimāndyanut |;
RRS, 4: 4;26 2;dāhakuṣṭhāsraśamanaṁ dīpanaṁ pācanaṁ laghu ||;
RRS, 4: 4;27 1;vajraṁ ca trividhaṁ proktaṁ naro nārī napuṁsakam |;
RRS, 4: 4;27 2;pūrvaṁ pūrvamiha śreṣṭhaṁ rasavīryavipākataḥ ||;
RRS, 4: 4;28 1;aṣṭāsraṁ vāṣṭaphalakaṁ ṣaṭkoṇamatibhāsuram |;
RRS, 4: 4;28 2;ambudendradhanurvāritaraṁ puṁvajramucyate ||;
RRS, 4: 4;29 1;tadeva cipiṭākāraṁ strīvajraṁ vartulāyatam |;
RRS, 4: 4;29 2;vartulaṁ kuṇṭhakoṇāgraṁ kiṁcidguru napuṁsakam ||;Rasendracūḍāmaṇi RCūM, 12: 9 22;tadeva cipiṭākāraṁ strīvajraṁ varttulāyatam |varttulaṁ kuṇṭhakoṇāgraṁ kiṁcidguru napuṁsakam ||;!;;
RRS, 4: 4;30 1;strīpuṁnapuṁsakaṁ vajraṁ yojyaṁ strīpuṁnapuṁsake |;
RRS, 4: 4;30 2;vyatyāsānnaiva phaladaṁ puṁvajreṇa vinā kvacit ||;Rasendracūḍāmaṇi RCūM, 12: 9 23;strīpuṁnapuṁsakaṁ vajraṁ yojyaṁ strīpuṁnapuṁsake |vyatyāsānnaiva phaladaṁ puṁvajreṇa vinā kvacit ||;GOOD;;
RRS, 4: 4;31 1;śvetādivarṇabhedena tadekaikaṁ caturvidham |;
RRS, 4: 4;31 2;brahmakṣatriyaviṭśūdraṁ svasvavarṇaphalapradam ||;Rasendracūḍāmaṇi RCūM, 12: 9 24;śvetādivarṇabhedena tadekaikaṁ caturvidham |brahmakṣatriyaviṭśūdraṁ svasvavarṇaphalapradam ||;GOOD;;
RRS, 4: 4;32 1;uttamottamavarṇaṁ hi nīcavarṇaphalapradam |;
RRS, 4: 4;32 2;nyāyo .yaṁ bhairaveṇoktaḥ padārtheṣvakhileṣvapi ||;Rasendracūḍāmaṇi RCūM, 12: 9 25;uttamottamavarṇaṁ hi nīcavarṇe phalapradam |nyāyo.yaṁ bhairaveṇoktaṁ padārtheṣvakhileṣvapi ||;GOOD;;
RRS, 4: 4;33 1;āyuḥpradaṁ jhaṭiti sadguṇadaṁ ca vṛṣyaṁ sūtendrabandhavadhasadguṇakṛtpradīpanaṁ |;
RRS, 4: 4;34 1;grāsatrāsaśca binduśca rekhā ca jalagarbhatā |;
RRS, 4: 4;34 2;sarvaratneṣvamī pañca doṣāḥ sādhāraṇā matāḥ |;
RRS, 4: 4;34 3;kṣetratoyabhavā doṣā ratneṣu na laganti te ||;
RRS, 4: 4;35 1;kulatthakvāthake svinnaṁ kodravakvathitena vā |;
RRS, 4: 4;35 2;ekayāmāvadhi svinnaṁ vajraṁ śudhyati niścitam ||;Rasendracūḍāmaṇi RCūM, 12: 9 29;kulatthakvāthake svinnaṁ kodravakvathitena vā |ekayāmāvadhi svinnaṁ vajraṁ śudhyati niścitam ||;GOOD;;
RRS, 4: 4;36 1;vajraṁ matkuṇaraktena caturvāraṁ vibhāvitam |;
RRS, 4: 4;36 2;sugandhimūṣikāmāṁsairvartitairmardya veṣṭayet ||;
RRS, 4: 4;37 1;puṭetpuṭairvarāhākhyaistriṁśadvāraṁ tataḥ param |;
RRS, 4: 4;37 2;dhmātvā dhmātvā śataṁ vārānkulatthakvāthake kṣipet |;
RRS, 4: 4;37 3;anyairuktaḥ śataṁ vārānkartavyo .yaṁ vidhikramaḥ ||;
RRS, 4: 4;38 1;kulatthakvāthasaṁyuktalakucadravapiṣṭayā |;
RRS, 4: 4;38 2;śilayā liptamūṣāyāṁ vajraṁ kṣiptvā nirudhya ca ||;
RRS, 4: 4;39 1;aṣṭavāraṁ puṭetsamyagviśuṣkaiśca vanotpalaiḥ |;
RRS, 4: 4;39 2;śatavāraṁ tato dhmātvā nikṣiptaṁ śuddhapārade |;
RRS, 4: 4;39 3;niścitaṁ mriyate vajraṁ bhasma vāritaraṁ bhavet ||;
RRS, 4: 4;40 1;satyavāk somasenānīr etadvajrasya māraṇam |;
RRS, 4: 4;40 2;dṛṣṭapratyayasaṁyuktamuktavānrasakautukī ||;Rasendracūḍāmaṇi RCūM, 12: 9 35;satyavāk somasenānīr etadvajrasya māraṇam |dṛṣṭapratyayasaṁyuktamuktavān rasakautukī ||;GOOD;;
RRS, 4: 4;41 1;viliptaṁ matkuṇasyāsre saptavāraṁ viśoṣitam |;
RRS, 4: 4;41 2;kāsamardarasāpūrṇe lohapātre niveśitam ||;Rasendracūḍāmaṇi RCūM, 12: 9 36;viliptaṁ matkuṇasyāsraiḥ saptavāraṁ viśoṣitam |kāsamardarasāpūrṇalohapātre niveśitam ||;GOOD;;
RRS, 4: 4;42 1;saptavāraṁ paridhmātaṁ vajrabhasma bhavetkhalu |;
RRS, 4: 4;42 2;brahmajyotirmunīndreṇa kramo .yaṁ parikīrtitaḥ ||;Rasendracūḍāmaṇi RCūM, 12: 9 37;saptavāraṁ paridhmātaṁ vajrabhasma bhavet khalu |brahmajyotirmunīndreṇa kramo.yaṁ parikīrtitaḥ ||;GOOD;;
RRS, 4: 4;43 1;nīlajyotirlatākande ghṛṣṭaṁ gharme viśoṣitam |;
RRS, 4: 4;43 2;vajraṁ bhasmatvamāyāti karmavajjñānavahninā ||;Rasendracūḍāmaṇi RCūM, 12: 9 38;nīlajyotirlatākande ghṛṣṭaṁ gharme viśoṣitam |vajraṁ bhasmatvamāyāti karmavajjñānavahninā ||;GOOD;;
RRS, 4: 4;44 1;madanasya phalodbhūtarasena kṣoṇināgakaiḥ |;
RRS, 4: 4;44 2;kṛtakalkena saṁlipya puṭedviṁśativārakam |;
RRS, 4: 4;44 3;vajracūrṇaṁ bhavedvaryaṁ yojayecca rasādiṣu ||;
RRS, 4: 4;45 1;tadvajraṁ cūrṇayitvātha kiṁciṭ ṭaṅkaṇasaṁyutam |;
RRS, 4: 4;45 2;kharabhūnāgasattvena viṁśenāvartate dhruvam |;
RRS, 4: 4;45 3;tulyasvarṇena taddhmātaṁ yojanīyaṁ rasādiṣu ||;
RRS, 4: 4;46 1;triguṇena rasenaiva saṁmardya guṭikīkṛtam |;
RRS, 4: 4;46 2;mukhe dhṛtaṁ karotyāśu caladdantavibandhanam ||;
RRS, 4: 4;47 1;triṁśadbhāgamitaṁ hi vajrabhasitaṁ svarṇaṁ pādāṁśaṁ khalu tāpyakaṁ vasuguṇaṁ vaikrāntakaṁ |;
RRS, 4: 4;48 1;jalanīlendranīlaṁ ca śakranīlaṁ tayorvaram ||;
RRS, 4: 4;49 1;śvaityagarbhitanīlābhaṁ laghu tajjalanīlakam |;
RRS, 4: 4;49 2;kārṣṇyagarbhitanīlābhaṁ sabhāraṁ śakranīlakam ||;
RRS, 4: 4;50 1;ekacchāyaṁ guru snigdhaṁ svacchaṁ piṇḍitavigraham |;
RRS, 4: 4;50 2;mṛdu madhye lasajjyotiḥ saptadhā nīlamuttamam ||;Rasendracūḍāmaṇi RCūM, 12: 9 45;ekacchāyaṁ guru snigdhaṁ svacchaṁ piṇḍitavigraham |mṛdu madhyollasajjyotiḥ saptadhā nīlamuttamam ||;!;;
RRS, 4: 4;51 1;komalaṁ vihitaṁ rūkṣaṁ nirbhāraṁ raktagandhi ca |;
RRS, 4: 4;51 2;cipiṭābhaṁ sasūkṣmaṁ ca jalanīlaṁ ca saptadhā ||;Rasendracūḍāmaṇi RCūM, 12: 9 46;komalaṁ vihitaṁ varṇaṁ nirbhāraṁ raktagandhi ca |cipiṭābhaṁ sarūkṣaṁ ca jalanīlaṁ ca saptadhā ||;!;;
RRS, 4: 4;52 1;śvāsakāsaharaṁ vṛṣyaṁ tridoṣaghnaṁ sudīpanam |;
RRS, 4: 4;52 2;viṣamajvaradurnāmapāpaghnaṁ nīlamīritam ||;Rasendracūḍāmaṇi RCūM, 12: 9 47;kāsaśvāsaharaṁ vṛṣyaṁ tridoṣaghnaṁ sudīpanam |viṣamajvaradurnāmapāpaghnaṁ nīlamīritam ||;!;;
RRS, 4: 4;53 1;gomedaḥsamarāgatvādgomedaṁ ratnamucyate ||;
RRS, 4: 4;54 1;susvacchagojalacchāyaṁ svacchaṁ snigdhaṁ samaṁ guru |;
RRS, 4: 4;54 2;nirdalaṁ masṛṇaṁ dīptaṁ gomedaṁ śubhamaṣṭadhā ||;
RRS, 4: 4;55 1;vicchāyaṁ laghu rūkṣāṅgaṁ cipiṭaṁ paṭalānvitam |;
RRS, 4: 4;55 2;niṣprabhaṁ pītakācābhaṁ gomedaṁ na śubhāvaham ||;Rasendracūḍāmaṇi RCūM, 12: 9 49;vicchāyaṁ laghu rūkṣāṅgaṁ cipiṭaṁ paṭalānvitam |niṣprabhaṁ pītakācābhaṁ gomedaṁ na śubhāvaham ||;!;;
RRS, 4: 4;56 1;gomedaṁ kaphapittaghnaṁ kṣayapāṇḍukṣayaṁkaram |;
RRS, 4: 4;56 2;dīpanaṁ pācanaṁ rucyaṁ tvacyaṁ buddhiprabodhanam ||;Rasendracūḍāmaṇi RCūM, 12: 9 50;gomedaṁ kaphapittaghnaṁ kṣayapāṇḍukṣayaṁkaram |dīpanaṁ pācanaṁ rucyaṁ tvacyaṁ buddhiprabodhanam ||;GOOD;;
RRS, 4: 4;57 1;vaidūryaṁ śyāmaśubhrābhaṁ samaṁ svacchaṁ guru bhramacchubhrottarīyeṇa garbhitaṁ śubhamīritam ||;Rasendracūḍāmaṇi RCūM, 12: 9 51;vaiḍūryaṁ śyāmaśubhrābhaṁ samaṁ svacchaṁ guru bhramacchubhrottarīyeṇa garbhitaṁ śubhamīritam ||;GOOD;;
RRS, 4: 4;58 1;śyāmaṁ toyasamacchāyaṁ cipiṭaṁ laghu karkaśam |;
RRS, 4: 4;58 2;raktagarbhottarīyaṁ ca vaidūryaṁ naiva śasyate ||;Rasendracūḍāmaṇi RCūM, 12: 9 52;śyāmaṁ toyasamacchāyaṁ cipiṭaṁ laghu karkaśam |raktagarbhottarīyaṁ ca vaiḍūryaṁ naiva śasyate ||;GOOD;;
RRS, 4: 4;59 1;vaidūryaṁ raktapittaghnaṁ prajñāyurbalavardhanam |;
RRS, 4: 4;59 2;pittapradhānarogaghnaṁ dīpanaṁ malamocanam ||;Rasendracūḍāmaṇi RCūM, 12: 9 53;vaiḍūryaṁ raktapittaghnaṁ prajñāyurbalavardhanam |pittapradhānarogaghnaṁ dīpanaṁ malamocanam ||;GOOD;;
RRS, 4: 4;60 1;śudhyatyamlena māṇikyaṁ jayantyā mauktikaṁ tathā |;
RRS, 4: 4;60 2;vidrumaṁ kṣāravargeṇa tārkṣyaṁ godugdhakaistathā ||;Rasamañjarī RMañj, 3: 3 98;śudhyatyamlena māṇikyaṁ jayantyā mauktikaṁ tathā |vidrumaṁ kṣāravargeṇa tārkṣyaṁ godugdhakaistathā ||;!;;Rasendracintāmaṇi RCint, 7: 7 67;śudhyatyamlena māṇikyaṁ jayantyā mauktikaṁ tathā |vidrumaṁ kṣāravargeṇa tārkṣyaṁ godugdhatastathā ||;!;;
RRS, 4: 4;61 1;puṣparāgaṁ ca saṁdhānaiḥ kulatthakvāthasaṁpuṭaiḥ |;
RRS, 4: 4;61 2;taṇḍulīyajalair vajraṁ nīlaṁ nīlīrasena ca |;
RRS, 4: 4;61 3;rocanābhiśca gomedaṁ vaidūryaṁ triphalājalaiḥ ||;
RRS, 4: 4;62 1;lakucadrāvasampiṣṭaiḥ śilāgandhakatālakaiḥ |;
RRS, 4: 4;62 2;vajraṁ vinānyaratnāni mriyante .ṣṭapuṭaiḥ khalu ||;Rasendracintāmaṇi RCint, 7: 7 71;lakucadrāvasampiṣṭaiḥ śilāgandhakatālakaiḥ |vajraṁ vinānyaratnāni mriyante.ṣṭapuṭaiḥ khalu ||;GOOD;;Rasendracūḍāmaṇi RCūM, 12: 9 56;lakucadrāvasampiṣṭaiḥ śilāgandhakatālakaiḥ |vajraṁ vinānyaratnāni mriyante.ṣṭapuṭaiḥ khalu ||;GOOD;;Yogaratnākara YRā, 1: 1 317;lakucadrāvasampiṣṭaiḥ śilātālakagandhakaiḥ |vajraṁ vinānyaratnāni mriyante.ṣṭapuṭaiḥ khalu ||;!;;
RRS, 4: 4;63 1;rāmaṭhaṁ pañcalavaṇaṁ kṣārāṇāṁ tritayaṁ tathā |;
RRS, 4: 4;63 2;māṁsadravo .mlavetaśca cūlikālavaṇaṁ tathā ||;
RRS, 4: 4;64 1;sthūlaṁ kumbhīphalaṁ pakvaṁ tathā jvālāmukhī śubhā |;
RRS, 4: 4;64 2;dravantī ca rudantī ca payasyā citramūlakam ||;
RRS, 4: 4;65 1;dugdhaṁ snuhyāstathārkasya sarvaṁ saṁmardya yatnataḥ golaṁ vidhāya tanmadhye prakṣipettadanantaram ||;Rasendracūḍāmaṇi RCūM, 12: 9 59;dugdhaṁ snuhyāstathārkasya sarvaṁ saṁmardyaṁ golaṁ vidhāya tanmadhye prakṣipettadanantaram ||;GOOD;;
RRS, 4: 4;66 1;guṇavannavaratnāni jātimanti śubhāni ca |;
RRS, 4: 4;66 2;bhūrje taṁ golakaṁ kṛtvā sūtreṇāveṣṭya yatnataḥ ||;Rasendracūḍāmaṇi RCūM, 12: 9 60;guṇavantyeva ratnāni jātimanti śubhāni ca |bhūrje taṁ golakaṁ kṛtvā sūtreṇāveṣṭya yatnataḥ ||;!;;
RRS, 4: 4;67 1;punarvastreṇa saṁveṣṭya dolāyantre nidhāya ca |;
RRS, 4: 4;67 2;sarvāmlayuktasaṁdhānaparipūrṇaghaṭodare ||;Rasendracūḍāmaṇi RCūM, 12: 9 61;punarvastreṇa saṁveṣṭya dolāyantre nidhāya ca |sarvāmlayuktasaṁdhānaparipūrṇaghaṭodare ||;GOOD;;
RRS, 4: 4;68 1;ahorātratrayaṁ yāvat svedayet tīvravahninā |;
RRS, 4: 4;68 2;tasmādāhṛtya saṁkṣālya ratnajāṁ drutimāharet |;
RRS, 4: 4;68 3;ratnatulyaprabhā laghvī dehalohakarī śubhā ||;
RRS, 4: 4;69 1;muktācūrṇaṁ tu saptāhaṁ vetasāmlena marditam |;
RRS, 4: 4;69 2;jambīrodaramadhye tu dhānyarāśau vinikṣipet |;
RRS, 4: 4;69 3;saptāhāduddhṛtaṁ caiva puṭe dhṛtvā drutirbhavet ||;
RRS, 4: 4;70 1;vajravallyantarasthaṁ ca kṛtvā vajraṁ nirodhayet |;
RRS, 4: 4;70 2;amlabhāṇḍagataṁ svedyaṁ saptāhād dravatām vrajet ||;
RRS, 4: 4;71 1;śvetavarṇaṁ tu vaikrāntamamlavetasabhāvitam |;
RRS, 4: 4;71 2;saptāhānnātra saṁdehaḥ kharagharme dravatyasau ||;Ānandakanda ĀK, 2, 8: 33 191;śvetavarṇaṁ tu vaikrāntamamlavetasabhāvitam |saptāhānnātra sandehaḥ khare gharme dravatyalam ||;!;;Rasaratnākara RRĀ, 3, 17: 36 68;śvetavarṇaṁ tu vaikrāṁtamamlavetasabhāvitam |saptāhānnātra saṁdehaḥ khare gharme dravatyalam ||;!;;
RRS, 4: 4;72 1;ketakīsvarasaṁ grāhyaṁ saindhavaṁ svarṇapuṣpikā |;
RRS, 4: 4;72 2;indragopakasaṁyuktaṁ sarvaṁ bhāṇḍe vinikṣipet |;
RRS, 4: 4;72 3;saptāhaṁ svedayettasminvaikrāntaṁ dravatāṁ vrajet ||;
RRS, 4: 4;73 1;lohāṣṭake tathā vajravāpanāt svedanād drutiḥ |;
RRS, 4: 4;73 2;jāyate nātra saṁdeho yogasyāsya prabhāvataḥ ||;
RRS, 4: 4;74 1;kurute yogarājo .yaṁ ratnānāṁ drāvaṇaṁ param ||;Rasaratnākara RRĀ, 3, 17: 36 71;kurute yogarājo.yaṁ ratnānāṁ drāvaṇaṁ param ||;GOOD;;
RRS, 4: 4;75 1;kusumbhatailamadhye tu saṁsthāpyā drutayaḥ pṛthak |;
RRS, 4: 4;75 2;tiṣṭhanti cirakālaṁ tu prāpte kārye niyojayet ||;Rasaratnākara RRĀ, 3, 17: 36 72;kusumbhatailamadhye tu saṁsthāpyā drutayaḥ pṛthak |tiṣṭhanti cirakālaṁ tu prāpte kārye niyojayet ||;GOOD;;

RRS, 4: 4;77 1;duśchāyācaladhūlisaṁgatibhavālakṣmīharaṁ sarvadā |;
RRS, 4: 4;77 2;ratnānāṁ paridhāraṇaṁ nigaditaṁ bhūtādinirnāśanam ||;
RRS, 5: 5;1 1;śuddhaṁ lohaṁ kanakarajataṁ bhānulohāśmasāraṁ miśraṁ lohaṁ tritayamuditaṁ pittalaṁ kāṁsyavartaṁ |;Rasendracūḍāmaṇi RCūM, 14: 11 1;śuddhaṁ lohaṁ kanakarajataṁ bhānulohāśmasāraṁ miśraṁ lohaṁ tritayamuditaṁ pittalaṁ kāṁsyavartaṁ ;!;;
RRS, 5: 5;2 1;prākṛtaṁ sahajaṁ vahnisambhūtaṁ khanisaṁbhavam |;
RRS, 5: 5;2 2;raseṁdravedhasaṁjātaṁ svarṇaṁ pañcavidhaṁ smṛtam ||;Rasendracūḍāmaṇi RCūM, 14: 11 2;prākṛtaṁ sahajaṁ vahnisambhūtaṁ khanisambhavam |rasendravedhasaṁjātaṁ svarṇaṁ pañcavidhaṁ smṛtam ||;GOOD;;
RRS, 5: 5;3 1;āyurlakṣmīprabhādhīsmṛtikaramakhilavyādhividhvaṁsi gāṅgeyaṁ cātha rūpyaṁ gadaharamajarākāri mehāpahāri |;
RRS, 5: 5;4 1;brahmāṇḍaṁ saṁvṛtaṁ yena rajoguṇabhuvā khalu |;
RRS, 5: 5;4 2;tatprākṛtamiti proktaṁ devānāmapi durlabham ||;Rasendracūḍāmaṇi RCūM, 14: 11 3;brahmāṇḍaṁ saṁvṛtaṁ yena rajoguṇabhuvā khalu |tatprākṛtamiti proktaṁ devānāmapi durlabham ||;GOOD;;
RRS, 5: 5;5 1;brahmā yenāvṛto jātaḥ suvarṇena jarāyuṇā |;
RRS, 5: 5;5 2;tanmerurūpatāṁ yātaṁ suvarṇaṁ sahajaṁ hi tat ||;Rasendracūḍāmaṇi RCūM, 14: 11 4;brahmā yenāvṛto jātaḥ suvarṇena jarāyuṇā |tanmerurūpatāṁ jātaṁ suvarṇaṁ sahajaṁ hi tat ||;!;;
RRS, 5: 5;6 1;visṛṣṭamagninā śaivaṁ tejaḥ pītaṁ suduḥsaham |;
RRS, 5: 5;6 2;abhūtsarvaṁ samuddiṣṭaṁ suvarṇaṁ vahnisaṁbhavam ||;
RRS, 5: 5;7 1;etatsvarṇatrayaṁ divyaṁ varṇaiḥ ṣoḍaśabhiryutam |;
RRS, 5: 5;7 2;dhāraṇādeva tatkuryāccharīramajarāmaram ||;Rasendracūḍāmaṇi RCūM, 14: 11 6;etat svarṇatrayaṁ divyaṁ varṇaiḥ ṣoḍaśabhiryutam |dhāraṇādeva tat kuryāccharīram ajarāmaram ||;GOOD;;Ānandakanda ĀK, 2, 2: 27 8;etatsvarṇatrayaṁ divyaṁ varṇaiḥ ṣoḍaśabhiryutam |dhāraṇādeva tatkuryāccharīramajarāmayam ||;!;;Gūḍhārthadīpikā ŚGDīp zu ŚdhSaṁh, 2, 11, 4.2: 7 11;etatsvarṇatrayaṁ divyaṁ varṇair yaccāśubhiryutam |dhāraṇādeva tatkuryāccharīramajarāmaram ||;!;;
RRS, 5: 5;8 1;tatra tatra girīṇāṁ hi jātaṁ khaniṣu yadbhavet |;
RRS, 5: 5;8 2;taccaturdaśavarṇāḍhyaṁ bhakṣitaṁ sarvarogahṛt ||;Rasendracūḍāmaṇi RCūM, 14: 11 7;tatra tatra girīṇāṁ hi jātaṁ khaniṣu yadbhavet |taccaturdaśavarṇāḍhyaṁ bhakṣitaṁ sarvarogahṛt ||;GOOD;;
RRS, 5: 5;9 1;raseṁdravedhasambhūtaṁ tadvedhajamudāhṛtam |;
RRS, 5: 5;9 2;rasāyanaṁ mahāśreṣṭhaṁ pavitraṁ vedhajaṁ hi tat ||;Ānandakanda ĀK, 2, 2: 27 10;rasendravedhasambhūtaṁ tadvedhajamudāhṛtam |rasāyanaṁ mahāśreṣṭhaṁ pavitraṁ vedhajaṁ hi tat ||;GOOD;;
RRS, 5: 5;10 1;snigdhaṁ medhyaṁ viṣagadaharaṁ bṛṁhaṇaṁ medhābuddhismṛtisukhakaraṁ sarvadoṣāmayaghnaṁ |;
RRS, 5: 5;11 1;saukhyaṁ vīryaṁ balaṁ hanti rogavargaṁ karoti ca |;
RRS, 5: 5;11 2;aśuddhamamṛtaṁ svarṇaṁ tasmācchuddhaṁ ca mārayet ||;Rasendrasārasaṁgraha RSS, 1: 1 247;saukhyaṁ vīryyaṁ balaṁ hanti nānārogaṁ karoti ca |aśuddhamamṛtaṁ svarṇaṁ tasmācchuddhaṁ tu mārayet ||;!;;
RRS, 5: 5;12 1;karṣapramāṇaṁ tu suvarṇapatraṁ śarāvaruddhaṁ aṅgārasaṁsthaṁ praharārdhamānaṁ dhmānena |;Rasendracūḍāmaṇi RCūM, 14: 11 13;karṣapramāṇaṁ tu suvarṇapatraṁ śarāvaruddhaṁ aṅgārasaṁsthaṁ praharārdhamānaṁ dhmātena ;!;;
RRS, 5: 5;13 1;lohānāṁ māraṇaṁ śreṣṭhaṁ sarveṣāṁ rasabhasmanā |;
RRS, 5: 5;13 2;mūlībhirmadhyamaṁ prāhuḥ kaniṣṭhaṁ gandhakādibhiḥ |;
RRS, 5: 5;13 3;arilohena lohasya māraṇaṁ durguṇapradam ||;
RRS, 5: 5;14 1;kṛtvā kaṇṭakavedhyāni svarṇapatrāṇi lepayet |;
RRS, 5: 5;14 2;luṁgāṁbubhasmasūtena mriyate daśabhiḥ puṭaiḥ ||;Rasamañjarī RMañj, 5: 5 7;kṛtvā kaṇṭakavedhyāni svarṇapatrāṇi lepayet |luṅgāmbubhasmasūtena mriyate daśabhiḥ puṭaiḥ ||;!;;
RRS, 5: 5;15 1;drute vinikṣipetsvarṇe lohamānaṁ mṛtaṁ rasam |;
RRS, 5: 5;15 2;vicūrṇya luṅgatoyena daradena samanvitam |;
RRS, 5: 5;15 3;jāyate kuṁkumacchāyaṁ svarṇaṁ dvādaśabhiḥ puṭaiḥ ||;
RRS, 5: 5;16 1;hemnaḥ pādaṁ mṛtaṁ sūtaṁ piṣṭamamlena kenacit |;
RRS, 5: 5;16 2;patre liptvā puṭaiḥ pacyādaṣṭabhirmriyate dhruvam ||;
RRS, 5: 5;17 1;maṁḍūkāsthivasāṭaṁkahayalālendragopakaiḥ |;
RRS, 5: 5;17 2;prativāpena kanakaṁ suciraṁ tiṣṭhati drutam ||;Rasārṇava RArṇ, 7: 7 121;maṇḍūkāsthivasāṭaṅkahayalālendragopakaiḥ |prativāpena kanakaṁ suciraṁ tiṣṭhati drutam ||;GOOD;;
RRS, 5: 5;18 1;cūrṇaṁ surendragopānāṁ devadālīphaladravaiḥ |;
RRS, 5: 5;18 2;bhāvitaṁ sadṛśaṁ hema karoti jalavaddrutam ||;
RRS, 5: 5;19 1;etadbhasma suvarṇajaṁ kaṭughṛtopetaṁ dviguṁjonmitaṁ ojodhātuvivardhanaṁ balakaraṁ |;
RRS, 5: 5;20 1;balaṁ ca vīryaṁ harate narāṇāṁ rogavrajaṁ kopayatīva asaukhyakāraṁ ca sadaiva hemāpakvaṁ sadoṣaṁ |;
RRS, 5: 5;21 1;sahajaṁ khanisaṁjātaṁ kṛtrimaṁ trividhaṁ matam |;
RRS, 5: 5;21 2;rajataṁ pūrvapūrvaṁ hi svaguṇairuttarottaram ||;
RRS, 5: 5;22 1;kailāsādyadrisambhūtaṁ sahajaṁ rajataṁ bhavet |;
RRS, 5: 5;22 2;tatspṛṣṭaṁ hi sakṛdvyādhināśanaṁ dehināṁ bhavet ||;Rasendracūḍāmaṇi RCūM, 14: 11 27;kailāsādyadrisambhūtaṁ rajataṁ sahajaṁ bhavet |tatspṛṣṭaṁ hi mahāvyādhināśanaṁ dehināṁ bhavet ||;!;;
RRS, 5: 5;23 1;himālayādikūṭeṣu yadrūpyaṁ jāyate hi tat |;
RRS, 5: 5;23 2;khanijaṁ kathyate tajjñaiḥ paramaṁ hi rasāyanam ||;
RRS, 5: 5;24 1;śrīrāmapādukānyastaṁ vaṁgaṁ yadrūpyatāṁ gatam |;
RRS, 5: 5;24 2;tatpādarūpyamityuktaṁ kṛtrimaṁ sarvaroganut ||;Rasendracūḍāmaṇi RCūM, 14: 11 29;śrīrāmapādukānyastaṁ vaṅgaṁ yadrūpyatāṁ gatam |tat pādarūpyam ityuktaṁ kṛtrimaṁ sarvaroganut ||;GOOD;;
RRS, 5: 5;25 1;ghanaṁ svacchaṁ guru snigdhaṁ dāhe chede sitaṁ mṛdu |;
RRS, 5: 5;25 2;śaṁkhābhaṁ masṛṇaṁ sphoṭarahitaṁ rajataṁ śubham ||;Rasendracūḍāmaṇi RCūM, 14: 11 30;ghanaṁ snigdhaṁ mṛdu svacchaṁ dāhe chede sitaṁ guru |śaṅkhābhaṁ masṛṇaṁ sphoṭarahitaṁ rajataṁ śubham ||;GOOD;;
RRS, 5: 5;26 1;dāhe raktaṁ ca pītaṁ ca kṛṣṇaṁ rūkṣaṁ sphuṭaṁ laghu |;
RRS, 5: 5;26 2;sthūlāṅgaṁ karkaśāṅgaṁ ca rajataṁ tyājyamaṣṭadhā ||;Ānandakanda ĀK, 2, 3: 28 8;dāhe raktaṁ ca pītaṁ ca kṛṣṇaṁ rūkṣaṁ sphuṭaṁ laghu |sthūlāṅgaṁ karkaśāṅgaṁ ca rajataṁ tyājyamaṣṭadhā ||;GOOD;;Rasendracūḍāmaṇi RCūM, 14: 11 31;dāhe raktaṁ ca pītaṁ ca kṛṣṇaṁ rūkṣaṁ sphuṭaṁ laghu |sthūlāṅgaṁ karkaśāṅgaṁ ca rajataṁ tyājyam aṣṭadhā ||;GOOD;;
RRS, 5: 5;27 1;rūpyaṁ vipākamadhuraṁ tuvarāmlasāraṁ śītaṁ saraṁ snigdhaṁ ca vātakaphajijjaṭharāgnidīpi balyaṁ paraṁ |;
RRS, 5: 5;28 1;raupyaṁ śītaṁ kaṣāyāmlaṁ snigdhaṁ vātaharaṁ guru |;
RRS, 5: 5;28 2;rasāyanavidhānena sarvarogāpahārakam ||;
RRS, 5: 5;29 1;taile takre gavāṁ mūtre hyāranāle kulatthaje |;
RRS, 5: 5;29 2;kramānniṣecayettaptaṁ drāve drāve tu saptadhā |;
RRS, 5: 5;29 3;svarṇādilohapatrāṇāṁ śuddhireṣā praśasyate ||;

RRS, 5: 5;31 1;nāgena ṭaṁkaṇenaiva vāpitaṁ śuddhimṛcchati |;
RRS, 5: 5;31 2;tāraṁ trivāraṁ nikṣiptaṁ taile jyotiṣmatībhave ||;Ānandakanda ĀK, 2, 3: 28 11;nāgena ṭaṅkaṇenaiva drāvitaṁ śuddhimṛcchati |tāraṁ trivāraṁ nikṣiptaṁ taile jyotiṣmatībhave ||;!;;
RRS, 5: 5;32 1;kharpare bhasmacūrṇābhyāṁ paritaḥ pālikāṁ caret |;
RRS, 5: 5;32 2;tatra rūpyaṁ vinikṣipya samasīsasamanvitam ||;Rasendracūḍāmaṇi RCūM, 14: 11 32;kharpare bhasmacūrṇābhyāṁ paritaḥ pālikāṁ caret |tatra rūpyaṁ vinikṣipya samasīsasamanvitam ||;GOOD;;
RRS, 5: 5;33 1;jātasīsakṣayaṁ yāvaddhamettāvatpunaḥ punaḥ |;
RRS, 5: 5;33 2;itthaṁ saṁśodhitaṁ rūpyaṁ yojanīyaṁ rasādiṣu ||;Rasendracūḍāmaṇi RCūM, 14: 11 33;jātasīsakṣayaṁ yāvaddhamettāvat punaḥ punaḥ |svacchaṁ saṁśodhitaṁ rūpyaṁ yojanīyaṁ rasādiṣu ||;!;;
RRS, 5: 5;34 1;lakucadravasūtābhyāṁ tārapatraṁ pralepayet |;
RRS, 5: 5;34 2;ūrdhvādho gandhakaṁ dattvā mūṣāmadhye nirudhya ca ||;
RRS, 5: 5;35 1;svedayedvālukāyantre dinamekaṁ dṛḍhāgninā |;
RRS, 5: 5;35 2;svāṁgaśītāṁ ca tāṁ piṣṭiṁ sāmlatālena marditām |;
RRS, 5: 5;35 3;puṭeddvādaśavārāṇi bhasmībhavati rūpyakam ||;
RRS, 5: 5;36 1;mākṣīkacūrṇaluṁgāmlamarditaṁ puṭitaṁ śanaiḥ |;
RRS, 5: 5;36 2;triṁśadvāreṇa tattāraṁ bhasmasājjāyatetarām ||;
RRS, 5: 5;37 1;bhāvyaṁ tāpyaṁ snuhīkṣīraistārapatrāṇi lepayet |;
RRS, 5: 5;37 2;mārayetpuṭayogena nirutthaṁ jāyate dhruvam ||;
RRS, 5: 5;38 1;tārapatraṁ caturbhāgaṁ bhāgaikaṁ śuddhatālakam |;
RRS, 5: 5;38 2;mardyaṁ jambīrajadrāvaistārapatrāṇi lepayet ||;Rasamañjarī RMañj, 5: 5 18;tārapatraṁ caturbhāgaṁ bhāgaikaṁ śuddhatālakam |mardyaṁ jambīrajairdrāvaistārapatrāṇi lepayet ||;GOOD;;Rasendrasārasaṁgraha RSS, 1: 1 265;tārapatraṁ caturbhāgaṁ bhāgaikaṁ śuddhatālakam |mardyaṁ jambīrajair drāvaistārapatrāṇi lepayet ||;GOOD;;
RRS, 5: 5;39 1;śodhayed andhayantre ca triṁśadutpalakaiḥ pacet |;
RRS, 5: 5;39 2;caturdaśapuṭairevaṁ nirutthaṁ jāyate dhruvam ||;
RRS, 5: 5;40 1;saptadhā naramūtreṇa bhāvayeddevadālikām |;
RRS, 5: 5;40 2;taccūrṇāvāpamātreṇa drutiḥ syātsvarṇatārayoḥ ||;
RRS, 5: 5;41 1;bhasmībhūtaṁ rajatamamalaṁ tatsamau vyomabhānū līḍhaṁ prātaḥ kṣapayatitarāṁ yakṣmapāṇḍūdarārśaḥ |;
RRS, 5: 5;42 1;mlecchaṁ nepālakaṁ ceti tayornepālakaṁ varam |;
RRS, 5: 5;42 2;nepālādanyakhanyutthaṁ mlecchamityabhidhīyate ||;Rasendracūḍāmaṇi RCūM, 14: 11 40;mlecchaṁ nepālakaṁ ceti tayornepālamuttamam |nepālādanyakhanyutthaṁ mlecchamityabhidhīyate ||;!;;
RRS, 5: 5;43 1;sitakṛṣṇāruṇacchāyam ativāmi kaṭhorakam |;
RRS, 5: 5;43 2;kṣālitaṁ ca punaḥ kṛṣṇam etanmlecchakatāmrakam ||;Rasendracūḍāmaṇi RCūM, 14: 11 41;sitakṛṣṇāruṇacchāyaṁ vāmi bhedi kaṭhorakam |kṣālitaṁ ca punaḥ kṛṣṇametanmlecchakatāmrakam ||;!;;
RRS, 5: 5;44 1;susnigdhaṁ mṛdulaṁ śoṇaṁ ghanāghātakṣamaṁ guru |;
RRS, 5: 5;44 2;nirvikāraṁ guṇaśreṣṭhaṁ tāmraṁ nepālamucyate ||;Rasendracūḍāmaṇi RCūM, 14: 11 42;susnigdhaṁ mṛdulaṁ śoṇaṁ ghanāghātakṣamaṁ guru |nirvikāraṁ guṇaiḥ śreṣṭhaṁ tāmraṁ nepālamucyate ||;GOOD;;
RRS, 5: 5;45 1;pāṇḍuraṁ kṛṣṇaśoṇaṁ ca laghusphuṭanasaṁyutam |;
RRS, 5: 5;45 2;rūkṣāṅgaṁ sadalaṁ tāmraṁ neṣyate rasakarmaṇi ||;Rasendracūḍāmaṇi RCūM, 14: 11 43;pāṇḍuraṁ kṛṣṇaśoṇaṁ ca laghusphuṭanasaṁyutam |rūkṣāṅgaṁ sadalaṁ tāmraṁ neṣyate rasakarmaṇi ||;GOOD;;
RRS, 5: 5;46 1;tāmraṁ tiktakaṣāyakaṁ ca madhuraṁ pāke.tha ūrdhvādhaḥ pariśodhanaṁ viṣayakṛt sthaulyāpahaṁ |;
RRS, 5: 5;47 1;aśuddhaṁ tāmramāyurghnaṁ kāntivīryabalāpaham |;
RRS, 5: 5;47 2;vāntimūrcchābhramotkledaṁ kuṣṭhaṁ śūlaṁ karoti tat ||;
RRS, 5: 5;48 1;utkledabhedabhramadāhamohāstāmrasya doṣāḥ khalu viśodhanāttadvigatasvadoṣaṁ sudhāsamaṁ syād |;Rasendracūḍāmaṇi RCūM, 14: 11 44;utkledamohabhramadāhabhedāstāmrasya doṣāḥ khalu viśodhanāt tad vigatasvadoṣaṁ sudhāmayaṁ ;!;;
RRS, 5: 5;49 1;tāmraṁ kṣārāmlasaṁyuktaṁ drāvitaṁ dattagairikam |;
RRS, 5: 5;49 2;nikṣiptaṁ mahiṣītakre chagaṇe saptavārakam |;
RRS, 5: 5;49 3;pañcadoṣavinirmuktaṁ bhasmayogyaṁ hi jāyate ||;
RRS, 5: 5;50 1;tāmranirmalapatrāṇi liptvā nimbvambusindhunā |;
RRS, 5: 5;50 2;dhmātvā sauvīrakakṣepādviśudhyatyaṣṭavārataḥ ||;
RRS, 5: 5;51 1;nimbvambupaṭuliptāni tāpitānyaṣṭavārakam |;
RRS, 5: 5;51 2;viśudhyantyarkapatrāṇi nirguṁḍyārasamajjanāt ||;
RRS, 5: 5;52 1;gomūtreṇa pacedyāmaṁ tāmrapatraṁ dṛḍhāgninā |;
RRS, 5: 5;52 2;śudhyate nātra saṁdeho māraṇaṁ cāpyathocyate ||;Rasamañjarī RMañj, 5: 5 28;gomūtreṇa pacedyāmaṁ tāmrapatraṁ dṛḍhāgninā |śudhyate nātra sandeho māraṇaṁ vāpyathocyate ||;!;;
RRS, 5: 5;53 1;jambīrarasasampiṣṭarasagandhakalepitam |;
RRS, 5: 5;53 2;śulbapatraṁ śarāvasthaṁ tripuṭairyāti pañcatām ||;Rasamañjarī RMañj, 5: 5 34;jambīrarasasampiṣṭaṁ rasagandhakalepitam |śulbapatraṁ śarāvasthaṁ tripuṭairyāti pañcatām ||;GOOD;;
RRS, 5: 5;54 1;athavā māritaṁ tāmramamlenaikena marditam |;
RRS, 5: 5;54 2;tadgolaṁ sūraṇasyāntā ruddhvā sarvatra lepayet ||;Ānandakanda ĀK, 2, 4: 29 48;athavā māritaṁ tāmram amlenaikena mardayet |tadgolaṁ sūraṇasyāntaḥ ruddhvā sarvatra lepayet ||;GOOD;;
RRS, 5: 5;55 1;śuṣkaṁ gajapuṭe pacyātsarvadoṣaharaṁ bhavet |;
RRS, 5: 5;55 2;vāntiṁ bhrāntiṁ virekaṁ ca na karoti kadācana ||;Ānandakanda ĀK, 2, 4: 29 49;śuṣkaṁ gajapuṭe pacyātsarvadoṣaharaṁ bhavet |vāntiṁ bhrāntiṁ virekaṁ ca na karoti kadācana ||;GOOD;;
RRS, 5: 5;56 1;tāmrapatrāṇi sūkṣmāṇi gomūtre pañcayāmakam |;
RRS, 5: 5;56 2;kṣiptvā rasena bhāṇḍe taddviguṇaṁ dehi gandhakam ||;
RRS, 5: 5;57 1;amlaparṇīṁ prapiṣyātha hyabhito dehi tāmrakam |;
RRS, 5: 5;57 2;samyaṅ nirudhya bhāṇḍe tamagniṁ jvālaya yāmakam |;
RRS, 5: 5;57 3;bhasmībhavati tāmraṁ tadyatheṣṭaṁ viniyojayet ||;
RRS, 5: 5;58 1;sūtād dviguṇitaṁ tāmrapatraṁ kanyārasaiḥ plutam |;
RRS, 5: 5;58 2;piṣṭvā tulyena balinā bhāṇḍamadhye vinikṣipet ||;
RRS, 5: 5;59 1;channaṁ śarāvakeṇaitattadūrdhvaṁ lavaṇaṁ tyajet |;
RRS, 5: 5;59 2;mukhe śarāvakaṁ dattvā vahniṁ yāmacatuṣṭayam ||;
RRS, 5: 5;60 1;avacūrṇyaiva tacchulbaṁ vallamātraṁ prayojayet |;
RRS, 5: 5;60 2;pippalīmadhunā sārdhaṁ sarvarogeṣu yojayet ||;
RRS, 5: 5;61 1;śvāsaṁ kāsaṁ kṣayaṁ pāṇḍumagnimāṁdyamarocakam |;
RRS, 5: 5;61 2;gulmaplīhayakṛnmūrcchāśūlapaktyartham uttamam ||;
RRS, 5: 5;62 1;doṣatrayasamudbhūtānāmayāñjayati dhruvam |;
RRS, 5: 5;62 2;rogānupānasahitaṁ jayeddhātugataṁ jvaram |;
RRS, 5: 5;62 3;rase rasāyane tāmraṁ yojayedyuktamātrayā ||;
RRS, 5: 5;63 1;śulbatulyena sūtena balinā tatsamena ca |;
RRS, 5: 5;63 2;tadardhāṁśena tālena śilayā ca tadardhayā ||;Yogaratnākara YRā, 1: 1 38;śulbatulyena sūtena balinā tatsamena ca |tadardhāṁśena tālena śilayā ca tadardhayā ||;GOOD;;
RRS, 5: 5;64 1;vidhāya kajjalīṁ ślakṣṇāṁ bhinnakajjalasannibhām |;
RRS, 5: 5;64 2;yantrādhyāyavinirdiṣṭagarbhayantrodarāntare ||;
RRS, 5: 5;65 1;kajjalīṁ tāmrapatrāṇi paryāyeṇa vinikṣipet |;
RRS, 5: 5;65 2;prapacedyāmaparyantaṁ svāṁgaśītaṁ vicūrṇayet ||;
RRS, 5: 5;66 1;tattadrogaharānupānasahitatāmraṁ dvivallonmitaṁ gulmaplīhayakṛtkṣayāgnisadanaṁ mehaṁ ca mūlāmayaṁ |;Rasendracūḍāmaṇi RCūM, 14: 11 70;tattadrogaharānupānasahitaṁ tāmraṁ dvivallonmitaṁ gulmaplīhayakṛtkṣayāgnisadanaṁ mehaṁ ca mūlāmayaṁ ;!;;
RRS, 5: 5;67 1;muṁḍaṁ tīkṣṇaṁ ca kāṁtaṁ ca triprakāramayaḥ smṛtam |;
RRS, 5: 5;68 1;mṛdu kuṇṭhaṁ kaḍāraṁ ca trividhaṁ muṇḍamucyate ||;
RRS, 5: 5;69 1;drutadrāvamavisphoṭaṁ cikkaṇaṁ mṛdu tacchubham ||;
RRS, 5: 5;70 1;hataṁ yatprasared duḥkhāttatkuṇṭhaṁ madhyamaṁ |;
RRS, 5: 5;71 1;yaddhataṁ bhajyate bhaṁge kṛṣṇaṁ syāttatkaḍārakam ||;
RRS, 5: 5;72 1;muṇḍaṁ paraṁ mṛdulakaṁ gulmāmavātajaṭharārtiharaṁ pradīpi śophāpahaṁ |;Rasendracūḍāmaṇi RCūM, 14: 11 79;muṇḍaṁ paraṁ mṛdulakaṁ gulmāmavātajaṭharārttiharaṁ pradīpi śophāpahaṁ ;!;;
RRS, 5: 5;73 1;aśuddhalohaṁ na hitaṁ niṣevaṇād āyurbalaṁ kāntivināśi hṛdi prapīḍāṁ tanute hyapāṭavaṁ rujaṁ karotyeva |;Rasaratnasamuccaya RRS, 5: 5 147;aśuddhalohaṁ na hitaṁ niṣevaṇād āyurbalaṁ kāntivināśi hṛdi prapīḍāṁ tanute hyapāṭavaṁ rujaṁ karotyeva ;GOOD;;
RRS, 5: 5;74 1;kharaṁ sāraṁ ca hṛnnālaṁ tārāvaṭṭaṁ ca vājiram |;
RRS, 5: 5;74 2;kālalohābhidhānaṁ ca ṣaḍvidhaṁ tīkṣṇamucyate ||;Rasendracūḍāmaṇi RCūM, 14: 11 80;kharaṁ sāraṁ ca honnālaṁ tārāpaṭṭaṁ ca bhājaram |kālalohābhidhānaṁ ca ṣaḍvidhaṁ tīkṣṇamucyate ||;!;;
RRS, 5: 5;75 1;paruṣaṁ pogaronmuktaṁ bhaṁge pāradavacchavi |;
RRS, 5: 5;75 2;namane bhaṅguraṁ yattatkharalohamudāhṛtam ||;
RRS, 5: 5;76 1;vegabhaṅguradhāraṁ yatsāralohaṁ tadīritam |;
RRS, 5: 5;76 2;pogarābhāsakaṁ pāṇḍubhūmijaṁ sāramucyate ||;
RRS, 5: 5;77 1;kṛṣṇapāṇḍuvapuścañcubījatulyorupogaram |;
RRS, 5: 5;77 2;chedane cātiparuṣaṁ hṛnnālamiti kathyate ||;
RRS, 5: 5;78 1;aṅgakṣayā ca vaṅgaṁ ca pogarasyābhidhātrayam |;
RRS, 5: 5;78 2;cikuraṁ bhaṅguraṁ lohāt pogaraṁ tatparaṁ matam ||;
RRS, 5: 5;79 1;pogarairvajrasaṁkāśaiḥ sūkṣmarekhaiśca sāndrakaiḥ |;
RRS, 5: 5;79 2;nicitaṁ śyāmalāṅgaṁ ca vājīraṁ tatprakīrtyate ||;Rasendracūḍāmaṇi RCūM, 14: 11 84;yogarair vajrasaṅkāśaiḥ sūkṣmarekhaiśca sāndrakaiḥ |nicitaṁ śyāmalāṅgaṁ ca bhājaraṁ tat prakīrtitam ||;!;;
RRS, 5: 5;80 1;nīlakṛṣṇaprabhaṁ sāndraṁ masṛṇaṁ guru bhāsuram |;
RRS, 5: 5;80 2;lohāghāte .pyabhaṅgātmadhāraṁ kālāyasaṁ matam ||;Rasendracūḍāmaṇi RCūM, 14: 11 85;nīlakṛṣṇaprabhaṁ sāndraṁ masṛṇaṁ guru bhāsuram |lohāghāte.pyabhagnātmadhāraṁ kālāyasaṁ matam ||;!;;
RRS, 5: 5;81 1;rūkṣaṁ syāt kharalohakaṁ samadhuraṁ pāke.tha vīrye sadyaḥ śūlayakṛdgadakṣayajarāmehāmavātāpahaṁ dīptaṁ |;
RRS, 5: 5;82 1;kharalohātparaṁ sarvamekaikasmācchatottaram ||;Rasendracūḍāmaṇi RCūM, 14: 11 86;kharalohāt paraṁ sarvamekaikasmācchatottaram ||;GOOD;;
RRS, 5: 5;83 1;bhrāmakaṁ cumbakaṁ caiva karṣakaṁ drāvakaṁ tathā |;
RRS, 5: 5;83 2;evaṁ caturvidhaṁ kāntaṁ romakāntaṁ ca pañcamam ||;Rasārṇava RArṇ, 6: 6 40;bhrāmakaṁ cumbakaṁ caiva karṣakaṁ drāvakaṁ tathā |evaṁ caturvidhaṁ kāntaṁ romakāntaṁ ca pañcamam ||;GOOD;;
RRS, 5: 5;84 1;ekadvitricatuṣpañcasarvatomukham eva tat |;
RRS, 5: 5;84 2;pītaṁ kṛṣṇaṁ tathā raktaṁ trivarṇaṁ syātpṛthak pṛthak |;
RRS, 5: 5;84 3;krameṇa devatāstatra brahmaviṣṇumaheśvarāḥ ||;
RRS, 5: 5;85 1;sparśavedhi bhavetpītaṁ kṛṣṇaṁ śreṣṭhaṁ rasāyane |;
RRS, 5: 5;85 2;raktavarṇaṁ tathā cāpi rasabandhe praśasyate ||;
RRS, 5: 5;86 1;bhrāmakaṁ tu kaniṣṭhaṁ syāccumbakaṁ madhyamaṁ uttamaṁ karṣakaṁ caiva drāvakaṁ cottamottamam ||;
RRS, 5: 5;87 1;bhrāmayellohajātaṁ yattatkāntaṁ bhrāmakaṁ matam ||;
RRS, 5: 5;88 1;cumbayeccumbakaṁ kāntaṁ karṣayetkarṣakaṁ tathā ||;
RRS, 5: 5;89 1;sākṣād yaddrāvayellohaṁ tatkāntaṁ drāvakaṁ bhavet ||;
RRS, 5: 5;90 1;tadromakāntaṁ sphuṭitād yato romodgamo bhavet ||;
RRS, 5: 5;91 1;kaniṣṭhaṁ syādekamukhaṁ madhyaṁ dvitrimukhaṁ catuṣpañcamukhaṁ śreṣṭhamuttamaṁ sarvatomukham ||;Rasārṇava RArṇ, 6: 6 47;kaniṣṭhaṁ syādekamukhaṁ madhyaṁ dvitrimukhaṁ catuḥpañcamukhaṁ śreṣṭham uttamaṁ sarvatomukham ||;!;;
RRS, 5: 5;92 1;bhrāmakaṁ cumbakaṁ caiva vyādhināśe praśasyate |;
RRS, 5: 5;92 2;rase rasāyane caiva karṣakaṁ drāvakaṁ hitam ||;Rasārṇava RArṇ, 6: 6 48;bhrāmakaṁ cumbakaṁ caiva vyādhināśe praśasyate |rase rasāyane caiva karṣakaṁ drāvakaṁ hitam ||;GOOD;;
RRS, 5: 5;93 1;madonmattagajaḥ sūtaḥ kāntam aṅkuśamucyate ||;
RRS, 5: 5;94 1;kṣetraṁ jñātvā grahītavyaṁ tatprayatnena dhīmatā |;
RRS, 5: 5;94 2;mārutātapavikṣiptaṁ varjayennātra saṁśayaḥ ||;
RRS, 5: 5;95 1;pātre yasya prasarati jale tailabindurna lipto gandhaṁ pāke dugdhaṁ bhavati śikharākārakaṁ naiti bhūmau |;
RRS, 5: 5;96 1;kāntāyo .tirasāyanottarataraṁ svasthe cirāyuḥpradaṁ gulmaplīhayakṛtkṣayāmayaharaṁ pāṇḍūdaravyādhinut |;Rasendracūḍāmaṇi RCūM, 14: 11 94;kāntāyo .tirasāyanottarataraṁ svasthe cirāyuḥpradaṁ gulmaplīhayakṛtkṣayāmayaharaṁ pāṇḍūdaravyādhinut ;GOOD;;
RRS, 5: 5;97 1;samyagauṣadhakalpānāṁ lohakalpaḥ praśasyate |;
RRS, 5: 5;97 2;tasmātsarvaprayatnena śuddhaṁ lohaṁ ca mārayet ||;
RRS, 5: 5;98 1;nāyaḥ pacetpañcapalād arvāg ūrdhvaṁ trayodaśāt ||;
RRS, 5: 5;99 1;ādau mantrastataḥ karma kartavyaṁ mantra ucyate ||;
RRS, 5: 5;100 1;oṁ amṛtodbhavāya svāhā anena mantreṇa lohamāraṇam |;
RRS, 5: 5;100 2;lakṣottaraguṇaṁ sarvaṁ lohaṁ syāduttarottaram |;
RRS, 5: 5;100 3;kāntaṁ koṭiguṇaṁ tatra tadapyevaṁ guṇottaram ||;
RRS, 5: 5;101 1;śaśakṣatajasaṁliptaṁ trivāraṁ paritāpitam |;
RRS, 5: 5;101 2;muṇḍādisakalaṁ lohaṁ sarvadoṣān vimuñcati ||;Rasendracūḍāmaṇi RCūM, 14: 11 96;śaśakṣatajasaṁliptaṁ trivāraṁ paritāpitam |muṇḍādisakalaṁ lohaṁ sarvadoṣān vimuñcati ||;GOOD;;
RRS, 5: 5;102 1;kvāthyamaṣṭaguṇe toye triphalāṣoḍaśaṁ palam |;
RRS, 5: 5;102 2;tatkvāthe pādaśeṣe tu lohasya palapañcakam ||;Rasamañjarī RMañj, 5: 5 50;triphalādaṣṭaguṇe toye triphalā ṣoḍaśaṁ palam |tatkvāthe pādaśeṣe tu lohasya palapañcakam ||;GOOD;;Rasendracintāmaṇi RCint, 6: 6 14;triphalāṣṭaguṇe toye triphalāṣoḍaśaṁ palam |tatkvāthe pādaśeṣe tu lohasya palapañcakam ||;GOOD;;Yogaratnākara YRā, 1: 1 55;kvāthyamaṣṭaguṇe toye triphalā ṣoḍaśaṁ palam |tatkvāthe pādaśeṣe tu lohasya palapañcakam ||;GOOD;;Rasaratnākara RRĀ, 1, 9: 9 6;triphalāṣṭaguṇais toyaistriphalāṣoḍaśaṁ palam |tatkvāthe pādaśeṣe tu lauhasya patrapañcakam ||;!;;Rasendrasārasaṁgraha RSS, 1: 1 297;triphalāṣṭaguṇe toye triphalā ṣoḍaśaṁ palam |tatkvāthe pādaśeṣe tu lauhasya palapañcakam ||;!;;
RRS, 5: 5;103 1;kṛtvā patrāṇi taptāni saptavāraṁ niṣecayet |;
RRS, 5: 5;103 2;evaṁ pralīyate doṣo girijo lohasambhavaḥ ||;Gūḍhārthadīpikā ŚGDīp zu ŚdhSaṁh, 2, 11, 53.1: 24 18;kṛtvā patrāṇi taptāni saptavāraṁ niṣecayet |evaṁ pralīyate doṣo girijo lohasaṁbhavaḥ ||;GOOD;;Rasamañjarī RMañj, 5: 5 51;kṛtvā patrāṇi taptāni saptavāraṁ niṣecayet |evaṁ pralīyate doṣo girijo lohasambhavaḥ ||;GOOD;;Rasendracintāmaṇi RCint, 6: 6 15;kṛtvā patrāṇi taptāni saptavārānniṣecayet |evaṁ pralīyate doṣo girijo lohasambhavaḥ ||;GOOD;;Yogaratnākara YRā, 1: 1 56;kṛtvā patrāṇi taptāni saptavāraṁ niṣecayet |evaṁ pralīyate dhāturgirijo lohasambhavaḥ ||;!;;
RRS, 5: 5;104 1;sāmudralavaṇopetaṁ taptaṁ nirvāpitaṁ khalu |;
RRS, 5: 5;104 2;triphalākvathite nūnaṁ giridoṣam ayastyajet ||;Rasendracūḍāmaṇi RCūM, 14: 11 97;sāmudralavaṇopetaṁ taptaṁ nirvāpitaṁ khalu |triphalākvathite nūnaṁ giridoṣam ayastyajet ||;GOOD;;
RRS, 5: 5;105 1;ciñcāphalajalakvāthādayo doṣam udasyati ||;
RRS, 5: 5;106 1;yadvā phalatrayopetaṁ gomūtre kvathitaṁ kṣaṇam |;
RRS, 5: 5;106 2;recitaṁ ghṛtasaṁyuktaṁ kṣiptvāyaḥ kharpare pacet ||;
RRS, 5: 5;107 1;cālayellohadaṇḍena yāvatkṣiptaṁ tṛṇaṁ dahet |;
RRS, 5: 5;107 2;piṣṭvā piṣṭvā pacedevaṁ pañcavāramataḥ param ||;
RRS, 5: 5;108 1;dhātrīphalarasair yadvā triphalākvathitodakaiḥ |;
RRS, 5: 5;108 2;puṭellohaṁ caturvāraṁ bhavedvāritaraṁ khalu ||;
RRS, 5: 5;109 1;snehāktaṁ loharajo mūtre svarase.pi rātridhātrīṇām |;
RRS, 5: 5;109 2;pṛthagevaṁ saptakṛtvo bharjitamakhilāmaye yojyam ||;
RRS, 5: 5;110 1;tīkṣṇalohasya patrāṇi nirdalāni dṛḍhe.nale |;
RRS, 5: 5;110 2;dhmātvā kṣipejjale sadyaḥ pāṣāṇolūkhalodare ||;
RRS, 5: 5;111 1;kaṇḍayedgāḍhanirghātaiḥ sthūlayā lohapārayā |;
RRS, 5: 5;111 2;tanmadhyātsthūlakhaṇḍāni ruddhvā malladvayāntare ||;
RRS, 5: 5;112 1;dhmātvā kṣiptvā jale samyak pūrvavatkaṇḍayetkhalu |;
RRS, 5: 5;112 2;taccūrṇaṁ sūtagandhābhyāṁ puṭedviṁśativārakam ||;
RRS, 5: 5;113 1;puṭe puṭe vidhātavyaṁ peṣaṇaṁ dṛḍhavattaram |;
RRS, 5: 5;113 2;evaṁ bhasmīkṛtaṁ lohaṁ tattadrogeṣu yojayet ||;

RRS, 5: 5;115 1;hiṅgulasya palānpañca nārīstanyena peṣayet |;
RRS, 5: 5;115 2;tena lohasya patrāṇi lepayetpalapañcakam ||;Rasaratnākara RRĀ, 1, 9: 9 13;hiṅgulasya palān pañca nārīstanyena peṣayet |tena lauhasya patrāṇi lepayetpalapañcakam ||;!;;
RRS, 5: 5;116 1;ruddhvā gajapuṭe pacyātkaṣāyaistraiphalaiḥ punaḥ |;
RRS, 5: 5;116 2;jambīrairāranālairvā viṁśatyaṁśena hiṅgulam ||;Rasaratnākara RRĀ, 1, 9: 9 14;ruddhvā gajapuṭe pacyātkaṣāyaistraiphalaiḥ punaḥ |jambīrairāranālairvā viṁśatyaṁśena hiṅgulam ||;GOOD;;
RRS, 5: 5;117 1;piṣṭvā ruddhvā pacellohaṁ taddravaiḥ pācayetpunaḥ |;
RRS, 5: 5;117 2;catvāriṁśatpuṭairevaṁ kāntaṁ tīkṣṇaṁ ca muṇḍakam |;
RRS, 5: 5;117 3;mriyate nātra saṁdeho dattvā dattvaiva hiṅgulam ||;
RRS, 5: 5;118 1;atha pūrvoditaṁ tīkṣṇaṁ vasubhallakavāsayoḥ |;
RRS, 5: 5;118 2;puṭitaṁ patratoyena triṁśadvārāṇi yatnataḥ |;
RRS, 5: 5;118 3;śoṇitaṁ jāyate bhasma kṛtasindūravibhramam ||;
RRS, 5: 5;119 1;yadvā tīkṣṇadalodbhūtaṁ rajaśca triphalājalaiḥ |;
RRS, 5: 5;119 2;piṣṭvā dattvaudanaṁ kiṁciccakrikāṁ pravidhāya ca ||;Rasendracūḍāmaṇi RCūM, 14: 11 107;yadvā tīkṣṇadalodbhūtaṁ rajas tat triphalājalaiḥ |piṣṭvā dattvaudanaṁ kiṁciccakrikāṁ pravidhāya ca ||;GOOD;;
RRS, 5: 5;120 1;śoṣayitvātiyatnena prapacetpañcabhiḥ puṭaiḥ |;
RRS, 5: 5;120 2;raktavarṇaṁ hi tadbhasma yojanīyaṁ yathāyatham ||;
RRS, 5: 5;121 1;matsyākṣīgandhabāhlīkairlakucadravapeṣitaiḥ |;
RRS, 5: 5;121 2;vilipya sakalaṁ lohaṁ matsyākṣīkalkalepitam ||;Rasendracūḍāmaṇi RCūM, 14: 11 109;matsyākṣīgandhavāhlīkair lakucadravapeṣitaiḥ |vilipya sakalaṁ lohaṁ matsyākṣīkalkagopitam ||;!;;
RRS, 5: 5;122 1;bhastrābhyāṁ sudṛḍhaṁ dhmātvā triśūlīnirgamāvadhi |;
RRS, 5: 5;122 2;athoddhṛtya kṣipetkvāthe triphalāgojalātmake ||;Rasendracūḍāmaṇi RCūM, 14: 11 110;bhastrābhyāṁ sudṛḍhaṁ dhmātvā triśūlīnirgamāvadhi |athoddhṛtya kṣipetkvāthe triphalāgojalātmake ||;GOOD;;
RRS, 5: 5;123 1;tasmādāhṛtya saṁtāḍya mṛtamādāya lohakam |;
RRS, 5: 5;123 2;punaśca pūrvavad dhmātvā mārayedakhilāyasam ||;Rasendracūḍāmaṇi RCūM, 14: 11 111;tasmādāhṛtya saṁtāḍya mṛtamādāya lohakam |punaśca pūrvavad dhmātvā mārayedakhilāyasam ||;GOOD;;
RRS, 5: 5;124 1;khaṇḍayitvā tato gandhaguḍatriphalayā saha |;
RRS, 5: 5;124 2;puṭettriṁśativārāṇi nirutthaṁ bhasma jāyate ||;
RRS, 5: 5;125 1;samagandham ayaścūrṇaṁ kumārīvāribhāvitam |;
RRS, 5: 5;125 2;puṭīkṛtaṁ kiyatkālamavaśyaṁ mriyate hyayaḥ ||;
RRS, 5: 5;126 1;jambīrarasasaṁyukte darade taptamāyasam |;
RRS, 5: 5;126 2;bahuvāraṁ vinikṣiptaṁ mriyate nātra saṁśayaḥ ||;
RRS, 5: 5;127 1;gomūtraistriphalā kvāthyā tatkaṣāyeṇa bhāvayet |;
RRS, 5: 5;127 2;triḥsaptāhaṁ prayatnena dinaikaṁ mardayetpunaḥ ||;
RRS, 5: 5;128 1;ruddhvā gajapuṭe pacyāddinaṁ kvāthena mardayet |;
RRS, 5: 5;128 2;divā mardyaṁ puṭedrātrāvekaviṁśaddināvadhi |;
RRS, 5: 5;128 3;ekaviṁśatpuṭairevaṁ mriyate trividhaṁ hyayaḥ ||;
RRS, 5: 5;129 1;yatpātrādhyuṣite toye tailabindurna sarpati |;
RRS, 5: 5;129 2;tāreṇāvartate yattatkāntalohaṁ tanūkṛtam ||;
RRS, 5: 5;130 1;ayasāmuttamaṁ siñcettaptaṁ taptaṁ varārase |;
RRS, 5: 5;130 2;evaṁ śuddhāni lohāni piṣṭānyamlena kenacit ||;
RRS, 5: 5;131 1;mṛtasūtasya pādena praliptāni puṭānale |;
RRS, 5: 5;131 2;pacettulyena vā tāpyagandhāśmaharatejasā ||;
RRS, 5: 5;132 1;taptaṁ kṣārāmlasaṁliptaṁ śaśarakte nidhāpitam |;
RRS, 5: 5;132 2;kāntalohaṁ bhavedbhasma sarvadoṣavivarjitam ||;
RRS, 5: 5;133 1;śuddhaṁ sūtaṁ dvidhā gandhaṁ khallena kṛtakajjalam |;
RRS, 5: 5;133 2;dvayoḥ samaṁ lohacūrṇaṁ mardayetkanyakādravaiḥ ||;
RRS, 5: 5;134 1;yāmadvayātsamuddhṛtya yadgolaṁ tāmrapātrake |;
RRS, 5: 5;134 2;ācchādyairaṁḍapatraiśca yāmārdhe.tyuṣṇatāṁ vrajet ||;
RRS, 5: 5;135 1;dhānyarāśau nyasetpaścāttridinānte samuddharet |;
RRS, 5: 5;135 2;saṁpeṣya gālayedvastre satyaṁ vāritaraṁ bhavet |;
RRS, 5: 5;135 3;kāntaṁ tīkṣṇaṁ ca muṁḍaṁ ca nirutthaṁ jāyate mṛtam ||;
RRS, 5: 5;136 1;svarṇādīnmārayedevaṁ cūrṇaṁ kṛtvā ca lohavat |;
RRS, 5: 5;136 2;siddhayogo hyayaṁ khyātaḥ siddhānāṁ sumukhāgataḥ ||;
RRS, 5: 5;137 1;anubhūtaṁ mayā satyaṁ sarvarogajarāpaham |;
RRS, 5: 5;137 2;triphalāmadhusaṁyuktaṁ sarvarogeṣu yojayet ||;
RRS, 5: 5;138 1;etasmād apunarbhavaṁ hi bhasitaṁ lohasya divyāmṛtaṁ hanyānniṣkamitaṁ jarāmaraṇajavyādhīṁśca satputradaṁ |;
RRS, 5: 5;139 1;lohaṁ gulmaplīhaviṣāpahaṁ balakaraṁ kuṣṭhāgnimāndyapraṇut |;
RRS, 5: 5;140 1;mṛtāni lohāni rasībhavanti nighnanti yuktāni abhyāsayogād dṛḍhadehasiddhiṁ kurvanti |;
RRS, 5: 5;141 1;pakvajambūphalacchāyaṁ kāntalohaṁ taduttamam ||;
RRS, 5: 5;142 1;triḥsaptakṛtvo gomūtre jālinībhasmabhāvitam |;
RRS, 5: 5;142 2;śoṣayettasya vāpena tīkṣṇaṁ mūṣāgataṁ dravet ||;
RRS, 5: 5;143 1;suradālibhasma galitaṁ triḥsaptakṛtvo.tha gojale śuṣkam |;
RRS, 5: 5;143 2;vāpena salilasadṛśaṁ karoti mūṣāgataṁ tīkṣṇam ||;Rasahṛdayatantra RHT, 15: 15 9;suradālībhasma galitaṁ triḥsaptakṛtvātha gojalaṁ śuṣkam |vāpena salilasadṛśaṁ kurute mūṣāgataṁ tīkṣṇam ||;!;;
RRS, 5: 5;144 1;suradālibhavaṁ bhasma naramūtreṇa gālitam |;
RRS, 5: 5;144 2;triḥsaptavāraṁ tatkṣāravāpāt kāntadrutir bhavet ||;
RRS, 5: 5;145 1;gaṁdhakaṁ kāṁtapāṣāṇaṁ cūrṇayitvā samaṁ samam |;
RRS, 5: 5;145 2;drute lohe pratīvāpo deyo lohāṣṭakaṁ dravet ||;Rasaratnākara RRĀ, 3, 17: 36 45;gaṁdhakaṁ kāṁtapāṣāṇaṁ cūrṇayitvā samaṁ samam |drute lohe pratīvāpo deyo lohāṣṭakaṁ dravet ||;!;;
RRS, 5: 5;146 1;devadālyā dravairbhāvyaṁ gaṁdhakaṁ dinasaptakam |;
RRS, 5: 5;146 2;tena pravāpamātreṇa lauhaṁ tiṣṭhati sūtavat ||;Rasaratnākara RRĀ, 3, 17: 36 46;devadālyā dravairbhāvyaṁ gaṁdhakaṁ dinasaptakam |tena pravāpamātreṇa lohaṁ tiṣṭhati sūtavat ||;!;;
RRS, 5: 5;147 1;aśuddhalohaṁ na hitaṁ niṣevaṇād āyurbalaṁ kāntivināśi hṛdi prapīḍāṁ tanute hyapāṭavaṁ rujaṁ karotyeva |;Rasaratnasamuccaya RRS, 5: 5 73;aśuddhalohaṁ na hitaṁ niṣevaṇād āyurbalaṁ kāntivināśi hṛdi prapīḍāṁ tanute hyapāṭavaṁ rujaṁ karotyeva ;GOOD;;
RRS, 5: 5;148 1;kiṭṭāddaśaguṇaṁ muṇḍaṁ muṇḍāttīkṣṇaṁ śatonmitam |;
RRS, 5: 5;148 2;tīkṣṇāllakṣaguṇaṁ kāntaṁ bhakṣaṇātkurute guṇān |;
RRS, 5: 5;148 3;tasmāt kāntaṁ sadā sevyaṁ jarāmṛtyuharaṁ nṛṇām ||;

RRS, 5: 5;150 1;akṣāṅgārairdhametkiṭṭaṁ lohajaṁ tadgavāṁ jalaiḥ |;
RRS, 5: 5;150 2;secayedakṣapātrāntaḥ saptavāraṁ punaḥ punaḥ |;
RRS, 5: 5;150 3;maṇḍūro.yaṁ samākhyātaścūrṇaṁ ślakṣṇaṁ prayojayet ||;
RRS, 5: 5;151 1;gomūtraistriphalā kvāthyā tatkvāthe secayecchanaiḥ |;
RRS, 5: 5;151 2;lohakiṭṭaṁ susaṁtaptaṁ yāvajjīryati tatsvayam |;
RRS, 5: 5;151 3;taccūrṇaṁ jāyate peṣyaṁ maṇḍūro.yaṁ prayojayet ||;
RRS, 5: 5;152 1;ye guṇā mārite muṇḍe te guṇā muṇḍakiṭṭake |;
RRS, 5: 5;152 2;tasmātsarvatra maṇḍūraṁ rogaśāntyai prayojayet ||;Ānandakanda ĀK, 2, 7: 32 103;ye guṇā mārite muṇḍe te guṇā muṇḍakiṭṭake |tasmātsarvatra maṇḍūraṁ rogaśāntyai prayojayet ||;GOOD;;Rasendrasārasaṁgraha RSS, 1: 1 352;ye guṇā mārite muṇḍe te guṇā muṇḍakiṭṭake |tasmāt sarvatra maṇḍūraṁ rogaśāntyai prayojayet ||;GOOD;;Rasamañjarī RMañj, 5: 5 68;ye guṇā mārite muṇḍe te guṇā muṇḍakiṭṭake |tasmāt sarvatra maṇḍūraṁ rogaśāntyai niyojayet ||;!;;
RRS, 5: 5;153 1;khurakaṁ miśrakaṁ ceti dvividhaṁ vaṁgamucyate |;
RRS, 5: 5;153 2;khuraṁ tatra guṇaiḥ śreṣṭhaṁ miśrakaṁ na hitaṁ matam ||;Rasendracūḍāmaṇi RCūM, 14: 11 131;khurakaṁ miśrakaṁ ceti dvividhaṁ vaṅgamucyate |khuraṁ tatra guṇaiḥ śreṣṭhaṁ miśrakaṁ na hitaṁ matam ||;GOOD;;Yogaratnākara YRā, 1: 1 94;khurakaṁ miśrakaṁ ceti dvividhaṁ vaṅgamucyate |khuraṁ tatra guṇaiḥ śreṣṭhaṁ miśrakaṁ na hitaṁ matam ||;GOOD;;
Ānandakanda ĀK, 2, 6: 31 2;dhavalaṁ mṛdulaṁ snigdhaṁ drutadrāvaṁ sagauravam |niḥśabdaṁ khuravaṅgaṁ syānmiśrakaṁ śyāmaśubhrakam ;!;;Rasendracūḍāmaṇi RCūM, 14: 11 132;dhavalaṁ ca mṛdu snigdhaṁ drutadrāvaṁ sagauravam |niḥśabdaṁ khuravaṅgaṁ syān miśrakaṁ śyāmaśubhrakam ;!;;Yogaratnākara YRā, 1: 1 95;dhavalaṁ mṛdulaṁ snigdhaṁ drutadrāvaṁ sagauravam |niḥśabdaṁ khuravaṅgaṁ syānmiśrakaṁ śyāmaśubhrakam ;!;;
RRS, 5: 5;155 1;vaṅgaṁ tiktoṣṇakaṁ rūkṣamīṣad vātaprakopanam |;
RRS, 5: 5;155 2;mehaśleṣmāmayaghnaṁ ca medoghnaṁ kṛmināśanam ||;Rasamañjarī RMañj, 5: 5 49;vaṅgaṁ tiktoṣṇakaṁ rūkṣamīṣadvātaprakopanam |mehaśleṣmāmayaghnaṁ ca kṛmighnaṁ mohanāśanam ||;!;;
RRS, 5: 5;156 1;drāvayitvā niśāyukte kṣiptaṁ nirguṇḍikārase |;
RRS, 5: 5;156 2;viśudhyati trivāreṇa khuravaṁgaṁ na saṁśayaḥ ||;Ānandakanda ĀK, 2, 6: 31 5;drāvayitvā niśāyukte kṣiptaṁ nirguṇḍikārasaiḥ |viśudhyati trivāreṇa khuravaṅgaṁ na saṁśayaḥ ||;GOOD;;Rasendracūḍāmaṇi RCūM, 14: 11 134;drāvayitvā niśāyukte kṣiptaṁ nirguṇḍikārase |viśudhyati trivāreṇa khuravaṅgaṁ na saṁśayaḥ ||;GOOD;;Yogaratnākara YRā, 1: 1 96;drāvayitvā niśāyukte kṣiptaṁ nirguṇḍikārase |viśudhyati trivāreṇa khuravaṅgaṁ na saṁśayaḥ ||;GOOD;;
RRS, 5: 5;157 1;amlatakravinikṣiptaṁ varṣābhūviṣatindubhiḥ |;
RRS, 5: 5;157 2;kaṭphalāṁbugataṁ vaṁgaṁ dvitīyaṁ pariśudhyati ||;
RRS, 5: 5;158 1;śudhyati nāgo vaṁgo ghoṣo ravirātape.pi munisaṁkhyaiḥ |;
RRS, 5: 5;158 2;nirguṇḍīrasasekaistanmūlarajaḥpravāpaiśca ||;
RRS, 5: 5;159 1;satālenārkadugdhena liptvā vaṁgadalāni ca |;
RRS, 5: 5;159 2;bodhiciṁcātvacaḥ kṣārairdadyāllaghupuṭāni ca |;
RRS, 5: 5;159 3;mardayitvā caredbhasma tadrasādiṣu śasyate ||;
RRS, 5: 5;160 1;pradrāvya kharpare vaṁgaṁ ṣoḍaśāṁśaṁ rasaṁ kṣipet |;
RRS, 5: 5;160 2;svalpasvalpālakaṁ dattvā bhāradvājasya kāṣṭhataḥ |;
RRS, 5: 5;160 3;mardayitvā caredbhasma tadrasādiṣu śasyate ||;
RRS, 5: 5;161 1;palāśadravayuktena vaṁgapatraṁ pralepayet |;
RRS, 5: 5;161 2;tālena puṭitaṁ paścānmriyate nātra saṁśayaḥ ||;
RRS, 5: 5;162 1;bhallātatailasaṁliptaṁ vaṁgaṁ vastreṇa veṣṭitam |;
RRS, 5: 5;162 2;ciṁcāpippalapālāśakāṣṭhāgnau yāti pañcatām ||;Yogaratnākara YRā, 1: 1 100;bhallātatailasaṁliptaṁ vaṅgaṁ vastreṇa veṣṭitam |ciñcāpippalapālāśakāṣṭhāgnau yāti pañcatām ||;!;;
RRS, 5: 5;163 1;vaṁgabhasmasamaṁ kāntaṁ vyomabhasma ca tatsamam |;
RRS, 5: 5;163 2;mardayetkanakāmbhobhirnimbapatrarasairapi ||;Rasendracūḍāmaṇi RCūM, 14: 11 139;vaṅgabhasmasamaṁ kāntaṁ vyomabhasma ca tatsamam |mardayetkanyakāmbhobhir nimbapatrarasair api ||;!;;
RRS, 5: 5;164 1;dāḍimasya mayūrasya rasena ca pṛthak pṛthak |;
RRS, 5: 5;164 2;bhūpālāvartabhasmātha vinikṣipya samāṁśakam ||;
RRS, 5: 5;165 1;gomūlakaśilādhātujalaiḥ samyagvimardayet |;
RRS, 5: 5;165 2;tato guggulatoyena mardayitvā dināṣṭakam ||;
RRS, 5: 5;166 1;viśoṣya paricūrṇyātha samabhāgena yojayet |;
RRS, 5: 5;166 2;ghṛṣṭaṁ bandhūkaniryāsair nākulībījacūrṇakaiḥ ||;
RRS, 5: 5;167 1;tataḥ kṣipetkaraṇḍāntarvidhāya paṭagālitam |;
RRS, 5: 5;167 2;gotakrapiṣṭarajanīsāreṇa saha pāyayet ||;
RRS, 5: 5;168 1;caturbhir vallakaistulyaṁ ramyaṁ vaṁgarasāyanam |;
RRS, 5: 5;168 2;niścitaṁ tena naśyanti mehā viṁśatibhedakāḥ ||;
RRS, 5: 5;169 1;śālayo mudgasūpaṁ ca navanītaṁ tilodbhavam |;
RRS, 5: 5;169 2;paṭolaṁ tiktatuṇḍīraṁ takraṁ pathyāya śasyate ||;
RRS, 5: 5;170 1;drutadrāvaṁ mahābhāraṁ chede kṛṣṇaṁ samujjvalam |;
RRS, 5: 5;170 2;pūtigandhaṁ bahiḥ kṛṣṇaṁ śuddhaṁ sīsamato.nyathā ||;Ānandakanda ĀK, 2, 6: 31 20;drutadrāvaṁ mahābhāraṁ chede kṛṣṇaṁ samujjvalam |pūtigandhaṁ bahiḥ kṛṣṇaṁ śuddhaṁ sīsamato.nyathā ||;GOOD;;Rasendracūḍāmaṇi RCūM, 14: 11 145;drutadrāvaṁ mahābhāraṁ chede kṛṣṇaṁ samujjvalam |pūtigandhaṁ bahiḥkṛṣṇaṁ śuddhaṁ sīsamato.nyathā ||;GOOD;;Yogaratnākara YRā, 1: 1 106;drutadrāvaṁ mahābhāraṁ chede kṛṣṇaṁ samujjvalam |pūtigandhaṁ bahiḥkṛṣṇaṁ śuddhaṁ sīsamato.nyathā ||;GOOD;;
RRS, 5: 5;171 1;atyuṣṇaṁ sīsakaṁ snigdhaṁ tiktaṁ vātakaphāpaham |;
RRS, 5: 5;171 2;pramehatoyadoṣaghnaṁ dīpanaṁ cāmavātanut ||;Rasendracūḍāmaṇi RCūM, 14: 11 146;atyuṣṇaṁ sīsakaṁ snigdhaṁ tiktaṁ vātāpaham |pramehatoyadoṣaghnaṁ dīpanaṁ cāmavātanut ||;!;;Yogaratnākara YRā, 1: 1 113;atyuṣṇaṁ sīsakaṁ snigdhaṁ tiktaṁ vātakaphāpaham |pramehatoyadoṣaghnaṁ dīpanaṁ cāmavātanut ||;!;;
RRS, 5: 5;172 1;sinduvārajaṭākauntīharidrācūrṇakaṁ kṣipet |;
RRS, 5: 5;172 2;drute nāge.tha nirguṇḍyās trivāraṁ nikṣipedrase |;
RRS, 5: 5;172 3;nāgaḥ śuddho bhavedevaṁ mūrchāsphoṭādi nācaret ||;
RRS, 5: 5;173 1;tiryagākāracullyāṁ tu tiryagvaktraṁ ghaṭaṁ nyaset |;
RRS, 5: 5;173 2;taṁ ca vaktraṁ vinā sarvaṁ gopayedyatnato mṛdā ||;
RRS, 5: 5;174 1;bhṛṣṭayantrābhidhe tasmin pātre sīsaṁ vinikṣipet |;
RRS, 5: 5;174 2;palaviṁśatikaṁ śuddhamadhastīvrānalaṁ kṣipet ||;
RRS, 5: 5;175 1;drute nāge kṣipetsūtaṁ śuddhaṁ karṣamitaṁ śubham |;
RRS, 5: 5;175 2;gharṣayitvā kṣipetkṣāramekaikaṁ hi palaṁ palam ||;Rasendracūḍāmaṇi RCūM, 14: 11 150;drute nāge kṣipetsūtaṁ śuddhaṁ karṣamitaṁ śubham |vighaṭṭya nikṣipet kṣāramekaikaṁ hi palaṁ palam ||;!;;
RRS, 5: 5;176 1;arjunasyākṣavṛkṣasya mahārājagirerapi |;
RRS, 5: 5;176 2;dāḍimasya mayūrasya kṣiptvā kṣāraṁ pṛthak pṛthak ||;Rasendracūḍāmaṇi RCūM, 14: 11 151;arjunākhyasya vṛkṣasya mahārājagirerapi |dāḍimasya mayūrasya kṣiptvā kṣāraṁ pṛthak pṛthak ||;!;;
RRS, 5: 5;177 1;evaṁ viṁśatirātrāṇi pacettīvreṇa vahninā |;
RRS, 5: 5;177 2;vighaṭṭayandṛḍhaṁ dorbhyāṁ lohadarvyā prayatnataḥ ||;Rasendracūḍāmaṇi RCūM, 14: 11 152;evaṁ viṁśatirātrāṇi pacettīvreṇa vahninā |vighaṭṭayan dṛḍhaṁ dorbhyāṁ darvyā cātha prayatnataḥ ||;!;;
RRS, 5: 5;178 1;raktaṁ tajjāyate bhasma kapotacchāyameva vā |;
RRS, 5: 5;178 2;nāgaṁ doṣavinirmuktaṁ jāyate.tirasāyanam ||;
RRS, 5: 5;179 1;hatamutthāpitaṁ sīsaṁ daśavāreṇa sidhyati |;
RRS, 5: 5;179 2;tanmṛtaṁ sīsakaṁ sarvadoṣamuktaṁ rasāyanam ||;Rasendracūḍāmaṇi RCūM, 14: 11 154;hatamutthāpitaṁ sīsaṁ daśavāreṇa sidhyati |tanmṛtaṁ sīsakaṁ sarvadoṣamuktaṁ rasāyanam ||;GOOD;;
RRS, 5: 5;180 1;aśvatthaciṁcātvagbhasma nāgasya caturaṁśataḥ |;
RRS, 5: 5;180 2;kṣipennāgaṁ pacetpātre cālayellohacāṭunā ||;Yogaratnākara YRā, 1: 1 108;aśvatthaciñcātvagbhasma nāgasya caturaṁśataḥ |kṣipennāgaṁ pacetpātre cālayellohacāṭunā ||;GOOD;;Rasaratnākara RRĀ, 1, 8: 8 78;aśvatthaciñcātvagbhasma nāgasya caturaṁśataḥ |kṣiptvā cullyāṁ pacetpātre cālayellohacaṭṭake ||;!;;
RRS, 5: 5;181 1;yāmādbhasma taduddhṛtya bhasmatulyā manaḥśilā |;
RRS, 5: 5;181 2;jambīrair āranālairvā piṣṭvā ruddhvā puṭe pacet ||;Yogaratnākara YRā, 1: 1 109;yāmād bhasma taduddhṛtya bhasmatulyāṁ manaḥśilām |jambīrairāranālair vā piṣṭvā ruddhvā puṭe pacet ||;GOOD;;
RRS, 5: 5;182 1;svāṁgaśītaṁ punaḥ piṣṭvā viṁśatyaṁśaśilāyutam |;
RRS, 5: 5;182 2;amlenaiva tu yāmaikaṁ pūrvavatpācayetpuṭe |;
RRS, 5: 5;182 3;evaṁ ṣaṣṭipuṭaiḥ pakvo nāgaḥ syātsunirutthitaḥ ||;Yogaratnākara YRā, 1: 1 110;svāṅgaśaityaṁ punaḥ piṣṭvā viṁśatyaṁśaśilāyutam |amlenaiva tu yāmaikaṁ pūrvavatpācayetpuṭe |evaṁ ṣaṣṭipuṭaiḥ pakvo nāgaḥ syātsunirutthitaḥ ||;!;;
RRS, 5: 5;183 1;śilayā ravidugdhena nāgapatrāṇi lepayet |;
RRS, 5: 5;183 2;mārayetpuṭayogena nirutthaṁ jāyate tathā ||;
RRS, 5: 5;184 1;evaṁ nāgodbhavaṁ bhasma tāpyabhasmārdhabhāgikam |;
RRS, 5: 5;184 2;pādaṁ pādaṁ kṣipedbhasma śulbasya vimalasya ca ||;Rasendracūḍāmaṇi RCūM, 14: 11 155;evaṁ nāgodbhavaṁ bhasma tāpyabhasmārdhabhāgikam |pādaṁ pādaṁ kṣipedbhasma śulbasya rajatasya ca ||;!;;
RRS, 5: 5;185 1;kāntābhrasattvayoś cāpi sphaṭikasya pṛthak pṛthak |;
RRS, 5: 5;185 2;sarvamekatra saṁcūrṇya puṭettriphalavāriṇā ||;Rasendracūḍāmaṇi RCūM, 14: 11 156;kāntābhrasattvayoś cāpi sphaṭikasya pṛthak pṛthak |sarvamekatra saṁcūrṇya puṭet triphalavāriṇā ||;!;;
RRS, 5: 5;186 1;triṁśadvanagiriṇḍaiśca triṁśadvāraṁ vicūrṇya tat |;
RRS, 5: 5;186 2;vyoṣavellakacūrṇaiśca samāṁśaiḥ saha melayet ||;Rasendracūḍāmaṇi RCūM, 14: 11 157;triṁśadvanagiriṇḍaiśca triṁśadvāraṁ vicūrṇya tat |vyoṣavellakacūrṇaiśca samāṁśaiḥ saha yojayet ||;!;;
RRS, 5: 5;187 1;madhvājyasahitaṁ hanti pralīḍhaṁ vallamātrayā |;
RRS, 5: 5;187 2;aśītivātajānrogāndhanurvātaṁ viśeṣataḥ ||;Rasendracūḍāmaṇi RCūM, 14: 11 158;madhvājyasahitaṁ hanti pralīḍhaṁ vallamātrayā |aśītiṁ vātajān rogān dhanurvātān viśeṣataḥ ||;GOOD;;
RRS, 5: 5;188 1;kapharogānaśeṣāṁśca mūtrarogāṁśca sarvaśaḥ |;
RRS, 5: 5;188 2;śvāsaṁ kāsaṁ kṣayaṁ pāṇḍuṁ śvayathuṁ śītakajvaram ||;Rasendracūḍāmaṇi RCūM, 14: 11 159;kapharogānaśeṣāṁśca mūtrarogāṁśca sarvaśaḥ |śvāsaṁ kāsaṁ kṣayaṁ pāṇḍuṁ śvayathuṁ śītakaṁ jvaram ;!;;
RRS, 5: 5;189 1;grahaṇīmāmadoṣaṁ ca vahnimāndyaṁ sudurjaram |;
RRS, 5: 5;189 2;sarvānudakadoṣāṁśca tattadrogānupānataḥ ||;
RRS, 5: 5;190 1;rītikā kākatuṇḍī ca dvividhaṁ pittalaṁ bhavet ||;
RRS, 5: 5;191 1;saṁtāpya kāṁjike kṣiptā tāmrābhā rītikā matā ||;
RRS, 5: 5;192 1;evaṁ yā jāyate kṛṣṇā kākatuṇḍīti sā matā ||;
RRS, 5: 5;193 1;rītistiktarasā rūkṣā jantughnī sāsrapittanut |;
RRS, 5: 5;193 2;pāṇḍukuṣṭhaharā yogātsoṣṇavīryā ca śītalā ||;Rasendracūḍāmaṇi RCūM, 14: 11 164;rītistiktarasā rūkṣā jantughnī sāsrapittanut |krimikuṣṭhaharā yogāt soṣṇavīryā ca śītalā ||;!;;
RRS, 5: 5;194 1;kākatuṇḍī gatasnehā tiktoṣṇā kaphapittanut |;
RRS, 5: 5;194 2;yakṛtplīhaharā śītavīryā ca parikīrtitā ||;Rasendracūḍāmaṇi RCūM, 14: 11 165;kākatuṇḍī gatasnehā tiktoṣṇā kaphapittanut |yakṛtplīhaharā śītavīryā ca parikīrtitā ||;GOOD;;
RRS, 5: 5;195 1;gurvī mṛdvī ca pītābhā sārāṅgī tāḍanakṣamā |;
RRS, 5: 5;195 2;susnigdhā masṛṇāṅgī ca rītiretādṛśī śubhā ||;
RRS, 5: 5;196 1;pāṇḍupītā kharā rūkṣā barbarā tāḍanākṣamā |;
RRS, 5: 5;196 2;pūtigandhā tathā laghvī rītirneṣṭā rasādiṣu ||;
RRS, 5: 5;197 1;taptvā kṣiptvā ca nirguṇḍīrase śyāmārajo.nvite |;
RRS, 5: 5;197 2;pañcavāreṇa saṁśuddhiṁ rītirāyāti niścitam ||;Rasendracūḍāmaṇi RCūM, 14: 11 166;taptā kṣiptā ca nirguṇḍīrase śyāmārajo.nvite |pañcavāreṇa saṁśuddhiṁ rītirāyāti niścitam ||;GOOD;;
RRS, 5: 5;198 1;nimbūrasaśilāgandhaveṣṭitā puṭitāṣṭadhā |;
RRS, 5: 5;198 2;rītirāyāti bhasmatvaṁ tato yojyā yathāyatham ||;Rasendracūḍāmaṇi RCūM, 14: 11 167;nimbūrasaśilāgandhaveṣṭitā puṭitāṣṭadhā |rītirāyāti bhasmatvaṁ tato yojyā yathāyatham ||;GOOD;;
RRS, 5: 5;199 1;tāmravanmāraṇaṁ tasyāḥ kṛtvā sarvatra yojayet ||;

RRS, 5: 5;201 1;brahmabījājamodāgnibhallātatilasaṁyutam |;
RRS, 5: 5;201 2;sevitaṁ niṣkamātraṁ hi jantughnaṁ kuṣṭhanāśanam |;
RRS, 5: 5;201 3;viśeṣācchvetakuṣṭhaghnaṁ dīpanaṁ pācanaṁ hitam ||;
RRS, 5: 5;202 1;suvarṇarītikācūrṇaṁ bhakṣitaṁ veṣṭitaṁ punaḥ |;
RRS, 5: 5;202 2;chāgena kṛṣṇavarṇena mattena taruṇena ca ||;Rasendracūḍāmaṇi RCūM, 14: 11 168;suvarṇarītikācūrṇaṁ bhakṣitaṁ viṣṭhitaṁ punaḥ |chāgena kṛṣṇavarṇena mattena taruṇena ca ||;!;;
RRS, 5: 5;203 1;talliptaṁ kharpare dagdhaṁ drutiṁ muñcati śobhanām |;
RRS, 5: 5;203 2;caturdaśalasadvarṇasuvarṇasadṛśachaviḥ |;
RRS, 5: 5;203 3;dehalohakarī proktā yuktā rasarasāyane ||;
RRS, 5: 5;204 1;aṣṭabhāgena tāmreṇa dvibhāgakhurakeṇa ca |;
RRS, 5: 5;204 2;vidrutena bhavetkāṁsyaṁ tatsaurāṣṭrabhavaṁ śubham ||;Rasendracūḍāmaṇi RCūM, 14: 11 173;aṣṭabhāgena tāmreṇa dvibhāgakuṭilena ca |vidrutena bhavet kāṁsyaṁ tat saurāṣṭrabhavaṁ śubham ||;!;;
RRS, 5: 5;205 1;tīkṣṇaśabdaṁ mṛdu snigdhamīṣacchyāmalaśubhrakam |;
RRS, 5: 5;205 2;nirmalaṁ dāharaktaṁ ca ṣoḍhā kāṁsyaṁ praśasyate ||;Rasendracūḍāmaṇi RCūM, 14: 11 174;tīkṣṇaśabdaṁ mṛdu snigdhamīṣacchyāmalaśubhrakam |nirmalaṁ dāharaktaṁ ca ṣoḍhā kāṁsyaṁ praśasyate ||;GOOD;;
RRS, 5: 5;206 1;tatpītaṁ dahane tāmraṁ kharaṁ rūkṣaṁ ghanāsaham |;
RRS, 5: 5;206 2;mandanādaṁ gatajyotiḥ saptadhā kāṁsyamutsṛjet ||;Rasendracūḍāmaṇi RCūM, 14: 11 175;yatpītaṁ dahane tāmraṁ kharaṁ rūkṣaṁ ghanāsaham |mandanādaṁ gatajyotiḥ saptadhā kāṁsyamutsṛjet ||;!;;
RRS, 5: 5;207 1;kāṁsyaṁ laghu ca tiktoṣṇaṁ lekhanaṁ dṛkprasādanam |;
RRS, 5: 5;207 2;kṛmikuṣṭhaharaṁ vātapittaghnaṁ dīpanaṁ hitam ||;
RRS, 5: 5;208 1;ghṛtamekaṁ vinā cānyatsarvaṁ kāṁsyagataṁ nṛṇām |;
RRS, 5: 5;208 2;bhuktamārogyasukhadaṁ hitaṁ sātmyakaraṁ tathā ||;Rasendracūḍāmaṇi RCūM, 14: 11 177;ghṛtamekaṁ vinā cānyatsarvaṁ kāṁsyagataṁ nṛṇām |bhuktam ārogyasukhadaṁ hitaṁ sātmyakaraṁ tathā ||;GOOD;;
RRS, 5: 5;209 1;taptaṁ kāṁsyaṁ gavāṁ mūtre vāpitaṁ pariśudhyati ||;
RRS, 5: 5;210 1;mriyate gandhatālābhyāṁ nirutthaṁ pañcabhiḥ puṭaiḥ ||;
RRS, 5: 5;211 1;trikṣāraṁ pañcalavaṇaṁ saptadhāmlena bhāvayet |;
RRS, 5: 5;211 2;kāṁsyārakūṭapatrāṇi tena kalkena lepayet |;
RRS, 5: 5;211 3;ruddhvā gajapuṭe pakvaṁ śuddhabhasmatvamāpnuyāt ||;
RRS, 5: 5;212 1;kāṁsyārkarītilohāhijātaṁ tadvartalohakam |;
RRS, 5: 5;212 2;tadeva pañcalohākhyaṁ lohavidbhirudāhṛtam ||;Rasendracūḍāmaṇi RCūM, 14: 11 179;kāṁsyārkarītilohāhijātaṁ tadvarttalohakam |tadeva pañcalohākhyaṁ lohavidbhirudāhṛtam ||;GOOD;;
Rasendracūḍāmaṇi RCūM, 14: 11 180;himāmlakaṭukaṁ rūkṣaṁ kaphapittavināśanam |rucyaṁ tvacyaṁ krimighnaṁ ca netryaṁ malaviśodhanam ;!;;
RRS, 5: 5;214 1;tadbhāṇḍe sādhitaṁ sarvam annavyañjanasūpakam |;
RRS, 5: 5;214 2;amlena varjitaṁ cātidīpanaṁ pācanaṁ hitam ||;
RRS, 5: 5;215 1;drutamaśvajale kṣiptaṁ vartalohaṁ viśudhyati ||;
RRS, 5: 5;216 1;mriyate gandhatālābhyāṁ puṭitaṁ vartalohakam |;
RRS, 5: 5;216 2;teṣu teṣviha yogeṣu yojanīyaṁ yathāvidhi ||;
RRS, 5: 5;217 1;jātimadbhirviśuddhaiśca vidhinā parisādhitaiḥ |;
RRS, 5: 5;217 2;rasoparasalohādyaiḥ sūtaḥ sidhyati nānyathā ||;
Rasendracūḍāmaṇi RCūM, 14: 11 184;ratnāni lohāni varāṭaśuktipāṣāṇajātaṁ khuraśṛṅgaśalyam |mahārasādyeṣu kaṭhoradehaṁ bhasmīkṛtaṁ tatkhalu ;!;;
RRS, 5: 5;219 1;vajrāṇāṁ drāvaṇārthāya sattvaṁ bhūnāgajaṁ bruve |;
RRS, 5: 5;219 2;tadeva paramaṁ tejaḥ sūtarājendravajrayoḥ ||;Rasendracūḍāmaṇi RCūM, 14: 11 185;vajrāṇāṁ drāvaṇārthāya sattvaṁ bhūnāgajaṁ bruve |sadeva paramaṁ tejaḥ sūtarājendravajrayoḥ ||;!;;
RRS, 5: 5;220 1;dhautabhūnāgasambhūtaṁ mardayedbhṛṁgajadravaiḥ |;
RRS, 5: 5;220 2;nimbūdravaiśca nirguṇḍyāḥ svarasaistridinaṁ pṛthak ||;Rasendracūḍāmaṇi RCūM, 14: 11 186;dhautaṁ bhūnāgasambhūtaṁ mardayed bhṛṅgajai rasaiḥ |nimbudravaiśca nirguṇḍyāḥ svarasaistridinaṁ pṛthak ||;!;;
Rasendracūḍāmaṇi RCūM, 14: 11 187;tad drāvaṇagaṇopetaṁ saṁmardya vaṭakīkṛtam |nirudhya dṛḍhamūṣāyāṁ dvidaṇḍaṁ pradhamed dṛḍham ;!;;
RRS, 5: 5;222 1;svataḥśītaṁ samāhṛtya paṭṭake viniveśya tat |;
RRS, 5: 5;222 2;ravakān rājikātulyān reṇūn atibharānvitān ||;
RRS, 5: 5;223 1;dvādaśāṁśārkasaṁyuktāndhamitvā ravakānharet |;
RRS, 5: 5;223 2;prakṣālya ravakānāśu samādāya prayatnataḥ ||;
RRS, 5: 5;224 1;vajrādidrāvaṇaṁ tena prakurvīta yathepsitam |;
RRS, 5: 5;224 2;kharasattvam idaṁ proktaṁ rasāyanamanuttamam |;
RRS, 5: 5;224 3;dvitrimūṣāsu caikasyāṁ sattvaṁ bhavati niścitam ||;
RRS, 5: 5;225 1;bhujaṅgamānupādāya catuṣprasthasamanvitān |;
RRS, 5: 5;225 2;suvarṇarūpyatāmrāyaskāṁtasaṁbhūtibhūmijān ||;
RRS, 5: 5;226 1;prakṣālya rajanītoyaiḥ śītalaiśca jalairapi |;
RRS, 5: 5;226 2;upoṣitaṁ mayūraṁ vā śūraṁ vā caraṇāyudham ||;Rasendracūḍāmaṇi RCūM, 14: 11 192;prakṣālya rajanītoyaiḥ śītalaiśca jalairapi |upoṣitaṁ mayūraṁ vā śūraṁ vā caraṇāyudham ||;GOOD;;
RRS, 5: 5;227 1;krameṇa cārayitvātha tadviṣṭhāṁ samupāharet |;
RRS, 5: 5;227 2;kṣārāmlaiḥ saha saṁpeṣya viśoṣya ca kharātape ||;Rasendracūḍāmaṇi RCūM, 14: 11 193;krameṇa cārayitvātha tadviṣṭhāṁ samupāharet |kṣārāmlaiḥ saha saṁpeṣya viśoṣya ca kharātape ||;GOOD;;
RRS, 5: 5;228 1;tataḥ kharparake kṣiptvā bharjayitvā maṣīṁ caret |;
RRS, 5: 5;228 2;maṣīṁ drāvaṇavargeṇa saṁyuktāṁ saṁpramarditām ||;Rasendracūḍāmaṇi RCūM, 14: 11 194;tataḥ kharparake kṣiptvā bharjayitvā maṣīṁ caret |maṣīṁ drāvaṇavargeṇa saṁyuktāṁ saṁpramarditām ||;GOOD;;
RRS, 5: 5;229 1;nirudhya koṣṭhikāmadhye pradhamed ghaṭikādvayam |;
RRS, 5: 5;229 2;śītalībhūtamūṣāyāḥ khoṭamāhṛtya peṣayet ||;Rasendracūḍāmaṇi RCūM, 14: 11 195;nirudhya koṣṭhikāmadhye pradhamed ghaṭikādvayam |śītalībhūtamūṣāyāḥ khoṭamuddhṛtya peṣayet ||;!;;
RRS, 5: 5;230 1;prakṣālya ravakānsūkṣmānsamādāya prayatnataḥ |;
RRS, 5: 5;230 2;suvarṇamānavad dhmātvā ravaṁ kṛtvā niyojayet ||;Rasendracūḍāmaṇi RCūM, 14: 11 196;prakṣālya ravakānāśu samādāya prayatnataḥ |suvarṇamānavad dhmātvā ravaṁ kṛtvā niyojayet ||;!;;
RRS, 5: 5;231 1;bhūnāgodbhavasattvamuttamamidaṁ śrīsomadevoditaṁ taddhautāmbuvilepitaṁ sthiracarodbhūtaṁ viṣaṁ netraruk |;
RRS, 5: 5;232 1;mūlānyuttaravāruṇyā jarjarīkṛtya kāṁjike |;
RRS, 5: 5;232 2;kṣipedaṅkollabījānāṁ peśikāṁ jarjarīkṛtām |;
RRS, 5: 5;232 3;tattailaṁ ghṛtavatstyānaṁ grāhyaṁ tattu yathāvidhi ||;
RRS, 5: 5;233 1;saṁpeṣyottaravāruṇyāḥ peṭakāryā dalānyatha |;
RRS, 5: 5;233 2;kāñjikena tatastena kalkena parimardayet ||;Rasendracūḍāmaṇi RCūM, 14: 11 224;sampiṣyottaravāruṇyā peṭakāryā dalānyatha |kāñjikena tatastena kalkena parimardayet ||;!;;
RRS, 5: 5;234 1;rajaścāṅkollabījānāṁ tadbaddhvā viralāmbare |;
RRS, 5: 5;234 2;tadvilambyātape tīvre tasyādhaścaṣakaṁ nyaset |;
RRS, 5: 5;234 3;tasminnipatitaṁ tailamādeyaṁ śvitranāśanam ||;
RRS, 5: 5;235 1;aṅkollabījasambhūtaṁ cūrṇaṁ saṁmardya kāñjikaiḥ |;
RRS, 5: 5;235 2;ekarātroṣitaṁ tattu piṇḍīkṛtya tataḥ param ||;
RRS, 5: 5;236 1;svedayetkanduke yantre ghaṭikādvitayaṁ tataḥ |;
RRS, 5: 5;236 2;tāṁ ca piṇḍīṁ dṛḍhe vastre baddhvā niṣpīḍya kāṣṭhataḥ ||;
RRS, 5: 5;237 1;adhaḥpātrasthitaṁ tailaṁ samāhṛtya niyojayet |;
RRS, 5: 5;237 2;evaṁ kandukayantreṇa sarvatailānyupāharet ||;
RRS, 5: 5;238 1;aṅkolasyāpi tailaṁ syātkākatuṇḍyā samūlayā ||;
RRS, 5: 5;239 1;vākucidevadālyośca karkoṭīmūlato bhavet ||;
RRS, 5: 5;240 1;apāmārgakaṣāyeṇa tailaṁ syādviṣamuṣṭijam ||;
RRS, 5: 5;241 1;mūlakvāthaiḥ kumāryāśca tailaṁ jaipālajaṁ haret ||;
RRS, 5: 5;242 1;kvāthai raktāpāmārgasya vākucītailamāharet ||;
RRS, 5: 5;243 1;kṛṣṇāyāḥ kākatuṇḍyāśca bījacūrṇāni kārayet |;
RRS, 5: 5;243 2;kāntapāṣāṇacūrṇaṁ ca ekīkṛtya nirodhayet |;
RRS, 5: 5;243 3;dhānyarāśigataṁ paścāduddhṛtya tailamāharet ||;
RRS, 6: 6;1 1;rasaśāstrāṇi sarvāṇi samālocya yathākramam |;
RRS, 6: 6;1 2;sādhakānāṁ hitārthāya prakaṭīkriyate .dhunā ||;
RRS, 6: 6;2 1;na krameṇa vinā śāstraṁ na śāstreṇa vinā kramaḥ |;
RRS, 6: 6;2 2;śāstraṁ kramayutaṁ jñātvā yaḥ karoti sa siddhibhāk ||;
RRS, 6: 6;3 1;ācāryo jñānavāndakṣo rasaśāstraviśāradaḥ |;
RRS, 6: 6;3 2;mantrasiddho mahāvīro niścalaśivavatsalaḥ ||;
RRS, 6: 6;4 1;devībhaktaḥ sadā dhīro devatāyāgatatparaḥ |;
RRS, 6: 6;4 2;sarvāmnāyaviśeṣajñaḥ kuśalo rasakarmaṇi |;
RRS, 6: 6;4 3;evaṁ lakṣaṇasaṁyukto rasavidyāgurur bhavet ||;
RRS, 6: 6;5 1;gurubhaktāḥ sadācārāḥ satyavanto dṛḍhavratāḥ |;
RRS, 6: 6;5 2;nirālasyāḥ svadharmajñāḥ sadājñāparipālakāḥ ||;
RRS, 6: 6;6 1;dambhamātsaryanirmuktāḥ kulācāreṣu dīkṣitāḥ |;
RRS, 6: 6;6 2;atyantasādhakāḥ śāntā mantrārādhanatatparāḥ |;
RRS, 6: 6;6 3;ityevaṁ lakṣaṇairyuktāḥ śiṣyāḥ syuḥ sūtasiddhaye ||;
RRS, 6: 6;7 1;sahāyāḥ sodyamāstatra yathā śiṣyāstato.dhikāḥ |;
RRS, 6: 6;7 2;kulīnāḥ svāmibhaktāśca kartavyā rasakarmaṇi ||;
RRS, 6: 6;8 1;nāstikā ye durācārāścumbakā guruto.parāt |;
RRS, 6: 6;8 2;vidyāṁ grahītumicchati cauryacchadmakhalotsavāt ||;
RRS, 6: 6;9 1;na teṣāṁ sidhyate kiṁcin maṇimantrauṣadhādikam |;
RRS, 6: 6;9 2;kurvanti yadi mohena nāśayanti svakaṁ dhanam |;
RRS, 6: 6;9 3;iha loke sukhaṁ nāsti paraloke tathaiva ca ||;
RRS, 6: 6;10 1;tasmād bhaktibalādeva saṁtuṣyati yadā guruḥ |;
RRS, 6: 6;10 2;tadā śiṣyeṇa sā grāhyā rasavidyātmasiddhaye |;
RRS, 6: 6;10 3;hastamastakayogena varaṁ labdhvā susādhayet ||;
RRS, 6: 6;11 1;ātaṅkarahite deśe dharmarājye manorame |;
RRS, 6: 6;11 2;umāmaheśvaropete samṛddhe nagare śubhe ||;
RRS, 6: 6;12 1;kartavyaṁ sādhanaṁ tatra rasarājasya dhīmatā |;
RRS, 6: 6;12 2;atyantopavane ramye caturdvāropaśobhite ||;
RRS, 6: 6;13 1;tatra śālā prakartavyā suvistīrṇā manoramā |;
RRS, 6: 6;13 2;samyagvātāyanopetā divyacitrair vicitritā ||;
RRS, 6: 6;14 1;tatsamīpe same dīpte kartavyaṁ rasamaṇḍapam |;
RRS, 6: 6;14 2;atiguptaṁ suvistīrṇaṁ kapāṭārgalaśobhitam ||;
RRS, 6: 6;15 1;dhvajachattravitānāḍhyaṁ puṣpamālāvilambitam |;
RRS, 6: 6;15 2;bherīkāhalaghaṇṭādiśṛṅgīnādāvanāditam ||;
RRS, 6: 6;16 1;bhūḥ samā tatra kartavyā sudṛḍhā darpaṇopamā |;
RRS, 6: 6;16 2;tanmadhye vedikā ramyā kartavyā lakṣaṇānvitā ||;
RRS, 6: 6;17 1;niṣkatrayaṁ hemapattraṁ rasendraṁ navaniṣkakam |;
RRS, 6: 6;17 2;amlena mardayed yāmaṁ tena liṅgaṁ tu kārayet ||;
RRS, 6: 6;18 1;dolāyantre sāranāle jambīrasthaṁ dinaṁ pacet |;
RRS, 6: 6;18 2;talliṅgaṁ pūjayettatra suśubhairupacārakaiḥ ||;
RRS, 6: 6;19 1;liṅgakoṭisahasrasya yatphalaṁ samyagarcanāt |;
RRS, 6: 6;19 2;tatphalaṁ koṭiguṇitaṁ rasaliṅgārcanādbhavet ||;
RRS, 6: 6;20 1;brahmahatyāsahasrāṇi gohatyāścāyutāni hi |;
RRS, 6: 6;20 2;tatkṣaṇād vilayaṁ yānti rasaliṅgasya darśanāt ||;
RRS, 6: 6;21 1;sparśanātprāpyate muktiriti satyaṁ śivoditam |;
RRS, 6: 6;21 2;āgneyyāṁ śrīghoreṇa mantrarājena cārcayet ||;
RRS, 6: 6;22 1;aṣṭādaśabhujaṁ śubhraṁ pañcavaktraṁ trilocanam |;
RRS, 6: 6;22 2;pretārūḍhaṁ nīlakaṇṭhaṁ rasaliṅgaṁ vicintayet ||;
RRS, 6: 6;23 1;tasyotsaṅge mahādevīmekavaktrāṁ caturbhujām |;
RRS, 6: 6;23 2;akṣamālāṅkuśaṁ dakṣe vāme pāśābhayaṁ śubham |;
RRS, 6: 6;23 3;dadhatīṁ taptahemābhāṁ pītavastrāṁ vibhāvayet ||;
RRS, 6: 6;24 1;vāṅmayī śrīḥ kāmarājaśaktibījaṁ rasāṅkuśāyai namo |;
RRS, 6: 6;25 1;anayā pūjayeddevīṁ gandhapuṣpākṣatādibhiḥ |;
RRS, 6: 6;25 2;nandībhṛṅgīmahākālakulīrān pūrvadikkramāt |;
RRS, 6: 6;25 3;pūjayen nāmamantraiś ca praṇavādinamo.ntakaiḥ ||;
RRS, 6: 6;26 1;eva nityārcanaṁ tatra kartavyaṁ rasasiddhaye ||;
RRS, 6: 6;27 1;rasavidyā śivenoktā dātavyā sādhakāya vai |;
RRS, 6: 6;27 2;yathoktena vidhānena guruṇā muditātmanā ||;Rasaratnākara RRĀ, 3, 1: 20 39;rasadīkṣā śivenoktā dātavyā sādhakāya vai |yathoktena vidhānena guruṇā muditātmanā ||;!;;
RRS, 6: 6;28 1;sumuhūrte sunakṣatre candratārābalānvite |;
RRS, 6: 6;28 2;kalaśaṁ toyasampūrṇaṁ hemaratnaphalairyutam ||;Rasaratnākara RRĀ, 3, 1: 20 40;sumuhūrte sunakṣatre candratārābalānvite |kalaśaṁ toyasampūrṇaṁ hemaratnaphalairyutam ||;GOOD;;
RRS, 6: 6;29 1;sthāpayed rasaliṅgāgre divyavastreṇa veṣṭitam |;
RRS, 6: 6;29 2;gandhapuṣpākṣatair dhūpair naivedyaiśca supūjayet ||;
RRS, 6: 6;30 1;pūjānte havanaṁ kuryādyonikuṇḍe sulakṣaṇe |;
RRS, 6: 6;30 2;tilājyaiḥ pāyasaiḥ puṣpaiḥ śatapuṣpādikaiḥ pṛthak ||;
RRS, 6: 6;31 1;aghoreṇa rasāṅkuśyā homānte śiṣyamāhvayet |;
RRS, 6: 6;31 2;kālinīśaktisaṁyuktaṁ rasasiddhiparāyaṇam ||;
RRS, 6: 6;32 1;yasyāstu kuñcitāḥ keśāḥ śyāmā yā padmalocanā |;
RRS, 6: 6;32 2;surūpā taruṇī bhinnā vistīrṇajaghanā śubhā ||;
RRS, 6: 6;33 1;saṁkīrṇahṛdayā pīnastanabhāreṇa namritā |;
RRS, 6: 6;33 2;cumbanāliṅgasparśakomalā mṛdubhāṣiṇī ||;
RRS, 6: 6;34 1;aśvatthapattrasadṛśayonideśasuśobhitā |;
RRS, 6: 6;34 2;kṛṣṇapakṣe puṣpavatī sā nārī kālinī smṛtā |;
RRS, 6: 6;34 3;rasabandhe prayoge ca uttamā sā rasāyane ||;
RRS, 6: 6;35 1;tadabhāve surūpā tu yā kācit taruṇāṅganā |;
RRS, 6: 6;35 2;tasyā deyaṁ trisaptāhaṁ gandhakaṁ ghṛtasaṁyutam |;
RRS, 6: 6;35 3;karṣaikaikaṁ prabhāte tu sā bhavetkālinīsamā ||;
RRS, 6: 6;36 1;evaṁ śaktiyuto yo .sau dīkṣayet taṁ gurūttamaḥ |;
RRS, 6: 6;36 2;susnātam abhiṣiñceta mantreṇa kalaśodakaiḥ ||;
RRS, 6: 6;37 1;aghorāmaṅkuśīṁ vidyāṁ dadhyācchiṣyāya sadguruḥ |;
RRS, 6: 6;37 2;yathāśaktyā suśiṣyeṇa dātavyā gurudakṣiṇā ||;
RRS, 6: 6;38 1;athājñayā gurormantraṁ lakṣaṁ lakṣaṁ pṛthagjapet |;
RRS, 6: 6;38 2;oṁ hrāṁ hrīṁ hrūṁ adyoratara prasphuṭa 2 prakaṭa 2 kaha anayā pūjayeddevīṁ śaktim aṅkuśavidyayā ||;
RRS, 6: 6;39 1;daśāṁśaṁ juhuyātkuṇḍe trikoṇe hastamātrake |;
RRS, 6: 6;39 2;jātipuṣpaṁ trimadhvaktaṁ pūrṇānte kanyakārcanam ||;
RRS, 6: 6;40 1;kṛtvātha praviśecchālāṁ śuddhāṁ liptāṁ savedikām |;
RRS, 6: 6;40 2;ṣaṭkoṇaṁ maṇḍalaṁ tatra sindūreṇa dvihastakam ||;
RRS, 6: 6;41 1;vedikāyāṁ likhetsamyak tadbahiś cāṣṭapattrakam |;
RRS, 6: 6;41 2;kamalaṁ caturasraṁ ca caturdvāraiḥ suśobhitam ||;
RRS, 6: 6;42 1;karṇikāyāṁ nyaset khallaṁ lohajaṁ svarṇalekhitam |;
RRS, 6: 6;42 2;tanmadhye rasarājaṁ tu palānāṁ śatamātrakam |;
RRS, 6: 6;42 3;pañcāśatpañcaviṁśad vā pūjayed rasaliṅgavat ||;
RRS, 6: 6;43 1;vajravaikrāntavajrābhrakāntapāṣāṇaṭaṅkaṇam |;
RRS, 6: 6;43 2;bhūnāgaḥ śaktayaścaitāḥ ṣaṭkoṇe pūjayet kramāt ||;
RRS, 6: 6;44 1;gandhatālakakāsīsaśilākaṅkuṣṭhabhūṣaṇam |;
RRS, 6: 6;44 2;rājāvarto gairikaṁ ca khyātā uparasā amī |;
RRS, 6: 6;44 3;pūjyā aṣṭadaleṣvete pūrvādīśānagaṁ kramāt ||;
RRS, 6: 6;45 1;rasakaṁ vimalā tāpyaṁ capalā tuttham añjanam |;
RRS, 6: 6;45 2;hiṅgulaṁ sasyakaṁ caiva khyātā ete mahārasāḥ |;
RRS, 6: 6;45 3;pūrvādīśānaparyantaṁ pattrāgreṣu prapūjayet ||;
RRS, 6: 6;46 1;pūrvadvāre svarṇaraupye dakṣiṇe tāmrasīsake |;
RRS, 6: 6;46 2;paścime vaṅgakāntau ca uttare muṇḍatīkṣṇake |;
RRS, 6: 6;46 3;sarvametad aghoreṇa pūjayed aṅkuśānvitam ||;
RRS, 6: 6;47 1;viḍaṁ kāñjikayantrāṇi kṣāramṛllavaṇāni ca |;
RRS, 6: 6;47 2;koṣṭhī mūṣā vaṅkanālatuṣāṅgāravanopalāḥ ||;
RRS, 6: 6;48 1;bhastrikā daṇḍikānekā śilā khalvānyulūkhalam |;
RRS, 6: 6;48 2;svarṇakāropakaraṇaṁ samastatulanāni ca ||;
RRS, 6: 6;49 1;mṛtkāṣṭhatāmralohotthapātrāṇi vividhāni ca |;
RRS, 6: 6;49 2;divyauṣadhīnāṁ vargāśca rañjakasnehanāni ca |;
RRS, 6: 6;49 3;etāni dvārabāhye tu mūlamantreṇa pūjayet ||;
RRS, 6: 6;50 1;vāṅmāyā hrīṁ tataḥ kṣeṁ ca kṣmaśca pañcākṣaro manuḥ |;
RRS, 6: 6;50 2;anena mantreṇa bhairavaṁ tatra pūjayet |;
RRS, 6: 6;50 3;sarveṣāṁ rasasiddhānāṁ nāma saṁkīrtayet tadā ||;
RRS, 6: 6;51 1;vyālācāryaś candrasenaḥ subuddhirnaravāhanaḥ |;
RRS, 6: 6;51 2;nāgārjuno ratnaghoṣaḥ surānando yaśodhanaḥ ||;
RRS, 6: 6;52 1;indraśca māṇḍavyaścarpaṭī śūrasenakaḥ |;
RRS, 6: 6;52 2;āgamo nāgabuddhiś ca khaṇḍaḥ kāpāliko mataḥ ||;
RRS, 6: 6;53 1;kāmāris tāntrikaḥ śambhur laṅkālampaṭaśāradau |;
RRS, 6: 6;53 2;bāṇāsuro muniśreṣṭho govindaḥ kapilo baliḥ ||;
RRS, 6: 6;54 1;ete sarve tu sūtendrā rasasiddhā mahābalāḥ |;
RRS, 6: 6;54 2;caranti sarvalokeṣu nityā bhogaparāyaṇāḥ ||;
RRS, 6: 6;55 1;saptaviṁśatisaṁkhyākā rasasiddhipradāyakāḥ |;
RRS, 6: 6;55 2;vaidyāḥ pūjyāḥ prayatnena tataḥ kuryādrasārcanam ||;
RRS, 6: 6;56 1;harṣayandvijadevānāṁ tarpayediṣṭadevatāḥ |;
RRS, 6: 6;56 2;kumārīyoginīyogīśvarānmelakasādhakān |;
RRS, 6: 6;56 3;tarpayet pūjayed bhaktyā yathāśaktyanusārataḥ ||;
RRS, 6: 6;57 1;ityevaṁ sarvasambhārayuktaṁ kuryādrasotsavam |;
RRS, 6: 6;57 2;sarvavighnapraśāntyarthaṁ sarvepsitaphalapradam ||;Rasaratnākara RRĀ, 3, 1: 20 73;ityevaṁ sarvasambhārayuktaṁ kuryādrasotsavam |sarvavighnapraśāntyarthaṁ sarvepsitaphalapradam ||;!;;
RRS, 6: 6;58 1;anyathā yo vimūḍhātmā mantradīkṣākramādvinā |;
RRS, 6: 6;58 2;kartumicchati sūtasya sādhanaṁ guruvarjitaḥ ||;Rasaratnākara RRĀ, 3, 1: 20 74;anyathā cedvimūḍhātmā mantradīkṣākramaṁ vinā |kartumicchati sūtasya sādhanaṁ guruvarjitaḥ ||;!;;
RRS, 6: 6;59 1;nāsau siddhimavāpnoti yatnakoṭiśatairapi |;
RRS, 6: 6;59 2;tasmātsarvaprayatnena śāstroktāṁ kārayetkriyām ||;Rasaratnākara RRĀ, 3, 1: 20 75;nāsau siddhimavāpnoti yatnakoṭiśatairapi |tasmāt sarvaprayatnena śāstroktāṁ kārayet kriyām ||;!;;
RRS, 6: 6;60 1;samyaksādhanasodyamā guruyutā rājājñayālaṁkṛtā mātrāyantrasupākakarmakuśalāḥ sarvauṣadhe kovidāḥ |;
RRS, 6: 6;61 1;rasaśāstraṁ pradātavyaṁ viprāṇāṁ dharmahetave |;
RRS, 6: 6;61 2;rājñe vaiśyāya vṛddhyarthaṁ dāsyārtham itarasya ca ||;
RRS, 6: 6;62 1;gurau tuṣṭe śivastuṣyecchive tuṣṭe rasastathā |;
RRS, 6: 6;62 2;rase tuṣṭe kriyāḥ sarvāḥ sidhyantyeva na saṁśayaḥ ||;
RRS, 6: 6;63 1;rasavidyā dṛḍhaṁ gopyā māturguhyamiva dhruvam |;
RRS, 6: 6;63 2;bhaved vīryavatī guptā nirvīryā ca prakāśanāt ||;
RRS, 6: 6;64 1;na rogividitaṁ kāryaṁ bahubhirviditaṁ tathā |;
RRS, 6: 6;64 2;rogiṇāṁ bahubhirjñātaṁ bhavennirvīryam auṣadham ||;
RRS, 7: 7;1 1;rasaśālāṁ prakurvīta sarvabādhāvivarjite |;
RRS, 7: 7;1 2;sarvauṣadhimaye deśe ramye kūpasamanvite ||;Rasendracūḍāmaṇi RCūM, 3: 1 1;rasaśālāṁ prakurvīta sarvabādhāvivarjite |sarvauṣadhamaye deśe ramye kūpasamanvite ||;!;;
RRS, 7: 7;2 1;yakṣatryakṣasahasrākṣadigvibhāge suśobhane |;
RRS, 7: 7;2 2;nānopakaraṇopetāṁ prākāreṇa suśobhitām ||;
RRS, 7: 7;3 1;śālāyāḥ pūrvadigbhāge sthāpayed rasabhairavam |;
RRS, 7: 7;3 2;vahnikarmāṇi cāgneye yāmye pāṣāṇakarma ca ||;Rasendracūḍāmaṇi RCūM, 3: 1 3;śālāyāḥ pūrvadigbhāge sthāpayedrasabhairavam |vahnikarmāṇi cāgneye yāmye pāṣāṇakarma ca ||;GOOD;;
RRS, 7: 7;4 1;nairṛtye śastrakarmāṇi vāruṇe kṣālanādikam |;
RRS, 7: 7;4 2;śoṣaṇaṁ vāyukoṇe ca vedhakarmottare tathā |;
RRS, 7: 7;4 3;sthāpanaṁ siddhavastūnāṁ prakuryād īśakoṇake ||;
RRS, 7: 7;5 1;padārthasaṁgrahaḥ kāryo rasasādhanahetukaḥ |;
RRS, 7: 7;5 2;sattvapātanakoṣṭhīṁ ca jharatkoṣṭhīṁ suśobhanām ||;
RRS, 7: 7;6 1;bhūmikoṣṭhīṁ calatkoṣṭhīṁ jaladroṇyo .pyanekaśaḥ |;
RRS, 7: 7;6 2;bhastrikāyugalaṁ tadvannalike vaṁśalohayoḥ ||;
RRS, 7: 7;7 1;svarṇāyoghoṣaśulvāśmakuṇḍyaś carmakṛtāṁ tathā |;
RRS, 7: 7;7 2;karaṇāni vicitrāṇi dravyāṇyapi samāharet ||;
RRS, 7: 7;8 1;kaṇḍaṇī peṣaṇī svalpā droṇīrūpāśca vartulāḥ |;
RRS, 7: 7;8 2;āyasāstaptakhallāśca mardakāśca tathāvidhāḥ ||;
RRS, 7: 7;9 1;sūkṣmacchidrasahasrāḍhyā dravyagālanahetave |;
RRS, 7: 7;9 2;cālanī ca kaṭatrāṇi śalākā hi ca kuṇḍalī ||;
RRS, 7: 7;10 1;cālanī trividhā proktā tatsvarūpaṁ ca kathyate |;
RRS, 7: 7;10 2;vaiṇavībhiḥ śalākābhirnirmitā grathitā guṇaiḥ |;
RRS, 7: 7;10 3;kīrtitā sā sadā sthūladravyāṇāṁ gālane hitā ||;
RRS, 7: 7;11 1;cūrṇacālanahetośca cālanyanyāpi vaṁśajā ||;
RRS, 7: 7;12 1;karṇikārasya śālmalyā harijātasya kambayā |;
RRS, 7: 7;12 2;caturaṅgulavistārayuktayā nirmitā śubhā ||;
RRS, 7: 7;13 1;kuṇḍalyaratnivistārā chāgacarmābhiveṣṭitā |;
RRS, 7: 7;13 2;vājivālāmbarānaddhatalā cālanikā parā |;
RRS, 7: 7;13 3;tayā pracālanaṁ kuryāddhartuṁ sūkṣmataraṁ rajaḥ ||;
RRS, 7: 7;14 1;mūṣāmṛttuṣakārpāsavanopalakapiṣṭakam |;
RRS, 7: 7;14 2;trividhaṁ bheṣajaṁ dhātujīvamūlamayaṁ tathā |;
RRS, 7: 7;14 3;śikhitrā govaraṁ caiva śarkarā ca sitopalā ||;
RRS, 7: 7;15 1;śikhitrāḥ pāvakocchiṣṭā aṅgārāḥ kokilā matāḥ ||;
RRS, 7: 7;16 1;kokilāś cetitāṅgārā nirvāṇāḥ payasā vinā ||;
RRS, 7: 7;17 1;piṣṭakaṁ chagaṇaṁ chāṇam upalaṁ cotpalaṁ tathā |;
RRS, 7: 7;17 2;giriṇḍopalasāṭhī ca saṁśuṣkacchagaṇābhidhāḥ ||;Rasaratnasamuccaya RRS, 10: 10 65;piṣṭakaṁ chagaṇaṁ chāṇam utpalaṁ copalaṁ tathā |giriṇḍopalasāṭhī ca varāṭī chagaṇābhidhāḥ ||;!;;Rasendracūḍāmaṇi RCūM, 5: 3 163;piṣṭakaṁ chagaṇaṁ chāṇamupalaṁ cotpalaṁ tathā |giriṇḍopalasāṭhī ca navārī chagaṇābhidhaḥ ||;!;;
RRS, 7: 7;18 1;kācāyomṛdvarāṭānāṁ kūpikā caṣakāni ca ||;
RRS, 7: 7;19 1;kūpikā kupikā siddhā golā caiva giriṇḍikā ||;
RRS, 7: 7;20 1;caṣakaṁ ca kaṭorī ca vāṭikā khārikā tathā |;
RRS, 7: 7;20 2;kañcolī grāhikā ceti nāmānyekārthakāni hi ||;
RRS, 7: 7;21 1;śūrpādiveṇupātrāṇi kṣudraśiprāśca śaṅkhikāḥ |;
RRS, 7: 7;21 2;kṣuraprāśca tathā pākyaḥ yaccānyattatra yujyate |;
RRS, 7: 7;21 3;pālikā karṇikā caiva śākacchedanaśastrakāḥ ||;
RRS, 7: 7;22 1;śālāsammārjanādyaṁ hi rasapākāntakarma yat |;
RRS, 7: 7;22 2;tatropayogi yaccānyattatsarvaṁ paravidyayā ||;Rasendracūḍāmaṇi RCūM, 3: 1 14;śālāsammārjanārthaṁ hi rasapākāntakarma yat |tatropayogi yaccānyattatsarvaṁ paravidyayā ||;!;;
RRS, 7: 7;23 1;śrīrasāṅkuśayā sarvaṁ mantrayitvā samarcayet |;
RRS, 7: 7;23 2;anyathā tadgataṁ tejaḥ parigṛhṇanti bhairavāḥ ||;Rasendracūḍāmaṇi RCūM, 3: 1 15;śrīrasāṅkuśayā sarvaṁ mantrayitvā samāharet |anyathā tadgataṁ tejaḥ parigṛhṇāti bhairavaḥ ||;!;;
RRS, 7: 7;24 1;rasasaṁcintakā vaidyā nighaṇṭujñāśca vārttikāḥ |;
RRS, 7: 7;24 2;sarvadeśajabhāṣājñāḥ saṁgrāhyāste.pi sādhakaiḥ ||;
RRS, 7: 7;25 1;rasapākāvasānaṁ hi sadāghoraṁ ca jāpayet ||;
RRS, 7: 7;26 1;sodyamāḥ śucayaḥ śūrā baliṣṭhāḥ paricārakāḥ ||;
RRS, 7: 7;27 1;dharmiṣṭhaḥ satyavāgvidvān śivakeśavapūjakaḥ |;
RRS, 7: 7;27 2;sadayaḥ padmahastaśca saṁyojyo rasavaidyake ||;Rasendracūḍāmaṇi RCūM, 3: 1 25;dharmiṣṭhaḥ satyavāg vidvān śivakeśavapūjakaḥ |sadayaḥ padmahastaśca saṁyojyo rasavaidyake ||;!;;
RRS, 7: 7;28 1;patākākumbhapāthojamatsyacāpāṅkapāṇikaḥ |;
RRS, 7: 7;28 2;anāmādhastharekhāṅkaḥ sa syādamṛtahastavān ||;
RRS, 7: 7;29 1;adeśikaḥ kṛpāmukto lubdho guruvivarjitaḥ |;
RRS, 7: 7;29 2;kṛṣṇarekhākaro vaidyo dagdhahastaḥ sa ucyate ||;
RRS, 7: 7;30 1;nigrahamantrajñāste yojyā nidhisādhane ||;
RRS, 7: 7;31 1;baliṣṭhāḥ satyavantaśca raktākṣāḥ kṛṣṇavigrahāḥ |;
RRS, 7: 7;31 2;bhūtatrāsanavidyāśca te yojyā balisādhane ||;
RRS, 7: 7;32 1;nirlobhāḥ satyavaktāro devabrāhmaṇapūjakāḥ |;
RRS, 7: 7;32 2;yaminaḥ pathyabhoktāro yojanīyā rasāyane ||;
RRS, 7: 7;33 1;dhanavanto vadānyāśca sarvopaskarasaṁyutāḥ |;
RRS, 7: 7;33 2;guruvākyaratā nityaṁ dhātuvādeṣu te śubhāḥ ||;
RRS, 7: 7;34 1;tattadauṣadhanāmajñāḥ śucayo vañcanojjhitāḥ |;
RRS, 7: 7;34 2;nānāviṣayabhāṣājñāste matā bheṣajāhṛtau ||;
RRS, 7: 7;35 1;śucīnāṁ satyavākyānāmāstikānāṁ manasvinām |;
RRS, 7: 7;35 2;saṁdehojjhitacittānāṁ rasaḥ sidhyati sarvadā ||;
RRS, 7: 7;36 1;daśāṣṭakriyayā siddho raso.sau sādhakottamaḥ |;
RRS, 7: 7;36 2;hā raso naṣṭamityuktvā sevetānyatra taṁ rasam ||;
RRS, 7: 7;37 1;rasasiddho bhavenmartyo dātā bhoktā na yācakaḥ |;
RRS, 7: 7;37 2;jarāmukto jagatpūjyo divyakāntiḥ sadā sukhī ||;
RRS, 8: 8;1 1;kathyate somadevena mugdhavaidyaprabuddhaye |;
RRS, 8: 8;1 2;paribhāṣā rasendrasya śāstraiḥ siddhaiśca bhāṣitā ||;Rasendracūḍāmaṇi RCūM, 4: 2 1;kathyate somadevena mugdhavaidyaprabuddhaye |paribhāṣā rasendrasya śāstraiḥ siddhaiśca bhāṣitā ||;GOOD;;
RRS, 8: 8;2 1;ardhaṁ siddharasasya tailaghṛtayorlehasya bhāgo.ṣṭamaḥ yo dīyeta bhiṣagvarāya gadibhirnirdiśya dhanvantarim |;Rasendracūḍāmaṇi RCūM, 4: 2 2;ardhaṁ siddharasasya tailaghṛtayorlehasya bhāgo.ṣṭamaḥ yo dīyeta bhiṣagvarāya gadibhirnirdiśya dhanvantariṁ ;GOOD;;
RRS, 8: 8;3 1;bhaiṣajyakrīṇitadravyabhāgo .py ekādaśo hi yaḥ |;
RRS, 8: 8;3 2;vaṇigbhyo gṛhyate vaidyai rudrabhāgaḥ sa ucyate ||;Rasendracūḍāmaṇi RCūM, 4: 2 3;bhaiṣajyakrīṇitadravyabhāgaścaikādaśo hi yaḥ |vaṇigbhyo gṛhyate vaidyai rudrabhāgaḥ sa ucyate ||;!;;
RRS, 8: 8;4 1;pragṛhyādhikarudrāṁśaṁ yo .samīcīnam auṣadham |;
RRS, 8: 8;4 2;dāpayellubdhadhīr vaidyaḥ sa syād viśvāsaghātakaḥ ||;Rasendracūḍāmaṇi RCūM, 4: 2 4;pragṛhyādhikarudrāṁśaṁ yo.samīcīnamauṣadham |dāpayellubdhadhīrvaidyaḥ sa syādviśvāsaghātakaḥ ||;!;;
RRS, 8: 8;5 1;dhātubhir gandhakādyaiśca nirdravair mardito rasaḥ |;
RRS, 8: 8;5 2;suślakṣṇaḥ kajjalābho .sau kajjalītyabhidhīyate ||;Ānandakanda ĀK, 1, 25: 24 4;dhātubhirgandhakādyaiśca nirdravairmardito rasaḥ |suślakṣṇaḥ kajjalābho.sau kajjalī sābhidhīyate ||;!;;
RRS, 8: 8;6 1;sadravā marditā saiva rasapaṅka iti smṛtā ||;Rasendracūḍāmaṇi RCūM, 4: 2 7;sadravā marditā saiva rasapaṅka iti smṛtaḥ ||;GOOD;;
RRS, 8: 8;7 1;arkāṁśatulyād rasato .tha gandhān niṣkārdhatulyāt truṭiśo arkātape tīvratare vimardyāt piṣṭī bhavet sā navanītarūpā ||;
RRS, 8: 8;8 1;khalle vimardya gandhena dugdhena saha pāradam |;
RRS, 8: 8;8 2;peṣaṇāt piṣṭatāṁ yāti sā piṣṭīti matā paraiḥ ||;
RRS, 8: 8;9 1;caturthāṁśasuvarṇena rasena ghṛṣṭiṣaṣṭikā |;
RRS, 8: 8;9 2;bhavet pātanapiṣṭī sā rasasyottamasiddhidā ||;
RRS, 8: 8;10 1;rūpyaṁ vā jātarūpaṁ vā rasagandhādibhirhatam |;
RRS, 8: 8;10 2;samutthitaṁ ca bahuśaḥ sā kṛṣṭī hematārayoḥ ||;Rasaratnasamuccayaṭīkā RRSṬīkā zu RRS, 8, 51.2: 82 5;rūpyaṁ vā jātarūpaṁ vā rasagandhādibhirhatam |samutthitaṁ ca bahuśaḥ sā kṛṣṭī hematārayoḥ ||;GOOD;;Rasendracūḍāmaṇi RCūM, 4: 2 11;rūpyaṁ vā jātarūpaṁ vā rasagandhādibhirhatam |samutthitaṁ hi bahuśaḥ sā kṛṣṭī hematārayoḥ ||;!;;
RRS, 8: 8;11 1;piṣṭīṁ kṣipet suvarṇāntar na varṇo hīyate tayā ||;
RRS, 8: 8;12 1;svarṇakṛṣṭyā kṛtaṁ bījaṁ rasasya parirañjanam ||;
RRS, 8: 8;13 1;tāmraṁ tīkṣṇasamāyuktaṁ drutaṁ nikṣipya bhūriśaḥ |;
RRS, 8: 8;13 2;sagandhalakucadrāve nirgataṁ varalohakam ||;Rasendracūḍāmaṇi RCūM, 4: 2 13;tāmraṁ tīkṣṇasamāyuktaṁ drutaṁ nikṣipya bhūriśaḥ |sagandhe lakucadrāve nirgataṁ varalohakam ||;GOOD;;
RRS, 8: 8;14 1;tena raktīkṛtaṁ svarṇaṁ hemaraktītyudāhṛtam ||;
RRS, 8: 8;15 1;nikṣiptā sā drute svarṇe varṇotkarṣavidhāyinī |;
RRS, 8: 8;15 2;tārasya rañjanī cāpi bījarāgavidhāyinī ||;Ānandakanda ĀK, 1, 25: 24 12;nikṣiptā sā drute svarṇe varṇotkarṣavidhāyinī |tārasya rañjanī cāpi bījarāgavidhāyinī ||;GOOD;;
RRS, 8: 8;16 1;evameva prakartavyā tāraraktī manoharā |;
RRS, 8: 8;16 2;rañjanī khalu rūpyasya bījānāmapi rañjanī ||;Ānandakanda ĀK, 1, 25: 24 13;evameva prakartavyā tāraraktī manoharā |rañjanī khalu rūpyasya bījānāmapi rañjanī ||;GOOD;;Rasendracūḍāmaṇi RCūM, 4: 2 15;evameva prakartavyā tāraraktī manoharā |rañjanī khalu rūpyasya bījānāmapi rañjanī ||;GOOD;;
RRS, 8: 8;17 1;mṛtena vā baddharasena vānyallohena vā sitaṁ ca pītatvamupāgataṁ taddalaṁ hi candrānalayoḥ |;Rasendracūḍāmaṇi RCūM, 4: 2 16;mṛtena vā baddharasena vānyallohena vā sitatvapītatvamupāgataṁ taddalaṁ hi candrānalayoḥ ;!;;
RRS, 8: 8;18 1;ā māsakṛtabaddhena rasena saha yojitam |;
RRS, 8: 8;18 2;sādhitaṁ vānyalohena sitaṁ pītaṁ ca taddalam ||;
RRS, 8: 8;19 1;mākṣikeṇa hataṁ tāmraṁ daśavāraṁ samutthitam |;
RRS, 8: 8;19 2;tadvadviśuddhanāgaṁ hi dvitayaṁ taccatuṣpalam ||;Ānandakanda ĀK, 1, 25: 24 20;mākṣikeṇa hataṁ tāmraṁ daśavāraṁ samutthitam |tadvadviśuddhanāgaṁ hi dvitayaṁ taccatuṣpalam ||;GOOD;;Rasendracūḍāmaṇi RCūM, 4: 2 22;mākṣikeṇa hataṁ tāmraṁ daśavāraṁ samutthitam |tadvadviśuddhanāgaṁ hi dvitayaṁ taccatuṣpalam ||;!;;
RRS, 8: 8;20 1;nīlāñjanahataṁ bhūyaḥ saptavāraṁ samutthitam |;
RRS, 8: 8;20 2;iti saṁsiddhametaddhi śulvanāgaṁ prakīrtyate ||;Ānandakanda ĀK, 1, 25: 24 21;nīlāñjanahataṁ bhūyaḥ saptavāraṁ samutthitam |iti saṁsiddhametaddhi śulbanāgaṁ prakīrtitam ||;GOOD;;Rasendracūḍāmaṇi RCūM, 4: 2 23;nīlāñjanahataṁ bhūyaḥ saptavāraṁ samutthitam |iti saṁsiddhametaddhi śulbanāgaṁ prakīrtyate ||;GOOD;;
RRS, 8: 8;21 1;sādhitastena sūtendro vadane vidhṛto nṛṇām |;
RRS, 8: 8;21 2;nihanti māsamātreṇa mehavyūhaṁ viśeṣataḥ ||;Ānandakanda ĀK, 1, 25: 24 22;sādhitastena sūtendro vadane vidhṛto nṛṇām |nihanti māsamātreṇa mehavyūhamaśeṣataḥ ||;!;;
RRS, 8: 8;22 1;pathyāśanasya varṣeṇa palitaṁ valibhiḥ saha |;
RRS, 8: 8;22 2;gṛdhradṛṣṭirlasatpuṣṭiḥ sarvārogyasamanvitaḥ ||;Rasendracūḍāmaṇi RCūM, 4: 2 25;pathyāśanasya varṣeṇa palitaṁ valibhiḥ saha |gṛdhradṛṣṭirlasatpuṣṭiḥ sarvārogyasamanvitaḥ ||;GOOD;;Ānandakanda ĀK, 1, 25: 24 23;pathyāśanasya varṣeṇa palitaṁ valibhiḥ saha |gṛdhradṛṣṭir lasaddṛṣṭiḥ sarvārogyasamanvitaḥ ||;!;;
RRS, 8: 8;23 1;lohaṁ lohāntare kṣiptaṁ dhmātaṁ nirvāpitaṁ drave |;
RRS, 8: 8;23 2;pāṇḍupītaprabhaṁ jātaṁ piñjarītyabhidhīyate ||;Ānandakanda ĀK, 1, 25: 24 24;lohaṁ lohāntare kṣiptaṁ dhmātaṁ nirvāpitaṁ drave |pāṇḍupītaprabhaṁ jātaṁ piñjarītyabhidhīyate ||;GOOD;;Rasendracūḍāmaṇi RCūM, 4: 2 26;lohaṁ lohāntare kṣiptaṁ dhmātaṁ nirvāpitaṁ drave |pāṇḍupītaprabhaṁ jātaṁ piñjarītyabhidhīyate ||;GOOD;;
RRS, 8: 8;24 1;bhāgāḥ ṣoḍaśa tārasya tathā dvādaśa bhāsvataḥ |;
RRS, 8: 8;24 2;ekatrāvartitāstena candrārkamiti kathyate ||;Ānandakanda ĀK, 1, 25: 24 25;bhāgāḥ ṣoḍaśa tārasya tathā dvādaśa bhāsvataḥ |ekatrāvartitāste tu candrārkamiti kathyate ||;GOOD;;Rasendracūḍāmaṇi RCūM, 4: 2 27;bhāgāḥ ṣoḍaśa tārasya tathā dvādaśa bhāskaraḥ |ekatrāvartitāstena candrārkamiti kathyate ||;!;;
RRS, 8: 8;25 1;sādhyalohe .nyalohaṁ cetprakṣiptaṁ vaṅkanālataḥ |;
RRS, 8: 8;25 2;nirvāpaṇaṁ tu tatproktaṁ vaidyairnirvāhaṇaṁ khalu ||;Ānandakanda ĀK, 1, 25: 24 26;dhāryalohe .nyalohaścetprakṣipto vaṅkanālataḥ |nirvāpaṇaṁ tu tatproktaṁ vaidyairnirvāhaṇaṁ khalu ||;!;;Rasendracūḍāmaṇi RCūM, 4: 2 28;sādhyalohe.nyalohaṁ cet prakṣiptaṁ vaṅkanālataḥ |nirvāpaṇaṁ tu yatproktaṁ vaidyairnirvāhaṇaṁ khalu ||;!;;
RRS, 8: 8;26 1;kṣipennirvāpaṇaṁ dravyaṁ nirvāhye samabhāgikam |;
RRS, 8: 8;26 2;āvāhyaṁ vāpanīye ca bhāge dṛṣṭe ca dṛṣṭavat ||;
RRS, 8: 8;27 1;mṛtaṁ tarati yattoye lohaṁ vāritaraṁ hi tat ||;Rasendracūḍāmaṇi RCūM, 4: 2 30;mṛtaṁ tarati tattoye lohaṁ vāritaraṁ hi tat ||;!;;
RRS, 8: 8;28 1;aṅguṣṭhatarjanīghṛṣṭaṁ yat tad rekhāntare viśet |;
RRS, 8: 8;28 2;mṛtalohaṁ taduddiṣṭaṁ rekhāpūrṇābhidhānataḥ ||;
RRS, 8: 8;29 1;guḍaguñjāsukhasparśamadhvājyaiḥ saha yojitam |;
RRS, 8: 8;29 2;nāyāti prakṛtiṁ dhmānād apunarbhavam ucyate ||;Rasendracūḍāmaṇi RCūM, 4: 2 32;guḍaguñjāsukhasparśamadhvājyaiḥ saha yojitam |nāyāti prakṛtiṁ dhmānādapunarbhavamucyate ||;GOOD;;
RRS, 8: 8;30 1;tasyopari guru dravyaṁ dhānyaṁ copanayeddhruvam |;
RRS, 8: 8;30 2;haṁsavat tīryate vāriṇyuttamaṁ parikīrtitam ||;
RRS, 8: 8;31 1;raupyeṇa saha saṁyuktaṁ dhmātaṁ raupyeṇa cel laget |;
RRS, 8: 8;31 2;tadā nirutthamityuktaṁ lohaṁ tad apunarbhavam ||;
RRS, 8: 8;32 1;nirvāpaṇaviśeṣeṇa tattadvarṇaṁ bhavedyadā |;
RRS, 8: 8;32 2;mṛdulaṁ citrasaṁskāraṁ tadbījamiti kathyate ||;Mugdhāvabodhinī MuA zu RHT, 9, 1.2: 156 2;nirvāpaṇaviśeṣeṇa tadvadvarṇaṁ bhavedyadā |mṛdulaṁ citrasaṁskāraṁ tadbījamiti kathyate ||;GOOD;;Rasendracūḍāmaṇi RCūM, 4: 2 35;nirvāhaṇaviśeṣeṇa tattadvarṇaṁ bhavedyadā |mṛdulaṁ citrasaṁskāraṁ tadbījamiti kathyate ||;!;;
RRS, 8: 8;33 1;idameva vinirdiṣṭaṁ vaidyairuttaraṇaṁ khalu |;
RRS, 8: 8;33 2;saṁspṛṣṭalohayorekalohasya parināśanam ||;
RRS, 8: 8;34 1;pradhmātaṁ vaṅkanālena tattāḍanamudāhṛtam ||;
RRS, 8: 8;35 1;cūrṇābhraṁ śālisaṁyuktaṁ vastrabaddhaṁ hi kāñjike |;
RRS, 8: 8;35 2;niryātaṁ mardanādvastrāddhānyābhramiti kathyate ||;Ānandakanda ĀK, 1, 25: 24 35;cūrṇābhraṁ śālisaṁyuktaṁ vastrabaddhaṁ hi kāñjike |niryātaṁ mardanādvastrāddhānyābhramiti kathyate ||;GOOD;;Rasaratnasamuccaya RRS, 2: 2 21;cūrṇābhraṁ śālisaṁyuktaṁ vastrabaddhaṁ hi kāñjike |niryātaṁ mardanādvastrāddhānyābhramiti kathyate ||;GOOD;;Rasendracūḍāmaṇi RCūM, 4: 2 37;cūrṇābhraṁ śālisaṁyuktaṁ vastre baddhaṁ tu kāñjike |niryātaṁ mardanādvastrāddhānyābhramiti kathyate ||;!;;
RRS, 8: 8;36 1;kṣārāmladrāvakairyuktaṁ dhmātamākarakoṣṭhake |;
RRS, 8: 8;36 2;yastato nirgataḥ sāraḥ sattvamityabhidhīyate ||;Ānandakanda ĀK, 1, 25: 24 36;kṣārāmladrāvakairyuktaṁ dhmātamākarakoṣṭhake |yastato nirgataḥ sāraḥ sattvam ityabhidhīyate ||;!;;Rasendracūḍāmaṇi RCūM, 4: 2 38;kṣārāmladrāvakairyuktaṁ dhmātamākarakoṣṭhake |yastato nirgataḥ sāraḥ sattvamityabhidhīyate ||;!;;
RRS, 8: 8;37 1;koṣṭhikāśikharāpūrṇaiḥ kokilair dhmānayogataḥ |;
RRS, 8: 8;37 2;mūṣākaṇṭhamanuprāptair ekakolīsako mataḥ ||;
RRS, 8: 8;38 1;drāvaṇe sattvapāte ca mādhukāḥ khādirāḥ śubhāḥ |;
RRS, 8: 8;38 2;durdrāve vaṁśajāste tu svedane bādarāḥ śubhāḥ ||;Rasendracūḍāmaṇi RCūM, 4: 2 41;drāvaṇe sattvapāte ca mādhukāḥ khādirāḥ śubhāḥ |uddrāve vaṁśajāste tu svedane bādarāḥ śubhāḥ ||;!;;
RRS, 8: 8;39 1;vidyādharākhyayantrasthād ārdrakadrāvamarditāt |;
RRS, 8: 8;39 2;samākṛṣṭo raso yo .sau hiṅgulākṛṣṭa ucyate ||;Rasendracūḍāmaṇi RCūM, 4: 2 42;vidyādharākhyayantrasthādārdrakadrāvamarditāt |samākṛṣṭo raso yo.sau hiṅgulākṛṣṭa ucyate ||;GOOD;;Ānandakanda ĀK, 1, 25: 24 40;vidyādharākhyayantrasthād ārdrakadravamarditāt |samākṛṣṭo raso yo.sau hiṅgulākṛṣṭa ucyate ||;!;;
RRS, 8: 8;40 1;svalpatālayutaṁ kāṁsyaṁ vaṅkanālena tāḍitam |;
RRS, 8: 8;40 2;muktaraṅgaṁ hi tattāmraṁ ghoṣākṛṣṭam udāhṛtam ||;Ānandakanda ĀK, 1, 25: 24 41;svalpatālayutaṁ kāṁsyaṁ vaṅkanālena tāḍitam |muktavaṅgaṁ hi tattāmraṁ ghoṣākṛṣṭamudāhṛtam ||;!;;Rasendracūḍāmaṇi RCūM, 4: 2 43;svalpatālayutaṁ kāṁsyaṁ vaṅkanālena tāḍitam |muktavaṅgaṁ hi tattāmraṁ ghoṣākṛṣṭam udāhṛtam ||;!;;
RRS, 8: 8;41 1;tīkṣṇanīlāñjanopetaṁ dhmātaṁ hi bahuśo dṛḍham |;
RRS, 8: 8;41 2;mṛdu kṛṣṇaṁ drutadrāvaṁ varanāgaṁ taducyate ||;
RRS, 8: 8;42 1;mṛtasya punarudbhūtiḥ samproktotthāpanākhyayā ||;
RRS, 8: 8;43 1;drutadravyasya nikṣepo drave taḍḍhālanaṁ matam ||;
RRS, 8: 8;44 1;triṁśatpalamitaṁ nāgaṁ bhānudugdhena marditam |;
RRS, 8: 8;44 2;vimardya puṭayettāvadyāvatkarṣāvaśeṣitam ||;
RRS, 8: 8;45 1;na tatpuṭasahasreṇa kṣayamāyāti sarvathā |;
RRS, 8: 8;45 2;capalo.yaṁ samādiṣṭo vārttikair nāgasambhavaḥ ||;
RRS, 8: 8;46 1;itthaṁ hi capalaḥ kāryo vaṅgasyāpi na saṁśayaḥ ||;
RRS, 8: 8;47 1;tatspṛṣṭahastasaṁspṛṣṭaḥ kevalo badhyate rasaḥ ||;
RRS, 8: 8;48 1;sa raso dhātuvādeṣu śasyate na rasāyane |;
RRS, 8: 8;48 2;ayaṁ hi kharvaṇākhyena lokanāthena kīrtitaḥ ||;
RRS, 8: 8;49 1;bhūbhujaṁgaśakṛttoyaiḥ prakṣālyāpahṛtaṁ rajaḥ |;
RRS, 8: 8;49 2;kṛṣṇavarṇaṁ hi tatproktaṁ dhautākhyaṁ rasavādibhiḥ ||;Ānandakanda ĀK, 1, 25: 24 70;bhūbhujaṅgaśakṛttoyaiḥ prakṣālyāpahṛtaṁ malam |kṛṣṇavarṇaṁ hi tatproktaṁ dhautākhyaṁ rasavādibhiḥ ||;!;;Rasendracūḍāmaṇi RCūM, 4: 2 72;bhūbhujaṁgaśakṛttoyaiḥ prakṣālyāpahṛtaṁ rajaḥ |kṛṣṇavarṇaṁ hi tatproktaṁ dhautākhyaṁ rasavādibhiḥ ||;!;;
RRS, 8: 8;50 1;dravyayor mardanādhmānād dvaṁdvānaṁ parikīrtitam ||;
RRS, 8: 8;51 1;bhāgād dravyādhikakṣepam anu varṇasuvarṇake |;
RRS, 8: 8;51 2;dravairvā vahnikāgrāso bhañjanī vādibhir matā ||;
RRS, 8: 8;52 1;pataṅgīkalkato jātā lohe tāre ca hematā |;
RRS, 8: 8;52 2;dināni katicitsthitvā yātyasau cullakā matā ||;
RRS, 8: 8;53 1;rañjitāddhi cirāllohāddhmānādvā cirakālataḥ |;
RRS, 8: 8;53 2;viniryāsaḥ sa nirdiṣṭaḥ pataṅgīrāgasaṁjñakaḥ ||;
RRS, 8: 8;54 1;drute dravyāntarakṣepo lohādye kriyate hi yaḥ |;
RRS, 8: 8;54 2;sa āvāpaḥ pratīvāpas tadevācchādanaṁ matam ||;Rasendracūḍāmaṇi RCūM, 4: 2 76;drute dravyāntare kṣepo lohādyaiḥ kriyate hi yaḥ |sa āvāpaḥ pratīvāpaḥ sa evācchādanaṁ matam ||;GOOD;;
RRS, 8: 8;55 1;drute vahnisthite lohe viramyāṣṭanimeṣakam |;
RRS, 8: 8;55 2;salilasya parikṣepaḥ so .bhiṣeka iti smṛtaḥ ||;
RRS, 8: 8;56 1;taptasyāpsu vinikṣepo nirvāpaḥ snapanaṁ ca tat ||;
RRS, 8: 8;57 1;pratīvāpādikaṁ kāryaṁ drute lohe sunirmale ||;
RRS, 8: 8;58 1;yadā hutāśo dīptārciḥ śuklotthānasamanvitaḥ |;
RRS, 8: 8;58 2;śuddhāvartas tadā jñeyaḥ sa kālaḥ sattvanirgame ||;Rasendracūḍāmaṇi RCūM, 4: 2 79;yadā hutāśo dīptārciḥ śuklotthānasamanvitaḥ |śuddhāvartastadā jñeyaḥ sa kālaḥ sattvanirgame ||;GOOD;;
RRS, 8: 8;59 1;drāvyadravyanibhā jvālā dṛśyate dhamane yadā |;
RRS, 8: 8;59 2;drāvasyonmukhatā seyaṁ bījāvartaḥ sa ucyate ||;Rasendracūḍāmaṇi RCūM, 4: 2 80;drāvyadravyanibhā jvālā dṛśyate dhamane yadā |drāvasyonmukhatā seyaṁ bījāvartaḥ sa ucyate ||;GOOD;;
RRS, 8: 8;60 1;vahnistham eva śītaṁ yattaduktaṁ svāṅgaśītalam ||;
RRS, 8: 8;61 1;agnerākṛṣya śītaṁ yattad bahiḥśītamucyate ||;
RRS, 8: 8;62 1;kṣārāmlair auṣadhairvāpi dolāyantre sthitasya hi |;
RRS, 8: 8;62 2;pacanaṁ svedanākhyaṁ syānmalaśaithilyakārakam ||;Rasendracūḍāmaṇi RCūM, 4: 2 82;kṣārāmlairauṣadhair vāpi dolāyantre sthitasya hi |pacanaṁ svedanākhyaṁ syānmalaśaithilyakārakam ||;!;;
RRS, 8: 8;63 1;uditairauṣadhaiḥ sārdhaṁ sarvāmlaiḥ kāñjikairapi |;
RRS, 8: 8;63 2;peṣaṇaṁ mardanākhyaṁ syādbahirmalavināśanam ||;Rasendracūḍāmaṇi RCūM, 4: 2 83;uddiṣṭairauṣadhaiḥ sārdhaṁ sarvāmlaiḥ kāñjikairapi |peṣaṇaṁ mardanākhyaṁ syādbahirmalavināśanam ||;!;;
RRS, 8: 8;64 1;mardanādiṣṭabhaiṣajyair naṣṭapiṣṭatvakārakam |;
RRS, 8: 8;64 2;tanmūrchanaṁ hi vaṅgāhibhujakañcukanāśanam ||;
RRS, 8: 8;65 1;svedātapādiyogena svarūpāpādanaṁ hi yat |;
RRS, 8: 8;65 2;tadutthāpanam ityuktaṁ mūrchāvyāpattināśanam ||;Rasendracūḍāmaṇi RCūM, 4: 2 86;svedātapādiyogena svarūpāpādanaṁ hi yat |tadutthāpanamityuktaṁ mūrchāvyāpattināśanam ||;GOOD;;
RRS, 8: 8;66 1;svarūpasya vināśena piṣṭatvād bandhanaṁ hi tat |;
RRS, 8: 8;66 2;vidvadbhirnirjitaḥ sūto naṣṭapiṣṭiḥ sa ucyate ||;
RRS, 8: 8;67 1;uktauṣadhairmarditapāradasya yantrasthitasyordhvam niryātanaṁ pātanasaṁjñam uktaṁ |;Rasendracūḍāmaṇi RCūM, 4: 2 87;uktauṣadhairmarditapāradasya niryātanaṁ pātanasaṁjñayoktaṁ ;GOOD;;Mugdhāvabodhinī MuA zu RHT, 2, 8.2: 38 11;uktauṣadhairmarditapāradasya yantrasthitasyordhvam niryāpanaṁ pātanasaṁjñamuktaṁ ;!;;
RRS, 8: 8;68 1;jalasaindhavayuktasya rasasya divasatrayam |;
RRS, 8: 8;68 2;sthitir āsthāpanī kumbhe yāsau rodhanamucyate ||;Rasendracūḍāmaṇi RCūM, 4: 2 88;jalasaindhavayuktasya rasasya divasatrayam |sthitirāsthāpanī kumbhe yāsau rodhanamucyate ||;GOOD;;
RRS, 8: 8;69 1;rodhanāllabdhavīryasya capalatvanivṛttaye |;
RRS, 8: 8;69 2;kriyate pārade svedaḥ proktaṁ niyamanaṁ hi tat ||;Mugdhāvabodhinī MuA zu RHT, 2, 17.2: 40 8;rodhanāllabdhavīryasya capalatvanivṛttaye |kriyate yo rasasvedaḥ proktaṁ niyamanaṁ hi tat ||;!;;Rasendracūḍāmaṇi RCūM, 4: 2 89;rodhanāllabdhavīryasya capalatvanivṛttaye |kriyate yo ghaṭe svedaḥ proktaṁ niyamanaṁ hi tat ||;!;;
RRS, 8: 8;70 1;dhātupāṣāṇamūlādyaiḥ saṁyukto ghaṭamadhyagaḥ |;
RRS, 8: 8;70 2;grāsārthaṁ tridinaṁ svedo dīpanaṁ tanmataṁ budhaiḥ ||;Rasendracūḍāmaṇi RCūM, 4: 2 90;dhātupāṣāṇamūlādyaiḥ saṁyukto ghaṭamadhyagaḥ |grāsārthaṁ tridinaṁ svedo dīpanaṁ tanmataṁ budhaiḥ ||;GOOD;;
RRS, 8: 8;71 1;iyanmānasya sūtasya bhojyadravyātmikā mitiḥ |;
RRS, 8: 8;71 2;iyatītyucyate yāsau grāsamānaṁ samīritam ||;Mugdhāvabodhinī MuA zu RHT, 2, 21.1: 43 11;iyanmānasya sūtasya bhojyadravyātmikā mitiḥ |iyatītyucyate yāsau grāsamānamitīritam ||;!;;
RRS, 8: 8;72 1;grāsasya cāraṇaṁ garbhe drāvaṇaṁ jāraṇaṁ tathā |;
RRS, 8: 8;72 2;iti trirūpā nirdiṣṭā jāraṇā varavārttikaiḥ ||;Rasendracūḍāmaṇi RCūM, 4: 2 92;grāsasya cāraṇaṁ garbhe drāvaṇaṁ jāraṇaṁ tathā |iti trirūpā nirdiṣṭā jāraṇā varavārttikaiḥ ||;!;;
RRS, 8: 8;73 1;grāsaḥ piṇḍaḥ pariṇāmastisraścākhyāḥ parā punaḥ ||;
RRS, 8: 8;74 1;samukhā nirmukhā ceti jāraṇā dvividhā punaḥ ||;
RRS, 8: 8;75 1;nirmukhā jāraṇā proktā bījādānena bhāgataḥ ||;
RRS, 8: 8;76 1;śuddhaṁ svarṇaṁ ca rūpyaṁ ca bījam ityabhidhīyate ||;Mugdhāvabodhinī MuA zu RHT, 3, 9.2: 50 9;śuddhaṁ svarṇaṁ ca rūpyaṁ ca bījam ityabhidhīyate ||;!;;
RRS, 8: 8;77 1;catuḥṣaṣṭyaṁśato bījaprakṣepo mukhamucyate ||;Mugdhāvabodhinī MuA zu RHT, 3, 9.2: 50 10;catuḥṣaṣṭyaṁśato bījaprakṣepo mukham ucyate ||;GOOD;;
RRS, 8: 8;78 1;evaṁ kṛte raso grāsalolupo mukhavān bhavet |;
RRS, 8: 8;78 2;kaṭhinānyapi lohāni kṣamo bhavati bhakṣitum |;
RRS, 8: 8;78 3;iyaṁ hi samukhā proktā jāraṇā mṛgacāriṇā ||;
RRS, 8: 8;79 1;divyauṣadhisamāyogāt sthitaḥ prakaṭakoṣṭhiṣu |;
RRS, 8: 8;79 2;bhuñjītākhilalohādyaṁ yo .sau rākṣasavaktravān ||;Rasendracūḍāmaṇi RCūM, 4: 2 97;divyauṣadhisamāyogātsthitaḥ prakaṭakoṣṭhiṣu |bhuṅkte nikhilalohādyaṁ yo.sau rākṣasavaktravān ||;!;;
RRS, 8: 8;80 1;rasasya jaṭhare grāsakṣapaṇaṁ cāraṇā matā ||;
RRS, 8: 8;81 1;grastasya drāvaṇaṁ garbhe garbhadrutir udāhṛtā ||;
RRS, 8: 8;82 1;bahireva drutiṁ kṛtvā ghanasattvādikaṁ khalu |;
RRS, 8: 8;82 2;jāraṇāya rasendrasya sā bāhyadrutir ucyate ||;
RRS, 8: 8;83 1;nirlepatvaṁ drutatvaṁ ca tejastvaṁ laghutā tathā |;
RRS, 8: 8;83 2;asaṁyogaśca sūtena pañcadhā drutilakṣaṇam ||;Rasendracūḍāmaṇi RCūM, 4: 2 100;nirlepatvaṁ dravatvaṁ ca tejastvaṁ laghutā tathā |drutaṁ yogaśca sūtena pañcadhā drutilakṣaṇam ||;!;;
RRS, 8: 8;84 1;auṣadhādhmānayogena lohadhātvādikaṁ tathā |;
RRS, 8: 8;84 2;saṁtiṣṭhate dravākāraṁ sā drutiḥ parikīrtitā ||;
RRS, 8: 8;85 1;drutagrāsaparīṇāmo viḍayantrādiyogataḥ |;
RRS, 8: 8;85 2;jāraṇetyucyate tasyāḥ prakārāḥ santi koṭiśaḥ ||;Rasendracūḍāmaṇi RCūM, 4: 2 102;drutagrāsaparīṇāmo viḍayantrādiyogataḥ |jāraṇetyucyate tasyāḥ prakārāḥ santi koṭiśaḥ ||;!;;
RRS, 8: 8;86 1;kṣārairamlaiśca gandhādyair mūtraiśca paṭubhis tathā |;
RRS, 8: 8;86 2;rasagrāsasya jīrṇārthaṁ tadviḍaṁ parikīrtitam ||;Rasendracūḍāmaṇi RCūM, 4: 2 103;kṣārairamlaiśca gandhādyairmūtraiśca paṭubhistathā |rasagrāsasya jīrṇārthaṁ tadviḍaṁ parikīrtitam ||;GOOD;;
RRS, 8: 8;87 1;susiddhabījadhātvādijāraṇena rasasya hi |;
RRS, 8: 8;87 2;pītādirāgajananaṁ rañjanaṁ parikīrtitam ||;Rasendracūḍāmaṇi RCūM, 4: 2 104;susiddhabījadhātvādijāraṇena rasasya hi |pītādirāgajananaṁ rañjanaṁ parikīrtitam ||;GOOD;;Mugdhāvabodhinī MuA zu RHT, 8, 2.2: 141 2;susiddhabiḍadhātvādijāraṇena rasasya hi |pītādirāgajananaṁ rañjanaṁ parikīrtitam |iti paribhāṣā ||;!;;
RRS, 8: 8;88 1;sūte satailayantrasthe svarṇādikṣepaṇaṁ hi yat |;
RRS, 8: 8;88 2;vedhādhikyakaraṁ lohe sāraṇā sā prakīrtitā ||;Rasendracūḍāmaṇi RCūM, 4: 2 105;sūte satailayantrasthe svarṇādikṣepaṇaṁ hi yat |vedhādhikyakaraṁ lohe sāraṇā sā prakīrtitā ||;GOOD;;
RRS, 8: 8;89 1;vyavāyibheṣajopeto dravye kṣipto rasaḥ khalu |;
RRS, 8: 8;89 2;vedha ityucyate tajjñaiḥ sa cānekavidhaḥ smṛtaḥ ||;Mugdhāvabodhinī MuA zu RHT, 18, 1.2: 275 1;vyavāyibheṣajopete dravye kṣipto rasaḥ khalu |vedha ityucyate tajjñaiḥ sa ca naikavidhaḥ smṛtaḥ |iti paribhāṣā ||;!;;Rasendracūḍāmaṇi RCūM, 4: 2 106;vyavāyibheṣajopeto dravye kṣipto rasaḥ khalu |vedha ityucyate tajjñaiḥ sa cānekavidhaḥ smṛtaḥ ||;!;;
RRS, 8: 8;90 1;lepaḥ kṣepaśca kuntaśca dhūmākhyaḥ śabdasaṁjñakaḥ ||;
RRS, 8: 8;91 1;lepanaṁ kurute lohaṁ svarṇaṁ vā rajataṁ tathā |;
RRS, 8: 8;91 2;lepavedhaḥ sa vijñeyaḥ puṭamatra ca saurakam ||;
RRS, 8: 8;92 1;prakṣepaṇaṁ drute lohe vedhaḥ syātkṣepasaṁjñitaḥ ||;
RRS, 8: 8;93 1;saṁdaṁśadhṛtasūtena drutadravyāhṛtiśca yā |;
RRS, 8: 8;93 2;suvarṇatvādikaraṇaṁ kuntavedhaḥ sa ucyate ||;
RRS, 8: 8;94 1;vahnau dhūmāyamāne .ntaḥ prakṣiptarasadhūmataḥ |;
RRS, 8: 8;94 2;svarṇādyāpādanaṁ lohe dhūmavedhaḥ sa ucyate ||;Rasendracūḍāmaṇi RCūM, 4: 2 110;vahnau dhūmāyamāne.ntaḥ prakṣiptarasadhūmataḥ |svarṇādyāpādanaṁ lohe dhūmavedhaḥ sa ucyate ||;GOOD;;
RRS, 8: 8;95 1;mukhasthitarasenālpalohasya dhamanāt khalu |;
RRS, 8: 8;95 2;svarṇarūpyatvajananaṁ śabdavedhaḥ sa kīrtitaḥ ||;
RRS, 8: 8;96 1;siddhadravyasya sūtena kāluṣyādinivāraṇam |;
RRS, 8: 8;96 2;prakāśanaṁ ca varṇasya tadudghāṭanam īritam ||;
RRS, 8: 8;97 1;kṣārāmlairauṣadhaiḥ sārddhaṁ bhāṇḍaṁ bhūmau nikhanyate yatnātsvedanaṁ saṁprakīrtitam ||;Rasendracūḍāmaṇi RCūM, 4: 2 113;kṣārāmlairauṣadhaiḥ sārdhaṁ bhāṇḍe ruddhvātiyatnataḥ |bhūmau nikhanyate yattatsvedanaṁ saṁprakīrtitam ||;!;;
RRS, 8: 8;98 1;rasasyauṣadhayuktasya bhāṇḍaruddhasya yatnataḥ |;
RRS, 8: 8;98 2;mandāgniyutacullyantaḥ kṣepaḥ saṁnyāsa ucyate ||;
RRS, 8: 8;99 1;dvāvetau svedasaṁnyāsau rasarājasya niścitam |;
RRS, 8: 8;99 2;guṇaprabhāvajanakau śīghravyāptikarau tathā ||;Rasendracūḍāmaṇi RCūM, 4: 2 115;dvāvetau svedasaṁnyāsau rasarājasya niścitam |guṇaprabhāvajananau śīghravyāptikarau tathā ||;!;;
RRS, 8: 8;100 1;rasanigamamahābdheḥ somadevaḥ samantāt vyaracayadatiyatnāttairimāṁ kaṇṭhamālāṁ kalayatu |;Rasendracūḍāmaṇi RCūM, 4: 2 116;rasanigamamahābdheḥ somadevaḥ samantāt vyaracayadatiyatnāttair imāṁ kaṇṭhamālāṁ kalayati ;!;;
RRS, 8: 8;101 1;bhavetpaṭhitavāro.yamadhyāyo rasavādinām |;
RRS, 8: 8;101 2;rasakarmāṇi kurvāṇo na sa muhyati kutracit ||;
RRS, 9: 9;1 1;atha yantrāṇi vakṣyante rasatantrāṇyaśeṣataḥ |;
RRS, 9: 9;1 2;samālocya samāsena somadevena sāmpratam ||;
RRS, 9: 9;2 1;svedādikarma nirmātuṁ vārttikendraiḥ prayatnataḥ |;
RRS, 9: 9;2 2;yantryate pārado yasmāttasmādyantramiti smṛtam ||;Rasendracūḍāmaṇi RCūM, 5: 3 2;svedādikarma nirmātuṁ vārttikendraiḥ prayatnataḥ |yantryate pārado yasmāttasmādyantramitīritam ||;!;;
RRS, 9: 9;3 1;dravadravyeṇa bhāṇḍasya pūritārdhodakasya ca |;
RRS, 9: 9;3 2;mukhasyobhayato dvāradvayaṁ kṛtvā prayatnataḥ ||;Mugdhāvabodhinī MuA zu RHT, 2, 3.2: 34 14;dravadravyeṇa bhāṇḍasya pūritārdhodarasya ca |mukhasyobhayato dvāradvayaṁ kṛtvā prayatnataḥ ||;!;;Rasakāmadhenu RKDh, 1, 1: 1 25;dravadravyeṇa bhāṇḍasya pūritārdhodakasya ca |mukhasyobhayato dvāradvayaṁ kṛtvā prayatnataḥ ||;!;;
RRS, 9: 9;4 1;tayostu nikṣiped daṇḍaṁ tanmadhye rasapoṭalīm |;
RRS, 9: 9;4 2;baddhvā tu svedayedetaddolāyantramiti smṛtam ||;Rasakāmadhenu RKDh, 1, 1: 1 26;tayostu nikṣipeddaṇḍaṁ tanmadhye rasapoṭalīm |baddhvā tu svedayedetad dolāyantram iti smṛtam ||;GOOD;;Mugdhāvabodhinī MuA zu RHT, 2, 3.2: 34 15;tasyopari kṣipeddaṇḍaṁ tanmadhye rasapoṭalīm |baddhvā tu svedayedetaddolāyantramiti smṛtam |iti dolāyantralakṣaṇam ||;!;;
RRS, 9: 9;5 1;sāmbusthālīmukhe baddhavastre pākyaṁ niveśayet |;
RRS, 9: 9;5 2;pidhāya pacyate yatra svedanīyantramucyate ||;
RRS, 9: 9;6 1;aṣṭāṅgulaparīṇāhamānāhena daśāṅgulam |;
RRS, 9: 9;6 2;caturaṅgulakotsedhaṁ toyādhāraṁ galādadhaḥ ||;Mugdhāvabodhinī MuA zu RHT, 2, 7.2: 37 10;atra yantraṁ tu |aṣṭāṅgulaparīṇāhamānāhena daśāṅgulam |caturaṅgulakotsedhaṁ toyādhāro .ṅgulādadhaḥ ||;!;;Rasakāmadhenu RKDh, 1, 1: 1 143;aṣṭāṁgulaparīṇāham ānāhena daśāṁgulam |caturaṁgulotsedhaṁ toyādhāraṁ galādadhaḥ ||;!;;
RRS, 9: 9;7 1;adhobhāṇḍe mukhaṁ tasya bhāṇḍasyopari vartinaḥ |;
RRS, 9: 9;7 2;ṣoḍaśāṅgulavistīrṇapṛṣṭhasyāsye praveśayet ||;
RRS, 9: 9;8 1;pārśvayor mahiṣīkṣīracūrṇamaṇḍūraphāṇitaiḥ |;
RRS, 9: 9;8 2;liptvā viśoṣayetsaṁdhiṁ jalādhāre jalaṁ kṣipet |;
RRS, 9: 9;8 3;cullyām āropayed etat pātanāyantramucyate ||;
RRS, 9: 9;9 1;athordhvabhājane liptasthāpitasya jale sudhīḥ |;
RRS, 9: 9;9 2;dīptair vanopalaiḥ kuryādadhaḥ pātaṁ prayatnataḥ ||;
RRS, 9: 9;10 1;jalapūrṇapātramadhye dattvā ghaṭakharparaṁ suvistīrṇam tadupari viḍamadhyagataḥ sthāpyaḥ sūtaḥ kṛtaḥ koṣṭhyām |;

RRS, 9: 9;12 1;svedanato mardanataḥ kacchapayantrasthito raso jarati |;
RRS, 9: 9;12 2;agnibalenaiva tato garbhe dravanti sarvasattvāni ||;
RRS, 9: 9;13 1;kacchapayantrāntargatamṛnmayapīṭhasthadīpikāsaṁsthaḥ yasminnipatati sūtaḥ proktaṁ taddīpikāyantram ||;
RRS, 9: 9;14 1;bhāṇḍakaṇṭhādadhaś chidre veṇunālaṁ vinikṣipet |;
RRS, 9: 9;14 2;kāṁsyapātradvayaṁ kṛtvā sampuṭaṁ jalagarbhitam ||;Ānandakanda ĀK, 1, 26: 25 86;bhāṇḍakaṇṭhādadhaśchidre veṇunālaṁ vinikṣipet |kāntakāṁsyapātradvayaṁ kṛtvā sampuṭaṁ jalagarbhitam ;GOOD;;
RRS, 9: 9;15 1;nalikāsyaṁ tatra yojyaṁ dṛḍhaṁ taccāpi kārayet |;
RRS, 9: 9;15 2;yuktadravyairvinikṣiptaḥ pūrvaṁ tatra ghaṭe rasaḥ ||;
RRS, 9: 9;16 1;agninā tāpito nālāttoye tasminpatatyadhaḥ |;
RRS, 9: 9;16 2;yāvaduṣṇaṁ bhavet sarvaṁ bhājanaṁ tāvadeva hi |;
RRS, 9: 9;16 3;jāyate rasasaṁdhānaṁ ḍekīyantramitīritam ||;
RRS, 9: 9;17 1;lohamūṣādvayaṁ kṛtvā dvādaśāṅgulamānataḥ |;
RRS, 9: 9;17 2;īṣacchidrānvitāmekāṁ tatra gandhakasaṁyutām ||;Rasārṇava RArṇ, 4: 4 8;lohamūṣādvayaṁ kṛtvā dvādaśāṅgulamānataḥ |īṣac chidrānvitām ekāṁ tatra gandhakasaṁyutām ||;GOOD;;
RRS, 9: 9;18 1;mūṣāyāṁ rasayuktāyām anyasyāṁ tāṁ praveśayet |;
RRS, 9: 9;18 2;toyaṁ syātsūtakasyādha ūrdhvādho vahnidīpanam ||;Rasārṇava RArṇ, 4: 4 9;mūṣāyāṁ rasayuktāyām anyasyāṁ tāṁ praveśayet |toyaṁ syāt sūtakasyādhaḥ ūrdhvādho vahnidīpanam ||;GOOD;;
RRS, 9: 9;19 1;rasonakarasaṁ bhadre yatnato vastragālitam |;
RRS, 9: 9;19 2;dāpayetpracuraṁ yatnādāplāvya rasagandhakau ||;Rasārṇava RArṇ, 4: 4 10;rasonakarasaṁ bhadre yatnato vastragālitam |dāpayetpracuraṁ yatnāt āplāvya rasagandhakau ||;GOOD;;
RRS, 9: 9;20 1;sthālikāyāṁ pidhāyordhvaṁ sthālīmanyāṁ dṛḍhāṁ kuru |;
RRS, 9: 9;20 2;saṁdhiṁ vilepayedyatnānmṛdā vastreṇa caiva hi ||;Rasārṇava RArṇ, 4: 4 11;sthālikāyāṁ nidhāyordhvaṁ sthālīm anyāṁ dṛḍhāṁ kuru |saṁdhiṁ vilepayedyatnāt mṛdā vastreṇa caiva hi ||;!;;
RRS, 9: 9;21 1;sthālyantare kapotākhyaṁ puṭaṁ karṣāgninā sadā |;
RRS, 9: 9;21 2;yantrasyādhaḥ karīṣāgniṁ dadyāttīvrāgnimeva vā ||;Rasārṇava RArṇ, 4: 4 12;sthālyantare kapotākhyaṁ puṭaṁ karṣāgninā sadā |yantrasyādhaḥ karīṣāgniṁ dadyāttīvrāgnimeva vā ||;GOOD;;
RRS, 9: 9;22 1;evaṁ tu tridinaṁ kuryāttato yantraṁ vimocayet |;
RRS, 9: 9;22 2;taptodake taptacullyāṁ na kuryācchītalāṁ kriyām ||;Rasārṇava RArṇ, 4: 4 13;evaṁ tu tridinaṁ kuryāt tato yantraṁ vimocayet |taptodake taptacullyāṁ na kuryācchītale kriyām ||;!;;
RRS, 9: 9;23 1;na tatra kṣīyate sūto na ca gacchati kutracit |;
RRS, 9: 9;23 2;anena ca krameṇaiva kuryādgandhakajāraṇam ||;Rasārṇava RArṇ, 4: 4 14;na tatra kṣīyate sūto na ca gacchati kutracit |anena kramayogena kuryādgandhakajāraṇam ||;!;;
RRS, 9: 9;24 1;yantraṁ vidyādharaṁ jñeyaṁ sthālīdvitayasampuṭāt |;
RRS, 9: 9;24 2;cullīṁ caturmukhīṁ kṛtvā yantrabhāṇḍaṁ niveśayet ||;Rasakāmadhenu RKDh, 1, 1: 1 146;yantraṁ vidyādharaṁ jñeyaṁ sthālī dvitayasampuṭāt |cullīṁ caturmukhīṁ kṛtvā yantrabhāṇḍaṁ niveśayet ||;!;;
RRS, 9: 9;25 1;tatrauṣadhaṁ vinikṣipya nirundhyādbhāṇḍakānanam |;
RRS, 9: 9;25 2;yantraṁ vidyādharaṁ nāma tantrajñaiḥ parikīrtitam ||;Rasakāmadhenu RKDh, 1, 1: 1 147;tatrauṣadhaṁ vinikṣipya nirundhyād bhāṇḍakānanam |yantraṁ vidyādharaṁ nāma tantrajñaiḥ parikīrtitam ||;GOOD;;
RRS, 9: 9;26 1;ūrdhvaṁ vahniradhaścāpo madhye tu rasasaṁgrahaḥ |;
RRS, 9: 9;26 2;somānalam idaṁ proktaṁ jārayedgaganādikam ||;Rasendracūḍāmaṇi RCūM, 5: 3 93;ūrdhvaṁ vahnir adhaścāpo madhye tu rasasaṁgrahaḥ |somānalam idaṁ proktaṁ jārayed gaganādikam ||;GOOD;;
RRS, 9: 9;27 1;garbhayantraṁ pravakṣyāmi piṣṭikābhasmakārakam |;
RRS, 9: 9;27 2;caturaṅguladīrghāṁ ca tryaṅgulonmitavistarām ||;
RRS, 9: 9;28 1;mṛnmayīṁ sudṛḍhāṁ mūṣāṁ vartulaṁ kārayenmukham |;
RRS, 9: 9;28 2;loṇasya viṁśatirbhāgā bhāga ekastu gugguloḥ ||;
RRS, 9: 9;29 1;suślakṣṇaṁ peṣayitvā tu vāraṁ vāraṁ punaḥ punaḥ |;
RRS, 9: 9;29 2;mūṣālepaṁ dṛḍhaṁ kṛtvā lavaṇārdhamṛdambubhiḥ ||;
RRS, 9: 9;30 1;karṣet tuṣāgninā bhūmau svedayenmṛdu mānavit |;
RRS, 9: 9;30 2;ahorātraṁ trirātraṁ vā rasendro bhasmatāṁ vrajet ||;
RRS, 9: 9;31 1;kharparaṁ sikatāpūrṇaṁ kṛtvā tasyopari nyaset |;
RRS, 9: 9;31 2;aparaṁ kharparaṁ tatra śanair mṛdvagninā pacet ||;Ānandakanda ĀK, 1, 26: 25 107;kharparaṁ sikatāpūrṇaṁ kṛtvā tasyopari nyaset |aparaṁ kharparaṁ tatra śanairmṛdvagninā pacet ||;!;;Rasārṇava RArṇ, 4: 4 28;kharparaṁ sikatāpūrṇaṁ kṛtvā tasyopari nyaset |aparaṁ kharparaṁ tatra śanair mṛdvagninā pacet ||;!;;
RRS, 9: 9;32 1;pañcakṣāraistathā mūtrair lavaṇaṁ ca viḍaṁ tataḥ |;
RRS, 9: 9;32 2;haṁsapākaṁ samākhyātaṁ yantraṁ tad vārttikottamaiḥ ||;Ānandakanda ĀK, 1, 26: 25 108;pañcakṣāraistathā mūtrairlavaṇaiśca biḍaṁ tataḥ |haṁsapākaḥ samākhyāto yantraṁ tadvārtikottamaiḥ ||;GOOD;;Rasendracintāmaṇi RCint, 3: 3 74;pañcakṣārais tathā mūtrair lavaṇaṁ ca viḍaṁ tathā |haṁsapākaṁ samākhyātaṁ yantraṁ tadvārttikottamaiḥ ||;!;;
RRS, 9: 9;33 1;sarasāṁ gūḍhavaktrāṁ mṛdvastrāṅgulaghanāvṛtām |;
RRS, 9: 9;33 2;śoṣitāṁ kācakalaśīṁ triṣu bhāgeṣu pūrayet ||;
RRS, 9: 9;34 1;bhāṇḍe vitastigambhīre vālukāsupratiṣṭhitā |;
RRS, 9: 9;34 2;tadbhāṇḍaṁ pūrayettribhiranyābhiravaguṇṭhayet ||;Rasakāmadhenu RKDh, 1, 1: 1 84;bhāṇḍe vitastigambhīre vālukāsu pratiṣṭhitām |tadbhāṇḍaṁ pūrayet tribhiranyābhiravaguṇṭhayet ||;!;;
RRS, 9: 9;35 1;bhāṇḍavaktraṁ maṇikayā saṁdhiṁ limpen mṛdā pacet |;
RRS, 9: 9;35 2;cullyāṁ tṛṇasya cādāhān maṇikāpṛṣṭhavartinaḥ |;
RRS, 9: 9;35 3;etaddhi vālukāyantraṁ tadyantraṁ lavaṇāśrayam ||;
RRS, 9: 9;36 1;pañcāḍhavālukāpūrṇabhāṇḍe nikṣipya yatnataḥ |;
RRS, 9: 9;36 2;pacyate rasagolādyaṁ vālukāyantram īritam ||;
RRS, 9: 9;37 1;evaṁ lavaṇanikṣepātproktaṁ lavaṇayantrakam ||;
RRS, 9: 9;38 1;antaḥkṛtarasālepatāmrapātramukhasya ca |;
RRS, 9: 9;38 2;liptvā mṛllavaṇenaiva saṁdhiṁ bhāṇḍatalasya ca ||;Rasakāmadhenu RKDh, 1, 1: 1 87;athavāntaḥ kṛtarasālepatāmrapātramukhasya ca |liptvā mṛllavaṇenaiva sandhiṁ bhāṇḍatalasya ca ||;GOOD;;
RRS, 9: 9;39 1;tadbhāṇḍaṁ paṭunāpūrya kṣārairvā pūrvavatpacet |;
RRS, 9: 9;39 2;evaṁ lavaṇayantraṁ syād rasakarmaṇi śasyate ||;Rasakāmadhenu RKDh, 1, 1: 1 88;tadbhāṇḍaṁ paṭunāpūrya kṣārairvā pūrvavat pacet |evaṁ lavaṇayantraṁ syād rasakarmaṇi śasyate ||;GOOD;;
RRS, 9: 9;40 1;lohanālagataṁ sūtaṁ bhāṇḍe lavaṇapūrite |;
RRS, 9: 9;40 2;niruddhaṁ vipacetprāgvan nālikāyantram īritam ||;
RRS, 9: 9;41 1;vālukāgūḍhasarvāṅgāṁ garte mūṣāṁ rasānvitām |;
RRS, 9: 9;41 2;dīptopalaiḥ saṁvṛṇuyād yantraṁ tad bhūdharāhvayam ||;Rasakāmadhenu RKDh, 1, 1: 1 44;vālukāgūḍhasarvāṅgāṁ garte mūṣāṁ rasānvitām |dīptopalaiḥ saṁvṛṇuyād yantraṁ tad bhūdharāhvayam ||;GOOD;;Rasakāmadhenu RKDh, 1, 2: 2 39;vālukāgūḍhasarvāṅgāṁ garte mūṣāṁ rasānvitām |dīptopalaiḥ saṁvṛṇuyād yantraṁ tad bhūdharāhvayam ||;GOOD;;
RRS, 9: 9;42 1;śarāvasampuṭāntasthaṁ karīṣeṣv agnimānavit |;
RRS, 9: 9;42 2;paceccullyāṁ dviyāmaṁ vā rasaṁ tat puṭayantrakam ||;
RRS, 9: 9;43 1;ṣoḍaśāṅgulavistīrṇaṁ hastamātrāyataṁ samam |;
RRS, 9: 9;43 2;dhātusattvanipātārthaṁ koṣṭhīyantram iti smṛtam ||;Rasakāmadhenu RKDh, 1, 1: 1 166;ṣoḍaśāṁgulavistīrṇaṁ hastamātrāyataṁ samam |dhātusattvanipātārthaṁ koṣṭhīyantramiti smṛtam ||;!;;
RRS, 9: 9;44 1;yatra lohamaye pātre pārśvayorvalayadvayam |;
RRS, 9: 9;44 2;tādṛk svalpataraṁ pātraṁ valayaprotakoṣṭhakam ||;Rasendracūḍāmaṇi RCūM, 5: 3 14;yatra lohamaye pātre pārśvayorvalayadvayam |tādṛksvalpataraṁ pātraṁ valayaprotakoṣṭhakam ||;GOOD;;
RRS, 9: 9;45 1;pūrvapātropari nyasya svalpapātre parikṣipet |;
RRS, 9: 9;45 2;rasaṁ saṁmūrchitaṁ sthūlapātram āpūrya kāñjikaiḥ ||;Rasendracūḍāmaṇi RCūM, 5: 3 15;pūrvapātropari nyasya svalpapātre parikṣipet |rasaṁ saṁmūrchitaṁ sthūlapātramāpūrya kāñjikaiḥ ||;GOOD;;Ānandakanda ĀK, 1, 26: 25 15;pūrvapātropari nyasya svalpapātropari kṣipet |rasaṁ saṁmūrchitaṁ sthūlapātramāpūrya kāñjikaiḥ ||;!;;
RRS, 9: 9;46 1;dviyāmaṁ svedayedeva rasotthāpanahetave |;
RRS, 9: 9;46 2;etatsyād valabhīyantraṁ rase ṣāḍguṇyakārakam |;
RRS, 9: 9;46 3;sūkṣmakāntamaye pātre rasaḥ syādguṇavattaraḥ ||;
RRS, 9: 9;47 1;kṣipedrasaṁ ghaṭe dīrghanatādhonālasaṁyute |;
RRS, 9: 9;47 2;tannālaṁ nikṣipedanyaghaṭakukṣyantare khalu ||;Rasendracūḍāmaṇi RCūM, 5: 3 24;kṣipedrasaṁ ghaṭe dīrghanatādhonālasaṁyute |tannālaṁ nikṣipedanyat ghaṭakukṣyantare khalu ||;GOOD;;Ānandakanda ĀK, 1, 26: 25 24;kṣipedrasaṁ ghaṭe dīrghe natādhonālasaṁyute |tannālaṁ nikṣipedanyaghaṭakukṣyantare khalu ||;!;;
RRS, 9: 9;48 1;tatra ruddhvā mṛdā samyagvadane ghaṭayoratha |;
RRS, 9: 9;48 2;adhastādrasakumbhasya jvālayettīvrapāvakam ||;Rasakāmadhenu RKDh, 1, 1: 1 135;tatra ruddhvā mṛdā samyagvadane ghaṭayoratha |adhastād rasakumbhasya jvālayettīvrapāvakam ||;GOOD;;Rasendracūḍāmaṇi RCūM, 5: 3 25;tatra ruddhvā mṛdā samyagvadane ghaṭayoratha |adhastādrasakumbhasya jvālayettīvrapāvakam ||;GOOD;;Ānandakanda ĀK, 1, 26: 25 25;tatra ruddhvā mṛdā samyagvadane ghaṭayoradhaḥ |adhastādrasakumbhasya jvālayettīvrapāvakam ||;!;;
RRS, 9: 9;49 1;itarasminghaṭe toyaṁ prakṣipetsvādu śītalam |;
RRS, 9: 9;49 2;tiryakpātanam etaddhi vārttikair abhidhīyate ||;Ānandakanda ĀK, 1, 26: 25 26;itarasmin ghaṭe toyaṁ prakṣipetsvāduśītalam |tiryakpātanametaddhi vārtikairabhidhīyate ||;GOOD;;Rasakāmadhenu RKDh, 1, 1: 1 136;itarasmin ghaṭe toyaṁ prakṣipet svāduśītalam |tiryakpātanametaddhi vārtikair abhidhīyate ||;GOOD;;
RRS, 9: 9;50 1;caṣakaṁ vartulaṁ lauhaṁ vinatāgrordhvadaṇḍakam |;
RRS, 9: 9;50 2;etaddhi pālikāyantraṁ balijāraṇahetave ||;Rasakāmadhenu RKDh, 1, 1: 1 102;caṣakaṁ vartulaṁ lauhaṁ vinatāgrordhvadaṇḍakam |etaddhi pālikāyantraṁ balijāraṇahetave ||;GOOD;;
RRS, 9: 9;51 1;catuṣprasthajalādhāraś caturaṅgulikānanaḥ |;
RRS, 9: 9;51 2;ghaṭayantram idaṁ proktaṁ tadāpyāyanakaṁ smṛtam ||;
RRS, 9: 9;52 1;vidhāya vartulaṁ gartaṁ mallamatra nidhāya ca |;
RRS, 9: 9;52 2;vinidhāyeṣṭakāṁ tatra madhyagartavatīṁ śubhām ||;
RRS, 9: 9;53 1;gartasya paritaḥ kuryātpālikām aṅgulocchrayām |;
RRS, 9: 9;53 2;garte sūtaṁ vinikṣipya gartāsye vasanaṁ kṣipet ||;Rasakāmadhenu RKDh, 1, 1: 1 95;gartasya paritaḥ kuryāt pālikām aṅgulocchritām |garbhe sūtaṁ vinikṣipya gartāsye vasanaṁ kṣipet ||;!;;
RRS, 9: 9;54 1;nikṣipedgandhakaṁ tatra mallenāsyaṁ nirudhya ca |;
RRS, 9: 9;54 2;mallapālikayormadhye mṛdā samyaṅ nirudhya ca ||;Rasakāmadhenu RKDh, 1, 1: 1 96;nikṣipedgandhakaṁ tatra mallenāsyaṁ nirudhya ca |mallapālikayormadhye mṛdā samyaṅnirudhya ca ||;GOOD;;
RRS, 9: 9;55 1;vanopalaiḥ puṭaṁ deyaṁ kapotākhyaṁ na cādhikam |;
RRS, 9: 9;55 2;iṣṭikāyantram etat syād gandhakaṁ tena jārayet ||;Rasakāmadhenu RKDh, 1, 1: 1 97;vanopalaiḥ puṭaṁ deyaṁ kapotākhyaṁ na cādhikam |iṣṭikāyantrametaddhi gandhakaṁ tena jārayet ||;!;;
RRS, 9: 9;56 1;sthālikopari vinyasya sthālīṁ samyaṅ nirudhya ca |;
RRS, 9: 9;56 2;ūrdhvasthālyāṁ jalaṁ kṣiptvā vahniṁ prajvālayed adhaḥ |;
RRS, 9: 9;56 3;etad vidyādharaṁ yantraṁ hiṅgulākṛṣṭihetave ||;
RRS, 9: 9;57 1;yantrasthālyupari sthālīṁ nyubjāṁ dattvā nirundhayet |;
RRS, 9: 9;57 2;yantraṁ ḍamarukākhyaṁ tadrasabhasmakṛte hitam ||;
RRS, 9: 9;58 1;mallamadhye caredgartaṁ tatra sūtaṁ sagandhakam |;
RRS, 9: 9;58 2;gartasya paritaḥ kuḍyaṁ prakuryādaṅgulocchritam ||;Ānandakanda ĀK, 1, 26: 25 54;mallamadhye caredgartaṁ tatra sūtaṁ sagandhakam |gartasya paritaḥ kuḍyaṁ prakuryāttryaṅgulocchritam ||;GOOD;;
RRS, 9: 9;59 1;tataś cācchādayet samyag gostanākāramūṣayā |;
RRS, 9: 9;59 2;samyak toyamṛdā ruddhvā samyagatrocyamānayā ||;Ānandakanda ĀK, 1, 26: 25 55;tataścācchādayetsamyaggostanākāramūṣayā |samyaktoyamṛdā ruddhvā samyagatrocyamānayā ||;GOOD;;
RRS, 9: 9;60 1;lehavatkṛtababbūlakvāthena parimarditam |;
RRS, 9: 9;60 2;jīrṇakiṭṭarajaḥ sūkṣmaṁ guḍacūrṇasamanvitam |;
RRS, 9: 9;60 3;iyaṁ hi jalamṛt proktā durbhedyā salilaiḥ khalu ||;Rasakāmadhenu RKDh, 1, 1: 1 142;lehavatkṛtababbūlakvāthena paribhāvitam |jīrṇakiṭṭarajaḥ sūkṣmaṁ guḍacūrṇasamanvitam |iyaṁ hi jalamṛtproktā durbhedyā salilaiḥ khalu ||;!;;
RRS, 9: 9;61 1;khaṭikāpaṭukiṭṭaiśca mahiṣīdugdhamarditaiḥ |;
RRS, 9: 9;61 2;vahnimṛtsnā bhaved ghoravahnitāpasahā khalu ||;Rasendracūḍāmaṇi RCūM, 5: 3 59;khaṭikāpaṭukiṭṭaiśca mahiṣīdugdhamarditaiḥ |vahnimṛtsnā bhavedghoravahnitāpasahā khalu ||;GOOD;;
RRS, 9: 9;62 1;etayā mṛtsnayā ruddho na gantuṁ kṣamate rasaḥ |;
RRS, 9: 9;62 2;vidagdhavanitāprauḍhapremṇā ruddhaḥ pumāniva ||;Rasendracūḍāmaṇi RCūM, 5: 3 60;etayā mṛtsnayā ruddho na gantuṁ kṣamate rasaḥ |vidagdhavanitāprauḍhapremṇā baddhaḥ pumāniva ||;GOOD;;
RRS, 9: 9;63 1;nandī nāgārjunaścaiva brahmajyotir munīśvaraḥ |;
RRS, 9: 9;63 2;vetti śrīsomadevaśca nāparaḥ pṛthivītale ||;Rasendracūḍāmaṇi RCūM, 5: 3 61;nandī nāgārjunaścaiva brahmajyotirmunīśvaraḥ |vetti śrīsomadevaśca nāparaḥ pṛthivītale ||;GOOD;;
RRS, 9: 9;64 1;tato jalaṁ vinikṣipya vahniṁ prajvālayedadhaḥ |;
RRS, 9: 9;64 2;nābhiyantramidaṁ proktaṁ nandinā sarvavedinā |;
RRS, 9: 9;64 3;anena jīryate sūto nirdhūmaḥ śuddhagandhakaḥ ||;
RRS, 9: 9;65 1;mūṣāṁ mūṣodarāviṣṭām ādyantaḥsamavartulām |;
RRS, 9: 9;65 2;cipiṭāṁ ca tale proktaṁ grastayantraṁ manīṣibhiḥ |;
RRS, 9: 9;65 3;sūtendrarandhanārthaṁ hi rasavidbhir udīritam ||;
RRS, 9: 9;66 1;sthālyāṁ tāmrādi nikṣipya mallenāsyaṁ nirudhya ca |;
RRS, 9: 9;66 2;pacyate sthālikādhastāt sthālīyantram idaṁ smṛtam ||;
RRS, 9: 9;67 1;vidhāyāṣṭāṅgulaṁ pātraṁ lauhamaṣṭāṅgulocchrayam |;
RRS, 9: 9;67 2;kaṇṭhādho hy aṅgule deśe galādhāre hi tatra ca ||;Rasendracūḍāmaṇi RCūM, 5: 3 79;vidhāyāṣṭāṅgulaṁ pātraṁ lauhamaṣṭāṅgulocchrayam |kaṇṭhādho dvyaṅgule deśe jalādhāraṁ hi tatra ca ||;!;;
RRS, 9: 9;68 1;tiryaglohaśalākāśca tanvīstiryag vinikṣipet |;
RRS, 9: 9;68 2;tanūni svarṇapattrāṇi tāsāmupari vinyaset ||;Rasakāmadhenu RKDh, 1, 1: 1 120;tiryaglohaṁ śalākāśca tanvīstiryag vinikṣipet |tanūni svarṇapatrāṇi tāsāmupari vinyaset ||;GOOD;;Rasendracūḍāmaṇi RCūM, 5: 3 80;tiryaglohaśalākāśca tanvīstiryag vinikṣipet |tanūni svarṇapattrāṇi tāsāmupari vinyaset ||;GOOD;;
RRS, 9: 9;69 1;pattrādho nikṣiped dhūmaṁ vakṣyamāṇam ihaiva hi |;
RRS, 9: 9;69 2;tatpātraṁ nyubjapātreṇa chādayedapareṇa hi ||;Rasakāmadhenu RKDh, 1, 1: 1 121;patrādho nikṣiped dhūmaṁ vakṣyamāṇamihaiva hi |tatpātraṁ nyubjapātreṇa chādayedapareṇa hi ||;GOOD;;Rasendracūḍāmaṇi RCūM, 5: 3 81;pātrādho nikṣiped dhūmaṁ vakṣyamāṇamihaiva hi |tatpātraṁ nyubjapātreṇa chādayedapareṇa hi ||;GOOD;;
RRS, 9: 9;70 1;mṛdā vilipya saṁdhiṁ ca vahniṁ prajvālayed adhaḥ |;
RRS, 9: 9;70 2;tena pattrāṇi kṛtsnāni hatāny uktavidhānataḥ ||;Rasakāmadhenu RKDh, 1, 1: 1 122;mṛdā vilipya sandhiṁ ca vahniṁ prajvālayedadhaḥ |tena patrāṇi kṛtsnāni hatānyuktavidhānataḥ ||;GOOD;;Rasendracūḍāmaṇi RCūM, 5: 3 82;mṛdā vilipya saṁdhiṁ ca vahniṁ prajvālayedadhaḥ |tena kṛṣṇāni pattrāṇi hatānyuktavidhānataḥ ||;!;;
RRS, 9: 9;71 1;rasaścarati vegena drutaṁ garbhe dravanti ca |;
RRS, 9: 9;71 2;gandhālakaśilānāṁ hi kajjalyā vā mṛtāhinā ||;Rasakāmadhenu RKDh, 1, 1: 1 123;rasaścarati vegena drutaṁ garbhe dravanti ca |gandhālakaśilānāṁ hi kajjalyā vā mṛtāhijā ||;GOOD;;
RRS, 9: 9;72 1;dhūpanaṁ svarṇapattrāṇāṁ prathamaṁ parikīrtitam |;
RRS, 9: 9;72 2;tārārthaṁ tārapattrāṇi mṛtavaṅgena dhūpayet ||;Rasakāmadhenu RKDh, 1, 1: 1 124;dhūpanaṁ svarṇapatrāṇāṁ prathamaṁ parikīrtitam |tārārthaṁ tārapatrāṇi mṛtavaṁgena dhūpayet ||;!;;Rasendracūḍāmaṇi RCūM, 5: 3 84;dhūpanaṁ svarṇapattrāṇāṁ paramaṁ parikīrtitam |tārārthaṁ tārapattrāṇi mṛtavaṅgena dhūpayet ||;!;;
RRS, 9: 9;73 1;dhūpayecca yathāyogyairanyairuparasairapi |;
RRS, 9: 9;73 2;dhūpayantramidaṁ proktaṁ jāraṇādravyasādhane ||;
RRS, 9: 9;74 1;sthūlasthālyāṁ jalaṁ kṣiptvā vāso baddhvā mukhe dṛḍham tatra svedyaṁ vinikṣipya tanmukhaṁ prapidhāya ca ||;Rasakāmadhenu RKDh, 1, 1: 1 126;sthūlasthālyāṁ jalaṁ kṣiptvā vāso baddhvā mukhe dṛḍham tatra svedyaṁ vinikṣipya tanmukhaṁ prapidhāya ca ||;GOOD;;
RRS, 9: 9;75 1;adhastājjvālayedagniṁ yantraṁ tatkandukābhidham |;
RRS, 9: 9;75 2;svedanīyantramityanye prāhuścedaṁ manīṣiṇaḥ ||;Rasakāmadhenu RKDh, 1, 1: 1 127;adhastājjvālayed agniṁ yantraṁ tat kandukābhidham |svedanīyantramityanye prāhuścedaṁ manīṣiṇaḥ ||;GOOD;;
RRS, 9: 9;76 1;yadvā sthālyāṁ jalaṁ kṣiptvā tṛṇaṁ kṣiptvā mukhopari |;
RRS, 9: 9;76 2;svedyadravyaṁ parikṣipya pidhānaṁ pravidhāya ca |;
RRS, 9: 9;76 3;adhastājjvālayedagniṁ yantraṁ tat kandukaṁ smṛtam ||;
RRS, 9: 9;77 1;khallayogyā śilā nīlā śyāmā snigdhā dṛḍhā guruḥ |;
RRS, 9: 9;77 2;ṣoḍaśāṅgulakotsedhā navāṅgulakavistarā ||;
RRS, 9: 9;78 1;caturviṁśāṅgulā dīrghā gharṣaṇī dvādaśāṅgulā |;
RRS, 9: 9;78 2;viṁśatyaṅguladīrghā vā syādutsedhe daśāṅgulā |;
RRS, 9: 9;78 3;khallapramāṇaṁ tajjñeyaṁ śreṣṭhaṁ syādrasakarmaṇi ||;
RRS, 9: 9;79 1;khallayantraṁ tridhā proktaṁ rasādisukhamardane ||;
RRS, 9: 9;80 1;nirudgārau sumasṛṇau kāryau putrikayā yutau ||;
RRS, 9: 9;81 1;utsedhe sa daśāṅgulaḥ khalu kalātulyāṅgulāyāmavān pālyāṁ dvyaṅgulivistaraśca masṛṇo .tīvārdhacandropamo |;
RRS, 9: 9;82 1;asminpañcapalaḥ sūto mardanīyo viśuddhaye |;
RRS, 9: 9;82 2;tattadaucityayogena khalleṣvanyeṣu yojayet ||;Rasakāmadhenu RKDh, 1, 1: 1 10;asmin pañcapalaḥ sūto mardanīyo viśuddhaye |tattadaucityayogena khalveṣvanyeṣu yojayet ||;!;;
RRS, 9: 9;83 1;dvādaśāṅgulavistāraḥ khallo .timasṛṇopalaḥ |;
RRS, 9: 9;83 2;caturaṅgulanimnaśca madhye .timasṛṇīkṛtaḥ ||;
RRS, 9: 9;84 1;mardakaś cipiṭo .dhastāt sugrāhaśca śikhopari |;
RRS, 9: 9;84 2;ayaṁ tu vartulaḥ khallo mardane.tisukhapradaḥ ||;
RRS, 9: 9;85 1;lauho navāṅgulaḥ khallo nimnatve ca ṣaḍaṅgulaḥ |;
RRS, 9: 9;85 2;mardako .ṣṭāṅgulaścaiva taptakhallābhidho .pyayam ||;
RRS, 9: 9;86 1;kṛtvā khallākṛtiṁ cullīm aṅgāraiḥ paripūritām |;
RRS, 9: 9;86 2;tasyāṁ niveśya taṁ khallaṁ pārśve bhastrikayā dhamet ||;
RRS, 9: 9;87 1;tadantarmarditā piṣṭiḥ kṣārairamlaiśca saṁyutā |;
RRS, 9: 9;87 2;pradravatyativegena sveditā nātra saṁśayaḥ |;
RRS, 9: 9;87 3;kṛtaḥ kāntāyasā so .yaṁ bhavet koṭiguṇo rasaḥ ||;
RRS, 10: 10;1 1;mūṣā hi krauñcikā proktā kumudī karahāṭikā |;
RRS, 10: 10;1 2;pācanī vahnimitrā ca rasavādibhirīryate ||;
RRS, 10: 10;2 1;muṣṇāti doṣān mūṣā yā sā mūṣeti nigadyate ||;
RRS, 10: 10;3 1;upādānaṁ bhavettasyā mṛttikā lohameva ca ||;
RRS, 10: 10;4 1;mūṣāmukhaviniṣkrāntā varamekāpi kākiṇī |;
RRS, 10: 10;4 2;durjanapraṇipātena dhiglakṣam api māninām ||;Rasendracūḍāmaṇi RCūM, 5: 3 98;mūṣāmukhaviniṣkrāntā varamekāpi kākiṇī |durjanapraṇipātena dhig lakṣamapi māninām ||;GOOD;;
Rasendracūḍāmaṇi RCūM, 5: 3 99;mūṣāpidhānayor bandhe bandhanaṁ saṁdhilepanam |andhraṇaṁ randhraṇaṁ caiva saṁśliṣṭaṁ ;GOOD;;
RRS, 10: 10;6 1;mṛttikā pāṇḍurasthūlā śarkarā śoṇapāṇḍurā |;
RRS, 10: 10;6 2;cirādhmānasahā sā hi mūṣārtham atiśasyate |;
RRS, 10: 10;6 3;tadabhāve ca vālmīkī kaulālī vā samīryate ||;
RRS, 10: 10;7 1;yā mṛttikā dugdhatuṣaiḥ śaṇena śikhitrakair vā lauhena daṇḍena ca kuṭṭitā sā sādhāraṇā syāt khalu |;Rasendracūḍāmaṇi RCūM, 5: 3 101;yā mṛttikā dagdhatuṣaiḥ śaṇena śikhitrakairvā hayaladdinā lauhena daṇḍena ca kuṭṭitā sā sādhāraṇā syātkhalu ;!;;
RRS, 10: 10;8 1;śvetāśmānas tuṣā dagdhāḥ śikhitrāḥ śaṇakharpare |;
RRS, 10: 10;8 2;laddiḥ kiṭṭaṁ kṛṣṇamṛtsnā saṁyojyā mūṣikāmṛdi ||;
RRS, 10: 10;9 1;mṛdastribhāgāḥ śaṇaladdibhāgau bhāgaśca kiṭṭārdhabhāgaṁ parikhaṇḍya vajramūṣāṁ vidadhyātkhalu |;Rasendracūḍāmaṇi RCūM, 5: 3 103;mṛdastribhāgaṁ śaṇaladdibhāgau bhāgaśca kiṭṭārdhabhāgaṁ parikhaṇḍya vajramūṣāṁ vidadhyātkhalu ;GOOD;;Ānandakanda ĀK, 1, 26: 25 156;mṛdastribhāgaṁ śaṇaladdibhāgau nāgaśca kiṭṭārdhabhāgaṁ parikhaṇḍya vajramūṣāṁ vidadhyātkhalu ;!;;
RRS, 10: 10;10 1;dagdhāṅgāratuṣopetā mṛtsnā valmīkamṛttikā |;
RRS, 10: 10;10 2;tattadviḍasamāyuktā tattadviḍavilepitā ||;Ānandakanda ĀK, 1, 26: 25 157;dagdhāṅgāratuṣopetamṛtsnā valmīkasambhavā |tattadbiḍasamāyuktā tattadbiḍavilepitā ||;!;;Rasendracūḍāmaṇi RCūM, 5: 3 104;dagdhāṅgāratuṣopetā mṛtsnā valmīkasambhavā |tattadviḍasamāyuktā tattadviḍavilepitā ||;!;;
RRS, 10: 10;11 1;tayā yā vihitā mūṣā yogamūṣeti kathyate |;
RRS, 10: 10;11 2;anayā sādhitaḥ sūto jāyate guṇavattaraḥ ||;Ānandakanda ĀK, 1, 26: 25 158;tayā yā vihitā mūṣā yogamūṣeti kathyate |anayā sādhitaḥ sūto jāyate guṇavattaraḥ ||;GOOD;;Rasendracūḍāmaṇi RCūM, 5: 3 105;tayā yā vihitā mūṣā yogamūṣeti kathyate |anayā sādhitaḥ sūto jāyate guṇavattaraḥ ||;GOOD;;
RRS, 10: 10;12 1;gārabhūnāgadhautābhyāṁ śaṇairdagdhatuṣairapi |;
RRS, 10: 10;12 2;samaiḥ samā ca mūṣāmṛnmahiṣīdugdhamarditā ||;Rasendracūḍāmaṇi RCūM, 5: 3 106;gārabhūnāgadhautābhyāṁ śaṇairdagdhatuṣairapi |samaiḥ samā ca mūṣā mṛnmahiṣīdugdhamarditā ||;GOOD;;Ānandakanda ĀK, 1, 26: 25 159;gārabhūnāgadhautābhyāṁ śaṇairdagdhatuṣairapi |samaiḥ samā ca mūṣāmṛnmahiṣīdugdhasaṁyutā ||;!;;
RRS, 10: 10;13 1;krauñcikā yantramātraṁ hi bahudhā parikīrtitā |;
RRS, 10: 10;13 2;tayā viracitā mūṣā vajradrāvaṇikocitā ||;
RRS, 10: 10;14 1;dugdhaṣaḍguṇagārāṣṭakiṭṭāṅgāraśaṇānvitā |;
RRS, 10: 10;14 2;kṛṣṇamṛdbhiḥ kṛtā mūṣā gāramūṣetyudāhṛtā |;
RRS, 10: 10;14 3;yāmayugmaparidhmānān nāsau dravati vahninā ||;
RRS, 10: 10;15 1;vajrāṅgāratuṣāstulyās taccaturguṇamṛttikā |;
RRS, 10: 10;15 2;gārā ca mṛttikātulyā sarvair etair vinirmitā |;
RRS, 10: 10;15 3;varamūṣeti nirdiṣṭā yāmamagniṁ saheta sā ||;
RRS, 10: 10;16 1;pāṣāṇarahitā raktā raktavargānusādhitā |;
RRS, 10: 10;16 2;mṛttayā sādhitā mūṣā kṣitikhecaralepitā |;
RRS, 10: 10;16 3;varṇamūṣeti sā proktā varṇotkarṣe niyujyate ||;
RRS, 10: 10;17 1;pāṣāṇarahitā śvetā śvetavargānusādhitā |;
RRS, 10: 10;17 2;mṛt tayā sādhitā mūṣā kṣitikhecaralepitā |;
RRS, 10: 10;17 3;raupyamūṣeti sā proktā varṇotkarṣe niyujyate ||;
RRS, 10: 10;18 1;tattadbhedamṛdodbhūtā tattadviḍavilepitā |;
RRS, 10: 10;18 2;dehalohārthayogārthaṁ viḍamūṣetyudāhṛtā ||;
RRS, 10: 10;19 1;gārabhūnāgadhautābhyāṁ tuṣamṛṣṭaśaṇena ca |;
RRS, 10: 10;19 2;samaiḥ samā ca mūṣāmṛnmahiṣīdugdhamarditā ||;Rasaratnasamuccaya RRS, 10: 10 12;gārabhūnāgadhautābhyāṁ śaṇairdagdhatuṣairapi |samaiḥ samā ca mūṣāmṛnmahiṣīdugdhamarditā ||;!;;Rasendracūḍāmaṇi RCūM, 5: 3 106;gārabhūnāgadhautābhyāṁ śaṇairdagdhatuṣairapi |samaiḥ samā ca mūṣā mṛnmahiṣīdugdhamarditā ||;!;;Rasendracūḍāmaṇi RCūM, 5: 3 114;gārabhūnāgadhautābhyāṁ tuṣamaṣyā śaṇena ca |samaiḥ samā ca mūṣā mṛnmahiṣīdugdhamarditā ||;!;;
RRS, 10: 10;20 1;krauñcikā yantramātre hi bahudhā parikīrtitā |;
RRS, 10: 10;20 2;tayā viracitā mūṣā liptā matkuṇaśoṇitaiḥ ||;
RRS, 10: 10;21 1;bālābdadhvanimūlaiśca vajradrāvaṇakrauñcikā |;
RRS, 10: 10;21 2;sahate.gniṁ caturyāmaṁ draveṇa vyādhitā satī ||;
RRS, 10: 10;22 1;drave dravībhāvamukhe mūṣāyā dhmānayogataḥ |;
RRS, 10: 10;22 2;kṣaṇamuddharaṇaṁ yattanmūṣāpyāyanam ucyate ||;
RRS, 10: 10;23 1;vṛntākākāramūṣāyāṁ nālaṁ dvādaśakāṅgulam |;
RRS, 10: 10;23 2;dhattūrapuṣpavac cordhvaṁ sudṛḍhaṁ śliṣṭapuṣpavat ||;Ānandakanda ĀK, 1, 26: 25 169;vṛntākākāramūṣāyāṁ nālaṁ dvādaśakāṅgulam |dhuttūrapuṣpavaccordhvaṁ sudṛḍhaṁ śliṣṭasandhikam ||;!;;
RRS, 10: 10;24 1;aṣṭāṅgulaṁ ca sacchidraṁ sā syād vṛntākamūṣikā |;
RRS, 10: 10;24 2;anayā kharparādīnāṁ mṛdūnāṁ sattvamāharet ||;Ānandakanda ĀK, 1, 26: 25 170;aṣṭāṅgulaṁ ca sacchidraṁ sā syād vṛntākamūṣikā |anayā kharparādīnāṁ mṛdūnāṁ sattvamāharet ||;GOOD;;Rasendracūḍāmaṇi RCūM, 5: 3 119;aṣṭāṅgulaṁ ca sacchidraṁ sā syādvṛntākamūṣikā |anayā kharparādīnāṁ mṛdūnāṁ sattvamāharet ||;GOOD;;
RRS, 10: 10;25 1;mūṣā yā gostanākārā śikhāyuktapidhānakā |;
RRS, 10: 10;25 2;sattvānāṁ drāvaṇe śuddhau mūṣā sā gostanī bhavet ||;Ānandakanda ĀK, 1, 26: 25 171;mūṣā yā gostanākārā śikhāyuktapidhānakā |sattvānāṁ drāvaṇe śuddhau mūṣā sā gostanī bhavet ||;GOOD;;Rasendracūḍāmaṇi RCūM, 5: 3 120;mūṣā yā gostanākārā śikhāyuktapidhānakā |sattvānāṁ drāvaṇe śuddhau sā mūṣā gostanī bhavet ||;GOOD;;
RRS, 10: 10;26 1;nirdiṣṭā mallamūṣā yā malladvitayasampuṭāt |;
RRS, 10: 10;26 2;parpaṭyādirasādīnāṁ svedanāya prakīrtitā ||;Ānandakanda ĀK, 1, 26: 25 172;nirdiṣṭā mallamūṣā yā malladvitayasampuṭāt |parpaṭyādirasādīnāṁ svedanāya prakīrtitā ||;GOOD;;Rasendracūḍāmaṇi RCūM, 5: 3 121;nirdiṣṭā mallamūṣā yā malladvitayasampuṭāt |parpaṭyādirasādīnāṁ svedanāya prakīrtitā ||;GOOD;;Rasaprakāśasudhākara RPSudh, 10: 10 24;nirdiṣṭā mallamūṣā yā malladvitayasaṁpuṭāt |rasaparpaṭikādīnāṁ svedanāya prakīrtitā ||;!;;
RRS, 10: 10;27 1;kulālabhāṇḍarūpā yā dṛḍhā ca paripācitā |;
RRS, 10: 10;27 2;pakvamūṣeti sā proktā poṭṭalyādivipācane ||;Ānandakanda ĀK, 1, 26: 25 173;kulālabhāṇḍarūpā yā dṛḍhā ca paripācitā |pakvamūṣeti sā proktā poṭṭalyādivipācane ||;GOOD;;Rasendracūḍāmaṇi RCūM, 5: 3 122;kulālabhāṇḍarūpā yā dṛḍhā ca paripācitā |pakvamūṣeti sā proktā poṭalyādivipācane ||;GOOD;;
RRS, 10: 10;28 1;nirvaktragolakākārā puṭanadravyagarbhiṇī |;
RRS, 10: 10;28 2;golamūṣeti sā proktā satvaradravarodhinī ||;Rasendracūḍāmaṇi RCūM, 5: 3 123;nirvaktragolakākārā puṭanadravyagarbhiṇī |golamūṣeti sā proktā satvaraṁ dravyarodhinī ||;!;;
RRS, 10: 10;29 1;tale yā kūrparākārā kramādupari vistṛtā |;
RRS, 10: 10;29 2;sthūlavṛntākavat sthūlā mahāmūṣetyasau smṛtā |;
RRS, 10: 10;29 3;sā cāyo.bhrakasattvādeḥ puṭāya drāvaṇāya ca ||;Rasendracūḍāmaṇi RCūM, 5: 3 124;tale yā kūrparākārā kramād upari vistṛtā |sthūlavṛntākavatsthūlā mahāmūṣetyasau matā |sā cāyo.bhrakasattvādeḥ puṭāya drāvaṇāya ca ||;!;;
RRS, 10: 10;30 1;maṇḍūkākāramūṣā yā nimnatāyāmavistarā |;
RRS, 10: 10;30 2;ṣaḍaṅgulapramāṇena mūṣā maṇḍūkasaṁjñikā |;
RRS, 10: 10;30 3;bhūmau nikhanya tāṁ mūṣāṁ dadyātpuṭamathopari ||;
RRS, 10: 10;31 1;mūṣā yā cipiṭā mūle vartulāṣṭāṅgulocchrayā |;
RRS, 10: 10;31 2;mūṣā sā mūsalākhyā syāccakribaddharase hitā ||;Rasaprakāśasudhākara RPSudh, 10: 10 29;mūṣā yā cipiṭā mūle vartulāṣṭāṁgulocchrayā |mūṣā sā musalākhyā syāccakrībaddharase hitā ||;GOOD;;Rasendracūḍāmaṇi RCūM, 5: 3 126;mūṣā yā cipiṭā mūle vartulāṣṭāṅgulocchrayā |mūṣā sā muśalākhyā syāccakrībaddharase hitā ||;GOOD;;
RRS, 10: 10;32 1;sattvānāṁ pātanārthāya pātitānāṁ viśuddhaye |;
RRS, 10: 10;32 2;koṣṭhikā vividhākārāstāsāṁ lakṣaṇam ucyate ||;Rasendracūḍāmaṇi RCūM, 5: 3 127;sattvānāṁ pātanārthāya pātitānāṁ viśuddhaye |koṣṭhikā vividhākārāstāsāṁ lakṣaṇamucyate ||;GOOD;;
RRS, 10: 10;33 1;rājahastasamutsedhā tadardhāyāmavistarā |;
RRS, 10: 10;33 2;caturasrā ca kuḍyena veṣṭitā mṛnmayena ca ||;
RRS, 10: 10;34 1;ekabhittau careddvāraṁ vitastyābhogasaṁyutam |;
RRS, 10: 10;34 2;dvāraṁ sārdhavitastyā ca saṁmitaṁ sudṛḍhaṁ śubham ||;Rasendracūḍāmaṇi RCūM, 5: 3 129;ekabhittau caredgartaṁ vitastyābhogasaṁmitam |dvāraṁ sārdhavitastyā ca saṁmitaṁ sudṛḍhaṁ śubham ||;!;;
RRS, 10: 10;35 1;dehalyadho vidhātavyaṁ dhamanāya yathocitam |;
RRS, 10: 10;35 2;prādeśapramitā bhittir uttaraṅgasya cordhvataḥ ||;Rasendracūḍāmaṇi RCūM, 5: 3 130;dehalyadho vidhātavyaṁ dhamanāya yathocitam |prādeśapramitā bhittiruttaraṅgasya cordhvataḥ ||;GOOD;;
RRS, 10: 10;36 1;dvāraṁ copari kartavyaṁ prādeśapramitaṁ khalu |;
RRS, 10: 10;36 2;tataśceṣṭikayā ruddhvā dvārasaṁdhiṁ vilipya ca ||;Rasendracūḍāmaṇi RCūM, 5: 3 131;dvāraṁ copari kartavyaṁ prādeśapramitaṁ khalu |tataśceṣṭikayā ruddhvā dvārasaṁdhiṁ vilipya ca ||;GOOD;;
RRS, 10: 10;37 1;śikhitraistāṁ samāpūrya dhamedbhastrādvayena ca |;
RRS, 10: 10;37 2;śikhitrān dhamanadravyam ūrdhvadvāreṇa nikṣipet ||;Rasendracūḍāmaṇi RCūM, 5: 3 132;śikhitraistāṁ samāpūrya dhamedbhastrādvayena tu |śikhitrān dhamanadravyam ūrdhvadvāreṇa nikṣipet ||;!;;
RRS, 10: 10;38 1;sattvapātanagolāṁśca pañca pañca punaḥ punaḥ |;
RRS, 10: 10;38 2;bhaved aṅgārakoṣṭhīyaṁ kharāṇāṁ sattvapātinī ||;Rasendracūḍāmaṇi RCūM, 5: 3 133;sattvapātanagolāṁśca pañca pañca punaḥ punaḥ |bhavedaṅgārakoṣṭhīyaṁ kharāṇāṁ sattvapātinī ||;GOOD;;
RRS, 10: 10;39 1;dṛḍhabhūmau caredgartaṁ vitastyā saṁmitaṁ śubham |;
RRS, 10: 10;39 2;vartulaṁ cātha tanmadhye gartamanyaṁ prakalpayet ||;Rasendracūḍāmaṇi RCūM, 5: 3 134;dṛḍhabhūmau caredgartaṁ vitastyā saṁmitaṁ śubham |vartulaṁ cātha tanmadhye gartamanyaṁ prakalpayet ||;!;;
RRS, 10: 10;40 1;caturaṅgulavistāranimnatvena samanvitam |;
RRS, 10: 10;40 2;gartāddharaṇiparyantaṁ tiryaṅnālasamanvitam ||;Rasendracūḍāmaṇi RCūM, 5: 3 135;caturaṅgulavistāranimnatvena samanvitam |gartāddharaṇiparyantaṁ tiryaṅnālasamanvitam ||;GOOD;;
RRS, 10: 10;41 1;kiṁcit samunnataṁ bāhyagartābhimukhanimnagam |;
RRS, 10: 10;41 2;mṛccakrīṁ pañcarandhrāḍhyāṁ garbhagartodare kṣipet ||;
RRS, 10: 10;42 1;āpūrya kokilaiḥ koṣṭhīṁ pradhamed ekabhastrayā |;
RRS, 10: 10;42 2;pātālakoṣṭhikā hy eṣā mṛdūnāṁ sattvapātinī |;
RRS, 10: 10;42 3;dhmānasādhyapadārthānāṁ nandinā parikīrtitā ||;
RRS, 10: 10;43 1;dvādaśāṅgulanimnā yā prādeśapramitā tathā |;
RRS, 10: 10;43 2;caturaṅgulataścordhvaṁ valayena samanvitā ||;Ānandakanda ĀK, 1, 26: 25 213;dvādaśāṅgulanimnā yā prādeśapramitā tathā |caturaṅgulataścordhvaṁ valayena samanvitā ||;GOOD;;
RRS, 10: 10;44 1;bhūricchidravatīṁ cakrīṁ valayopari nikṣipet |;
RRS, 10: 10;44 2;śikhitrāṁstatra nikṣipya pradhamed vaṅkanālataḥ |;
RRS, 10: 10;44 3;gārakoṣṭhīyam ākhyātā mṛṣṭalohavināśinī ||;
RRS, 10: 10;45 1;mūṣāmṛdbhir vidhātavyam aratnipramitaṁ dṛḍham |;
RRS, 10: 10;45 2;adhomukhaṁ ca tadvaktre nālaṁ pañcāṅgulaṁ khalu |;
RRS, 10: 10;45 3;vaṅkanālam idaṁ proktaṁ dṛḍhadhmānāya kīrtitam ||;
RRS, 10: 10;46 1;koṣṭhī siddharasādīnāṁ vidhānāya vidhīyate |;
RRS, 10: 10;46 2;dvādaśāṅgulakotsedhā sā budhne caturaṅgulā |;
RRS, 10: 10;46 3;tiryakpradhamanāsyā ca mṛdudravyaviśodhinī ||;
RRS, 10: 10;47 1;rasādidravyapākānāṁ pramāṇajñāpanaṁ puṭam |;
RRS, 10: 10;47 2;neṣṭo nyūnādhikaḥ pākaḥ supākaṁ hitam auṣadham ||;Rasendracūḍāmaṇi RCūM, 5: 3 144;rasādidravyapākānāṁ māraṇajñāpanaṁ puṭam |neṣṭo nyūnādhikaḥ pākaḥ supākaṁ hitamauṣadham ||;!;;
RRS, 10: 10;48 1;lohāderapunarbhāvo guṇādhikyaṁ tato .gratā |;
RRS, 10: 10;48 2;anapsu majjanaṁ rekhāpūrṇatā puṭato bhavet ||;
RRS, 10: 10;49 1;puṭād grāvṇo laghutvaṁ ca śīghravyāptiśca dīpanam |;
RRS, 10: 10;49 2;jāritādapi sūtendrāllohānām adhiko guṇaḥ ||;Rasakāmadhenu RKDh, 1, 2: 2 28;puṭādguror laghutvaṁ syācchīghravyāptiśca dīpanam |jāritādapi sūtendrāllohānāmadhiko guṇaḥ ||;GOOD;;Rasendracūḍāmaṇi RCūM, 5: 3 146;puṭādrāgo laghutvaṁ ca śīghravyāptiśca dīpanam |jāritādapi sūtendrāllohānām adhiko guṇaḥ ||;GOOD;;
RRS, 10: 10;50 1;yathāśmani viśed vahnir bahiḥsthapuṭayogataḥ |;
RRS, 10: 10;50 2;cūrṇatvāddhi guṇāvāptistathā loheṣu niścitam ||;
RRS, 10: 10;51 1;nimnavistarataḥ kuṇḍe dvihaste caturasrake |;
RRS, 10: 10;51 2;vanotpalasahasreṇa pūrite puṭanauṣadham ||;Rasakāmadhenu RKDh, 1, 2: 2 33;nimne vistarataḥ kuṇḍe dvihaste caturasrake |vanopalasahasreṇa pūrite puṭanauṣadham ||;!;;
RRS, 10: 10;52 1;krauñcyāṁ ruddhaṁ prayatnena piṣṭikopari nikṣipet |;
RRS, 10: 10;52 2;vanotpalasahasrārdhaṁ krauñcikopari vinyaset |;
RRS, 10: 10;52 3;vahniṁ prajvālayettatra mahāpuṭamidaṁ smṛtam ||;
RRS, 10: 10;53 1;rājahastapramāṇena caturasraṁ ca nimnakam |;
RRS, 10: 10;53 2;pūrṇaṁ copalasāṭhībhiḥ kaṇṭhāvadhyatha vinyaset ||;
RRS, 10: 10;54 1;vinyasetkumudīṁ tatra puṭanadravyapūritām |;
RRS, 10: 10;54 2;pūrṇacchagaṇato .rdhāni giriṇḍāni vinikṣipet |;
RRS, 10: 10;54 3;etadgajapuṭaṁ proktaṁ mahāguṇavidhāyakam ||;
RRS, 10: 10;55 1;itthaṁ cāratnike kuṇḍe puṭaṁ vārāhamucyate ||;Rasendracūḍāmaṇi RCūM, 5: 3 153;itthaṁ cāratnike kuṇḍe puṭaṁ vārāhamucyate ||;GOOD;;
RRS, 10: 10;56 1;puṭaṁ bhūmitale tattadvitastidvitayocchrayam |;
RRS, 10: 10;56 2;tāvacca talavistīrṇaṁ tatsyātkukkuṭakaṁ puṭam ||;Ānandakanda ĀK, 1, 26: 25 229;puṭaṁ bhūmitale yattadvitastidvitayocchrayam |tāvacca talavistīrṇaṁ tatsyātkukkuṭakaṁ puṭam ||;GOOD;;Rasakāmadhenu RKDh, 1, 2: 2 30;puṭaṁ bhūmitale yaddhi vitastidvitayocchritam |tāvacca talavistīrṇaṁ tatsyāt kukkuṭakaṁ puṭam ||;!;;Rasendracūḍāmaṇi RCūM, 5: 3 154;puṭaṁ bhūmitale yattadvitastidvitayocchrayam |tāvacca talavistīrṇaṁ tatsyātkukkuṭakaṁ puṭam ||;!;;
RRS, 10: 10;57 1;yatpuṭaṁ dīyate bhūmāv aṣṭasaṁkhyair vanopalaiḥ |;
RRS, 10: 10;57 2;baddhvā sūtārkabhasmārthaṁ kapotapuṭamucyate ||;
RRS, 10: 10;58 1;goṣṭhāntargokṣurakṣuṇṇaṁ śuṣkaṁ cūrṇitagomayam |;
RRS, 10: 10;58 2;govaraṁ tatsamādiṣṭaṁ variṣṭhaṁ rasasādhane ||;Ānandakanda ĀK, 1, 26: 25 231;goṣṭhāntargokhurakṣuṇṇaṁ śuṣkaṁ cūrṇitagomayam |gorvaraṁ tatsamādiṣṭaṁ variṣṭhaṁ rasasādhane ||;!;;Rasendracūḍāmaṇi RCūM, 5: 3 156;goṣṭhāntargokhurakṣuṇṇaṁ śuṣkaṁ cūrṇitagomayam |govaraṁ tatsamādiṣṭaṁ variṣṭhaṁ rasasādhane ||;!;;
RRS, 10: 10;59 1;govarairvā tuṣairvāpi puṭaṁ yatra pradīyate |;
RRS, 10: 10;59 2;tadgovarapuṭaṁ proktaṁ rasabhasmaprasiddhaye ||;Ānandakanda ĀK, 1, 26: 25 232;gorvarairvā tuṣairvāpi puṭaṁ yatra pradīyate |tadgorvarapuṭaṁ proktaṁ rasabhasmaprasiddhaye ||;GOOD;;Rasakāmadhenu RKDh, 1, 2: 2 32;govarairvā tuṣairvāpi puṭaṁ yatra pradīyate |tadgovarapuṭaṁ proktaṁ rasabhasmaprasiddhaye ||;GOOD;;Rasendracūḍāmaṇi RCūM, 5: 3 157;govarairvā tuṣairvāpi puṭaṁ yatra pradīyate |tadgovarapuṭaṁ proktaṁ rasabhasmaprasiddhaye ||;GOOD;;
RRS, 10: 10;60 1;sthūlabhāṇḍe tuṣāpūrṇe madhye mūṣāsamanvite |;
RRS, 10: 10;60 2;vahninā vihite pāke tadbhāṇḍapuṭamucyate ||;Ānandakanda ĀK, 1, 26: 25 233;sthūlabhāṇḍe tuṣāpūrṇe madhye mūṣāsamanvite |vahninā vihite pāke tadbhāṇḍapuṭamucyate ||;!;;Rasendracūḍāmaṇi RCūM, 5: 3 158;sthūlabhāṇḍe tuṣāpūrṇe madhye mūṣāsamanvite |vahninā vihite pāke tadbhāṇḍapuṭamucyate ||;!;;
RRS, 10: 10;61 1;adhastādupariṣṭācca krauñcikācchādyate khalu |;
RRS, 10: 10;61 2;vālukābhiḥ prataptābhiryatra tadvālukāpuṭam ||;Rasendracūḍāmaṇi RCūM, 5: 3 159;adhastādupariṣṭācca krauñcikācchādyate khalu |vālukābhiḥ prataptābhiryatra tadvālukāpuṭam ||;GOOD;;
RRS, 10: 10;62 1;vahnimitrāḥ kṣitau samyaṅnikhanyād dvyaṅgulādadhaḥ |;
RRS, 10: 10;62 2;upariṣṭātpuṭaṁ yatra puṭaṁ tad bhūdharāhvayam ||;Rasendracūḍāmaṇi RCūM, 5: 3 160;vahnimitrāṁ kṣitau samyaṅ nikhanyād dvyaṅgulādadhaḥ |upariṣṭātpuṭaṁ yatra puṭaṁ tadbhūdharāhvayam ||;GOOD;;Rasakāmadhenu RKDh, 1, 2: 2 40;vahnimatra kṣitau samyaṅnikhanya dvyaṁgulādadhaḥ |upariṣṭātpuṭaṁ yatra puṭaṁ tadbhūdharāhvayam ||;!;;
RRS, 10: 10;63 1;ūrdhvaṁ ṣoḍaśikāmūtraistuṣairvā govaraiḥ puṭam |;
RRS, 10: 10;63 2;yatra tallāvakākhyaṁ syāt sumṛdudravyasādhane ||;Rasendracūḍāmaṇi RCūM, 5: 3 161;ūrdhvaṁ ṣoḍaśikāmātraistuṣairvā govaraiḥ puṭam |yatra tallāvakākhyaṁ syāt sumṛdudravyasādhane ||;!;;
RRS, 10: 10;64 1;anuktapuṭamāne tu sādhyadravyabalābalāt |;
RRS, 10: 10;64 2;puṭaṁ vijñāya dātavyam ūhāpohavicakṣaṇaiḥ ||;Ānandakanda ĀK, 1, 26: 25 237;anuktapuṭamāne tu sādhyadravyabalābalāt |puṭaṁ vijñāya dātavyamūhāpohavicakṣaṇaiḥ ||;GOOD;;
RRS, 10: 10;65 1;piṣṭakaṁ chagaṇaṁ chāṇam utpalaṁ copalaṁ tathā |;
RRS, 10: 10;65 2;giriṇḍopalasāṭhī ca varāṭī chagaṇābhidhāḥ ||;Rasaratnasamuccaya RRS, 7: 7 17;piṣṭakaṁ chagaṇaṁ chāṇam upalaṁ cotpalaṁ tathā |giriṇḍopalasāṭhī ca saṁśuṣkacchagaṇābhidhāḥ ||;!;;Rasendracūḍāmaṇi RCūM, 5: 3 163;piṣṭakaṁ chagaṇaṁ chāṇamupalaṁ cotpalaṁ tathā |giriṇḍopalasāṭhī ca navārī chagaṇābhidhaḥ ||;!;;
RRS, 10: 10;66 1;suvarṇaṁ rajataṁ tāmraṁ trapu sīsakam āyasam |;
RRS, 10: 10;66 2;ṣaḍetāni ca lohāni kṛtrimau kāṁsyapittalau ||;
RRS, 10: 10;67 1;lavaṇāni ṣaḍ ucyante sāmudraṁ saindhavaṁ viḍam |;
RRS, 10: 10;67 2;sauvarcalaṁ romakaṁ ca cūlikālavaṇaṁ tathā ||;
RRS, 10: 10;68 1;kṣāratrayaṁ samākhyātaṁ yavasarjikaṭaṅkaṇam ||;
RRS, 10: 10;69 1;palāśamuṣkakakṣārau yavakṣāraḥ suvarcikā |;
RRS, 10: 10;69 2;tilanālodbhavaḥ kṣāraḥ saṁyuktaṁ kṣārapañcakam ||;
RRS, 10: 10;70 1;ghṛtaṁ guḍo mākṣikaṁ ca vijñeyaṁ madhuratrayam ||;
RRS, 10: 10;71 1;kaṅguṇī tumbinī ghoṣā karīraśrīphalodbhavam |;
RRS, 10: 10;71 2;kaṭuvārttākasiddhārthasomarājīvibhītajam ||;
RRS, 10: 10;72 1;atasījaṁ mahākālīnimbajaṁ tilajaṁ tathā |;
RRS, 10: 10;72 2;apāmārgāddevadālīdantītumburuvigrahāt ||;Mugdhāvabodhinī MuA zu RHT, 3, 16.2: 55 9;atasījaṁ mahākālīnimbajaṁ tilajaṁ tathā |apāmārgo devadālī dantītumbaruvigrahāḥ ||;!;;
RRS, 10: 10;73 1;aṅkolonmattabhallātapalāśebhyas tathaiva ca |;
RRS, 10: 10;73 2;etebhyastailamādāya rasakarmaṇi yojayet ||;
RRS, 10: 10;74 1;jambūkamaṇḍūkavasā vasā kacchapasambhavā |;
RRS, 10: 10;74 2;karkaṭīśiśumārī ca gośūkaranarodbhavā |;
RRS, 10: 10;74 3;ajoṣṭrakharameṣāṇāṁ mahiṣasya vasā tathā ||;
RRS, 10: 10;75 1;mūtrāṇi hastikarabhamahiṣīkharavājinām |;
RRS, 10: 10;75 2;go.jāvīnāṁ striyaḥ puṁsāṁ puṣpaṁ bījaṁ tu yojayet ||;
RRS, 10: 10;76 1;māhiṣāmbu dadhi kṣīraṁ sābhighāraṁ śakṛdrasaḥ |;
RRS, 10: 10;76 2;tatpañcamāhiṣaṁ jñeyaṁ tadvacchāgalapañcakam ||;
RRS, 10: 10;77 1;amlavetasajambīranimbukaṁ bījapūrakam |;
RRS, 10: 10;77 2;cāṅgerī caṇakāmlaṁ ca amlīkaṁ koladāḍimam ||;
RRS, 10: 10;78 1;ambaṣṭhā tintiḍīkaṁ ca nāgaraṁ rasapattrikā |;
RRS, 10: 10;78 2;karavandaṁ tathā cānyadamlavargaḥ prakīrtitaḥ ||;
RRS, 10: 10;79 1;caṇakāmlaśca sarveṣāmeka eva praśasyate |;
RRS, 10: 10;79 2;amlavetasamekaṁ vā sarveṣāmuttamottamam |;
RRS, 10: 10;79 3;rasādīnāṁ viśuddhyarthaṁ drāvaṇe jāraṇe hitam ||;
RRS, 10: 10;80 1;koladāḍimavṛkṣāmlacullikācukrikārasaḥ |;
RRS, 10: 10;80 2;pañcāmlakaṁ samuddiṣṭaṁ taccoktaṁ cāmlapañcakam ||;
RRS, 10: 10;81 1;iṣṭikā gairikā loṇaṁ bhasma valmīkamṛttikā |;
RRS, 10: 10;81 2;rasaprayogakuśalaiḥ kīrtitāḥ pañcamṛttikāḥ ||;
RRS, 10: 10;82 1;śṛṅgīkaṁ kālakūṭaṁ ca vatsanābhaṁ sakṛtrimam |;
RRS, 10: 10;82 2;pittaṁ ca viṣavargo .yaṁ sa varaḥ parikīrtitaḥ ||;
RRS, 10: 10;83 1;rasakarmaṇi śasto.yaṁ tadbhedanavidhāv api |;
RRS, 10: 10;83 2;ayuktyā sevitaścāyaṁ mārayatyeva niścitam ||;
RRS, 10: 10;84 1;lāṅgalī viṣamuṣṭiśca karavīraṁ jayā tathā |;
RRS, 10: 10;84 2;nīlakaḥ kanako.rkaśca vargo hy upaviṣātmakaḥ ||;Rasendracūḍāmaṇi RCūM, 9: 6 13;lāṅgalī viṣamuṣṭiśca karavīraś ca jayā tathā |nīlakaḥ kanako.rkaśca vargo hyupaviṣātmakaḥ ||;GOOD;;
RRS, 10: 10;85 1;hastyaśvavanitā dhenurgardabhī chāgikāvikā |;
RRS, 10: 10;85 2;uṣṭrikodumbarāśvatthabhānunyagrodhatilvakam ||;
RRS, 10: 10;86 1;dugdhikā snugguṇaś caiva tathaivottamakaṇṭikā |;
RRS, 10: 10;86 2;eṣāṁ dugdhair vinirdiṣṭo dugdhavargo rasādiṣu ||;
RRS, 10: 10;87 1;pārāvatasya cāṣasya kapotasya kalāpinaḥ |;
RRS, 10: 10;87 2;gṛdhrasya kukkuṭasyāpi vinirdiṣṭo hi viḍgaṇaḥ |;
RRS, 10: 10;87 3;śodhanaṁ sarvalohānāṁ puṭanāllepanāt khalu ||;
RRS, 10: 10;88 1;kusumbhaṁ khadiro lākṣā mañjiṣṭhā raktacandanam |;
RRS, 10: 10;88 2;akṣī ca bandhujīvaśca tathā karpūragandhinī |;
RRS, 10: 10;88 3;mākṣikaṁ ceti vijñeyo raktavargo .tirañjanaḥ ||;
RRS, 10: 10;89 1;kiṁśukaḥ karṇikāraśca haridrādvitayaṁ tathā |;
RRS, 10: 10;89 2;pītavargo .yamādiṣṭo rasarājasya karmaṇi ||;Rasendracūḍāmaṇi RCūM, 9: 6 24;kiṁśukaḥ karṇikāraśca haridrādvitayaṁ tathā |pītavargo.yamuddiṣṭo rasarājasya karmaṇi ||;!;;
RRS, 10: 10;90 1;tagaraḥ kuṭajaḥ kundo guñjā jīvantikā tathā |;
RRS, 10: 10;90 2;sitāmbhoruhakandaśca śvetavarga udāhṛtaḥ ||;Rasendracūḍāmaṇi RCūM, 9: 6 25;tagaraḥ kuṭajaṁ kundo guñjā jīvantikā tathā |sito.mbhoruhakandaśca śvetavarga udāhṛtaḥ ||;GOOD;;
RRS, 10: 10;91 1;kadalī kāravellī ca triphalā nīlikā nalaḥ |;
RRS, 10: 10;91 2;paṅkaḥ kāsīsabālāmraṁ kṛṣṇavarga udāhṛtaḥ ||;Rasendracūḍāmaṇi RCūM, 9: 6 26;kadalī krūravallī ca triphalā nīlikā nalaḥ |paṅkaḥ kāsīsabālāmraṁ kṛṣṇavarga udāhṛtaḥ ||;!;;
RRS, 10: 10;92 1;raktavargādivargaiśca dravyaṁ yajjāraṇātmakam |;
RRS, 10: 10;92 2;bhāvanīyaṁ prayatnena tādṛgrāgāptaye khalu ||;Rasendracūḍāmaṇi RCūM, 9: 6 27;raktavargādivargaiśca dravyaṁ yajjāraṇātmakam |bhāvanīyaṁ prayatnena tādṛgrāgāptaye khalu ||;GOOD;;
RRS, 10: 10;93 1;kācaṭaṅkaṇaśiprābhiḥ śodhanīyo gaṇo mataḥ ||;
RRS, 10: 10;94 1;sattvānāṁ baddhasūtasya lohānāṁ malanāśanaḥ |;
RRS, 10: 10;94 2;kāpālīkaṅguṇadhvaṁsī rasavādibhir ucyate ||;
RRS, 10: 10;95 1;mahiṣī meṣaśṛṅgī ca kaliṅgo dhavabījayuk |;
RRS, 10: 10;95 2;śaśāsthīni ca yogo.yaṁ lohakāṭhinyanāśanaḥ ||;
RRS, 10: 10;96 1;guḍagugguluguñjājyasāraghaiṣ ṭaṅgaṇānvitaiḥ |;
RRS, 10: 10;96 2;durdrāvākhilalohāder drāvaṇāya gaṇo mataḥ ||;Rasendracūḍāmaṇi RCūM, 9: 6 30;guḍagugguluguñjājyasāraghaiṣṭaṅkaṇānvitaiḥ |durdrāvākhilalohāder drāvaṇe.yaṁ gaṇo mataḥ ||;!;;
Rasendracūḍāmaṇi RCūM, 9: 6 31;kṣārāḥ sarve malaṁ hanyuramlaṁ śodhanajāraṇam |māndyaṁ viṣāṇi nighnanti snaigdhyaṁ snehāḥ prakurvate ;GOOD;;
RRS, 11: 11;1 1;ṣaṭ truṭyaś caikalikṣā syāt ṣaḍ likṣā yūkam ucyate |;
RRS, 11: 11;1 2;ṣaḍyūkāstu rajaḥsaṁjñaṁ kathitaṁ tava suvrate ||;Rasārṇava RArṇ, 10: 10 32;ṣaṭ truṭyaś caikalikṣā syāt ṣaḍlikṣā yūka eva ca |ṣaḍyūkāstu rajaḥsaṁjñāḥ kathitāstava suvrate ||;!;;
RRS, 11: 11;2 1;ṣaḍrajaḥ sarṣapaḥ sākṣātsiddhārthaḥ sa ca kīrtitaḥ |;
RRS, 11: 11;2 2;ṣaṭsiddhārthena deveśi yavastvekaḥ prakīrtitaḥ ||;Rasakāmadhenu RKDh, 1, 2: 2 62;ṣaḍrajaḥ sarṣapaḥ sākṣātsiddhārthaḥ sa ca kīrtitaḥ |ṣaṭ siddhārthāśca deveśi yavastvekaḥ prakīrtitaḥ ||;GOOD;;Rasārṇava RArṇ, 10: 10 33;ṣaḍrajaḥ sarṣapaḥ sākṣāt siddhārthaḥ sa ca kīrtitaḥ |ṣaṭsiddhārthāśca deveśi yavastvekaḥ prakīrtitaḥ ||;GOOD;;
RRS, 11: 11;3 1;ṣaḍyavair ekaguñjā syāttriguñjo valla ucyate |;
RRS, 11: 11;3 2;ṣaḍbhireva tu guñjābhirmāṣa ekaḥ prakīrtitaḥ |;
RRS, 11: 11;3 3;māṣā dvādaśa tolaḥ syādaṣṭau tolāḥ palaṁ bhavet ||;
RRS, 11: 11;4 1;truṭiḥ syādaṇubhiḥ ṣaḍbhistairlikṣā ṣaḍbhirīritā |;
RRS, 11: 11;4 2;tābhiḥ ṣaḍbhirbhaved yūkā ṣaḍyūkās tad rajaḥ smṛtam ||;
RRS, 11: 11;5 1;ṣaḍrajaḥ sarṣapaḥ proktastaiḥ ṣaḍbhiryava īritaḥ |;
RRS, 11: 11;5 2;ekā guñjā yavaiḥ ṣaḍbhirniṣpāvastu dviguñjakaḥ ||;
RRS, 11: 11;6 1;syādguñjātritayaṁ vallo dvau vallau māṣa ucyate |;
RRS, 11: 11;6 2;dvau māṣau dharaṇaṁ te dve śāṇaniṣkakalāḥ smṛtāḥ ||;
RRS, 11: 11;7 1;niṣkadvayaṁ tu vaṭakaḥ sa ca kola itīritaḥ |;
RRS, 11: 11;7 2;syātkolatritayaṁ tolaḥ karṣo niṣkacatuṣṭayam ||;
RRS, 11: 11;8 1;udumbaraṁ pāṇitalaṁ suvarṇaṁ kavalagrahaḥ |;
RRS, 11: 11;8 2;akṣaṁ biḍālapadakaṁ śuktiḥ pāṇitaladvayam ||;
RRS, 11: 11;9 1;śuktidvayaṁ palaṁ kecidanye śuktitrayaṁ viduḥ |;
RRS, 11: 11;9 2;tadeva kathitaṁ muṣṭiḥ prakuñco bilvamityapi ||;
RRS, 11: 11;10 1;paladvayaṁ tu prasṛtaṁ taddvayaṁ kuḍavo.ñjaliḥ |;
RRS, 11: 11;10 2;kuḍavau mānikā tau syātprastho dve mānike smṛtaḥ ||;
RRS, 11: 11;11 1;prasthadvayaṁ śubhaṁ tau dvau pātrakaṁ taiś caturbhir ghaṭonmānanalvanārmaṇaśūrpakāḥ ||;
RRS, 11: 11;12 1;droṇasya śabdāḥ paryāyāḥ palānāṁ śatakaṁ tulā |;
RRS, 11: 11;12 2;catvāriṁśatpalaśatatulā bhāraḥ prakīrtitaḥ ||;
RRS, 11: 11;13 1;rasārṇavādiśāstrāṇi nirīkṣya kathitaṁ mayā |;
RRS, 11: 11;13 2;rasopayogi yat kiṁcid diṅmātraṁ tatpradarśitam ||;
RRS, 11: 11;14 1;adhunā rasarājasya saṁskārān sampracakṣmahe ||;
RRS, 11: 11;15 1;syātsvedanaṁ tadanu mardanamūrchane ca utthāpanaṁ saṁdīpanaṁ gaganabhakṣaṇamānamatra saṁcāraṇā |;
RRS, 11: 11;16 1;bāhyā drutiḥ sūtakajāraṇā syād grāsastathā sāraṇakarma saṁkrāmaṇaṁ vedhavidhiḥ śarīre yogas |;
RRS, 11: 11;17 1;na yojyo marmaṇi chinne na ca kṣārāgnidagdhayoḥ ||;
RRS, 11: 11;18 1;śuddhaḥ sa mṛdvagnisaho mūrchito vyādhināśanaḥ ||;
RRS, 11: 11;19 1;niṣkampavegas tīvrāgnāv āyurārogyado mṛtaḥ ||;
RRS, 11: 11;20 1;viṣaṁ vahnirmalaśceti doṣā naisargikāstrayaḥ |;
RRS, 11: 11;20 2;rase maraṇasaṁtāpamūrchānāṁ hetavaḥ kramāt ||;
RRS, 11: 11;21 1;yogikau nāgavaṅgau dvau tau jāḍyādhmānakuṣṭhadau ||;
RRS, 11: 11;22 1;aupādhikāḥ punaścānye kīrtitāḥ saptakañcukāḥ |;
RRS, 11: 11;22 2;bhūmijā girijā vārjās te ca dve nāgavaṅgajau ||;
RRS, 11: 11;23 1;dvādaśaite rase doṣāḥ proktā rasaviśāradaiḥ ||;
RRS, 11: 11;24 1;parpaṭī pāṭanī bhedī drāvī malakarī tathā |;
RRS, 11: 11;24 2;andhakārī tathā dhvāṅkṣī vijñeyāḥ sapta kañcukāḥ ||;
RRS, 11: 11;25 1;bhūmijāḥ kurvate kuṣṭhaṁ girijā jāḍyameva ca |;
RRS, 11: 11;25 2;vārijā vātasaṁghātaṁ doṣāḍhyaṁ nāgavaṅgayoḥ ||;
RRS, 11: 11;26 1;tasmāt sūtavidhānārthaṁ sahāyairnipuṇairyutaḥ |;
RRS, 11: 11;26 2;sarvopaskaramādāya rasakarma samārabhet ||;
RRS, 11: 11;27 1;dve sahasre palānāṁ tu sahasraṁ śatameva vā |;
RRS, 11: 11;27 2;aṣṭāviṁśat palānyeva daśa pañcaikameva vā ||;
RRS, 11: 11;28 1;palārdhenaiva kartavyaḥ saṁskāraḥ sūtakasya ca |;
RRS, 11: 11;28 2;sudine śubhanakṣatre rasaśodhanamārabhet ||;
RRS, 11: 11;29 1;tryūṣaṇaṁ lavaṇāsūryau citrakārdrakamūlakam |;
RRS, 11: 11;29 2;kṣiptvā sūto muhuḥ svedyaḥ kāñjikena dinatrayam ||;
RRS, 11: 11;30 1;gṛhadhūmeṣṭikācūrṇaṁ tathā dadhi guḍānvitam |;
RRS, 11: 11;30 2;lavaṇāsurīsaṁyuktaṁ kṣiptvā sūtaṁ vimardayet ||;
RRS, 11: 11;31 1;ṣoḍaśāṁśaṁ tu tad dravyaṁ sūtamānān niyojayet |;
RRS, 11: 11;31 2;sūtaṁ kṣiptvā samaṁ tena dināni trīṇi mardayet ||;
RRS, 11: 11;32 1;jīrṇābhrakaṁ tathā bījaṁ jīrṇasūtaṁ tathaiva ca |;
RRS, 11: 11;32 2;nairmalyārthaṁ hi sūtasya khalle dhṛtvā vimardayet ||;
RRS, 11: 11;33 1;gṛhṇāti nirmalo rāgān grāse grāse vimarditaḥ |;
RRS, 11: 11;33 2;mardanākhyaṁ hi yatkarma tatsūtaguṇakṛd bhavet ||;
RRS, 11: 11;34 1;gṛhakanyā malaṁ hanyāttriphalā vahnināśinī |;
RRS, 11: 11;34 2;citramūlaṁ viṣaṁ hanti tasmād ebhiḥ prayatnataḥ ||;
RRS, 11: 11;35 1;miśritaṁ sūtakaṁ dravyaiḥ saptavārāṇi mūrchayet |;
RRS, 11: 11;35 2;itthaṁ saṁmūrchitaḥ sūto doṣaśūnyaḥ prajāyate ||;
RRS, 11: 11;36 1;asmādvirekāt saṁśuddho rasaḥ pātyastataḥ param |;
RRS, 11: 11;36 2;uddhṛtaḥ kāñjikakvāthāt pūtidoṣanivṛttaye ||;
RRS, 11: 11;37 1;tāmreṇa piṣṭikāṁ kṛtvā pātayedūrdhvabhājane |;
RRS, 11: 11;37 2;vaṅganāgau parityajya śuddho bhavati sūtakaḥ ||;
RRS, 11: 11;38 1;śulvena pātayet piṣṭīṁ tridhordhvaṁ saptadhā tv adhaḥ ||;
RRS, 11: 11;39 1;triphalāśigruśikhibhir lavaṇāsurīsaṁyutaiḥ |;
RRS, 11: 11;39 2;naṣṭapiṣṭaṁ rasaṁ kṛtvā lepayeccordhvabhājane |;
RRS, 11: 11;39 3;tato dīptairadhaḥ pātamutpalaistatra kārayet ||;
RRS, 11: 11;40 1;haridrāṅkolaśampākakumārītriphalāgnibhiḥ |;
RRS, 11: 11;40 2;taṇḍulīyakavarṣābhūhiṅgusaindhavamākṣikaiḥ ||;
RRS, 11: 11;41 1;piṣṭaṁ rasaṁ salavaṇaiḥ sarpākṣyādibhireva vā |;
RRS, 11: 11;41 2;pātayed athavā devi vraṇaghno yakṣalocanaiḥ ||;
RRS, 11: 11;42 1;itthaṁ hy adhaūrdhvapātena pātito .sau yadā bhavet |;
RRS, 11: 11;42 2;tadā rasāyane yogyo bhaved dravyaviśeṣataḥ ||;
RRS, 11: 11;43 1;athavā dīpakayantre nipātitaḥ sarvadoṣanirmuktaḥ ||;
RRS, 11: 11;44 1;tiryakpātanavidhinā nipātitaḥ sūtarājastu |;
RRS, 11: 11;44 2;ślakṣṇīkṛtam abhradalaṁ rasendrayuktaṁ tathāranālena ||;
RRS, 11: 11;45 1;khalle dattvā mṛditaṁ yāvat tan naṣṭapiṣṭatām eti |;
RRS, 11: 11;45 2;kuryāt tiryakpātanapātitasūtaṁ krameṇa dṛḍhavahnim ||;
RRS, 11: 11;46 1;saṁsvedyaḥ pātyo .sau na patati yāvad dṛḍhaś cāgnau |;
RRS, 11: 11;46 2;tadāsau śudhyate sūtaḥ karmakārī bhaveddhruvam ||;
RRS, 11: 11;47 1;mardanair mūrchanaiḥ pātair mandaḥ śānto bhaved rasaḥ |;
RRS, 11: 11;48 1;sṛṣṭyambujair nirodhena tato mukhakaro rasaḥ |;
RRS, 11: 11;48 2;svedanādivaśātsūto vīryaṁ prāpnotyanuttamam ||;
RRS, 11: 11;49 1;niyamyo.sau tataḥ samyak capalatvanivṛttaye |;
RRS, 11: 11;49 2;karkoṭīphaṇinetrābhyāṁ vṛścikāmbujamārkavaiḥ |;
RRS, 11: 11;49 3;samaṁ kṛtvāranālena svedayecca dinatrayam ||;
RRS, 11: 11;50 1;maricair bhūkhagayuktair lavaṇāsurīśigruṭaṅkaṇopetaiḥ |;
RRS, 11: 11;50 2;kāñjikayuktaistridinaṁ grāsārthī jāyate svedāt ||;
RRS, 11: 11;51 1;trikṣārasindhukhagabhūśikhiśigrurājītīkṣṇāmlavetasamukhnepālatāmradalaśoṣitamāranāle sāmlāsavāmlapuṭitaṁ |;
RRS, 11: 11;52 1;svedayedāsavāmlena vīryatejaḥpravṛddhaye |;
RRS, 11: 11;52 2;yathopayogaṁ svedyaḥ syān mūlikānāṁ raseṣu ca ||;
RRS, 11: 11;53 1;sarpākṣī kṣīriṇī vandhyā matsyākṣī śaṅkhapuṣpikā |;
RRS, 11: 11;53 2;kākajaṅghā śikhiśikhā brahmadaṇḍyākhukarṇikā ||;
RRS, 11: 11;54 1;varṣābhūḥ kambukī dūrvā sairyakotpalaśimbikāḥ |;
RRS, 11: 11;54 2;śatāvarī vajralatā vajrakandāgnikarṇikā ||;
RRS, 11: 11;55 1;śvetārkaśigrudhattūramṛgadūrvārasāṅkuśāḥ |;
RRS, 11: 11;55 2;rambhā raktābhanirguṇḍī lajjāluḥ suradālikā ||;
RRS, 11: 11;56 1;maṇḍūkaparṇī pātālī citrakaṁ grīṣmasundarā |;
RRS, 11: 11;56 2;kākamācī mahārāṣṭrī haridrā tilaparṇikā ||;
RRS, 11: 11;57 1;jātī jayantī śrīdevī bhūkadambaḥ kusumbhakaḥ |;
RRS, 11: 11;57 2;kośātakī nīraṁ kaṇā lāṅgalī kaṭutumbikā ||;
RRS, 11: 11;58 1;cakramardo .mṛtā kandaḥ sūryāvarteṣu puṅkhikā |;
RRS, 11: 11;58 2;vārāhī hastiśuṇḍī ca prāyeṇa rasamūlikāḥ ||;
RRS, 11: 11;59 1;rasasya bhāvane svede mūṣālepe ca pūjitāḥ |;
RRS, 11: 11;59 2;ityaṣṭau sūtasaṁskārāḥ samā dravye rasāyane |;
RRS, 11: 11;59 3;kāryāste prathamaṁ śeṣā noktā dravyopayoginaḥ ||;
RRS, 11: 11;60 1;pañcaviṁśatisaṁkhyākān rasabandhān pracakṣmahe |;
RRS, 11: 11;60 2;yena yena hi cāñcalyaṁ durgrahatvaṁ ca naśyati |;
RRS, 11: 11;60 3;rasarājasya samprokto bandhanārtho hi vārttikaiḥ ||;
RRS, 11: 11;61 1;haṭhāroṭau tathābhāsaḥ kriyāhīnaśca piṣṭikā |;
RRS, 11: 11;61 2;kṣāraḥ khoṭaśca poṭaśca kalkabandhaśca kajjaliḥ ||;
RRS, 11: 11;62 1;sajīvaścaiva nirjīvo nirbījaśca sabījakaḥ |;
RRS, 11: 11;62 2;śṛṅkhalādrutibandhau ca bālakaśca kumārakaḥ ||;
RRS, 11: 11;63 1;taruṇaś ca tathā vṛddho mūrtibaddhas tathāparaḥ |;
RRS, 11: 11;63 2;jalabandho .gnibandhaśca susaṁskṛtakṛtābhidhaḥ |;
RRS, 11: 11;63 3;mahābandhābhidhaśceti pañcaviṁśatir īritāḥ ||;
RRS, 11: 11;64 1;kecidvadanti ṣaḍviṁśo jalūkābandhasaṁjñakaḥ |;
RRS, 11: 11;64 2;sa tāvanneṣyate dehe strīṇāṁ drāve.tiśasyate ||;
RRS, 11: 11;65 1;haṭho rasaḥ sa vijñeyaḥ samyak śuddhivivarjitaḥ |;
RRS, 11: 11;65 2;sa sevito nṛṇāṁ kuryān mṛtyuṁ vā vyādhimuddhatam ||;
RRS, 11: 11;66 1;suśodhito rasaḥ samyagāroṭa iti kathyate |;
RRS, 11: 11;66 2;sa kṣetrīkaraṇe śreṣṭhaḥ śanairvyādhivināśanaḥ ||;
RRS, 11: 11;67 1;puṭito yo raso yāti yogaṁ muktvā svabhāvatām |;
RRS, 11: 11;67 2;bhāvito dhātumūlādyair ābhāso guṇavaikṛteḥ ||;
RRS, 11: 11;68 1;asaṁśodhitalohādyaiḥ sādhito yo rasottamaḥ |;
RRS, 11: 11;68 2;kriyāhīnaḥ sa vijñeyo vikriyāṁ yātyapathyataḥ ||;
RRS, 11: 11;69 1;tīvrātape gāḍhatarāvamardātpiṣṭī bhavetsā navanītarūpā |;
RRS, 11: 11;69 2;sa rasaḥ piṣṭikābandho dīpanaḥ pācanastarām ||;
RRS, 11: 11;70 1;śaṅkhaśuktivarāṭādyair yo .sau saṁsādhito rasaḥ |;
RRS, 11: 11;70 2;kṣārabandhaḥ paraṁ dīptipuṣṭikṛcchūlanāśanaḥ ||;
RRS, 11: 11;71 1;bandho yaḥ khoṭatāṁ yāti dhmāto dhmātaḥ kṣayaṁ vrajet |;
RRS, 11: 11;71 2;khoṭabandhaḥ sa vijñeyaḥ śīghraṁ sarvagadāpahaḥ ||;
RRS, 11: 11;72 1;drutakajjalikā mocāpattrake cipiṭīkṛtā |;
RRS, 11: 11;72 2;sa poṭaḥ parpaṭī saiva bālādyakhilaroganut ||;
RRS, 11: 11;73 1;svedādyaiḥ sādhitaḥ sūtaḥ paṅkatvaṁ samupāgataḥ |;
RRS, 11: 11;73 2;kalkabaddhaḥ sa vijñeyo yogoktaphaladāyakaḥ ||;
RRS, 11: 11;74 1;kajjalī rasagandhotthā suślakṣṇā kajjalopamā |;
RRS, 11: 11;74 2;tattadyogena saṁyuktā kajjalībandha ucyate ||;
RRS, 11: 11;75 1;bhasmīkṛto gacchati vahniyogād rasaḥ sajīvaḥ sa khalu saṁsevito.sau na karoti bhasmakāryaṁ javād |;
RRS, 11: 11;76 1;jīrṇābhrako vā parijīrṇagandho nirjīvanāmā hi sa bhasmasūto niḥśeṣarogān vinihanti |;
RRS, 11: 11;77 1;rasastu pādāṁśasuvarṇajīrṇaḥ piṣṭīkṛto gandhakayogataśca tulyāṁśagandhaiḥ puṭitaḥ krameṇa nirbījanāmā |;

RRS, 11: 11;79 1;vajrādinihataḥ sūto hataḥ sūtaḥ samo.paraḥ |;
RRS, 11: 11;79 2;śṛṅkhalābaddhasūtastu dehalohavidhāyakaḥ |;
RRS, 11: 11;79 3;citraprabhāvāṁ vegena vyāptiṁ jānāti śaṁkaraḥ ||;
RRS, 11: 11;80 1;yukto.pi bāhyadrutibhiśca sūto bandhaṁgato vā sa rājikāpādamito nihanti duḥsādhyarogān |;
RRS, 11: 11;81 1;samābhrajīrṇaḥ śivajastu bālaḥ saṁsevito yogayuto javena |;
RRS, 11: 11;81 2;rasāyano bhāvigadāpahaśca sopadravāriṣṭagadānnihanti ||;
RRS, 11: 11;82 1;harodbhavo yo dviguṇābhrajīrṇaḥ sa syātkumāro triḥ saptarātraiḥ khalu pāparogasaṁghātaghātī ca |;
RRS, 11: 11;83 1;caturguṇavyomakṛtāśano .sau rasāyanāgryas sa saptarātrāt sakalāmayaghno rasāyano vīryabalapradātā |;
RRS, 11: 11;84 1;yasyābhrakaḥ ṣaḍguṇito hi jīrṇaḥ prāptāgnisakhyaḥ sa hi dehe ca lohe ca niyojanīyaḥ śivādṛte ko .sya guṇān pravakti |;
RRS, 11: 11;85 1;yo divyamūlikābhiśca kṛto.tyagnisaho rasaḥ |;
RRS, 11: 11;85 2;vinābhrajāraṇātsa syānmūrtibandho mahārasaḥ ||;
RRS, 11: 11;86 1;ayaṁ hi jāryamāṇastu nāgninā kṣīyate rasaḥ |;
RRS, 11: 11;86 2;yojitaḥ sarvayogeṣu niraupamyaphalapradaḥ ||;
RRS, 11: 11;87 1;śilātoyamukhaistoyair baddho .sau jalabandhavān |;
RRS, 11: 11;87 2;sa jarārogamṛtyughnaḥ kalpoktaphaladāyakaḥ ||;
RRS, 11: 11;88 1;kevalo yogayukto vā dhmātaḥ syādguṭikākṛtiḥ |;
RRS, 11: 11;88 2;akṣīṇaścāgnibaddho.sau khecaratvādikṛt sa hi ||;
RRS, 11: 11;89 1;viṣṇukrāntāśaśilatākumbhīkanakamūlakaiḥ |;
RRS, 11: 11;89 2;viśālānāginīkandavyāghrapādīkuruṇṭakaiḥ ||;
RRS, 11: 11;90 1;vṛścikālībhaśuṇḍībhyāṁ haṁsapādā sahāsuraiḥ |;
RRS, 11: 11;90 2;aprasūtagavāṁ mūtraiḥ piṣṭaṁ vā kulake pacet ||;
RRS, 11: 11;91 1;pakvamevaṁ mṛtair lohairmarditaṁ vipaced rasam |;
RRS, 11: 11;91 2;yantreṣu mūrchā sūtānāmeṣa kalpaḥ samāsataḥ ||;
RRS, 11: 11;92 1;hemnā vā rajatena vā sahacaro dhmāto vrajatyekatām cūrṇatvaṁ paṭuvat prayāti nihato ghṛṣṭo na muñcenmalaṁ |;
RRS, 11: 11;93 1;sūte garbhaniyojitārdhakanake pādāṁśanāge.thavā tadvat tejinīkolakākhyaphalajaiś cūrṇaṁ tilaṁ pattrakaṁ |;
RRS, 11: 11;94 1;saiṣā syātkapikacchūromapaṭale candrāvatītailake candre tapte khallatale vimardya vidhivadyatnādvaṭī yā kṛtā sā |;
RRS, 11: 11;95 1;bālye cāṣṭāṅgulā yojyā yauvane ca daśāṅgulā |;
RRS, 11: 11;95 2;dvādaśaiva pragalbhānāṁ jalaukā trividhā matā ||;
RRS, 11: 11;96 1;dhṛtvā sūtamukhe pātraṁ meṣīkṣīraṁ pradāpayet |;
RRS, 11: 11;96 2;sthāpayedātape tīvre vāsarāṇyekaviṁśatiḥ ||;
RRS, 11: 11;97 1;dvitīyātra mayā proktā jalaukā drāvaṇe hitā |;
RRS, 11: 11;97 2;puruṣāṇāṁ sthitā mūrdhni drāvayedbījam adbhutam ||;
RRS, 11: 11;98 1;munipattrarasaṁ caiva śālmalīvṛntavāri ca |;
RRS, 11: 11;98 2;jātīmūlasya toyaṁ ca śiṁśapātoyasaṁyutam ||;
RRS, 11: 11;99 1;śleṣmātakaphalaṁ caiva triphalācūrṇam eva ca |;
RRS, 11: 11;99 2;kokilākṣasya cūrṇaṁ ca pāradaṁ mardayed budhaḥ ||;
RRS, 11: 11;100 1;jalūkā jāyate divyā rāmājanamanoharā |;
RRS, 11: 11;100 2;sā yojyā kāmakāle tu kāmayetkāminī svayam ||;
RRS, 11: 11;101 1;triphalābhṛṅgamahauṣadhamadhusarpiśchāgadugdhagomūnāgaṁ saptaniṣiktaṁ samarasajāritaṁ jalūkā syāt ||;
RRS, 11: 11;102 1;bhānusvaradinasaṁkhyāpramāṇasūtaṁ gṛhītadīnāram |;
RRS, 11: 11;102 2;aṅkolarājavṛkṣakakanyārasataśca śodhanaṁ kuryāt ||;
RRS, 11: 11;103 1;śaśirekhāvaravarṇinīsakokilākṣāpāmārgakanakānām |;
RRS, 11: 11;103 2;cūrṇaiḥ sahaikaviṁśatidināni saṁmardayet samyak ||;
RRS, 11: 11;104 1;niśāyāḥ kāñjikaṁ yūṣaṁ dattvā yonau praveśayet |;
RRS, 11: 11;104 2;bālamadhyamavṛddhāsu yojyā vijñāya tatkramāt |;
RRS, 11: 11;104 3;nīrasānāmapi nṝṇāṁ yoṣā syātsaṁgamotsukā ||;
RRS, 11: 11;105 1;rasabhāgaṁ catuṣkaṁ ca vaṅgabhāgaṁ ca pañcamam |;
RRS, 11: 11;105 2;surasārasamaṁ yuktaṁ ṭaṅkaṇena samanvitam ||;
RRS, 11: 11;106 1;tridinaṁ mardayitvā ca golakaṁ taṁ rasodbhavam |;
RRS, 11: 11;106 2;liṅgāgre yoninikṣiptaṁ yāvad āyurvaśaṁkaram ||;
RRS, 11: 11;107 1;karpūrasūraṇasubhṛṅgasumeghanādair nāgaṁ niṣicya tu liṅgasthitena valayena nitambinīnāṁ svāmī |;
RRS, 11: 11;108 1;ṭaṅkaṇapippalikābhiḥ sūraṇakarpūramātuluṅgarasaiḥ |;
RRS, 11: 11;108 2;kṛtvā svaliṅgalepaṁ yoniṁ vidrāvayet strīṇām ||;

RRS, 11: 11;110 1;takreṇa mardayitvā gaṇena madanavalayaṁ kuryāt |;
RRS, 11: 11;110 2;ratisamaye vanitānāṁ ratigarvavināśanaṁ kurute ||;
RRS, 11: 11;111 1;vyāghrībṛhatīphalarasasūraṇakandaṁ ca caṇakapattrāmlam kapikacchuvajravallīpippalikāmlikācūrṇam ||;
RRS, 11: 11;112 1;agnyāvartitanāgaṁ navavāraṁ mardayeddhimairdravyaiḥ smaravalayaṁ kṛtvaitadvanitānāṁ drāvaṇaṁ kurute ||;
RRS, 11: 11;113 1;palāśabījakaṁ raktajambīrāmlena sūtakam |;
RRS, 11: 11;113 2;sajīvaṁ marditaṁ yantre pācitaṁ mriyate dhruvam ||;
RRS, 11: 11;114 1;kharamañjari bījānvitapuṣkarabījaiḥ sucūrṇitaiḥ kalkam |;
RRS, 11: 11;114 2;kṛtvā sūtaṁ puṭayed dṛḍhamūṣāyāṁ bhavedbhasma ||;
RRS, 11: 11;115 1;kākodumbarikāyā dugdhena subhāvito hiṅguḥ |;
RRS, 11: 11;115 2;mardanapuṭanavidhānātsūtaṁ bhasmīkarotyeva ||;
RRS, 11: 11;116 1;devadālīṁ harikrāntāmāranālena peṣayet |;
RRS, 11: 11;116 2;taddravaiḥ saptadhā sūtaṁ kuryānmarditamūrchitam ||;
RRS, 11: 11;117 1;tatsūtaṁ kharpare dadyāddattvā dattvā tu taddravam |;
RRS, 11: 11;117 2;cullyopari pacec cāhni bhasma syāllavaṇopamam ||;
RRS, 11: 11;118 1;apāmārgasya bījāni tathairaṇḍasya cūrṇayet |;
RRS, 11: 11;118 2;taccūrṇaṁ pārade deyaṁ mūṣāyām adharottaram |;
RRS, 11: 11;118 3;ruddhvā laghupuṭaiḥ pacyāc caturbhir bhasmatāṁ nayet ||;
RRS, 11: 11;119 1;kaṭutumbyudbhave kande garbhe nārīpayaḥplute |;
RRS, 11: 11;119 2;saptadhā sveditaḥ sūto mriyate gomayāgninā ||;
RRS, 11: 11;120 1;aṅkolasya śiphāvāripiṣṭaṁ khalle vimardayet |;
RRS, 11: 11;120 2;sūtaṁ gandhakasaṁyuktaṁ dinānte taṁ nirodhayet |;
RRS, 11: 11;120 3;puṭayedbhūdhare yantre dinānte sa mṛto bhavet ||;
RRS, 11: 11;121 1;vaṭakṣīreṇa sūtābhrau mardayetpraharatrayam |;
RRS, 11: 11;121 2;pācayettena kāṣṭhena bhasmībhavati tadrasaḥ ||;
RRS, 11: 11;122 1;athāturo rasācāryaṁ sākṣāddevaṁ maheśvaram |;
RRS, 11: 11;122 2;sādhitaṁ ca rasaṁ śṛṅgadantaveṇvādidhāritam ||;
RRS, 11: 11;123 1;arcayitvā yathāśakti devagobrāhmaṇānapi |;
RRS, 11: 11;123 2;parṇakhaṇḍe dhṛtaṁ sūtaṁ jagdhvā syādanupānataḥ ||;
RRS, 11: 11;124 1;ghṛtasaindhavadhānyakajīrakārdrakasaṁskṛtam |;
RRS, 11: 11;124 2;taṇḍulīyakadhānyakapaṭolālambuṣādikam ||;
RRS, 11: 11;125 1;gojīrṇaśālyannaṁ gavyaṁ kṣīraṁ ghṛtaṁ dadhi |;
RRS, 11: 11;125 2;haṁsodakaṁ mudgarasaḥ pathyavargaḥ samāsataḥ ||;
RRS, 11: 11;126 1;bṛhatī bilvakūṣmāṇḍaṁ vetrāgraṁ kāravellakam |;
RRS, 11: 11;126 2;māṣaṁ masūraṁ niṣpāvaṁ kulatthaṁ sarṣapaṁ tilam ||;
RRS, 11: 11;127 1;laṅghanodvartanasnānatāmrasurāsavān |;
RRS, 11: 11;127 2;ānūpamāṁsaṁ dhānyāmlaṁ bhojanaṁ kadalīdale |;
RRS, 11: 11;127 3;kāṁsye ca guruviṣṭambhi tīkṣṇoṣṇaṁ ca bhṛśaṁ tyajet ||;

RRS, 11: 11;129 1;devīśāstroditaḥ so .yaṁ kakārādigaṇo mataḥ |;
RRS, 11: 11;129 2;śāstrāntaravinirdiṣṭaḥ kathyate.nyaprakārataḥ ||;

RRS, 11: 11;131 1;yasminrase ca kaṇṭhoktyā kakārādirniṣedhitaḥ |;
RRS, 11: 11;131 2;tatra tatra niṣeddhavyaṁ tadaucityamato.nyataḥ ||;
RRS, 11: 11;132 1;udgāre sati dadhyannaṁ kṛṣṇamīnaṁ sajīrakam |;
RRS, 11: 11;132 2;abhyaṅgam anilakṣobhe tailair nārāyaṇādibhiḥ ||;
RRS, 11: 11;133 1;aratau śītatoyena mastakopari secanam |;
RRS, 11: 11;133 2;tṛṣṇāyāṁ nārikelāmbu mudgaṁ saśarkaram ||;
RRS, 11: 11;134 1;drākṣādāḍimakharjūrakadalīnāṁ phalaṁ bhajet |;
RRS, 11: 11;134 2;rasavīryavivṛddhyarthaṁ dadhikṣīrekṣuśarkarāḥ |;
RRS, 11: 11;134 3;śītopacāram anyaṁ ca rasatyāgavidhau punaḥ ||;
RRS, 11: 11;135 1;bhakṣayed bṛhatīṁ bilvaṁ sakṛtsādhāraṇo vidhiḥ ||;
RRS, 12: 12;1 1;jvarasya raktapittasya kāsasya śvāsahidhmayoḥ |;
RRS, 12: 12;1 2;vaisvaryasya kṣayasyāpi tathārocaprasekayoḥ ||;
RRS, 12: 12;2 1;chardihṛdrogayoś caiva tṛṣṇāmadyodbhavārśasām |;
RRS, 12: 12;2 2;udāvartātisārāṇāṁ grahaṇyartipravāhiṇoḥ ||;
RRS, 12: 12;3 1;visūcyā vahnimāndyasya mūtrakṛcchrāśmarujām |;
RRS, 12: 12;3 2;mehasya somarogasya piṭikānāṁ ca vidradheḥ ||;
RRS, 12: 12;4 1;vṛddhigulmādirogāṇāṁ śūlānāmudarasya ca |;
RRS, 12: 12;4 2;pāṇḍuśophavisarpāṇāṁ kuṣṭhaśvitranabhasvatām ||;
RRS, 12: 12;5 1;vātāsrasyāvṛtānāṁ ca vandhyānāṁ garbhiṇīrujām |;
RRS, 12: 12;5 2;sūtikābālarogāṇām unmāde .pasmṛtāv api ||;
RRS, 12: 12;6 1;netraroge karṇaroge nāsārogāsyarogayoḥ |;
RRS, 12: 12;6 2;śiraḥsaṁjātarogeṣu vraṇe bhaṅge bhagaṁdare ||;
RRS, 12: 12;7 1;granthyādau kṣudrarogeṣu guhyaroge viṣeṣu ca |;
RRS, 12: 12;7 2;jarāyāstvanapatyānāṁ bījapoṣaṇahetave ||;
RRS, 12: 12;8 1;paripāṭyānayā sarvaṁ rogāṇāṁ hi cikitsanam |;
RRS, 12: 12;8 2;rasalohaviṣair atra yogairvakṣye yathāgamam ||;
RRS, 12: 12;9 1;romāñcakampau vadane madhutvamujjṛmbhaṇaṁ vātajvarasyoktam idaṁ hi lakṣma bhuktottaraṁ syādyadi |;
RRS, 12: 12;10 1;virekaśoṣāsyakaṭutvatīvratāpapralāpabhramamūrchanāni |;
RRS, 12: 12;10 2;etāni pittajvaralakṣaṇāni vamiḥ satṛṣṇāṅgavidāhitā ca ||;
RRS, 12: 12;11 1;kāsaśvāsau mukhe jāḍyaṁ mādhuryaṁ bahunidratā |;
RRS, 12: 12;11 2;prasvedaḥ svalpadāhaśca śleṣmajajvaralakṣaṇam ||;
RRS, 12: 12;12 1;miśritaṁ lakṣaṇaṁ yattu dvayos triṣu bhavecca tat ||;
RRS, 12: 12;13 1;vimarditābhyāṁ rasagandhakābhyāṁ nīreṇa kuryādiha bhāṇḍe navīne viniveśya paścāttadgolakasyopari |;
RRS, 12: 12;14 1;sārdhaṁ muhūrtaṁ vinirudhya dhīmān uddīpayed adhastataḥ sidhyati parpaṭīyaṁ |;
RRS, 12: 12;15 1;vilipya pūrvaṁ rasanāṁ ca tāludeśaṁ ca vallonmitāṁ cārdrakatoyamiśrām enāṁ niyojya sthagayet |;
RRS, 12: 12;16 1;gharmodgamo yāvadataḥ paraṁ ca takraudanaṁ kuryāddinānāṁ tritayaṁ yadītthaṁ jvarasya śaṅkāpi tadā |;
RRS, 12: 12;17 1;sūtārkagandhacapalājayapālatiktāpathyātrivṛcca saṁbhāvya vajripayasā madhunā trivallas |;
RRS, 12: 12;18 1;pādāṁśakaṁ sāraraviḥ samāṁśagandho vipakvaḥ rasaḥ kramānmāṣamito .nilādijvareṣu nāmnā kila |;
RRS, 12: 12;19 1;daradajaladayuktaṁ śuddhasūtaṁ ca gandhaṁ jvaragajaharisaṁjñaṁ śṛṅgaverodakena prathamajanitadāhī |;
RRS, 12: 12;20 1;saṁtaptasīsabhāgaṁ ca pāradaṁ gandhakaṁ kaṇām |;
RRS, 12: 12;20 2;samabhāgaṁ pṛthak tatra melayecca yathāvidhi ||;
RRS, 12: 12;21 1;jambīrasya rase sarvaṁ mardayecca dinatrayam |;
RRS, 12: 12;21 2;meghanādakumāryośca rase cāpi dinatrayam ||;
RRS, 12: 12;22 1;dinadvayamajāmūtre gavāṁ mūtre dinatrayam |;
RRS, 12: 12;22 2;bhāvayecca yathāyogyaṁ tasminnetāni dāpayet ||;
RRS, 12: 12;23 1;saindhavaṁ citrakaṁ bhāgaṁ sauvarcalalavaṇaṁ tathā |;
RRS, 12: 12;23 2;tena sammelanaṁ kṛtvā bhāvayecca punaḥ punaḥ ||;
RRS, 12: 12;24 1;anena vidhinā samyak siddho bhavati tadrasaḥ |;
RRS, 12: 12;24 2;śarkarāghṛtasaṁyuktaṁ dadyādvallatrayaṁ rasam ||;
RRS, 12: 12;25 1;godhūmasyaudanaṁ pathyaṁ māṣasūpaṁ ca vāstukam |;
RRS, 12: 12;25 2;dhātrīphalasamāyuktaṁ sarvajvaravināśanam |;
RRS, 12: 12;25 3;dīpikārasa ityeṣa tantrajñaiḥ parikīrtitaḥ ||;
RRS, 12: 12;26 1;pāradaṁ rasakaṁ tālaṁ tutthaṁ gandhakaṭaṅkaṇam |;
RRS, 12: 12;26 2;sarvametatsamaṁ śuddhaṁ kāravallyā dravairdinam ||;
RRS, 12: 12;27 1;mardayettena kalkena tāmrapātrodaraṁ limpet |;
RRS, 12: 12;27 2;aṅgulārdhārdhamānena taṁ pacetsikatāhvaye ||;
RRS, 12: 12;28 1;yantre yāvatsphuṭantyevaṁ vrīhayastasya pṛṣṭhataḥ |;
RRS, 12: 12;28 2;tataḥ suśītalaṁ grāhyaṁ tāmrapātrodarād bhiṣak ||;Rasamañjarī RMañj, 6: 6 49;yantre yāvatsphuṭantyevaṁ vrīhayastasya pṛṣṭhataḥ |tataḥ suśītalaṁ grāhyaṁ tāmrapātrodarādbhiṣak ||;!;;
RRS, 12: 12;29 1;śītabhañjī raso nāma cūrṇayenmaricaiḥ samam |;
RRS, 12: 12;29 2;māṣaikaṁ parṇakhaṇḍena bhakṣayennāśayejjvaram |;
RRS, 12: 12;29 3;tridinair viṣamaṁ tīvramekadvitricaturthakam ||;Rasamañjarī RMañj, 6: 6 50;śītabhañjīraso nāma cūrṇayenmaricaiḥ samam |māṣaikaṁ parṇakhaṇḍena bhakṣayennāśayejjvaram |tridinair viṣamaṁ tīvramekadvitricaturthakam ||;GOOD;;
RRS, 12: 12;30 1;sūtatālaśilāstulyā mardayetkarkaṭīrase |;
RRS, 12: 12;30 2;tāmrapātre vinikṣipya tatkalkaṁ kajjalīkṛtam ||;
RRS, 12: 12;31 1;vipacedvālukāyantre yathoktavidhinā tataḥ |;
RRS, 12: 12;31 2;dadyānmaricacūrṇena māṣamātraṁ bhiṣagvaraḥ ||;
RRS, 12: 12;32 1;prapibeduṣṇatoyasya culukaṁ śītakajvare |;
RRS, 12: 12;32 2;śītabhañjī rasaḥ so .yaṁ śītajvaranivāraṇaḥ ||;
RRS, 12: 12;33 1;kūṣmāṇḍacūrṇatilajaiḥ praviśuddhatālaṁ gāḍhaṁ sūtena hiṅgulabhuvā sikatākhyayantre golaṁ vidhāya |;
RRS, 12: 12;34 1;pattreṇa taṁ dinapateśca pidhāya ruddhvā saṁdhiṁ vahnau pacenmṛduni pātraśiraḥsthaśālīvaivarṇyamātram |;
RRS, 12: 12;35 1;vallaṁ tataḥ surasamiśramamuṣya dadyāt sarpiḥ jetuṁ jvarān praviṣamān iha vāntiśāntyai maulau |;
RRS, 12: 12;36 1;athāmayāntaṁ rasarājamaulibhūṣāmaṇiṁ taṁ sudhāraseneva rasena yena saṁjīvanaṁ syāt |;
RRS, 12: 12;37 1;rasahiṅgulajepālair vṛddhyā dantyambumarditaiḥ |;
RRS, 12: 12;37 2;dinārdhena jvaraṁ hanyādguñjaikaṁ sitayā saha ||;
RRS, 12: 12;38 1;śuddhaṁ sūtaṁ viṣaṁ gandhaṁ dhūrtabījaṁ tribhiḥ caturbhiśca samaṁ vyoṣaṁ cūrṇīkṛtya nidhāpayet ||;
RRS, 12: 12;39 1;dantabhāṇḍe .tha vā śārṅge kāṣṭhe naiva kadācana |;
RRS, 12: 12;39 2;vātaśleṣmajvare deyaṁ dvaṁdvaje vā tridoṣaje ||;
RRS, 12: 12;40 1;rasena śṛṅgaverasya jambīrasyāthavā punaḥ |;
RRS, 12: 12;40 2;guñjādvayaṁ ca jīrṇe.smindadhibhaktaṁ prayojayet ||;
RRS, 12: 12;41 1;ekadvitridinairhanyāj jvarān doṣakrameṇa tu |;
RRS, 12: 12;41 2;mahājvarāṅkuśo nāma raso.yaṁ śambhunoditaḥ ||;
RRS, 12: 12;42 1;tālaṁ tāmrarajo rasaśca gaganaṁ gandhaśca nepālakaṁ dīnāradvitayaṁ viṣasya śikhinaḥ piṣṭvā rasaiḥ pācito |;
RRS, 12: 12;43 1;tālaṁ tāmram ayorajaśca capalā tutthābhrakaṁ kāntakaṁ bhṛṅgīkāsaharīpunarnavāmahāmandārapattrodbhavaiḥ |;
RRS, 12: 12;44 1;tutthena tulyaḥ śivajaśca gandho jambīranīreṇa dinatrayaṁ melaya tena tulyaṁ vyoṣaṁ tataḥ sidhyati |;
RRS, 12: 12;45 1;vallo vijetuṁ viṣamāvalambi dalena deyo dugdhaṁ hitaṁ syādiha śṛṅgaverarasena śaityeṣu |;
RRS, 12: 12;46 1;takraṁ sagarbhājvaraśūlayostu drākṣāmbunā rodhaṁ varāyāḥ salilena śūlaṁ jambīranīreṇa varājalena ||;
RRS, 12: 12;47 1;apasmṛtāv atra niyojanīyamabhyañjanaṁ ghṛtaudanaṁ syādiha bhojanāya jambīranīreṇa nihanti |;
RRS, 12: 12;48 1;hiṅgvamlikānimburasena deyaṁ plīhodare syādiha stambhārthamasminsasitaṁ payaḥ syād guḍo niyojyo |;
RRS, 12: 12;49 1;aśītir yasya varṣāṇi vasuvarṣāṇi yasya vā |;
RRS, 12: 12;49 2;viṣaṁ tasya na dātavyaṁ dattaṁ ced doṣakārakam ||;Rasamañjarī RMañj, 4: 4 20;aśītiryasya varṣāṇi vasuvarṣāṇi yasya vā |viṣaṁ tasmai na dātavyaṁ dattaṁ ced doṣakārakam ||;GOOD;;Rasendracintāmaṇi RCint, 7: 7 34;aśītiryasya varṣāṇi vasuvarṣāṇi yasya vā |viṣaṁ tasmai na dātavyaṁ dattaṁ vai doṣakārakam ||;!;;
RRS, 12: 12;50 1;meghapāradagandhāśmaviṣavyoṣapaṭūni ca |;
RRS, 12: 12;50 2;jīrakadvayametāni samabhāgāni kārayet ||;
RRS, 12: 12;51 1;sinduvārarasenāpi laśunasya rasena ca |;
RRS, 12: 12;51 2;apāmārgarasenāpi saptarātraṁ vimardayet ||;
RRS, 12: 12;52 1;tatpakvaṁ vālukāyantre guñjāmātraṁ prayojayet |;
RRS, 12: 12;52 2;sanāgavallīmaricaṁ tataḥ śītāmbu pāyayet ||;
RRS, 12: 12;53 1;umāprasādano nāma rasaḥ śītajvarāpahaḥ |;
RRS, 12: 12;53 2;cāturthikaṁ trirātraṁ vā nāśayet kimutāparān ||;
RRS, 12: 12;54 1;ṭaṅkaṇaṁ rasagandhau ca samabhāgānprakalpayet |;
RRS, 12: 12;54 2;nepālaṁ dviguṇaṁ dattvā mardayet khallamadhyataḥ ||;
RRS, 12: 12;55 1;ślakṣṇatāṁ yāti tadyāvattāvattanmardayecchanaiḥ |;
RRS, 12: 12;55 2;saindhavaṁ maricaṁ śaṅkhaṁ ciñcākṣāraṁ samākṣikam ||;
RRS, 12: 12;56 1;tattulyam etat kṛtvātha nimbūtoyena mardayet |;
RRS, 12: 12;56 2;caṇapramāṇavaṭikām bhakṣayeddivasatrayam ||;
RRS, 12: 12;57 1;aikāhikaṁ dvyāhikaṁ ca tryāhikaṁ ca caturthakam |;
RRS, 12: 12;57 2;sarvajvaravināśāya jvarāṅkuśa iti smṛtaḥ ||;
RRS, 12: 12;58 1;abhrakaṁ gandhakaṁ sūtaṁ tolakaikaṁ pṛthakpṛthak |;
RRS, 12: 12;58 2;gṛhītvā viṣatolārdhaṁ tolārdhaṁ tintiḍīphalam ||;
RRS, 12: 12;59 1;etatsarvaṁ samaṁ kṛtvā mardayet khallamadhyataḥ |;
RRS, 12: 12;59 2;ślakṣṇatāṁ yāti tadyāvat tāvat saṁmardayecchanaiḥ ||;
RRS, 12: 12;60 1;vistāre pariṇāhe ca gartāṁ kṛtvā ṣaḍaṅgulām |;
RRS, 12: 12;60 2;phaṇivallīdalānyantargartāyāṁ prakṣipennaraḥ ||;
RRS, 12: 12;61 1;parṇeṣu sūtakalkaṁ taṁ gartāyāṁ sthāpayed dṛḍham |;
RRS, 12: 12;61 2;kalkād upari tatparṇair gartāvaktraṁ prapūrayet ||;
RRS, 12: 12;62 1;gartāyāṁ tu tato deyaṁ puṭamāraṇyakotpalaiḥ |;
RRS, 12: 12;62 2;svāṅgaśītalatāṁ jñātvā samākarṣettataḥ param ||;
RRS, 12: 12;63 1;sūtaliptadalaiḥ sārdhaṁ kalkaṁ khalle vimardayet |;
RRS, 12: 12;63 2;tolārdhamamṛtaṁ kṣiptvā tolārdhaṁ tintiḍīphalam ||;
RRS, 12: 12;64 1;sthāpayetkhallitaṁ kalkaṁ yojayed guñjamātrayā |;
RRS, 12: 12;64 2;śṛṅgaverāmbhasā yuktaṁ tīkṣṇacitrakasaindhavaiḥ ||;
RRS, 12: 12;65 1;saṁnipāte tathā vāte tridoṣe viṣamajvare |;
RRS, 12: 12;65 2;agnimāndye grahiṇyāṁ ca tathā deyo.tisāriṇi ||;
RRS, 12: 12;66 1;bhojanaṁ dadhibhaktaṁ ca rase.smin saṁprayojayet |;
RRS, 12: 12;66 2;vyādhyādikaṁ yathā kuryādudakaṁ ḍhālayet tataḥ ||;
RRS, 12: 12;67 1;eṣa yogavaraḥ śrīmānprāṇināṁ prāṇadāyakaḥ |;
RRS, 12: 12;67 2;cintāmaṇiritikhyāto rasaḥ sarvāṅgasundaraḥ ||;
RRS, 12: 12;68 1;sūtendraṁ parimardya pañcapaṭubhiḥ kṣārais tribhis taṁ nirguṇḍyambuhutāśamanthatilaparṇyunmattabhṛṅgārdrak|;
RRS, 12: 12;69 1;sūtendreṇa samair vimardya sahajaiḥ pittaistato bhāvayed vikhyātā bhuvi lokanāthaguṭikā mārīcamātrā hitā |;
RRS, 12: 12;70 1;vajravaikrāntayor bhasma pratyekaṁ niṣkasammitam |;
RRS, 12: 12;70 2;śṛṅgīviṣaṁ dviniṣkaṁ ca triniṣkaṁ cūlikāpaṭu ||;
RRS, 12: 12;71 1;pañcaniṣko.gnijāraśca sarvamekatra melayet |;
RRS, 12: 12;71 2;tāvadbhasma rasaṁ yāvanmardayed divasatrayam ||;
RRS, 12: 12;72 1;śārṅgaṣṭādikavargasya kṣāranīreṇa bhāvayet |;
RRS, 12: 12;72 2;trayoviṁśativārāṇi vimardya ca viśoṣya ca ||;
RRS, 12: 12;73 1;tato vimardya divasaṁ kṣiped dantakaraṇḍake |;
RRS, 12: 12;73 2;mṛtasaṁjīvanākhyo .yaṁ sūcikābharaṇo rasaḥ ||;
RRS, 12: 12;74 1;saṁnipātena tīvreṇa mumurṣor bhūgatasya ca |;
RRS, 12: 12;74 2;tāluni vṛścayitvātha rasamenaṁ vinikṣipet ||;
RRS, 12: 12;75 1;sūcyātisūkṣmayā toyabhinnayātiprayatnataḥ |;
RRS, 12: 12;75 2;tatastailena taṁ liptvā nirvāte saṁniveśayet ||;
RRS, 12: 12;76 1;tato .rdhapraharād ūrdhvaṁ muktamūtrapurīṣakam |;
RRS, 12: 12;76 2;labdhasaṁjñaṁ pratāpāḍhyaṁ dolayantaṁ śiro muhuḥ ||;
RRS, 12: 12;77 1;āyuṣmantaṁ vijānīyādanyathā cānyathā khalu |;
RRS, 12: 12;77 2;tataḥ śītāmbusampūrṇe kaṭāhe taṁ niveśayet ||;
RRS, 12: 12;78 1;tatra cotkvathitaṁ toyam apanīyāparaṁ kṣipet |;
RRS, 12: 12;78 2;yācamānam amuṁ paścāt pāyayet sasitaṁ payaḥ ||;
RRS, 12: 12;79 1;dadhi vā sitayopetaṁ nārikelajalaṁ tathā |;
RRS, 12: 12;79 2;rambhāphalāni dadyācca mriyate so .nyathā khalu ||;
RRS, 12: 12;80 1;labdhasaṁjñaṁ prabhāṣantaṁ yācamānaṁ phalādikam |;
RRS, 12: 12;80 2;tasmādākṛṣya tailāktaṁ tailaṁ piṣṭvāpanīya ca ||;
RRS, 12: 12;81 1;lepayedgandhakarpūrair ā pādatalamastakam |;
RRS, 12: 12;81 2;ityādiśiśirair dravyaiḥ saptarātram upācaret ||;
RRS, 12: 12;82 1;karṇākṣināsikāvaktre kṣipet potāśrayaṁ muhuḥ |;
RRS, 12: 12;82 2;aṣṭame .hani samprāpte dardurīmūlajaṁ rasam ||;
RRS, 12: 12;83 1;sasitaṁ pāyayed vegam avatārayituṁ rasam |;
RRS, 12: 12;83 2;rase.vatārite paścād yatheṣṭaṁ bhojanaṁ dadhi ||;
RRS, 12: 12;84 1;śvāsocchvāsayutaṁ cānyair muktajīvanalakṣaṇaiḥ |;
RRS, 12: 12;84 2;kaṭāhe jalasampūrṇe nikṣiped bodhalabdhaye ||;
RRS, 12: 12;85 1;labdhabodhaṁ tamākṛṣya pūrvavat samupācaret |;
RRS, 12: 12;85 2;jīvitvā yāvad āyuṣyaṁ mriyate tadanantaram ||;
RRS, 12: 12;86 1;saṁnipāte mahāghore majjantaṁ mṛtyusāgare |;
RRS, 12: 12;86 2;uddharettasya dharmasya brahmāpyantaṁ na vindati ||;
RRS, 12: 12;87 1;saṁnipātamahāmṛtyubhayanirmuktamānavaḥ |;
RRS, 12: 12;87 2;api sarvasvadānena prāṇācāryaṁ prapūjayet ||;
RRS, 12: 12;88 1;anyathā narake tāvad yāvat kalpavikalpanā |;
RRS, 12: 12;88 2;ityājñā śāṁkarī jñeyā śambhunā parikīrtitā ||;
RRS, 12: 12;89 1;prakāśā naiva kartavyā rasottaraṇamūlikā |;
RRS, 12: 12;89 2;śāstraṁ vinā prayacchante mandā vittābhikāṅkṣayā |;
RRS, 12: 12;89 3;guruprasādam āsādya saṁnipāte prayujyatām ||;
RRS, 12: 12;90 1;śārṅgaṣṭā ca tathā vyāghrī karīras tilaparṇikā |;
RRS, 12: 12;90 2;indravāruṇikā mustā haridrāṅkolamūlikā ||;
RRS, 12: 12;91 1;apāmārgaḥ kaṇā svarṇaṁ kaṭutumbī ca tintiḍī |;
RRS, 12: 12;91 2;śārṅgaṣṭādikavargo .yaṁ saṁnipātaharaḥ param ||;
RRS, 12: 12;92 1;sūtaṁ gandhakatālakaṁ maṇiśilāṁ tāpyaṁ lavaṁ kṛtvā kajjalikāṁ viṣolbaṇaphaṇeḥ pittaiśca saṁbhāvayet |;
RRS, 12: 12;93 1;brahmadvāri vikīrṇalohitalave guñjaikamātraṁ daded kāsaṁ śvāsamarocakaṁ pralapanaṁ kampaṁ ca |;
RRS, 12: 12;94 1;rasagandhakatāmrābhraṁ lāṅgalīvahnirāmaṭham |;
RRS, 12: 12;94 2;vandhyāpaṭolanirguṇḍīsugandhānimbapallavāḥ ||;
RRS, 12: 12;95 1;pāṭhākṣāratrayaṁ kṣveḍaboladhattūrataṇḍulaiḥ |;
RRS, 12: 12;95 2;śṛṅgīmadhukasāraṁ ca jambīrāmlena mardayet ||;
RRS, 12: 12;96 1;kuryāddhi niṣkamānena vaṭikā sā niyacchati |;
RRS, 12: 12;96 2;sasvedadāhābhinyāsaṁ saṁnipātagajāṁkuśaḥ ||;
RRS, 12: 12;97 1;sasārā vaiṣṇavī senā acalā kādi kaṅkaṇā |;
RRS, 12: 12;97 2;rāgarudropamopetā prauḍhā mastakaśālinī ||;
RRS, 12: 12;98 1;tribhāgaṁ tālakaṁ vidyād ekabhāgaṁ tu pāradam |;
RRS, 12: 12;98 2;tadardhaṁ gandhakaṁ caiva tadardhaṁ tu manaḥśilā ||;
RRS, 12: 12;99 1;kāravallīdalarasair mardayet tatpraharatrayam |;
RRS, 12: 12;99 2;pācito vālukāyantre cāturthikaharo rasaḥ ||;
RRS, 12: 12;100 1;syād rasena samāyukto gandhakaḥ sumanoharaḥ |;
RRS, 12: 12;100 2;hiyāvallitriguṇito nirguṇḍīrasamarditaḥ ||;
RRS, 12: 12;101 1;saptavārāṇi tad yojyam ārdrakasvarasena tu |;
RRS, 12: 12;101 2;saṁtatādijvaraṁ hanyāccāturthikagajāṁkuśaḥ ||;
RRS, 12: 12;102 1;tāpyatālakajepālavatsanābhamanaḥśilāḥ |;
RRS, 12: 12;102 2;tāmragandhakasūtaṁ ca musalīrasamarditaḥ |;
RRS, 12: 12;102 3;mṛtyuṁjaya iti khyātaḥ kukkuṭīpuṭapācitaḥ ||;
RRS, 12: 12;103 1;valladvayaṁ prayuñjīta yatheṣṭaṁ dadhibhojanam |;
RRS, 12: 12;103 2;navajvaraṁ saṁnipātaṁ hanyādeṣa mahārasaḥ ||;
RRS, 12: 12;104 1;śuddhaṁ sūtaṁ viṣaṁ gandhaṁ maricaṁ ṭaṅkaṇaṁ kaṇām mardayed dhūrtajadrāvair dinam ekaṁ tu śoṣayet ||;
RRS, 12: 12;105 1;pañcavaktro raso nāma dviguñjaḥ saṁnipātajit |;
RRS, 12: 12;105 2;arkamūlakaṣāyaṁ ca satryūṣam anupāyayet |;
RRS, 12: 12;105 3;dadhyodanaṁ hitaṁ tatra jalayogaṁ ca kārayet ||;
RRS, 12: 12;106 1;rasagandhakatulyāṁśaṁ dhattūraphalajadravaiḥ |;
RRS, 12: 12;106 2;mardayed dinamekaṁ tu tattulyaṁ trikaṭu kṣipet |;
RRS, 12: 12;106 3;unmattākhyo raso nāmnā nasye syātsaṁnipātajit ||;
RRS, 12: 12;107 1;nistvagjepālajaṁ bījaṁ daśaniṣkaṁ pracūrṇayet |;
RRS, 12: 12;107 2;maricaṁ pippalīṁ sūtaṁ pratiniṣkaṁ vimiśrayet ||;
RRS, 12: 12;108 1;bhāvyaṁ jambīrajairdrāvaiḥ saptāhaṁ tat prayatnataḥ |;
RRS, 12: 12;108 2;saṁnipātaṁ nihantyāśu añjane yaḥ śivaḥ smṛtaḥ ||;
RRS, 12: 12;109 1;madanaphalaṁ viḍalavaṇaṁ sarṣapāḥ pratiniṣkadvayam |;
RRS, 12: 12;109 2;cūrṇayitvā triphalākvāthena saṭaṅkaṇaṁ pibet ||;
RRS, 12: 12;110 1;kuṣṭhe jvare kāmalāyāṁ kaṇṭharoge hy ajīrṇake |;
RRS, 12: 12;110 2;nasye ca girikarṇyutthabījaikaṁ śītavāriṇā ||;
RRS, 12: 12;111 1;pratyekaṁ rasagandhayor dvipalayoḥ kṛtvā maṣīṁ pathyāyā badaratrikaṁ trikaṭu ṣaṭśāṇaṁ vacā dharmiṇī |;
RRS, 12: 12;112 1;piṣṭvaitat samasāram akhilaṁ karṣonmitaṁ nyasya tat bhūdhātrīvijayāsaritpatiphalaṁ jvālāmukhīmārkavaiḥ |;
RRS, 12: 12;113 1;pittairatho pañca vidhāya pañcabhiḥ dattvārdrakasya svarasena taṇḍulākṛtiṁ |;
RRS, 12: 12;114 1;deyaikā saṁnipāte pratihataviṣaye mohanetraprasuptyoḥ dātavyā jīrakeṇa dvipaturaganṛṇāṁ prāṇasaṁrakṣaṇāya |;
RRS, 12: 12;115 1;gandhakābhrasamaḥ sūto vārāhīrasamarditaḥ |;
RRS, 12: 12;115 2;pācito vālukāyantre triphalāvyoṣacitrakaiḥ ||;
RRS, 12: 12;116 1;trikṣāraṁ pañcalavaṇahiṅgugugguludīpyakaiḥ |;
RRS, 12: 12;116 2;sajīrakaiḥ sendrayavaiḥ pṛthagrasasamairyutaḥ ||;
RRS, 12: 12;117 1;māṣamātro.nupānena dvipalasyoṣṇavāriṇaḥ |;
RRS, 12: 12;117 2;abhinyāsānalabhraṁśagrahaṇīpāṇḍugulminām ||;

RRS, 12: 12;119 1;rasāyovyoṣakaṅkuṣṭhaśilātālābhrahiṅgulān |;
RRS, 12: 12;119 2;kumbhyagnibhṛṅgamārītaṇḍulīyakamākṣikān ||;
RRS, 12: 12;120 1;hastiśuṇḍīyutāṁs tulyāṁs tadardhaśivagandhakān |;
RRS, 12: 12;120 2;tryaham ārdrāmbunā piṣṭvā kūpīsthaṁ vālukāgninā ||;
RRS, 12: 12;121 1;jayājambīranirguṇḍīcāṅgerīvāri nikṣipet |;
RRS, 12: 12;121 2;paktvā caturdaśāhāni piṣṭvārdrāktaṁ viśoṣayet ||;
RRS, 12: 12;122 1;mṛtasaṁjīvanākhyo.yaṁ raso vallamito .śitaḥ |;
RRS, 12: 12;122 2;drāg jayedauṣadhaṁ saṁnipātādīn sakalān gadān ||;
RRS, 12: 12;123 1;rasabhāgo bhavedeko gandhako dviguṇo mataḥ |;
RRS, 12: 12;123 2;viṣatālakakaṅkuṣṭhaśilāhiṅgulalohakam ||;
RRS, 12: 12;124 1;vahnitrikaṭubhṛṅgāhvahemamākṣikamabhrakam |;
RRS, 12: 12;124 2;hastiśuṇḍī viṣaṁ kumbhī taṇḍulīyakatāmrakau ||;
RRS, 12: 12;125 1;eṣāṁ pratyekamekaikaṁ bhāgamādāya cūrṇayet |;
RRS, 12: 12;125 2;ārdrakasya draveṇaiva mardayecca dinatrayam ||;
RRS, 12: 12;126 1;jambīrasya raso grāhyaḥ palatrayaparīkṣitaḥ |;
RRS, 12: 12;126 2;triphalāyāśca nirguṇḍyāḥ pratyekaṁ ca palatrayam ||;
RRS, 12: 12;127 1;rasasya palamātraṁ tu cāṅgeryāḥ parikīrtitam |;
RRS, 12: 12;127 2;kācakūpyāṁ vinikṣipya yantre kṣiptvā prayatnavān ||;
RRS, 12: 12;128 1;uddhṛtyārdrakaniryāsair mardayitvā viśoṣayet |;
RRS, 12: 12;128 2;mṛtasaṁjīvano nāma raso.yaṁvidito bhuvi |;
RRS, 12: 12;128 3;guñjādvayaṁ dadītāsya saṁnipātāpanuttaye ||;
RRS, 12: 12;129 1;vaṅgaṁ nāgaṁ ca sūtaṁ ca nepālaṁ gandhakaṁ tathā |;
RRS, 12: 12;129 2;śulbaṁ viṣaṁ samāṁśena rasenārdreṇa mardayet ||;
RRS, 12: 12;130 1;punar mardyeta nirguṇḍyāś cāṅgeryā rasamarditaḥ |;
RRS, 12: 12;130 2;vallaprayogeṇa raso.yaṁ saṁnipātanut ||;
RRS, 12: 12;131 1;gandhakaṁ ca rasaṁ śuddhaṁ pratyekaṁ karṣasammitam ekatra kajjalīṁ kṛtvā tataḥ kurvīta golakam ||;
RRS, 12: 12;132 1;navabhāṇḍe vinikṣipya tāmrapātreṇa gopayet |;
RRS, 12: 12;132 2;dṛḍhaṁ nirudhya tat pātramagnāvāropayet tataḥ ||;
RRS, 12: 12;133 1;vrīhisphuṭanamātreṇa svāṅgaśītaṁ samuddharet |;
RRS, 12: 12;133 2;navajvare prayuñjīta rasaṁ parpaṭikāhvayam ||;
RRS, 12: 12;134 1;ārdrakasya rasenaiva trivallaṁ tridinaṁ bhiṣak |;
RRS, 12: 12;134 2;jvaritaṁ chādayedgāḍhaṁ yāvatsvedaḥ samudbhavet ||;
RRS, 12: 12;135 1;takrabhaktaṁ bhavetpathyaṁ jvaramuktasya dehinaḥ |;
RRS, 12: 12;135 2;navajvarārir ityeṣa rasaḥ paramadurlabhaḥ |;
RRS, 12: 12;135 3;vātajvare viśeṣeṇa rasaḥ sādhāraṇo mataḥ ||;
RRS, 12: 12;136 1;ṭaṅkaṇaṁ rasagandhau ca maricāni samāṁśakam |;
RRS, 12: 12;136 2;sarvaṁ jambīranīreṇa dināni trīṇi mardayet ||;
RRS, 12: 12;137 1;saṁśoṣya śarkarāyuktaṁ matsyapittena bhāvayet |;
RRS, 12: 12;137 2;bhāvitaṁ tadrasaṁ siddham ārdrakasvarasaistryaham ||;
RRS, 12: 12;138 1;vallaṁ vāratrayaṁ deyaṁ pānārthaṁ vāri śītalam |;
RRS, 12: 12;138 2;takrabhaktaṁ bhavetpathyaṁ vṛntākaphalasaṁyutam |;
RRS, 12: 12;138 3;sarvān navajvarān hanti raso.yaṁ jalamañjarī ||;
RRS, 12: 12;139 1;kāntasya kaṇṭavedhyānāṁ pātrāṇāṁ bhasma kārayet |;
RRS, 12: 12;139 2;tatsamaśca raso gandhaṣṭaṅkaṇo nimbavāriṇā |;
RRS, 12: 12;139 3;tataḥ saṁpeṣya tatkalkaṁ mardayettridinaṁ punaḥ ||;
RRS, 12: 12;140 1;rasatulyena matsyasya pittena paribhāvayet |;
RRS, 12: 12;140 2;siddhaḥ kāntaraso hy eṣa prayojyo .bhinavajvare |;
RRS, 12: 12;140 3;śṛṅgaverānupānena mātrayā bhiṣaguttamaiḥ ||;
RRS, 12: 12;141 1;rasagandhau tathā vaṅgam abhrakaṁ samabhāgataḥ |;
RRS, 12: 12;141 2;melayitvātha vaṅgena samaṁ sūtaṁ vimardayet ||;
RRS, 12: 12;142 1;tatraikīkṛtya gandhābhre peṣyaṁ jambīravāriṇā |;
RRS, 12: 12;142 2;sāmānyaṁ puṭam ādadyāt saptadhā sādhitaṁ rasam ||;
RRS, 12: 12;143 1;kumāryā citrakeṇāpi bhāvayitvātha saptadhā |;
RRS, 12: 12;143 2;guḍena jīrakeṇāpi jvare jīrṇe prayojayet ||;
RRS, 12: 12;144 1;kāse śvāse kumāryā ca triphalākvāthayogataḥ |;
RRS, 12: 12;144 2;unmādaṁ ca dhanurvātam amṛtākvāthayogataḥ |;
RRS, 12: 12;144 3;ityevaṁ rogatāpaghno rasaś candrodayābhidhaḥ ||;
RRS, 12: 12;145 1;nāgaṁ vaṅgaṁ rasaṁ tāmraṁ gandhakaṁ ṭaṅkaṇaṁ tathā viṣaṁ ca nepālaṁ haritālaṁ samaṁ tathā ||;
RRS, 12: 12;146 1;vaṭakṣīreṇa saṁmardya sarvaṁ kuryāttu golakam |;
RRS, 12: 12;146 2;taṁ golakaṁ bhāṇḍamadhye pācayeddīpavahninā ||;
RRS, 12: 12;147 1;taṁ golaṁ śītalaṁ kṛtvā bhṛṅgarājena mardayet |;
RRS, 12: 12;147 2;ārdrakasya rasenāpi mardayecca punaḥ punaḥ ||;
RRS, 12: 12;148 1;caṇapramāṇavaṭakān rasenārdrasya dāpayet |;
RRS, 12: 12;148 2;guñjādvayapramāṇena jvaraṁ jīrṇaṁ haratyasau ||;
RRS, 12: 12;149 1;haraśca gandhakaṁ caiva kunaṭī ca samaṁ samam |;
RRS, 12: 12;149 2;mardyaṁ karkoṭikāyāśca rasena viniyojayet ||;
RRS, 12: 12;150 1;navajvaramurāriḥ syādvallaṁ śarkarayā saha |;
RRS, 12: 12;150 2;taṇḍulīyarasenānupānaṁ śarkarayāpi vā |;
RRS, 12: 12;150 3;guñjādvayapramāṇena jvarānhanti navānhaṭhāt ||;
RRS, 13: 13;1 1;kaṭvamlatīkṣṇalavaṇoṣṇavidāhirūkṣaiḥ pittaṁ praduṣṭam saṁdūṣya raktam amunobhayamārgavarti |;
RRS, 13: 13;2 1;pāradaṁ hiṅgulukaṁ ca ūrdhvayantreṇa melayet |;
RRS, 13: 13;2 2;kukkuṭāṇḍarasaṁ bhāgaṁ ṭaṅkaṇakṣāram eva ca ||;
RRS, 13: 13;3 1;gandhakasya tathā bhāgaṁ ghṛtena parimardayet |;
RRS, 13: 13;3 2;siddhaṁ rasaṁ samādāya jīratoyena dāpayet ||;
RRS, 13: 13;4 1;dināni trīṇi māṣaṁ ca grahaṇīraktadoṣajit |;
RRS, 13: 13;4 2;jvaradāhavināśaṁ ca raktapittavināśanam ||;
RRS, 13: 13;5 1;pratyekaṁ tolamānena sūtakaṁ tāmrabhasmakam |;
RRS, 13: 13;5 2;dināni trīṇi guṭikāṁ kṛtvā cāgnau vinikṣipet ||;
RRS, 13: 13;6 1;tataḥ śuṣkaṁ samādāya punareva ca mardayet |;
RRS, 13: 13;6 2;samastaiḥ samagandhaiśca kṛtvā kajjalikāṁ ca taiḥ ||;
RRS, 13: 13;7 1;mustādāḍimadūrvābhiḥ ketakīstanavāribhiḥ |;
RRS, 13: 13;7 2;sahadevyāḥ kumāryāśca parpaṭasyāpi vāriṇā ||;
RRS, 13: 13;8 1;rāmaśītalikātoyaiḥ śatāvaryā rasena ca |;
RRS, 13: 13;8 2;bhāvayitvā prayatnena divase divase pṛthak ||;
RRS, 13: 13;9 1;tiktaṁ guḍūcikāsattvaṁ parpaṭīśīramāgadhīḥ |;
RRS, 13: 13;9 2;śṛṅgāṭaṁ sārivā caiṣāṁ samānaṁ sūkṣmacūrṇakam ||;
RRS, 13: 13;10 1;drākṣādikakaṣāyeṇa saptadhā paribhāvayet |;
RRS, 13: 13;10 2;tataḥ potāśrayaṁ kṣiptvā vaṭyaḥ kāryāścaṇopamāḥ ||;
RRS, 13: 13;11 1;ayaṁ candrakalānāmā rasendraḥ parikīrtitaḥ |;
RRS, 13: 13;11 2;sarvapittagadadhvaṁsī vātapittagadāpahaḥ ||;
RRS, 13: 13;12 1;antarbāhyamahādāhavidhvaṁsanamahākṣamaḥ |;
RRS, 13: 13;12 2;grīṣmakāle śaratkāle viśeṣeṇa praśasyate ||;
RRS, 13: 13;13 1;kurute nāgnimāndyaṁ ca mahātāpajvaraṁ haret |;
RRS, 13: 13;13 2;śramaṁ mūrchāṁ haratyāśu strīṇāṁ raktamahāsravam ||;
RRS, 13: 13;14 1;ūrdhvādho raktapittaṁ ca raktavāntiṁ viśeṣataḥ |;
RRS, 13: 13;14 2;mūtrakṛcchrāṇi sarvāṇi nāśayennātra saṁśayaḥ ||;
RRS, 13: 13;15 1;paṭolamāyasaṁ cūrṇaṁ sūtendraṁ samacāritam |;
RRS, 13: 13;15 2;lohārivargasaṁghṛṣṭaṁ raktapittaharaṁ param ||;
RRS, 13: 13;16 1;vṛṣādalānāṁ svarasasya karṣaṁ lihanprabhāte manujo nihanyād duḥkhākaraṁ |;
RRS, 13: 13;17 1;sapaṭolakahiṅgūlaḥ sakṣaudro raktapittanut ||;
RRS, 13: 13;18 1;navanītaṁ sitā lājā drākṣayā saha bhakṣayet ||;
RRS, 13: 13;19 1;mastake ca ghṛtaṁ dadyādraktapittaharaṁ param ||;
RRS, 13: 13;20 1;drākṣāvāsāyutaṁ kvāthaṁ śarkarābhāvitaṁ pibet ||;
RRS, 13: 13;21 1;vāsārasaṁ sitākṣaudrairlājānvā śarkarāsamān |;
RRS, 13: 13;21 2;bhakṣayan raktapittārtas tṛṣṇādāhajvaraṁ jayet ||;
RRS, 13: 13;22 1;dhātrīcūrṇaṁ sitāyuktaṁ bhakṣayedraktapittanut ||;
RRS, 13: 13;23 1;doṣāḥ śoṣamano.bhitāpakupitāḥ kurvanti kāsaṁ tataḥ śītoṣṇecchur akāraṇena bahubhuk snigdhaprasannānanaḥ |;
RRS, 13: 13;24 1;sārkatīkṣṇābhrako .gastyakāsamardavarārasaiḥ |;
RRS, 13: 13;24 2;mardito vetasāmlena piṇḍitaḥ kāsanāśanaḥ ||;
RRS, 13: 13;25 1;tāre piṣṭaśilāṁ kṣiptvā haritālāccaturguṇām |;
RRS, 13: 13;25 2;vāsāgokṣurasārābhyāṁ mardayet praharadvayam ||;
RRS, 13: 13;26 1;prasvinno vālukāyantre guñjādvitayasaṁmitaḥ |;
RRS, 13: 13;26 2;kāsaṁ trikaṭunirguṇḍīmūlacūrṇayuto haret ||;
RRS, 13: 13;27 1;bhūnāgābhrakayoḥ sattvaṁ kāntahemābhrarūpyakam |;
RRS, 13: 13;27 2;muktāphalāni ratnāni tāpyaṁ vaikrāntameva ca ||;
RRS, 13: 13;28 1;bhasmīkṛtamidaṁ sarvaṁ pṛthaṅ māṣamitaṁ matam |;
RRS, 13: 13;28 2;niṣkamātramitaṁ śuddhaṁ rājāvartarajastathā ||;
RRS, 13: 13;29 1;etatsarvaṁ samaṁ yojyaṁ mardayitvāmlavetasaiḥ |;
RRS, 13: 13;29 2;ruddhvā mūṣodare koṣṭhyāṁ dhamedākāśadarśanam ||;
RRS, 13: 13;30 1;śatavāraṁ dhamedevaṁ mardayitvāmlavetasaiḥ |;
RRS, 13: 13;30 2;tataḥ saṁcūrṇite cāsminmuktābhasma dviśāṇakam ||;
RRS, 13: 13;31 1;maricaṁ pañca śāṇeyaṁ kṣiptvā saṁmardya yatnataḥ |;
RRS, 13: 13;31 2;ramye karaṇḍake kṣiptvā sthāpayet tadanantaram ||;
RRS, 13: 13;32 1;so .yaṁ ratnakaraṇḍako rasavaro madhvājyasaṁkrāmaṇo śūlaṁ śoṣamahodaraṁ bahuvidhaṁ kuṣṭhaṁ ca hanyād |;
RRS, 13: 13;33 1;śuddhasūtasya bhāgaikaṁ bhāgaikaṁ śuddhagandhakam |;
RRS, 13: 13;33 2;bhāgatrayaṁ mṛtaṁ tāmraṁ maricaṁ pañcabhāgikam ||;
RRS, 13: 13;34 1;mṛtābhrasya caturbhāgaṁ bhāgamekaṁ viṣaṁ kṣipet |;
RRS, 13: 13;34 2;bhūtāṅkuśasya bhāgaikaṁ sarvaṁ cāmlena mardayet ||;
RRS, 13: 13;35 1;yāmaṁ bhūtāṅkuśo nāma māṣaikaṁ vātakāsajit |;
RRS, 13: 13;35 2;anupānaṁ lihetkṣaudrairvibhītakaphalatvacaḥ |;
RRS, 13: 13;35 3;pittakāsāruciśvāsakṣayakāsāṁśca nāśayet ||;
RRS, 13: 13;36 1;rasabhasma viṣaṁ tulyaṁ gandhakaṁ dviguṇaṁ matam |;
RRS, 13: 13;36 2;bolatālakavāhlīkakarkoṭīmākṣikaṁ niśā ||;
RRS, 13: 13;37 1;kaṇṭakārī yavakṣāralāṅgalīkṣārasaindhavam |;
RRS, 13: 13;37 2;madhūkasāraṁ saṁcūrṇya saptāhaṁ cārdrakadravaiḥ ||;
RRS, 13: 13;38 1;guṭikāṁ badarākārāṁ śleṣmakāsāpanuttaye |;
RRS, 13: 13;38 2;bhakṣayed bolabaddho .yaṁ rasaḥ saśvāsapāṇḍujit ||;
RRS, 13: 13;39 1;rasagandhakapippalyo harītakyakṣavāsakam |;
RRS, 13: 13;39 2;ṣaḍuttaraguṇaṁ cūrṇaṁ babbulakvāthabhāvitam ||;
RRS, 13: 13;40 1;ekaviṁśativārāṇi śoṣayitvā vicūrṇayet |;
RRS, 13: 13;40 2;bhakṣayenmadhunā hanti kāsam agniraso hy ayam ||;
RRS, 13: 13;41 1;trikaṭu triphalā cailā jātīphalalavaṁgakam |;
RRS, 13: 13;41 2;eteṣāṁ samabhāgānāṁ samaḥ pūrvaraso bhavet ||;
RRS, 13: 13;42 1;sampūryāloḍayet kṣaudre bhakṣyo niṣkadvayaṁ dvayam |;
RRS, 13: 13;42 2;svayam agniraso nāmnā kṣayakāsanikṛntanaḥ ||;
RRS, 13: 13;43 1;bhṛṅgarājasya pattrāṇi madhunā cūrṇitāni hi |;
RRS, 13: 13;43 2;golakaṁ dhārayedvaktre kāsaviṣṭambhaśāntaye ||;
RRS, 13: 13;44 1;arkairaṇḍasya pattrāṇāṁ rasaṁ pītvā ca kāsajit ||;
RRS, 13: 13;45 1;dantīmūlasya dhūmaṁ vā nirguṇḍyā vā pibejjayet ||;
RRS, 13: 13;46 1;indravāruṇikāmūlaṁ bhṛṅgīkṛṣṇātilaiḥ saha |;
RRS, 13: 13;46 2;bhakṣayet kṣayakāsārto niṣkamātraṁ praśāntaye ||;
RRS, 13: 13;47 1;śleṣmoparuddhamanaḥ pavano .tiduṣṭaḥ saṁdūṣayannanu āmāśayodbhavam imaṁ vidadhāty urasthaḥ śvāsaṁ ca |;
RRS, 13: 13;48 1;indravāruṇikāmūlaṁ devadāru kaṭutrayam |;
RRS, 13: 13;48 2;śarkarāsahitaṁ khāded ūrdhvaśvāsapraśāntaye ||;
RRS, 13: 13;49 1;sūtārdhaṁ gandhakaṁ mardyaṁ yāmaikaṁ dvayoḥ samaṁ tāmrapattraṁ pūrvakalkena melayet ||;
RRS, 13: 13;50 1;dinaikaṁ haṇḍikāyantre pakvamādāya cūrṇayet |;
RRS, 13: 13;50 2;sūryāvartaraso hy eṣa dviguñjaḥ śvāsajit bhavet ||;
RRS, 13: 13;51 1;sūtaḥ ṣoḍaśa tatsamo dinakarastasyārdhabhāgo baliḥ jambīrasvarasena marditam idaṁ taptaṁ supakvaṁ bhavet |;
RRS, 13: 13;52 1;sādhāraṇaṁ tu vaṭakaṁ vakṣyāmi śṛṇu tattvataḥ |;
RRS, 13: 13;52 2;pāradaṁ gandhakaṁ caiva palamekaṁ pṛthak pṛthak ||;
RRS, 13: 13;53 1;palatrayaṁ trikaṭukaṁ vaṅgam ekapalaṁ kṣipet |;
RRS, 13: 13;53 2;sarvam ekatra saṁyojya dināni trīṇi mardayet ||;
RRS, 13: 13;54 1;gomūtreṇa tathā trīṇi dināni parimardayet |;
RRS, 13: 13;54 2;akṣapramāṇavaṭakaṁ chāyāśuṣkaṁ tu kārayet ||;
RRS, 13: 13;55 1;nityamekaṁ tu vaṭakaṁ dināni triṁśadeva ca |;
RRS, 13: 13;55 2;śvāsakāsajvaraharam agnimāndyārucipraṇut ||;
RRS, 13: 13;56 1;rasabhāgo bhavedeko gandhako dviguṇo mataḥ |;
RRS, 13: 13;56 2;tribhāgā pippalī grāhyā caturbhāgā harītakī ||;
RRS, 13: 13;57 1;vibhītaḥ pañcabhāgastu vāsā ṣaḍguṇitā bhavet |;
RRS, 13: 13;57 2;bhārṅgīsaptaguṇā grāhyā sarvaṁ cūrṇaṁ prakalpayet ||;
RRS, 13: 13;58 1;babbulakvātham ādāya bhāvayed ekaviṁśatiḥ |;
RRS, 13: 13;58 2;vibhītakapramāṇena madhunā guṭikāṁ caret ||;
RRS, 13: 13;59 1;ekaikāṁ bhakṣayetprātarvaṭī saptāmṛtābhidhā |;
RRS, 13: 13;59 2;śvāsakāsādikaṁ vyādhiṁ tatkṣaṇānnāśayed iyam ||;
RRS, 13: 13;60 1;sūtaṁ śulbaṁ sulohaṁ balim amṛtayutaṁ tritrikaṁ kuryāt kolāsthimātrān suruciravaṭakān bhakṣayet |;

RRS, 13: 13;62 1;mṛtsnayā ca pariveṣṭya golakaṁ yāmayugmam atha gandhakena kuru tatsamaṁ tataś cāṭarūṣakaṭukair |;
RRS, 13: 13;63 1;śvāsakāsakarikesarīraso vallayasya parisevayed budhaḥ ||;
RRS, 13: 13;64 1;rasagandhakatāmrābhraṁ kaṇāśuṇṭhyūṣaṇaṁ samam |;
RRS, 13: 13;64 2;bhūtam ekaṁ viṣaṁ caikaṁ sūryaḥ kāsādināśanaḥ ||;
RRS, 13: 13;65 1;gandhakaṁ maricaṁ sājyaṁ pibecchvāsakaphāpaham |;
RRS, 13: 13;65 2;śilā hiṅgu viḍaṅgaṁ ca maricaṁ kuṣṭhasaindhavam |;
RRS, 13: 13;65 3;madhvājyābhyāṁ lihet karṣaṁ śvāsakāśakaphāpaham ||;
RRS, 13: 13;66 1;vidāhiguruviṣṭambhirūkṣābhiṣyandibhojanaiḥ |;
RRS, 13: 13;66 2;śītapānāśanasthānarajodhūmātapānilaiḥ |;
RRS, 13: 13;66 3;vyāyāmakarmabhārādhvavegāghātāpatarpaṇaiḥ |;
RRS, 13: 13;66 4;hikkā śvāsaśca kāsaśca nṛṇāṁ samupajāyate |;
RRS, 13: 13;66 5;rasagandhakadhānyābhratālatāpyopalaṁ kramāt |;
RRS, 13: 13;66 6;bhāgavṛddhaṁ vacākuṣṭhaharidrākṣāracitrakaiḥ ||;
RRS, 13: 13;67 1;sapāṭhā lāṅgalī vyoṣasaindhavākṣaviṣaiḥ samam |;
RRS, 13: 13;67 2;bhāvitaṁ bhṛṅganīreṇa hikkāvaisvaryakāsanut ||;
RRS, 13: 13;68 1;pakvatāmre rasaḥ piṣṭo balinā hidhmināṁ hitaḥ ||;
RRS, 13: 13;69 1;cūrṇaṁ pāṭhendravāruṇyorbhāṇḍe dattvātha kunaṭīm |;
RRS, 13: 13;69 2;tatpṛṣṭhe śuddhasūtaṁ ca kunaṭyaṁśaṁ pradāpayet ||;
RRS, 13: 13;70 1;sūtārdhaṁ kunaṭīcūrṇaṁ tasyārdhaṁ pūrvamūlikā |;
RRS, 13: 13;70 2;cūrṇaṁ dattvā paceccullyā yāmāṣṭa mṛduvahninā |;
RRS, 13: 13;70 3;śilāpūto raso nāma hanti hikkāṁ triguñjakaḥ ||;
RRS, 13: 13;71 1;mṛtasūtaṁ mṛtaṁ tāmraṁ hiṅgu puṣkaramūlakam |;
RRS, 13: 13;71 2;saindhavaṁ gandhakaṁ tālaṁ kaṭukaṁ cūrṇayet samān ||;
RRS, 13: 13;72 1;devadālīpunarnavayor nirguṇḍīmeghanādayoḥ |;
RRS, 13: 13;72 2;tiktakoṣātakīdrāvair dinaikaṁ mardayed dṛḍham ||;
RRS, 13: 13;73 1;māṣamātraṁ lihet kṣaudraiḥ rasaṁ manthānabhairavam |;
RRS, 13: 13;73 2;kapharogapraśāntyarthaṁ nimbakvāthaṁ pibedanu ||;Rasamañjarī RMañj, 6: 6 197;māṣamātraṁ lihetkṣaudrai raso manthānabhairavaḥ |kapharogapraśāntyarthaṁ nimbakvāthaṁ pibedanu ||;GOOD;;Śārṅgadharasaṁhitā ŚdhSaṁh, 2, 12: 3 229;māṣamātraṁ lihetkṣaudrai rasaṁ manthānabhairavam |kapharogapraśāntyarthaṁ nimbakvāthaṁ pibedanu ||;GOOD;;
RRS, 13: 13;74 1;viśvāditrikanirgatadravaniśā kīrapriyotthaṁ dalaṁ vidvatpuñjavatī kṛmipratibhaṭaṁ nirguṇḍikāvāriṇā |;
RRS, 13: 13;75 1;kvāthaṁ rāsnābṛhatyagnibalādugdhaiś ca pāyayet ||;
RRS, 13: 13;76 1;hikvinaṁ pāyayed dhūmaṁ pattraiḥ śikhiniśodbhavaiḥ ||;
RRS, 13: 13;77 1;karṣaikaṁ gandhakaṁ śuddhaṁ ghṛtaiś coṣṇodakaiḥ pibet kaphaṁ hantyatha vā kṣaudraiḥ pañcavaktrarasaḥ khalu ||;
RRS, 13: 13;78 1;atyuccabhāṣaṇaviṣādhyayanābhighātasaṁdūṣaṇaiḥ srotaḥsu te svaravaheṣu gatāḥ pratiṣṭhāṁ hanyuḥ svaraṁ |;
RRS, 13: 13;79 1;rasaṁ dviguṇagandhena mardayitvā sabhṛṅgakam |;
RRS, 13: 13;79 2;lohapātre ghṛtābhyakte drāvitaṁ badarāgninā ||;
RRS, 13: 13;80 1;ūrdhvādho gomayaṁ dattvā kadalyāḥ komale dale |;
RRS, 13: 13;80 2;snigdhayā lohadarvyā ca parpaṭākāratāṁ nayet ||;
RRS, 13: 13;81 1;lohapātre vinikṣiptā lohaparpaṭikā bhavet |;
RRS, 13: 13;81 2;tāmrapātre vinikṣiptā tāmraparpaṭikā bhavet ||;
RRS, 13: 13;82 1;viṣapādaṁ ca yuñjīta tatsādhyeṣvāmayeṣu ca |;
RRS, 13: 13;82 2;surasāyā jayantyāś ca kanyakāṭarūṣakayoḥ ||;
RRS, 13: 13;83 1;triphalāyā muner bhārṅgyā muṇḍyās trikaṭucitrayoḥ |;
RRS, 13: 13;83 2;bhṛṅgarājasya vahneśca pratyahaṁ dravabhāvitam ||;
RRS, 13: 13;84 1;ārdrakasya rasenāpi saptadhā bhāvayetpunaḥ |;
RRS, 13: 13;84 2;aṅgāraiḥ svedayed īṣat parpaṭarasam uttamam ||;
RRS, 13: 13;85 1;guñjāṣṭakaṁ dadītāsya tāmbūlīpattrasaṁyutam |;
RRS, 13: 13;85 2;pippalīdaśakaiḥ kvāthaṁ nirguṇḍyāś cānupāyayet |;
RRS, 13: 13;85 3;svarabhaṅge kaphe śvāse prayojyaḥ sarvadā rasaḥ ||;
RRS, 13: 13;86 1;trikaṇṭakasya mūlāni śuṇṭhīṁ saṁkṣudya nikṣipet |;
RRS, 13: 13;86 2;ajākṣīre sanīrārdhaṁ yāvatkṣīraṁ vipācayet ||;
RRS, 13: 13;87 1;tatkṣīraṁ pāyayedrātrau sakaṇaṁ bhojane .pi ca |;
RRS, 13: 13;87 2;kūṣmāṇḍaṁ varjayecciñcāṁ vṛntākaṁ karkaṭīm api ||;
RRS, 13: 13;88 1;āranālaṁ ca tailaṁ ca saṁsargaṁ ca vivarjayet |;
RRS, 13: 13;88 2;māsatrayaṁ ca seveta kāsaśvāsanivṛttaye ||;
RRS, 13: 13;89 1;sajīrahiṅgukavyoṣaiḥ śamayed grahaṇīṁ rasaḥ |;
RRS, 13: 13;89 2;daśamūlāmbhasā vātajvaraṁ trikaṭunā kapham ||;
RRS, 13: 13;90 1;jvaraṁ madhukasāreṇa pañcakolena sarvajam |;
RRS, 13: 13;90 2;yakṣmāṇaṁ madhupippalyā gomūtreṇa gudāṅkurān ||;
RRS, 13: 13;91 1;śūlam eraṇḍatailena pāṇḍuśophaṁ sagugguluḥ |;
RRS, 13: 13;91 2;kuṣṭhāni bhṛṅgabhallātavākucī pañcanimbakaiḥ ||;
RRS, 13: 13;92 1;dhattūrabījasaṁyogānmehonmādavināśinī |;
RRS, 13: 13;92 2;apasmāraṁ nihantyāśu vyoṣanimbudalaiḥ saha ||;
RRS, 13: 13;93 1;stanaṁdhayaśiśūnāṁ tu raso.yaṁ nitarāṁ hitaḥ |;
RRS, 13: 13;93 2;pathyākṣacūrṇādivaśād vyādhīṁś cānyān sudustarān ||;
RRS, 13: 13;94 1;sajātīphalaśītodaṁ yojayetparpaṭīrasam |;
RRS, 13: 13;94 2;pittājīrṇe śiraś cāsya śītatoyena secayet ||;
RRS, 13: 13;95 1;nasyaṁ niṣṭhīvanaṁ dhūmaṁ tīkṣṇaṁ vamanarecanam |;
RRS, 13: 13;95 2;annaṁ rūkṣālpatīkṣṇoṣṇaṁ kaṭutiktakaṣāyakam |;
RRS, 13: 13;95 3;cirakālasthitaṁ madyaṁ yojayetkapharogiṇe ||;
RRS, 14: 14;1 1;agnimāndyaṁ jvaraḥ śaityaṁ vāntiḥ śoṇitapūyayoḥ |;
RRS, 14: 14;1 2;sattvahāniśca daurbalyaṁ rājarogasya lakṣaṇam ||;
RRS, 14: 14;2 1;rasasya tulyabhāgena hemabhasma prakalpayet |;
RRS, 14: 14;2 2;tālakaṁ gandhakaṁ tutthaṁ mākṣikaṁ rasakaṁ śilām ||;
RRS, 14: 14;3 1;rasasāmyena yuñjīta tutthaṁ bhasmīkṛtaṁ nyaset |;
RRS, 14: 14;3 2;vahnau bhasmīkṛtaṁ cetthaṁ mayūrakasututthakam ||;
RRS, 14: 14;4 1;kiṁciṭ ṭaṅkaṇakaṁ dattvā mārjārasya viśā yutam |;
RRS, 14: 14;4 2;prathamaṁ puṭayed dadhnā dvitīyaṁ madhunā saha ||;
RRS, 14: 14;5 1;tālakaṁ śodhayedagre kūṣmāṇḍakṣārapācanāt |;
RRS, 14: 14;5 2;taile pacettataḥ samyak cūrṇe vā pariśodhayet ||;
RRS, 14: 14;6 1;gandhakaṁ śodhayeddugdhe rasakaṁ naravāriṇā |;
RRS, 14: 14;6 2;mākṣikaṁ sindhusaṁyuktaṁ bījapūrarase pacet ||;
RRS, 14: 14;7 1;jayantīdravasampiṣṭāṁ śilāṁ tatraiva pācayet |;
RRS, 14: 14;7 2;ekīkṛtya tataḥ sarvam arkakṣīreṇa mardayet ||;
RRS, 14: 14;8 1;jayantībhṛṅgarājābhyāṁ vāsāpāṭhākṛśānubhiḥ |;
RRS, 14: 14;8 2;agastilāṅgalībhyāṁ ca pratyekaṁ divasaṁ śanaiḥ ||;
RRS, 14: 14;9 1;tatastu golakaṁ baddhvā pacetpūrvavadāhṛtaḥ |;
RRS, 14: 14;9 2;cūrṇayitvā tataḥ samyag bhāvayedārdrakāmbunā ||;
RRS, 14: 14;10 1;saptadhā vyoṣaniryāsai rasaḥ kanakasundaraḥ |;
RRS, 14: 14;10 2;guñjādvayaṁ trayaṁ vāsya rājayakṣmāpanuttaye ||;
RRS, 14: 14;11 1;madhunā pippalībhiśca maricairvā ghṛtānvitaiḥ |;
RRS, 14: 14;11 2;lehayedrogiṇaṁ vaidyo balāvasthāviśeṣavit ||;
RRS, 14: 14;12 1;jayapālarajobhirvā śuṇṭhyā gavyaghṛtāktayā |;
RRS, 14: 14;12 2;dadīta śūline prājño gulmine ca viśeṣataḥ ||;
RRS, 14: 14;13 1;kādivarjyaṁ caretpathyaṁ hṛdyaṁ balyaṁ ca pūrvavat |;
RRS, 14: 14;13 2;sannipāte dadītainamārdrakadravasaṁyutam |;
RRS, 14: 14;13 3;guḍūcītriphalākvāthaiḥ saṁskṛto guggulurvaraḥ ||;
RRS, 14: 14;14 1;rasabhasma trayo bhāgā bhāgaikaṁ hemabhasmakam |;
RRS, 14: 14;14 2;mṛtatāmrasya bhāgaikaṁ śilāgandhakatālakam ||;Rasamañjarī RMañj, 6: 6 36;rasabhasma trayo bhāgā bhāgaikaṁ hemabhasmakam |mṛtatāmrasya bhāgaikaṁ śilāgandhakatālakam ||;GOOD;;
RRS, 14: 14;15 1;pratibhāgadvayaṁ śuddhamekīkṛtya vicūrṇayet |;
RRS, 14: 14;15 2;varāṭānpūrayettena ajākṣīreṇa ṭaṅkaṇam ||;Rasamañjarī RMañj, 6: 6 37;pratibhāgadvayaṁ śuddhamekīkṛtya vicūrṇayet |varāṭīḥ pūrayettena hyajākṣīreṇa ṭaṁkaṇam ||;!;;
RRS, 14: 14;16 1;piṣṭvā tena mukhaṁ ruddhvā mṛdbhāṇḍe tannirodhayet |;
RRS, 14: 14;16 2;śuddhaṁ gajapuṭe pacyāccūrṇayetsvāṅgaśītalam ||;Rasamañjarī RMañj, 6: 6 38;piṣṭvā tena mukhaṁ ruddhvā mṛdbhāṇḍe ca nirodhayet |śuṣkaṁ gajapuṭe pācyaṁ cūrṇayetsvāṅgaśītalam ||;!;;
RRS, 14: 14;17 1;raso rājamṛgāṅko.yaṁ caturguñjaḥ kṣayāpahaḥ |;
RRS, 14: 14;17 2;daśapippalikākṣaudrairmaricaikonaviṁśatiḥ |;
RRS, 14: 14;17 3;saghṛtairdāpayedvaidyo rogarājapraśāntaye ||;
RRS, 14: 14;18 1;śaṅkhasya valayānniṣkaṁ caturniṣkaṁ varāṭakam |;
RRS, 14: 14;18 2;niṣkārdhaṁ nīlatutthasya sarvatulyaṁ tu gandhakam ||;
RRS, 14: 14;19 1;gandhatulyaṁ mṛtaṁ nāgaṁ nāgatulyaṁ mṛtaṁ rasam |;
RRS, 14: 14;19 2;ṭaṅkaṇaṁ rasatulyaṁ syānmardyaṁ pācyaṁ mṛgāṅkavat |;
RRS, 14: 14;19 3;rājayakṣmaharaḥ so.yaṁ nāmnā śaṅkheśvaro mataḥ ||;
RRS, 14: 14;20 1;śaṅkhanābhiṁ gavāṁ kṣīraiḥ peṣayenniṣkaṣoḍaśa |;
RRS, 14: 14;20 2;tena mūṣā prakartavyā tanmadhye bhasmasūtakam ||;
RRS, 14: 14;21 1;niṣkārdhaṁ gandhakāttrīṇi cūrṇīkṛtya vinikṣipet |;
RRS, 14: 14;21 2;ruddhvā tadveṣṭayedvastre mṛttikāṁ lepayedbahiḥ ||;
RRS, 14: 14;22 1;śoṣyaṁ gajapuṭe pacyānmūṣayā saha cūrṇayet |;
RRS, 14: 14;22 2;guñjaikamanupānena kṣayaṁ hanti mṛgāṅkavat ||;
RRS, 14: 14;23 1;dviniṣkaṁ bhasma sūtasya niṣkaikaṁ svarṇabhasmakam |;
RRS, 14: 14;23 2;śuddhagandhakaniṣkau dvau cūrṇayitvā citrakadravaiḥ ||;
RRS, 14: 14;24 1;dviyāmānte viśoṣyātha tena pūryā varāṭikāḥ |;
RRS, 14: 14;24 2;varāṭānmṛṇmaye bhāṇḍe ruddhvā gajapuṭe pacet ||;
RRS, 14: 14;25 1;svāṅgaśītaṁ vicūrṇyātha poṭalīṁ hemagarbhitām |;
RRS, 14: 14;25 2;mṛgāṅkavaccaturguñjaṁ bhakṣitaṁ rājayakṣmanut ||;
RRS, 14: 14;26 1;svayamagnirasaṁ khādettriniṣkaṁ rājayakṣmanut ||;
RRS, 14: 14;27 1;bhasmasūtābhralohānāṁ śilājatuviṣaṁ samam |;
RRS, 14: 14;27 2;guḍūcītriphalākvāthaiḥ saṁskṛtaṁ gugguluṁ tathā ||;
RRS, 14: 14;28 1;mṛtaṁ nepālatāmraṁ ca sūtasthāne niyojayet |;
RRS, 14: 14;28 2;ekīkṛtya dviguñjaṁ tadbhakṣayedrājayakṣmanut ||;
RRS, 14: 14;29 1;pañcāmṛtaraso nāma hyanupānaṁ ca pūrvavat ||;
RRS, 14: 14;30 1;haretkṣīrājagandhābhyāṁ jayantī vā kṣayāpahā ||;
RRS, 14: 14;31 1;tulyaṁ pāradagandhakaṁ trikaṭukaṁ tābhyāṁ rajaḥ pādāṁśaṁ sakalaiḥ samānamaricaṁ lihyātkramātsājyakaṁ |;
RRS, 14: 14;32 1;rasasya bhasmanā hema pādāṁśena prakalpayet |;
RRS, 14: 14;32 2;gandhakaṁ dviguṇaṁ dattvā mardayeccitrakāmbunā ||;Rasamañjarī RMañj, 6: 6 28;rasasya bhasmanā hema pādāṁśena prakalpayet |dviguṇaṁ gandhakaṁ dattvā mardayeccitrakāmbunā ||;GOOD;;
RRS, 14: 14;33 1;carācarāsye sampūrya ṭaṅkaṇena nirudhya ca |;
RRS, 14: 14;33 2;bhāṇḍe cūrṇapralipte.tha kṣiptvā rundhīta mṛtsnayā ||;
RRS, 14: 14;34 1;śoṣayitvā puṭedgarte.ratnimātre .parāhṇake |;
RRS, 14: 14;34 2;svāṅgaśītalam uddhṛtya cūrṇayitvātha vinyaset ||;
RRS, 14: 14;35 1;eṣa lokeśvaro nāma puṣṭivīryavivardhanaḥ |;
RRS, 14: 14;35 2;guñjācatuṣṭayaṁ sājyaṁ maricaiśca samanvitam ||;
RRS, 14: 14;36 1;khādetparamayā bhaktyā lokeśe sarvadarśinī |;
RRS, 14: 14;36 2;aṅgakārśye.gnimāndye ca raso.yaṁ kāsahikkayoḥ ||;
RRS, 14: 14;37 1;marīcairghṛtasaṁyuktaiḥ pradātavyo dinatrayam |;
RRS, 14: 14;37 2;lavaṇaṁ varjayettatra sājyaṁ sadadhi bhojanam ||;
RRS, 14: 14;38 1;ekaviṁśaddinaṁ yāvanmaricaṁ saghṛtaṁ pibet |;
RRS, 14: 14;38 2;pathyaṁ mṛgāṅkavaddeyaṁ śayītottānapādataḥ ||;Rasamañjarī RMañj, 6: 6 34;ekaviṁśaddinaṁ yāvanmaricaṁ saghṛtaṁ pibet |pathyaṁ mṛgāṅkavaddeyaṁ śayītottānapādataḥ ||;GOOD;;
RRS, 14: 14;39 1;vamane sampravṛtte tu guḍūcīdravamāharet |;
RRS, 14: 14;39 2;madhunā pāyayetsārdhaṁ dagdhavṛntākamāśayet ||;
RRS, 14: 14;40 1;snānaṁ śītalatoyena mūrdhni dhārāṁ vinikṣipet |;
RRS, 14: 14;40 2;jāte śleṣmavikāre tu kadalīphalamāharet ||;
RRS, 14: 14;41 1;bhṛṣṭvā tanmaricaiḥ sārdhaṁ bhojayecchleṣmanuttaye |;
RRS, 14: 14;41 2;ārdrakaṁ madhumiśraṁ vā guḍārdrakamatho.pi vā ||;
RRS, 14: 14;42 1;bhṛṣṭvā kustumbarīmāṣānnistuṣāṁścūrṇayettataḥ |;
RRS, 14: 14;42 2;śarkarāghṛtasammiśrāndadītāruciśāntaye ||;
RRS, 14: 14;43 1;bhṛṣṭvā kustumbarīṁ samyag ghṛte śarkarayā pibet |;
RRS, 14: 14;43 2;elāṁ maricasaṁyuktāṁ yāvad vāntiḥ praśāmyati ||;
RRS, 14: 14;44 1;ajamodaṁ viḍaṅgaṁ ca piṣṭvā takreṇa pāyayet |;
RRS, 14: 14;44 2;kṛmikopapraśāntyarthaṁ kvāthaṁ vātaghnamustayoḥ ||;
RRS, 14: 14;45 1;saṁskṛtya dugdhikāṁ vahnau vireke ca prayojayet |;
RRS, 14: 14;45 2;īṣadbhṛṣṭvā jayācūrṇaṁ madhunā khādayenniśi ||;
RRS, 14: 14;46 1;aṅgatode ghṛtenāṅgaṁ mardayitvoṣṇavāriṇā |;
RRS, 14: 14;46 2;snāpayedrogiṇaṁ vaidyo lokanāthaṁ rasaṁ smaran ||;
RRS, 14: 14;47 1;śaṁkhasya valayaṁ niṣkaṁ caturniṣkaṁ varāṭikāḥ |;
RRS, 14: 14;47 2;karṣāṁśaṁ nīlatutthaṁ ca tālaṁ gandhāśmaṭaṅkaṇam ||;
RRS, 14: 14;48 1;tutthaṁ nāgarasaṁ cārdhaṁ niṣkāṁśaṁ pūrvavatpuṭet |;
RRS, 14: 14;48 2;varāṭacūrṇaṁ maṇḍūrakalpitālepane pacet ||;
RRS, 14: 14;49 1;asyārdhamāṣaṁ maricārdhamāṣaṁ tatpatraliptaṁ madhunāvalihyāddhaiyaṅgavīnena ghṛtena |;
RRS, 14: 14;50 1;nāḍīmārge nirgate cālpamalpaṁ pathyaṁ bhojyaṁ yāme yāme caivam ā maṇḍalāntāt siddhaṁ sadyaḥ |;
RRS, 14: 14;51 1;adhyardhaniṣkau rasatutthabhāgau śaṁkhasya karṣaṁ mṛtatāmrato dvau varāṭikānāṁ nava |;
RRS, 14: 14;52 1;paktvā pacedarkadaladravārdrān bhūyo .rdhabhāgena asyārdhapādaṁ maricārdhabhāgaṁ gandhāśmaniṣkaṁ ca |;
RRS, 14: 14;53 1;aśnīyātpūrvavatpathyaṁ vāsarāṇyekaviṁśatiḥ |;
RRS, 14: 14;53 2;lokanātharaso nāmnā rogarājanikṛntanaḥ ||;
RRS, 14: 14;54 1;ayorajo viṁśatiniṣkamānaṁ vibhāvitaṁ dhattūrabhārṅgitriphalārasārdraṁ tulyāṁśatāpyaṁ |;
RRS, 14: 14;55 1;sūtaṁ ca niṣkaṁ samabhāgatutthaṁ gandhopalau dvau paktvā puṭāgnau samalohacūrṇānpacettathā |;
RRS, 14: 14;56 1;cūrṇe.sminmaricāḥ sapta tutthaṭaṅkaṇayordaśa |;
RRS, 14: 14;56 2;saṁsṛjet tat pṛthaṅniṣkān prāṇanāthāhvayoditaḥ ||;
RRS, 14: 14;57 1;ardhapādo rasādbhakṣyaḥ kevalādrājayakṣmibhiḥ |;
RRS, 14: 14;57 2;śoṣodarārśograhaṇījvaragulmādyupadrutaiḥ ||;
RRS, 14: 14;58 1;karṣaṁ kharparasattvasya ṣaṇmāse hemni vidrute |;
RRS, 14: 14;58 2;ṣaṇniṣkasūtaṁ gandhāśmanyaṣṭaniṣke praveśitam ||;
RRS, 14: 14;59 1;pravālamuktāphalayoścūrṇaṁ hemasamāṁśayoḥ |;
RRS, 14: 14;59 2;kramād dvitricaturniṣkaṁ mṛtāyaḥ sīsabhāskaram ||;
RRS, 14: 14;60 1;cāṅgeryamlena yāmāṁstrīnmarditaṁ cūrṇitaṁ pṛthak |;
RRS, 14: 14;60 2;dvau niṣkau nīlavaṭakavyomāyaskāntatālakāt ||;
RRS, 14: 14;61 1;aṅkollakaṅguṇībījatutthebhyaś caturaḥ pṛthak |;
RRS, 14: 14;61 2;aṣṭau ca ṭaṁkaṇakṣārādvarāṭānāṁ ca viṁśatiḥ ||;
RRS, 14: 14;62 1;mahājambīranīrasya prasthadvandvena peṣayet |;
RRS, 14: 14;62 2;etadaṣṭaśarāvasthaṁ śuddhaṁ khāryāstuṣasya ca ||;
RRS, 14: 14;63 1;karīṣabhāre ca pacedatha māṣadvayaṁ tataḥ |;
RRS, 14: 14;63 2;etāvadgandhakātpādaṁ maricādbhāvitādapi ||;
RRS, 14: 14;64 1;madhunāloḍitaṁ lihyāttāmbūlīpatralepitam |;
RRS, 14: 14;64 2;gate.sya ghaṭikāmātre pratiyāmaṁ ca pathyabhuk ||;
RRS, 14: 14;65 1;no ceduddīpito vahniḥ kṣaṇāddhātūnpacatyataḥ |;
RRS, 14: 14;65 2;dinamekaṁ niṣevyainaṁ tyājyānyāmaṇḍalaṁ tyajet ||;
RRS, 14: 14;66 1;tataḥ paraṁ yatheṣṭāśī dvādaśābdaṁ sukhī bhavet |;
RRS, 14: 14;66 2;ekamekaṁ dinaṁ bhuktvā varṣe varṣe mahārasam ||;
RRS, 14: 14;67 1;varṣādau ca tyajettyājyaṁ dvādaśābdaṁ jarāṁ jayet |;
RRS, 14: 14;67 2;eṣa vajraraso nāma kṣayaparvatabhedanaḥ ||;

RRS, 14: 14;69 1;agniparṇīharilatābhṛṅgārdrasurasārasaiḥ |;
RRS, 14: 14;69 2;marditaṁ lāṅgalīkandapralipte sampuṭe pacet ||;
RRS, 14: 14;70 1;ardhapādaṁ ca poṭalyāḥ kākinyau dve viṣasya ca |;
RRS, 14: 14;70 2;lihenmaricacūrṇaṁ ca madhunā poṭalīsamam ||;
RRS, 14: 14;71 1;kṣayagrahaṇyatīsāravahnidaurbalyakāsinām |;
RRS, 14: 14;71 2;pāṇḍugulmavatāṁ śreṣṭho mahāvīro hito rasaḥ ||;
RRS, 14: 14;72 1;atisthūlasya pūyāsṛkkaphānudvamatākṣaye |;
RRS, 14: 14;72 2;na yojayetkṣīrarasānviruddhakramatattvataḥ ||;
RRS, 14: 14;73 1;mātuluṅgasya mūlāni lājacūrṇaṁ sasaindhavam |;
RRS, 14: 14;73 2;pippalīmadhunā yuktaṁ khādedvāntipraśāntaye ||;
RRS, 14: 14;74 1;rajanīśaṅkhapūgaṁ ca niṣkaikaṁ vāntināśanam |;
RRS, 14: 14;74 2;niṣkārdhaṁ ṭaṅkaṇaṁ vātha kākamācīdravaiḥ pibet ||;
RRS, 14: 14;75 1;sugandhāṁ vā pibetkhādet sarvavāntipraśāntaye |;
RRS, 14: 14;75 2;alaktakarasaṁ kṣaudrai raktavāntiharaṁ param ||;
RRS, 14: 14;76 1;yuktaṁ gandhakapiṣṭyāyastālakaṁ svarṇamākṣikam |;
RRS, 14: 14;76 2;yuktyā tadbhasmatāṁ nītaṁ tṛṣṇāchardinivāraṇam ||;
RRS, 14: 14;77 1;rājāvarto rasaḥ śulbaṁ mākṣikaṁ ghṛtapācitam |;
RRS, 14: 14;77 2;madhvājyaśarkarāyuktaṁ hanti sarvānmadātyayān ||;
RRS, 14: 14;78 1;rājāvartarasaḥ śulbaṁ sūtagarbhe niyojitam |;
RRS, 14: 14;78 2;yaṣṭīmadhurasairghṛṣṭaṁ ghṛtamadhye vipācitam ||;
RRS, 14: 14;79 1;madhvājyaśarkarāyuktaṁ hanti sarvānmadātyayān ||;
RRS, 14: 14;80 1;suvarṇaṁ rajataṁ tāmraṁ sattvābhraṁ kāntalohakam |;
RRS, 14: 14;80 2;kramavṛddhamidaṁ sarvaṁ śāṇeyau nāgavaṅgakau ||;
RRS, 14: 14;81 1;drāvayitvaikataḥ sarvaṁ retayitvā tataścaret |;
RRS, 14: 14;81 2;pṛthakpalamitaṁ gandhaṁ śilālaṁ vinidhāya ca ||;
RRS, 14: 14;82 1;sarvaṁ khalle vinikṣipya mardayed amlavargataḥ |;
RRS, 14: 14;82 2;tāpyaṁ nīlāñjanaṁ tālaṁ śilāgandhaṁ ca cūrṇitam ||;
RRS, 14: 14;83 1;dattvā dattvā puṭettāvadyāvadviṁśativārakam |;
RRS, 14: 14;83 2;lohād dviguṇasūtena tato dviguṇagandhataḥ ||;
RRS, 14: 14;84 1;vidhāya kajjalīṁ ślakṣṇāṁ kṣiptvā tāṁ lohapātrake |;
RRS, 14: 14;84 2;drāvayed badarāṅgārair mṛdubhiścātha nikṣipet ||;
RRS, 14: 14;85 1;hemādipañcalohānāṁ bhasma cātha viloḍayet |;
RRS, 14: 14;85 2;atha tatkadalīpatre gomayasthe vinikṣipet ||;
RRS, 14: 14;86 1;patreṇānyena saṁchādya kuryādyatnena cippiṭīm |;
RRS, 14: 14;86 2;tasyopari kṣipetsadyo gomayaṁ stokameva ca ||;
RRS, 14: 14;87 1;svataḥ śītaṁ samāhṛtya paṭacūrṇaṁ vidhāya ca |;
RRS, 14: 14;87 2;nikṣipedūrdhvadaṇḍāyāṁ pālikāyāṁ tataḥ param ||;
RRS, 14: 14;88 1;pūrvavadbadarāṅgārair mṛdubhir drāvayecchanaiḥ |;
RRS, 14: 14;88 2;tulyālakaśilāgandhaṁ palārdhaṁ viṣabhāvitam ||;
RRS, 14: 14;89 1;pūrvaparpaṭikātulyaṁ tasmādalpaṁ muhurmuhuḥ |;
RRS, 14: 14;89 2;jārayetpalikāmadhye yathā dahyenna parpaṭī ||;
RRS, 14: 14;90 1;paliketi vinirdiṣṭā snehakṣepaṇayantrikā |;
RRS, 14: 14;90 2;jīrṇe tālādike cūrṇe paṭacūrṇaṁ vidhīyatām ||;
RRS, 14: 14;91 1;pūtīkarañjaṣaṭkolavyāghrīsaubhāñjanāṅghribhiḥ |;
RRS, 14: 14;91 2;etaiḥ pañcapalaiḥ kvāthaṁ ṣoḍaśāṁśāvaśeṣitam ||;
RRS, 14: 14;92 1;tena kvāthena saṁsvedya śoṣayetsaptadhā hi tām |;
RRS, 14: 14;92 2;viṣatinduphalodbhūtai rasairnirguṇḍikārasaiḥ ||;
RRS, 14: 14;93 1;vibhāvya palikāmadhye kṣiptvā badaravahninā |;
RRS, 14: 14;93 2;īṣatprasvedanaṁ kṛtvā sthāpayedatiyatnataḥ ||;
RRS, 14: 14;94 1;uktā bhairavanāthena syāt pañcāmṛtaparpaṭī |;
RRS, 14: 14;94 2;vyoṣājyasahitā līḍhā guñjābījena saṁmitā ||;
RRS, 14: 14;95 1;sarvalakṣaṇasampūrṇaṁ vinihanti kṣayāmayam |;
RRS, 14: 14;95 2;śvāsaṁ kāsaṁ viṣūcīṁ ca pramehamudarāmayam ||;
RRS, 14: 14;96 1;arocakaṁ ca duḥsādhyaṁ prasekaṁ chardihṛdbhavam |;
RRS, 14: 14;96 2;sarvajaṁ gudarogaṁ ca śūlakuṣṭhānyaśeṣataḥ ||;
RRS, 14: 14;97 1;vātajvaraṁ ca viḍbandhaṁ grahaṇīṁ kaphajāngadān |;
RRS, 14: 14;97 2;ekadvandvatridoṣotthān rogān anyān mahāgadān ||;
RRS, 14: 14;98 1;agnimāndyaṁ viśeṣeṇa hantīyaṁ parpaṭī dhruvam |;
RRS, 14: 14;98 2;evaṁ samūhya dātavyā rogeṣu bhiṣaguttamaiḥ ||;
RRS, 14: 14;99 1;tattadrogaharair yogais tattadrogānupānataḥ |;
RRS, 14: 14;99 2;kṣayādisarvarogaghnī syāt pañcāmṛtaparpaṭī ||;
RRS, 14: 14;100 1;tilasarṣapabilvāmlakāravellakusumbhakam |;
RRS, 14: 14;100 2;tyajetpārāvataṁ māṁsaṁ vṛntākaṁ kukkuṭaṁ tathā ||;
RRS, 15: 15;1 1;gudasya bahirantarvā jāyante carmakīlakāḥ |;
RRS, 15: 15;1 2;sarvarogakarāḥ puṁsāmarśāṁsīti hi viśrutāḥ ||;
RRS, 15: 15;2 1;rudhirasrāviṇasteṣāṁ pittajāḥ parikīrtitāḥ ||;
RRS, 15: 15;3 1;vātajā niḥsahotthānā udāvartaṁ prakurvate ||;
RRS, 15: 15;4 1;śvayathuṁ śleṣmajāḥ kuryuḥ sarvaṁ kuryustridoṣajāḥ ||;
RRS, 15: 15;5 1;śuddhasūtaṁ palaikaṁ tu dvipalaṁ śuddhagandhakam |;
RRS, 15: 15;5 2;mṛtaṁ tāmraṁ mṛtaṁ lohaṁ pratyekaṁ tu palatrayam ||;Rasamañjarī RMañj, 6: 6 326;śuddhasūtaṁ palaikaṁ tu dvipalaṁ śuddhagandhakam |mṛtaṁ tāmraṁ mṛtaṁ lohaṁ pratyekaṁ tu palatrayam ||;GOOD;;
RRS, 15: 15;6 1;tryūṣaṇaṁ lāṅgalī dantī pirukaṁ citrakaṁ tathā |;
RRS, 15: 15;6 2;pratyekaṁ dvipalaṁ yojyaṁ yavakṣāraṁ ca ṭaṅkaṇam ||;Rasamañjarī RMañj, 6: 6 327;tryūṣaṇaṁ lāṅgalī dantī pīlukaṁ citrakaṁ tathā |pratyekaṁ dvipalaṁ yojyaṁ yavakṣāraṁ ca ṭaṅkaṇam ||;!;;
RRS, 15: 15;7 1;ubhau pañcapalau yojyau saindhavaṁ palapañcakam |;
RRS, 15: 15;7 2;dvātriṁśatpalagomūtraṁ snuhīkṣīraṁ ca tatsamam ||;Rasamañjarī RMañj, 6: 6 328;ubhau pañcapalau yojyau saindhavaṁ palapañcakam |dvāviṁśatpalagomūtraṁ snuhīkṣīraṁ ca tatsamam ||;!;;
RRS, 15: 15;8 1;mṛdvagninā pacetsthālyāṁ sarvaṁ yāvatsupiṇḍitam |;
RRS, 15: 15;8 2;māṣadvayaṁ sadā khāded raso hyarśaḥkuṭhārakaḥ |;
RRS, 15: 15;8 3;takreṇa dāḍimāmbhobhiḥ pakvakandena vātha tat ||;

RRS, 15: 15;10 1;andhamūṣāgataṁ pācyaṁ tridinaṁ tuṣavahninā |;
RRS, 15: 15;10 2;cūrṇitaṁ sitayā māṣaṁ khādetpittārśasāṁ jayet ||;
RRS, 15: 15;11 1;śuddhaṁ sūtaṁ palaṁ gandhaṁ gandhārdhaṁ amṛtaṁ rasakaṁ caiva tālakārdhavibhāgikam ||;
RRS, 15: 15;12 1;eteṣāṁ kajjalīṁ kuryād dṛḍhaṁ saṁmardya vāsaram |;
RRS, 15: 15;12 2;tridinaṁ mardayeccātha dattvā nimbujalaṁ khalu ||;
RRS, 15: 15;13 1;vaṭīkṛtya viśoṣyātha kācakupyāṁ nidhāpayet |;
RRS, 15: 15;13 2;niṣkatulyārkapatreṇa pidhāyāsyaṁ prayatnataḥ ||;
RRS, 15: 15;14 1;sārdhāṁgulamitotsedhaṁ mṛtsnayā tāṁ vilepya ca |;
RRS, 15: 15;14 2;nato bhāṇḍatṛtīyāṁśe sikatāparipūrite ||;
RRS, 15: 15;15 1;nidhāya sikatāmūrdhni sikatābhiḥ prapūrayet |;
RRS, 15: 15;15 2;ruddhvāsyaṁ tadadho vahniṁ jvālayetsārdhavāsaram ||;
RRS, 15: 15;16 1;svāṁgaśītalitaṁ kācaghaṭādākṛṣya taṁ rasam |;
RRS, 15: 15;16 2;paṭacūrṇaṁ vidhāyātha tāmramabhraṁ paladvayam ||;
RRS, 15: 15;17 1;palārdhamamṛtaṁ caiva maricaṁ ca catuṣpalam |;
RRS, 15: 15;17 2;ekīkṛtya kṣipetsarvaṁ nārikelakaraṇḍake ||;
RRS, 15: 15;18 1;sājyo guñjādvimāno harati rasavaraḥ sarvalokāśrayo.yaṁ yakṣmāṇaṁ vātaśūlaṁ jvaramapi nikhilaṁ vahnimāndyaṁ |;
RRS, 15: 15;19 1;arśoghnaṁ vaṭakaṁ vakṣye putrakaṁ śṛṇu bhadraka |;
RRS, 15: 15;19 2;pippalī pippalīmūlavanasūraṇacitrakam ||;
RRS, 15: 15;20 1;māricaṁ kaṇṭakārī ca raktapuṣpī samāṁśakā |;
RRS, 15: 15;20 2;palamekaṁ pṛthak sarvaṁ ślakṣṇaṁ dṛṣadi peṣayet ||;
RRS, 15: 15;21 1;gajājapaśumūtreṣu śubhe bhāṇḍe vinikṣipet |;
RRS, 15: 15;21 2;mṛdvagninā pacetsarvaṁ cūrṇaśeṣaṁ yathā bhavet ||;
RRS, 15: 15;22 1;loṇatrayaṁ ca tatraiva palamekaṁ tu nikṣipet |;
RRS, 15: 15;22 2;akṣapramāṇavaṭakānkuryādevaṁ pṛthakpṛthak ||;
RRS, 15: 15;23 1;triṁśaddināni matimānarśoghnaṁ dīpanaṁ param |;
RRS, 15: 15;23 2;ghṛtatakrasamāyuktaṁ bhojanaṁ saṁpradāpayet ||;

RRS, 15: 15;25 1;viṣaṁ ca ṣoḍaśāṁśena dvau bhāgau sūtakasya ca |;
RRS, 15: 15;25 2;ekīkṛtya prayatnena jambīradravamarditam ||;
RRS, 15: 15;26 1;bhājane mṛṇmaye sthāpya varākvāthena bhāvayet |;
RRS, 15: 15;26 2;daśamūlaśatāvaryoḥ kvāthe pācyaḥ krameṇa hi ||;
RRS, 15: 15;27 1;athottārya prayatnena vaṭikāṁ kārayed budhaḥ |;
RRS, 15: 15;27 2;guñjātrayapramāṇena hanti śūlaṁ gudāṅkuram ||;
RRS, 15: 15;28 1;varanāgaṁ tathā vyomasattvaṁ śulbaṁ ca tīkṣṇakam |;
RRS, 15: 15;28 2;sarvamekatra vidrāvya kṣiptvālaṁ cālpamalpakam ||;
RRS, 15: 15;29 1;cālayedaniśaṁ yāvattālakaṁ triguṇaṁ khalu |;
RRS, 15: 15;29 2;tatastena vimardyātha piṣṭīṁ kuryādrasena tu ||;
RRS, 15: 15;30 1;tato bhallātakīvṛkṣamūlāntasthāṁ khanecca tām |;
RRS, 15: 15;30 2;māsādākṛṣya tāṁ piṣṭīṁ gavyadugdhe vinikṣipet ||;
RRS, 15: 15;31 1;tato bhallātakītailaṁ hṛtaṁ pātālayantrataḥ |;
RRS, 15: 15;31 2;āyase bhājane snigdhe piṣṭikāṁ tāṁ niveśya ca ||;
RRS, 15: 15;32 1;prasthamātraṁ hi tattailaṁ jārayed atiyatnataḥ |;
RRS, 15: 15;32 2;tattailabhāvitairgandhaiḥ puṭitvā bhasmatāṁ vrajet ||;

RRS, 15: 15;34 1;tadbhasma melayetpūrvabhasmanā samabhāgikam |;
RRS, 15: 15;34 2;vanasūraṇanirguṇḍīmahārāṣṭrībhakaṇṭikā ||;
RRS, 15: 15;35 1;vajravallī śikhī caiṣāṁ rasaiḥ piṣṭvā viśoṣayet |;
RRS, 15: 15;35 2;trivāraṁ mārkavadrāvairdrāvayitvā viśoṣayet |;
RRS, 15: 15;35 3;cūrṇīkṛtya prayatnena kṣipetkācakaraṇḍake ||;
RRS, 15: 15;36 1;so.yaṁ mūlakuṭhārako rasavaro arśāṁsy ānananāsikākṣigudajāny atyugrapīḍāni ca |;
RRS, 15: 15;37 1;rasagrastasamudgīrṇagandhakasya palatrayam |;
RRS, 15: 15;37 2;mṛtasūtābhratāmrāyaḥ karṣaṁ karṣaṁ pṛthak pṛthak ||;
RRS, 15: 15;38 1;palaṁ hiṅgulacūrṇasya mākṣikasya palatrayam |;
RRS, 15: 15;38 2;palaṁ kampillakasyāpi viṣasyārdhapalaṁ tathā ||;
RRS, 15: 15;39 1;saptāhaṁ mardayetsarvaṁ dattvā cūrṇodakaṁ muhuḥ |;
RRS, 15: 15;39 2;tatastadgolakaṁ kṛtvā saptāhaṁ cātape kṣipet ||;
RRS, 15: 15;40 1;guḍacūrṇaṁ śilācūrṇaṁ limpedaṅgulikāghanam |;
RRS, 15: 15;40 2;tripalaṁ gandhakaṁ dattvā krauñcyām atha ca golakam ||;
RRS, 15: 15;41 1;golakasyopariṣṭācca kṣipettālapalatrayam |;
RRS, 15: 15;41 2;saṁrudhyātiprayatnena dadyādgajapuṭaṁ khalu ||;
RRS, 15: 15;42 1;svāṅgaśītalamāhṛtya golakaṁ lepanaiḥ saha |;
RRS, 15: 15;42 2;vicūrṇya saptavāraṁ hi viṣatinduphalodbhavaiḥ ||;
RRS, 15: 15;43 1;dravairathātape śuṣkaṁ kṣipedramye karaṇḍake |;
RRS, 15: 15;43 2;triṁśadaṁśena vaikrāntabhasma tasminvinikṣipet ||;
RRS, 15: 15;44 1;ayaṁ hi nandīśvarasampradiṣṭo raso viśiṣṭaḥ khalu niḥśeṣarogeṣvahatapratāpo mahodayapratyayasāranāmā ||;
RRS, 15: 15;45 1;hanyātsarvagudāmayānkṣayagadaṁ kuṣṭhaṁ ca sarvā vātarujo mahājvaragadān nānāprakārāṁstathā |;
RRS, 15: 15;46 1;syādrasaṁ dhautamākṣīkaṁ kāntābhraṁ nāgahāṭakam |;
RRS, 15: 15;46 2;pṛthvībhaṭena saṁtulyaṁ sarvatulyaṁ ca gandhakam ||;
RRS, 15: 15;47 1;dattvā vidyādhare yantre puṭedāraṇyakotpalaiḥ |;
RRS, 15: 15;47 2;svāṅgaśītalam uddhṛtya tryūṣaṇena vimiśrayet ||;
RRS, 15: 15;48 1;arśovyādhau kaṭīśūle cakṣuḥśūle ca dāruṇe |;
RRS, 15: 15;48 2;sannipāte kṣaye kāse śvāse mandānale jvare ||;
RRS, 15: 15;49 1;karṇaśūle śiraḥśūle dantaśūle prayojayet |;
RRS, 15: 15;49 2;pīnase plīhni hṛcchūle granthivāte ca dāruṇe ||;
RRS, 15: 15;50 1;ekāṅge vā dhanurvāte kampavāte ca mūrchite |;
RRS, 15: 15;50 2;jvarāṁśca viṣamān sarvānhanti rogānanekadhā ||;
RRS, 15: 15;51 1;sevitaḥ pathyayogena rasaḥ kanakasundaraḥ |;
RRS, 15: 15;51 2;guñjāmātraṁ dadītāsya yathāyuktānupānataḥ ||;
RRS, 15: 15;52 1;ghṛtena saṁyuto vāte madhunā paittike jvare |;
RRS, 15: 15;52 2;pippalyā ślaiṣmike deyaḥ pittodbhūte sacandanaḥ ||;
RRS, 15: 15;53 1;takreṇa śleṣmavātotthe vātapitte ghṛtānvitaḥ |;
RRS, 15: 15;53 2;śleṣmapitte cārdrakeṇa nirguṇḍyā sānnipātike ||;
RRS, 15: 15;54 1;phalatrayeṇa śūleṣu viṣameṣu jvareṣvapi |;
RRS, 15: 15;54 2;ārdrakeṇātha vā dadyādvahnimāndye viśeṣataḥ ||;
RRS, 15: 15;55 1;abhiṣyande śiraḥśūle gāyatrībolasaṁyutam |;
RRS, 15: 15;55 2;pakṣimāṁsasamāyuktaṁ kaphavāte ca mūrchite ||;
RRS, 15: 15;56 1;ekāṅge ca dhanurvāte kṣīrayuktaṁ ca pīnase |;
RRS, 15: 15;56 2;pāṇḍuroge kṣaye kāse maricājyaiśca kāmale ||;
RRS, 15: 15;57 1;ajamodāviḍaṅgaiśca nābhiśūle.gnimāndyajit |;
RRS, 15: 15;57 2;rūkṣajvare.rucau deyaḥ kadalīphalasaṁyutaḥ |;
RRS, 15: 15;57 3;bolenārdhakaṭīśūle bhāṣitaṁ nāgabodhinā ||;
RRS, 15: 15;58 1;nāgaṁ pāradagandhakaṁ trilavaṇaṁ vāyarkajaṁ melayed sarvaṁ taddivasatrayaṁ tadanu taddattvā puṭaṁ bhāvanāḥ |;
RRS, 15: 15;59 1;pañcaitat kramaśastato guḍabhavair datto.sya vallo jalair arkeśaḥ parivarjyatāmiti muniḥ śrīvāsudevo.vadat |;
RRS, 15: 15;60 1;rasendrahemārkabiḍālagolasurāyasalohamalābhragandhāḥ tāpyaṁ ca kanyārasamardito.yaṁ pakvaḥ puṭe |;
RRS, 15: 15;61 1;śreṣṭhā dantyagniyugmatrikaṭukahalinīpīlukumbhaṁ lohasya trīṇi tāmrātkuḍavamatha rajaḥkṣārayoścāpi pañca |;
RRS, 15: 15;62 1;vajrakṛṣṇābhrajaṁ sattvaṁ śodhitaṁ kācaṭaṅkaṇam |;
RRS, 15: 15;62 2;retayitvā rajaḥkṛtvā bharjayitvā ghṛtena tat ||;
RRS, 15: 15;63 1;aṣṭāṁśasasyakopetaṁ puṭedvāratrayaṁ tataḥ |;
RRS, 15: 15;63 2;trivāraṁ nṛpavartena luṅgasvarasayoginā ||;
RRS, 15: 15;64 1;caturvāraṁ ca varṣābhūvāsāmatsyākṣikārasaiḥ |;
RRS, 15: 15;64 2;guggulutriphalākvāthaistriṁśadvārāṇi yatnataḥ ||;
RRS, 15: 15;65 1;tulyāṁśarasagandhotthakajjalyāṣṭāṁśabhāgayā |;
RRS, 15: 15;65 2;puṭetpañcāśataṁ vārānmardayecca puṭe puṭe ||;
RRS, 15: 15;66 1;śodhitaṁ retitaṁ kāntasatvaṁ ca ghṛtamarditam |;
RRS, 15: 15;66 2;puṭedaṣṭāṁśadaradaiḥ saṁyuktaṁ lakucāmbunā ||;
RRS, 15: 15;67 1;daśavāraṁ tathā samyak tāraṁ śuddhaṁ manohvayā |;
RRS, 15: 15;67 2;tathā viṁśativārāṇi balinā mīnadṛgrasaiḥ ||;
RRS, 15: 15;68 1;daśavārāṇi tāpyena kṛṣṇagoghṛtayoginā |;
RRS, 15: 15;68 2;ubhayaṁ samabhāgaṁ tat puṭennirguṁḍikārasaiḥ ||;
RRS, 15: 15;69 1;rasagandhotthakajjalyā daśavāraṁ puṭetpunaḥ |;
RRS, 15: 15;69 2;tasminnaṣṭāṁśabhāgena kṣipedvaikrāntabhasmakam ||;
RRS, 15: 15;70 1;rājāvartakalāṁśena samabhāgena parpaṭī |;
RRS, 15: 15;70 2;tatsarvaṁ parimardyātha bhāvayitvārdrakāmbunā ||;
RRS, 15: 15;71 1;guḍūcyāḥ svarasenāpi bhūkadambarasena vā |;
RRS, 15: 15;71 2;bhṛṅgarājarasenāpi citramūlarasena ca ||;
RRS, 15: 15;72 1;vyoṣagañjākinīkandair bhūyo .pyārdradraveṇa ca |;
RRS, 15: 15;72 2;paṭacūrṇamataḥ kṛtvā kṣipecchuddhakaraṇḍake ||;
RRS, 15: 15;73 1;trailokyatilakaḥ so.yaṁ khyātaḥ sarvarasottamaḥ |;
RRS, 15: 15;73 2;sarvavyādhiharaḥ śrīmāñchambhunā parikīrtitaḥ ||;
RRS, 15: 15;74 1;udāvartaṁ ca viḍbandhaṁ vyathāṁ ca jaṭharodbhavām |;
RRS, 15: 15;74 2;lohalaṁ mandabuddhitvaṁ śūlitvamapi vandhyatām ||;
RRS, 15: 15;75 1;sūtirogān aśeṣāṁśca śūlaṁ nānāvidhaṁ tathā |;
RRS, 15: 15;75 2;pariṇāmākhyaśūlaṁ ca tathā bhindyāt samutkaṭam ||;
RRS, 15: 15;76 1;raktagulmaṁ ca nārīṇāṁ rajaḥśūlaṁ ca duḥsaham |;
RRS, 15: 15;76 2;anupānaṁ ca pathyaṁ ca tattadrogānurūpataḥ ||;
RRS, 15: 15;77 1;vacāhiṅguviḍaṅgāni saindhavaṁ jīranāgaram |;
RRS, 15: 15;77 2;maricaṁ pippalī kuṣṭhaṁ pathyā vahnyajamodakam ||;
RRS, 15: 15;78 1;kramottaraguṇaṁ cūrṇaṁ sarveṣāṁ dviguṇaṁ guḍam |;
RRS, 15: 15;78 2;karṣaṁ coṣṇajalenānupibedvātārśasāṁ jaye ||;
RRS, 15: 15;79 1;mṛtaṁ lohaṁ cendrayavaṁ śuṇṭhībhallātacitrakam |;
RRS, 15: 15;79 2;bilvamajjāviḍaṅgāni pathyā tulyaṁ vicūrṇayet ||;
RRS, 15: 15;80 1;sarvatulyaṁ guḍaṁ yojyaṁ karṣaṁ bhuktvārśasāṁ jayet |;
RRS, 15: 15;80 2;śleṣmārśasāṁ praśāntyarthaṁ deyamānandabhairavam |;
RRS, 15: 15;80 3;mṛtatāmreṇa santulyaṁ deyaṁ guñjātrayaṁ hi tat ||;
RRS, 15: 15;81 1;kusumbhamṛdupatrāṇi kāñjikenaiva pācayet |;
RRS, 15: 15;81 2;śākavadbhakṣayennityamarśorogapraśāntaye ||;
RRS, 15: 15;82 1;devadālyāśca bījāni saindhavena sucūrṇitaḥ |;
RRS, 15: 15;82 2;āranālena lepo.yaṁ mūlaroganikṛntanaḥ ||;
RRS, 15: 15;83 1;kāñcanīkusumaṁ cūrṇaṁ śaṅkhacūrṇaṁ manaḥśilām |;
RRS, 15: 15;83 2;gajapippalikātoyairlepo hyarśaḥkuṭhārakaḥ ||;
RRS, 15: 15;84 1;devadālyāḥ kaṣāyeṇa hyarśoghnaṁ śaucamācaret |;
RRS, 15: 15;84 2;gudaniḥsaraṇaṁ cāpi śāntimāyāti nānyathā ||;
RRS, 15: 15;85 1;āranālena sampiṣṭā sabījā kaṭutumbikā |;
RRS, 15: 15;85 2;saguḍā hanti lepena durnāmāni samūlataḥ ||;
RRS, 15: 15;86 1;pīlutailena saṁliptā vartikā gudamadhyagā |;
RRS, 15: 15;86 2;ghātayatyarśasāṁ śīghraṁ sakalāṁ vedanāṁ tathā ||;
RRS, 15: 15;87 1;arkakṣīraṁ snuhīkāṁḍaṁ kaṭulāvupatrakam |;
RRS, 15: 15;87 2;karaṁjaṁ chāgamūtreṇa lepaḥ srāvyarśasāṁ hitaḥ ||;
RRS, 15: 15;88 1;śigrumūlārkajaiḥ patrairlepanaṁ hitamarśasām ||;
RRS, 16: 16;1 1;rūkṣaiḥ kodravajīrṇamudgacaṇakaiḥ kruddho.nilo.dho hṛtpṛṣṭhodaravastimastakarujaḥ saśvāsakāsaṁ jvaraṁ |;
RRS, 16: 16;2 1;kaṁkuṣṭhahiṁgusiṁdhūtthatrivṛddaṁtīvacābhayāḥ |;
RRS, 16: 16;2 2;citrakasya tu mūlaṁ ca kalkīkṛtya paced ghṛtam ||;
RRS, 16: 16;3 1;caturguṇe gavāṁ kṣīre yuktaṁ snukkṣīramātrayā |;
RRS, 16: 16;3 2;udāvartodarān hanti pānena sarvadā ||;
RRS, 16: 16;4 1;atyambupānatilapiṣṭavirūḍharūkṣaśuṣkāmiṣādhyaśanabadkruddho.nilo .tisaraṇāya ca kalpate.gniṁ hatvā malaṁ |;
RRS, 16: 16;5 1;suślakṣṇatīkṣṇacūrṇaṁ tu rasendrasamabhāgikam |;
RRS, 16: 16;5 2;kāṁcanārarasairghṛṣṭaṁ sarvātīsāranāśanam ||;
RRS, 16: 16;6 1;piṣṭaḥ samena tīkṣṇena kāñcanārāṁbumarditaḥ |;
RRS, 16: 16;6 2;puṭapakvo.tisāraghnaḥ sūto.yaṁ dardurāhvayaḥ ||;
RRS, 16: 16;7 1;hiṁgulaṁ vatsanābhaṁ ca maricaṁ ṭaṁkaṇaṁ kaṇā |;
RRS, 16: 16;7 2;mardayetsamabhāgaṁ ca raso hyānandabhairavaḥ ||;
RRS, 16: 16;8 1;guṁjaikāṁ vārdhaguñjāṁ vā balaṁ jñātvā pradāpayet |;
RRS, 16: 16;8 2;madhunā lehayeccānu kuṭajasya phalaṁ tvacam ||;
RRS, 16: 16;9 1;cūrṇitaṁ karṣamātraṁ tu tridoṣotthātisārajit |;
RRS, 16: 16;9 2;dadhyannaṁ dāpayetpathyaṁ gavājyaṁ takrameva vā |;
RRS, 16: 16;9 3;pipāsāyāṁ jalaṁ śītaṁ vijayā ca hitā niśi ||;
RRS, 16: 16;10 1;pṛthakpalikagaṁdhāśmasūtasaṁjātakajjalīm |;
RRS, 16: 16;10 2;pradrāvya nikṣipedvyoma palaikaṁ gatacandrikam ||;
RRS, 16: 16;11 1;kāṣṭhenāloḍya tatsarvaṁ kṣipetkuṭajapatrake |;
RRS, 16: 16;11 2;punaḥ saṁcūrṇya yatnena bhāvayet tadanantaram ||;
RRS, 16: 16;12 1;bālatinduphaladrāvaiḥ kṣīrairauduṁbarais tathā |;
RRS, 16: 16;12 2;aralutvagrasaiścāpi dugdhinīsvarasaistathā ||;
RRS, 16: 16;13 1;puṭapakvasya bālasya dāḍimasya rasaiḥ śubhaiḥ |;
RRS, 16: 16;13 2;kṛṣṇakāmbojikāmūlarasaiḥ kuṭajavalkajaiḥ ||;
RRS, 16: 16;14 1;tulyāṁśaviśvagāṁdhārīcūrṇaṁ dvipalikaṁ kṣipet |;
RRS, 16: 16;14 2;mustāvatsakadīpyāgnimocasāraṁ sajīrakam ||;
RRS, 16: 16;15 1;vatsanābhaṁ ca karṣāṁśaṁ pratyekaṁ tatra nikṣipet |;
RRS, 16: 16;15 2;vicūrṇya bhāvayedbhūyaḥ śuṇṭhīkvāthena saptadhā ||;
RRS, 16: 16;16 1;itthaṁ siddho rasaḥ piṣṭaḥ karaṇḍe viniveśayet |;
RRS, 16: 16;16 2;sudhāsāra iti khyātaḥ sudhārasasamadyutiḥ ||;
RRS, 16: 16;17 1;dīpanaḥ pācano grāhī hṛdyo rucikarastathā |;
RRS, 16: 16;17 2;doṣatrayātisāraṁ ca durjayaṁ bheṣajāntaraiḥ ||;
RRS, 16: 16;18 1;āmaṁ caivamāraktaṁ ca jvarātīsāram eva ca |;
RRS, 16: 16;18 2;sātisārāṁ viṣūcīṁ ca pratibadhnāti tatkṣaṇāt |;
RRS, 16: 16;18 3;mānyamānavyatikrāntiriva puṇyaphalodayam ||;
RRS, 16: 16;19 1;piṣṭaviśvābdakalkena vidhāya khalu cakrikām |;
RRS, 16: 16;19 2;nikṣipet svedanīyantre paktvārdhaghaṭikāvadhi ||;
RRS, 16: 16;20 1;ākṛṣya tajjalairevaṁ saṁpramardyāhared rasam |;
RRS, 16: 16;20 2;sudhāsārarasaṁ tatra kṣiptvā dhānyakasaṁmitam ||;
RRS, 16: 16;21 1;pūrvoditeṣu rogeṣu pradadīta bhiṣagvaraḥ |;
RRS, 16: 16;21 2;gotakreṇātha dadhnā vā pathyaṁ deyaṁ hitaṁ mitam ||;
RRS, 16: 16;22 1;bālarambhāphalaṁ gurvīphalaṁ bilvaphalaṁ tathā |;
RRS, 16: 16;22 2;āmrapeśī ca madhukaṁ vṛntākaṁ ca praśasyate ||;
RRS, 16: 16;23 1;sarvātisāraṁ grahaṇīṁ ca hikkāṁ mandāgnim nihanti sadyo vihitāmapāke dvitriprayogeṇa rasottamo.yam |;
RRS, 16: 16;24 1;sāṁbusthālīmukhābaddhe vastre pākyaṁ nidhāya ca |;
RRS, 16: 16;24 2;pidhāya pacyate yatra svedanīyantram ucyate ||;
RRS, 16: 16;25 1;dvau bhāgau gaṁdhakasyāṣṭau śaṁkhacūrṇasya yojayet |;
RRS, 16: 16;25 2;ekameva rasasyāṁśamarkakṣīreṇa mardayet ||;
RRS, 16: 16;26 1;citrakasya draveṇaivaṁ śoṣayitvā punaḥ punaḥ |;
RRS, 16: 16;26 2;ekīkṛtya rasenātha kṣāraṁ dattvā tadardhakam ||;
RRS, 16: 16;27 1;arkakṣīreṇa kurvīta golakānatha śoṣayet |;
RRS, 16: 16;27 2;nirudhya cūrṇalipte.tha bhāṇḍe dadyātpuṭaṁ tataḥ ||;
RRS, 16: 16;28 1;lokeśvararaso hyeṣa grahaṇīrogakṛntanaḥ |;
RRS, 16: 16;28 2;guñjācatuṣṭayaṁ cāsya marīcājyasamanvitam |;
RRS, 16: 16;28 3;dadīta dadhibhaktaṁ ca pathyaṁ lokeśvare tathā ||;
RRS, 16: 16;29 1;mṛtapāradabhāgaikaṁ catvāraḥ śuddhagaṁdhakāt |;
RRS, 16: 16;29 2;yāmaṁ ca mardayetkhalle tena pūrvā varāṭakāḥ ||;
RRS, 16: 16;30 1;ṭaṅkaṇaṁ tu gavāṁ kṣīraiḥ piṣṭvā tena mukhaṁ lipet |;
RRS, 16: 16;30 2;varāṭānāṁ prayatnena ruddhvā bhāṇḍe puṭe pacet ||;
RRS, 16: 16;31 1;svāṅgaśītaṁ samuddhṛtya tataścūrṇya varāṭakāḥ |;
RRS, 16: 16;31 2;lokanātharaso nāmnā kṣaudrairguñjācatuṣṭayam ||;
RRS, 16: 16;32 1;nāgarātiviṣāmustādevadāruvacānvitam |;
RRS, 16: 16;32 2;kaṣāyamanupānaṁ syādvātātīsāranāśanaḥ ||;
RRS, 16: 16;33 1;nāgabhasmarasavyomagandhair ardhapalonmitaiḥ |;
RRS, 16: 16;33 2;kurvīta kajjalīṁ ślakṣṇāṁ prakṣipettadanantaram ||;
RRS, 16: 16;34 1;dvipalonmitarālāyāṁ drutāyāṁ parimiśritām |;
RRS, 16: 16;34 2;bhṛṣṭair yakṣākṣasiṁdhūtthavacāvyoṣadvijīrakaiḥ ||;
RRS, 16: 16;35 1;sapathyāvijayādīpyais tulyāṁśair avacūrṇitaiḥ |;
RRS, 16: 16;35 2;melayetprāktanaṁ kalkaṁ bhāvayettadanantaram ||;
RRS, 16: 16;36 1;mahāniṁbatvacāsāraiḥ kāṁbojīmūlajadravaiḥ |;
RRS, 16: 16;36 2;rasair nāgabalāyāśca guḍūcyāśca tridhā tridhā |;
RRS, 16: 16;36 3;tataśca guṭikāḥ kāryā badarāsthipramāṇataḥ ||;
RRS, 16: 16;37 1;hanyādeva hi nāgasundararaso vallonmitaḥ sevitaḥ |;
RRS, 16: 16;37 2;nānātīsaraṇāmayaṁ gudaparibhraṁśaṁ tathā biṁbiśim ||;
RRS, 16: 16;38 1;ṣaṇniṣkaṁ tilatailasya niṣkaṁ jambīrajaṁ rasam |;
RRS, 16: 16;38 2;lavaṇaṁ pañcaguñjaṁ ca aṁgulyā mardayed dṛḍham |;
RRS, 16: 16;38 3;āmavātārtasāraghnaṁ lihetpathyaṁ ca pūrvavat ||;
RRS, 16: 16;39 1;malaṁ saṁgṛhya saṁgṛhya kadācid atirecayet |;
RRS, 16: 16;39 2;aruciḥ śvayathur māndyaṁ grahaṇīrogalakṣaṇam ||;
RRS, 16: 16;40 1;mṛtasūtābhrakaṁ gandhaṁ yavakṣāraṁ saṭaṅkaṇam |;
RRS, 16: 16;40 2;vacā jayā samaṁ sarvaṁ jayantī bhṛṁgajadravaiḥ ||;
RRS, 16: 16;41 1;sajaṁbīraistryahaṁ mardyaṁ śoṣayettaṁ ca golakam |;
RRS, 16: 16;41 2;mandavahnau śanaiḥ svedyaṁ yāmārdhaṁ lauhapātrake ||;
RRS, 16: 16;42 1;rasasāmye pratiniśā deyā mocarasastathā |;
RRS, 16: 16;42 2;bhāvayedvijayādrāvaiḥ śoṣyaṁ peṣyaṁca saptadhā |;
RRS, 16: 16;42 3;raso vajrakapāṭo.yaṁ niṣkārdhaṁ madhunā lihet ||;
RRS, 16: 16;43 1;dagdhāṁ kapardikāṁ piṣṭvā tryūṣaṇaṁ ṭaṅkaṇaṁ viṣam |;
RRS, 16: 16;43 2;gandhakaṁ śuddhasūtaṁ ca tulyaṁ jambīrajair dravaiḥ ||;Śārṅgadharasaṁhitā ŚdhSaṁh, 2, 12: 3 170;dagdhvā kapardakaṁ piṣṭvā tryūṣaṇaṁ ṭaṅkaṇaṁ viṣam |gandhakaṁ śuddhasūtaṁ ca tulyaṁ jambīrajairdravaiḥ ||;!;;
RRS, 16: 16;44 1;mardayedbhakṣayenmāṣaṁ maricājyaṁ lihedanu |;
RRS, 16: 16;44 2;nihanti grahaṇīrogaṁ pathyaṁ takraudanaṁ hitam ||;Śārṅgadharasaṁhitā ŚdhSaṁh, 2, 12: 3 171;mardayedbhakṣayenmāṣaṁ maricājyaṁ lihedanu |nihanti grahaṇīrogaṁ pathyaṁ takraudanaṁ hitam ||;GOOD;;
RRS, 16: 16;45 1;hiṅgulaṁ maricaṁ gandhaṁ pippalī ṭaṅkaṇaṁ viṣam |;
RRS, 16: 16;45 2;kanakasya ca bījāni samāṁśaṁ vijayādravaiḥ ||;
RRS, 16: 16;46 1;mardayedyāmamātraṁ tu caṇamātraṁ vaṭīkṛtam |;
RRS, 16: 16;46 2;bhakṣayed grahaṇīṁ hanti rasaḥ kanakasundaraḥ ||;
RRS, 16: 16;47 1;agnimāndyaṁ jvaraṁ tīvramatisāraṁ ca nāśayet |;
RRS, 16: 16;47 2;dadhyannaṁ dāpayetpathyaṁ gavyājaṁ takrameva vā ||;
RRS, 16: 16;48 1;rasābhragandhāḥ kramavṛddhabhāgā jayārasena tridinaṁ gadyāṇakārdhaṁ madhunā sametaṁ dadīta pathyaṁ |;
RRS, 16: 16;49 1;hiṁgulasthitamaheśvarabījaṁ pātayantravidhinā gaṁdhaṭaṁkaṇamṛtābhrakatulyaṁ kokilākṣam atha |;
RRS, 16: 16;50 1;mardanīyam abhidhāraṇayukte dhūmahīnadahanopari yāvadeṣa jalaśoṣaṇadakṣo jīrakārdrakayutena sa vallaḥ ||;
RRS, 16: 16;51 1;saṁgrahajvaram atisrutigulmān arśasāṁ ca vinihanti vāsudevakathito rasarājaś caṇḍasaṁgrahagadaikakapāṭaḥ |;
RRS, 16: 16;52 1;samāṁśaṁ rasagaṁdhābhradaradaṁ ca viśodhitam |;
RRS, 16: 16;52 2;lohakhalle vinikṣipya gavyājyena samanvitam ||;
RRS, 16: 16;53 1;droṇīcullyāṁ nyasetkhallaṁ sāṅgārāyāṁ prayatnataḥ |;
RRS, 16: 16;53 2;mardakenāpi lauhena mardayeddivasadvayam ||;
RRS, 16: 16;54 1;iti siddho raseṁdro.yaṁ laghusiddhābhrako mataḥ |;
RRS, 16: 16;54 2;vallatulyo raso jīravāriṇā sahitaḥ prage ||;
RRS, 16: 16;55 1;pīto harati vegena grahaṇīmatidurdharām |;
RRS, 16: 16;55 2;atisāraṁ mahāghoraṁ sātisāraṁ jvaraṁ tathā ||;
RRS, 16: 16;56 1;pācano dīpano hṛdyo gātralāghavakārakaḥ |;
RRS, 16: 16;56 2;nāgārjunena kathitaḥ sadyaḥ pratyayakārakaḥ ||;
RRS, 16: 16;57 1;rasaṁ palamitaṁ tulyaṁ śuddhanāgena saṁyutam |;
RRS, 16: 16;57 2;drāvayitvāyase pātre sataile nikṣipetkṣitau ||;
RRS, 16: 16;58 1;tato drute vinikṣipya gaṁdhake tad viloḍya ca |;
RRS, 16: 16;58 2;punarāyasapātre tatkṣiptvā pradrāvya nikṣipet ||;
RRS, 16: 16;59 1;tattulyaṁ jārayettālaṁ punaḥ saṁcūrṇya pūrvavat |;
RRS, 16: 16;59 2;tattulyāṁ jārayetsamyakkunaṭīṁ pariśodhitām ||;
RRS, 16: 16;60 1;tattulyaṁ cūrṇite tasminkṣipennāgaṁ nirutthakam |;
RRS, 16: 16;60 2;tāvadeva mṛtaṁ tāpyaṁ sarvamanyacca tatsamam ||;
RRS, 16: 16;61 1;tīkṣṇāyaḥ kharparaṁ vyoma hiṁgulaṁ ca śilājatu |;
RRS, 16: 16;61 2;pṛthakkarṣāṁśamānena ṣaṭkolaṁ kaṭphalaṁ miśīm ||;
RRS, 16: 16;62 1;dīpyakaṁ ca caturjātaṁ reṇukośīravellakam |;
RRS, 16: 16;62 2;tuṁbaruṁ bhārṅgikāṁ rāsnāṁ kaṅkolaṁ corapuṣkaram ||;
RRS, 16: 16;63 1;riṅgiṇīṁ ciratiktaṁ ca bījānyunmattakasya ca |;
RRS, 16: 16;63 2;paladvayaṁ ca lāṁgalyāḥ sarveṣāṁ dvādaśāṁśakam ||;
RRS, 16: 16;64 1;vatsanābhaṁ sitaṁ bhūri vinikṣipya tataḥ param |;
RRS, 16: 16;64 2;triphalānāṁ daśāṅghrīṇāṁ kaṣāyeṇa tataḥ param ||;
RRS, 16: 16;65 1;jayantyārdrakavāsānāṁ mārkavasya rasaistathā |;
RRS, 16: 16;65 2;bhāvayitvā ca kartavyā vaṭakāścaṇakopamāḥ ||;
RRS, 16: 16;66 1;ekaikā vaṭikā sevyā kuryāttīvratarāṁ kṣudhām |;
RRS, 16: 16;66 2;viṣūcīmaratiṁ hikkāṁ sevyaṁ svādu ca śītalam ||;
RRS, 16: 16;67 1;sāmāṁ ca grahaṇīṁ sadāṅgatudanaṁ śoṣotkaṭaṁ hikkādhmānaviṣūcikāṁ ca kasanaṁ śvāsārśasāṁ |;
RRS, 16: 16;68 1;rasagaṁdhakayoḥ kṛtvā kajjalīṁ tulyabhāgayoḥ |;
RRS, 16: 16;68 2;drāvayitvāyase pātre rasatulyaṁ vinikṣipet ||;
RRS, 16: 16;69 1;carācarabhavaṁ bhasma tatra mākṣikasaṁbhavam |;
RRS, 16: 16;69 2;gaṁdhapāṣāṇasahitaṁ pātre lohamaye kṣipet ||;
RRS, 16: 16;70 1;tatkāṣṭhena viloḍyātha nikṣipetkadalīdale |;
RRS, 16: 16;70 2;tata ācchādya saṁcūrṇya nidhāyāyasabhājane ||;
RRS, 16: 16;71 1;akṣamātraṁ kṣipedbhasma tatra mākṣikasambhavam |;
RRS, 16: 16;71 2;samyaṅniścandratāṁ nītaṁ vyomabhasma palonmitam ||;
RRS, 16: 16;72 1;viṣaṁ viṣāṁ ca gandhārīṁ mocasāraṁ sajīrakam |;
RRS, 16: 16;72 2;sarvaṁ samāṁśikaṁ kṛtvā rase cārdhāṁśikaṁ kṣipet ||;
RRS, 16: 16;73 1;sarvametanmardayitvā bhāvayedatiyatnataḥ |;
RRS, 16: 16;73 2;jayaṁtyā ca mahārāṣṭryā gañjākinyāśvagandhayā ||;
RRS, 16: 16;74 1;pañcakolakaṣāyaiśca kuryāccūrṇaṁ tataḥ param |;
RRS, 16: 16;74 2;itthaṁ siddho rasaḥ so.yaṁ grahaṇīgajakesarī ||;
RRS, 16: 16;75 1;nāmato nandinā proktaḥ karmataśca sudhānidhiḥ |;
RRS, 16: 16;75 2;vallena pramitaścāyaṁ rasaḥ śuṇṭhyā ghṛtāktayā ||;
RRS, 16: 16;76 1;sevito grahaṇīṁ hanti satsaṅga iva vigraham |;
RRS, 16: 16;76 2;pathyamatra pradātavyaṁ svalpājyaṁ dadhitakrayuk ||;
RRS, 16: 16;77 1;hitaṁ mitaṁ ca viśadaṁ laghu grāhi rucipradam |;
RRS, 16: 16;77 2;pācano dīpano.tyarthamāmaghno rucikārakaḥ ||;
RRS, 16: 16;78 1;tattadauṣadhayogena sarvātīsāranāśanaḥ |;
RRS, 16: 16;78 2;badhnannapi malaṁ śīghraṁ nādhmānaṁ kurute nṛṇām ||;
RRS, 16: 16;79 1;pāradaṁ gandhakaṁ vyoma tīkṣṇaṁ tālaṁ manaḥśilā |;
RRS, 16: 16;79 2;sauvīramañjanaṁ śuddhaṁ vimalaṁ ca samāṁśakam ||;
RRS, 16: 16;80 1;ebhiḥ kajjalikāṁ kṛtvā svalpatailena bharjayet |;
RRS, 16: 16;80 2;granthikaṁ jīrakaṁ citraṁ dīpyakaṁ mustakaṁ viṣam ||;
RRS, 16: 16;81 1;bālāmraṁ bālabilvaṁ ca mocasāraṁ samāṁśakam |;
RRS, 16: 16;81 2;vicūrṇya pūrvavatkalkaṁ tadardhena vinikṣipet ||;
RRS, 16: 16;82 1;punarvimardayed yatnādekarūpaṁ bhavedyathā |;
RRS, 16: 16;82 2;bhāvayetsaptavārāṇi pañcakolakaṣāyataḥ ||;
RRS, 16: 16;83 1;aralutvagrasenāpi daśavārāṇi bhāvayet |;
RRS, 16: 16;83 2;proktena kramayogena raso niṣpadyate hyayam ||;
RRS, 16: 16;84 1;jagdho viśvaghanāmbunā sa hi rasaḥ śīghraprabhāvābhidho ādhmāne grahaṇībhave rucihate vāte ca mandānale mukte |;
RRS, 16: 16;85 1;kapardatulyaṁ rasagandhakalkaṁ lohaṁ mṛtaṁ jayārasenaikadinaṁ vimardya cūrṇena sampiṣya puṭettu |;
RRS, 16: 16;86 1;dadīta tāṁ poṭalikāṁ ca |;
RRS, 16: 16;87 1;naṣṭapiṣṭau caturmāṣamekaikaṁ rasagaṁdhakau |;
RRS, 16: 16;87 2;abhrakaṁ māṣamānaṁ ca mātuluṁgāmlamarditam ||;
RRS, 16: 16;88 1;śodhitaṁ saptadhā caiva dvimāṣaṁ tryūṣaṇaṁ pṛthak |;
RRS, 16: 16;88 2;triśūlī bhṛṁgacāṅgerī sātalā tīkṣṇaparṇikā ||;
RRS, 16: 16;89 1;śvetāparājitā kanyā matsyākṣī grīṣmasundarā |;
RRS, 16: 16;89 2;kariṇī karṇamoṭī ca rudaṁtī citrakārdrakāt ||;
RRS, 16: 16;90 1;dhustūrakākamācībhyāṁ musalyāśca pṛthagrasaiḥ |;
RRS, 16: 16;90 2;marditaṁ dvipalaiḥ kuryādvaṭikā māṣasaṁmitā ||;
RRS, 16: 16;91 1;grahaṇyāṁ parṇakhaṇḍena vyoṣayuktā niṣevitā |;
RRS, 16: 16;91 2;aruciṁ rājayakṣmāṇaṁ mandāgniṁ sūtikāgadān |;
RRS, 16: 16;91 3;śamayedvaṭikā nāmnā vahnijvāleti gīyate ||;
RRS, 16: 16;92 1;rasagaṁdhakatāmrābhraṁ kṣārāṁstrīnvaruṇo vṛṣam |;
RRS, 16: 16;92 2;apāmārgasya ca kṣāraṁ lavaṇaṁ dvidvimāṣakam ||;
RRS, 16: 16;93 1;cāṅgeryā hastiśuṁḍyāśca rasaiḥ piṣṭaṁ pacetpuṭe |;
RRS, 16: 16;93 2;bhakṣayitvā tato guñjāṁ grahaṇyāṁ kāṁjikaṁ pibet ||;
RRS, 16: 16;94 1;paktiśūle ca kāse ca mandāgnāv ārdrakadravam |;
RRS, 16: 16;94 2;amlapitte ca dhāroṣṇaṁ kṣīraṁ vajradharo hyayam ||;
RRS, 16: 16;95 1;raseṁdragandhātiviṣābhayābhraṁ kṣāradvayaṁ mocaraso jayā ca jaṁbīrarasena piṣṭaṁ piṇḍīkṛtaṁ |;
RRS, 16: 16;96 1;tasyārdhamāṣaṁ madhunā prabhāte sakṣīriṇījīrakamāṇimanthatīkṣṇāni cādau dadhibhojanaṁ ca |;
RRS, 16: 16;97 1;sauvarcalaṁ jīrakayugmadhānyajayāyavānī kaṇanāgaraṁ kapitthasāreṇa samaṁ pragṛhya dadīta cūrṇaṁ niśi |;
RRS, 16: 16;98 1;gadyāṇamātraṁ madhukhaṇḍayuktaṁ takreṇa yuktaṁ vātapradhāne ca kaphapradhāne rātrau kaṣāyaṁ kuṭajasya |;
RRS, 16: 16;99 1;mustāvatsakapāṭhāgnivyoṣaprativiṣāviṣam |;
RRS, 16: 16;99 2;dhātakīmocaniryāsaścūtāsthigrahaṇīharam ||;
RRS, 16: 16;100 1;vahniśuṁṭhībiḍaṁ bilvaṁ lavaṇaṁ peṣayetsamam |;
RRS, 16: 16;100 2;pibeduṣṇāṁbhasā cānu vātotthāṁ grahaṇīṁ jayet ||;
RRS, 16: 16;101 1;dagdhaśaṁbūkasiṁdhūtthaṁ tulyaṁ kṣaudreṇa lehayet |;
RRS, 16: 16;101 2;niṣkaikaikaṁ nihantyāśu grahaṇīrogam utkaṭam ||;
RRS, 16: 16;102 1;kṛśānvajājīdvayamākṣikeṇa kaṭutrayeṇāpi yutaṁ cāṅgerikājīrakayugmadhānyaṁ dugdhenduśākāya dadīta |;
RRS, 16: 16;103 1;vireko jaṭhare śūlaṁ vamanaṁ ca muhurmuhuḥ |;
RRS, 16: 16;103 2;hastapādādisaṁkocaḥ sarvājīrṇasya lakṣaṇam ||;
RRS, 16: 16;104 1;śuddhasūtaṁ viṣaṁ gandhaṁ samaṁ sarvavicūrṇitam |;
RRS, 16: 16;104 2;maricaṁ sarvatulyāṁśaṁ kaṁṭakāryā phaladravaiḥ ||;Rasamañjarī RMañj, 6: 6 315;śuddhaṁ sūtaṁ viṣaṁ gandhaṁ samacūrṇaṁ vicūrṇayet |maricaṁ sarvatulyāṁśaṁ kaṇṭakāryāḥ phaladravaiḥ ||;GOOD;;
RRS, 16: 16;105 1;mardayed bhāvayet sarvam ekaviṁśativārakam |;
RRS, 16: 16;105 2;vaṭīṁ guñjātrayīṁ khādetsarvājīrṇapraśāntaye ||;Rasamañjarī RMañj, 6: 6 316;mardayedbhāvayetsarvānekaviṁśativārakān |vaṭīṁ guñjātrayāṁ khādetsarvājīrṇapraśāntaye ||;!;;
RRS, 16: 16;106 1;ajīrṇakaṇṭakaḥ so.yaṁ raso hanti viṣūcikām |;
RRS, 16: 16;106 2;vāriṇā tilaparṇyutthamūlaṁ piṣṭvā pibedanu ||;
RRS, 16: 16;107 1;vimardya gandhopalaṭaṁkaṇena saṁbhāvya vārānatha toyaiḥ phalānāmatha siddhasūto vidhvaṁsanāmā śamano |;
RRS, 16: 16;108 1;amuṣya guñjā nava dāpanīyā hantuṁ viṣūcīṁ sitayā takraudanaṁ syādiha bhojanāya pathyaṁ ca śākaṁ kila |;
RRS, 16: 16;109 1;rasagaṁdhaṭaṁkabhasitaṁ samāṁśakaṁ parimardya sitayopayujya navaraktikonmitaṁ mathitānnabhugvijayate |;
RRS, 16: 16;110 1;haṁsapādīrasaiḥ siddhaṁ rasagaṁdhakayoḥ palam |;
RRS, 16: 16;110 2;kolaṁ ca viṣacūrṇasya vālukāyaṁtrapācitam ||;
RRS, 16: 16;111 1;śāṇaṁ viṣasyārdhapalaṁ maricasya vimiśrayet |;
RRS, 16: 16;111 2;dīpano.gnikumāro.yaṁ grahaṇyāṁ ca viśeṣataḥ ||;
RRS, 16: 16;112 1;savātaśleṣmajānrogānkṣaṇād evāpakarṣati |;
RRS, 16: 16;112 2;sannipātajvaraśvāsakṣayakāsāṁśca nāśayet ||;
RRS, 16: 16;113 1;ṭaṁkaṇaṁ maricaṁ tutthaṁ pṛthak karṣatrayaṁ bhavet |;
RRS, 16: 16;113 2;sundaraṁ dvādaśaṁ niṣkaṁ triṁśanniṣkam ayomalam ||;
RRS, 16: 16;114 1;cūrṇānyetāni saṁyojya sthāpayecchuddhabhājane |;
RRS, 16: 16;114 2;śuddhadeho narastasya pānaṁ yadbhojanottaram ||;
RRS, 16: 16;115 1;adyātpathyaṁ tataḥ svalpaṁ tatastāṁbūlabhāgbhavet |;
RRS, 16: 16;115 2;udarāgnirnarasyāsya vaḍavāgnisamo bhavet |;
RRS, 16: 16;115 3;bahunātra kimuktena rasāyanamayaṁ nṛṇām ||;
RRS, 16: 16;116 1;kāntaṁ padmarase ghṛṣṭaṁ puṭapakvaṁ varārase |;
RRS, 16: 16;116 2;mārkavasvarase ghṛṣṭaṁ saptakṛtvas tvayomalam ||;
RRS, 16: 16;117 1;śuddhau sūtabalī carācararajaḥ karṣāṁśataḥ kajjalīm kṛtvā siddhaṁ kumbhapuṭe svataśca śiśirā piṣṭā karaṇḍe sthitā |;
RRS, 16: 16;118 1;ekonaviṁśateścūrṇairmaricānāṁ ghṛtānvitaiḥ |;
RRS, 16: 16;118 2;deyeyaṁ vallamānena vayobalam avekṣyatām ||;
RRS, 16: 16;119 1;giled galaviśuddhyarthaṁ dadhibhaktamanuttamam |;
RRS, 16: 16;119 2;kavalatrayamānena durgandhodgāraśāntaye ||;
RRS, 16: 16;120 1;madhyaṁdine tato bhojyaṁ ghṛtatakropadaṁśayuk |;
RRS, 16: 16;120 2;rātrau ca payasā sārdhaṁ yadvā rogānusārataḥ ||;
RRS, 16: 16;121 1;vidāhi dvidalaṁ bhūrilavaṇaṁ tailapācitam |;
RRS, 16: 16;121 2;bilvaṁ ca kāravellaṁ ca vṛṁtākaṁ kāṁjikaṁ tyajet ||;
RRS, 16: 16;122 1;iyaṁ hi poṭalī proktā siṅghaṇena mahībhṛtā |;
RRS, 16: 16;122 2;maṁdāgniprabhavāśeṣarogasaṁghātaghātinī ||;
RRS, 16: 16;123 1;siṁghaṇasya vinirdiṣṭā bhairavānaṁdayoginā |;
RRS, 16: 16;123 2;lokanāthoktapoṭalyā upacārā iha smṛtāḥ |;
RRS, 16: 16;123 3;poṭalyo dīpanāḥ snigdhā maṁdāgnau nitarāṁ hitāḥ ||;
RRS, 16: 16;124 1;pītavarṇā gurusnigdhā pṛṣṭhato granthilāmalā |;
RRS, 16: 16;124 2;carācareti sā proktā varāṭī naṁdinā khalu ||;
RRS, 16: 16;125 1;sārdhaniṣkamitā śreṣṭhā madhyamā niṣkamānikā |;
RRS, 16: 16;125 2;pādonaniṣkamānā ca kaniṣṭhātra varāṭikā ||;
RRS, 16: 16;126 1;niṣphalāśca tato nyūnāḥ puṁvarāṭāśca pittalāḥ |;
RRS, 16: 16;126 2;dattvā dattvā guṇānbhūyo vikārānkurvate hi te ||;
RRS, 16: 16;127 1;śulbāyoghanabhasmavellahalinīvyoṣāmbunimbacchadaiḥ bhṛṅgāmbhoviṣatindukārdrakarasaiḥ sampiṣya guṁjāmitā |;
RRS, 16: 16;128 1;kṣipraṁ kṣutparibodhinī khalu matā sarvāmayadhvaṁsinī |;
RRS, 16: 16;129 1;dvipalaṁ gandhakaṁ śuddhaṁ drāvayitvā vinikṣipet |;
RRS, 16: 16;129 2;pāradaṁ palamānena mṛtaśulvāyasaṁ punaḥ ||;
RRS, 16: 16;130 1;tolamānena saṁkṣipya pañcāṅguladale kṣipet |;
RRS, 16: 16;130 2;tato vicūrṇya yatnena nikṣipyāyasabhājane ||;
RRS, 16: 16;131 1;cullyāṁ niveśya yatnena jvālayenmṛduvahninā |;
RRS, 16: 16;131 2;pātramātraṁ hi jaṁbīrarasaṁ samyagvijārayet ||;
RRS, 16: 16;132 1;saṁcūrṇya pañcakolotthaiḥ kaṣāyaiḥ sāmlavetasaiḥ |;
RRS, 16: 16;132 2;bhāvanāḥ khalu kartavyāḥ pañcāśatpramitāstataḥ ||;
RRS, 16: 16;133 1;bhṛṣṭaṭaṁkaṇacūrṇena tulyena saha melayet |;
RRS, 16: 16;133 2;tadardhaṁ kṛṣṇalavaṇaṁ sarvatulyaṁ marīcakam ||;
RRS, 16: 16;134 1;saptadhā bhāvayetpaścāccaṇakakṣāravāriṇā |;
RRS, 16: 16;134 2;tataḥ saṁśoṣya sampiṣya kūpikājaṭhare kṣipet ||;
RRS, 16: 16;135 1;atyarthaṁ gurumāṁsāni gurubhojyānyanekaśaḥ |;
RRS, 16: 16;135 2;bhuktvā ca kaṁṭhaparyantaṁ caturvallamitaṁ rasam ||;
RRS, 16: 16;136 1;paṭvamlatakrasahitaṁ pibettadanupānataḥ |;
RRS, 16: 16;136 2;kṣipraṁ tajjīryate bhuktaṁ jāyate dīpanaṁ punaḥ ||;
RRS, 16: 16;137 1;rasaḥ kravyādanāmāyaṁ prokto manthānabhairavaiḥ |;
RRS, 16: 16;137 2;siṁghaṇakṣoṇipālasya bhūrimāṁsapriyasya ca |;
RRS, 16: 16;137 3;diṣṭo grāmaṁ samāsādya bhairavānandayoginā ||;
RRS, 16: 16;138 1;kuryāddīpanamuddhataṁ ca pacanaṁ gulmaplīhavināśanaṁ grahaṇikāvidhvaṁsanaṁ |;
RRS, 16: 16;139 1;bhāgo mṛtarasasyaiko vatsanābhāṁśakadvayam |;
RRS, 16: 16;139 2;rasatulyaṁ śivācūrṇaṁ gandhakaṁ tryūṣaṇaṁ tathā ||;
RRS, 16: 16;140 1;vicūrṇyātiprayatnena bhāvayetsaptavāsaram |;
RRS, 16: 16;140 2;tāmbūlapatratoyena svarṇadhustūrajadravaiḥ |;
RRS, 16: 16;140 3;piṣṭvā caṇamitāḥ kuryācchāyāśuṣkāstu golikāḥ ||;
RRS, 16: 16;141 1;uṣṇāṁbhoyutarājaśekharavaṭī mandāgninirṇāśinī pāṇḍuvyādhimahodarārtiśamanī śūlāntakṛt pācinī |;
RRS, 16: 16;142 1;śuddhaṁ sūtaṁ viṣaṁ gaṁdhaṁ dvikṣāraṁ daśakaṁ tulyāṁśaṁ bharjitā vijayā navā ||;
RRS, 16: 16;143 1;daśānāṁ tulyabhāgā ca tasyārdhaṁ śigrumūlakam |;
RRS, 16: 16;143 2;tatsarvaṁ vijayādrāvaiḥ śigrucitrakabhṛṁgajaiḥ ||;
RRS, 16: 16;144 1;drāvair dinatrayaṁ mardyaṁ ruddhvā bhāṇḍe pacellaghu |;
RRS, 16: 16;144 2;dīpāgninā tu yāmaikaṁ śuṣkaṁ yāvatsamuddharet ||;
RRS, 16: 16;145 1;saptadhā cārdrakadrāvairbhāvayeccūrṇayedbhiṣak |;
RRS, 16: 16;145 2;dīpako.gnikumāro.yaṁ niṣkaikaṁ madhunā lihet |;
RRS, 16: 16;145 3;pratikarṣaṁ guḍaṁ śuṁṭhī hyanupānaṁ ca dīpanam ||;
RRS, 16: 16;146 1;kuṣṭhagaṁdhaviṣavyomatriphalāpāradaiḥ samaiḥ |;
RRS, 16: 16;146 2;mṛgāmbumarditair mudgamānāmṛtavaṭī śubhā |;
RRS, 16: 16;146 3;ajīrṇaśleṣmavātaghnī dīpanī rucivardhinī ||;
RRS, 16: 16;147 1;tāmraṁ pāradagaṁdhakau trikaṭukaṁ tīkṣṇaṁ ca svinnaṁ tasya ca raktaśākinibhavaṁ kṣāraṁ samaṁ |;
RRS, 16: 16;148 1;mandāgnau satataṁ dadīta munaye prātaḥ purā śaṁkaraḥ tenādāya samastalokagurave sūryāya tasmai namo |;
RRS, 16: 16;149 1;rasagaṁdhau sindhukaṇāṭaṅkaṇam kramaśa uttaraṁ ca vicūrṇitayā |;
RRS, 16: 16;150 1;ārdrakahiṁgupunarnavapūticchinnarasaiḥ kramaśastu tatra kalāṁśaviśaṁ ca vimiśraṁ tadrasamānaṁ |;
RRS, 16: 16;151 1;sarvamajīrṇaṁ nāśayate hyudarāgnikaro.yaṁ dīpanajīvananāmarasendraḥ |;
RRS, 16: 16;152 1;śulbaṁ tālakagandhakau jalanidheḥ pheno .gnigarbhāśayaḥ bhāgo dvādaśako rasasya tu dinaṁ vallyaṁbughṛṣṭaṁ |;
RRS, 16: 16;153 1;kaṇanāgaragandhakapāradakaṁ garalaṁ maricaṁ lakucasya rasaiścaṇakapramitā guṭikā |;
RRS, 16: 16;154 1;śuddhasūtaṁ viṣaṁ gaṁdham ajamodaṁ phalatrayam |;
RRS, 16: 16;154 2;sarjīkṣāraṁ yavakṣāraṁ vahnisaindhavajīrakam ||;Rasamañjarī RMañj, 6: 6 203;śuddhaṁ sūtaṁ viṣaṁ gandhamajamodāphalatrayam |sarjikṣāraṁ yavakṣāraṁ vahṇisaindhavajīrakam ||;!;;
RRS, 16: 16;155 1;sauvarcalaṁ viḍaṅgāni sāmudraṁ tryūṣaṇaṁ samam |;
RRS, 16: 16;155 2;viṣamuṣṭiḥ sarvatulyā jaṁbīrāmlena marditam ||;Śārṅgadharasaṁhitā ŚdhSaṁh, 2, 12: 3 223;sauvarcalaṁ viḍaṅgāni sāmudraṁ tryūṣaṇaṁ samam |viṣamuṣṭiṁ sarvatulyaṁ jambīrāmlena mardayet ||;GOOD;;Rasamañjarī RMañj, 6: 6 204;sauvarcalaṁ viḍaṅgāni sāmudraṁ ṭaṅkaṇaṁ samam |viṣamuṣṭiṁ sarvatulyaṁ jambīrāmlena mardayet ||;!;;
RRS, 16: 16;156 1;maricābhāṁ vaṭīṁ khādedvahnimāṁdyapraśāṁtaye |;
RRS, 16: 16;156 2;pathyā śuṇṭhī guḍaṁ cānu palārdhaṁ bhakṣayetsadā ||;
RRS, 16: 16;157 1;agnimāṁdye vaṭī khyātā sarvarogakulāntakā ||;
RRS, 16: 16;158 1;mṛtaṁ tāmraṁ kaṇātulyaṁ cūrṇaṁ kṣaudravimiśritam |;
RRS, 16: 16;158 2;niṣkārdhaṁ bhakṣayennityaṁ naṣṭavahnipradīptaye ||;
RRS, 16: 16;159 1;ārdrakasvarasaḥ kṣaudraṁ palamātraṁ pibedanu |;
RRS, 16: 16;159 2;yatheṣṭaṁ ghṛtamāṁsāśī śakto bhavati pāvakaḥ ||;
RRS, 17: 17;1 1;kaṭau kukṣipradeśe ca śūlaṁ prathamato bhavet |;
RRS, 17: 17;1 2;paścādrodho jvalanmūtram aśmarīrogalakṣaṇam ||;
RRS, 17: 17;2 1;rasaṁ dviguṇagaṁdhena mardayitvā prayatnataḥ |;
RRS, 17: 17;2 2;vasuḥ punarnavā vāsā śvetā grāhyā prayatnataḥ ||;
RRS, 17: 17;3 1;taddravairbhāvayedenaṁ pratyekaṁ tu dinatrayam |;
RRS, 17: 17;3 2;pakvaṁ mūṣāgataṁ śuṣkaṁ svedayejjalayantrataḥ ||;
RRS, 17: 17;4 1;pāṣāṇabhedī nāmāyaṁ niyuñjītāsya vallayuk |;
RRS, 17: 17;4 2;gopālakarkaṭīdugdhaṁ bhūmyāmalakamūlikā |;
RRS, 17: 17;4 3;kulatthakvāthatoyena piṣṭvā tadanupāyayet ||;
RRS, 17: 17;5 1;rasena sitavarṣābhvā rasaṁ dviguṇagaṁdhakam |;
RRS, 17: 17;5 2;ghṛṣṭaṁ pacecca mūṣāyāṁ dvau māṣau tasya bhakṣayet ||;
RRS, 17: 17;6 1;pātālakarkaṭīmūlaṁ kulatthodaiḥ pibedanu |;
RRS, 17: 17;6 2;gokaṇṭakasadābhadrāmūlakvāthaṁ pibenniśi |;
RRS, 17: 17;6 3;ayaṁ pāṣāṇabhinnāmnā rasaḥ pāṣāṇabhedakaḥ ||;
RRS, 17: 17;7 1;gokṣurabījasamutthaṁ cūrṇamavikṣīrasaṁyuktam |;
RRS, 17: 17;7 2;rasavaramiśraṁ pibataścūrṇībhūtvāśmarī patati ||;
Śārṅgadharasaṁhitā ŚdhSaṁh, 2, 12: 3 172;mṛtaṁ tāmram ajākṣīraiḥ pācyaṁ tulyairgatadravam |tattāmraṁ śuddhasūtaṁ ca gandhakaṁ ca samaṁ samam ;GOOD;;
RRS, 17: 17;9 1;nirguṇḍyutthadravairmardyaṁ dinaṁ tadgolam andhrayet yāmaikaṁ vālukāyaṁtre pācyaṁ yojyaṁ dviguñjakam ||;
RRS, 17: 17;10 1;bījapūrasya mūlaṁ tu sajalaṁ cānupāyayet |;
RRS, 17: 17;10 2;rasastrivikramo nāmnā māsaikenāśmarīpraṇut ||;Śārṅgadharasaṁhitā ŚdhSaṁh, 2, 12: 3 174;bījapūrakamūlaṁ tu sajalaṁ cānupāyayet |rasastrivikramo nāmnā māsaikenāśmarīpraṇut ||;!;;
RRS, 17: 17;11 1;tilāpāmārgakāṇḍaṁ ca kāravellyā yavasya ca |;
RRS, 17: 17;11 2;palāśakāṣṭhasaṁyuktaṁ sarvaṁ tulyaṁ dahetpuṭe ||;
RRS, 17: 17;12 1;tanniṣkaikamajāmūtrairvaṭīṁ cānandabhairavīm |;
RRS, 17: 17;12 2;pāyayedaśmarīṁ hanti saptāhānnātra saṁśayaḥ ||;
RRS, 17: 17;13 1;pāṇḍuraṁ phalikāmūlaṁ jalenaivāśmarīharam ||;
RRS, 17: 17;14 1;madhunā ca yavakṣāraṁ līḍhaṁ syād aśmarīharam ||;
RRS, 17: 17;15 1;haridrāguḍakarṣaikaṁ cāranālena vā pibet ||;
RRS, 17: 17;16 1;vandhyākarkoṭakīkandaṁ bhakṣya kṣaudraṁ sitāyutam |;
RRS, 17: 17;16 2;aśmarīṁ hanti no citraṁ karṣamātraṁ śivoditam ||;
RRS, 17: 17;17 1;śoṣastāpo.ṅgakārśyaṁ ca bahumūtratvam eva ca |;
RRS, 17: 17;17 2;asvāsthyaṁ sarvagātreṣu mūtramehasya lakṣaṇam ||;
RRS, 17: 17;18 1;mārkaṇḍīcūrṇamādāya saguḍaṁ khādayenniśi ||;
RRS, 17: 17;19 1;mṛtasūtasya bhāgaikaṁ catvāraḥ śuddhagandhakāt |;
RRS, 17: 17;19 2;piṣṭvā varāṭakaṁ tena rasapādaṁ ca ṭaṁkaṇam ||;
RRS, 17: 17;20 1;kṣīraiḥ piṣṭvā mukhaṁ ruddhvā varāṭāṁścāndhrayetpuṭet |;
RRS, 17: 17;20 2;svāṁgaśītaṁ vicūrṇyātha laghulokeśvaro rasaḥ ||;
RRS, 17: 17;21 1;caturguṁjārasaścāyaṁ maricaikonaviṁśatiḥ |;
RRS, 17: 17;21 2;jātimūlapalaikaṁ tu ajākṣīreṇa peṣayet |;
RRS, 17: 17;21 3;śarkarābhāvitaṁ cānu pītvā kṛcchraharaṁ param ||;
RRS, 18: 18;1 1;bhedā vandhyābalānāṁ hi navadhā parikīrtitāḥ |;
RRS, 18: 18;1 2;tatrādivandhyā prathamā pāpakarmavinirmitā ||;
RRS, 18: 18;2 1;raktena ca pṛthagdoṣaiḥ samastaiḥ pañcadhā bhavet |;
RRS, 18: 18;2 2;bhūtadevābhicāraiśca tisro vandhyāḥ prakīrtitāḥ ||;
RRS, 18: 18;3 1;pumānapi bhavedvandhyo doṣairetaiśca śukrataḥ ||;
RRS, 18: 18;4 1;garbhasrāvī smṛtā pūrvaṁ mṛtavatsā dvitīyakā |;
RRS, 18: 18;4 2;tṛtīyā strīprasūtiḥ syātkākavandhyā sakṛtprasūḥ ||;
RRS, 18: 18;5 1;suvarṇaṁ rajataṁ tāmraṁ tāpyasattvaṁ ca vaikṛtam |;
RRS, 18: 18;5 2;ekaikaṁ niṣkamānena saṁśuddhaṁ parimāritam ||;
RRS, 18: 18;6 1;etaccaturguṇaṁ sūtaṁ sūtāddviguṇagandhakam |;
RRS, 18: 18;6 2;mardayellakṣmaṇātoyairbandhujīvarasairapi ||;
RRS, 18: 18;7 1;kācakūpyāṁ tataḥ kṣiptvā tāmrapātraṁ mukhe nyaset |;
RRS, 18: 18;7 2;vilimpedabhitaḥ kūpīmaṅgulotsedhayā mṛdā ||;
RRS, 18: 18;8 1;viśoṣya ca puṭaṁ dadyādbhūmau nikṣipya kūpikām |;
RRS, 18: 18;8 2;gajākhyapuṭaparyāptiḥ śāṇakarṣamitotpalaiḥ ||;
RRS, 18: 18;9 1;svāṁgaśītaṁ vicūrṇyātha bhāvayellakṣmaṇādravaiḥ |;
RRS, 18: 18;9 2;saptavāraṁ viśoṣyātha karaṇḍāntarvinikṣipet ||;
RRS, 18: 18;10 1;aśvagandhārajoyuktaratāmragokṣīrasaṁyutaḥ |;
RRS, 18: 18;10 2;sevito guñjayā tulyaḥ sitayā ca rasottamaḥ ||;
RRS, 18: 18;11 1;māsatrayaprayogeṇa vandhyā bhavati putriṇī |;
RRS, 18: 18;11 2;putriṇyai snānaśuddhāyai jaratkauśikacakṣuṣī ||;
RRS, 18: 18;12 1;gavyājyena ca saṁsādhya tattadānīṁ hi bhojayet |;
RRS, 18: 18;12 2;ṛtāvṛtāvidaṁ deyaṁ yāvanmāsatrayaṁ bhavet ||;
RRS, 18: 18;13 1;rasendraḥ kathitaḥ so.yaṁ campakāraṇyavāsibhiḥ |;
RRS, 18: 18;13 2;pūrṇāmṛtākhyayogīndrair nāmato jayasundaraḥ ||;
RRS, 18: 18;14 1;sevite.sminrase strīṇāṁ na bhavet sūtikāgadaḥ |;
RRS, 18: 18;14 2;bhavetputraśca dīrghāyuḥ paṇḍito bhāgyamaṇḍitaḥ ||;
RRS, 18: 18;15 1;vajraṁ marakataṁ padmarāgaṁ puṣpaṁ ca nīlakam |;
RRS, 18: 18;15 2;vaidūryaṁ cātha gomedaṁ mauktikaṁ vidrumaṁ tathā ||;
RRS, 18: 18;16 1;pañcaguñjāmitaṁ sarvaṁ ratnaṁ bhāgottaraṁ param |;
RRS, 18: 18;16 2;tattantroktavidhānena bhasmīkuryātprayatnataḥ ||;
RRS, 18: 18;17 1;sarvasmād aṣṭaguṇitaṁ bhasma vaikrāntasambhavam |;
RRS, 18: 18;17 2;tattulyaṁ tāpyajaṁ bhasma tadvadvimalabhasma ca ||;
RRS, 18: 18;18 1;sarvatastriguṇāṁ tulyāṁ rasagandhakakajjalīm |;
RRS, 18: 18;18 2;sarvamekatra saṁmardya chāgīdugdhena taddvyaham ||;
RRS, 18: 18;19 1;vidhāya parpaṭīṁ yatnātparicūrṇya prayatnataḥ |;
RRS, 18: 18;19 2;vandhyākarkoṭakīparṇakvāthena parimardayet ||;
RRS, 18: 18;20 1;kānanotpalaviṁśatyā puṭetṣoḍaśavārakam |;
RRS, 18: 18;20 2;evaṁ raso viniṣpanno ratnabhāgottarābhidhaḥ ||;
RRS, 18: 18;21 1;mahāvandhyādivandhyānāṁ sarvāsāṁ saṁtatipradaḥ |;
RRS, 18: 18;21 2;devīśāstre vinirdiṣṭaḥ puṁsāṁ vandhyatvaroganut ||;
RRS, 18: 18;22 1;so.yaṁ pācanadīpano rucikaro vṛṣyastathā dhanyo buddhikaraśca putrajananaḥ saubhāgyakṛdyoṣitāṁ |;
RRS, 18: 18;23 1;gandhakaḥ palamātraśca pṛthagakṣau śilālakau |;
RRS, 18: 18;23 2;tridinaṁ mardayitvātha vidadhyātkajjalīṁ śubhām ||;
RRS, 18: 18;24 1;viṣāṇākāramūṣāyāṁ kajjalīṁ nikṣipettataḥ |;
RRS, 18: 18;24 2;dvipalasya ca tāmrasya tanmukhe cakrikāṁ nyaset ||;
RRS, 18: 18;25 1;saṁnirudhyātiyatnena saṁdhibandhe viśoṣite |;
RRS, 18: 18;25 2;tataḥ karipuṭārdhena pākaṁ samyak prakalpayet ||;
RRS, 18: 18;26 1;svataḥśītaṁ samuddhṛtya cakrikāṁ paricūrṇayet |;
RRS, 18: 18;26 2;sthagayetkūpikāmadhye vastreṇa parigālitam ||;
RRS, 18: 18;27 1;raso.yaṁ cakrikābandhas tattadrogaharauṣadhaiḥ |;
RRS, 18: 18;27 2;dātavyaḥ śūlarogeṣu mūle gulme bhagandare ||;
RRS, 18: 18;28 1;grahaṇyāmagnimāṁdye ca vidradhau jaṭharāmaye |;
RRS, 18: 18;28 2;nāgodare tathaivopaviṣṭake jalakūrmake ||;

