RRSṬīkā zu RRS, 8, 5.2: 55;1 1;atha kajjalīlakṣaṇamāha dhātubhiriti ||;
RRSṬīkā zu RRS, 8, 5.2: 55;2 1;dhātavaśca |;
RRSṬīkā zu RRS, 8, 5.2: 55;2 2;svarṇaṁ rūpyaṁ ca tāmraṁ ca raṅgaṁ jasadameva ca |;
RRSṬīkā zu RRS, 8, 5.2: 55;2 3;sīsaṁ lohaṁ ca saptaite dhātavo girisaṁbhavāḥ |;
RRSṬīkā zu RRS, 8, 5.2: 55;2 4;iti ||;
RRSṬīkā zu RRS, 8, 5.2: 55;3 1;ādyaśabdena haritālamanaḥśilādisaṁgrahaḥ ||;
RRSṬīkā zu RRS, 8, 5.2: 55;4 1;cakāreṇopadhātusaṁgrahaḥ ||;
RRSṬīkā zu RRS, 8, 5.2: 55;5 1;teṣāṁ bhāgo rasasamo viṣamo vā yathopadeśaṁ grāhyaḥ ||;
RRSṬīkā zu RRS, 8, 5.2: 55;6 1;saiva kajjalī dravaṁ dattvā marditā cedrasapaṅkasaṁjñāṁ |;
RRSṬīkā zu RRS, 8, 5.2: 55;7 1;kajjalyupayogaśca rasasindūrādividhānārthaṁ bodhyaḥ ||;
RRSṬīkā zu RRS, 8, 5.2: 55;8 1;rasapaṅkopayogaṁ trailokyasundararasādividhānārthaṁ |;
RRSṬīkā zu RRS, 8, 7.2: 56;1 1;atha piṣṭīlakṣaṇamāha arkāṁśeti ||;
RRSṬīkā zu RRS, 8, 7.2: 56;2 1;niṣkārdhatulyānniṣkārdharūpabhāgamitād ityarthaḥ ||;
RRSṬīkā zu RRS, 8, 7.2: 56;3 1;gandhakād arkāṁśatulyād rasato.rkaśabdo |;
RRSṬīkā zu RRS, 8, 7.2: 56;4 1;tatsaṁkhyākā ye.ṁśā bhāgā niṣkārdhātmakā |;
RRSṬīkā zu RRS, 8, 7.2: 56;5 1;niṣkārdhetyupalakṣaṇaṁ gṛhītakiṁcinmānasya ||;
RRSṬīkā zu RRS, 8, 7.2: 56;6 1;tena gandhakasya yo bhāgastato dvādaśaguṇitaḥ |;
RRSṬīkā zu RRS, 8, 7.2: 56;7 1;yathoktabhāgam ubhayaṁ pṛthaggṛhītvā tīvre.rkātape lohe |;
RRSṬīkā zu RRS, 8, 7.2: 56;8 1;atra navanītākhyo gandhako bhakṣyaḥ pāradaśca |;
RRSṬīkā zu RRS, 8, 7.2: 56;9 1;sa tu nānārūpapiṣṭīṣu samāna eva ||;
RRSṬīkā zu RRS, 8, 7.2: 56;10 1;ato bhakṣyanāmnā bhedabodhakeneyaṁ |;
RRSṬīkā zu RRS, 8, 7.2: 56;11 1;asyā nāmāntaraṁ gandhakapiṣṭīti ||;Rasaratnasamuccayabodhinī RRSBoṬ zu RRS, 9, 56.3: 139 4;granthāntare.sya ūrdhvapātanamiti nāmāntaram ||;!;;
RRSṬīkā zu RRS, 8, 9.2: 57;1 1;atha pātanapiṣṭīlakṣaṇamāha caturthāṁśeti ||;
RRSṬīkā zu RRS, 8, 9.2: 57;2 1;caturthāṁśaṁ śuddhaṁ svarṇacūrṇaṁ pāradamadhye |;
RRSṬīkā zu RRS, 8, 9.2: 57;3 1;tādṛśīṁ piṣṭiṁ kṛtvā pātanāyantre .dhasthapātrāntastala |;
RRSṬīkā zu RRS, 8, 9.2: 57;4 1;tadanantaraṁ pāradāt |;
RRSṬīkā zu RRS, 8, 9.2: 57;5 1;evaṁ śatadhā pātanena kṣīṇo gatirahito nirdoṣaḥ pāradaḥ |;
RRSṬīkā zu RRS, 8, 9.2: 57;6 1;tataśca bījādijāraṇakrameṇālpāyāsenaiva |;
RRSṬīkā zu RRS, 8, 12: 58;1 1;atha kṛṣṭīlakṣaṇamāha rūpyamiti ||;
RRSṬīkā zu RRS, 8, 12: 58;2 1;jātarūpyaṁ suvarṇam ||;
RRSṬīkā zu RRS, 8, 12: 58;3 1;ādiśabdena mākṣikahiṅgulādiparigrahaḥ ||;
RRSṬīkā zu RRS, 8, 12: 58;4 1;tairmāritaṁ punaḥ punaḥ pañcamitrasaṁskāreṇa |;
RRSṬīkā zu RRS, 8, 12: 58;5 1;evaṁ saptavāraṁ daśavāraṁ votthāpitasvarṇatāraṁ ca |;
RRSṬīkā zu RRS, 8, 12: 58;6 1;rasagandhādiyogena malavyapohanād ujjvalam utkṛṣṭaṁ |;
RRSṬīkā zu RRS, 8, 12: 58;7 1;tāṁ svarṇakṛṣṭīṁ drute hīnavarṇasvarṇe kṣipet ||;
RRSṬīkā zu RRS, 8, 12: 58;8 1;tena kṣepeṇa varṇo na hīyate tatsvarṇaṁ hīnavarṇaṁ na |;
RRSṬīkā zu RRS, 8, 12: 58;9 1;pūrṇavarṇaṁ dṛśyata ityarthaḥ ||;
RRSṬīkā zu RRS, 8, 12: 58;10 1;evameva hīnavarṇatāre tārakṛṣṭyāḥ kṣepeṇāpi tāraṁ |;
RRSṬīkā zu RRS, 8, 12: 58;11 1;kṛtaṁ kalpitaṁ saṁskṛtam ityarthaḥ ||;
RRSṬīkā zu RRS, 8, 12: 58;12 1;bījaṁ śuddhaṁ svarṇotpādakaṁ lohadhātvādipāradasya |;
RRSṬīkā zu RRS, 8, 12: 58;13 1;rasahṛdaye.ṣṭamāvabodhe pāradasya kṛṣṭimapi pūjyapādā |;
RRSṬīkā zu RRS, 8, 16.2: 60;1 1;atha hemaraktītāraraktyor lakṣaṇaṁ phalaṁ cāha tāmramiti |;
RRSṬīkā zu RRS, 8, 16.2: 60;2 1;tīkṣṇalohena samabhāgena saṁyuktam ekīkṛtaṁ tāmraṁ |;
RRSṬīkā zu RRS, 8, 16.2: 60;3 1;tadvallohamiti khyātaṁ tārasya rañjanī drute |;
RRSṬīkā zu RRS, 8, 16.2: 60;4 1;tāraraktīkaraṇārthaṁ tu varalohena tāram eva |;
RRSṬīkā zu RRS, 8, 18.2: 61;1 1;saṁprati tāradalasya svarṇadalasya ca lakṣaṇamāha |;
RRSṬīkā zu RRS, 8, 18.2: 61;2 1;mṛtena bhasmībhūtena pāradena yena kenaciddravyeṇa |;
RRSṬīkā zu RRS, 8, 18.2: 61;3 1;tatkrameṇa candradalam analadalaṁ svarṇadalaṁ śāstre |;
RRSṬīkā zu RRS, 8, 18.2: 61;4 1;analaḥ svarṇam ||;
RRSṬīkā zu RRS, 8, 18.2: 61;5 1;kṛtrimarajataṁ kṛtrimasvarṇaṁ cetyarthaḥ ||;
RRSṬīkā zu RRS, 8, 18.2: 61;6 1;ravā iti nāmnā loke prasiddham ||;Āyurvedadīpikā ĀVDīp zu Ca, Śār., 1, 94.2: 246 3;prasiddhavacanair iti lokaprasiddhavacanaiḥ ||;!;;Rasaratnasamuccayaṭīkā RRSṬīkā zu RRS, 3, 14.2: 9 1;khaṭhikā khaḍu cās iti nāmnā loke prasiddhā ||;!;;
RRSṬīkā zu RRS, 8, 20.2: 62;1 1;saṁprati śulbanāgalakṣaṇamāha mākṣikeṇeti ||;
RRSṬīkā zu RRS, 8, 20.2: 62;2 1;samabhāgamākṣikeṇa māritaṁ tāmraṁ |;
RRSṬīkā zu RRS, 8, 20.2: 62;3 1;evaṁ daśavāraṁ kṛtvā tadvattāmravanmākṣikeṇaiva |;
RRSṬīkā zu RRS, 8, 20.2: 62;4 1;evaṁ saptavāraṁ māraṇapūrvakotthāpanena saṁśuddham |;
RRSṬīkā zu RRS, 8, 21.2: 63;1 1;tadupayogamāha sādhita iti ||;Mṛgendraṭīkā MṛgṬīkā zu MṛgT, Vidyāpāda, 9, 16.2: 174 7;tad etat siddhaṁ sādhyata ityāha ||;!;;
RRSṬīkā zu RRS, 8, 21.2: 63;2 1;taccūrṇaṁ pāradena samabhāgena śuddhena |;
RRSṬīkā zu RRS, 8, 23.2: 64;1 1;piñjarīlakṣaṇamāha lohamiti ||;Rasaratnasamuccayaṭīkā RRSṬīkā zu RRS, 8, 26.2: 66 1;atha nirvāhalakṣaṇamāha sādhyaloha iti ||;!;;
RRSṬīkā zu RRS, 8, 23.2: 64;2 1;yathā jasadaṁ mūṣāyāṁ tāmre nikṣipya |;
RRSṬīkā zu RRS, 8, 23.2: 64;3 1;sā oṣadhīpatrajā śabdavācyā ||;
RRSṬīkā zu RRS, 8, 23.2: 64;4 1;yasyā utpattau kāraṇaṁ bījasthāne patrameva bhavati ||;
RRSṬīkā zu RRS, 8, 23.2: 64;5 1;cīritapattrā hrasvakṣupaviśeṣarūpā ceyamupavana |;
RRSṬīkā zu RRS, 8, 24.2: 65;1 1;candrārkaṁ lakṣayati bhāgā iti ||;Rasaratnasamuccayabodhinī RRSBoṬ zu RRS, 8, 24.2: 72 1;candrārkasaṁjñāmāha bhāgā iti ||;!;;
RRSṬīkā zu RRS, 8, 24.2: 65;2 1;āvartitā dhmānenaikībhūtarasarūpā ityarthaḥ ||;
RRSṬīkā zu RRS, 8, 24.2: 65;3 1;bhāsvatastāmrasya ||;
RRSṬīkā zu RRS, 8, 24.2: 65;4 1;candrārkasya khoṭabaddharasena vedhātkanakotpattiśca |;
RRSṬīkā zu RRS, 8, 26.2: 66;1 1;atha nirvāhalakṣaṇamāha sādhyaloha iti ||;
RRSṬīkā zu RRS, 8, 26.2: 66;2 1;yasyāṁ kriyāyāṁ sādhyalohe nirvāhye lohe drute sati |;
RRSṬīkā zu RRS, 8, 26.2: 66;3 1;vaṅkanāletyuktyā bhastrādijadhmānavyāvṛttiḥ ||;
RRSṬīkā zu RRS, 8, 26.2: 66;4 1;nirvāhaṇam ekīkaraṇamiti yāvat ||;
RRSṬīkā zu RRS, 8, 26.2: 66;5 1;nirvāpaṇaṁ nirvāhaṇaṁ cetyanarthāntaram ||;
RRSṬīkā zu RRS, 8, 26.2: 66;6 1;ekīkaraṇārthakanirvāpaṇaśabdaprayogastu saṁprati |;
RRSṬīkā zu RRS, 8, 26.2: 66;7 1;kiṁtu sarvatra tadarthaṁ nirvāhaṇaśabda eva prayukto |;
RRSṬīkā zu RRS, 8, 26.2: 66;8 1;etacca nirvāhaṇaṁ prāyo bījādisaṁskārārthaṁ kriyate ||;
RRSṬīkā zu RRS, 8, 26.2: 66;9 1;yathā pāradodare bījānāṁ mṛtanāgaṁ mṛtavaṅgaṁ mṛtavaraśulbaṁ mṛtaṁ tathā ekaikaṁ hemavare śatanirvyūḍhaṁ dravati garbhe ca ||;
RRSṬīkā zu RRS, 8, 26.2: 66;10 1;iti ||;
RRSṬīkā zu RRS, 8, 26.2: 66;11 1;ekaguṇasvarṇe nāgādyanyatamaṁ śataguṇanirvāhitaṁ |;
RRSṬīkā zu RRS, 8, 26.2: 66;12 1;evaṁ saṁskṛtaṁ svarṇaṁ varabījaṁ bhavati ||;
RRSṬīkā zu RRS, 8, 26.2: 66;13 1;atha nirvāpaṇadravyabhāgānuktisthāne taddravyasya |;
RRSṬīkā zu RRS, 8, 26.2: 66;14 1;kṣipennirvāhayedityarthaḥ ||;Āyurvedadīpikā ĀVDīp zu Ca, Indr., 1, 7.6: 281 24;ityuddeśa indriyasthānārthoddeśa ityarthaḥ ||;!;;Pañcārthabhāṣya PABh zu PāśupSūtra, 4, 8: 106 13;ityevaṁ vaktāro vadantītyarthaḥ ||;!;;Rasādhyāyaṭīkā RAdhyṬ zu RAdhy, 237.2: 46 6;iti vyoṣarājiḥ kāṁsyarājir ityarthaḥ ||;!;;
RRSṬīkā zu RRS, 8, 26.2: 66;15 1;kṣepasāmānyād anuktāvāvāpadravyamānam apyāha |;
RRSṬīkā zu RRS, 8, 26.2: 66;16 1;āvāpalakṣaṇam asminnevādhyāye vakṣyati ||;
RRSṬīkā zu RRS, 8, 26.2: 66;17 1;vāpanīye lohādye drute dravye ||;
RRSṬīkā zu RRS, 8, 26.2: 66;18 1;tatra bhāge dṛṣṭa ukte tu dṛṣṭavaduktabhāgamitameva |;
RRSṬīkā zu RRS, 8, 27: 67;1 1;mṛtalohasya bodhakānāṁ vividhapāribhāṣikaśabdānāṁ |;
RRSṬīkā zu RRS, 8, 27: 67;2 1;tallohaṁ vāritaram ucyate yanmṛtaṁ sattoye prakṣiptaṁ |;
RRSṬīkā zu RRS, 8, 28.2: 68;1 1;tallohaṁ rekhāpūrṇamucyate yanmṛtam |;
RRSṬīkā zu RRS, 8, 29.2: 69;1 1;atha pūrṇamṛtaṁ talloham apunarbhavam ucyate ||;
RRSṬīkā zu RRS, 8, 29.2: 69;2 1;yat pratyekaṁ samabhāgair guḍādibhiḥ samastaiḥ saha |;
RRSṬīkā zu RRS, 8, 30.2: 70;1 1;athottamākhyamṛtalohalakṣaṇamāha yadvā pūrṇamṛtaṁ |;
RRSṬīkā zu RRS, 8, 30.2: 70;2 1;dhānyabhāraṁ sahata ityarthaḥ ||;
RRSṬīkā zu RRS, 8, 30.2: 70;3 1;tatra lohe taddhānyaṁ kathaṁ tarati tadupamayāha yathā |;
RRSṬīkā zu RRS, 8, 30.2: 70;4 1;atra bahuṣu pustakeṣu ūnamaṁ parikīrtitam ityapi pāṭhaḥ |;
RRSṬīkā zu RRS, 8, 30.2: 70;5 1;tasya svayam ūnam ūnabhāraṁ laghvapi yallohaṁ |;
RRSṬīkā zu RRS, 8, 31.2: 71;1 1;athāpunarbhavākhyamṛtalohasyaiva |;
RRSṬīkā zu RRS, 8, 31.2: 71;2 1;saṁyuktaṁ melāpakamadhvājyaṁ dattvā mūṣāyāṁ |;
RRSṬīkā zu RRS, 8, 31.2: 71;3 1;ekībhāvaśca raupyamānavṛddhyā bodhyaḥ ||;
RRSṬīkā zu RRS, 8, 31.2: 71;4 1;spaṣṭīkṛtaṁ caitad rasasaṁketakalikāyām |;
RRSṬīkā zu RRS, 8, 31.2: 71;4 2;lohamadhvājyagaṁ tāraṁ svapramāṇaṁ bhavedyadā |;
RRSṬīkā zu RRS, 8, 31.2: 71;4 3;tadā lohaṁ nirutthaṁ syādanyathā sādhayetpunaḥ ||;
RRSṬīkā zu RRS, 8, 31.2: 71;5 1;iti ||;
RRSṬīkā zu RRS, 8, 31.2: 71;6 1;tāraṁ śuddhatāram ||;
RRSṬīkā zu RRS, 8, 32.2: 72;1 1;atha jāraṇāsaṁskāre prakṣepārhasya bījasya lakṣaṇamāha |;
RRSṬīkā zu RRS, 8, 32.2: 72;2 1;nirvāhyate prakṣepeṇaikīkriyate .neneti vyutpattyā |;
RRSṬīkā zu RRS, 8, 32.2: 72;3 1;prakṣepeṇa |;
RRSṬīkā zu RRS, 8, 32.2: 72;4 1;etadabhiprāyeṇaiva nirvāpaṇaviśeṣeṇetyapi pāṭho dṛśyate |;
RRSṬīkā zu RRS, 8, 32.2: 72;5 1;tena nirvāhaṇena nirvyūḍhaṁ yadbījopādānarasalohādi |;
RRSṬīkā zu RRS, 8, 32.2: 72;6 1;vāpanadravyeṇa mṛdu ca bhavettathā |;
RRSṬīkā zu RRS, 8, 32.2: 72;7 1;tathā kṛto vicitrasaṁskāro garbhadrāvako raktavargakaṣāye |;
RRSṬīkā zu RRS, 8, 32.2: 72;8 1;bījaṁ dvividhaṁ pītaṁ sitaṁ ceti bhedāt ||;
RRSṬīkā zu RRS, 8, 32.2: 72;9 1;tadapi pratyekaṁ dvividham ||;Rasaratnasamuccayaṭīkā RRSṬīkā zu RRS, 8, 32.2: 72 13;tadapi pratyekaṁ dvividham ||;GOOD;;Divyāvadāna Divyāv, 2: 2 121;tā api tayā sārdhaṁ gantumārabdhāḥ ||;!;;Divyāvadāna Divyāv, 18: 18 212;tena tadapi bhuktam ||;!;;Viṣṇupurāṇa ViPur, 4, 10: 66 14;tair apy ekaikena pratyākhyātas tāñchaśāpa ||;!;;Viṣṇupurāṇa ViPur, 4, 24: 80 40;tasya putro bhūmitras tasyāpi nārāyaṇaḥ ||;!;;
RRSṬīkā zu RRS, 8, 32.2: 72;10 1;akṛtrimaṁ kṛtrimaṁ ca ||;Ayurvedarasāyana Ayurvedarasāyana zu AHS, Sū., 9, 24.2: 28 3;balaṁ ca dvividhaṁ kṛtrimam akṛtrimaṁ ca ||;GOOD;;
RRSṬīkā zu RRS, 8, 32.2: 72;11 1;yaddhi khanisambhūtaṁ śuddhaṁ svarṇaṁ rajataṁ vā tad |;
RRSṬīkā zu RRS, 8, 32.2: 72;12 1;yattu |;
RRSṬīkā zu RRS, 8, 32.2: 72;13 1;tadapi pratyekaṁ dvividham ||;Rasaratnasamuccayaṭīkā RRSṬīkā zu RRS, 8, 32.2: 72 9;tadapi pratyekaṁ dvividham ||;GOOD;;Divyāvadāna Divyāv, 2: 2 121;tā api tayā sārdhaṁ gantumārabdhāḥ ||;!;;Divyāvadāna Divyāv, 18: 18 212;tena tadapi bhuktam ||;!;;Viṣṇupurāṇa ViPur, 4, 10: 66 14;tair apy ekaikena pratyākhyātas tāñchaśāpa ||;!;;Viṣṇupurāṇa ViPur, 4, 24: 80 40;tasya putro bhūmitras tasyāpi nārāyaṇaḥ ||;!;;
RRSṬīkā zu RRS, 8, 32.2: 72;14 1;śuddhaṁ miśraṁ ca ||;Rasaratnasamuccayaṭīkā RRSṬīkā zu RRS, 8, 32.2: 72 15;śuddhamekaikaṁ miśraṁ mithaḥ saṁkīrṇam ||;!;;
RRSṬīkā zu RRS, 8, 32.2: 72;15 1;śuddhamekaikaṁ miśraṁ mithaḥ saṁkīrṇam ||;
RRSṬīkā zu RRS, 8, 32.2: 72;16 1;punarapi sarvam etattridhā bhavati ||;
RRSṬīkā zu RRS, 8, 32.2: 72;17 1;kalpitaṁ rañjitaṁ pakvaṁ ca ||;
RRSṬīkā zu RRS, 8, 32.2: 72;18 1;tatra tatkalpitaśabdavācyaṁ |;
RRSṬīkā zu RRS, 8, 32.2: 72;19 1;nirvāhaṇena hemaśeṣakṛtaṁ tāraśeṣakṛtaṁ vā yadbījaṁ |;
RRSṬīkā zu RRS, 8, 32.2: 72;20 1;evaṁ cedamuktalakṣaṇaṁ sarvabījānāṁ saṁgrāhakaṁ |;
RRSṬīkā zu RRS, 8, 32.2: 72;21 1;atra rasoparasānāṁ śodhanaṁ tu sūryāvartādigaṇena |;
RRSṬīkā zu RRS, 8, 32.2: 72;22 1;śaśaraktabhāvanayā kāntaṁ śudhyati ||;
RRSṬīkā zu RRS, 8, 32.2: 72;23 1;sauvarṇaṁ rājataṁ patraṁ ca |;
RRSṬīkā zu RRS, 8, 32.2: 72;24 1;nāgavaṅgaghoṣatāmrāṇi tu prataptāni nirguṇḍīrasasekais |;
RRSṬīkā zu RRS, 8, 32.2: 72;25 1;sarvo.pi lohaḥ pratapto mākṣīkadaradavāpena bahuvāraṁ |;
RRSṬīkā zu RRS, 8, 32.2: 72;26 1;rasoparasānāṁ sattvāni mūloktavidhinā pātayet ||;
RRSṬīkā zu RRS, 8, 32.2: 72;27 1;saṁprati bījanirvāhaṇavidhiṁ rasahṛdayoktaṁ vakṣyāmi ||;
RRSṬīkā zu RRS, 8, 34: 73;1 1;atha tāḍanasaṁjñāmāha saṁsṛṣṭeti ||;
RRSṬīkā zu RRS, 8, 34: 73;2 1;parisādhanaṁ dhmānenāvaśeṣakārakaṁ yadvaṅkanālena |;
RRSṬīkā zu RRS, 8, 34: 73;3 1;yathā ghoṣādvaṅgaṁ vināśya tāmrasyāvaśeṣārthaṁ |;
RRSṬīkā zu RRS, 8, 36.2: 74;1 1;sattvalakṣaṇamāha kṣārāmleti ||;
RRSṬīkā zu RRS, 8, 36.2: 74;2 1;kṣāro yavakṣārādiḥ ||;Aṣṭādhyāyī Aṣṭādhyāyī, 6, 2: 22 125;ādiś cihaṇādīnām ||;!;;Āyurvedadīpikā ĀVDīp zu Ca, Sū., 26, 35.2: 59 5;ādigrahaṇāt prakṛtibalādīnāṁ grahaṇam ||;!;;Āyurvedadīpikā ĀVDīp zu Ca, Sū., 28, 4.7: 124 15;ādigrahaṇād ārtavastanyādigrahaṇam ||;!;;Nāṭyaśāstravivṛti NŚVi zu NāṭŚ, 6, 66.2: 2 34;ādigrahaṇād rājyāpaharaṇādi ||;!;;Nibandhasaṁgraha NiSaṁ zu Su, Śār., 3, 4.1: -1 31;śrāddhādibhojanaṁ śarīrādisaṁyogadhāraṇahetutvāt ||;!;;Nibandhasaṁgraha NiSaṁ zu Su, Sū., 24, 12.3: -1 4;krodhaśokabhayadainyerṣyāsūyāmātsaryakāmādayaḥ ;!;;Nibandhasaṁgraha NiSaṁ zu Su, Sū., 24, 5.5: -1 5;ghṛtakṣīrādayaḥ prabhṛtigrahaṇānmehakṣayādayaḥ ||;!;;Rasaratnasamuccayaṭīkā RRSṬīkā zu RRS, 8, 62.2: 86 2;kṣārā yavakṣārasarjanaṭaṅkaṇāḥ ||;!;;
RRSṬīkā zu RRS, 8, 36.2: 74;3 1;amlaṁ jambīrarasādi ||;
RRSṬīkā zu RRS, 8, 36.2: 74;4 1;drāvakaṁ guḍagugguluguñjādi ||;
RRSṬīkā zu RRS, 8, 36.2: 74;5 1;drāvako gaṇo vakṣyamāṇaḥ ||;Āśvalāyanagṛhyasūtra ĀśGS, 1, 1: 1 1;uktāni vaitānikāni gṛhyāni vakṣyāmaḥ ||;!;;Ayurvedarasāyana Ayurvedarasāyana zu AHS, Sū., 15, 5.2: 38 4;vīratarādividāryādī vakṣyamāṇau gaṇau ||;!;;Ayurvedarasāyana Ayurvedarasāyana zu AHS, Sū., 15, 7.2: 40 2;ete sapta gaṇā vakṣyamāṇāḥ ||;!;;Khādiragṛhyasūtra KhGṛS, 2, 5: 7 6;uktam upanayanam ||;!;;Ratnaṭīkā GaṇaKārṬīkā zu GaṇaKār, 1.2: 2 3;gaṇasvarūpaṁ tarhi vācyam ||;!;;
RRSṬīkā zu RRS, 8, 36.2: 74;6 1;pañcājaṁ pañcagavyādi ||;Aṣṭādhyāyī Aṣṭādhyāyī, 6, 2: 22 125;ādiś cihaṇādīnām ||;!;;Āyurvedadīpikā ĀVDīp zu Ca, Sū., 26, 35.2: 59 5;ādigrahaṇāt prakṛtibalādīnāṁ grahaṇam ||;!;;Āyurvedadīpikā ĀVDīp zu Ca, Sū., 28, 4.7: 124 15;ādigrahaṇād ārtavastanyādigrahaṇam ||;!;;Nāṭyaśāstravivṛti NŚVi zu NāṭŚ, 6, 66.2: 2 34;ādigrahaṇād rājyāpaharaṇādi ||;!;;Nibandhasaṁgraha NiSaṁ zu Su, Śār., 3, 4.1: -1 31;śrāddhādibhojanaṁ śarīrādisaṁyogadhāraṇahetutvāt ||;!;;Nibandhasaṁgraha NiSaṁ zu Su, Sū., 24, 12.3: -1 4;krodhaśokabhayadainyerṣyāsūyāmātsaryakāmādayaḥ ;!;;Nibandhasaṁgraha NiSaṁ zu Su, Sū., 24, 5.5: -1 5;ghṛtakṣīrādayaḥ prabhṛtigrahaṇānmehakṣayādayaḥ ||;!;;
RRSṬīkā zu RRS, 8, 36.2: 74;7 1;matsyādipiṇḍīdravyaṁ ca tadyuktaṁ tena piṇḍīkṛtaṁ |;
RRSṬīkā zu RRS, 8, 36.2: 74;8 1;ākarakoṣṭhaka ākaro vakṣyamāṇaḥ ||;Āśvalāyanagṛhyasūtra ĀśGS, 1, 1: 1 1;uktāni vaitānikāni gṛhyāni vakṣyāmaḥ ||;!;;Khādiragṛhyasūtra KhGṛS, 2, 5: 7 6;uktam upanayanam ||;!;;
RRSṬīkā zu RRS, 8, 36.2: 74;9 1;koṣṭhikā varṇanasthānagranthaḥ ||;
RRSṬīkā zu RRS, 8, 36.2: 74;10 1;tatrokte yogye koṣṭhe koṣṭhayantre .ṅgārakoṣṭhyādau ca |;
RRSṬīkā zu RRS, 8, 37.2: 75;1 1;atha dhmānakriyāyā mānaviśeṣajñānārthaṁ kṛtāyāḥ |;
RRSṬīkā zu RRS, 8, 37.2: 75;2 1;śikharaparyantaṁ paripūrṇakokilānāṁ dhmānena |;
RRSṬīkā zu RRS, 8, 37.2: 75;3 1;asyā eva nāliśaketi paryāyāntaram ||;Rasaratnasamuccayaṭīkā RRSṬīkā zu RRS, 4, 4.2: 31 2;ata evāsyābhraloham iti paryāyāntaram ||;!;;
RRSṬīkā zu RRS, 8, 39.2: 76;1 1;atha hiṅgulākṛṣṭarasamāha vidyādhareti ||;
RRSṬīkā zu RRS, 8, 39.2: 76;2 1;vidyādharayantraṁ dvividhaṁ nirjalaṁ sajalaṁ ca ||;
RRSṬīkā zu RRS, 8, 39.2: 76;3 1;tatra prathamaṁ kanakasundaraprabhṛtirasānām |;
RRSṬīkā zu RRS, 8, 39.2: 76;4 1;tacca nyubjordhvapātreṇa saṁpuṭitam ||;
RRSṬīkā zu RRS, 8, 39.2: 76;5 1;yattu dvitīyam uttānapātraghaṭitaṁ tadatra |;
RRSṬīkā zu RRS, 8, 39.2: 76;6 1;ārdrakamarditād ityasyāgre hiṅgulāditi śeṣaḥ ||;
RRSṬīkā zu RRS, 8, 40.2: 77;1 1;ghoṣākṛṣṭasya lakṣaṇamāha svalpeti ||;
RRSṬīkā zu RRS, 8, 40.2: 77;2 1;tāḍitaṁ paridhmātam ||;
RRSṬīkā zu RRS, 8, 40.2: 77;3 1;atra tālaḥ svalpaśabdena kāṁsyasya caturthāṁśena |;
RRSṬīkā zu RRS, 8, 40.2: 77;4 1;raṅgasya tāmrātpṛthagbhūtvā vināśārthaṁ tadupayogo |;
RRSṬīkā zu RRS, 8, 41.2: 78;1 1;varanāgasya lakṣaṇamāha tīkṣṇamiti ||;Rasaratnasamuccayabodhinī RRSBoṬ zu RRS, 8, 41.2: 81 1;varanāgalakṣaṇamāha tīkṣṇeti ||;GOOD;;
RRSṬīkā zu RRS, 8, 41.2: 78;2 1;samabhāganīlāñjanasaṁyutaṁ tīkṣṇalohaṁ samabhāgena |;
RRSṬīkā zu RRS, 8, 41.2: 78;3 1;arkāpāmārgakadalībhasmatoyena lolayet ||;
RRSṬīkā zu RRS, 8, 41.2: 78;4 1;tadvastragālitaṁ grāhyaṁ svacchatoyaṁ tadātape ||;
RRSṬīkā zu RRS, 8, 41.2: 78;5 1;mṛdukṛṣṭaṁ drutadrāvamiti pāṭhe dhmātvā mūṣātaḥ |;
RRSṬīkā zu RRS, 8, 41.2: 78;6 1;nāgādvaraṁ śreṣṭham etad varanāgam iti ||;
RRSṬīkā zu RRS, 8, 41.2: 78;7 1;uttarapadasya pūrvanipātena siddho.yaṁ śabdaḥ ||;
RRSṬīkā zu RRS, 8, 41.2: 78;8 1;asyopayogaṁ tvasthirāṇāṁ kharparādisattvānāṁ |;
RRSṬīkā zu RRS, 8, 41.2: 78;9 1;tatprakārastu dvitīyādhyāye.tra |;
RRSṬīkā zu RRS, 8, 41.2: 78;10 1;nāgaṁ nīlāñjanopetamiti pāṭhastu prāmādika eva ||;
RRSṬīkā zu RRS, 8, 41.2: 78;11 1;sattvānāṁ hi sthirīkaraṇe nāgasyānupayogāditi bodhyam ||;
RRSṬīkā zu RRS, 8, 42: 79;1 1;utthāpanaśabdārthamāha mṛtasyeti ||;
RRSṬīkā zu RRS, 8, 42: 79;2 1;pāradarasoparasalohādīnām atimūrchitānāṁ |;
RRSṬīkā zu RRS, 8, 43: 80;1 1;ḍhālanasaṁjñāṁ lakṣayati drutadravyasyeti ||;
RRSṬīkā zu RRS, 8, 43: 80;2 1;yathā varalohakavidhau satīkṣṇatāmrasya dhmānena |;
RRSṬīkā zu RRS, 8, 43: 80;3 1;atha capalo dvividhaḥ ||;Khādiragṛhyasūtra KhGṛS, 2, 4: 6 16;athainaṁ paridadyād antakaprabhṛtibhiḥ ||;!;;
RRSṬīkā zu RRS, 8, 43: 80;4 1;pāṣāṇaviśeṣaḥ kṛtrimo dhāturūpaśca ||;
RRSṬīkā zu RRS, 8, 43: 80;5 1;tatra pāṣāṇaviśeṣo dvitīyādhyāya uktaḥ ||;
RRSṬīkā zu RRS, 8, 49.2: 81;1 1;dhautasya lakṣaṇamāha bhūbhujaṅgeti ||;Rasaratnasamuccayabodhinī RRSBoṬ zu RRS, 8, 49.2: 83 1;dhautamāha bhūbhujaṁgeti ||;!;;
RRSṬīkā zu RRS, 8, 49.2: 81;2 1;bhūbhujaṅgā bhūnāgāḥ ||;
RRSṬīkā zu RRS, 8, 49.2: 81;3 1;teṣāṁ śakṛnmṛdviśeṣarūpameva tatsaṁnidhāvupalabhyate |;
RRSṬīkā zu RRS, 8, 49.2: 81;4 1;etasyopayogastu kharasattvotpādanārthaṁ |;
RRSṬīkā zu RRS, 8, 51.2: 82;1 1;bhajanīlakṣaṇamāha bhāgādrūpyādhiketi ||;
RRSṬīkā zu RRS, 8, 51.2: 82;2 1;anuvarṇasuvarṇake hīnavarṇasuvarṇe hemakṛṣṭiṁ dattvā |;
RRSṬīkā zu RRS, 8, 51.2: 82;3 1;athavā dravyair vedhādāvanupadiṣṭadravyair |;
RRSṬīkā zu RRS, 8, 51.2: 82;4 1;hemakṛṣṭerlakṣaṇaṁ tu ||;
RRSṬīkā zu RRS, 8, 51.2: 82;5 1;rūpyaṁ vā jātarūpaṁ vā rasagandhādibhirhatam |;
RRSṬīkā zu RRS, 8, 51.2: 82;5 2;samutthitaṁ ca bahuśaḥ sā kṛṣṭī hematārayoḥ ||;Rasaratnasamuccaya RRS, 8: 8 10;rūpyaṁ vā jātarūpaṁ vā rasagandhādibhirhatam |samutthitaṁ ca bahuśaḥ sā kṛṣṭī hematārayoḥ ||;GOOD;;Rasendracūḍāmaṇi RCūM, 4: 2 11;rūpyaṁ vā jātarūpaṁ vā rasagandhādibhirhatam |samutthitaṁ hi bahuśaḥ sā kṛṣṭī hematārayoḥ ||;!;;
RRSṬīkā zu RRS, 8, 51.2: 82;6 1;iti prāguktameva ||;Mṛgendraṭīkā MṛgṬīkā zu MṛgT, Vidyāpāda, 1, 1.2: 1 3;tadicchayā mayaivoktam iti ||;!;;Nibandhasaṁgraha NiSaṁ zu Su, Sū., 24, 8.4: -1 13;balaṁ ityatra eveti rasādīnāṁ ataḥśabdo pramāṇānyuktāni ;!;;Parāśarasmṛtiṭīkā Parāśarasmṛtiṭīkā zu ParDhSmṛti, 2, 2.1: 1 22;etad evābhivyañjayituṁ pūrvam ityuktam ||;!;;Rasaratnasamuccayaṭīkā RRSṬīkā zu RRS, 8, 73: 96 4;pariṇāmārthastu prāgukta eva ||;!;;Rasaratnasamuccayaṭīkā RRSṬīkā zu RRS, 10, 26.2: 149 5;tadevocyate parpaṭyādīti ||;!;;Rasaratnasamuccayaṭīkā RRSṬīkā zu RRS, 11, 88.2: 189 4;ata evāyam agnibaddha ityucyate ||;!;;Viṣṇusmṛti ViSmṛ, 98: 98 3;ityevam ukto bhagavāṁs tathetyuvāca ||;!;;
RRSṬīkā zu RRS, 8, 51.2: 82;7 1;atra vidhau hemakṛṣṭiḥ ||;
RRSṬīkā zu RRS, 8, 51.2: 82;8 1;rasadaradatāpyagandhakamanaḥśilārājavartakaṁ vimalam puṭamṛtaśulbaṁ tāre nirvyūḍhaṁ hemakṛṣṭiriyam ||;Rasahṛdayatantra RHT, 18: 18 2;rasadaradatāpyagandhakamanaḥśilārājavarttakaṁ vimalam puṭamṛtaśulbaṁ tāre nirvyūḍhaṁ hemakṛṣṭiriyam ||;GOOD;;
RRSṬīkā zu RRS, 8, 51.2: 82;9 1;iti ||;
RRSṬīkā zu RRS, 8, 51.2: 82;10 1;rasadaradādīnāṁ puṭena mṛtaṁ yacchulbaṁ tattāre |;
RRSṬīkā zu RRS, 8, 51.2: 82;11 1;śatāṁśavidhiśca |;
RRSṬīkā zu RRS, 8, 51.2: 82;11 2;aṣṭānavatir bhāgāstārastveko.pi kanakabhāgaḥ syāt |;
RRSṬīkā zu RRS, 8, 51.2: 82;11 3;sūtasyaiko bhāgaḥ śatāṁśavidhireṣa vikhyātaḥ ||;
RRSṬīkā zu RRS, 8, 51.2: 82;12 1;iti rasahṛdaye ||;
RRSṬīkā zu RRS, 8, 51.2: 82;13 1;tatra nirvyūḍhatārabhāgasyādhikakṣepeṇānu varṇasuvarṇe |;
RRSṬīkā zu RRS, 8, 52.2: 83;1 1;atha cullikālakṣaṇamāha pataṅgīkalkata iti ||;
RRSṬīkā zu RRS, 8, 52.2: 83;2 1;pataṅgī aśuddharasoparasādikṛtabījajīrṇaḥ |;
RRSṬīkā zu RRS, 8, 52.2: 83;3 1;uktaṁ ca rasahṛdaye |;
RRSṬīkā zu RRS, 8, 52.2: 83;3 2;yaḥ punaretaiḥ kurute karmāśuddhair bhaved rasastasya |;
RRSṬīkā zu RRS, 8, 52.2: 83;3 3;avyāpakaḥ pataṅgī na rase rasāyane yojyaḥ ||;
RRSṬīkā zu RRS, 8, 52.2: 83;4 1;iti ||;
RRSṬīkā zu RRS, 8, 52.2: 83;5 1;etai rasoparasaiḥ ||;Āyurvedadīpikā ĀVDīp zu Ca, Sū., 26, 41: 65 3;rasā iti rasayuktāni dravyāṇi ||;!;;Āyurvedadīpikā ĀVDīp zu Ca, Sū., 27, 4.2: 97 12;rasaḥ māṁsarasaḥ ||;!;;Gautamadharmasūtra GautDhS, 1, 7: 7 17;rasānāṁ rasaiḥ ||;!;;Rasādhyāyaṭīkā RAdhyṬ zu RAdhy, 218.2: 42 5;eṣa sahasravedhako rasaḥ ||;!;;Śāṅkhāyanāraṇyaka ŚāĀr, 8, 3: 102 4;tasyaitasyākāro rasaḥ ||;!;;
RRSṬīkā zu RRS, 8, 52.2: 83;6 1;karma jāraṇādikarma ||;Āyurvedadīpikā ĀVDīp zu Ca, 2, Cik., 1, 16.1: 359 8;karmaṇa iti aihikādvaśīkaraṇādikarmaṇaḥ ||;!;;
RRSṬīkā zu RRS, 8, 52.2: 83;7 1;pataṅgī pakṣivad ūrdhvagāmī ||;
RRSṬīkā zu RRS, 8, 52.2: 83;8 1;pāradaghaṭitakalkastu yogataraṅgiṇyādigranthokto |;
RRSṬīkā zu RRS, 8, 52.2: 83;9 1;tathā coktaṁ taraṅgiṇyām |;
RRSṬīkā zu RRS, 8, 52.2: 83;9 2;pāradaṣṭaṅka ekasyā dvipalaṁ pītakharparam |;
RRSṬīkā zu RRS, 8, 52.2: 83;9 3;mardayetsudṛḍhaṁ tāvad raso yāvad vilīyate ||;
RRSṬīkā zu RRS, 8, 52.2: 83;10 1;punar jambīranīreṇa guḍena ca samanvitam |;
RRSṬīkā zu RRS, 8, 52.2: 83;10 2;śoṣayeccātape piṣṭvā ślakṣṇaṁ kṛtvā ca dhāryate ||;
RRSṬīkā zu RRS, 8, 52.2: 83;11 1;arkadugdhasya dātavyā bhāvanāstā yathā tathā |;
RRSṬīkā zu RRS, 8, 52.2: 83;11 2;asya kalkasya siddhasya bhāga ekaśca ṭaṅkaṇaḥ ||;
RRSṬīkā zu RRS, 8, 52.2: 83;12 1;tāmraṁ bhāgatrayaṁ dattvā dhāmyatām andhamūṣayā |;
RRSṬīkā zu RRS, 8, 52.2: 83;12 2;suvarṇaṁ divyatejaḥ syāt kuṅkumād atiricyate ||;
RRSṬīkā zu RRS, 8, 52.2: 83;13 1;iti ||;
RRSṬīkā zu RRS, 8, 52.2: 83;14 1;evaṁ nāgārjunādigranthe tāratvotpādakakalko.pi |;
RRSṬīkā zu RRS, 8, 53.2: 84;1 1;saṁprati kriyāviśeṣasiddhasyāciravināśino lohasthasya |;
RRSṬīkā zu RRS, 8, 53.2: 84;2 1;atrāpi pataṅgikalkata ityanuvartanīyam ||;
RRSṬīkā zu RRS, 8, 53.2: 84;3 1;tādṛśakalkena rañjitāllohāddhmānādiyatnena vinā |;
RRSṬīkā zu RRS, 8, 54.2: 85;1 1;druta iti ||;
RRSṬīkā zu RRS, 8, 54.2: 85;2 1;etadudāharaṇaṁ yathā |;
RRSṬīkā zu RRS, 8, 54.2: 85;2 2;suradālibhasma galitaṁ triḥsaptakṛtvo.tha gojalaṁ śuṣkam vāpena salilasadṛśaṁ karoti mūṣāgataṁ tīkṣṇam ||;
RRSṬīkā zu RRS, 8, 54.2: 85;3 1;iti ||;
RRSṬīkā zu RRS, 8, 54.2: 85;4 1;tathā |;
RRSṬīkā zu RRS, 8, 54.2: 85;4 2;suragopakadeharajaḥ suradāliphalaiḥ samāṁśakair deyaḥ |;
RRSṬīkā zu RRS, 8, 54.2: 85;4 3;vāpo drute suvarṇe drutamāste tadrasaprakhyam ||;Rasahṛdayatantra RHT, 15: 15 7;suragopakadeharajaḥ suradāliphalaiḥ samāṁśakairdeyaḥ |vāpo drute suvarṇe drutamāste tadrasaprakhyam ||;!;;
RRSṬīkā zu RRS, 8, 54.2: 85;5 1;iti ||;
RRSṬīkā zu RRS, 8, 54.2: 85;6 1;rasaprakhyaṁ jalasadṛśam ityarthaḥ ||;
RRSṬīkā zu RRS, 8, 62.2: 86;1 1;idānīm aṣṭādaśasaṁskārāṇāṁ krameṇa lakṣaṇamāha |;
RRSṬīkā zu RRS, 8, 62.2: 86;2 1;kṣārā yavakṣārasarjanaṭaṅkaṇāḥ ||;
RRSṬīkā zu RRS, 8, 62.2: 86;3 1;amlaṁ kāñjikādi ||;Aṣṭādhyāyī Aṣṭādhyāyī, 6, 2: 22 125;ādiś cihaṇādīnām ||;!;;Āyurvedadīpikā ĀVDīp zu Ca, Sū., 26, 35.2: 59 5;ādigrahaṇāt prakṛtibalādīnāṁ grahaṇam ||;!;;Āyurvedadīpikā ĀVDīp zu Ca, Sū., 28, 4.7: 124 15;ādigrahaṇād ārtavastanyādigrahaṇam ||;!;;Nāṭyaśāstravivṛti NŚVi zu NāṭŚ, 6, 66.2: 2 34;ādigrahaṇād rājyāpaharaṇādi ||;!;;Nibandhasaṁgraha NiSaṁ zu Su, Śār., 3, 4.1: -1 31;śrāddhādibhojanaṁ śarīrādisaṁyogadhāraṇahetutvāt ||;!;;Nibandhasaṁgraha NiSaṁ zu Su, Sū., 24, 12.3: -1 4;krodhaśokabhayadainyerṣyāsūyāmātsaryakāmādayaḥ ;!;;Nibandhasaṁgraha NiSaṁ zu Su, Sū., 24, 5.5: -1 5;ghṛtakṣīrādayaḥ prabhṛtigrahaṇānmehakṣayādayaḥ ||;!;;Rasaratnasamuccayabodhinī RRSBoṬ zu RRS, 9, 4.2: 119 2;dravadravyeṇa kāñjikādisvedanadravyeṇa ||;!;;Rasaratnasamuccayaṭīkā RRSṬīkā zu RRS, 8, 36.2: 74 3;amlaṁ jambīrarasādi ||;!;;
RRSṬīkā zu RRS, 8, 62.2: 86;4 1;auṣadhaistryūṣaṇādibhiḥ sarpākṣyādibhiśca ||;
RRSṬīkā zu RRS, 8, 62.2: 86;5 1;tāstu rasaratnākare parigaṇitā eva |;
RRSṬīkā zu RRS, 8, 62.2: 86;6 1;tathā ca tadgranthaḥ |;
RRSṬīkā zu RRS, 8, 62.2: 86;6 2;nānādhānyair yathāprāptaistuṣavarjyair jalānvitaiḥ |;
RRSṬīkā zu RRS, 8, 62.2: 86;6 3;mṛdbhāṇḍe pūritaṁ rakṣa yāvad amlatvam āpnuyāt ||;
RRSṬīkā zu RRS, 8, 62.2: 86;7 1;tanmadhye bhṛṅgarāṅmuṇḍī viṣṇukrāntā punarnavā |;
RRSṬīkā zu RRS, 8, 62.2: 86;7 2;mīnākṣī caiva sarpākṣī sahadevī śatāvarī ||;Bhāvaprakāśa BhPr, 2, 3: 5 147;tanmadhye bhṛṅgarāṅmuṇḍī viṣṇukrāntā punarnavā |mīnākṣī caiva sarpākṣī sahadevī śatāvarī ||;GOOD;;Rasaratnākara RRĀ, 3, 11: 30 5;tanmadhye bhṛṅgarāṅmuṇḍī viṣṇukrāntā punarnavā |mīnākṣī caiva sarpākṣī sahadevī śatāvarī ||;GOOD;;Rasendracintāmaṇi RCint, 3: 3 16;tanmadhye ghanavāṅmuṇḍī viṣṇukrāntāpunarnavā |mīnākṣī caiva sarpākṣī sahadevī śatāvarī ||;!;;
RRSṬīkā zu RRS, 8, 62.2: 86;8 1;triphalā girikarṇī ca haṁsapādī ca citrakam |;
RRSṬīkā zu RRS, 8, 62.2: 86;8 2;samūlaṁ kaṇḍayitvā tu yathālābhaṁ niveśayet ||;Rasaratnākara RRĀ, 3, 11: 30 6;triphalā girikarṇī ca haṁsapādī ca citrakam |samūlaṁ khaṇḍayitvā tu yathālābhaṁ niveśayet ||;!;;
RRSṬīkā zu RRS, 8, 62.2: 86;9 1;pūrvāmlabhāṇḍamadhye tu dhānyāmlakam idaṁ smṛtam |;
RRSṬīkā zu RRS, 8, 62.2: 86;9 2;svedanādiṣu sarvatra rasarājasya yojayet ||;Rasendracintāmaṇi RCint, 3: 3 18;pūrvāmlabhāṇḍamadhye tu dhānyāmlakamidaṁ bhavet |svedanādiṣu sarvatra rasarājasya yojayet ||;!;;
RRSṬīkā zu RRS, 8, 62.2: 86;10 1;iti ||;
RRSṬīkā zu RRS, 8, 62.2: 86;11 1;sthitasya |;
RRSṬīkā zu RRS, 8, 62.2: 86;12 1;tryūṣaṇādikalko.pi rasaratnākare.bhihitaḥ |;
RRSṬīkā zu RRS, 8, 62.2: 86;12 2;tryūṣaṇaṁ lavaṇaṁ rājī rajanī triphalādravam |;
RRSṬīkā zu RRS, 8, 62.2: 86;12 3;mahābalā nāgabalā meghanādā punarnavā ||;
RRSṬīkā zu RRS, 8, 62.2: 86;13 1;meṣaśṛṅgī citrakaṁ ca navasāraṁ samaṁ samam |;
RRSṬīkā zu RRS, 8, 62.2: 86;13 2;etat samastaṁ vyastaṁ vā pūrvāmlenaiva peṣayet ||;Bhāvaprakāśa BhPr, 2, 3: 5 151;meṣaśṛṅgī citrakaṁ ca navasāraṁ samaṁ samam |etatsamastaṁ vyastaṁ vā pūrvāmlenaiva peṣayet ||;GOOD;;Rasaratnākara RRĀ, 3, 11: 30 9;meṣaśṛṅgī citrakaṁ ca navasāraṁ samaṁ samam |etat samastaṁ vyastaṁ vā pūrvāmlenaiva mardayet ||;!;;
RRSṬīkā zu RRS, 8, 62.2: 86;14 1;tatkalkena lipedvastraṁ yāvad aṅgulamātrakam |;
RRSṬīkā zu RRS, 8, 62.2: 86;14 2;tanmadhye nikṣipet sūtaṁ baddhvā pacyād dinatrayam ||;
RRSṬīkā zu RRS, 8, 62.2: 86;15 1;dolāyantre .mlasaṁyukte svedito jāyate rasaḥ |;
RRSṬīkā zu RRS, 8, 62.2: 86;15 2;prakṣālya kāñjikaiḥ soṣṇaistam ādāya vimardayet ||;
RRSṬīkā zu RRS, 8, 62.2: 86;16 1;iti ||;
RRSṬīkā zu RRS, 8, 62.2: 86;17 1;malaśaithilyakārakaṁ malāśca dvādaśa doṣāḥ ||;
RRSṬīkā zu RRS, 8, 62.2: 86;18 1;tacchaithilyajanakam ||;Aitareyabrāhmaṇa AitBr, 1, 4: 4 5;tattan nādṛtyam ||;!;;Aitareyabrāhmaṇa AitBr, 1, 11: 11 2;tat tan nādṛtyam ||;!;;Aitareyabrāhmaṇa AitBr, 2, 22: 52 2;tat tan nādṛtyam ||;!;;Aitareyabrāhmaṇa AitBr, 3, 18: 89 10;tat tan nādṛtyam ||;!;;Āpastambagṛhyasūtra ĀpGṛSū, 12: 11 9;tasmā anvāha tat savitur iti ||;!;;Arthaśāstra ArthaŚ, 1, 4: 4 15;sa tena guptaḥ prabhavati iti ||;!;;Arthaśāstra ArthaŚ, 1, 10: 10 10;tenodvegena rājā tān avarundhyāt ||;!;;Arthaśāstra ArthaŚ, 1, 15: 15 24;te yathā brūyustat kuryāt ||;!;;Arthaśāstra ArthaŚ, 1, 15: 15 55;sa taccakṣuḥ ||;!;;Aṣṭādhyāyī Aṣṭādhyāyī, 4, 2: 14 59;tad adhīte tad veda ||;!;;Aṣṭādhyāyī Aṣṭādhyāyī, 5, 1: 17 16;tad asya tad asmin syād iti ||;!;;Baudhāyanadharmasūtra BaudhDhSū, 1, 3: 3 43;tayos tad eva pāvanam ||;!;;Daśakumāracarita DKCar, 2, 3: 8 178;akūjacaca sā taṁ janaṁ kṛtāntadṛtīvāhvayantī ||;!;;Daśakumāracarita DKCar, 2, 6: 11 6;sa tu tasyāḥ pāṇigrāhakamanujīviṣyati ||;!;;Divyāvadāna Divyāv, 1: 1 89;sā tenātyayam atyayataḥ kṣamāpitā ||;!;;Divyāvadāna Divyāv, 1: 1 139;tān dṛṣṭvā tasya kāruṇyamutpannam ||;!;;Divyāvadāna Divyāv, 1: 1 142;sa tānutsṛjya padbhyāṁ samprasthitaḥ ||;!;;Divyāvadāna Divyāv, 1: 1 145;sa tasya sakāśamupasaṁkrāntaḥ ||;!;;Divyāvadāna Divyāv, 1: 1 167;sa tasya sakāśamupasaṁkrāntaḥ ||;!;;Divyāvadāna Divyāv, 1: 1 190;sa tairdūrata eva dṛṣṭaḥ ||;!;;Divyāvadāna Divyāv, 1: 1 191;te taṁ pratyavabhāṣitumārabdhāḥ ||;!;;Divyāvadāna Divyāv, 1: 1 194;sa taiḥ snāpito bhojitaḥ ||;!;;Divyāvadāna Divyāv, 1: 1 239;sa tena snāpito bhojitaḥ ||;!;;Divyāvadāna Divyāv, 1: 1 325;tena tasyāḥ pratijñātam ||;!;;Divyāvadāna Divyāv, 1: 1 328;sa tasminneva vimāne uṣitaḥ ||;!;;Divyāvadāna Divyāv, 1: 1 341;sa tasyaurabhrikasya sakāśamupasaṁkrāntaḥ ||;!;;Divyāvadāna Divyāv, 1: 1 369;sa tasyā veśyāyāḥ sakāśamupasaṁkrāntaḥ ||;!;;Divyāvadāna Divyāv, 1: 1 397;sa taiḥ svareṇa pratyabhijñātaḥ ||;!;;Divyāvadāna Divyāv, 1: 1 428;sa tenopasaṁpāditaḥ ||;!;;Divyāvadāna Divyāv, 1: 1 494;taiḥ sa dvāre baddhvā sthāpitaḥ ||;!;;Divyāvadāna Divyāv, 1: 1 508;tena te karapratyāyāḥ samucchinnāḥ ||;!;;Divyāvadāna Divyāv, 2: 2 39;tayā tasyārocitam ||;!;;Divyāvadāna Divyāv, 2: 2 120;tābhiḥ sā pṛṣṭā tayā samākhyātam ||;!;;Divyāvadāna Divyāv, 2: 2 183;sa tamādāya vīthīṁ samprasthitaḥ ||;!;;Divyāvadāna Divyāv, 2: 2 188;sa tat kāṣṭhaṁ nirīkṣitumārabdhaḥ ||;!;;Divyāvadāna Divyāv, 2: 2 219;tena tāstisro gaṇḍikā darśitāḥ ||;!;;Divyāvadāna Divyāv, 2: 2 307;tena te śrutāḥ ||;!;;Divyāvadāna Divyāv, 2: 2 419;sa tābhyāṁ mānaṁ grāhitaḥ ||;!;;Divyāvadāna Divyāv, 3: 3 106;sa tān māṇavakān maitreyāya anupradāsyati ||;!;;Divyāvadāna Divyāv, 7: 7 33;sa tasyāḥ sakāśamupasaṁkrāntaḥ ||;!;;Divyāvadāna Divyāv, 7: 7 41;sā tāmapanetumārabdhā ||;!;;Divyāvadāna Divyāv, 7: 7 42;tasyāstasminnācāme .ṅguliḥ patitā ||;!;;Divyāvadāna Divyāv, 7: 7 140;sa tasya kṣetraṁ rakṣitumārabdhaḥ ||;!;;Divyāvadāna Divyāv, 7: 7 149;sā tāmādāya gatā ||;!;;Divyāvadāna Divyāv, 7: 7 192;sa tayā prajvalitaḥ pradīpaḥ prajvalatyeva ||;!;;Divyāvadāna Divyāv, 12: 12 176;tat tasyopari nipatitam ||;!;;Divyāvadāna Divyāv, 13: 13 148;sa tayā mukhabimbakena pratyabhijñātaḥ ||;!;;Divyāvadāna Divyāv, 13: 13 157;tayā gatvā tasyāḥ pracchannaṁ kathitam ||;!;;Divyāvadāna Divyāv, 13: 13 299;tasya tannīlakṛtsnam āmukhībhūtam ||;!;;Divyāvadāna Divyāv, 13: 13 487;sa gṛhapatistaṁ dṛṣṭvā paryavasthitaḥ ||;!;;Divyāvadāna Divyāv, 13: 13 497;sa tasyānugrahārthamavatīrṇaḥ ||;!;;Divyāvadāna Divyāv, 17: 17 326;taiḥ sa rājā dṛṣṭa āgacchan ||;!;;Divyāvadāna Divyāv, 18: 18 212;tena tadapi bhuktam ||;!;;Divyāvadāna Divyāv, 18: 18 390;sa tān dṛṣṭvā pratibuddhaḥ ||;!;;Divyāvadāna Divyāv, 19: 19 232;taistad dṛṣṭam ||;!;;Divyāvadāna Divyāv, 19: 19 273;sa tāṁ gṛhītvā vīthīṁ gataḥ ||;!;;Divyāvadāna Divyāv, 19: 19 289;taiste punaḥ pratyavekṣitāḥ ||;!;;Divyāvadāna Divyāv, 19: 19 291;sa tairgṛhītaḥ ||;!;;Divyāvadāna Divyāv, 19: 19 313;sa taiḥ śabditaḥ ||;!;;Divyāvadāna Divyāv, 19: 19 338;tena tasya kārṣāpaṇasahasraṁ dattam ||;!;;Divyāvadāna Divyāv, 19: 19 404;sa taṁ tāḍayitumārabdhaḥ ||;!;;Divyāvadāna Divyāv, 19: 19 416;sa tasya gṛhaṁ gataḥ ||;!;;Divyāvadāna Divyāv, 19: 19 552;sa tena praveśitaḥ ||;!;;Gautamadharmasūtra GautDhS, 1, 1: 1 10;tad yasmāt sa ācāryaḥ ||;!;;Gautamadharmasūtra GautDhS, 1, 8: 8 7;tadapekṣas tadvṛttiḥ ||;!;;Gopathabrāhmaṇa NEW GB, 1, 1, 23: 23 6;te tam abruvan ||;!;;Gopathabrāhmaṇa NEW GB, 1, 2, 15: 54 28;te pathirakṣayas ta iyakṣamāṇaṁ pratinudantaḥ ||;!;;Jaiminīyabrāhmaṇa JB, 1, 12: 5 7;tām annam akuruta tāṁ pratyudadīpyata ||;!;;Jaiminīyabrāhmaṇa JB, 1, 12: 5 12;tām annam akuruta tāṁ pratyudadīpyata ||;!;;Kāmasūtra KāSū, 5, 4: 26 18;tasyāstayaiva pratyuttarāṇi yojayet ||;!;;Lalitavistara LalVis, 12: 12 23;sa tasyāstaṁ lekhamupanāmayati sma ||;!;;Maitrāyaṇīsaṁhitā MS, 2, 1, 1: 18 10;tāṁ vai tasmai kāmāyālabhanta ||;!;;Nibandhasaṁgraha NiSaṁ zu Su, Sū., 1, 25.1: -1 1;tadyuktam teṣāmityādi ||;!;;Pañcārthabhāṣya PABh zu PāśupSūtra, 2, 18: 63 8;taducyate tadarthameva ||;!;;Pañcārthabhāṣya PABh zu PāśupSūtra, 2, 19: 64 4;tasmādatra tapastadeva ||;!;;Pañcārthabhāṣya PABh zu PāśupSūtra, 4, 1: 99 9;tasmādatra tapastadeva ||;!;;Pañcārthabhāṣya PABh zu PāśupSūtra, 4, 8: 106 16;taducyate taṁ guṇaṁ jñātvā vakṣyāmaḥ ||;!;;Pañcārthabhāṣya PABh zu PāśupSūtra, 4, 12: 110 7;sa teṣām iṣṭāpūrtam ādatteti ||;!;;Pañcārthabhāṣya PABh zu PāśupSūtra, 5, 34: 156 37;sa bhavatu teṣām ||;!;;Pañcārthabhāṣya PABh zu PāśupSūtra, 5, 34: 156 81;te bhavantu teṣām ||;!;;Pāraskaragṛhyasūtra Pāraskaragṛhyasūtra, 1, 8: 6 13;tasmāt tayor grāmaḥ pramānam iti śruteḥ ||;!;;Pāśupatasūtra PāśupSūtra, 4: 4 11;sa teṣāmiṣṭāpūrtamādatta ||;!;;Saṅghabhedavastu SBhedaV, 1: 1 128;sa teṣāṁ nigṛhītavyāṁś ca nigṛhṇāti pragṛhītavyāṁś ca ;!;;Śāṅkhāyanāraṇyaka ŚāĀr, 3, 2: 28 5;taṁ yaḥ pratyāha tam atisṛjate ||;!;;Śāṅkhāyanāraṇyaka ŚāĀr, 7, 1: 77 3;tan mām avatu tad vaktāram avatvavatu mām avatu ;!;;Śāṅkhāyanāraṇyaka ŚāĀr, 8, 7: 106 5;sa yat karaṇīyaṁ manyeta tat kuryāt ||;!;;Sūryaśatakaṭīkā Sūryaśatakaṭīkā zu SūryaŚ, 1, 3.2: 3 16;tena śramastasmājjātastamiva ||;!;;Tantrākhyāyikā TAkhy, 1: 1 274;te tam āhuḥ ||;!;;Tantrākhyāyikā TAkhy, 2: 2 90;sā tam āha ||;!;;Viṣṇupurāṇa ViPur, 4, 3: 59 30;sā tasya bhāryā citāṁ kṛtvā tam ;!;;Viṣṇupurāṇa ViPur, 4, 12: 68 36;sa ca tāṁ snuṣām upayeme ||;!;;Viṣṇusmṛti ViSmṛ, 5: 5 133;tac ca teṣāṁ dadyāt ||;!;;Yogasūtra YS, 1: 1 28;tajjapas tadarthabhāvanam ||;!;;Yogasūtrabhāṣya YSBhā zu YS, 2, 24.1: 68 7;sa tām āha ||;!;;
RRSṬīkā zu RRS, 8, 62.2: 86;19 1;śithilānām eva hi teṣām mocayitum śakyatvāt ||;
RRSṬīkā zu RRS, 8, 62.2: 86;20 1;dvādaśa doṣāśca viṣaṁ vahnir malaśceti naisargikāstrayaḥ |;
RRSṬīkā zu RRS, 8, 62.2: 86;21 1;nāgaja ekaḥ ||;Aṣṭādhyāyī Aṣṭādhyāyī, 6, 3: 23 76;ekādiś caikasya cāduk ||;!;;Nibandhasaṁgraha NiSaṁ zu Su, Sū., 24, 9.2: -1 22;kālajākālajayor strīviṣaye.nabhilāṣaḥ ||;!;;Rasaratnasamuccayaṭīkā RRSṬīkā zu RRS, 8, 62.2: 86 22;vaṅgaja ekaḥ ||;!;;Rasaratnasamuccayaṭīkā RRSṬīkā zu RRS, 8, 62.2: 86 24;nāgajau dvau ||;!;;Saṅghabhedavastu SBhedaV, 1: 1 71;ekeṣāṁ strīndriyam ekeṣāṁ puruṣendriyam ||;!;;
RRSṬīkā zu RRS, 8, 62.2: 86;22 1;vaṅgaja ekaḥ ||;Aṣṭādhyāyī Aṣṭādhyāyī, 6, 3: 23 76;ekādiś caikasya cāduk ||;!;;Nibandhasaṁgraha NiSaṁ zu Su, Sū., 24, 9.2: -1 22;kālajākālajayor strīviṣaye.nabhilāṣaḥ ||;!;;Rasādhyāyaṭīkā RAdhyṬ zu RAdhy, 16.2: 5 7;rase.pi tādṛśī vaṅgajā ||;!;;Rasaratnasamuccayaṭīkā RRSṬīkā zu RRS, 8, 62.2: 86 21;nāgaja ekaḥ ||;!;;Rasaratnasamuccayaṭīkā RRSṬīkā zu RRS, 8, 62.2: 86 25;vaṅgajau ca dvau ||;!;;Rasaratnasamuccayaṭīkā RRSṬīkā zu RRS, 11, 22.2: 172 9;vaṅgajāvapi dvau ||;!;;Saṅghabhedavastu SBhedaV, 1: 1 71;ekeṣāṁ strīndriyam ekeṣāṁ puruṣendriyam ||;!;;
RRSṬīkā zu RRS, 8, 62.2: 86;23 1;tathā bhūmijo girijo vārjaḥ ||;
RRSṬīkā zu RRS, 8, 62.2: 86;24 1;nāgajau dvau ||;Kauśikasūtra Kauśikasūtra, 6, 1: 26 35;dvau dvau trirātram ||;!;;Nibandhasaṁgraha NiSaṁ zu Su, Sū., 24, 9.2: -1 22;kālajākālajayor strīviṣaye.nabhilāṣaḥ ||;!;;Rasaratnasamuccayaṭīkā RRSṬīkā zu RRS, 8, 62.2: 86 21;nāgaja ekaḥ ||;!;;Rasaratnasamuccayaṭīkā RRSṬīkā zu RRS, 8, 62.2: 86 25;vaṅgajau ca dvau ||;!;;Rasaratnasamuccayaṭīkā RRSṬīkā zu RRS, 11, 22.2: 172 9;vaṅgajāvapi dvau ||;!;;Viṣṇusmṛti ViSmṛ, 96: 96 65;dve dve jānukapolayoḥ ||;!;;
RRSṬīkā zu RRS, 8, 62.2: 86;25 1;vaṅgajau ca dvau ||;Rasādhyāyaṭīkā RAdhyṬ zu RAdhy, 16.2: 5 2;kevalaṁ dvau dvau ca vaṅganāgajau ||;GOOD;;Rasaratnasamuccayaṭīkā RRSṬīkā zu RRS, 8, 64.2: 88 8;vaṅgaśabdena vaṅgajadoṣo grāhyaḥ ||;!;;Rasaratnasamuccayaṭīkā RRSṬīkā zu RRS, 11, 22.2: 172 9;vaṅgajāvapi dvau ||;!;;
RRSṬīkā zu RRS, 8, 62.2: 86;26 1;iti sapta kañcukākhyā ityevaṁ dvādaśa doṣā devaiḥ |;
RRSṬīkā zu RRS, 8, 63.2: 87;1 1;uditairiti ||;
RRSṬīkā zu RRS, 8, 63.2: 87;2 1;vakṣyamāṇamardanavidhyuktair gṛhadhūmādyauṣadhaiḥ |;
RRSṬīkā zu RRS, 8, 63.2: 87;3 1;teṣāṁ rasenetyarthaḥ ||;Rasaratnasamuccayabodhinī RRSBoṬ zu RRS, 9, 16.3: 123 6;rasasaṁdhānaṁ rasanirgamanam ityarthaḥ ||;GOOD;;Āpastambagṛhyasūtra ĀpGṛSū, 12: 11 9;tasmā anvāha tat savitur iti ||;!;;Arthaśāstra ArthaŚ, 1, 4: 4 15;sa tena guptaḥ prabhavati iti ||;!;;Aṣṭādhyāyī Aṣṭādhyāyī, 5, 1: 17 16;tad asya tad asmin syād iti ||;!;;Āyurvedadīpikā ĀVDīp zu Ca, Sū., 26, 41: 65 3;rasā iti rasayuktāni dravyāṇi ||;!;;Āyurvedadīpikā ĀVDīp zu Ca, Indr., 1, 7.6: 281 24;ityuddeśa indriyasthānārthoddeśa ityarthaḥ ||;!;;Āyurvedadīpikā ĀVDīp zu Ca, Śār., 1, 47.2: 222 6;teṣāṁ samudaya iti kṣaṇabhaṅgināṁ melaka ityarthaḥ ||;!;;Divyāvadāna Divyāv, 2: 2 27;tena vyapadiṣṭam idaṁ tasya bhaiṣajyamiti ||;!;;Divyāvadāna Divyāv, 13: 13 159;tayā tasyārthaṁ mahārhāṇi vastrāṇi dattāni ||;!;;Divyāvadāna Divyāv, 13: 13 497;sa tasyānugrahārthamavatīrṇaḥ ||;!;;Divyāvadāna Divyāv, 19: 19 39;tadasya bhaiṣajyārthāya syāditi ||;!;;Nibandhasaṁgraha NiSaṁ zu Su, Sū., 14, 17.1: -1 6;baliṁ tasmāt tena ca tadyathā eva iti ||;!;;Nibandhasaṁgraha NiSaṁ zu Su, Sū., 24, 11.2: -1 2;ceti iti teṣu prāgabhidhānaṁ punararthe ||;!;;Nyāyabindu NyāBi, 1: 1 21;tadvaśād arthapratītisiddher iti ||;!;;Pañcārthabhāṣya PABh zu PāśupSūtra, 2, 11: 56 17;tadarthe bhagavān maheśvaro yaṣṭavya ityarthaḥ ||;!;;Pañcārthabhāṣya PABh zu PāśupSūtra, 2, 18: 63 8;taducyate tadarthameva ||;!;;Pañcārthabhāṣya PABh zu PāśupSūtra, 3, 8: 80 11;tebhya iti caturthī sampradānārthā ||;!;;Pañcārthabhāṣya PABh zu PāśupSūtra, 3, 24: 96 5;sarvatra tānītyarthaḥ ||;!;;Pañcārthabhāṣya PABh zu PāśupSūtra, 4, 8: 106 13;ityevaṁ vaktāro vadantītyarthaḥ ||;!;;Pañcārthabhāṣya PABh zu PāśupSūtra, 4, 12: 110 7;sa teṣām iṣṭāpūrtam ādatteti ||;!;;Pañcārthabhāṣya PABh zu PāśupSūtra, 5, 7: 129 4;teṣām abhijayād ityarthaḥ ||;!;;Pañcārthabhāṣya PABh zu PāśupSūtra, 5, 30: 152 3;tena dharmeṇa dharmātmā bhavatītyarthaḥ ||;!;;Pañcārthabhāṣya PABh zu PāśupSūtra, 5, 46: 168 6;tadarthaṁ nityo duḥkhānta iti siddham ||;!;;Parāśarasmṛtiṭīkā Parāśarasmṛtiṭīkā zu ParDhSmṛti, 2, 5.2: 5 12;tāvubhāvityarthaḥ ||;!;;Pāraskaragṛhyasūtra Pāraskaragṛhyasūtra, 1, 8: 6 13;tasmāt tayor grāmaḥ pramānam iti śruteḥ ||;!;;Rasādhyāyaṭīkā RAdhyṬ zu RAdhy, 195.2: 35 11;rasenauṣadhasarvathājīrṇa ityarthaḥ ||;!;;Rasādhyāyaṭīkā RAdhyṬ zu RAdhy, 237.2: 46 6;iti vyoṣarājiḥ kāṁsyarājir ityarthaḥ ||;!;;Rasaratnasamuccayabodhinī RRSBoṬ zu RRS, 8, 97.2: 117 3;bhāṇḍaṁ rasapūrṇabhāṇḍamityarthaḥ ||;!;;Rasaratnasamuccayabodhinī RRSBoṬ zu RRS, 9, 30.2: 127 2;piṣṭikā naṣṭapiṣṭīkṛtaḥ rasaḥ ityarthaḥ ||;!;;Rasaratnasamuccayaṭīkā RRSṬīkā zu RRS, 8, 54.2: 85 6;rasaprakhyaṁ jalasadṛśam ityarthaḥ ||;!;;Śāṅkhāyanāraṇyaka ŚāĀr, 5, 8: 56 37;sa ma ātmeti vidyāt sa ma ātmeti vidyāt ||;!;;Śārṅgadharasaṁhitādīpikā ŚSDīp zu ŚdhSaṁh, 2, 12, 34.2: 61 4;jambīranimbūkarasairityarthaḥ ||;!;;Śārṅgadharasaṁhitādīpikā ŚSDīp zu ŚdhSaṁh, 2, 12, 169.2: 87 2;saṁskāritaṁ rasaṁ mūrchitamityarthaḥ ||;!;;Sarvadarśanasaṁgraha SDS, 1: 1 50;taditthaṁ bhavedanyaduḥkhabharataraṇopāyo rasa eveti ;!;;Sarvāṅgasundarā SarvSund zu AHS, Utt., 39, 49.2: 87 4;teṣāṁ samedhānām atiśayenetyarthaḥ ||;!;;Vaiśeṣikasūtravṛtti VaiSūVṛ zu VaiśSū, 6, 1, 8: 181 2;tatkāraṇaṁ dharmo bhavatītyarthaḥ ||;!;;Yogasūtra YS, 1: 1 28;tajjapas tadarthabhāvanam ||;!;;
RRSṬīkā zu RRS, 8, 63.2: 87;4 1;tathā kāñjikairapi pāradasya yatpeṣaṇaṁ tridinaparyantaṁ |;
RRSṬīkā zu RRS, 8, 63.2: 87;5 1;bahirmalaḥ svedenāntarviśliṣṭo bhūtvā pāradadehādbahiḥ |;
RRSṬīkā zu RRS, 8, 63.2: 87;6 1;kevalaṁ svedamardanābhyāṁ na sarvathā |;
RRSṬīkā zu RRS, 8, 64.2: 88;1 1;ato mardanapūrvakam agniyogena nāśaṁ kṛtvā pāradasya |;
RRSṬīkā zu RRS, 8, 64.2: 88;2 1;mardanārthaṁ vakṣyamāṇamūrchanasaṁskāravidhau |;
RRSṬīkā zu RRS, 8, 64.2: 88;3 1;samāsato lakṣaṇaṁ tu dattagrāsasya grāsarahitasya vā |;
RRSṬīkā zu RRS, 8, 64.2: 88;4 1;tacca mardanapākābhyāṁ bhavatīti mardanottaraṁ |;
RRSṬīkā zu RRS, 8, 64.2: 88;5 1;bhūjaśabdena bhūjadoṣaprabhṛtītyartho bodhyaḥ ||;
RRSṬīkā zu RRS, 8, 64.2: 88;6 1;te ca kañcukā āvarakāḥ sapta doṣā vaṅgāhidoṣapramukhāḥ |;
RRSṬīkā zu RRS, 8, 64.2: 88;7 1;te ca mardanāgnibhyāṁ naśyanti ||;
RRSṬīkā zu RRS, 8, 64.2: 88;8 1;vaṅgaśabdena vaṅgajadoṣo grāhyaḥ ||;
RRSṬīkā zu RRS, 8, 64.2: 88;9 1;ahiśabdena nāgajadoṣaśca ||;
RRSṬīkā zu RRS, 8, 64.2: 88;10 1;doṣāṇāṁ nānātvena |;
RRSṬīkā zu RRS, 8, 64.2: 88;11 1;tanmūrchanaṁ hi vaṅgāhibhūjakañcukanāśanam iti pāṭhaṁ |;
RRSṬīkā zu RRS, 8, 64.2: 88;12 1;doṣatrayavināśanamiti pāṭhe tu naisargikadoṣanāśe |;
RRSṬīkā zu RRS, 8, 64.2: 88;13 1;ata evāyaṁ pāṭho rasahṛdayaṭīkāyāṁ caturbhujamiśritair |;
RRSṬīkā zu RRS, 8, 64.2: 88;14 1;naisargikadoṣetaradoṣāṇāṁ vāraṇāya |;
RRSṬīkā zu RRS, 8, 64.2: 88;15 1;evaṁ ca vaṅgāhibhūjakañcukanāśanam iti pāṭho na |;
RRSṬīkā zu RRS, 8, 65.2: 89;1 1;svedeti ||;
RRSṬīkā zu RRS, 8, 65.2: 89;2 1;svedaḥ kāñjikayā kṣārāmlalavaṇaiśca dolāyantre svedanam |;
RRSṬīkā zu RRS, 8, 65.2: 89;3 1;ātapayogaḥ kāñjikādimarditarasasya kācapātre |;
RRSṬīkā zu RRS, 8, 65.2: 89;4 1;ādiśabdena sāgnikacullīsthe kaṭāhe vā pāradasya tasya |;
RRSṬīkā zu RRS, 8, 65.2: 89;5 1;tena pāradasya mūrchitasya |;
RRSṬīkā zu RRS, 8, 67.2: 90;1 1;atha pātanasaṁskārasya lakṣaṇamāha uktauṣadhairiti ||;
RRSṬīkā zu RRS, 8, 67.2: 90;2 1;vakṣyamāṇapātanavidhau nirdiṣṭatriphalādibheṣajaiḥ saha |;
RRSṬīkā zu RRS, 8, 67.2: 90;3 1;tena vaṅganāgajā yaugikadoṣā bhūjādisaptakañcukāśca |;
RRSṬīkā zu RRS, 8, 68.2: 91;1 1;rodhanaṁ lakṣayati jaleti ||;Rasaratnasamuccayabodhinī RRSBoṬ zu RRS, 8, 68.2: 95 1;rodhanamāha jaleti ||;!;;
RRSṬīkā zu RRS, 8, 68.2: 91;2 1;kumbhe vakṣyamāṇe ghaṭayantre ||;Āśvalāyanagṛhyasūtra ĀśGS, 1, 1: 1 1;uktāni vaitānikāni gṛhyāni vakṣyāmaḥ ||;!;;Khādiragṛhyasūtra KhGṛS, 2, 5: 7 6;uktam upanayanam ||;!;;
RRSṬīkā zu RRS, 8, 68.2: 91;3 1;āpyāyanī puṣṭikarī ||;Gūḍhārthadīpikā ŚGDīp zu ŚdhSaṁh, 2, 12, 1.2: 42 3;tathā puṣṭikaraḥ smṛtaḥ ||;!;;
RRSṬīkā zu RRS, 8, 68.2: 91;4 1;atra saindhavamayamūṣāsaṁpuṭitaṁ |;
RRSṬīkā zu RRS, 8, 69.2: 92;1 1;labdhavīryasya pāradasyeti śeṣaḥ ||;
RRSṬīkā zu RRS, 8, 69.2: 92;2 1;svedaḥ pāradagarbhitamūṣāṁ bhūmimadhye gūḍhāṁ |;
RRSṬīkā zu RRS, 8, 70.2: 93;1 1;atha dīpanasaṁskāraṁ lakṣayati dhātupāṣāṇeti ||;
RRSṬīkā zu RRS, 8, 70.2: 93;2 1;dhātavastāmrapatrādayaḥ ||;Śārṅgadharasaṁhitādīpikā ŚSDīp zu ŚdhSaṁh, 2, 11, 53.1: 29 10;ādiśabdagrahaṇāt raupyatāmrādayaḥ ||;!;;
RRSṬīkā zu RRS, 8, 70.2: 93;3 1;pāṣāṇāḥ sphaṭikā mayūratutthakāsīsādayaḥ ||;
RRSṬīkā zu RRS, 8, 70.2: 93;4 1;mūlāni sarpākṣyādimūlikāḥ ||;
RRSṬīkā zu RRS, 8, 70.2: 93;5 1;ādyaśabdena kṣāralavaṇodakādi grāhyam ||;
RRSṬīkā zu RRS, 8, 70.2: 93;6 1;ghaṭamadhyago ghaṭayantramadhyagaḥ |;
RRSṬīkā zu RRS, 8, 70.2: 93;7 1;atha jāraṇāyām ayathābalam ayathākramaṁ ca |;
RRSṬīkā zu RRS, 8, 71.2: 94;1 1;ato grāsamānākhyasaṁskārasya lakṣaṇamāha |;
RRSṬīkā zu RRS, 8, 71.2: 94;2 1;iyacchabdo.tra saṁskāryapāradasya |;
RRSṬīkā zu RRS, 8, 71.2: 94;3 1;tādṛśamānamitapāradasyeyaccatuḥṣaṣṭyaṁśādimitābhrakas|;
RRSṬīkā zu RRS, 8, 72.2: 95;1 1;atha jāraṇāṁ lilakṣayiṣuḥ prathamaṁ |;
RRSṬīkā zu RRS, 8, 72.2: 95;2 1;śreṣṭhai rasavārttākuśalaiḥ sarvavidhā jāraṇā trirūpā |;
RRSṬīkā zu RRS, 8, 72.2: 95;3 1;tatra grāsasya cāraṇaṁ |;
RRSṬīkā zu RRS, 8, 72.2: 95;4 1;garbhadrāvaṇaṁ grastabījādeḥ pāradodare drutikaraṇam ||;
RRSṬīkā zu RRS, 8, 72.2: 95;5 1;jāraṇaṁ ca pārada ekībhāvo .nantadṛḍhasaṁbandhena ||;
RRSṬīkā zu RRS, 8, 72.2: 95;6 1;eṣāṁ lakṣaṇānyanupadaṁ vakṣyati ||;Rasaratnasamuccayaṭīkā RRSṬīkā zu RRS, 8, 26.2: 66 16;āvāpalakṣaṇam asminnevādhyāye vakṣyati ||;!;;Vaiśeṣikasūtra VaiśSū, 7, 1: 13 3;idamevaṁguṇam idam evaṁguṇamiti coktam ||;!;;
RRSṬīkā zu RRS, 8, 73: 96;1 1;punarapi jāraṇāyā avasthākṛtanāmāntarāṇi trīṇyāha grāsaḥ |;
RRSṬīkā zu RRS, 8, 73: 96;2 1;tatra grāso grasanam ||;Śārṅgadharasaṁhitādīpikā ŚSDīp zu ŚdhSaṁh, 2, 12, 13.1: 53 15;tatra tatra eva jñātavyāni ||;!;;
RRSṬīkā zu RRS, 8, 73: 96;3 1;piṣṭiḥ svedanamardanāgnyādibhiḥ pāradodare |;
RRSṬīkā zu RRS, 8, 73: 96;4 1;pariṇāmārthastu prāgukta eva ||;
RRSṬīkā zu RRS, 8, 73: 96;5 1;punar jāraṇā dvividhā bhavati ||;
RRSṬīkā zu RRS, 8, 73: 96;6 1;samukhā nirmukhā ceti bhedena ||;Rasaratnasamuccaya RRS, 8: 8 74;samukhā nirmukhā ceti jāraṇā dvividhā punaḥ ||;!;;Rasaratnasamuccayadīpikā RRSDīp zu RRS, 8, 74: 1 7;nirmukhajāraṇā samukhajāraṇā ceti yāvat ||;!;;
RRSṬīkā zu RRS, 8, 75: 97;1 1;tatrālpavaktavyatvāt prathamaṁ nirmukhāyā eva |;
RRSṬīkā zu RRS, 8, 75: 97;2 1;catuḥṣaṣṭibhāgamitaṁ bījaṁ prathamaṁ yatra pāradodare |;
RRSṬīkā zu RRS, 8, 75: 97;3 1;rasoparasādimṛdudravyajāraṇe tasyā upayogaḥ kāryaḥ ||;
RRSṬīkā zu RRS, 2, 12.2: 3;1 1;grāsābhāve hyupoṣita iva rasaḥ kāryakaro na bhavedityāha |;
RRSṬīkā zu RRS, 2, 12.2: 3;2 1;sacandrikaṁ cākacikyasahitam ||;
RRSṬīkā zu RRS, 2, 12.2: 3;3 1;kiṭṭābhaṁ prabhūtakiṭṭam ||;
RRSṬīkā zu RRS, 2, 12.2: 3;4 1;grasitaśca grasitābhrasattva eva lohe svarṇādyutpādane |;
RRSṬīkā zu RRS, 2, 12.2: 3;5 1;tathā rasāyane jvarāṅkuśādi tattadrase rasāyane ca |;
RRSṬīkā zu RRS, 2, 12.2: 3;6 1;rasa īyate prāpyate.neneti vyutpattyātra rasaśabdena |;
RRSṬīkā zu RRS, 8, 76: 98;1 1;mukhakaraṇopayogibījaśabdārthamāha śuddhamiti ||;
RRSṬīkā zu RRS, 8, 76: 98;2 1;śuddham akṛtrimam uttamaṁ khanijaṁ svarṇaṁ rūpyaṁ |;
RRSṬīkā zu RRS, 8, 76: 98;3 1;etena kṛtrimanirvyūḍhamahābījādivyāvṛttiḥ kṛtā ||;
RRSṬīkā zu RRS, 7, 13.3: 47;1 1;kuṇḍalīṁ kuṇḍalākārāṁ vartulāṁ tṛtīyāṁ cālanīṁ |;
RRSṬīkā zu RRS, 7, 13.3: 47;2 1;vājivālā aśvapucchakeśāḥ ||;
RRSṬīkā zu RRS, 7, 13.3: 47;3 1;ambaraṁ vastram ||;
RRSṬīkā zu RRS, 7, 13.3: 47;4 1;tadanyatareṇānaddhatalā baddhatalā ||;
RRSṬīkā zu RRS, 8, 78.3: 99;1 1;uktabījasya yathākramaṁ svarṇotpādārthaṁ |;
RRSṬīkā zu RRS, 8, 78.3: 99;2 1;evaṁ kṛte tasmin bīje pāradodare yathāvidhi cīrṇe jīrṇe ca |;
RRSṬīkā zu RRS, 8, 78.3: 99;3 1;tatkṛtaṁ yat kaṭhinalohādibhakṣaṇaṁ sā jāraṇā |;
RRSṬīkā zu RRS, 8, 78.3: 99;4 1;mṛgacāriṇā mṛgasahitaṁ vane carati saṁsāraṁ vihāya |;
RRSṬīkā zu RRS, 7, 10.3: 46;1 1;iyaṁ catuṣkoṇā dīrghacālanī ||;
RRSṬīkā zu RRS, 7, 10.3: 46;2 1;tatra dīrghāḥ śalākāstiraścīnāśca vaṁśamayyaś |;
RRSṬīkā zu RRS, 8, 79.2: 100;1 1;atha mahāmukhapāradasya lakṣaṇamāha divyauṣadhīti ||;
RRSṬīkā zu RRS, 8, 79.2: 100;2 1;somalatādikāścatuḥṣaṣṭidivyauṣadhyas tatsamāyogas |;
RRSṬīkā zu RRS, 8, 79.2: 100;3 1;tena prakāśamūṣāsvapi sthito.gnisahaḥ pārado dhmānena |;
RRSṬīkā zu RRS, 7, 7.1: 44;1 1;svarṇādimayyaḥ kuṇḍyo vartulapātrāṇi ||;
RRSṬīkā zu RRS, 8, 80: 101;1 1;pūrvoktacāraṇādīnāṁ lakṣaṇamāha rasasyeti ||;
RRSṬīkā zu RRS, 7, 9.2: 45;1 1;kaṭatrāṇi kaṣāyitacarmakhaṇḍāni ||;
RRSṬīkā zu RRS, 8, 82.2: 102;1 1;bahireva drutīkṛtyeti ||;
RRSṬīkā zu RRS, 8, 82.2: 102;2 1;abhrakasattvadrutiḥ prāguktaiva dvitīyādhyāye ||;
RRSṬīkā zu RRS, 8, 82.2: 102;3 1;jāraṇāya taptakhalvamadhye dīyata iti vākyaśeṣaḥ ||;
RRSṬīkā zu RRS, 7, 14.3: 48;1 1;śarkarā atikṣudrapāṣāṇaravakāḥ ||;
RRSṬīkā zu RRS, 7, 14.3: 48;2 1;tadapekṣayā sthūlāḥ śvetāḥ kaṇāḥ sitopalāḥ ||;
RRSṬīkā zu RRS, 7, 14.3: 48;3 1;śarkarāśabdena vālukāpi grāhyā ||;
RRSṬīkā zu RRS, 8, 85.2: 103;1 1;atha jāraṇālakṣaṇam āha drutagrāseti ||;
RRSṬīkā zu RRS, 8, 85.2: 103;2 1;biḍayantrādiyogena pāradodare dravībhūtasya grāsasya |;
RRSṬīkā zu RRS, 8, 85.2: 103;3 1;tasyāḥ prakārāḥ koṭiśo.tibahavaḥ santi ||;
RRSṬīkā zu RRS, 8, 85.2: 103;4 1;yantrādīnāṁ bahuvidhatvāt ||;
RRSṬīkā zu RRS, 8, 85.2: 103;5 1;te ca prakārāḥ |;
RRSṬīkā zu RRS, 8, 85.2: 103;6 1;dolāyantrasomānalayantracakrarājayantravālukāyantrajala|;
RRSṬīkā zu RRS, 8, 85.2: 103;7 1;taptakhalve mardanaṁ tu sarvatra prākkāryam eva ||;
RRSṬīkā zu RRS, 8, 85.2: 103;8 1;ādiśabdena |;
RRSṬīkā zu RRS, 7, 15: 49;1 1;dagdhakāṣṭhakaṭhinakhaṇḍānāmeva śikhitrasaṁjñā |;
RRSṬīkā zu RRS, 7, 15: 49;2 1;saṁprati teṣāṁ sāmānyam avāntarabhedaṁ cāha śikhitrā iti |;
RRSṬīkā zu RRS, 7, 15: 49;3 1;pāvakena vahninā bhuktvā ucchiṣṭāḥ parityaktā aṅgārāḥ |;
RRSṬīkā zu RRS, 7, 15: 49;4 1;viśeṣastvittham vahninā bhuktvā svayaṁ tyaktāḥ śikhitrā |;
RRSṬīkā zu RRS, 7, 15: 49;5 1;te prajvalitā jalena vinā nirvāṇāḥ kṛtā vahnimuktāḥ kṛtāḥ ||;
RRSṬīkā zu RRS, 8, 87.2: 104;1 1;ato.bhrapattrajāraṇottaraṁ rāgasaṁskāraṁ lakṣayati |;
RRSṬīkā zu RRS, 8, 87.2: 104;2 1;susiddhaṁ yathāvidhi sādhitaṁ yad bījam |;
RRSṬīkā zu RRS, 8, 87.2: 104;3 1;tatra bījasādhanavidhistu siddhabījalakṣaṇavyākhyāyāṁ |;
RRSṬīkā zu RRS, 8, 87.2: 104;4 1;jāraṇāvidhistu triṁśattame.dhyāye sphuṭībhaviṣyati ||;
RRSṬīkā zu RRS, 8, 87.2: 104;5 1;ādiśabdo maṇirasoparasādiparigrahaḥ ||;
RRSṬīkā zu RRS, 8, 87.2: 104;6 1;rāgadravyodāharaṇaṁ vidhiśca rasahṛdaye ||;
RRSṬīkā zu RRS, 8, 87.2: 104;7 1;yathā |;
RRSṬīkā zu RRS, 8, 87.2: 104;7 2;jīrṇābhrako rasendro darśayati ghanānurūpiṇīṁ chāyām |;
RRSṬīkā zu RRS, 8, 87.2: 104;7 3;kṛṣṇāṁ raktāṁ pītāṁ sītāṁ tathā saṁkarairmiśrām ||;
RRSṬīkā zu RRS, 8, 87.2: 104;8 1;tathā |;
RRSṬīkā zu RRS, 8, 87.2: 104;8 2;krāmati tīkṣṇena rasastīkṣṇena ca jīryate kṣaṇādgrāsaḥ |;
RRSṬīkā zu RRS, 8, 87.2: 104;8 3;hemno yonistīkṣṇaṁ rāgān gṛhṇāti tīkṣṇena ||;Rasahṛdayatantra RHT, 8: 8 5;krāmati tīkṣṇena rasastīkṣṇena ca jīryate kṣaṇādgrāsaḥ |hemno yonistīkṣṇaṁ rāgān gṛhṇāti tīkṣṇena ||;!;;
RRSṬīkā zu RRS, 8, 87.2: 104;9 1;tadapi ca daradena hataṁ hatvā vā mākṣikeṇa ravisahitam |;
RRSṬīkā zu RRS, 8, 87.2: 104;9 2;vāsitamapi vāsanayā ghanavaccāryaṁ ca jāryaṁ ca |;
RRSṬīkā zu RRS, 8, 87.2: 104;9 3;vāsanayā vāsanauṣadhena vāsitaṁ bhāvitamityarthaḥ ||;
RRSṬīkā zu RRS, 8, 87.2: 104;10 1;tathā |;
RRSṬīkā zu RRS, 8, 87.2: 104;10 2;kāntaṁ vā tīkṣṇaṁ vā kāñcīṁ vā vajrasasyakādīnām |;
RRSṬīkā zu RRS, 8, 87.2: 104;10 3;ekatamaṁ sarvaṁ vā rasarañjane saṁkaro.pīṣṭaḥ ||;
RRSṬīkā zu RRS, 8, 87.2: 104;11 1;kāñcīṁ svarṇamākṣikam ||;
RRSṬīkā zu RRS, 8, 87.2: 104;12 1;ādiśabdena hīrakacapalādaya upadhātavaścaikatra militā |;
RRSṬīkā zu RRS, 8, 87.2: 104;13 1;kuṭile balamadhikaṁ rāgastīkṣṇe tu pannage snehaḥ ||;
RRSṬīkā zu RRS, 8, 87.2: 104;14 1;rāgasnehabalāni tu kamale śaṁsanti dhātuvidaḥ ||;
RRSṬīkā zu RRS, 7, 21.3: 53;1 1;pālikā darvī ||;
RRSṬīkā zu RRS, 8, 88.2: 105;1 1;sāraṇālakṣaṇamāha sūta iti ||;Rasaratnasamuccayabodhinī RRSBoṬ zu RRS, 8, 88.2: 109 1;sāraṇāmāha sūte iti ||;!;;
RRSṬīkā zu RRS, 8, 88.2: 105;2 1;sāraṇākhyatailenārdhāṁśaṁ saṁbhṛtaṁ yat sāraṇāyantraṁ |;
RRSṬīkā zu RRS, 8, 88.2: 105;3 1;pratisāraṇānusāraṇeti ca tadbhedau ||;
RRSṬīkā zu RRS, 8, 88.2: 105;4 1;uktaṁ caitad rasahṛdaye |;
RRSṬīkā zu RRS, 8, 88.2: 105;4 2;sāritavartitasūtaḥ samānabījena milati yaḥ sāryaḥ |;
RRSṬīkā zu RRS, 8, 88.2: 105;4 3;dviguṇena pratīsāryaḥ sa cānusāryaśca triguṇena ||;
RRSṬīkā zu RRS, 8, 88.2: 105;5 1;iti ||;
RRSṬīkā zu RRS, 8, 88.2: 105;6 1;dviguṇamapi suvarṇameva ||;
RRSṬīkā zu RRS, 8, 88.2: 105;7 1;vedhādhikyaṁ vedho bhittvāntaḥpraveśaḥ so.dhiko |;
RRSṬīkā zu RRS, 8, 88.2: 105;8 1;pāradasya tāmradalādau śarīrasthadhātvādiṣu ca sarvato |;
RRSṬīkā zu RRS, 8, 88.2: 105;9 1;sāraṇātailaṁ pañcamādhyāyavyākhyāyāṁ prāguktameva |;
RRSṬīkā zu RRS, 8, 88.2: 105;10 1;yantrādhyāye sāraṇāyantraṁ sāraṇāvidhiśca |;
RRSṬīkā zu RRS, 7, 21.3: 54;1 1;karṇikā vilīti mahārāṣṭrabhāṣāyām ||;Rasaratnasamuccayaṭīkā RRSṬīkā zu RRS, 3, 105.2: 14 3;jastaphūl iti mahārāṣṭrabhāṣāyāṁ prasiddham ||;!;;
RRSṬīkā zu RRS, 7, 21.3: 54;2 1;sā cātra vartulākāradantapaṅktiśikharā grāhyā ||;
RRSṬīkā zu RRS, 8, 89.2: 106;1 1;atha krāmaṇasya dravyasya sarvadā |;
RRSṬīkā zu RRS, 8, 89.2: 106;2 1;dravye śatavedhādau yathābhāgaṁ gṛhīte mūṣāyāṁ drute |;
RRSṬīkā zu RRS, 8, 89.2: 106;3 1;sa ca pāradaḥ kīdṛśaḥ ||;Divyāvadāna Divyāv, 18: 18 418;sa ca sumatistatsthānamanusaṁprāptaḥ ||;!;;Nibandhasaṁgraha NiSaṁ zu Su, Sū., 14, 17.1: -1 6;baliṁ tasmāt tena ca tadyathā eva iti ||;!;;Rasaprakāśasudhākara RPSudh, 4: 4 45;tatsamāṁśasya gaṁdhasya pāradasya samasya ca ||;!;;Saṅghabhedavastu SBhedaV, 1: 1 128;sa teṣāṁ nigṛhītavyāṁś ca nigṛhṇāti pragṛhītavyāṁś ca ;!;;Viṣṇupurāṇa ViPur, 4, 12: 68 36;sa ca tāṁ snuṣām upayeme ||;!;;Viṣṇusmṛti ViSmṛ, 5: 5 133;tac ca teṣāṁ dadyāt ||;!;;Viṣṇusmṛti ViSmṛ, 96: 96 8;teṣāṁ ca tasyādbhiḥ śuddhiḥ syāt ||;!;;
RRSṬīkā zu RRS, 8, 89.2: 106;4 1;vyavāyibheṣajopetaḥ ||;
RRSṬīkā zu RRS, 8, 89.2: 106;5 1;yat sevitamātraṁ tatkṣaṇa eva śarīrāntaḥsthasarvadhātuṣu |;
RRSṬīkā zu RRS, 8, 89.2: 106;6 1;tādṛśabheṣajopeto yogavāhī pārado.pi sevitaścet sahasā |;
RRSṬīkā zu RRS, 8, 89.2: 106;7 1;na vā dhātuṣu kathaṁcit prāpto.pi bahiḥ saṁlagna eva |;
RRSṬīkā zu RRS, 8, 89.2: 106;8 1;lohāntaḥ praviśed yena dravyayogena pāradaḥ |;
RRSṬīkā zu RRS, 8, 89.2: 106;8 2;sadyas tatkrāmaṇam iti kathitaṁ rasasiddhidam |;
RRSṬīkā zu RRS, 8, 89.2: 106;8 3;iti krāmaṇalakṣaṇapārthakyena bodhyam ||;
RRSṬīkā zu RRS, 7, 21.2: 52;1 1;pākyo yavakṣāraḥ ||;
RRSṬīkā zu RRS, 8, 91.2: 107;1 1;atha vedhabhedānāha lepa iti ||;
RRSṬīkā zu RRS, 8, 91.2: 107;2 1;lepeneti ||;
RRSṬīkā zu RRS, 8, 91.2: 107;3 1;yasminvedhe pārado lepena lohaṁ pattrīkṛtaṁ |;
RRSṬīkā zu RRS, 8, 91.2: 107;4 1;atra lepottaraṁ varṇotkarṣārthaṁ yat puṭaṁ deyaṁ bhavati |;
RRSṬīkā zu RRS, 8, 91.2: 107;5 1;asmin saṁskāre jīrṇacaturthāṁśārdhāṁśasamādibhāgair |;
RRSṬīkā zu RRS, 7, 21.1: 50;1 1;śaṅkhikāḥ kṣudraśaṅkhamayapātrāṇi ||;
RRSṬīkā zu RRS, 8, 92: 108;1 1;atha kṣepavedham āha prakṣepaṇam iti ||;Rasaratnasamuccayabodhinī RRSBoṬ zu RRS, 8, 92: 112 1;kṣepavedhalakṣaṇamāha prakṣepaṇamiti ||;!;;
RRSṬīkā zu RRS, 8, 92: 108;2 1;dhmānena mūṣāyāṁ lohe tāmrādau drute sati |;
RRSṬīkā zu RRS, 8, 92: 108;3 1;atra pakṣāntaram apyuktaṁ rasasāre |;
RRSṬīkā zu RRS, 7, 21.2: 51;1 1;kṣurakā nāpitasya śastraviśeṣāḥ ||;
RRSṬīkā zu RRS, 8, 94.2: 109;1 1;dhūmavedhalakṣaṇamāha vahnāviti ||;Rasaratnasamuccayabodhinī RRSBoṬ zu RRS, 8, 94.2: 114 1;dhūmavedhamāha vahnāviti ||;!;;
RRSṬīkā zu RRS, 8, 94.2: 109;2 1;dhūmāyamāne vahnāvantarmūṣāntaḥsthatadvahnimadhye |;
RRSṬīkā zu RRS, 3, 116.2: 16;1 1;matāntaramāha katiciditi ||;Rasaratnasamuccayabodhinī RRSBoṬ zu RRS, 3, 27.2: 13 1;matāntaramāha sthālyāmiti ||;!;;Rasaratnasamuccayabodhinī RRSBoṬ zu RRS, 5, 33.2: 37 1;matāntaramāha kharpare iti ||;!;;
RRSṬīkā zu RRS, 3, 116.2: 16;2 1;katicidvadanti kiṁ tejivāhānāṁ |;
RRSṬīkā zu RRS, 8, 96.2: 110;1 1;sūtena sabāhyābhyantaravyāptyaikībhūtasya |;
RRSṬīkā zu RRS, 8, 96.2: 110;2 1;kāluṣyaṁ malasaṁkīrṇatvam ||;
RRSṬīkā zu RRS, 8, 96.2: 110;3 1;ādiśabdena |;
RRSṬīkā zu RRS, 3, 126.1: 18;1 1;kampillaḥ kṣudrapāṣāṇaviśeṣaḥ kapileti nāmnā loke |;
RRSṬīkā zu RRS, 8, 97.2: 111;1 1;sāraṇottaraṁ rasāyanaṁ kartuṁ kāmayamānena |;
RRSṬīkā zu RRS, 8, 97.2: 111;2 1;auṣadhair bhṛṅgarāṅmuṇḍī viṣṇukrāntā ityādibhiḥ |;
RRSṬīkā zu RRS, 8, 97.2: 111;3 1;taiśca sārdhaṁ saha pāradaṁ bhāṇḍamadhye |;
RRSṬīkā zu RRS, 3, 126.2: 19;1 1;agnijāro bahir arṇavojjhito viśiṣṭanakrajarāyuḥ ||;
RRSṬīkā zu RRS, 8, 98.2: 112;1 1;athauṣadhayuktasya pāradasya |;
RRSṬīkā zu RRS, 3, 126.2: 20;1 1;girisindūraḥ parvatapāṣāṇodare raktavarṇaḥ |;
RRSṬīkā zu RRS, 3, 126.2: 20;2 1;hiṅgulaścūrṇapāradaḥ svanāmnaiva loke prasiddhaḥ ||;
RRSṬīkā zu RRS, 9, 5.2: 113;1 1;atha patrapuṣpādīnāmatimṛdudravyāṇāṁ |;
RRSṬīkā zu RRS, 9, 5.2: 113;2 1;sthālīṁ caturthāṁśajalena pūritodarāṁ |;
RRSṬīkā zu RRS, 9, 5.2: 113;3 1;asyaiva yantrasya kandukasaṁjñāṁ vakṣyati ||;
RRSṬīkā zu RRS, 4, 3.1: 26;1 1;rājāvarto rāuṭī iti brijabhāṣāyām ||;
RRSṬīkā zu RRS, 9, 8.3: 114;1 1;athordhvapātanāyantramāha aṣṭāṅguleti ||;
RRSṬīkā zu RRS, 9, 8.3: 114;2 1;atha nyubjasthāpyasya viśālapṛṣṭhasya mṛtpātrasyāṅgulād |;
RRSṬīkā zu RRS, 9, 8.3: 114;3 1;katham ||;
RRSṬīkā zu RRS, 9, 8.3: 114;4 1;aṣṭāṅgulaparīṇāham aṣṭāṅgulagarbhavistāraṁ yathā |;
RRSṬīkā zu RRS, 9, 8.3: 114;5 1;tathānāhena bandhena saha daśāṅgulaṁ yathā syāttathā |;
RRSṬīkā zu RRS, 9, 8.3: 114;6 1;evaṁ ca bandhasthaulyam aṅguladvayamitaṁ |;
RRSṬīkā zu RRS, 9, 8.3: 114;7 1;na ha bandhane ||;Aitareyabrāhmaṇa AitBr, 6, 15: 202 8;na parā jayethe na parā jigya iti ||;!;;Atharvaveda Śaunaka) AVŚ, 11, 3: 461 30;naivāham odanaṁ na mām odanaḥ ||;!;;Baudhāyanadharmasūtra BaudhDhSū, 1, 3: 3 29;nāsīno nāsīnāya na śayāno na śayānāya nāprayato ;!;;Gopathabrāhmaṇa NEW GB, 1, 1, 32: 32 3;sa ha na pratipede ||;!;;Khādiragṛhyasūtra KhGṛS, 2, 5: 7 7;nācariṣyantaṁ saṁvatsaram ||;!;;Khādiragṛhyasūtra KhGṛS, 2, 5: 7 13;nāsya kāme retas skandet ||;!;;Khādiragṛhyasūtra KhGṛS, 2, 5: 7 14;na goyuktam ārohet ||;!;;Khādiragṛhyasūtra KhGṛS, 2, 5: 7 15;na grāma upānahau ||;!;;Khādiragṛhyasūtra KhGṛS, 2, 5: 7 18;nādityavratam ekeṣām ||;!;;Khādiragṛhyasūtra KhGṛS, 2, 5: 7 21;na cāpo cāpo cāpo cāpo .bhyupayanti ||;!;;Nyāyasūtra NyāSū, 4, 1: 7 48;nāsanna sanna sadasat sadasator vaidharmyāt ||;!;;Rasādhyāyaṭīkā RAdhyṬ zu RAdhy, 166.2: 31 21;na hīnaṁ na cādhikam ||;!;;Śāṅkhāyanāraṇyaka ŚāĀr, 1, 8: 8 24;naivaṁ viduṣo .vatardo naivaṁ viduṣo .vatardaḥ ||;!;;Viṁśatikāvṛtti ViṁVṛtti zu ViṁKār, 1, 2.2: 2 10;na khalu na yujyate yasmāt ||;!;;Viṁśatikāvṛtti ViṁVṛtti zu ViṁKār, 1, 5.2: 8 6;na te na sambhavantyeva ||;!;;Viṣṇusmṛti ViSmṛ, 22: 22 28;nāsyāgnisaṁskāro nodakakriyā ||;!;;Viṣṇusmṛti ViSmṛ, 71: 71 10;na nāstītyabhibhāṣeta ||;!;;
RRSṬīkā zu RRS, 9, 8.3: 114;8 1;caturaṅgulocchrāyaṁ yathā syāttathā toyādhāraḥ pṛṣṭhe |;
RRSṬīkā zu RRS, 9, 8.3: 114;9 1;tādṛśādhāraviśiṣṭasya |;
RRSṬīkā zu RRS, 9, 8.3: 114;10 1;tato mukhapārśvayormahiṣīkṣīrādibhiḥ saṁdhiṁ liptvā |;
RRSṬīkā zu RRS, 9, 8.3: 114;11 1;cūrṇaḥ sudhā śvetaṁ lepadravyamityarthaḥ ||;
RRSṬīkā zu RRS, 9, 8.3: 114;12 1;pātanāyantramīritam ||;
RRSṬīkā zu RRS, 9, 8.3: 114;13 1;ūrdhvapātanāyantramuktamityarthaḥ ||;Āyurvedadīpikā ĀVDīp zu Ca, Indr., 1, 7.6: 281 24;ityuddeśa indriyasthānārthoddeśa ityarthaḥ ||;!;;Nibandhasaṁgraha NiSaṁ zu Su, Sū., 24, 8.4: -1 13;balaṁ ityatra eveti rasādīnāṁ ataḥśabdo pramāṇānyuktāni ;!;;Pañcārthabhāṣya PABh zu PāśupSūtra, 2, 6: 51 25;tathā coktaṁ varṇitamityarthaḥ ||;!;;Pañcārthabhāṣya PABh zu PāśupSūtra, 4, 8: 106 13;ityevaṁ vaktāro vadantītyarthaḥ ||;!;;Rasādhyāyaṭīkā RAdhyṬ zu RAdhy, 237.2: 46 6;iti vyoṣarājiḥ kāṁsyarājir ityarthaḥ ||;!;;Rasaratnasamuccayaṭīkā RRSṬīkā zu RRS, 11, 87.2: 188 4;pāradakalpoktaphaletyarthaḥ ||;!;;Viṣṇusmṛti ViSmṛ, 98: 98 3;ityevam ukto bhagavāṁs tathetyuvāca ||;!;;
RRSṬīkā zu RRS, 4, 3.2: 27;1 1;garuḍodgārakaṁ tārkṣyaṁ marakata |;
RRSṬīkā zu RRS, 4, 3.2: 27;2 1;pannā iti loke prasiddham ||;Rasaratnasamuccayaṭīkā RRSṬīkā zu RRS, 8, 18.2: 61 6;ravā iti nāmnā loke prasiddham ||;GOOD;;Rasaratnasamuccayaṭīkā RRSṬīkā zu RRS, 4, 4.1: 28 1;puṣparāgaṁ pukhrāj iti loke prasiddham ||;GOOD;;Rasaratnasamuccayaṭīkā RRSṬīkā zu RRS, 4, 4.2: 31 3;etat pirojā iti loke prasiddham ||;GOOD;;Rasaratnasamuccayaṭīkā RRSṬīkā zu RRS, 3, 14.2: 9 1;khaṭhikā khaḍu cās iti nāmnā loke prasiddhā ||;GOOD;;Rasaratnasamuccayaṭīkā RRSṬīkā zu RRS, 3, 106.2: 15 2;nīlavarṇasurmā iti loke prasiddhaḥ ||;GOOD;;Rasaratnasamuccayaṭīkā RRSṬīkā zu RRS, 3, 104.2: 13 2;śvetavarṇasurmā iti loke prasiddham ||;GOOD;;Rasaratnasamuccayaṭīkā RRSṬīkā zu RRS, 4, 57.2: 34 2;asya lokabhāṣāyāṁ laśanyākhaḍā iti prasiddhaḥ ||;GOOD;;Aṣṭādhyāyī Aṣṭādhyāyī, 5, 1: 17 44;lokasarvalokāṭ ṭhañ ||;!;;Āyurvedadīpikā ĀVDīp zu Ca, Sū., 27, 44.2: 109 7;śarāriḥ śarālī iti loke ||;!;;Āyurvedadīpikā ĀVDīp zu Ca, Sū., 20, 11.2: 37 6;vātakhuḍḍatā cāluka iti prasiddhaḥ ||;!;;Āyurvedadīpikā ĀVDīp zu Ca, Vim., 8, 7.2: 200 11;ityadhyayanavidhiriti upasaṁharaṇam ||;!;;Āyurvedadīpikā ĀVDīp zu Ca, Śār., 1, 94.2: 246 3;prasiddhavacanair iti lokaprasiddhavacanaiḥ ||;!;;Gopathabrāhmaṇa NEW GB, 1, 2, 2: 41 23;iti veti vā mukhaṁ viparidhāpayet ||;!;;Mṛgendraṭīkā MṛgṬīkā zu MṛgT, Vidyāpāda, 2, 17.1: 50 7;lokānām antarākāśaṁ lokākāśam iti smṛtam ||;!;;Nibandhasaṁgraha NiSaṁ zu Su, Cik., 29, 12.32: -1 16;eveti ityatra anutsvādayan ||;!;;Nibandhasaṁgraha NiSaṁ zu Su, Sū., 1, 24.1: -1 4;ityāha prākkila vyālā iti vyākhyātāḥ ||;!;;Pañcārthabhāṣya PABh zu PāśupSūtra, 4, 6: 104 23;loke iti sāmīpikaṁ saṁnidhānam ||;!;;Pañcārthabhāṣya PABh zu PāśupSūtra, 5, 17: 139 4;āpo.tra lokādiprasiddhāḥ ||;!;;Rasādhyāyaṭīkā RAdhyṬ zu RAdhy, 237.2: 46 6;iti vyoṣarājiḥ kāṁsyarājir ityarthaḥ ||;!;;Rasaratnasamuccayabodhinī RRSBoṬ zu RRS, 8, 52.2: 86 3;cullakā gilṭī iti loke ||;!;;Rasaratnasamuccayabodhinī RRSBoṬ zu RRS, 3, 126.1: 16 1;gaurīpāṣāṇaḥ śuklapāṣāṇaḥ phulkhaḍi iti loke ||;!;;Rasaratnasamuccayaṭīkā RRSṬīkā zu RRS, 3, 105.2: 14 3;jastaphūl iti mahārāṣṭrabhāṣāyāṁ prasiddham ||;!;;Rasaratnasamuccayaṭīkā RRSṬīkā zu RRS, 3, 102.2: 11 1;sauvīraṁ kṛṣṇavarṇasurmā iti lokabhāṣāyām ||;!;;Rasaratnasamuccayaṭīkā RRSṬīkā zu RRS, 3, 127.1: 21 1;moddāraśṛṅgaṁ murdāﾡśiṁgeti loke prasiddham ||;!;;Śāṅkhāyanāraṇyaka ŚāĀr, 5, 3: 51 11;ityevaṁ hi paśyāma iti ||;!;;Śārṅgadharasaṁhitādīpikā ŚSDīp zu ŚdhSaṁh, 2, 11, 93.2: 46 21;bhṛṅgo mārkavaḥ ghamarā iti loke ||;!;;Śārṅgadharasaṁhitādīpikā ŚSDīp zu ŚdhSaṁh, 2, 12, 38.1: 62 4;droṇapuṣpī nahula iti prasiddhā ||;!;;
RRSṬīkā zu RRS, 9, 9.2: 115;1 1;adhaḥpātanayantramāha asyordhveti ||;
RRSṬīkā zu RRS, 9, 9.2: 115;2 1;jalādhāravihīnasya vaiparītyena jale |;
RRSṬīkā zu RRS, 9, 9.2: 115;3 1;ityetad adhaḥpātanāyantram abhihitam ||;
RRSṬīkā zu RRS, 4, 4.1: 28;1 1;puṣparāgaṁ pukhrāj iti loke prasiddham ||;Āyurvedadīpikā ĀVDīp zu Ca, Śār., 1, 94.2: 246 3;prasiddhavacanair iti lokaprasiddhavacanaiḥ ||;GOOD;;Rasaratnasamuccayaṭīkā RRSṬīkā zu RRS, 8, 18.2: 61 6;ravā iti nāmnā loke prasiddham ||;!;;Rasaratnasamuccayaṭīkā RRSṬīkā zu RRS, 4, 3.2: 27 2;pannā iti loke prasiddham ||;!;;Rasaratnasamuccayaṭīkā RRSṬīkā zu RRS, 4, 4.2: 31 3;etat pirojā iti loke prasiddham ||;!;;Rasaratnasamuccayaṭīkā RRSṬīkā zu RRS, 3, 14.2: 9 1;khaṭhikā khaḍu cās iti nāmnā loke prasiddhā ||;!;;Rasaratnasamuccayaṭīkā RRSṬīkā zu RRS, 3, 106.2: 15 2;nīlavarṇasurmā iti loke prasiddhaḥ ||;!;;Rasaratnasamuccayaṭīkā RRSṬīkā zu RRS, 3, 104.2: 13 2;śvetavarṇasurmā iti loke prasiddham ||;!;;Rasaratnasamuccayaṭīkā RRSṬīkā zu RRS, 4, 57.2: 34 2;asya lokabhāṣāyāṁ laśanyākhaḍā iti prasiddhaḥ ||;!;;
RRSṬīkā zu RRS, 9, 12.2: 116;1 1;kacchapayantraṁ dvividhaṁ jalakacchapaṁ |;
RRSṬīkā zu RRS, 9, 12.2: 116;2 1;tatredānīṁ jalakacchapamāha jalapūrṇeti ||;
RRSṬīkā zu RRS, 9, 12.2: 116;3 1;ghaṭakharparaṁ khaṇḍitamukhaṁ sacchidraṁ |;
RRSṬīkā zu RRS, 9, 12.2: 116;4 1;koṣṭhyāṁ biḍaṁ tanmadhye pāradaṁ ca dattvā sa |;
RRSṬīkā zu RRS, 9, 12.2: 116;5 1;tato laghulohakaṭorikayā nyubjayā taṁ pāradaṁ |;
RRSṬīkā zu RRS, 9, 12.2: 116;6 1;garbhadravantīti sthāne garbhadrutiḥ sarvalohānāmiti |;
RRSṬīkā zu RRS, 9, 12.2: 116;7 1;evaṁ rītyā kacchapayantrasthaḥ pāradaḥ svedanato |;
RRSṬīkā zu RRS, 9, 12.2: 116;8 1;evaṁ caitadyantraṁ garbhadrutipūrvakaṁ jāraṇopayogīti |;
RRSṬīkā zu RRS, 9, 12.2: 116;9 1;atra jalapūrṇapātraṁ bhūmāveva nikhātaṁ kṛtvā |;
RRSṬīkā zu RRS, 9, 12.2: 116;10 1;kiṁcaitadghaṭakaśarāve chidrasaṁsthitāṁ pakvamūṣāṁ |;
RRSṬīkā zu RRS, 9, 12.2: 116;11 1;sthalakūrmayantraṁ tu kiṁcidgartāyukte bhūtale tathaiva |;
RRSṬīkā zu RRS, 9, 12.2: 116;12 1;tatra gartāyāṁ vanasūraṇādikandodare biḍaṁ tanmadhye |;
RRSṬīkā zu RRS, 9, 12.2: 116;13 1;pṛṣṭhe cāgniṁ saṁtataṁ dinatrayaṁ dadyāt ||;
RRSṬīkā zu RRS, 9, 12.2: 116;14 1;antarāntarā kandaparivartanaṁ kāryaṁ yathā kando na |;
RRSṬīkā zu RRS, 9, 12.2: 116;15 1;evaṁ sthalakūrmayantreṇa jāraṇam vidadhyāditi ||;
RRSṬīkā zu RRS, 9, 12.2: 116;16 1;kande dagdhaprāye sati anyatrānyatra kande pūrvavattaṁ |;
RRSṬīkā zu RRS, 4, 4.1: 29;1 1;mahānīlamindranīlam ||;
RRSṬīkā zu RRS, 9, 13.2: 117;1 1;atha dīpikāyantramāha kacchapayantreti ||;
RRSṬīkā zu RRS, 9, 13.2: 117;2 1;jalapūrṇapātramadhye ghaṭakalaśamuttānaṁ nidhāya tatra |;
RRSṬīkā zu RRS, 9, 13.2: 117;3 1;nāgajāraṇārthasya yantrasyopayogo bodhyaḥ ||;
RRSṬīkā zu RRS, 9, 13.2: 117;4 1;tato jīrṇanāgaṁ pāradaṁ bhasmamūṣāyāṁ dhmānena |;
RRSṬīkā zu RRS, 9, 13.2: 117;5 1;dīpikāsaṁstho dīpikopari samyaksthita ityarthaḥ ||;
RRSṬīkā zu RRS, 4, 4.1: 30;1 1;padmarāgaṁ māṇikyam ||;
RRSṬīkā zu RRS, 9, 16.3: 118;1 1;atha ḍhekīyantramāha bhāṇḍakaṇṭhāditi ||;Rasaratnasamuccayabodhinī RRSBoṬ zu RRS, 9, 16.3: 123 1;ḍekīyantramāha bhāṇḍakaṇṭhāditi ||;!;;
RRSṬīkā zu RRS, 9, 16.3: 118;2 1;adhaśchidra upakaṇṭhaṁ kṛte chidre jalagarbhitaṁ |;
RRSṬīkā zu RRS, 9, 16.3: 118;3 1;yuktadravyaiḥ śuddhiyogyaiḥ kāñjikādibhiḥ |;
RRSṬīkā zu RRS, 9, 16.3: 118;4 1;bhājanaṁ sampuṭaghaṭakam adhobhājanam uṣṇaṁ |;
RRSṬīkā zu RRS, 9, 16.3: 118;5 1;rasasaṁdhānaṁ pāradasya samyagādhānaṁ |;
RRSṬīkā zu RRS, 9, 16.3: 118;6 1;etadyantrasamaṁ degayantraṁ rasasāre.bhihitam |;
RRSṬīkā zu RRS, 9, 16.3: 118;6 2;bṛhadbhāṇḍaṁ samādāya kukṣau ca chidrasaṁyutam |;
RRSṬīkā zu RRS, 9, 16.3: 118;6 3;bhāṇḍe kācaghaṭīṁ kṣiptvā mukhaṁ chidre niyojayet ||;
RRSṬīkā zu RRS, 9, 16.3: 118;7 1;tadāsye kācanālaṁ syāttacca nālamadhomukham |;
RRSṬīkā zu RRS, 9, 16.3: 118;7 2;ruddhvā tadā tayoḥ saṁdhimardhaṁ ca nālakaṁ dihet ||;
RRSṬīkā zu RRS, 9, 16.3: 118;8 1;bhāṇḍaṁ vālukayāpūrya tasya dvāraṁ nirudhya ca |;
RRSṬīkā zu RRS, 9, 16.3: 118;8 2;vahneḥ prajvālanaṁ tāvadyāvattannālakaṁ dravet ||;
RRSṬīkā zu RRS, 9, 16.3: 118;9 1;śītaṁ yantraṁ samuttārya ghaṭīṁ prakṣālayettataḥ |;
RRSṬīkā zu RRS, 9, 16.3: 118;9 2;drāvaṁ kṣiptvā punardadyātpunaḥ pāko vidhīyate ||;
RRSṬīkā zu RRS, 9, 16.3: 118;10 1;evaṁ raṅgadrutiḥ proktā degayantre.tiśobhanā |;
RRSṬīkā zu RRS, 9, 16.3: 118;10 2;tālo nāgaḥ śilācauraḥ śulvo haṁsaśca gandhakaḥ ||;
RRSṬīkā zu RRS, 9, 16.3: 118;11 1;ete raṅgaṁ vimuñcanti vidrumaṁ gairikaṁ tathā |;
RRSṬīkā zu RRS, 9, 16.3: 118;11 2;vālukādegayantreṇa picchakeśā dravanti ca ||;
RRSṬīkā zu RRS, 9, 16.3: 118;12 1;iti ||;
RRSṬīkā zu RRS, 4, 4.2: 31;1 1;vaiḍūryaṁ tad yadākāśe sajalameghaśabdād |;
RRSṬīkā zu RRS, 4, 4.2: 31;2 1;ata evāsyābhraloham iti paryāyāntaram ||;
RRSṬīkā zu RRS, 4, 4.2: 31;3 1;etat pirojā iti loke prasiddham ||;Āyurvedadīpikā ĀVDīp zu Ca, Śār., 1, 94.2: 246 3;prasiddhavacanair iti lokaprasiddhavacanaiḥ ||;GOOD;;Rasaratnasamuccayaṭīkā RRSṬīkā zu RRS, 8, 18.2: 61 6;ravā iti nāmnā loke prasiddham ||;!;;Rasaratnasamuccayaṭīkā RRSṬīkā zu RRS, 4, 3.2: 27 2;pannā iti loke prasiddham ||;!;;Rasaratnasamuccayaṭīkā RRSṬīkā zu RRS, 4, 4.1: 28 1;puṣparāgaṁ pukhrāj iti loke prasiddham ||;!;;Rasaratnasamuccayaṭīkā RRSṬīkā zu RRS, 3, 14.2: 9 1;khaṭhikā khaḍu cās iti nāmnā loke prasiddhā ||;!;;Rasaratnasamuccayaṭīkā RRSṬīkā zu RRS, 3, 103.2: 12 2;etad rasod iti brijabhāṣāyām uttaradeśe prasiddham ||;!;;Rasaratnasamuccayaṭīkā RRSṬīkā zu RRS, 3, 106.2: 15 2;nīlavarṇasurmā iti loke prasiddhaḥ ||;!;;Rasaratnasamuccayaṭīkā RRSṬīkā zu RRS, 3, 104.2: 13 2;śvetavarṇasurmā iti loke prasiddham ||;!;;Rasaratnasamuccayaṭīkā RRSṬīkā zu RRS, 4, 57.2: 34 2;asya lokabhāṣāyāṁ laśanyākhaḍā iti prasiddhaḥ ||;!;;Śārṅgadharasaṁhitādīpikā ŚSDīp zu ŚdhSaṁh, 2, 11, 93.2: 46 11;iti tantrāntare.pi prasiddhametat ||;!;;
RRSṬīkā zu RRS, 9, 25.2: 119;1 1;vidyādharayantramāha ||;
RRSṬīkā zu RRS, 9, 25.2: 119;2 1;tatra prathamaṁ tatsvarūpaṁ samāsata uktvānantaraṁ |;
RRSṬīkā zu RRS, 9, 25.2: 119;3 1;sthālīdvitayasaṁpuṭāditi ||;
RRSṬīkā zu RRS, 9, 25.2: 119;4 1;samasthūlānāmeva saṁpuṭaṁ bhavati na tu |;
RRSṬīkā zu RRS, 9, 25.2: 119;5 1;iti vakṣyamāṇaḥ sthālīyantrādasyākṛtiviśeṣaḥ sphuṭīkṛtaḥ |;
RRSṬīkā zu RRS, 9, 25.2: 119;6 1;atha vistareṇāha cullīṁ caturmukhīmiti ||;
RRSṬīkā zu RRS, 9, 25.2: 119;7 1;sarvatra sāmyenāgnipravṛttyarthaṁ caturmukhīm ityuktam |;
RRSṬīkā zu RRS, 9, 25.2: 119;8 1;tatra yantrabhāṇḍaṁ niveśayet ||;
RRSṬīkā zu RRS, 9, 25.2: 119;9 1;nirundhyāt ||;
RRSṬīkā zu RRS, 9, 25.2: 119;10 1;nyubjamukhena pātrāntareṇa saṁpuṭet ||;
RRSṬīkā zu RRS, 9, 25.2: 119;11 1;etadyantram vidyādharanāmnā śāstre parikīrtitam ||;
RRSṬīkā zu RRS, 9, 25.2: 119;12 1;asyopayogastu saumyavīryadravyāṇāṁ mṛdvagninā |;
RRSṬīkā zu RRS, 9, 25.2: 119;13 1;ata eva vakṣyati pañcadaśādhyāye kanakasundararase |;
RRSṬīkā zu RRS, 4, 34.2: 33;1 1;atha sādhāraṇān sarvaratnadoṣān āha grāsastrāsaśceti ||;
RRSṬīkā zu RRS, 4, 34.2: 33;2 1;grāso grasitaikadeśatvam ||;
RRSṬīkā zu RRS, 4, 34.2: 33;3 1;trāsaḥ sabāhyābhyantaramalaviśiṣṭatvam ||;
RRSṬīkā zu RRS, 4, 34.2: 33;4 1;binduḥ prasiddhaḥ ||;
RRSṬīkā zu RRS, 4, 34.2: 33;5 1;sa cānekavidhaḥ ||;Saṅghabhedavastu SBhedaV, 1: 1 128;sa teṣāṁ nigṛhītavyāṁś ca nigṛhṇāti pragṛhītavyāṁś ca ;GOOD;;Viṣṇupurāṇa ViPur, 4, 12: 68 36;sa ca tāṁ snuṣām upayeme ||;GOOD;;Viṣṇusmṛti ViSmṛ, 5: 5 133;tac ca teṣāṁ dadyāt ||;GOOD;;Aitareyabrāhmaṇa AitBr, 1, 4: 4 5;tattan nādṛtyam ||;!;;Aitareyabrāhmaṇa AitBr, 1, 11: 11 2;tat tan nādṛtyam ||;!;;Aitareyabrāhmaṇa AitBr, 2, 22: 52 2;tat tan nādṛtyam ||;!;;Aitareyabrāhmaṇa AitBr, 3, 18: 89 10;tat tan nādṛtyam ||;!;;Āpastambagṛhyasūtra ĀpGṛSū, 12: 11 9;tasmā anvāha tat savitur iti ||;!;;Arthaśāstra ArthaŚ, 1, 4: 4 15;sa tena guptaḥ prabhavati iti ||;!;;Arthaśāstra ArthaŚ, 1, 10: 10 10;tenodvegena rājā tān avarundhyāt ||;!;;Arthaśāstra ArthaŚ, 1, 15: 15 24;te yathā brūyustat kuryāt ||;!;;Arthaśāstra ArthaŚ, 1, 15: 15 42;tān ekaikaśaḥ pṛcchet samastāṁśca ||;!;;Arthaśāstra ArthaŚ, 1, 15: 15 55;sa taccakṣuḥ ||;!;;Arthaśāstra ArthaŚ, 4, 8: 47 2;tāṁścāpadeśaiḥ pratisamānayet ||;!;;Aṣṭādhyāyī Aṣṭādhyāyī, 1, 4: 4 55;tatprayojako hetuś ca ||;!;;Aṣṭādhyāyī Aṣṭādhyāyī, 4, 2: 14 59;tad adhīte tad veda ||;!;;Aṣṭādhyāyī Aṣṭādhyāyī, 4, 2: 14 66;chandobrāhmaṇāni ca tadviṣayāṇi ||;!;;Aṣṭādhyāyī Aṣṭādhyāyī, 4, 2: 14 124;janapadatadavadhyoś ca ||;!;;Aṣṭādhyāyī Aṣṭādhyāyī, 4, 3: 15 2;tasminn aṇi ca yuṣmākāsmākau ||;!;;Aṣṭādhyāyī Aṣṭādhyāyī, 4, 3: 15 155;ñitaś ca tatpratyayāt ||;!;;Aṣṭādhyāyī Aṣṭādhyāyī, 7, 3: 27 29;tatpratyayasya ca ||;!;;Aṣṭādhyāyī Aṣṭādhyāyī, 5, 1: 17 16;tad asya tad asmin syād iti ||;!;;Aṣṭādhyāyī Aṣṭādhyāyī, 5, 1: 17 95;tasya ca dakṣiṇā yajñākhyebhyaḥ ||;!;;Aṣṭādhyāyī Aṣṭādhyāyī, 5, 3: 19 20;tayor dārhilau ca chandasi ||;!;;Aṣṭādhyāyī Aṣṭādhyāyī, 5, 3: 19 77;nītau ca tadyuktāt ||;!;;Aṣṭādhyāyī Aṣṭādhyāyī, 5, 3: 19 106;samāsāc ca tadviṣayāt ||;!;;Āyurvedadīpikā ĀVDīp zu Ca, Sū., 26, 8.9: 43 7;pūrvapakṣaśca kapilamatena te ||;!;;Ayurvedarasāyana Ayurvedarasāyana zu AHS, Sū., 9, 11.2: 15 11;tatsaṁkare ca yato bāhulyena ||;!;;Ayurvedarasāyana Ayurvedarasāyana zu AHS, Sū., 9, 13.1: 18 4;evaṁ ca tadaṣṭadhā saṁmatam ||;!;;Ayurvedarasāyana Ayurvedarasāyana zu AHS, Sū., 16, 13.1: 56 3;tac ca tailena ||;!;;Ayurvedarasāyana Ayurvedarasāyana zu AHS, Sū., 16, 13.1: 57 2;tac ca niśi ||;!;;Ayurvedarasāyana Ayurvedarasāyana zu AHS, Sū., 16, 16.1: 61 3;sa ca catuḥṣaṣṭidhā ||;!;;Baudhāyanadharmasūtra BaudhDhSū, 1, 3: 3 43;tayos tad eva pāvanam ||;!;;Carakasaṁhitā Ca, 3, 1: 39 12;tasmād rasaprabhāvataś ca dravyaprabhāvataś ca ;!;;Daśakumāracarita DKCar, 2, 2: 7 258;arthapatau ca tadapayaśo rūḍham ||;!;;Daśakumāracarita DKCar, 2, 3: 8 155;atiṣṭhacca tanmate sa durmatiḥ ||;!;;Daśakumāracarita DKCar, 2, 3: 8 178;akūjacaca sā taṁ janaṁ kṛtāntadṛtīvāhvayantī ||;!;;Daśakumāracarita DKCar, 2, 4: 9 135;te cāsmābhiḥ pratyahamahanyanta ||;!;;Daśakumāracarita DKCar, 2, 5: 10 94;sa ca vilambitaḥ ||;!;;Daśakumāracarita DKCar, 2, 6: 11 6;sa tu tasyāḥ pāṇigrāhakamanujīviṣyati ||;!;;Daśakumāracarita DKCar, 2, 6: 11 36;tāmanvayāva cāvām ||;!;;Daśakumāracarita DKCar, 2, 6: 11 246;sā caināṁ nirbhartsayantī pratyācacakṣe ||;!;;Daśakumāracarita DKCar, 2, 7: 12 8;sa ca tathākārṣīt ||;!;;Daśakumāracarita DKCar, 2, 7: 12 81;taccādya siddham ||;!;;Divyāvadāna Divyāv, 1: 1 9;tacca naivam ||;!;;Divyāvadāna Divyāv, 1: 1 89;sā tenātyayam atyayataḥ kṣamāpitā ||;!;;Divyāvadāna Divyāv, 1: 1 139;tān dṛṣṭvā tasya kāruṇyamutpannam ||;!;;Divyāvadāna Divyāv, 1: 1 142;sa tānutsṛjya padbhyāṁ samprasthitaḥ ||;!;;Divyāvadāna Divyāv, 1: 1 145;sa tasya sakāśamupasaṁkrāntaḥ ||;!;;Divyāvadāna Divyāv, 1: 1 167;sa tasya sakāśamupasaṁkrāntaḥ ||;!;;Divyāvadāna Divyāv, 1: 1 190;sa tairdūrata eva dṛṣṭaḥ ||;!;;Divyāvadāna Divyāv, 1: 1 191;te taṁ pratyavabhāṣitumārabdhāḥ ||;!;;Divyāvadāna Divyāv, 1: 1 194;sa taiḥ snāpito bhojitaḥ ||;!;;Divyāvadāna Divyāv, 1: 1 199;tā api apsaraso .ntarhitāśca ||;!;;Divyāvadāna Divyāv, 1: 1 239;sa tena snāpito bhojitaḥ ||;!;;Divyāvadāna Divyāv, 1: 1 325;tena tasyāḥ pratijñātam ||;!;;Divyāvadāna Divyāv, 1: 1 328;sa tasminneva vimāne uṣitaḥ ||;!;;Divyāvadāna Divyāv, 1: 1 341;sa tasyaurabhrikasya sakāśamupasaṁkrāntaḥ ||;!;;Divyāvadāna Divyāv, 1: 1 369;sa tasyā veśyāyāḥ sakāśamupasaṁkrāntaḥ ||;!;;Divyāvadāna Divyāv, 1: 1 397;sa taiḥ svareṇa pratyabhijñātaḥ ||;!;;Divyāvadāna Divyāv, 1: 1 428;sa tenopasaṁpāditaḥ ||;!;;Divyāvadāna Divyāv, 1: 1 494;taiḥ sa dvāre baddhvā sthāpitaḥ ||;!;;Divyāvadāna Divyāv, 1: 1 508;tena te karapratyāyāḥ samucchinnāḥ ||;!;;Divyāvadāna Divyāv, 2: 2 39;tayā tasyārocitam ||;!;;Divyāvadāna Divyāv, 2: 2 120;tābhiḥ sā pṛṣṭā tayā samākhyātam ||;!;;Divyāvadāna Divyāv, 2: 2 136;te ca daivayogāt samprāptāḥ ||;!;;Divyāvadāna Divyāv, 2: 2 183;sa tamādāya vīthīṁ samprasthitaḥ ||;!;;Divyāvadāna Divyāv, 2: 2 188;sa tat kāṣṭhaṁ nirīkṣitumārabdhaḥ ||;!;;Divyāvadāna Divyāv, 2: 2 219;tena tāstisro gaṇḍikā darśitāḥ ||;!;;Divyāvadāna Divyāv, 2: 2 295;sa saṁsiddhayānapātraśca pratyāgataḥ ||;!;;Divyāvadāna Divyāv, 2: 2 307;tena te śrutāḥ ||;!;;Divyāvadāna Divyāv, 2: 2 337;sa cāhaṁ ca ||;!;;Divyāvadāna Divyāv, 2: 2 419;sa tābhyāṁ mānaṁ grāhitaḥ ||;!;;Divyāvadāna Divyāv, 2: 2 426;sa ca yakṣāṇām yakṣasamitiṁ gataḥ ||;!;;Divyāvadāna Divyāv, 3: 3 106;sa tān māṇavakān maitreyāya anupradāsyati ||;!;;Divyāvadāna Divyāv, 3: 3 197;tatsamanantaraṁ ca śaṅkha āpūritaḥ ||;!;;Divyāvadāna Divyāv, 5: 5 23;sa cātīva kavipriyaḥ ||;!;;Divyāvadāna Divyāv, 7: 7 33;sa tasyāḥ sakāśamupasaṁkrāntaḥ ||;!;;Divyāvadāna Divyāv, 7: 7 34;tasyāśca bhikṣāyāmāyāsaḥ sampannaḥ ||;!;;Divyāvadāna Divyāv, 7: 7 41;sā tāmapanetumārabdhā ||;!;;Divyāvadāna Divyāv, 7: 7 42;tasyāstasminnācāme .ṅguliḥ patitā ||;!;;Divyāvadāna Divyāv, 7: 7 140;sa tasya kṣetraṁ rakṣitumārabdhaḥ ||;!;;Divyāvadāna Divyāv, 7: 7 149;sā tāmādāya gatā ||;!;;Divyāvadāna Divyāv, 7: 7 192;sa tayā prajvalitaḥ pradīpaḥ prajvalatyeva ||;!;;Divyāvadāna Divyāv, 8: 8 265;saṁvṛtā ca sā nadī ||;!;;Divyāvadāna Divyāv, 9: 9 70;taiḥ pratijñātaṁ kriyākāraśca kṛtaḥ ||;!;;Divyāvadāna Divyāv, 10: 10 51;taiścaivaṁ praṇidhānaṁ kṛtam ||;!;;Divyāvadāna Divyāv, 12: 12 176;tat tasyopari nipatitam ||;!;;Divyāvadāna Divyāv, 13: 13 18;sa caivaṁ cintayati ||;!;;Divyāvadāna Divyāv, 13: 13 148;sa tayā mukhabimbakena pratyabhijñātaḥ ||;!;;Divyāvadāna Divyāv, 13: 13 157;tayā gatvā tasyāḥ pracchannaṁ kathitam ||;!;;Divyāvadāna Divyāv, 13: 13 299;tasya tannīlakṛtsnam āmukhībhūtam ||;!;;Divyāvadāna Divyāv, 13: 13 487;sa gṛhapatistaṁ dṛṣṭvā paryavasthitaḥ ||;!;;Divyāvadāna Divyāv, 13: 13 497;sa tasyānugrahārthamavatīrṇaḥ ||;!;;Divyāvadāna Divyāv, 17: 17 222;sa ca rājā janapadān pṛcchati ||;!;;Divyāvadāna Divyāv, 17: 17 326;taiḥ sa rājā dṛṣṭa āgacchan ||;!;;Divyāvadāna Divyāv, 18: 18 200;tadapi cābhyavahṛtam ||;!;;Divyāvadāna Divyāv, 18: 18 207;sa ca svairaṁ bhuñjati ||;!;;Divyāvadāna Divyāv, 18: 18 212;tena tadapi bhuktam ||;!;;Divyāvadāna Divyāv, 18: 18 298;sa ca parinirvṛtaḥ ||;!;;Divyāvadāna Divyāv, 18: 18 301;sa ca bhagavān parinirvṛtaḥ ||;!;;Divyāvadāna Divyāv, 18: 18 372;tasya ca rājño devatayā ārocitam ||;!;;Divyāvadāna Divyāv, 18: 18 390;sa tān dṛṣṭvā pratibuddhaḥ ||;!;;Divyāvadāna Divyāv, 18: 18 506;sa ca gṛhapatiḥ śrāddhaḥ ||;!;;Divyāvadāna Divyāv, 19: 19 232;taistad dṛṣṭam ||;!;;Divyāvadāna Divyāv, 19: 19 273;sa tāṁ gṛhītvā vīthīṁ gataḥ ||;!;;Divyāvadāna Divyāv, 19: 19 289;taiste punaḥ pratyavekṣitāḥ ||;!;;Divyāvadāna Divyāv, 19: 19 291;sa tairgṛhītaḥ ||;!;;Divyāvadāna Divyāv, 19: 19 313;sa taiḥ śabditaḥ ||;!;;Divyāvadāna Divyāv, 19: 19 338;tena tasya kārṣāpaṇasahasraṁ dattam ||;!;;Divyāvadāna Divyāv, 19: 19 404;sa taṁ tāḍayitumārabdhaḥ ||;!;;Divyāvadāna Divyāv, 19: 19 416;sa tasya gṛhaṁ gataḥ ||;!;;Divyāvadāna Divyāv, 19: 19 552;sa tena praveśitaḥ ||;!;;Gautamadharmasūtra GautDhS, 1, 1: 1 2;tadvidāṁ ca smṛtiśīle ||;!;;Gautamadharmasūtra GautDhS, 1, 1: 1 10;tad yasmāt sa ācāryaḥ ||;!;;Gautamadharmasūtra GautDhS, 1, 1: 1 48;tad adbhiḥ pūrvaṁ mṛdā ca ||;!;;Gautamadharmasūtra GautDhS, 1, 2: 2 31;tadbhāryāputreṣu caivam ||;!;;Gautamadharmasūtra GautDhS, 1, 8: 8 7;tadapekṣas tadvṛttiḥ ||;!;;Gautamadharmasūtra GautDhS, 2, 1: 10 63;tena cottaraḥ ||;!;;Gautamadharmasūtra GautDhS, 2, 5: 14 34;tatstrīṇāṁ ca ||;!;;Gautamadharmasūtra GautDhS, 2, 6: 15 12;na ca tena mitrakarma kuryāt ||;!;;Gautamadharmasūtra GautDhS, 2, 6: 15 17;upapatiḥ |yasya ca saḥ ||;!;;Gautamadharmasūtra GautDhS, 3, 3: 21 3;taiś cābdaṁ samācaran ||;!;;Gautamadharmasūtra GautDhS, 3, 3: 21 14;tasya ca pratigrahītetyeke ||;!;;Gopathabrāhmaṇa NEW GB, 1, 1, 11: 11 1;sa āvataś ca parāvataś cānvaikṣata ||;!;;Gopathabrāhmaṇa NEW GB, 1, 1, 23: 23 6;te tam abruvan ||;!;;Gopathabrāhmaṇa NEW GB, 1, 2, 15: 54 28;te pathirakṣayas ta iyakṣamāṇaṁ pratinudantaḥ ||;!;;Jaiminīyabrāhmaṇa JB, 1, 12: 5 7;tām annam akuruta tāṁ pratyudadīpyata ||;!;;Jaiminīyabrāhmaṇa JB, 1, 12: 5 12;tām annam akuruta tāṁ pratyudadīpyata ||;!;;Janmamaraṇavicāra JanMVic, 1: 1 31;sā ca pṛthivyām eva vyavasthitā ||;!;;Kāmasūtra KāSū, 1, 1: 1 3;tatsamayāvabodhakebhyaścācāryebhyaḥ ||;!;;Kāmasūtra KāSū, 2, 8: 13 4;tāni ca vakṣyāmaḥ ||;!;;Kāmasūtra KāSū, 5, 4: 26 18;tasyāstayaiva pratyuttarāṇi yojayet ||;!;;Lalitavistara LalVis, 1: 1 3;tadyathāyuṣmatā ca jñānakauṇḍinyena ||;!;;Lalitavistara LalVis, 12: 12 23;sa tasyāstaṁ lekhamupanāmayati sma ||;!;;Maitrāyaṇīsaṁhitā MS, 2, 1, 1: 18 10;tāṁ vai tasmai kāmāyālabhanta ||;!;;Mṛgendraṭīkā MṛgṬīkā zu MṛgT, Vidyāpāda, 2, 18.1: 52 12;tac ca ghaṭatvād bhinnam ||;!;;Mṛgendraṭīkā MṛgṬīkā zu MṛgT, Vidyāpāda, 3, 2.1: 65 3;tac ca ||;!;;Mṛgendraṭīkā MṛgṬīkā zu MṛgT, Vidyāpāda, 7, 8.2: 139 12;tac cāñjanam ||;!;;Mṛgendraṭīkā MṛgṬīkā zu MṛgT, Vidyāpāda, 8, 3.2: 156 5;tacca ||;!;;Mṛgendraṭīkā MṛgṬīkā zu MṛgT, Vidyāpāda, 8, 4.1: 157 3;bhogyaṁ ca tatphaladvāreṇa ||;!;;Mṛgendraṭīkā MṛgṬīkā zu MṛgT, Vidyāpāda, 12, 3.2: 241 2;sa ca sāttvika eva ||;!;;Mṛgendraṭīkā MṛgṬīkā zu MṛgT, Vidyāpāda, 12, 10.2: 249 3;pāriśeṣyācca manastadvijñeyam ||;!;;Mṛgendraṭīkā MṛgṬīkā zu MṛgT, Vidyāpāda, 12, 16.1: 253 4;na ca tadātmakānyakṣāṇi ||;!;;Mugdhāvabodhinī MuA zu RHT, 6, 13.2: 131 1;taccāha pañcabhirityādi ||;!;;Mugdhāvabodhinī MuA zu RHT, 9, 11.2: 166 1;taccāha sasyakamityādi ||;!;;Mugdhāvabodhinī MuA zu RHT, 9, 12.2: 167 1;taccāha kṣārairityādi ||;!;;Mugdhāvabodhinī MuA zu RHT, 9, 15.2: 170 1;taccāha raktagaṇetyādi ||;!;;Mugdhāvabodhinī MuA zu RHT, 11, 10.2: 193 1;taccāha raktetyādi ||;!;;Mugdhāvabodhinī MuA zu RHT, 13, 2.2: 210 1;taccāha mākṣīketyādi ||;!;;Mugdhāvabodhinī MuA zu RHT, 13, 3.2: 211 1;taccāha mākṣīketyādi ||;!;;Mugdhāvabodhinī MuA zu RHT, 13, 6: 214 1;taccāha kāntetyādi ||;!;;Mugdhāvabodhinī MuA zu RHT, 14, 8.1: 218 6;taccāha saṁsthāpyetyādi ||;!;;Mugdhāvabodhinī MuA zu RHT, 14, 8.1: 218 8;taccāha lavaṇetyādi ||;!;;Mugdhāvabodhinī MuA zu RHT, 14, 8.1: 218 13;taccāha tāvadityādi ||;!;;Mugdhāvabodhinī MuA zu RHT, 14, 8.1: 218 16;taccāha utkhanyetyādi ||;!;;Mugdhāvabodhinī MuA zu RHT, 14, 8.1: 218 23;taccāha paścādityādi ||;!;;Mugdhāvabodhinī MuA zu RHT, 14, 14.2: 223 3;taccāha bāhya ityādi ||;!;;Mugdhāvabodhinī MuA zu RHT, 16, 16.2: 252 4;sā ca mṛdā mṛtsnayā lepyā ||;!;;Mugdhāvabodhinī MuA zu RHT, 18, 40.3: 300 3;taccāha ahītyādi ||;!;;Mugdhāvabodhinī MuA zu RHT, 18, 55.2: 305 3;taccāha nirguṇḍītyādi ||;!;;Mugdhāvabodhinī MuA zu RHT, 18, 55.2: 305 6;taccāha tāre ityādi ||;!;;Mugdhāvabodhinī MuA zu RHT, 18, 57.1: 306 4;taccāha hemnetyādi ||;!;;Mugdhāvabodhinī MuA zu RHT, 18, 59.1: 307 2;taccāha krāmaṇetyādi ||;!;;Mugdhāvabodhinī MuA zu RHT, 18, 63.2: 308 1;taccāha yantramityādi ||;!;;Mugdhāvabodhinī MuA zu RHT, 18, 63.2: 308 11;taccāha gṛhṇīyād ityādi ||;!;;Mugdhāvabodhinī MuA zu RHT, 18, 67.2: 309 5;taccāha madhye ityādi ||;!;;Mugdhāvabodhinī MuA zu RHT, 18, 67.2: 309 8;taccāha liptvetyādi ||;!;;Mugdhāvabodhinī MuA zu RHT, 18, 70.2: 312 1;taccāha paścādityādi ||;!;;Mugdhāvabodhinī MuA zu RHT, 19, 23.2: 333 1;taccāha trikaṭuketyādi ||;!;;Mugdhāvabodhinī MuA zu RHT, 19, 33.2: 338 5;taccāha triphaletyādi ||;!;;Mugdhāvabodhinī MuA zu RHT, 19, 33.2: 338 9;taccāha māsenetyādi ||;!;;Mugdhāvabodhinī MuA zu RHT, 19, 48.2: 350 1;taccāha varjitetyādi ||;!;;Mugdhāvabodhinī MuA zu RHT, 19, 53.2: 355 1;taccāha karkoṭītyādi ||;!;;Mugdhāvabodhinī MuA zu RHT, 19, 56.2: 358 1;taccāha śarapuṅkhetyādi ||;!;;Mugdhāvabodhinī MuA zu RHT, 19, 64.2: 363 5;taccāha evamityādi ||;!;;Nāṭyaśāstravivṛti NŚVi zu NāṭŚ, 6, 66.2: 2 25;omityāha sa ceti ||;!;;Nāṭyaśāstravivṛti NŚVi zu NāṭŚ, 6, 32.2: 1 12;sa cobhayorapi ||;!;;Nāṭyaśāstravivṛti NŚVi zu NāṭŚ, 6, 32.2: 1 140;na ca sā pratītiryuktā ||;!;;Nibandhasaṁgraha NiSaṁ zu Su, Sū., 1, 25.1: -1 1;tadyuktam teṣāmityādi ||;!;;Nibandhasaṁgraha NiSaṁ zu Su, Sū., 24, 11.2: -1 2;ceti iti teṣu prāgabhidhānaṁ punararthe ||;!;;Nibandhasaṁgraha NiSaṁ zu Su, Utt., 1, 8.1: -1 19;yathāśastram tasya ca ||;!;;Nyāyasūtra NyāSū, 2, 1: 3 28;taiścāpadeśo jñānaviśeṣāṇām ||;!;;Nyāyasūtra NyāSū, 3, 1: 5 71;tena eva tasyāgrahaṇāt ca ||;!;;Nyāyasūtra NyāSū, 4, 2: 8 8;teṣu cāvṛtteravayavyabhāvaḥ ||;!;;Nyāyasūtra NyāSū, 4, 2: 8 45;tadabhāvaścāpavarge ||;!;;Pañcārthabhāṣya PABh zu PāśupSūtra, 1, 9: 9 62;sā ca hiṁsā trividhā bhavati ||;!;;Pañcārthabhāṣya PABh zu PāśupSūtra, 1, 9: 9 119;tac ca dvividham ||;!;;Pañcārthabhāṣya PABh zu PāśupSūtra, 1, 9: 9 239;tac ca śaucaṁ trividham ||;!;;Pañcārthabhāṣya PABh zu PāśupSūtra, 1, 16: 17 3;sa ca puruṣavṛttir draṣṭavyaḥ ||;!;;Pañcārthabhāṣya PABh zu PāśupSūtra, 1, 18: 19 10;te cotpannā matāv abhivyajyante ||;!;;Pañcārthabhāṣya PABh zu PāśupSūtra, 1, 21: 22 3;tatprāptiś ca yogapravṛttitaḥ ||;!;;Pañcārthabhāṣya PABh zu PāśupSūtra, 1, 24: 25 13;tac ca na ||;!;;Pañcārthabhāṣya PABh zu PāśupSūtra, 2, 18: 63 8;taducyate tadarthameva ||;!;;Pañcārthabhāṣya PABh zu PāśupSūtra, 2, 19: 64 4;tasmādatra tapastadeva ||;!;;Pañcārthabhāṣya PABh zu PāśupSūtra, 4, 1: 99 9;tasmādatra tapastadeva ||;!;;Pañcārthabhāṣya PABh zu PāśupSūtra, 4, 7.1: 105 17;tac ca trividhamutsṛṣṭam ||;!;;Pañcārthabhāṣya PABh zu PāśupSūtra, 4, 8: 106 16;taducyate taṁ guṇaṁ jñātvā vakṣyāmaḥ ||;!;;Pañcārthabhāṣya PABh zu PāśupSūtra, 4, 12: 110 7;sa teṣām iṣṭāpūrtam ādatteti ||;!;;Pañcārthabhāṣya PABh zu PāśupSūtra, 5, 34: 156 37;sa bhavatu teṣām ||;!;;Pañcārthabhāṣya PABh zu PāśupSūtra, 5, 34: 156 81;te bhavantu teṣām ||;!;;Pañcārthabhāṣya PABh zu PāśupSūtra, 5, 38: 160 9;sā ca cintā dvividhā bhavati ||;!;;Pañcārthabhāṣya PABh zu PāśupSūtra, 5, 46: 168 28;mānuṣyaṁ cānekavidhaṁ brāhmaṇādyam ||;!;;Parāśarasmṛtiṭīkā Parāśarasmṛtiṭīkā zu ParDhSmṛti, 2, 2.1: 1 16;tacca sarvatra prasiddham ||;!;;Parāśarasmṛtiṭīkā Parāśarasmṛtiṭīkā zu ParDhSmṛti, 2, 15.2: 16 7;te cāśramāścaturvidhāḥ ||;!;;Parāśarasmṛtiṭīkā Parāśarasmṛtiṭīkā zu ParDhSmṛti, 2, 15.2: 16 81;tacca snānānantaraṁ kāryam ||;!;;Parāśarasmṛtiṭīkā Parāśarasmṛtiṭīkā zu ParDhSmṛti, 2, 15.2: 16 257;tacca navatantukaṁ kāryam ||;!;;Parāśarasmṛtiṭīkā Parāśarasmṛtiṭīkā zu ParDhSmṛti, 2, 15.2: 16 391;tacca ṣoḍaśe varṣe kāryam ||;!;;Parāśarasmṛtiṭīkā Parāśarasmṛtiṭīkā zu ParDhSmṛti, 2, 15.2: 16 598;tāni ca niṣedhavacanāni yathā ||;!;;Pāraskaragṛhyasūtra Pāraskaragṛhyasūtra, 1, 8: 6 13;tasmāt tayor grāmaḥ pramānam iti śruteḥ ||;!;;Pāśupatasūtra PāśupSūtra, 3: 3 8;pāpaṁ ca tebhyo dadāti ||;!;;Pāśupatasūtra PāśupSūtra, 3: 3 9;sukṛtaṁ ca teṣāmādatte ||;!;;Pāśupatasūtra PāśupSūtra, 4: 4 11;sa teṣāmiṣṭāpūrtamādatta ||;!;;Prasannapadā Prasannapadā zu MMadhKār, 1, 3.2: 2 21;sā ca kriyā vijñānaṁ janayati ||;!;;Rasādhyāyaṭīkā RAdhyṬ zu RAdhy, 12.2: 3 23;māritasya ca tasya krāmaṇam ||;!;;Rasādhyāyaṭīkā RAdhyṬ zu RAdhy, 42.2: 14 6;taiśca kāñjikaṁ galitvā yāti ||;!;;Rasādhyāyaṭīkā RAdhyṬ zu RAdhy, 69.2: 19 3;tac caivam ||;!;;Rasaratnasamuccayabodhinī RRSBoṬ zu RRS, 8, 49.2: 83 4;tat capalībhūtaṁ nāgaṁ vaṅgaṁ ca ||;!;;Rasaratnasamuccayaṭīkā RRSṬīkā zu RRS, 8, 64.2: 88 7;te ca mardanāgnibhyāṁ naśyanti ||;!;;Rasaratnasamuccayaṭīkā RRSṬīkā zu RRS, 8, 89.2: 106 3;sa ca pāradaḥ kīdṛśaḥ ||;!;;Rasaratnasamuccayaṭīkā RRSṬīkā zu RRS, 9, 35.3: 122 15;sa ca varṇo jñeyaḥ ||;!;;Rasaratnasamuccayaṭīkā RRSṬīkā zu RRS, 10, 8.2: 139 9;te ca dagdhā eva grāhyāḥ ||;!;;Rasaratnasamuccayaṭīkā RRSṬīkā zu RRS, 10, 32.2: 155 8;sā ca dvividhā ||;!;;Rasaratnasamuccayaṭīkā RRSṬīkā zu RRS, 10, 32.2: 155 12;tāśca dvividhāḥ ||;!;;Rasaratnasamuccayaṭīkā RRSṬīkā zu RRS, 5, 78.2: 39 2;sa cāpratisiddhārthaḥ ||;!;;Rasaratnasamuccayaṭīkā RRSṬīkā zu RRS, 3, 116.2: 17 2;sa ca pītavarṇaḥ ||;!;;Rasaratnasamuccayaṭīkā RRSṬīkā zu RRS, 11, 22.2: 172 2;te ca saptavidhāḥ ||;!;;Rasaratnasamuccayaṭīkā RRSṬīkā zu RRS, 11, 71.2: 179 5;sa ca khoṭabandho bodhyaḥ ||;!;;Ratnaṭīkā GaṇaKārṬīkā zu GaṇaKār, 6.1: 8 61;te ca svātmasaṁvedye iti ||;!;;Ratnaṭīkā GaṇaKārṬīkā zu GaṇaKār, 6.1: 8 135;tac ca viṁśatibhedam ||;!;;Saṅghabhedavastu SBhedaV, 1: 1 114;tac ca dharmeṇa nādharmeṇa ||;!;;Śāṅkhāyanagṛhyasūtra ŚGṛS, 1, 8: 4 25;tāḥ praṇītāḥ prokṣaṇīś ca ||;!;;Śāṅkhāyanāraṇyaka ŚāĀr, 3, 2: 28 5;taṁ yaḥ pratyāha tam atisṛjate ||;!;;Śāṅkhāyanāraṇyaka ŚāĀr, 3, 5: 31 19;tasya bhūtaṁ ca bhaviṣyacca pūrvau pādau ||;!;;Śāṅkhāyanāraṇyaka ŚāĀr, 7, 1: 77 3;tan mām avatu tad vaktāram avatvavatu mām avatu ;!;;Śāṅkhāyanāraṇyaka ŚāĀr, 8, 7: 106 5;sa yat karaṇīyaṁ manyeta tat kuryāt ||;!;;Śārṅgadharasaṁhitādīpikā ŚSDīp zu ŚdhSaṁh, 1, 3, 9.1: 10 22;te ca doṣadūṣyatādayaḥ ||;!;;Śārṅgadharasaṁhitādīpikā ŚSDīp zu ŚdhSaṁh, 2, 11, 7.1: 13 10;tacca kukkuṭapuṭasaṁjñayā vihitam ||;!;;Śārṅgadharasaṁhitādīpikā ŚSDīp zu ŚdhSaṁh, 2, 11, 72.1: 36 11;tacca dvividham ||;!;;Sūryaśatakaṭīkā Sūryaśatakaṭīkā zu SūryaŚ, 1, 3.2: 3 16;tena śramastasmājjātastamiva ||;!;;Suśrutasaṁhitā Su, 1, 11: 11 6;sa dvividhaḥ pratisāraṇīyaḥ pānīyaś ca ||;!;;Suśrutasaṁhitā Su, 1, 26: 26 4;taddvividhaṁ śārīram āgantukaṁ ca ||;!;;Tantrākhyāyikā TAkhy, 1: 1 14;tāṁ ca dṛṣṭvācintayat ||;!;;Tantrākhyāyikā TAkhy, 1: 1 153;taiścābhihitaḥ ||;!;;Tantrākhyāyikā TAkhy, 1: 1 207;taṁ ca vyāpādyainaṁ bhakṣayiṣyāmi ||;!;;Tantrākhyāyikā TAkhy, 1: 1 274;te tam āhuḥ ||;!;;Tantrākhyāyikā TAkhy, 1: 1 343;tasmiṁś cāpayāte gomāyur abhihitavān ||;!;;Tantrākhyāyikā TAkhy, 1: 1 347;apayāte ca tasmin dvīpyāha ||;!;;Tantrākhyāyikā TAkhy, 1: 1 409;tac ca śrutvānāgatavidhātrā cintitam ||;!;;Tantrākhyāyikā TAkhy, 1: 1 577;tac ca śrutvā dharmabuddhiś cintayāmāsa ||;!;;Tantrākhyāyikā TAkhy, 1: 1 609;pratyāgataś ca tāṁ tulāṁ tasmāt prārthitavān ||;!;;Tantrākhyāyikā TAkhy, 1: 1 610;tenoktaṁ ca ||;!;;Tantrākhyāyikā TAkhy, 2: 2 69;tac ca śrutvā brāhmaṇyāha ||;!;;Tantrākhyāyikā TAkhy, 2: 2 90;sā tam āha ||;!;;Tantrākhyāyikā TAkhy, 2: 2 312;sa cāha ||;!;;Tantrasāra TantraS, 7: 7 12;tac ca brahmāṇḍavad asaṁkhyam ||;!;;Tantrasāra TantraS, 14: 14 2;sa ca vistīrṇaḥ tantrālokāt avadhāryaḥ ||;!;;Tantrasāra TantraS, 1: 1 9;tac ca śāstrapūrvakam ||;!;;Vaiśeṣikasūtravṛtti VaiSūVṛ zu VaiśSū, 2, 2, 33.1: 61 4;na ca tāni vyañjakāni kutaḥ ||;!;;Vaiśeṣikasūtravṛtti VaiSūVṛ zu VaiśSū, 4, 2, 4: 122 2;tacca ||;!;;Vaiśeṣikasūtravṛtti VaiSūVṛ zu VaiśSū, 10, 20.1: 338 2;tasya cāmnāyāt samadhigama uktaḥ ||;!;;Viṁśatikāvṛtti ViṁVṛtti zu ViṁKār, 1, 15.2: 25 10;sa caiko na sidhyati ||;!;;Viṣṇupurāṇa ViPur, 4, 3: 59 7;sā cainaṁ rasātalaṁ nītavatī ||;!;;Viṣṇupurāṇa ViPur, 4, 3: 59 30;sā tasya bhāryā citāṁ kṛtvā tam ;!;;Viṣṇupurāṇa ViPur, 4, 4: 60 51;apaśyacca tan māṁsaṁ mānuṣam ||;!;;Viṣṇupurāṇa ViPur, 4, 6: 62 8;sa ca rājasūyam akarot ||;!;;Viṣṇupurāṇa ViPur, 4, 6: 62 68;tāsāṁ cāpsarasām ūrvaśī kathayāmāsa ||;!;;Viṣṇupurāṇa ViPur, 4, 6: 62 70;evam uktās tāś cāpsarasa ūcuḥ ||;!;;Viṣṇupurāṇa ViPur, 4, 7: 63 13;tāṁ ca bhārgavaḥ ṛcīko vavre ||;!;;Viṣṇupurāṇa ViPur, 4, 7: 63 32;anantaraṁ ca sā jamadagnim ajījanat ||;!;;Viṣṇupurāṇa ViPur, 4, 7: 63 33;tanmātā ca viśvāmitraṁ janayāmāsa ||;!;;Viṣṇupurāṇa ViPur, 4, 8: 64 2;tasyāṁ ca pañca putrān utpādayāmāsa ||;!;;Viṣṇupurāṇa ViPur, 4, 12: 68 43;tataś cāṁśus tasmācca satvataḥ ||;!;;Viṣṇupurāṇa ViPur, 4, 13: 69 4;tayoś cāyaṁ śloko gīyate ||;!;;Viṣṇupurāṇa ViPur, 4, 13: 69 103;sa tatraiva ca tasthau ||;!;;Viṣṇupurāṇa ViPur, 4, 14: 70 19;tāś ca sarvā vasudeva upayeme ||;!;;Viṣṇupurāṇa ViPur, 4, 14: 70 30;tasya ca ;!;;Viṣṇupurāṇa ViPur, 4, 14: 70 34;tāṁ ca pāṇḍur uvāha ||;!;;Viṣṇupurāṇa ViPur, 4, 14: 70 45;tasyāṁ ca śiśupālam utpādayāmāsa ||;!;;Viṣṇupurāṇa ViPur, 4, 18: 74 7;tasmācca mahāmanāḥ ||;!;;Viṣṇupurāṇa ViPur, 4, 19: 75 43;tasmāc cāṇuhaḥ ||;!;;Viṣṇupurāṇa ViPur, 4, 19: 75 46;tataś ca viṣvaksenas tasmād udaksenaḥ ||;!;;Viṣṇupurāṇa ViPur, 4, 19: 75 47;bhallābhas tasya cātmajaḥ ||;!;;Viṣṇupurāṇa ViPur, 4, 20: 76 16;tataś ca tam ūcur brāhmaṇāḥ ||;!;;Viṣṇupurāṇa ViPur, 4, 21: 77 16;tasmācca kṣemakaḥ ||;!;;Viṣṇupurāṇa ViPur, 4, 22: 78 10;tatputraśca sumitraḥ ||;!;;Viṣṇupurāṇa ViPur, 4, 24: 80 6;tasya ca nandivardhanaḥ ||;!;;Viṣṇupurāṇa ViPur, 4, 24: 80 11;tasya ca putraḥ kṣemadharmā ||;!;;Viṣṇupurāṇa ViPur, 4, 24: 80 16;tasmāccodayanaḥ ||;!;;Viṣṇusmṛti ViSmṛ, 2: 2 4;teṣāṁ ca dharmāḥ ||;!;;Viṣṇusmṛti ViSmṛ, 3: 3 34;taddūṣakāṁś ca hanyāt ||;!;;Viṣṇusmṛti ViSmṛ, 5: 5 46;tāṁ ca bibhṛyāt ||;!;;Viṣṇusmṛti ViSmṛ, 5: 5 59;sarve ca tatsvāmināṁ tadutpattim ||;!;;Viṣṇusmṛti ViSmṛ, 5: 5 107;taccāpāsyāt ||;!;;Viṣṇusmṛti ViSmṛ, 5: 5 109;tac ca yojayet ||;!;;Viṣṇusmṛti ViSmṛ, 5: 5 114;na ca tān jahyāt ||;!;;Viṣṇusmṛti ViSmṛ, 5: 5 123;tadakūṭe kūṭavādinaś ca ||;!;;Viṣṇusmṛti ViSmṛ, 5: 5 168;tatsaṁvidaṁ yaś ca laṅghayet ||;!;;Viṣṇusmṛti ViSmṛ, 9: 9 24;sā ca na vāti vāyau ||;!;;Viṣṇusmṛti ViSmṛ, 15: 15 12;sa ca pāṇigrāhasya ||;!;;Viṣṇusmṛti ViSmṛ, 15: 15 17;sa ca pāṇigrāhasya ||;!;;Viṣṇusmṛti ViSmṛ, 15: 15 21;sa ca yena krītaḥ ||;!;;Viṣṇusmṛti ViSmṛ, 15: 15 23;sa ca yasyopagataḥ ||;!;;Viṣṇusmṛti ViSmṛ, 15: 15 26;sa ca yena gṛhītaḥ ||;!;;Viṣṇusmṛti ViSmṛ, 15: 15 30;sa cānyān bibhṛyāt ||;!;;Viṣṇusmṛti ViSmṛ, 20: 20 13;sa ca pitāmahasyāhaḥ ||;!;;Viṣṇusmṛti ViSmṛ, 22: 22 60;tadaśrupātakārī ca ||;!;;Viṣṇusmṛti ViSmṛ, 35: 35 2;tatsaṁyogaśca ||;!;;Viṣṇusmṛti ViSmṛ, 37: 37 17;tasya ca kanyādānam ||;!;;Viṣṇusmṛti ViSmṛ, 54: 54 22;taṁ ca bhūyaścopanayet ||;!;;Viṣṇusmṛti ViSmṛ, 96: 96 73;tanmūle ca dve ||;!;;Yogasūtra YS, 1: 1 28;tajjapas tadarthabhāvanam ||;!;;Yogasūtrabhāṣya YSBhā zu YS, 2, 24.1: 68 7;sa tām āha ||;!;;Yogasūtrabhāṣya YSBhā zu YS, 3, 44.1: 110 12;sa ca bhedābhedavivakṣitaḥ ||;!;;
RRSṬīkā zu RRS, 4, 34.2: 33;6 1;rekhā prasiddhā ||;
RRSṬīkā zu RRS, 4, 34.2: 33;7 1;jalagarbhatā ||;
RRSṬīkā zu RRS, 4, 34.2: 33;8 1;yatrāntaḥ koṭara ivāntaḥ śuṣiraviśiṣṭajalābhāso bhavati |;
RRSṬīkā zu RRS, 9, 26.2: 120;1 1;atha somānalayantraṁ samāsata āha ūrdhvaṁ vahniriti ||;
RRSṬīkā zu RRS, 9, 26.2: 120;2 1;madhya iti ||;
RRSṬīkā zu RRS, 9, 26.2: 120;3 1;adhaḥpātre jalaṁ tadupari uttānaṁ śarāvādi dattvā tatra |;
RRSṬīkā zu RRS, 9, 26.2: 120;4 1;iti vidhinā gaganasattvādikaṁ jārayediti ||;
RRSṬīkā zu RRS, 9, 26.2: 120;5 1;etadeva yantraṁ sanābhinālaṁ kṛtvāgnimadho dattvā |;
RRSṬīkā zu RRS, 9, 26.2: 120;6 1;tathā ca tatpāṭhaḥ |;
RRSṬīkā zu RRS, 9, 26.2: 120;6 2;somānalasya yantrasya nābhimadhye rasaṁ kṣipet |;
RRSṬīkā zu RRS, 9, 26.2: 120;6 3;dattvāṣṭāṁśaṁ biḍaṁ nābhiṁ kiṁcidamlena pūrayet ||;
RRSṬīkā zu RRS, 9, 26.2: 120;7 1;kṣārāmlaṁ tryūṣaṇaṁ mūtraṁ rājikā śigru citrakam |;
RRSṬīkā zu RRS, 9, 26.2: 120;7 2;nālaṁ prapūrayed ebhir nābheścopari sādhakaḥ ||;
RRSṬīkā zu RRS, 9, 26.2: 120;8 1;dadyādupari yantrasya sacchidraṁ samabudhnakam |;
RRSṬīkā zu RRS, 9, 26.2: 120;8 2;chidre ca dorakaṁ baddhvā amlaiḥ kharparapūraṇam ||;
RRSṬīkā zu RRS, 9, 26.2: 120;9 1;rasopari patedbinduḥ stokaṁ stokaṁ punaḥ punaḥ |;
RRSṬīkā zu RRS, 9, 26.2: 120;9 2;yantrādhaḥ sthāpayedagnim ahorātratrayaṁ budhaḥ ||;
RRSṬīkā zu RRS, 9, 26.2: 120;10 1;tridinair jīryate grāsaṁ sūtako nātra saṁśayaḥ |;
RRSṬīkā zu RRS, 9, 26.2: 120;10 2;iti ||;
RRSṬīkā zu RRS, 9, 26.2: 120;11 1;sacchidraṁ samabudhnakamiti kharparasya viśeṣaṇam ||;
RRSṬīkā zu RRS, 9, 26.2: 120;12 1;nālaṁ tu kṣārādipūritaṁ kṛtvā |;
RRSṬīkā zu RRS, 9, 26.2: 120;13 1;etadeva yantraṁ nābhirahitaṁ kṛtvā athādho.gniruparyāpo madhye deyo raseśvaraḥ |;
RRSṬīkā zu RRS, 9, 26.2: 120;13 2;agnīṣomākhyayantreṇa badhyate saptarātrataḥ ||;
RRSṬīkā zu RRS, 9, 26.2: 120;14 1;iti ||;
RRSṬīkā zu RRS, 5, 84.1: 40;1 1;tasya cokto vyastaḥ samasto vā bhedo.yaṁ jāraṇāyāṁ |;
RRSṬīkā zu RRS, 5, 84.1: 40;2 1;kevalabhrāmakasattvasya prathamaṁ yathāvidhijāraṇenāpi |;
RRSṬīkā zu RRS, 5, 84.1: 40;3 1;tataḥ pāradaḥ sarvāṁllohādīn grasati ||;
RRSṬīkā zu RRS, 5, 84.1: 40;4 1;ata ekabhedo.pi kaścitpāradamukhaṁ bhavati ||;
RRSṬīkā zu RRS, 5, 84.1: 40;5 1;yasya tad ekamukham ||;Arthaśāstra ArthaŚ, 2, 9: 30 22;yo yad yad utpadyate tat tad bhakṣayati sa tādātvikaḥ ||;!;;Divyāvadāna Divyāv, 13: 13 148;sa tayā mukhabimbakena pratyabhijñātaḥ ||;!;;Khādiragṛhyasūtra KhGṛS, 2, 5: 7 19;ye caranty ekavāsaso ekavāsaso ekavāsaso ekavāsaso ;!;;Nāṭyaśāstravivṛti NŚVi zu NāṭŚ, 6, 66.2: 2 10;tadveṣadhāriṇo ye naṭāste ||;!;;Parāśarasmṛtiṭīkā Parāśarasmṛtiṭīkā zu ParDhSmṛti, 2, 15.2: 16 503;samāna ekaḥ piṇḍo yasyāḥ sā sapiṇḍā ||;!;;Śāṅkhāyanāraṇyaka ŚāĀr, 3, 2: 28 5;taṁ yaḥ pratyāha tam atisṛjate ||;!;;Śāṅkhāyanāraṇyaka ŚāĀr, 4, 9: 42 5;rājā ta ekaṁ mukhaṁ tena mukhena viśo .tsi ||;!;;Śāṅkhāyanāraṇyaka ŚāĀr, 8, 7: 106 5;sa yat karaṇīyaṁ manyeta tat kuryāt ||;!;;Viṣṇusmṛti ViSmṛ, 5: 5 155;taddoṣeṇa yad vinaśyet tat svāmine ||;!;;
RRSṬīkā zu RRS, 5, 84.1: 40;6 1;bhrāmakacumbakayoḥ sattvadvayasyaikīkṛtasya |;
RRSṬīkā zu RRS, 5, 84.1: 40;7 1;evam evārthastrimukhādau bodhyaḥ ||;
RRSṬīkā zu RRS, 5, 84.1: 40;8 1;vijātīyadravyagrāsāntarasahitam apyetat prathamaṁ |;
RRSṬīkā zu RRS, 5, 84.1: 40;9 1;sajātīyavijātīyavyastasamastaṁ bhedaviśiṣṭam |;
RRSṬīkā zu RRS, 9, 30.2: 121;1 1;atha garbhayantraṁ pratijānīte garbhayantramiti ||;Ayurvedarasāyana Ayurvedarasāyana zu AHS, Sū., 16, 1.2: 42 1;atirasā snehavidhim adhyāyaṁ vyākhyātuṁ pratijānīte ;!;;Rasaratnasamuccayabodhinī RRSBoṬ zu RRS, 9, 30.2: 127 1;garbhayantramāha garbhayantramiti ||;!;;
RRSṬīkā zu RRS, 9, 30.2: 121;2 1;yatra sarvaṁ yantraṁ bhūmyudara evāvasthitaṁ |;
RRSṬīkā zu RRS, 9, 30.2: 121;3 1;tadeva spaṣṭīkaroti caturaṅguleti ||;
RRSṬīkā zu RRS, 9, 30.2: 121;4 1;caturaṅguladīrghādilakṣaṇāṁ mūṣāṁ vidhāya tanmukhaṁ |;
RRSṬīkā zu RRS, 9, 30.2: 121;5 1;samyak pidhānasaṁdhānārthaṁ yathoktabhāgaṁ |;
RRSṬīkā zu RRS, 9, 30.2: 121;6 1;evaṁ nirvāṇāgnituṣādiyuktyā niṣkāsya |;
RRSṬīkā zu RRS, 9, 30.2: 121;7 1;atra govarapuṭaṁ bhūmāveva deyam ||;
RRSṬīkā zu RRS, 9, 30.2: 121;8 1;taduktaṁ rasarājasundare ||;Pañcārthabhāṣya PABh zu PāśupSūtra, 2, 18: 63 8;taducyate tadarthameva ||;GOOD;;Pañcārthabhāṣya PABh zu PāśupSūtra, 4, 8: 106 16;taducyate taṁ guṇaṁ jñātvā vakṣyāmaḥ ||;GOOD;;Aitareyabrāhmaṇa AitBr, 1, 4: 4 5;tattan nādṛtyam ||;!;;Aitareyabrāhmaṇa AitBr, 1, 11: 11 2;tat tan nādṛtyam ||;!;;Aitareyabrāhmaṇa AitBr, 2, 22: 52 2;tat tan nādṛtyam ||;!;;Aitareyabrāhmaṇa AitBr, 3, 18: 89 10;tat tan nādṛtyam ||;!;;Aitareyabrāhmaṇa AitBr, 6, 25: 212 1;dūrohaṇaṁ rohati tasyoktam brāhmaṇam ||;!;;Āpastambagṛhyasūtra ĀpGṛSū, 12: 11 9;tasmā anvāha tat savitur iti ||;!;;Arthaśāstra ArthaŚ, 1, 4: 4 15;sa tena guptaḥ prabhavati iti ||;!;;Arthaśāstra ArthaŚ, 1, 10: 10 10;tenodvegena rājā tān avarundhyāt ||;!;;Arthaśāstra ArthaŚ, 1, 15: 15 24;te yathā brūyustat kuryāt ||;!;;Arthaśāstra ArthaŚ, 1, 15: 15 55;sa taccakṣuḥ ||;!;;Arthaśāstra ArthaŚ, 4, 4: 43 2;tasya kaṇṭakaśodhanaṁ vakṣyāmaḥ ||;!;;Aṣṭādhyāyī Aṣṭādhyāyī, 4, 2: 14 59;tad adhīte tad veda ||;!;;Aṣṭādhyāyī Aṣṭādhyāyī, 5, 1: 17 16;tad asya tad asmin syād iti ||;!;;Āśvalāyanagṛhyasūtra ĀśGS, 1, 7: 7 2;yat tu samānaṁ tad vakṣyāmaḥ ||;!;;Āśvalāyanagṛhyasūtra ĀśGS, 1, 1: 1 1;uktāni vaitānikāni gṛhyāni vakṣyāmaḥ ||;!;;Ayurvedarasāyana Ayurvedarasāyana zu AHS, Sū., 16, 1.2: 42 3;teṣāṁ prayogo vaktavyaḥ ||;!;;Ayurvedarasāyana Ayurvedarasāyana zu AHS, Sū., 16, 4.2: 47 2;taiḥ gurutvoktakramaiḥ ||;!;;Baudhāyanadharmasūtra BaudhDhSū, 1, 3: 3 43;tayos tad eva pāvanam ||;!;;Bhāvaprakāśa BhPr, 1, 2: 1 241;ucyante khasabījāni te khākhasatilā api ||;!;;Carakasaṁhitā Ca, 1, 22: 22 5;tamuktavantamātreyamagniveśa uvāca ha ||;!;;Daśakumāracarita DKCar, 2, 3: 8 61;tayoktam amba kiṁ bravīmi ||;!;;Daśakumāracarita DKCar, 2, 3: 8 178;akūjacaca sā taṁ janaṁ kṛtāntadṛtīvāhvayantī ||;!;;Daśakumāracarita DKCar, 2, 6: 11 6;sa tu tasyāḥ pāṇigrāhakamanujīviṣyati ||;!;;Daśakumāracarita DKCar, 2, 8: 13 176;suśrutaḥ ityukte so .tyahṛṣyat ||;!;;Divyāvadāna Divyāv, 1: 1 89;sā tenātyayam atyayataḥ kṣamāpitā ||;!;;Divyāvadāna Divyāv, 1: 1 139;tān dṛṣṭvā tasya kāruṇyamutpannam ||;!;;Divyāvadāna Divyāv, 1: 1 142;sa tānutsṛjya padbhyāṁ samprasthitaḥ ||;!;;Divyāvadāna Divyāv, 1: 1 145;sa tasya sakāśamupasaṁkrāntaḥ ||;!;;Divyāvadāna Divyāv, 1: 1 167;sa tasya sakāśamupasaṁkrāntaḥ ||;!;;Divyāvadāna Divyāv, 1: 1 190;sa tairdūrata eva dṛṣṭaḥ ||;!;;Divyāvadāna Divyāv, 1: 1 191;te taṁ pratyavabhāṣitumārabdhāḥ ||;!;;Divyāvadāna Divyāv, 1: 1 194;sa taiḥ snāpito bhojitaḥ ||;!;;Divyāvadāna Divyāv, 1: 1 239;sa tena snāpito bhojitaḥ ||;!;;Divyāvadāna Divyāv, 1: 1 325;tena tasyāḥ pratijñātam ||;!;;Divyāvadāna Divyāv, 1: 1 328;sa tasminneva vimāne uṣitaḥ ||;!;;Divyāvadāna Divyāv, 1: 1 341;sa tasyaurabhrikasya sakāśamupasaṁkrāntaḥ ||;!;;Divyāvadāna Divyāv, 1: 1 369;sa tasyā veśyāyāḥ sakāśamupasaṁkrāntaḥ ||;!;;Divyāvadāna Divyāv, 1: 1 397;sa taiḥ svareṇa pratyabhijñātaḥ ||;!;;Divyāvadāna Divyāv, 1: 1 428;sa tenopasaṁpāditaḥ ||;!;;Divyāvadāna Divyāv, 1: 1 494;taiḥ sa dvāre baddhvā sthāpitaḥ ||;!;;Divyāvadāna Divyāv, 1: 1 508;tena te karapratyāyāḥ samucchinnāḥ ||;!;;Divyāvadāna Divyāv, 2: 2 39;tayā tasyārocitam ||;!;;Divyāvadāna Divyāv, 2: 2 120;tābhiḥ sā pṛṣṭā tayā samākhyātam ||;!;;Divyāvadāna Divyāv, 2: 2 183;sa tamādāya vīthīṁ samprasthitaḥ ||;!;;Divyāvadāna Divyāv, 2: 2 188;sa tat kāṣṭhaṁ nirīkṣitumārabdhaḥ ||;!;;Divyāvadāna Divyāv, 2: 2 219;tena tāstisro gaṇḍikā darśitāḥ ||;!;;Divyāvadāna Divyāv, 2: 2 307;tena te śrutāḥ ||;!;;Divyāvadāna Divyāv, 2: 2 419;sa tābhyāṁ mānaṁ grāhitaḥ ||;!;;Divyāvadāna Divyāv, 3: 3 106;sa tān māṇavakān maitreyāya anupradāsyati ||;!;;Divyāvadāna Divyāv, 7: 7 33;sa tasyāḥ sakāśamupasaṁkrāntaḥ ||;!;;Divyāvadāna Divyāv, 7: 7 41;sā tāmapanetumārabdhā ||;!;;Divyāvadāna Divyāv, 7: 7 42;tasyāstasminnācāme .ṅguliḥ patitā ||;!;;Divyāvadāna Divyāv, 7: 7 140;sa tasya kṣetraṁ rakṣitumārabdhaḥ ||;!;;Divyāvadāna Divyāv, 7: 7 149;sā tāmādāya gatā ||;!;;Divyāvadāna Divyāv, 7: 7 192;sa tayā prajvalitaḥ pradīpaḥ prajvalatyeva ||;!;;Divyāvadāna Divyāv, 12: 12 176;tat tasyopari nipatitam ||;!;;Divyāvadāna Divyāv, 13: 13 148;sa tayā mukhabimbakena pratyabhijñātaḥ ||;!;;Divyāvadāna Divyāv, 13: 13 157;tayā gatvā tasyāḥ pracchannaṁ kathitam ||;!;;Divyāvadāna Divyāv, 13: 13 299;tasya tannīlakṛtsnam āmukhībhūtam ||;!;;Divyāvadāna Divyāv, 13: 13 487;sa gṛhapatistaṁ dṛṣṭvā paryavasthitaḥ ||;!;;Divyāvadāna Divyāv, 13: 13 497;sa tasyānugrahārthamavatīrṇaḥ ||;!;;Divyāvadāna Divyāv, 17: 17 197;tenoktam bakānāṁ pakṣāṇi śīryantām ||;!;;Divyāvadāna Divyāv, 17: 17 326;taiḥ sa rājā dṛṣṭa āgacchan ||;!;;Divyāvadāna Divyāv, 18: 18 212;tena tadapi bhuktam ||;!;;Divyāvadāna Divyāv, 18: 18 390;sa tān dṛṣṭvā pratibuddhaḥ ||;!;;Divyāvadāna Divyāv, 19: 19 232;taistad dṛṣṭam ||;!;;Divyāvadāna Divyāv, 19: 19 273;sa tāṁ gṛhītvā vīthīṁ gataḥ ||;!;;Divyāvadāna Divyāv, 19: 19 289;taiste punaḥ pratyavekṣitāḥ ||;!;;Divyāvadāna Divyāv, 19: 19 291;sa tairgṛhītaḥ ||;!;;Divyāvadāna Divyāv, 19: 19 313;sa taiḥ śabditaḥ ||;!;;Divyāvadāna Divyāv, 19: 19 338;tena tasya kārṣāpaṇasahasraṁ dattam ||;!;;Divyāvadāna Divyāv, 19: 19 404;sa taṁ tāḍayitumārabdhaḥ ||;!;;Divyāvadāna Divyāv, 19: 19 416;sa tasya gṛhaṁ gataḥ ||;!;;Divyāvadāna Divyāv, 19: 19 552;sa tena praveśitaḥ ||;!;;Gautamadharmasūtra GautDhS, 1, 1: 1 10;tad yasmāt sa ācāryaḥ ||;!;;Gautamadharmasūtra GautDhS, 1, 8: 8 7;tadapekṣas tadvṛttiḥ ||;!;;Gautamadharmasūtra GautDhS, 3, 9: 27 2;tasyokto vidhiḥ kṛcchre ||;!;;Gopathabrāhmaṇa NEW GB, 1, 1, 9: 9 6;tadapyetadṛcoktam ||;!;;Gopathabrāhmaṇa NEW GB, 1, 1, 12: 12 8;tad apy etad ṛcoktam ||;!;;Gopathabrāhmaṇa NEW GB, 1, 1, 22: 22 10;tad apy etadṛcoktam ||;!;;Gopathabrāhmaṇa NEW GB, 1, 1, 23: 23 6;te tam abruvan ||;!;;Gopathabrāhmaṇa NEW GB, 1, 1, 23: 23 8;sa hovāca ||;!;;Gopathabrāhmaṇa NEW GB, 1, 2, 5: 44 2;tāv ūcatur janamejayaṁ pārīkṣitam abhyājagāma ||;!;;Gopathabrāhmaṇa NEW GB, 1, 2, 5: 44 3;sa hovāca ||;!;;Gopathabrāhmaṇa NEW GB, 1, 2, 10: 49 3;taṁ mātovāca ||;!;;Gopathabrāhmaṇa NEW GB, 1, 2, 15: 54 28;te pathirakṣayas ta iyakṣamāṇaṁ pratinudantaḥ ||;!;;Jaiminīyabrāhmaṇa JB, 1, 12: 5 7;tām annam akuruta tāṁ pratyudadīpyata ||;!;;Jaiminīyabrāhmaṇa JB, 1, 12: 5 12;tām annam akuruta tāṁ pratyudadīpyata ||;!;;Kāmasūtra KāSū, 2, 8: 13 4;tāni ca vakṣyāmaḥ ||;!;;Kāmasūtra KāSū, 3, 3: 18 4;tān iṅgitākārān vakṣyāmaḥ ||;!;;Kāmasūtra KāSū, 4, 2: 22 60;tāsāṁ yathoktakakṣāṇi sthānāni ||;!;;Kāmasūtra KāSū, 5, 4: 26 18;tasyāstayaiva pratyuttarāṇi yojayet ||;!;;Khādiragṛhyasūtra KhGṛS, 2, 5: 7 6;uktam upanayanam ||;!;;Lalitavistara LalVis, 12: 12 23;sa tasyāstaṁ lekhamupanāmayati sma ||;!;;Mahābhārata MBh, 1, 3: 3 103;sa evam ukto naicchat ||;!;;Maitrāyaṇīsaṁhitā MS, 2, 1, 1: 18 10;tāṁ vai tasmai kāmāyālabhanta ||;!;;Mṛgendraṭīkā MṛgṬīkā zu MṛgT, Vidyāpāda, 3, 11.1: 78 2;taduktam ||;!;;Mṛgendraṭīkā MṛgṬīkā zu MṛgT, Vidyāpāda, 5, 18.2: 116 4;iti tatsvarūpamuktam ||;!;;Mṛgendraṭīkā MṛgṬīkā zu MṛgT, Vidyāpāda, 11, 1.2: 213 4;atha taducyate ||;!;;Nibandhasaṁgraha NiSaṁ zu Su, Sū., 1, 25.1: -1 1;tadyuktam teṣāmityādi ||;!;;Pañcārthabhāṣya PABh zu PāśupSūtra, 1, 1: 1 15;tad ucyate arthaprasiddhyartham ||;!;;Pañcārthabhāṣya PABh zu PāśupSūtra, 1, 2: 2 17;tad ucyate snāyīta ||;!;;Pañcārthabhāṣya PABh zu PāśupSūtra, 1, 3: 3 17;tad ucyate ||;!;;Pañcārthabhāṣya PABh zu PāśupSūtra, 1, 4: 4 10;tad ucyate ||;!;;Pañcārthabhāṣya PABh zu PāśupSūtra, 1, 5: 5 7;tad ucyate iha ||;!;;Pañcārthabhāṣya PABh zu PāśupSūtra, 1, 6: 6 14;tad ucyate āyatane ||;!;;Pañcārthabhāṣya PABh zu PāśupSūtra, 1, 8: 8 30;tad ucyate ||;!;;Pañcārthabhāṣya PABh zu PāśupSūtra, 1, 9: 9 323;sā vācyā gṛhasthādivat ||;!;;Pañcārthabhāṣya PABh zu PāśupSūtra, 1, 9: 9 324;taducyate na ||;!;;Pañcārthabhāṣya PABh zu PāśupSūtra, 1, 14: 15 6;tad ucyate upasparśanam ||;!;;Pañcārthabhāṣya PABh zu PāśupSūtra, 1, 16: 17 23;tad ucyate japyam ||;!;;Pañcārthabhāṣya PABh zu PāśupSūtra, 1, 17: 18 8;tad ucyate gāyatrī ||;!;;Pañcārthabhāṣya PABh zu PāśupSūtra, 1, 17: 18 24;tad ucyate akaluṣatvam ||;!;;Pañcārthabhāṣya PABh zu PāśupSūtra, 1, 18: 19 26;tad ucyate caritavyam ||;!;;Pañcārthabhāṣya PABh zu PāśupSūtra, 1, 19.1: 20 5;tad ucyate ||;!;;Pañcārthabhāṣya PABh zu PāśupSūtra, 1, 20: 21 6;tad ucyate yogaḥ pravartate ||;!;;Pañcārthabhāṣya PABh zu PāśupSūtra, 1, 21: 22 5;tad ucyante ||;!;;Pañcārthabhāṣya PABh zu PāśupSūtra, 1, 23: 24 16;tad ucyate ||;!;;Pañcārthabhāṣya PABh zu PāśupSūtra, 1, 33: 34 6;tad ucyate ||;!;;Pañcārthabhāṣya PABh zu PāśupSūtra, 1, 34: 35 8;tad ucyate ||;!;;Pañcārthabhāṣya PABh zu PāśupSūtra, 1, 35: 36 9;tad ucyate ||;!;;Pañcārthabhāṣya PABh zu PāśupSūtra, 1, 40: 41 23;tad ucyate prapattavyam ||;!;;Pañcārthabhāṣya PABh zu PāśupSūtra, 1, 42: 43 13;tad ucyate na ||;!;;Pañcārthabhāṣya PABh zu PāśupSūtra, 1, 43: 44 10;tad ucyate yasmād āha ||;!;;Pañcārthabhāṣya PABh zu PāśupSūtra, 2, 1.1: 46 4;tad ucyate ||;!;;Pañcārthabhāṣya PABh zu PāśupSūtra, 2, 3: 48 4;tad ucyate siddhasādhakapaśūnām ||;!;;Pañcārthabhāṣya PABh zu PāśupSūtra, 2, 5: 50 34;tad vācyam ||;!;;Pañcārthabhāṣya PABh zu PāśupSūtra, 2, 5: 50 55;taducyate yatheṣṭam ||;!;;Pañcārthabhāṣya PABh zu PāśupSūtra, 2, 6: 51 15;taducyate yasmādāha āṅ iti ||;!;;Pañcārthabhāṣya PABh zu PāśupSūtra, 2, 6: 51 19;taducyate ;!;;Pañcārthabhāṣya PABh zu PāśupSūtra, 2, 9: 54 8;taducyate ubhayathā yaṣṭavyaḥ ||;!;;Pañcārthabhāṣya PABh zu PāśupSūtra, 2, 9: 54 20;taducyate ||;!;;Pañcārthabhāṣya PABh zu PāśupSūtra, 2, 10: 55 11;taducyate ||;!;;Pañcārthabhāṣya PABh zu PāśupSūtra, 2, 11: 56 25;taducyate ||;!;;Pañcārthabhāṣya PABh zu PāśupSūtra, 2, 12: 57 28;taducyate ||;!;;Pañcārthabhāṣya PABh zu PāśupSūtra, 2, 13: 58 20;taducyate ||;!;;Pañcārthabhāṣya PABh zu PāśupSūtra, 2, 19: 64 4;tasmādatra tapastadeva ||;!;;Pañcārthabhāṣya PABh zu PāśupSūtra, 2, 19: 64 10;taducyate kurute māhātmyam ||;!;;Pañcārthabhāṣya PABh zu PāśupSūtra, 2, 25: 70 11;taducyate bhūtānām ||;!;;Pañcārthabhāṣya PABh zu PāśupSūtra, 2, 26: 71 4;taducyate damanāya ||;!;;Pañcārthabhāṣya PABh zu PāśupSūtra, 3, 1.1: 73 6;tad ucyate ||;!;;Pañcārthabhāṣya PABh zu PāśupSūtra, 3, 2: 74 8;taducyate avamānaḥ ||;!;;Pañcārthabhāṣya PABh zu PāśupSūtra, 3, 3: 75 7;taducyate ||;!;;Pañcārthabhāṣya PABh zu PāśupSūtra, 3, 4: 76 12;taducyate caritavyam ||;!;;Pañcārthabhāṣya PABh zu PāśupSūtra, 3, 7: 79 14;taducyate ||;!;;Pañcārthabhāṣya PABh zu PāśupSūtra, 3, 8: 80 14;taducyate vṛddhirapyasti ||;!;;Pañcārthabhāṣya PABh zu PāśupSūtra, 3, 10: 82 8;taducyate na ||;!;;Pañcārthabhāṣya PABh zu PāśupSūtra, 3, 11: 83 14;taducyate ||;!;;Pañcārthabhāṣya PABh zu PāśupSūtra, 3, 16: 88 8;taducyate na ||;!;;Pañcārthabhāṣya PABh zu PāśupSūtra, 3, 18: 90 7;taducyate ||;!;;Pañcārthabhāṣya PABh zu PāśupSūtra, 3, 20: 92 4;taducyate ||;!;;Pañcārthabhāṣya PABh zu PāśupSūtra, 3, 21: 93 11;taducyate na ||;!;;Pañcārthabhāṣya PABh zu PāśupSūtra, 3, 23.1: 95 11;taducyate ||;!;;Pañcārthabhāṣya PABh zu PāśupSūtra, 3, 24: 96 7;taducyate iha ||;!;;Pañcārthabhāṣya PABh zu PāśupSūtra, 3, 25: 97 9;taducyate ||;!;;Pañcārthabhāṣya PABh zu PāśupSūtra, 3, 26: 98 5;taducyate viśiṣṭe parigrahāt ||;!;;Pañcārthabhāṣya PABh zu PāśupSūtra, 4, 1: 99 9;tasmādatra tapastadeva ||;!;;Pañcārthabhāṣya PABh zu PāśupSūtra, 4, 1: 99 29;taducyate vratādīni ||;!;;Pañcārthabhāṣya PABh zu PāśupSūtra, 4, 4: 102 11;taducyate ||;!;;Pañcārthabhāṣya PABh zu PāśupSūtra, 4, 7.1: 105 5;taducyate na ||;!;;Pañcārthabhāṣya PABh zu PāśupSūtra, 4, 7.1: 105 13;taducyate utsṛṣṭam ||;!;;Pañcārthabhāṣya PABh zu PāśupSūtra, 4, 9: 107 19;taducyate sarveṣām ||;!;;Pañcārthabhāṣya PABh zu PāśupSūtra, 4, 9: 107 24;taducyate uttamaḥ ||;!;;Pañcārthabhāṣya PABh zu PāśupSūtra, 4, 9: 107 39;so .smatpratyayārtham vācyaḥ ||;!;;Pañcārthabhāṣya PABh zu PāśupSūtra, 4, 9: 107 40;taducyate ||;!;;Pañcārthabhāṣya PABh zu PāśupSūtra, 4, 10: 108 37;taducyate ||;!;;Pañcārthabhāṣya PABh zu PāśupSūtra, 4, 12: 110 7;sa teṣām iṣṭāpūrtam ādatteti ||;!;;Pañcārthabhāṣya PABh zu PāśupSūtra, 4, 13: 111 14;taducyate ||;!;;Pañcārthabhāṣya PABh zu PāśupSūtra, 4, 14: 112 9;taducyate ||;!;;Pañcārthabhāṣya PABh zu PāśupSūtra, 4, 15: 113 4;taducyate iha yasmādāha ||;!;;Pañcārthabhāṣya PABh zu PāśupSūtra, 4, 22: 120 12;taducyate ||;!;;Pañcārthabhāṣya PABh zu PāśupSūtra, 4, 23: 121 10;taducyate paraśaktitaḥ ||;!;;Pañcārthabhāṣya PABh zu PāśupSūtra, 5, 6: 128 3;taducyate ||;!;;Pañcārthabhāṣya PABh zu PāśupSūtra, 5, 7: 129 6;taducyate siddhatvāt ||;!;;Pañcārthabhāṣya PABh zu PāśupSūtra, 5, 7: 129 36;taducyate iha yasmādāha ||;!;;Pañcārthabhāṣya PABh zu PāśupSūtra, 5, 9.1: 131 15;taducyate ||;!;;Pañcārthabhāṣya PABh zu PāśupSūtra, 5, 10: 132 7;taducyate jitendriyatvam ||;!;;Pañcārthabhāṣya PABh zu PāśupSūtra, 5, 12: 134 21;taducyate ||;!;;Pañcārthabhāṣya PABh zu PāśupSūtra, 5, 13: 135 16;taducyate ||;!;;Pañcārthabhāṣya PABh zu PāśupSūtra, 5, 14: 136 6;taducyate pātre ||;!;;Pañcārthabhāṣya PABh zu PāśupSūtra, 5, 15: 137 6;taducyate na ||;!;;Pañcārthabhāṣya PABh zu PāśupSūtra, 5, 16: 138 10;taducyate apaḥ pītvā stheyam ||;!;;Pañcārthabhāṣya PABh zu PāśupSūtra, 5, 17: 139 15;taducyate upayoktavyam ||;!;;Pañcārthabhāṣya PABh zu PāśupSūtra, 5, 17: 139 25;taducyate na ||;!;;Pañcārthabhāṣya PABh zu PāśupSūtra, 5, 18: 140 4;taduttaratra vakṣyāmaḥ ||;!;;Pañcārthabhāṣya PABh zu PāśupSūtra, 5, 18: 140 9;taducyate ||;!;;Pañcārthabhāṣya PABh zu PāśupSūtra, 5, 20: 142 10;taducyate karmaṇā ||;!;;Pañcārthabhāṣya PABh zu PāśupSūtra, 5, 20: 142 17;taducyate na ||;!;;Pañcārthabhāṣya PABh zu PāśupSūtra, 5, 20: 142 36;taducyate na ||;!;;Pañcārthabhāṣya PABh zu PāśupSūtra, 5, 21: 143 18;taducyate ātmayantritaḥ ||;!;;Pañcārthabhāṣya PABh zu PāśupSūtra, 5, 22: 144 10;taducyate ||;!;;Pañcārthabhāṣya PABh zu PāśupSūtra, 5, 24: 146 18;taducyate ||;!;;Pañcārthabhāṣya PABh zu PāśupSūtra, 5, 26: 148 19;taducyate ||;!;;Pañcārthabhāṣya PABh zu PāśupSūtra, 5, 27: 149 7;taducyate na ||;!;;Pañcārthabhāṣya PABh zu PāśupSūtra, 5, 29: 151 2;taducyate na ||;!;;Pañcārthabhāṣya PABh zu PāśupSūtra, 5, 29: 151 16;tasmādyuktamuktam ||;!;;Pañcārthabhāṣya PABh zu PāśupSūtra, 5, 29: 151 22;taducyate na ||;!;;Pañcārthabhāṣya PABh zu PāśupSūtra, 5, 32: 154 9;taducyate na ||;!;;Pañcārthabhāṣya PABh zu PāśupSūtra, 5, 34: 156 9;taducyate chittvā ||;!;;Pañcārthabhāṣya PABh zu PāśupSūtra, 5, 34: 156 37;sa bhavatu teṣām ||;!;;Pañcārthabhāṣya PABh zu PāśupSūtra, 5, 34: 156 81;te bhavantu teṣām ||;!;;Pañcārthabhāṣya PABh zu PāśupSūtra, 5, 34: 156 134;taducyate mūlam ||;!;;Pañcārthabhāṣya PABh zu PāśupSūtra, 5, 34: 156 138;taducyate ||;!;;Pañcārthabhāṣya PABh zu PāśupSūtra, 5, 44: 166 6;taducyate nityam ||;!;;Pāraskaragṛhyasūtra Pāraskaragṛhyasūtra, 1, 8: 6 13;tasmāt tayor grāmaḥ pramānam iti śruteḥ ||;!;;Pāśupatasūtra PāśupSūtra, 4: 4 11;sa teṣāmiṣṭāpūrtamādatta ||;!;;Rājamārtaṇḍa RājMār zu YS, 3, 45.1: 5 13;kāyasampad vakṣyamāṇā tāṁ prāpnoti ||;!;;Rasaratnasamuccayaṭīkā RRSṬīkā zu RRS, 11, 24.2: 173 3;sā parpaṭītyucyate ||;!;;Ratnaṭīkā GaṇaKārṬīkā zu GaṇaKār, 6.1: 8 48;tad ubhayaṁ bhagavataḥ puruṣatvam ucyate ||;!;;Saṅghabhedavastu SBhedaV, 1: 1 128;sa teṣāṁ nigṛhītavyāṁś ca nigṛhṇāti pragṛhītavyāṁś ca ;!;;Śāṅkhāyanāraṇyaka ŚāĀr, 1, 3: 3 4;tasyoktaṁ brāhmaṇam ||;!;;Śāṅkhāyanāraṇyaka ŚāĀr, 3, 2: 28 5;taṁ yaḥ pratyāha tam atisṛjate ||;!;;Śāṅkhāyanāraṇyaka ŚāĀr, 7, 1: 77 3;tan mām avatu tad vaktāram avatvavatu mām avatu ;!;;Śāṅkhāyanāraṇyaka ŚāĀr, 8, 2: 101 5;yānyakṣarāṇyavocāmāhāni tāni ||;!;;Śāṅkhāyanāraṇyaka ŚāĀr, 8, 2: 101 7;yān saṁdhīn avocāmāhorātrāṇāṁ te saṁdhayaḥ ||;!;;Śāṅkhāyanāraṇyaka ŚāĀr, 8, 7: 106 5;sa yat karaṇīyaṁ manyeta tat kuryāt ||;!;;Śārṅgadharasaṁhitādīpikā ŚSDīp zu ŚdhSaṁh, 2, 12, 106.2: 73 4;tāni pūrvoktānīti sambandhaḥ ||;!;;Sūryaśatakaṭīkā Sūryaśatakaṭīkā zu SūryaŚ, 1, 3.2: 3 16;tena śramastasmājjātastamiva ||;!;;Suśrutasaṁhitā Su, 1, 1: 1 11;sa uvācaivam astv iti ||;!;;Suśrutasaṁhitā Su, 1, 1: 1 23;tadduḥkhasaṁyogā vyādhaya ucyante ||;!;;Tantrākhyāyikā TAkhy, 1: 1 167;ity uktvā sa sṛgālo .pakrāntaḥ ||;!;;Tantrākhyāyikā TAkhy, 1: 1 274;te tam āhuḥ ||;!;;Tantrākhyāyikā TAkhy, 1: 1 297;tatas tāv ūcatuḥ ||;!;;Tantrākhyāyikā TAkhy, 1: 1 610;tenoktaṁ ca ||;!;;Tantrākhyāyikā TAkhy, 2: 2 90;sā tam āha ||;!;;Tantrākhyāyikā TAkhy, 2: 2 263;tenoktaḥ ||;!;;Vaiśeṣikasūtravṛtti VaiSūVṛ zu VaiśSū, 2, 1, 18.1: 18 5;sa kathaṁ jñāyata ityucyate ||;!;;Vaiśeṣikasūtravṛtti VaiSūVṛ zu VaiśSū, 10, 20.1: 338 2;tasya cāmnāyāt samadhigama uktaḥ ||;!;;Viṁśatikāvṛtti ViṁVṛtti zu ViṁKār, 1, 20.1: 34 4;tenoktam ||;!;;Viṣṇupurāṇa ViPur, 4, 3: 59 30;sā tasya bhāryā citāṁ kṛtvā tam ;!;;Viṣṇupurāṇa ViPur, 4, 6: 62 70;evam uktās tāś cāpsarasa ūcuḥ ||;!;;Viṣṇupurāṇa ViPur, 4, 12: 68 36;sa ca tāṁ snuṣām upayeme ||;!;;Viṣṇupurāṇa ViPur, 4, 13: 69 87;evam uktaḥ so .py āha ||;!;;Viṣṇupurāṇa ViPur, 4, 20: 76 16;tataś ca tam ūcur brāhmaṇāḥ ||;!;;Viṣṇupurāṇa ViPur, 4, 20: 76 19;tatas te punar apy ūcuḥ ||;!;;Viṣṇupurāṇa ViPur, 4, 20: 76 27;tatas te brāhmaṇāḥ śaṁtanum ūcuḥ ||;!;;Viṣṇusmṛti ViSmṛ, 5: 5 133;tac ca teṣāṁ dadyāt ||;!;;Yogasūtra YS, 1: 1 28;tajjapas tadarthabhāvanam ||;!;;Yogasūtrabhāṣya YSBhā zu YS, 2, 24.1: 68 7;sa tām āha ||;!;;
RRSṬīkā zu RRS, 9, 30.2: 121;9 1;cūrṇīkṛtakarīṣāgnau bhūmāveva tu yatpuṭam |;
RRSṬīkā zu RRS, 9, 30.2: 121;9 2;dīyate tattu kṛtibhirgovaraṁ samudāhṛtam ||;
RRSṬīkā zu RRS, 9, 30.2: 121;10 1;iti ||;
RRSṬīkā zu RRS, 9, 35.3: 122;1 1;vālukāyantraṁ dvividhamāha surasāmiti ||;
RRSṬīkā zu RRS, 9, 35.3: 122;2 1;surasāṁ granthikoṭararekhādyabhāvena sulakṣaṇāṁ ||;
RRSṬīkā zu RRS, 9, 35.3: 122;3 1;gūḍhavaktrām akarālamukhām adrimṛtkarpaṭādinā |;
RRSṬīkā zu RRS, 9, 35.3: 122;4 1;tasyā garbhe bhāgatrayaṁ kajjalyādinā bheṣajena pūrayet ||;
RRSṬīkā zu RRS, 9, 35.3: 122;5 1;evaṁ sampūritāṁ tāṁ vitastigambhīre bhāṇḍe mṛnmaye |;
RRSṬīkā zu RRS, 9, 35.3: 122;6 1;pūraṇīyavālukāyā mānamapyāha tadbhāṇḍaṁ pūrayediti |;
RRSṬīkā zu RRS, 9, 35.3: 122;7 1;bhāṇḍodarasyāpi bhāgacatuṣṭayaṁ parikalpya tadbhāṇḍaṁ |;
RRSṬīkā zu RRS, 9, 35.3: 122;8 1;anyābhir avaśiṣṭaikabhāgamitābhir vālukābhiḥ kācakalaśīm |;
RRSṬīkā zu RRS, 9, 35.3: 122;9 1;kaṇṭhaparyantam ācchāditāṁ kuryādityarthaḥ ||;
RRSṬīkā zu RRS, 9, 35.3: 122;10 1;bhāṇḍamukhaṁ ca maṇikayā |;
RRSṬīkā zu RRS, 9, 35.3: 122;11 1;tatpacanakālamānam āha tṛṇasyeti ||;
RRSṬīkā zu RRS, 9, 35.3: 122;12 1;maṇikāpṛṣṭhe prakṣiptatṛṇadāhaparyantaṁ pacet ||;
RRSṬīkā zu RRS, 9, 35.3: 122;13 1;tṛṇadāhetyupalakṣaṇam ||;
RRSṬīkā zu RRS, 9, 35.3: 122;14 1;sindūrarasādau raktavarṇotpattiparyantamapi |;
RRSṬīkā zu RRS, 9, 35.3: 122;15 1;sa ca varṇo jñeyaḥ ||;Āyurvedadīpikā ĀVDīp zu Ca, Śār., 1, 62.2: 232 5;taccaivaṁbhūtaṁ nityamavyaktaṁ jñeyam ||;!;;Divyāvadāna Divyāv, 2: 2 324;sa tenāvaśyaṁ nirbandhaṁ jñātvānujñātaḥ ||;!;;Divyāvadāna Divyāv, 18: 18 418;sa ca sumatistatsthānamanusaṁprāptaḥ ||;!;;Nibandhasaṁgraha NiSaṁ zu Su, Sū., 14, 17.1: -1 6;baliṁ tasmāt tena ca tadyathā eva iti ||;!;;Pañcārthabhāṣya PABh zu PāśupSūtra, 4, 8: 106 16;taducyate taṁ guṇaṁ jñātvā vakṣyāmaḥ ||;!;;Rājanighaṇṭu RājNigh, 21: 21 141;jalapārāvataḥ kāmī jñeyo galaravaśca saḥ ||;!;;Rasaratnasamuccayaṭīkā RRSṬīkā zu RRS, 3, 116.2: 17 2;sa ca pītavarṇaḥ ||;!;;Saṅghabhedavastu SBhedaV, 1: 1 128;sa teṣāṁ nigṛhītavyāṁś ca nigṛhṇāti pragṛhītavyāṁś ca ;!;;Viṣṇupurāṇa ViPur, 4, 12: 68 36;sa ca tāṁ snuṣām upayeme ||;!;;Viṣṇusmṛti ViSmṛ, 5: 5 133;tac ca teṣāṁ dadyāt ||;!;;Viṣṇusmṛti ViSmṛ, 96: 96 8;teṣāṁ ca tasyādbhiḥ śuddhiḥ syāt ||;!;;
RRSṬīkā zu RRS, 9, 35.3: 122;16 1;kūpīmukhād udgataraktavarṇabāṣpadarśaneneti bodhyam |;
RRSṬīkā zu RRS, 9, 39.2: 123;1 1;antaḥ kṛtarasālepa iti ||;
RRSṬīkā zu RRS, 9, 39.2: 123;2 1;ālepa ityupalakṣaṇam ||;Āyurvedadīpikā ĀVDīp zu Ca, Vim., 8, 7.2: 200 11;ityadhyayanavidhiriti upasaṁharaṇam ||;!;;Gopathabrāhmaṇa NEW GB, 1, 2, 2: 41 23;iti veti vā mukhaṁ viparidhāpayet ||;!;;Nibandhasaṁgraha NiSaṁ zu Su, Cik., 29, 12.32: -1 16;eveti ityatra anutsvādayan ||;!;;Nibandhasaṁgraha NiSaṁ zu Su, Sū., 1, 24.1: -1 4;ityāha prākkila vyālā iti vyākhyātāḥ ||;!;;Parāśarasmṛtiṭīkā Parāśarasmṛtiṭīkā zu ParDhSmṛti, 2, 15.2: 16 312;brāhmaṇeṣviti svasvajātīyopalakṣaṇam ||;!;;Rasādhyāyaṭīkā RAdhyṬ zu RAdhy, 237.2: 46 6;iti vyoṣarājiḥ kāṁsyarājir ityarthaḥ ||;!;;Rasaratnasamuccayaṭīkā RRSṬīkā zu RRS, 8, 7.2: 56 5;niṣkārdhetyupalakṣaṇaṁ gṛhītakiṁcinmānasya ||;!;;Rasaratnasamuccayaṭīkā RRSṬīkā zu RRS, 9, 35.3: 122 13;tṛṇadāhetyupalakṣaṇam ||;!;;Rasaratnasamuccayaṭīkā RRSṬīkā zu RRS, 9, 39.2: 123 1;antaḥ kṛtarasālepa iti ||;!;;Rasendracintāmaṇi RCint, 3: 3 148;ardhenetyupalakṣaṇam ||;!;;Śāṅkhāyanāraṇyaka ŚāĀr, 5, 3: 51 11;ityevaṁ hi paśyāma iti ||;!;;
RRSṬīkā zu RRS, 9, 39.2: 123;3 1;mṛdbhāṇḍe kharparasamāne viśālamukhe.ntastale nyubjaṁ |;
RRSṬīkā zu RRS, 9, 39.2: 123;4 1;evaṁvidhamapi yantraṁ lavaṇayantrākhyametad |;
RRSṬīkā zu RRS, 9, 41.2: 124;1 1;atha bhūdharayantramāha vāluketi ||;
RRSṬīkā zu RRS, 9, 41.2: 124;2 1;garte rājahastamātragambhīre garte hastamātrāyāmavistāre |;
RRSṬīkā zu RRS, 9, 41.2: 124;3 1;samantato vanyopalairācchādya jvālayedityarthaḥ ||;
RRSṬīkā zu RRS, 9, 41.2: 124;4 1;atra pāradasya yantraṇamātraṁ vālukāyāṁ bhūmāveva |;
RRSṬīkā zu RRS, 9, 41.2: 124;5 1;bhūdharapuṭe tu na vālukāsaṁbandhaḥ ||;
RRSṬīkā zu RRS, 9, 41.2: 124;6 1;iti trayāṇāṁ yantrapuṭānāṁ viśeṣo bodhyaḥ ||;
RRSṬīkā zu RRS, 9, 42.2: 125;1 1;atha puṭayantramāha śarāveti ||;Rasaratnasamuccayabodhinī RRSBoṬ zu RRS, 9, 42.2: 132 1;puṭayantramāha śarāveti ||;!;;
RRSṬīkā zu RRS, 9, 42.2: 125;2 1;bhūmitale karīṣarāśiṁ kṛtvā tatra śarāvasaṁpuṭitaṁ |;
RRSṬīkā zu RRS, 9, 42.2: 125;3 1;atyantasaṁnihitāgnisaṁyogāt ||;
RRSṬīkā zu RRS, 9, 42.2: 125;4 1;athavā cullyāṁ karīṣāgniṁ dattvādhiśritakharpare |;
RRSṬīkā zu RRS, 9, 42.2: 125;5 1;dūratarāgnisaṁyogāt ||;Āyurvedadīpikā ĀVDīp zu Ca, Vim., 1, 22.5: 180 1;saṁyogam āha saṁyogas tv ityādi ||;!;;Āyurvedadīpikā ĀVDīp zu Ca, 1, Cik., 4, 26.2: 348 6;agnisamāmiti agnyanurūpām ||;!;;Kauśikasūtra Kauśikasūtra, 2, 7: 16 13;agnim ityagnim ||;!;;Maitrāyaṇīsaṁhitā MS, 1, 2, 1: 3 15;agnā āyūṁṣi pavase .gnir ṛṣir agne pavasva ||;!;;Maitrāyaṇīsaṁhitā MS, 1, 2, 10: 12 2;agnir jyotir jyotir agniḥ svāhā ||;!;;Rasaratnasamuccayaṭīkā RRSṬīkā zu RRS, 9, 42.2: 125 3;atyantasaṁnihitāgnisaṁyogāt ||;!;;Vaiśeṣikasūtra VaiśSū, 7, 1: 13 5;agnisaṁyogācca ||;!;;
RRSṬīkā zu RRS, 9, 42.2: 125;6 1;evaṁ nyūnādhikaḥ pacanakālo |;
RRSṬīkā zu RRS, 9, 43.2: 126;1 1;atha koṣṭhīyantramāha ṣoḍaśāṅguleti ||;
RRSṬīkā zu RRS, 9, 43.2: 126;2 1;dhātusattveti ||;Arthaśāstra ArthaŚ, 2, 12: 33 7;sarvadhātūnāṁ gauravavṛddhau sattvavṛddhiḥ ||;!;;Āyurvedadīpikā ĀVDīp zu Ca, Sū., 27, 3: 96 17;dhātuvyūho dhātusaṁghātaḥ ||;!;;Āyurvedadīpikā ĀVDīp zu Ca, Vim., 8, 7.2: 200 11;ityadhyayanavidhiriti upasaṁharaṇam ||;!;;Gopathabrāhmaṇa NEW GB, 1, 1, 26: 26 1;ko dhātur iti ||;!;;Gopathabrāhmaṇa NEW GB, 1, 2, 2: 41 23;iti veti vā mukhaṁ viparidhāpayet ||;!;;Gūḍhārthadīpikā ŚGDīp zu ŚdhSaṁh, 2, 11, 78.2: 35 3;dhamanāddhātava iti nirukteḥ ||;!;;Gūḍhārthadīpikā ŚGDīp zu ŚdhSaṁh, 2, 12, 23.2: 48 3;dhātucaraṁ dhātugrasanaśāli ||;!;;Mugdhāvabodhinī MuA zu RHT, 19, 33.2: 338 18;iti satvābhrakriyā ||;!;;Nāṭyaśāstravivṛti NŚVi zu NāṭŚ, 6, 72.2: 3 33;sattvasamutthamiti ||;!;;Nibandhasaṁgraha NiSaṁ zu Su, Śār., 3, 17.2: -1 1;kathayāmīti pratipādayannāha vardhamānaśarīradhātūnāṁ ;!;;Nibandhasaṁgraha NiSaṁ zu Su, Cik., 29, 12.32: -1 16;eveti ityatra anutsvādayan ||;!;;Nibandhasaṁgraha NiSaṁ zu Su, Sū., 1, 24.1: -1 4;ityāha prākkila vyālā iti vyākhyātāḥ ||;!;;Nibandhasaṁgraha NiSaṁ zu Su, Sū., 45, 142.2: -1 3;kuṣṭhānīti sarvadhātusnehaparamparārūpeṇa ;!;;Nirukta Nirukta, 1, 2: 2 9;astītyutpannasya sattvasyāvadhāraṇam ||;!;;Rasādhyāyaṭīkā RAdhyṬ zu RAdhy, 237.2: 46 6;iti vyoṣarājiḥ kāṁsyarājir ityarthaḥ ||;!;;Rasādhyāyaṭīkā RAdhyṬ zu RAdhy, 249.2: 49 4;iti khāparasattvapātanavidhiḥ ||;!;;Rasādhyāyaṭīkā RAdhyṬ zu RAdhy, 253.2: 50 4;iti śilāsattvapātanavidhiḥ ||;!;;Rasaratnasamuccayabodhinī RRSBoṬ zu RRS, 8, 70.2: 97 1;dīpanamāha dhātviti ||;!;;Śāṅkhāyanāraṇyaka ŚāĀr, 5, 3: 51 11;ityevaṁ hi paśyāma iti ||;!;;Sūryaśatakaṭīkā Sūryaśatakaṭīkā zu SūryaŚ, 1, 13.2: 13 3;anekārthatvāddhātūnāmiti ||;!;;
RRSṬīkā zu RRS, 9, 43.2: 126;3 1;viśiṣṭadhātūnāṁ tāpyagairikavimalādīnām |;
RRSṬīkā zu RRS, 9, 43.2: 126;4 1;asyāṁ koṣṭhyāṁ madhya ucitāṁ dhātugarbhitāṁ |;
RRSṬīkā zu RRS, 9, 43.2: 126;5 1;laghubhastrikādinetyarthaḥ ||;
RRSṬīkā zu RRS, 9, 43.2: 126;6 1;koṣṭhīyantre sattvanipātanārhā dhātava udāhṛtāśca rasasāre vaikrāntaṁ sasyakaṁ tāpyaṁ kāntābhre vimalaṁ giriḥ |;
RRSṬīkā zu RRS, 9, 43.2: 126;6 2;gairikā tutthakaṁ caiva rājāvarto viśeṣataḥ ||;
RRSṬīkā zu RRS, 9, 43.2: 126;7 1;eṣām uparasānāṁ ca koṣṭhe sattvanipātanam |;
RRSṬīkā zu RRS, 9, 43.2: 126;7 2;iti ||;
RRSṬīkā zu RRS, 9, 46.3: 127;1 1;atha khalacarīyantramāha yatreti ||;
RRSṬīkā zu RRS, 9, 46.3: 127;2 1;yantrabhūte lohapātra ābhyantaropakaṇṭhe pārśvayor |;
RRSṬīkā zu RRS, 9, 46.3: 127;3 1;valayamadhye tu praveśārhakoṣṭhakaṁ lauhaṁ |;
RRSṬīkā zu RRS, 9, 46.3: 127;4 1;tena pārada utthāya kāñjikadrave praviśya tiṣṭhati ata |;
RRSṬīkā zu RRS, 9, 46.3: 127;5 1;mūrchito rasa utthāya khale.ṅgaṇe carituṁ śaknotyaneneti |;
RRSṬīkā zu RRS, 9, 46.3: 127;6 1;atra yatsvalpaṁ pātraṁ tatkāntamayaṁ kṛtvā yantre |;
RRSṬīkā zu RRS, 9, 46.3: 127;7 1;uktaṁ ca rasārṇave |;
RRSṬīkā zu RRS, 9, 46.3: 127;7 2;na sūtena vinā kāntaṁ na kāntena vinā rasaḥ |;
RRSṬīkā zu RRS, 9, 46.3: 127;7 3;kāntasūtasamāyogāt prayogo dehadhārakaḥ ||;
RRSṬīkā zu RRS, 9, 46.3: 127;8 1;iti ||;
RRSṬīkā zu RRS, 9, 49.2: 128;1 1;atha tiryakpātanayantramāha kṣipedrasamiti ||;
RRSṬīkā zu RRS, 9, 49.2: 128;2 1;natādhonāleti |;
RRSṬīkā zu RRS, 9, 49.2: 128;3 1;anyaghaṭaḥ pārśve nimnadeśe sthitaḥ ||;
RRSṬīkā zu RRS, 9, 49.2: 128;4 1;tato ghaṭayorvadane ruddhvā pidhānābhyāṁ pidhāya |;
RRSṬīkā zu RRS, 9, 49.2: 128;5 1;ghaṭāntare tāpotpattiparyantaṁ pāradaśuddhyartham |;
RRSṬīkā zu RRS, 9, 50.2: 129;1 1;pālikāyantramāha caṣakamiti ||;Rasaratnasamuccayabodhinī RRSBoṬ zu RRS, 9, 50.2: 136 1;pālikāyantramāha caṣakamiti ||;GOOD;;
RRSṬīkā zu RRS, 9, 50.2: 129;2 1;caṣakaṁ darvīsamānaṁ pātram ||;
RRSṬīkā zu RRS, 9, 50.2: 129;3 1;tattu na tiryagdaṇḍaṁ kiṁtu vinatāgra ucchrito daṇḍo |;
RRSṬīkā zu RRS, 9, 50.2: 129;4 1;etadyantraṁ sadhūmagandhakajāraṇopayogi tathā |;
RRSṬīkā zu RRS, 9, 55.2: 130;1 1;atheṣṭikāyantraṁ lakṣayati nidhāya vartulāmiti ||;
RRSṬīkā zu RRS, 9, 55.2: 130;2 1;mallaṁ gambhīrodaraṁ kṣudraṁ mṛnmayaṁ pātraṁ |;
RRSṬīkā zu RRS, 9, 55.2: 130;3 1;iṣṭikayā pāradasya yantraṇād etadyantram |;
RRSṬīkā zu RRS, 9, 55.2: 130;4 1;tena nirdhūmagandhakajāraṇaṁ kuryāt ||;
RRSṬīkā zu RRS, 9, 55.2: 130;5 1;jīrṇe ca gandhake pārado raktavarṇo bhavet ||;
RRSṬīkā zu RRS, 9, 55.2: 130;6 1;atra drutapārade gandhakajāraṇāyāṁ gartāsye |;
RRSṬīkā zu RRS, 9, 55.2: 130;7 1;yatra tu baddhasya rasasya gandhakajāraṇā kartavyā |;
RRSṬīkā zu RRS, 9, 56.3: 131;1 1;atha hiṅgulākṛṣṭividyādharayantramāha sthālikopari |;
RRSṬīkā zu RRS, 9, 56.3: 131;2 1;antastale nihitaśuṣkahiṅgulāyā viśālamukhāyāḥ sthālikāyā |;
RRSṬīkā zu RRS, 9, 56.3: 131;3 1;adhaścullyāṁ vahniṁ jvālayetpraharatrayaparyantam ||;
RRSṬīkā zu RRS, 9, 56.3: 131;4 1;etadyantraṁ pāradasya hiṅgulād viyujyordhvapātratala |;
RRSṬīkā zu RRS, 9, 56.3: 131;5 1;etadākṛṣṭarasasya ṣoḍaśādhyāye |;
RRSṬīkā zu RRS, 9, 57.2: 132;1 1;atha ḍamaruyantramāha |;
RRSṬīkā zu RRS, 9, 57.2: 132;2 1;mṛtkarpaṭādinā saṁdhirodhaṁ kuryāt ||;
RRSṬīkā zu RRS, 9, 57.2: 132;3 1;yantrasyādhastād agniḥ kāryaḥ ||;
RRSṬīkā zu RRS, 9, 57.2: 132;4 1;etad yantraṁ ḍamarukākhyam |;
RRSṬīkā zu RRS, 9, 64.3: 133;1 1;atha nābhiyantramāha mallamadhya iti ||;Rasaratnasamuccayabodhinī RRSBoṬ zu RRS, 9, 64.3: 140 1;nābhiyantramāha mallamadhye iti ||;!;;
RRSṬīkā zu RRS, 9, 64.3: 133;2 1;dṛḍhasthūlavistṛtamṛtpātramadhye gartaṁ kuryāt ||;
RRSṬīkā zu RRS, 9, 64.3: 133;3 1;tatra pāradaṁ gandhakaṁ ca nidadhyāt ||;
RRSṬīkā zu RRS, 9, 64.3: 133;4 1;tato gartasya samantato.ṅgulocchrāyaṁ kuḍyākāraṁ |;
RRSṬīkā zu RRS, 9, 64.3: 133;5 1;tatastaṁ gartaṁ gostanākāramūṣayā nyubjayā pidadhyāt ||;
RRSṬīkā zu RRS, 9, 64.3: 133;6 1;atrocyamānayā toyamṛdākhyayā mṛdā saṁdhiṁ ruddhvā |;
RRSṬīkā zu RRS, 9, 64.3: 133;7 1;yantrasyādhastācca cullyāṁ vahniṁ |;
RRSṬīkā zu RRS, 9, 64.3: 133;8 1;atra jalamṛcchabdabodhārthaṁ jalamṛdaṁ tatprasaṅgācca |;
RRSṬīkā zu RRS, 9, 64.3: 133;9 1;ghanena babbūlatvakkaṣāyeṇa purāṇaṁ lohakiṭṭacūrṇaṁ |;
RRSṬīkā zu RRS, 9, 64.3: 133;10 1;atha khaṭikāśvetacūrṇadravyaṁ khaḍū cāsa iti vākhyātam |;
RRSṬīkā zu RRS, 9, 64.3: 133;11 1;paṭu saindhavam ||;
RRSṬīkā zu RRS, 9, 64.3: 133;12 1;lohakiṭṭaṁ ca sarvametanmithaḥ samaṁ gṛhītvā |;
RRSṬīkā zu RRS, 9, 64.3: 133;13 1;iyaṁ ca tīkṣṇaṁ vahnipātaṁ sahata ityanvarthākhyā ||;
RRSṬīkā zu RRS, 9, 64.3: 133;14 1;etayā ruddho rasastaruṇyā kṛtasnehena baddhaḥ puruṣaḥ |;
RRSṬīkā zu RRS, 9, 64.3: 133;15 1;asya yantrasya jalayantramiti nāmāntaraṁ kecidvadanti ||;
RRSṬīkā zu RRS, 9, 64.3: 133;16 1;pāṣāṇabhedirasavidhāvasyopayogaṁ vakṣyati ||;
RRSṬīkā zu RRS, 9, 64.3: 133;17 1;rasasāre pāradabandhanārthamapyasya |;
RRSṬīkā zu RRS, 9, 65.3: 134;1 1;atha grastayantramāha mūṣāmiti ||;Rasaratnasamuccayabodhinī RRSBoṬ zu RRS, 9, 65.3: 141 1;grastayantramāha mūṣāmiti ||;!;;Rasaratnasamuccayaṭīkā RRSṬīkā zu RRS, 10, 25.2: 148 1;atha gostanamūṣāmāha mūṣāyā iti ||;!;;
RRSṬīkā zu RRS, 9, 65.3: 134;2 1;sthūlamūṣodare praveśayogyām ādyantamadhyabhāgeṣu |;
RRSṬīkā zu RRS, 9, 65.3: 134;3 1;etadyantraṁ grastayantramiti khyātam ||;
RRSṬīkā zu RRS, 9, 65.3: 134;4 1;anena hi svodare ruddhagatiḥ pārado grastaḥ pīḍito |;
RRSṬīkā zu RRS, 9, 65.3: 134;5 1;kajjalīkṛtaṁ bheṣajāntareṇa saṁmarditaṁ vā pāradaṁ |;
RRSṬīkā zu RRS, 9, 65.3: 134;6 1;randhraṇaṁ bandhanam ||;
RRSṬīkā zu RRS, 9, 66.2: 135;1 1;atha sthālīyantramāha sthālyāmiti ||;
RRSṬīkā zu RRS, 9, 66.2: 135;2 1;sthālyāṁ mṛnmayapātryāṁ tāmralohādi nikṣipya mallena |;
RRSṬīkā zu RRS, 9, 73.2: 136;1 1;atha dhūpayantramāha vidhāyeti ||;Rasaratnasamuccayabodhinī RRSBoṬ zu RRS, 9, 73.2: 142 1;dhūpayantramāha vidhāyeti ||;!;;
RRSṬīkā zu RRS, 9, 73.2: 136;2 1;atra yathoktamānaṁ lauhaṁ pātraṁ vidhāya tatkaṇṭhādho |;
RRSṬīkā zu RRS, 9, 73.2: 136;3 1;jaḍadravyasya dhāraṇārtham āśrayabhūtaṁ pātraṁ |;
RRSṬīkā zu RRS, 9, 73.2: 136;4 1;tatra lohaśalākāstiryaṅnidhāya tatra svarṇapatrāṇi vinyaset |;
RRSṬīkā zu RRS, 9, 73.2: 136;5 1;teṣāmadhobhāge vakṣyamāṇaṁ dhūmadravyaṁ nikṣipet ||;
RRSṬīkā zu RRS, 9, 73.2: 136;6 1;tato yantrapātram apareṇa nyubjapātreṇa chādayet ||;
RRSṬīkā zu RRS, 9, 73.2: 136;7 1;mṛdā saṁdhilepaṁ kṛtvā yantrasyādhastādvahniṁ kuryāt |;
RRSṬīkā zu RRS, 9, 73.2: 136;8 1;uktavidhānena hatāni patrāṇi kṛṣṇāni bhavanti ||;
RRSṬīkā zu RRS, 9, 73.2: 136;9 1;tatastāni sarase taptakhalve yathāvidhi mardanena pārado |;
RRSṬīkā zu RRS, 9, 73.2: 136;10 1;bhakṣitāni ca tāni pāradodare śīghraṁ dravanti ||;
RRSṬīkā zu RRS, 9, 73.2: 136;11 1;atra dhūpadravyamāha ||;
RRSṬīkā zu RRS, 9, 73.2: 136;12 1;pāradena sākaṁ gandhakaharitālamanaḥśilānām |;
RRSṬīkā zu RRS, 9, 73.2: 136;13 1;tārārthaṁ dhūpanaṁ tūcyata iti śeṣaḥ ||;
RRSṬīkā zu RRS, 9, 73.2: 136;14 1;tadāha tārapatrāṇyuktakajjalyā mṛtena vaṅgena dhūpayet |;
RRSṬīkā zu RRS, 9, 73.2: 136;15 1;yathāyogyair māraṇayogyair uparasair |;
RRSṬīkā zu RRS, 9, 73.2: 136;16 1;jāraṇādravasādhanaṁ patrāṇāṁ |;
RRSṬīkā zu RRS, 9, 75.2: 137;1 1;prāguktaṁ svedanīyantrameva kandukayantranāmnāha |;
RRSṬīkā zu RRS, 9, 75.2: 137;2 1;anye manīṣiṇo dhīrā vakṣyamāṇaprakāreṇa prāhuḥ yadveti |;
RRSṬīkā zu RRS, 9, 75.2: 137;3 1;tatkandukayantramiti ||;Āpastambagṛhyasūtra ĀpGṛSū, 12: 11 9;tasmā anvāha tat savitur iti ||;GOOD;;Arthaśāstra ArthaŚ, 1, 4: 4 15;sa tena guptaḥ prabhavati iti ||;GOOD;;Aṣṭādhyāyī Aṣṭādhyāyī, 5, 1: 17 16;tad asya tad asmin syād iti ||;GOOD;;Pañcārthabhāṣya PABh zu PāśupSūtra, 4, 12: 110 7;sa teṣām iṣṭāpūrtam ādatteti ||;GOOD;;Pāraskaragṛhyasūtra Pāraskaragṛhyasūtra, 1, 8: 6 13;tasmāt tayor grāmaḥ pramānam iti śruteḥ ||;GOOD;;Aitareyabrāhmaṇa AitBr, 1, 4: 4 5;tattan nādṛtyam ||;!;;Aitareyabrāhmaṇa AitBr, 1, 11: 11 2;tat tan nādṛtyam ||;!;;Aitareyabrāhmaṇa AitBr, 2, 22: 52 2;tat tan nādṛtyam ||;!;;Aitareyabrāhmaṇa AitBr, 3, 18: 89 10;tat tan nādṛtyam ||;!;;Arthaśāstra ArthaŚ, 1, 10: 10 10;tenodvegena rājā tān avarundhyāt ||;!;;Arthaśāstra ArthaŚ, 1, 15: 15 24;te yathā brūyustat kuryāt ||;!;;Arthaśāstra ArthaŚ, 1, 15: 15 55;sa taccakṣuḥ ||;!;;Aṣṭādhyāyī Aṣṭādhyāyī, 1, 1: 1 66;tasmin iti nirdiṣṭe pūrvasya ||;!;;Aṣṭādhyāyī Aṣṭādhyāyī, 1, 1: 1 67;tasmād ityuttarasya ||;!;;Aṣṭādhyāyī Aṣṭādhyāyī, 2, 2: 6 27;tatra tenedam iti sarūpe ||;!;;Aṣṭādhyāyī Aṣṭādhyāyī, 2, 2: 6 28;tena saheti tulyayoge ||;!;;Aṣṭādhyāyī Aṣṭādhyāyī, 4, 2: 14 21;sā .smin paurṇamāsī iti sañjñāyām ||;!;;Aṣṭādhyāyī Aṣṭādhyāyī, 4, 2: 14 59;tad adhīte tad veda ||;!;;Aṣṭādhyāyī Aṣṭādhyāyī, 5, 2: 18 94;tad asya asty asminn iti matup ||;!;;Āyurvedadīpikā ĀVDīp zu Ca, Sū., 26, 84.19: 89 16;tadeveti hāridrakamāṁsam ||;!;;Āyurvedadīpikā ĀVDīp zu Ca, Sū., 1, 1: 1 37;tena adhīyate ityadhyāyaḥ ||;!;;Āyurvedadīpikā ĀVDīp zu Ca, Sū., 1, 18.1: 4 11;teṣāmiti rogāṇām ||;!;;Āyurvedadīpikā ĀVDīp zu Ca, Sū., 27, 12.2: 99 9;tasyeti mahāśāleḥ ||;!;;Āyurvedadīpikā ĀVDīp zu Ca, Sū., 1, 26.2: 8 11;teneti indrād gṛhītenāyurvedena ||;!;;Āyurvedadīpikā ĀVDīp zu Ca, Sū., 1, 29.2: 9 5;tad iti sāmānyādi ||;!;;Āyurvedadīpikā ĀVDīp zu Ca, Vim., 1, 20.5: 176 4;taditi okasātmyam ||;!;;Āyurvedadīpikā ĀVDīp zu Ca, Sū., 28, 7.9: 127 1;tannimittā iti hitāhāranimittāḥ ||;!;;Āyurvedadīpikā ĀVDīp zu Ca, Sū., 28, 7.9: 127 6;sadya iti tatkālam ||;!;;Āyurvedadīpikā ĀVDīp zu Ca, Sū., 28, 38.2: 143 6;tanmūlā iti rajastamomūlāḥ ||;!;;Āyurvedadīpikā ĀVDīp zu Ca, Śār., 1, 36.2: 217 3;tābhyām iti rajastamobhyām ||;!;;Āyurvedadīpikā ĀVDīp zu Ca, Śār., 1, 57.2: 229 6;tamṛta iti saṁyogaṁ vinā ||;!;;Āyurvedadīpikā ĀVDīp zu Ca, Vim., 8, 7.2: 200 11;ityadhyayanavidhiriti upasaṁharaṇam ||;!;;Āyurvedadīpikā ĀVDīp zu Ca, Śār., 1, 139.2: 270 5;tad ubhayamiti sukhaduḥkhe ||;!;;Baudhāyanadharmasūtra BaudhDhSū, 1, 3: 3 43;tayos tad eva pāvanam ||;!;;Baudhāyanagṛhyasūtra BaudhGS, 1, 1: 2 41;tāḥ pibati amṛtāpidhānam asi iti ||;!;;Bṛhadāraṇyakopaniṣad BĀU, 3, 9: 21 36;tiṣṭhamānasya tadvida iti ||;!;;Commentary on the Kādambarīsvīkaraṇasūtramañjarī KādSvīSComm zu KādSvīS, 17.1: 17 1;taditarāvasthāyām iti ||;!;;Commentary on the Kādambarīsvīkaraṇasūtramañjarī KādSvīSComm zu KādSvīS, 21.1: 21 1;taditareṣām iti ||;!;;Daśakumāracarita DKCar, 2, 2: 7 254;tatkimatra pratividheyam iti ||;!;;Daśakumāracarita DKCar, 2, 2: 7 343;tadiyamatra pratipattiḥ iti ||;!;;Daśakumāracarita DKCar, 2, 3: 8 178;akūjacaca sā taṁ janaṁ kṛtāntadṛtīvāhvayantī ||;!;;Daśakumāracarita DKCar, 2, 6: 11 6;sa tu tasyāḥ pāṇigrāhakamanujīviṣyati ||;!;;Daśakumāracarita DKCar, 2, 7: 12 40;sā kā syādgatiḥ iti ||;!;;Daśakumāracarita DKCar, 2, 8: 13 34;sa tathā ityadhīte ||;!;;Daśakumāracarita DKCar, 2, 8: 13 176;suśrutaḥ ityukte so .tyahṛṣyat ||;!;;Divyāvadāna Divyāv, 1: 1 89;sā tenātyayam atyayataḥ kṣamāpitā ||;!;;Divyāvadāna Divyāv, 1: 1 139;tān dṛṣṭvā tasya kāruṇyamutpannam ||;!;;Divyāvadāna Divyāv, 1: 1 142;sa tānutsṛjya padbhyāṁ samprasthitaḥ ||;!;;Divyāvadāna Divyāv, 1: 1 145;sa tasya sakāśamupasaṁkrāntaḥ ||;!;;Divyāvadāna Divyāv, 1: 1 167;sa tasya sakāśamupasaṁkrāntaḥ ||;!;;Divyāvadāna Divyāv, 1: 1 190;sa tairdūrata eva dṛṣṭaḥ ||;!;;Divyāvadāna Divyāv, 1: 1 191;te taṁ pratyavabhāṣitumārabdhāḥ ||;!;;Divyāvadāna Divyāv, 1: 1 194;sa taiḥ snāpito bhojitaḥ ||;!;;Divyāvadāna Divyāv, 1: 1 239;sa tena snāpito bhojitaḥ ||;!;;Divyāvadāna Divyāv, 1: 1 325;tena tasyāḥ pratijñātam ||;!;;Divyāvadāna Divyāv, 1: 1 328;sa tasminneva vimāne uṣitaḥ ||;!;;Divyāvadāna Divyāv, 1: 1 341;sa tasyaurabhrikasya sakāśamupasaṁkrāntaḥ ||;!;;Divyāvadāna Divyāv, 1: 1 369;sa tasyā veśyāyāḥ sakāśamupasaṁkrāntaḥ ||;!;;Divyāvadāna Divyāv, 1: 1 397;sa taiḥ svareṇa pratyabhijñātaḥ ||;!;;Divyāvadāna Divyāv, 1: 1 428;sa tenopasaṁpāditaḥ ||;!;;Divyāvadāna Divyāv, 1: 1 494;taiḥ sa dvāre baddhvā sthāpitaḥ ||;!;;Divyāvadāna Divyāv, 1: 1 508;tena te karapratyāyāḥ samucchinnāḥ ||;!;;Divyāvadāna Divyāv, 2: 2 11;tasya bhavatrāta iti nāmadheyaṁ vyavasthāpitam ||;!;;Divyāvadāna Divyāv, 2: 2 13;tasya bhavanandīti nāmadheyaṁ vyavasthāpitam ||;!;;Divyāvadāna Divyāv, 2: 2 23;tasya bhaiṣajyam vyapadiśeti ||;!;;Divyāvadāna Divyāv, 2: 2 31;tadasyāḥ pratyupakāraḥ kartavya iti ||;!;;Divyāvadāna Divyāv, 2: 2 39;tayā tasyārocitam ||;!;;Divyāvadāna Divyāv, 2: 2 83;sa kathayati agniṁ prajvālayateti ||;!;;Divyāvadāna Divyāv, 2: 2 120;tābhiḥ sā pṛṣṭā tayā samākhyātam ||;!;;Divyāvadāna Divyāv, 2: 2 126;vayaṁ tayā sārdhaṁ gacchāma iti ||;!;;Divyāvadāna Divyāv, 2: 2 183;sa tamādāya vīthīṁ samprasthitaḥ ||;!;;Divyāvadāna Divyāv, 2: 2 188;sa tat kāṣṭhaṁ nirīkṣitumārabdhaḥ ||;!;;Divyāvadāna Divyāv, 2: 2 219;tena tāstisro gaṇḍikā darśitāḥ ||;!;;Divyāvadāna Divyāv, 2: 2 307;tena te śrutāḥ ||;!;;Divyāvadāna Divyāv, 2: 2 419;sa tābhyāṁ mānaṁ grāhitaḥ ||;!;;Divyāvadāna Divyāv, 2: 2 446;tameva śaraṇaṁ prapadyāma iti ||;!;;Divyāvadāna Divyāv, 3: 3 53;tasya mahāpraṇāda iti nāmadheyaṁ vyavasthāpitam ||;!;;Divyāvadāna Divyāv, 3: 3 106;sa tān māṇavakān maitreyāya anupradāsyati ||;!;;Divyāvadāna Divyāv, 3: 3 167;tasyāyamanubhāva iti ||;!;;Divyāvadāna Divyāv, 7: 7 33;sa tasyāḥ sakāśamupasaṁkrāntaḥ ||;!;;Divyāvadāna Divyāv, 7: 7 41;sā tāmapanetumārabdhā ||;!;;Divyāvadāna Divyāv, 7: 7 42;tasyāstasminnācāme .ṅguliḥ patitā ||;!;;Divyāvadāna Divyāv, 7: 7 86;sā tuṣite deve upapannā iti ||;!;;Divyāvadāna Divyāv, 7: 7 140;sa tasya kṣetraṁ rakṣitumārabdhaḥ ||;!;;Divyāvadāna Divyāv, 7: 7 149;sā tāmādāya gatā ||;!;;Divyāvadāna Divyāv, 7: 7 155;sa kathayati sthāpayitvā gacchasveti ||;!;;Divyāvadāna Divyāv, 7: 7 192;sa tayā prajvalitaḥ pradīpaḥ prajvalatyeva ||;!;;Divyāvadāna Divyāv, 8: 8 129;iti sa kāladharmeṇa saṁyuktaḥ ||;!;;Divyāvadāna Divyāv, 9: 9 36;tadupāyasaṁvidhānaṁ kartavyamiti ||;!;;Divyāvadāna Divyāv, 11: 11 24;sa kathayati pratimokṣyāmi bhagavanniti ||;!;;Divyāvadāna Divyāv, 12: 12 134;tena tatheti pratijñātam ||;!;;Divyāvadāna Divyāv, 12: 12 141;taistatheti pratijñātam ||;!;;Divyāvadāna Divyāv, 12: 12 149;taistatheti pratijñātam ||;!;;Divyāvadāna Divyāv, 12: 12 176;tat tasyopari nipatitam ||;!;;Divyāvadāna Divyāv, 13: 13 49;tasya svāgata iti nāmadheyaṁ vyavasthāpitam ||;!;;Divyāvadāna Divyāv, 13: 13 114;sā tava yogodvahanaṁ kariṣyatīti ||;!;;Divyāvadāna Divyāv, 13: 13 148;sa tayā mukhabimbakena pratyabhijñātaḥ ||;!;;Divyāvadāna Divyāv, 13: 13 157;tayā gatvā tasyāḥ pracchannaṁ kathitam ||;!;;Divyāvadāna Divyāv, 13: 13 188;iti viditvā tayāpyupekṣitaḥ ||;!;;Divyāvadāna Divyāv, 13: 13 208;paścāt tān bhojayiṣyāmīti ||;!;;Divyāvadāna Divyāv, 13: 13 213;paścāt tān bhojayiṣyāmīti ||;!;;Divyāvadāna Divyāv, 13: 13 244;gaccha taṁ śabdāpayeti ||;!;;Divyāvadāna Divyāv, 13: 13 299;tasya tannīlakṛtsnam āmukhībhūtam ||;!;;Divyāvadāna Divyāv, 13: 13 487;sa gṛhapatistaṁ dṛṣṭvā paryavasthitaḥ ||;!;;Divyāvadāna Divyāv, 13: 13 497;sa tasyānugrahārthamavatīrṇaḥ ||;!;;Divyāvadāna Divyāv, 17: 17 326;taiḥ sa rājā dṛṣṭa āgacchan ||;!;;Divyāvadāna Divyāv, 18: 18 136;tasya dharmarucīti nāma pratiṣṭhāpitam ||;!;;Divyāvadāna Divyāv, 18: 18 212;tena tadapi bhuktam ||;!;;Divyāvadāna Divyāv, 18: 18 364;tasya pūjāṁ kariṣyāma iti ||;!;;Divyāvadāna Divyāv, 18: 18 390;sa tān dṛṣṭvā pratibuddhaḥ ||;!;;Divyāvadāna Divyāv, 19: 19 148;tasya jyotiṣka iti nāmadheyaṁ vyavasthāpitam ||;!;;Divyāvadāna Divyāv, 19: 19 232;taistad dṛṣṭam ||;!;;Divyāvadāna Divyāv, 19: 19 242;tadasya manorathaṁ pūrayāmīti ||;!;;Divyāvadāna Divyāv, 19: 19 273;sa tāṁ gṛhītvā vīthīṁ gataḥ ||;!;;Divyāvadāna Divyāv, 19: 19 289;taiste punaḥ pratyavekṣitāḥ ||;!;;Divyāvadāna Divyāv, 19: 19 291;sa tairgṛhītaḥ ||;!;;Divyāvadāna Divyāv, 19: 19 313;sa taiḥ śabditaḥ ||;!;;Divyāvadāna Divyāv, 19: 19 338;tena tasya kārṣāpaṇasahasraṁ dattam ||;!;;Divyāvadāna Divyāv, 19: 19 351;tasyaivāgatasya dāsyāmīti ||;!;;Divyāvadāna Divyāv, 19: 19 404;sa taṁ tāḍayitumārabdhaḥ ||;!;;Divyāvadāna Divyāv, 19: 19 416;sa tasya gṛhaṁ gataḥ ||;!;;Divyāvadāna Divyāv, 19: 19 552;sa tena praveśitaḥ ||;!;;Gautamadharmasūtra GautDhS, 1, 1: 1 10;tad yasmāt sa ācāryaḥ ||;!;;Gautamadharmasūtra GautDhS, 1, 8: 8 7;tadapekṣas tadvṛttiḥ ||;!;;Gautamadharmasūtra GautDhS, 3, 3: 21 14;tasya ca pratigrahītetyeke ||;!;;Gopathabrāhmaṇa NEW GB, 1, 1, 2: 2 17;tasmāt trātīti putraḥ ||;!;;Gopathabrāhmaṇa NEW GB, 1, 1, 10: 10 17;tad iti purāṇavedāt ||;!;;Gopathabrāhmaṇa NEW GB, 1, 1, 23: 23 6;te tam abruvan ||;!;;Gopathabrāhmaṇa NEW GB, 1, 1, 31: 31 10;tam abhyuvācāsāv iti ||;!;;Gopathabrāhmaṇa NEW GB, 1, 1, 32: 32 21;tena yāhīti ||;!;;Gopathabrāhmaṇa NEW GB, 1, 2, 2: 41 23;iti veti vā mukhaṁ viparidhāpayet ||;!;;Gopathabrāhmaṇa NEW GB, 1, 2, 5: 44 14;tat ko veda iti ||;!;;Gopathabrāhmaṇa NEW GB, 1, 2, 15: 54 28;te pathirakṣayas ta iyakṣamāṇaṁ pratinudantaḥ ||;!;;Gopathabrāhmaṇa NEW GB, 1, 2, 18: 57 17;tenāśva abhiṣṭūyeteti ||;!;;Jaiminīyabrāhmaṇa JB, 1, 12: 5 7;tām annam akuruta tāṁ pratyudadīpyata ||;!;;Jaiminīyabrāhmaṇa JB, 1, 12: 5 12;tām annam akuruta tāṁ pratyudadīpyata ||;!;;Jaiminīyabrāhmaṇa JB, 1, 21: 14 8;taṁ vai ma āharateti ||;!;;Jaiminīyabrāhmaṇa JB, 3, 1: 22 12;tam odana iti parokṣam ācakṣate ||;!;;Kāmasūtra KāSū, 1, 2: 2 27;tatsarvaṁ kālakāritam iti ||;!;;Kāmasūtra KāSū, 5, 4: 26 18;tasyāstayaiva pratyuttarāṇi yojayet ||;!;;Kauśikasūtra Kauśikasūtra, 3, 2: 19 27;akṣitās ta iti yavamaṇim ||;!;;Kauśikasūtra Kauśikasūtra, 4, 3: 25 22;sūktānte te hatā iti ||;!;;Lalitavistara LalVis, 12: 12 23;sa tasyāstaṁ lekhamupanāmayati sma ||;!;;Mahābhārata MBh, 3, 190: 488 13;sā pratyuvāca |kanyāsmīti ||;!;;Maitrāyaṇīsaṁhitā MS, 1, 2, 13: 15 11;tām apṛcchat kim abhyagann iti ||;!;;Maitrāyaṇīsaṁhitā MS, 1, 2, 13: 15 18;tām apṛcchat kim abhyagann iti ||;!;;Maitrāyaṇīsaṁhitā MS, 1, 2, 13: 15 27;tām apṛcchat kim abhyagann iti ||;!;;Maitrāyaṇīsaṁhitā MS, 2, 1, 1: 18 10;tāṁ vai tasmai kāmāyālabhanta ||;!;;Mṛgendraṭīkā MṛgṬīkā zu MṛgT, Vidyāpāda, 5, 18.2: 116 4;iti tatsvarūpamuktam ||;!;;Mṛgendraṭīkā MṛgṬīkā zu MṛgT, Vidyāpāda, 8, 6.2: 159 7;sarvajñaḥ sa śivo yadvat |iti ||;!;;Mṛgendraṭīkā MṛgṬīkā zu MṛgT, Vidyāpāda, 10, 26.1: 205 1;kiṁ tadityāha ||;!;;Mṛgendraṭīkā MṛgṬīkā zu MṛgT, Vidyāpāda, 11, 20.2: 232 2;ke ta ityāha ||;!;;Mugdhāvabodhinī MuA zu RHT, 4, 5.2: 69 6;sa pakṣacchinnaḥ sūta iti ||;!;;Nāṭyaśāstravivṛti NŚVi zu NāṭŚ, 6, 66.2: 2 25;omityāha sa ceti ||;!;;Nibandhasaṁgraha NiSaṁ zu Su, Śār., 3, 3.1: -1 3;punasta bhavantīti pṛthivyādibhūtadravyabhedena ;!;;Nibandhasaṁgraha NiSaṁ zu Su, Cik., 29, 12.32: -1 16;eveti ityatra anutsvādayan ||;!;;Nibandhasaṁgraha NiSaṁ zu Su, Sū., 1, 25.1: -1 1;tadyuktam teṣāmityādi ||;!;;Nibandhasaṁgraha NiSaṁ zu Su, Sū., 24, 8.4: -1 3;śatādhikamapi bhavantīti vikārāṇāmeṣa punasta ;!;;Nibandhasaṁgraha NiSaṁ zu Su, Sū., 24, 11.2: -1 2;ceti iti teṣu prāgabhidhānaṁ punararthe ||;!;;Nibandhasaṁgraha NiSaṁ zu Su, Sū., 24, 11.2: -1 11;tena nibandheṣviti iti ||;!;;Nibandhasaṁgraha NiSaṁ zu Su, Sū., 1, 24.1: -1 4;ityāha prākkila vyālā iti vyākhyātāḥ ||;!;;Nibandhasaṁgraha NiSaṁ zu Su, Sū., 1, 2.1: -1 9;yasmai sa āyurvedotpattimiti ||;!;;Nyāyabhāṣya NyāBh zu NyāSū, 3, 2, 41: 5 11;āśritāt tadadhīnena grāmaṇyam iti ||;!;;Pañcārthabhāṣya PABh zu PāśupSūtra, 1, 25: 26 7;tasmād vikaraṇa iti kaivalyam ||;!;;Pañcārthabhāṣya PABh zu PāśupSūtra, 2, 2: 47 6;devasya iti taddharmitve ṣaṣṭhī ||;!;;Pañcārthabhāṣya PABh zu PāśupSūtra, 2, 4: 49 8;kīdṛśaṁ vā tadasyeti ||;!;;Pañcārthabhāṣya PABh zu PāśupSūtra, 2, 6: 51 15;taducyate yasmādāha āṅ iti ||;!;;Pañcārthabhāṣya PABh zu PāśupSūtra, 2, 9: 54 6;ato bravīti tasmāditi ||;!;;Pañcārthabhāṣya PABh zu PāśupSūtra, 2, 14: 59 7;āha kiṁ taditi ||;!;;Pañcārthabhāṣya PABh zu PāśupSūtra, 2, 18: 63 6;ato bravīti tasmāditi ||;!;;Pañcārthabhāṣya PABh zu PāśupSūtra, 2, 18: 63 8;taducyate tadarthameva ||;!;;Pañcārthabhāṣya PABh zu PāśupSūtra, 2, 19: 64 4;tasmādatra tapastadeva ||;!;;Pañcārthabhāṣya PABh zu PāśupSūtra, 3, 8: 80 11;tebhya iti caturthī sampradānārthā ||;!;;Pañcārthabhāṣya PABh zu PāśupSūtra, 3, 9: 81 4;teṣām iti ||;!;;Pañcārthabhāṣya PABh zu PāśupSūtra, 3, 10: 82 5;ato bravīti tasmāditi ||;!;;Pañcārthabhāṣya PABh zu PāśupSūtra, 3, 16: 88 2;tad iti anaikānte ||;!;;Pañcārthabhāṣya PABh zu PāśupSūtra, 3, 17: 89 2;tad iti anaikānte ||;!;;Pañcārthabhāṣya PABh zu PāśupSūtra, 3, 20: 92 3;kiṁpunastad brahmeti ||;!;;Pañcārthabhāṣya PABh zu PāśupSūtra, 3, 24: 96 5;sarvatra tānītyarthaḥ ||;!;;Pañcārthabhāṣya PABh zu PāśupSūtra, 4, 1: 99 9;tasmādatra tapastadeva ||;!;;Pañcārthabhāṣya PABh zu PāśupSūtra, 4, 7.1: 105 31;tasmādupayoktavyamiti ||;!;;Pañcārthabhāṣya PABh zu PāśupSūtra, 4, 8: 106 16;taducyate taṁ guṇaṁ jñātvā vakṣyāmaḥ ||;!;;Pañcārthabhāṣya PABh zu PāśupSūtra, 4, 10: 108 24;āha kiṁ taditi ||;!;;Pañcārthabhāṣya PABh zu PāśupSūtra, 4, 24: 122 1;tad iti dṛkkriyāśaktyorgrahaṇam ||;!;;Pañcārthabhāṣya PABh zu PāśupSūtra, 5, 4: 126 3;teṣu na jāyata iti ajaḥ ||;!;;Pañcārthabhāṣya PABh zu PāśupSūtra, 5, 7: 129 4;teṣām abhijayād ityarthaḥ ||;!;;Pañcārthabhāṣya PABh zu PāśupSūtra, 5, 9.1: 131 8;tasmān nāviśeṣa iti ||;!;;Pañcārthabhāṣya PABh zu PāśupSūtra, 5, 34: 156 37;sa bhavatu teṣām ||;!;;Pañcārthabhāṣya PABh zu PāśupSūtra, 5, 34: 156 81;te bhavantu teṣām ||;!;;Pañcārthabhāṣya PABh zu PāśupSūtra, 5, 36: 158 2;āha kiṁ tad iti ||;!;;Parāśarasmṛtiṭīkā Parāśarasmṛtiṭīkā zu ParDhSmṛti, 2, 5.2: 5 12;tāvubhāvityarthaḥ ||;!;;Pāśupatasūtra PāśupSūtra, 4: 4 11;sa teṣāmiṣṭāpūrtamādatta ||;!;;Rasādhyāyaṭīkā RAdhyṬ zu RAdhy, 237.2: 46 6;iti vyoṣarājiḥ kāṁsyarājir ityarthaḥ ||;!;;Rasaratnasamuccayabodhinī RRSBoṬ zu RRS, 9, 25.2: 125 3;tadeva vivṛṇoti cullīmiti ||;!;;Rasaratnasamuccayabodhinī RRSBoṬ zu RRS, 10, 18.2: 154 1;viḍamūṣāmāha tattaditi ||;!;;Rasaratnasamuccayaṭīkā RRSṬīkā zu RRS, 8, 21.2: 63 1;tadupayogamāha sādhita iti ||;!;;Rasaratnasamuccayaṭīkā RRSṬīkā zu RRS, 8, 63.2: 87 3;teṣāṁ rasenetyarthaḥ ||;!;;Rasaratnasamuccayaṭīkā RRSṬīkā zu RRS, 3, 149: 24 11;sa tu carmāra iti nigadyate ||;!;;Rasaratnasamuccayaṭīkā RRSṬīkā zu RRS, 3, 145.2: 23 7;sindūro nāgasaṁbhava iti tadvacanāditi ||;!;;Rasaratnasamuccayaṭīkā RRSṬīkā zu RRS, 11, 24.2: 173 3;sā parpaṭītyucyate ||;!;;Ratnaṭīkā GaṇaKārṬīkā zu GaṇaKār, 6.1: 8 61;te ca svātmasaṁvedye iti ||;!;;Ratnaṭīkā GaṇaKārṬīkā zu GaṇaKār, 7.2: 10 121;ke punaste ityāha ||;!;;Sāṁkhyakārikābhāṣya SKBh zu SāṁKār, 45.2: 45 13;sa kimātmaka ityāha ||;!;;Saṅghabhedavastu SBhedaV, 1: 1 128;sa teṣāṁ nigṛhītavyāṁś ca nigṛhṇāti pragṛhītavyāṁś ca ;!;;Śāṅkhāyanāraṇyaka ŚāĀr, 1, 7: 7 4;tān aham anvārohāmi rājyāyeti ||;!;;Śāṅkhāyanāraṇyaka ŚāĀr, 1, 7: 7 7;tān aham anvārohāmi svārājyāyeti ||;!;;Śāṅkhāyanāraṇyaka ŚāĀr, 1, 7: 7 10;tān aham anvārohāmi sāmrājyāyeti ||;!;;Śāṅkhāyanāraṇyaka ŚāĀr, 1, 7: 7 13;tān aham anvārohāmi kāmaprāyeti ||;!;;Śāṅkhāyanāraṇyaka ŚāĀr, 3, 2: 28 5;taṁ yaḥ pratyāha tam atisṛjate ||;!;;Śāṅkhāyanāraṇyaka ŚāĀr, 3, 6: 32 8;kiṁ tad yatsatyam iti ||;!;;Śāṅkhāyanāraṇyaka ŚāĀr, 4, 1: 34 9;tasyopaniṣan na yāced iti ||;!;;Śāṅkhāyanāraṇyaka ŚāĀr, 4, 6: 39 2;tad ṛg ityupāsīta ||;!;;Śāṅkhāyanāraṇyaka ŚāĀr, 4, 6: 39 4;tad yajur ityupāsīta ||;!;;Śāṅkhāyanāraṇyaka ŚāĀr, 4, 6: 39 6;tat sāma ityupāsīta ||;!;;Śāṅkhāyanāraṇyaka ŚāĀr, 4, 6: 39 8;tacchrīr ityupāsīta ||;!;;Śāṅkhāyanāraṇyaka ŚāĀr, 4, 6: 39 9;tad yaśa ityupāsīta ||;!;;Śāṅkhāyanāraṇyaka ŚāĀr, 4, 6: 39 10;tat teja ityupāsīta ||;!;;Śāṅkhāyanāraṇyaka ŚāĀr, 5, 3: 51 11;ityevaṁ hi paśyāma iti ||;!;;Śāṅkhāyanāraṇyaka ŚāĀr, 7, 1: 77 3;tan mām avatu tad vaktāram avatvavatu mām avatu ;!;;Śāṅkhāyanāraṇyaka ŚāĀr, 8, 7: 106 5;sa yat karaṇīyaṁ manyeta tat kuryāt ||;!;;Śārṅgadharasaṁhitādīpikā ŚSDīp zu ŚdhSaṁh, 2, 11, 93.2: 46 24;tacchuddhaṁ śuddhatāṁ vrajediti ||;!;;Śārṅgadharasaṁhitādīpikā ŚSDīp zu ŚdhSaṁh, 2, 12, 106.2: 73 4;tāni pūrvoktānīti sambandhaḥ ||;!;;Śārṅgadharasaṁhitādīpikā ŚSDīp zu ŚdhSaṁh, 2, 12, 106.2: 73 6;tayoḥ syāt dviguṇo gandha iti ||;!;;Sarvāṅgasundarā SarvSund zu AHS, Sū., 9, 1.2: 2 11;taddravyam iti ||;!;;Sarvāṅgasundarā SarvSund zu AHS, Sū., 9, 1.2: 2 80;tasmādasti vāyur dravyamiti ||;!;;Sarvāṅgasundarā SarvSund zu AHS, Utt., 39, 49.2: 87 4;teṣāṁ samedhānām atiśayenetyarthaḥ ||;!;;Sphuṭārthāvyākhyā Sphuṭārthāvyākhyā zu AbhidhKo, 1, 43.2: 1 14;sa prāpnotīti doṣaḥ ||;!;;Sūryaśatakaṭīkā Sūryaśatakaṭīkā zu SūryaŚ, 1, 3.2: 3 16;tena śramastasmājjātastamiva ||;!;;Suśrutasaṁhitā Su, 1, 1: 1 11;sa uvācaivam astv iti ||;!;;Suśrutasaṁhitā Su, 1, 8: 8 3;viṁśatiḥ śastrāṇi tadyathā ;!;;Tantrākhyāyikā TAkhy, 1: 1 167;ity uktvā sa sṛgālo .pakrāntaḥ ||;!;;Tantrākhyāyikā TAkhy, 1: 1 206;taṁ sapatnaṁ saṁdarśayiṣyatīti ||;!;;Tantrākhyāyikā TAkhy, 1: 1 208;iti tam āha ||;!;;Tantrākhyāyikā TAkhy, 1: 1 209;mama taṁ durātmānaṁ darśayasveti ||;!;;Tantrākhyāyikā TAkhy, 1: 1 274;te tam āhuḥ ||;!;;Tantrākhyāyikā TAkhy, 1: 1 434;ity avadhārya tatsakāśaṁ gatāḥ ||;!;;Tantrākhyāyikā TAkhy, 1: 1 611;sā mūṣakair bhakṣiteti ||;!;;Tantrākhyāyikā TAkhy, 2: 2 90;sā tam āha ||;!;;Tantrākhyāyikā TAkhy, 2: 2 100;kataras tasya saṁcaraṇamārga iti ||;!;;Tantrākhyāyikā TAkhy, 2: 2 300;tad ahaṁ prātaḥ samīkaromīti ||;!;;Tantrākhyāyikā TAkhy, 2: 2 356;kadā tad vanaṁ prāpsyāmīti ||;!;;Tantrasāra TantraS, 20: 20 63;iti tāṁ sarvathā caret ||;!;;Vaiśeṣikasūtra VaiśSū, 10: 17 21;tadvacanād āmnāyaprāmāṇyamiti ||;!;;Vaiśeṣikasūtravṛtti VaiSūVṛ zu VaiśSū, 2, 1, 18.1: 18 5;sa kathaṁ jñāyata ityucyate ||;!;;Vaiśeṣikasūtravṛtti VaiSūVṛ zu VaiśSū, 5, 1, 4: 131 3;kutastayorutpatanamiti cet ||;!;;Vaiśeṣikasūtravṛtti VaiSūVṛ zu VaiśSū, 10, 10: 328 2;ke te.vayavā ityāha ||;!;;Viṣṇupurāṇa ViPur, 4, 3: 59 30;sā tasya bhāryā citāṁ kṛtvā tam ;!;;Viṣṇupurāṇa ViPur, 4, 12: 68 20;tad etat samudvahāmīti ||;!;;Viṣṇupurāṇa ViPur, 4, 12: 68 36;sa ca tāṁ snuṣām upayeme ||;!;;Viṣṇusmṛti ViSmṛ, 5: 5 133;tac ca teṣāṁ dadyāt ||;!;;Yogasūtra YS, 1: 1 28;tajjapas tadarthabhāvanam ||;!;;Yogasūtrabhāṣya YSBhā zu YS, 2, 24.1: 68 7;sa tām āha ||;!;;Yogasūtrabhāṣya YSBhā zu YS, 2, 27.1: 71 1;tasyeti pratyuditakhyāteḥ pratyāmnāyaḥ ||;!;;Yogasūtrabhāṣya YSBhā zu YS, 4, 8.1: 123 2;tadvipākānuguṇānām eveti ||;!;;
RRSṬīkā zu RRS, 9, 75.2: 137;4 1;evaṁ ca teṣāṁ mate svedanīyantram asmād bhinnam eveti |;
RRSṬīkā zu RRS, 9, 75.2: 137;5 1;puṣpādīnām atimṛdudravyāṇāṁ kalkāder vā svedanārtham |;
RRSṬīkā zu RRS, 9, 78.3: 138;1 1;atha khalvasaṁjñāyogyā sā śilā syāt ||;
RRSṬīkā zu RRS, 9, 78.3: 138;2 1;yā nīlā śyāmavarṇā vā snigdhādiguṇaviśiṣṭā |;
RRSṬīkā zu RRS, 9, 78.3: 138;3 1;sā khalvayogyeti pūrvatra saṁbandhaḥ ||;
RRSṬīkā zu RRS, 9, 78.3: 138;4 1;gharṣaṇī tu dvādaśāṅguladīrghā syāt ||;
RRSṬīkā zu RRS, 9, 78.3: 138;5 1;punaḥ khalvaśilāmānavikalpamāha viṁśatyaṅguleti ||;
RRSṬīkā zu RRS, 9, 78.3: 138;6 1;athavā khalvaśilā viṁśatyaṅguladīrghā ||;
RRSṬīkā zu RRS, 9, 78.3: 138;7 1;utsedha ucchrāye ca daśāṅgulā kāryeti viśeṣaḥ ||;
RRSṬīkā zu RRS, 9, 78.3: 138;8 1;navāṅguleti vistāramānaṁ tu prāguktameva grāhyam ||;
RRSṬīkā zu RRS, 10, 8.2: 139;1 1;mūṣārthaṁ praśastamṛttikāyā lakṣaṇamāha mṛttiketi ||;Rasaratnasamuccayabodhinī RRSBoṬ zu RRS, 10, 8.2: 147 1;mūṣārthaṁ praśastamṛttikāmāha mṛttiketi ||;!;;
RRSṬīkā zu RRS, 10, 8.2: 139;2 1;pāṇḍurā sthūlakaṇā śoṇamiśrapāṇḍurakaṇā vā ||;
RRSṬīkā zu RRS, 10, 8.2: 139;3 1;kaulālī kulālabhāṇḍotpādanārtham upādānamṛttikā ||;
RRSṬīkā zu RRS, 10, 8.2: 139;4 1;atha sarvamūṣopayogisādhāraṇamṛttikām āha yā mṛttiketi |;
RRSṬīkā zu RRS, 10, 8.2: 139;5 1;dagdhatuṣeti ||;Āyurvedadīpikā ĀVDīp zu Ca, Vim., 8, 7.2: 200 11;ityadhyayanavidhiriti upasaṁharaṇam ||;!;;Divyāvadāna Divyāv, 13: 13 43;sarvaṁ svāpateyaṁ dagdhamiti ||;!;;Gopathabrāhmaṇa NEW GB, 1, 2, 2: 41 23;iti veti vā mukhaṁ viparidhāpayet ||;!;;Nibandhasaṁgraha NiSaṁ zu Su, Cik., 29, 12.32: -1 16;eveti ityatra anutsvādayan ||;!;;Nibandhasaṁgraha NiSaṁ zu Su, Sū., 1, 24.1: -1 4;ityāha prākkila vyālā iti vyākhyātāḥ ||;!;;Rasādhyāyaṭīkā RAdhyṬ zu RAdhy, 237.2: 46 6;iti vyoṣarājiḥ kāṁsyarājir ityarthaḥ ||;!;;Rasaratnasamuccayabodhinī RRSBoṬ zu RRS, 10, 11.2: 149 1;yogamūṣāmāha dagdheti ||;!;;Rasaratnasamuccayaṭīkā RRSṬīkā zu RRS, 10, 14.3: 142 1;atha gāramūṣāmāha dagdheti ||;!;;Rasaratnasamuccayaṭīkā RRSṬīkā zu RRS, 10, 15.3: 143 5;tathā dagdhatuṣāḥ ||;!;;Śāṅkhāyanāraṇyaka ŚāĀr, 5, 3: 51 11;ityevaṁ hi paśyāma iti ||;!;;Śārṅgadharasaṁhitādīpikā ŚSDīp zu ŚdhSaṁh, 2, 12, 171.2: 88 2;dagdhvā kapardakamiti ||;!;;
RRSṬīkā zu RRS, 10, 8.2: 139;6 1;caturthāṁśena dagdhatuṣayuktā pratyekaṁ tathā bhāgaiḥ |;
RRSṬīkā zu RRS, 10, 8.2: 139;7 1;mūṣikāmṛdi caturthāṁśena saṁyojyadravyāṇyāha |;
RRSṬīkā zu RRS, 10, 8.2: 139;8 1;gāretyaparaparyāyāḥ ||;
RRSṬīkā zu RRS, 10, 8.2: 139;9 1;te ca dagdhā eva grāhyāḥ ||;Daśakumāracarita DKCar, 2, 3: 8 43;tena ca tamarthaṁ tathaivānvatiṣṭhatām ||;!;;Mṛgendraṭīkā MṛgṬīkā zu MṛgT, Vidyāpāda, 10, 15.2: 193 2;tanniyāmakatvaṁ ca tasyaiva bhaviṣyati ||;!;;Nibandhasaṁgraha NiSaṁ zu Su, Sū., 14, 17.1: -1 6;baliṁ tasmāt tena ca tadyathā eva iti ||;!;;Viṣṇupurāṇa ViPur, 4, 13: 69 17;sa ca tad eva maṇiratnam ayācata ||;!;;
RRSṬīkā zu RRS, 10, 11.2: 140;1 1;atha yogamūṣāmāha dagdhagāreti ||;
RRSṬīkā zu RRS, 10, 11.2: 140;2 1;dagdhā gārā vajraprasavāḥ śvetapāṣāṇā dagdhaṁ śālituṣaṁ |;
RRSṬīkā zu RRS, 10, 11.2: 140;3 1;iyaṁ cābhrakasattvāder jāraṇāyāṁ viśiṣṭo yo yo viḍastena |;
RRSṬīkā zu RRS, 10, 11.2: 140;4 1;atha jāraṇāyāṁ sā pāradagarbhitā koṣṭhīyantre bhastrikayā |;
RRSṬīkā zu RRS, 10, 11.2: 140;5 1;evaṁ ceyaṁ yogavāhimūṣā yogamūṣetyanvarthanāmiketi |;
RRSṬīkā zu RRS, 10, 13.2: 141;1 1;atha |;
RRSṬīkā zu RRS, 10, 13.2: 141;2 1;gārāḥ śvetā vajrotpādakāḥ pāṣāṇāḥ ||;
RRSṬīkā zu RRS, 10, 13.2: 141;3 1;bhūnāgadhautaṁ paribhāṣādhyāyoktaṁ grāhyam ||;
RRSṬīkā zu RRS, 10, 13.2: 141;4 1;śaṇā dagdhatuṣāścaite mithaḥ samāḥ ||;
RRSṬīkā zu RRS, 10, 13.2: 141;5 1;taiḥ samā samabhāgā prāguktalakṣaṇā mūṣopādānamṛd |;
RRSṬīkā zu RRS, 10, 13.2: 141;6 1;taddhitamūṣāyāḥ sattvāharaṇādikāryeṣvagninā |;
RRSṬīkā zu RRS, 10, 13.2: 141;7 1;bhūnāgopetatvena śīghradrāvaṇopayogitvācca ||;
RRSṬīkā zu RRS, 10, 13.2: 141;8 1;tayā saṁskṛtayā mṛdā vihitā mūṣā śāstre vajradrāvaṇaketi |;
RRSṬīkā zu RRS, 10, 14.3: 142;1 1;atha gāramūṣāmāha dagdheti ||;Rasaratnasamuccayaṭīkā RRSṬīkā zu RRS, 10, 11.2: 140 1;atha yogamūṣāmāha dagdhagāreti ||;!;;
RRSṬīkā zu RRS, 10, 14.3: 142;2 1;dagdhā ye mṛttikāpekṣayā ṣaḍguṇā gārāstadviśiṣṭāstathā |;
RRSṬīkā zu RRS, 10, 14.3: 142;3 1;tathā śaṇāḥ tāga iti khyātāḥ ||;Viṣṇusmṛti ViSmṛ, 98: 98 3;ityevam ukto bhagavāṁs tathetyuvāca ||;!;;
RRSṬīkā zu RRS, 10, 14.3: 142;4 1;te ca pratyekaṁ caturthāṁśamitāstairyuktā yā kṛṣṇavarṇā |;
RRSṬīkā zu RRS, 10, 14.3: 142;5 1;teṣāṁ pāṣāṇānāmatra sādhakamadhye |;
RRSṬīkā zu RRS, 10, 15.3: 143;1 1;atha varamūṣām āha vajreti ||;Rasaratnasamuccayabodhinī RRSBoṬ zu RRS, 10, 15.3: 152 1;varamūṣāmāha vajreti ||;!;;
RRSṬīkā zu RRS, 10, 15.3: 143;2 1;vajro hīrakaḥ ||;
RRSṬīkā zu RRS, 10, 15.3: 143;3 1;tadalābhe vaikrāntaṁ grāhyam ||;Divyāvadāna Divyāv, 13: 13 268;tenāpaścimakavalo gṛhītaḥ so .ntarhitaḥ ||;!;;Divyāvadāna Divyāv, 19: 19 273;sa tāṁ gṛhītvā vīthīṁ gataḥ ||;!;;Divyāvadāna Divyāv, 19: 19 291;sa tairgṛhītaḥ ||;!;;
RRSṬīkā zu RRS, 10, 15.3: 143;4 1;aṅgārā haṭhānmṛttikādhūliprakṣepeṇa niragnayaḥ kokilāḥ |;
RRSṬīkā zu RRS, 10, 15.3: 143;5 1;tathā dagdhatuṣāḥ ||;Baudhāyanagṛhyasūtra BaudhGS, 1, 3: 4 28;tathāsthāpayati tathā juhoti ||;!;;Baudhāyanagṛhyasūtra BaudhGS, 1, 3: 4 30;tathaivāsthāpayati tathaiva juhoti ||;!;;Khādiragṛhyasūtra KhGṛS, 2, 5: 7 9;tathālaṅkāraḥ ||;!;;Rasaratnasamuccayaṭīkā RRSṬīkā zu RRS, 10, 8.2: 139 5;dagdhatuṣeti ||;!;;Vaiśeṣikasūtra VaiśSū, 5, 1: 9 12;tathā dagdhasya visphoṭanam ||;!;;
RRSṬīkā zu RRS, 10, 15.3: 143;6 1;sarve ca mithastulyabhāgāḥ ||;
RRSṬīkā zu RRS, 10, 15.3: 143;7 1;sarvebhyaścaturguṇā mṛttikā tattulyā gārāḥ śvetapāṣāṇāḥ ||;
RRSṬīkā zu RRS, 10, 15.3: 143;8 1;etannirmitā mūṣā varamūṣeti kathyate ||;
RRSṬīkā zu RRS, 10, 15.3: 143;9 1;varasya śreṣṭhasya mahāmūlyasya hīrakasyātra ghaṭakatvāt |;
RRSṬīkā zu RRS, 10, 16.3: 144;1 1;atha varṇamūṣāmāha pāṣāṇeti ||;Rasaratnasamuccayabodhinī RRSBoṬ zu RRS, 10, 16.3: 153 1;varṇamūṣāmāha pāṣāṇarahiteti ||;!;;
RRSṬīkā zu RRS, 10, 16.3: 144;2 1;pāṣāṇā raktapāṣāṇāḥ ||;Rasaratnasamuccayabodhinī RRSBoṬ zu RRS, 10, 16.3: 153 2;raktā raktavarṇā ||;!;;
RRSṬīkā zu RRS, 10, 16.3: 144;3 1;samabhāgaiśca taiḥ sahitā yā raktā raktavarṇā mṛttikā tayā |;
RRSṬīkā zu RRS, 10, 16.3: 144;4 1;yasmādiyaṁ niyujyata upayujyate nirvāhaṇena dhātoḥ |;
RRSṬīkā zu RRS, 10, 16.3: 144;5 1;uktaṁ ca rasahṛdaye ||;Amaraughaśāsana AmarŚās, 1: 1 56;uktaṁ ca bhagavatā maheśvareṇa ||;!;;Āśvalāyanagṛhyasūtra ĀśGS, 1, 1: 1 1;uktāni vaitānikāni gṛhyāni vakṣyāmaḥ ||;!;;Āyurvedadīpikā ĀVDīp zu Ca, Sū., 1, 2: 2 21;uvāca caināṁścaturaḥ iti ||;!;;Gautamadharmasūtra GautDhS, 2, 4: 13 10;pramattokte ca ||;!;;Gautamadharmasūtra GautDhS, 3, 1: 19 1;ukto varṇadharmaś cāśramadharmaś ca ||;!;;Kāmasūtra KāSū, 2, 8: 13 4;tāni ca vakṣyāmaḥ ||;!;;Khādiragṛhyasūtra KhGṛS, 2, 5: 7 6;uktam upanayanam ||;!;;Mṛgendraṭīkā MṛgṬīkā zu MṛgT, Vidyāpāda, 1, 1.2: 1 46;etac ca yathāvasaraṁ vakṣyāmaḥ ||;!;;Mṛgendraṭīkā MṛgṬīkā zu MṛgT, Vidyāpāda, 2, 9.2: 39 2;tathā coktaṁ rurusaṁhitāyām ||;!;;Mṛgendraṭīkā MṛgṬīkā zu MṛgT, Vidyāpāda, 3, 4.2: 68 2;uktaṁ ca śrīmatkiraṇe ||;!;;Nibandhasaṁgraha NiSaṁ zu Su, Sū., 1, 25.1: -1 2;ca viṁśatireva jīvanamātraṁ doṣotpādanenātmanaḥ ;!;;Nyāyasūtra NyāSū, 5, 2: 10 25;hetvābhāsāśca yathoktāḥ ||;!;;Pañcārthabhāṣya PABh zu PāśupSūtra, 1, 8: 8 26;apasavyaṁ ca pradakṣiṇam upariṣṭād vakṣyāmaḥ ||;!;;Pañcārthabhāṣya PABh zu PāśupSūtra, 1, 18: 19 8;iha ca purastād uktam ||;!;;Pañcārthabhāṣya PABh zu PāśupSūtra, 2, 5: 50 48;vṛttilābhaścotpattirityucyate ||;!;;Pañcārthabhāṣya PABh zu PāśupSūtra, 2, 7: 52 3;upakṣipyottaratra maṅgalaṁ pradakṣiṇaṁ ca vakṣyāmaḥ ||;!;;Pañcārthabhāṣya PABh zu PāśupSūtra, 2, 15: 60 18;ataścetyucyate atiyajanam ||;!;;Pañcārthabhāṣya PABh zu PāśupSūtra, 3, 3: 75 3;uktaṁ ca ||;!;;Pañcārthabhāṣya PABh zu PāśupSūtra, 3, 8: 80 4;iha coktaṁ pāpamiti ||;!;;Pañcārthabhāṣya PABh zu PāśupSūtra, 4, 9: 107 28;iha coktam uttama iti ||;!;;Pañcārthabhāṣya PABh zu PāśupSūtra, 5, 34: 156 46;parapīḍāyāṁ ca yathoktaḥ ||;!;;Pañcārthabhāṣya PABh zu PāśupSūtra, 5, 40: 162 9;padārthanigamanārthe cocyate ||;!;;Rasārṇavakalpa RAK, 1: 1 331;bhojanāni ca vakṣyāmi bhakṣyamāṇāni yāni ca ||;!;;Sarvāṅgasundarā SarvSund zu AHS, Utt., 39, 10.2: 75 4;etac ca bāhulyenoktam ||;!;;Sūryaśatakaṭīkā Sūryaśatakaṭīkā zu SūryaŚ, 1, 9.2: 9 19;gāvo dhenavaścocyante ||;!;;Suśrutasaṁhitā Su, 1, 35: 35 41;prakṛtiṁ bheṣajaṁ copariṣṭādvakṣyāmaḥ ||;!;;Tantrākhyāyikā TAkhy, 1: 1 324;api coktam ||;!;;Tantrākhyāyikā TAkhy, 1: 1 372;uktaṁ ca ||;!;;Tantrākhyāyikā TAkhy, 1: 1 610;tenoktaṁ ca ||;!;;Tantrākhyāyikā TAkhy, 2: 2 30;uktaṁ ca ||;!;;Tantrākhyāyikā TAkhy, 2: 2 172;uktaṁ ca ||;!;;Vaiśeṣikasūtra VaiśSū, 7, 1: 13 2;guṇalakṣaṇaṁ coktam ||;!;;Vaiśeṣikasūtravṛtti VaiSūVṛ zu VaiśSū, 10, 20.1: 338 2;tasya cāmnāyāt samadhigama uktaḥ ||;!;;Vārāhagṛhyasūtra VārGṛSū, 5: 5 5;ukto .gnisaṁskāro brahmaṇaśca ||;!;;Viṣṇupurāṇa ViPur, 4, 6: 62 70;evam uktās tāś cāpsarasa ūcuḥ ||;!;;Viṣṇupurāṇa ViPur, 4, 20: 76 16;tataś ca tam ūcur brāhmaṇāḥ ||;!;;Yogasūtrabhāṣya YSBhā zu YS, 2, 5.1: 49 4;uktaṁ ca ||;!;;Yogasūtrabhāṣya YSBhā zu YS, 2, 15.1: 59 4;tathā coktam ||;!;;Yogasūtrabhāṣya YSBhā zu YS, 2, 30.1: 74 2;tathā coktam ||;!;;Yogasūtrabhāṣya YSBhā zu YS, 2, 52.1: 96 5;tathā coktam ||;!;;
RRSṬīkā zu RRS, 10, 16.3: 144;6 1;nirguṇḍīrasabhāvitapuṭitaṁ śilayā vartitaṁ ślakṣṇam |;
RRSṬīkā zu RRS, 10, 16.3: 144;6 2;tāvanmṛditapuṭitaṁ nirutthabhāvaṁ vrajedyāvat ||;Rasahṛdayatantra RHT, 18: 18 54;nirguṇḍīrasabhāvitapuṭitaṁ śilayā vartitaṁ ślakṣṇam |tāvanmṛditapuṭitaṁ nirutthabhāvaṁ vrajedyāvat ||;GOOD;;
RRSṬīkā zu RRS, 10, 16.3: 144;7 1;tāre tannirvyūḍhaṁ yāvat pītaṁ bhavedruciram |;
RRSṬīkā zu RRS, 10, 16.3: 144;7 2;hemnā samena militaṁ mātrātulyaṁ bhavet kanakam ||;Rasahṛdayatantra RHT, 18: 18 55;tāre tannirvyūḍhaṁ yāvatpītaṁ bhavedruciram |hemasamena ca militaṁ mātrātulyaṁ bhavetkanakam ||;GOOD;;
RRSṬīkā zu RRS, 10, 16.3: 144;8 1;iti ||;
RRSṬīkā zu RRS, 10, 16.3: 144;9 1;atra nirvāhaṇaṁ cāsyāṁ mūṣāyāṁ kāryam ||;
RRSṬīkā zu RRS, 10, 16.3: 144;10 1;raktavargaḥ śvetavargaścāsminnevādhyāye vakṣyamāṇaḥ |;
RRSṬīkā zu RRS, 10, 18.2: 145;1 1;atha viḍamūṣāmāha tattadviḍamṛdudbhūteti ||;
RRSṬīkā zu RRS, 10, 18.2: 145;2 1;abhrasattvajāraṇasvarṇajāraṇopayogīni yāni |;
RRSṬīkā zu RRS, 10, 18.2: 145;3 1;tathā pūrvoktā nānāvidhā pāṇḍurādimṛttadudbhūtā |;
RRSṬīkā zu RRS, 10, 18.2: 145;4 1;iyaṁ mūṣā dṛḍhakāyakararasāyanavidhau sādhanatvena |;
RRSṬīkā zu RRS, 10, 18.2: 145;5 1;tathā lohamāraṇopayoginī ||;
RRSṬīkā zu RRS, 10, 18.2: 145;6 1;ata eva lohārthā ||;
RRSṬīkā zu RRS, 10, 18.2: 145;7 1;tathā artho dhanaṁ tathā suvarṇādyutpādanavidhau |;
RRSṬīkā zu RRS, 10, 18.2: 145;8 1;tathā |;
RRSṬīkā zu RRS, 10, 21.2: 146;1 1;athāvyabhicāreṇa vajramātradrāvaṇārthaṁ vajramūṣāmāha |;
RRSṬīkā zu RRS, 10, 21.2: 146;2 1;vālābdeti ||;Āyurvedadīpikā ĀVDīp zu Ca, Vim., 8, 7.2: 200 11;ityadhyayanavidhiriti upasaṁharaṇam ||;!;;Gopathabrāhmaṇa NEW GB, 1, 2, 2: 41 23;iti veti vā mukhaṁ viparidhāpayet ||;!;;Nibandhasaṁgraha NiSaṁ zu Su, Cik., 29, 12.32: -1 16;eveti ityatra anutsvādayan ||;!;;Nibandhasaṁgraha NiSaṁ zu Su, Sū., 1, 24.1: -1 4;ityāha prākkila vyālā iti vyākhyātāḥ ||;!;;Rasādhyāyaṭīkā RAdhyṬ zu RAdhy, 237.2: 46 6;iti vyoṣarājiḥ kāṁsyarājir ityarthaḥ ||;!;;Śāṅkhāyanāraṇyaka ŚāĀr, 5, 3: 51 11;ityevaṁ hi paśyāma iti ||;!;;
RRSṬīkā zu RRS, 10, 21.2: 146;3 1;vālā narakeśāḥ ||;Rasaratnasamuccayaṭīkā RRSṬīkā zu RRS, 7, 13.3: 47 2;vājivālā aśvapucchakeśāḥ ||;!;;
RRSṬīkā zu RRS, 10, 21.2: 146;4 1;abdadhvanimūlaṁ tandulīyakamūlam ||;
RRSṬīkā zu RRS, 10, 21.2: 146;5 1;iyaṁ mūṣā dravadraveṇa vyathitā satī |;
RRSṬīkā zu RRS, 10, 24.2: 147;1 1;vṛntākamūṣāmāha vṛntākākāreti ||;Rasaratnasamuccayabodhinī RRSBoṬ zu RRS, 10, 24.2: 157 1;vṛntākamūṣāmāha vṛntāketi ||;!;;
RRSṬīkā zu RRS, 10, 24.2: 147;2 1;dvādaśakāṅgulam ||;
RRSṬīkā zu RRS, 10, 24.2: 147;3 1;dvādaśāṅgulaṁ dīrgham ūrdhvam uttānamūṣāyā |;
RRSṬīkā zu RRS, 10, 24.2: 147;4 1;tacca mukham aṣṭāṅgulavistṛtaṁ |;
RRSṬīkā zu RRS, 10, 25.2: 148;1 1;atha gostanamūṣāmāha mūṣāyā iti ||;Rasaratnasamuccayaṭīkā RRSṬīkā zu RRS, 9, 65.3: 134 1;atha grastayantramāha mūṣāmiti ||;!;;
RRSṬīkā zu RRS, 10, 25.2: 148;2 1;śikhāyukteti ||;Āyurvedadīpikā ĀVDīp zu Ca, Sū., 26, 41: 65 3;rasā iti rasayuktāni dravyāṇi ||;!;;Āyurvedadīpikā ĀVDīp zu Ca, Cik., 22, 11.2: 321 3;śuṣke .bdhātau śuṣyatīti yojyam ||;!;;Āyurvedadīpikā ĀVDīp zu Ca, Vim., 8, 7.2: 200 11;ityadhyayanavidhiriti upasaṁharaṇam ||;!;;Gopathabrāhmaṇa NEW GB, 1, 2, 2: 41 23;iti veti vā mukhaṁ viparidhāpayet ||;!;;Kauśikasūtra Kauśikasūtra, 1, 9: 9 5;iti śāntiyuktāni ||;!;;Mugdhāvabodhinī MuA zu RHT, 1, 3.2: 3 28;iti yukto.yam arthaḥ ||;!;;Nibandhasaṁgraha NiSaṁ zu Su, Cik., 29, 12.32: -1 16;eveti ityatra anutsvādayan ||;!;;Nibandhasaṁgraha NiSaṁ zu Su, Sū., 1, 24.1: -1 4;ityāha prākkila vyālā iti vyākhyātāḥ ||;!;;Pañcārthabhāṣya PABh zu PāśupSūtra, 5, 12: 134 17;yukta iti ||;!;;Pañcārthabhāṣya PABh zu PāśupSūtra, 5, 12: 134 19;nityayuktasya iti ṣaṣṭhī ||;!;;Pañcārthabhāṣya PABh zu PāśupSūtra, 5, 46: 168 49;upasaṁhāraḥ ity ebhir guṇairyukta iti ||;!;;Rasādhyāyaṭīkā RAdhyṬ zu RAdhy, 237.2: 46 6;iti vyoṣarājiḥ kāṁsyarājir ityarthaḥ ||;!;;Rasaratnasamuccayabodhinī RRSBoṬ zu RRS, 11, 80.2: 186 1;drutibandhamāha yukta iti ||;!;;Śāṅkhāyanāraṇyaka ŚāĀr, 5, 3: 51 11;ityevaṁ hi paśyāma iti ||;!;;Śārṅgadharasaṁhitādīpikā ŚSDīp zu ŚdhSaṁh, 2, 12, 86.1: 71 29;ghṛtamiti ghṛtayuktam ||;!;;Śārṅgadharasaṁhitādīpikā ŚSDīp zu ŚdhSaṁh, 2, 12, 130.2: 78 12;hitamiti doṣānupāne yojyam ||;!;;Śārṅgadharasaṁhitādīpikā ŚSDīp zu ŚdhSaṁh, 2, 12, 183.2: 91 5;tāvanmānaṁ yojyamiti ||;!;;Śivasūtravārtika ŚSūtraV zu ŚSūtra, 3, 5.1: 33 1;bhāvanīyāni yuktena sādhakeneti śiṣyate ||;!;;Viṣṇusmṛti ViSmṛ, 64: 64 22;yuñjate mana ityanuvākaṁ vā ||;!;;
RRSṬīkā zu RRS, 10, 25.2: 148;3 1;śikharākārapidhānakasahiteyameva cāndhamūṣābhidhīyate |;
RRSṬīkā zu RRS, 10, 25.2: 148;4 1;dvaṁdvitabījamelāpādividhāvasyā upayogo bodhyaḥ ||;
RRSṬīkā zu RRS, 10, 25.2: 148;5 1;yatra tu nyubjayā tayācchādanaṁ kriyate tatra |;
RRSṬīkā zu RRS, 10, 25.2: 148;6 1;yathā nābhiyantre prāguktam |;
RRSṬīkā zu RRS, 10, 25.2: 148;6 2;tataścācchādayet samyaggostanākāramūṣayā |;
RRSṬīkā zu RRS, 10, 25.2: 148;6 3;iti ||;
RRSṬīkā zu RRS, 10, 26.2: 149;1 1;mallamūṣāmāha nirdiṣṭeti ||;
RRSṬīkā zu RRS, 10, 26.2: 149;2 1;mallaṁ pidhānopayogi vistīrṇaṁ kiṁcid gabhīrodaraṁ |;
RRSṬīkā zu RRS, 10, 26.2: 149;3 1;saptaviṁśatitame.dhyāye.syā upayogaṁ vakṣyati |;
RRSṬīkā zu RRS, 10, 26.2: 149;4 1;anyatrāpi prabhūtasthale caiṣopayujyate ||;
RRSṬīkā zu RRS, 10, 26.2: 149;5 1;tadevocyate parpaṭyādīti ||;
RRSṬīkā zu RRS, 10, 27.2: 150;1 1;trayodaśādhyāyoktaparpaṭīprabhṛtirasānām |;
RRSṬīkā zu RRS, 10, 27.2: 150;2 1;vastramayapoṭalīva bheṣajagarbhitaṁ bheṣajamayamūṣā |;
RRSṬīkā zu RRS, 10, 27.2: 150;3 1;yathā rājayakṣmacikitsāyāṁ mṛgāṅkapoṭalīvidhau sa rasaḥ |;
RRSṬīkā zu RRS, 10, 28.2: 151;1 1;atha golamūṣāmāha nirvaktreti ||;Rasaratnasamuccayabodhinī RRSBoṬ zu RRS, 10, 28.2: 159 1;golamūṣāmāha nirvaktreti ||;!;;
RRSṬīkā zu RRS, 10, 28.2: 151;2 1;gatvaradravyaṁ pāradarasakamanaḥśilāharitālaprabhṛti |;
RRSṬīkā zu RRS, 10, 28.2: 151;3 1;ata eva tadudāharaṇamatra nopayogi ||;
RRSṬīkā zu RRS, 10, 28.2: 151;4 1;mṛnmayodāharaṇaprayogo nopalabhyate ||;
RRSṬīkā zu RRS, 10, 29.3: 152;1 1;atha mahāmūṣāmāha tala iti ||;Rasaratnasamuccayabodhinī RRSBoṬ zu RRS, 10, 29.3: 160 1;mahāmūṣāmāha tale iti ||;!;;
RRSṬīkā zu RRS, 10, 29.3: 152;2 1;ayo.bhraketi ||;Āyurvedadīpikā ĀVDīp zu Ca, Vim., 8, 7.2: 200 11;ityadhyayanavidhiriti upasaṁharaṇam ||;!;;Gopathabrāhmaṇa NEW GB, 1, 2, 2: 41 23;iti veti vā mukhaṁ viparidhāpayet ||;!;;Gūḍhārthadīpikā ŚGDīp zu ŚdhSaṁh, 2, 11, 61.1: 28 1;kṛṣṇābhrakamiti ||;!;;Gūḍhārthadīpikā ŚGDīp zu ŚdhSaṁh, 2, 11, 69.1: 30 5;ity abhrakamāraṇam ||;!;;Mugdhāvabodhinī MuA zu RHT, 19, 23.2: 333 5;iti patrābhrakaprakriyā ||;!;;Nibandhasaṁgraha NiSaṁ zu Su, Cik., 29, 12.32: -1 16;eveti ityatra anutsvādayan ||;!;;Nibandhasaṁgraha NiSaṁ zu Su, Sū., 1, 24.1: -1 4;ityāha prākkila vyālā iti vyākhyātāḥ ||;!;;Rasādhyāyaṭīkā RAdhyṬ zu RAdhy, 237.2: 46 6;iti vyoṣarājiḥ kāṁsyarājir ityarthaḥ ||;!;;Śāṅkhāyanāraṇyaka ŚāĀr, 5, 3: 51 11;ityevaṁ hi paśyāma iti ||;!;;
RRSṬīkā zu RRS, 10, 29.3: 152;3 1;atrāyaḥśabdena kāntaṁ grāhyam ||;
RRSṬīkā zu RRS, 10, 29.3: 152;4 1;tasyāntaḥpītarekhāviśiṣṭasya chāgaraktena bhāvanayā |;
RRSṬīkā zu RRS, 10, 29.3: 152;5 1;piṇḍībaddhasya koṣṭhayantrodare mūṣāyāṁ |;
RRSṬīkā zu RRS, 10, 30.3: 153;1 1;maṇḍūkamūṣāmāha maṇḍūketi ||;Rasaratnasamuccayabodhinī RRSBoṬ zu RRS, 10, 30.3: 161 1;maṇḍūkamūṣāmāha maṇḍūketi ||;GOOD;;
RRSṬīkā zu RRS, 10, 30.3: 153;2 1;tadākāramūṣāyā gāmbhīryadairghyapariṇāhāḥ |;
RRSṬīkā zu RRS, 10, 30.3: 153;3 1;upari mṛttikayā tām caturaṅgulamitam ācchādya |;
RRSṬīkā zu RRS, 10, 31.2: 154;1 1;muśalamūṣāmāha mūṣeti ||;Rasaratnasamuccayabodhinī RRSBoṬ zu RRS, 10, 31.2: 162 1;muṣalamūṣāmāha mūṣeti ||;GOOD;;Rasaratnasamuccayabodhinī RRSBoṬ zu RRS, 9, 65.3: 141 1;grastayantramāha mūṣāmiti ||;!;;Rasaratnasamuccayabodhinī RRSBoṬ zu RRS, 10, 8.2: 147 1;mūṣārthaṁ praśastamṛttikāmāha mṛttiketi ||;!;;Rasaratnasamuccayabodhinī RRSBoṬ zu RRS, 10, 22.2: 156 1;mūṣāpyāyanamāha drave iti ||;!;;Rasaratnasamuccayaṭīkā RRSṬīkā zu RRS, 9, 65.3: 134 1;atha grastayantramāha mūṣāmiti ||;!;;Rasaratnasamuccayaṭīkā RRSṬīkā zu RRS, 10, 25.2: 148 1;atha gostanamūṣāmāha mūṣāyā iti ||;!;;
RRSṬīkā zu RRS, 10, 31.2: 154;2 1;cakribaddharaso dvāviṁśādhyāye vakṣyamāṇaḥ ||;
RRSṬīkā zu RRS, 10, 32.2: 155;1 1;alpāgnisādhyasya dravyapākasya sādhanāya mūṣā |;
RRSṬīkā zu RRS, 10, 32.2: 155;2 1;saṁprati prabhūtāgnisādhyasya dravyapākasya |;
RRSṬīkā zu RRS, 10, 32.2: 155;3 1;mūṣāmṛdaiva koṣṭhīr vidadhyād ityabhiprāyeṇaivātra |;
RRSṬīkā zu RRS, 10, 32.2: 155;4 1;rasaratnākare tu mṛttikādravyāṇāṁ pramāṇamapi spaṣṭaṁ |;
RRSṬīkā zu RRS, 10, 32.2: 155;5 1;tathā ca tadgranthaḥ |;
RRSṬīkā zu RRS, 10, 32.2: 155;5 2;gārā dagdhāstuṣā dagdhā valmīkamṛttikā |;
RRSṬīkā zu RRS, 10, 32.2: 155;5 3;ajāśvānāṁ malaṁ dagdhaṁ yāvat tat kṛṣṇatāṁ gatam ||;
RRSṬīkā zu RRS, 10, 32.2: 155;6 1;pāṣāṇabhedapatrāṇi kṛṣṇā mṛcca samaṁ samam |;
RRSṬīkā zu RRS, 10, 32.2: 155;6 2;vajravallyā dravairmardyaṁ dinaṁ vā peṣayeddṛḍham ||;
RRSṬīkā zu RRS, 10, 32.2: 155;7 1;tena koṣṭhīr vaṅkanālā vajramūṣāśca kārayet |;
RRSṬīkā zu RRS, 10, 32.2: 155;7 2;mṛnmayakośasya koṣṭhīti nāma prasiddham ||;
RRSṬīkā zu RRS, 10, 32.2: 155;8 1;sā ca dvividhā ||;Pañcārthabhāṣya PABh zu PāśupSūtra, 1, 9: 9 119;tac ca dvividham ||;GOOD;;Pañcārthabhāṣya PABh zu PāśupSūtra, 5, 38: 160 9;sā ca cintā dvividhā bhavati ||;GOOD;;Rasaratnasamuccayaṭīkā RRSṬīkā zu RRS, 10, 32.2: 155 12;tāśca dvividhāḥ ||;GOOD;;Saṅghabhedavastu SBhedaV, 1: 1 128;sa teṣāṁ nigṛhītavyāṁś ca nigṛhṇāti pragṛhītavyāṁś ca ;GOOD;;Śārṅgadharasaṁhitādīpikā ŚSDīp zu ŚdhSaṁh, 2, 11, 72.1: 36 11;tacca dvividham ||;GOOD;;Suśrutasaṁhitā Su, 1, 11: 11 6;sa dvividhaḥ pratisāraṇīyaḥ pānīyaś ca ||;GOOD;;Suśrutasaṁhitā Su, 1, 26: 26 4;taddvividhaṁ śārīram āgantukaṁ ca ||;GOOD;;Viṣṇupurāṇa ViPur, 4, 12: 68 36;sa ca tāṁ snuṣām upayeme ||;GOOD;;Viṣṇusmṛti ViSmṛ, 5: 5 133;tac ca teṣāṁ dadyāt ||;GOOD;;Aitareyabrāhmaṇa AitBr, 1, 4: 4 5;tattan nādṛtyam ||;!;;Aitareyabrāhmaṇa AitBr, 1, 11: 11 2;tat tan nādṛtyam ||;!;;Aitareyabrāhmaṇa AitBr, 2, 22: 52 2;tat tan nādṛtyam ||;!;;Aitareyabrāhmaṇa AitBr, 3, 18: 89 10;tat tan nādṛtyam ||;!;;Āpastambagṛhyasūtra ĀpGṛSū, 12: 11 9;tasmā anvāha tat savitur iti ||;!;;Arthaśāstra ArthaŚ, 1, 4: 4 15;sa tena guptaḥ prabhavati iti ||;!;;Arthaśāstra ArthaŚ, 1, 10: 10 10;tenodvegena rājā tān avarundhyāt ||;!;;Arthaśāstra ArthaŚ, 1, 15: 15 24;te yathā brūyustat kuryāt ||;!;;Arthaśāstra ArthaŚ, 1, 15: 15 42;tān ekaikaśaḥ pṛcchet samastāṁśca ||;!;;Arthaśāstra ArthaŚ, 1, 15: 15 55;sa taccakṣuḥ ||;!;;Arthaśāstra ArthaŚ, 4, 8: 47 2;tāṁścāpadeśaiḥ pratisamānayet ||;!;;Aṣṭādhyāyī Aṣṭādhyāyī, 1, 4: 4 55;tatprayojako hetuś ca ||;!;;Aṣṭādhyāyī Aṣṭādhyāyī, 4, 2: 14 59;tad adhīte tad veda ||;!;;Aṣṭādhyāyī Aṣṭādhyāyī, 4, 2: 14 66;chandobrāhmaṇāni ca tadviṣayāṇi ||;!;;Aṣṭādhyāyī Aṣṭādhyāyī, 4, 2: 14 124;janapadatadavadhyoś ca ||;!;;Aṣṭādhyāyī Aṣṭādhyāyī, 4, 3: 15 2;tasminn aṇi ca yuṣmākāsmākau ||;!;;Aṣṭādhyāyī Aṣṭādhyāyī, 4, 3: 15 155;ñitaś ca tatpratyayāt ||;!;;Aṣṭādhyāyī Aṣṭādhyāyī, 7, 3: 27 29;tatpratyayasya ca ||;!;;Aṣṭādhyāyī Aṣṭādhyāyī, 5, 1: 17 16;tad asya tad asmin syād iti ||;!;;Aṣṭādhyāyī Aṣṭādhyāyī, 5, 1: 17 95;tasya ca dakṣiṇā yajñākhyebhyaḥ ||;!;;Aṣṭādhyāyī Aṣṭādhyāyī, 5, 3: 19 20;tayor dārhilau ca chandasi ||;!;;Aṣṭādhyāyī Aṣṭādhyāyī, 5, 3: 19 77;nītau ca tadyuktāt ||;!;;Aṣṭādhyāyī Aṣṭādhyāyī, 5, 3: 19 106;samāsāc ca tadviṣayāt ||;!;;Āyurvedadīpikā ĀVDīp zu Ca, Sū., 26, 8.9: 43 7;pūrvapakṣaśca kapilamatena te ||;!;;Āyurvedadīpikā ĀVDīp zu Ca, Sū., 26, 81: 87 8;deśo dvividhaḥ bhūmiḥ śarīraṁ ca ||;!;;Ayurvedarasāyana Ayurvedarasāyana zu AHS, Sū., 9, 11.2: 15 11;tatsaṁkare ca yato bāhulyena ||;!;;Ayurvedarasāyana Ayurvedarasāyana zu AHS, Sū., 9, 13.1: 18 4;evaṁ ca tadaṣṭadhā saṁmatam ||;!;;Ayurvedarasāyana Ayurvedarasāyana zu AHS, Sū., 9, 24.2: 28 3;balaṁ ca dvividhaṁ kṛtrimam akṛtrimaṁ ca ||;!;;Ayurvedarasāyana Ayurvedarasāyana zu AHS, Sū., 16, 13.1: 56 3;tac ca tailena ||;!;;Ayurvedarasāyana Ayurvedarasāyana zu AHS, Sū., 16, 13.1: 57 2;tac ca niśi ||;!;;Ayurvedarasāyana Ayurvedarasāyana zu AHS, Sū., 16, 16.1: 61 3;sa ca catuḥṣaṣṭidhā ||;!;;Baudhāyanadharmasūtra BaudhDhSū, 1, 3: 3 43;tayos tad eva pāvanam ||;!;;Carakasaṁhitā Ca, 3, 1: 39 12;tasmād rasaprabhāvataś ca dravyaprabhāvataś ca ;!;;Daśakumāracarita DKCar, 2, 2: 7 258;arthapatau ca tadapayaśo rūḍham ||;!;;Daśakumāracarita DKCar, 2, 3: 8 155;atiṣṭhacca tanmate sa durmatiḥ ||;!;;Daśakumāracarita DKCar, 2, 3: 8 178;akūjacaca sā taṁ janaṁ kṛtāntadṛtīvāhvayantī ||;!;;Daśakumāracarita DKCar, 2, 4: 9 135;te cāsmābhiḥ pratyahamahanyanta ||;!;;Daśakumāracarita DKCar, 2, 5: 10 94;sa ca vilambitaḥ ||;!;;Daśakumāracarita DKCar, 2, 6: 11 6;sa tu tasyāḥ pāṇigrāhakamanujīviṣyati ||;!;;Daśakumāracarita DKCar, 2, 6: 11 36;tāmanvayāva cāvām ||;!;;Daśakumāracarita DKCar, 2, 6: 11 246;sā caināṁ nirbhartsayantī pratyācacakṣe ||;!;;Daśakumāracarita DKCar, 2, 7: 12 8;sa ca tathākārṣīt ||;!;;Daśakumāracarita DKCar, 2, 7: 12 81;taccādya siddham ||;!;;Divyāvadāna Divyāv, 1: 1 9;tacca naivam ||;!;;Divyāvadāna Divyāv, 1: 1 89;sā tenātyayam atyayataḥ kṣamāpitā ||;!;;Divyāvadāna Divyāv, 1: 1 139;tān dṛṣṭvā tasya kāruṇyamutpannam ||;!;;Divyāvadāna Divyāv, 1: 1 142;sa tānutsṛjya padbhyāṁ samprasthitaḥ ||;!;;Divyāvadāna Divyāv, 1: 1 145;sa tasya sakāśamupasaṁkrāntaḥ ||;!;;Divyāvadāna Divyāv, 1: 1 167;sa tasya sakāśamupasaṁkrāntaḥ ||;!;;Divyāvadāna Divyāv, 1: 1 190;sa tairdūrata eva dṛṣṭaḥ ||;!;;Divyāvadāna Divyāv, 1: 1 191;te taṁ pratyavabhāṣitumārabdhāḥ ||;!;;Divyāvadāna Divyāv, 1: 1 194;sa taiḥ snāpito bhojitaḥ ||;!;;Divyāvadāna Divyāv, 1: 1 199;tā api apsaraso .ntarhitāśca ||;!;;Divyāvadāna Divyāv, 1: 1 239;sa tena snāpito bhojitaḥ ||;!;;Divyāvadāna Divyāv, 1: 1 325;tena tasyāḥ pratijñātam ||;!;;Divyāvadāna Divyāv, 1: 1 328;sa tasminneva vimāne uṣitaḥ ||;!;;Divyāvadāna Divyāv, 1: 1 341;sa tasyaurabhrikasya sakāśamupasaṁkrāntaḥ ||;!;;Divyāvadāna Divyāv, 1: 1 369;sa tasyā veśyāyāḥ sakāśamupasaṁkrāntaḥ ||;!;;Divyāvadāna Divyāv, 1: 1 397;sa taiḥ svareṇa pratyabhijñātaḥ ||;!;;Divyāvadāna Divyāv, 1: 1 428;sa tenopasaṁpāditaḥ ||;!;;Divyāvadāna Divyāv, 1: 1 494;taiḥ sa dvāre baddhvā sthāpitaḥ ||;!;;Divyāvadāna Divyāv, 1: 1 508;tena te karapratyāyāḥ samucchinnāḥ ||;!;;Divyāvadāna Divyāv, 2: 2 39;tayā tasyārocitam ||;!;;Divyāvadāna Divyāv, 2: 2 120;tābhiḥ sā pṛṣṭā tayā samākhyātam ||;!;;Divyāvadāna Divyāv, 2: 2 136;te ca daivayogāt samprāptāḥ ||;!;;Divyāvadāna Divyāv, 2: 2 183;sa tamādāya vīthīṁ samprasthitaḥ ||;!;;Divyāvadāna Divyāv, 2: 2 188;sa tat kāṣṭhaṁ nirīkṣitumārabdhaḥ ||;!;;Divyāvadāna Divyāv, 2: 2 219;tena tāstisro gaṇḍikā darśitāḥ ||;!;;Divyāvadāna Divyāv, 2: 2 295;sa saṁsiddhayānapātraśca pratyāgataḥ ||;!;;Divyāvadāna Divyāv, 2: 2 307;tena te śrutāḥ ||;!;;Divyāvadāna Divyāv, 2: 2 337;sa cāhaṁ ca ||;!;;Divyāvadāna Divyāv, 2: 2 419;sa tābhyāṁ mānaṁ grāhitaḥ ||;!;;Divyāvadāna Divyāv, 2: 2 426;sa ca yakṣāṇām yakṣasamitiṁ gataḥ ||;!;;Divyāvadāna Divyāv, 3: 3 106;sa tān māṇavakān maitreyāya anupradāsyati ||;!;;Divyāvadāna Divyāv, 3: 3 197;tatsamanantaraṁ ca śaṅkha āpūritaḥ ||;!;;Divyāvadāna Divyāv, 5: 5 23;sa cātīva kavipriyaḥ ||;!;;Divyāvadāna Divyāv, 7: 7 33;sa tasyāḥ sakāśamupasaṁkrāntaḥ ||;!;;Divyāvadāna Divyāv, 7: 7 34;tasyāśca bhikṣāyāmāyāsaḥ sampannaḥ ||;!;;Divyāvadāna Divyāv, 7: 7 41;sā tāmapanetumārabdhā ||;!;;Divyāvadāna Divyāv, 7: 7 42;tasyāstasminnācāme .ṅguliḥ patitā ||;!;;Divyāvadāna Divyāv, 7: 7 140;sa tasya kṣetraṁ rakṣitumārabdhaḥ ||;!;;Divyāvadāna Divyāv, 7: 7 149;sā tāmādāya gatā ||;!;;Divyāvadāna Divyāv, 7: 7 192;sa tayā prajvalitaḥ pradīpaḥ prajvalatyeva ||;!;;Divyāvadāna Divyāv, 8: 8 265;saṁvṛtā ca sā nadī ||;!;;Divyāvadāna Divyāv, 9: 9 70;taiḥ pratijñātaṁ kriyākāraśca kṛtaḥ ||;!;;Divyāvadāna Divyāv, 10: 10 51;taiścaivaṁ praṇidhānaṁ kṛtam ||;!;;Divyāvadāna Divyāv, 12: 12 176;tat tasyopari nipatitam ||;!;;Divyāvadāna Divyāv, 13: 13 18;sa caivaṁ cintayati ||;!;;Divyāvadāna Divyāv, 13: 13 148;sa tayā mukhabimbakena pratyabhijñātaḥ ||;!;;Divyāvadāna Divyāv, 13: 13 157;tayā gatvā tasyāḥ pracchannaṁ kathitam ||;!;;Divyāvadāna Divyāv, 13: 13 299;tasya tannīlakṛtsnam āmukhībhūtam ||;!;;Divyāvadāna Divyāv, 13: 13 487;sa gṛhapatistaṁ dṛṣṭvā paryavasthitaḥ ||;!;;Divyāvadāna Divyāv, 13: 13 497;sa tasyānugrahārthamavatīrṇaḥ ||;!;;Divyāvadāna Divyāv, 17: 17 222;sa ca rājā janapadān pṛcchati ||;!;;Divyāvadāna Divyāv, 17: 17 326;taiḥ sa rājā dṛṣṭa āgacchan ||;!;;Divyāvadāna Divyāv, 18: 18 200;tadapi cābhyavahṛtam ||;!;;Divyāvadāna Divyāv, 18: 18 207;sa ca svairaṁ bhuñjati ||;!;;Divyāvadāna Divyāv, 18: 18 212;tena tadapi bhuktam ||;!;;Divyāvadāna Divyāv, 18: 18 298;sa ca parinirvṛtaḥ ||;!;;Divyāvadāna Divyāv, 18: 18 301;sa ca bhagavān parinirvṛtaḥ ||;!;;Divyāvadāna Divyāv, 18: 18 372;tasya ca rājño devatayā ārocitam ||;!;;Divyāvadāna Divyāv, 18: 18 390;sa tān dṛṣṭvā pratibuddhaḥ ||;!;;Divyāvadāna Divyāv, 18: 18 506;sa ca gṛhapatiḥ śrāddhaḥ ||;!;;Divyāvadāna Divyāv, 19: 19 232;taistad dṛṣṭam ||;!;;Divyāvadāna Divyāv, 19: 19 273;sa tāṁ gṛhītvā vīthīṁ gataḥ ||;!;;Divyāvadāna Divyāv, 19: 19 289;taiste punaḥ pratyavekṣitāḥ ||;!;;Divyāvadāna Divyāv, 19: 19 291;sa tairgṛhītaḥ ||;!;;Divyāvadāna Divyāv, 19: 19 313;sa taiḥ śabditaḥ ||;!;;Divyāvadāna Divyāv, 19: 19 338;tena tasya kārṣāpaṇasahasraṁ dattam ||;!;;Divyāvadāna Divyāv, 19: 19 404;sa taṁ tāḍayitumārabdhaḥ ||;!;;Divyāvadāna Divyāv, 19: 19 416;sa tasya gṛhaṁ gataḥ ||;!;;Divyāvadāna Divyāv, 19: 19 552;sa tena praveśitaḥ ||;!;;Gautamadharmasūtra GautDhS, 1, 1: 1 2;tadvidāṁ ca smṛtiśīle ||;!;;Gautamadharmasūtra GautDhS, 1, 1: 1 10;tad yasmāt sa ācāryaḥ ||;!;;Gautamadharmasūtra GautDhS, 1, 1: 1 48;tad adbhiḥ pūrvaṁ mṛdā ca ||;!;;Gautamadharmasūtra GautDhS, 1, 2: 2 31;tadbhāryāputreṣu caivam ||;!;;Gautamadharmasūtra GautDhS, 1, 8: 8 7;tadapekṣas tadvṛttiḥ ||;!;;Gautamadharmasūtra GautDhS, 2, 1: 10 63;tena cottaraḥ ||;!;;Gautamadharmasūtra GautDhS, 2, 5: 14 34;tatstrīṇāṁ ca ||;!;;Gautamadharmasūtra GautDhS, 2, 6: 15 12;na ca tena mitrakarma kuryāt ||;!;;Gautamadharmasūtra GautDhS, 2, 6: 15 17;upapatiḥ |yasya ca saḥ ||;!;;Gautamadharmasūtra GautDhS, 3, 3: 21 3;taiś cābdaṁ samācaran ||;!;;Gautamadharmasūtra GautDhS, 3, 3: 21 14;tasya ca pratigrahītetyeke ||;!;;Gopathabrāhmaṇa NEW GB, 1, 1, 11: 11 1;sa āvataś ca parāvataś cānvaikṣata ||;!;;Gopathabrāhmaṇa NEW GB, 1, 1, 23: 23 6;te tam abruvan ||;!;;Gopathabrāhmaṇa NEW GB, 1, 2, 15: 54 28;te pathirakṣayas ta iyakṣamāṇaṁ pratinudantaḥ ||;!;;Jaiminīyabrāhmaṇa JB, 1, 12: 5 7;tām annam akuruta tāṁ pratyudadīpyata ||;!;;Jaiminīyabrāhmaṇa JB, 1, 12: 5 12;tām annam akuruta tāṁ pratyudadīpyata ||;!;;Janmamaraṇavicāra JanMVic, 1: 1 31;sā ca pṛthivyām eva vyavasthitā ||;!;;Kāmasūtra KāSū, 1, 1: 1 3;tatsamayāvabodhakebhyaścācāryebhyaḥ ||;!;;Kāmasūtra KāSū, 2, 8: 13 4;tāni ca vakṣyāmaḥ ||;!;;Kāmasūtra KāSū, 5, 4: 26 18;tasyāstayaiva pratyuttarāṇi yojayet ||;!;;Lalitavistara LalVis, 1: 1 3;tadyathāyuṣmatā ca jñānakauṇḍinyena ||;!;;Lalitavistara LalVis, 12: 12 23;sa tasyāstaṁ lekhamupanāmayati sma ||;!;;Maitrāyaṇīsaṁhitā MS, 2, 1, 1: 18 10;tāṁ vai tasmai kāmāyālabhanta ||;!;;Mṛgendraṭīkā MṛgṬīkā zu MṛgT, Vidyāpāda, 2, 18.1: 52 12;tac ca ghaṭatvād bhinnam ||;!;;Mṛgendraṭīkā MṛgṬīkā zu MṛgT, Vidyāpāda, 3, 2.1: 65 3;tac ca ||;!;;Mṛgendraṭīkā MṛgṬīkā zu MṛgT, Vidyāpāda, 7, 8.2: 139 12;tac cāñjanam ||;!;;Mṛgendraṭīkā MṛgṬīkā zu MṛgT, Vidyāpāda, 8, 3.2: 156 5;tacca ||;!;;Mṛgendraṭīkā MṛgṬīkā zu MṛgT, Vidyāpāda, 8, 4.1: 157 3;bhogyaṁ ca tatphaladvāreṇa ||;!;;Mṛgendraṭīkā MṛgṬīkā zu MṛgT, Vidyāpāda, 12, 3.2: 241 2;sa ca sāttvika eva ||;!;;Mṛgendraṭīkā MṛgṬīkā zu MṛgT, Vidyāpāda, 12, 10.2: 249 3;pāriśeṣyācca manastadvijñeyam ||;!;;Mṛgendraṭīkā MṛgṬīkā zu MṛgT, Vidyāpāda, 12, 16.1: 253 4;na ca tadātmakānyakṣāṇi ||;!;;Mugdhāvabodhinī MuA zu RHT, 6, 13.2: 131 1;taccāha pañcabhirityādi ||;!;;Mugdhāvabodhinī MuA zu RHT, 9, 11.2: 166 1;taccāha sasyakamityādi ||;!;;Mugdhāvabodhinī MuA zu RHT, 9, 12.2: 167 1;taccāha kṣārairityādi ||;!;;Mugdhāvabodhinī MuA zu RHT, 9, 15.2: 170 1;taccāha raktagaṇetyādi ||;!;;Mugdhāvabodhinī MuA zu RHT, 11, 10.2: 193 1;taccāha raktetyādi ||;!;;Mugdhāvabodhinī MuA zu RHT, 13, 2.2: 210 1;taccāha mākṣīketyādi ||;!;;Mugdhāvabodhinī MuA zu RHT, 13, 3.2: 211 1;taccāha mākṣīketyādi ||;!;;Mugdhāvabodhinī MuA zu RHT, 13, 6: 214 1;taccāha kāntetyādi ||;!;;Mugdhāvabodhinī MuA zu RHT, 14, 8.1: 218 6;taccāha saṁsthāpyetyādi ||;!;;Mugdhāvabodhinī MuA zu RHT, 14, 8.1: 218 8;taccāha lavaṇetyādi ||;!;;Mugdhāvabodhinī MuA zu RHT, 14, 8.1: 218 13;taccāha tāvadityādi ||;!;;Mugdhāvabodhinī MuA zu RHT, 14, 8.1: 218 16;taccāha utkhanyetyādi ||;!;;Mugdhāvabodhinī MuA zu RHT, 14, 8.1: 218 23;taccāha paścādityādi ||;!;;Mugdhāvabodhinī MuA zu RHT, 14, 14.2: 223 3;taccāha bāhya ityādi ||;!;;Mugdhāvabodhinī MuA zu RHT, 16, 16.2: 252 4;sā ca mṛdā mṛtsnayā lepyā ||;!;;Mugdhāvabodhinī MuA zu RHT, 18, 40.3: 300 3;taccāha ahītyādi ||;!;;Mugdhāvabodhinī MuA zu RHT, 18, 55.2: 305 3;taccāha nirguṇḍītyādi ||;!;;Mugdhāvabodhinī MuA zu RHT, 18, 55.2: 305 6;taccāha tāre ityādi ||;!;;Mugdhāvabodhinī MuA zu RHT, 18, 57.1: 306 4;taccāha hemnetyādi ||;!;;Mugdhāvabodhinī MuA zu RHT, 18, 59.1: 307 2;taccāha krāmaṇetyādi ||;!;;Mugdhāvabodhinī MuA zu RHT, 18, 63.2: 308 1;taccāha yantramityādi ||;!;;Mugdhāvabodhinī MuA zu RHT, 18, 63.2: 308 11;taccāha gṛhṇīyād ityādi ||;!;;Mugdhāvabodhinī MuA zu RHT, 18, 67.2: 309 5;taccāha madhye ityādi ||;!;;Mugdhāvabodhinī MuA zu RHT, 18, 67.2: 309 8;taccāha liptvetyādi ||;!;;Mugdhāvabodhinī MuA zu RHT, 18, 70.2: 312 1;taccāha paścādityādi ||;!;;Mugdhāvabodhinī MuA zu RHT, 19, 23.2: 333 1;taccāha trikaṭuketyādi ||;!;;Mugdhāvabodhinī MuA zu RHT, 19, 33.2: 338 5;taccāha triphaletyādi ||;!;;Mugdhāvabodhinī MuA zu RHT, 19, 33.2: 338 9;taccāha māsenetyādi ||;!;;Mugdhāvabodhinī MuA zu RHT, 19, 48.2: 350 1;taccāha varjitetyādi ||;!;;Mugdhāvabodhinī MuA zu RHT, 19, 53.2: 355 1;taccāha karkoṭītyādi ||;!;;Mugdhāvabodhinī MuA zu RHT, 19, 56.2: 358 1;taccāha śarapuṅkhetyādi ||;!;;Mugdhāvabodhinī MuA zu RHT, 19, 64.2: 363 5;taccāha evamityādi ||;!;;Nāṭyaśāstravivṛti NŚVi zu NāṭŚ, 6, 66.2: 2 25;omityāha sa ceti ||;!;;Nāṭyaśāstravivṛti NŚVi zu NāṭŚ, 6, 32.2: 1 12;sa cobhayorapi ||;!;;Nāṭyaśāstravivṛti NŚVi zu NāṭŚ, 6, 32.2: 1 140;na ca sā pratītiryuktā ||;!;;Nibandhasaṁgraha NiSaṁ zu Su, Sū., 1, 25.1: -1 1;tadyuktam teṣāmityādi ||;!;;Nibandhasaṁgraha NiSaṁ zu Su, Sū., 24, 11.2: -1 2;ceti iti teṣu prāgabhidhānaṁ punararthe ||;!;;Nibandhasaṁgraha NiSaṁ zu Su, Utt., 1, 8.1: -1 19;yathāśastram tasya ca ||;!;;Nyāyasūtra NyāSū, 2, 1: 3 28;taiścāpadeśo jñānaviśeṣāṇām ||;!;;Nyāyasūtra NyāSū, 3, 1: 5 71;tena eva tasyāgrahaṇāt ca ||;!;;Nyāyasūtra NyāSū, 4, 2: 8 8;teṣu cāvṛtteravayavyabhāvaḥ ||;!;;Nyāyasūtra NyāSū, 4, 2: 8 45;tadabhāvaścāpavarge ||;!;;Pañcārthabhāṣya PABh zu PāśupSūtra, 1, 9: 9 62;sā ca hiṁsā trividhā bhavati ||;!;;Pañcārthabhāṣya PABh zu PāśupSūtra, 1, 9: 9 141;saṁvyavahāraśca punardvividhaḥ ||;!;;Pañcārthabhāṣya PABh zu PāśupSūtra, 1, 9: 9 239;tac ca śaucaṁ trividham ||;!;;Pañcārthabhāṣya PABh zu PāśupSūtra, 1, 16: 17 3;sa ca puruṣavṛttir draṣṭavyaḥ ||;!;;Pañcārthabhāṣya PABh zu PāśupSūtra, 1, 18: 19 10;te cotpannā matāv abhivyajyante ||;!;;Pañcārthabhāṣya PABh zu PāśupSūtra, 1, 21: 22 3;tatprāptiś ca yogapravṛttitaḥ ||;!;;Pañcārthabhāṣya PABh zu PāśupSūtra, 1, 24: 25 13;tac ca na ||;!;;Pañcārthabhāṣya PABh zu PāśupSūtra, 2, 18: 63 8;taducyate tadarthameva ||;!;;Pañcārthabhāṣya PABh zu PāśupSūtra, 2, 19: 64 4;tasmādatra tapastadeva ||;!;;Pañcārthabhāṣya PABh zu PāśupSūtra, 4, 1: 99 9;tasmādatra tapastadeva ||;!;;Pañcārthabhāṣya PABh zu PāśupSūtra, 4, 7.1: 105 17;tac ca trividhamutsṛṣṭam ||;!;;Pañcārthabhāṣya PABh zu PāśupSūtra, 4, 8: 106 16;taducyate taṁ guṇaṁ jñātvā vakṣyāmaḥ ||;!;;Pañcārthabhāṣya PABh zu PāśupSūtra, 4, 12: 110 7;sa teṣām iṣṭāpūrtam ādatteti ||;!;;Pañcārthabhāṣya PABh zu PāśupSūtra, 5, 34: 156 37;sa bhavatu teṣām ||;!;;Pañcārthabhāṣya PABh zu PāśupSūtra, 5, 34: 156 81;te bhavantu teṣām ||;!;;Parāśarasmṛtiṭīkā Parāśarasmṛtiṭīkā zu ParDhSmṛti, 2, 2.1: 1 16;tacca sarvatra prasiddham ||;!;;Parāśarasmṛtiṭīkā Parāśarasmṛtiṭīkā zu ParDhSmṛti, 2, 15.2: 16 7;te cāśramāścaturvidhāḥ ||;!;;Parāśarasmṛtiṭīkā Parāśarasmṛtiṭīkā zu ParDhSmṛti, 2, 15.2: 16 81;tacca snānānantaraṁ kāryam ||;!;;Parāśarasmṛtiṭīkā Parāśarasmṛtiṭīkā zu ParDhSmṛti, 2, 15.2: 16 257;tacca navatantukaṁ kāryam ||;!;;Parāśarasmṛtiṭīkā Parāśarasmṛtiṭīkā zu ParDhSmṛti, 2, 15.2: 16 391;tacca ṣoḍaśe varṣe kāryam ||;!;;Parāśarasmṛtiṭīkā Parāśarasmṛtiṭīkā zu ParDhSmṛti, 2, 15.2: 16 598;tāni ca niṣedhavacanāni yathā ||;!;;Pāraskaragṛhyasūtra Pāraskaragṛhyasūtra, 1, 8: 6 13;tasmāt tayor grāmaḥ pramānam iti śruteḥ ||;!;;Pāśupatasūtra PāśupSūtra, 3: 3 8;pāpaṁ ca tebhyo dadāti ||;!;;Pāśupatasūtra PāśupSūtra, 3: 3 9;sukṛtaṁ ca teṣāmādatte ||;!;;Pāśupatasūtra PāśupSūtra, 4: 4 11;sa teṣāmiṣṭāpūrtamādatta ||;!;;Prasannapadā Prasannapadā zu MMadhKār, 1, 3.2: 2 21;sā ca kriyā vijñānaṁ janayati ||;!;;Rasādhyāyaṭīkā RAdhyṬ zu RAdhy, 12.2: 3 23;māritasya ca tasya krāmaṇam ||;!;;Rasādhyāyaṭīkā RAdhyṬ zu RAdhy, 42.2: 14 6;taiśca kāñjikaṁ galitvā yāti ||;!;;Rasādhyāyaṭīkā RAdhyṬ zu RAdhy, 69.2: 19 3;tac caivam ||;!;;Rasaratnasamuccayabodhinī RRSBoṬ zu RRS, 8, 49.2: 83 4;tat capalībhūtaṁ nāgaṁ vaṅgaṁ ca ||;!;;Rasaratnasamuccayaṭīkā RRSṬīkā zu RRS, 8, 32.2: 72 9;tadapi pratyekaṁ dvividham ||;!;;Rasaratnasamuccayaṭīkā RRSṬīkā zu RRS, 8, 32.2: 72 13;tadapi pratyekaṁ dvividham ||;!;;Rasaratnasamuccayaṭīkā RRSṬīkā zu RRS, 8, 64.2: 88 7;te ca mardanāgnibhyāṁ naśyanti ||;!;;Rasaratnasamuccayaṭīkā RRSṬīkā zu RRS, 8, 89.2: 106 3;sa ca pāradaḥ kīdṛśaḥ ||;!;;Rasaratnasamuccayaṭīkā RRSṬīkā zu RRS, 9, 12.2: 116 1;kacchapayantraṁ dvividhaṁ jalakacchapaṁ ;!;;Rasaratnasamuccayaṭīkā RRSṬīkā zu RRS, 4, 34.2: 33 5;sa cānekavidhaḥ ||;!;;Rasaratnasamuccayaṭīkā RRSṬīkā zu RRS, 9, 35.3: 122 15;sa ca varṇo jñeyaḥ ||;!;;Rasaratnasamuccayaṭīkā RRSṬīkā zu RRS, 10, 8.2: 139 9;te ca dagdhā eva grāhyāḥ ||;!;;Rasaratnasamuccayaṭīkā RRSṬīkā zu RRS, 5, 78.2: 39 2;sa cāpratisiddhārthaḥ ||;!;;Rasaratnasamuccayaṭīkā RRSṬīkā zu RRS, 3, 116.2: 17 2;sa ca pītavarṇaḥ ||;!;;Rasaratnasamuccayaṭīkā RRSṬīkā zu RRS, 11, 22.2: 172 2;te ca saptavidhāḥ ||;!;;Rasaratnasamuccayaṭīkā RRSṬīkā zu RRS, 11, 71.2: 179 5;sa ca khoṭabandho bodhyaḥ ||;!;;Rasaratnasamuccayaṭīkā RRSṬīkā zu RRS, 5, 190: 43 1;tat pittalaṁ dvividham ||;!;;Rasaratnasamuccayaṭīkā RRSṬīkā zu RRS, 11, 86.2: 187 6;evaṁ ca mūrtibandho dvividhaḥ sambhavati ||;!;;Ratnaṭīkā GaṇaKārṬīkā zu GaṇaKār, 6.1: 8 61;te ca svātmasaṁvedye iti ||;!;;Ratnaṭīkā GaṇaKārṬīkā zu GaṇaKār, 6.1: 8 135;tac ca viṁśatibhedam ||;!;;Saṅghabhedavastu SBhedaV, 1: 1 114;tac ca dharmeṇa nādharmeṇa ||;!;;Śāṅkhāyanagṛhyasūtra ŚGṛS, 1, 8: 4 25;tāḥ praṇītāḥ prokṣaṇīś ca ||;!;;Śāṅkhāyanāraṇyaka ŚāĀr, 3, 2: 28 5;taṁ yaḥ pratyāha tam atisṛjate ||;!;;Śāṅkhāyanāraṇyaka ŚāĀr, 3, 5: 31 19;tasya bhūtaṁ ca bhaviṣyacca pūrvau pādau ||;!;;Śāṅkhāyanāraṇyaka ŚāĀr, 7, 1: 77 3;tan mām avatu tad vaktāram avatvavatu mām avatu ;!;;Śāṅkhāyanāraṇyaka ŚāĀr, 8, 7: 106 5;sa yat karaṇīyaṁ manyeta tat kuryāt ||;!;;Śārṅgadharasaṁhitādīpikā ŚSDīp zu ŚdhSaṁh, 1, 3, 9.1: 10 22;te ca doṣadūṣyatādayaḥ ||;!;;Śārṅgadharasaṁhitādīpikā ŚSDīp zu ŚdhSaṁh, 2, 11, 7.1: 13 10;tacca kukkuṭapuṭasaṁjñayā vihitam ||;!;;Śārṅgadharasaṁhitādīpikā ŚSDīp zu ŚdhSaṁh, 2, 11, 35.2: 23 13;yatastat tāmraṁ dvividham ||;!;;Sarvāṅgasundarā SarvSund zu AHS, Sū., 9, 24.2: 28 9;virodhaśca dvividhaḥ svarūpataḥ kāryataśca ||;!;;Sūryaśatakaṭīkā Sūryaśatakaṭīkā zu SūryaŚ, 1, 3.2: 3 16;tena śramastasmājjātastamiva ||;!;;Suśrutasaṁhitā Su, 1, 27: 27 3;śalyaṁ dvividham avabaddham anavabaddhaṁ ca ||;!;;Tantrākhyāyikā TAkhy, 1: 1 14;tāṁ ca dṛṣṭvācintayat ||;!;;Tantrākhyāyikā TAkhy, 1: 1 153;taiścābhihitaḥ ||;!;;Tantrākhyāyikā TAkhy, 1: 1 207;taṁ ca vyāpādyainaṁ bhakṣayiṣyāmi ||;!;;Tantrākhyāyikā TAkhy, 1: 1 274;te tam āhuḥ ||;!;;Tantrākhyāyikā TAkhy, 1: 1 343;tasmiṁś cāpayāte gomāyur abhihitavān ||;!;;Tantrākhyāyikā TAkhy, 1: 1 347;apayāte ca tasmin dvīpyāha ||;!;;Tantrākhyāyikā TAkhy, 1: 1 409;tac ca śrutvānāgatavidhātrā cintitam ||;!;;Tantrākhyāyikā TAkhy, 1: 1 577;tac ca śrutvā dharmabuddhiś cintayāmāsa ||;!;;Tantrākhyāyikā TAkhy, 1: 1 609;pratyāgataś ca tāṁ tulāṁ tasmāt prārthitavān ||;!;;Tantrākhyāyikā TAkhy, 1: 1 610;tenoktaṁ ca ||;!;;Tantrākhyāyikā TAkhy, 2: 2 69;tac ca śrutvā brāhmaṇyāha ||;!;;Tantrākhyāyikā TAkhy, 2: 2 90;sā tam āha ||;!;;Tantrākhyāyikā TAkhy, 2: 2 312;sa cāha ||;!;;Tantrasāra TantraS, 7: 7 12;tac ca brahmāṇḍavad asaṁkhyam ||;!;;Tantrasāra TantraS, 14: 14 2;sa ca vistīrṇaḥ tantrālokāt avadhāryaḥ ||;!;;Tantrasāra TantraS, 1: 1 9;tac ca śāstrapūrvakam ||;!;;Vaiśeṣikasūtravṛtti VaiSūVṛ zu VaiśSū, 2, 2, 33.1: 61 4;na ca tāni vyañjakāni kutaḥ ||;!;;Vaiśeṣikasūtravṛtti VaiSūVṛ zu VaiśSū, 4, 2, 4: 122 2;tacca ||;!;;Vaiśeṣikasūtravṛtti VaiSūVṛ zu VaiśSū, 10, 20.1: 338 2;tasya cāmnāyāt samadhigama uktaḥ ||;!;;Viṁśatikāvṛtti ViṁVṛtti zu ViṁKār, 1, 15.2: 25 10;sa caiko na sidhyati ||;!;;Viṣṇupurāṇa ViPur, 4, 3: 59 7;sā cainaṁ rasātalaṁ nītavatī ||;!;;Viṣṇupurāṇa ViPur, 4, 3: 59 30;sā tasya bhāryā citāṁ kṛtvā tam ;!;;Viṣṇupurāṇa ViPur, 4, 4: 60 51;apaśyacca tan māṁsaṁ mānuṣam ||;!;;Viṣṇupurāṇa ViPur, 4, 6: 62 8;sa ca rājasūyam akarot ||;!;;Viṣṇupurāṇa ViPur, 4, 6: 62 68;tāsāṁ cāpsarasām ūrvaśī kathayāmāsa ||;!;;Viṣṇupurāṇa ViPur, 4, 6: 62 70;evam uktās tāś cāpsarasa ūcuḥ ||;!;;Viṣṇupurāṇa ViPur, 4, 7: 63 13;tāṁ ca bhārgavaḥ ṛcīko vavre ||;!;;Viṣṇupurāṇa ViPur, 4, 7: 63 32;anantaraṁ ca sā jamadagnim ajījanat ||;!;;Viṣṇupurāṇa ViPur, 4, 7: 63 33;tanmātā ca viśvāmitraṁ janayāmāsa ||;!;;Viṣṇupurāṇa ViPur, 4, 8: 64 2;tasyāṁ ca pañca putrān utpādayāmāsa ||;!;;Viṣṇupurāṇa ViPur, 4, 12: 68 43;tataś cāṁśus tasmācca satvataḥ ||;!;;Viṣṇupurāṇa ViPur, 4, 13: 69 4;tayoś cāyaṁ śloko gīyate ||;!;;Viṣṇupurāṇa ViPur, 4, 13: 69 103;sa tatraiva ca tasthau ||;!;;Viṣṇupurāṇa ViPur, 4, 14: 70 19;tāś ca sarvā vasudeva upayeme ||;!;;Viṣṇupurāṇa ViPur, 4, 14: 70 30;tasya ca ;!;;Viṣṇupurāṇa ViPur, 4, 14: 70 34;tāṁ ca pāṇḍur uvāha ||;!;;Viṣṇupurāṇa ViPur, 4, 14: 70 45;tasyāṁ ca śiśupālam utpādayāmāsa ||;!;;Viṣṇupurāṇa ViPur, 4, 18: 74 7;tasmācca mahāmanāḥ ||;!;;Viṣṇupurāṇa ViPur, 4, 19: 75 43;tasmāc cāṇuhaḥ ||;!;;Viṣṇupurāṇa ViPur, 4, 19: 75 46;tataś ca viṣvaksenas tasmād udaksenaḥ ||;!;;Viṣṇupurāṇa ViPur, 4, 19: 75 47;bhallābhas tasya cātmajaḥ ||;!;;Viṣṇupurāṇa ViPur, 4, 20: 76 16;tataś ca tam ūcur brāhmaṇāḥ ||;!;;Viṣṇupurāṇa ViPur, 4, 21: 77 16;tasmācca kṣemakaḥ ||;!;;Viṣṇupurāṇa ViPur, 4, 22: 78 10;tatputraśca sumitraḥ ||;!;;Viṣṇupurāṇa ViPur, 4, 24: 80 6;tasya ca nandivardhanaḥ ||;!;;Viṣṇupurāṇa ViPur, 4, 24: 80 11;tasya ca putraḥ kṣemadharmā ||;!;;Viṣṇupurāṇa ViPur, 4, 24: 80 16;tasmāccodayanaḥ ||;!;;Viṣṇusmṛti ViSmṛ, 2: 2 4;teṣāṁ ca dharmāḥ ||;!;;Viṣṇusmṛti ViSmṛ, 3: 3 34;taddūṣakāṁś ca hanyāt ||;!;;Viṣṇusmṛti ViSmṛ, 5: 5 46;tāṁ ca bibhṛyāt ||;!;;Viṣṇusmṛti ViSmṛ, 5: 5 59;sarve ca tatsvāmināṁ tadutpattim ||;!;;Viṣṇusmṛti ViSmṛ, 5: 5 107;taccāpāsyāt ||;!;;Viṣṇusmṛti ViSmṛ, 5: 5 109;tac ca yojayet ||;!;;Viṣṇusmṛti ViSmṛ, 5: 5 114;na ca tān jahyāt ||;!;;Viṣṇusmṛti ViSmṛ, 5: 5 123;tadakūṭe kūṭavādinaś ca ||;!;;Viṣṇusmṛti ViSmṛ, 5: 5 168;tatsaṁvidaṁ yaś ca laṅghayet ||;!;;Viṣṇusmṛti ViSmṛ, 9: 9 24;sā ca na vāti vāyau ||;!;;Viṣṇusmṛti ViSmṛ, 15: 15 12;sa ca pāṇigrāhasya ||;!;;Viṣṇusmṛti ViSmṛ, 15: 15 17;sa ca pāṇigrāhasya ||;!;;Viṣṇusmṛti ViSmṛ, 15: 15 21;sa ca yena krītaḥ ||;!;;Viṣṇusmṛti ViSmṛ, 15: 15 23;sa ca yasyopagataḥ ||;!;;Viṣṇusmṛti ViSmṛ, 15: 15 26;sa ca yena gṛhītaḥ ||;!;;Viṣṇusmṛti ViSmṛ, 15: 15 30;sa cānyān bibhṛyāt ||;!;;Viṣṇusmṛti ViSmṛ, 20: 20 13;sa ca pitāmahasyāhaḥ ||;!;;Viṣṇusmṛti ViSmṛ, 22: 22 60;tadaśrupātakārī ca ||;!;;Viṣṇusmṛti ViSmṛ, 35: 35 2;tatsaṁyogaśca ||;!;;Viṣṇusmṛti ViSmṛ, 37: 37 17;tasya ca kanyādānam ||;!;;Viṣṇusmṛti ViSmṛ, 54: 54 22;taṁ ca bhūyaścopanayet ||;!;;Viṣṇusmṛti ViSmṛ, 96: 96 73;tanmūle ca dve ||;!;;Yogasūtra YS, 1: 1 28;tajjapas tadarthabhāvanam ||;!;;Yogasūtrabhāṣya YSBhā zu YS, 2, 24.1: 68 7;sa tām āha ||;!;;Yogasūtrabhāṣya YSBhā zu YS, 3, 44.1: 110 12;sa ca bhedābhedavivakṣitaḥ ||;!;;Yogasūtrabhāṣya YSBhā zu YS, 4, 10.1: 125 10;nimittaṁ ca dvividhaṁ bāhyam ādhyātmikaṁ ca ||;!;;
RRSṬīkā zu RRS, 10, 32.2: 155;9 1;bhūmikoṣṭhī calatkoṣṭhī ca ||;
RRSṬīkā zu RRS, 10, 32.2: 155;10 1;yatkoṣṭhīyantraṁ prāguditaṁ sā calatkoṣṭhīti nigadyate ||;
RRSṬīkā zu RRS, 10, 32.2: 155;11 1;idānīm ucyamānāstu sarvā bhūmikoṣṭhyaḥ ||;
RRSṬīkā zu RRS, 10, 32.2: 155;12 1;tāśca dvividhāḥ ||;Pañcārthabhāṣya PABh zu PāśupSūtra, 1, 9: 9 119;tac ca dvividham ||;GOOD;;Pañcārthabhāṣya PABh zu PāśupSūtra, 5, 38: 160 9;sā ca cintā dvividhā bhavati ||;GOOD;;Rasaratnasamuccayaṭīkā RRSṬīkā zu RRS, 10, 32.2: 155 8;sā ca dvividhā ||;GOOD;;Saṅghabhedavastu SBhedaV, 1: 1 128;sa teṣāṁ nigṛhītavyāṁś ca nigṛhṇāti pragṛhītavyāṁś ca ;GOOD;;Śārṅgadharasaṁhitādīpikā ŚSDīp zu ŚdhSaṁh, 2, 11, 72.1: 36 11;tacca dvividham ||;GOOD;;Suśrutasaṁhitā Su, 1, 11: 11 6;sa dvividhaḥ pratisāraṇīyaḥ pānīyaś ca ||;GOOD;;Suśrutasaṁhitā Su, 1, 26: 26 4;taddvividhaṁ śārīram āgantukaṁ ca ||;GOOD;;Viṣṇupurāṇa ViPur, 4, 12: 68 36;sa ca tāṁ snuṣām upayeme ||;GOOD;;Viṣṇusmṛti ViSmṛ, 5: 5 133;tac ca teṣāṁ dadyāt ||;GOOD;;Aitareyabrāhmaṇa AitBr, 1, 4: 4 5;tattan nādṛtyam ||;!;;Aitareyabrāhmaṇa AitBr, 1, 11: 11 2;tat tan nādṛtyam ||;!;;Aitareyabrāhmaṇa AitBr, 2, 22: 52 2;tat tan nādṛtyam ||;!;;Aitareyabrāhmaṇa AitBr, 3, 18: 89 10;tat tan nādṛtyam ||;!;;Āpastambagṛhyasūtra ĀpGṛSū, 12: 11 9;tasmā anvāha tat savitur iti ||;!;;Arthaśāstra ArthaŚ, 1, 4: 4 15;sa tena guptaḥ prabhavati iti ||;!;;Arthaśāstra ArthaŚ, 1, 10: 10 10;tenodvegena rājā tān avarundhyāt ||;!;;Arthaśāstra ArthaŚ, 1, 15: 15 24;te yathā brūyustat kuryāt ||;!;;Arthaśāstra ArthaŚ, 1, 15: 15 42;tān ekaikaśaḥ pṛcchet samastāṁśca ||;!;;Arthaśāstra ArthaŚ, 1, 15: 15 55;sa taccakṣuḥ ||;!;;Arthaśāstra ArthaŚ, 4, 8: 47 2;tāṁścāpadeśaiḥ pratisamānayet ||;!;;Aṣṭādhyāyī Aṣṭādhyāyī, 1, 4: 4 55;tatprayojako hetuś ca ||;!;;Aṣṭādhyāyī Aṣṭādhyāyī, 4, 2: 14 59;tad adhīte tad veda ||;!;;Aṣṭādhyāyī Aṣṭādhyāyī, 4, 2: 14 66;chandobrāhmaṇāni ca tadviṣayāṇi ||;!;;Aṣṭādhyāyī Aṣṭādhyāyī, 4, 2: 14 124;janapadatadavadhyoś ca ||;!;;Aṣṭādhyāyī Aṣṭādhyāyī, 4, 3: 15 2;tasminn aṇi ca yuṣmākāsmākau ||;!;;Aṣṭādhyāyī Aṣṭādhyāyī, 4, 3: 15 155;ñitaś ca tatpratyayāt ||;!;;Aṣṭādhyāyī Aṣṭādhyāyī, 7, 3: 27 29;tatpratyayasya ca ||;!;;Aṣṭādhyāyī Aṣṭādhyāyī, 5, 1: 17 16;tad asya tad asmin syād iti ||;!;;Aṣṭādhyāyī Aṣṭādhyāyī, 5, 1: 17 95;tasya ca dakṣiṇā yajñākhyebhyaḥ ||;!;;Aṣṭādhyāyī Aṣṭādhyāyī, 5, 3: 19 20;tayor dārhilau ca chandasi ||;!;;Aṣṭādhyāyī Aṣṭādhyāyī, 5, 3: 19 77;nītau ca tadyuktāt ||;!;;Aṣṭādhyāyī Aṣṭādhyāyī, 5, 3: 19 106;samāsāc ca tadviṣayāt ||;!;;Āyurvedadīpikā ĀVDīp zu Ca, Sū., 26, 8.9: 43 7;pūrvapakṣaśca kapilamatena te ||;!;;Āyurvedadīpikā ĀVDīp zu Ca, Sū., 26, 81: 87 8;deśo dvividhaḥ bhūmiḥ śarīraṁ ca ||;!;;Ayurvedarasāyana Ayurvedarasāyana zu AHS, Sū., 9, 11.2: 15 11;tatsaṁkare ca yato bāhulyena ||;!;;Ayurvedarasāyana Ayurvedarasāyana zu AHS, Sū., 9, 13.1: 18 4;evaṁ ca tadaṣṭadhā saṁmatam ||;!;;Ayurvedarasāyana Ayurvedarasāyana zu AHS, Sū., 9, 24.2: 28 3;balaṁ ca dvividhaṁ kṛtrimam akṛtrimaṁ ca ||;!;;Ayurvedarasāyana Ayurvedarasāyana zu AHS, Sū., 16, 13.1: 56 3;tac ca tailena ||;!;;Ayurvedarasāyana Ayurvedarasāyana zu AHS, Sū., 16, 13.1: 57 2;tac ca niśi ||;!;;Ayurvedarasāyana Ayurvedarasāyana zu AHS, Sū., 16, 16.1: 61 3;sa ca catuḥṣaṣṭidhā ||;!;;Baudhāyanadharmasūtra BaudhDhSū, 1, 3: 3 43;tayos tad eva pāvanam ||;!;;Carakasaṁhitā Ca, 3, 1: 39 12;tasmād rasaprabhāvataś ca dravyaprabhāvataś ca ;!;;Daśakumāracarita DKCar, 2, 2: 7 258;arthapatau ca tadapayaśo rūḍham ||;!;;Daśakumāracarita DKCar, 2, 3: 8 155;atiṣṭhacca tanmate sa durmatiḥ ||;!;;Daśakumāracarita DKCar, 2, 3: 8 178;akūjacaca sā taṁ janaṁ kṛtāntadṛtīvāhvayantī ||;!;;Daśakumāracarita DKCar, 2, 4: 9 135;te cāsmābhiḥ pratyahamahanyanta ||;!;;Daśakumāracarita DKCar, 2, 5: 10 94;sa ca vilambitaḥ ||;!;;Daśakumāracarita DKCar, 2, 6: 11 6;sa tu tasyāḥ pāṇigrāhakamanujīviṣyati ||;!;;Daśakumāracarita DKCar, 2, 6: 11 36;tāmanvayāva cāvām ||;!;;Daśakumāracarita DKCar, 2, 6: 11 246;sā caināṁ nirbhartsayantī pratyācacakṣe ||;!;;Daśakumāracarita DKCar, 2, 7: 12 8;sa ca tathākārṣīt ||;!;;Daśakumāracarita DKCar, 2, 7: 12 81;taccādya siddham ||;!;;Divyāvadāna Divyāv, 1: 1 9;tacca naivam ||;!;;Divyāvadāna Divyāv, 1: 1 89;sā tenātyayam atyayataḥ kṣamāpitā ||;!;;Divyāvadāna Divyāv, 1: 1 139;tān dṛṣṭvā tasya kāruṇyamutpannam ||;!;;Divyāvadāna Divyāv, 1: 1 142;sa tānutsṛjya padbhyāṁ samprasthitaḥ ||;!;;Divyāvadāna Divyāv, 1: 1 145;sa tasya sakāśamupasaṁkrāntaḥ ||;!;;Divyāvadāna Divyāv, 1: 1 167;sa tasya sakāśamupasaṁkrāntaḥ ||;!;;Divyāvadāna Divyāv, 1: 1 190;sa tairdūrata eva dṛṣṭaḥ ||;!;;Divyāvadāna Divyāv, 1: 1 191;te taṁ pratyavabhāṣitumārabdhāḥ ||;!;;Divyāvadāna Divyāv, 1: 1 194;sa taiḥ snāpito bhojitaḥ ||;!;;Divyāvadāna Divyāv, 1: 1 199;tā api apsaraso .ntarhitāśca ||;!;;Divyāvadāna Divyāv, 1: 1 239;sa tena snāpito bhojitaḥ ||;!;;Divyāvadāna Divyāv, 1: 1 325;tena tasyāḥ pratijñātam ||;!;;Divyāvadāna Divyāv, 1: 1 328;sa tasminneva vimāne uṣitaḥ ||;!;;Divyāvadāna Divyāv, 1: 1 341;sa tasyaurabhrikasya sakāśamupasaṁkrāntaḥ ||;!;;Divyāvadāna Divyāv, 1: 1 369;sa tasyā veśyāyāḥ sakāśamupasaṁkrāntaḥ ||;!;;Divyāvadāna Divyāv, 1: 1 397;sa taiḥ svareṇa pratyabhijñātaḥ ||;!;;Divyāvadāna Divyāv, 1: 1 428;sa tenopasaṁpāditaḥ ||;!;;Divyāvadāna Divyāv, 1: 1 494;taiḥ sa dvāre baddhvā sthāpitaḥ ||;!;;Divyāvadāna Divyāv, 1: 1 508;tena te karapratyāyāḥ samucchinnāḥ ||;!;;Divyāvadāna Divyāv, 2: 2 39;tayā tasyārocitam ||;!;;Divyāvadāna Divyāv, 2: 2 120;tābhiḥ sā pṛṣṭā tayā samākhyātam ||;!;;Divyāvadāna Divyāv, 2: 2 136;te ca daivayogāt samprāptāḥ ||;!;;Divyāvadāna Divyāv, 2: 2 183;sa tamādāya vīthīṁ samprasthitaḥ ||;!;;Divyāvadāna Divyāv, 2: 2 188;sa tat kāṣṭhaṁ nirīkṣitumārabdhaḥ ||;!;;Divyāvadāna Divyāv, 2: 2 219;tena tāstisro gaṇḍikā darśitāḥ ||;!;;Divyāvadāna Divyāv, 2: 2 295;sa saṁsiddhayānapātraśca pratyāgataḥ ||;!;;Divyāvadāna Divyāv, 2: 2 307;tena te śrutāḥ ||;!;;Divyāvadāna Divyāv, 2: 2 337;sa cāhaṁ ca ||;!;;Divyāvadāna Divyāv, 2: 2 419;sa tābhyāṁ mānaṁ grāhitaḥ ||;!;;Divyāvadāna Divyāv, 2: 2 426;sa ca yakṣāṇām yakṣasamitiṁ gataḥ ||;!;;Divyāvadāna Divyāv, 3: 3 106;sa tān māṇavakān maitreyāya anupradāsyati ||;!;;Divyāvadāna Divyāv, 3: 3 197;tatsamanantaraṁ ca śaṅkha āpūritaḥ ||;!;;Divyāvadāna Divyāv, 5: 5 23;sa cātīva kavipriyaḥ ||;!;;Divyāvadāna Divyāv, 7: 7 33;sa tasyāḥ sakāśamupasaṁkrāntaḥ ||;!;;Divyāvadāna Divyāv, 7: 7 34;tasyāśca bhikṣāyāmāyāsaḥ sampannaḥ ||;!;;Divyāvadāna Divyāv, 7: 7 41;sā tāmapanetumārabdhā ||;!;;Divyāvadāna Divyāv, 7: 7 42;tasyāstasminnācāme .ṅguliḥ patitā ||;!;;Divyāvadāna Divyāv, 7: 7 140;sa tasya kṣetraṁ rakṣitumārabdhaḥ ||;!;;Divyāvadāna Divyāv, 7: 7 149;sā tāmādāya gatā ||;!;;Divyāvadāna Divyāv, 7: 7 192;sa tayā prajvalitaḥ pradīpaḥ prajvalatyeva ||;!;;Divyāvadāna Divyāv, 8: 8 265;saṁvṛtā ca sā nadī ||;!;;Divyāvadāna Divyāv, 9: 9 70;taiḥ pratijñātaṁ kriyākāraśca kṛtaḥ ||;!;;Divyāvadāna Divyāv, 10: 10 51;taiścaivaṁ praṇidhānaṁ kṛtam ||;!;;Divyāvadāna Divyāv, 12: 12 176;tat tasyopari nipatitam ||;!;;Divyāvadāna Divyāv, 13: 13 18;sa caivaṁ cintayati ||;!;;Divyāvadāna Divyāv, 13: 13 148;sa tayā mukhabimbakena pratyabhijñātaḥ ||;!;;Divyāvadāna Divyāv, 13: 13 157;tayā gatvā tasyāḥ pracchannaṁ kathitam ||;!;;Divyāvadāna Divyāv, 13: 13 299;tasya tannīlakṛtsnam āmukhībhūtam ||;!;;Divyāvadāna Divyāv, 13: 13 487;sa gṛhapatistaṁ dṛṣṭvā paryavasthitaḥ ||;!;;Divyāvadāna Divyāv, 13: 13 497;sa tasyānugrahārthamavatīrṇaḥ ||;!;;Divyāvadāna Divyāv, 17: 17 222;sa ca rājā janapadān pṛcchati ||;!;;Divyāvadāna Divyāv, 17: 17 326;taiḥ sa rājā dṛṣṭa āgacchan ||;!;;Divyāvadāna Divyāv, 18: 18 200;tadapi cābhyavahṛtam ||;!;;Divyāvadāna Divyāv, 18: 18 207;sa ca svairaṁ bhuñjati ||;!;;Divyāvadāna Divyāv, 18: 18 212;tena tadapi bhuktam ||;!;;Divyāvadāna Divyāv, 18: 18 298;sa ca parinirvṛtaḥ ||;!;;Divyāvadāna Divyāv, 18: 18 301;sa ca bhagavān parinirvṛtaḥ ||;!;;Divyāvadāna Divyāv, 18: 18 372;tasya ca rājño devatayā ārocitam ||;!;;Divyāvadāna Divyāv, 18: 18 390;sa tān dṛṣṭvā pratibuddhaḥ ||;!;;Divyāvadāna Divyāv, 18: 18 506;sa ca gṛhapatiḥ śrāddhaḥ ||;!;;Divyāvadāna Divyāv, 19: 19 232;taistad dṛṣṭam ||;!;;Divyāvadāna Divyāv, 19: 19 273;sa tāṁ gṛhītvā vīthīṁ gataḥ ||;!;;Divyāvadāna Divyāv, 19: 19 289;taiste punaḥ pratyavekṣitāḥ ||;!;;Divyāvadāna Divyāv, 19: 19 291;sa tairgṛhītaḥ ||;!;;Divyāvadāna Divyāv, 19: 19 313;sa taiḥ śabditaḥ ||;!;;Divyāvadāna Divyāv, 19: 19 338;tena tasya kārṣāpaṇasahasraṁ dattam ||;!;;Divyāvadāna Divyāv, 19: 19 404;sa taṁ tāḍayitumārabdhaḥ ||;!;;Divyāvadāna Divyāv, 19: 19 416;sa tasya gṛhaṁ gataḥ ||;!;;Divyāvadāna Divyāv, 19: 19 552;sa tena praveśitaḥ ||;!;;Gautamadharmasūtra GautDhS, 1, 1: 1 2;tadvidāṁ ca smṛtiśīle ||;!;;Gautamadharmasūtra GautDhS, 1, 1: 1 10;tad yasmāt sa ācāryaḥ ||;!;;Gautamadharmasūtra GautDhS, 1, 1: 1 48;tad adbhiḥ pūrvaṁ mṛdā ca ||;!;;Gautamadharmasūtra GautDhS, 1, 2: 2 31;tadbhāryāputreṣu caivam ||;!;;Gautamadharmasūtra GautDhS, 1, 8: 8 7;tadapekṣas tadvṛttiḥ ||;!;;Gautamadharmasūtra GautDhS, 2, 1: 10 63;tena cottaraḥ ||;!;;Gautamadharmasūtra GautDhS, 2, 5: 14 34;tatstrīṇāṁ ca ||;!;;Gautamadharmasūtra GautDhS, 2, 6: 15 12;na ca tena mitrakarma kuryāt ||;!;;Gautamadharmasūtra GautDhS, 2, 6: 15 17;upapatiḥ |yasya ca saḥ ||;!;;Gautamadharmasūtra GautDhS, 3, 3: 21 3;taiś cābdaṁ samācaran ||;!;;Gautamadharmasūtra GautDhS, 3, 3: 21 14;tasya ca pratigrahītetyeke ||;!;;Gopathabrāhmaṇa NEW GB, 1, 1, 11: 11 1;sa āvataś ca parāvataś cānvaikṣata ||;!;;Gopathabrāhmaṇa NEW GB, 1, 1, 23: 23 6;te tam abruvan ||;!;;Gopathabrāhmaṇa NEW GB, 1, 2, 15: 54 28;te pathirakṣayas ta iyakṣamāṇaṁ pratinudantaḥ ||;!;;Jaiminīyabrāhmaṇa JB, 1, 12: 5 7;tām annam akuruta tāṁ pratyudadīpyata ||;!;;Jaiminīyabrāhmaṇa JB, 1, 12: 5 12;tām annam akuruta tāṁ pratyudadīpyata ||;!;;Janmamaraṇavicāra JanMVic, 1: 1 31;sā ca pṛthivyām eva vyavasthitā ||;!;;Kāmasūtra KāSū, 1, 1: 1 3;tatsamayāvabodhakebhyaścācāryebhyaḥ ||;!;;Kāmasūtra KāSū, 2, 8: 13 4;tāni ca vakṣyāmaḥ ||;!;;Kāmasūtra KāSū, 5, 4: 26 18;tasyāstayaiva pratyuttarāṇi yojayet ||;!;;Lalitavistara LalVis, 1: 1 3;tadyathāyuṣmatā ca jñānakauṇḍinyena ||;!;;Lalitavistara LalVis, 12: 12 23;sa tasyāstaṁ lekhamupanāmayati sma ||;!;;Maitrāyaṇīsaṁhitā MS, 2, 1, 1: 18 10;tāṁ vai tasmai kāmāyālabhanta ||;!;;Mṛgendraṭīkā MṛgṬīkā zu MṛgT, Vidyāpāda, 2, 18.1: 52 12;tac ca ghaṭatvād bhinnam ||;!;;Mṛgendraṭīkā MṛgṬīkā zu MṛgT, Vidyāpāda, 3, 2.1: 65 3;tac ca ||;!;;Mṛgendraṭīkā MṛgṬīkā zu MṛgT, Vidyāpāda, 7, 8.2: 139 12;tac cāñjanam ||;!;;Mṛgendraṭīkā MṛgṬīkā zu MṛgT, Vidyāpāda, 8, 3.2: 156 5;tacca ||;!;;Mṛgendraṭīkā MṛgṬīkā zu MṛgT, Vidyāpāda, 8, 4.1: 157 3;bhogyaṁ ca tatphaladvāreṇa ||;!;;Mṛgendraṭīkā MṛgṬīkā zu MṛgT, Vidyāpāda, 12, 3.2: 241 2;sa ca sāttvika eva ||;!;;Mṛgendraṭīkā MṛgṬīkā zu MṛgT, Vidyāpāda, 12, 10.2: 249 3;pāriśeṣyācca manastadvijñeyam ||;!;;Mṛgendraṭīkā MṛgṬīkā zu MṛgT, Vidyāpāda, 12, 16.1: 253 4;na ca tadātmakānyakṣāṇi ||;!;;Mugdhāvabodhinī MuA zu RHT, 6, 13.2: 131 1;taccāha pañcabhirityādi ||;!;;Mugdhāvabodhinī MuA zu RHT, 9, 11.2: 166 1;taccāha sasyakamityādi ||;!;;Mugdhāvabodhinī MuA zu RHT, 9, 12.2: 167 1;taccāha kṣārairityādi ||;!;;Mugdhāvabodhinī MuA zu RHT, 9, 15.2: 170 1;taccāha raktagaṇetyādi ||;!;;Mugdhāvabodhinī MuA zu RHT, 11, 10.2: 193 1;taccāha raktetyādi ||;!;;Mugdhāvabodhinī MuA zu RHT, 13, 2.2: 210 1;taccāha mākṣīketyādi ||;!;;Mugdhāvabodhinī MuA zu RHT, 13, 3.2: 211 1;taccāha mākṣīketyādi ||;!;;Mugdhāvabodhinī MuA zu RHT, 13, 6: 214 1;taccāha kāntetyādi ||;!;;Mugdhāvabodhinī MuA zu RHT, 14, 8.1: 218 6;taccāha saṁsthāpyetyādi ||;!;;Mugdhāvabodhinī MuA zu RHT, 14, 8.1: 218 8;taccāha lavaṇetyādi ||;!;;Mugdhāvabodhinī MuA zu RHT, 14, 8.1: 218 13;taccāha tāvadityādi ||;!;;Mugdhāvabodhinī MuA zu RHT, 14, 8.1: 218 16;taccāha utkhanyetyādi ||;!;;Mugdhāvabodhinī MuA zu RHT, 14, 8.1: 218 23;taccāha paścādityādi ||;!;;Mugdhāvabodhinī MuA zu RHT, 14, 14.2: 223 3;taccāha bāhya ityādi ||;!;;Mugdhāvabodhinī MuA zu RHT, 16, 16.2: 252 4;sā ca mṛdā mṛtsnayā lepyā ||;!;;Mugdhāvabodhinī MuA zu RHT, 18, 40.3: 300 3;taccāha ahītyādi ||;!;;Mugdhāvabodhinī MuA zu RHT, 18, 55.2: 305 3;taccāha nirguṇḍītyādi ||;!;;Mugdhāvabodhinī MuA zu RHT, 18, 55.2: 305 6;taccāha tāre ityādi ||;!;;Mugdhāvabodhinī MuA zu RHT, 18, 57.1: 306 4;taccāha hemnetyādi ||;!;;Mugdhāvabodhinī MuA zu RHT, 18, 59.1: 307 2;taccāha krāmaṇetyādi ||;!;;Mugdhāvabodhinī MuA zu RHT, 18, 63.2: 308 1;taccāha yantramityādi ||;!;;Mugdhāvabodhinī MuA zu RHT, 18, 63.2: 308 11;taccāha gṛhṇīyād ityādi ||;!;;Mugdhāvabodhinī MuA zu RHT, 18, 67.2: 309 5;taccāha madhye ityādi ||;!;;Mugdhāvabodhinī MuA zu RHT, 18, 67.2: 309 8;taccāha liptvetyādi ||;!;;Mugdhāvabodhinī MuA zu RHT, 18, 70.2: 312 1;taccāha paścādityādi ||;!;;Mugdhāvabodhinī MuA zu RHT, 19, 23.2: 333 1;taccāha trikaṭuketyādi ||;!;;Mugdhāvabodhinī MuA zu RHT, 19, 33.2: 338 5;taccāha triphaletyādi ||;!;;Mugdhāvabodhinī MuA zu RHT, 19, 33.2: 338 9;taccāha māsenetyādi ||;!;;Mugdhāvabodhinī MuA zu RHT, 19, 48.2: 350 1;taccāha varjitetyādi ||;!;;Mugdhāvabodhinī MuA zu RHT, 19, 53.2: 355 1;taccāha karkoṭītyādi ||;!;;Mugdhāvabodhinī MuA zu RHT, 19, 56.2: 358 1;taccāha śarapuṅkhetyādi ||;!;;Mugdhāvabodhinī MuA zu RHT, 19, 64.2: 363 5;taccāha evamityādi ||;!;;Nāṭyaśāstravivṛti NŚVi zu NāṭŚ, 6, 66.2: 2 25;omityāha sa ceti ||;!;;Nāṭyaśāstravivṛti NŚVi zu NāṭŚ, 6, 32.2: 1 12;sa cobhayorapi ||;!;;Nāṭyaśāstravivṛti NŚVi zu NāṭŚ, 6, 32.2: 1 140;na ca sā pratītiryuktā ||;!;;Nibandhasaṁgraha NiSaṁ zu Su, Sū., 1, 25.1: -1 1;tadyuktam teṣāmityādi ||;!;;Nibandhasaṁgraha NiSaṁ zu Su, Sū., 24, 11.2: -1 2;ceti iti teṣu prāgabhidhānaṁ punararthe ||;!;;Nibandhasaṁgraha NiSaṁ zu Su, Utt., 1, 8.1: -1 19;yathāśastram tasya ca ||;!;;Nyāyasūtra NyāSū, 2, 1: 3 28;taiścāpadeśo jñānaviśeṣāṇām ||;!;;Nyāyasūtra NyāSū, 3, 1: 5 71;tena eva tasyāgrahaṇāt ca ||;!;;Nyāyasūtra NyāSū, 4, 2: 8 8;teṣu cāvṛtteravayavyabhāvaḥ ||;!;;Nyāyasūtra NyāSū, 4, 2: 8 45;tadabhāvaścāpavarge ||;!;;Pañcārthabhāṣya PABh zu PāśupSūtra, 1, 9: 9 62;sā ca hiṁsā trividhā bhavati ||;!;;Pañcārthabhāṣya PABh zu PāśupSūtra, 1, 9: 9 141;saṁvyavahāraśca punardvividhaḥ ||;!;;Pañcārthabhāṣya PABh zu PāśupSūtra, 1, 9: 9 239;tac ca śaucaṁ trividham ||;!;;Pañcārthabhāṣya PABh zu PāśupSūtra, 1, 16: 17 3;sa ca puruṣavṛttir draṣṭavyaḥ ||;!;;Pañcārthabhāṣya PABh zu PāśupSūtra, 1, 18: 19 10;te cotpannā matāv abhivyajyante ||;!;;Pañcārthabhāṣya PABh zu PāśupSūtra, 1, 21: 22 3;tatprāptiś ca yogapravṛttitaḥ ||;!;;Pañcārthabhāṣya PABh zu PāśupSūtra, 1, 24: 25 13;tac ca na ||;!;;Pañcārthabhāṣya PABh zu PāśupSūtra, 2, 18: 63 8;taducyate tadarthameva ||;!;;Pañcārthabhāṣya PABh zu PāśupSūtra, 2, 19: 64 4;tasmādatra tapastadeva ||;!;;Pañcārthabhāṣya PABh zu PāśupSūtra, 4, 1: 99 9;tasmādatra tapastadeva ||;!;;Pañcārthabhāṣya PABh zu PāśupSūtra, 4, 7.1: 105 17;tac ca trividhamutsṛṣṭam ||;!;;Pañcārthabhāṣya PABh zu PāśupSūtra, 4, 8: 106 16;taducyate taṁ guṇaṁ jñātvā vakṣyāmaḥ ||;!;;Pañcārthabhāṣya PABh zu PāśupSūtra, 4, 12: 110 7;sa teṣām iṣṭāpūrtam ādatteti ||;!;;Pañcārthabhāṣya PABh zu PāśupSūtra, 5, 34: 156 37;sa bhavatu teṣām ||;!;;Pañcārthabhāṣya PABh zu PāśupSūtra, 5, 34: 156 81;te bhavantu teṣām ||;!;;Parāśarasmṛtiṭīkā Parāśarasmṛtiṭīkā zu ParDhSmṛti, 2, 2.1: 1 16;tacca sarvatra prasiddham ||;!;;Parāśarasmṛtiṭīkā Parāśarasmṛtiṭīkā zu ParDhSmṛti, 2, 15.2: 16 7;te cāśramāścaturvidhāḥ ||;!;;Parāśarasmṛtiṭīkā Parāśarasmṛtiṭīkā zu ParDhSmṛti, 2, 15.2: 16 81;tacca snānānantaraṁ kāryam ||;!;;Parāśarasmṛtiṭīkā Parāśarasmṛtiṭīkā zu ParDhSmṛti, 2, 15.2: 16 257;tacca navatantukaṁ kāryam ||;!;;Parāśarasmṛtiṭīkā Parāśarasmṛtiṭīkā zu ParDhSmṛti, 2, 15.2: 16 391;tacca ṣoḍaśe varṣe kāryam ||;!;;Parāśarasmṛtiṭīkā Parāśarasmṛtiṭīkā zu ParDhSmṛti, 2, 15.2: 16 598;tāni ca niṣedhavacanāni yathā ||;!;;Pāraskaragṛhyasūtra Pāraskaragṛhyasūtra, 1, 8: 6 13;tasmāt tayor grāmaḥ pramānam iti śruteḥ ||;!;;Pāśupatasūtra PāśupSūtra, 3: 3 8;pāpaṁ ca tebhyo dadāti ||;!;;Pāśupatasūtra PāśupSūtra, 3: 3 9;sukṛtaṁ ca teṣāmādatte ||;!;;Pāśupatasūtra PāśupSūtra, 4: 4 11;sa teṣāmiṣṭāpūrtamādatta ||;!;;Prasannapadā Prasannapadā zu MMadhKār, 1, 3.2: 2 21;sā ca kriyā vijñānaṁ janayati ||;!;;Rasādhyāyaṭīkā RAdhyṬ zu RAdhy, 12.2: 3 23;māritasya ca tasya krāmaṇam ||;!;;Rasādhyāyaṭīkā RAdhyṬ zu RAdhy, 42.2: 14 6;taiśca kāñjikaṁ galitvā yāti ||;!;;Rasādhyāyaṭīkā RAdhyṬ zu RAdhy, 69.2: 19 3;tac caivam ||;!;;Rasaratnasamuccayabodhinī RRSBoṬ zu RRS, 8, 49.2: 83 4;tat capalībhūtaṁ nāgaṁ vaṅgaṁ ca ||;!;;Rasaratnasamuccayaṭīkā RRSṬīkā zu RRS, 8, 32.2: 72 9;tadapi pratyekaṁ dvividham ||;!;;Rasaratnasamuccayaṭīkā RRSṬīkā zu RRS, 8, 32.2: 72 13;tadapi pratyekaṁ dvividham ||;!;;Rasaratnasamuccayaṭīkā RRSṬīkā zu RRS, 8, 64.2: 88 7;te ca mardanāgnibhyāṁ naśyanti ||;!;;Rasaratnasamuccayaṭīkā RRSṬīkā zu RRS, 8, 89.2: 106 3;sa ca pāradaḥ kīdṛśaḥ ||;!;;Rasaratnasamuccayaṭīkā RRSṬīkā zu RRS, 9, 12.2: 116 1;kacchapayantraṁ dvividhaṁ jalakacchapaṁ ;!;;Rasaratnasamuccayaṭīkā RRSṬīkā zu RRS, 4, 34.2: 33 5;sa cānekavidhaḥ ||;!;;Rasaratnasamuccayaṭīkā RRSṬīkā zu RRS, 9, 35.3: 122 15;sa ca varṇo jñeyaḥ ||;!;;Rasaratnasamuccayaṭīkā RRSṬīkā zu RRS, 10, 8.2: 139 9;te ca dagdhā eva grāhyāḥ ||;!;;Rasaratnasamuccayaṭīkā RRSṬīkā zu RRS, 5, 78.2: 39 2;sa cāpratisiddhārthaḥ ||;!;;Rasaratnasamuccayaṭīkā RRSṬīkā zu RRS, 3, 116.2: 17 2;sa ca pītavarṇaḥ ||;!;;Rasaratnasamuccayaṭīkā RRSṬīkā zu RRS, 11, 22.2: 172 2;te ca saptavidhāḥ ||;!;;Rasaratnasamuccayaṭīkā RRSṬīkā zu RRS, 11, 71.2: 179 5;sa ca khoṭabandho bodhyaḥ ||;!;;Rasaratnasamuccayaṭīkā RRSṬīkā zu RRS, 5, 190: 43 1;tat pittalaṁ dvividham ||;!;;Rasaratnasamuccayaṭīkā RRSṬīkā zu RRS, 11, 86.2: 187 6;evaṁ ca mūrtibandho dvividhaḥ sambhavati ||;!;;Ratnaṭīkā GaṇaKārṬīkā zu GaṇaKār, 6.1: 8 61;te ca svātmasaṁvedye iti ||;!;;Ratnaṭīkā GaṇaKārṬīkā zu GaṇaKār, 6.1: 8 135;tac ca viṁśatibhedam ||;!;;Saṅghabhedavastu SBhedaV, 1: 1 114;tac ca dharmeṇa nādharmeṇa ||;!;;Śāṅkhāyanagṛhyasūtra ŚGṛS, 1, 8: 4 25;tāḥ praṇītāḥ prokṣaṇīś ca ||;!;;Śāṅkhāyanāraṇyaka ŚāĀr, 3, 2: 28 5;taṁ yaḥ pratyāha tam atisṛjate ||;!;;Śāṅkhāyanāraṇyaka ŚāĀr, 3, 5: 31 19;tasya bhūtaṁ ca bhaviṣyacca pūrvau pādau ||;!;;Śāṅkhāyanāraṇyaka ŚāĀr, 7, 1: 77 3;tan mām avatu tad vaktāram avatvavatu mām avatu ;!;;Śāṅkhāyanāraṇyaka ŚāĀr, 8, 7: 106 5;sa yat karaṇīyaṁ manyeta tat kuryāt ||;!;;Śārṅgadharasaṁhitādīpikā ŚSDīp zu ŚdhSaṁh, 1, 3, 9.1: 10 22;te ca doṣadūṣyatādayaḥ ||;!;;Śārṅgadharasaṁhitādīpikā ŚSDīp zu ŚdhSaṁh, 2, 11, 7.1: 13 10;tacca kukkuṭapuṭasaṁjñayā vihitam ||;!;;Śārṅgadharasaṁhitādīpikā ŚSDīp zu ŚdhSaṁh, 2, 11, 35.2: 23 13;yatastat tāmraṁ dvividham ||;!;;Sarvāṅgasundarā SarvSund zu AHS, Sū., 9, 24.2: 28 9;virodhaśca dvividhaḥ svarūpataḥ kāryataśca ||;!;;Sūryaśatakaṭīkā Sūryaśatakaṭīkā zu SūryaŚ, 1, 3.2: 3 16;tena śramastasmājjātastamiva ||;!;;Suśrutasaṁhitā Su, 1, 27: 27 3;śalyaṁ dvividham avabaddham anavabaddhaṁ ca ||;!;;Tantrākhyāyikā TAkhy, 1: 1 14;tāṁ ca dṛṣṭvācintayat ||;!;;Tantrākhyāyikā TAkhy, 1: 1 153;taiścābhihitaḥ ||;!;;Tantrākhyāyikā TAkhy, 1: 1 207;taṁ ca vyāpādyainaṁ bhakṣayiṣyāmi ||;!;;Tantrākhyāyikā TAkhy, 1: 1 274;te tam āhuḥ ||;!;;Tantrākhyāyikā TAkhy, 1: 1 343;tasmiṁś cāpayāte gomāyur abhihitavān ||;!;;Tantrākhyāyikā TAkhy, 1: 1 347;apayāte ca tasmin dvīpyāha ||;!;;Tantrākhyāyikā TAkhy, 1: 1 409;tac ca śrutvānāgatavidhātrā cintitam ||;!;;Tantrākhyāyikā TAkhy, 1: 1 577;tac ca śrutvā dharmabuddhiś cintayāmāsa ||;!;;Tantrākhyāyikā TAkhy, 1: 1 609;pratyāgataś ca tāṁ tulāṁ tasmāt prārthitavān ||;!;;Tantrākhyāyikā TAkhy, 1: 1 610;tenoktaṁ ca ||;!;;Tantrākhyāyikā TAkhy, 2: 2 69;tac ca śrutvā brāhmaṇyāha ||;!;;Tantrākhyāyikā TAkhy, 2: 2 90;sā tam āha ||;!;;Tantrākhyāyikā TAkhy, 2: 2 312;sa cāha ||;!;;Tantrasāra TantraS, 7: 7 12;tac ca brahmāṇḍavad asaṁkhyam ||;!;;Tantrasāra TantraS, 14: 14 2;sa ca vistīrṇaḥ tantrālokāt avadhāryaḥ ||;!;;Tantrasāra TantraS, 1: 1 9;tac ca śāstrapūrvakam ||;!;;Vaiśeṣikasūtravṛtti VaiSūVṛ zu VaiśSū, 2, 2, 33.1: 61 4;na ca tāni vyañjakāni kutaḥ ||;!;;Vaiśeṣikasūtravṛtti VaiSūVṛ zu VaiśSū, 4, 2, 4: 122 2;tacca ||;!;;Vaiśeṣikasūtravṛtti VaiSūVṛ zu VaiśSū, 10, 20.1: 338 2;tasya cāmnāyāt samadhigama uktaḥ ||;!;;Viṁśatikāvṛtti ViṁVṛtti zu ViṁKār, 1, 15.2: 25 10;sa caiko na sidhyati ||;!;;Viṣṇupurāṇa ViPur, 4, 3: 59 7;sā cainaṁ rasātalaṁ nītavatī ||;!;;Viṣṇupurāṇa ViPur, 4, 3: 59 30;sā tasya bhāryā citāṁ kṛtvā tam ;!;;Viṣṇupurāṇa ViPur, 4, 4: 60 51;apaśyacca tan māṁsaṁ mānuṣam ||;!;;Viṣṇupurāṇa ViPur, 4, 6: 62 8;sa ca rājasūyam akarot ||;!;;Viṣṇupurāṇa ViPur, 4, 6: 62 68;tāsāṁ cāpsarasām ūrvaśī kathayāmāsa ||;!;;Viṣṇupurāṇa ViPur, 4, 6: 62 70;evam uktās tāś cāpsarasa ūcuḥ ||;!;;Viṣṇupurāṇa ViPur, 4, 7: 63 13;tāṁ ca bhārgavaḥ ṛcīko vavre ||;!;;Viṣṇupurāṇa ViPur, 4, 7: 63 32;anantaraṁ ca sā jamadagnim ajījanat ||;!;;Viṣṇupurāṇa ViPur, 4, 7: 63 33;tanmātā ca viśvāmitraṁ janayāmāsa ||;!;;Viṣṇupurāṇa ViPur, 4, 8: 64 2;tasyāṁ ca pañca putrān utpādayāmāsa ||;!;;Viṣṇupurāṇa ViPur, 4, 12: 68 43;tataś cāṁśus tasmācca satvataḥ ||;!;;Viṣṇupurāṇa ViPur, 4, 13: 69 4;tayoś cāyaṁ śloko gīyate ||;!;;Viṣṇupurāṇa ViPur, 4, 13: 69 103;sa tatraiva ca tasthau ||;!;;Viṣṇupurāṇa ViPur, 4, 14: 70 19;tāś ca sarvā vasudeva upayeme ||;!;;Viṣṇupurāṇa ViPur, 4, 14: 70 30;tasya ca ;!;;Viṣṇupurāṇa ViPur, 4, 14: 70 34;tāṁ ca pāṇḍur uvāha ||;!;;Viṣṇupurāṇa ViPur, 4, 14: 70 45;tasyāṁ ca śiśupālam utpādayāmāsa ||;!;;Viṣṇupurāṇa ViPur, 4, 18: 74 7;tasmācca mahāmanāḥ ||;!;;Viṣṇupurāṇa ViPur, 4, 19: 75 43;tasmāc cāṇuhaḥ ||;!;;Viṣṇupurāṇa ViPur, 4, 19: 75 46;tataś ca viṣvaksenas tasmād udaksenaḥ ||;!;;Viṣṇupurāṇa ViPur, 4, 19: 75 47;bhallābhas tasya cātmajaḥ ||;!;;Viṣṇupurāṇa ViPur, 4, 20: 76 16;tataś ca tam ūcur brāhmaṇāḥ ||;!;;Viṣṇupurāṇa ViPur, 4, 21: 77 16;tasmācca kṣemakaḥ ||;!;;Viṣṇupurāṇa ViPur, 4, 22: 78 10;tatputraśca sumitraḥ ||;!;;Viṣṇupurāṇa ViPur, 4, 24: 80 6;tasya ca nandivardhanaḥ ||;!;;Viṣṇupurāṇa ViPur, 4, 24: 80 11;tasya ca putraḥ kṣemadharmā ||;!;;Viṣṇupurāṇa ViPur, 4, 24: 80 16;tasmāccodayanaḥ ||;!;;Viṣṇusmṛti ViSmṛ, 2: 2 4;teṣāṁ ca dharmāḥ ||;!;;Viṣṇusmṛti ViSmṛ, 3: 3 34;taddūṣakāṁś ca hanyāt ||;!;;Viṣṇusmṛti ViSmṛ, 5: 5 46;tāṁ ca bibhṛyāt ||;!;;Viṣṇusmṛti ViSmṛ, 5: 5 59;sarve ca tatsvāmināṁ tadutpattim ||;!;;Viṣṇusmṛti ViSmṛ, 5: 5 107;taccāpāsyāt ||;!;;Viṣṇusmṛti ViSmṛ, 5: 5 109;tac ca yojayet ||;!;;Viṣṇusmṛti ViSmṛ, 5: 5 114;na ca tān jahyāt ||;!;;Viṣṇusmṛti ViSmṛ, 5: 5 123;tadakūṭe kūṭavādinaś ca ||;!;;Viṣṇusmṛti ViSmṛ, 5: 5 168;tatsaṁvidaṁ yaś ca laṅghayet ||;!;;Viṣṇusmṛti ViSmṛ, 9: 9 24;sā ca na vāti vāyau ||;!;;Viṣṇusmṛti ViSmṛ, 15: 15 12;sa ca pāṇigrāhasya ||;!;;Viṣṇusmṛti ViSmṛ, 15: 15 17;sa ca pāṇigrāhasya ||;!;;Viṣṇusmṛti ViSmṛ, 15: 15 21;sa ca yena krītaḥ ||;!;;Viṣṇusmṛti ViSmṛ, 15: 15 23;sa ca yasyopagataḥ ||;!;;Viṣṇusmṛti ViSmṛ, 15: 15 26;sa ca yena gṛhītaḥ ||;!;;Viṣṇusmṛti ViSmṛ, 15: 15 30;sa cānyān bibhṛyāt ||;!;;Viṣṇusmṛti ViSmṛ, 20: 20 13;sa ca pitāmahasyāhaḥ ||;!;;Viṣṇusmṛti ViSmṛ, 22: 22 60;tadaśrupātakārī ca ||;!;;Viṣṇusmṛti ViSmṛ, 35: 35 2;tatsaṁyogaśca ||;!;;Viṣṇusmṛti ViSmṛ, 37: 37 17;tasya ca kanyādānam ||;!;;Viṣṇusmṛti ViSmṛ, 54: 54 22;taṁ ca bhūyaścopanayet ||;!;;Viṣṇusmṛti ViSmṛ, 96: 96 73;tanmūle ca dve ||;!;;Yogasūtra YS, 1: 1 28;tajjapas tadarthabhāvanam ||;!;;Yogasūtrabhāṣya YSBhā zu YS, 2, 24.1: 68 7;sa tām āha ||;!;;Yogasūtrabhāṣya YSBhā zu YS, 3, 44.1: 110 12;sa ca bhedābhedavivakṣitaḥ ||;!;;Yogasūtrabhāṣya YSBhā zu YS, 4, 10.1: 125 10;nimittaṁ ca dvividhaṁ bāhyam ādhyātmikaṁ ca ||;!;;
RRSṬīkā zu RRS, 10, 32.2: 155;13 1;prakāśakoṣṭhī sapidhānakoṣṭhī ceti bhedena ||;
RRSṬīkā zu RRS, 2, 136.1: 7;1 1;athoddeśakramānurodhena tutthavarṇanāntaraṁ capalaṁ |;
RRSṬīkā zu RRS, 2, 136.1: 7;2 1;ayaṁ padārtho vyāvahārikanāmnāsmin deśe loke na |;
RRSṬīkā zu RRS, 2, 136.1: 7;3 1;pāṣāṇaviśeṣo.yaṁ jasadakhanisaṁnihitabhūgarbha |;
RRSṬīkā zu RRS, 2, 136.1: 7;4 1;āṅglabhāṣāyāṁ reḍiyam iti nāmnopalabdhaḥ padārtho |;
RRSṬīkā zu RRS, 2, 136.1: 7;5 1;kṛtrimastu paribhāṣādhyāye vakṣyamāṇaḥ ||;
RRSṬīkā zu RRS, 10, 38.2: 156;1 1;prathamaṁ sapidhānakoṣṭhīmāha rājahasteti ||;
RRSṬīkā zu RRS, 10, 38.2: 156;2 1;sapādahastastriṁśadaṅgulātmakastanmita utsedha |;
RRSṬīkā zu RRS, 10, 38.2: 156;3 1;tadardhamātrau dairghyavistārau yasyāstathoktā ||;
RRSṬīkā zu RRS, 10, 38.2: 156;4 1;tathā caturasrā catuṣkoṇā sarvato dārḍhyāya mṛnmayena |;
RRSṬīkā zu RRS, 10, 38.2: 156;5 1;tena catasṛṣu dikṣu catasro bhittayaḥ sambhavanti ||;
RRSṬīkā zu RRS, 10, 38.2: 156;6 1;ekabhittāviti sāmānyata uktamapi yogyatayā pūrvabhittau |;
RRSṬīkā zu RRS, 10, 38.2: 156;7 1;tasyāṁ diśi sthitāyāṁ bhittau dvāraṁ vitastyā saṁmitaṁ |;
RRSṬīkā zu RRS, 10, 38.2: 156;8 1;yadvitastimitaṁ dīrghaṁ sūtraṁ tadvartulaṁ |;
RRSṬīkā zu RRS, 10, 38.2: 156;9 1;antaḥsthitajvālāyāḥ sattvanirgamakālabodhikāyāḥ |;
RRSṬīkā zu RRS, 10, 38.2: 156;10 1;tadarthaṁ prakāśa āvaśyakaḥ ||;Divyāvadāna Divyāv, 13: 13 159;tayā tasyārthaṁ mahārhāṇi vastrāṇi dattāni ||;!;;Divyāvadāna Divyāv, 13: 13 497;sa tasyānugrahārthamavatīrṇaḥ ||;!;;Pañcārthabhāṣya PABh zu PāśupSūtra, 2, 18: 63 8;taducyate tadarthameva ||;!;;Yogasūtra YS, 1: 1 28;tajjapas tadarthabhāvanam ||;!;;
RRSṬīkā zu RRS, 10, 38.2: 156;11 1;sa tu prācyāṁ pratīcyāṁ vādhikyena labhyata iti |;
RRSṬīkā zu RRS, 10, 38.2: 156;12 1;taddvārasyādhobhāgo dehalī dvāradehasaṁrakṣikā sā |;
RRSṬīkā zu RRS, 10, 38.2: 156;13 1;tādṛgdehalyā adhobhāge bhūtalaṁ saṁlagnaṁ |;
RRSṬīkā zu RRS, 10, 38.2: 156;14 1;atra vitastidīrghā tāvad bhittireva sārdhavitastidīrghā ca |;
RRSṬīkā zu RRS, 10, 38.2: 156;15 1;ata uktaṁ sūtramitaṁ vartulaṁ ceti ||;
RRSṬīkā zu RRS, 10, 38.2: 156;16 1;kecittu kramanimnabhūminikhātatiryaggartābhāgo.pi |;
RRSṬīkā zu RRS, 10, 38.2: 156;17 1;tattu nocitam ||;Aitareyabrāhmaṇa AitBr, 1, 4: 4 5;tattan nādṛtyam ||;!;;Aitareyabrāhmaṇa AitBr, 1, 11: 11 2;tat tan nādṛtyam ||;!;;Aitareyabrāhmaṇa AitBr, 2, 22: 52 2;tat tan nādṛtyam ||;!;;Aitareyabrāhmaṇa AitBr, 3, 18: 89 10;tat tan nādṛtyam ||;!;;Daśakumāracarita DKCar, 2, 6: 11 6;sa tu tasyāḥ pāṇigrāhakamanujīviṣyati ||;!;;Divyāvadāna Divyāv, 2: 2 112;tāstvavakāśaṁ na labhante ||;!;;Mṛgendraṭīkā MṛgṬīkā zu MṛgT, Vidyāpāda, 2, 17.2: 51 7;na tu tad yuktam ||;!;;Nāṭyaśāstravivṛti NŚVi zu NāṭŚ, 6, 66.2: 2 22;tasyocito heturna krodhaḥ ||;!;;Rasaratnasamuccayaṭīkā RRSṬīkā zu RRS, 2, 91.2: 6 2;tattu na samyak ||;!;;Viṁśatikāvṛtti ViṁVṛtti zu ViṁKār, 1, 5.2: 8 6;na te na sambhavantyeva ||;!;;
RRSṬīkā zu RRS, 10, 38.2: 156;18 1;tādṛśagartābhāgasya pātālakoṣṭhikāyāṁ vakṣyamāṇatvāt ||;
RRSṬīkā zu RRS, 10, 38.2: 156;19 1;ūrdhvabhāge koṣṭhikāyā uttarāṅgasyordhvāṅgasya ca |;
RRSṬīkā zu RRS, 10, 38.2: 156;20 1;śikhāsthāna ūrdhvaṁ dvāraṁ tu prādeśamitāyāmavistāram |;
RRSṬīkā zu RRS, 10, 38.2: 156;21 1;tatastaddvāraṁ ceṣṭikayā ruddhvā prāguktavitastimitaṁ |;
RRSṬīkā zu RRS, 10, 38.2: 156;22 1;kiṁ kṛtvā ruddhvā dhamettadāha prathamaṁ śikhitrān |;
RRSṬīkā zu RRS, 10, 38.2: 156;23 1;kiṁ tad dhmānadravyaṁ piṇḍīkṛtaṁ bhāgaśaḥ sakṛdeva vā |;
RRSṬīkā zu RRS, 10, 38.2: 156;24 1;punaḥ punaḥ pratiprakṣepakālāvasaraṁ saṁtataṁ |;
RRSṬīkā zu RRS, 10, 38.2: 156;25 1;evaṁ bhastrādvayena praharaparyantaṁ saṁtataṁ |;
RRSṬīkā zu RRS, 10, 38.2: 156;26 1;paraṁ tu nāyaṁ kālaḥ sattvanirgamanajñāpakaḥ |;
RRSṬīkā zu RRS, 10, 38.2: 156;27 1;uktaṁ hi paribhāṣādhyāye |;
RRSṬīkā zu RRS, 10, 38.2: 156;27 2;yadā hutāśo dīptārciḥ śuklotthānasamanvitaḥ |;
RRSṬīkā zu RRS, 10, 38.2: 156;27 3;śuddhāvartastadā jñeyaḥ sa kālaḥ sattvanirgame |;
RRSṬīkā zu RRS, 10, 38.2: 156;27 4;iti ||;
RRSṬīkā zu RRS, 10, 38.2: 156;28 1;tadā sphuṭipiṇḍīr bahir niṣkāsya kiṭṭaṁ pṛthakkṛtya |;
RRSṬīkā zu RRS, 10, 38.2: 156;29 1;atha dvitīyaḥ sattvapiṇḍānāṁ prakṣepakālaḥ prāpnotīti |;
RRSṬīkā zu RRS, 10, 38.2: 156;30 1;atha mṛdudravyāṇāṁ sattvapātārtham alpadhmānāpekṣā ||;
RRSṬīkā zu RRS, 2, 18.1: 4;1 1;tatastadabhrakaṁ dhānyābhrakaṁ kṛtvā |;
RRSṬīkā zu RRS, 2, 18.1: 4;2 1;puṭet paced ityarthaḥ ||;Āyurvedadīpikā ĀVDīp zu Ca, Indr., 1, 7.6: 281 24;ityuddeśa indriyasthānārthoddeśa ityarthaḥ ||;!;;Pañcārthabhāṣya PABh zu PāśupSūtra, 4, 8: 106 13;ityevaṁ vaktāro vadantītyarthaḥ ||;!;;Rasādhyāyaṭīkā RAdhyṬ zu RAdhy, 237.2: 46 6;iti vyoṣarājiḥ kāṁsyarājir ityarthaḥ ||;!;;
RRSṬīkā zu RRS, 2, 18.1: 4;3 1;pratipuṭam abhrakasya mardanaṁ tataścakrīṁ kṛtvā |;
RRSṬīkā zu RRS, 10, 42.3: 157;1 1;atastadupayogikoṣṭhīviśeṣamāha dṛḍhabhūmāviti ||;
RRSṬīkā zu RRS, 10, 42.3: 157;2 1;tatra dvādaśāṅgulaṁ gartaṁ vidhāya tattalamadhye |;
RRSṬīkā zu RRS, 10, 42.3: 157;3 1;taduparyaṅgārāṁstadupari sattvapātanagolāṁśca nikṣipya |;
RRSṬīkā zu RRS, 10, 42.3: 157;4 1;eṣā pātālakoṣṭhiketyucyate ||;Āyurvedadīpikā ĀVDīp zu Ca, Sū., 27, 177.2: 121 21;etānīti haritavargoktāni ||;!;;Ayurvedarasāyana Ayurvedarasāyana zu AHS, Sū., 9, 23.1: 27 33;ity etan nidarśanamātram uktam ||;!;;Nibandhasaṁgraha NiSaṁ zu Su, Sū., 24, 8.4: -1 13;balaṁ ityatra eveti rasādīnāṁ ataḥśabdo pramāṇānyuktāni ;!;;Pañcārthabhāṣya PABh zu PāśupSūtra, 1, 9: 9 320;ata etaduktaṁmahādevasya dakṣiṇāmūrteḥ iti ||;!;;Parāśarasmṛtiṭīkā Parāśarasmṛtiṭīkā zu ParDhSmṛti, 2, 2.1: 1 22;etad evābhivyañjayituṁ pūrvam ityuktam ||;!;;Rasādhyāyaṭīkā RAdhyṬ zu RAdhy, 150.2: 27 13;etat thūthāviḍam ityucyate ||;!;;Śāṅkhāyanāraṇyaka ŚāĀr, 5, 2: 50 19;evam u haitad iti hendra uvāca ||;!;;Viṣṇusmṛti ViSmṛ, 98: 98 3;ityevam ukto bhagavāṁs tathetyuvāca ||;!;;Yogasūtrabhāṣya YSBhā zu YS, 2, 18.1: 62 5;etad dṛśyam ity ucyate ||;!;;Yogasūtrabhāṣya YSBhā zu YS, 3, 44.1: 110 18;etat svarūpam ityuktam ||;!;;
RRSṬīkā zu RRS, 2, 32.1: 5;1 1;koṣṭhyām avaśiṣṭasattvaṁ kācakiṭṭasaṁśliṣṭaṁ kaṇarūpaṁ |;
RRSṬīkā zu RRS, 2, 32.1: 5;2 1;kiṭṭāt pṛthakkṛtya gṛhṇīyāt ||;Rasaratnasamuccayaṭīkā RRSṬīkā zu RRS, 2, 12.2: 3 3;kiṭṭābhaṁ prabhūtakiṭṭam ||;!;;
RRSṬīkā zu RRS, 10, 44.3: 158;1 1;adhodhmānaviśiṣṭāṁ koṣṭhīmuktordhvadhamanaviśiṣṭāṁ |;
RRSṬīkā zu RRS, 10, 44.3: 158;2 1;prādeśāyāmavistārā koṣṭhī bhūtalopari kāryā ||;
RRSṬīkā zu RRS, 10, 44.3: 158;3 1;sā ca talabhāgam ārabhyopari caturaṅgulabhāgaṁ vihāya |;
RRSṬīkā zu RRS, 10, 44.3: 158;4 1;mṛttikāpekṣayā adhikagārabhāgamiśritamṛdupādāneyaṁ |;
RRSṬīkā zu RRS, 10, 44.3: 158;5 1;iyaṁ kāṁsyarītipramukhaṁ yatsṛṣṭalohaṁ tanmadhye |;
RRSṬīkā zu RRS, 5, 78.2: 39;1 1;pogaraśabdo.trāgataḥ ||;
RRSṬīkā zu RRS, 5, 78.2: 39;2 1;sa cāpratisiddhārthaḥ ||;Aṣṭādhyāyī Aṣṭādhyāyī, 1, 3: 3 55;dāṇaś ca sā cec caturthyarthe ||;!;;Aṣṭādhyāyī Aṣṭādhyāyī, 6, 2: 22 156;yayatoś ca atadarthe ||;!;;Divyāvadāna Divyāv, 13: 13 159;tayā tasyārthaṁ mahārhāṇi vastrāṇi dattāni ||;!;;Divyāvadāna Divyāv, 13: 13 497;sa tasyānugrahārthamavatīrṇaḥ ||;!;;Divyāvadāna Divyāv, 18: 18 418;sa ca sumatistatsthānamanusaṁprāptaḥ ||;!;;Kāmasūtra KāSū, 3, 4: 19 15;kṣāntyarthaṁ ca tad evābhyaset ||;!;;Nibandhasaṁgraha NiSaṁ zu Su, Sū., 14, 17.1: -1 6;baliṁ tasmāt tena ca tadyathā eva iti ||;!;;Nibandhasaṁgraha NiSaṁ zu Su, Sū., 24, 11.2: -1 2;ceti iti teṣu prāgabhidhānaṁ punararthe ||;!;;Pañcārthabhāṣya PABh zu PāśupSūtra, 2, 18: 63 8;taducyate tadarthameva ||;!;;Saṅghabhedavastu SBhedaV, 1: 1 128;sa teṣāṁ nigṛhītavyāṁś ca nigṛhṇāti pragṛhītavyāṁś ca ;!;;Viṣṇupurāṇa ViPur, 4, 12: 68 36;sa ca tāṁ snuṣām upayeme ||;!;;Viṣṇusmṛti ViSmṛ, 5: 5 133;tac ca teṣāṁ dadyāt ||;!;;Viṣṇusmṛti ViSmṛ, 96: 96 8;teṣāṁ ca tasyādbhiḥ śuddhiḥ syāt ||;!;;Yogasūtra YS, 1: 1 28;tajjapas tadarthabhāvanam ||;!;;
RRSṬīkā zu RRS, 5, 78.2: 39;3 1;ato bodhārthaṁ tatparyāyān āha aṅgachāyā ca vaṅgaṁ |;
RRSṬīkā zu RRS, 5, 78.2: 39;4 1;evaṁ ca nāmānyetāni viśiṣṭākāratejasa ityarthaḥ ||;
RRSṬīkā zu RRS, 5, 78.2: 39;5 1;vaṅgasyeva rekhānāṁ śvetacchāyātvād vaṅgamiti saṁjñā ||;
RRSṬīkā zu RRS, 5, 78.2: 39;6 1;kāntīnāṁ cikurākāratvāt keśākāratvāccikuram ityapi nāma |;
RRSṬīkā zu RRS, 5, 78.2: 39;7 1;yad uktam eva kharalohaṁ tadyadi lohādbhaṅguraṁ |;
RRSṬīkā zu RRS, 10, 46.3: 159;1 1;atha siddharasānāṁ khoṭabaddhādīnām |;
RRSṬīkā zu RRS, 10, 46.3: 159;2 1;asyāṁ koṣṭhyāṁ sthāpitamūṣāmadhye siddharasādi |;
RRSṬīkā zu RRS, 10, 46.3: 159;3 1;mṛdudravyaṁ sattvādi ||;
RRSṬīkā zu RRS, 10, 46.3: 159;4 1;iyaṁ koṣṭhī budhnabhāgamārabhya |;
RRSṬīkā zu RRS, 10, 46.3: 159;5 1;pūrvasyāstathāmānamukhasyoktatvāt ||;
RRSṬīkā zu RRS, 5, 75.2: 38;1 1;yat paruṣaṁ kaṭhoraṁ pogaronmuktaṁ pogaram alakavat |;
RRSṬīkā zu RRS, 10, 50.2: 160;1 1;saṁprati mūṣākoṣṭhyapekṣyādhikatarāgnijanakapuṭān |;
RRSṬīkā zu RRS, 10, 50.2: 160;2 1;rasalohaprabhṛtikaṭhoradravyāṇāṁ samyakpāko |;
RRSṬīkā zu RRS, 10, 50.2: 160;3 1;sa ca pākaḥ kriyārūpastulayā parimāṇena vā paricchettuṁ |;
RRSṬīkā zu RRS, 10, 50.2: 160;4 1;supākasya pramāṇabodhakaṁ puṭam |;
RRSṬīkā zu RRS, 10, 50.2: 160;5 1;etadgartāpūritopalāgninaikaḥ supāko.bhavaditi |;
RRSṬīkā zu RRS, 10, 50.2: 160;6 1;yathoktaguṇalābhaparyantamiti bhāvaḥ ||;
RRSṬīkā zu RRS, 10, 50.2: 160;7 1;nyūnapākena gandhavarṇarasasparśaḥ samyaṅna jāyate ||;
RRSṬīkā zu RRS, 10, 50.2: 160;8 1;adhipākena tu dravyaṁ niḥsāraṁ dagdhaṁ |;
RRSṬīkā zu RRS, 10, 50.2: 160;9 1;atha puṭasya yogato guṇāṁllohasthān āha lohāderiti ||;
RRSṬīkā zu RRS, 10, 50.2: 160;10 1;apunarbhāvo na prākṛtasvarūpāpādanaṁ |;
RRSṬīkā zu RRS, 10, 50.2: 160;11 1;guṇādhikyamāmāvasthāpanne tasmin bhakṣite |;
RRSṬīkā zu RRS, 10, 50.2: 160;12 1;tena cāgratā śreṣṭhatādhikamūlyatā ||;
RRSṬīkā zu RRS, 10, 50.2: 160;13 1;tathāpsu prakṣiptasya tasya na majjanam uparitaraṇam ||;
RRSṬīkā zu RRS, 10, 50.2: 160;14 1;aṅgulibhyāṁ pīḍitasya tasya sūkṣmāṅgulirekhāsu |;
RRSṬīkā zu RRS, 10, 50.2: 160;15 1;abhrakavajraharitālādirūpapāṣāṇaviśeṣeṣu tu laghutvādayo |;
RRSṬīkā zu RRS, 10, 50.2: 160;16 1;kiṁ bahunā guṇavarṇanena ||;
RRSṬīkā zu RRS, 10, 50.2: 160;17 1;yatra guṇāḥ sarve sambhūyotkaṭā nivasanti tasmāt |;
RRSṬīkā zu RRS, 10, 50.2: 160;18 1;bhūriphalayuto.pi siddharasasya hi krāmaṇārthaṁ |;
RRSṬīkā zu RRS, 10, 50.2: 160;19 1;tadasaṁnidhau sarvaśarīre krāmaṇābhāvena na |;
RRSṬīkā zu RRS, 10, 50.2: 160;20 1;sāṁnidhye tu pramādena maithunam ||;
RRSṬīkā zu RRS, 10, 50.2: 160;21 1;tataśca māraṇam āpadyate ||;Viṣṇupurāṇa ViPur, 4, 12: 68 2;tataś ca svātiḥ tato ruśaṅkuḥ ruśaṅkoś citrarathaḥ ||;!;;Viṣṇupurāṇa ViPur, 4, 24: 80 46;tataś cāriṣṭakarmā tato hālāhalaḥ ||;!;;
RRSṬīkā zu RRS, 10, 50.2: 160;22 1;kiṁca rasasevino varṣaparyantaṁ parihāraviśeṣaḥ ||;
RRSṬīkā zu RRS, 10, 50.2: 160;23 1;ādau kṣetrīkaraṇaṁ cāvaśyakam ||;
RRSṬīkā zu RRS, 10, 50.2: 160;24 1;pāradasiddhāvanubhūtasarvakriyāsādhakaḥ |;
RRSṬīkā zu RRS, 10, 50.2: 160;25 1;ata eva nātinirapāyasya lohasya guṇānām |;
RRSṬīkā zu RRS, 10, 50.2: 160;26 1;nanu pāṣāṇato.pi kaṭhināṇāṁ lohaviśeṣāṇāṁ |;
RRSṬīkā zu RRS, 10, 50.2: 160;27 1;antaragnipraveśena sarvaṁ sambhavatīti bhāvaḥ ||;
RRSṬīkā zu RRS, 5, 178.2: 42;1 1;tiryagākārā tiraścīnā yā dīrghā cullī āhāL.a iti |;
RRSṬīkā zu RRS, 5, 178.2: 42;2 1;taṁ ghaṭaṁ ca vaktraṁ vinā bāhye samaṁ |;
RRSṬīkā zu RRS, 5, 178.2: 42;3 1;bhṛṣṭayantrākhye tasmin viṁśatipalamitaṁ sīsaṁ |;
RRSṬīkā zu RRS, 5, 178.2: 42;4 1;tasmin drute sati ekakarṣaṁ śuddhasūtaṁ tatra kṣiptvā tato |;
RRSṬīkā zu RRS, 5, 178.2: 42;5 1;tato dorbhyāṁ lohadarvyā vighaṭṭayaṁścālayan |;
RRSṬīkā zu RRS, 5, 178.2: 42;6 1;tena vidhinā nāgabhasma raktavarṇaṁ kapotacchāyaṁ |;
RRSṬīkā zu RRS, 5, 178.2: 42;7 1;tāpasphoṭādikaratvarūpadoṣarahitaṁ bhasmībhūtaṁ |;
RRSṬīkā zu RRS, 10, 52.3: 161;1 1;saṁprati gartāviśeṣaṁ mahāpuṭamāha bhūmimadhya |;
RRSṬīkā zu RRS, 10, 52.3: 161;2 1;tādṛśamūṣikoparyardhasahasraṁ chagaṇānāṁ pūrayet ||;
RRSṬīkā zu RRS, 10, 52.3: 161;3 1;tato dīpayet ||;
RRSṬīkā zu RRS, 4, 19.1: 32;1 1;kaṇḍarānvitaṁ sirāvṛtam ||;
RRSṬīkā zu RRS, 10, 54.3: 162;1 1;atha gajapuṭamāha rājahasteti ||;
RRSṬīkā zu RRS, 10, 54.3: 162;2 1;rājahastastriṁśadaṅgulimitaḥ ||;
RRSṬīkā zu RRS, 10, 54.3: 162;3 1;tanmitaṁ nimnaṁ gambhīraṁ tanmitavistāraṁ ca gartaṁ |;
RRSṬīkā zu RRS, 10, 54.3: 162;4 1;nimnamityatra vistāraśabdo luptanirdiṣṭaḥ ||;
RRSṬīkā zu RRS, 10, 54.3: 162;5 1;tadupalaśāṭhībhiḥ kaṇṭhaparyantaṁ pūrayet ||;
RRSṬīkā zu RRS, 10, 54.3: 162;6 1;upalāḥ kaṭhinā mahānto vanyacchagaṇāstato .lpadehāḥ |;
RRSṬīkā zu RRS, 10, 54.3: 162;7 1;tatra mūṣāṁ bheṣajagarbhitāṁ vinyasya |;
RRSṬīkā zu RRS, 10, 56.2: 163;1 1;atha kukkuṭapuṭamāha ||;Āyurvedadīpikā ĀVDīp zu Ca, Śār., 1, 26.2: 209 1;atha karmendriyāṇyāha hastāv ityādi ||;!;;Khādiragṛhyasūtra KhGṛS, 2, 4: 6 16;athainaṁ paridadyād antakaprabhṛtibhiḥ ||;!;;Mugdhāvabodhinī MuA zu RHT, 4, 22.2: 83 1;atha śulbābhramāha ghanetyādi ||;!;;Mugdhāvabodhinī MuA zu RHT, 8, 16.2: 153 1;abhrakayogamāha athetyādi ||;!;;Mugdhāvabodhinī MuA zu RHT, 15, 8.2: 236 1;anyaccāha athetyādi ||;!;;Mugdhāvabodhinī MuA zu RHT, 18, 40.3: 300 1;atha nāgamāha rājāvartaketyādi ||;!;;Mugdhāvabodhinī MuA zu RHT, 19, 44.2: 346 1;atha pathyānāha śālerityādi ||;!;;Nibandhasaṁgraha NiSaṁ zu Su, Sū., 14, 18.1: -1 3;ityāha ityāha kusumakalikāmadhyasthaḥ ||;!;;Pañcārthabhāṣya PABh zu PāśupSūtra, 5, 45: 167 2;āha kamevamāha ||;!;;Rasādhyāyaṭīkā RAdhyṬ zu RAdhy, 16.2: 5 10;atha rasasya pañca doṣān āha ||;!;;Rasādhyāyaṭīkā RAdhyṬ zu RAdhy, 30.2: 8 3;atha krameṇa saṁskārān vyākhyāpayann āha ||;!;;Rasādhyāyaṭīkā RAdhyṬ zu RAdhy, 202.2: 36 13;atha siddharasasya phalamāha ||;!;;Rasaratnasamuccayabodhinī RRSBoṬ zu RRS, 10, 56.2: 167 1;kukkuṭapuṭamāha puṭamiti ||;!;;Rasaratnasamuccayaṭīkā RRSṬīkā zu RRS, 8, 92: 108 1;atha kṣepavedham āha prakṣepaṇam iti ||;!;;Rasaratnasamuccayaṭīkā RRSṬīkā zu RRS, 9, 13.2: 117 1;atha dīpikāyantramāha kacchapayantreti ||;!;;Rasaratnasamuccayaṭīkā RRSṬīkā zu RRS, 9, 41.2: 124 1;atha bhūdharayantramāha vāluketi ||;!;;Rasaratnasamuccayaṭīkā RRSṬīkā zu RRS, 9, 42.2: 125 1;atha puṭayantramāha śarāveti ||;!;;Rasaratnasamuccayaṭīkā RRSṬīkā zu RRS, 9, 46.3: 127 1;atha khalacarīyantramāha yatreti ||;!;;Rasaratnasamuccayaṭīkā RRSṬīkā zu RRS, 9, 65.3: 134 1;atha grastayantramāha mūṣāmiti ||;!;;Rasaratnasamuccayaṭīkā RRSṬīkā zu RRS, 9, 66.2: 135 1;atha sthālīyantramāha sthālyāmiti ||;!;;Rasaratnasamuccayaṭīkā RRSṬīkā zu RRS, 9, 73.2: 136 1;atha dhūpayantramāha vidhāyeti ||;!;;Rasaratnasamuccayaṭīkā RRSṬīkā zu RRS, 10, 14.3: 142 1;atha gāramūṣāmāha dagdheti ||;!;;Rasaratnasamuccayaṭīkā RRSṬīkā zu RRS, 10, 15.3: 143 1;atha varamūṣām āha vajreti ||;!;;Rasaratnasamuccayaṭīkā RRSṬīkā zu RRS, 10, 16.3: 144 1;atha varṇamūṣāmāha pāṣāṇeti ||;!;;Rasaratnasamuccayaṭīkā RRSṬīkā zu RRS, 10, 25.2: 148 1;atha gostanamūṣāmāha mūṣāyā iti ||;!;;Rasaratnasamuccayaṭīkā RRSṬīkā zu RRS, 10, 28.2: 151 1;atha golamūṣāmāha nirvaktreti ||;!;;Rasaratnasamuccayaṭīkā RRSṬīkā zu RRS, 10, 29.3: 152 1;atha mahāmūṣāmāha tala iti ||;!;;Rasaratnasamuccayaṭīkā RRSṬīkā zu RRS, 10, 54.3: 162 1;atha gajapuṭamāha rājahasteti ||;!;;Rasaratnasamuccayaṭīkā RRSṬīkā zu RRS, 10, 62.2: 166 1;atha bhūdharapuṭamāha vahnimitrāmiti ||;!;;Rasaratnasamuccayaṭīkā RRSṬīkā zu RRS, 10, 63.2: 167 1;atha lāvakapuṭamāha ūrdhvamiti ||;!;;Rasaratnasamuccayaṭīkā RRSṬīkā zu RRS, 11, 71.2: 179 1;atha khoṭabandhamāha bandha iti ||;!;;Śāṅkhāyanāraṇyaka ŚāĀr, 7, 12: 88 1;atha khalvāhur nirbhujavaktrāḥ ||;!;;Śārṅgadharasaṁhitādīpikā ŚSDīp zu ŚdhSaṁh, 2, 12, 86.1: 71 41;atha tyājyamāha bilvamiti ||;!;;Tantrākhyāyikā TAkhy, 1: 1 162;atha vāyaso jambukam āha ||;!;;Tantrākhyāyikā TAkhy, 1: 1 340;athāsāv āha ||;!;;Tantrākhyāyikā TAkhy, 1: 1 581;atha dharmasthānīyān āha ||;!;;Tantrākhyāyikā TAkhy, 2: 2 236;athāsāv āha ||;!;;Viṣṇupurāṇa ViPur, 4, 4: 60 25;athainaṁ bhagavān āha ||;!;;Viṣṇupurāṇa ViPur, 4, 9: 65 4;athāha bhagavān ||;!;;
RRSṬīkā zu RRS, 10, 56.2: 163;2 1;bhūmipṛṣṭhabhāge kuḍyena nirmitaṁ |;
RRSṬīkā zu RRS, 10, 57.2: 164;1 1;yacca gartaṁ bhūmitale mṛdādibhiḥ |;
RRSṬīkā zu RRS, 3, 116.2: 17;1 1;atha kramaprāptaṁ kaṅkuṣṭhaṁ varṇayati himavaditi ||;
RRSṬīkā zu RRS, 3, 116.2: 17;2 1;sa ca pītavarṇaḥ ||;Divyāvadāna Divyāv, 18: 18 418;sa ca sumatistatsthānamanusaṁprāptaḥ ||;!;;Nibandhasaṁgraha NiSaṁ zu Su, Sū., 14, 17.1: -1 6;baliṁ tasmāt tena ca tadyathā eva iti ||;!;;Rasaratnasamuccayaṭīkā RRSṬīkā zu RRS, 9, 35.3: 122 15;sa ca varṇo jñeyaḥ ||;!;;Saṅghabhedavastu SBhedaV, 1: 1 128;sa teṣāṁ nigṛhītavyāṁś ca nigṛhṇāti pragṛhītavyāṁś ca ;!;;Viṣṇupurāṇa ViPur, 4, 12: 68 36;sa ca tāṁ snuṣām upayeme ||;!;;Viṣṇusmṛti ViSmṛ, 5: 5 133;tac ca teṣāṁ dadyāt ||;!;;Viṣṇusmṛti ViSmṛ, 96: 96 8;teṣāṁ ca tasyādbhiḥ śuddhiḥ syāt ||;!;;
RRSṬīkā zu RRS, 3, 116.2: 17;3 1;ślakṣṇānekasacākacikyaphalakaviśiṣṭaḥ khanijaḥ |;
RRSṬīkā zu RRS, 3, 116.2: 17;4 1;ubhayamapi dvividhaṁ nalikā reṇukaśceti khanijabhedau |;
RRSṬīkā zu RRS, 10, 59.2: 165;1 1;gorvaraistuṣairvā yatra gajapuṭagartāyāṁ puṭaṁ dīyate |;
RRSṬīkā zu RRS, 3, 149: 24;1 1;athoddeśakramaprāptaṁ hiṅgulaṁ varṇayati hiṅgula iti ||;Rasaratnasamuccayaṭīkā RRSṬīkā zu RRS, 2, 142.2: 8 1;athoddeśakramaprāptaṁ rasakaṁ varṇayati rasaka iti ||;!;;
RRSṬīkā zu RRS, 3, 149: 24;2 1;ayaṁ rasaḥ pāradakhanijamṛdviśeṣaḥ ||;
RRSṬīkā zu RRS, 3, 149: 24;3 1;ata eva prathamādhyāya uktam |;
RRSṬīkā zu RRS, 3, 149: 24;3 2;tāṁ mṛdaṁ pātanāyantre pātayanti rasaṁ tataḥ |;
RRSṬīkā zu RRS, 3, 149: 24;3 3;iti ||;
RRSṬīkā zu RRS, 3, 149: 24;4 1;kṛtrimo.pi loke dṛśyate |;
RRSṬīkā zu RRS, 3, 149: 24;5 1;khanijo.yaṁ dvividhaḥ ||;Rasaratnasamuccayaṭīkā RRSṬīkā zu RRS, 2, 3.2: 2 3;idam upalakṣaṇaṁ sarveṣāṁ khanijadravyāṇām ||;!;;
RRSṬīkā zu RRS, 3, 149: 24;6 1;tasya cottamasya lakṣaṇamāha śvetareṣa iti ||;
RRSṬīkā zu RRS, 3, 149: 24;7 1;sa ca haṁsapāka iti nāmnā kathitaḥ pākena vyavasthitaḥ ||;
RRSṬīkā zu RRS, 3, 149: 24;8 1;śvetaraktavarṇaviśiṣṭatvāt ||;
RRSṬīkā zu RRS, 3, 149: 24;9 1;ayaṁ uttamaḥ ||;
RRSṬīkā zu RRS, 3, 149: 24;10 1;prathamastu hīnaśvetareṣo.lpaguṇaḥ ||;
RRSṬīkā zu RRS, 3, 149: 24;11 1;sa tu carmāra iti nigadyate ||;
RRSṬīkā zu RRS, 10, 62.2: 166;1 1;atha bhūdharapuṭamāha vahnimitrāmiti ||;
RRSṬīkā zu RRS, 10, 62.2: 166;2 1;vahnimitrā mūṣā śarāva iti yāvat ||;
RRSṬīkā zu RRS, 10, 62.2: 166;3 1;jayasundarādirasavidhāvasyā upayogo bodhyaḥ ||;
RRSṬīkā zu RRS, 3, 65.2: 10;1 1;tadbhedāvāha sphaṭikī pītiketi ||;
RRSṬīkā zu RRS, 3, 65.2: 10;2 1;sphaṭikīlepācchatavāraṁ tāmrapatraṁ lohapatraṁ prati vā |;
RRSṬīkā zu RRS, 3, 65.2: 10;3 1;yato jāraṇāyām asyā viḍadravyatvenopayogāt ||;
RRSṬīkā zu RRS, 3, 65.2: 10;4 1;antarbhāvitaṇyartho .tra caradhātuḥ ||;Āyurvedadīpikā ĀVDīp zu Ca, Sū., 27, 3: 96 17;dhātuvyūho dhātusaṁghātaḥ ||;!;;Gūḍhārthadīpikā ŚGDīp zu ŚdhSaṁh, 2, 12, 23.2: 48 3;dhātucaraṁ dhātugrasanaśāli ||;!;;
RRSṬīkā zu RRS, 10, 63.2: 167;1 1;atha lāvakapuṭamāha ūrdhvamiti ||;
RRSṬīkā zu RRS, 10, 63.2: 167;2 1;śarāvākāramūṣāṁ saṁpuṭitāṁ bhūmau nidhāya tadupari |;
RRSṬīkā zu RRS, 10, 63.2: 167;3 1;ṣoḍaśa eva ṣoḍaśikā ||;
RRSṬīkā zu RRS, 10, 63.2: 167;4 1;sā saṁkhyā cātra vanyopalānāmeva grāhyā ||;
RRSṬīkā zu RRS, 10, 63.2: 167;5 1;tanmātrais tadvanyacchagaṇatulitair ityarthaḥ ||;
RRSṬīkā zu RRS, 3, 14.2: 9;1 1;khaṭhikā khaḍu cās iti nāmnā loke prasiddhā ||;Āyurvedadīpikā ĀVDīp zu Ca, Śār., 1, 94.2: 246 3;prasiddhavacanair iti lokaprasiddhavacanaiḥ ||;!;;Rasaratnasamuccayaṭīkā RRSṬīkā zu RRS, 8, 18.2: 61 6;ravā iti nāmnā loke prasiddham ||;!;;
RRSṬīkā zu RRS, 10, 64.2: 168;1 1;puṭānāṁ hi prāyo vanyacchagaṇasādhyatvāttadupasthitiḥ |;
RRSṬīkā zu RRS, 10, 64.2: 168;2 1;atha kumbhapuṭaṁ granthāntaroktaṁ vakṣyāmi |;
RRSṬīkā zu RRS, 10, 64.2: 168;2 2;mṛdghaṭe bahurandhrāṇi kṛtvāṅgulasamāni vai |;
RRSṬīkā zu RRS, 10, 64.2: 168;2 3;catvāriṁśattatastasmiñśītamulmukacūrṇakam ||;
RRSṬīkā zu RRS, 10, 64.2: 168;3 1;ardham āpūrayitvā ca mukhe dadyāccharāvakam |;
RRSṬīkā zu RRS, 10, 64.2: 168;3 2;karpaṭena mṛdā liptvā chāyāśuṣkaṁ ca kārayet ||;
RRSṬīkā zu RRS, 10, 64.2: 168;4 1;tasminnaṅgārakān kṣiptvā cullyāṁ vā ceṣṭikāsu ca |;
RRSṬīkā zu RRS, 10, 64.2: 168;4 2;nidhāya tridinācchītaṁ gṛhītvauṣadhimāharet ||;
RRSṬīkā zu RRS, 10, 64.2: 168;5 1;etat kumbhapuṭaṁ jñeyaṁ kathitaṁ śāstradarśibhiḥ |;
RRSṬīkā zu RRS, 10, 64.2: 168;5 2;iti ||;
RRSṬīkā zu RRS, 3, 103.2: 12;1 1;rasāñjanamiti ||;
RRSṬīkā zu RRS, 3, 103.2: 12;2 1;etad rasod iti brijabhāṣāyām uttaradeśe prasiddham ||;
RRSṬīkā zu RRS, 3, 103.2: 12;3 1;etad rītikiṭṭajanyaṁ |;
RRSṬīkā zu RRS, 11, 20.2: 170;1 1;viṣamiti ||;
RRSṬīkā zu RRS, 11, 20.2: 170;2 1;ete doṣā naisargikāḥ ||;Arthaśāstra ArthaŚ, 1, 8: 8 7;sādhāraṇaiṣa doṣaḥ iti pārāśarāḥ ||;!;;Āyurvedadīpikā ĀVDīp zu Ca, Vim., 1, 5.2: 161 1;doṣā iti śarīradoṣāḥ ||;!;;Nibandhasaṁgraha NiSaṁ zu Su, Sū., 14, 28.2: -1 2;ṣaṣṭeścārvāg saṁjñāntarametat .mlabhojananimitto ;!;;Pañcārthabhāṣya PABh zu PāśupSūtra, 5, 34: 156 36;astveṣa viṣayāṇāmarjane doṣaḥ ||;!;;Pañcārthabhāṣya PABh zu PāśupSūtra, 5, 34: 156 65;santvete viṣayadoṣāḥ ||;!;;Parāśarasmṛtiṭīkā Parāśarasmṛtiṭīkā zu ParDhSmṛti, 2, 15.2: 16 539;naiṣa doṣaḥ ||;!;;Viṁśatikāvṛtti ViṁVṛtti zu ViṁKār, 1, 12.2: 19 4;mā bhūdeṣa doṣaprasaṅgaḥ ||;!;;
RRSṬīkā zu RRS, 11, 20.2: 170;3 1;tadviyogakaraṇaṁ doṣāntarāpekṣayātidurghaṭam iti |;
RRSṬīkā zu RRS, 11, 20.2: 170;4 1;vastutastu devaprārthitamahādevena teṣāṁ saṁbandhaḥ |;
RRSṬīkā zu RRS, 3, 105.2: 14;1 1;puṣpāñjanamiti ||;
RRSṬīkā zu RRS, 3, 105.2: 14;2 1;etad rītipuṣpajanyam ||;Aitareyabrāhmaṇa AitBr, 2, 2: 32 25;jāto hy eṣa etāj jāyate ||;!;;
RRSṬīkā zu RRS, 3, 105.2: 14;3 1;jastaphūl iti mahārāṣṭrabhāṣāyāṁ prasiddham ||;Āyurvedadīpikā ĀVDīp zu Ca, Śār., 1, 94.2: 246 3;prasiddhavacanair iti lokaprasiddhavacanaiḥ ||;!;;Rasaratnasamuccayaṭīkā RRSṬīkā zu RRS, 4, 57.2: 34 2;asya lokabhāṣāyāṁ laśanyākhaḍā iti prasiddhaḥ ||;!;;
RRSṬīkā zu RRS, 11, 21: 171;1 1;yogikau doṣāvāha yaugikāviti ||;
RRSṬīkā zu RRS, 11, 21: 171;2 1;nikaṭavartināgavaṅgakhaniyogena miśraṇājjāto nāgākhya |;
RRSṬīkā zu RRS, 3, 106.2: 15;1 1;nīlāñjanamiti ||;
RRSṬīkā zu RRS, 3, 106.2: 15;2 1;nīlavarṇasurmā iti loke prasiddhaḥ ||;Rasaratnasamuccayaṭīkā RRSṬīkā zu RRS, 8, 18.2: 61 6;ravā iti nāmnā loke prasiddham ||;GOOD;;Rasaratnasamuccayaṭīkā RRSṬīkā zu RRS, 4, 3.2: 27 2;pannā iti loke prasiddham ||;GOOD;;Rasaratnasamuccayaṭīkā RRSṬīkā zu RRS, 4, 4.1: 28 1;puṣparāgaṁ pukhrāj iti loke prasiddham ||;GOOD;;Rasaratnasamuccayaṭīkā RRSṬīkā zu RRS, 4, 4.2: 31 3;etat pirojā iti loke prasiddham ||;GOOD;;Rasaratnasamuccayaṭīkā RRSṬīkā zu RRS, 3, 14.2: 9 1;khaṭhikā khaḍu cās iti nāmnā loke prasiddhā ||;GOOD;;Rasaratnasamuccayaṭīkā RRSṬīkā zu RRS, 3, 104.2: 13 2;śvetavarṇasurmā iti loke prasiddham ||;GOOD;;Rasaratnasamuccayaṭīkā RRSṬīkā zu RRS, 4, 57.2: 34 2;asya lokabhāṣāyāṁ laśanyākhaḍā iti prasiddhaḥ ||;GOOD;;Aṣṭādhyāyī Aṣṭādhyāyī, 5, 1: 17 44;lokasarvalokāṭ ṭhañ ||;!;;Āyurvedadīpikā ĀVDīp zu Ca, Sū., 27, 44.2: 109 7;śarāriḥ śarālī iti loke ||;!;;Āyurvedadīpikā ĀVDīp zu Ca, Sū., 20, 11.2: 37 6;vātakhuḍḍatā cāluka iti prasiddhaḥ ||;!;;Āyurvedadīpikā ĀVDīp zu Ca, Vim., 8, 7.2: 200 11;ityadhyayanavidhiriti upasaṁharaṇam ||;!;;Āyurvedadīpikā ĀVDīp zu Ca, Śār., 1, 94.2: 246 3;prasiddhavacanair iti lokaprasiddhavacanaiḥ ||;!;;Gopathabrāhmaṇa NEW GB, 1, 2, 2: 41 23;iti veti vā mukhaṁ viparidhāpayet ||;!;;Mṛgendraṭīkā MṛgṬīkā zu MṛgT, Vidyāpāda, 2, 17.1: 50 7;lokānām antarākāśaṁ lokākāśam iti smṛtam ||;!;;Nibandhasaṁgraha NiSaṁ zu Su, Cik., 29, 12.32: -1 16;eveti ityatra anutsvādayan ||;!;;Nibandhasaṁgraha NiSaṁ zu Su, Sū., 1, 24.1: -1 4;ityāha prākkila vyālā iti vyākhyātāḥ ||;!;;Pañcārthabhāṣya PABh zu PāśupSūtra, 4, 6: 104 23;loke iti sāmīpikaṁ saṁnidhānam ||;!;;Pañcārthabhāṣya PABh zu PāśupSūtra, 5, 17: 139 4;āpo.tra lokādiprasiddhāḥ ||;!;;Rasādhyāyaṭīkā RAdhyṬ zu RAdhy, 237.2: 46 6;iti vyoṣarājiḥ kāṁsyarājir ityarthaḥ ||;!;;Rasaratnasamuccayabodhinī RRSBoṬ zu RRS, 8, 52.2: 86 3;cullakā gilṭī iti loke ||;!;;Rasaratnasamuccayabodhinī RRSBoṬ zu RRS, 3, 126.1: 16 1;gaurīpāṣāṇaḥ śuklapāṣāṇaḥ phulkhaḍi iti loke ||;!;;Rasaratnasamuccayaṭīkā RRSṬīkā zu RRS, 3, 105.2: 14 3;jastaphūl iti mahārāṣṭrabhāṣāyāṁ prasiddham ||;!;;Rasaratnasamuccayaṭīkā RRSṬīkā zu RRS, 3, 102.2: 11 1;sauvīraṁ kṛṣṇavarṇasurmā iti lokabhāṣāyām ||;!;;Rasaratnasamuccayaṭīkā RRSṬīkā zu RRS, 3, 127.1: 21 1;moddāraśṛṅgaṁ murdāﾡśiṁgeti loke prasiddham ||;!;;Śāṅkhāyanāraṇyaka ŚāĀr, 5, 3: 51 11;ityevaṁ hi paśyāma iti ||;!;;Śārṅgadharasaṁhitādīpikā ŚSDīp zu ŚdhSaṁh, 2, 11, 93.2: 46 21;bhṛṅgo mārkavaḥ ghamarā iti loke ||;!;;Śārṅgadharasaṁhitādīpikā ŚSDīp zu ŚdhSaṁh, 2, 12, 38.1: 62 4;droṇapuṣpī nahula iti prasiddhā ||;!;;
RRSṬīkā zu RRS, 11, 22.2: 172;1 1;upādhinā saṁnihitavastusaṁbandhamātreṇa vastuni |;
RRSṬīkā zu RRS, 11, 22.2: 172;2 1;te ca saptavidhāḥ ||;Saṅghabhedavastu SBhedaV, 1: 1 128;sa teṣāṁ nigṛhītavyāṁś ca nigṛhṇāti pragṛhītavyāṁś ca ;GOOD;;Viṣṇupurāṇa ViPur, 4, 12: 68 36;sa ca tāṁ snuṣām upayeme ||;GOOD;;Viṣṇusmṛti ViSmṛ, 5: 5 133;tac ca teṣāṁ dadyāt ||;GOOD;;Aitareyabrāhmaṇa AitBr, 1, 4: 4 5;tattan nādṛtyam ||;!;;Aitareyabrāhmaṇa AitBr, 1, 11: 11 2;tat tan nādṛtyam ||;!;;Aitareyabrāhmaṇa AitBr, 2, 22: 52 2;tat tan nādṛtyam ||;!;;Aitareyabrāhmaṇa AitBr, 3, 18: 89 10;tat tan nādṛtyam ||;!;;Āpastambagṛhyasūtra ĀpGṛSū, 12: 11 9;tasmā anvāha tat savitur iti ||;!;;Arthaśāstra ArthaŚ, 1, 4: 4 15;sa tena guptaḥ prabhavati iti ||;!;;Arthaśāstra ArthaŚ, 1, 10: 10 10;tenodvegena rājā tān avarundhyāt ||;!;;Arthaśāstra ArthaŚ, 1, 15: 15 24;te yathā brūyustat kuryāt ||;!;;Arthaśāstra ArthaŚ, 1, 15: 15 42;tān ekaikaśaḥ pṛcchet samastāṁśca ||;!;;Arthaśāstra ArthaŚ, 1, 15: 15 55;sa taccakṣuḥ ||;!;;Arthaśāstra ArthaŚ, 4, 8: 47 2;tāṁścāpadeśaiḥ pratisamānayet ||;!;;Aṣṭādhyāyī Aṣṭādhyāyī, 1, 4: 4 55;tatprayojako hetuś ca ||;!;;Aṣṭādhyāyī Aṣṭādhyāyī, 4, 2: 14 59;tad adhīte tad veda ||;!;;Aṣṭādhyāyī Aṣṭādhyāyī, 4, 2: 14 66;chandobrāhmaṇāni ca tadviṣayāṇi ||;!;;Aṣṭādhyāyī Aṣṭādhyāyī, 4, 2: 14 124;janapadatadavadhyoś ca ||;!;;Aṣṭādhyāyī Aṣṭādhyāyī, 4, 3: 15 2;tasminn aṇi ca yuṣmākāsmākau ||;!;;Aṣṭādhyāyī Aṣṭādhyāyī, 4, 3: 15 155;ñitaś ca tatpratyayāt ||;!;;Aṣṭādhyāyī Aṣṭādhyāyī, 7, 3: 27 29;tatpratyayasya ca ||;!;;Aṣṭādhyāyī Aṣṭādhyāyī, 5, 1: 17 16;tad asya tad asmin syād iti ||;!;;Aṣṭādhyāyī Aṣṭādhyāyī, 5, 1: 17 95;tasya ca dakṣiṇā yajñākhyebhyaḥ ||;!;;Aṣṭādhyāyī Aṣṭādhyāyī, 5, 3: 19 20;tayor dārhilau ca chandasi ||;!;;Aṣṭādhyāyī Aṣṭādhyāyī, 5, 3: 19 77;nītau ca tadyuktāt ||;!;;Aṣṭādhyāyī Aṣṭādhyāyī, 5, 3: 19 106;samāsāc ca tadviṣayāt ||;!;;Āyurvedadīpikā ĀVDīp zu Ca, Sū., 26, 8.9: 43 7;pūrvapakṣaśca kapilamatena te ||;!;;Ayurvedarasāyana Ayurvedarasāyana zu AHS, Sū., 9, 11.2: 15 11;tatsaṁkare ca yato bāhulyena ||;!;;Ayurvedarasāyana Ayurvedarasāyana zu AHS, Sū., 9, 13.1: 18 4;evaṁ ca tadaṣṭadhā saṁmatam ||;!;;Ayurvedarasāyana Ayurvedarasāyana zu AHS, Sū., 16, 13.1: 56 3;tac ca tailena ||;!;;Ayurvedarasāyana Ayurvedarasāyana zu AHS, Sū., 16, 13.1: 57 2;tac ca niśi ||;!;;Ayurvedarasāyana Ayurvedarasāyana zu AHS, Sū., 16, 16.1: 61 3;sa ca catuḥṣaṣṭidhā ||;!;;Baudhāyanadharmasūtra BaudhDhSū, 1, 3: 3 43;tayos tad eva pāvanam ||;!;;Carakasaṁhitā Ca, 3, 1: 39 12;tasmād rasaprabhāvataś ca dravyaprabhāvataś ca ;!;;Daśakumāracarita DKCar, 2, 2: 7 258;arthapatau ca tadapayaśo rūḍham ||;!;;Daśakumāracarita DKCar, 2, 3: 8 155;atiṣṭhacca tanmate sa durmatiḥ ||;!;;Daśakumāracarita DKCar, 2, 3: 8 178;akūjacaca sā taṁ janaṁ kṛtāntadṛtīvāhvayantī ||;!;;Daśakumāracarita DKCar, 2, 4: 9 135;te cāsmābhiḥ pratyahamahanyanta ||;!;;Daśakumāracarita DKCar, 2, 5: 10 94;sa ca vilambitaḥ ||;!;;Daśakumāracarita DKCar, 2, 6: 11 6;sa tu tasyāḥ pāṇigrāhakamanujīviṣyati ||;!;;Daśakumāracarita DKCar, 2, 6: 11 36;tāmanvayāva cāvām ||;!;;Daśakumāracarita DKCar, 2, 6: 11 246;sā caināṁ nirbhartsayantī pratyācacakṣe ||;!;;Daśakumāracarita DKCar, 2, 7: 12 8;sa ca tathākārṣīt ||;!;;Daśakumāracarita DKCar, 2, 7: 12 81;taccādya siddham ||;!;;Divyāvadāna Divyāv, 1: 1 9;tacca naivam ||;!;;Divyāvadāna Divyāv, 1: 1 89;sā tenātyayam atyayataḥ kṣamāpitā ||;!;;Divyāvadāna Divyāv, 1: 1 139;tān dṛṣṭvā tasya kāruṇyamutpannam ||;!;;Divyāvadāna Divyāv, 1: 1 142;sa tānutsṛjya padbhyāṁ samprasthitaḥ ||;!;;Divyāvadāna Divyāv, 1: 1 145;sa tasya sakāśamupasaṁkrāntaḥ ||;!;;Divyāvadāna Divyāv, 1: 1 167;sa tasya sakāśamupasaṁkrāntaḥ ||;!;;Divyāvadāna Divyāv, 1: 1 190;sa tairdūrata eva dṛṣṭaḥ ||;!;;Divyāvadāna Divyāv, 1: 1 191;te taṁ pratyavabhāṣitumārabdhāḥ ||;!;;Divyāvadāna Divyāv, 1: 1 194;sa taiḥ snāpito bhojitaḥ ||;!;;Divyāvadāna Divyāv, 1: 1 199;tā api apsaraso .ntarhitāśca ||;!;;Divyāvadāna Divyāv, 1: 1 239;sa tena snāpito bhojitaḥ ||;!;;Divyāvadāna Divyāv, 1: 1 325;tena tasyāḥ pratijñātam ||;!;;Divyāvadāna Divyāv, 1: 1 328;sa tasminneva vimāne uṣitaḥ ||;!;;Divyāvadāna Divyāv, 1: 1 341;sa tasyaurabhrikasya sakāśamupasaṁkrāntaḥ ||;!;;Divyāvadāna Divyāv, 1: 1 369;sa tasyā veśyāyāḥ sakāśamupasaṁkrāntaḥ ||;!;;Divyāvadāna Divyāv, 1: 1 397;sa taiḥ svareṇa pratyabhijñātaḥ ||;!;;Divyāvadāna Divyāv, 1: 1 428;sa tenopasaṁpāditaḥ ||;!;;Divyāvadāna Divyāv, 1: 1 494;taiḥ sa dvāre baddhvā sthāpitaḥ ||;!;;Divyāvadāna Divyāv, 1: 1 508;tena te karapratyāyāḥ samucchinnāḥ ||;!;;Divyāvadāna Divyāv, 2: 2 39;tayā tasyārocitam ||;!;;Divyāvadāna Divyāv, 2: 2 120;tābhiḥ sā pṛṣṭā tayā samākhyātam ||;!;;Divyāvadāna Divyāv, 2: 2 136;te ca daivayogāt samprāptāḥ ||;!;;Divyāvadāna Divyāv, 2: 2 183;sa tamādāya vīthīṁ samprasthitaḥ ||;!;;Divyāvadāna Divyāv, 2: 2 188;sa tat kāṣṭhaṁ nirīkṣitumārabdhaḥ ||;!;;Divyāvadāna Divyāv, 2: 2 219;tena tāstisro gaṇḍikā darśitāḥ ||;!;;Divyāvadāna Divyāv, 2: 2 295;sa saṁsiddhayānapātraśca pratyāgataḥ ||;!;;Divyāvadāna Divyāv, 2: 2 307;tena te śrutāḥ ||;!;;Divyāvadāna Divyāv, 2: 2 337;sa cāhaṁ ca ||;!;;Divyāvadāna Divyāv, 2: 2 419;sa tābhyāṁ mānaṁ grāhitaḥ ||;!;;Divyāvadāna Divyāv, 2: 2 426;sa ca yakṣāṇām yakṣasamitiṁ gataḥ ||;!;;Divyāvadāna Divyāv, 3: 3 106;sa tān māṇavakān maitreyāya anupradāsyati ||;!;;Divyāvadāna Divyāv, 3: 3 197;tatsamanantaraṁ ca śaṅkha āpūritaḥ ||;!;;Divyāvadāna Divyāv, 5: 5 23;sa cātīva kavipriyaḥ ||;!;;Divyāvadāna Divyāv, 7: 7 33;sa tasyāḥ sakāśamupasaṁkrāntaḥ ||;!;;Divyāvadāna Divyāv, 7: 7 34;tasyāśca bhikṣāyāmāyāsaḥ sampannaḥ ||;!;;Divyāvadāna Divyāv, 7: 7 41;sā tāmapanetumārabdhā ||;!;;Divyāvadāna Divyāv, 7: 7 42;tasyāstasminnācāme .ṅguliḥ patitā ||;!;;Divyāvadāna Divyāv, 7: 7 140;sa tasya kṣetraṁ rakṣitumārabdhaḥ ||;!;;Divyāvadāna Divyāv, 7: 7 149;sā tāmādāya gatā ||;!;;Divyāvadāna Divyāv, 7: 7 192;sa tayā prajvalitaḥ pradīpaḥ prajvalatyeva ||;!;;Divyāvadāna Divyāv, 8: 8 265;saṁvṛtā ca sā nadī ||;!;;Divyāvadāna Divyāv, 9: 9 70;taiḥ pratijñātaṁ kriyākāraśca kṛtaḥ ||;!;;Divyāvadāna Divyāv, 10: 10 51;taiścaivaṁ praṇidhānaṁ kṛtam ||;!;;Divyāvadāna Divyāv, 12: 12 176;tat tasyopari nipatitam ||;!;;Divyāvadāna Divyāv, 13: 13 18;sa caivaṁ cintayati ||;!;;Divyāvadāna Divyāv, 13: 13 148;sa tayā mukhabimbakena pratyabhijñātaḥ ||;!;;Divyāvadāna Divyāv, 13: 13 157;tayā gatvā tasyāḥ pracchannaṁ kathitam ||;!;;Divyāvadāna Divyāv, 13: 13 299;tasya tannīlakṛtsnam āmukhībhūtam ||;!;;Divyāvadāna Divyāv, 13: 13 487;sa gṛhapatistaṁ dṛṣṭvā paryavasthitaḥ ||;!;;Divyāvadāna Divyāv, 13: 13 497;sa tasyānugrahārthamavatīrṇaḥ ||;!;;Divyāvadāna Divyāv, 17: 17 222;sa ca rājā janapadān pṛcchati ||;!;;Divyāvadāna Divyāv, 17: 17 326;taiḥ sa rājā dṛṣṭa āgacchan ||;!;;Divyāvadāna Divyāv, 18: 18 200;tadapi cābhyavahṛtam ||;!;;Divyāvadāna Divyāv, 18: 18 207;sa ca svairaṁ bhuñjati ||;!;;Divyāvadāna Divyāv, 18: 18 212;tena tadapi bhuktam ||;!;;Divyāvadāna Divyāv, 18: 18 298;sa ca parinirvṛtaḥ ||;!;;Divyāvadāna Divyāv, 18: 18 301;sa ca bhagavān parinirvṛtaḥ ||;!;;Divyāvadāna Divyāv, 18: 18 372;tasya ca rājño devatayā ārocitam ||;!;;Divyāvadāna Divyāv, 18: 18 390;sa tān dṛṣṭvā pratibuddhaḥ ||;!;;Divyāvadāna Divyāv, 18: 18 506;sa ca gṛhapatiḥ śrāddhaḥ ||;!;;Divyāvadāna Divyāv, 19: 19 232;taistad dṛṣṭam ||;!;;Divyāvadāna Divyāv, 19: 19 273;sa tāṁ gṛhītvā vīthīṁ gataḥ ||;!;;Divyāvadāna Divyāv, 19: 19 289;taiste punaḥ pratyavekṣitāḥ ||;!;;Divyāvadāna Divyāv, 19: 19 291;sa tairgṛhītaḥ ||;!;;Divyāvadāna Divyāv, 19: 19 313;sa taiḥ śabditaḥ ||;!;;Divyāvadāna Divyāv, 19: 19 338;tena tasya kārṣāpaṇasahasraṁ dattam ||;!;;Divyāvadāna Divyāv, 19: 19 404;sa taṁ tāḍayitumārabdhaḥ ||;!;;Divyāvadāna Divyāv, 19: 19 416;sa tasya gṛhaṁ gataḥ ||;!;;Divyāvadāna Divyāv, 19: 19 552;sa tena praveśitaḥ ||;!;;Gautamadharmasūtra GautDhS, 1, 1: 1 2;tadvidāṁ ca smṛtiśīle ||;!;;Gautamadharmasūtra GautDhS, 1, 1: 1 10;tad yasmāt sa ācāryaḥ ||;!;;Gautamadharmasūtra GautDhS, 1, 1: 1 48;tad adbhiḥ pūrvaṁ mṛdā ca ||;!;;Gautamadharmasūtra GautDhS, 1, 2: 2 31;tadbhāryāputreṣu caivam ||;!;;Gautamadharmasūtra GautDhS, 1, 8: 8 7;tadapekṣas tadvṛttiḥ ||;!;;Gautamadharmasūtra GautDhS, 2, 1: 10 63;tena cottaraḥ ||;!;;Gautamadharmasūtra GautDhS, 2, 5: 14 34;tatstrīṇāṁ ca ||;!;;Gautamadharmasūtra GautDhS, 2, 6: 15 12;na ca tena mitrakarma kuryāt ||;!;;Gautamadharmasūtra GautDhS, 2, 6: 15 17;upapatiḥ |yasya ca saḥ ||;!;;Gautamadharmasūtra GautDhS, 3, 3: 21 3;taiś cābdaṁ samācaran ||;!;;Gautamadharmasūtra GautDhS, 3, 3: 21 14;tasya ca pratigrahītetyeke ||;!;;Gopathabrāhmaṇa NEW GB, 1, 1, 11: 11 1;sa āvataś ca parāvataś cānvaikṣata ||;!;;Gopathabrāhmaṇa NEW GB, 1, 1, 23: 23 6;te tam abruvan ||;!;;Gopathabrāhmaṇa NEW GB, 1, 2, 15: 54 28;te pathirakṣayas ta iyakṣamāṇaṁ pratinudantaḥ ||;!;;Jaiminīyabrāhmaṇa JB, 1, 12: 5 7;tām annam akuruta tāṁ pratyudadīpyata ||;!;;Jaiminīyabrāhmaṇa JB, 1, 12: 5 12;tām annam akuruta tāṁ pratyudadīpyata ||;!;;Janmamaraṇavicāra JanMVic, 1: 1 31;sā ca pṛthivyām eva vyavasthitā ||;!;;Kāmasūtra KāSū, 1, 1: 1 3;tatsamayāvabodhakebhyaścācāryebhyaḥ ||;!;;Kāmasūtra KāSū, 2, 8: 13 4;tāni ca vakṣyāmaḥ ||;!;;Kāmasūtra KāSū, 5, 4: 26 18;tasyāstayaiva pratyuttarāṇi yojayet ||;!;;Lalitavistara LalVis, 1: 1 3;tadyathāyuṣmatā ca jñānakauṇḍinyena ||;!;;Lalitavistara LalVis, 12: 12 23;sa tasyāstaṁ lekhamupanāmayati sma ||;!;;Maitrāyaṇīsaṁhitā MS, 2, 1, 1: 18 10;tāṁ vai tasmai kāmāyālabhanta ||;!;;Mṛgendraṭīkā MṛgṬīkā zu MṛgT, Vidyāpāda, 2, 18.1: 52 12;tac ca ghaṭatvād bhinnam ||;!;;Mṛgendraṭīkā MṛgṬīkā zu MṛgT, Vidyāpāda, 3, 2.1: 65 3;tac ca ||;!;;Mṛgendraṭīkā MṛgṬīkā zu MṛgT, Vidyāpāda, 7, 8.2: 139 12;tac cāñjanam ||;!;;Mṛgendraṭīkā MṛgṬīkā zu MṛgT, Vidyāpāda, 8, 3.2: 156 5;tacca ||;!;;Mṛgendraṭīkā MṛgṬīkā zu MṛgT, Vidyāpāda, 8, 4.1: 157 3;bhogyaṁ ca tatphaladvāreṇa ||;!;;Mṛgendraṭīkā MṛgṬīkā zu MṛgT, Vidyāpāda, 12, 3.2: 241 2;sa ca sāttvika eva ||;!;;Mṛgendraṭīkā MṛgṬīkā zu MṛgT, Vidyāpāda, 12, 10.2: 249 3;pāriśeṣyācca manastadvijñeyam ||;!;;Mṛgendraṭīkā MṛgṬīkā zu MṛgT, Vidyāpāda, 12, 16.1: 253 4;na ca tadātmakānyakṣāṇi ||;!;;Mugdhāvabodhinī MuA zu RHT, 6, 13.2: 131 1;taccāha pañcabhirityādi ||;!;;Mugdhāvabodhinī MuA zu RHT, 9, 11.2: 166 1;taccāha sasyakamityādi ||;!;;Mugdhāvabodhinī MuA zu RHT, 9, 12.2: 167 1;taccāha kṣārairityādi ||;!;;Mugdhāvabodhinī MuA zu RHT, 9, 15.2: 170 1;taccāha raktagaṇetyādi ||;!;;Mugdhāvabodhinī MuA zu RHT, 11, 10.2: 193 1;taccāha raktetyādi ||;!;;Mugdhāvabodhinī MuA zu RHT, 13, 2.2: 210 1;taccāha mākṣīketyādi ||;!;;Mugdhāvabodhinī MuA zu RHT, 13, 3.2: 211 1;taccāha mākṣīketyādi ||;!;;Mugdhāvabodhinī MuA zu RHT, 13, 6: 214 1;taccāha kāntetyādi ||;!;;Mugdhāvabodhinī MuA zu RHT, 14, 8.1: 218 6;taccāha saṁsthāpyetyādi ||;!;;Mugdhāvabodhinī MuA zu RHT, 14, 8.1: 218 8;taccāha lavaṇetyādi ||;!;;Mugdhāvabodhinī MuA zu RHT, 14, 8.1: 218 13;taccāha tāvadityādi ||;!;;Mugdhāvabodhinī MuA zu RHT, 14, 8.1: 218 16;taccāha utkhanyetyādi ||;!;;Mugdhāvabodhinī MuA zu RHT, 14, 8.1: 218 23;taccāha paścādityādi ||;!;;Mugdhāvabodhinī MuA zu RHT, 14, 14.2: 223 3;taccāha bāhya ityādi ||;!;;Mugdhāvabodhinī MuA zu RHT, 16, 16.2: 252 4;sā ca mṛdā mṛtsnayā lepyā ||;!;;Mugdhāvabodhinī MuA zu RHT, 18, 40.3: 300 3;taccāha ahītyādi ||;!;;Mugdhāvabodhinī MuA zu RHT, 18, 55.2: 305 3;taccāha nirguṇḍītyādi ||;!;;Mugdhāvabodhinī MuA zu RHT, 18, 55.2: 305 6;taccāha tāre ityādi ||;!;;Mugdhāvabodhinī MuA zu RHT, 18, 57.1: 306 4;taccāha hemnetyādi ||;!;;Mugdhāvabodhinī MuA zu RHT, 18, 59.1: 307 2;taccāha krāmaṇetyādi ||;!;;Mugdhāvabodhinī MuA zu RHT, 18, 63.2: 308 1;taccāha yantramityādi ||;!;;Mugdhāvabodhinī MuA zu RHT, 18, 63.2: 308 11;taccāha gṛhṇīyād ityādi ||;!;;Mugdhāvabodhinī MuA zu RHT, 18, 67.2: 309 5;taccāha madhye ityādi ||;!;;Mugdhāvabodhinī MuA zu RHT, 18, 67.2: 309 8;taccāha liptvetyādi ||;!;;Mugdhāvabodhinī MuA zu RHT, 18, 70.2: 312 1;taccāha paścādityādi ||;!;;Mugdhāvabodhinī MuA zu RHT, 19, 23.2: 333 1;taccāha trikaṭuketyādi ||;!;;Mugdhāvabodhinī MuA zu RHT, 19, 33.2: 338 5;taccāha triphaletyādi ||;!;;Mugdhāvabodhinī MuA zu RHT, 19, 33.2: 338 9;taccāha māsenetyādi ||;!;;Mugdhāvabodhinī MuA zu RHT, 19, 48.2: 350 1;taccāha varjitetyādi ||;!;;Mugdhāvabodhinī MuA zu RHT, 19, 53.2: 355 1;taccāha karkoṭītyādi ||;!;;Mugdhāvabodhinī MuA zu RHT, 19, 56.2: 358 1;taccāha śarapuṅkhetyādi ||;!;;Mugdhāvabodhinī MuA zu RHT, 19, 64.2: 363 5;taccāha evamityādi ||;!;;Nāṭyaśāstravivṛti NŚVi zu NāṭŚ, 6, 66.2: 2 25;omityāha sa ceti ||;!;;Nāṭyaśāstravivṛti NŚVi zu NāṭŚ, 6, 32.2: 1 12;sa cobhayorapi ||;!;;Nāṭyaśāstravivṛti NŚVi zu NāṭŚ, 6, 32.2: 1 140;na ca sā pratītiryuktā ||;!;;Nibandhasaṁgraha NiSaṁ zu Su, Sū., 1, 25.1: -1 1;tadyuktam teṣāmityādi ||;!;;Nibandhasaṁgraha NiSaṁ zu Su, Sū., 24, 11.2: -1 2;ceti iti teṣu prāgabhidhānaṁ punararthe ||;!;;Nibandhasaṁgraha NiSaṁ zu Su, Utt., 1, 8.1: -1 19;yathāśastram tasya ca ||;!;;Nyāyasūtra NyāSū, 2, 1: 3 28;taiścāpadeśo jñānaviśeṣāṇām ||;!;;Nyāyasūtra NyāSū, 3, 1: 5 71;tena eva tasyāgrahaṇāt ca ||;!;;Nyāyasūtra NyāSū, 4, 2: 8 8;teṣu cāvṛtteravayavyabhāvaḥ ||;!;;Nyāyasūtra NyāSū, 4, 2: 8 45;tadabhāvaścāpavarge ||;!;;Pañcārthabhāṣya PABh zu PāśupSūtra, 1, 9: 9 62;sā ca hiṁsā trividhā bhavati ||;!;;Pañcārthabhāṣya PABh zu PāśupSūtra, 1, 9: 9 119;tac ca dvividham ||;!;;Pañcārthabhāṣya PABh zu PāśupSūtra, 1, 9: 9 239;tac ca śaucaṁ trividham ||;!;;Pañcārthabhāṣya PABh zu PāśupSūtra, 1, 16: 17 3;sa ca puruṣavṛttir draṣṭavyaḥ ||;!;;Pañcārthabhāṣya PABh zu PāśupSūtra, 1, 18: 19 10;te cotpannā matāv abhivyajyante ||;!;;Pañcārthabhāṣya PABh zu PāśupSūtra, 1, 21: 22 3;tatprāptiś ca yogapravṛttitaḥ ||;!;;Pañcārthabhāṣya PABh zu PāśupSūtra, 1, 24: 25 13;tac ca na ||;!;;Pañcārthabhāṣya PABh zu PāśupSūtra, 2, 18: 63 8;taducyate tadarthameva ||;!;;Pañcārthabhāṣya PABh zu PāśupSūtra, 2, 19: 64 4;tasmādatra tapastadeva ||;!;;Pañcārthabhāṣya PABh zu PāśupSūtra, 4, 1: 99 9;tasmādatra tapastadeva ||;!;;Pañcārthabhāṣya PABh zu PāśupSūtra, 4, 7.1: 105 17;tac ca trividhamutsṛṣṭam ||;!;;Pañcārthabhāṣya PABh zu PāśupSūtra, 4, 8: 106 16;taducyate taṁ guṇaṁ jñātvā vakṣyāmaḥ ||;!;;Pañcārthabhāṣya PABh zu PāśupSūtra, 4, 12: 110 7;sa teṣām iṣṭāpūrtam ādatteti ||;!;;Pañcārthabhāṣya PABh zu PāśupSūtra, 5, 34: 156 37;sa bhavatu teṣām ||;!;;Pañcārthabhāṣya PABh zu PāśupSūtra, 5, 34: 156 81;te bhavantu teṣām ||;!;;Pañcārthabhāṣya PABh zu PāśupSūtra, 5, 38: 160 9;sā ca cintā dvividhā bhavati ||;!;;Parāśarasmṛtiṭīkā Parāśarasmṛtiṭīkā zu ParDhSmṛti, 2, 2.1: 1 16;tacca sarvatra prasiddham ||;!;;Parāśarasmṛtiṭīkā Parāśarasmṛtiṭīkā zu ParDhSmṛti, 2, 15.2: 16 7;te cāśramāścaturvidhāḥ ||;!;;Parāśarasmṛtiṭīkā Parāśarasmṛtiṭīkā zu ParDhSmṛti, 2, 15.2: 16 81;tacca snānānantaraṁ kāryam ||;!;;Parāśarasmṛtiṭīkā Parāśarasmṛtiṭīkā zu ParDhSmṛti, 2, 15.2: 16 257;tacca navatantukaṁ kāryam ||;!;;Parāśarasmṛtiṭīkā Parāśarasmṛtiṭīkā zu ParDhSmṛti, 2, 15.2: 16 391;tacca ṣoḍaśe varṣe kāryam ||;!;;Parāśarasmṛtiṭīkā Parāśarasmṛtiṭīkā zu ParDhSmṛti, 2, 15.2: 16 598;tāni ca niṣedhavacanāni yathā ||;!;;Pāraskaragṛhyasūtra Pāraskaragṛhyasūtra, 1, 8: 6 13;tasmāt tayor grāmaḥ pramānam iti śruteḥ ||;!;;Pāśupatasūtra PāśupSūtra, 3: 3 8;pāpaṁ ca tebhyo dadāti ||;!;;Pāśupatasūtra PāśupSūtra, 3: 3 9;sukṛtaṁ ca teṣāmādatte ||;!;;Pāśupatasūtra PāśupSūtra, 4: 4 11;sa teṣāmiṣṭāpūrtamādatta ||;!;;Prasannapadā Prasannapadā zu MMadhKār, 1, 3.2: 2 21;sā ca kriyā vijñānaṁ janayati ||;!;;Rasādhyāyaṭīkā RAdhyṬ zu RAdhy, 12.2: 3 23;māritasya ca tasya krāmaṇam ||;!;;Rasādhyāyaṭīkā RAdhyṬ zu RAdhy, 42.2: 14 6;taiśca kāñjikaṁ galitvā yāti ||;!;;Rasādhyāyaṭīkā RAdhyṬ zu RAdhy, 69.2: 19 3;tac caivam ||;!;;Rasaratnasamuccayabodhinī RRSBoṬ zu RRS, 8, 49.2: 83 4;tat capalībhūtaṁ nāgaṁ vaṅgaṁ ca ||;!;;Rasaratnasamuccayaṭīkā RRSṬīkā zu RRS, 8, 64.2: 88 7;te ca mardanāgnibhyāṁ naśyanti ||;!;;Rasaratnasamuccayaṭīkā RRSṬīkā zu RRS, 8, 89.2: 106 3;sa ca pāradaḥ kīdṛśaḥ ||;!;;Rasaratnasamuccayaṭīkā RRSṬīkā zu RRS, 4, 34.2: 33 5;sa cānekavidhaḥ ||;!;;Rasaratnasamuccayaṭīkā RRSṬīkā zu RRS, 9, 35.3: 122 15;sa ca varṇo jñeyaḥ ||;!;;Rasaratnasamuccayaṭīkā RRSṬīkā zu RRS, 10, 8.2: 139 9;te ca dagdhā eva grāhyāḥ ||;!;;Rasaratnasamuccayaṭīkā RRSṬīkā zu RRS, 10, 32.2: 155 8;sā ca dvividhā ||;!;;Rasaratnasamuccayaṭīkā RRSṬīkā zu RRS, 10, 32.2: 155 12;tāśca dvividhāḥ ||;!;;Rasaratnasamuccayaṭīkā RRSṬīkā zu RRS, 5, 78.2: 39 2;sa cāpratisiddhārthaḥ ||;!;;Rasaratnasamuccayaṭīkā RRSṬīkā zu RRS, 3, 116.2: 17 2;sa ca pītavarṇaḥ ||;!;;Rasaratnasamuccayaṭīkā RRSṬīkā zu RRS, 11, 71.2: 179 5;sa ca khoṭabandho bodhyaḥ ||;!;;Ratnaṭīkā GaṇaKārṬīkā zu GaṇaKār, 6.1: 8 61;te ca svātmasaṁvedye iti ||;!;;Ratnaṭīkā GaṇaKārṬīkā zu GaṇaKār, 6.1: 8 135;tac ca viṁśatibhedam ||;!;;Saṅghabhedavastu SBhedaV, 1: 1 114;tac ca dharmeṇa nādharmeṇa ||;!;;Śāṅkhāyanagṛhyasūtra ŚGṛS, 1, 8: 4 25;tāḥ praṇītāḥ prokṣaṇīś ca ||;!;;Śāṅkhāyanāraṇyaka ŚāĀr, 3, 2: 28 5;taṁ yaḥ pratyāha tam atisṛjate ||;!;;Śāṅkhāyanāraṇyaka ŚāĀr, 3, 5: 31 19;tasya bhūtaṁ ca bhaviṣyacca pūrvau pādau ||;!;;Śāṅkhāyanāraṇyaka ŚāĀr, 7, 1: 77 3;tan mām avatu tad vaktāram avatvavatu mām avatu ;!;;Śāṅkhāyanāraṇyaka ŚāĀr, 8, 7: 106 5;sa yat karaṇīyaṁ manyeta tat kuryāt ||;!;;Śārṅgadharasaṁhitādīpikā ŚSDīp zu ŚdhSaṁh, 1, 3, 9.1: 10 22;te ca doṣadūṣyatādayaḥ ||;!;;Śārṅgadharasaṁhitādīpikā ŚSDīp zu ŚdhSaṁh, 2, 11, 7.1: 13 10;tacca kukkuṭapuṭasaṁjñayā vihitam ||;!;;Śārṅgadharasaṁhitādīpikā ŚSDīp zu ŚdhSaṁh, 2, 11, 72.1: 36 11;tacca dvividham ||;!;;Sūryaśatakaṭīkā Sūryaśatakaṭīkā zu SūryaŚ, 1, 3.2: 3 16;tena śramastasmājjātastamiva ||;!;;Suśrutasaṁhitā Su, 1, 11: 11 6;sa dvividhaḥ pratisāraṇīyaḥ pānīyaś ca ||;!;;Suśrutasaṁhitā Su, 1, 26: 26 4;taddvividhaṁ śārīram āgantukaṁ ca ||;!;;Tantrākhyāyikā TAkhy, 1: 1 14;tāṁ ca dṛṣṭvācintayat ||;!;;Tantrākhyāyikā TAkhy, 1: 1 153;taiścābhihitaḥ ||;!;;Tantrākhyāyikā TAkhy, 1: 1 207;taṁ ca vyāpādyainaṁ bhakṣayiṣyāmi ||;!;;Tantrākhyāyikā TAkhy, 1: 1 274;te tam āhuḥ ||;!;;Tantrākhyāyikā TAkhy, 1: 1 343;tasmiṁś cāpayāte gomāyur abhihitavān ||;!;;Tantrākhyāyikā TAkhy, 1: 1 347;apayāte ca tasmin dvīpyāha ||;!;;Tantrākhyāyikā TAkhy, 1: 1 409;tac ca śrutvānāgatavidhātrā cintitam ||;!;;Tantrākhyāyikā TAkhy, 1: 1 577;tac ca śrutvā dharmabuddhiś cintayāmāsa ||;!;;Tantrākhyāyikā TAkhy, 1: 1 609;pratyāgataś ca tāṁ tulāṁ tasmāt prārthitavān ||;!;;Tantrākhyāyikā TAkhy, 1: 1 610;tenoktaṁ ca ||;!;;Tantrākhyāyikā TAkhy, 2: 2 69;tac ca śrutvā brāhmaṇyāha ||;!;;Tantrākhyāyikā TAkhy, 2: 2 90;sā tam āha ||;!;;Tantrākhyāyikā TAkhy, 2: 2 312;sa cāha ||;!;;Tantrasāra TantraS, 7: 7 12;tac ca brahmāṇḍavad asaṁkhyam ||;!;;Tantrasāra TantraS, 14: 14 2;sa ca vistīrṇaḥ tantrālokāt avadhāryaḥ ||;!;;Tantrasāra TantraS, 1: 1 9;tac ca śāstrapūrvakam ||;!;;Vaiśeṣikasūtravṛtti VaiSūVṛ zu VaiśSū, 2, 2, 33.1: 61 4;na ca tāni vyañjakāni kutaḥ ||;!;;Vaiśeṣikasūtravṛtti VaiSūVṛ zu VaiśSū, 4, 2, 4: 122 2;tacca ||;!;;Vaiśeṣikasūtravṛtti VaiSūVṛ zu VaiśSū, 10, 20.1: 338 2;tasya cāmnāyāt samadhigama uktaḥ ||;!;;Viṁśatikāvṛtti ViṁVṛtti zu ViṁKār, 1, 15.2: 25 10;sa caiko na sidhyati ||;!;;Viṣṇupurāṇa ViPur, 4, 3: 59 7;sā cainaṁ rasātalaṁ nītavatī ||;!;;Viṣṇupurāṇa ViPur, 4, 3: 59 30;sā tasya bhāryā citāṁ kṛtvā tam ;!;;Viṣṇupurāṇa ViPur, 4, 4: 60 51;apaśyacca tan māṁsaṁ mānuṣam ||;!;;Viṣṇupurāṇa ViPur, 4, 6: 62 8;sa ca rājasūyam akarot ||;!;;Viṣṇupurāṇa ViPur, 4, 6: 62 68;tāsāṁ cāpsarasām ūrvaśī kathayāmāsa ||;!;;Viṣṇupurāṇa ViPur, 4, 6: 62 70;evam uktās tāś cāpsarasa ūcuḥ ||;!;;Viṣṇupurāṇa ViPur, 4, 7: 63 13;tāṁ ca bhārgavaḥ ṛcīko vavre ||;!;;Viṣṇupurāṇa ViPur, 4, 7: 63 32;anantaraṁ ca sā jamadagnim ajījanat ||;!;;Viṣṇupurāṇa ViPur, 4, 7: 63 33;tanmātā ca viśvāmitraṁ janayāmāsa ||;!;;Viṣṇupurāṇa ViPur, 4, 8: 64 2;tasyāṁ ca pañca putrān utpādayāmāsa ||;!;;Viṣṇupurāṇa ViPur, 4, 12: 68 43;tataś cāṁśus tasmācca satvataḥ ||;!;;Viṣṇupurāṇa ViPur, 4, 13: 69 4;tayoś cāyaṁ śloko gīyate ||;!;;Viṣṇupurāṇa ViPur, 4, 13: 69 103;sa tatraiva ca tasthau ||;!;;Viṣṇupurāṇa ViPur, 4, 14: 70 19;tāś ca sarvā vasudeva upayeme ||;!;;Viṣṇupurāṇa ViPur, 4, 14: 70 30;tasya ca ;!;;Viṣṇupurāṇa ViPur, 4, 14: 70 34;tāṁ ca pāṇḍur uvāha ||;!;;Viṣṇupurāṇa ViPur, 4, 14: 70 45;tasyāṁ ca śiśupālam utpādayāmāsa ||;!;;Viṣṇupurāṇa ViPur, 4, 18: 74 7;tasmācca mahāmanāḥ ||;!;;Viṣṇupurāṇa ViPur, 4, 19: 75 43;tasmāc cāṇuhaḥ ||;!;;Viṣṇupurāṇa ViPur, 4, 19: 75 46;tataś ca viṣvaksenas tasmād udaksenaḥ ||;!;;Viṣṇupurāṇa ViPur, 4, 19: 75 47;bhallābhas tasya cātmajaḥ ||;!;;Viṣṇupurāṇa ViPur, 4, 20: 76 16;tataś ca tam ūcur brāhmaṇāḥ ||;!;;Viṣṇupurāṇa ViPur, 4, 21: 77 16;tasmācca kṣemakaḥ ||;!;;Viṣṇupurāṇa ViPur, 4, 22: 78 10;tatputraśca sumitraḥ ||;!;;Viṣṇupurāṇa ViPur, 4, 24: 80 6;tasya ca nandivardhanaḥ ||;!;;Viṣṇupurāṇa ViPur, 4, 24: 80 11;tasya ca putraḥ kṣemadharmā ||;!;;Viṣṇupurāṇa ViPur, 4, 24: 80 16;tasmāccodayanaḥ ||;!;;Viṣṇusmṛti ViSmṛ, 2: 2 4;teṣāṁ ca dharmāḥ ||;!;;Viṣṇusmṛti ViSmṛ, 3: 3 34;taddūṣakāṁś ca hanyāt ||;!;;Viṣṇusmṛti ViSmṛ, 5: 5 46;tāṁ ca bibhṛyāt ||;!;;Viṣṇusmṛti ViSmṛ, 5: 5 59;sarve ca tatsvāmināṁ tadutpattim ||;!;;Viṣṇusmṛti ViSmṛ, 5: 5 107;taccāpāsyāt ||;!;;Viṣṇusmṛti ViSmṛ, 5: 5 109;tac ca yojayet ||;!;;Viṣṇusmṛti ViSmṛ, 5: 5 114;na ca tān jahyāt ||;!;;Viṣṇusmṛti ViSmṛ, 5: 5 123;tadakūṭe kūṭavādinaś ca ||;!;;Viṣṇusmṛti ViSmṛ, 5: 5 168;tatsaṁvidaṁ yaś ca laṅghayet ||;!;;Viṣṇusmṛti ViSmṛ, 9: 9 24;sā ca na vāti vāyau ||;!;;Viṣṇusmṛti ViSmṛ, 15: 15 12;sa ca pāṇigrāhasya ||;!;;Viṣṇusmṛti ViSmṛ, 15: 15 17;sa ca pāṇigrāhasya ||;!;;Viṣṇusmṛti ViSmṛ, 15: 15 21;sa ca yena krītaḥ ||;!;;Viṣṇusmṛti ViSmṛ, 15: 15 23;sa ca yasyopagataḥ ||;!;;Viṣṇusmṛti ViSmṛ, 15: 15 26;sa ca yena gṛhītaḥ ||;!;;Viṣṇusmṛti ViSmṛ, 15: 15 30;sa cānyān bibhṛyāt ||;!;;Viṣṇusmṛti ViSmṛ, 20: 20 13;sa ca pitāmahasyāhaḥ ||;!;;Viṣṇusmṛti ViSmṛ, 22: 22 60;tadaśrupātakārī ca ||;!;;Viṣṇusmṛti ViSmṛ, 35: 35 2;tatsaṁyogaśca ||;!;;Viṣṇusmṛti ViSmṛ, 37: 37 17;tasya ca kanyādānam ||;!;;Viṣṇusmṛti ViSmṛ, 54: 54 22;taṁ ca bhūyaścopanayet ||;!;;Viṣṇusmṛti ViSmṛ, 96: 96 73;tanmūle ca dve ||;!;;Yogasūtra YS, 1: 1 28;tajjapas tadarthabhāvanam ||;!;;Yogasūtrabhāṣya YSBhā zu YS, 2, 24.1: 68 7;sa tām āha ||;!;;Yogasūtrabhāṣya YSBhā zu YS, 3, 44.1: 110 12;sa ca bhedābhedavivakṣitaḥ ||;!;;
RRSṬīkā zu RRS, 11, 22.2: 172;3 1;kañcukākhyayā śāstra uditāḥ ||;
RRSṬīkā zu RRS, 11, 22.2: 172;4 1;teṣāṁ madhye bhūmijā ekaprakārāḥ ||;
RRSṬīkā zu RRS, 11, 22.2: 172;5 1;teṣām avāntarabhedena śāstre .nupayogānnāmato .nādṛtena |;
RRSṬīkā zu RRS, 11, 22.2: 172;6 1;girijā ekavidhāḥ ||;Nibandhasaṁgraha NiSaṁ zu Su, Sū., 24, 9.2: -1 22;kālajākālajayor strīviṣaye.nabhilāṣaḥ ||;!;;Rasaratnasamuccayaṭīkā RRSṬīkā zu RRS, 8, 62.2: 86 23;tathā bhūmijo girijo vārjaḥ ||;!;;
RRSṬīkā zu RRS, 11, 22.2: 172;7 1;vārjā jalajāścānyavidhāḥ ||;
RRSṬīkā zu RRS, 11, 22.2: 172;8 1;tathā nāgena vaṇijādibhir miśrīkṛtena jātau doṣau dvau ||;
RRSṬīkā zu RRS, 11, 22.2: 172;9 1;vaṅgajāvapi dvau ||;Rasādhyāyaṭīkā RAdhyṬ zu RAdhy, 16.2: 5 2;kevalaṁ dvau dvau ca vaṅganāgajau ||;!;;Rasādhyāyaṭīkā RAdhyṬ zu RAdhy, 16.2: 5 7;rase.pi tādṛśī vaṅgajā ||;!;;Rasaratnasamuccayaṭīkā RRSṬīkā zu RRS, 8, 62.2: 86 25;vaṅgajau ca dvau ||;!;;Rasaratnasamuccayaṭīkā RRSṬīkā zu RRS, 8, 64.2: 88 8;vaṅgaśabdena vaṅgajadoṣo grāhyaḥ ||;!;;
RRSṬīkā zu RRS, 11, 22.2: 172;10 1;ityevaṁ sapta kañcukāḥ pūrvoktāśca pañca doṣāḥ ||;
RRSṬīkā zu RRS, 11, 22.2: 172;11 1;itthaṁ pārade dvādaśa doṣā rasajñaiḥ proktāḥ ||;
RRSṬīkā zu RRS, 3, 102.2: 11;1 1;sauvīraṁ kṛṣṇavarṇasurmā iti lokabhāṣāyām ||;Rasaratnasamuccayaṭīkā RRSṬīkā zu RRS, 4, 57.2: 34 2;asya lokabhāṣāyāṁ laśanyākhaḍā iti prasiddhaḥ ||;!;;
RRSṬīkā zu RRS, 11, 60.3: 174;1 1;atha prathamādhyāye mūrchitvā harati rujam itipadyoktā |;
RRSṬīkā zu RRS, 11, 60.3: 174;2 1;mūrchanaṁ bandhanaṁ māraṇaṁ ca ||;
RRSṬīkā zu RRS, 11, 60.3: 174;3 1;tatra mūrchanaṁ tu mardanapūrvakaṁ puṭena |;
RRSṬīkā zu RRS, 11, 60.3: 174;4 1;yantramūrchanaṁ tvasminnadhyāye |;
RRSṬīkā zu RRS, 11, 60.3: 174;5 1;dvitīyo viṣayo.tra bandharūpo varṇyate ||;
RRSṬīkā zu RRS, 11, 60.3: 174;6 1;pañcaviṁśatīti ||;
RRSṬīkā zu RRS, 11, 60.3: 174;7 1;nanu granthāntare pāṭakhoṭajalūkābhasmeti |;
RRSṬīkā zu RRS, 11, 60.3: 174;8 1;atra tu pañcaviṁśatisaṁkhyāka iti pratijānāti ||;
RRSṬīkā zu RRS, 11, 60.3: 174;9 1;etadviruddhamiva bhātītyāśaṅkya |;
RRSṬīkā zu RRS, 3, 104.2: 13;1 1;srotoñjanamiti ||;
RRSṬīkā zu RRS, 3, 104.2: 13;2 1;śvetavarṇasurmā iti loke prasiddham ||;Rasaratnasamuccayaṭīkā RRSṬīkā zu RRS, 8, 18.2: 61 6;ravā iti nāmnā loke prasiddham ||;GOOD;;Rasaratnasamuccayaṭīkā RRSṬīkā zu RRS, 4, 3.2: 27 2;pannā iti loke prasiddham ||;GOOD;;Rasaratnasamuccayaṭīkā RRSṬīkā zu RRS, 4, 4.1: 28 1;puṣparāgaṁ pukhrāj iti loke prasiddham ||;GOOD;;Rasaratnasamuccayaṭīkā RRSṬīkā zu RRS, 4, 4.2: 31 3;etat pirojā iti loke prasiddham ||;GOOD;;Rasaratnasamuccayaṭīkā RRSṬīkā zu RRS, 3, 14.2: 9 1;khaṭhikā khaḍu cās iti nāmnā loke prasiddhā ||;GOOD;;Rasaratnasamuccayaṭīkā RRSṬīkā zu RRS, 3, 106.2: 15 2;nīlavarṇasurmā iti loke prasiddhaḥ ||;GOOD;;Rasaratnasamuccayaṭīkā RRSṬīkā zu RRS, 4, 57.2: 34 2;asya lokabhāṣāyāṁ laśanyākhaḍā iti prasiddhaḥ ||;GOOD;;Aṣṭādhyāyī Aṣṭādhyāyī, 5, 1: 17 44;lokasarvalokāṭ ṭhañ ||;!;;Āyurvedadīpikā ĀVDīp zu Ca, Sū., 27, 44.2: 109 7;śarāriḥ śarālī iti loke ||;!;;Āyurvedadīpikā ĀVDīp zu Ca, Sū., 20, 11.2: 37 6;vātakhuḍḍatā cāluka iti prasiddhaḥ ||;!;;Āyurvedadīpikā ĀVDīp zu Ca, Vim., 8, 7.2: 200 11;ityadhyayanavidhiriti upasaṁharaṇam ||;!;;Āyurvedadīpikā ĀVDīp zu Ca, Śār., 1, 94.2: 246 3;prasiddhavacanair iti lokaprasiddhavacanaiḥ ||;!;;Gopathabrāhmaṇa NEW GB, 1, 2, 2: 41 23;iti veti vā mukhaṁ viparidhāpayet ||;!;;Mṛgendraṭīkā MṛgṬīkā zu MṛgT, Vidyāpāda, 2, 17.1: 50 7;lokānām antarākāśaṁ lokākāśam iti smṛtam ||;!;;Nibandhasaṁgraha NiSaṁ zu Su, Cik., 29, 12.32: -1 16;eveti ityatra anutsvādayan ||;!;;Nibandhasaṁgraha NiSaṁ zu Su, Sū., 1, 24.1: -1 4;ityāha prākkila vyālā iti vyākhyātāḥ ||;!;;Pañcārthabhāṣya PABh zu PāśupSūtra, 4, 6: 104 23;loke iti sāmīpikaṁ saṁnidhānam ||;!;;Pañcārthabhāṣya PABh zu PāśupSūtra, 5, 17: 139 4;āpo.tra lokādiprasiddhāḥ ||;!;;Rasādhyāyaṭīkā RAdhyṬ zu RAdhy, 237.2: 46 6;iti vyoṣarājiḥ kāṁsyarājir ityarthaḥ ||;!;;Rasaratnasamuccayabodhinī RRSBoṬ zu RRS, 8, 52.2: 86 3;cullakā gilṭī iti loke ||;!;;Rasaratnasamuccayabodhinī RRSBoṬ zu RRS, 3, 126.1: 16 1;gaurīpāṣāṇaḥ śuklapāṣāṇaḥ phulkhaḍi iti loke ||;!;;Rasaratnasamuccayaṭīkā RRSṬīkā zu RRS, 3, 105.2: 14 3;jastaphūl iti mahārāṣṭrabhāṣāyāṁ prasiddham ||;!;;Rasaratnasamuccayaṭīkā RRSṬīkā zu RRS, 3, 102.2: 11 1;sauvīraṁ kṛṣṇavarṇasurmā iti lokabhāṣāyām ||;!;;Rasaratnasamuccayaṭīkā RRSṬīkā zu RRS, 3, 127.1: 21 1;moddāraśṛṅgaṁ murdāﾡśiṁgeti loke prasiddham ||;!;;Śāṅkhāyanāraṇyaka ŚāĀr, 5, 3: 51 11;ityevaṁ hi paśyāma iti ||;!;;Śārṅgadharasaṁhitādīpikā ŚSDīp zu ŚdhSaṁh, 2, 11, 93.2: 46 21;bhṛṅgo mārkavaḥ ghamarā iti loke ||;!;;Śārṅgadharasaṁhitādīpikā ŚSDīp zu ŚdhSaṁh, 2, 12, 38.1: 62 4;droṇapuṣpī nahula iti prasiddhā ||;!;;
RRSṬīkā zu RRS, 11, 65.2: 175;1 1;pāradam āpaṇād ānīya nimbūrasena saṁmardya gālayitvā |;
RRSṬīkā zu RRS, 11, 65.2: 175;2 1;sa sevitaścen mṛtyuṁ kuryādvyādhiṁ vā ||;
RRSṬīkā zu RRS, 5, 8.2: 35;1 1;tattrividhaṁ ṣoḍaśavarṇayuktam ||;
RRSṬīkā zu RRS, 5, 8.2: 35;2 1;te ca varṇā granthāntare viśiṣṭadravyasāmyam udāhṛtya |;
RRSṬīkā zu RRS, 5, 8.2: 35;3 1;śvetaḥ śvetajapāpuṣpe balakṣaḥ kadalīsume |;
RRSṬīkā zu RRS, 5, 8.2: 35;3 2;syādarjunastu kumude vidvadbhiḥ parikīrtitaḥ ||;
RRSṬīkā zu RRS, 5, 8.2: 35;4 1;pāṇḍuvarṇo bhavedreṇau ketakīpuṣpaje tathā |;
RRSṬīkā zu RRS, 5, 8.2: 35;4 2;hariṇaḥ pītaśabalaśukladravye sunirdiśet ||;
RRSṬīkā zu RRS, 5, 8.2: 35;5 1;dhūsaro bakule puṣpe kṛṣṇaḥ syād atasīsume |;
RRSṬīkā zu RRS, 5, 8.2: 35;5 2;haricchirīṣaje pattre rakto raktotpale smṛtaḥ ||;
RRSṬīkā zu RRS, 5, 8.2: 35;6 1;kṛṣṇamiśre lohite syād aruṇaḥ śvetaraktake |;
RRSṬīkā zu RRS, 5, 8.2: 35;6 2;pāṭalo.tho markaṭe tu kapiśaḥ kṛṣṇalohite ||;
RRSṬīkā zu RRS, 5, 8.2: 35;7 1;bhaved dhūmro rocanābhaḥ piṅgo.tho syātpiśaṅgakaḥ |;
RRSṬīkā zu RRS, 5, 8.2: 35;7 2;padmadhūlau karburaśca smṛtaścendradhanuḥsamaḥ ||;
RRSṬīkā zu RRS, 5, 8.2: 35;8 1;iti ||;
RRSṬīkā zu RRS, 11, 66.2: 176;1 1;āroṭalakṣaṇam āha suśodhita iti ||;
RRSṬīkā zu RRS, 11, 66.2: 176;2 1;trividhapātanena śuddhaṁ paścācchuddhaṁ cūrṇīkṛtam |;
RRSṬīkā zu RRS, 11, 66.2: 176;3 1;taṁ ca |;
RRSṬīkā zu RRS, 11, 66.2: 176;4 1;mākṣīkasahito naṣṭapiṣṭirūpaḥ pātanenāgnisthāyyapi |;
RRSṬīkā zu RRS, 5, 9.2: 36;1 1;prasiddhasvarṇaṁ khanisaṁbhavam āha tatra tatreti ||;
RRSṬīkā zu RRS, 5, 9.2: 36;2 1;girīṇām ||;
RRSṬīkā zu RRS, 5, 9.2: 36;3 1;ete ca girayo |;
RRSṬīkā zu RRS, 5, 9.2: 36;4 1;kāṣṭhāṁ prāptau pītaraktavarṇau paripūrṇau vihāya |;
RRSṬīkā zu RRS, 5, 9.2: 36;5 1;ratnaparīkṣakaisteṣāmeva varṇānām utkarṣavibhājakā |;
RRSṬīkā zu RRS, 11, 67.2: 177;1 1;ābhāsalakṣaṇamāha yaḥ pārado dhātubhir |;
RRSṬīkā zu RRS, 11, 67.2: 177;2 1;alpakālaparyantaṁ tataḥ pathyasevino.pi narasya |;
RRSṬīkā zu RRS, 11, 67.2: 177;3 1;guṇābhāsakaratvāt ||;Vaiśeṣikasūtra VaiśSū, 1, 2: 2 14;guṇe bhāvād guṇatvam uktam ||;!;;
RRSṬīkā zu RRS, 11, 67.2: 177;4 1;vikṛtireva vaikṛtam ||;
RRSṬīkā zu RRS, 5, 42.2: 37;1 1;tāmrasya khanidvayaṁ vartate ||;
RRSṬīkā zu RRS, 5, 42.2: 37;2 1;tatraikakhanisthaṁ nepālam iti khyātam ||;
RRSṬīkā zu RRS, 5, 42.2: 37;3 1;nepālī kunaṭī ||;
RRSṬīkā zu RRS, 5, 42.2: 37;4 1;tatsamaraktavarṇatvāt ||;
RRSṬīkā zu RRS, 5, 42.2: 37;5 1;khaner nepāladeśasaṁnihitatvād vā nepāleti saṁjñā ||;
RRSṬīkā zu RRS, 5, 42.2: 37;6 1;athavā rūḍhasaṁjñeyam ||;
RRSṬīkā zu RRS, 5, 42.2: 37;7 1;tato.nyakhanisthaṁ tu mleccham ityabhidhīyate ||;
RRSṬīkā zu RRS, 5, 42.2: 37;8 1;yathā mlecchadhātur aspaṣṭaśabde tathā |;
RRSṬīkā zu RRS, 11, 70.2: 178;1 1;śaṅkhaśuktīti ||;Arthaśāstra ArthaŚ, 2, 11: 32 3;śuktiḥ śaṅkhaḥ prakīrṇakaṁ ca yonayaḥ ||;!;;Āyurvedadīpikā ĀVDīp zu Ca, Vim., 8, 7.2: 200 11;ityadhyayanavidhiriti upasaṁharaṇam ||;!;;Gopathabrāhmaṇa NEW GB, 1, 2, 2: 41 23;iti veti vā mukhaṁ viparidhāpayet ||;!;;Nibandhasaṁgraha NiSaṁ zu Su, Cik., 29, 12.32: -1 16;eveti ityatra anutsvādayan ||;!;;Nibandhasaṁgraha NiSaṁ zu Su, Sū., 1, 24.1: -1 4;ityāha prākkila vyālā iti vyākhyātāḥ ||;!;;Rasādhyāyaṭīkā RAdhyṬ zu RAdhy, 237.2: 46 6;iti vyoṣarājiḥ kāṁsyarājir ityarthaḥ ||;!;;Rasaratnasamuccayabodhinī RRSBoṬ zu RRS, 10, 93: 176 2;śiprā śuktiviśeṣaḥ ityarthaḥ ||;!;;Rasaratnasamuccayabodhinī RRSBoṬ zu RRS, 11, 70.2: 180 1;kṣārabandhamāha śaṅkheti ||;!;;Śāṅkhāyanāraṇyaka ŚāĀr, 5, 3: 51 11;ityevaṁ hi paśyāma iti ||;!;;
RRSṬīkā zu RRS, 11, 70.2: 178;2 1;bhasmīkṛtānāṁ śaṅkhaśuktyādīnāṁ vṛkṣakṣārādīnāṁ ca |;
RRSṬīkā zu RRS, 5, 153.2: 41;1 1;na hitam iti ||;Aitareyabrāhmaṇa AitBr, 6, 15: 202 8;na parā jayethe na parā jigya iti ||;GOOD;;Viṣṇusmṛti ViSmṛ, 71: 71 10;na nāstītyabhibhāṣeta ||;GOOD;;Arthaśāstra ArthaŚ, 1, 4: 4 7;neti kauṭilyaḥ ||;!;;Arthaśāstra ArthaŚ, 1, 8: 8 3;neti viśālākṣaḥ ||;!;;Arthaśāstra ArthaŚ, 1, 8: 8 11;neti piśunaḥ ||;!;;Arthaśāstra ArthaŚ, 1, 8: 8 14;neti kauṇapadantaḥ ||;!;;Arthaśāstra ArthaŚ, 1, 8: 8 20;neti vātavyādhiḥ ||;!;;Arthaśāstra ArthaŚ, 1, 8: 8 24;neti bāhudantīputraḥ ||;!;;Arthaśāstra ArthaŚ, 1, 15: 15 26;neti piśunaḥ ||;!;;Arthaśāstra ArthaŚ, 1, 15: 15 31;neti kauṭilyaḥ ||;!;;Arthaśāstra ArthaŚ, 2, 10: 31 30;na prayacchāmi iti pratyākhyānam ||;!;;Aṣṭādhyāyī Aṣṭādhyāyī, 1, 1: 1 44;na veti vibhāṣā ||;!;;Atharvaveda Śaunaka) AVŚ, 11, 3: 461 30;naivāham odanaṁ na mām odanaḥ ||;!;;Āyurvedadīpikā ĀVDīp zu Ca, Sū., 26, 41: 65 2;prāyeṇeti na sarve ||;!;;Āyurvedadīpikā ĀVDīp zu Ca, Sū., 1, 23.2: 5 7;niyojita iti caurādiko ṇica na hetau ||;!;;Āyurvedadīpikā ĀVDīp zu Ca, Sū., 1, 24.2: 6 12;bubudha iti na kṛtavān ||;!;;Āyurvedadīpikā ĀVDīp zu Ca, Vim., 1, 7.2: 163 5;abhyasyamānā iti na sakṛd upayujyamānāḥ ||;!;;Āyurvedadīpikā ĀVDīp zu Ca, Sū., 28, 7.9: 127 1;tannimittā iti hitāhāranimittāḥ ||;!;;Āyurvedadīpikā ĀVDīp zu Ca, Sū., 28, 7.9: 127 2;na kevalamiti param ||;!;;Āyurvedadīpikā ĀVDīp zu Ca, Cik., 1, 4.2: 284 2;kiṁciditi na sarvam ||;!;;Āyurvedadīpikā ĀVDīp zu Ca, Vim., 8, 7.2: 200 11;ityadhyayanavidhiriti upasaṁharaṇam ||;!;;Āyurvedadīpikā ĀVDīp zu Ca, Śār., 1, 55.2: 228 3;na vartate jñānamiti yojanā ||;!;;Āyurvedadīpikā ĀVDīp zu Ca, Śār., 1, 131.2: 264 4;na sukhamiti chedaḥ ||;!;;Āyurvedadīpikā ĀVDīp zu Ca, Śār., 1, 137.2: 269 4;niḥśeṣeti na punarbhavati ||;!;;Ayurvedarasāyana Ayurvedarasāyana zu AHS, Sū., 9, 14.1: 19 5;kutaḥ ityāha nāvīryam iti ||;!;;Baudhāyanadharmasūtra BaudhDhSū, 1, 3: 3 29;nāsīno nāsīnāya na śayāno na śayānāya nāprayato ;!;;Daśakumāracarita DKCar, 2, 2: 7 326;kimiti tāta nārādhyate ||;!;;Daśakumāracarita DKCar, 2, 6: 11 258;nātra śaṅkā kāryā iti ||;!;;Daśakumāracarita DKCar, 2, 8: 13 249;nātra saṁśayaḥ kāryaḥ iti ||;!;;Divyāvadāna Divyāv, 1: 1 85;apāyān kiṁ na paśyasīti ||;!;;Divyāvadāna Divyāv, 13: 13 67;ahaṁ punar na yāsyāmīti ||;!;;Divyāvadāna Divyāv, 13: 13 251;na jāne kaṁ śabdāpayāmīti ||;!;;Divyāvadāna Divyāv, 17: 17 371;nāsya śakyaṁ viroddhumiti ||;!;;Divyāvadāna Divyāv, 19: 19 184;na kenacidābhāṣitavyamiti ||;!;;Divyāvadāna Divyāv, 19: 19 189;na kenacidābhāṣitavyamiti ||;!;;Divyāvadāna Divyāv, 19: 19 199;na kenacidābhāṣitavya iti ||;!;;Divyāvadāna Divyāv, 19: 19 315;na ca kaścidyācata iti ||;!;;Gautamadharmasūtra GautDhS, 2, 9: 18 7;nādevarād ityeke ||;!;;Gautamadharmasūtra GautDhS, 3, 1: 19 4;na kuryād ityāhuḥ ||;!;;Gautamadharmasūtra GautDhS, 3, 1: 19 5;na hi karma kṣīyata iti ||;!;;Gopathabrāhmaṇa NEW GB, 1, 1, 4: 4 15;na nv avidam aham iti ||;!;;Gopathabrāhmaṇa NEW GB, 1, 1, 4: 4 16;na hīti ||;!;;Gopathabrāhmaṇa NEW GB, 1, 1, 28: 28 10;nānupasannebhya iti ||;!;;Gopathabrāhmaṇa NEW GB, 1, 1, 28: 28 19;evaṁ pratāpo na parābhaviṣyatīti ||;!;;Gopathabrāhmaṇa NEW GB, 1, 1, 31: 31 18;na hy enam adhyetīti ||;!;;Gopathabrāhmaṇa NEW GB, 1, 2, 2: 41 23;iti veti vā mukhaṁ viparidhāpayet ||;!;;Khādiragṛhyasūtra KhGṛS, 2, 5: 7 7;nācariṣyantaṁ saṁvatsaram ||;!;;Khādiragṛhyasūtra KhGṛS, 2, 5: 7 13;nāsya kāme retas skandet ||;!;;Khādiragṛhyasūtra KhGṛS, 2, 5: 7 14;na goyuktam ārohet ||;!;;Khādiragṛhyasūtra KhGṛS, 2, 5: 7 15;na grāma upānahau ||;!;;Khādiragṛhyasūtra KhGṛS, 2, 5: 7 18;nādityavratam ekeṣām ||;!;;Khādiragṛhyasūtra KhGṛS, 2, 5: 7 21;na cāpo cāpo cāpo cāpo .bhyupayanti ||;!;;Khādiragṛhyasūtra KhGṛS, 3, 1: 8 41;bhadram iti na vṛthā vyāharet ||;!;;Khādiragṛhyasūtra KhGṛS, 3, 1: 9 41;bhadram iti na vṛthā vyāharet ||;!;;Nāṭyaśāstravivṛti NŚVi zu NāṭŚ, 6, 32.2: 1 18;etanneti śrīśaṅkukaḥ ||;!;;Nāṭyaśāstravivṛti NŚVi zu NāṭŚ, 6, 32.2: 1 34;ityevamādau na śoko.bhineyaḥ ||;!;;Nibandhasaṁgraha NiSaṁ zu Su, Śār., 3, 18.1: -1 8;apacārabalajātāḥ eva nātra saṁdhyayostu iti ||;!;;Nibandhasaṁgraha NiSaṁ zu Su, Sū., 14, 3.4: -1 13;na guruṁ rasasaṁsargā karmaṇeti ||;!;;Nibandhasaṁgraha NiSaṁ zu Su, Sū., 14, 26.1: -1 4;ṣaṭsaptatyā praśame tu tu tu iti nātimahāmukhaśastrakṛtam ;!;;Nibandhasaṁgraha NiSaṁ zu Su, Sū., 14, 29.1: -1 1;na rasavīryavipākaprabhāvāṇām ityāha atyuṣṇa ityādi ||;!;;Nibandhasaṁgraha NiSaṁ zu Su, Cik., 29, 12.32: -1 16;eveti ityatra anutsvādayan ||;!;;Nibandhasaṁgraha NiSaṁ zu Su, Sū., 1, 24.1: -1 4;ityāha prākkila vyālā iti vyākhyātāḥ ||;!;;Nirukta Nirukta, 1, 4: 4 9;durmadāso na surāyāṁ ityupamārthīyaḥ ||;!;;Nyāyasūtra NyāSū, 4, 1: 7 48;nāsanna sanna sadasat sadasator vaidharmyāt ||;!;;Pañcārthabhāṣya PABh zu PāśupSūtra, 1, 12: 13 7;na draṣṭavyam ity arthaḥ ||;!;;Pañcārthabhāṣya PABh zu PāśupSūtra, 1, 13: 14 13;nābhibhāṣitavyam ity arthaḥ ||;!;;Pañcārthabhāṣya PABh zu PāśupSūtra, 1, 21: 22 30;asya jñānam asti neti ||;!;;Pañcārthabhāṣya PABh zu PāśupSūtra, 1, 23: 24 2;na tu ṛṣitvavipratvavad ity arthaḥ ||;!;;Pañcārthabhāṣya PABh zu PāśupSūtra, 1, 24: 25 12;nādhiṣṭhātā iti cet ||;!;;Pañcārthabhāṣya PABh zu PāśupSūtra, 1, 40: 41 20;nirabhimānitvaṁ nānyeṣām ityataḥ ||;!;;Pañcārthabhāṣya PABh zu PāśupSūtra, 1, 42: 43 9;nātibhave iti ||;!;;Pañcārthabhāṣya PABh zu PāśupSūtra, 4, 1: 99 2;rakṣitavyā na prakāśayitavyetyarthaḥ ||;!;;Pañcārthabhāṣya PABh zu PāśupSūtra, 5, 4: 126 3;teṣu na jāyata iti ajaḥ ||;!;;Pañcārthabhāṣya PABh zu PāśupSūtra, 5, 9.1: 131 8;tasmān nāviśeṣa iti ||;!;;Pañcārthabhāṣya PABh zu PāśupSūtra, 5, 27: 149 2;na amī ityanyo bhagavān ||;!;;Parāśarasmṛtiṭīkā Parāśarasmṛtiṭīkā zu ParDhSmṛti, 2, 15.2: 16 576;nanu asapiṇḍāmiti na vaktavyam ||;!;;Rasādhyāyaṭīkā RAdhyṬ zu RAdhy, 166.2: 31 21;na hīnaṁ na cādhikam ||;!;;Rasādhyāyaṭīkā RAdhyṬ zu RAdhy, 237.2: 46 6;iti vyoṣarājiḥ kāṁsyarājir ityarthaḥ ||;!;;Śāṅkhāyanāraṇyaka ŚāĀr, 1, 8: 8 24;naivaṁ viduṣo .vatardo naivaṁ viduṣo .vatardaḥ ||;!;;Śāṅkhāyanāraṇyaka ŚāĀr, 3, 3: 29 11;na vā ayaṁ jarayiṣyatīti ||;!;;Śāṅkhāyanāraṇyaka ŚāĀr, 4, 1: 34 9;tasyopaniṣan na yāced iti ||;!;;Śāṅkhāyanāraṇyaka ŚāĀr, 5, 3: 51 11;ityevaṁ hi paśyāma iti ||;!;;Śārṅgadharasaṁhitādīpikā ŚSDīp zu ŚdhSaṁh, 2, 12, 130.2: 78 12;hitamiti doṣānupāne yojyam ||;!;;Sarvāṅgasundarā SarvSund zu AHS, Utt., 39, 23.2: 79 14;dhanyamiti dhanāya hitam ||;!;;Tantrākhyāyikā TAkhy, 1: 1 504;nāyaṁ vahniḥ khadyoto .yam iti ||;!;;Tantrākhyāyikā TAkhy, 1: 1 623;iha na praviṣṭa iti ||;!;;Tantrākhyāyikā TAkhy, 2: 2 135;na mamādyāṅkulakasyāpy utpatane śaktir astīti ||;!;;Vaiśeṣikasūtra VaiśSū, 9: 16 9;abhūtaṁ nāstītyanarthāntaram ||;!;;Viṁśatikāvṛtti ViṁVṛtti zu ViṁKār, 1, 2.2: 2 10;na khalu na yujyate yasmāt ||;!;;Viṁśatikāvṛtti ViṁVṛtti zu ViṁKār, 1, 5.2: 8 6;na te na sambhavantyeva ||;!;;Viṁśatikāvṛtti ViṁVṛtti zu ViṁKār, 1, 14.2: 23 9;netyāha ||;!;;Viṣṇusmṛti ViSmṛ, 22: 22 28;nāsyāgnisaṁskāro nodakakriyā ||;!;;Yogasūtrabhāṣya YSBhā zu YS, 2, 31.1: 75 4;na tīrthe haniṣyāmīti ||;!;;Yogasūtrabhāṣya YSBhā zu YS, 4, 3.1: 118 2;na kāryeṇa kāraṇaṁ pravartate iti ||;!;;
RRSṬīkā zu RRS, 5, 153.2: 41;2 1;tatra nāgamiśraṇenāśuddhatvāt ||;
RRSṬīkā zu RRS, 11, 71.2: 179;1 1;atha khoṭabandhamāha bandha iti ||;Rasaratnasamuccayabodhinī RRSBoṬ zu RRS, 11, 71.2: 181 1;khoṭabandhamāha bandha iti ||;!;;
RRSṬīkā zu RRS, 11, 71.2: 179;2 1;khoṭakaraṇaprakārastu rasasāra uvāca |;
RRSṬīkā zu RRS, 11, 71.2: 179;2 2;bandhane yāśca vikhyātā aṣṭāveva mahauṣadhīḥ |;
RRSṬīkā zu RRS, 11, 71.2: 179;2 3;tābhiṣṭaṅkaṇayuktābhir bhāvayecca raseśvaram |;
RRSṬīkā zu RRS, 11, 71.2: 179;2 4;tābhir viliptamūṣāyāṁ dhamanāt khoṭatāṁ vrajet ||;
RRSṬīkā zu RRS, 11, 71.2: 179;3 1;iti ||;
RRSṬīkā zu RRS, 11, 71.2: 179;4 1;sa evātidhmānāt kṣayaṁ gacchati ||;
RRSṬīkā zu RRS, 11, 71.2: 179;5 1;sa ca khoṭabandho bodhyaḥ ||;
RRSṬīkā zu RRS, 11, 71.2: 179;6 1;atra pārado jīrṇaṣaḍguṇagandho grāhyaḥ ||;
RRSṬīkā zu RRS, 11, 71.2: 179;7 1;abhrakadānena piṣṭīkṛto vā grāhyaḥ ||;
RRSṬīkā zu RRS, 11, 71.2: 179;8 1;somavallīrase piṣṭvā dāpayecca puṭatrayam |;
RRSṬīkā zu RRS, 11, 71.2: 179;8 2;somavallīrasenaiva saptavārāṁśca bhāvayet ||;Mugdhāvabodhinī MuA zu RHT, 3, 6.2: 49 10;somavallīrase piṣṭvā dāpayecca puṭatrayam |somavallīrasenaiva sapta vārāṁśca bhāvayet ||;GOOD;;
RRSṬīkā zu RRS, 11, 71.2: 179;9 1;tadabhraṁ mṛdbhāṇḍe dadyād rasena saha saṁyutam |;
RRSṬīkā zu RRS, 11, 71.2: 179;9 2;mūlaṁ tu śarapuṅkhāyā gavyakṣīreṇa gharṣayet ||;
RRSṬīkā zu RRS, 11, 71.2: 179;10 1;kalkena melayet sūtaṁ gaganaṁ ca tadadhordhvagam |;
RRSṬīkā zu RRS, 11, 71.2: 179;10 2;sthāpayed ravitāpe tu nirmukho grasate kṣaṇāt |;
RRSṬīkā zu RRS, 11, 71.2: 179;10 3;jāyate piṣṭikā śīghraṁ nātra kāryā vicāraṇā ||;
RRSṬīkā zu RRS, 11, 71.2: 179;11 1;iti ||;
RRSṬīkā zu RRS, 11, 71.2: 179;12 1;piṣṭībandhastu khoṭaka iti varṇanād atra piṣṭikārūpam |;
RRSṬīkā zu RRS, 11, 71.2: 179;13 1;khoṭalakṣaṇaṁ granthāntare tu |;
RRSṬīkā zu RRS, 11, 71.2: 179;13 2;dhmāto druto bhavet khoṭa āhataścūrṇatāṁ vrajet |;
RRSṬīkā zu RRS, 11, 71.2: 179;13 3;punar dhmāto drutaḥ khoṭa iti khoṭasya lakṣaṇam ||;
RRSṬīkā zu RRS, 11, 71.2: 179;14 1;ghanasattvapādajīrṇaḥ kāntapādajīrṇaḥ |;
RRSṬīkā zu RRS, 2, 3.2: 2;1 1;tadevābhrakaṁ bhūmimadhye rājahastāt sapādahastād |;
RRSṬīkā zu RRS, 2, 3.2: 2;2 1;itarattu vāyujalamūtramalatāpakṛmisaṁbandhānniḥsāraṁ |;
RRSṬīkā zu RRS, 2, 3.2: 2;3 1;idam upalakṣaṇaṁ sarveṣāṁ khanijadravyāṇām ||;
RRSṬīkā zu RRS, 2, 3.2: 2;4 1;prāyasteṣāṁ hi bhūmigarbhasthānām eva |;
RRSṬīkā zu RRS, 2, 3.2: 2;5 1;atra ghanaśabdo .bhrakamātravācako.pi vajrābhrake |;
RRSṬīkā zu RRS, 2, 3.2: 2;6 1;tasyaiva yathoktaguṇatvāt ||;
RRSṬīkā zu RRS, 11, 72.2: 180;1 1;pāṭabandhaṁ lakṣayati druteti ||;
RRSṬīkā zu RRS, 11, 72.2: 180;2 1;adho.gninā kaṭāhe tāpena drutā jātadravā yā kajjalī sā |;
RRSṬīkā zu RRS, 5, 190: 43;1 1;tat pittalaṁ dvividham ||;Aitareyabrāhmaṇa AitBr, 1, 4: 4 5;tattan nādṛtyam ||;!;;Aitareyabrāhmaṇa AitBr, 1, 11: 11 2;tat tan nādṛtyam ||;!;;Aitareyabrāhmaṇa AitBr, 2, 22: 52 2;tat tan nādṛtyam ||;!;;Aitareyabrāhmaṇa AitBr, 3, 18: 89 10;tat tan nādṛtyam ||;!;;Āpastambagṛhyasūtra ĀpGṛSū, 12: 11 9;tasmā anvāha tat savitur iti ||;!;;Arthaśāstra ArthaŚ, 1, 4: 4 15;sa tena guptaḥ prabhavati iti ||;!;;Arthaśāstra ArthaŚ, 1, 10: 10 10;tenodvegena rājā tān avarundhyāt ||;!;;Arthaśāstra ArthaŚ, 1, 15: 15 24;te yathā brūyustat kuryāt ||;!;;Arthaśāstra ArthaŚ, 1, 15: 15 55;sa taccakṣuḥ ||;!;;Aṣṭādhyāyī Aṣṭādhyāyī, 4, 2: 14 59;tad adhīte tad veda ||;!;;Aṣṭādhyāyī Aṣṭādhyāyī, 5, 1: 17 16;tad asya tad asmin syād iti ||;!;;Baudhāyanadharmasūtra BaudhDhSū, 1, 3: 3 43;tayos tad eva pāvanam ||;!;;Daśakumāracarita DKCar, 2, 3: 8 178;akūjacaca sā taṁ janaṁ kṛtāntadṛtīvāhvayantī ||;!;;Daśakumāracarita DKCar, 2, 6: 11 6;sa tu tasyāḥ pāṇigrāhakamanujīviṣyati ||;!;;Divyāvadāna Divyāv, 1: 1 89;sā tenātyayam atyayataḥ kṣamāpitā ||;!;;Divyāvadāna Divyāv, 1: 1 139;tān dṛṣṭvā tasya kāruṇyamutpannam ||;!;;Divyāvadāna Divyāv, 1: 1 142;sa tānutsṛjya padbhyāṁ samprasthitaḥ ||;!;;Divyāvadāna Divyāv, 1: 1 145;sa tasya sakāśamupasaṁkrāntaḥ ||;!;;Divyāvadāna Divyāv, 1: 1 167;sa tasya sakāśamupasaṁkrāntaḥ ||;!;;Divyāvadāna Divyāv, 1: 1 190;sa tairdūrata eva dṛṣṭaḥ ||;!;;Divyāvadāna Divyāv, 1: 1 191;te taṁ pratyavabhāṣitumārabdhāḥ ||;!;;Divyāvadāna Divyāv, 1: 1 194;sa taiḥ snāpito bhojitaḥ ||;!;;Divyāvadāna Divyāv, 1: 1 239;sa tena snāpito bhojitaḥ ||;!;;Divyāvadāna Divyāv, 1: 1 325;tena tasyāḥ pratijñātam ||;!;;Divyāvadāna Divyāv, 1: 1 328;sa tasminneva vimāne uṣitaḥ ||;!;;Divyāvadāna Divyāv, 1: 1 341;sa tasyaurabhrikasya sakāśamupasaṁkrāntaḥ ||;!;;Divyāvadāna Divyāv, 1: 1 369;sa tasyā veśyāyāḥ sakāśamupasaṁkrāntaḥ ||;!;;Divyāvadāna Divyāv, 1: 1 397;sa taiḥ svareṇa pratyabhijñātaḥ ||;!;;Divyāvadāna Divyāv, 1: 1 428;sa tenopasaṁpāditaḥ ||;!;;Divyāvadāna Divyāv, 1: 1 494;taiḥ sa dvāre baddhvā sthāpitaḥ ||;!;;Divyāvadāna Divyāv, 1: 1 508;tena te karapratyāyāḥ samucchinnāḥ ||;!;;Divyāvadāna Divyāv, 2: 2 39;tayā tasyārocitam ||;!;;Divyāvadāna Divyāv, 2: 2 120;tābhiḥ sā pṛṣṭā tayā samākhyātam ||;!;;Divyāvadāna Divyāv, 2: 2 183;sa tamādāya vīthīṁ samprasthitaḥ ||;!;;Divyāvadāna Divyāv, 2: 2 188;sa tat kāṣṭhaṁ nirīkṣitumārabdhaḥ ||;!;;Divyāvadāna Divyāv, 2: 2 219;tena tāstisro gaṇḍikā darśitāḥ ||;!;;Divyāvadāna Divyāv, 2: 2 307;tena te śrutāḥ ||;!;;Divyāvadāna Divyāv, 2: 2 419;sa tābhyāṁ mānaṁ grāhitaḥ ||;!;;Divyāvadāna Divyāv, 3: 3 106;sa tān māṇavakān maitreyāya anupradāsyati ||;!;;Divyāvadāna Divyāv, 7: 7 33;sa tasyāḥ sakāśamupasaṁkrāntaḥ ||;!;;Divyāvadāna Divyāv, 7: 7 41;sā tāmapanetumārabdhā ||;!;;Divyāvadāna Divyāv, 7: 7 42;tasyāstasminnācāme .ṅguliḥ patitā ||;!;;Divyāvadāna Divyāv, 7: 7 140;sa tasya kṣetraṁ rakṣitumārabdhaḥ ||;!;;Divyāvadāna Divyāv, 7: 7 149;sā tāmādāya gatā ||;!;;Divyāvadāna Divyāv, 7: 7 192;sa tayā prajvalitaḥ pradīpaḥ prajvalatyeva ||;!;;Divyāvadāna Divyāv, 12: 12 176;tat tasyopari nipatitam ||;!;;Divyāvadāna Divyāv, 13: 13 148;sa tayā mukhabimbakena pratyabhijñātaḥ ||;!;;Divyāvadāna Divyāv, 13: 13 157;tayā gatvā tasyāḥ pracchannaṁ kathitam ||;!;;Divyāvadāna Divyāv, 13: 13 299;tasya tannīlakṛtsnam āmukhībhūtam ||;!;;Divyāvadāna Divyāv, 13: 13 487;sa gṛhapatistaṁ dṛṣṭvā paryavasthitaḥ ||;!;;Divyāvadāna Divyāv, 13: 13 497;sa tasyānugrahārthamavatīrṇaḥ ||;!;;Divyāvadāna Divyāv, 17: 17 326;taiḥ sa rājā dṛṣṭa āgacchan ||;!;;Divyāvadāna Divyāv, 18: 18 212;tena tadapi bhuktam ||;!;;Divyāvadāna Divyāv, 18: 18 390;sa tān dṛṣṭvā pratibuddhaḥ ||;!;;Divyāvadāna Divyāv, 19: 19 232;taistad dṛṣṭam ||;!;;Divyāvadāna Divyāv, 19: 19 273;sa tāṁ gṛhītvā vīthīṁ gataḥ ||;!;;Divyāvadāna Divyāv, 19: 19 289;taiste punaḥ pratyavekṣitāḥ ||;!;;Divyāvadāna Divyāv, 19: 19 291;sa tairgṛhītaḥ ||;!;;Divyāvadāna Divyāv, 19: 19 313;sa taiḥ śabditaḥ ||;!;;Divyāvadāna Divyāv, 19: 19 338;tena tasya kārṣāpaṇasahasraṁ dattam ||;!;;Divyāvadāna Divyāv, 19: 19 404;sa taṁ tāḍayitumārabdhaḥ ||;!;;Divyāvadāna Divyāv, 19: 19 416;sa tasya gṛhaṁ gataḥ ||;!;;Divyāvadāna Divyāv, 19: 19 552;sa tena praveśitaḥ ||;!;;Gautamadharmasūtra GautDhS, 1, 1: 1 10;tad yasmāt sa ācāryaḥ ||;!;;Gautamadharmasūtra GautDhS, 1, 8: 8 7;tadapekṣas tadvṛttiḥ ||;!;;Gopathabrāhmaṇa NEW GB, 1, 1, 23: 23 6;te tam abruvan ||;!;;Gopathabrāhmaṇa NEW GB, 1, 2, 15: 54 28;te pathirakṣayas ta iyakṣamāṇaṁ pratinudantaḥ ||;!;;Jaiminīyabrāhmaṇa JB, 1, 12: 5 7;tām annam akuruta tāṁ pratyudadīpyata ||;!;;Jaiminīyabrāhmaṇa JB, 1, 12: 5 12;tām annam akuruta tāṁ pratyudadīpyata ||;!;;Kāmasūtra KāSū, 5, 4: 26 18;tasyāstayaiva pratyuttarāṇi yojayet ||;!;;Lalitavistara LalVis, 12: 12 23;sa tasyāstaṁ lekhamupanāmayati sma ||;!;;Maitrāyaṇīsaṁhitā MS, 2, 1, 1: 18 10;tāṁ vai tasmai kāmāyālabhanta ||;!;;Nibandhasaṁgraha NiSaṁ zu Su, Sū., 1, 25.1: -1 1;tadyuktam teṣāmityādi ||;!;;Pañcārthabhāṣya PABh zu PāśupSūtra, 1, 9: 9 119;tac ca dvividham ||;!;;Pañcārthabhāṣya PABh zu PāśupSūtra, 2, 18: 63 8;taducyate tadarthameva ||;!;;Pañcārthabhāṣya PABh zu PāśupSūtra, 2, 19: 64 4;tasmādatra tapastadeva ||;!;;Pañcārthabhāṣya PABh zu PāśupSūtra, 4, 1: 99 9;tasmādatra tapastadeva ||;!;;Pañcārthabhāṣya PABh zu PāśupSūtra, 4, 8: 106 16;taducyate taṁ guṇaṁ jñātvā vakṣyāmaḥ ||;!;;Pañcārthabhāṣya PABh zu PāśupSūtra, 4, 12: 110 7;sa teṣām iṣṭāpūrtam ādatteti ||;!;;Pañcārthabhāṣya PABh zu PāśupSūtra, 5, 34: 156 37;sa bhavatu teṣām ||;!;;Pañcārthabhāṣya PABh zu PāśupSūtra, 5, 34: 156 81;te bhavantu teṣām ||;!;;Pañcārthabhāṣya PABh zu PāśupSūtra, 5, 38: 160 9;sā ca cintā dvividhā bhavati ||;!;;Pāraskaragṛhyasūtra Pāraskaragṛhyasūtra, 1, 8: 6 13;tasmāt tayor grāmaḥ pramānam iti śruteḥ ||;!;;Pāśupatasūtra PāśupSūtra, 4: 4 11;sa teṣāmiṣṭāpūrtamādatta ||;!;;Rasaratnasamuccayaṭīkā RRSṬīkā zu RRS, 8, 32.2: 72 9;tadapi pratyekaṁ dvividham ||;!;;Rasaratnasamuccayaṭīkā RRSṬīkā zu RRS, 8, 32.2: 72 13;tadapi pratyekaṁ dvividham ||;!;;Rasaratnasamuccayaṭīkā RRSṬīkā zu RRS, 10, 32.2: 155 8;sā ca dvividhā ||;!;;Rasaratnasamuccayaṭīkā RRSṬīkā zu RRS, 10, 32.2: 155 12;tāśca dvividhāḥ ||;!;;Saṅghabhedavastu SBhedaV, 1: 1 128;sa teṣāṁ nigṛhītavyāṁś ca nigṛhṇāti pragṛhītavyāṁś ca ;!;;Śāṅkhāyanāraṇyaka ŚāĀr, 3, 2: 28 5;taṁ yaḥ pratyāha tam atisṛjate ||;!;;Śāṅkhāyanāraṇyaka ŚāĀr, 7, 1: 77 3;tan mām avatu tad vaktāram avatvavatu mām avatu ;!;;Śāṅkhāyanāraṇyaka ŚāĀr, 8, 7: 106 5;sa yat karaṇīyaṁ manyeta tat kuryāt ||;!;;Śārṅgadharasaṁhitādīpikā ŚSDīp zu ŚdhSaṁh, 2, 11, 35.2: 23 13;yatastat tāmraṁ dvividham ||;!;;Śārṅgadharasaṁhitādīpikā ŚSDīp zu ŚdhSaṁh, 2, 11, 72.1: 36 11;tacca dvividham ||;!;;Sūryaśatakaṭīkā Sūryaśatakaṭīkā zu SūryaŚ, 1, 3.2: 3 16;tena śramastasmājjātastamiva ||;!;;Suśrutasaṁhitā Su, 1, 11: 11 6;sa dvividhaḥ pratisāraṇīyaḥ pānīyaś ca ||;!;;Suśrutasaṁhitā Su, 1, 26: 26 4;taddvividhaṁ śārīram āgantukaṁ ca ||;!;;Tantrākhyāyikā TAkhy, 1: 1 274;te tam āhuḥ ||;!;;Tantrākhyāyikā TAkhy, 2: 2 90;sā tam āha ||;!;;Viṣṇupurāṇa ViPur, 4, 3: 59 30;sā tasya bhāryā citāṁ kṛtvā tam ;!;;Viṣṇupurāṇa ViPur, 4, 12: 68 36;sa ca tāṁ snuṣām upayeme ||;!;;Viṣṇusmṛti ViSmṛ, 5: 5 133;tac ca teṣāṁ dadyāt ||;!;;Yogasūtra YS, 1: 1 28;tajjapas tadarthabhāvanam ||;!;;Yogasūtrabhāṣya YSBhā zu YS, 2, 24.1: 68 7;sa tām āha ||;!;;
RRSṬīkā zu RRS, 5, 190: 43;2 1;rītikā kākatuṇḍī ceti bhedāt ||;
RRSṬīkā zu RRS, 5, 190: 43;3 1;tatra rītikāyā dvau bhedau ||;
RRSṬīkā zu RRS, 5, 190: 43;4 1;kiṁcittāmrābhā svarṇavarṇā ca ||;
RRSṬīkā zu RRS, 11, 74.2: 181;1 1;kajjalībandhaṁ lakṣayati ||;
RRSṬīkā zu RRS, 11, 74.2: 181;2 1;tattadyogena |;
RRSṬīkā zu RRS, 11, 74.2: 181;3 1;atra tattadyogena saṁyukteti na lakṣaṇaghaṭakam ||;
RRSṬīkā zu RRS, 11, 74.2: 181;4 1;tena vinā kajjalyāḥ siddhatvāt ||;
RRSṬīkā zu RRS, 11, 74.2: 181;5 1;kiṁtu yogavāhitveneyaṁ sarvaroganāśiketi bodhanāya |;
RRSṬīkā zu RRS, 3, 145.2: 23;1 1;atha girisindūram āha mahāgiriṣviti ||;
RRSṬīkā zu RRS, 3, 145.2: 23;2 1;alpīyo.tyalpaḥ ||;Ayurvedarasāyana Ayurvedarasāyana zu AHS, Sū., 16, 20.1: 67 4;alpaḥ alpamātraḥ ||;!;;
RRSṬīkā zu RRS, 3, 145.2: 23;3 1;ayaṁ loke prāyo nopalabhyate ||;
RRSṬīkā zu RRS, 3, 145.2: 23;4 1;kecittu kāmiyāṁ sindūra iti nāmnā prasiddho.yaṁ |;
RRSṬīkā zu RRS, 3, 145.2: 23;5 1;loke.tiprasiddhastu nāgasaṁbhava eva ||;
RRSṬīkā zu RRS, 3, 145.2: 23;6 1;sa eva cātra grāhya iti rāvaṇamatam ||;
RRSṬīkā zu RRS, 3, 145.2: 23;7 1;sindūro nāgasaṁbhava iti tadvacanāditi ||;
RRSṬīkā zu RRS, 11, 75.2: 182;1 1;sajīvabaddham āha bhasmīkṛteti ||;
RRSṬīkā zu RRS, 11, 75.2: 182;2 1;tāmbūlīdalarasamarditaḥ paścād |;
RRSṬīkā zu RRS, 11, 75.2: 182;3 1;evaṁ prakārāntareṇāpi bhasmīkṛtaḥ pārado.gnau pātre |;
RRSṬīkā zu RRS, 11, 75.2: 182;4 1;pakṣacchedābhāvāt ||;
RRSṬīkā zu RRS, 11, 75.2: 182;5 1;bhasmakāryaṁ jarāmaraṇābhāvarūpaṁ sa tu na karoti ||;
RRSṬīkā zu RRS, 11, 75.2: 182;6 1;vyādhināśamapi na ||;Pañcārthabhāṣya PABh zu PāśupSūtra, 1, 8: 8 13;nāpy oṣṭhīyaṁ kartavyaṁ nopāṁśu ||;!;;
RRSṬīkā zu RRS, 3, 130.2: 22;1 1;trividhasya tasya svarūpamāha yaḥ kiṁcit pītavarṇo |;
RRSṬīkā zu RRS, 3, 130.2: 22;2 1;ayam eva sphaṭikasamānacākacikyaviśiṣṭaḥ ||;
RRSṬīkā zu RRS, 3, 130.2: 22;3 1;etad viśeṣaṇaṁ dvitīyabhedasyāpi sambhavati ||;
RRSṬīkā zu RRS, 3, 130.2: 22;4 1;dvitīyaḥ śaṅkhābhaḥ so.pi cākacikyaviśiṣṭaḥ ||;
RRSṬīkā zu RRS, 3, 130.2: 22;5 1;tṛtīyabhedāpanno yaḥ sa tu haridrābho haridrāsamānaḥ |;
RRSṬīkā zu RRS, 3, 130.2: 22;6 1;trividhamadhya uttarottarāt pūrvapūrvaḥ śreṣṭhaḥ ||;
RRSṬīkā zu RRS, 11, 77.2: 183;1 1;nirbījabandhaṁ lakṣayati rasastviti ||;
RRSṬīkā zu RRS, 11, 77.2: 183;2 1;atra suvarṇaṁ na tu bījīkṛtaṁ kiṁtu śuddhaṁ jāraṇāyantre |;
RRSṬīkā zu RRS, 11, 77.2: 183;3 1;piṣṭīkṛto dvādaśāṁśe pārada ekāṁśaṁ gandhakaṁ truṭiśo |;
RRSṬīkā zu RRS, 11, 77.2: 183;4 1;gandhair iti bahuvacanam atantram ||;
RRSṬīkā zu RRS, 3, 155.2: 25;1 1;gurjaramaṇḍale gurjaradeśe ||;
RRSṬīkā zu RRS, 3, 155.2: 25;2 1;arbudagireḥ pārśve nāgakhanisthānabhūte ca jātam |;
RRSṬīkā zu RRS, 3, 155.2: 25;3 1;tadguṇānāha sīsasattvamiti ||;
RRSṬīkā zu RRS, 3, 155.2: 25;4 1;sīsasattvasyopādānaṁ kāraṇam ||;
RRSṬīkā zu RRS, 11, 79.3: 184;1 1;vajreṇa bhasmīkṛtena cūrṇīkṛtena vā nihato mārito yaḥ |;
RRSṬīkā zu RRS, 11, 79.3: 184;2 1;so.pi raso baddhaḥ khoṭarūpaḥ śṛṅkhalābaddha ityucyate ||;
RRSṬīkā zu RRS, 11, 79.3: 184;3 1;etanmāraṇaprakārastu rasārṇave uktaḥ ||;
RRSṬīkā zu RRS, 3, 127.1: 21;1 1;moddāraśṛṅgaṁ murdāﾡśiṁgeti loke prasiddham ||;Āyurvedadīpikā ĀVDīp zu Ca, Śār., 1, 94.2: 246 3;prasiddhavacanair iti lokaprasiddhavacanaiḥ ||;GOOD;;Aṣṭādhyāyī Aṣṭādhyāyī, 5, 1: 17 44;lokasarvalokāṭ ṭhañ ||;!;;Pañcārthabhāṣya PABh zu PāśupSūtra, 5, 17: 139 4;āpo.tra lokādiprasiddhāḥ ||;!;;Rasaratnasamuccayaṭīkā RRSṬīkā zu RRS, 8, 18.2: 61 6;ravā iti nāmnā loke prasiddham ||;!;;Rasaratnasamuccayaṭīkā RRSṬīkā zu RRS, 4, 3.2: 27 2;pannā iti loke prasiddham ||;!;;Rasaratnasamuccayaṭīkā RRSṬīkā zu RRS, 4, 4.1: 28 1;puṣparāgaṁ pukhrāj iti loke prasiddham ||;!;;Rasaratnasamuccayaṭīkā RRSṬīkā zu RRS, 4, 4.2: 31 3;etat pirojā iti loke prasiddham ||;!;;Rasaratnasamuccayaṭīkā RRSṬīkā zu RRS, 3, 14.2: 9 1;khaṭhikā khaḍu cās iti nāmnā loke prasiddhā ||;!;;Rasaratnasamuccayaṭīkā RRSṬīkā zu RRS, 3, 106.2: 15 2;nīlavarṇasurmā iti loke prasiddhaḥ ||;!;;Rasaratnasamuccayaṭīkā RRSṬīkā zu RRS, 3, 104.2: 13 2;śvetavarṇasurmā iti loke prasiddham ||;!;;Rasaratnasamuccayaṭīkā RRSṬīkā zu RRS, 4, 57.2: 34 2;asya lokabhāṣāyāṁ laśanyākhaḍā iti prasiddhaḥ ||;!;;
RRSṬīkā zu RRS, 11, 80.2: 185;1 1;atha drutibaddham āha yukto.pīti ||;
RRSṬīkā zu RRS, 11, 80.2: 185;2 1;bījānāṁ jāraṇena yadi raso mahāprabhāvo bhavatīti tanna |;
RRSṬīkā zu RRS, 11, 80.2: 185;3 1;rasoparasadhātūnāṁ yā bahirdrutayas tābhir yukto.pi |;
RRSṬīkā zu RRS, 10, 94.2: 169;1 1;śodhanīgaṇaṁ tadupayogaṁ cāha kācaṭaṅkaṇasauvīrairiti |;
RRSṬīkā zu RRS, 10, 94.2: 169;2 1;sauvīraṁ añjanaviśeṣam ||;Āyurvedadīpikā ĀVDīp zu Ca, Sū., 28, 6: 126 2;viśeṣātmakamiti viśeṣodbhavam ||;!;;
RRSṬīkā zu RRS, 10, 94.2: 169;3 1;ayaṁ gaṇaḥ sūtasya |;
RRSṬīkā zu RRS, 10, 94.2: 169;4 1;ata evāyaṁ rasavādibhir iṣyate ||;
RRSṬīkā zu RRS, 11, 81.2: 186;1 1;bālākhyabaddhaṁ lakṣayati sameti ||;
RRSṬīkā zu RRS, 11, 81.2: 186;2 1;abhraṁ kṛṣṇavajrābhrasattvam ||;
RRSṬīkā zu RRS, 11, 81.2: 186;3 1;śivajaḥ pāradaḥ ||;
RRSṬīkā zu RRS, 11, 81.2: 186;4 1;samābhrajīrṇaścatuḥṣaṣṭidvātriṁśatṣoḍaśādibhāgakrameṇa |;
RRSṬīkā zu RRS, 11, 81.2: 186;5 1;asyopayogaḥ pattralepe.pi bodhyaḥ ||;
RRSṬīkā zu RRS, 11, 24.2: 173;1 1;uktasaptakañcukānāṁ krameṇa nāmāntarāṇyāha parpaṭīti |;
RRSṬīkā zu RRS, 11, 24.2: 173;2 1;rasopari parpaṭī parpaṭākārā bhavati ||;
RRSṬīkā zu RRS, 11, 24.2: 173;3 1;sā parpaṭītyucyate ||;Rasaratnasamuccayaṭīkā RRSṬīkā zu RRS, 10, 26.2: 149 5;tadevocyate parpaṭyādīti ||;GOOD;;Aitareyabrāhmaṇa AitBr, 4, 26: 147 12;tad uktam ṛṣiṇā pavamānaḥ prajāpatir iti ||;!;;Āpastambagṛhyasūtra ĀpGṛSū, 12: 11 9;tasmā anvāha tat savitur iti ||;!;;Arthaśāstra ArthaŚ, 1, 4: 4 15;sa tena guptaḥ prabhavati iti ||;!;;Aṣṭādhyāyī Aṣṭādhyāyī, 5, 1: 17 16;tad asya tad asmin syād iti ||;!;;Daśakumāracarita DKCar, 2, 8: 13 176;suśrutaḥ ityukte so .tyahṛṣyat ||;!;;Daśakumāracarita DKCar, 2, 8: 13 190;sa tayoktaḥ prītiṁ pratipadyābhipatsyati ||;!;;Divyāvadāna Divyāv, 2: 2 27;tena vyapadiṣṭam idaṁ tasya bhaiṣajyamiti ||;!;;Divyāvadāna Divyāv, 14: 14 26;ityuktvā sa devaputraḥ kālagataḥ ||;!;;Divyāvadāna Divyāv, 19: 19 235;te evaṁ grahīṣyantītyuktvā prakrāntāḥ ||;!;;Gopathabrāhmaṇa NEW GB, 1, 1, 28: 28 9;te tathety uktvā tūṣṇīm atiṣṭhan ||;!;;Gopathabrāhmaṇa NEW GB, 1, 2, 5: 44 5;tāv ūcatur dakṣiṇāgniś cāhavanīyaś ceti ||;!;;Gopathabrāhmaṇa NEW GB, 1, 2, 6: 45 3;sa hovācāśyām asminn iti ||;!;;Gopathabrāhmaṇa NEW GB, 1, 2, 17: 56 7;taṁ hovāca varaṁ vṛṇīṣveti ||;!;;Mṛgendraṭīkā MṛgṬīkā zu MṛgT, Vidyāpāda, 1, 1.2: 1 3;tadicchayā mayaivoktam iti ||;!;;Mṛgendraṭīkā MṛgṬīkā zu MṛgT, Vidyāpāda, 3, 4.1: 67 3;atha kiṁ tatkaraṇamityucyate ||;!;;Mṛgendraṭīkā MṛgṬīkā zu MṛgT, Vidyāpāda, 5, 18.2: 116 4;iti tatsvarūpamuktam ||;!;;Mṛgendraṭīkā MṛgṬīkā zu MṛgT, Vidyāpāda, 7, 10.1: 141 4;pratyātmasthasvakālāntāpāyiśaktisamūhavat |iti yaduktaṁ tad upapādayitum āha ||;!;;Nibandhasaṁgraha NiSaṁ zu Su, Sū., 14, 17.1: -1 6;baliṁ tasmāt tena ca tadyathā eva iti ||;!;;Nibandhasaṁgraha NiSaṁ zu Su, Sū., 24, 8.4: -1 13;balaṁ ityatra eveti rasādīnāṁ ataḥśabdo pramāṇānyuktāni ;!;;Pañcārthabhāṣya PABh zu PāśupSūtra, 2, 6: 51 15;taducyate yasmādāha āṅ iti ||;!;;Pañcārthabhāṣya PABh zu PāśupSūtra, 2, 18: 63 8;taducyate tadarthameva ||;!;;Pañcārthabhāṣya PABh zu PāśupSūtra, 4, 8: 106 16;taducyate taṁ guṇaṁ jñātvā vakṣyāmaḥ ||;!;;Pañcārthabhāṣya PABh zu PāśupSūtra, 4, 12: 110 7;sa teṣām iṣṭāpūrtam ādatteti ||;!;;Parāśarasmṛtiṭīkā Parāśarasmṛtiṭīkā zu ParDhSmṛti, 2, 2.1: 1 12;tadvivakṣayā karmācāramityuktam ||;!;;Pāraskaragṛhyasūtra Pāraskaragṛhyasūtra, 1, 8: 6 13;tasmāt tayor grāmaḥ pramānam iti śruteḥ ||;!;;Rasaratnasamuccayaṭīkā RRSṬīkā zu RRS, 1, 85.1: 1 18;sā tu jīvagatirityucyate ||;!;;Śāṅkhāyanāraṇyaka ŚāĀr, 5, 8: 56 37;sa ma ātmeti vidyāt sa ma ātmeti vidyāt ||;!;;Śārṅgadharasaṁhitādīpikā ŚSDīp zu ŚdhSaṁh, 2, 12, 106.2: 73 4;tāni pūrvoktānīti sambandhaḥ ||;!;;Śivasūtravārtika ŚSūtraV zu ŚSūtra, 1, 20.1: 18 16;anusaṁdhānam ityuktaṁ tattādātmyavimarśanam ||;!;;Suśrutasaṁhitā Su, 1, 1: 1 11;sa uvācaivam astv iti ||;!;;Suśrutasaṁhitā Su, 1, 1: 1 13;sa hovācaivam astv iti ||;!;;Tantrākhyāyikā TAkhy, 1: 1 167;ity uktvā sa sṛgālo .pakrāntaḥ ||;!;;Tantrasāra TantraS, 22: 22 12;tad uktam sṛṣṭiṁ tu saṁpuṭīkṛtya iti ||;!;;Vaiśeṣikasūtravṛtti VaiSūVṛ zu VaiśSū, 2, 1, 18.1: 18 5;sa kathaṁ jñāyata ityucyate ||;!;;Viṣṇusmṛti ViSmṛ, 98: 98 3;ityevam ukto bhagavāṁs tathetyuvāca ||;!;;
RRSṬīkā zu RRS, 11, 24.2: 173;4 1;pāṭanī tvacovidāraṇakarī ||;
RRSṬīkā zu RRS, 11, 24.2: 173;5 1;bhedī tvaci randhrakarī ||;
RRSṬīkā zu RRS, 11, 24.2: 173;6 1;drāvī lohādidravakarī ||;
RRSṬīkā zu RRS, 11, 24.2: 173;7 1;malakarī vātādidoṣakarī ||;
RRSṬīkā zu RRS, 11, 24.2: 173;8 1;andhakārī kṛṣṇatvakarī ||;
RRSṬīkā zu RRS, 11, 24.2: 173;9 1;dhvāṅkṣī kālimā ||;
RRSṬīkā zu RRS, 11, 86.2: 187;1 1;mūrtibaddhaṁ lakṣayati ya iti ||;
RRSṬīkā zu RRS, 11, 86.2: 187;2 1;divyamūlikāścatuḥṣaṣṭimūlikāḥ prāguktāstābhistadrasena |;
RRSṬīkā zu RRS, 11, 86.2: 187;3 1;abhrajāraṇād vināpyatyagnisaho baddhaḥ kṛto |;
RRSṬīkā zu RRS, 11, 86.2: 187;4 1;tathā vaikrāntavajrasaṁsparśāt ||;
RRSṬīkā zu RRS, 11, 86.2: 187;5 1;tena cūrṇīkṛtena saha mardanādapi raso baddho bhavatīti |;
RRSṬīkā zu RRS, 11, 86.2: 187;6 1;evaṁ ca mūrtibandho dvividhaḥ sambhavati ||;
RRSṬīkā zu RRS, 2, 142.2: 8;1 1;athoddeśakramaprāptaṁ rasakaṁ varṇayati rasaka iti ||;Rasaratnasamuccayaṭīkā RRSṬīkā zu RRS, 3, 149: 24 1;athoddeśakramaprāptaṁ hiṅgulaṁ varṇayati hiṅgula iti ||;!;;
RRSṬīkā zu RRS, 2, 142.2: 8;2 1;rasako jasadopādānakhanijamṛttikā ||;
RRSṬīkā zu RRS, 2, 142.2: 8;3 1;tatsattvaṁ jasadatulyam evotpadyate ||;
RRSṬīkā zu RRS, 11, 87.2: 188;1 1;jalabandhaṁ lakṣayati ||;
RRSṬīkā zu RRS, 11, 87.2: 188;2 1;śilātoyamukhaiḥ śilātoyacandratoyapramukhair jalaiḥ saha |;
RRSṬīkā zu RRS, 11, 87.2: 188;3 1;kalpokteti ||;Āpastambaśrautasūtra ĀpŚS, 1, 1: 1 5;yāḥ prāyaṇīyasya yājyā ity uktam ||;!;;Āśvalāyanagṛhyasūtra ĀśGS, 1, 1: 1 1;uktāni vaitānikāni gṛhyāni vakṣyāmaḥ ||;!;;Āyurvedadīpikā ĀVDīp zu Ca, Sū., 26, 10.2: 45 7;uktam iti apāmārgataṇḍulīye ||;!;;Āyurvedadīpikā ĀVDīp zu Ca, Sū., 1, 2: 2 21;uvāca caināṁścaturaḥ iti ||;!;;Āyurvedadīpikā ĀVDīp zu Ca, Sū., 1, 15.1: 3 9;imāmiti agre vakṣyamāṇām ||;!;;Āyurvedadīpikā ĀVDīp zu Ca, Sū., 27, 88.1: 116 1;keṣāṁciditi vakṣyamāṇamayūrādīnām ||;!;;Āyurvedadīpikā ĀVDīp zu Ca, Sū., 27, 177.2: 121 21;etānīti haritavargoktāni ||;!;;Āyurvedadīpikā ĀVDīp zu Ca, Vim., 1, 24: 187 1;tatretyādau idamiti vakṣyamāṇam ||;!;;Āyurvedadīpikā ĀVDīp zu Ca, Sū., 28, 30.2: 139 2;bhiṣagjitam uktam iti śeṣaḥ ||;!;;Āyurvedadīpikā ĀVDīp zu Ca, Cik., 1, 61.2: 296 8;yathoktavidhineti kuṭīprāveśikena vidhinā ||;!;;Āyurvedadīpikā ĀVDīp zu Ca, Cik., 2, 6.2: 304 5;yathoktena vidhineti kuṭīprāveśikena ||;!;;Āyurvedadīpikā ĀVDīp zu Ca, Si., 12, 41.1: 328 17;tantrayuktibhir iti vakṣyamāṇatantrayuktibhiḥ ||;!;;Āyurvedadīpikā ĀVDīp zu Ca, Vim., 8, 7.2: 200 11;ityadhyayanavidhiriti upasaṁharaṇam ||;!;;Ayurvedarasāyana Ayurvedarasāyana zu AHS, Sū., 9, 23.1: 27 33;ity etan nidarśanamātram uktam ||;!;;Daśakumāracarita DKCar, 2, 8: 13 176;suśrutaḥ ityukte so .tyahṛṣyat ||;!;;Divyāvadāna Divyāv, 2: 2 97;ityuktvā ||;!;;Divyāvadāna Divyāv, 10: 10 12;idaṁ śvetāsthi durbhikṣamityucyate ||;!;;Divyāvadāna Divyāv, 12: 12 60;ityuktvā prakrāntāḥ ||;!;;Divyāvadāna Divyāv, 13: 13 31;naimittāḥ svastītyuktvā prakrāntāḥ ||;!;;Divyāvadāna Divyāv, 13: 13 165;ityuktvā tūṣṇīmavasthitaḥ ||;!;;Divyāvadāna Divyāv, 13: 13 284;ityuktvā pratinivartitumārabdhaḥ ||;!;;Divyāvadāna Divyāv, 13: 13 515;ityavocadbhagavān ||;!;;Divyāvadāna Divyāv, 19: 19 36;ityuktvā prakrāntaḥ ||;!;;Divyāvadāna Divyāv, 19: 19 538;ityuktvā śokāgāraṁ praviśya avasthitaḥ ||;!;;Gopathabrāhmaṇa NEW GB, 1, 2, 2: 41 23;iti veti vā mukhaṁ viparidhāpayet ||;!;;Janmamaraṇavicāra JanMVic, 1: 1 117;ity alaṁ bhūyasā uktena ||;!;;Janmamaraṇavicāra JanMVic, 1: 1 121;ity uktam ||;!;;Kauśikasūtra Kauśikasūtra, 3, 2: 19 26;uttamo asi iti mantroktam ||;!;;Kauśikasūtra Kauśikasūtra, 4, 3: 25 13;savāsinau iti mantroktam ||;!;;Kauśikasūtra Kauśikasūtra, 6, 1: 26 20;yad aśnāmi iti mantroktam ||;!;;Kauśikasūtra Kauśikasūtra, 6, 1: 26 54;amum unnaiṣam ity uktāvalekhanīm ||;!;;Kauśikasūtra Kauśikasūtra, 7, 3: 29 15;namaskṛtyeti mantroktam ||;!;;Kauśikasūtra Kauśikasūtra, 7, 10: 31 16;pṛthivyām iti mantroktam ||;!;;Khādiragṛhyasūtra KhGṛS, 2, 5: 7 6;uktam upanayanam ||;!;;Mṛgendraṭīkā MṛgṬīkā zu MṛgT, Vidyāpāda, 5, 18.2: 116 4;iti tatsvarūpamuktam ||;!;;Mṛgendraṭīkā MṛgṬīkā zu MṛgT, Vidyāpāda, 5, 18.2: 116 10;ityanena pañcavidhaṁ vidheyamuktam ||;!;;Mugdhāvabodhinī MuA zu RHT, 16, 31.2: 263 5;vidhinā ityuktavidhānena ||;!;;Nibandhasaṁgraha NiSaṁ zu Su, Cik., 29, 12.32: -1 16;eveti ityatra anutsvādayan ||;!;;Nibandhasaṁgraha NiSaṁ zu Su, Sū., 1, 8.8: -1 4;ityuktam hetucikitsābhyāṁ tvātmaśiṣyeṣu ;!;;Nibandhasaṁgraha NiSaṁ zu Su, Sū., 24, 9.2: -1 30;gāṁ roge dattveti vakṣyāmaḥ ||;!;;Nibandhasaṁgraha NiSaṁ zu Su, Sū., 1, 24.1: -1 4;ityāha prākkila vyālā iti vyākhyātāḥ ||;!;;Pañcārthabhāṣya PABh zu PāśupSūtra, 1, 36.1: 37 7;amara ityucyate ||;!;;Pañcārthabhāṣya PABh zu PāśupSūtra, 1, 39: 40 13;paśupater ityukte saṁdehaḥ ||;!;;Pañcārthabhāṣya PABh zu PāśupSūtra, 2, 5: 50 48;vṛttilābhaścotpattirityucyate ||;!;;Pañcārthabhāṣya PABh zu PāśupSūtra, 2, 6: 51 15;taducyate yasmādāha āṅ iti ||;!;;Pañcārthabhāṣya PABh zu PāśupSūtra, 2, 10: 55 9;iti nirdeśo vācyaḥ ||;!;;Pañcārthabhāṣya PABh zu PāśupSūtra, 2, 14: 59 13;labdhur bhaviṣyatītyucyate ||;!;;Pañcārthabhāṣya PABh zu PāśupSūtra, 2, 15: 60 18;ataścetyucyate atiyajanam ||;!;;Pañcārthabhāṣya PABh zu PāśupSūtra, 3, 4: 76 2;kasmāducyate varṇāśramiṣviti ||;!;;Pañcārthabhāṣya PABh zu PāśupSūtra, 3, 8: 80 4;iha coktaṁ pāpamiti ||;!;;Pañcārthabhāṣya PABh zu PāśupSūtra, 4, 9: 107 28;iha coktam uttama iti ||;!;;Pañcārthabhāṣya PABh zu PāśupSūtra, 5, 20: 142 11;atra karmaṇetyucyate ||;!;;Pañcārthabhāṣya PABh zu PāśupSūtra, 5, 21: 143 20;ātmeti kṣetrajña ucyate ||;!;;Pañcārthabhāṣya PABh zu PāśupSūtra, 5, 25: 147 7;ato hṛdayamātmetyuktam ||;!;;Pañcārthabhāṣya PABh zu PāśupSūtra, 5, 28: 150 6;evamoṁkāramiti dhyeyamuktam ||;!;;Pañcārthabhāṣya PABh zu PāśupSūtra, 5, 35: 157 1;antaḥkaraṇākhyā buddhirityuktā ||;!;;Parāśarasmṛtiṭīkā Parāśarasmṛtiṭīkā zu ParDhSmṛti, 2, 15.2: 16 576;nanu asapiṇḍāmiti na vaktavyam ||;!;;Rasādhyāyaṭīkā RAdhyṬ zu RAdhy, 150.2: 27 13;etat thūthāviḍam ityucyate ||;!;;Rasādhyāyaṭīkā RAdhyṬ zu RAdhy, 237.2: 46 6;iti vyoṣarājiḥ kāṁsyarājir ityarthaḥ ||;!;;Rasaratnasamuccayaṭīkā RRSṬīkā zu RRS, 8, 51.2: 82 6;iti prāguktameva ||;!;;Rasaratnasamuccayaṭīkā RRSṬīkā zu RRS, 9, 8.3: 114 13;ūrdhvapātanāyantramuktamityarthaḥ ||;!;;Rasaratnasamuccayaṭīkā RRSṬīkā zu RRS, 10, 42.3: 157 4;eṣā pātālakoṣṭhiketyucyate ||;!;;Rasaratnasamuccayaṭīkā RRSṬīkā zu RRS, 11, 24.2: 173 3;sā parpaṭītyucyate ||;!;;Rasaratnasamuccayaṭīkā RRSṬīkā zu RRS, 11, 87.2: 188 4;pāradakalpoktaphaletyarthaḥ ||;!;;Ratnaṭīkā GaṇaKārṬīkā zu GaṇaKār, 5.1: 6 11;tadupalakṣitāvasthā niṣṭhāvasthety ucyate ||;!;;Śāṅkhāyanāraṇyaka ŚāĀr, 5, 3: 51 11;ityevaṁ hi paśyāma iti ||;!;;Śāṅkhāyanāraṇyaka ŚāĀr, 6, 19: 75 3;etāvad iti hovāca bālākiḥ ||;!;;Śārṅgadharasaṁhitādīpikā ŚSDīp zu ŚdhSaṁh, 2, 12, 106.2: 73 4;tāni pūrvoktānīti sambandhaḥ ||;!;;Śivasūtravārtika ŚSūtraV zu ŚSūtra, 3, 5.1: 33 9;iti svacchandaśāstroktadhāraṇābhir vaśīkṛtiḥ ||;!;;Suśrutasaṁhitā Su, 1, 1: 1 11;sa uvācaivam astv iti ||;!;;Tantrākhyāyikā TAkhy, 1: 1 42;ity uktavān ||;!;;Tantrākhyāyikā TAkhy, 1: 1 66;ity uktvā nidrāvaśam upāgamat ||;!;;Tantrākhyāyikā TAkhy, 1: 1 167;ity uktvā sa sṛgālo .pakrāntaḥ ||;!;;Tantrākhyāyikā TAkhy, 1: 1 302;ity uktvā siṁhasakāśam agamat ||;!;;Tantrākhyāyikā TAkhy, 2: 2 290;ity uktvāntarhitaḥ ||;!;;Vaiśeṣikasūtravṛtti VaiSūVṛ zu VaiśSū, 2, 1, 18.1: 18 5;sa kathaṁ jñāyata ityucyate ||;!;;Vārāhagṛhyasūtra VārGṛSū, 11: 11 25;ityukte paśum ālabhante ||;!;;Yogasūtrabhāṣya YSBhā zu YS, 2, 18.1: 62 5;etad dṛśyam ity ucyate ||;!;;Yogasūtrabhāṣya YSBhā zu YS, 3, 44.1: 110 18;etat svarūpam ityuktam ||;!;;
RRSṬīkā zu RRS, 11, 87.2: 188;4 1;pāradakalpoktaphaletyarthaḥ ||;
RRSṬīkā zu RRS, 11, 87.2: 188;5 1;etasya jalasya vistaro rasārṇave spaṣṭīkṛtaḥ ||;
RRSṬīkā zu RRS, 11, 87.2: 188;6 1;kṣiptaṁ jale bhavet kāṣṭhaṁ śilābhūtaṁ ca dṛśyate |;
RRSṬīkā zu RRS, 11, 87.2: 188;6 2;bahirantaśca deveśi vedhakaṁ tat prakīrtitam ||;
RRSṬīkā zu RRS, 11, 87.2: 188;7 1;hiṅgulaṁ haritālaṁ ca gandhakaṁ ca manaḥśilā |;
RRSṬīkā zu RRS, 11, 87.2: 188;7 2;eṣāṁ gandhāpahāraṁ yat kurute tacca vedhakam ||;Rasārṇava RArṇ, 12: 12 280;hiṅgulaṁ haritālaṁ ca gandhakaṁ ca manaḥśilā |eṣāṁ gandhāpahāraṁ yat kurute tacca vedhakam ||;GOOD;;
RRSṬīkā zu RRS, 1, 85.1: 1;1 1;rājñoktam saṁprati pañcabhūtātmakasya tasya gatibhedena |;
RRSṬīkā zu RRS, 1, 85.1: 1;2 1;yaḥ pārado jalarūpeṇa jalasvabhāvena gacchati sa jalago |;
RRSṬīkā zu RRS, 1, 85.1: 1;3 1;tanmayāstu suvarṇādilohāḥ ||;
RRSṬīkā zu RRS, 1, 85.1: 1;4 1;sthirasattvā rasādayo.pi tanmayāḥ ||;
RRSṬīkā zu RRS, 1, 85.1: 1;5 1;bhūmimalakiṭṭayogenaiva teṣāṁ ghanatvaṁ sthiratvaṁ ca |;
RRSṬīkā zu RRS, 1, 85.1: 1;6 1;ata eva drutirūpeṇaiva teṣāṁ sthitiḥ sambhavati ||;
RRSṬīkā zu RRS, 1, 85.1: 1;7 1;jalasvabhāvo.dhogamanarūpaḥ ||;
RRSṬīkā zu RRS, 1, 85.1: 1;8 1;nirmaladrutirūpalohānām apyadhogamanaṁ dṛśyata eva ||;
RRSṬīkā zu RRS, 1, 85.1: 1;9 1;yaḥ pāradastvaritastvarayā vegena yukto nātyucchritam |;
RRSṬīkā zu RRS, 1, 85.1: 1;10 1;haṁsa ivākāśe gacchatīti haṁsagaḥ ||;
RRSṬīkā zu RRS, 1, 85.1: 1;11 1;sa tu mayūragaṇḍūpadādiṣu vyavasthitaḥ ||;
RRSṬīkā zu RRS, 1, 85.1: 1;12 1;yastu malarūpeṇa kṛṣṇavarṇenāṁśena viśiṣṭo gacchati sa |;
RRSṬīkā zu RRS, 1, 85.1: 1;13 1;yaśca sadhūmo dhūmena |;
RRSṬīkā zu RRS, 1, 85.1: 1;14 1;sa tu haritālahiṅgulamanaḥśilārasakagaurīpāṣāṇādiṣu |;
RRSṬīkā zu RRS, 1, 85.1: 1;15 1;te hi dhūmarodhāt sphoṭaṁ kṛtvodgacchantītyanubhūyate |;
RRSṬīkā zu RRS, 1, 85.1: 1;16 1;nābhiyantrabhūdharalohamūṣādiyantrādinā |;
RRSṬīkā zu RRS, 1, 85.1: 1;17 1;anyā caturthī gatiḥ pāradasyāsti ||;
RRSṬīkā zu RRS, 1, 85.1: 1;18 1;sā tu jīvagatirityucyate ||;
RRSṬīkā zu RRS, 1, 85.1: 1;19 1;jīvasyevādṛśyā gatirjīvagatiḥ ||;
RRSṬīkā zu RRS, 1, 85.1: 1;20 1;ata eva sā daivītyapyucyate ||;
RRSṬīkā zu RRS, 1, 85.1: 1;21 1;tasyā devagaterivādṛśyatvāttayā yuktaḥ sa pārado.ṇḍājjīva |;
RRSṬīkā zu RRS, 1, 85.1: 1;22 1;aṇḍāddehasya nirgamanaṁ dṛśyate dehasahitasya jīvasya |;
RRSṬīkā zu RRS, 1, 85.1: 1;23 1;bālasya cālanaśvāsocchvāsādikriyayā cānumīyate tadvad |;
RRSṬīkā zu RRS, 1, 85.1: 1;24 1;tayā gatyā yukta evāyaṁ jīvānprāṇino jīvayettena sa raso |;
RRSṬīkā zu RRS, 1, 85.1: 1;25 1;kārayettaṁ saṁskāranipuṇavaidyahastena rājā tatsamo |;
RRSṬīkā zu RRS, 11, 88.2: 189;1 1;athāgnibaddhaṁ pāradamāha kevala iti ||;
RRSṬīkā zu RRS, 11, 88.2: 189;2 1;ādau ṣaḍguṇenābhrakajāraṇenāgnisahaḥ pārado maṇijīrṇaḥ |;
RRSṬīkā zu RRS, 11, 88.2: 189;3 1;sa ca kevalastīkṣṇalohayukto vā dhmātaḥ san |;
RRSṬīkā zu RRS, 11, 88.2: 189;4 1;ata evāyam agnibaddha ityucyate ||;
RRSṬīkā zu RRS, 11, 88.2: 189;5 1;ayaṁ mukhe dhṛtaścet |;
RRSṬīkā zu RRS, 2, 91.2: 6;1 1;kecittu vimalo raupyamākṣīkam iti vadanti ||;
RRSṬīkā zu RRS, 2, 91.2: 6;2 1;tattu na samyak ||;Aitareyabrāhmaṇa AitBr, 1, 4: 4 5;tattan nādṛtyam ||;!;;Aitareyabrāhmaṇa AitBr, 1, 11: 11 2;tat tan nādṛtyam ||;!;;Aitareyabrāhmaṇa AitBr, 2, 22: 52 2;tat tan nādṛtyam ||;!;;Aitareyabrāhmaṇa AitBr, 3, 18: 89 10;tat tan nādṛtyam ||;!;;Daśakumāracarita DKCar, 2, 6: 11 6;sa tu tasyāḥ pāṇigrāhakamanujīviṣyati ||;!;;Divyāvadāna Divyāv, 2: 2 112;tāstvavakāśaṁ na labhante ||;!;;Mṛgendraṭīkā MṛgṬīkā zu MṛgT, Vidyāpāda, 2, 17.2: 51 7;na tu tad yuktam ||;!;;Rasaratnasamuccayaṭīkā RRSṬīkā zu RRS, 10, 38.2: 156 17;tattu nocitam ||;!;;Viṁśatikāvṛtti ViṁVṛtti zu ViṁKār, 1, 5.2: 8 6;na te na sambhavantyeva ||;!;;
RRSṬīkā zu RRS, 2, 91.2: 6;3 1;tāramākṣīkasya guṇair alpāntaro .pyayaṁ tatparyāyo |;
RRSṬīkā zu RRS, 2, 91.2: 6;4 1;kośādiprāmāṇyābhāvāt ||;
RRSṬīkā zu RRS, 2, 91.2: 6;5 1;tāramākṣikāt |;
RRSṬīkā zu RRS, 11, 92.2: 190;1 1;mahābandhamāha hemnā veti ||;
RRSṬīkā zu RRS, 11, 92.2: 190;2 1;atra hema caturthāṁśam ardhāṁśaṁ vā grāhyam ||;
RRSṬīkā zu RRS, 11, 92.2: 190;3 1;rajatamapi tathaiva ||;Baudhāyanagṛhyasūtra BaudhGS, 1, 3: 4 30;tathaivāsthāpayati tathaiva juhoti ||;!;;Divyāvadāna Divyāv, 18: 18 622;tamapi tathaiva pravrajyāmāyācate ||;!;;Divyāvadāna Divyāv, 19: 19 372;rājā api tathaiva kathayati ||;!;;Tantrākhyāyikā TAkhy, 1: 1 346;tam api tathaivābhihitavān ||;!;;
RRSṬīkā zu RRS, 11, 92.2: 190;4 1;bandhauṣadhiliptavajramūṣāmadhye tayor anyatareṇa |;
RRSṬīkā zu RRS, 11, 92.2: 190;5 1;tānyeva lakṣaṇāny āha dhmāto vrajatyekatām ityādinā ||;
RRSṬīkā zu RRS, 11, 92.2: 190;6 1;paṭuvat ||;
RRSṬīkā zu RRS, 11, 92.2: 190;7 1;saindhavatulyaṁ cūrṇatvaṁ yāti ||;
RRSṬīkā zu RRS, 11, 92.2: 190;8 1;nihataḥ saṁdravati ||;
RRSṬīkā zu RRS, 11, 92.2: 190;9 1;agniyogāditi śeṣaḥ ||;Āyurvedadīpikā ĀVDīp zu Ca, 1, Cik., 4, 26.2: 348 6;agnisamāmiti agnyanurūpām ||;!;;Kauśikasūtra Kauśikasūtra, 2, 7: 16 13;agnim ityagnim ||;!;;
RRSṬīkā zu RRS, 4, 57.2: 34;1 1;atha vaiḍūryaṁ varṇayati vaidūryam iti ||;
RRSṬīkā zu RRS, 4, 57.2: 34;2 1;asya lokabhāṣāyāṁ laśanyākhaḍā iti prasiddhaḥ ||;Āyurvedadīpikā ĀVDīp zu Ca, Śār., 1, 94.2: 246 3;prasiddhavacanair iti lokaprasiddhavacanaiḥ ||;!;;
RRSṬīkā zu RRS, 4, 57.2: 34;3 1;samanavikaṭam ||;
RRSṬīkā zu RRS, 4, 57.2: 34;4 1;bhramaditi ||;
RRSṬīkā zu RRS, 4, 57.2: 34;5 1;cañcalaśubhravastrasamānābhāsagarbham ||;
RRSṬīkā zu RRS, 13, 81.2: 191;1 1;parpaṭīrasamāha rasaṁ dviguṇeti ||;
RRSṬīkā zu RRS, 13, 81.2: 191;2 1;sabhṛṅgakaṁ bhṛṅgarājarasena mardayitvā taptaṁ |;
RRSṬīkā zu RRS, 13, 81.2: 191;3 1;kadalīdalasthāne snigdhe lohapatre vinikṣiptā |;
RRSṬīkā zu RRS, 13, 81.2: 191;4 1;athavā tāmrapatre snigdhe vinikṣiptā tāmraparpaṭikā |;
RRSṬīkā zu RRS, 13, 81.2: 191;5 1;rasopari tu kadalīdalādyeva deyam ||;
