SaundĀ, 1: 1;1 1;gautamaḥ kapilo nāma munirdharmabhṛtāṁ varaḥ |;
SaundĀ, 1: 1;1 2;babhūva tapasi śrāntaḥ kākṣīvāniva gautamaḥ ||;
SaundĀ, 1: 1;2 1;aśiśriyadyaḥ satataṁ dīptaṁ kāśyapavattapaḥ |;
SaundĀ, 1: 1;2 2;āśiśrāya ca tadvṛddhau siddhiṁ kāśyapavat parām ||;
SaundĀ, 1: 1;3 1;haviḥṣu yaśca svātmārthaṁ gāmadhukṣad vasiṣṭhavat |;
SaundĀ, 1: 1;3 2;tapaḥśiṣṭeṣu ca śiṣyeṣu gāmadhukṣad vasiṣṭhavat ||;
SaundĀ, 1: 1;4 1;māhātmyāddīrghatapaso yo dvitīya ivābhavat |;
SaundĀ, 1: 1;4 2;tṛtīya iva yaścābhūt kāvyāṅgirasayordhiyā ||;
SaundĀ, 1: 1;5 1;tasya vistīrṇatapasaḥ pārśve himavataḥ śubhe |;
SaundĀ, 1: 1;5 2;kṣetraṁ cāyatanaṁ caiva tapasāmāśramo .bhavat ||;
SaundĀ, 1: 1;6 1;cāruvīruttaruvanaḥ prasnigdhamṛduśādvalaḥ |;
SaundĀ, 1: 1;6 2;havirdhūmavitānena yaḥ sadābhra ivābabhau ||;
SaundĀ, 1: 1;7 1;mṛdubhiḥ saikataiḥ snigdhaiḥ kesarāstarapāṇḍubhiḥ |;
SaundĀ, 1: 1;7 2;bhūmibhāgairasaṁkīrṇaiḥ sāṅgarāga ivābhavat ||;
SaundĀ, 1: 1;8 1;śucibhistīrthasaṁkhyātaiḥ pāvanairbhāvanairapi |;
SaundĀ, 1: 1;8 2;bandhumāniva yastasthau sarobhiḥ sasaroruhaiḥ ||;
SaundĀ, 1: 1;9 1;paryāptaphalapuṣpābhiḥ sarvato vanarājibhiḥ |;
SaundĀ, 1: 1;9 2;śuśubhe vavṛdhe caiva naraḥ sādhanavāniva ||;
SaundĀ, 1: 1;10 1;nīvāraphalasaṁtuṣṭaiḥ svasthaiḥ śāntairanutsukaiḥ |;
SaundĀ, 1: 1;10 2;ākīrṇo .pi tapobhṛdbhiḥ śūnyaśūnya ivābhavat ||;
SaundĀ, 1: 1;11 1;agnīnāṁ hūyamānānāṁ śikhināṁ kūjatāmapi |;
SaundĀ, 1: 1;11 2;tīrthānāṁ cābhiṣekeṣu śuśruve yatra niḥsvanaḥ ||;
SaundĀ, 1: 1;12 1;virejurhariṇā yatra suptā medhyāsu vediṣu |;
SaundĀ, 1: 1;12 2;salājairmādhavīpuṣpairupahārāḥ kṛtā iva ||;
SaundĀ, 1: 1;13 1;api kṣudramṛgā yatra śāntāśceruḥ samaṁ mṛgaiḥ |;
SaundĀ, 1: 1;13 2;śaraṇyebhyastapasvibhyo vinayaṁ śikṣitā iva ||;
SaundĀ, 1: 1;14 1;saṁdigdhe .pyapunarbhāve viruddheṣvāgameṣvapi |;
SaundĀ, 1: 1;14 2;pratyakṣiṇa ivākurvaṁstapo yatra tapodhanāḥ ||;
SaundĀ, 1: 1;15 1;yatra sma mīyate brahma kaiścit kaiścinna mīyate |;
SaundĀ, 1: 1;15 2;kāle nimīyate somo na cākāle pramīyate ||;
SaundĀ, 1: 1;16 1;nirapekṣāḥ śarīreṣu dharme yatra svabuddhayaḥ |;
SaundĀ, 1: 1;16 2;saṁhṛṣṭā iva yatnena tāpasāstepire tapaḥ ||;
SaundĀ, 1: 1;17 1;śrāmyanto munayo yatra svargāyodyuktacetasaḥ |;
SaundĀ, 1: 1;17 2;taporāgeṇa dharmasya vilopamiva cakrire ||;
SaundĀ, 1: 1;18 1;atha tejasvisadanaṁ tapaḥkṣetraṁ tamāśramam |;
SaundĀ, 1: 1;18 2;kecidikṣvākavo jagmū rājaputrā vivatsavaḥ ||;
SaundĀ, 1: 1;19 1;suvarṇastambhavarṣmāṇaḥ siṁhoraskā mahābhujāḥ |;
SaundĀ, 1: 1;19 2;pātraṁ śabdasya mahataḥ śriyāṁ ca vinayasya ca ||;
SaundĀ, 1: 1;20 1;arharūpā hyanarhasya mahātmānaścalātmanaḥ |;
SaundĀ, 1: 1;20 2;prājñāḥ prajñāvimuktasya bhrātṛvyasya yavīyasaḥ ||;
SaundĀ, 1: 1;21 1;mātṛśulkādupagatāṁ te śriyaṁ ca viṣehire |;
SaundĀ, 1: 1;21 2;rarakṣuśca pituḥ satyaṁ yasmācchiśriyire vanam ||;
SaundĀ, 1: 1;22 1;teṣāṁ munirupādhyāyo gautamaḥ kapilo .bhavat |;
SaundĀ, 1: 1;22 2;gurugotrādataḥ kautsāste bhavanti sma gautamāḥ ||;
SaundĀ, 1: 1;23 1;ekapitroryathā bhrātroḥ pṛthagguruparigrahāt |;
SaundĀ, 1: 1;23 2;rāma evābhavad gārgyo vāsubhadro .pi gautamaḥ ||;
SaundĀ, 1: 1;24 1;śākavṛkṣapraticchannaṁ vāsaṁ yasmācca cakrire |;
SaundĀ, 1: 1;24 2;tasmādikṣvākuvaṁśyāste bhuvi śākyā iti smṛtāḥ ||;
SaundĀ, 1: 1;25 1;sa teṣāṁ gautamaścakre svavaṁśasadṛśīḥ kriyāḥ |;
SaundĀ, 1: 1;25 2;munirūrdhvaṁ kumārasya sagarasyeva bhārgavaḥ ||;
SaundĀ, 1: 1;26 1;kaṇvaḥ śākuntalasyeva bharatasya tarasvinaḥ |;
SaundĀ, 1: 1;26 2;vālmīkiriva dhīmāṁśca dhīmatormaithileyayoḥ ||;
SaundĀ, 1: 1;27 1;tadvanaṁ muninā tena taiśca kṣatriyapuṅgavaiḥ |;
SaundĀ, 1: 1;27 2;śāntāṁ guptāṁ ca yugapad brahmakṣatraśriyaṁ dadhe ||;
SaundĀ, 1: 1;28 1;athodakalaśaṁ gṛhya teṣāṁ vṛddhicikīrṣayā |;
SaundĀ, 1: 1;28 2;muniḥ sa viyadutpatya tānuvāca nṛpātmajān ||;
SaundĀ, 1: 1;29 1;yā patet kalaśādasmādakṣayyasalilānmahīm |;
SaundĀ, 1: 1;29 2;dhārā tāmanatikramya māmanveta yathākramam ||;
SaundĀ, 1: 1;30 1;tataḥ paramamityuktvā śirobhiḥ praṇipatya ca |;
SaundĀ, 1: 1;30 2;rathānāruruhuḥ sarve śīghravāhānalaṁkṛtān ||;
SaundĀ, 1: 1;31 1;tataḥ sa tairanugataḥ syandanasthairnabhogataḥ |;
SaundĀ, 1: 1;31 2;tadāśramamahīprāntaṁ paricikṣepa vāriṇā ||;
SaundĀ, 1: 1;32 1;aṣṭāpadamivālikhya nimittaiḥ surabhīkṛtam |;
SaundĀ, 1: 1;32 2;tānuvāca muniḥ sthitvā bhūmipālasutānidam ||;
SaundĀ, 1: 1;33 1;asmin dhārāparikṣipte nemicihnitalakṣaṇe |;
SaundĀ, 1: 1;33 2;nirmimīdhvaṁ puraṁ yūyaṁ mayi yāte triviṣṭapam ||;
SaundĀ, 1: 1;34 1;tataḥ kadācitte vīrāstasmin pratigate munau |;
SaundĀ, 1: 1;34 2;babhramuryauvanoddāmā gajā iva niraṅkuśāḥ ||;
SaundĀ, 1: 1;35 1;baddhagodhāṅgulītrāṇā hastaviṣṭhitakārmukāḥ |;
SaundĀ, 1: 1;35 2;śarādhmātamahātūṇā vyāyatābaddhavāsasaḥ ||;
SaundĀ, 1: 1;36 1;jijñāsamānā nāgeṣu kauśalaṁ śvāpadeṣu ca |;
SaundĀ, 1: 1;36 2;anucakrurvanasthasya dauṣyanterdevakarmaṇaḥ ||;
SaundĀ, 1: 1;37 1;tān dṛṣṭvā prakṛtiṁ yātān vṛddhānvyāghraśiśūniva |;
SaundĀ, 1: 1;37 2;tāpasāstadvanaṁ hitvā himavantaṁ siṣevire ||;
SaundĀ, 1: 1;38 1;tatastadāśramasthānaṁ śūnyaṁ taiḥ śūnyacetasaḥ |;
SaundĀ, 1: 1;38 2;paśyanto manyunā taptā vyālā iva niśaśvasuḥ ||;
SaundĀ, 1: 1;39 1;atha te puṇyakarmāṇaḥ pratyupasthitavṛddhayaḥ |;
SaundĀ, 1: 1;39 2;tatra tajjñairupākhyātānavāpurmahato nidhīn ||;
SaundĀ, 1: 1;40 1;alaṁ dharmārthakāmānāṁ nikhilānāmavāptaye |;
SaundĀ, 1: 1;40 2;nidhayo naikavidhayo bhūrayaste gatārayaḥ ||;
SaundĀ, 1: 1;41 1;tatastatpratilambhācca pariṇāmācca karmaṇaḥ |;
SaundĀ, 1: 1;41 2;tasmin vāstuni vāstujñāḥ puraṁ śrīmannyaveśayan ||;
SaundĀ, 1: 1;42 1;saridvistīrṇaparikhaṁ spaṣṭāñcitamahāpatham |;
SaundĀ, 1: 1;42 2;śailakalpamahāvapraṁ girivrajamivāparam ||;
SaundĀ, 1: 1;43 1;pāṇḍurāṭṭālasumukhaṁ suvibhaktāntarāpaṇam |;
SaundĀ, 1: 1;43 2;harmyamālāparikṣiptaṁ kukṣiṁ himagireriva ||;
SaundĀ, 1: 1;44 1;vedavedāṅgaviduṣastasthuṣaḥ ṣaṭsu karmasu |;
SaundĀ, 1: 1;44 2;śāntaye vṛddhaye caiva yatra viprānajījapan ||;
SaundĀ, 1: 1;45 1;tadbhūmerabhiyoktṝṇāṁ prayuktān vinivṛttaye |;
SaundĀ, 1: 1;45 2;yatra svena prabhāvena bhṛtyadaṇḍānajījapan ||;
SaundĀ, 1: 1;46 1;caritradhanasampannān salajjān dīrghadarśinaḥ |;
SaundĀ, 1: 1;46 2;arhato .tiṣṭhipan yatra śūrān dakṣān kuṭumbinaḥ ||;
SaundĀ, 1: 1;47 1;vyastaistaistairguṇairyuktān mativāgvikramādibhiḥ |;
SaundĀ, 1: 1;47 2;karmasu pratirūpeṣu sacivāṁstānnyayūyujan ||;
SaundĀ, 1: 1;48 1;vasumadbhir avibhrāntair alaṁvidyair avismitaiḥ |;
SaundĀ, 1: 1;48 2;yad babhāse naraiḥ kīrṇaṁ mandaraḥ kinnarairiva ||;
SaundĀ, 1: 1;49 1;yatra te hṛṣṭamanasaḥ pauraprīticikīrṣayā |;
SaundĀ, 1: 1;49 2;śrīmantyudyānasaṁjñāni yaśodhāmānyacīkaran ||;
SaundĀ, 1: 1;50 1;śivāḥ puṣkariṇīścaiva paramāgryaguṇāmbhasaḥ |;
SaundĀ, 1: 1;50 2;nājñayā cetanotkarṣāddikṣu sarvāsvacīkhanan ||;
SaundĀ, 1: 1;51 1;manojñāḥ śrīmatīḥ praṣṭhīḥ pathiṣūpavaneṣu ca |;
SaundĀ, 1: 1;51 2;sabhāḥ kūpavatīścaiva samantāt pratyatiṣṭhipan ||;
SaundĀ, 1: 1;52 1;hastyaśvarathasaṁkīrṇam asaṁkīrṇam anākulam |;
SaundĀ, 1: 1;52 2;anigūḍhārthivibhavaṁ nigūḍhajñānapauruṣam ||;
SaundĀ, 1: 1;53 1;saṁnidhānamivārthānāmādhānamiva tejasām |;
SaundĀ, 1: 1;53 2;niketamiva vidyānāṁ saṁketamiva saṁpadām ||;
SaundĀ, 1: 1;54 1;vāsavṛkṣaṁ guṇavatāmāśrayaṁ śaraṇaiṣiṇām |;
SaundĀ, 1: 1;54 2;ānartaṁ kṛtaśāstrāṇāmālānaṁ bāhuśālinām ||;
SaundĀ, 1: 1;55 1;samājairutsavairdāyaiḥ kriyāvidhibhireva ca |;
SaundĀ, 1: 1;55 2;alaṁcakruralaṁvīryāste jagaddhāma tatpuram ||;
SaundĀ, 1: 1;56 1;yasmādanyāyataste ca kaṁcinnācīkaran karam |;
SaundĀ, 1: 1;56 2;tasmādalpena kālena tattadāpūpuran puram ||;
SaundĀ, 1: 1;57 1;kapilasya ca tasyarṣestasminn āśramavāstuni |;
SaundĀ, 1: 1;57 2;yasmātte tatpuraṁ cakrustasmāt kapilavāstu tat ||;
SaundĀ, 1: 1;58 1;kakandasya makandasya kuśāmbasyeva cāśrame |;
SaundĀ, 1: 1;58 2;puryo yathā hi śrūyante tathaiva kapilasya tat ||;
SaundĀ, 1: 1;59 1;āpuḥ puraṁ tatpuruhūtakalpāste tejasāryeṇa na vismayena āpuryaśogandhamataśca śaśvat sutā yayāteriva kīrtimantaḥ |;
SaundĀ, 1: 1;60 1;tannāthavṛttairapi rājaputrairarājakaṁ naiva rarāja rāṣṭram tārāsahasrairapi dīpyamānair anutthite candra ivāntarīkṣam |;
SaundĀ, 1: 1;61 1;yo jyāyānatha vayasā guṇaiśca teṣāṁ bhrātṝṇāṁ vṛṣabha te tatra priyaguravastamabhyaṣicann ādityā |;
SaundĀ, 1: 1;62 1;ācāravānvinayavānnayavānkriyāvān dharmāya tadbhrātṛbhiḥ parivṛtaḥ sa jugopa rāṣṭram saṁkrandano |;
SaundĀ, 2: 2;1 1;tataḥ kadācitkālena tadavāpa kulakramāt |;
SaundĀ, 2: 2;1 2;rājā śuddhodano nāma śuddhakarmā jitendriyaḥ ||;
SaundĀ, 2: 2;2 1;yaḥ sasañje na kāmeṣu śrīprāptau na visismiye |;
SaundĀ, 2: 2;2 2;nāvamene parānṛddhyā parebhyo nāpi vivyathe ||;
SaundĀ, 2: 2;3 1;balīyān sattvasampannaḥ śrutavān buddhimānapi |;
SaundĀ, 2: 2;3 2;vikrānto nayavāṁścaiva dhīraḥ sumukha eva ca ||;
SaundĀ, 2: 2;4 1;vapuṣmāṁśca na ca stabdho dakṣiṇo na ca nārjavaḥ |;
SaundĀ, 2: 2;4 2;tejasvī na ca na kṣāntaḥ kartā ca na ca vismitaḥ ||;
SaundĀ, 2: 2;5 1;ākṣiptaḥ śatrubhiḥ saṁkhye suhṛdbhiśca vyapāśritaḥ |;
SaundĀ, 2: 2;5 2;abhavad yo na vimukhastejasā ditsayaiva ca ||;
SaundĀ, 2: 2;6 1;yaḥ pūrvaiḥ rājabhiryātāṁ yiyāsurdharmapaddhatim |;
SaundĀ, 2: 2;6 2;rājyaṁ dīkṣāmiva vahan vṛttenānvagamat pitṝn ||;
SaundĀ, 2: 2;7 1;yasya suvyavahārācca rakṣaṇācca sukhaṁ prajāḥ |;
SaundĀ, 2: 2;7 2;śiśyire vigatodvegāḥ pituraṅkagatā iva ||;
SaundĀ, 2: 2;8 1;kṛtaśāstraḥ kṛtāstro vā jāto vā vipule kule |;
SaundĀ, 2: 2;8 2;akṛtārtho na dadṛśe yasya darśanameyivān ||;
SaundĀ, 2: 2;9 1;hitaṁ vipriyamapyukto yaḥ śuśrāva na cukṣubhe |;
SaundĀ, 2: 2;9 2;duṣkṛtaṁ bahvapi tyaktvā sasmāra kṛtamaṇvapi ||;
SaundĀ, 2: 2;10 1;praṇatānanujagrāha vijagrāha kuladviṣaḥ |;
SaundĀ, 2: 2;10 2;āpannān parijagrāha nijagrāhāsthitān pathi ||;
SaundĀ, 2: 2;11 1;prāyeṇa viṣaye yasya tacchīlamanuvartinaḥ |;
SaundĀ, 2: 2;11 2;arjayanto dadṛśire dhanānīva guṇānapi ||;
SaundĀ, 2: 2;12 1;adhyaiṣṭa yaḥ paraṁ brahma na vyaiṣṭa satataṁ dhṛteḥ |;
SaundĀ, 2: 2;12 2;dānānyadita pātrebhyaḥ pāpaṁ nākṛta kiṁcana ||;
SaundĀ, 2: 2;13 1;dhṛtyāvākṣīt pratijñāṁ sa sadvājīvodyatāṁ dhuram |;
SaundĀ, 2: 2;13 2;na hyavāñchīccyutaḥ satyānmuhūrtamapi jīvitam ||;
SaundĀ, 2: 2;14 1;viduṣaḥ paryupāsiṣṭa vyakāśiṣṭātmavattayā |;
SaundĀ, 2: 2;14 2;vyarociṣṭa ca śiṣṭebhyo māsīṣe candramā iva ||;
SaundĀ, 2: 2;15 1;avedīd buddhiśāstrābhyāmiha cāmutra ca kṣamam |;
SaundĀ, 2: 2;15 2;arakṣīddhairyavīryābhyāmindriyāṇyapi ca prajāḥ ||;
SaundĀ, 2: 2;16 1;ahārṣīd duḥkhamārtānāṁ dviṣatāṁ corjitaṁ yaśaḥ |;
SaundĀ, 2: 2;16 2;acaiṣīcca nayairbhūmiṁ bhūyasā yaśasaiva ca ||;
SaundĀ, 2: 2;17 1;apyāsīd duḥkhitān paśyan prakṛtyā karuṇātmakaḥ |;
SaundĀ, 2: 2;17 2;nādhauṣīcca yaśo lobhādanyāyādhigatairdhanaiḥ ||;
SaundĀ, 2: 2;18 1;sauhārdadṛḍhabhaktitvānmaitreṣu viguṇeṣvapi |;
SaundĀ, 2: 2;18 2;nādidāsīd aditsīttu saumukhyāt svaṁ svamarthavat ||;
SaundĀ, 2: 2;19 1;anivedyāgramarhadbhyo nālikṣat kiṁcid aplutaḥ |;
SaundĀ, 2: 2;19 2;gāmadharmeṇa nādhukṣat kṣīratarṣeṇa gāmiva ||;
SaundĀ, 2: 2;20 1;nāsṛkṣad balimaprāptaṁ nārukṣanmānamaiśvaram |;
SaundĀ, 2: 2;20 2;āgamairbuddhim ādhikṣaddharmāya na tu kīrtaye ||;
SaundĀ, 2: 2;21 1;kleśārhānapi kāṁścittu nākliṣṭa kliṣṭakarmaṇaḥ |;
SaundĀ, 2: 2;21 2;āryabhāvācca nādhukṣad dviṣato .pi sato guṇān ||;
SaundĀ, 2: 2;22 1;ākṛkṣad vapuṣā dṛṣṭīḥ prajānāṁ candramā iva |;
SaundĀ, 2: 2;22 2;parasvaṁ bhuvi nāmṛkṣanmahāviṣamivoragam ||;
SaundĀ, 2: 2;23 1;nākrukṣad viṣaye tasya kaścitkaiścit kvacit kṣataḥ |;
SaundĀ, 2: 2;23 2;ādikṣattasya hastasthamārtebhyo hyabhayaṁ dhanuḥ ||;
SaundĀ, 2: 2;24 1;kṛtāgaso .pi praṇatān prāgeva priyakāriṇaḥ |;
SaundĀ, 2: 2;24 2;adarśatsnigdhayā dṛṣṭyā ślakṣṇena vacasāsicat ||;
SaundĀ, 2: 2;25 1;bahvīr adhyagamad vidyā viṣayeṣvakutūhalaḥ |;
SaundĀ, 2: 2;25 2;sthitaḥ kārtayuge dharme dharmāt kṛcchre .pi nāsrasat ||;
SaundĀ, 2: 2;26 1;avardhiṣṭa guṇaiḥ śaśvadavṛdhanmitrasaṁpadā |;
SaundĀ, 2: 2;26 2;avartiṣṭa ca vṛddheṣu nāvṛtad garhite pathi ||;
SaundĀ, 2: 2;27 1;śarairaśīśamacchatrūn guṇairbandhūnarīramat |;
SaundĀ, 2: 2;27 2;randhrairnācūcudad bhṛtyān karair nāpīpiḍat prajāḥ ||;
SaundĀ, 2: 2;28 1;rakṣaṇāccaiva śauryācca nikhilāṁ gām avīvapat |;
SaundĀ, 2: 2;28 2;spaṣṭayā daṇḍanītyā ca rātrisattrān avīvapat ||;
SaundĀ, 2: 2;29 1;kulaṁ rājarṣivṛttena yaśogandham avīvapat |;
SaundĀ, 2: 2;29 2;dīptyā tama ivādityastejasārīn avīvapat ||;
SaundĀ, 2: 2;30 1;apaprathat pitṝṁścaiva satputrasadṛśairguṇaiḥ |;
SaundĀ, 2: 2;30 2;salileneva cāmbhodo vṛttenājihladat prajāḥ ||;
SaundĀ, 2: 2;31 1;dānairajasravipulaiḥ somaṁ viprān asūṣavat |;
SaundĀ, 2: 2;31 2;rājadharmasthitatvācca kāle sasyam asūṣavat ||;
SaundĀ, 2: 2;32 1;adharmiṣṭhām acakathanna kathāmakathaṁkathaḥ |;
SaundĀ, 2: 2;32 2;cakravartīva ca parān dharmāyābhyudasīṣahat ||;
SaundĀ, 2: 2;33 1;rāṣṭramanyatra ca balerna sa kiṁcid adīdapat |;
SaundĀ, 2: 2;33 2;bhṛtyaireva ca sodyogaṁ dviṣaddarpamadīdapat ||;
SaundĀ, 2: 2;34 1;svairevādīdapaccāpi bhūyo bhūyo guṇaiḥ kulam |;
SaundĀ, 2: 2;34 2;prajā nādīdapaccaiva sarvadharmavyavasthayā ||;
SaundĀ, 2: 2;35 1;aśrāntaḥ samaye yajvā yajñabhūmim amīmapat |;
SaundĀ, 2: 2;35 2;pālanācca dvijān brahma nirudvignān amīmapat ||;
SaundĀ, 2: 2;36 1;gurubhirvidhivat kāle saumyaḥ somam amīmapat |;
SaundĀ, 2: 2;36 2;tapasā tejasā caiṣa dviṣatsainyam amīmapat ||;
SaundĀ, 2: 2;37 1;prajāḥ paramadharmajñaḥ sūkṣmaṁ dharmam avīvasat |;
SaundĀ, 2: 2;37 2;darśanāccaiva dharmasya kāle svargam avīvasat ||;
SaundĀ, 2: 2;38 1;vyaktamapyarthakṛcchreṣu nādharmiṣṭhamatiṣṭhipat |;
SaundĀ, 2: 2;38 2;priya ityeva cāśaktaṁ na saṁrāgādavīvṛdhat ||;
SaundĀ, 2: 2;39 1;tejasā ca tviṣā caiva ripūn dṛptān abībhasat |;
SaundĀ, 2: 2;39 2;yaśodīpena dīptena pṛthivīṁ ca vyabībhasat ||;
SaundĀ, 2: 2;40 1;ānṛśaṁsyānna yaśase tenādāyi sadārthine |;
SaundĀ, 2: 2;40 2;dravyaṁ mahadapi tyaktvā na caivākīrti kiṁcana ||;
SaundĀ, 2: 2;41 1;tenārirapi duḥkhārto nātyāji śaraṇāgataḥ |;
SaundĀ, 2: 2;41 2;jitvā dṛptānapi ripūnna tenākāri vismayaḥ ||;
SaundĀ, 2: 2;42 1;na tenābhedi maryādā kāmāddveṣādbhayādapi |;
SaundĀ, 2: 2;42 2;tena satsvapi bhogeṣu nāsevīndriyavṛttitā ||;
SaundĀ, 2: 2;43 1;na tenādarśi viṣamaṁ kāryaṁ kvacana kiṁcana |;
SaundĀ, 2: 2;43 2;vipriyapriyayoḥ kṛtye na tenāgāmi nikriyāḥ ||;
SaundĀ, 2: 2;44 1;tenāpāyi yathākalpaṁ somaśca yaśa eva ca |;
SaundĀ, 2: 2;44 2;vedaścāmnāyi satataṁ vedokto dharma eva ca ||;
SaundĀ, 2: 2;45 1;evamādibhiratyakto babhūvāsulabhairguṇaiḥ |;
SaundĀ, 2: 2;45 2;aśakyaḥ śakyasāmantaḥ śākyarājaḥ sa śakravat ||;
SaundĀ, 2: 2;46 1;atha tasmin tathā kāle dharmakāmā divaukasaḥ |;
SaundĀ, 2: 2;46 2;vicerurdiśi lokasya dharmacaryāṁ didṛkṣavaḥ ||;
SaundĀ, 2: 2;47 1;dharmātmānaścarantaste dharmajijñāsayā jagat |;
SaundĀ, 2: 2;47 2;dadṛśustaṁ viśeṣeṇa dharmātmānaṁ narādhipam ||;
SaundĀ, 2: 2;48 1;devebhyastuṣitebhyo .tha bodhisattvaḥ kṣitiṁ vrajan |;
SaundĀ, 2: 2;48 2;upapattiṁ praṇidadhe kule tasya mahīpateḥ ||;
SaundĀ, 2: 2;49 1;tasya devī nṛdevasya māyā nāma tadābhavat |;
SaundĀ, 2: 2;49 2;vītakrodhatamomāyā māyeva divi devatā ||;
SaundĀ, 2: 2;50 1;svapne .tha samaye garbhamāviśantaṁ dadarśa sā |;
SaundĀ, 2: 2;50 2;ṣaḍdantaṁ vāraṇaṁ śvetamairāvatamivaujasā ||;
SaundĀ, 2: 2;51 1;taṁ vinirdidiśuḥ śrutvā svapnaṁ svapnavido dvijāḥ |;
SaundĀ, 2: 2;51 2;tasya janma kumārasya lakṣmīdharmayaśobhṛtaḥ ||;
SaundĀ, 2: 2;52 1;tasya sattvaviśeṣasya jātau jātikṣayaiṣiṇaḥ |;
SaundĀ, 2: 2;52 2;sācalā pracacālorvī taraṅgābhihateva nauḥ ||;
SaundĀ, 2: 2;53 1;sūryaraśmibhirakliṣṭaṁ puṣpavarṣaṁ papāta khāt |;
SaundĀ, 2: 2;53 2;digvāraṇakarādhūtād vanāccaitrarathādiva ||;
SaundĀ, 2: 2;54 1;divi dundubhayo nedurdīvyatāṁ marutāmiva |;
SaundĀ, 2: 2;54 2;didīpe .bhyadhikaṁ sūryaḥ śivaśca pavano vavau ||;
SaundĀ, 2: 2;55 1;tutuṣustuṣitāścaiva śuddhāvāsāśca devatāḥ |;
SaundĀ, 2: 2;55 2;saddharmabahumānena sattvānāṁ cānukampayā ||;
SaundĀ, 2: 2;56 1;samāyayau yaśaḥketuṁ śreyaḥketukaraḥ paraḥ |;
SaundĀ, 2: 2;56 2;babhrāje śāntayā lakṣmyā dharmo vigrahavāniva ||;
SaundĀ, 2: 2;57 1;devyāmapi yavīyasyāmaraṇyāmiva pāvakaḥ |;
SaundĀ, 2: 2;57 2;nando nāma suto jajñe nityānandakaraḥ kule ||;
SaundĀ, 2: 2;58 1;dīrghabāhurmahāvakṣāḥ siṁhāṁso vṛṣabhekṣaṇaḥ |;
SaundĀ, 2: 2;58 2;vapuṣāgryeṇa yo nāma sundaropapadaṁ dadhe ||;
SaundĀ, 2: 2;59 1;madhumāsa iva prāptaścandro nava ivoditaḥ |;
SaundĀ, 2: 2;59 2;aṅgavāniva cānaṅgaḥ sa babhau kāntayā śriyā ||;
SaundĀ, 2: 2;60 1;sa tau saṁvardhayāmāsa narendraḥ parayā mudā |;
SaundĀ, 2: 2;60 2;arthaḥ sajjanahastastho dharmakāmau mahāniva ||;
SaundĀ, 2: 2;61 1;tasya kālena satputrau vavṛdhāte bhavāya tau |;
SaundĀ, 2: 2;61 2;āryasyārambhamahato dharmārthāviva bhūtaye ||;
SaundĀ, 2: 2;62 1;tayoḥ satputrayormadhye śākyarājo rarāja saḥ |;
SaundĀ, 2: 2;62 2;madhyadeśa iva vyakto himavatpāriyātrayoḥ ||;
SaundĀ, 2: 2;63 1;tatastayoḥ saṁskṛtayoḥ krameṇa narendrasūnvoḥ kāmeṣvajasraṁ pramamāda nandaḥ sarvārthasiddhastu na |;
SaundĀ, 2: 2;64 1;sa prekṣyaiva hi jīrṇamāturaṁ ca mṛtaṁ ca vimṛśan hṛdayagataparaghṛṇo na |;
SaundĀ, 2: 2;65 1;udvegādapunarbhave manaḥ praṇidhāya sa yayau niśi nṛpatinilayanād vanagamanakṛtamanāḥ sarasa iva |;

SaundĀ, 3: 3;2 1;vividhāgamāṁstapasi tāṁśca vividhaniyamāśrayān munīn prekṣya sa viṣayatṛṣākṛpaṇānanavasthitaṁ tapa iti |;
























SaundĀ, 3: 3;27 1;nṛpatistataḥ prathamamāpa phalamamṛtadharmasiddhaye dharmamatulamadhigamya munermunaye nanāma sa yato |;














SaundĀ, 3: 3;42 1;iti muditamanāmayaṁ nirāpat kururaghupūrupuropamaṁ abhavadabhayadaiśike maharṣau viharati tatra śivāya |;
SaundĀ, 4: 4;1 1;munau bruvāṇe .pi tu tatra dharmaṁ dharmaṁ prati prāsādasaṁstho madanaikakāryaḥ priyāsahāyo vijahāra |;
SaundĀ, 4: 4;2 1;sa cakravākyeva hi cakravākastayā sametaḥ priyayā nācintayad vaiśramaṇaṁ na śakraṁ tatsthānahetoḥ kuta |;
SaundĀ, 4: 4;3 1;lakṣmyā ca rūpeṇa ca sundarīti stambhena garveṇa ca dīptyā ca mānena ca bhāminīti yāto babhāṣe trividhena |;
SaundĀ, 4: 4;4 1;sā hāsahaṁsā nayanadvirephā bhūyo babhāse svakuloditena strīpadminī nandadivākareṇa |;

SaundĀ, 4: 4;6 1;sā devatā nandanacāriṇīva kulasya nandījananaśca nandaḥ atītya martyān anupetya devān sṛṣṭāvabhūtāmiva |;
SaundĀ, 4: 4;7 1;tāṁ sundarīṁ cenna labheta nandaḥ sā vā niṣeveta na taṁ dvandvaṁ dhruvaṁ tadvikalaṁ na śobhetānyonyahīnāviva |;
SaundĀ, 4: 4;8 1;kandarparatyoriva lakṣyabhūtaṁ pramodanāndyoriva praharṣatuṣṭyoriva pātrabhūtaṁ dvandvaṁ sahāraṁsta |;
SaundĀ, 4: 4;9 1;parasparodvīkṣaṇatatparākṣaṁ parasparāśleṣahṛtāṅgarāgaṁ parasparaṁ tanmithunaṁ |;
SaundĀ, 4: 4;10 1;bhāvānuraktau girinirjharasthau tau cikrīḍatuścābhivirejatuśca rūpaśriyānyonyamivākṣipantau |;
SaundĀ, 4: 4;11 1;anyonyasaṁrāgavivardhanena klamāntare .nyonyavinodanena salīlamanyonyam |;
SaundĀ, 4: 4;12 1;vibhūṣayāmāsa tataḥ priyāṁ sa siṣeviṣustāṁ na svenaiva rūpeṇa vibhūṣitā hi vibhūṣaṇānāmapi bhūṣaṇaṁ |;
SaundĀ, 4: 4;13 1;dattvātha sā darpaṇamasya haste mamāgrato dhāraya viśeṣakaṁ yāvadahaṁ karomītyuvāca kāntaṁ sa ca taṁ |;
SaundĀ, 4: 4;14 1;bhartustataḥ śmaśru nirīkṣamāṇā viśeṣakaṁ sāpi cakāra niśvāsavātena ca darpaṇasya cikitsayitvā nijaghāna nandaḥ |;

SaundĀ, 4: 4;16 1;cikṣepa karṇotpalamasya cāṁse kareṇa savyena patrāṅguliṁ cārdhanimīlitākṣe vaktre .sya tāmeva |;
SaundĀ, 4: 4;17 1;tataścalannūpurayoktritābhyāṁ padbhyāṁ priyāyā nalinopamābhyāṁ mūrdhnā |;
SaundĀ, 4: 4;18 1;sa muktapuṣponmiṣitena mūrdhnā tataḥ priyāyāḥ priyakṛd suvarṇavedyāmanilāvabhagnaḥ puṣpātibhārādiva |;
SaundĀ, 4: 4;19 1;sā taṁ stanodvartitahārayaṣṭirutthāpayāmāsa nipīḍya kathaṁ kṛto .sīti jahāsa coccairmukhena sācīkṛtakuṇḍalena |;
SaundĀ, 4: 4;20 1;patyustato tamālapatrārdratale kapole samāpayāmāsa viśeṣakaṁ tat ||;
SaundĀ, 4: 4;21 1;tasyā mukhaṁ tat satamālapatraṁ tāmrādharauṣṭhaṁ raktādhikāgraṁ patitadvirephaṁ saśaivalaṁ |;
SaundĀ, 4: 4;22 1;nandastato darpaṇamādareṇa bibhrat viśeṣakāvekṣaṇakekarākṣo laḍat priyāyā vadanaṁ dadarśa |;
SaundĀ, 4: 4;23 1;tatkuṇḍalādaṣṭaviśeṣakāntaṁ nandaḥ priyāyā mukhamīkṣamāṇo bhūyaḥ priyānandakaro |;
SaundĀ, 4: 4;24 1;vimānakalpe sa vimānagarbhe tatastathā caiva nananda tathāgataścāgatabhaikṣakālo bhaikṣāya tasya praviveśa |;
SaundĀ, 4: 4;25 1;avāṅmukho niṣpraṇayaśca tasthau bhrāturgṛhe .nyasya tasmādatho preṣyajanapramādād bhikṣām alabdhvaiva |;

SaundĀ, 4: 4;27 1;tasmin gṛhe bharturataścarantyaḥ krīḍānurūpaṁ lalitaṁ kāścinna buddhaṁ dadṛśuryuvatyo buddhasya vaiṣā |;
SaundĀ, 4: 4;28 1;kācit sthitā tatra tu harmyapṛṣṭhe gavākṣapakṣe praṇidhāya viniṣpatantaṁ sugataṁ dadarśa payodagarbhādiva |;
SaundĀ, 4: 4;29 1;sā gauravaṁ tatra vicārya bhartuḥ svayā ca nandasya tasthau purato vivakṣustadājñayā ceti |;
SaundĀ, 4: 4;30 1;anugrahāyāsya janasya śaṅke gururgṛhaṁ no bhagavān bhikṣām alabdhvā giramāsanaṁ vā śūnyādaraṇyādiva yāti |;
SaundĀ, 4: 4;31 1;śrutvā maharṣeḥ sa gṛhapraveśaṁ satkārahīnaṁ ca punaḥ cacāla citrābharaṇāmbarasrakkalpadrumo dhūta ivānilena |;
SaundĀ, 4: 4;32 1;kṛtvāñjaliṁ mūrdhani padmakalpaṁ tataḥ sa kāntāṁ kartuṁ gamiṣyāmi gurau praṇāmaṁ |;

SaundĀ, 4: 4;34 1;nāhaṁ yiyāsorgurudarśanārthamarhāmi kartuṁ tava gacchāryaputraihi ca śīghrameva viśeṣako yāvadayaṁ na |;
SaundĀ, 4: 4;35 1;sacedbhavestvaṁ khalu dīrghasūtro daṇḍaṁ mahāntaṁ muhurmuhustvāṁ śayitaṁ kucābhyāṁ vibodhayeyaṁ ca |;
SaundĀ, 4: 4;36 1;athāpyanāśyānaviśeṣakāyāṁ mayyeṣyasi tvaṁ tvaritaṁ nipīḍayiṣyāmi bhujadvayena nirbhūṣaṇenārdravilepanena |;

SaundĀ, 4: 4;38 1;tataḥ stanodvartitacandanābhyāṁ mukto bhujābhyāṁ na tu vihāya veṣaṁ madanānurūpaṁ satkārayogyaṁ sa |;
SaundĀ, 4: 4;39 1;sā taṁ prayāntaṁ ramaṇaṁ pradadhyau sthitoccakarṇā vyapaviddhaśaṣpā bhrāntaṁ mṛgam |;
SaundĀ, 4: 4;40 1;didṛkṣayākṣiptamanā munestu nandaḥ prayāṇaṁ prati vivṛttadṛṣṭiśca śanairyayau tāṁ karīva paśyan sa |;
SaundĀ, 4: 4;41 1;chātodarīṁ pīnapayodharoruṁ sa sundarīṁ kākṣeṇa paśyan na tatarpa nandaḥ pibannivaikena jalaṁ |;
SaundĀ, 4: 4;42 1;taṁ gauravaṁ buddhagataṁ cakarṣa bhāryānurāgaḥ so .niścayānnāpi yayau na tasthau turaṁstaraṁgeṣviva |;
SaundĀ, 4: 4;43 1;adarśanaṁ tūpagataśca tasyā harmyāttataścāvatatāra śrutvā tato nūpuranisvanaṁ sa punarlalambe hṛdaye |;
SaundĀ, 4: 4;44 1;sa kāmarāgeṇa nigṛhyamāṇo dharmānurāgeṇa ca jagāma duḥkhena vivartyamānaḥ plavaḥ pratisrota |;
SaundĀ, 4: 4;45 1;tataḥ kramairdīrghatamaiḥ pracakrame kathaṁ nu yāto na svajeya tāṁ caiva viśeṣakapriyāṁ kathaṁ |;
SaundĀ, 4: 4;46 1;atha sa pathi dadarśa muktamānaṁ pitṛnagare .pi tathā daśabalamabhito vilambamānaṁ dhvajamanuyāna |;
SaundĀ, 5: 5;1 1;athāvatīryāśvarathadvipebhyaḥ śākyā mahāpaṇebhyo vyavahāriṇaśca mahāmunau bhaktivaśāt |;
SaundĀ, 5: 5;2 1;kecit praṇamyānuyayurmuhūrttaṁ kecit kecit svakeṣvāvasatheṣu tasthuḥ kṛtvāñjalīn |;
SaundĀ, 5: 5;3 1;buddhastatastatra narendramārge sroto mahadbhaktimato jagāma duḥkhena vigāhamāno jalāgame srota ivāpagāyāḥ ||;
SaundĀ, 5: 5;4 1;atho mahadbhiḥ pathi saṁpatadbhiḥ sampūjyamānāya kartuṁ praṇāmaṁ na śaśāka nandastenābhireme tu |;
SaundĀ, 5: 5;5 1;svaṁ cāvasaṅgaṁ pathi nirmumukṣurbhaktiṁ nandaṁ ca gehābhimukhaṁ jighṛkṣan mārgaṁ tato .nyaṁ |;
SaundĀ, 5: 5;6 1;tato viviktaṁ ca viviktacetāḥ sanmārgavin gatvāgrataścāgryatamāya tasmai nāndīvimuktāya nanāma |;
SaundĀ, 5: 5;7 1;śanairvrajanneva sa gauraveṇa paṭāvṛtāṁso adhonibaddhāñjalirūrdhvanetraḥ sagadgadaṁ |;
SaundĀ, 5: 5;8 1;prāsādasaṁstho bhagavantamantaḥpraviṣṭam aśrauṣam atastvarāvānahamabhyupeto gṛhasya kakṣyāmahato |;
SaundĀ, 5: 5;9 1;tatsādhu sādhupriya matpriyārtham tatrāstu bhikṣūttama asau hi madhyaṁ nabhaso yiyāsuḥ kālaṁ pratismārayatīva |;
SaundĀ, 5: 5;10 1;ityevamuktaḥ praṇatena tena tādṛṅnimittaṁ sugataścakāra nāhārakṛtyaṁ sa yathā viveda |;
SaundĀ, 5: 5;11 1;tataḥ sa kṛtvā munaye praṇāmaṁ gṛhaprayāṇāya matiṁ anugrahārthaṁ sugatastu tasmai pātraṁ dadau |;
SaundĀ, 5: 5;12 1;tataḥ sa loke dadataḥ phalārthaṁ pātrasya tasyāpratimasya jagrāha cāpagrahaṇakṣamābhyāṁ padmopamābhyāṁ |;
SaundĀ, 5: 5;13 1;parāṅmukhas tvanyamanaskam ārād vijñāya nandaḥ hastasthapātro .pi gṛhaṁ yiyāsuḥ sasāra |;
SaundĀ, 5: 5;14 1;bhāryānurāgeṇa yadā gṛhaṁ sa pātraṁ gṛhītvāpi vimohayāmāsa munistatastaṁ rathyāmukhasyāvaraṇena |;
SaundĀ, 5: 5;15 1;nirmokṣabījaṁ hi dadarśa tasya jñānaṁ mṛdu kleśarajaśca kleśānukūlaṁ viṣayātmakaṁ ca nandaṁ yatastaṁ |;
SaundĀ, 5: 5;16 1;saṁkleśapakṣo dvividhaśca dṛṣṭastathā dvikalpo ātmāśrayo hetubalādhikasya bāhyāśrayaḥ |;

SaundĀ, 5: 5;18 1;nandaḥ sa ca pratyayaneyacetā yaṁ śiśriye yasmādimaṁ tatra cakāra yatnaṁ taṁ snehapaṅkān |;
SaundĀ, 5: 5;19 1;nandastu duḥkhena viceṣṭamānaḥ śanairagatyā bhāryāmukhaṁ vīkṣaṇalolanetraṁ |;
SaundĀ, 5: 5;20 1;tato munistaṁ priyamālyahāraṁ vasantamāsena nināya bhagnapramadāvihāraṁ vidyāvihārābhimataṁ |;
SaundĀ, 5: 5;21 1;dīnaṁ mahākāruṇikastatastaṁ dṛṣṭvā muhūrtaṁ kareṇa cakrāṅkatalena mūrdhni pasparśa caivedamuvāca |;
SaundĀ, 5: 5;22 1;yāvanna hiṁsraḥ samupaiti kālaḥ śamāya tāvat kuru sarvāsvavasthāsviha vartamānaṁ sarvābhisāreṇa nihanti |;
SaundĀ, 5: 5;23 1;sādhāraṇāt svapnanibhādasārāllolaṁ manaḥ havyairivāgneḥ pavaneritasya lokasya kāmairna hi |;
SaundĀ, 5: 5;24 1;śraddhādhanaṁ śreṣṭhatamaṁ dhanebhyaḥ pradhānamadhyātmasukhaṁ sukhebhyo |;
SaundĀ, 5: 5;25 1;hitasya vaktā pravaraḥ suhṛdbhyo dharmāya khedo jñānāya kṛtyaṁ paramaṁ kriyābhyaḥ |;
SaundĀ, 5: 5;26 1;tanniścitaṁ bhīklamaśugviyuktaṁ nityaṁ śivaṁ śāntisukhaṁ vṛṇīṣva kim |;
SaundĀ, 5: 5;27 1;jarāsamā nāstyamṛjā prajānāṁ vyādheḥ samo nāsti mṛtyoḥ samaṁ nāsti bhayaṁ pṛthivyāmetattrayaṁ |;
SaundĀ, 5: 5;28 1;snehena kaścinna samo .sti pāśaḥ sroto na tṛṣṇāsamamasti rāgāgninā nāsti samastathāgnistaccet trayaṁ nāsti sukhaṁ |;
SaundĀ, 5: 5;29 1;avaśyabhāvī priyaviprayogastasmācca śoko niyataṁ śokena conmādamupeyivāṁso rājarṣayo .nye .pyavaśā |;
SaundĀ, 5: 5;30 1;prajñāmayaṁ varma badhāna tasmānno kṣāntinighnasya hi mahacca dagdhuṁ bhavakakṣajālaṁ |;
SaundĀ, 5: 5;31 1;yathauṣadhairhastagataiḥ savidyo na daśyate kaścana tathānapekṣo jitalokamoho na daśyate śokabhujaṁgamena |;
SaundĀ, 5: 5;32 1;āsthāya yogaṁ parigamya tattvaṁ na trāsamāgacchati ābaddhavarmā sudhanuḥ kṛtāstro jigīṣayā śūra |;
SaundĀ, 5: 5;33 1;ityevamuktaḥ sa tathāgatena sarveṣu dhṛṣṭaṁ girāntarhṛdayena sīdaṁstatheti nandaḥ sugataṁ |;
SaundĀ, 5: 5;34 1;atha pramādācca tamujjihīrṣan matvāgamasyaiva ca pravrājayānanda śamāya nandamityabravīnmaitramanā |;
SaundĀ, 5: 5;35 1;nandaṁ tato .ntarmanasā rudantamehīti śanaistatastaṁ samupetya nando na |;
SaundĀ, 5: 5;36 1;śrutvātha nandasya manīṣitaṁ tad buddhāya saṁśrutya tasmādapi tasya bhāvaṁ |;
SaundĀ, 5: 5;37 1;mayyagraje pravrajite .jitātman bhrātṛṣvanupravrajiteṣu jñātīṁśca dṛṣṭvā vratino gṛhasthān saṁvinnavitte .sti na |;

SaundĀ, 5: 5;39 1;bhūyaḥ samālokya gṛheṣu doṣān niśāmya tattyāgakṛtaṁ ca naivāsti moktuṁ matirālayaṁ te deśaṁ mumūrṣoriva |;
SaundĀ, 5: 5;40 1;saṁsārakāntāraparāyaṇasya śive kathaṁ te pathi nārurukṣā āropyamāṇasya tameva mārgaṁ bhraṣṭasya sārthādiva |;
SaundĀ, 5: 5;41 1;yaḥ sarvato veśmani dahyamāne śayīta mohānna tato kālāgninā vyādhijarāśikhena loke pradīpte sa bhavet |;
SaundĀ, 5: 5;42 1;praṇīyamānaśca yathā vadhāya matto hasecca pralapecca mṛtyau tathā tiṣṭhati pāśahaste śocyaḥ pramādyan |;
SaundĀ, 5: 5;43 1;yadā narendrāśca kuṭumbinaśca vihāya bandhūṁśca yayuśca yāsyanti ca yānti caiva priyeṣvanityeṣu kuto |;
SaundĀ, 5: 5;44 1;kiṁcinna paśyāmi ratasya yatra tadanyabhāvena bhavenna tasmāt kvacinna kṣamate prasaktiryadi |;
SaundĀ, 5: 5;45 1;tatsaumya lolaṁ parigamya lokaṁ māyopamaṁ priyābhidhānaṁ tyaja mohajālaṁ chettuṁ matiste yadi |;
SaundĀ, 5: 5;46 1;varaṁ hitodarkam aniṣṭamannaṁ na svādu yat yasmādahaṁ tvāṁ viniyojayāmi śive śucau vartmani |;
SaundĀ, 5: 5;47 1;bālasya dhātrī vinigṛhya loṣṭaṁ tathojjihīrṣuḥ khalu rāgaśalyaṁ tattvāmavocaṁ paruṣaṁ |;
SaundĀ, 5: 5;48 1;aniṣṭamapyauṣadhamāturāya dadāti vaidyaśca yathā tadvanmayoktaṁ pratikūlametattubhyaṁ |;
SaundĀ, 5: 5;49 1;tadyāvadeva kṣaṇasaṁnipāto na mṛtyurāgacchati yāvadeva yāvadvayo yogavidhau samarthaṁ buddhiṁ kuru śreyasi |;

SaundĀ, 5: 5;51 1;ādāya vaidehamunistatastaṁ nināya saṁśliṣya vyayojayaccāśrupariplutākṣaṁ keśaśriyaṁ chatranibhasya |;
SaundĀ, 5: 5;52 1;atho nataṁ tasya mukhaṁ sabāṣpaṁ pravāsyamāneṣu vakrāgranālaṁ nalinaṁ taḍāge |;
SaundĀ, 5: 5;53 1;nandastatas tarukaṣāyaviraktavāsāś cintāvaśo navagṛhīta pūrṇaḥ śaśī bahulapakṣagataḥ kṣapānte bālātapena |;
SaundĀ, 6: 6;1 1;tato hṛte bhartari gauraveṇa prītau hṛtāyāmaratau kṛtāyām tatraiva harmyopari vartamānā na sundarī saiva tadā |;
SaundĀ, 6: 6;2 1;sā bharturabhyāgamanapratīkṣā gavākṣamākramya dvāronmukhī harmyatalāllalambe mukhena |;
SaundĀ, 6: 6;3 1;vilambahārā calayoktrakā sā tasmād vimānād vinatā cakāśe tapaḥkṣayādapsarasāṁ vareva cyutaṁ vimānāt |;


SaundĀ, 6: 6;6 1;athātra kācit pramadā sabāṣpāṁ tāṁ duḥkhitāṁ draṣṭum prāsādasopānatalapraṇādaṁ cakāra padbhyāṁ sahasā |;
SaundĀ, 6: 6;7 1;tasyāśca sopānatalapraṇādaṁ śrutvaiva tūrṇaṁ prītyāṁ prasaktaiva ca saṁjaharṣa priyopayānaṁ |;
SaundĀ, 6: 6;8 1;sā trāsayantī valabhīpuṭasthān pārāvatān nūpuranisvanena sopānakukṣiṁ prasasāra harṣād bhraṣṭaṁ dukūlāntam |;
SaundĀ, 6: 6;9 1;tāmaṅganāṁ prekṣya ca vipralabdhā niśvasya bhūyaḥ vivarṇavaktrā na rarāja cāśu vivarṇacandreva himāgame |;
SaundĀ, 6: 6;10 1;sā duḥkhitā bhartturadarśanena kāmena kopena ca kṛtvā kare vaktramupopaviṣṭā cintānadīṁ śokajalāṁ tatāra |;
SaundĀ, 6: 6;11 1;tasyāḥ mukhaṁ padmasapatnabhūtaṁ pāṇau sthitaṁ chāyāmayasyāmbhasi paṅkajasya babhau nataṁ |;
SaundĀ, 6: 6;12 1;sā strīsvabhāvena vicintya tattad dṛṣṭānurāge .bhimukhe .pi dharmāśrite tattvam avindamānā saṁkalpya tattadvilalāpa |;
SaundĀ, 6: 6;13 1;eṣyāmyanāśyānaviśeṣakāyāṁ tvayīti kṛtvā mayi tāṁ kasmānnu hetordayitapratijñaḥ so .dya priyo me |;
SaundĀ, 6: 6;14 1;āryasya sādhoḥ karuṇātmakasya kuto vikāro .yamabhūtapūrvaḥ svenāparāgeṇa |;
SaundĀ, 6: 6;15 1;ratipriyasya priyavartino me priyasya nūnaṁ hṛdayaṁ tathāpi rāgo yadi tasya hi syān maccittarakṣī na sa nāgataḥ |;
SaundĀ, 6: 6;16 1;rūpeṇa bhāvena ca madviśiṣṭā priyeṇa dṛṣṭā niyataṁ tato tathā hi kṛtvā mayi moghasāntvaṁ lagnāṁ satīṁ |;
SaundĀ, 6: 6;17 1;bhaktiṁ sa buddhaṁ prati yām avocattasya prayātuṁ mayi munau prasādo yadi tasya hi syānmṛtyorivogrādanṛtād |;
SaundĀ, 6: 6;18 1;sevārtham ādarśanam anyacitto vibhūṣayantyā mama bibharti so .nyasya janasya taṁ cennamo .stu tasmai |;
SaundĀ, 6: 6;19 1;necchanti yāḥ śokamavāptumevaṁ śraddhātumarhanti na kva cānuvṛttirmayi sāsya pūrvaṁ tyāgaḥ kva cāyaṁ |;
SaundĀ, 6: 6;20 1;ityevamādi priyaviprayuktā priye .nyadāśaṅkya ca sā saṁbhrāntamāruhya ca tadvimānaṁ tāṁ strī sabāṣpā |;
SaundĀ, 6: 6;21 1;yuvāpi tāvat priyadarśano .pi yastvāṁ priyo nābhyacarat kadācittamanyathā |;
SaundĀ, 6: 6;22 1;mā svāminaṁ svāmini doṣato gāḥ priyaṁ priyārhaṁ na sa tvadanyāṁ pramadāmavaiti svacakravākyā iva |;
SaundĀ, 6: 6;23 1;sa tu tvadarthaṁ gṛhavāsamīpsan jijīviṣustvatparitoṣahetoḥ bhrātrā kilāryeṇa tathāgatena pravrājito |;
SaundĀ, 6: 6;24 1;śrutvā tato bhartari tāṁ pravṛttiṁ savepathuḥ sā pragṛhya bāhū virurāva coccairhṛdīva digdhābhihatā |;
SaundĀ, 6: 6;25 1;sā rodanāroṣitaraktadṛṣṭiḥ saṁtāpasaṁkṣobhitagātrayaṣṭiḥ papāta śīrṇākulahārayaṣṭiḥ phalātibhārādiva cūtayaṣṭiḥ ||;
SaundĀ, 6: 6;26 1;sā padmarāgaṁ vasanaṁ vasānā padmānanā padmā vipadmā patiteva lakṣmīḥ śuśoṣa |;
SaundĀ, 6: 6;27 1;saṁcintya saṁcintya guṇāṁśca bharturdīrghaṁ niśaśvāsa vibhūṣaṇaśrīnihite prakoṣṭhe tāmre karāgre ca |;
SaundĀ, 6: 6;28 1;na bhūṣaṇārtho mama saṁpratīti sā dikṣu cikṣepa nirbhūṣaṇā sā patitā cakāśe viśīrṇapuṣpastabakā lateva ||;
SaundĀ, 6: 6;29 1;dhṛtaḥ priyeṇāyamabhūnmameti rukmatsaruṁ yatnācca vinyastatamālapatrau ruṣṭeva dhṛṣṭaṁ |;
SaundĀ, 6: 6;30 1;sā cakravākīva bhṛśaṁ cukūja vispardhamāneva vimānasaṁsthaiḥ pārāvataiḥ |;
SaundĀ, 6: 6;31 1;vicitramṛdvāstaraṇe .pi suptā vaiḍūryavajrapratimaṇḍite rukmāṅgapāde śayane mahārhe na śarma lebhe |;
SaundĀ, 6: 6;32 1;saṁdṛśya bhartuśca vibhūṣaṇāni vāsāṁsi vīṇāprabhṛtīṁśca tamo viveśābhinanāda coccaiḥ paṅkāvatīrṇeva ca |;

SaundĀ, 6: 6;34 1;ruroda mamlau virurāva jaglau babhrāma tasthau vilalāpa cakāra roṣaṁ vicakāra mālyaṁ cakarta vaktraṁ vicakarṣa |;
SaundĀ, 6: 6;35 1;tāṁ cārudantīṁ prasabhaṁ rudantīṁ saṁśrutya nāryaḥ antargṛhādāruruhurvimānaṁ trāsena kinnarya |;
SaundĀ, 6: 6;36 1;bāṣpeṇa tāḥ klinnaviṣaṇṇavaktrā varṣeṇa padminya sthānānurūpeṇa yathābhimānaṁ nililyire |;
SaundĀ, 6: 6;37 1;tābhirvṛtā harmyatale .ṅganābhiścintātanuḥ sā śatahradābhiḥ pariveṣṭiteva śaśāṅkalekhā |;
SaundĀ, 6: 6;38 1;yā tatra tāsāṁ vacasopapannā mānyā ca tasyā vayasādhikā sā pṛṣṭhatastāṁ tu samāliliṅge pramṛjya cāśrūṇi |;
SaundĀ, 6: 6;39 1;rājarṣivadhvāstava nānurūpo dharmāśrite bhartari jātu ikṣvākuvaṁśe hyabhikāṅkṣitāni dāyādyabhūtāni |;
SaundĀ, 6: 6;40 1;prāyeṇa mokṣāya viniḥsṛtānāṁ śākyarṣabhāṇāṁ viditāḥ tapovanānīva gṛhāṇi yāsāṁ sādhvīvrataṁ |;
SaundĀ, 6: 6;41 1;yadyanyayā rūpaguṇādhikatvād bharttā hṛtaste kuru manasvinī rūpavatī guṇāḍhyā hṛdi kṣate kātra hi nāśru |;
SaundĀ, 6: 6;42 1;athāpi kiṁcid vyasanaṁ prapanno mā caiva tad bhūt sadṛśo ato viśiṣṭaṁ na hi duḥkhamasti kulodgatāyāḥ |;
SaundĀ, 6: 6;43 1;atha tvidānīṁ laḍitaḥ sukhena svasthaḥ phalastho vītaspṛho dharmamanuprapannaḥ kiṁ viklavā rodiṣi |;
SaundĀ, 6: 6;44 1;ityevamuktāpi bahuprakāraṁ snehāttayā naiva dhṛtiṁ athāparā tāṁ manaso .nukūlaṁ kālopapannaṁ |;
SaundĀ, 6: 6;45 1;bravīmi satyaṁ suviniścitaṁ me prāptaṁ priyaṁ drakṣyasi tvayā vinā sthāsyati tatra nāsau sattvāśrayaścetanayeva |;
SaundĀ, 6: 6;46 1;aṅke .pi lakṣmyā na sa nirvṛtaḥ syāt tvaṁ tasya pārśve yadi āpatsu kṛcchrāsvapi cāgatāsu tvāṁ paśyatastasya bhavenna |;
SaundĀ, 6: 6;47 1;tvaṁ nirvṛtiṁ gaccha niyaccha bāṣpaṁ taptāśrumokṣāt yastasya bhāvastvayi yaśca rāgo na raṁsyate tvadvirahāt sa |;

SaundĀ, 6: 6;49 1;iti yuvatijanena sāntvyamānā hṛtahṛdayā ramaṇena sundarī dramiḍamabhimukhī pureva rambhā kṣitimagamat |;
SaundĀ, 7: 7;1 1;liṅgaṁ tataḥ śāstṛvidhipradiṣṭaṁ gātreṇa bibhranna tu bhāryāgataireva manovitarkair jehrīyamāṇo na nananda |;
SaundĀ, 7: 7;2 1;sa puṣpamāsasya ca puṣpalakṣmyā sarvābhisāreṇa ca yānīyabhāvena ca yauvanasya vihārasaṁstho na śamaṁ |;
SaundĀ, 7: 7;3 1;sthitaḥ saḥ dīnaḥ sahakāravīthyām bhṛśaṁ jajṛmbhe yugadīrghabāhurdhyātvā priyāṁ |;
SaundĀ, 7: 7;4 1;sa pītakakṣodamiva pratīcchan dīrghaṁ niśaśvāsa vicintya bhāryāṁ navagraho nāga |;
SaundĀ, 7: 7;5 1;śokasya hartā śaraṇāgatānāṁ śokasya kartā aśokamālambya sa jātaśokaḥ priyāṁ priyāśokavanāṁ |;
SaundĀ, 7: 7;6 1;priyāṁ priyāyāḥ pratanuṁ priyaṅguṁ niśāmya bhītāmiva sasmāra tāmaśrumukhīṁ sabāṣpaḥ priyāṁ |;
SaundĀ, 7: 7;7 1;puṣpāvanaddhe tilakadrumasya dṛṣṭvānyapuṣṭāṁ śikhare saṁkalpayāmāsa śikhāṁ priyāyāḥ śuklāṁśuke |;
SaundĀ, 7: 7;8 1;latāṁ praphullāmatimuktakasya cūtasya pārśve parirabhya niśāmya cintāmagamattadaivaṁ śliṣṭā bhavenmāmapi |;
SaundĀ, 7: 7;9 1;puṣpotkarālā api nāgavṛkṣā dāntaiḥ samudgairiva kāntāravṛkṣā iva duḥkhitasya na cakṣurācikṣipurasya tatra |;
SaundĀ, 7: 7;10 1;gandhaṁ vamanto .pi ca gandhaparṇā gandharvaveśyā iva tasyānyacittasya śugātmakasya ghrāṇaṁ na jahurhṛdayaṁ |;
SaundĀ, 7: 7;11 1;saṁraktakaṇṭhaiśca vinīlakaṇṭhaistuṣṭaiḥ prahṛṣṭairapi lelihyamānaiśca madhu dvirephaiḥ svanadvanaṁ tasya |;
SaundĀ, 7: 7;12 1;sa tatra bhāryāraṇisaṁbhavena vitarkadhūmena kāmāgnināntarhṛdi dahyamāno vihāya dhairyaṁ vilalāpa |;
SaundĀ, 7: 7;13 1;adyāvagacchāmi suduṣkaraṁ te cakruḥ kariṣyanti ca tyaktvā priyāmaśrumukhīṁ tapo ye ceruścariṣyanti caranti |;
SaundĀ, 7: 7;14 1;tāvad dṛḍhaṁ bandhanamasti loke na dāravaṁ yāvad dṛḍhaṁ bandhanametadeva mukhaṁ calākṣaṁ |;
SaundĀ, 7: 7;15 1;chittvā ca bhittvā ca hi yānti tāni svapauruṣāccaiva jñānācca raukṣyācca vinā vimoktuṁ na śakyate |;
SaundĀ, 7: 7;16 1;jñānaṁ na me tacca śamāya yat syānna na cāsti raukṣyaṁ kāmātmakaścāsmi guruśca buddhaḥ sthito .ntare |;
SaundĀ, 7: 7;17 1;ahaṁ gṛhītvāpi hi bhikṣuliṅgaṁ bhrātṝṣiṇā dvir sarvāsvavasthāsu labhe na śāntiṁ priyāviyogādiva |;
SaundĀ, 7: 7;18 1;adyāpi tanme hṛdi vartate ca yaddarpaṇe vyākulite mayā sā kṛtānṛtakrodhakam abravīnmāṁ kathaṁ kṛto .sīti śaṭhaṁ |;
SaundĀ, 7: 7;19 1;yathaiṣyanāśyānaviśeṣakāyāṁ mayīti yanmāmavadacca pāriplavākṣeṇa mukhena bālā tanme vaco .dyāpi mano |;
SaundĀ, 7: 7;20 1;buddhvāsanaṁ parvatanirjharasthaḥ svastho yathā saktaḥ kvacinnāhamivaiṣa nūnaṁ śāntastathā tṛpta |;
SaundĀ, 7: 7;21 1;puṁskokilānām avicintya ghoṣaṁ vasantalakṣmyām śāstraṁ yathābhyasyati caiṣa yuktaḥ śaṅke priyākarṣati |;
SaundĀ, 7: 7;22 1;asmai namo .stu sthiraniścayāya śāntātmane .ntargatamānasāya caṅkramyamāṇāya |;
SaundĀ, 7: 7;23 1;nirīkṣamāṇasya jalaṁ sapadmaṁ vanaṁ ca phullaṁ kasyāsti dhairyaṁ navayauvanasya māse madhau |;
SaundĀ, 7: 7;24 1;bhāvena garveṇa gatena lakṣmyā smitena kopena madena jahruḥ striyo devanṛparṣisaṁghān kasmāddhi |;
SaundĀ, 7: 7;25 1;kāmābhibhūto hi hiraṇyaretāḥ svāhāṁ siṣeve sattvena sargeṇa ca tena hīnaḥ strīnirjitaḥ kiṁ bata mānuṣo |;
SaundĀ, 7: 7;26 1;sūryaḥ saraṇyūṁ prati jātarāgastatprītaye taṣṭa iti śrutaṁ yāmaśvabhūto .śvavadhūṁ sametya yato .śvinau tau |;
SaundĀ, 7: 7;27 1;strīkāraṇaṁ vairaviṣaktabuddhyor bahūni varṣāṇi babhūva yuddhaṁ kaḥ strīnimittaṁ na |;
SaundĀ, 7: 7;28 1;bheje śvapākīṁ munirakṣamālāṁ kāmādvasiṣṭhaśca sa yasyāṁ vivasvāniva bhūjalādaḥ sutaḥ prasūto .sya |;
SaundĀ, 7: 7;29 1;parāśaraḥ śāpaśarastatharṣiḥ kālīṁ siṣeve suto .sya yasyāṁ suṣuve mahātmā dvaipāyano |;
SaundĀ, 7: 7;30 1;dvaipāyano dharmaparāyaṇaśca reme samaṁ kāśiṣu yayā hato .bhūccalanūpureṇa pādena vidyullatayeva |;

SaundĀ, 7: 7;32 1;tathā nṛparṣerdilīpasya yajñe svargastriyāṁ kāśyapa srucaṁ gṛhītvā sravadātmatejaścikṣepa vahnāvasito yato |;
SaundĀ, 7: 7;33 1;tathāṅgado .ntaṁ tapaso .pi gatvā kāmābhibhūto dhīmattaraṁ yatra rathītaraṁ sa sāraṅgajuṣṭaṁ |;
SaundĀ, 7: 7;34 1;niśāmya śāntāṁ naradevakanyāṁ vane .pi śānte .pi ca cacāla dhairyānmunir ṛṣyaśṛṅgaḥ śailo mahīkampa |;
SaundĀ, 7: 7;35 1;brahmarṣibhāvārtham apāsya rājyaṁ bheje vanaṁ yo sa gādhijaścāpahṛto ghṛtācyā samā daśaikaṁ divasaṁ |;
SaundĀ, 7: 7;36 1;tathaiva kandarpaśarābhimṛṣṭo rambhāṁ prati sthūlaśirā yaḥ kāmaroṣātmatayānapekṣaḥ śaśāpa tām |;
SaundĀ, 7: 7;37 1;pramadvarāyāṁ ca ruruḥ priyāyāṁ saṁdṛśya saṁdṛśya jaghāna sarpān priyaṁ na roṣeṇa tapo |;
SaundĀ, 7: 7;38 1;naptā śaśāṅkasya yaśoguṇāṅko budhasya tathorvaśīmapsarasaṁ vicintya rājarṣirunmādam agacchad |;
SaundĀ, 7: 7;39 1;rakto girermūrdhani menakāyāṁ kāmātmakatvācca sa pādena viśvāvasunā saroṣaṁ vajreṇa hintāla ivābhijaghne |;
SaundĀ, 7: 7;40 1;nāśaṁ gatāyāṁ paramāṅganāyāṁ gaṁgājale jahnuśca gaṅgāṁ nṛpatirbhujābhyāṁ rurodha maināka |;
SaundĀ, 7: 7;41 1;nṛpaśca gaṅgāvirahājjughūrṇa gaṅgāmbhasā sāla kulapradīpaḥ pratipasya sūnuḥ śrīmattanuḥ |;
SaundĀ, 7: 7;42 1;hṛtāṁ ca saunandakinānuśocan prāptāmivorvīṁ sadvṛttavarmā kila somavarmā babhrāma |;
SaundĀ, 7: 7;43 1;bhāryāṁ mṛtāṁ cānumamāra rājā bhīmaprabhāvo bhuvi balena senāka iti prakāśaḥ senāpatirdeva ivāttasenaḥ ||;
SaundĀ, 7: 7;44 1;svargaṁ gate bhartari śantanau ca kālīṁ jihīrṣan avāpa bhīṣmāt samavetya mṛtyuṁ na tadgataṁ |;
SaundĀ, 7: 7;45 1;śaptaśca pāṇḍurmadanena nūnaṁ strīsaṁgame jagāma mādrīṁ na maharṣiśāpādasevyasevī vimamarśa |;
SaundĀ, 7: 7;46 1;evaṁvidhā devanṛparṣisaṅghāḥ strīṇāṁ vaśaṁ dhiyā ca sāreṇa ca durbalaḥ san priyām apaśyan kimu |;
SaundĀ, 7: 7;47 1;yāsyāmi tasmād gṛhameva bhūyaḥ kāmaṁ kariṣye vidhivat na hyanyacittasya calendriyasya liṅgaṁ kṣamaṁ |;
SaundĀ, 7: 7;48 1;pāṇau kapālamavadhārya vidhāya mauṇḍyaṁ mānaṁ yasyoddhavo na dhṛtirasti na śāntirasti citrapradīpa iva so |;
SaundĀ, 7: 7;49 1;yo niḥsṛtaśca na ca niḥsṛtakāmarāgaḥ kāṣāyamudvahati yo pātraṁ bibharti ca guṇairna ca pātrabhūto liṅgaṁ |;
SaundĀ, 7: 7;50 1;na nyāyyamanvayavataḥ parigṛhya liṅgaṁ bhūyo so .pi praṇaśyati vicintya nṛpapravīrāṁstānye |;
SaundĀ, 7: 7;51 1;śālvādhipo hi sasuto .pi tathāmbarīṣo rāmo .ndha eva sa ca cīrāṇyapāsya dadhire punaraṁśukāni chittvā jaṭāśca kuṭilā |;
SaundĀ, 7: 7;52 1;tasmād bhikṣārthaṁ mama gururito yāvadeva pūjyaṁ liṅgaṁ hi skhalitamanaso bibhrataḥ |;
SaundĀ, 8: 8;1 1;atha nandamadhīralocanaṁ gṛhayānotsukamutsukotsukam abhigamya śivena cakṣuṣā śramaṇaḥ kaściduvāca maitryā |;
SaundĀ, 8: 8;2 1;kimidaṁ mukhamaśrudurdinaṁ hṛdayasthaṁ vivṛṇoti te dhṛtimehi niyaccha vikriyāṁ na hi bāṣpaśca śamaśca |;
SaundĀ, 8: 8;3 1;dvividhā samudeti vedanā niyataṁ cetasi deha eva ca |;
SaundĀ, 8: 8;3 2;śrutavidhyupacārakovidā dvividhā eva tayościkitsakāḥ ||;
SaundĀ, 8: 8;4 1;tadiyaṁ yadi kāyikī rujā bhiṣaje tūrṇamanūnamucyatām |;
SaundĀ, 8: 8;4 2;viniguhya hi rogamāturo nacirāttīvramanarthamṛcchati ||;
SaundĀ, 8: 8;5 1;atha duḥkhamidaṁ manomayaṁ vada vakṣyāmi yadatra manaso hi rajastamasvino bhiṣajo .dhyātmavidaḥ |;
SaundĀ, 8: 8;6 1;nikhilena ca satyamucyatāṁ yadi vācyaṁ mayi saumya gatayo vividhā hi cetasāṁ bahuguhyāni mahākulāni ca ||;

SaundĀ, 8: 8;8 1;atha tatra śucau latāgṛhe kusumodgāriṇi tau niṣedatuḥ |;
SaundĀ, 8: 8;8 2;mṛdubhirmṛdumāruteritairupagūḍhāviva bālapallavaiḥ ||;
SaundĀ, 8: 8;9 1;sa jagāda tataścikīrṣitaṁ ghananiśvāsagṛhītamantarā |;
SaundĀ, 8: 8;9 2;śrutavāgviśadāya bhikṣave viduṣā pravrajitena durvacam ||;
SaundĀ, 8: 8;10 1;sadṛśaṁ yadi dharmacāriṇaḥ satataṁ prāṇiṣu maitracetasaḥ adhṛtau yadi hitaiṣitā mayi te syāt karuṇātmanaḥ sataḥ ||;

SaundĀ, 8: 8;12 1;tadidaṁ śṛṇu me samāsato na rame dharmavidhāvṛte girisānuṣu kāminīmṛte kṛtaretā iva kinnaraścaran ||;
SaundĀ, 8: 8;13 1;vanavāsasukhāt parāṅmukhaḥ prayiyāsā gṛhameva yena na hi śarma labhe tayā vinā nṛpatirhīna ivottamaśriyā ||;
SaundĀ, 8: 8;14 1;atha tasya niśamya tadvacaḥ priyabhāryābhimukhasya śramaṇaḥ sa śiraḥ prakampayannijagādātmagataṁ |;
SaundĀ, 8: 8;15 1;kṛpaṇaṁ bata yūthalālaso mahato vyādhabhayād viniḥsṛtaḥ pravivikṣati vāgurāṁ mṛgaścapalo gītaraveṇa vañcitaḥ ||;

SaundĀ, 8: 8;17 1;kalabhaḥ kariṇā khalūddhṛto bahupaṅkād viṣamānnadītalāt jalatarṣavaśena tāṁ punaḥ saritaṁ grāhavatīṁ titīrṣati ||;
SaundĀ, 8: 8;18 1;śaraṇe sabhujaṅgame svapan pratibuddhena pareṇa taruṇaḥ khalu jātavibhramaḥ svayamugraṁ bhujagaṁ |;
SaundĀ, 8: 8;19 1;mahatā khalu jātavedasā jvalitādutpatito vanadrumāt |;
SaundĀ, 8: 8;19 2;punaricchati nīḍatṛṣṇayā patituṁ tatra gatavyatho dvijaḥ ||;
SaundĀ, 8: 8;20 1;avaśaḥ khalu kāmamūrcchayā priyayā śyenabhayād na dhṛtiṁ samupaiti na hriyaṁ karuṇaṁ jīvati jīvajīvakaḥ |;

SaundĀ, 8: 8;22 1;iti manmathaśokakarṣitaṁ tamanudhyāya muhurnirīkṣya śramaṇaḥ sa hitābhikāṅkṣayā guṇavad vākyamuvāca |;

SaundĀ, 8: 8;24 1;śravaṇe grahaṇe .tha dhāraṇe paramārthāvagame aviṣaktamateś calātmano na hi dharme .bhiratirvidhīyate ||;
SaundĀ, 8: 8;25 1;viṣayeṣu tu doṣadarśinaḥ parituṣṭasya śuceramāninaḥ |;
SaundĀ, 8: 8;25 2;śamakarmasu yuktacetasaḥ kṛtabuddhena ratirna vidyate ||;

SaundĀ, 8: 8;27 1;api ca prathitasya dhīmataḥ kulajasyārcitaliṅgadhāriṇaḥ |;
SaundĀ, 8: 8;27 2;sadṛśī na gṛhāya cetanā praṇatirvāyuvaśād gireriva ||;
SaundĀ, 8: 8;28 1;spṛhayet parasaṁśritāya yaḥ paribhūyātmavaśāṁ upaśāntipathe śive sthitaḥ spṛhayeddoṣavate gṛhāya saḥ ||;
SaundĀ, 8: 8;29 1;vyasanābhihato yathā viśet parimuktaḥ punareva samupetya vanaṁ tathā punargṛhasaṁjñaṁ mṛgayeta |;
SaundĀ, 8: 8;30 1;puruṣaśca vihāya yaḥ kaliṁ punaricchet kalimeva sevitum sa vihāya bhajeta bāliśaḥ kalibhūtāmajitendriyaḥ priyām ||;
SaundĀ, 8: 8;31 1;saviṣā iva saṁśritā latāḥ parimṛṣṭā iva soragā guhāḥ |;
SaundĀ, 8: 8;31 2;vivṛtā iva cāsayo dhṛtā vyasanāntā hi bhavanti yoṣitaḥ ||;
SaundĀ, 8: 8;32 1;pramadāḥ samadā madapradāḥ pramadā vītamadā iti doṣabhayāvahāśca tāḥ kathamarhanti niṣevaṇaṁ nu tāḥ |;
SaundĀ, 8: 8;33 1;svajanaḥ svajanena bhidyate suhṛdaścāpi suhṛjjanena yat |;
SaundĀ, 8: 8;33 2;paradoṣavicakṣaṇāḥ śaṭhāstadanāryāḥ pracaranti yoṣitaḥ ||;
SaundĀ, 8: 8;34 1;kulajāḥ kṛpaṇībhavanti yadyadayuktaṁ pracaranti sāhasam praviśanti ca yaccamūmukhaṁ rabhasāstatra |;


SaundĀ, 8: 8;37 1;na vapurvimṛśanti na śriyaṁ na matiṁ nāpi kulaṁ na praharantyaviśeṣataḥ striyaḥ sarito grāhakulākulā iva ||;
SaundĀ, 8: 8;38 1;na vaco madhuraṁ na lālanaṁ smarati strī na ca sauhṛdaṁ kalitā vanitaiva cañcalā tadihāriṣviva nāvalambyate ||;
SaundĀ, 8: 8;39 1;adadatsu bhavanti narmadāḥ pradadatsu praviśanti praṇateṣu bhavanti garvitāḥ pramadāstṛptatarāśca māniṣu |;
SaundĀ, 8: 8;40 1;guṇavatsu caranti bhartṛvad guṇahīneṣu caranti putravat |;
SaundĀ, 8: 8;40 2;dhanavatsu caranti tṛṣṇayā dhanahīneṣu carantyavajñayā ||;
SaundĀ, 8: 8;41 1;viṣayād viṣayāntaraṁ gatā pracaratyeva yathā hṛtāpi gauḥ |;
SaundĀ, 8: 8;41 2;anavekṣitapūrvasauhṛdā ramate .nyatra gatā tathāṅganā ||;
SaundĀ, 8: 8;42 1;praviśantyapi hi striyaścitāmanubadhnantyapi muktajīvitāḥ api bibhrati caiva yantraṇā na tu bhāvena vahanti sauhṛdam |;
SaundĀ, 8: 8;43 1;ramayanti patīn kathañcana pramadā yāḥ patidevatāḥ calacittatayā sahasraśo ramayante hṛdayaṁ svameva tāḥ ||;
SaundĀ, 8: 8;44 1;śvapacaṁ kila senajitsutā cakame mīnaripuṁ kumudvatī |;
SaundĀ, 8: 8;44 2;mṛgarājamatho bṛhadrathā pramadānāmagatirna vidyate ||;


SaundĀ, 8: 8;47 1;atha sūkṣmamatidvayāśivaṁ laghu tāsāṁ hṛdayaṁ na kimu kāyamasadgṛhaṁ sravad vanitānāmaśuciṁ na |;
SaundĀ, 8: 8;48 1;yadahanyahani pradhāvanairvasanaiścābharaṇaiśca aśubhaṁ tamasāvṛtekṣaṇaḥ śubhato gacchasi nāvagacchasi |;
SaundĀ, 8: 8;49 1;athavā samavaiṣi tattanūmaśubhāṁ tvaṁ na tu saṁvidasti surabhiṁ vidadhāsi hi kriyāmaśucestatprabhavasya |;
SaundĀ, 8: 8;50 1;anulepanamañjanaṁ srajo maṇimuktātapanīyamaṁśukam yadi sādhu kimatra yoṣitāṁ sahajaṁ tāsu vicīyatāṁ śuci ||;
SaundĀ, 8: 8;51 1;malapaṅkadharā digambarā yadi sā tava sundarī bhavenniyataṁ te .dya na sundarī |;
SaundĀ, 8: 8;52 1;sravatīmaśuciṁ spṛśecca kaḥ saghṛṇo jarjarabhāṇḍavat yadi kevalayā tvacāvṛtā na bhavenmakṣikapatramātrayā ||;
SaundĀ, 8: 8;53 1;tvacaveṣṭitamasthipañjaraṁ yadi kāyaṁ samavaiṣi yoṣitām madanena ca kṛṣyase balādaghṛṇaḥ khalvadhṛtiśca |;


SaundĀ, 8: 8;56 1;śrutavān matimān kulodgataḥ paramasya praśamasya upagamya yathā tathā punarna hi bhettuṁ niyamaṁ |;
SaundĀ, 8: 8;57 1;abhijanamahato manasvinaḥ priyayaśaso nidhanamapi varaṁ sthirātmanaścyutavinayasya na caiva |;
SaundĀ, 8: 8;58 1;baddhvā yathā hi kavacaṁ pragṛhītacāpo nindyo bhaikṣākamabhyupagataḥ parigṛhya liṅgaṁ nindyastathā |;
SaundĀ, 8: 8;59 1;hāsyo yathā ca paramābharaṇāmbarasrag bhaikṣaṁ caran vairūpyamabhyupagataḥ parapiṇḍabhojī hāsyastathā |;
SaundĀ, 8: 8;60 1;yathā svannaṁ bhuktvā paramaśayanīye .pi śayito varāho tathā śreyaḥ śṛṇvan praśamasukhamāsvādya guṇavad |;
SaundĀ, 8: 8;61 1;yatholkā hastasthā dahati pavanapreritaśikhā yathā yathā hanti vyāghraḥ śiśurapi gṛhīto gṛhagataḥ tathā |;
SaundĀ, 8: 8;62 1;tadvijñāya manaḥśarīraniyatānnārīṣu doṣānimān matvā dṛṣṭvā durbalamāmapātrasadṛśaṁ mṛtyūpasṛṣṭaṁ |;
SaundĀ, 9: 9;1 1;athaivamukto .pi sa tena bhikṣuṇā jagāma naivopaśamaṁ tathā hi tāmeva tadā sa cintayan na tasya śuśrāva |;
SaundĀ, 9: 9;2 1;yathā hi vaidyasya cikīrṣataḥ śivaṁ vaco na gṛhṇāti tathaiva matto balarūpayauvanairhitaṁ na jagrāha sa tasya |;
SaundĀ, 9: 9;3 1;na cātra citraṁ yadi rāgapāpmanā mano .bhibhūyeta narasya pāpmā hi tadā nivartate yadā bhavatyantagataṁ |;
SaundĀ, 9: 9;4 1;tatastathākṣiptamavekṣya taṁ tadā balena rūpeṇa ca gṛhaprayāṇaṁ prati ca vyavasthitaṁ śaśāsa nandaṁ |;
SaundĀ, 9: 9;5 1;balaṁ ca rūpaṁ ca navaṁ ca yauvanaṁ tathāvagacchāmi ahaṁ tvidaṁ te trayamavyavasthitaṁ yathāvabudhye na |;
SaundĀ, 9: 9;6 1;idaṁ hi rogāyatanaṁ jarāvaśaṁ na vetsi dehaṁ jalaphenadurbalaṁ balasthatāmātmani yena |;
SaundĀ, 9: 9;7 1;yadānnapānāsanayānakarmaṇām asevanād śarīramāsannavipatti dṛśyate bale .bhimānastava kena |;
SaundĀ, 9: 9;8 1;himātapavyādhijarākṣudādibhir yadāpyanarthair jalaṁ śucau māsa ivārkaraśmibhiḥ kṣayaṁ vrajan kiṁ |;
SaundĀ, 9: 9;9 1;tvagasthimāṁsakṣatajātmakaṁ yadā śarīramāhāravaśena ajasramārtaṁ satatapratikriyaṁ balānvito .smīti kathaṁ |;
SaundĀ, 9: 9;10 1;yathā ghaṭaṁ mṛnmayamāmamāśrito narastitīrṣet samucchrayaṁ tadvadasāram udvahan balaṁ vyavasyed |;
SaundĀ, 9: 9;11 1;śarīramāmādapi mṛnmayād ghaṭādidaṁ tu niḥsāratamaṁ ciraṁ hi tiṣṭhed vidhivad dhṛto ghaṭaḥ samucchrayo .yaṁ |;
SaundĀ, 9: 9;12 1;yadāmbubhūvāyvanalāśca dhātavaḥ sadā viruddhā viṣamā bhavantyanarthāya śarīramāśritāḥ kathaṁ balaṁ rogavidho |;
SaundĀ, 9: 9;13 1;prayānti mantraiḥ praśamaṁ bhujaṅgamā na kvacicca kaṁcicca daśanti pannagāḥ sadā ca sarvaṁ ca |;
SaundĀ, 9: 9;14 1;idaṁ hi śayyāsanapānabhojanairguṇaiḥ śarīraṁ na marṣayatyekamapi vyatikramaṁ yato mahāśīviṣavat |;
SaundĀ, 9: 9;15 1;yadā himārto jvalanaṁ niṣevate himaṁ nidāghābhihato kṣudhānvito .nnaṁ salilaṁ tṛṣānvito balaṁ kutaḥ kiṁ ca |;
SaundĀ, 9: 9;16 1;tadevamājñāya śarīramāturaṁ balānvito .smīti na asāram asvantam aniścitaṁ jagajjagatyanitye |;
SaundĀ, 9: 9;17 1;kva kārtavīryasya balābhimāninaḥ sahasrabāhor cakarta bāhūn yudhi yasya bhārgavaḥ mahānti |;
SaundĀ, 9: 9;18 1;kva tad balaṁ kaṁsavikarṣiṇo haresturaṅgarājasya yamekabāṇena nijaghnivān jarāḥ kramāgatā |;
SaundĀ, 9: 9;19 1;diteḥ sutasyāmararoṣakāriṇaścamūrucervā namuceḥ kva yamāhave kruddhamivāntakaṁ sthitaṁ jaghāna |;
SaundĀ, 9: 9;20 1;balaṁ kurūṇāṁ kva ca tattadābhavad yudhi jvalitvā samitsamiddhā jvalanā ivādhvare hatāsavo bhasmani |;
SaundĀ, 9: 9;21 1;ato viditvā balavīryamānināṁ balānvitānāmavamarditaṁ jagajjarāmṛtyuvaśaṁ vicārayan bale .bhimānaṁ na |;
SaundĀ, 9: 9;22 1;balaṁ mahad yadi vā na manyase kuruṣva yuddhaṁ saha jayaśca te .trāsti mahacca te balaṁ parājayaśced vitathaṁ ca |;
SaundĀ, 9: 9;23 1;tathā hi vīrāḥ puruṣā na te matā jayanti ye yathā matā vīratarā manīṣiṇo jayanti lolāni ṣaḍindriyāṇi ye |;
SaundĀ, 9: 9;24 1;ahaṁ vapuṣmāniti yacca manyase vicakṣaṇaṁ naitadidaṁ kva tadvapuḥ sā ca vapuṣmatī tanurgadasya śāmbasya ca |;
SaundĀ, 9: 9;25 1;yathā mayūraścalacitracandrako bibharti rūpaṁ guṇavat śarīrasaṁskāraguṇādṛte tathā bibharti rūpaṁ yadi |;
SaundĀ, 9: 9;26 1;yadi pratīpaṁ vṛṇuyānna vāsasā na śaucakāle yadi mṛjāviśeṣaṁ yadi nādadīta vā vapurvapuṣman vada |;
SaundĀ, 9: 9;27 1;navaṁ vayaścātmagataṁ niśāmya yadgṛhonmukhaṁ te niyaccha tacchailanadīrayopamaṁ drutaṁ hi |;
SaundĀ, 9: 9;28 1;ṛturvyatītaḥ parivartate punaḥ kṣayaṁ prayātaḥ punareti gataṁ gataṁ naiva tu saṁnivartate jalaṁ nadīnāṁ ca |;
SaundĀ, 9: 9;29 1;vivarṇitaśmaśru valīvikuñcitaṁ viśīrṇadantaṁ śithilabhru yadā mukhaṁ drakṣyasi jarjaraṁ tadā jarābhibhūto vimado |;
SaundĀ, 9: 9;30 1;niṣevya pānaṁ madanīyamuttamaṁ niśāvivāseṣu cirād narastu matto balarūpayauvanairna kaścid aprāpya jarāṁ |;
SaundĀ, 9: 9;31 1;yathekṣuratyantarasaprapīḍito bhuvi praviddho dahanāya tathā jarāyantranipīḍitā tanurnipītasārā maraṇāya tiṣṭhati ||;
SaundĀ, 9: 9;32 1;yathā hi nṛbhyāṁ karapatramīritaṁ samucchritaṁ dāru tathocchritāṁ pātayati |;
SaundĀ, 9: 9;33 1;smṛteḥ pramoṣo vapuṣaḥ parābhavo rateḥ kṣayo śramasya yonirbalavīryayorvadho jarāsamo nāsti śarīriṇāṁ |;
SaundĀ, 9: 9;34 1;idaṁ viditvā nidhanasya daiśikaṁ jarābhidhānaṁ jagato ahaṁ vapuṣmān balavān yuveti vā na |;
SaundĀ, 9: 9;35 1;ahaṁ mametyeva ca raktacetasāṁ śarīrasaṁjñā tava yaḥ tamutsṛjaivaṁ yadi śāmyatā bhaved bhayaṁ hyahaṁ ceti |;
SaundĀ, 9: 9;36 1;yadā śarīre na vaśo .sti kasyacinnirasyamāne kathaṁ kṣamaṁ vettumahaṁ mameti vā śarīrasaṁjñaṁ |;
SaundĀ, 9: 9;37 1;sapannage yaḥ kugṛhe sadāśucau rameta nityaṁ sa duṣṭadhātāvaśucau calācale rameta kāye |;
SaundĀ, 9: 9;38 1;yathā prajābhyaḥ kunṛpo balād balīn haratyaśeṣaṁ ca na tathaiva kāyo vasanādisādhanaṁ haratyaśeṣaṁ ca na |;
SaundĀ, 9: 9;39 1;yathā prarohanti tṛṇānyayatnataḥ kṣitau prayatnāt tu tathaiva duḥkhāni bhavantyayatnataḥ sukhāni yatnena |;
SaundĀ, 9: 9;40 1;śarīramārtaṁ parikarṣataścalaṁ na cāsti kiṁcit sukhaṁ hi duḥkhapratikārasevayā sthite ca duḥkhe tanuni |;
SaundĀ, 9: 9;41 1;yathānapekṣyāgryam apīpsitaṁ sukhaṁ prabādhate tathānapekṣyātmani duḥkhamāgataṁ na vidyate kiṁcana |;
SaundĀ, 9: 9;42 1;śarīramīdṛg bahuduḥkhādhruvaṁ phalānurodhādatha dravatphalebhyo dhṛtiraśmibhirmano nigṛhyatāṁ gauriva |;
SaundĀ, 9: 9;43 1;na kāmabhogā hi bhavanti tṛptaye havīṁṣi dīptasya yathā yathā kāmasukheṣu vartate tathā tathecchā viṣayeṣu |;
SaundĀ, 9: 9;44 1;yathā ca kuṣṭhavyasanena duḥkhitaḥ pratāpanānnaiva tathendriyārtheṣvajitendriyaścaranna |;
SaundĀ, 9: 9;45 1;yathā hi bhaiṣajyasukhābhikāṅkṣayā bhajeta rogānna tathā śarīre bahuduḥkhabhājane rameta mohād |;
SaundĀ, 9: 9;46 1;anarthakāmaḥ puruṣasya yo janaḥ sa tasya śatruḥ kila tena anarthamūlā viṣayāśca kevalā nanu praheyā viṣamā |;
SaundĀ, 9: 9;47 1;ihaiva bhūtvā ripavo vadhātmakāḥ prayānti kāle puruṣasya paratra caiveha ca duḥkhahetavo bhavanti kāmā na tu |;
SaundĀ, 9: 9;48 1;yathopayuktaṁ rasavarṇagandhavad vadhāya niṣevyamāṇā viṣayāścalātmano bhavantyanarthāya tathā na |;
SaundĀ, 9: 9;49 1;tadetadājñāya vipāpmanātmanā juṣasva me sajjanasaṁmataṁ mataṁ pracakṣva vā |;
SaundĀ, 9: 9;50 1;iti hitamapi bahvapīdamuktaḥ śrutamahatā śramaṇena tena na dhṛtimupayayau na śarma lebhe dvirada ivātimado |;
SaundĀ, 9: 9;51 1;nandasya bhāvamavagamya tataḥ sa bhikṣuḥ pāriplavaṁ sattvāśayānuśayabhāvaparīkṣakāya buddhāya tattvaviduṣe |;
SaundĀ, 10: 10;1 1;śrutvā tataḥ sadvratamutsisṛkṣuṁ bhāryāṁ didṛkṣuṁ nandaṁ nirānandamapetadhairyam |;
SaundĀ, 10: 10;2 1;taṁ prāptamaprāptavimokṣamārgaṁ papraccha sa hrīmate hrīvinato jagāda svaṁ niścayaṁ |;
SaundĀ, 10: 10;3 1;nandaṁ viditvā sugatastatastaṁ bhāryābhidhāne tamasi pāṇau gṛhītvā viyadutpapāta malaṁ jale sādhurivojjihīrṣuḥ |;
SaundĀ, 10: 10;4 1;kāṣāyavastrau kanakāvadātau virejatustau nabhasi anyonyasaṁśliṣṭavikīrṇapakṣau saraḥprakīrṇāviva |;
SaundĀ, 10: 10;5 1;tau devadārūttamagandhavantaṁ ājagmatuḥ kāñcanadhātumantaṁ devarṣimantaṁ |;
SaundĀ, 10: 10;6 1;tasmin girau cāraṇasiddhajuṣṭe śive havirdhūmakṛtottarīye agamyapārasya nirāśrayasya tau tasthaturdvīpa |;
SaundĀ, 10: 10;7 1;śāntendriye tatra munau sthite tu savismayaṁ dikṣu darīśca kuñjāṁśca vanaukasaśca vibhūṣaṇaṁ rakṣaṇameva |;
SaundĀ, 10: 10;8 1;bahvāyate tatra site hi śṛṅge saṁkṣiptabarhaḥ śayito bhuje balasyāyatapīnabāhorvaiḍūryakeyūra ivābabhāse ||;

SaundĀ, 10: 10;10 1;vyāghraḥ klamavyāyatakhelagāmī lāṅgūlacakreṇa babhau gireḥ prasravaṇaṁ pipāsurditsan pitṛbhyo .mbha |;
SaundĀ, 10: 10;11 1;calatkadambe himavannitambe tarau pralambe camaro chettuṁ vilagnaṁ na śaśāka bālaṁ kulodgatāṁ |;
SaundĀ, 10: 10;12 1;suvarṇagaurāśca kirātasaṁghā śārdūlapātapratimā guhābhyo niṣpeturudgāra ivācalasya ||;


SaundĀ, 10: 10;15 1;tasmāttu yūthādapasāryamāṇāṁ śākhāmṛgīm ekavipannadṛṣṭiṁ dṛṣṭvā munirnandamidaṁ |;
SaundĀ, 10: 10;16 1;kā nanda rūpeṇa ca ceṣṭayā ca saṁpaśyataścārutarā matā te eṣā mṛgī vaikavipannadṛṣṭiḥ sa vā jano yatra gatā taveṣṭiḥ ||;
SaundĀ, 10: 10;17 1;ityevamuktaḥ sugatena nandaḥ kṛtvā smitaṁ kiṁcididaṁ kva cottamastrī bhagavan vadhūste mṛgī nagakleśakarī kva |;
SaundĀ, 10: 10;18 1;tato munistasya niśamya vākyaṁ hetvantaraṁ ālambya nandaṁ prayayau tathaiva krīḍāvanaṁ |;

SaundĀ, 10: 10;20 1;puṣyanti kecit surabhīrudārā mālāḥ srajaśca granthitā karṇānukūlānavataṁsakāṁśca pratyarthibhūtāniva |;
SaundĀ, 10: 10;21 1;raktāni phullāḥ kamalāni yatra pradīpavṛkṣā iva bhānti praphullanīlotpalarohiṇo .nye sonmīlitākṣā eva bhānti |;

SaundĀ, 10: 10;23 1;hārān maṇīn uttamakuṇḍalāni keyūravaryāṇyatha evaṁvidhānyābharaṇāni yatra svargānurūpāṇi phalanti |;

SaundĀ, 10: 10;25 1;yatrāyatāṁścaiva tatāṁśca tāṁstān vādyasya hetūn suṣirān phalanti vṛkṣā maṇihemacitrāḥ krīḍāsahāyās |;
SaundĀ, 10: 10;26 1;mandāravṛkṣāṁśca kuśeśayāṁśca puṣpānatān ākramya māhātmyaguṇairvirājan rājāyate yatra sa pārijātaḥ |;
SaundĀ, 10: 10;27 1;kṛṣṭe tapaḥśīlahalair akhinnais triviṣṭapakṣetratale prasūtāḥ evaṁvidhā yatra sadānuvṛttā divaukasāṁ |;
SaundĀ, 10: 10;28 1;manaḥśilābhairvadanairvihaṁgā yatrākṣibhiḥ śāvaiśca pakṣair abhilohitāntair māñjiṣṭhakairardhasitaiśca |;
SaundĀ, 10: 10;29 1;citraiḥ suvarṇacchadanaistathānye vaiḍūryanīlair nayanaiḥ vihaṁgamāḥ śiñjirikābhidhānā |;
SaundĀ, 10: 10;30 1;raktābhiragreṣu ca vallarībhirmadhyeṣu vaiḍūryavarṇābhirupāntamadhyeṣvalaṁkṛtā yatra |;
SaundĀ, 10: 10;31 1;rociṣṇavo nāma patatriṇo .nye dīptāgnivarṇā bhramanti dṛṣṭīrvapuṣākṣipantaḥ svanaiḥ śubhairapsaraso |;

SaundĀ, 10: 10;33 1;pūrvaṁ tapomūlyaparigraheṇa svargakrayārthaṁ manāṁsi khinnāni tapodhanānāṁ haranti yatrāpsaraso |;
SaundĀ, 10: 10;34 1;nityotsavaṁ taṁ ca niśāmya lokaṁ nando jarāmṛtyuvaśaṁ sadārtaṁ mene śmaśānapratimaṁ |;
SaundĀ, 10: 10;35 1;aindraṁ vanaṁ tacca dadarśa nandaḥ samantato harṣānvitāścāpsarasaḥ parīyuḥ |;
SaundĀ, 10: 10;36 1;sadā yuvatyo madanaikakāryāḥ sādhāraṇāḥ puṇyakṛtāṁ divyāśca nirdoṣaparigrahāśca tapaḥphalasyāśrayaṇaṁ |;
SaundĀ, 10: 10;37 1;tāsāṁ jagurdhīramudāttamanyāḥ padmāni kāścillalitaṁ anyonyaharṣān nanṛtustathānyāś citrāṅgahārāḥ |;
SaundĀ, 10: 10;38 1;kāsāṁcidāsāṁ vadanāni rejurvanāntarebhyaścalakuṇḍalāni vyāviddhaparṇebhya ivākarebhyaḥ padmāni |;
SaundĀ, 10: 10;39 1;tāḥ niḥsṛtāḥ prekṣya vanāntarebhyastaḍitpatākā iva nandasya rāgeṇa tanur vivepe jale cale candramasaḥ |;
SaundĀ, 10: 10;40 1;vapuśca divyaṁ lalitāśca ceṣṭāstataḥ sa tāsāṁ manasā kautūhalāvarjitayā ca dṛṣṭyā saṁśleṣatarṣādiva jātarāgaḥ ||;
SaundĀ, 10: 10;41 1;sa jātatarṣo .psarasaḥ pipāsustatprāptaye lolendriyāśvena manorathena jehrīyamāṇo na dhṛtiṁ |;
SaundĀ, 10: 10;42 1;yathā manuṣyo malinaṁ hi vāsaḥ kṣāreṇa bhūyo malakṣayārthaṁ na malodbhavārthaṁ rajastathāsmai |;
SaundĀ, 10: 10;43 1;doṣāṁśca kāyād bhiṣagujjihīrṣurbhūyo yathā kleśayituṁ rāgaṁ tathā tasya munirjighāṁsurbhūyastaraṁ |;
SaundĀ, 10: 10;44 1;dīpaprabhāṁ hanti yathāndhakāre sahasraraśmeruditasya manuṣyaloke dyutimaṅganānām antardadhātyapsarasāṁ |;
SaundĀ, 10: 10;45 1;mahacca rūpaṁ svaṇu hanti rūpaṁ śabdo mahān hanti ca gurvī rujā hanti rujāṁ ca mṛdvīṁ sarvo mahān |;
SaundĀ, 10: 10;46 1;muneḥ prabhāvācca śaśāka nandastaddarśanaṁ avītarāgasya hi durbalasya mano dahedapsarasāṁ |;
SaundĀ, 10: 10;47 1;matvā tato nandamudīrṇarāgaṁ bhāryānurodhād rāgeṇa rāgaṁ pratihantukāmo munirvirāgo giramityuvāca |;
SaundĀ, 10: 10;48 1;etāḥ striyaḥ paśya divaukasastvaṁ nirīkṣya ca brūhi etāḥ kathaṁ rūpaguṇairmatāste sa vā jano yatra gataṁ |;
SaundĀ, 10: 10;49 1;athāpsaraḥsveva niviṣṭadṛṣṭī rāgāgnināntarhṛdaye sagadgadaṁ kāmaviṣaktacetāḥ kṛtāñjalirvākyamuvāca |;
SaundĀ, 10: 10;50 1;haryaṅganāsau muṣitaikadṛṣṭiryadantare syāttava nātha tadantare .sau kṛpaṇā vadhūste vapuṣmatīrapsarasaḥ |;
SaundĀ, 10: 10;51 1;āsthā yathā pūrvamabhūnna kācidanyāsu me strīṣu tasyāṁ tataḥsamprati kācidāsthā na me niśāmyaiva hi |;
SaundĀ, 10: 10;52 1;yathā pratapto mṛdunātapena dahyeta kaścin mahatānalena rāgeṇa pūrvaṁ mṛdunābhitapto rāgāgninānena |;
SaundĀ, 10: 10;53 1;vāgvāriṇāṁ māṁ pariṣiñca tasmādyāvanna dahye sa rāgāgniradyaiva hi māṁ didhakṣuḥ kakṣaṁ |;
SaundĀ, 10: 10;54 1;prasīda sīdāmi vimuñca mā mune vasundharādhairya na asūn vimokṣyāmi vimuktamānasa prayaccha vā vāgamṛtaṁ |;
SaundĀ, 10: 10;55 1;anarthabhogena vighātadṛṣṭinā pramādadaṁṣṭreṇa ahaṁ hi daṣṭo hṛdi manmathāhinā vidhatsva |;
SaundĀ, 10: 10;56 1;anena daṣṭo madanāhinā hi nā na mumoha bodhyorhyacalātmano mano babhūva dhīmāṁśca |;
SaundĀ, 10: 10;57 1;sthite viśiṣṭe tvayi saṁśraye śraye yathā na yāmīha vasan yathā ca labdhvā vyasanakṣayaṁ kṣayaṁ vrajāmi tanme |;
SaundĀ, 10: 10;58 1;tato jighāṁsurhṛdi tasya tattamastamonudo maharṣicandro jagatastamonudastamaḥprahīṇo nijagāda |;
SaundĀ, 10: 10;59 1;dhṛtiṁ pariṣvajya vidhūya vikriyāṁ nigṛhya imā yadi prārthayase tvamaṅganā vidhatsva |;
SaundĀ, 10: 10;60 1;imā hi śakyā na balānna sevayā na saṁpradānena na imā hriyante khalu dharmacaryayā sacet praharṣaścara |;
SaundĀ, 10: 10;61 1;ihādhivāso divi daivataiḥ samaṁ vanāni ramyāṇyajarāśca idaṁ phalaṁ svasya śubhasya karmaṇo na dattamanyena |;
SaundĀ, 10: 10;62 1;kṣitau manuṣyo dhanurādibhiḥ śramaiḥ striyaḥ kadāciddhi asaṁśayaṁ yattviha dharmacaryayā bhaveyuretā divi |;
SaundĀ, 10: 10;63 1;tadapramatto niyame samudyato ramasva yadyapsaraso ahaṁ ca te .tra pratibhūḥ sthire vrate yathā |;
SaundĀ, 10: 10;64 1;ataḥparaṁ paramamiti vyavasthitaḥ parāṁ dhṛtiṁ tato muniḥ pavana ivāmbarāt patan pragṛhya taṁ |;
SaundĀ, 11: 11;1 1;tatastā yoṣito dṛṣṭvā nando nandanacāriṇīḥ |;
SaundĀ, 11: 11;1 2;babandha niyamastambhe durdamaṁ capalaṁ manaḥ ||;
SaundĀ, 11: 11;2 1;so .niṣṭanaiṣkramyaraso mlānatāmarasopamaḥ |;
SaundĀ, 11: 11;2 2;cacāra viraso dharmaṁ niveśyāpsaraso hṛdi ||;
SaundĀ, 11: 11;3 1;tathā lolendriyo bhūtvā dayitendriyagocaraḥ |;
SaundĀ, 11: 11;3 2;indriyārthavaśādeva babhūva niyatendriyaḥ ||;
SaundĀ, 11: 11;4 1;kāmacaryāsu kuśalo bhikṣucaryāsu viklavaḥ |;
SaundĀ, 11: 11;4 2;paramācāryaviṣṭabdho brahmacaryaṁ cacāra saḥ ||;
SaundĀ, 11: 11;5 1;saṁvṛtena ca śāntena tīvreṇa madanena ca |;
SaundĀ, 11: 11;5 2;jalāgneriva saṁsargācchaśāma ca śuśoṣa ca ||;
SaundĀ, 11: 11;6 1;svabhāvadarśanīyo .pi vairūpyamagamat param |;
SaundĀ, 11: 11;6 2;cintayāpsarasāṁ caiva niyamenāyatena ca ||;
SaundĀ, 11: 11;7 1;prastāveṣvapi bhāryāyāṁ priyabhāryastathāpi saḥ |;
SaundĀ, 11: 11;7 2;vītarāga ivātasthau na jaharṣa na cukṣubhe ||;
SaundĀ, 11: 11;8 1;taṁ vyavasthitamājñāya bhāryārāgāt parāṅmukham |;
SaundĀ, 11: 11;8 2;abhigamyābravīnnandamānandaḥ praṇayādidam ||;
SaundĀ, 11: 11;9 1;aho sadṛśamārabdhaṁ śrutamasyābhijanasya ca |;
SaundĀ, 11: 11;9 2;nigṛhītendriyaḥ svastho niyame yadi saṁsthitaḥ ||;
SaundĀ, 11: 11;10 1;abhiṣvaktasya kāmeṣu rāgiṇo viṣayātmanaḥ |;
SaundĀ, 11: 11;10 2;yadiyaṁ saṁvidutpannā neyamalpena hetunā ||;
SaundĀ, 11: 11;11 1;vyādhiralpena yatnena mṛduḥ pratinivāryate |;
SaundĀ, 11: 11;11 2;prabalaḥ prabalaireva yatnairnaśyati vā na vā ||;
SaundĀ, 11: 11;12 1;durharo mānaso vyādhirbalavāṁśca tavābhavat |;
SaundĀ, 11: 11;12 2;vinivṛtto yadi ca te sarvathā dhṛtimānasi ||;
SaundĀ, 11: 11;13 1;duṣkaraṁ sādhvanāryeṇa māninā caiva mārdavam |;
SaundĀ, 11: 11;13 2;atisargaśca lubdhena brahmacaryaṁ ca rāgiṇā ||;
SaundĀ, 11: 11;14 1;ekastu mama saṁdehastavāsyāṁ niyame dhṛtau |;
SaundĀ, 11: 11;14 2;atrānunayamicchāmi vaktavyaṁ yadi manyase ||;
SaundĀ, 11: 11;15 1;ārjavābhihitaṁ vākyaṁ na ca mantavyamanyathā |;
SaundĀ, 11: 11;15 2;rūkṣamapyāśaye śuddhe rūkṣato naiti sajjanaḥ ||;
SaundĀ, 11: 11;16 1;apriyaṁ hi hitaṁ snigdhamasnigdhamahitaṁ priyam |;
SaundĀ, 11: 11;16 2;durlabhaṁ tu priyahitaṁ svādu pathyamivauṣadham ||;
SaundĀ, 11: 11;17 1;viśvāsaścārthacaryā ca sāmānyaṁ sukhaduḥkhayoḥ |;
SaundĀ, 11: 11;17 2;marṣaṇaṁ praṇayaścaiva mitravṛttiriyaṁ satām ||;
SaundĀ, 11: 11;18 1;tadidaṁ tvāṁ vivakṣāmi praṇayānna jighāṁsayā |;
SaundĀ, 11: 11;18 2;tvacchreyo hi vivakṣā me yato nārhāmyupekṣitum ||;
SaundĀ, 11: 11;19 1;apsarobhṛtako dharmaṁ carasītyabhidhīyase |;
SaundĀ, 11: 11;19 2;kimidaṁ bhūtamāhosvit parihāso .yamīdṛśaḥ ||;
SaundĀ, 11: 11;20 1;yadi tāvadidaṁ satyaṁ vakṣyāmyatra yadauṣadham |;
SaundĀ, 11: 11;20 2;auddhatyamatha vaktṝṇāmabhidhāsyāmi tadrajaḥ ||;
SaundĀ, 11: 11;21 1;ślakṣṇapūrvamatho tena hṛdi so .bhihatastadā |;
SaundĀ, 11: 11;21 2;dhyātvā dīrghaṁ niśaśvāsa kiṁciccāvāṅmukho .bhavat ||;
SaundĀ, 11: 11;22 1;tatastasyeṅgitaṁ jñātvā manaḥsaṁkalpasūcakam |;
SaundĀ, 11: 11;22 2;babhāṣe vākyamānando madhurodarkamapriyam ||;
SaundĀ, 11: 11;23 1;ākāreṇāvagacchāmi tava dharmaprayojanam |;
SaundĀ, 11: 11;23 2;yajjñātvā tvayi jātaṁ me hāsyaṁ kāruṇyameva ca ||;
SaundĀ, 11: 11;24 1;yathāsanārthaṁ skandhena kaścid gurvīṁ śilāṁ vahet |;
SaundĀ, 11: 11;24 2;tadvattvamapi kāmārthaṁ niyamaṁ voḍhumudyataḥ ||;
SaundĀ, 11: 11;25 1;titāḍayiṣayāsṛpto yathā meṣo .pasarpati |;
SaundĀ, 11: 11;25 2;tadvad abrahmacaryāya brahmacaryamidaṁ tava ||;
SaundĀ, 11: 11;26 1;cikrīṣanti yathā paṇyaṁ vaṇijo lābhalipsayā |;
SaundĀ, 11: 11;26 2;dharmacaryā tava tathā paṇyabhūtā na śāntaye ||;
SaundĀ, 11: 11;27 1;yathā phalaviśeṣārthaṁ bījaṁ vapati kārṣakaḥ |;
SaundĀ, 11: 11;27 2;tadvad viṣayakārpaṇyād viṣayāṁstyaktavānasi ||;
SaundĀ, 11: 11;28 1;ākāṅkṣecca yathā rogaṁ pratīkārasukhepsayā |;
SaundĀ, 11: 11;28 2;duḥkhamanvicchati bhavāṁstathā viṣayatṛṣṇayā ||;
SaundĀ, 11: 11;29 1;yathā paśyati madhveva na prapātamavekṣate |;
SaundĀ, 11: 11;29 2;paśyasyapsarasastadvad bhraṁśamante na paśyasi ||;
SaundĀ, 11: 11;30 1;hṛdi kāmāgninā dīpte kāyena vahato vratam |;
SaundĀ, 11: 11;30 2;kimidaṁ brahmacaryaṁ te manasābrahmacāriṇaḥ ||;
SaundĀ, 11: 11;31 1;saṁsāre vartamānena yadā cāpsarasastvayā |;
SaundĀ, 11: 11;31 2;prāptāstyaktāśca śataśastābhyaḥ kimiti te spṛhā ||;
SaundĀ, 11: 11;32 1;tṛptirnāstīndhanairagnernāmbhasā lavaṇāmbhasaḥ |;
SaundĀ, 11: 11;32 2;nāpi kāmaiḥ satṛṣṇasya tasmāt kāmā na tṛptaye ||;
SaundĀ, 11: 11;33 1;atṛptau sa kutaḥ śāntiraśāntau ca kutaḥ sukham |;
SaundĀ, 11: 11;33 2;asukhe ca kutaḥ prītiraprītau ca kuto ratiḥ ||;
SaundĀ, 11: 11;34 1;riraṁsā yadi te tasmādadhyātme dhīyatāṁ manaḥ |;
SaundĀ, 11: 11;34 2;praśāntā cānavadyā ca nāstyadhyātmasamā ratiḥ ||;
SaundĀ, 11: 11;35 1;na tatra kāryaṁ tūryaiste na strībhirna vibhūṣaṇaiḥ |;
SaundĀ, 11: 11;35 2;ekastvaṁ yatra tatrasthastayā ratyābhiraṁsyase ||;
SaundĀ, 11: 11;36 1;mānasaṁ balavad duḥkhaṁ tarṣe tiṣṭhati tiṣṭhati |;
SaundĀ, 11: 11;36 2;taṁ tarṣaṁ chinddhi duḥkhaṁ hi tṛṣṇā cāsti ca nāsti ca ||;
SaundĀ, 11: 11;37 1;saṁpattau vā vipattau vā divā vā naktameva vā |;
SaundĀ, 11: 11;37 2;kāmeṣu hi satṛṣṇasya na śāntirupapadyate ||;
SaundĀ, 11: 11;38 1;kāmānāṁ prārthanā duḥkhā prāptau tṛptirna vidyate |;
SaundĀ, 11: 11;38 2;viyogānniyataḥ śoko viyogaśca dhruvo divi ||;
SaundĀ, 11: 11;39 1;kṛtvāpi duṣkaraṁ karma svargaṁ labdhvāpi durlabham |;
SaundĀ, 11: 11;39 2;nṛlokaṁ punarevaiti pravāsāt svagṛhaṁ yathā ||;
SaundĀ, 11: 11;40 1;yadā bhraṣṭasya kuśalaṁ śiṣṭaṁ kiṁcinna vidyate |;
SaundĀ, 11: 11;40 2;tiryakṣu pitṛloke vā narake copapadyate ||;
SaundĀ, 11: 11;41 1;tasya bhuktavataḥ svarge viṣayānuttamānapi |;
SaundĀ, 11: 11;41 2;bhraṣṭasyārtasya duḥkhena kimāsvādaḥ karoti saḥ ||;
SaundĀ, 11: 11;42 1;śyenāya prāṇivātsalyāt svamāṁsānyapi dattavān |;
SaundĀ, 11: 11;42 2;śibiḥ svargāt paribhraṣṭastādṛk kṛtvāpi duṣkaram ||;
SaundĀ, 11: 11;43 1;śakrasyārdhāsanaṁ gatvā pūrvapārthiva eva yaḥ |;
SaundĀ, 11: 11;43 2;sa devatvaṁ gataḥ kāle māndhātādhaḥ punaryayau ||;
SaundĀ, 11: 11;44 1;rājyaṁ kṛtvāpi devānāṁ papāta nahuṣo bhuvi |;
SaundĀ, 11: 11;44 2;prāptaḥ kila bhujaṁgatvaṁ nādyāpi parimucyate ||;
SaundĀ, 11: 11;45 1;tathaivelivilo rājā rājavṛttena saṁskṛtaḥ |;
SaundĀ, 11: 11;45 2;svargaṁ gatvā punarbhraṣṭaḥ kūrmībhūtaḥ kilārṇave ||;
SaundĀ, 11: 11;46 1;bhūridyumno yayātiśca te cānye ca nṛparṣabhāḥ |;
SaundĀ, 11: 11;46 2;karmabhirdyām abhikrīya tatkṣayāt punaratyajan ||;
SaundĀ, 11: 11;47 1;asurāḥ pūrvadevāstu surairapahṛtaśriyaḥ |;
SaundĀ, 11: 11;47 2;śriyaṁ samanuśocantaḥ pātālaṁ śaraṇaṁ yayuḥ ||;
SaundĀ, 11: 11;48 1;kiṁca rājarṣibhistāvadasurairvā surādibhiḥ |;
SaundĀ, 11: 11;48 2;mahendrāḥ śataśaḥ peturmāhātmyamapi na sthiram ||;
SaundĀ, 11: 11;49 1;saṁsadaṁ śobhayitvaindrīm upendraścendravikramaḥ |;
SaundĀ, 11: 11;49 2;kṣīṇakarmā papātorvīṁ madhyādapsarasāṁ rasan ||;
SaundĀ, 11: 11;50 1;hā caitraratha hā vāpi hā mandākini hā priye |;
SaundĀ, 11: 11;50 2;ityārtā vilapanto .pi gāṁ patanti divaukasaḥ ||;
SaundĀ, 11: 11;51 1;tīvraṁ hyutpadyate duḥkhamiha tāvanmumūrṣatām |;
SaundĀ, 11: 11;51 2;kiṁ punaḥ patatāṁ svargādevānte sukhasevinām ||;
SaundĀ, 11: 11;52 1;rajo gṛhṇanti vāsāṁsi mlāyanti paramāḥ srajaḥ |;
SaundĀ, 11: 11;52 2;gātrebhyo jāyate svedo ratirbhavati nāsane ||;
SaundĀ, 11: 11;53 1;etānyādau nimittāni cyutau svargād divaukasām |;
SaundĀ, 11: 11;53 2;aniṣṭānīva martyānāmariṣṭāni mumūrṣatām ||;
SaundĀ, 11: 11;54 1;sukhamutpadyate yacca divi kāmānupāśnatām |;
SaundĀ, 11: 11;54 2;yacca duḥkhaṁ nipatatāṁ duḥkhameva viśiṣyate ||;
SaundĀ, 11: 11;55 1;tasmād asvantam atrāṇam aviśvāsyam atarpakam |;
SaundĀ, 11: 11;55 2;vijñāya kṣayiṇaṁ svargamapavarge matiṁ kuru ||;
SaundĀ, 11: 11;56 1;aśarīraṁ bhavāgraṁ hi gatvāpi munirudrakaḥ |;
SaundĀ, 11: 11;56 2;karmaṇo .nte cyutastasmāt tiryagyoniṁ prapatsyate ||;
SaundĀ, 11: 11;57 1;maitryā saptavārṣikyā brahmalokamito gataḥ |;
SaundĀ, 11: 11;57 2;sunetraḥ punarāvṛtto garbhavāsamupeyivān ||;
SaundĀ, 11: 11;58 1;yadā caiśvaryavanto .pi kṣayiṇaḥ svargavāsinaḥ |;
SaundĀ, 11: 11;58 2;ko nāma svargavāsāya kṣeṣṇave spṛhayed budhaḥ ||;
SaundĀ, 11: 11;59 1;sūtreṇa baddho hi yathā vihaṁgo vyāvartate dūragato .pi ajñānasūtreṇa tathāvabaddho gato .pi dūraṁ punareti lokaḥ |;
SaundĀ, 11: 11;60 1;kṛtvā kālavilakṣaṇaṁ pratibhuvā mukto yathā bandhanād tadvad dyāṁ pratibhūvadātmaniyamairdhyānādibhiḥ |;
SaundĀ, 11: 11;61 1;antarjālagatāḥ pramattamanaso mīnāstaḍāge yathā jānanti antarlokagatāḥ kṛtārthamatayastadvaddivi dhyāyino |;
SaundĀ, 11: 11;62 1;tajjanmavyādhimṛtyuvyasanaparigataṁ matvā jagadidaṁ yattrāṇaṁ nirbhayaṁ yacchivamamarajaraṁ |;
SaundĀ, 12: 12;1 1;apsarobhṛtako dharmaṁ carasītyatha coditaḥ |;
SaundĀ, 12: 12;1 2;ānandena tadā nandaḥ paraṁ vrīḍamupāgamat ||;
SaundĀ, 12: 12;2 1;tasya vrīḍena mahatā pramodo hṛdi nābhavat |;
SaundĀ, 12: 12;2 2;aprāmodyena vimukhaṁ nāvatasthe vrate manaḥ ||;
SaundĀ, 12: 12;3 1;kāmarāgapradhāno .pi parihāsasamo .pi san |;
SaundĀ, 12: 12;3 2;paripākagate hetau na sa tanmamṛṣe vacaḥ ||;
SaundĀ, 12: 12;4 1;aparīkṣakabhāvācca pūrvaṁ matvā divaṁ dhruvam |;
SaundĀ, 12: 12;4 2;tasmāt kṣeṣṇuṁ pariśrutya bhṛśaṁ saṁvegameyivān ||;
SaundĀ, 12: 12;5 1;tasya svargānnivavṛte saṁkalpāśvo manorathaḥ |;
SaundĀ, 12: 12;5 2;mahāratha ivonmārgādapramattasya sāratheḥ ||;
SaundĀ, 12: 12;6 1;svargatarṣānnivṛttaśca sadyaḥ svastha ivābhavat |;
SaundĀ, 12: 12;6 2;mṛṣṭādapathyād virato jijīviṣurivāturaḥ ||;
SaundĀ, 12: 12;7 1;visasmāra priyāṁ bhāryāmapsarodarśanād yathā |;
SaundĀ, 12: 12;7 2;tathānityatayodvignastatyājāpsaraso .pi saḥ ||;
SaundĀ, 12: 12;8 1;mahatāmapi bhūtānāmāvṛttiriti cintayan |;
SaundĀ, 12: 12;8 2;saṁvegācca sarāgo .pi vītarāga ivābhavat ||;
SaundĀ, 12: 12;9 1;babhūva sa hi saṁvegaḥ śreyasastasya vṛddhaye |;
SaundĀ, 12: 12;9 2;dhātur edhir ivākhyāte paṭhito .kṣaracintakaiḥ ||;
SaundĀ, 12: 12;10 1;na tu kāmānmanastasya kenacijjagṛhe dhṛtiḥ |;
SaundĀ, 12: 12;10 2;triṣu kāleṣu sarveṣu nipāto .stiriva smṛtaḥ ||;
SaundĀ, 12: 12;11 1;khelagāmī mahābāhur gajendra iva nirmadaḥ |;
SaundĀ, 12: 12;11 2;so .bhyagacchad guruṁ kāle vivakṣurbhāvamātmanaḥ ||;
SaundĀ, 12: 12;12 1;praṇamya ca gurau mūrdhnā bāṣpavyākulalocanaḥ |;
SaundĀ, 12: 12;12 2;kṛtvāñjalimuvācedaṁ hriyā kiṁcidavāṅmukhaḥ ||;
SaundĀ, 12: 12;13 1;apsaraḥprāptaye yanme bhagavan pratibhūrasi |;
SaundĀ, 12: 12;13 2;nāpsarobhirmamārtho .sti pratibhūtvaṁ tyajāmyaham ||;
SaundĀ, 12: 12;14 1;śrutvā hyāvartakaṁ svargaṁ saṁsārasya ca citratām |;
SaundĀ, 12: 12;14 2;na martyeṣu na deveṣu pravṛttirmama rocate ||;
SaundĀ, 12: 12;15 1;yadi prāpya divaṁ yatnānniyamena damena ca |;
SaundĀ, 12: 12;15 2;avitṛptāḥ patantyante svargāya tyāgine namaḥ ||;
SaundĀ, 12: 12;16 1;ataśca nikhilaṁ lokaṁ viditvā sacarācaram |;
SaundĀ, 12: 12;16 2;sarvaduḥkhakṣayakare tvaddharme parame rame ||;

SaundĀ, 12: 12;18 1;tatastasyāśayaṁ jñātvā vipakṣāṇīndriyāṇi ca |;
SaundĀ, 12: 12;18 2;śreyaścaivāmukhībhūtaṁ nijagāda tathāgataḥ ||;
SaundĀ, 12: 12;19 1;aho pratyavamarśo .yaṁ śreyasaste purojavaḥ |;
SaundĀ, 12: 12;19 2;araṇyāṁ mathyamānāyāmagnerdhūma ivotthitaḥ ||;
SaundĀ, 12: 12;20 1;ciramunmārgavihṛto lolairindriyavājibhiḥ |;
SaundĀ, 12: 12;20 2;avatīrṇo .si panthānaṁ diṣṭyā dṛṣṭyāvimūḍhayā ||;
SaundĀ, 12: 12;21 1;adya te saphalaṁ janma lābho .dya sumahāṁstava |;
SaundĀ, 12: 12;21 2;yasya kāmarasajñasya naiṣkramyāyotsukaṁ manaḥ ||;
SaundĀ, 12: 12;22 1;loke .sminnālayārāme nivṛttau durlabhā ratiḥ |;
SaundĀ, 12: 12;22 2;vyathante hyapunarbhāvāt prapātādiva bāliśāḥ ||;
SaundĀ, 12: 12;23 1;duḥkhaṁ na syāt sukhaṁ me syāditi prayatate janaḥ |;
SaundĀ, 12: 12;23 2;atyantaduḥkhoparamaṁ sukhaṁ tacca na budhyate ||;
SaundĀ, 12: 12;24 1;aribhūteṣvanityeṣu satataṁ duḥkhahetuṣu |;
SaundĀ, 12: 12;24 2;kāmādiṣu jagat saktaṁ na vetti sukhamavyayam ||;
SaundĀ, 12: 12;25 1;sarvaduḥkhāpahaṁ tattu hastasthamamṛtaṁ tava |;
SaundĀ, 12: 12;25 2;viṣaṁ pītvā yadagadaṁ samaye pātumicchasi ||;
SaundĀ, 12: 12;26 1;anarhasaṁsārabhayaṁ mānārhaṁ te cikīrṣitam |;
SaundĀ, 12: 12;26 2;rāgāgnistādṛśo yasya dharmonmukha parāṅmukhaḥ ||;
SaundĀ, 12: 12;27 1;rāgoddāmena manasā sarvathā duṣkarā dhṛtiḥ |;
SaundĀ, 12: 12;27 2;sadoṣaṁ salilaṁ dṛṣṭvā pathineva pipāsunā ||;
SaundĀ, 12: 12;28 1;īdṛśī nāma buddhiste viruddhā rajasābhavat |;
SaundĀ, 12: 12;28 2;rajasā caṇḍavātena vivasvata iva prabhā ||;
SaundĀ, 12: 12;29 1;sā jighāṁsustamo hārdaṁ yā saṁprati vijṛmbhate |;
SaundĀ, 12: 12;29 2;tamo naiśaṁ prabhā saurī vinirgīrṇeva meruṇā ||;
SaundĀ, 12: 12;30 1;yuktarūpamidaṁ caiva śuddhasattvasya cetasaḥ |;
SaundĀ, 12: 12;30 2;yatte syānnaiṣṭhike sūkṣme śreyasi śraddadhānatā ||;
SaundĀ, 12: 12;31 1;dharmacchandamimaṁ tasmādvivardhayitumarhasi |;
SaundĀ, 12: 12;31 2;sarvadharmā hi dharmajña niyamācchandahetavaḥ ||;
SaundĀ, 12: 12;32 1;satyāṁ gamanabuddhau hi gamanāya pravartate |;
SaundĀ, 12: 12;32 2;śayyābuddhau ca śayanaṁ sthānabuddhau tathā sthitiḥ ||;
SaundĀ, 12: 12;33 1;antarbhūmigataṁ hyambhaḥ śraddadhāti naro yadā |;
SaundĀ, 12: 12;33 2;arthitve sati yatnena tadā khanati gāmimām ||;
SaundĀ, 12: 12;34 1;nārthī yadyagninā vā syācchraddadhyāttaṁ na vāraṇau |;
SaundĀ, 12: 12;34 2;mathnīyānnāraṇiṁ kaścit tadbhāve sati mathyate ||;
SaundĀ, 12: 12;35 1;sasyotpattiṁ yadi na vā śraddadhyāt kārṣakaḥ kṣitau |;
SaundĀ, 12: 12;35 2;arthī sasyena vā na syād bījāni na vaped bhuvi ||;
SaundĀ, 12: 12;36 1;ataśca hasta ityuktā mayā śraddhā viśeṣataḥ |;
SaundĀ, 12: 12;36 2;yasmād gṛhṇāti saddharmaṁ dāyaṁ hasta ivākṣataḥ ||;
SaundĀ, 12: 12;37 1;prādhānyādindriyamiti sthiratvād balamityataḥ |;
SaundĀ, 12: 12;37 2;guṇadāridryaśamanād dhanamityabhivarṇitā ||;
SaundĀ, 12: 12;38 1;rakṣaṇārthena dharmasya tatheṣīketyudāhṛtā |;
SaundĀ, 12: 12;38 2;loke .smin durlabhatvācca ratnamityabhibhāṣitā ||;
SaundĀ, 12: 12;39 1;punaśca bījamityuktā nimittaṁ śreyaso yadā |;
SaundĀ, 12: 12;39 2;pāvanārthena pāpasya nadītyabhihitā punaḥ ||;
SaundĀ, 12: 12;40 1;yasmāddharmasya cotpattau śraddhā kāraṇamuttamam |;
SaundĀ, 12: 12;40 2;mayoktā kāryatastasmāttatra tatra tathā tathā ||;

SaundĀ, 12: 12;42 1;vyākulaṁ darśanaṁ yasya durbalo yasya niścayaḥ |;
SaundĀ, 12: 12;42 2;tasya pāriplavā śraddhā na hi kṛtyāya vartate ||;
SaundĀ, 12: 12;43 1;yāvattattvaṁ na bhavati hi dṛṣṭaṁ śrutaṁ vā tāvacchraddhā dṛṣṭe tattve niyamaparibhūtendriyasya śraddhāvṛkṣo |;
SaundĀ, 13: 13;1 1;atha saṁrādhito nandaḥ śraddhāṁ prati maharṣiṇā |;
SaundĀ, 13: 13;1 2;pariṣikto .mṛteneva yuyuje parayā mudā ||;
SaundĀ, 13: 13;2 1;kṛtārthamiva taṁ mene saṁbuddhaḥ śraddhayā tayā |;
SaundĀ, 13: 13;2 2;mene prāptamiva śreyaḥ sa ca buddhena saṁskṛtaḥ ||;
SaundĀ, 13: 13;3 1;ślakṣṇena vacasā kāṁścit kāṁścit paruṣayā girā |;
SaundĀ, 13: 13;3 2;kāṁścidābhyāmupāyābhyāṁ sa vininye vināyakaḥ ||;
SaundĀ, 13: 13;4 1;pāṁsubhyaḥ kāñcanaṁ jātaṁ viśuddhaṁ nirmalaṁ śuci |;
SaundĀ, 13: 13;4 2;sthitaṁ pāṁsuṣvapi yathā pāṁsudoṣairna lipyate ||;
SaundĀ, 13: 13;5 1;padmaparṇaṁ yathā caiva jale jātaṁ jale sthitam |;
SaundĀ, 13: 13;5 2;upariṣṭādadhastādvā na jalenopalipyate ||;
SaundĀ, 13: 13;6 1;tadvalloke munirjāto lokasyānugrahaṁ caran |;
SaundĀ, 13: 13;6 2;kṛtitvānnirmalatvācca lokadharmairna lipyate ||;
SaundĀ, 13: 13;7 1;śleṣaṁ tyāgaṁ priyaṁ rūkṣaṁ kathāṁ ca dhyānameva ca |;
SaundĀ, 13: 13;7 2;mantukāle cikitsārthaṁ cakre nātmānuvṛttaye ||;
SaundĀ, 13: 13;8 1;ataśca saṁdadhe kāyaṁ mahākaruṇayā tayā |;
SaundĀ, 13: 13;8 2;mocayeyaṁ kathaṁ duḥkhāt sattvānītyanukampakaḥ ||;
SaundĀ, 13: 13;9 1;atha saṁharṣaṇānnandaṁ viditvā bhājanīkṛtam |;
SaundĀ, 13: 13;9 2;abravīd bruvatāṁ śreṣṭhaḥ kramajñaḥ śreyasāṁ kramam ||;
SaundĀ, 13: 13;10 1;ataḥ prabhṛti bhūyastvaṁ śraddhendriyapuraḥsaraḥ |;
SaundĀ, 13: 13;10 2;amṛtasyāptaye saumya vṛttaṁ rakṣitumarhasi ||;
SaundĀ, 13: 13;11 1;prayogaḥ kāyavacasoḥ śuddho bhavati te yathā |;
SaundĀ, 13: 13;11 2;uttāno vivṛto gupto .navacchidrastathā kuru ||;
SaundĀ, 13: 13;12 1;uttāno bhāvakaraṇād vivṛtaścāpy agūhanāt |;
SaundĀ, 13: 13;12 2;gupto rakṣaṇatātparyādacchidraścānavadyataḥ ||;
SaundĀ, 13: 13;13 1;śarīravacasoḥ śuddhau saptāṅge cāpi karmaṇi |;
SaundĀ, 13: 13;13 2;ājīvasamudācāraṁ śaucāt saṁskartumarhasi ||;
SaundĀ, 13: 13;14 1;doṣāṇāṁ kuhanādīnāṁ pañcānām aniṣevaṇāt |;
SaundĀ, 13: 13;14 2;tyāgācca jyotiṣādīnāṁ caturṇāṁ vṛttighātinām ||;
SaundĀ, 13: 13;15 1;prāṇidhānyadhanādīnāṁ varjyānām apratigrahāt |;
SaundĀ, 13: 13;15 2;bhaikṣāṅgānāṁ nisṛṣṭānāṁ niyatānāṁ pratigrahāt ||;
SaundĀ, 13: 13;16 1;parituṣṭaḥ śucirmañjuścaukṣayā jīvasaṁpadā |;
SaundĀ, 13: 13;16 2;kuryā duḥkhapratīkāraṁ yāvadeva vimuktaye ||;
SaundĀ, 13: 13;17 1;karmaṇo hi yathādṛṣṭāt kāyavākprabhavādapi |;
SaundĀ, 13: 13;17 2;ājīvaḥ pṛthagevokto duḥśodhatvādayaṁ mayā ||;
SaundĀ, 13: 13;18 1;gṛhasthena hi duḥśodhā dṛṣṭirvividhadṛṣṭinā |;
SaundĀ, 13: 13;18 2;ājīvo bhikṣuṇā caiva pareṣvāyattavṛttinā ||;
SaundĀ, 13: 13;19 1;etāvacchīlamityuktamācāro .yaṁ samāsataḥ |;
SaundĀ, 13: 13;19 2;asya nāśena naiva syāt pravrajyā na gṛhasthatā ||;
SaundĀ, 13: 13;20 1;tasmāccāritrasampanno brahmacaryamidaṁ cara |;
SaundĀ, 13: 13;20 2;aṇumātreṣvavadyeṣu bhayadarśī dṛḍhavrataḥ ||;
SaundĀ, 13: 13;21 1;śīlamāsthāya vartante sarvā hi śreyasi kriyāḥ |;
SaundĀ, 13: 13;21 2;sthānādyānīva kāryāṇi pratiṣṭhāya vasundharām ||;
SaundĀ, 13: 13;22 1;mokṣasyopaniṣat saumya vairāgyamiti gṛhyatām |;
SaundĀ, 13: 13;22 2;vairāgyasyāpi saṁvedaḥ saṁvido jñānadarśanam ||;
SaundĀ, 13: 13;23 1;jñānasyopaniṣaccaiva samādhirupadhāryatām |;
SaundĀ, 13: 13;23 2;samādherapyupaniṣat sukhaṁ śārīramānasam ||;
SaundĀ, 13: 13;24 1;praśrabdhiḥ kāyamanasaḥ sukhasyopaniṣat parā |;
SaundĀ, 13: 13;24 2;praśrabdherapyupaniṣat prītirapyavagamyatām ||;
SaundĀ, 13: 13;25 1;tathā prīterupaniṣat prāmodyaṁ paramaṁ matam |;
SaundĀ, 13: 13;25 2;prāmodyasyāpyahṛllekhaḥ kukṛteṣvakṛteṣu vā ||;
SaundĀ, 13: 13;26 1;ahṛllekhasya manasaḥ śīlaṁ tūpaniṣacchuci |;
SaundĀ, 13: 13;26 2;ataḥ śīlaṁ nayatyagryamiti śīlaṁ viśodhaya ||;
SaundĀ, 13: 13;27 1;śīlanācchīlamityuktaṁ śīlanaṁ sevanādapi |;
SaundĀ, 13: 13;27 2;sevanaṁ tannideśācca nideśaśca tadāśrayāt ||;
SaundĀ, 13: 13;28 1;śīlaṁ hi śaraṇaṁ saumya kāntāra iva daiśikaḥ |;
SaundĀ, 13: 13;28 2;mitraṁ bandhuśca rakṣā ca dhanaṁ ca balameva ca ||;
SaundĀ, 13: 13;29 1;yataḥ śīlamataḥ saumya śīlaṁ saṁskartumarhasi |;
SaundĀ, 13: 13;29 2;etatsthānamathānye ca mokṣārambheṣu yoginām ||;
SaundĀ, 13: 13;30 1;tataḥ smṛtimadhiṣṭhāya capalāni svabhāvataḥ |;
SaundĀ, 13: 13;30 2;indriyāṇīndriyārthebhyo nivārayitumarhasi ||;
SaundĀ, 13: 13;31 1;bhetavyaṁ na tathā śatrornāgnernāherna cāśaneḥ |;
SaundĀ, 13: 13;31 2;indriyebhyo yathā svebhyastairajasraṁ hi hanyate ||;
SaundĀ, 13: 13;32 1;dviṣadbhiḥ śatrubhiḥ kaścit kadācit pīḍyate na vā |;
SaundĀ, 13: 13;32 2;indriyairbādhyate sarvaḥ sarvatra ca sadaiva ca ||;
SaundĀ, 13: 13;33 1;na ca prayāti narakaṁ śatruprabhṛtibhirhataḥ |;
SaundĀ, 13: 13;33 2;kṛṣyate tatra nighnastu capalairindriyairhataḥ ||;
SaundĀ, 13: 13;34 1;hanyamānasya tairduḥkhaṁ hārdaṁ bhavati vā na vā |;
SaundĀ, 13: 13;34 2;indriyairbādhyamānasya hārdaṁ śārīrameva ca ||;
SaundĀ, 13: 13;35 1;saṁkalpaviṣadigdhā hi pañcendriyamayāḥ śarāḥ |;
SaundĀ, 13: 13;35 2;cintāpuṅkhā ratiphalā viṣayākāśagocarāḥ ||;
SaundĀ, 13: 13;36 1;manuṣyahariṇān ghnanti kāmavyādheritā hṛdi |;
SaundĀ, 13: 13;36 2;vihanyante yadi na te tataḥ patanti taiḥ kṣatāḥ ||;
SaundĀ, 13: 13;37 1;niyamājirasaṁsthena dhairyakārmukadhāriṇā |;
SaundĀ, 13: 13;37 2;nipatanto nivāryāste mahatā smṛtivarmaṇā ||;
SaundĀ, 13: 13;38 1;indriyāṇāmupaśamādarīṇāṁ nigrahādiva |;
SaundĀ, 13: 13;38 2;sukhaṁ svapiti vāste vā yatra tatra gatoddhavaḥ ||;
SaundĀ, 13: 13;39 1;teṣāṁ hi satataṁ loke viṣayānabhikāṅkṣatām |;
SaundĀ, 13: 13;39 2;saṁvinnaivāsti kārpaṇyācchunāmāśāvatāmiva ||;
SaundĀ, 13: 13;40 1;viṣayairindriyagrāmo na tṛptimadhigacchati |;
SaundĀ, 13: 13;40 2;ajasraṁ pūryamāṇo .pi samudraḥ salilairiva ||;
SaundĀ, 13: 13;41 1;avaśyaṁ gocare sve sve vartitavyamihendriyaiḥ |;
SaundĀ, 13: 13;41 2;nimittaṁ tatra na grāhyamanuvyañjanameva ca ||;
SaundĀ, 13: 13;42 1;ālokya cakṣuṣā rūpaṁ dhātumātre vyavasthitaḥ |;
SaundĀ, 13: 13;42 2;strī veti puruṣo veti na kalpayitumarhasi ||;
SaundĀ, 13: 13;43 1;sacet strīpuruṣagrāhaḥ kvacid vidyeta kaścana |;
SaundĀ, 13: 13;43 2;śubhataḥ keśadantādīn nānuprasthātumarhasi ||;
SaundĀ, 13: 13;44 1;nāpaneyaṁ tataḥ kiṁcit prakṣepyaṁ nāpi kiṁcana |;
SaundĀ, 13: 13;44 2;draṣṭavyaṁ bhūtato bhūtaṁ yādṛśaṁ ca yathā ca yat ||;
SaundĀ, 13: 13;45 1;evaṁ te paśyatastattvaṁ śaśvadindriyagocaram |;
SaundĀ, 13: 13;45 2;bhaviṣyati padasthānaṁ nābhidhyādaurmanasyayoḥ ||;
SaundĀ, 13: 13;46 1;abhidhyā priyarūpeṇa hanti kāmātmakaṁ jagat |;
SaundĀ, 13: 13;46 2;arirmitramukheneva priyavākkaluṣāśayaḥ ||;
SaundĀ, 13: 13;47 1;daurmanasyābhidhānastu pratigho viṣayāśritaḥ |;
SaundĀ, 13: 13;47 2;mohādyenānuvṛttena paratreha ca hanyate ||;
SaundĀ, 13: 13;48 1;anurodhavirodhābhyāṁ śītoṣṇābhyām ivārditaḥ |;
SaundĀ, 13: 13;48 2;śarma nāpnoti na śreyaścalendriyamato jagat ||;
SaundĀ, 13: 13;49 1;nendriyaṁ viṣaye tāvat pravṛttamapi sajjate |;
SaundĀ, 13: 13;49 2;yāvanna manasastatra parikalpaḥ pravartate ||;
SaundĀ, 13: 13;50 1;indhane sati vāyau ca yathā jvalati pāvakaḥ |;
SaundĀ, 13: 13;50 2;viṣayāt parikalpācca kleśāgnirjāyate tathā ||;
SaundĀ, 13: 13;51 1;abhūtaparikalpena viṣayasya hi vadhyate |;
SaundĀ, 13: 13;51 2;tameva viṣayaṁ paśyan bhūtataḥ parimucyate ||;
SaundĀ, 13: 13;52 1;dṛṣṭvaikaṁ rūpamanyo hi rajyate .nyaḥ praduṣyati |;
SaundĀ, 13: 13;52 2;kaścid bhavati madhyasthastatraivānyo ghṛṇāyate ||;
SaundĀ, 13: 13;53 1;ato na viṣayo heturbandhāya na vimuktaye |;
SaundĀ, 13: 13;53 2;parikalpaviśeṣeṇa saṁgo bhavati vā na vā ||;
SaundĀ, 13: 13;54 1;kāryaḥ paramayatnena tasmādindriyasaṁvaraḥ |;
SaundĀ, 13: 13;54 2;indriyāṇi hyaguptāni duḥkhāya ca bhavāya ca ||;
SaundĀ, 13: 13;55 1;kāmabhogabhogavadbhirātmadṛṣṭidṛṣṭibhiḥ indriyoragair manobilāśrayaiḥ spṛhāviṣaiḥ śamāgadādṛte na |;
SaundĀ, 13: 13;56 1;tasmādeṣāmakuśalakarāṇāmarīṇāṁ sarvāvasthaṁ bhava viniyamādapramatto māsminnarthe |;
SaundĀ, 14: 14;1 1;atha smṛtikavāṭena pidhāyendriyasaṁvaram |;
SaundĀ, 14: 14;1 2;bhojane bhava mātrājño dhyānāyānāmayāya ca ||;
SaundĀ, 14: 14;2 1;prāṇāpānau nigṛhṇāti glāninidre prayacchati |;
SaundĀ, 14: 14;2 2;kṛto hyatyarthamāhāro vihanti ca parākramam ||;
SaundĀ, 14: 14;3 1;yathā cātyarthamāhāraḥ kṛto .narthāya kalpate |;
SaundĀ, 14: 14;3 2;upayuktastathātyalpo na sāmarthyāya kalpate ||;
SaundĀ, 14: 14;4 1;ācayaṁ dyutimutsāhaṁ prayogaṁ balameva ca |;
SaundĀ, 14: 14;4 2;bhojanaṁ kṛtamatyalpaṁ śarīrasyāpakarṣati ||;
SaundĀ, 14: 14;5 1;yathā bhāreṇa namate laghunonnamate tulā |;
SaundĀ, 14: 14;5 2;samā tiṣṭhati yuktena bhojyeneyaṁ tathā tanuḥ ||;
SaundĀ, 14: 14;6 1;tasmād abhyavahartavyaṁ svaśaktimanupaśyatā |;
SaundĀ, 14: 14;6 2;nātimātraṁ na cātyalpaṁ meyaṁ mānavaśādapi ||;
SaundĀ, 14: 14;7 1;atyākrānto hi kāyāgnirguruṇānnena śāmyati |;
SaundĀ, 14: 14;7 2;avacchanna ivālpo .gniḥ sahasā mahatendhasā ||;
SaundĀ, 14: 14;8 1;atyantamapi saṁhāro nāhārasya praśasyate |;
SaundĀ, 14: 14;8 2;anāhāro hi nirvāti nirindhana ivānalaḥ ||;
SaundĀ, 14: 14;9 1;yasmānnāsti vināhārāt sarvaprāṇabhṛtāṁ sthitiḥ |;
SaundĀ, 14: 14;9 2;tasmād duṣyati nāhāro vikalpo .tra tu vāryate ||;
SaundĀ, 14: 14;10 1;na hyekaviṣaye .nyatra sajyante prāṇinastathā |;
SaundĀ, 14: 14;10 2;avijñāte yathāhāre boddhavyaṁ tatra kāraṇam ||;
SaundĀ, 14: 14;11 1;cikitsārthaṁ yathā dhatte vraṇasyālepanaṁ vraṇī |;
SaundĀ, 14: 14;11 2;kṣudvighātārthamāhārastadvat sevyo mumukṣuṇā ||;
SaundĀ, 14: 14;12 1;bhārasyodvahanārthaṁ ca rathākṣo .bhyajyate yathā |;
SaundĀ, 14: 14;12 2;bhojanaṁ prāṇayātrārthaṁ tadvad vidvānniṣevate ||;
SaundĀ, 14: 14;13 1;samatikramaṇārthaṁ ca kāntārasya yathādhvagau |;
SaundĀ, 14: 14;13 2;putramāṁsāni khādetāṁ dampatī bhṛśaduḥkhitau ||;
SaundĀ, 14: 14;14 1;evamabhyavahartavyaṁ bhojanaṁ pratisaṁkhyayā |;
SaundĀ, 14: 14;14 2;na bhūṣārthaṁ na vapuṣe na madāya na dṛptaye ||;
SaundĀ, 14: 14;15 1;dhāraṇārthaṁ śarīrasya bhojanaṁ hi vidhīyate |;
SaundĀ, 14: 14;15 2;upastambhaḥ pipatiṣor durbalasyeva veśmanaḥ ||;
SaundĀ, 14: 14;16 1;plavaṁ yatnād yathā kaścid badhnīyād dhārayedapi |;
SaundĀ, 14: 14;16 2;na tatsnehena yāvattu mahaughasyottitīrṣayā ||;
SaundĀ, 14: 14;17 1;tathopakaraṇaiḥ kāyaṁ dhārayanti parīkṣakāḥ |;
SaundĀ, 14: 14;17 2;na tatsnehena yāvattu duḥkhaughasya titīrṣayā ||;
SaundĀ, 14: 14;18 1;śocatā pīḍyamānena dīyate śatrave yathā |;
SaundĀ, 14: 14;18 2;na bhaktyā nāpi tarṣeṇa kevalaṁ prāṇaguptaye ||;
SaundĀ, 14: 14;19 1;yogācārastathāhāraṁ śarīrāya prayacchati |;
SaundĀ, 14: 14;19 2;kevalaṁ kṣudvighātārthaṁ na rāgeṇa na bhaktaye ||;
SaundĀ, 14: 14;20 1;manodhāraṇayā caiva pariṇāmyātmavānahaḥ |;
SaundĀ, 14: 14;20 2;vidhūya nidrāṁ yogena niśāmapyatināmayet ||;
SaundĀ, 14: 14;21 1;hṛdi yatsaṁjñinaścaiva nidrā prādurbhavettava |;
SaundĀ, 14: 14;21 2;guṇavatsaṁjñitāṁ saṁjñāṁ tadā manasi mā kṛthāḥ ||;
SaundĀ, 14: 14;22 1;dhāturārambhadhṛtyośca sthāmavikramayorapi |;
SaundĀ, 14: 14;22 2;nityaṁ manasi kāryaste bādhyamānena nidrayā ||;
SaundĀ, 14: 14;23 1;āmnātavyāśca viśadaṁ te dharmā ye pariśrutāḥ |;
SaundĀ, 14: 14;23 2;parebhyaścopadeṣṭavyāḥ saṁcintyāḥ svayameva ca ||;
SaundĀ, 14: 14;24 1;prakledyam adbhirvadanaṁ vilokyāḥ sarvato diśaḥ |;
SaundĀ, 14: 14;24 2;cāryā dṛṣṭiśca tārāsu jijāgariṣuṇā sadā ||;
SaundĀ, 14: 14;25 1;antargatairacapalairvaśasthāyibhirindriyaiḥ |;
SaundĀ, 14: 14;25 2;avikṣiptena manasā caṅkramyasvāsva vā niśi ||;
SaundĀ, 14: 14;26 1;bhaye prītau ca śoke ca nidrayā nābhibhūyate |;
SaundĀ, 14: 14;26 2;tasmānnidrābhiyogeṣu sevitavyamidaṁ trayam ||;
SaundĀ, 14: 14;27 1;bhayamāgamanānmṛtyoḥ prītiṁ dharmaparigrahāt |;
SaundĀ, 14: 14;27 2;janmaduḥkhādaparyantācchokamāgantumarhasi ||;
SaundĀ, 14: 14;28 1;evamādiḥ kramaḥ saumya kāryo jāgaraṇaṁ prati |;
SaundĀ, 14: 14;28 2;vandhyaṁ hi śayanādāyuḥ kaḥ prājñaḥ kartumarhasi ||;
SaundĀ, 14: 14;29 1;doṣavyālānatikramya vyālān gṛhagatāniva |;
SaundĀ, 14: 14;29 2;kṣamaṁ prājñasya na svaptuṁ nistitīrṣormahad bhayam ||;
SaundĀ, 14: 14;30 1;pradīpte jīvaloke hi mṛtyuvyādhijarāgnibhiḥ |;
SaundĀ, 14: 14;30 2;kaḥ śayīta nirudvegaḥ pradīpta iva veśmani ||;
SaundĀ, 14: 14;31 1;tasmāttama iti jñātvā nidrāṁ nāveṣṭumarhasi |;
SaundĀ, 14: 14;31 2;apraśānteṣu doṣeṣu saśastreṣviva śatruṣu ||;
SaundĀ, 14: 14;32 1;pūrvaṁ yāmaṁ triyāmāyāḥ prayogeṇātināmya tu |;
SaundĀ, 14: 14;32 2;sevyā śayyā śarīrasya viśrāmārthaṁ svatantriṇā ||;
SaundĀ, 14: 14;33 1;dakṣiṇena tu pārśvena sthitayālokasaṁjñayā |;
SaundĀ, 14: 14;33 2;prabodhaṁ hṛdaye kṛtvā śayīthāḥ śāntamānasaḥ ||;
SaundĀ, 14: 14;34 1;yāme tṛtīye cotthāya carannāsīna eva vā |;
SaundĀ, 14: 14;34 2;bhūyo yogaṁ manaḥśuddhau kurvīthā niyatendriyaḥ ||;
SaundĀ, 14: 14;35 1;athāsanagatasthānaprekṣitavyāhṛtādiṣu |;
SaundĀ, 14: 14;35 2;samprajānan kriyāḥ sarvāḥ smṛtimādhātumarhasi ||;
SaundĀ, 14: 14;36 1;dvārādhyakṣa iva dvāri yasya praṇihitā smṛtiḥ |;
SaundĀ, 14: 14;36 2;dharṣayanti na taṁ doṣāḥ puraṁ guptamivārayaḥ ||;
SaundĀ, 14: 14;37 1;na tasyotpadyate kleśo yasya kāyagatā smṛtiḥ |;
SaundĀ, 14: 14;37 2;cittaṁ sarvāsvavasthāsu bālaṁ dhātrīva rakṣati ||;
SaundĀ, 14: 14;38 1;śaravyaḥ sa tu doṣāṇāṁ yo hīnaḥ smṛtivarmaṇā |;
SaundĀ, 14: 14;38 2;raṇasthaḥ pratiśatrūṇāṁ vihīna iva varmaṇā ||;
SaundĀ, 14: 14;39 1;anāthaṁ tanmano jñeyaṁ yatsmṛtirnābhirakṣati |;
SaundĀ, 14: 14;39 2;nirṇetā dṛṣṭirahito viṣameṣu caranniva ||;
SaundĀ, 14: 14;40 1;anartheṣu prasaktāśca svārthebhyaśca parāṅmukhāḥ |;
SaundĀ, 14: 14;40 2;yadbhaye sati nodvignāḥ smṛtināśo .tra kāraṇam ||;
SaundĀ, 14: 14;41 1;svabhūmiṣu guṇāḥ sarve ye ca śīlādayaḥ sthitāḥ |;
SaundĀ, 14: 14;41 2;vikīrṇā iva gā gopaḥ smṛtistānanugacchati ||;
SaundĀ, 14: 14;42 1;pranaṣṭamamṛtaṁ tasya yasya viprasṛtā smṛtiḥ |;
SaundĀ, 14: 14;42 2;hastasthamamṛtaṁ tasya yasya kāyagatā smṛtiḥ ||;
SaundĀ, 14: 14;43 1;āryo nyāyaḥ kutastasya smṛtiryasya na vidyate |;
SaundĀ, 14: 14;43 2;yasyāryo nāsti ca nyāyaḥ pranaṣṭastasya satpathaḥ ||;
SaundĀ, 14: 14;44 1;pranaṣṭo yasya sanmārgo naṣṭaṁ tasyāmṛtaṁ padam |;
SaundĀ, 14: 14;44 2;pranaṣṭamamṛtaṁ yasya sa duḥkhānna vimucyate ||;
SaundĀ, 14: 14;45 1;tasmāccaran caro .smīti sthito .smīti cādhiṣṭhitaḥ |;
SaundĀ, 14: 14;45 2;evamādiṣu kāryeṣu smṛtimādhātumarhasi ||;
SaundĀ, 14: 14;46 1;yogānulomaṁ vijanaṁ viśabdaṁ śayyāsanaṁ saumya kāyasya kṛtvā hi vivekamādau sukho .dhigantuṁ manaso |;
SaundĀ, 14: 14;47 1;alabdhacetaḥpraśamaḥ sarāgo yo na pracāraṁ bhajate sa kṣaṇyate hy apratilabdhamārgaś carannivorvyāṁ |;

SaundĀ, 14: 14;49 1;anīryamāṇastu yathānilena praśāntimāgacchati citrabhānuḥ alpena yatnena tathā vivikteṣv aghaṭṭitaṁ śāntimupaiti |;
SaundĀ, 14: 14;50 1;kvacidbhuktvā yattad vasanamapi yattatparihito kṛtārthaḥ sa jñeyaḥ śamasukharasajñaḥ kṛtamatiḥ pareṣāṁ |;
SaundĀ, 14: 14;51 1;yadi dvandvārāme jagati viṣayavyagrahṛdaye vivikte tataḥ pītvā prajñārasamamṛtavattṛptahṛdayo viviktaḥ |;
SaundĀ, 14: 14;52 1;vasañśūnyāgāre yadi satatameko .bhiramate yadi carannātmārāmo yadi ca pibati prītisalilaṁ tato bhuṅkte |;
SaundĀ, 15: 15;1 1;yatra tatra vivikte tu baddhvā paryaṅkamuttamam |;
SaundĀ, 15: 15;1 2;ṛjuṁ kāyaṁ samādhāya smṛtyābhimukhayānvitaḥ ||;
SaundĀ, 15: 15;2 1;nāsāgre vā lalāṭe vā bhruvorantara eva vā |;
SaundĀ, 15: 15;2 2;kurvīthāścapalaṁ cittamālambanaparāyaṇam ||;
SaundĀ, 15: 15;3 1;sacet kāmavitarkastvāṁ dharṣayenmānaso jvaraḥ |;
SaundĀ, 15: 15;3 2;kṣeptavyo nādhivāsyaḥ sa vastre reṇurivāgataḥ ||;
SaundĀ, 15: 15;4 1;yadyapi pratisaṁkhyānāt kāmānutsṛṣṭavānasi |;
SaundĀ, 15: 15;4 2;tamāṁsīva prakāśena pratipakṣeṇa tāñjahi ||;
SaundĀ, 15: 15;5 1;tiṣṭhatyanuśayasteṣāṁ channo .gniriva bhasmanā |;
SaundĀ, 15: 15;5 2;sa te bhāvanayā saumya praśāmyo .gnirivāmbunā ||;
SaundĀ, 15: 15;6 1;te hi tasmāt pravartante bhūyo bījādivāṅkurāḥ |;
SaundĀ, 15: 15;6 2;tasya nāśena te na syurbījanāśādivāṅkurāḥ ||;
SaundĀ, 15: 15;7 1;arjanādīni kāmebhyo dṛṣṭvā duḥkhāni kāminām |;
SaundĀ, 15: 15;7 2;tasmāttānmūlataśchinddhi mitrasaṁjñānarīniva ||;
SaundĀ, 15: 15;8 1;anityā moṣadharmāṇo riktā vyasanahetavaḥ |;
SaundĀ, 15: 15;8 2;bahusādhāraṇāḥ kāmā barhyā hyāśīviṣā iva ||;
SaundĀ, 15: 15;9 1;ye mṛgyamāṇā duḥkhāya rakṣyamāṇā na śāntaye |;
SaundĀ, 15: 15;9 2;bhraṣṭāḥ śokāya mahate prāptāśca na vitṛptaye ||;
SaundĀ, 15: 15;10 1;tṛptiṁ vittaprakarṣeṇa svargāvāptyā kṛtārthatām |;
SaundĀ, 15: 15;10 2;kāmebhyaśca sukhotpattiṁ yaḥ paśyati sa naśyati ||;
SaundĀ, 15: 15;11 1;calān apariniṣpannān asārān anavasthitān |;
SaundĀ, 15: 15;11 2;parikalpasukhān kāmānna tānsmartumihārhasi ||;
SaundĀ, 15: 15;12 1;vyāpādo vā vihiṁsā vā kṣobhayed yadi te manaḥ |;
SaundĀ, 15: 15;12 2;prasādyaṁ tadvipakṣeṇa maṇinevākulaṁ jalam ||;
SaundĀ, 15: 15;13 1;pratipakṣastayorjñeyo maitrī kāruṇyameva ca |;
SaundĀ, 15: 15;13 2;virodho hi tayornityaṁ prakāśatamasoriva ||;
SaundĀ, 15: 15;14 1;nivṛttaṁ yasya dauḥśīlyaṁ vyāpādaśca pravartate |;
SaundĀ, 15: 15;14 2;hanti pāṁsubhirātmānaṁ sa snāta iva vāraṇaḥ ||;
SaundĀ, 15: 15;15 1;duḥkhitebhyo hi martyebhyo vyādhimṛtyujarādibhiḥ |;
SaundĀ, 15: 15;15 2;āryaḥ ko duḥkhamaparaṁ saghṛṇo dhātumarhati ||;
SaundĀ, 15: 15;16 1;duṣṭena ceha manasā bādhyate vā paro na vā |;
SaundĀ, 15: 15;16 2;sadyastu dahyate tāvat svaṁ mano duṣṭacetasaḥ ||;
SaundĀ, 15: 15;17 1;tasmāt sarveṣu bhūteṣu maitrīṁ kāruṇyameva ca |;
SaundĀ, 15: 15;17 2;na vyāpādaṁ vihiṁsāṁ vā vikalpayitumarhasi ||;
SaundĀ, 15: 15;18 1;yadyadeva prasaktaṁ hi vitarkayati mānavaḥ |;
SaundĀ, 15: 15;18 2;abhyāsāttena tenāsya natirbhavati cetasaḥ ||;
SaundĀ, 15: 15;19 1;tasmādakuśalaṁ tyaktvā kuśalaṁ dhyātumarhasi |;
SaundĀ, 15: 15;19 2;yatte syādiha cārthāya paramārthasya cāptaye ||;
SaundĀ, 15: 15;20 1;saṁvardhante hyakuśalā vitarkāḥ saṁbhṛtā hṛdi |;
SaundĀ, 15: 15;20 2;anarthajanakāstulyamātmanaśca parasya ca ||;
SaundĀ, 15: 15;21 1;śreyaso vighnakaraṇād bhavantyātmavipattaye |;
SaundĀ, 15: 15;21 2;pātrībhāvopaghātāttu parabhaktivipattaye ||;
SaundĀ, 15: 15;22 1;manaḥkarmasvavikṣepamapi cābhyastumarhasi |;
SaundĀ, 15: 15;22 2;na tvevākuśalaṁ saumya vitarkayitumarhasi ||;
SaundĀ, 15: 15;23 1;yā vikāmopabhogāya cintā manasi vartate |;
SaundĀ, 15: 15;23 2;na ca taṁ guṇamāpnoti bandhanāya ca kalpate ||;
SaundĀ, 15: 15;24 1;sattvānāmupaghātāya parikleśāya cātmanaḥ |;
SaundĀ, 15: 15;24 2;mohaṁ vrajati kāluṣyaṁ narakāya ca vartate ||;
SaundĀ, 15: 15;25 1;tad vitarkairakuśalairnātmānaṁ hantumarhasi |;
SaundĀ, 15: 15;25 2;suśastraṁ ratnavikṛtaṁ mṛddhato gāṁ khananniva ||;
SaundĀ, 15: 15;26 1;anabhijño yathā jātyaṁ dahedaguru kāṣṭhavat |;
SaundĀ, 15: 15;26 2;anyāyena manuṣyatvamupahanyādidaṁ tathā ||;
SaundĀ, 15: 15;27 1;tyaktvā ratnaṁ yathā loṣṭaṁ ratnadvīpācca saṁharet |;
SaundĀ, 15: 15;27 2;tyaktvā naiḥśreyasaṁ dharmaṁ cintayedaśubhaṁ tathā ||;
SaundĀ, 15: 15;28 1;himavantaṁ yathā gatvā viṣaṁ bhuñjīta nauṣadham |;
SaundĀ, 15: 15;28 2;manuṣyatvaṁ tathā prāpya pāpaṁ seveta no śubham ||;
SaundĀ, 15: 15;29 1;tad buddhvā pratipakṣeṇa vitarkaṁ kṣeptumarhasi |;
SaundĀ, 15: 15;29 2;sūkṣmeṇa pratikīlena kīlaṁ dārvantarādiva ||;
SaundĀ, 15: 15;30 1;vṛddhyavṛddhyoratha bhaveccintā jñātijanaṁ prati |;
SaundĀ, 15: 15;30 2;svabhāvo jīvalokasya parīkṣyastannivṛttaye ||;
SaundĀ, 15: 15;31 1;saṁsāre kṛṣyamāṇānāṁ sattvānāṁ svena karmaṇā |;
SaundĀ, 15: 15;31 2;ko janaḥ svajanaḥ ko vā mohāt sakto jane janaḥ ||;
SaundĀ, 15: 15;32 1;atīte .dhvani saṁvṛttaḥ svajano hi janastava |;
SaundĀ, 15: 15;32 2;aprāpte cādhvani janaḥ svajanaste bhaviṣyati ||;
SaundĀ, 15: 15;33 1;vihagānāṁ yathā sāyaṁ tatra tatra samāgamaḥ |;
SaundĀ, 15: 15;33 2;jātau jātau tathāśleṣo janasya svajanasya ca ||;
SaundĀ, 15: 15;34 1;pratiśrayaṁ bahuvidhaṁ saṁśrayanti yathādhvagāḥ |;
SaundĀ, 15: 15;34 2;pratiyānti punastyaktvā tadvajjñātisamāgamaḥ ||;
SaundĀ, 15: 15;35 1;loke prakṛtibhinne .sminna kaścit kasyacit priyaḥ |;
SaundĀ, 15: 15;35 2;kāryakāraṇasambaddhaṁ vālukāmuṣṭivajjagat ||;
SaundĀ, 15: 15;36 1;bibharti hi sutaṁ mātā dhārayiṣyati māmiti |;
SaundĀ, 15: 15;36 2;mātaraṁ bhajate putro garbheṇādhatta māmiti ||;
SaundĀ, 15: 15;37 1;anukūlaṁ pravartante jñātiṣu jñātayo yadā |;
SaundĀ, 15: 15;37 2;tadā snehaṁ prakurvanti riputvaṁ tu viparyayāt ||;
SaundĀ, 15: 15;38 1;ahito dṛśyate jñātirajñātirdṛśyate hitaḥ |;
SaundĀ, 15: 15;38 2;snehaṁ kāryāntarāllokāśchinatti ca karoti ca ||;
SaundĀ, 15: 15;39 1;svayameva yathālikhya rajyeccitrakaraḥ striyam |;
SaundĀ, 15: 15;39 2;tathā kṛtvā svayaṁ snehaṁ saṁgameti jane janaḥ ||;
SaundĀ, 15: 15;40 1;yo .bhavad bāndhavajanaḥ paraloke priyastava |;
SaundĀ, 15: 15;40 2;sa te kamarthaṁ kurute tvaṁ vā tasmai karoṣi kam ||;
SaundĀ, 15: 15;41 1;tasmājjñātivitarkeṇa mano nāveṣṭumarhasi |;
SaundĀ, 15: 15;41 2;vyavasthā nāsti saṁsāre svajanasya janasya ca ||;
SaundĀ, 15: 15;42 1;asau kṣemo janapadaḥ subhikṣo .sāvasau śivaḥ |;
SaundĀ, 15: 15;42 2;ityevamatha jāyeta vitarkastava kaścana ||;
SaundĀ, 15: 15;43 1;praheyaḥ sa tvayā saumya nādhivāsyaḥ kathaṁcana |;
SaundĀ, 15: 15;43 2;viditvā sarvamādīptaṁ taistairdoṣāgnibhirjagat ||;
SaundĀ, 15: 15;44 1;ṛtucakranivartācca kṣutpipāsāklamādapi |;
SaundĀ, 15: 15;44 2;sarvatra niyataṁ duḥkhaṁ na kvacid vidyate śivam ||;
SaundĀ, 15: 15;45 1;kvacicchītaṁ kvacid gharmaḥ kvacid rogo bhayaṁ kvacit |;
SaundĀ, 15: 15;45 2;bādhate .bhyadhikaṁ lokaṁ tasmādaśaraṇaṁ jagat ||;
SaundĀ, 15: 15;46 1;jarā vyādhiśca mṛtyuśca lokasyāsya mahad bhayam |;
SaundĀ, 15: 15;46 2;nāsti deśaḥ sa yatrāsya tad bhayaṁ nopapadyate ||;
SaundĀ, 15: 15;47 1;yatra gacchati kāyo .yaṁ duḥkhaṁ tatrānugacchati |;
SaundĀ, 15: 15;47 2;nāsti kācid gatirloke gato yatra na bādhyate ||;
SaundĀ, 15: 15;48 1;ramaṇīyo .pi deśaḥ san subhikṣaḥ kṣema eva ca |;
SaundĀ, 15: 15;48 2;kudeśa iti vijñeyo yatra kleśairvidahyate ||;
SaundĀ, 15: 15;49 1;lokasyābhyāhatasyāsya duḥkhaiḥ śārīramānasaiḥ |;
SaundĀ, 15: 15;49 2;kṣemaḥ kaścinna deśo .sti svastho yatra gato bhavet ||;
SaundĀ, 15: 15;50 1;duḥkhaṁ sarvatra sarvasya vartate sarvadā yadā |;
SaundĀ, 15: 15;50 2;chandarāgamataḥ saumya lokacitreṣu mā kṛthāḥ ||;
SaundĀ, 15: 15;51 1;yadā tasmānnivṛttaste chandarāgo bhaviṣyati |;
SaundĀ, 15: 15;51 2;jīvalokaṁ tadā sarvamādīptamiva maṁsyase ||;
SaundĀ, 15: 15;52 1;atha kaścid vitarkaste bhavedamaraṇāśrayaḥ |;
SaundĀ, 15: 15;52 2;yatnena sa vihantavyo vyādhirātmagato yathā ||;
SaundĀ, 15: 15;53 1;muhūrtamapi viśrambhaḥ kāryo na khalu jīvite |;
SaundĀ, 15: 15;53 2;nilīna iva hi vyāghraḥ kālo viśvastaghātakaḥ ||;
SaundĀ, 15: 15;54 1;balastho .haṁ yuvā veti na te bhavitumarhati |;
SaundĀ, 15: 15;54 2;mṛtyuḥ sarvāsvasthāsu hanti nāvekṣate vayaḥ ||;
SaundĀ, 15: 15;55 1;kṣetrabhūtamanarthānāṁ śarīraṁ parikarṣataḥ |;
SaundĀ, 15: 15;55 2;svāsthyāśā jīvitāśā vā na dṛṣṭārthasya jāyate ||;
SaundĀ, 15: 15;56 1;nirvṛttaḥ ko bhavet kāyaṁ mahābhūtāśrayaṁ vahan |;
SaundĀ, 15: 15;56 2;parasparaviruddhānāmahīnāmiva bhājanam ||;
SaundĀ, 15: 15;57 1;praśvasityayamanvakṣaṁ yaducchvasiti mānavaḥ |;
SaundĀ, 15: 15;57 2;avagaccha tadāścaryam aviśvāsyaṁ hi jīvitam ||;
SaundĀ, 15: 15;58 1;idamāścaryamaparaṁ yatsuptaḥ pratibudhyate |;
SaundĀ, 15: 15;58 2;svapityutthāya vā bhūyo bahvamitrā hi dehinaḥ ||;
SaundĀ, 15: 15;59 1;garbhāt prabhṛti yo lokaṁ jighāṁsuranugacchati |;
SaundĀ, 15: 15;59 2;kastasmin viśvasenmṛtyāvudyatāsāvarāviva ||;
SaundĀ, 15: 15;60 1;prasūtaḥ puruṣo loke śrutavān balavānapi |;
SaundĀ, 15: 15;60 2;na jayatyantakaṁ kaścinnājayannāpi jeṣyati ||;
SaundĀ, 15: 15;61 1;sāmnā dānena bhedena daṇḍena niyamena vā |;
SaundĀ, 15: 15;61 2;prāpto hi rabhaso mṛtyuḥ pratihantuṁ na śakyate ||;
SaundĀ, 15: 15;62 1;tasmānnāyuṣi viśvāsaṁ cañcale kartumarhasi |;
SaundĀ, 15: 15;62 2;nityaṁ harati kālo hi sthāviryaṁ na pratīkṣate ||;
SaundĀ, 15: 15;63 1;niḥsāraṁ paśyato lokaṁ toyabudbudadurbalam |;
SaundĀ, 15: 15;63 2;kasyāmaravitarko hi syādanunmattacetasaḥ ||;
SaundĀ, 15: 15;64 1;tasmādeṣāṁ vitarkāṇāṁ prahāṇārthaṁ samāsataḥ |;
SaundĀ, 15: 15;64 2;ānāpānasmṛtiṁ saumya viṣayīkartumarhasi ||;
SaundĀ, 15: 15;65 1;ityanena prayogeṇa kāle sevitumarhasi |;
SaundĀ, 15: 15;65 2;pratipakṣān vitarkāṇāṁ gadānāmagadāniva ||;
SaundĀ, 15: 15;66 1;suvarṇahetorapi pāṁsudhāvakau vihāya pāṁsūn bṛhato jahāti sūkṣmānapi tadviśuddhaye viśodhya hemāvayavān |;
SaundĀ, 15: 15;67 1;vimokṣahetorapi yuktamānaso vihāya doṣān jahāti sūkṣmānapi tadviśuddhaye viśodhya |;
SaundĀ, 15: 15;68 1;krameṇādbhiḥ śuddhaṁ kanakamiha pāṁsuvyavahitaṁ tathā yogācāro nipuṇamiha doṣavyavahitaṁ viśodhya |;
SaundĀ, 15: 15;69 1;yathā ca svacchandādupanayati karmāśrayasukhaṁ manaḥśuddho bhikṣurvaśagatamabhijñāsvapi tathā |;
SaundĀ, 16: 16;1 1;evaṁ manodhāraṇayā krameṇa vyapohya kiṁcit dhyānāni catvāryadhigamya yogī prāpnotyabhijñā |;
SaundĀ, 16: 16;2 1;ṛddhipravekaṁ ca bahuprakāraṁ parasya atītajanmasmaraṇaṁ ca dīrghaṁ divye viśuddhe |;
SaundĀ, 16: 16;3 1;ataḥ paraṁ tattvaparīkṣaṇena mano tato hi duḥkhaprabhṛtīni samyak catvāri satyāni |;
SaundĀ, 16: 16;4 1;bādhātmakaṁ duḥkhamidaṁ prasaktaṁ duḥkhasya hetuḥ duḥkhakṣayo niḥsaraṇātmako .yaṁ trāṇātmako .yaṁ |;
SaundĀ, 16: 16;5 1;ityāryasatyānyavabudhya buddhyā catvāri samyak sarvāsravān bhāvanayābhibhūya na jāyate śāntimavāpya |;
SaundĀ, 16: 16;6 1;abodhato hyaprativedhataśca tattvātmakasyāsya bhavād bhavaṁ yāti na śāntimeti saṁsāradolāmadhiruhya |;
SaundĀ, 16: 16;7 1;tasmājjarādervyasanasya mūlaṁ samāsato duḥkhamavaihi sarvauṣadhīnāmiva bhūrbhavāya sarvāpadāṁ kṣetramidaṁ |;
SaundĀ, 16: 16;8 1;yajjanmarūpasya hi sendriyasya duḥkhasya yaḥ saṁbhavaścāsya samucchrayasya mṛtyośca rogasya ca |;
SaundĀ, 16: 16;9 1;sad vāpyasad vā viṣamiśramannaṁ yathā vināśāya na loke tathā tiryaguparyadho vā duḥkhāya sarvaṁ na |;
SaundĀ, 16: 16;10 1;jarādayo naikavidhāḥ prajānāṁ satyāṁ pravṛttau pravātsu ghoreṣvapi māruteṣu na hyaprasūtāstaravaścalanti |;
SaundĀ, 16: 16;11 1;ākāśayoniḥ pavano yathā hi yathā śamīgarbhaśayo hutāśaḥ āpo yathāntarvasudhāśayāśca duḥkhaṁ tathā |;
SaundĀ, 16: 16;12 1;apāṁ dravatvaṁ kaṭhinatvamurvyā vāyoścalatvaṁ yathā svabhāvo hi tathā svabhāvo duḥkhaṁ śarīrasya ca |;
SaundĀ, 16: 16;13 1;kāye sati vyādhijarādi duḥkhaṁ kṣuttarṣavarṣoṣṇahimādi rūpāśrite cetasi sānubandhe śokāratikrodhabhayādi |;
SaundĀ, 16: 16;14 1;pratyakṣamālokya ca janmaduḥkhaṁ duḥkhaṁ yathā ca tadduḥkhamidaṁ ca duḥkhaṁ duḥkhaṁ |;
SaundĀ, 16: 16;15 1;bījasvabhāvo hi yatheha dṛṣṭo bhūto .pi bhavyo .pi pratyakṣataśca jvalano yathoṣṇo bhūto .pi bhavyo .pi |;
SaundĀ, 16: 16;16 1;tannāmarūpasya guṇānurūpaṁ yatraiva nirvṛttirudāravṛtta tatraiva duḥkhaṁ na hi tadvimuktaṁ duḥkhaṁ |;
SaundĀ, 16: 16;17 1;pravṛttiduḥkhasya ca tasya loke tṛṣṇādayo doṣagaṇā naiveśvaro na prakṛtirna kālo nāpi svabhāvo na |;
SaundĀ, 16: 16;18 1;jñātavyametena ca kāraṇena lokasya doṣebhya iti pravṛttiḥ yasmānmriyante sarajastamaskā na jāyate |;

SaundĀ, 16: 16;20 1;sattvānyabhiṣvaṅgavaśāni dṛṣṭvā svajātiṣu prītiparāṇyatīva abhyāsayogādupapāditāni taireva doṣairiti tāni viddhi ||;
SaundĀ, 16: 16;21 1;krodhapraharṣādibhirāśrayāṇāmutpadyate ceha yathā tathaiva janmasvapi naikarūpo nirvartate kleśakṛto viśeṣaḥ |;

SaundĀ, 16: 16;23 1;phalaṁ hi yādṛk samavaiti sākṣāt tadāgamād avetya bījaprakṛtiṁ ca sākṣādanāgataṁ |;
SaundĀ, 16: 16;24 1;doṣakṣayo jātiṣu yāsu yasya vairāgyatastāsu na jāyate saḥ |;
SaundĀ, 16: 16;24 2;doṣāśayastiṣṭhati yasya yatra tasyopapattirvivaśasya tatra ||;
SaundĀ, 16: 16;25 1;tajjanmano naikavidhasya saumya tṛṣṇādayo hetava tāṁśchinddhi duḥkhād yadi nirmumukṣā kāryakṣayaḥ |;
SaundĀ, 16: 16;26 1;duḥkhakṣayo hetuparikṣayācca śāntaṁ śivaṁ sākṣikuruṣva tṛṣṇāvirāgaṁ layanaṁ nirodhaṁ sanātanaṁ trāṇam |;
SaundĀ, 16: 16;27 1;yasminna jātirna jarā na mṛtyurna vyādhayo necchāvipanna priyaviprayogaḥ kṣemaṁ padaṁ |;
SaundĀ, 16: 16;28 1;dīpo yathā nirvṛtimabhyupeto naivāvaniṁ gacchati diśaṁ na kāṁcid vidiśaṁ na kāṁcit snehakṣayāt |;
SaundĀ, 16: 16;29 1;evaṁ kṛtī nirvṛtimabhyupeto naivāvaniṁ gacchati diśaṁ na kāṁcid vidiśaṁ na kāṁcit kleśakṣayāt kevalameti |;
SaundĀ, 16: 16;30 1;asyābhyupāyo .dhigamāya mārgaḥ prajñātrikalpaḥ sa bhāvanīyo vidhivad budhena śīle śucau tripramukhe |;
SaundĀ, 16: 16;31 1;vākkarma samyak sahakāyakarma yathāvadājīvanayaśca idaṁ trayaṁ vṛttavidhau pravṛttaṁ śīlāśrayaṁ |;
SaundĀ, 16: 16;32 1;satyeṣu duḥkhādiṣu dṛṣṭirāryā samyagvitarkaśca idaṁ trayaṁ jñānavidhau pravṛttaṁ prajñāśrayaṁ |;
SaundĀ, 16: 16;33 1;nyāyena satyādhigamāya yuktā samyak smṛtiḥ samyagatho idaṁ dvayaṁ yogavidhau pravṛttaṁ śamāśrayaṁ |;

SaundĀ, 16: 16;35 1;kleśāṁstu viṣkambhayate samādhirvegānivādrirmahato sthite samādhau hi na dharṣayanti doṣā bhujaṁgā iva |;
SaundĀ, 16: 16;36 1;prajñā tvaśeṣeṇa nihanti doṣāṁstīradrumān prāvṛṣi dagdhā yayā na prabhavanti doṣā vajrāgninevānusṛtena |;
SaundĀ, 16: 16;37 1;triskandhametaṁ pravigāhya mārgaṁ duḥkhasya hetūn prajahāti doṣān prāpnoti cātyantaśivaṁ |;
SaundĀ, 16: 16;38 1;asyopacāre dhṛtirārjavaṁ ca hrīrapramādaḥ praviviktatā ca alpecchatā tuṣṭirasaṁgatā ca lokapravṛttāvaratiḥ kṣamā ca |;
SaundĀ, 16: 16;39 1;yāthātmyato vindati yo hi duḥkhaṁ tasyodbhavaṁ tasya ca āryeṇa mārgeṇa sa śāntimeti kalyāṇamitraiḥ saha |;
SaundĀ, 16: 16;40 1;yo vyādhito vyādhimavaiti samyag vyādhernidānaṁ ca ārogyamāpnoti hi so .cireṇa mitrairabhijñairupacaryamāṇaḥ |;
SaundĀ, 16: 16;41 1;tadvyādhisaṁjñāṁ kuru duḥkhasatye doṣeṣvapi ārogyasaṁjñāṁ ca nirodhasatye bhaiṣajyasaṁjñāmapi |;
SaundĀ, 16: 16;42 1;tasmāt pravṛttiṁ parigaccha duḥkhaṁ nivṛttimāgaccha ca tannirodhaṁ nivartakaṁ cāpyavagaccha |;
SaundĀ, 16: 16;43 1;śirasyatho vāsasi saṁpradīpte satyāvabodhāya dagdhaṁ jagat satyanayaṁ hyadṛṣṭvā pradahyate saṁprati |;
SaundĀ, 16: 16;44 1;yadaiva yaḥ paśyati nāmarūpaṁ kṣayīti taddarśanamasya samyak ca nirvedamupaiti paśyan nandīkṣayācca |;
SaundĀ, 16: 16;45 1;tayośca nandīrajasoḥ kṣayeṇa samyagvimuktaṁ pravadāmi samyagvimuktirmanasaśca tābhyāṁ na cāsya bhūyaḥ |;
SaundĀ, 16: 16;46 1;yathāsvabhāvena hi nāmarūpaṁ taddhetumevāstagamaṁ vijānataḥ paśyata eva cāhaṁ bravīmi samyak |;
SaundĀ, 16: 16;47 1;tasmāt paraṁ saumya vidhāya vīryaṁ śīghraṁ duḥkhānanityāṁśca nirātmakāṁśca dhātūn viśeṣeṇa |;
SaundĀ, 16: 16;48 1;dhātūn hi ṣaḍ bhūsalilānalādīn sāmānyataḥ svena ca avaiti yo nānyamavaiti tebhyaḥ so .tyantikaṁ |;
SaundĀ, 16: 16;49 1;kleśaprahāṇāya ca niścitena kālo .bhyupāyaśca yogo .pyakāle hyanupāyataśca bhavatyanarthāya na |;
SaundĀ, 16: 16;50 1;ajātavatsāṁ yadi gāṁ duhīta naivāpnuyāt kṣīramakāladohī kāle .pi vā syānna payo labheta mohena śṛṅgād yadi gāṁ |;
SaundĀ, 16: 16;51 1;ārdrācca kāṣṭhājjvalanābhikāmo naiva prayatnādapi kāṣṭhācca śuṣkādapi pātanena naivāgnimāpnoty |;
SaundĀ, 16: 16;52 1;taddeśakālau vidhivat parīkṣya yogasya mātrāmapi balābale cātmani sampradhārya kāryaḥ prayatno na tu |;
SaundĀ, 16: 16;53 1;pragrāhakaṁ yattu nimittamuktamuddhanyamāne hṛdi evaṁ hi cittaṁ praśamaṁ na yāti [... au2 letterausjhjh] nā |;
SaundĀ, 16: 16;54 1;śamāya yat syānniyataṁ nimittaṁ jātoddhave cetasi tasya evaṁ hi cittaṁ praśamaṁ niyacchet pradīpyamāno |;
SaundĀ, 16: 16;55 1;śamāvahaṁ yanniyataṁ nimittaṁ sevyaṁ na taccetasi evaṁ hi bhūyo layameti cittam anīryamāṇo |;
SaundĀ, 16: 16;56 1;pragrāhakaṁ yanniyataṁ nimittaṁ layaṁ gate cetasi tasya kriyāsamarthaṁ hi manastathā syānmandāyamāno |;
SaundĀ, 16: 16;57 1;aupekṣikaṁ nāpi nimittamiṣṭaṁ layaṁ gate cetasi evaṁ hi tīvraṁ janayedanarthamupekṣito |;
SaundĀ, 16: 16;58 1;yatsyādupekṣāniyataṁ nimittaṁ sāmyaṁ gate cetasi tasya evaṁ hi kṛtyāya bhavetprayogo ratho vidheyāśva iva |;
SaundĀ, 16: 16;59 1;rāgoddhavavyākulite .pi citte maitropasaṁhāravidhirna rāgātmako muhyati maitryā hi snehaṁ kaphakṣobha |;
SaundĀ, 16: 16;60 1;rāgoddhate cetasi dhairyametya niṣevitavyaṁ tvaśubhaṁ rāgātmako hyevamupaiti śarma kaphātmako |;
SaundĀ, 16: 16;61 1;vyāpādadoṣeṇa manasyudīrṇe na sevitavyaṁ tvaśubhaṁ dveṣātmakasya hyaśubhā vadhāya pittātmanastīkṣṇa |;
SaundĀ, 16: 16;62 1;vyāpādadoṣakṣubhite tu citte sevyā svapakṣopanayena dveṣātmano hi praśamāya maitrī pittātmanaḥ śīta |;
SaundĀ, 16: 16;63 1;mohānubaddhe manasaḥ pracāre maitrāśubhā vaiva tābhyāṁ hi saṁmohamupaiti bhūyo vāyvātmako |;
SaundĀ, 16: 16;64 1;mohātmikāyāṁ manasaḥ pravṛttau sevyas mūḍhe manasyeṣa hi śāntimārgo vāyvātmake snigdha |;
SaundĀ, 16: 16;65 1;ulkāmukhasthaṁ hi yathā suvarṇaṁ suvarṇakāro kāle pariprokṣayate jalena krameṇa kāle samupekṣate ca ||;
SaundĀ, 16: 16;66 1;dahet suvarṇaṁ hi dhamannakāle jale kṣipan na cāpi samyak paripākamenaṁ nayedakāle |;
SaundĀ, 16: 16;67 1;saṁpragrahasya praśamasya caiva tathaiva kāle samyaṅ nimittaṁ manasā tvavekṣyaṁ nāśo hi yatno |;
SaundĀ, 16: 16;68 1;ityevamanyāyanivartanaṁ ca nyāyaṁ ca tasmai sugato bhūyaśca tattaccaritaṁ viditvā vitarkahānāya vidhīnuvāca |;
SaundĀ, 16: 16;69 1;yathā bhiṣak pittakaphānilānāṁ ya eva kopaṁ samupaiti śamāya tasyaiva vidhiṁ vidhatte vyadhatta doṣeṣu tathaiva |;
SaundĀ, 16: 16;70 1;ekena kalpena sacenna hanyāt svabhyastabhāvād aśubhān tato dvitīyaṁ kramam ārabheta na tveva heyo guṇavān |;

SaundĀ, 16: 16;72 1;aṇvyā yathāṇyā vipulāṇiranyā nirvāhyate tadviduṣā nareṇa tadvattadevākuśalaṁ nimittaṁ |;
SaundĀ, 16: 16;73 1;tathāpyathādhyātmanavagrahatvān naivopaśāmyed aśubho heyaḥ sa taddoṣaparīkṣaṇena saśvāpado mārga |;
SaundĀ, 16: 16;74 1;yathā kṣudhārto .pi viṣeṇa pṛktaṁ jijīviṣurnecchati tathaiva doṣāvahamityavetya jahāti vidvānaśubhaṁ |;
SaundĀ, 16: 16;75 1;na doṣataḥ paśyati yo hi doṣaṁ kastaṁ tato vārayituṁ guṇaṁ guṇe paśyati yaśca yatra sa vāryamāṇo .pi tataḥ |;
SaundĀ, 16: 16;76 1;vyapatrapante hi kulaprasūtā manaḥpracārairaśubhaiḥ kaṇṭhe manasvīva yuvā |;
SaundĀ, 16: 16;77 1;nirdhūyamānāstvatha leśato .pi tiṣṭheyurevākuśalā vitarkāḥ kāryāntarair adhyayanakriyādyaiḥ sevyo |;
SaundĀ, 16: 16;78 1;svaptavyamapyeva vicakṣaṇena kāyaklamo vāpi na tveva saṁcintyamasannimittaṁ yatrāvasaktasya |;
SaundĀ, 16: 16;79 1;yathā hi bhīto niśi taskarebhyo dvāraṁ priyebhyo .pi na prājñastathā saṁharati prayogaṁ samaṁ |;
SaundĀ, 16: 16;80 1;evaṁ prakārairapi yadyupāyairnivāryamāṇā na tato yathāsthūlanibarhaṇena suvarṇadoṣā iva te praheyāḥ ||;
SaundĀ, 16: 16;81 1;drutaprayāṇaprabhṛtīṁśca tīkṣṇāt kāmaprayogāt yathā naraḥ saṁśrayate tathaiva prājñena doṣeṣvapi |;
SaundĀ, 16: 16;82 1;te cedalabdhapratipakṣabhāvā muhūrtam apyaprativadhyamānā gṛhe bhujaṁgā iva |;
SaundĀ, 16: 16;83 1;dante .pi dantaṁ praṇidhāya kāmaṁ tālvagramutpīḍya ca cittena cittaṁ parigṛhya cāpi kāryaḥ prayatno na tu te |;
SaundĀ, 16: 16;84 1;kimatra citraṁ yadi vītamoho vanaṁ gataḥ svasthamanā na ākṣipyamāṇo hṛdi tannimittairna kṣobhyate yaḥ sa kṛtī sa |;
SaundĀ, 16: 16;85 1;tadāryasatyādhigamāya pūrvaṁ viśodhayānena nayena yātrāgataḥ śatruvinigrahārthaṁ rājeva lakṣmīmajitāṁ |;

SaundĀ, 16: 16;87 1;kauṇḍinyanandakṛmilāniruddhāstiṣyopasenau vimalo .tha bāṣpottarau dhautakimoharājau |;


SaundĀ, 16: 16;90 1;sa kapphinaḥ kāśyapa auruvilvo pūrṇaśca pūrṇaśca sa pūrṇakaśca śonāparāntaśca sa pūrṇa |;
SaundĀ, 16: 16;91 1;śāradvatīputrasubāhucundāḥ saśaivalau revatakauṣṭhilau ca maudgalyagotraśca |;
SaundĀ, 16: 16;92 1;yaṁ vikramaṁ yogavidhāvakurvaṁstameva śīghraṁ tataḥ padaṁ prāpsyasi tairavāptaṁ sukhāvṛtaistvaṁ |;
SaundĀ, 16: 16;93 1;dravyaṁ yathā syāt kaṭukaṁ rasena taccopayuktaṁ tathaiva vīryaṁ kaṭukaṁ śrameṇa tasyārthasiddhyai |;
SaundĀ, 16: 16;94 1;vīryaṁ paraṁ kāryakṛtau hi mūlaṁ vīryādṛte kācana nāsti udeti vīryādiha sarvasaṁpannirvīryatā cet sakalaśca pāpmā |;
SaundĀ, 16: 16;95 1;alabdhasyālābho niyatamupalabdhasya tamo nistejastvaṁ śrutiniyamatuṣṭivyuparamo nṛṇāṁ |;
SaundĀ, 16: 16;96 1;nayaṁ śrutvā śakto yadayamabhivṛddhiṁ na labhate gṛhaṁ tyaktvā muktau yadayamupaśāntiṁ na labhate |;
SaundĀ, 16: 16;96 2;nimittaṁ kausīdyaṁ bhavati puruṣasyātra na ripuḥ ||;

SaundĀ, 16: 16;98 1;kṛṣṭvā gāṁ paripālya ca śramaśatairaśnoti sasyaśriyaṁ śatrūṇāmavadhūya vīryamiṣubhirbhuṅkte narendraśriyaṁ |;
SaundĀ, 17: 17;1 1;athaivamādeśitatattvamārgo nandastadā sarveṇa bhāvena gurau praṇamya kleśaprahāṇāya vanaṁ |;
SaundĀ, 17: 17;2 1;tatrāvakāśaṁ mṛdunīlaśaṣpaṁ dadarśa śāntaṁ niḥśabdayā nimnagayopagūḍhaṁ vaiḍūryanīlodakayā |;
SaundĀ, 17: 17;3 1;sa pādayostatra vidhāya śaucaṁ śucau śive śrīmati mokṣāya baddhvā vyavasāyakakṣāṁ |;
SaundĀ, 17: 17;4 1;ṛjuṁ samagraṁ praṇidhāya kāyaṁ kāye smṛtiṁ sarvendriyāṇyātmani saṁnidhāya sa tatra yogaṁ prayataḥ |;
SaundĀ, 17: 17;5 1;tataḥ sa tattvaṁ nikhilaṁ cikīrṣurmokṣānukūlāṁśca jñānena śīlena śamena caiva cacāra cetaḥ parikarmabhūmau |;
SaundĀ, 17: 17;6 1;saṁdhāya dhairyaṁ praṇidhāya vīryaṁ vyapohya saktiṁ praśāntacetā niyamasthacetāḥ svasthastato .bhūd |;
SaundĀ, 17: 17;7 1;ātaptabuddheḥ prahitātmano .pi svabhyastabhāvādatha paryākulaṁ tasya manaścakāra prāvṛṭsu |;
SaundĀ, 17: 17;8 1;sa paryavasthānamavetya sadyaścikṣepa tāṁ priyāmapi krodhaparītacetā nārīmivodvṛttaguṇāṁ manasvī |;
SaundĀ, 17: 17;9 1;ārabdhavīryasya manaḥśamāya bhūyastu tasyākuśalo vyādhipraṇāśāya niviṣṭabuddher upadravo ghora |;
SaundĀ, 17: 17;10 1;sa tadvighātāya nimittamanyad yogānukūlaṁ kuśalaṁ ārtāyanaṁ kṣīṇabalo balasthaṁ nirasyamāno balināriṇeva |;
SaundĀ, 17: 17;11 1;puraṁ vidhāyānuvidhāya daṇḍaṁ mitrāṇi saṁgṛhya ripūn rājā yathāpnoti hi gāmapūrvāṁ nītirmumukṣorapi saiva |;
SaundĀ, 17: 17;12 1;vimokṣakāmasya hi yogino .pi manaḥ puraṁ jñānavidhiśca guṇāśca mitrāṇyarayaśca doṣā bhūmirvimuktiryatate |;
SaundĀ, 17: 17;13 1;sa duḥkhajālānmahato mumukṣurvimokṣamārgādhigame panthānamāryaṁ paramaṁ didṛkṣuḥ śamaṁ yayau |;
SaundĀ, 17: 17;14 1;yaḥ syānniketastamaso .niketaḥ śrutvāpi tattvaṁ sa bhavet yasmāttu mokṣāya sa pātrabhūtastasmānmanaḥ svātmani |;
SaundĀ, 17: 17;15 1;sambhārataḥ pratyayataḥ svabhāvādāsvādato athātmavānniḥsaraṇātmataśca dharmeṣu cakre vidhivat |;
SaundĀ, 17: 17;16 1;sa rūpiṇaṁ kṛtsnamarūpiṇaṁ ca sāraṁ didṛkṣurvicikāya athāśuciṁ duḥkhamanityamasvaṁ nirātmakaṁ caiva |;

SaundĀ, 17: 17;18 1;yasmād abhūtvā bhavatīha sarvaṁ bhūtvā ca bhūyo na sahetukaṁ ca kṣayi hetumacca tasmādanityaṁ |;
SaundĀ, 17: 17;19 1;yataḥ prasūtasya ca karmayogaḥ prasajyate duḥkhapratīkāravidhau sukhākhye tato bhavaṁ |;
SaundĀ, 17: 17;20 1;yataśca saṁskāragataṁ viviktaṁ na kārakaḥ kaścana sāmagryataḥ sambhavati pravṛttiḥ śūnyaṁ tato lokamimaṁ |;
SaundĀ, 17: 17;21 1;yasmānnirīhaṁ jagadasvatantraṁ naiśvaryamekaḥ kurute tattatpratītya prabhavanti bhāvā nirātmakaṁ tena viveda |;
SaundĀ, 17: 17;22 1;tataḥ sa vātaṁ vyajanādivoṣṇe kāṣṭhāśritaṁ antaḥkṣitisthaṁ khananādivāmbho lokottaraṁ vartma |;
SaundĀ, 17: 17;23 1;sajjñānacāpaḥ smṛtivarma baddhvā kleśāribhiścittaraṇājirasthaiḥ sārdhaṁ yuyutsurvijayāya |;
SaundĀ, 17: 17;24 1;tataḥ sa bodhyaṅgaśitāttaśastraḥ mārgāṅgamātaṅgavatā balena śanaiḥ śanaiḥ kleśacamūṁ |;
SaundĀ, 17: 17;25 1;sa smṛtyupasthānamayaiḥ pṛṣatkaiḥ śatrūn duḥkhasya hetūṁścaturaścaturbhiḥ svaiḥ svaiḥ |;
SaundĀ, 17: 17;26 1;āryairbalaiḥ pañcabhireva pañca mithyāṅganāgāṁśca tathāṅganāgairvinirdudhāvāṣṭabhireva |;
SaundĀ, 17: 17;27 1;athātmadṛṣṭiṁ sakalāṁ vidhūya caturṣu viśuddhaśīlavratadṛṣṭadharmā dharmasya pūrvāṁ |;
SaundĀ, 17: 17;28 1;sa darśanādāryacatuṣṭayasya kleśaikadeśasya ca viprayogāt pratyātmikāccāpi viśeṣalābhāt pratyakṣato jñānisukhasya |;
SaundĀ, 17: 17;29 1;dārḍhyāt prasādasya dhṛteḥ sthiratvāt śīlasya cācchidratayottamasya niḥsaṁśayo dharmavidhau |;
SaundĀ, 17: 17;30 1;kudṛṣṭijālena sa viprayukto lokaṁ jñānāśrayāṁ prītimupājagāma bhūyaḥ prasādaṁ ca |;
SaundĀ, 17: 17;31 1;yo hi pravṛttiṁ niyatāmavaiti naivānyahetoriha nāpyahetoḥ pratītya tattatsamavaiti tattatsa naiṣṭhikaṁ paśyati |;
SaundĀ, 17: 17;32 1;śāntaṁ śivaṁ nirjarasaṁ virāgaṁ niḥśreyasaṁ paśyati tasyopadeṣṭāramathāryavaryaṁ sa prekṣate |;
SaundĀ, 17: 17;33 1;yathopadeśena śivena mukto rogādarogo bhiṣajaṁ kṛtajñaḥ anusmaran paśyati cittadṛṣṭyā maitryā ca śāstrajñatayā ca |;
SaundĀ, 17: 17;34 1;āryeṇa mārgeṇa tathaiva muktastathāgataṁ tattvavid anusmaran paśyati kāyasākṣī maitryā ca sarvajñatayā ca |;
SaundĀ, 17: 17;35 1;sa nāśakairdṛṣṭigatairvimuktaḥ paryantamālokya bhaktvā ghṛṇāṁ kleśavijṛmbhiteṣu mṛtyorna tatrāsa na |;
SaundĀ, 17: 17;36 1;tvaksnāyumedorudhirāsthimāṁsakeśādināmedhyagaṇena tataḥ sa kāyaṁ samavekṣamāṇaḥ sāraṁ vicintyāṇvapi |;
SaundĀ, 17: 17;37 1;sa kāmarāgapratighau sthirātmā tenaiva yogena tanū cakāra kṛtvā mahoraskatanustanū tau prāpa dvitīyaṁ |;
SaundĀ, 17: 17;38 1;sa lobhacāpaṁ parikalpabāṇaṁ rāgaṁ kāyasvabhāvādhigatair bibheda yogāyudhāstrair |;
SaundĀ, 17: 17;39 1;dveṣāyudhaṁ krodhavikīrṇabāṇaṁ maitrīpṛṣatkairdhṛtitūṇasaṁsthaiḥ |;
SaundĀ, 17: 17;40 1;mūlānyatha trīṇyaśubhasya camūmukhasthān |;
SaundĀ, 17: 17;41 1;sa kāmadhātoḥ samatikramāya yogādanāgāmiphalaṁ prapadya dvārīva nirvāṇapurasya |;
SaundĀ, 17: 17;42 1;kāmairviviktaṁ malinaiśca dharmairvitarkavaccāpi vivekajaṁ prītisukhopapannaṁ dhyānaṁ tataḥ sa |;
SaundĀ, 17: 17;43 1;kāmāgnidāhena sa vipramukto hlādaṁ paraṁ sukhaṁ vigāhyāpsviva dharmakhinnaḥ prāpyeva cārthaṁ |;
SaundĀ, 17: 17;44 1;tatrāpi taddharmagatān vitarkān guṇāguṇe ca prasṛtān buddhvā manaḥkṣobhakarānaśāntāṁstadviprayogāya |;
SaundĀ, 17: 17;45 1;kṣobhaṁ prakurvanti yathormayo hi ekāgrabhūtasya tathormibhūtāścittāmbhasaḥ kṣobhakarā |;
SaundĀ, 17: 17;46 1;khinnasya suptasya ca nirvṛtasya bādhaṁ yathā adhyātmam aikāgryamupāgatasya bhavanti bādhāya tathā |;
SaundĀ, 17: 17;47 1;athāvitarkaṁ kramaśo .vicāram ekāgrabhāvānmanasaḥ samādhijaṁ prītisukhaṁ dvitīyaṁ dhyānaṁ |;
SaundĀ, 17: 17;48 1;taddhyānamāgamya ca cittamaunaṁ lebhe parāṁ prītim prītau tu tatrāpi sa doṣadarśī yathā |;
SaundĀ, 17: 17;49 1;prītiḥ parā vastuni yatra yasya viparyayāttasya hi tatra prītāvataḥ prekṣya sa tatra doṣān prītikṣaye |;
SaundĀ, 17: 17;50 1;prītervirāgāt sukhamāryajuṣṭaṁ kāyena vindannatha upekṣakaḥ sa smṛtimān vyahārṣīddhyānaṁ tṛtīyaṁ |;
SaundĀ, 17: 17;51 1;yasmāt paraṁ tatra sukhaṁ sukhebhyastataḥ paraṁ nāsti tasmād babhāṣe śubhakṛtsnabhūmiḥ parāparajñaḥ parameti |;
SaundĀ, 17: 17;52 1;dhyāne .pi tatrātha dadarśa doṣaṁ mene paraṁ śāntam ābhogato .pīñjayati sma tasya cittaṁ pravṛttaṁ |;
SaundĀ, 17: 17;53 1;yatreñjitaṁ spanditamasti tatra yatrāsti ca spanditamasti yasmādatastatsukham iñjakatvāt praśāntikāmā |;
SaundĀ, 17: 17;54 1;atha prahāṇāt sukhaduḥkhayośca manovikārasya ca dadhyāvupekṣāsmṛtimad viśuddhaṁ dhyānaṁ |;
SaundĀ, 17: 17;55 1;yasmāttu tasminna sukhaṁ na duḥkhaṁ jñānaṁ ca tatrāsti tasmād upekṣāsmṛtipāriśuddhir nirucyate dhyānavidhau |;
SaundĀ, 17: 17;56 1;dhyānaṁ sa niśritya tataścaturthamarhattvalābhāya matiṁ saṁdhāya mitraṁ balavantamāryaṁ rājeva deśānajitān |;
SaundĀ, 17: 17;57 1;cicheda kārtsnyena tataḥ sa pañca prajñāsinā ūrdhvaṁgamānyuttamabandhanāni |;
SaundĀ, 17: 17;58 1;bodhyaṅganāgairapi saptabhiḥ sa saptaiva cittānuśayān dvipānivopasthitavipraṇāśān kālo grahaiḥ saptabhireva |;
SaundĀ, 17: 17;59 1;agnidrumājyāmbuṣu yā hi vṛttiḥ doṣeṣu tāṁ vṛttimiyāya nando nirvāpaṇotpāṭanadāhaśoṣaiḥ |;
SaundĀ, 17: 17;60 1;iti trivegaṁ trijhaṣaṁ trivīcam ekāmbhasaṁ pañcarayaṁ dvigrāhamaṣṭāṅgavatā plavena duḥkhārṇavaṁ |;
SaundĀ, 17: 17;61 1;arhattvamāsādya sa satkriyārho nirutsuko niṣpraṇayo vibhīr viśug vītamado virāgaḥ sa eva dhṛtyānya ivābabhāse |;
SaundĀ, 17: 17;62 1;bhrātuśca śāstuśca tayānuśiṣṭyā nandastataḥ svena ca praśāntacetāḥ paripūrṇakāryo vāṇīmimāmātmagatāṁ |;
SaundĀ, 17: 17;63 1;namo .stu tasmai sugatāya yena hitaiṣiṇā me bahūni duḥkhānyapavartitāni sukhāni |;
SaundĀ, 17: 17;64 1;ahaṁ hyanāryeṇa śarīrajena duḥkhātmake vartmani nivartitastadvacanāṅkuśena darpānvito nāga ivāṅkuśena ||;
SaundĀ, 17: 17;65 1;tasyājñayā kāruṇikasya śāsturhṛdisthamutpāṭya hi adyaiva tāvat sumahat sukhaṁ me sarvakṣaye kiṁ bata |;
SaundĀ, 17: 17;66 1;nirvāpya kāmāgnimahaṁ hi dīptaṁ dhṛtyambunā hlādaṁ paraṁ sāṁpratamāgato .smi śītaṁ hradaṁ gharma |;
SaundĀ, 17: 17;67 1;na me priyaṁ kiṁcana nāpriyaṁ me na me .nurodho .sti tayorabhāvāt sukhito .smi sadyo himātapābhyāmiva |;
SaundĀ, 17: 17;68 1;mahābhayāt kṣemamivopalabhya mahāvarodhādiva mahārṇavāt pāramivāplavaḥ san bhīmāndhakārādiva ca |;
SaundĀ, 17: 17;69 1;rogādivārogyam asahyarūpād ṛṇādivānṛṇyam dviṣatsakāśādiva cāpayānaṁ durbhikṣayogācca yathā |;
SaundĀ, 17: 17;70 1;tadvatparāṁ śāntimupāgato .haṁ yasyānubhāvena karomi bhūyaḥ punaruktamasmai namo namo .rhāya |;
SaundĀ, 17: 17;71 1;yenāhaṁ girimupanīya rukmaśṛṅgaṁ svargaṁ ca kāmātmā tridivacarībhiraṅganābhirniṣkṛṣṭo yuvatimaye |;
SaundĀ, 17: 17;72 1;tasmācca vyasanaparādanarthapaṅkādutkṛṣya śānte .smin virajasi vijvare viśoke saddharme vitamasi |;
SaundĀ, 17: 17;73 1;taṁ vande paramanukampakaṁ maharṣiṁ mūrdhnāhaṁ saṁbuddhaṁ daśabalinaṁ bhiṣakpradhānaṁ trātāraṁ |;
SaundĀ, 18: 18;1 1;atha dvijo bāla ivāptavedaḥ kṣipraṁ vaṇik prāpta jitvā ca rājanya ivārisainyaṁ nandaḥ kṛtārtho |;
SaundĀ, 18: 18;2 1;draṣṭuṁ sukhaṁ jñānasamāptikāle gururhi śiṣyasya pariśramaste saphalo mayīti yato didṛkṣāsya munau |;
SaundĀ, 18: 18;3 1;yato hi yenādhigato viśeṣastasyottamāṅge .rhati āryaḥ sarāgo .pi kṛtajñabhāvāt prakṣīṇamānaḥ kimu |;
SaundĀ, 18: 18;4 1;yasyārthakāmaprabhavā hi bhaktistato .sya sā tiṣṭhati dharmānvayo yasya tu bhaktirāgastasya prasādo |;
SaundĀ, 18: 18;5 1;kāṣāyavāsāḥ kanakāvadātastataḥ sa mūrdhnā gurave vāteritaḥ pallavatāmrarāgaḥ puṣpojjvalaśrīriva karṇikāraḥ |;
SaundĀ, 18: 18;6 1;athātmanaḥ śiṣyaguṇasya caiva mahāmuneḥ śāstṛguṇasya saṁdarśanārthaṁ sa na mānahetoḥ svāṁ kāryasiddhiṁ |;
SaundĀ, 18: 18;7 1;yo dṛṣṭiśalyo hṛdayāvagāḍhaḥ prabho bhṛśaṁ māmatudat tvadvākyasaṁdaṁśamukhena me sa samuddhṛtaḥ |;
SaundĀ, 18: 18;8 1;kathaṁkathābhāvagato .smi yena chinnaḥ sa niḥsaṁśaya tvacchāsanāt satpathamāgato .smi sudeśikasyeva pathi |;
SaundĀ, 18: 18;9 1;yatpītamāsvādavaśendriyeṇa darpeṇa kandarpaviṣaṁ tanme hataṁ tvadvacanāgadena viṣaṁ vināśīva |;
SaundĀ, 18: 18;10 1;kṣayaṁ gataṁ janma nirastajanman saddharmacaryāmuṣito kṛtsnaṁ kṛtaṁ me kṛtakārya kāryaṁ lokeṣu bhūto .smi na |;
SaundĀ, 18: 18;11 1;maitrīstanīṁ vyañjanacārusāsnāṁ saddharmadugdhāṁ tavāsmi gāṁ sādhu nipīya tṛptastṛṣeva gām |;
SaundĀ, 18: 18;12 1;yatpaśyataścādhigamo mamāyaṁ tanme samāsena mune sarvajña kāmaṁ viditaṁ tavaitat svaṁ tūpacāraṁ |;
SaundĀ, 18: 18;13 1;anye .pi santo vimumukṣavo hi śrutvā vimokṣāya nayaṁ muktasya rogādiva rogavantastenaiva mārgeṇa sukhaṁ |;
SaundĀ, 18: 18;14 1;urvyādikān janmani vedmi dhātūn nātmānamurvyādiṣu yasmādatasteṣu na me .sti saktirbahiśca kāyena samā |;
SaundĀ, 18: 18;15 1;skandhāṁśca rūpaprabhṛtīn daśārdhān paśyāmi anātmakāṁścaiva vadhātmakāṁśca tasmād vimukto |;
SaundĀ, 18: 18;16 1;yasmācca paśyāmyudayaṁ vyayaṁ ca tasmādanityeṣu nirātmakeṣu duḥkheṣu me teṣvapi nāsti |;
SaundĀ, 18: 18;17 1;yataśca lokaṁ samajanmaniṣṭhaṁ paśyāmi niḥsāramasacca ato dhiyā me manasā vibaddhamasmīti me neñjitamasti |;
SaundĀ, 18: 18;18 1;caturvidhe naikavidhaprasaṅge yato amūrchitaścāgrathitaśca tatra tribhyo vimukto .smi tato |;
SaundĀ, 18: 18;19 1;aniścitaścāpratibaddhacitto dṛṣṭaśrutādau yasmāt samātmānugataśca tatra tasmād visaṁyogagato |;
SaundĀ, 18: 18;20 1;ityevamuktvā gurubāhumānyāt sarveṇa kāyena sa gāṁ praverito lohitacandanākto haimo mahāstambha ivābabhāse |;
SaundĀ, 18: 18;21 1;tataḥ pramādāt prasṛtasya pūrvaṁ śrutvā dhṛtiṁ dharmānvayaṁ cānugataṁ prasādaṁ meghasvarastaṁ |;
SaundĀ, 18: 18;22 1;uttiṣṭha dharme sthita śiṣyajuṣṭe kiṁ pādayorme patito .si abhyarcanaṁ me na tathā praṇāmo dharme yathaiṣā |;
SaundĀ, 18: 18;23 1;adyāsi supravrajito jitātmannaiśvaryamapyātmani yena jitātmanaḥ pravrajanaṁ hi sādhu calātmano na |;

SaundĀ, 18: 18;25 1;adyārthavatte śrutavacchrutaṁ tacchrutānurūpaṁ kṛtaśruto vipratipadyamāno nindyo hi nirvīrya |;
SaundĀ, 18: 18;26 1;aho dhṛtiste .viṣayātmakasya yattvaṁ matiṁ yāsyāmi niṣṭhāmiti bāliśo hi janmakṣayāt |;
SaundĀ, 18: 18;27 1;diṣṭyā durāpaḥ kṣaṇasaṁnipāto nāyaṁ kṛto mohavaśena udeti duḥkhena gato hyadhastāt kūrmo yugacchidra |;
SaundĀ, 18: 18;28 1;nirjitya māraṁ yudhi durnivāramadyāsi loke śūro .pyaśūraḥ sa hi veditavyo doṣairamitrairiva hanyate |;
SaundĀ, 18: 18;29 1;nirvāpya rāgāgnimudīrṇamadya diṣṭyā sukhaṁ svapsyasi duḥkhaṁ hi śete śayane .pyudāre kleśāgninā cetasi |;
SaundĀ, 18: 18;30 1;abhyucchrito dravyamadena pūrvamadyāsi tṛṣṇoparamāt yāvat satarṣaḥ puruṣo hi loke tāvat samṛddho .pi sadā |;
SaundĀ, 18: 18;31 1;adyāpadeṣṭuṁ tava yuktarūpaṁ śuddhodano me nṛpatiḥ bhraṣṭasya dharmāt pitṛbhirnipātād aślāghanīyo hi |;
SaundĀ, 18: 18;32 1;diṣṭyāsi śāntiṁ paramāmupeto nistīrṇakāntāra ivāptasāraḥ sarvo hi saṁsāragato bhayārto yathaiva |;
SaundĀ, 18: 18;33 1;āraṇyakaṁ bhaikṣacaraṁ vinītaṁ drakṣyāmi nandaṁ āsīt purastāttvayi me didṛkṣā tathāsi diṣṭyā mama |;
SaundĀ, 18: 18;34 1;bhavatyarūpo .pi hi darśanīyaḥ svalaṁkṛtaḥ doṣaiḥ parīto malinīkaraistu sudarśanīyo .pi virūpa eva ||;
SaundĀ, 18: 18;35 1;adya prakṛṣṭā tava buddhimattā kṛtsnaṁ yayā te śrutonnatasyāpi hi nāsti buddhirnotpadyate śreyasi yasya |;
SaundĀ, 18: 18;36 1;unmīlitasyāpi janasya madhye nimīlitasyāpi tathaiva prajñāmayaṁ yasya hi nāsti cakṣuścakṣurna tasyāsti |;
SaundĀ, 18: 18;37 1;duḥkhapratīkāranimittamārtaḥ kṛṣyādibhiḥ khedamupaiti ajasramāgacchati tacca bhūyo jñānena yasyādya |;
SaundĀ, 18: 18;38 1;duḥkhaṁ na me syāt sukhameva me syāditi pravṛttaḥ na vetti taccaiva tathā yathā syāt prāptaṁ |;

SaundĀ, 18: 18;40 1;aho viśeṣeṇa viśeṣadarśin tvayānukampā mayi darśiteyaṁ yatkāmapaṅke bhagavannimagnastrāto .smi |;
SaundĀ, 18: 18;41 1;bhrātrā tvayā śreyasi daiśikena pitrā phalasthena tathaiva hato .bhaviṣyaṁ yadi na vyamokṣyaṁ sārthāt paribhraṣṭa |;
SaundĀ, 18: 18;42 1;śāntasya tuṣṭasya sukho viveko vijñātatattvasya prahīṇamānasya ca nirmadasya sukhaṁ |;
SaundĀ, 18: 18;43 1;atho hi tattvaṁ parigamya samyaṅnirdhūya svaṁ nāśrayaṁ samprati cintayāmi na taṁ janaṁ |;
SaundĀ, 18: 18;44 1;idaṁ hi bhuktvā śuci śāmikaṁ sukhaṁ na me manaḥ mahārhamapyannam adaivatāhṛtaṁ divaukaso |;
SaundĀ, 18: 18;45 1;aho .ndhavijñānanimīlitaṁ jagat paṭāntare paśyati sudhīram adhyātmasukhaṁ vyapāsya hi śramaṁ tathā |;
SaundĀ, 18: 18;46 1;yathā hi ratnākarametya durmatirvihāya ratnānyasato apāsya saṁbodhisukhaṁ tathottamaṁ śramaṁ vrajet |;
SaundĀ, 18: 18;47 1;aho hi sattveṣvatimaitracetasas tathāgatasyānujighṛkṣutā apāsya yaddhyānasukhaṁ mune paraṁ parasya |;
SaundĀ, 18: 18;48 1;mayā nu śakyaṁ pratikartumadya kiṁ gurau samuddhṛto yena bhavārṇavādahaṁ |;
SaundĀ, 18: 18;49 1;tato munistasya niśamya hetumat idaṁ babhāṣe vadatāmanuttamo yadarhati śrīghana eva |;
SaundĀ, 18: 18;50 1;idaṁ kṛtārthaḥ paramārthavit kṛtī tvameva atītya kāntāramavāptasādhanaḥ sudaiśikasyeva kṛtaṁ |;
SaundĀ, 18: 18;51 1;avaiti buddhaṁ naradamyasārathiṁ kṛtī na dṛṣṭasatyo .pi tathāvabudhyate pṛthagjanaḥ kiṁ bata |;
SaundĀ, 18: 18;52 1;rajastamobhyāṁ parimuktacetasastavaiva ceyaṁ sadṛśī rajaḥprakarṣeṇa jagatyavasthite kṛtajñabhāvo hi kṛtajña |;
SaundĀ, 18: 18;53 1;sadharma dharmānvayato yataśca te mayi prasādo ato .sti bhūyastvayi me vivakṣitaṁ nato hi bhaktaśca |;
SaundĀ, 18: 18;54 1;avāptakāryo .si parāṁ gatiṁ gato na te .sti kiṁcit ataḥparaṁ saumya carānukampayā vimokṣayan |;
SaundĀ, 18: 18;55 1;ihārthamevārabhate naro .dhamo kriyāmamutraiva phalāya madhyamo viśiṣṭadharmā |;
SaundĀ, 18: 18;56 1;ihottamebhyo .pi mataḥ sa tūttamo ya uttamaṁ acintayitvātmagataṁ pariśramaṁ śamaṁ parebhyo |;
SaundĀ, 18: 18;57 1;vihāya tasmādiha kāryamātmanaḥ kuru sthirātman bhramatsu sattveṣu tamāvṛtātmasu śrutapradīpo niśi |;
SaundĀ, 18: 18;58 1;bravītu tāvat puri vismito janastvayi sthite kurvati aho batāścaryamidaṁ vimuktaye karoti rāgī yadayaṁ |;
SaundĀ, 18: 18;59 1;dhruvaṁ hi saṁśrutya tava sthiraṁ mano vadhūrgṛhe sāpi tavānukurvatī kariṣyate strīṣu virāgiṇīḥ |;
SaundĀ, 18: 18;60 1;tvayi paramadhṛtau niviṣṭatattve bhavanagatā na hi manasi śamadamātmake vivikte matiriva kāmasukhaiḥ |;
SaundĀ, 18: 18;61 1;ityarhataḥ paramakāruṇikasya śāsturmūrdhnā vacaśca svasthaḥ praśāntahṛdayo vinivṛttakāryaḥ pārśvānmuneḥ |;
SaundĀ, 18: 18;62 1;bhikṣārthaṁ samaye viveśa sa puraṁ dṛṣṭīrjanasyākṣipan nirmokṣāya cakāra tatra ca kathāṁ kāle janāyārthine |;
SaundĀ, 18: 18;63 1;ityeṣā vyupaśāntaye na rataye mokṣārthagarbhā kṛtiḥ yanmokṣāt kṛtamanyadatra hi mayā tatkāvyadharmāt |;
SaundĀ, 18: 18;64 1;prāyeṇālokya lokaṁ viṣayaratiparaṁ mokṣāt pratihataṁ tadbuddhvā śāmikaṁ yattadavahitamito grāhyaṁ na |;
