TĀ, 1: 1;1 1;vimalakalāśrayābhinavasṛṣṭimahā jananī bharitatanuśca tadubhayayāmalasphuritabhāvavisargamayaṁ |;Tantrasāra TantraS, 1: 1 1;vimalakalāśrayābhinavasṛṣṭimahā jananī bharitatanuś ca tadubhayayāmalasphuritabhāvavisargamayaṁ hṛdayam ;GOOD;;
TĀ, 1: 1;2 1;naumi citpratibhāṁ devīṁ parāṁ bhairavayoginīm |;
TĀ, 1: 1;2 2;mātṛmānaprameyāṁśaśūlāmbujakṛtāspadām ||;
TĀ, 1: 1;3 1;naumi devīṁ śarīrasthāṁ nṛtyato bhairavākṛte |;
TĀ, 1: 1;3 2;prāvṛṇmeghaghanavyomavidyullekhāvilāsinīm ||;
TĀ, 1: 1;4 1;dīptajyotiśchaṭāpluṣṭabhedabandhatrayaṁ sphurat |;
TĀ, 1: 1;4 2;stājjñānaśūlaṁ satpakṣavipakṣotkartanakṣamam ||;
TĀ, 1: 1;5 1;svātantryaśaktiḥ kramasaṁsisṛkṣā kramātmatā ceti tadeva devītrayamantarāstāmanuttaraṁ me |;
TĀ, 1: 1;6 1;taddevatāvibhavabhāvimahāmarīcicakreśvarāyitanijasthitir devīsuto gaṇapatiḥ sphuradindukāntiḥ |;

TĀ, 1: 1;8 1;traiyambakābhihitasantatitāmraparṇīsanmauktikaprakarakpūrve jayanti guravo |;
TĀ, 1: 1;9 1;jayati gurureka eva śrīśrīkaṇṭho bhuvi prathitaḥ |;
TĀ, 1: 1;9 2;tadaparamūrtirbhagavān maheśvaro bhūtirājaśca ||;
TĀ, 1: 1;10 1;śrīsomānandabodhaśrīmadutpalaviniḥsṛtāḥ |;
TĀ, 1: 1;10 2;jayanti saṁvidāmodasandarbhā dikprasarpiṇaḥ ||;
TĀ, 1: 1;11 1;tadāsvādabharāveśabṛṁhitāṁ matiṣaṭpadīm |;
TĀ, 1: 1;11 2;gurorlakṣmaṇaguptasya nādasaṁmohinīṁ numaḥ ||;
TĀ, 1: 1;12 1;yaḥ pūrṇānandaviśrāntasarvaśāstrārthapāragaḥ |;
TĀ, 1: 1;12 2;sa śrīcukhulako diśyādiṣṭaṁ me gururuttamaḥ ||;
TĀ, 1: 1;13 1;jayatājjagaduddhṛtikṣamo .sau bhagavatyā saha yadudīritaśāsanāṁśubhirme prakaṭo .yaṁ gahano .pi |;
TĀ, 1: 1;14 1;santi paddhatayaścitrāḥ srotobhedeṣu bhūyasā |;
TĀ, 1: 1;14 2;anuttaraṣaḍardhārthakrame tvekāpi nekṣyate ||;
TĀ, 1: 1;15 1;ityahaṁ bahuśaḥ sadbhiḥ śiṣyasabrahmacāribhiḥ |;
TĀ, 1: 1;15 2;arthito racaye spaṣṭāṁ pūrṇārthāṁ prakriyāmimām ||;
TĀ, 1: 1;16 1;śrībhaṭṭanāthacaraṇābjayugāttathā bodhānyapāśaviṣanuttadupāsanotthabodhojjvalo |;
TĀ, 1: 1;17 1;na tadastīha yanna śrīmālinīvijayottare |;
TĀ, 1: 1;17 2;devadevena nirdiṣṭaṁ svaśabdenātha liṅgataḥ ||;
TĀ, 1: 1;18 1;daśāṣṭādaśavasvaṣṭabhinnaṁ yacchāsanaṁ vibhoḥ |;
TĀ, 1: 1;18 2;tatsāraṁ trikaśāstraṁ hi tatsāraṁ mālinīmatam ||;
TĀ, 1: 1;19 1;ato .trāntargataṁ sarvaṁ saṁpradāyojjhitairbudhaiḥ |;
TĀ, 1: 1;19 2;adṛṣṭaṁ prakaṭīkurmo gurunāthājñayā vayam ||;
TĀ, 1: 1;20 1;abhinavaguptasya kṛtiḥ seyaṁ yasyoditā gurubhirākhyā |;
TĀ, 1: 1;20 2;trinayanacaraṇasaroruhacintanalabdhaprasiddhiriti ||;
TĀ, 1: 1;21 1;śrīśambhunāthabhāskaracaraṇanipātaprabhāpagatasaṁkocaabhinavaguptahṛdambujametadvicinuta |;Tantrasāra TantraS, 1: 1 3;śrīśambhunāthabhāskaracaraṇanipātaprabhāpagatasaṁkocaabhinavaguptahṛdambujam etad vicinuta ;GOOD;;
TĀ, 1: 1;22 1;iha tāvatsamasteṣu śāstreṣu parigīyate |;
TĀ, 1: 1;22 2;ajñānaṁ saṁsṛterheturjñānaṁ mokṣaikakāraṇam ||;
TĀ, 1: 1;23 1;malamajñānamicchanti saṁsārāṅkurakāraṇam |;
TĀ, 1: 1;23 2;iti proktaṁ tathā ca śrīmālinīvijayottare ||;
TĀ, 1: 1;24 1;viśeṣaṇena buddhisthe saṁsārottarakālike |;
TĀ, 1: 1;24 2;saṁbhāvanāṁ nirasyaitadabhāve mokṣamabravīt ||;
TĀ, 1: 1;25 1;ajñānamiti na jñānābhāvaścātiprasaṅgataḥ |;
TĀ, 1: 1;25 2;sa hi loṣṭādike .pyasti na ca tasyāsti saṁsṛtiḥ ||;
TĀ, 1: 1;26 1;ato jñeyasya tattvasya sāmastyenāprathātmakam |;
TĀ, 1: 1;26 2;jñānameva tadajñānaṁ śivasūtreṣu bhāṣitam ||;
TĀ, 1: 1;27 1;caitanyamātmā jñānaṁ ca bandha ityatra sūtrayoḥ |;
TĀ, 1: 1;27 2;saṁśleṣetarayogābhyām ayamarthaḥ pradarśitaḥ ||;
TĀ, 1: 1;28 1;caitanyamiti bhāvāntaḥ śabdaḥ svātantryamātrakam |;
TĀ, 1: 1;28 2;anākṣiptaviśeṣaṁ sadāha sūtre purātane ||;
TĀ, 1: 1;29 1;dvitīyena tu sūtreṇa kriyāṁ vā karaṇaṁ ca vā |;
TĀ, 1: 1;29 2;bruvatā tasya cinmātrarūpasya dvaitamucyate ||;
TĀ, 1: 1;30 1;dvaitaprathā tadajñānaṁ tucchatvādbandha ucyate |;
TĀ, 1: 1;30 2;tata eva samucchedyamityāvṛttyā nirūpitam ||;
TĀ, 1: 1;31 1;svatantrātmātiriktastu tuccho .tuccho .pi kaścana |;
TĀ, 1: 1;31 2;na mokṣo nāma tannāsya pṛthaṅnāmāpi gṛhyate ||;
TĀ, 1: 1;32 1;yattu jñeyasatattvasya pūrṇapūrṇaprathātmakam |;
TĀ, 1: 1;32 2;taduttarottaraṁ jñānaṁ tattatsaṁsāraśāntidam ||;
TĀ, 1: 1;33 1;rāgādyakaluṣo .smyantaḥśūnyo .haṁ kartṛtojjhitaḥ |;
TĀ, 1: 1;33 2;itthaṁ samāsavyāsābhyāṁ jñānaṁ muñcati tāvataḥ ||;
TĀ, 1: 1;34 1;tasmānmukto .pyavacchedādavacchedāntarasthiteḥ |;
TĀ, 1: 1;34 2;amukta eva muktastu sarvāvacchedavarjitaḥ ||;
TĀ, 1: 1;35 1;yattu jñeyasatattvasya jñānaṁ sarvātmanojjhitam |;
TĀ, 1: 1;35 2;avacchedairna tatkutrāpyajñānaṁ satyamuktidam ||;
TĀ, 1: 1;36 1;jñānājñānasvarūpaṁ yaduktaṁ pratyekamapyadaḥ |;
TĀ, 1: 1;36 2;dvidhā pauruṣabauddhatvabhidoktaṁ śivaśāsane ||;
TĀ, 1: 1;37 1;tatra puṁso yadajñānaṁ malākhyaṁ tajjam apyaya |;
TĀ, 1: 1;37 2;svapūrṇacitkriyārūpaśivatāvaraṇātmakam ||;
TĀ, 1: 1;38 1;saṁkocidṛkkriyārūpaṁ tatpaśoravikalpitam |;
TĀ, 1: 1;38 2;tadajñānaṁ na buddhyaṁśo .dhyavasāyādyabhāvataḥ ||;
TĀ, 1: 1;39 1;ahamitthamidaṁ vedmītyevamadhyavasāyinī |;
TĀ, 1: 1;39 2;ṣaṭkañcukābilāṇūtthapratibimbanato yadā ||;
TĀ, 1: 1;40 1;dhīrjāyate tadā tādṛgjñānamajñānaśabditam |;
TĀ, 1: 1;40 2;bauddhaṁ tasya ca tatpauṁsnaṁ poṣaṇīyaṁ ca poṣṭṛ ca ||;
TĀ, 1: 1;41 1;kṣīṇe tu paśusaṁskāre puṁsaḥ prāptaparasthiteḥ |;
TĀ, 1: 1;41 2;vikasvaraṁ tadvijñānaṁ pauruṣaṁ nirvikalpakam ||;

TĀ, 1: 1;43 1;tatra dīkṣādinā pauṁsnamajñānaṁ dhvaṁsi yadyapi |;
TĀ, 1: 1;43 2;tathāpi taccharīrānte tajjñānaṁ vyajyate sphuṭam ||;
TĀ, 1: 1;44 1;bauddhajñānena tu yadā bauddhamajñānajṛmbhitam |;
TĀ, 1: 1;44 2;vilīyate tadā jīvanmuktiḥ karatale sthitā ||;
TĀ, 1: 1;45 1;dīkṣāpi bauddhavijñānapūrvā satyaṁ vimocikā |;
TĀ, 1: 1;45 2;tena tatrāpi bauddhasya jñānasyāsti pradhānatā ||;
TĀ, 1: 1;46 1;jñānājñānāgataṁ caitaddvitvaṁ svāyambhuve rurau |;
TĀ, 1: 1;46 2;mataṅgādau kṛtaṁ śrīmatkheṭapālādidaiśikaiḥ ||;
TĀ, 1: 1;47 1;tathāvidhāvasāyātmabauddhavijñānasampade |;
TĀ, 1: 1;47 2;śāstrameva pradhānaṁ yajjñeyatattvapradarśakam ||;
TĀ, 1: 1;48 1;dīkṣayā galite .pyantarajñāne pauruṣātmani |;
TĀ, 1: 1;48 2;dhīgatasyānivṛttatvādvikalpo .pi hi saṁbhaveta ||;
TĀ, 1: 1;49 1;dehasadbhāvaparyantamātmabhāvo yato dhiyi |;
TĀ, 1: 1;49 2;dehānte .pi na mokṣaḥ syātpauruṣājñānahānitaḥ ||;
TĀ, 1: 1;50 1;bauddhājñānanivṛttau tu vikalponmūlanāddhruvam |;
TĀ, 1: 1;50 2;tadaiva mokṣa ityuktaṁ dhātrā śrīmanniśāṭane ||;
TĀ, 1: 1;51 1;vikalpayuktacitastu piṇḍapātācchivaṁ vrajet |;
TĀ, 1: 1;51 2;itarastu tadaiveti śāstrasyātra pradhānataḥ ||;
TĀ, 1: 1;52 1;jñeyasya hi paraṁ tattvaṁ yaḥ prakāśātmakaḥ śivaḥ |;
TĀ, 1: 1;52 2;nahyaprakāśarūpasya prākāśyaṁ vastutāpi vā ||;
TĀ, 1: 1;53 1;avastutāpi bhāvānāṁ camatkāraikagocarā |;
TĀ, 1: 1;53 2;yatkuḍyasadṛśī neyaṁ dhīravastvetadityapi ||;
TĀ, 1: 1;54 1;prakāśo nāma yaścāyaṁ sarvatraiva prakāśate |;
TĀ, 1: 1;54 2;anapahnavanīyatvāt kiṁ tasminmānakalpanaiḥ ||;
TĀ, 1: 1;55 1;pramāṇānyapi vastūnāṁ jīvitaṁ yāni tanvate |;
TĀ, 1: 1;55 2;teṣāmapi paro jīvaḥ sa eva parameśvaraḥ ||;
TĀ, 1: 1;56 1;sarvāpahnavahevākadharmāpyevaṁ hi vartate |;
TĀ, 1: 1;56 2;jñānamātmārthamityetanneti māṁ prati bhāsate ||;
TĀ, 1: 1;57 1;apahnutau sādhane vā vastūnāmādyamīdṛśam |;
TĀ, 1: 1;57 2;yattatra ke pramāṇānāmupapattyupayogite ||;
TĀ, 1: 1;58 1;[58missing] ||;
TĀ, 1: 1;59 1;kāmike tata evoktaṁ hetuvādavivarjitam |;
TĀ, 1: 1;59 2;tasya devātidevasya parāpekṣā na vidyate ||;
TĀ, 1: 1;60 1;parasya tadapekṣatvātsvatantro .yamataḥ sthitaḥ |;
TĀ, 1: 1;60 2;anapekṣasya vaśino deśakālākṛtikramāḥ ||;
TĀ, 1: 1;61 1;niyatā neti sa vibhurnityo viśvākṛtiḥ śivaḥ |;
TĀ, 1: 1;61 2;vibhutvātsarvago nityabhāvādādyantavarjitaḥ ||;
TĀ, 1: 1;62 1;viśvākṛtitvāccidacittadvaicitryāvabhāsakaḥ |;
TĀ, 1: 1;62 2;tato .sya bahurūpatvamuktaṁ dīkṣottarādike ||;
TĀ, 1: 1;63 1;bhuvanaṁ vigraho jyotiḥ khaṁ śabdo mantra eva ca |;
TĀ, 1: 1;63 2;bindunādādisaṁbhinnaḥ ṣaḍvidhaḥ śiva ucyate ||;
TĀ, 1: 1;64 1;yo yadātmakatāniṣṭhastadbhāvaṁ sa prapadyate |;
TĀ, 1: 1;64 2;vyomādiśabdavijñānātparo mokṣo na saṁśayaḥ ||;
TĀ, 1: 1;65 1;viśvākṛtitve devasya tadetaccopalakṣaṇam |;
TĀ, 1: 1;65 2;anavacchinnatārūḍhāvavacchedalaye .sya ca ||;
TĀ, 1: 1;66 1;uktaṁ ca kāmike devaḥ sarvākṛtirnirākṛtiḥ |;
TĀ, 1: 1;66 2;jaladarpaṇavattena sarvaṁ vyāptaṁ carācaram ||;
TĀ, 1: 1;67 1;na cāsya vibhutādyo .yaṁ dharmo .nyonyaṁ vibhidyate |;
TĀ, 1: 1;67 2;eka evāsya dharmo .sau sarvākṣepeṇa vartate ||;
TĀ, 1: 1;68 1;tena svātantryaśaktyaiva yukta ityāñjaso vidhiḥ |;
TĀ, 1: 1;68 2;bahuśaktitvam apyasya tacchaktyaivāviyuktatā ||;
TĀ, 1: 1;69 1;śaktiśca nāma bhāvasya svaṁ rūpaṁ mātṛkalpitam |;
TĀ, 1: 1;69 2;tenādvayaḥ sa evāpi śaktimatparikalpane ||;
TĀ, 1: 1;70 1;mātṛkL.pte hi devasya tatra tatra vapuṣyalam |;
TĀ, 1: 1;70 2;ko bhedo vastuto vahnerdagdhṛpaktṛtvayoriva ||;
TĀ, 1: 1;71 1;na vāsau paramārthena na kiṁcidbhāsanādṛte |;
TĀ, 1: 1;71 2;nahyasti kiṁcittacchaktitadvadbhedo .pi vāstavaḥ ||;
TĀ, 1: 1;72 1;svaśaktyudrekajanakaṁ tādātmyādvastuno hi yat |;
TĀ, 1: 1;72 2;śaktistadapi devyevaṁ bhāntyapyanyasvarūpiṇī ||;
TĀ, 1: 1;73 1;śivaścāluptavibhavastathā sṛṣṭo .vabhāsate |;
TĀ, 1: 1;73 2;svasaṁvinmātṛmakure svātantryādbhāvanādiṣu ||;
TĀ, 1: 1;74 1;tasmādyena mukhenaiṣa bhātyanaṁśo .pi tattathā |;
TĀ, 1: 1;74 2;śaktirityeṣa vastveva śaktitadvatkramaḥ sphuṭaḥ ||;
TĀ, 1: 1;75 1;śrīmatkiraṇaśāstre ca tatpraśnottarapūrvakam |;
TĀ, 1: 1;75 2;anubhāvo vikalpo .pi mānaso na manaḥ śive ||;
TĀ, 1: 1;76 1;avijñāya śivaṁ dīkṣā kathamityatra cottaram |;
TĀ, 1: 1;76 2;kṣudhādyanubhavo naiva vikalpo nahi mānasaḥ ||;
TĀ, 1: 1;77 1;rasādyanadhyakṣatve .pi rūpādeva yathā tarum |;
TĀ, 1: 1;77 2;vikalpo vetti tadvattu nādabindvādinā śivam ||;
TĀ, 1: 1;78 1;bahuśaktitvamasyoktaṁ śivasya yadato mahān |;
TĀ, 1: 1;78 2;kalātattvapurārṇāṇupadādirbhedavistaraḥ ||;
TĀ, 1: 1;79 1;sṛṣṭisthititirodhānasaṁhārānugrahādi ca |;
TĀ, 1: 1;79 2;turyamityapi devasya bahuśaktitvajṛmbhitam ||;
TĀ, 1: 1;80 1;jāgratsvapnasuṣuptānyatadatītāni yānyapi |;
TĀ, 1: 1;80 2;tānyapyamuṣya nāthasya svātantryalaharībharaḥ ||;
TĀ, 1: 1;81 1;mahāmantreśamantreśamantrāḥ śivapurogamāḥ |;
TĀ, 1: 1;81 2;akalau sakalaśceti śivasyaiva vibhūtayaḥ ||;
TĀ, 1: 1;82 1;tattvagrāmasya sarvasya dharmaḥ syād anapāyavān |;
TĀ, 1: 1;82 2;ātmaiva hi svabhāvātmetyuktaṁ śrītriśiromate ||;
TĀ, 1: 1;83 1;hṛdisthaṁ sarvadehasthaṁ svabhāvasthaṁ susūkṣmakam |;
TĀ, 1: 1;83 2;sāmūhyaṁ caiva tattvānāṁ grāmaśabdena kīrtitam ||;
TĀ, 1: 1;84 1;ātmaiva dharma ityuktaḥ śivāmṛtapariplutaḥ |;
TĀ, 1: 1;84 2;prakāśāvasthitaṁ jñānaṁ bhāvābhāvādimadhyataḥ ||;
TĀ, 1: 1;85 1;svasthāne vartanaṁ jñeyaṁ draṣṭṛtvaṁ vigatāvṛti |;
TĀ, 1: 1;85 2;viviktavastukathitaśuddhavijñānanirmalaḥ ||;
TĀ, 1: 1;86 1;grāmadharmavṛttiruktastasya sarvaṁ prasidhyati |;
TĀ, 1: 1;86 2;ūrdhvaṁ tyaktvādho viśetsa rāmastho madhyadeśagaḥ ||;
TĀ, 1: 1;87 1;gatiḥ sthānaṁ svapnajāgradunmeṣaṇanimeṣaṇe |;
TĀ, 1: 1;87 2;dhāvanaṁ plavanaṁ caiva āyāsaḥ śaktivedanam ||;
TĀ, 1: 1;88 1;buddhibhedāstathā bhāvāḥ saṁjñāḥ karmāṇyanekaśaḥ |;
TĀ, 1: 1;88 2;eṣa rāmo vyāpako .tra śivaḥ paramakāraṇam ||;
TĀ, 1: 1;89 1;kalmaṣakṣīṇamanasā smṛtimātranirodhanāt |;
TĀ, 1: 1;89 2;dhyāyate paramaṁ dhyeyaṁ gamāgamapade sthitam ||;
TĀ, 1: 1;90 1;paraṁ śivaṁ tu vrajati bhairavākhyaṁ japādapi |;
TĀ, 1: 1;90 2;tatsvarūpaṁ japaḥ prokto bhāvābhāvapadacyutaḥ ||;
TĀ, 1: 1;91 1;tadatrāpi tadīyena svātantryeṇopakalpitaḥ |;
TĀ, 1: 1;91 2;dūrāsannādiko bhedaścitsvātantryavyapekṣayā ||;
TĀ, 1: 1;92 1;evaṁ svātantryapūrṇatvādatidurghaṭakāryayam |;
TĀ, 1: 1;92 2;kena nāma na rūpeṇa bhāsate parameśvaraḥ ||;
TĀ, 1: 1;93 1;nirāvaraṇamābhāti bhātyāvṛtanijātmakaḥ |;
TĀ, 1: 1;93 2;āvṛtānāvṛto bhāti bahudhā bhedasaṁgamāt ||;
TĀ, 1: 1;94 1;iti śaktitrayaṁ nāthe svātantryāparanāmakam |;
TĀ, 1: 1;94 2;icchādibhirabhikhyābhirgurubhiḥ prakaṭīkṛtam ||;
TĀ, 1: 1;95 1;devo hyanvarthaśāstroktaiḥ śabdaiḥ samupadiśyate |;
TĀ, 1: 1;95 2;mahābhairavadevo .yaṁ patiryaḥ paramaḥ śivaḥ ||;
TĀ, 1: 1;96 1;viśvaṁ bibharti pūraṇadhāraṇayogena tena ca bhriyate |;
TĀ, 1: 1;96 2;savimarśatayā ravarūpataśca saṁsārabhīruhitakṛcca ||;
TĀ, 1: 1;97 1;saṁsārabhītijanitādravāt parāmarśato .pi hṛdi jātaḥ |;
TĀ, 1: 1;97 2;prakaṭībhūtaṁ bhavabhayavimarśanaṁ śaktipātato yena ||;
TĀ, 1: 1;98 1;nakṣatraprerakakālatattvasaṁśoṣakāriṇo ye ca |;
TĀ, 1: 1;98 2;kālagrāsasamādhānarasikamanaḥsu teṣu ca prakaṭaḥ ||;
TĀ, 1: 1;99 1;saṁkocipaśujanabhiye yāsāṁ ravaṇaṁ svakaraṇadevīnām antarbahiścaturvidhakhecaryādikagaṇasyāpi ||;
TĀ, 1: 1;100 1;tasya svāmī saṁsāravṛttivighaṭanamahābhīmaḥ |;
TĀ, 1: 1;100 2;bhairava iti gurubhirimairanvarthaiḥ saṁstutaḥ śāstre ||;
TĀ, 1: 1;101 1;heyopādeyakathāvirahe svānandaghanatayocchalanam |;
TĀ, 1: 1;101 2;krīḍā sarvotkarṣeṇa vartanecchā tathā svatantratvam ||;
TĀ, 1: 1;102 1;vyavaharaṇamabhinne .pi svātmani bhedena saṁjalpaḥ |;
TĀ, 1: 1;102 2;nikhilāvabhāsanācca dyotanamasya stutiryataḥ sakalam ||;
TĀ, 1: 1;103 1;tatpravaṇamātmalābhātprabhṛti samaste .pi kartavye |;
TĀ, 1: 1;103 2;bodhātmakaḥ samastakriyāmayo dṛkkriyāguṇaśca gatiḥ ||;
TĀ, 1: 1;104 1;iti nirvacanaiḥ śivatanuśāstre gurubhiḥ smṛto devaḥ |;
TĀ, 1: 1;104 2;śāsanarodhanapālanapācanayogātsa sarvamupakurute |;
TĀ, 1: 1;104 3;tena patiḥ śreyomaya eva śivo nāśivaṁ kimapi tatra ||;
TĀ, 1: 1;105 1;īdṛgrūpaṁ kiyadapi rudropendrādiṣu sphuredyena |;
TĀ, 1: 1;105 2;tenāvacchedanude paramamahatpadaviśeṣaṇamupāttam ||;
TĀ, 1: 1;106 1;iti yajjñeyasatattvaṁ darśyate tacchivājñayā |;
TĀ, 1: 1;106 2;mayā svasaṁvitsattarkapatiśāstratrikakramāt ||;
TĀ, 1: 1;107 1;tasya śaktaya evaitāstisro bhānti parādikāḥ |;
TĀ, 1: 1;107 2;sṛṣṭau sthitau laye turye tenaitā dvādaśoditāḥ ||;
TĀ, 1: 1;108 1;tāvānpūrṇasvabhāvo .sau paramaḥ śiva ucyate |;
TĀ, 1: 1;108 2;tenātropāsakāḥ sākṣāttatraiva pariniṣṭhitāḥ ||;
TĀ, 1: 1;109 1;tāsāmapi ca bhedāṁśanyūnādhikyādiyojanam |;
TĀ, 1: 1;109 2;tatsvātantryabalādeva śāstreṣu paribhāṣitam ||;
TĀ, 1: 1;110 1;ekavīro yāmalo .tha triśaktiścaturātmakaḥ |;
TĀ, 1: 1;110 2;pañcamūrtiḥ ṣaḍātmāyaṁ saptako .ṣṭakabhūṣitaḥ ||;
TĀ, 1: 1;111 1;navātmā daśadikchaktir ekādaśakalātmakaḥ |;
TĀ, 1: 1;111 2;dvādaśāramahācakranāyako bhairavastviti ||;
TĀ, 1: 1;112 1;evaṁ yāvatsahasrāre niḥsaṁkhyāre .pi vā prabhuḥ |;
TĀ, 1: 1;112 2;viśvacakre maheśāno viśvaśaktirvijṛmbhate ||;
TĀ, 1: 1;113 1;teṣāmapi ca cakrāṇāṁ svavargānugamātmanā |;
TĀ, 1: 1;113 2;aikyena cakrago bhedastatra tatra nirūpitaḥ ||;
TĀ, 1: 1;114 1;catuṣṣaḍdvirdvigaṇanāyogāt traiśirase mate |;
TĀ, 1: 1;114 2;ṣaṭcakreśvaratā nāthasyoktā citranijākṛteḥ ||;
TĀ, 1: 1;115 1;nāmāni cakradevīnāṁ tatra kṛtyavibhedataḥ |;
TĀ, 1: 1;115 2;saumyaraudrākṛtidhyānayogīnyanvarthakalpanāt ||;
TĀ, 1: 1;116 1;ekasya saṁvinnāthasya hyāntarī pratibhā tanuḥ |;
TĀ, 1: 1;116 2;saumyaṁ vānyanmitaṁ saṁvidūrmicakramupāsyate ||;
TĀ, 1: 1;117 1;asya syātpuṣṭirityeṣā saṁviddevī tathoditāt |;
TĀ, 1: 1;117 2;dhyānātsaṁjalpasaṁmiśrād vyāpārāccāpi bāhyataḥ ||;
TĀ, 1: 1;118 1;sphuṭībhūtā satī bhāti tasya tādṛkphalapradā |;
TĀ, 1: 1;118 2;puṣṭiḥ śuṣkasya sarasībhāvo jalamataḥ sitam ||;
TĀ, 1: 1;119 1;anugamya tato dhyānaṁ tatpradhānaṁ pratanyate |;
TĀ, 1: 1;119 2;ye ca svabhāvato varṇā rasaniḥṣyandino yathā ||;
TĀ, 1: 1;120 1;dantyauṣṭhyadantyaprāyāste kaiścidvarṇaiḥ kṛtāḥ saha |;
TĀ, 1: 1;120 2;taṁ bījabhāvamāgatya saṁvidaṁ sphuṭayanti tām ||;
TĀ, 1: 1;121 1;puṣṭiṁ kuru rasenainamāpyāyaya tarāmiti |;
TĀ, 1: 1;121 2;saṁjalpo .pi vikalpātmā kiṁ tāmeva na pūrayet ||;
TĀ, 1: 1;122 1;amṛteyamidaṁ kṣīramidaṁ sarpirbalāvaham |;
TĀ, 1: 1;122 2;tenāsya bījaṁ puṣṇīyāmityenāṁ pūrayetkriyām ||;
TĀ, 1: 1;123 1;tasmādviśveśvaro bodhabhairavaḥ samupāsyate |;
TĀ, 1: 1;123 2;avacchedānavacchidbhyāṁ bhogamokṣārthibhirjanaiḥ ||;
TĀ, 1: 1;124 1;ye .pyanyadevatābhaktā ityato gururādiśat |;
TĀ, 1: 1;124 2;ye bodhādvyatiriktaṁ hi kiṁcidyājyatayā viduḥ ||;
TĀ, 1: 1;125 1;te .pi vedyaṁ viviñcānā bodhābhedena manvate |;
TĀ, 1: 1;125 2;tenāvicchinnatāmarśarūpāhantāprathātmanaḥ ||;
TĀ, 1: 1;126 1;svayaṁprathasya na vidhiḥ sṛṣṭyātmāsya ca pūrvagaḥ |;
TĀ, 1: 1;126 2;vedyā hi devatāsṛṣṭiḥ śakterhetoḥ samutthitā ||;
TĀ, 1: 1;127 1;ahaṁrūpā tu saṁvittirnityā svaprathanātmikā |;
TĀ, 1: 1;127 2;vidhirniyogastryaṁśā ca bhāvanā codanātmikā ||;
TĀ, 1: 1;128 1;tadekasiddhā indrādyā vidhipūrvā hi devatāḥ |;
TĀ, 1: 1;128 2;ahaṁbodhastu na tathā te tu saṁvedyarūpatām ||;
TĀ, 1: 1;129 1;unmagnāmeva paśyantastaṁ vidanto .pi no viduḥ |;
TĀ, 1: 1;129 2;taduktaṁ na vidurmāṁ tu tattvenātaścalanti te ||;
TĀ, 1: 1;130 1;calanaṁ tu vyavacchinnarūpatāpattireva yā |;
TĀ, 1: 1;130 2;devāndevayajo yāntītyādi tena nyarūpyata ||;
TĀ, 1: 1;131 1;nimajjya vedyatāṁ ye tu tatra saṁvinmayīṁ sthitim |;
TĀ, 1: 1;131 2;viduste hyanavacchinnaṁ tadbhaktā api yānti mām ||;
TĀ, 1: 1;132 1;sarvatrātra hyahaṁśabdo bodhamātraikavācakaḥ |;
TĀ, 1: 1;132 2;sa bhoktṛprabhuśabdābhyāṁ yājyayaṣṭṭatayoditaḥ ||;
TĀ, 1: 1;133 1;yājamānī saṁvideva yājyā nānyeti coditam |;
TĀ, 1: 1;133 2;na tvākṛtiḥ kuto .pyanyā devatā na hi socitā ||;
TĀ, 1: 1;134 1;vidhiśca noktaḥ ko .pyatra mantrādi vṛttidhāma vā |;
TĀ, 1: 1;134 2;so .yamātmānamāvṛtya sthito jaḍapadaṁ gataḥ ||;
TĀ, 1: 1;135 1;āvṛtānāvṛtātmā tu devādisthāvarāntagaḥ |;
TĀ, 1: 1;135 2;jaḍājaḍasyāpyetasya dvairūpyasyāsti citratā ||;
TĀ, 1: 1;136 1;tasya svatantrabhāvo hi kiṁ kiṁ yanna vicintayet |;
TĀ, 1: 1;136 2;taduktaṁ triśiraḥśāstre saṁbuddha iti vetti yaḥ |;
TĀ, 1: 1;136 3;jñeyabhāvo hi ciddharmastacchāyācchādayenna tām ||;
TĀ, 1: 1;137 1;tenājaḍasya bhāgasya pudgalāṇvādisaṁjñinaḥ |;
TĀ, 1: 1;137 2;anāvaraṇabhāgāṁśe vaicitryaṁ bahudhā sthitam ||;
TĀ, 1: 1;138 1;saṁvidrūpe na bhedo .sti vāstavo yadyapi dhruve |;
TĀ, 1: 1;138 2;tathāpyāvṛtinirhrāsatāratamyāt sa lakṣyate ||;
TĀ, 1: 1;139 1;tadvistareṇa vakṣyāmaḥ śaktipātavinirṇaye |;
TĀ, 1: 1;139 2;samāpya paratāṁ sthaulyaprasaṁge carcayiṣyate ||;
TĀ, 1: 1;140 1;ataḥ kaṁcitpramātāraṁ prati prathayate vibhuḥ |;
TĀ, 1: 1;140 2;pūrṇameva nijaṁ rūpaṁ kaṁcidaṁśāṁśikākramāt ||;
TĀ, 1: 1;141 1;viśvabhāvaikabhāvātmasvarūpaprathanaṁ hi yat |;
TĀ, 1: 1;141 2;aṇūnāṁ tatparaṁ jñānaṁ tadanyadaparaṁ bahu ||;
TĀ, 1: 1;142 1;tacca sākṣādupāyena tadupāyādināpi ca |;
TĀ, 1: 1;142 2;prathamānaṁ vicitrābhirbhaṅgībhiriha bhidyate ||;
TĀ, 1: 1;143 1;tatrāpi svaparadvāradvāritvāt sarvaśo .ṁśaśaḥ |;
TĀ, 1: 1;143 2;vyavadhānāvyavadhinā bhūyānbhedaḥ pravartate ||;
TĀ, 1: 1;144 1;jñānasya cābhyupāyo yo na tadajñānamucyate |;
TĀ, 1: 1;144 2;jñānameva tu tatsūkṣmaṁ paraṁ tvicchātmakaṁ matam ||;
TĀ, 1: 1;145 1;upāyopeyabhāvastu jñānasya sthaulyaviśramaḥ |;
TĀ, 1: 1;145 2;eṣaiva ca kriyāśaktirbandhamokṣaikakāraṇam ||;
TĀ, 1: 1;146 1;tatrādye svaparāmarśe nirvikalpaikadhāmani |;
TĀ, 1: 1;146 2;yatsphuretprakaṭaṁ sākṣāttadicchākhyaṁ prakīrtitam ||;
TĀ, 1: 1;147 1;yathā visphuritadṛśāmanusandhiṁ vināpyalam |;
TĀ, 1: 1;147 2;bhāti bhāvaḥ sphuṭastadvatkeṣāmapi śivātmatā ||;
TĀ, 1: 1;148 1;bhūyo bhūyo vikalpāṁśaniścayakramacarcanāt |;
TĀ, 1: 1;148 2;yatparāmarśamabhyeti jñānopāyaṁ tu tadviduḥ ||;
TĀ, 1: 1;149 1;yattu tatkalpanākL.ptabahirbhūtārthasādhanam |;
TĀ, 1: 1;149 2;kriyopāyaṁ tadāmnātaṁ bhedo nātrāpavargagaḥ ||;
TĀ, 1: 1;150 1;yato nānyā kriyā nāma jñānameva hi tattathā |;
TĀ, 1: 1;150 2;rūḍheryogāntatāṁ prāptamiti śrīgamaśāsane ||;
TĀ, 1: 1;151 1;yogo nānyaḥ kriyā nānyā tattvārūḍhā hi yā matiḥ |;
TĀ, 1: 1;151 2;svacittavāsanāśāntau sā kriyetyabhidhīyate ||;
TĀ, 1: 1;152 1;svacitte vāsanāḥ karmamalamāyāprasūtayaḥ |;
TĀ, 1: 1;152 2;tāsāṁ śāntinimittaṁ yā matiḥ saṁvitsvabhāvikā ||;
TĀ, 1: 1;153 1;sā dehārambhibāhyasthatattvavrātādhiśāyinī |;
TĀ, 1: 1;153 2;kriyā saiva ca yogaḥ syāttattvānāṁ cillayīkṛtau ||;
TĀ, 1: 1;154 1;loke .pi kila gacchāmītyevamantaḥ sphuraiva yā |;
TĀ, 1: 1;154 2;sā dehaṁ deśamakṣāṁścāpyāviśantī gatikriyā ||;
TĀ, 1: 1;155 1;tasmātkriyāpi yā nāma jñānameva hi sā tataḥ |;
TĀ, 1: 1;155 2;jñānameva vimokṣāya yuktaṁ caitadudāhṛtam ||;
TĀ, 1: 1;156 1;mokṣo hi nāma naivānyaḥ svarūpaprathanaṁ hi saḥ |;
TĀ, 1: 1;156 2;svarūpaṁ cātmanaḥ saṁvinnānyattatra tu yāḥ punaḥ ||;
TĀ, 1: 1;157 1;kriyādikāḥ śaktayastāḥ saṁvidrūpādhikā nahi |;
TĀ, 1: 1;157 2;asaṁvidrūpatāyogād dharmiṇaś cānirūpaṇāt ||;
TĀ, 1: 1;158 1;parameśvaraśāstre hi na ca kāṇādadṛṣṭivat |;
TĀ, 1: 1;158 2;śaktīnāṁ dharmarūpāṇāmāśrayaḥ ko .pi kathyate ||;
TĀ, 1: 1;159 1;tataśca dṛkkriyecchādyā bhinnāścecchaktayastathā |;
TĀ, 1: 1;159 2;ekaḥ śiva itīyaṁ vāgvastuśūnyaiva jāyate ||;
TĀ, 1: 1;160 1;tasmātsaṁvittvamevaitatsvātantryaṁ yattadapyalam |;
TĀ, 1: 1;160 2;vivicyamānaṁ bahvīṣu paryavasyati śaktiṣu ||;
TĀ, 1: 1;161 1;yataścātmaprathā mokṣastannehāśaṅkyamīdṛśam |;
TĀ, 1: 1;161 2;nāvaśyaṁ kāraṇātkāryaṁ tajjñānyapi na mucyate ||;
TĀ, 1: 1;162 1;yato jñānena mokṣasya yā hetuphalatoditā |;
TĀ, 1: 1;162 2;na sā mukhyā tato nāyaṁ prasaṁga iti niścitam ||;
TĀ, 1: 1;163 1;evaṁ jñānasvabhāvaiva kriyā sthūlatvamātmani |;
TĀ, 1: 1;163 2;yato vahati tenāsyāṁ citratā dṛśyatāṁ kila ||;
TĀ, 1: 1;164 1;kriyopāye .bhyupāyānāṁ grāhyabāhyavibhedinām |;
TĀ, 1: 1;164 2;bhedopabhedavaividhyānniḥsaṁkhyatvamavāntarāt ||;
TĀ, 1: 1;165 1;anena caitatpradhvastaṁ yatkecana śaśaṅkire |;
TĀ, 1: 1;165 2;upāyabhedānmokṣe .pi bhedaḥ syāditi sūrayaḥ ||;
TĀ, 1: 1;166 1;malatacchaktividhvaṁsatirobhūcyutimadhyataḥ |;
TĀ, 1: 1;166 2;hetubhede .pi no bhinnā ghaṭadhvaṁsādivṛttivat ||;
TĀ, 1: 1;167 1;tadetattrividhatvaṁ hi śāstre śrīpūrvanāmani |;
TĀ, 1: 1;167 2;ādeśi parameśitrā samāveśavinirṇaye ||;
TĀ, 1: 1;168 1;akiṁciccintakasyaiva guruṇā pratibodhataḥ |;
TĀ, 1: 1;168 2;utpadyate ya āveśaḥ śāmbhavo .sāvudīritaḥ ||;
TĀ, 1: 1;169 1;uccārarahitaṁ vastu cetasaiva vicintayan |;
TĀ, 1: 1;169 2;yaṁ samāveśamāpnoti śāktaḥ so .trābhidhīyate ||;
TĀ, 1: 1;170 1;uccārakaraṇadhyānavarṇasthānaprakalpanaiḥ |;
TĀ, 1: 1;170 2;yo bhavetsa samāveśaḥ samyagāṇava ucyate ||;
TĀ, 1: 1;171 1;akiṁciccintakasyeti vikalpānupayogitā |;
TĀ, 1: 1;171 2;tayā ca jhaṭiti jñeyasamāpattirnirūpyate ||;
TĀ, 1: 1;172 1;sā kathaṁ bhavatītyāha guruṇātigarīyasā |;
TĀ, 1: 1;172 2;jñeyābhimukhabodhena drākprarūḍhatvaśālinā ||;
TĀ, 1: 1;173 1;tṛtīyārthe tasi vyākhyā vā vaiyadhikaraṇyataḥ |;
TĀ, 1: 1;173 2;āveśaścāsvatantrasya svatadrūpanimajjanāt ||;
TĀ, 1: 1;174 1;paratadrūpatā śambhorādyācchaktyavibhāginaḥ |;
TĀ, 1: 1;174 2;tenāyamatra vākyārtho vijñeyaṁ pronmiṣatsvayam ||;
TĀ, 1: 1;175 1;vināpi niścayena drāk mātṛdarpaṇabimbitam |;
TĀ, 1: 1;175 2;mātāramadharīkurvat svāṁ vibhūtiṁ pradarśayat ||;
TĀ, 1: 1;176 1;āste hṛdayanairmalyātiśaye tāratamyataḥ |;
TĀ, 1: 1;176 2;jñeyaṁ dvidhā ca cinmātraṁ jaḍaṁ cādyaṁ ca kalpitam ||;
TĀ, 1: 1;177 1;itarattu tathā satyaṁ tadvibhāgo .yamīdṛśaḥ |;
TĀ, 1: 1;177 2;jaḍena yaḥ samāveśaḥ sapraticchandakākṛtiḥ ||;
TĀ, 1: 1;178 1;caitanyena samāveśastādātmyaṁ nāparaṁ kila |;
TĀ, 1: 1;178 2;tenāvikalpā saṁvittirbhāvanādyanapekṣiṇī ||;
TĀ, 1: 1;179 1;śivatādātmyamāpannā samāveśo .tra śāṁbhavaḥ |;
TĀ, 1: 1;179 2;tatprasādātpunaḥ paścādbhāvino .tra viniścayāḥ ||;
TĀ, 1: 1;180 1;santu tādātmyamāpannā na tu teṣāmupāyatā |;
TĀ, 1: 1;180 2;vikalpāpekṣayā mānamavikalpamiti bruvan ||;
TĀ, 1: 1;181 1;pratyukta eva siddhaṁ hi vikalpenānugamyate |;
TĀ, 1: 1;181 2;gṛhītamiti suspaṣṭā niścayasya yataḥ prathā ||;
TĀ, 1: 1;182 1;gṛhṇāmītyavikalpaikyabalāttu pratipadyate |;
TĀ, 1: 1;182 2;avikalpātmasaṁvittau yā sphurattaiva vastunaḥ ||;
TĀ, 1: 1;183 1;sā siddhirna vikalpāttu vastvapekṣāvivarjitāt |;
TĀ, 1: 1;183 2;kevalaṁ saṁvidaḥ so .yaṁ nairmalyetaraviśramaḥ ||;
TĀ, 1: 1;184 1;yadvikalpānapekṣatvasāpekṣatve nijātmani |;
TĀ, 1: 1;184 2;niśīthe .pi maṇijñānī vidyutkālapradarśitān ||;
TĀ, 1: 1;185 1;tāṁstānviśeṣāṁścinute ratnānāṁ bhūyasāmapi |;
TĀ, 1: 1;185 2;nairmalyaṁ saṁvidaścedaṁ pūrvābhyāsavaśādatho ||;
TĀ, 1: 1;186 1;aniyantreśvarecchāta ityetaccarcayiṣyate |;
TĀ, 1: 1;186 2;pañcāśadvidhatā cāsya samāveśasya varṇitā ||;
TĀ, 1: 1;187 1;tattvaṣaṭtriṁśakaitatsthasphuṭabhedābhisandhitaḥ |;
TĀ, 1: 1;187 2;etattattvāntare yat puṁvidyāśaktyātmakaṁ trayam ||;
TĀ, 1: 1;188 1;ambhodhikāṣṭhājvalanasaṁkhyairbhedair yataḥ kramāt |;
TĀ, 1: 1;188 2;puṁvidyāśaktisaṁjñaṁ yattatsarvavyāpakaṁ yataḥ ||;
TĀ, 1: 1;189 1;avyāpakebhyastenedaṁ bhedena gaṇitaṁ kila |;
TĀ, 1: 1;189 2;aśuddhiśudhyamānatvaśuddhitastu mitho .pi tat ||;
TĀ, 1: 1;190 1;bhūtānyadhyakṣasiddhāni kāryahetvanumeyataḥ |;
TĀ, 1: 1;190 2;tattvavargātpṛthagbhūtasamākhyānyata eva hi ||;
TĀ, 1: 1;191 1;sarvapratītisadbhāvagocaraṁ bhūtameva hi |;
TĀ, 1: 1;191 2;viduścatuṣṭaye cātra sāvakāśe tadāsthitim ||;
TĀ, 1: 1;192 1;rudraśaktisamāveśaḥ pañcadhā nanu carcyate |;
TĀ, 1: 1;192 2;ko .vakāśo bhavettatra bhautāveśādivarṇane ||;
TĀ, 1: 1;193 1;prasaṁgādetaditicetsamādhiḥ sambhavannayam |;
TĀ, 1: 1;193 2;nāsmākaṁ mānasāvarjī loko bhinnaruciryataḥ ||;
TĀ, 1: 1;194 1;ucyate dvaitaśāstreṣu parameśādvibheditā |;
TĀ, 1: 1;194 2;bhūtādīnāṁ yathā sātra na tathā dvayavarjite ||;
TĀ, 1: 1;195 1;yāvānṣaṭtriṁśakaḥ so .yaṁ yadanyadapi kiṁcana |;
TĀ, 1: 1;195 2;etāvatī mahādevī rudraśaktiranargalā ||;
TĀ, 1: 1;196 1;tata eva dvitīye .smin adhikāre nyarūpyata |;
TĀ, 1: 1;196 2;dharāderviśvarūpatvaṁ pāñcadaśyādibhedataḥ ||;
TĀ, 1: 1;197 1;tasmādyathā purasthe .rthe guṇādyaṁśāṁśikāmukhāt |;
TĀ, 1: 1;197 2;niraṁśabhāvasaṁbodhastathaivātrāpi budhyatām ||;
TĀ, 1: 1;198 1;ata evāvikalpatvadhrauvyaprābhavavaibhavaiḥ |;
TĀ, 1: 1;198 2;anyairvā śaktirūpatvāddharmaiḥ svasamavāyibhiḥ ||;
TĀ, 1: 1;199 1;sarvaśo .pyatha vāṁśena taṁ vibhuṁ parameśvaram |;
TĀ, 1: 1;199 2;upāsate vikalpaughasaṁskārādye śrutotthitāt ||;
TĀ, 1: 1;200 1;te tattatsvavikalpāntaḥsphurattaddharmapāṭavāt |;
TĀ, 1: 1;200 2;dharmiṇaṁ pūrṇadharmaughamabhedenādhiśerate ||;

TĀ, 1: 1;202 1;taduktaṁ śrīmataṅgādau svaśaktikiraṇātmakam |;
TĀ, 1: 1;202 2;atha patyuradhiṣṭhānamityādyuktaṁ viśeṣaṇaiḥ ||;
TĀ, 1: 1;203 1;tasyāṁ divi sudīptātmā niṣkampo .calamūrtimān |;
TĀ, 1: 1;203 2;kāṣṭhā saiva parā sūkṣmā sarvadikkāmṛtātmikā ||;
TĀ, 1: 1;204 1;pradhvastāvaraṇā śāntā vastumātrātilālasā |;
TĀ, 1: 1;204 2;ādyantoparatā sādhvī mūrtitvenopacaryate ||;
TĀ, 1: 1;205 1;tathopacārasyātraitannimitaṁ saprayojanam |;
TĀ, 1: 1;205 2;tanmukhā sphuṭatā dharmiṇyāśu tanmayatāsthitiḥ ||;
TĀ, 1: 1;206 1;ta eva dharmāḥ śaktyākhyāstaistairucitarūpakaiḥ |;
TĀ, 1: 1;206 2;ākāraiḥ paryupāsyante tanmayībhāvasiddhaye ||;
TĀ, 1: 1;207 1;tatra kācitpunaḥ śaktiranantā vā mitāśca vā |;
TĀ, 1: 1;207 2;ākṣiped dhavatāsattvanyāyād dūrāntikatvataḥ ||;
TĀ, 1: 1;208 1;tena pūrṇasvabhāvatvaṁ prakāśatvaṁ cidātmatā |;
TĀ, 1: 1;208 2;bhairavatvaṁ viśvaśaktīrākṣipedvyāpakatvataḥ ||;
TĀ, 1: 1;209 1;sadāśivādayastūrdhvavyāptyabhāvādadhojuṣaḥ |;
TĀ, 1: 1;209 2;śaktīḥ samākṣipeyustadupāsāntikadūrataḥ ||;
TĀ, 1: 1;210 1;itthaṁbhāve ca śāktākhyo vaikalpikapathakramaḥ |;
TĀ, 1: 1;210 2;iha tūkto yatastasmāt pratiyogyavikalpakam ||;
TĀ, 1: 1;211 1;avikalpapathārūḍho yena yena pathā viśet |;
TĀ, 1: 1;211 2;dharāsadāśivāntena tena tena śivībhavet ||;
TĀ, 1: 1;212 1;nirmale hṛdaye prāgryasphuradbhūmyaṁśabhāsini |;
TĀ, 1: 1;212 2;prakāśe tanmukhenaiva saṁvit paraśivātmatā ||;
TĀ, 1: 1;213 1;evaṁ parecchāśaktyaṁśasadupāyamimaṁ viduḥ |;
TĀ, 1: 1;213 2;śāmbhavākhyaṁ samāveśaṁ sumatyantenivāsinaḥ ||;
TĀ, 1: 1;214 1;śākto .tha bhaṇyate cetodhīmano.haṁkṛti sphuṭam |;
TĀ, 1: 1;214 2;savikalpatayā māyāmayamicchādi vastutaḥ ||;
TĀ, 1: 1;215 1;abhimānena saṁkalpādhyavasāyakrameṇa yaḥ |;
TĀ, 1: 1;215 2;śāktaḥ sa māyopāyo .pi tadante nirvikalpakaḥ ||;
TĀ, 1: 1;216 1;paśorvai yāvikalpā bhūrdaśā sā śāmbhavī param |;
TĀ, 1: 1;216 2;apūrṇā mātṛdaurātmyāttadapāye vikasvarā ||;
TĀ, 1: 1;217 1;evaṁ vaikalpikī bhūmiḥ śākte kartṛtvavedane |;
TĀ, 1: 1;217 2;yasyāṁ sphuṭe paraṁ tvasyāṁ saṁkocaḥ pūrvanītitaḥ ||;
TĀ, 1: 1;218 1;tathā saṁkocasaṁbhāravilāyanaparasya tu |;
TĀ, 1: 1;218 2;sā yatheṣṭāntarābhāsakāriṇī śaktirujjvalā ||;
TĀ, 1: 1;219 1;nanu vaikalpikī kiṁ dhīrāṇave nāsti tatra sā |;
TĀ, 1: 1;219 2;anyopāyātra tūccārarahitatvaṁ nyarūpayat ||;
TĀ, 1: 1;220 1;uccāraśabdenātroktā bahvantena tadādayaḥ |;
TĀ, 1: 1;220 2;śaktyupāye na santyete bhedābhedau hi śaktitā ||;
TĀ, 1: 1;221 1;aṇurnāma sphuṭo bhedastadupāya ihāṇavaḥ |;
TĀ, 1: 1;221 2;vikalpaniścayātmaiva paryante nirvikalpakaḥ ||;
TĀ, 1: 1;222 1;nanu dhīmānasāhaṁkṛtpumāṁso vyāpnuyuḥ śivam |;
TĀ, 1: 1;222 2;nādhovartitayā tena kathitaṁ kathamīdṛśam ||;
TĀ, 1: 1;223 1;ucyate vastuto .smākaṁ śiva eva tathāvidhaḥ |;
TĀ, 1: 1;223 2;svarūpagopanaṁ kṛtvā svaprakāśaḥ punastathā ||;
TĀ, 1: 1;224 1;dvaitaśāstre mataṅgādau cāpyetat sunirūpitam |;
TĀ, 1: 1;224 2;adhovyāptuḥ śivasyaiva sa prakāśo vyavasthitaḥ ||;
TĀ, 1: 1;225 1;yena buddhimanobhūmāvapi bhāti paraṁ padam ||;
TĀ, 1: 1;226 1;dvāvapyetau samāveśau nirvikalpārṇavaṁ prati |;
TĀ, 1: 1;226 2;prayāta eva tadrūḍhiṁ vinā naiva hi kiṁcana ||;
TĀ, 1: 1;227 1;saṁvittiphalabhiccātra na prakalpyetyato .bravīt |;
TĀ, 1: 1;227 2;kalpanāyāśca mukhyatvamatraiva kila sūcitam ||;
TĀ, 1: 1;228 1;vikalpāpekṣayā yo .pi prāmāṇyaṁ prāha tanmate |;
TĀ, 1: 1;228 2;tadvikalpakramopāttanirvikalpapramāṇatā ||;
TĀ, 1: 1;229 1;ratnatattvamavidvānprāṅniścayopāyacarcanāt |;
TĀ, 1: 1;229 2;anupāyāvikalpāptau ratnajña iti bhaṇyate ||;
TĀ, 1: 1;230 1;abhedopāyamatroktaṁ śāmbhavaṁ śāktamucyate |;
TĀ, 1: 1;230 2;bhedābhedātmakopāyaṁ bhedopāyaṁ tadāṇavam ||;
TĀ, 1: 1;231 1;ante jñāne .tra sopāye samastaḥ karmavistaraḥ |;
TĀ, 1: 1;231 2;prasphuṭenaiva rūpeṇa bhāvī so .ntarbhaviṣyati ||;
TĀ, 1: 1;232 1;kriyā hi nāma vijñānānnānyadvastu kramātmatām |;
TĀ, 1: 1;232 2;upāyavaśataḥ prāptaṁ tatkriyeti puroditam ||;
TĀ, 1: 1;233 1;samyagjñānaṁ ca muktyekakāraṇaṁ svaparasthitam |;
TĀ, 1: 1;233 2;yato hi kalpanāmātraṁ svaparādivibhūtayaḥ ||;
TĀ, 1: 1;234 1;tulye kālpanikatve ca yadaikyasphuraṇātmakaḥ |;
TĀ, 1: 1;234 2;guruḥ sa tāvadekātmā siddho muktaśca bhaṇyate ||;
TĀ, 1: 1;235 1;yāvānasya hi saṁtāno gurustāvatsa kīrtitaḥ |;
TĀ, 1: 1;235 2;samyagjñānamayaśceti svātmanā mucyate tataḥ ||;
TĀ, 1: 1;236 1;tata eva svasaṁtānaṁ jñānī tārayatītyadaḥ |;
TĀ, 1: 1;236 2;yuktyāgamābhyāṁ saṁsiddhaṁ tāvāneko yato muniḥ ||;
TĀ, 1: 1;237 1;tenātra ye codayanti nanu jñānādvimuktatā |;
TĀ, 1: 1;237 2;dīkṣādikā kriyā ceyaṁ sā kathaṁ muktaye bhavet ||;
TĀ, 1: 1;238 1;jñānātmā seti cejjñānaṁ yatrasthaṁ taṁ vimocayet |;
TĀ, 1: 1;238 2;anyasya mocane vāpi bhavetkiṁ nāsamañjasam |;
TĀ, 1: 1;238 3;iti te mūlataḥ kṣiptā yattvatrānyaiḥ samarthitam ||;
TĀ, 1: 1;239 1;malo nāma kila dravyaṁ cakṣuḥsthapaṭalādivat |;
TĀ, 1: 1;239 2;tadvihantrī kriyā dīkṣā tvañjanādikakarmavat ||;
TĀ, 1: 1;240 1;tatpurastānniṣetsyāmo yuktyāgamavigarhitam |;
TĀ, 1: 1;240 2;malamāyākarmaṇāṁ ca darśayiṣyāmahe sthitim ||;
TĀ, 1: 1;241 1;evaṁ śaktitrayopāyaṁ yajjñānaṁ tatra paścimam |;
TĀ, 1: 1;241 2;mūlaṁ taduttaraṁ madhyamuttarottaramādimam ||;
TĀ, 1: 1;242 1;tato .pi paramaṁ jñānamupāyādivivarjitam |;
TĀ, 1: 1;242 2;ānandaśaktiviśrāntamanuttaramihocyate ||;
TĀ, 1: 1;243 1;tatsvaprakāśaṁ vijñānaṁ vidyāvidyeśvarādibhiḥ |;
TĀ, 1: 1;243 2;api durlabhasadbhāvaṁ śrīsiddhātantra ucyate ||;
TĀ, 1: 1;244 1;mālinyāṁ sūcitaṁ caitatpaṭale .ṣṭādaśe sphuṭam |;
TĀ, 1: 1;244 2;na caitadaprasannena śaṁkareṇeti vākyataḥ ||;
TĀ, 1: 1;245 1;ityanenaiva pāṭhena mālinīvijayottare |;
TĀ, 1: 1;245 2;iti jñānacatuṣkaṁ yatsiddhimuktimahodayam |;
TĀ, 1: 1;245 3;tanmayā tantryate tantrālokanāmnyatra śāsane ||;
TĀ, 1: 1;246 1;tatreha yadyadantarvā bahirvā parimṛśyate |;
TĀ, 1: 1;246 2;anudghāṭitarūpaṁ tatpūrvameva prakāśate ||;
TĀ, 1: 1;247 1;tathānudghāṭitākārā nirvācyenātmanā prathā |;
TĀ, 1: 1;247 2;saṁśayaḥ kutracidrūpe niścite sati nānyathā ||;
TĀ, 1: 1;248 1;etatkimiti mukhye .smin etadaṁśaḥ suniścitaḥ |;
TĀ, 1: 1;248 2;saṁśayo .stitvanāstyādidharmānudghāṭitātmakaḥ ||;
TĀ, 1: 1;249 1;kimityetasya śabdasya nādhiko .rthaḥ prakāśate |;
TĀ, 1: 1;249 2;kiṁ tvanunmudritākāraṁ vastvevābhidadhātyayam ||;
TĀ, 1: 1;250 1;sthāṇurvā puruṣo veti na mukhyo .styeṣa saṁśayaḥ |;
TĀ, 1: 1;250 2;bhūyaḥsthadharmajāteṣu niścayotpāda eva hi ||;
TĀ, 1: 1;251 1;āmarśanīyadvairūpyānudghāṭanavaśāt punaḥ |;
TĀ, 1: 1;251 2;saṁśayaḥ sa kimityaṁśe vikalpastvanyathā sphuṭaḥ ||;
TĀ, 1: 1;252 1;tenānudghāṭitātmatvabhāvaprathanam eva yat |;
TĀ, 1: 1;252 2;prathamaṁ sa ihoddeśaḥ praśnaḥ saṁśaya eva ca ||;
TĀ, 1: 1;253 1;tathānudghāṭitākārabhāvaprasaravartmanā |;
TĀ, 1: 1;253 2;prasarantī svasaṁvittiḥ praṣṭrī śiṣyātmatāṁ gatā ||;
TĀ, 1: 1;254 1;tathāntaraparāmarśaniścayātmatirohiteḥ |;
TĀ, 1: 1;254 2;prasarānantarodbhūtasaṁhārodayabhāgapi ||;
TĀ, 1: 1;255 1;yāvatyeva bhavedbāhyaprasare prasphuṭātmani |;
TĀ, 1: 1;255 2;anunmīlitarūpā sā praṣṭrī tāvati bhaṇyate ||;
TĀ, 1: 1;256 1;svayamevaṁ vibodhaśca tathā praśnottarātmakaḥ |;
TĀ, 1: 1;256 2;guruśiṣyapade .pyeṣa dehabhedo hyatāttvikaḥ ||;
TĀ, 1: 1;257 1;bodho hi bodharūpatvād antarnānākṛtīḥ sthitāḥ |;
TĀ, 1: 1;257 2;bahirābhāsayatyeva drāksāmānyaviśeṣataḥ ||;
TĀ, 1: 1;258 1;srakṣyamāṇaviśeṣāṁśākāṅkṣāyogyasya kasyacit |;
TĀ, 1: 1;258 2;dharmasya sṛṣṭiḥ sāmānyasṛṣṭiḥ sā saṁśayātmikā ||;
TĀ, 1: 1;259 1;srakṣyamāṇo viśeṣāṁśo yadā tūparamettadā |;
TĀ, 1: 1;259 2;nirṇayo mātṛrucito nānyathā kalpakoṭibhiḥ ||;
TĀ, 1: 1;260 1;tasyātha vastunaḥ svātmavīryākramaṇapāṭavāt |;
TĀ, 1: 1;260 2;unmudraṇaṁ tayākṛtyā lakṣaṇottaranirṇayāḥ ||;
TĀ, 1: 1;261 1;nirṇītatāvaddharmāṁśapṛṣṭhapātitayā punaḥ |;
TĀ, 1: 1;261 2;bhūyo bhūyaḥ samuddeśalakṣaṇātmaparīkṣaṇam ||;
TĀ, 1: 1;262 1;dṛṣṭānumānaupamyāptavacanādiṣu sarvataḥ |;
TĀ, 1: 1;262 2;uddeśalakṣaṇāvekṣātritayaṁ prāṇināṁ sphuret ||;
TĀ, 1: 1;263 1;nirvikalpitamuddeśo vikalpo lakṣaṇaṁ punaḥ |;
TĀ, 1: 1;263 2;parīkṣaṇaṁ tathādhyakṣe vikalpānāṁ paramparā ||;
TĀ, 1: 1;264 1;nago .yamiti coddeśo dhūmitvādagnimāniti |;
TĀ, 1: 1;264 2;lakṣyaṁ vyāptyādivijñānajālaṁ tvatra parīkṣaṇam ||;
TĀ, 1: 1;265 1;uddeśo .yamiti prācyo gotulyo gavayābhidhaḥ |;
TĀ, 1: 1;265 2;iti vā lakṣaṇaṁ śeṣaḥ parīkṣopamitau bhavet ||;
TĀ, 1: 1;266 1;svaḥkāma īdṛguddeśo yajetetyasya lakṣaṇam |;
TĀ, 1: 1;266 2;agniṣṭomādinetyeṣā parīkṣā śeṣavartinī ||;
TĀ, 1: 1;267 1;vikalpasrakṣyamāṇānyarucitāṁśasahiṣṇunaḥ |;
TĀ, 1: 1;267 2;vastuno yā tathātvena sṛṣṭiḥ soddeśasaṁjñitā ||;
TĀ, 1: 1;268 1;tadaiva saṁviccinute yāvataḥ srakṣyamāṇatā |;
TĀ, 1: 1;268 2;yato hyakālakalitā saṁdhatte sārvakālikam ||;
TĀ, 1: 1;269 1;srakṣyamāṇasya yā sṛṣṭiḥ prāksṛṣṭāṁśasya saṁhṛtiḥ |;
TĀ, 1: 1;269 2;anūdyamāne dharme sā saṁvillakṣaṇamucyate ||;
TĀ, 1: 1;270 1;tatpṛṣṭhapātibhūyo.ṁśasṛṣṭisaṁhāraviśramāḥ |;
TĀ, 1: 1;270 2;parīkṣā kathyate mātṛrucitā kalpitāvadhiḥ ||;
TĀ, 1: 1;271 1;prākpaśyantyatha madhyānyā vaikharī ceti tā imāḥ |;
TĀ, 1: 1;271 2;parā parāparā devī caramā tvaparātmikā ||;
TĀ, 1: 1;272 1;icchādi śaktitritayamidameva nigadyate |;
TĀ, 1: 1;272 2;etatprāṇita evāyaṁ vyavahāraḥ pratāyate ||;
TĀ, 1: 1;273 1;etatpraśnottarātmatve pārameśvaraśāsane |;
TĀ, 1: 1;273 2;parasaṁbandharūpatvamabhisaṁbandhapañcake ||;
TĀ, 1: 1;274 1;yathoktaṁ ratnamālāyāṁ sarvaḥ parakalātmakaḥ |;
TĀ, 1: 1;274 2;mahānavāntaro divyo miśro .nyonyastu pañcamaḥ ||;
TĀ, 1: 1;275 1;bhinnayoḥ praṣṭṛtadvaktroścaikātmyaṁ yatsa ucyate |;
TĀ, 1: 1;275 2;saṁbandhaḥ paratā cāsya pūrṇaikātmyaprathāmayī ||;
TĀ, 1: 1;276 1;anenaiva nayena syātsaṁbandhāntaramapyalam |;
TĀ, 1: 1;276 2;śāstravācyaṁ phalādīnāṁ paripūrṇatvayogataḥ ||;
TĀ, 1: 1;277 1;itthaṁ saṁvidiyaṁ devī svabhāvādeva sarvadā |;
TĀ, 1: 1;277 2;uddeśāditrayaprāṇā sarvaśāstrasvarūpiṇī ||;
TĀ, 1: 1;278 1;tatrocyate puroddeśaḥ pūrvajānujabhedavān |;
TĀ, 1: 1;278 2;vijñānabhidgatopāyaḥ paropāyastṛtīyakaḥ ||;
TĀ, 1: 1;279 1;śāktopāyo naropāyaḥ kālopāyo .tha saptamaḥ |;
TĀ, 1: 1;279 2;cakrodayo .tha deśādhvā tattvādhvā tattvabhedanam ||;
TĀ, 1: 1;280 1;kalādyadhvādhvopayogaḥ śaktipātatirohitī |;
TĀ, 1: 1;280 2;dīkṣopakramaṇaṁ dīkṣā sāmayī pautrike vidhau ||;
TĀ, 1: 1;281 1;prameyaprakriyā sūkṣmā dīkṣā sadyaḥsamutkramaḥ |;
TĀ, 1: 1;281 2;tulādīkṣātha pārokṣī liṅgoddhāro .bhiṣecanam ||;
TĀ, 1: 1;282 1;antyeṣṭiḥ śrāddhakL.ptiśca śeṣavṛttinirūpaṇam |;
TĀ, 1: 1;282 2;liṅgārcā bahubhitparvapavitrādi nimittajam ||;
TĀ, 1: 1;283 1;rahasyacaryā mantraugho maṇḍalaṁ mudrikāvidhiḥ |;
TĀ, 1: 1;283 2;ekīkāraḥ svasvarūpe praveśaḥ śāstramelanam ||;
TĀ, 1: 1;284 1;āyātikathanaṁ śāstropādeyatvanirūpaṇam |;
TĀ, 1: 1;284 2;iti saptādhikāmenāṁ triṁśataṁ yaḥ sadā budhaḥ ||;
TĀ, 1: 1;285 1;āhnikānāṁ samabhyasyet sa sākṣādbhairavo bhavet |;
TĀ, 1: 1;285 2;saptatriṁśatsu sampūrṇabodho yadbhairavo bhavet ||;
TĀ, 1: 1;286 1;kiṁ citramaṇavo .pyasya dṛśā bhairavatāmiyuḥ |;
TĀ, 1: 1;286 2;ityeṣa pūrvajoddeśaḥ kathyate tvanujo .dhunā ||;
TĀ, 1: 1;287 1;vijñānabhitprakaraṇe sarvasyoddeśanaṁ kramāt |;
TĀ, 1: 1;287 2;dvitīyasmin prakaraṇe gatopāyatvabheditā ||;
TĀ, 1: 1;288 1;viśvacitpratibimbatvaṁ parāmarśodayakramaḥ |;
TĀ, 1: 1;288 2;mantrādyabhinnarūpatvaṁ paropāye vivicyate ||;
TĀ, 1: 1;289 1;vikalpasaṁskriyā tarkatattvaṁ gurusatattvakam |;
TĀ, 1: 1;289 2;yogāṅgānupayogitvaṁ kalpitārcādyanādaraḥ ||;
TĀ, 1: 1;290 1;saṁviccakrodayo mantravīryaṁ japyādi vāstavam |;
TĀ, 1: 1;290 2;niṣedhavidhitulyatvaṁ śāktopāye .tra carcyate ||;
TĀ, 1: 1;291 1;buddhidhyānaṁ prāṇatattvasamuccāraścidātmatā |;
TĀ, 1: 1;291 2;uccāraḥ paratattvāntaḥpraveśapathalakṣaṇam ||;
TĀ, 1: 1;292 1;karaṇaṁ varṇatattvaṁ cetyāṇave tu nirūpyate |;
TĀ, 1: 1;292 2;cāramānamahorātrasaṁkrāntyādivikalpanam ||;
TĀ, 1: 1;293 1;saṁhāracitratā varṇodayaḥ kālādhvakalpane |;
TĀ, 1: 1;293 2;cakrabhinmantravidyābhid etaccakrodaye bhavet ||;
TĀ, 1: 1;294 1;parimāṇaṁ purāṇāṁ ca saṁgrahastattvayojanam |;
TĀ, 1: 1;294 2;etaddeśādhvanirdeśe dvayaṁ tattvādhvanirṇaye ||;
TĀ, 1: 1;295 1;kāryakāraṇabhāvaśca tattvakramanirūpaṇam |;
TĀ, 1: 1;295 2;vastudharmastattvavidhirjāgradādinirūpaṇam ||;
TĀ, 1: 1;296 1;pramātṛbheda ityetat tattvabhede vicāryate |;
TĀ, 1: 1;296 2;kalāsvarūpamekatripañcādyaistattvakalpanam ||;
TĀ, 1: 1;297 1;varṇabhedakramaḥ sarvādhāraśaktinirūpaṇam |;
TĀ, 1: 1;297 2;kalādyadhvavicārāntar etāvat pravivicyate ||;
TĀ, 1: 1;298 1;abhedabhāvanākampahāsau tvadhvopayojane |;
TĀ, 1: 1;298 2;saṁkhyādhikyaṁ malādīnāṁ tattvaṁ śaktivicitratā ||;
TĀ, 1: 1;299 1;anapekṣitvasiddhiśca tirobhāvavicitratā |;
TĀ, 1: 1;299 2;śaktipātaparīkṣāyāmetāvānvācyasaṁgrahaḥ ||;
TĀ, 1: 1;300 1;tirobhāvavyapagamo jñānena paripūrṇatā |;
TĀ, 1: 1;300 2;utkrāntyanupayogitvaṁ dīkṣopakramaṇe sthitam ||;
TĀ, 1: 1;301 1;śiṣyaucityaparīkṣādau sthānabhitsthānakalpanam |;
TĀ, 1: 1;301 2;sāmānyanyāsabhedo .rghapātraṁ caitatprayojanam ||;
TĀ, 1: 1;302 1;dravyayogyatvamarcā ca bahirdvārārcanaṁ kramāt |;
TĀ, 1: 1;302 2;praveśo diksvarūpaṁ ca dehaprāṇādiśodhanam ||;
TĀ, 1: 1;303 1;viśeṣanyāsavaicitryaṁ saviśeṣārghabhājanam |;
TĀ, 1: 1;303 2;dehapūjā prāṇabuddhicitsvadhvanyāsapūjane ||;
TĀ, 1: 1;304 1;anyaśāstragaṇotkarṣaḥ pūjā cakrasya sarvataḥ |;
TĀ, 1: 1;304 2;kṣetragrahaḥ pañcagavyaṁ pūjanaṁ bhūgaṇeśayoḥ ||;
TĀ, 1: 1;305 1;astrārcā vahnikāryaṁ cāpyadhivāsanamagnigam |;
TĀ, 1: 1;305 2;tarpaṇaṁ carusaṁsiddhirdantakāṣṭhāntasaṁskriyā ||;
TĀ, 1: 1;306 1;śivahastavidhiścāpi śayyākL.ptivicāraṇam |;
TĀ, 1: 1;306 2;svapnasya sāmayaṁ karma samayāśceti saṁgrahaḥ ||;
TĀ, 1: 1;307 1;samayitvavidhāvasminsyātpañcadaśa āhnike |;
TĀ, 1: 1;307 2;maṇḍalātmānusandhānaṁ nivedyapaśuvistaraḥ ||;
TĀ, 1: 1;308 1;agnitṛptiḥ svasvabhāvadīpanaṁ śiṣyadehagaḥ |;
TĀ, 1: 1;308 2;adhvanyāsavidhiḥ śodhyaśodhakādivicitratā ||;
TĀ, 1: 1;309 1;dīkṣābhedaḥ paro nyāso mantrasattāprayojanam |;
TĀ, 1: 1;309 2;bhedo yojanikādeśca ṣoḍaśe syādihāhnike ||;
TĀ, 1: 1;310 1;sūtrakL.ptistattvaśuddhiḥ pāśadāho .tha yojanam |;
TĀ, 1: 1;310 2;adhvabhedastathetyevaṁ kathitaṁ pautrike vidhau ||;
TĀ, 1: 1;311 1;jananādivihīnatvaṁ mantrabhedo .tha susphuṭaḥ |;
TĀ, 1: 1;311 2;iti saṁkṣiptadīkṣākhye syādaṣṭādaśa āhnike ||;
TĀ, 1: 1;312 1;kalāvekṣā kṛpāṇyādinyāsaścāraḥ śarīragaḥ |;
TĀ, 1: 1;312 2;brahmavidyāvidhiścaivamuktaṁ sadyaḥsamutkrame ||;
TĀ, 1: 1;313 1;adhikāraparīkṣāntaḥsaṁskāro .tha tulāvidhiḥ |;
TĀ, 1: 1;313 2;ityetadvācyasarvasvaṁ syādviṁśatitamāhnike ||;
TĀ, 1: 1;314 1;mṛtajīvadvidhirjālopadeśaḥ saṁskriyāgaṇaḥ |;
TĀ, 1: 1;314 2;balābalavicāraścetyekaviṁśāhnike vidhiḥ ||;
TĀ, 1: 1;315 1;śravaṇaṁ cābhyanujñānaṁ śodhanaṁ pātakacyutiḥ |;
TĀ, 1: 1;315 2;śaṅkācheda iti spaṣṭaṁ vācyaṁ liṅgoddhṛtikrame ||;
TĀ, 1: 1;316 1;parīkṣācāryakaraṇaṁ tadvrataṁ haraṇaṁ mateḥ |;
TĀ, 1: 1;316 2;tadvibhāgaḥ sādhakatvamabhiṣekavidhau tviyat ||;
TĀ, 1: 1;317 1;adhikāryatha saṁskārastatprayojanamityadaḥ |;
TĀ, 1: 1;317 2;caturviṁśe .ntyayāgākhye vaktavyaṁ paricarcyate ||;
TĀ, 1: 1;318 1;prayojanaṁ bhogamokṣadānenātra vidhiḥ sphuṭaḥ |;
TĀ, 1: 1;318 2;pañcaviṁśāhnike śrāddhaprakāśe vastusaṁgrahaḥ ||;
TĀ, 1: 1;319 1;prayojanaṁ śeṣavṛtternityārcā sthaṇḍile parā |;
TĀ, 1: 1;319 2;liṅgasvarūpaṁ bahudhā cākṣasūtranirūpaṇam ||;
TĀ, 1: 1;320 1;pūjābheda iti vācyaṁ liṅgārcāsaṁprakāśane |;
TĀ, 1: 1;320 2;naimittikavibhāgastatprayojanavidhistataḥ ||;
TĀ, 1: 1;321 1;parvabhedāstadviśeṣaścakracarcā tadarcanam |;
TĀ, 1: 1;321 2;gurvādyantadinādyarcāprayojananirūpaṇam ||;
TĀ, 1: 1;322 1;mṛteḥ parīkṣā yogīśīmelakādividhistathā |;
TĀ, 1: 1;322 2;vyākhyāvidhiḥ śrutavidhirgurupūjāvidhistviyat ||;
TĀ, 1: 1;323 1;naimittikaprakāśākhye .pyaṣṭāviṁśāhnike sthitam |;
TĀ, 1: 1;323 2;adhikāryātmano bhedaḥ siddhapatnīkulakramaḥ ||;
TĀ, 1: 1;324 1;arcāvidhir dautavidhī rahasyopaniṣatkramaḥ |;
TĀ, 1: 1;324 2;dīkṣābhiṣekau bodhaścetyekonatriṁśa āhnike ||;
TĀ, 1: 1;325 1;mantrasvarūpaṁ tadvīryamiti triṁśe nirūpitam |;
TĀ, 1: 1;325 2;śūlābjabhedo vyomeśasvastikādinirūpaṇam ||;
TĀ, 1: 1;326 1;vistareṇābhidhātavyamityekatriṁśa āhnike |;
TĀ, 1: 1;326 2;guṇapradhānatābhedāḥ svarūpaṁ vīryacarcanam ||;
TĀ, 1: 1;327 1;kalābheda iti proktaṁ mudrāṇāṁ saṁprakāśane |;
TĀ, 1: 1;327 2;dvātriṁśatattvādīśākhyātprabhṛti prasphuṭo yataḥ ||;
TĀ, 1: 1;328 1;na bhedo .sti tato noktamuddeśāntaramatra tat |;
TĀ, 1: 1;328 2;mukhyatvena ca vedyatvādadhikārāntarakramaḥ ||;
TĀ, 1: 1;329 1;ityuddeśavidhiḥ proktaḥ sukhasaṁgrahahetave |;
TĀ, 1: 1;329 2;athāsya lakṣaṇāvekṣe nirūpyete yathākramam ||;
TĀ, 1: 1;330 1;ātmā saṁvitprakāśasthitir anavayavā ātmajyotiḥsvabhāvaprakaṭanavidhinā tasya mokṣaḥ sa |;
TĀ, 1: 1;331 1;mithyājñānaṁ timiramasamān dṛṣṭidoṣānprasūte yattu prekṣyaṁ dṛśi parigataṁ taimirīṁ doṣamudrāṁ |;
TĀ, 1: 1;332 1;bhāvavrātahaṭhājjanasya hṛdayānyākramya yannartayan yastvāmāha jaḍaṁ jaḍaḥ sahṛdayaṁmanyatvaduḥśikṣito |;
TĀ, 1: 1;333 1;iha galitamalāḥ parāvarajñāḥ śivasadbhāvamayā guravaḥ pravicāraṇe yatastadviphalā |;
TĀ, 2: 2;1 1;yattatrādyaṁ padamaviratānuttarajñaptirūpaṁ |;
TĀ, 2: 2;1 2;tannirṇetuṁ prakaraṇamidamārabhe .haṁ dvitīyam ||;
TĀ, 2: 2;2 1;anupāyaṁ hi yadrūpaṁ ko .rtho deśanayātra vai |;
TĀ, 2: 2;2 2;sakṛtsyāddeśanā paścād anupāyatvamucyate ||;
TĀ, 2: 2;3 1;anupāyamidaṁ tattvamityupāyaṁ vinā kutaḥ |;
TĀ, 2: 2;3 2;svayaṁ tu teṣāṁ tattādṛk kiṁ brūmaḥ kila tānprati ||;
TĀ, 2: 2;4 1;yaccaturdhoditaṁ rūpaṁ vijñānasya vibhorasau |;
TĀ, 2: 2;4 2;svabhāva eva mantavyaḥ sa hi nityodito vibhuḥ ||;
TĀ, 2: 2;5 1;etāvadbhirasaṁkhyātaiḥ svabhāvairyatprakāśate |;
TĀ, 2: 2;5 2;ke .pyaṁśāṁśikayā tena viśantyanye niraṁśataḥ ||;
TĀ, 2: 2;6 1;tatrāpi cābhyupāyādisāpekṣānyatvayogataḥ |;
TĀ, 2: 2;6 2;upāyasyāpi no vāryā tadanyatvādvicitratā ||;
TĀ, 2: 2;7 1;tatra ye nirmalātmāno bhairavīyāṁ svasaṁvidam |;
TĀ, 2: 2;7 2;nirupāyāmupāsīnāstadvidhiḥ praṇigadyate ||;
TĀ, 2: 2;8 1;tatra tāvatkriyāyogo nābhyupāyatvamarhati |;
TĀ, 2: 2;8 2;sa hi tasmātsamudbhūtaḥ pratyuta pravibhāvyate ||;
TĀ, 2: 2;9 1;jñaptāvupāya eva syāditi cejjñaptirucyate |;
TĀ, 2: 2;9 2;prakāśatvaṁ svaprakāśe tacca tatrānyataḥ katham ||;
TĀ, 2: 2;10 1;saṁvittattvaṁ svaprakāśamityasminkaṁ nu yuktibhiḥ |;
TĀ, 2: 2;10 2;tadabhāve bhavedviśvaṁ jaḍatvādaprakāśakam ||;
TĀ, 2: 2;11 1;yāvānupāyo bāhyaḥ syādāntaro vāpi kaścana |;
TĀ, 2: 2;11 2;sa sarvastanmukhaprekṣī tatropāyatvabhāk katham ||;
TĀ, 2: 2;12 1;tyajāvadhānāni nanu kva nāma dhatse .vadhānaṁ vicinu pūrṇe .vadhānaṁ na hi nāma yuktaṁ nāpūrṇamabhyeti ca |;
TĀ, 2: 2;13 1;tenāvadhānaprāṇasya bhāvanādeḥ pare pathi |;
TĀ, 2: 2;13 2;bhairavīye kathaṁkāraṁ bhavetsākṣādupāyatā ||;
TĀ, 2: 2;14 1;ye .pi sākṣādupāyena tadrūpaṁ praviviñcate |;
TĀ, 2: 2;14 2;nūnaṁ te sūryasaṁvittyai khadyotādhitsavo jaḍāḥ ||;
TĀ, 2: 2;15 1;kiṁ ca yāvadidaṁ bāhyamāntaropāyasaṁmatam |;
TĀ, 2: 2;15 2;tatprakāśātmatāmātraṁ śivasyaiva nijaṁ vapuḥ ||;
TĀ, 2: 2;16 1;nīlaṁ pītaṁ sukhamiti prakāśaḥ kevalaḥ śivaḥ |;
TĀ, 2: 2;16 2;amuṣminparamādvaite prakāśātmani ko .paraḥ ||;
TĀ, 2: 2;17 1;upāyopeyabhāvaḥ syātprakāśaḥ kevalaṁ hi saḥ ||;
TĀ, 2: 2;18 1;idaṁ dvaitamayaṁ bheda idamadvaitamityapi |;
TĀ, 2: 2;18 2;prakāśavapurevāyaṁ bhāsate parameśvaraḥ ||;
TĀ, 2: 2;19 1;asyāṁ bhūmau sukhaṁ duḥkhaṁ bandho mokṣaścitirjaḍaḥ ghaṭakumbhavadekārthāḥ śabdāste .pyekameva ca ||;
TĀ, 2: 2;20 1;prakāśe hyaprakāśāṁśaḥ kathaṁ nāma prakāśatām |;
TĀ, 2: 2;20 2;prakāśamāne tasminvā taddvaitāstasya lopitāḥ ||;
TĀ, 2: 2;21 1;aprakāśe .tha tasminvā vastutā kathamucyate |;
TĀ, 2: 2;21 2;na prakāśaviśeṣatvamata evopapadyate ||;
TĀ, 2: 2;22 1;ata ekaprakāśo .yamiti vāde .tra susthite |;
TĀ, 2: 2;22 2;dūrādāvāritāḥ satyaṁ vibhinnajñānavādinaḥ ||;
TĀ, 2: 2;23 1;prakāśamātramuditamaprakāśaniṣedhanāt |;
TĀ, 2: 2;23 2;ekaśabdasya na tvarthaḥ saṁkhyā cidvyaktibhedabhāk ||;
TĀ, 2: 2;24 1;naiṣa śaktirmahādevī na paratrāśrito yataḥ |;
TĀ, 2: 2;24 2;na caiṣa śaktimāndevo na kasyāpyāśrayo yataḥ ||;
TĀ, 2: 2;25 1;naiṣa dhyeyo dhyātrabhāvānna dhyātā dhyeyavarjanāt |;
TĀ, 2: 2;25 2;na pūjyaḥ pūjakābhāvātpūjyābhāvānna pūjakaḥ ||;
TĀ, 2: 2;26 1;na mantro na ca mantryo .sau na ca mantrayitā prabhuḥ |;
TĀ, 2: 2;26 2;na dīkṣā dīkṣako vāpi na dīkṣāvānmaheśvaraḥ ||;
TĀ, 2: 2;27 1;sthānāsananirodhārghasaṁdhānāvāhanādikam |;
TĀ, 2: 2;27 2;visarjanāntaṁ nāstyatra kartṛkarmakriyojjhite ||;
TĀ, 2: 2;28 1;na sanna cāsatsadasanna ca tannobhayojjhitam |;
TĀ, 2: 2;28 2;durvijñeyā hi sāvasthā kimapyetadanuttaram ||;
TĀ, 2: 2;29 1;ayamityavabhāso hi yo bhāvo .vacchidātmakaḥ |;
TĀ, 2: 2;29 2;sa eva ghaṭavalloke saṁstathā naiṣa bhairavaḥ ||;
TĀ, 2: 2;30 1;asattvaṁ cāprakāśatvaṁ na kutrāpyupayogitā |;
TĀ, 2: 2;30 2;viśvasya jīvitaṁ satyaṁ prakāśaikātmakaśca saḥ ||;
TĀ, 2: 2;31 1;ābhyāmeva tu hetubhyāṁ na dvyātmā na dvayojjhitaḥ |;
TĀ, 2: 2;31 2;sarvātmanā hi bhātyeṣa kena rūpeṇa mantryatām ||;
TĀ, 2: 2;32 1;śrīmattriśirasi proktaṁ parajñānasvarūpakam |;
TĀ, 2: 2;32 2;śaktyā garbhāntarvartinyā śaktigarbhaṁ paraṁ padam ||;
TĀ, 2: 2;33 1;na bhāvo nāpyabhāvo na dvayaṁ vācāmagocarāt |;
TĀ, 2: 2;33 2;akathyapadavīrūḍhaṁ śaktisthaṁ śaktivarjitam ||;
TĀ, 2: 2;34 1;iti ye rūḍhasaṁvittiparamārthapavitritāḥ |;
TĀ, 2: 2;34 2;anuttarapathe rūḍhāste .bhyupāyāniyantritāḥ ||;
TĀ, 2: 2;35 1;teṣāmidaṁ samābhāti sarvato bhāvamaṇḍalam |;
TĀ, 2: 2;35 2;puraḥsthameva saṁvittibhairavāgnivilāpitam ||;
TĀ, 2: 2;36 1;eteṣāṁ sukhaduḥkhāṁśaśaṅkātaṅkavikalpanāḥ |;
TĀ, 2: 2;36 2;nirvikalpaparāveśamātraśeṣatvamāgatāḥ ||;
TĀ, 2: 2;37 1;eṣāṁ na mantro na dhyānaṁ na pūjā nāpi kalpanā |;
TĀ, 2: 2;37 2;na samayyādikācāryaparyantaḥ ko .pi viśramaḥ ||;
TĀ, 2: 2;38 1;samastayantraṇātantratroṭanāṭaṁkadharmiṇaḥ |;
TĀ, 2: 2;38 2;nānugrahātparaṁ kiṁciccheṣavṛttau prayojanam ||;
TĀ, 2: 2;39 1;svaṁ kartavyaṁ kimapi kalayaṁlloka eṣa prayatnānno yastu dhvastākhilabhavamalo bhairavībhāvapūrṇaḥ kṛtyaṁ |;
TĀ, 2: 2;40 1;taṁ ye paśyanti tādrūpyakrameṇāmalasaṁvidaḥ |;
TĀ, 2: 2;40 2;te .pi tadrūpiṇas tāvaty evāsyānugrahātmatā ||;
TĀ, 2: 2;41 1;etattattvaparijñānaṁ mukhyaṁ yāgādi kathyate |;
TĀ, 2: 2;41 2;dīkṣāntaṁ vibhunā śrīmatsiddhayogīśvarīmate ||;
TĀ, 2: 2;42 1;sthaṇḍilāduttaraṁ tūraṁ tūrāduttarataḥ paṭaḥ |;
TĀ, 2: 2;42 2;paṭāddhyānaṁ tato dhyeyaṁ tataḥ syāddhāraṇottarā ||;
TĀ, 2: 2;43 1;tato .pi yogajaṁ rūpaṁ tato .pi jñānamuttaram |;
TĀ, 2: 2;43 2;jñānena hi mahāsiddho bhavedyogīśvarastviti ||;
TĀ, 2: 2;44 1;so .pi svātantryadhāmnā cedapyanirmalasaṁvidām |;
TĀ, 2: 2;44 2;anugrahaṁ cikīrṣustadbhāvinaṁ vidhimāśrayet ||;
TĀ, 2: 2;45 1;anugrāhyānusāreṇa vicitraḥ sa ca kathyate |;
TĀ, 2: 2;45 2;parāparādyupāyaughasaṁkīrṇatvavibhedataḥ ||;
TĀ, 2: 2;46 1;tadarthameva cāsyāpi parameśvararūpiṇaḥ |;
TĀ, 2: 2;46 2;tadabhyupāyaśāstrādiśravaṇādhyayanādaraḥ ||;
TĀ, 2: 2;47 1;nahi tasya svatantrasya kāpi kutrāpi khaṇḍanā |;
TĀ, 2: 2;47 2;nānirmalacitaḥ puṁso .nugrahastvanupāyakaḥ ||;
TĀ, 2: 2;48 1;śrīmadūrmimahāśāstre siddhasaṁtānarūpake |;
TĀ, 2: 2;48 2;idamuktaṁ tathā śrīmatsomānandādidaiśikaiḥ ||;
TĀ, 2: 2;49 1;gurorvākyādyuktipracayaracanonmārjanavaśāt vilīne śaṅkābhre hṛdayagaganodbhāsimahasaḥ prabhoḥ |;
TĀ, 2: 2;50 1;idamanuttaradhāmavivecakaṁ vigalitaupayikaṁ |;
TĀ, 3: 3;1 1;atha paraupayikaṁ praṇigadyate padamanuttarameva prakāśamātraṁ yatproktaṁ bhairavīyaṁ paraṁ mahaḥ |;
TĀ, 3: 3;1 2;tatra svatantratāmātramadhikaṁ pravivicyate ||;
TĀ, 3: 3;2 1;yaḥ prakāśaḥ sa sarvasya prakāśatvaṁ prayacchati |;
TĀ, 3: 3;2 2;na ca tadvyatirekyasti viśvaṁ sadvāvabhāsate ||;
TĀ, 3: 3;3 1;ato .sau parameśānaḥ svātmavyomanyanargalaḥ |;
TĀ, 3: 3;3 2;iyataḥ sṛṣṭisaṁhārāḍambarasya pradarśakaḥ ||;
TĀ, 3: 3;4 1;nirmale makure yadvadbhānti bhūmijalādayaḥ |;
TĀ, 3: 3;4 2;amiśrāstadvadekasmiṁścinnāthe viśvavṛttayaḥ ||;
TĀ, 3: 3;5 1;sadṛśaṁ bhāti nayanadarpaṇāmbaravāriṣu |;
TĀ, 3: 3;5 2;tathā hi nirmale rūpe rūpamevāvabhāsate ||;
TĀ, 3: 3;6 1;pracchannarāgiṇī kāntapratibimbitasundaram |;
TĀ, 3: 3;6 2;darpaṇaṁ kucakumbhābhyāṁ spṛśantyapi na tṛpyati ||;
TĀ, 3: 3;7 1;na hi sparśo .sya vimalo rūpameva tathā yataḥ |;
TĀ, 3: 3;7 2;nairmalyaṁ cātiniviḍasajātīyaikasaṁgatiḥ ||;
TĀ, 3: 3;8 1;svasmin abhedādbhinnasya darśanakṣamataiva yā |;
TĀ, 3: 3;8 2;atyaktasvaprakāśasya nairmalyaṁ tadgurūditam ||;
TĀ, 3: 3;9 1;nairmalyaṁ mukhyamekasya saṁvinnāthasya sarvataḥ |;
TĀ, 3: 3;9 2;aṁśāṁśikātaḥ kvāpyanyadvimalaṁ tattadicchayā ||;
TĀ, 3: 3;10 1;bhāvānāṁ yatpratīghāti vapurmāyātmakaṁ hi tat |;
TĀ, 3: 3;10 2;teṣāmevāsti sadvidyāmayaṁ tvapratighātakam ||;
TĀ, 3: 3;11 1;tadevamubhayākāramavabhāsaṁ prakāśayan |;
TĀ, 3: 3;11 2;vibhāti varado bimbapratibimbadṛśākhile ||;
TĀ, 3: 3;12 1;yastvāha netratejāṁsi svacchātpratiphalantyalam |;
TĀ, 3: 3;12 2;viparyasya svakaṁ vaktraṁ gṛhṇantīti sa pṛcchyate ||;
TĀ, 3: 3;13 1;dehādanyatra yattejastadadhiṣṭhāturātmanaḥ |;
TĀ, 3: 3;13 2;tenaiva tejasā jñatve ko .rthaḥ syāddarpaṇena tu ||;
TĀ, 3: 3;14 1;viparyastaistu tejobhirgrāhakātmatvamāgataiḥ |;
TĀ, 3: 3;14 2;rūpaṁ dṛśyeta vadane nije na makurāntare ||;
TĀ, 3: 3;15 1;svamukhe sparśavaccaitadrūpaṁ bhāyānmametyalam |;
TĀ, 3: 3;15 2;na tvasya spṛśyabhinnasya vedyaikāntasvarūpiṇaḥ ||;
TĀ, 3: 3;16 1;rūpasaṁsthānamātraṁ tatsparśagandharasādibhiḥ |;
TĀ, 3: 3;16 2;nyagbhūtaireva tadyuktaṁ vastu tatpratibimbitam ||;
TĀ, 3: 3;17 1;nyagbhāvo grāhyatābhāvāttadabhāvo .pramāṇataḥ |;
TĀ, 3: 3;17 2;sa cārthasaṁgamābhāvātso .pyādarśe .navasthiteḥ ||;
TĀ, 3: 3;18 1;ata eva gurutvādirdharmo naitasya lakṣyate |;
TĀ, 3: 3;18 2;nahyādarśe saṁsthito .sau taddṛṣṭau sa upāyakaḥ ||;
TĀ, 3: 3;19 1;tasmāttu naiṣa bhedena yadbhāti tata ucyate |;
TĀ, 3: 3;19 2;ādhārastatra tūpāyā dīpadṛksaṁvidaḥ kramāt ||;
TĀ, 3: 3;20 1;dīpacakṣurvibodhānāṁ kāṭhinyābhāvataḥ param |;
TĀ, 3: 3;20 2;sarvataścāpi nairmalyānna vibhādarśavatpṛthak ||;
TĀ, 3: 3;21 1;etacca devadevena darśitaṁ bodhavṛddhaye |;
TĀ, 3: 3;21 2;mūḍhānāṁ vastu bhavati tato .pyanyatra nāpyalam ||;
TĀ, 3: 3;22 1;pratīghāti svatantraṁ no na sthāyyasthāyi cāpi na |;
TĀ, 3: 3;22 2;svacchasyaivaiṣa kasyāpi mahimeti kṛpālunā ||;
TĀ, 3: 3;23 1;na deśo no rūpaṁ na ca samayayogo na parimā na na cāvastutvaṁ syānna ca kimapi sāraṁ nijamiti dhruvaṁ |;
TĀ, 3: 3;24 1;itthaṁ pradarśite .mutra pratibimbanavartmani |;
TĀ, 3: 3;24 2;śabdasya pratibimbaṁ yat pratiśrutketi bhaṇyate ||;
TĀ, 3: 3;25 1;na cāsau śabdajaḥ śabda āgacchattvena saṁśravāt |;
TĀ, 3: 3;25 2;tenaiva vaktrā dūrasthaiḥ śabdasyāśravaṇādapi ||;
TĀ, 3: 3;26 1;piṭhirādipidhānāṁśaviśiṣṭachidrasaṁgatau |;
TĀ, 3: 3;26 2;citratvāccāsya śabdasya pratibimbaṁ mukhādivat ||;
TĀ, 3: 3;27 1;idamanyasya vedyasya rūpamityavabhāsate |;
TĀ, 3: 3;27 2;yathādarśe tathā kenāpyuktam ākarṇaye tviti ||;
TĀ, 3: 3;28 1;niyamādbimbasāṁmukhyaṁ pratibimbasya yattataḥ |;
TĀ, 3: 3;28 2;tanmadhyagāḥ pramātāraḥ śṛṇvanti pratiśabdakam ||;
TĀ, 3: 3;29 1;mukhyagrahaṁ tvapi vinā pratibimbagraho bhavet |;
TĀ, 3: 3;29 2;svapaścātsthaṁ priyaṁ paśyeṭṭaṅkitaṁ mukure vapuḥ ||;
TĀ, 3: 3;30 1;sāṁmukhyaṁ cocyate tādṛgdarpaṇābhedasaṁsthiteḥ ||;
TĀ, 3: 3;31 1;ataḥ kūpādipiṭhirākāśe tatpratibimbitam |;
TĀ, 3: 3;31 2;vaktrākāśaṁ saśabdaṁ sadbhāti tatparavaktravat ||;
TĀ, 3: 3;32 1;yathā cādarśapāścātyabhāgastho vetti no mukham |;
TĀ, 3: 3;32 2;tathā tathāvidhākāśapaścātstho vetti na dhvanim ||;
TĀ, 3: 3;33 1;śabdo na cānabhivyaktaḥ pratibimbati taddhruvam |;
TĀ, 3: 3;33 2;abhivyaktiśrutī tasya samakālaṁ dvitīyake ||;
TĀ, 3: 3;34 1;kṣaṇe tu pratibimbatvaṁ śrutiśca samakālikā |;
TĀ, 3: 3;34 2;tulyakālaṁ hi no hastatacchāyārūpaniścayaḥ ||;
TĀ, 3: 3;35 1;itthaṁ pradarśite .mutra pratibimbasatattvake |;
TĀ, 3: 3;35 2;prakṛtaṁ brūmahe tatra pratibimbanamarhati ||;
TĀ, 3: 3;36 1;śabdo nabhasi sānande sparśadhāmani sundaraḥ |;
TĀ, 3: 3;36 2;sparśo .nyo .pi dṛḍhāghātaśūlaśītādikodbhavaḥ |;
TĀ, 3: 3;36 3;parasthaḥ pratibimbatvāt svadehoddhūlanākaraḥ ||;
TĀ, 3: 3;37 1;na caiṣa mukhyastatkāryapāramparyāprakāśanāt ||;
TĀ, 3: 3;38 1;evaṁ ghrāṇāntare gandho raso dantodake sphuṭaḥ ||;
TĀ, 3: 3;39 1;yathā ca rūpaṁ pratibimbitaṁ dṛśorna cakṣuṣānyena vinā tathā rasasparśanasaurabhādikaṁ na lakṣyate .kṣeṇa vinā |;
TĀ, 3: 3;40 1;na cāntare sparśanadhāmani sthitaṁ bahiḥspṛśo |;
TĀ, 3: 3;41 1;ato .ntikasthasvakatādṛgindriyaprayojanāntaḥkaraṇairyadā tadā tadāttaṁ pratibimbamindriye svakāṁ kriyāṁ sūyata |;
TĀ, 3: 3;42 1;na tu smṛtānmānasagocarādṛtā bhavetkriyā sā kila ataḥ sthitaḥ sparśavarastadindriye samāgataḥ sanviditas |;
TĀ, 3: 3;43 1;asaṁbhave bāhyagatasya tādṛśaḥ sva eva tasmin karoti tāṁ sparśavaraḥ sukhātmikāṁ sa cāpi kasyāmapi |;
TĀ, 3: 3;44 1;tena saṁvittimakure viśvamātmānamarpayat |;
TĀ, 3: 3;44 2;nāthasya vadate .muṣya vimalāṁ viśvarūpatām ||;
TĀ, 3: 3;45 1;yathā ca gandharūpaspṛgrasādyāḥ pratibimbitāḥ |;
TĀ, 3: 3;45 2;tadādhāroparāgeṇa bhānti khaḍge mukhādivat ||;
TĀ, 3: 3;46 1;tathā viśvamidaṁ bodhe pratibimbitamāśrayet |;
TĀ, 3: 3;46 2;prakāśatvasvatantratvaprabhṛtiṁ dharmavistaram ||;
TĀ, 3: 3;47 1;yathā ca sarvataḥ svacche sphaṭike sarvato bhavet |;
TĀ, 3: 3;47 2;pratibimbaṁ tathā bodhe sarvataḥ svacchatājuṣi ||;
TĀ, 3: 3;48 1;atyantasvacchatā sā yat svākṛtyanavabhāsanam |;
TĀ, 3: 3;48 2;ataḥ svacchatamo bodho na ratnaṁ tvākṛtigrahāt ||;
TĀ, 3: 3;49 1;pratibimbaṁ ca bimbena bāhyasthena samarpyate |;
TĀ, 3: 3;49 2;tasyaiva pratibimbatve kiṁ bimbam avaśiṣyatām ||;
TĀ, 3: 3;50 1;yadvāpi kāraṇaṁ kiṁcidbimbatvenābhiṣicyate |;
TĀ, 3: 3;50 2;tadapi pratibimbatvameti bodhe .nyathā tvasat ||;
TĀ, 3: 3;51 1;itthametatsvasaṁvittidṛḍhanyāyāstrarakṣitam |;
TĀ, 3: 3;51 2;sāmrājyameva viśvatra pratibimbasya jṛmbhate ||;
TĀ, 3: 3;52 1;nanu bimbasya virahe pratibimbaṁ kathaṁ bhavet |;
TĀ, 3: 3;52 2;kiṁ kurmo dṛśyate taddhi nanu tadbimbamucyatām ||;
TĀ, 3: 3;53 1;naivaṁ tallakṣaṇābhāvādbimbaṁ kila kimucyate |;
TĀ, 3: 3;53 2;anyāmiśraṁ svatantraṁ sadbhāsamānaṁ mukhaṁ yathā ||;
TĀ, 3: 3;54 1;svarūpānapahānena pararūpasadṛkṣatām |;
TĀ, 3: 3;54 2;pratibimbātmatāmāhuḥ khaḍgādarśatalādivat ||;
TĀ, 3: 3;55 1;uktaṁ ca sati bāhye .pi dhīrekānekavedanāt |;
TĀ, 3: 3;55 2;anekasadṛśākārā na tvaneketi saugataiḥ ||;
TĀ, 3: 3;56 1;nanvitthaṁ pratibimbasya lakṣaṇaṁ kiṁ taducyate |;
TĀ, 3: 3;56 2;anyavyāmiśraṇāyogāt tadbhedāśakyabhāsanam |;
TĀ, 3: 3;56 3;pratibimbamiti prāhurdarpaṇe vadanaṁ yathā ||;
TĀ, 3: 3;57 1;bodhamiśramidaṁ bodhādbhedenāśakyabhāsanam |;
TĀ, 3: 3;57 2;paratattvādi bodhe kiṁ pratibimbaṁ na bhaṇyate ||;
TĀ, 3: 3;58 1;lakṣaṇasya vyavasthaiṣākasmācced bimbamucyatām |;
TĀ, 3: 3;58 2;prājñā vastuni yujyante na tu sāmayike dhvanau ||;
TĀ, 3: 3;59 1;nanu na pratibimbasya vinā bimbaṁ bhavetsthitiḥ |;
TĀ, 3: 3;59 2;kiṁ tataḥ pratibimbe hi bimbaṁ tādātmyavṛtti na ||;
TĀ, 3: 3;60 1;ataśca lakṣaṇasyāsya proktasya tadasaṁbhave |;
TĀ, 3: 3;60 2;na hānirhetumātre tu praśno .yaṁ paryavasyati ||;
TĀ, 3: 3;61 1;tatrāpi ca nimittākhye nopādāne kathaṁcana |;
TĀ, 3: 3;61 2;nimittakāraṇānāṁ ca kadācitkvāpi saṁbhavaḥ ||;
TĀ, 3: 3;62 1;ata eva purovartinyāloke smaraṇādinā |;
TĀ, 3: 3;62 2;nimittena ghanenāstu saṁkrāntadayitākṛtiḥ ||;
TĀ, 3: 3;63 1;anyathā saṁvidārūḍhā kāntā vicchedayoginī |;
TĀ, 3: 3;63 2;kasmādbhāti na vai saṁvid vicchedaṁ purato gatā ||;
TĀ, 3: 3;64 1;ata evāntaraṁ kiṁciddhīsaṁjñaṁ bhavatu sphuṭam |;
TĀ, 3: 3;64 2;yatrāsya vicchidā bhānaṁ saṁkalpasvapnadarśane ||;
TĀ, 3: 3;65 1;ato nimittaṁ devasya śaktayaḥ santu tādṛśe |;
TĀ, 3: 3;65 2;itthaṁ viśvamidaṁ nāthe bhairavīyacidambare |;
TĀ, 3: 3;65 3;pratibimbamalaṁ svacche na khalvanyaprasādataḥ ||;
TĀ, 3: 3;66 1;ananyāpekṣitā yāsya viśvātmatvaṁ prati prabhoḥ |;
TĀ, 3: 3;66 2;tāṁ parāṁ pratibhāṁ devīṁ saṁgirante hyanuttarām ||;
TĀ, 3: 3;67 1;akulasyāsya devasya kulaprathanaśālinī |;
TĀ, 3: 3;67 2;kaulikī sā parā śaktir aviyukto yayā prabhuḥ ||;
TĀ, 3: 3;68 1;tayoryadyāmalaṁ rūpaṁ sa saṁghaṭṭa iti smṛtaḥ |;
TĀ, 3: 3;68 2;ānandaśaktiḥ saivoktā yato viśvaṁ visṛjyate ||;
TĀ, 3: 3;69 1;parāparātparaṁ tattvaṁ saiṣā devī nigadyate |;
TĀ, 3: 3;69 2;tatsāraṁ tacca hṛdayaṁ sa visargaḥ paraḥ prabhuḥ ||;
TĀ, 3: 3;70 1;devīyāmalaśāstre sā kathitā kālakarṣiṇī |;
TĀ, 3: 3;70 2;mahāḍāmarake yāge śrīparā mastake tathā ||;
TĀ, 3: 3;71 1;śrīpūrvaśāstre sā mātṛsadbhāvatvena varṇitā |;
TĀ, 3: 3;71 2;saṁghaṭṭe .smiṁścidātmatvādyattatpratyavamarśanam ||;
TĀ, 3: 3;72 1;icchāśaktiraghorāṇāṁ śaktīnāṁ sā parā prabhuḥ |;
TĀ, 3: 3;72 2;saiva prakṣubdharūpā cedīśitrī samprajāyate ||;
TĀ, 3: 3;73 1;tadā ghorāḥ parā devyo jātāḥ śaivādhvadaiśikāḥ |;
TĀ, 3: 3;73 2;svātmapratyavamarśo yaḥ prāgabhūdekavīrakaḥ ||;
TĀ, 3: 3;74 1;jñātavyaviśvonmeṣātmā jñānaśaktitayā sthitaḥ |;
TĀ, 3: 3;74 2;iyaṁ parāparā devī ghorāṁ yā mātṛmaṇḍalīm ||;
TĀ, 3: 3;75 1;sṛjatyavirataṁ śuddhāśuddhamārgaikadīpikām |;
TĀ, 3: 3;75 2;jñeyāṁśaḥ pronmiṣankṣobhaṁ yadaiti balavattvataḥ ||;
TĀ, 3: 3;76 1;ūnatābhāsanaṁ saṁvinmātratve jāyate tadā |;
TĀ, 3: 3;76 2;rūḍhaṁ tajjñeyavargasya sthitiprārambha ucyate ||;
TĀ, 3: 3;77 1;rūḍhireṣā vibodhābdheścitrākāraparigrahaḥ |;
TĀ, 3: 3;77 2;idaṁ tadbījasaṁdarbhabījaṁ cinvanti yoginaḥ ||;
TĀ, 3: 3;78 1;icchāśaktir dvirūpoktā kṣubhitākṣubhitā ca yā |;
TĀ, 3: 3;78 2;iṣyamāṇaṁ hi sā vastudvairūpyeṇātmani śrayet ||;
TĀ, 3: 3;79 1;aciradyutibhāsinyā śaktyā jvalanarūpayā |;
TĀ, 3: 3;79 2;iṣyamāṇasamāpattiḥ sthairyeṇātha dharātmanā ||;
TĀ, 3: 3;80 1;unmeṣaśaktāvastyetajjñeyaṁ yadyapi bhūyasā |;
TĀ, 3: 3;80 2;tathāpi vibhavasthānaṁ sā na tu prācyajanmabhūḥ ||;
TĀ, 3: 3;81 1;icchāśakterataḥ prāhuścātūrūpyaṁ parāmṛtam |;
TĀ, 3: 3;81 2;kṣobhāntarasyāsadbhāvānnedaṁ bījaṁ ca kasyacit ||;
TĀ, 3: 3;82 1;prakṣobhakatvaṁ bījatvaṁ kṣobhādhāraśca yonitā |;
TĀ, 3: 3;82 2;kṣobhakaṁ saṁvido rūpaṁ kṣubhyati kṣobhayatyapi ||;
TĀ, 3: 3;83 1;kṣobhaḥ syājjñeyadharmatvaṁ kṣobhaṇā tadbahiṣkṛtiḥ |;
TĀ, 3: 3;83 2;antaḥsthaviśvābhinnaikabījāṁśavisisṛkṣutā ||;
TĀ, 3: 3;84 1;kṣobho .tadicche tattvecchābhāsanaṁ kṣobhaṇāṁ viduḥ |;
TĀ, 3: 3;84 2;yadaikyāpattimāsādya tadicchā kṛtinī bhavet ||;
TĀ, 3: 3;85 1;kṣobhādhāramimaṁ prāhuḥ śrīsomānandaputrakāḥ |;
TĀ, 3: 3;85 2;saṁvidāmīṣaṇādīnām anudbhinnaviśeṣakam ||;
TĀ, 3: 3;86 1;yajjñeyamātraṁ tadbījaṁ yadyogādbījatā svare |;
TĀ, 3: 3;86 2;tasya bījasya saivoktā visisṛkṣā ya udbhavaḥ |;
TĀ, 3: 3;86 3;yato grāhyamidaṁ bhāsyadbhinnakalpaṁ cidātmanaḥ ||;
TĀ, 3: 3;87 1;eṣa kṣobhaḥ kṣobhaṇā tu tūṣṇīṁbhūtānyamātṛgam |;
TĀ, 3: 3;87 2;haṭhādyadaudāsīnyāṁśacyāvanaṁ saṁvido balāt ||;
TĀ, 3: 3;88 1;jātāpi visisṛkṣāsau yadvimarśāntaraikyataḥ |;
TĀ, 3: 3;88 2;kṛtārthā jāyate kṣobhādhāro .traitatprakīrtitam ||;
TĀ, 3: 3;89 1;tatastadāntaraṁ jñeyaṁ bhinnakalpatvamicchati |;
TĀ, 3: 3;89 2;viśvabījādataḥ sarvaṁ bāhyaṁ bimbaṁ vivartsyati ||;
TĀ, 3: 3;90 1;kṣobhyakṣobhakabhāvasya satattvaṁ darśitaṁ mayā |;
TĀ, 3: 3;90 2;śrīmanmaheśvareṇoktaṁ guruṇā yatprasādataḥ ||;
TĀ, 3: 3;91 1;prakṛtaṁ brūmahe nedaṁ bījaṁ varṇacatuṣṭayam |;
TĀ, 3: 3;91 2;nāpi yoniryato naitatkṣobhādhāratvamṛcchati ||;
TĀ, 3: 3;92 1;ātmanyeva ca viśrāntyā tatproktamamṛtātmakam |;
TĀ, 3: 3;92 2;itthaṁ prāguditaṁ yattatpañcakaṁ tatparasparam ||;
TĀ, 3: 3;93 1;ucchaladvividhākāramanyonyavyatimiśraṇāt |;
TĀ, 3: 3;93 2;yo .nuttaraḥ paraḥ spando yaścānandaḥ samucchalan ||;
TĀ, 3: 3;94 1;tāvicchonmeṣasaṁghaṭṭādgacchato .tivicitratām |;
TĀ, 3: 3;94 2;anuttarānandacitī icchāśaktau niyojite ||;
TĀ, 3: 3;95 1;trikoṇamiti tatprāhurvisargāmodasundaram |;
TĀ, 3: 3;95 2;anuttarānandaśaktī tatra rūḍhimupāgate ||;
TĀ, 3: 3;96 1;trikoṇadvitvayogena vrajataḥ ṣaḍarasthitim |;
TĀ, 3: 3;96 2;ta evonmeṣayoge .pi punastanmayatāṁ gate ||;
TĀ, 3: 3;97 1;kriyāśakteḥ sphuṭaṁ rūpam abhivyaṅktaḥ parasparam |;
TĀ, 3: 3;97 2;icchonmeṣagataḥ kṣobho yaḥ proktastadgaterapi ||;
TĀ, 3: 3;98 1;te eva śaktī tādrūpyabhāginyau nānyathāsthite |;
TĀ, 3: 3;98 2;nanvanuttaratānandau svātmanā bhedavarjitau ||;
TĀ, 3: 3;99 1;kathametāvatīmenāṁ vaicitrīṁ svātmani śritau |;
TĀ, 3: 3;99 2;śṛṇu tāvadayaṁ saṁvinnātho .parimitātmakaḥ ||;
TĀ, 3: 3;100 1;anantaśaktivaicitryalayodayakaleśvaraḥ |;
TĀ, 3: 3;100 2;asthāsyadekarūpeṇa vapuṣā cenmaheśvaraḥ ||;
TĀ, 3: 3;101 1;maheśvaratvaṁ saṁvittvaṁ tadatyakṣyadghaṭādivat |;
TĀ, 3: 3;101 2;paricchinnaprakāśatvaṁ jaḍasya kila lakṣaṇam ||;
TĀ, 3: 3;102 1;jaḍādvilakṣaṇo bodho yato na parimīyate |;
TĀ, 3: 3;102 2;tena bodhamahāsindhorullāsinyaḥ svaśaktayaḥ ||;
TĀ, 3: 3;103 1;āśrayantyūrmaya iva svātmasaṁghaṭṭacitratām |;
TĀ, 3: 3;103 2;svātmasaṁghaṭṭavaicitryaṁ śaktīnāṁ yatparasparam ||;
TĀ, 3: 3;104 1;etadeva paraṁ prāhuḥ kriyāśakteḥ sphuṭaṁ vapuḥ |;
TĀ, 3: 3;104 2;asmiṁścaturdaśe dhāmni sphuṭībhūtatriśaktike ||;
TĀ, 3: 3;105 1;triśūlatvamataḥ prāha śāstā śrīpūrvaśāsane |;
TĀ, 3: 3;105 2;nirañjanamidaṁ coktaṁ gurubhistattvadarśibhiḥ ||;
TĀ, 3: 3;106 1;śaktimānañjyate yasmānna śaktirjātu kenacit |;
TĀ, 3: 3;106 2;icchā jñānaṁ kriyā ceti yatpṛthakpṛthagañjyate ||;
TĀ, 3: 3;107 1;tadeva śaktimatsvaiḥ svairiṣyamāṇādikaiḥ sphuṭam |;
TĀ, 3: 3;107 2;etattritayamaikyena yadā tu prasphuret tadā ||;
TĀ, 3: 3;108 1;na kenacid upādheyaṁ svasvavipratiṣedhataḥ |;
TĀ, 3: 3;108 2;lolībhūtamataḥ śaktitritayaṁ tattriśūlakam |;
TĀ, 3: 3;108 3;yasmin āśu samāveśādbhavedyogī nirañjanaḥ ||;
TĀ, 3: 3;109 1;itthaṁ parāmṛtapadādārabhyāṣṭakamīdṛśam |;
TĀ, 3: 3;109 2;brāhmyādirūpasaṁbhedād yātyaṣṭāṣṭakatāṁ sphuṭam ||;
TĀ, 3: 3;110 1;atrānuttaraśaktiḥ sā svaṁ vapuḥ prakaṭasthitam |;
TĀ, 3: 3;110 2;kurvantyapi jñeyakalākāluṣyādbindurūpiṇī ||;
TĀ, 3: 3;111 1;uditāyāṁ kriyāśaktau somasūryāgnidhāmani |;
TĀ, 3: 3;111 2;avibhāgaḥ prakāśo yaḥ sa binduḥ paramo hi naḥ ||;
TĀ, 3: 3;112 1;tattvarakṣāvidhāne ca taduktaṁ parameśinā |;
TĀ, 3: 3;112 2;hṛtpadmamaṇḍalāntaḥstho naraśaktiśivātmakaḥ ||;
TĀ, 3: 3;113 1;boddhavyo layabhedena bindurvimalatārakaḥ |;
TĀ, 3: 3;113 2;yo .sau nādātmakaḥ śabdaḥ sarvaprāṇiṣvavasthitaḥ ||;
TĀ, 3: 3;114 1;adhaūrdhvavibhāgena niṣkriyeṇāvatiṣṭhate |;
TĀ, 3: 3;114 2;hlādataikṣṇyādi vaicitryaṁ sitaraktādikaṁ ca yat ||;
TĀ, 3: 3;115 1;svayaṁ tannirapekṣo .sau prakāśo gururāha ca |;
TĀ, 3: 3;115 2;yanna sūryo na vā somo nāgnirbhāsayate .pi ca ||;
TĀ, 3: 3;116 1;na cārkasomavahnīnāṁ tatprakāśādvinā mahaḥ |;
TĀ, 3: 3;116 2;kimapyasti nijaṁ kiṁ tu saṁviditthaṁ prakāśate ||;
TĀ, 3: 3;117 1;svasvātantryaprabhāvodyadvicitropādhisaṁgataḥ |;
TĀ, 3: 3;117 2;prakāśo yāti taikṣṇyādimavāntaravicitratām ||;
TĀ, 3: 3;118 1;durdarśano .pi gharmāṁśuḥ patitaḥ pāthasāṁ pathi |;
TĀ, 3: 3;118 2;netrānandatvamabhyeti paśyopādheḥ prabhāvitām ||;
TĀ, 3: 3;119 1;sūryādiṣu prakāśo .sāvupādhikaluṣīkṛtaḥ |;
TĀ, 3: 3;119 2;saṁvitprakāśaṁ māheśamata eva hyapekṣate ||;
TĀ, 3: 3;120 1;prakāśamātraṁ suvyaktaṁ sūrya ityucyate sphuṭam |;
TĀ, 3: 3;120 2;prakāśyavastusārāṁśavarṣi tatsoma ucyate ||;
TĀ, 3: 3;121 1;sūryaṁ pramāṇamityāhuḥ somaṁ meyaṁ pracakṣate |;
TĀ, 3: 3;121 2;anyonyamaviyuktau tau svatantrāvapyubhau sthitau ||;
TĀ, 3: 3;122 1;bhoktṛbhogyobhayātmaitadanyonyonmukhatāṁ gatam |;
TĀ, 3: 3;122 2;tato jvalanacidrūpaṁ citrabhānuḥ prakīrtitaḥ ||;
TĀ, 3: 3;123 1;yo .yaṁ vahneḥ paraṁ tattvaṁ pramāturidameva tat |;
TĀ, 3: 3;123 2;saṁvideva tu vijñeyatādātmyādanapekṣiṇī ||;
TĀ, 3: 3;124 1;svatantratvātpramātoktā vicitro jñeyabhedataḥ |;
TĀ, 3: 3;124 2;somāṁśadāhyavastūtthavaicitryābhāsabṛṁhitaḥ ||;
TĀ, 3: 3;125 1;tata evāgniruditaścitrabhānurmaheśinā |;
TĀ, 3: 3;125 2;jñeyādyupāyasaṁghātanirapekṣaiva saṁvidaḥ ||;
TĀ, 3: 3;126 1;sthitirmātāhamasmīti jñātā śāstrajñavadyataḥ |;
TĀ, 3: 3;126 2;ajña eva yato jñātānubhavātmā na rūpataḥ ||;
TĀ, 3: 3;127 1;na tu sā jñātṛtā yasyāṁ śuddhajñeyādyapekṣate |;
TĀ, 3: 3;127 2;tasyāṁ daśāyāṁ jñātṛtvamucyate yogyatāvaśāt ||;
TĀ, 3: 3;128 1;mānataiva tu sā prācyapramātṛparikalpitā |;
TĀ, 3: 3;128 2;ucchalantyapi saṁvittiḥ kālakramavivarjanāt ||;
TĀ, 3: 3;129 1;uditaiva satī pūrṇā mātṛmeyādirūpiṇī |;
TĀ, 3: 3;129 2;pākādistu kriyā kālaparicchedātkramocitā ||;
TĀ, 3: 3;130 1;matāntyakṣaṇavandhyāpi na pākatvaṁ prapadyate |;
TĀ, 3: 3;130 2;itthaṁ prakāśatattvasya somasūryāgnitā sthitā ||;
TĀ, 3: 3;131 1;api mukhyaṁ tatprakāśamātratvaṁ na vyapohyate |;
TĀ, 3: 3;131 2;eṣāṁ yatprathamaṁ rūpaṁ hrasvaṁ tatsūrya ucyate ||;
TĀ, 3: 3;132 1;kṣobhānandavaśāddīrghaviśrāntyā soma ucyate |;
TĀ, 3: 3;132 2;yattatparaṁ plutaṁ nāma somānandātparaṁ sthitam ||;
TĀ, 3: 3;133 1;prakāśarūpaṁ tatprāhurāgneyaṁ śāstrakovidāḥ |;
TĀ, 3: 3;133 2;atra prakāśamātraṁ yatsthite dhāmatraye sati ||;
TĀ, 3: 3;134 1;uktaṁ bindutayā śāstre śivabindurasau mataḥ |;
TĀ, 3: 3;134 2;makārādanya evāyaṁ tacchāyāmātradhṛdyathā ||;
TĀ, 3: 3;135 1;ralahāḥ ṣaṇṭhavaisargavarṇarūpatvasaṁsthitāḥ |;
TĀ, 3: 3;135 2;ikāra eva rephāṁśacchāyayānyo yathā svaraḥ ||;
TĀ, 3: 3;136 1;tathaiva mahaleśādaḥ so .nyo dvedhāsvaro .pi san |;
TĀ, 3: 3;136 2;asyāntarvisisṛkṣāsau yā proktā kaulikī parā ||;
TĀ, 3: 3;137 1;saiva kṣobhavaśādeti visargātmakatāṁ dhruvam |;
TĀ, 3: 3;137 2;uktaṁ ca triśiraḥśāstre kalāvyāptyantacarcane ||;
TĀ, 3: 3;138 1;kalā saptadaśī tasmādamṛtākārarūpiṇī |;
TĀ, 3: 3;138 2;parāparasvasvarūpabindugatyā visarpitā ||;
TĀ, 3: 3;139 1;prakāśyaṁ sarvavastūnāṁ visargarahitā tu sā |;
TĀ, 3: 3;139 2;śaktikuṇḍalikā caiva prāṇakuṇḍalikā tathā ||;
TĀ, 3: 3;140 1;visargaprāntadeśe tu parā kuṇḍalinīti ca |;
TĀ, 3: 3;140 2;śivavyometi paramaṁ brahmātmasthānamucyate ||;
TĀ, 3: 3;141 1;visargamātraṁ nāthasya sṛṣṭisaṁhāravibhramāḥ |;
TĀ, 3: 3;141 2;svātmanaḥ svātmani svātmakṣepo vaisargikī sthitiḥ ||;
TĀ, 3: 3;142 1;visarga evamutsṛṣṭa āśyānatvamupāgataḥ |;
TĀ, 3: 3;142 2;haṁsaḥ prāṇo vyañjanaṁ ca sparśaśca paribhāṣyate ||;
TĀ, 3: 3;143 1;anuttaraṁ paraṁ dhāma tadevākulamucyate |;
TĀ, 3: 3;143 2;visargastasya nāthasya kaulikī śaktirucyate ||;
TĀ, 3: 3;144 1;visargatā ca saivāsyā yadānandodayakramāt |;
TĀ, 3: 3;144 2;spaṣṭībhūtakriyāśaktiparyantā procchalatsthitiḥ ||;
TĀ, 3: 3;145 1;visarga eva tāvānyadākṣiptaitāvadātmakaḥ |;
TĀ, 3: 3;145 2;iyadrūpaṁ sāgarasya yadanantormisaṁtatiḥ ||;
TĀ, 3: 3;146 1;ata eva visargo .yam avyaktahakalātmakaḥ |;
TĀ, 3: 3;146 2;kāmatattvamiti śrīmatkulaguhvara ucyate ||;
TĀ, 3: 3;147 1;yattadakṣaramavyaktaṁ kāntākaṇṭhe vyavasthitam |;
TĀ, 3: 3;147 2;dhvanirūpamanicchaṁ tu dhyānadhāraṇavarjitam ||;
TĀ, 3: 3;148 1;tatra cittaṁ samādhāya vaśayedyugapajjagat |;
TĀ, 3: 3;148 2;ata eva visargasya haṁse yadvatsphuṭā sthitiḥ ||;
TĀ, 3: 3;149 1;tadvatsānuttarādīnāṁ kādisāntatayā sthitiḥ |;
TĀ, 3: 3;149 2;anuttarātkavargasya sūtiḥ pañcātmanaḥ sphuṭam ||;
TĀ, 3: 3;150 1;pañcaśaktyātmatovaśa ekaikatra yathā sphuṭaḥ |;
TĀ, 3: 3;150 2;icchāśakteḥ svasvarūpasaṁsthāyā ekarūpataḥ ||;
TĀ, 3: 3;151 1;cavargaḥ pañcaśaktyātmā kramaprasphuṭatātmakaḥ |;
TĀ, 3: 3;151 2;yā tūktā jñeyakāluṣyabhākkṣipracarayogataḥ ||;
TĀ, 3: 3;152 1;dvirūpāyāstato jātaṁ ṭatādyaṁ vargayugmakam |;
TĀ, 3: 3;152 2;unmeṣāt pādivargastu yato viśvaṁ samāpyate ||;
TĀ, 3: 3;153 1;jñeyarūpamidaṁ pañcaviṁśatyantaṁ yataḥ sphuṭam |;
TĀ, 3: 3;153 2;jñeyatvātsphuṭataḥ proktametāvatsparśarūpakam ||;
TĀ, 3: 3;154 1;icchāśaktiśca yā dvedhā kṣubhitākṣubhitatvataḥ |;
TĀ, 3: 3;154 2;sā vijātīyaśaktyaṁśapronmukhī yāti yātmatām ||;
TĀ, 3: 3;155 1;saiva śīghrataropāttajñeyakāluṣyarūṣitā |;
TĀ, 3: 3;155 2;vijātīyonmukhatvena ratvaṁ latvaṁ ca gacchati ||;
TĀ, 3: 3;156 1;tadvadunmeṣaśaktirdvirūpā vaijātyaśaktigā |;
TĀ, 3: 3;156 2;vakāratvaṁ prapadyeta sṛṣṭisārapravarṣakam ||;
TĀ, 3: 3;157 1;icchaivānuttarānandayātā śīghratvayogataḥ |;
TĀ, 3: 3;157 2;vāyurityucyate vahnirbhāsanātsthairyato dharā ||;
TĀ, 3: 3;158 1;idaṁ catuṣkamantaḥsthamata eva nigadyate |;
TĀ, 3: 3;158 2;icchādyantargatatvena svasamāptau ca saṁsthiteḥ ||;
TĀ, 3: 3;159 1;sajātīyakaśaktīnāmicchādyānāṁ ca yojanam |;
TĀ, 3: 3;159 2;kṣobhātmakamidaṁ prāhuḥ kṣobhākṣobhātmanāmapi ||;
TĀ, 3: 3;160 1;anuttarasya sājātye bhavettu dvitayī gatiḥ |;
TĀ, 3: 3;160 2;anuttaraṁ yattatraikaṁ taccedānandasūtaye ||;
TĀ, 3: 3;161 1;prabhaviṣyati tadyoge yogaḥ kṣobhātmakaḥ sphuṭaḥ |;
TĀ, 3: 3;161 2;atrāpyanuttaraṁ dhāma dvitīyamapi sūtaye ||;
TĀ, 3: 3;162 1;na paryāptaṁ tadā kṣobhaṁ vinaivānuttarātmatā |;
TĀ, 3: 3;162 2;icchā yā karmaṇā hīnā yā caiṣṭavyena rūṣitā ||;
TĀ, 3: 3;163 1;śīghrasthairyaprabhinnena tridhā bhāvamupāgatā |;
TĀ, 3: 3;163 2;anunmiṣitamunmīlatpronmīlitamiti sthitam ||;
TĀ, 3: 3;164 1;iṣyamāṇaṁ tridhaitasyāṁ tādrūpyasyāparicyuteḥ |;
TĀ, 3: 3;164 2;tadeva svoṣmaṇā svātmasvātantryapreraṇātmanā ||;
TĀ, 3: 3;165 1;bahirbhāvyaṁ sphuṭaṁ kṣiptaṁ śaṣasatritayaṁ sthitam |;
TĀ, 3: 3;165 2;tata eva sakāre .sminsphuṭaṁ viśvaṁ prakāśate ||;
TĀ, 3: 3;166 1;amṛtaṁ ca paraṁ dhāma yoginastatpracakṣate |;
TĀ, 3: 3;166 2;kṣobhādyantavirāmeṣu tadeva ca parāmṛtam ||;
TĀ, 3: 3;167 1;sītkārasukhasadbhāvasamāveśasamādhiṣu |;
TĀ, 3: 3;167 2;tadeva brahma paramamavibhaktaṁ pracakṣate ||;
TĀ, 3: 3;168 1;uvāca bhagavāneva tacchrīmatkulaguhvare |;
TĀ, 3: 3;168 2;śaktiśaktimadaikātmyalabdhānvarthābhidhānake ||;
TĀ, 3: 3;169 1;kākacañcupuṭākāraṁ dhyānadhāraṇavarjitam |;
TĀ, 3: 3;169 2;viṣatattvamanackākhyaṁ tava snehātprakāśitam ||;
TĀ, 3: 3;170 1;kāmasya pūrṇatā tattvaṁ saṁghaṭṭe pravibhāvyate |;
TĀ, 3: 3;170 2;viṣasya cāmṛtaṁ tattvaṁ chādyatve .ṇoścyute sati ||;
TĀ, 3: 3;171 1;vyāptrī śaktirviṣaṁ yasmād avyāptuś chādayenmahaḥ |;
TĀ, 3: 3;171 2;nirañjanaṁ paraṁ dhāma tattvaṁ tasya tu sāñjanam ||;
TĀ, 3: 3;172 1;kriyāśaktyātmakaṁ viśvamayaṁ tasmātsphuredyataḥ |;
TĀ, 3: 3;172 2;icchā kāmo viṣaṁ jñānaṁ kriyā devī nirañjanam ||;
TĀ, 3: 3;173 1;etattrayasamāveśaḥ śivo bhairava ucyate |;
TĀ, 3: 3;173 2;atra rūḍhiṁ sadā kuryāditi no guravo jaguḥ ||;
TĀ, 3: 3;174 1;viṣatattve sampraviśya na bhūtaṁ na viṣaṁ na ca |;
TĀ, 3: 3;174 2;grahaḥ kevala evāhamiti bhāvanayā sphuret ||;
TĀ, 3: 3;175 1;nanvatra ṣaṇṭhavarṇebhyo janmoktaṁ tena ṣaṇṭhatā |;
TĀ, 3: 3;175 2;kathaṁ syāditi cedbrūmo nātra ṣaṇṭhasya sotṛtā ||;
TĀ, 3: 3;176 1;tathāhi tatragā yāsāvicchāśaktirudīritā |;
TĀ, 3: 3;176 2;saiva sūte svakartavyamantaḥsthaṁ sveṣṭarūpakam ||;
TĀ, 3: 3;177 1;yattvatra rūṣaṇāhetur eṣitavyaṁ sthitaṁ tataḥ |;
TĀ, 3: 3;177 2;bhāgānna prasavastajjaṁ kāluṣyaṁ tadvapuśca tat ||;
TĀ, 3: 3;178 1;jñeyārūṣaṇayā yuktaṁ samudāyātmakaṁ viduḥ |;
TĀ, 3: 3;178 2;ṣaṇṭhaṁ kṣobhakatākṣobhadhāmatvābhāvayogataḥ ||;
TĀ, 3: 3;179 1;etadvarṇacatuṣkasya svoṣmaṇābhāsanāvaśāt |;
TĀ, 3: 3;179 2;ūṣmeti kathitaṁ nāma bhairaveṇāmalātmanā ||;
TĀ, 3: 3;180 1;kādihāntam idaṁ prāhuḥ kṣobhādhāratayā budhāḥ |;
TĀ, 3: 3;180 2;yonirūpeṇa tasyāpi yoge kṣobhāntaraṁ vrajet ||;
TĀ, 3: 3;181 1;tannidarśanayogena pañcāśattamavarṇatā |;
TĀ, 3: 3;181 2;pañcaviṁśakasaṁjñeyaprāgvadbhūmisusaṁsthitam ||;
TĀ, 3: 3;182 1;catuṣkaṁ ca catuṣkaṁ ca bhedābhedagataṁ kramāt |;
TĀ, 3: 3;182 2;ādyaṁ catuṣkaṁ saṁvitterbhedasaṁdhānakovidam ||;
TĀ, 3: 3;183 1;bhedasyābhedarūḍhyekaheturanyaccatuṣṭayam |;
TĀ, 3: 3;183 2;itthaṁ yadvarṇajātaṁ tatsarvaṁ svaramayaṁ purā ||;
TĀ, 3: 3;184 1;vyaktiyogādvyañjanaṁ tatsvaraprāṇaṁ yataḥ kila |;
TĀ, 3: 3;184 2;svarāṇāṁ ṣaṭkameveha mūlaṁ syādvarṇasaṁtatau ||;
TĀ, 3: 3;185 1;ṣaḍdevatāstu tā eva ye mukhyāḥ sūryaraśmayaḥ |;
TĀ, 3: 3;185 2;saurāṇāmeva raśmīnāmantaścāndrakalā yataḥ ||;
TĀ, 3: 3;186 1;ato .tra dīrghatritayaṁ sphuṭaṁ cāndramasaṁ vapuḥ |;
TĀ, 3: 3;186 2;candraśca nāma naivānyo bhogyaṁ bhoktuśca nāparam ||;
TĀ, 3: 3;187 1;bhoktaiva bhogyabhāvena dvaividhyātsaṁvyavasthitaḥ |;
TĀ, 3: 3;187 2;ghaṭasya na hi bhogyatvaṁ svaṁ vapurmātṛgaṁ hi tat ||;
TĀ, 3: 3;188 1;ato mātari yā rūḍhiḥ sāsya bhogyatvamucyate |;
TĀ, 3: 3;188 2;anuttaraṁ parāmṛśyaparāmarśakabhāvataḥ ||;
TĀ, 3: 3;189 1;saṁghaṭṭarūpatāṁ prāptaṁ bhogyamicchādikaṁ tathā |;
TĀ, 3: 3;189 2;anuttarānandabhuvāmicchādye bhogyatāṁ gate ||;
TĀ, 3: 3;190 1;saṁdhyakṣarāṇāmudayo bhoktṛrūpaṁ ca kathyate |;
TĀ, 3: 3;190 2;anuttarānandamayo devo bhoktaiva kathyate ||;
TĀ, 3: 3;191 1;icchādikaṁ bhogyameva tata evāsya śaktitā |;
TĀ, 3: 3;191 2;bhogyaṁ bhoktari līnaṁ ced bhoktā tadvastutaḥ sphuṭaḥ ||;
TĀ, 3: 3;192 1;ataḥ ṣaṇṇāṁ trikaṁ sāraṁ cidiṣyunmeṣaṇātmakam |;
TĀ, 3: 3;192 2;tadeva tritayaṁ prāhurbhairavasya paraṁ mahaḥ ||;
TĀ, 3: 3;193 1;tattrikaṁ parameśasya pūrṇā śaktiḥ pragīyate |;
TĀ, 3: 3;193 2;tenākṣiptaṁ yato viśvamato .sminsamupāsite ||;
TĀ, 3: 3;194 1;viśvaśaktāvavacchedavandhye jātamupāsanam |;
TĀ, 3: 3;194 2;ityeṣa mahimaitāvāniti tāvanna śakyate ||;
TĀ, 3: 3;195 1;aparicchinnaśakteḥ kaḥ kuryācchaktiparicchidām |;
TĀ, 3: 3;195 2;tasmādanuttaro devaḥ svācchandyānuttaratvataḥ ||;
TĀ, 3: 3;196 1;visargaśaktiyuktatvāt sampanno viśvarūpakaḥ |;
TĀ, 3: 3;196 2;evaṁ pañcāśadāmarśapūrṇaśaktirmaheśvaraḥ ||;
TĀ, 3: 3;197 1;vimarśātmaika evānyāḥ śaktayo .traiva niṣṭhitāḥ |;
TĀ, 3: 3;197 2;ekāśītipadā devī hyatrāntarbhāvayiṣyate ||;
TĀ, 3: 3;198 1;ekāmarśasvabhāvatve śabdarāśiḥ sa bhairavaḥ |;
TĀ, 3: 3;198 2;āmṛśyacchāyayā yogātsaiva śaktiśca mātṛkā ||;
TĀ, 3: 3;199 1;sā śabdarāśisaṁghaṭṭādbhinnayonistu mālinī |;
TĀ, 3: 3;199 2;prāgvannavatayāmarśāt pṛthagvargasvarūpiṇī ||;
TĀ, 3: 3;200 1;ekaikāmarśarūḍhau tu saiva pañcāśadātmikā |;
TĀ, 3: 3;200 2;itthaṁ nādānuvedhena parāmarśasvabhāvakaḥ ||;
TĀ, 3: 3;201 1;śivo mātāpitṛtvena kartā viśvatra saṁsthitaḥ |;
TĀ, 3: 3;201 2;visarga eva śākto .yaṁ śivabindutayā punaḥ ||;
TĀ, 3: 3;202 1;garbhīkṛtānantaviśvaḥ śrayate .nuttarātmatām |;
TĀ, 3: 3;202 2;aparicchinnaviśvāntaḥsāre svātmani yaḥ prabhoḥ ||;
TĀ, 3: 3;203 1;parāmarśaḥ sa evokto dvayasaṁpattilakṣaṇaḥ |;
TĀ, 3: 3;203 2;anuttaravisargātmaśivaśaktyadvayātmani ||;
TĀ, 3: 3;204 1;parāmarśo nirbharatvādahamityucyate vibhoḥ |;
TĀ, 3: 3;204 2;anuttarādyā prasṛtir hāntā śaktisvarūpiṇī ||;
TĀ, 3: 3;205 1;pratyāhṛtāśeṣaviśvānuttare sā nilīyate |;
TĀ, 3: 3;205 2;tadidaṁ viśvamantaḥsthaṁ śaktau sānuttare pare ||;
TĀ, 3: 3;206 1;tattasyāmiti yatsatyaṁ vibhunā saṁpuṭīkṛtiḥ |;
TĀ, 3: 3;206 2;tena śrītrīśikāśāstre śakteḥ saṁpuṭitākṛtiḥ ||;
TĀ, 3: 3;207 1;saṁvittau bhāti yadviśvaṁ tatrāpi khalu saṁvidā |;
TĀ, 3: 3;207 2;tadetattritayaṁ dvandvayogātsaṁghātatāṁ gatam ||;
TĀ, 3: 3;208 1;ekameva paraṁ rūpaṁ bhairavasyāhamātmakam |;
TĀ, 3: 3;208 2;visargaśaktiryā śaṁbhoḥ setthaṁ sarvatra vartate ||;
TĀ, 3: 3;209 1;tata evasamasto .yamānandarasavibhramaḥ |;
TĀ, 3: 3;209 2;tathāhi madhure gīte sparśe vā candanādike ||;
TĀ, 3: 3;210 1;mādhyasthyavigame yāsau hṛdaye spandamānatā |;
TĀ, 3: 3;210 2;ānandaśaktiḥ saivoktā yataḥ sahṛdayo janaḥ ||;
TĀ, 3: 3;211 1;pūrvaṁ visṛjyasakalaṁ kartavyaṁ śūnyatānale |;
TĀ, 3: 3;211 2;cittaviśrāntisaṁjño .yamāṇavastadanantaram ||;
TĀ, 3: 3;212 1;dṛṣṭaśrutāditadvastupronmukhatvaṁ svasaṁvidi |;
TĀ, 3: 3;212 2;cittasaṁbodhanāmoktaḥ śāktollāsabharātmakaḥ ||;
TĀ, 3: 3;213 1;tatronmukhatvatadvastusaṁghaṭṭādvastuno hṛdi |;
TĀ, 3: 3;213 2;rūḍheḥ pūrṇatayāveśānmitacittalayācchive ||;
TĀ, 3: 3;214 1;prāgvadbhaviṣyadaunmukhyasaṁbhāvyamitatālayāt |;
TĀ, 3: 3;214 2;cittapralayanāmāsau visargaḥ śāmbhavaḥ paraḥ ||;
TĀ, 3: 3;215 1;tattvarakṣāvidhāne .to visargatraidhamucyate |;
TĀ, 3: 3;215 2;hṛtpadmakośamadhyasthastayoḥ saṁghaṭṭa iṣyate ||;
TĀ, 3: 3;216 1;visargo .ntaḥ sa ca proktaścittaviśrāntilakṣaṇaḥ |;
TĀ, 3: 3;216 2;dvitīyaḥ sa visargastu cittasaṁbodhalakṣaṇaḥ ||;
TĀ, 3: 3;217 1;ekībhūtaṁ vibhātyatra jagadetaccarācaram |;
TĀ, 3: 3;217 2;grāhyagrāhakabhedo vai kiṁcidatreṣyate yadā ||;
TĀ, 3: 3;218 1;tadāsau sakalaḥ prokto niṣkalaḥ śivayogataḥ |;
TĀ, 3: 3;218 2;grāhyagrāhakavicchittisampūrṇagrahaṇātmakaḥ ||;
TĀ, 3: 3;219 1;tṛtīyaḥ sa visargastu cittapralayalakṣaṇaḥ |;
TĀ, 3: 3;219 2;ekībhāvātmakaḥ sūkṣmo vijñānātmātmanirvṛtaḥ ||;
TĀ, 3: 3;220 1;nirūpito .yamarthaḥ śrīsiddhayogīśvarīmate |;
TĀ, 3: 3;220 2;sātra kuṇḍalinī bījaṁ jīvabhūtā cidātmikā ||;
TĀ, 3: 3;221 1;tajjaṁ dhruvecchonmeṣākhyaṁ trikaṁ varṇāstataḥ punaḥ |;
TĀ, 3: 3;221 2;ā ityavarṇādityādiyāvadvaisargikī kalā ||;
TĀ, 3: 3;222 1;kakārādisakārāntā visargātpañcadhā sa ca |;
TĀ, 3: 3;222 2;bahiścāntaśca hṛdaye nāde .tha parame pade ||;
TĀ, 3: 3;223 1;bindurātmani mūrdhāntaṁ hṛdayādvyāpako hi saḥ |;
TĀ, 3: 3;223 2;ādimāntyavihīnāstu mantrāḥ syuḥ śaradabhravat ||;
TĀ, 3: 3;224 1;gurorlakṣaṇametāvadādimāntyaṁ ca vedayet |;
TĀ, 3: 3;224 2;pūjyaḥ so .hamiva jñānī bhairavo devatātmakaḥ ||;
TĀ, 3: 3;225 1;ślokagāthādi yatkiṁcidādimāntyayutaṁ tataḥ |;
TĀ, 3: 3;225 2;tasmādvidaṁstathā sarvaṁ mantratvenaiva paśyati ||;
TĀ, 3: 3;226 1;visargaśaktirviśvasya kāraṇaṁ ca nirūpitā |;
TĀ, 3: 3;226 2;aitareyākhyavedānte parameśena vistarāt ||;
TĀ, 3: 3;227 1;yallohitaṁ tadagniryadvīryaṁ sūryenduvigraham |;
TĀ, 3: 3;227 2;a iti brahma paramaṁ tatsaṁghaṭṭodayātmakam ||;
TĀ, 3: 3;228 1;tasyāpi ca paraṁ vīryaṁ pañcabhūtakalātmakam |;
TĀ, 3: 3;228 2;bhogyatvenānnarūpaṁ ca śabdasparśarasātmakam ||;
TĀ, 3: 3;229 1;śabdo .pi madhuro yasmādvīryopacayakārakaḥ |;
TĀ, 3: 3;229 2;taddhi vīryaṁ paraṁ śuddhaṁ visisṛkṣātmakaṁ matam ||;
TĀ, 3: 3;230 1;tadbalaṁ ca tadojaśca te prāṇāḥ sā ca kāntatā |;
TĀ, 3: 3;230 2;tasmādvīryātprajāstāśca vīryaṁ karmasu kathyate ||;
TĀ, 3: 3;231 1;yajñādikeṣu tadvṛṣṭau sauṣadhīṣvatha tāḥ punaḥ |;
TĀ, 3: 3;231 2;vīrye tacca prajāsvevaṁ visarge viśvarūpatā ||;
TĀ, 3: 3;232 1;śabdarāśiḥ sa evokto mātṛkā sāca kīrtitā |;
TĀ, 3: 3;232 2;kṣobhyakṣobhakatāveśānmālinīṁ tāṁ pracakṣate ||;
TĀ, 3: 3;233 1;bījayonisamāpattivisargodayasundarā |;
TĀ, 3: 3;233 2;mālinī hi parā śaktirnirṇītā viśvarūpiṇī ||;
TĀ, 3: 3;234 1;eṣā vastuta ekaiva parā kālasya karṣiṇī |;
TĀ, 3: 3;234 2;śaktimadbhedayogena yāmalatvaṁ prapadyate ||;
TĀ, 3: 3;235 1;tasya pratyavamarśo yaḥ paripūrṇo .hamātmakaḥ |;
TĀ, 3: 3;235 2;sa svātmani svatantratvādvibhāgamavabhāsayet ||;
TĀ, 3: 3;236 1;vibhāgābhāsane cāsya tridhā vapurudāhṛtam |;
TĀ, 3: 3;236 2;paśyantī madhyamā sthūlā vaikharītyabhiśabditam ||;
TĀ, 3: 3;237 1;tāsāmapi tridhā rūpaṁ sthūlasūkṣmaparatvataḥ |;
TĀ, 3: 3;237 2;tatra yā svarasandarbhasubhagā nādarūpiṇī ||;
TĀ, 3: 3;238 1;sā sthūlā khalu paśyantī varṇādyapravibhāgataḥ |;
TĀ, 3: 3;238 2;avibhāgaikarūpatvaṁ mādhuryaṁ śaktirucyate ||;
TĀ, 3: 3;239 1;sthānavāyvādigharṣotthā sphuṭataiva ca pāruṣī |;
TĀ, 3: 3;239 2;tadasyāṁ nādarūpāyāṁ saṁvitsavidhavṛttitaḥ ||;
TĀ, 3: 3;240 1;sājātyāttanmayībhūtir jhag ityevopalabhyate |;
TĀ, 3: 3;240 2;yeṣāṁ na tanmayībhūtiste dehādinimajjanam ||;
TĀ, 3: 3;241 1;avidanto magnasaṁvinmānāstvahṛdayā iti |;
TĀ, 3: 3;241 2;yattu carmāvanaddhādi kiṁcittatraiṣa yo dhvaniḥ ||;
TĀ, 3: 3;242 1;sa sphuṭāsphuṭarūpatvānmadhyamā sthūlarūpiṇī |;
TĀ, 3: 3;242 2;madhyāyāś cāvibhāgāṁśasadbhāva iti raktatā ||;
TĀ, 3: 3;243 1;avibhāgasvaramayī yatra syāttatsurañjakam |;
TĀ, 3: 3;243 2;avibhāgo hi nirvṛtyai dṛśyatāṁ tālapāṭhataḥ ||;
TĀ, 3: 3;244 1;kilāvyaktadhvanau tasminvādane parituṣyati |;
TĀ, 3: 3;244 2;yā tu sphuṭānāṁ varṇānāmutpattau kāraṇaṁ bhavet ||;
TĀ, 3: 3;245 1;sā sthūlā vaikharī yasyāḥ kāryaṁ vākyādi bhūyasā |;
TĀ, 3: 3;245 2;asminsthūlatraye yattadanusandhānamādivat ||;
TĀ, 3: 3;246 1;pṛthakpṛthaktattritayaṁ sūkṣmamityabhiśabdyate |;
TĀ, 3: 3;246 2;ṣaḍjaṁ karomi madhuraṁ vādayāmi bruve vacaḥ ||;
TĀ, 3: 3;247 1;pṛthagevānusandhānatrayaṁ saṁvedyate kila |;
TĀ, 3: 3;247 2;etasyāpi trayasyādyaṁ yad rūpam anupādhimat ||;
TĀ, 3: 3;248 1;tatparaṁ tritayaṁ tatra śivaḥ paracidātmakaḥ |;
TĀ, 3: 3;248 2;vibhāgābhāsanāyāṁ ca mukhyāstisro .tra śaktayaḥ ||;
TĀ, 3: 3;249 1;anuttarā parecchā ca parāparatayā sthitā |;
TĀ, 3: 3;249 2;unmeṣaśaktirjñānākhyā tvapareti nigadyate ||;
TĀ, 3: 3;250 1;kṣobharūpātpunastāsāmuktāḥ ṣaṭ saṁvido .malāḥ |;
TĀ, 3: 3;250 2;āsāmeva samāveśātkriyāśaktitayoditāt ||;
TĀ, 3: 3;251 1;saṁvido dvādaśa proktā yāsu sarvaṁ samāpyate |;
TĀ, 3: 3;251 2;etāvaddevadevasya mukhyaṁ tacchakticakrakam ||;
TĀ, 3: 3;252 1;etāvatā devadevaḥ pūrṇaśaktiḥ sa bhairavaḥ |;
TĀ, 3: 3;252 2;parāmarśātmakatvena visargākṣepayogataḥ ||;
TĀ, 3: 3;253 1;iyattākalanājjñānāttāḥ proktāḥ kālikāḥ kvacit |;
TĀ, 3: 3;253 2;śrīsāraśāstre cāpyuktaṁ madhya ekākṣarāṁ parām ||;
TĀ, 3: 3;254 1;pūjayedbhairavātmākhyāṁ yoginīdvādaśāvṛtām |;
TĀ, 3: 3;254 2;tābhya eva catuḥṣaṣṭiparyantaṁ śakticakrakam ||;
TĀ, 3: 3;255 1;ekārataḥ samārabhya sahasrāraṁ pravartate |;
TĀ, 3: 3;255 2;tāsāṁ ca kṛtyabhedena nāmāni bahudhāgame ||;
TĀ, 3: 3;256 1;upāsāśca dvayādvaitavyāmiśrākārayogataḥ |;
TĀ, 3: 3;256 2;śrīmattraiśirase tacca kathitaṁ vistarādbahu ||;
TĀ, 3: 3;257 1;iha no likhitaṁ vyāsabhayāccānupayogataḥ |;
TĀ, 3: 3;257 2;tā eva nirmalāḥ śuddhā aghorāḥ parikīrtitāḥ ||;
TĀ, 3: 3;258 1;ghoraghoratarāṇāṁ tu sotṛtvācca tadātmikāḥ |;
TĀ, 3: 3;258 2;sṛṣṭau sthitau ca saṁhāre tadupādhitrayātyaye ||;
TĀ, 3: 3;259 1;tāsāmeva sthitaṁ rūpaṁ bahudhā pravibhajyate |;
TĀ, 3: 3;259 2;upādhyatītaṁ yadrūpaṁ taddvidhā guravo jaguḥ ||;
TĀ, 3: 3;260 1;anullāsād upādhīnāṁ yadvā praśamayogataḥ |;
TĀ, 3: 3;260 2;praśamaśca dvidhā śāntyā haṭhapākakrameṇa tu ||;
TĀ, 3: 3;261 1;alaṁ grāsarasākhyena satataṁ jvalanātmanā |;
TĀ, 3: 3;261 2;haṭhapākapraśamanaṁ yattṛtīyaṁ tadeva ca |;
TĀ, 3: 3;261 3;upadeśāya yujyeta bhedendhanavidāhakam ||;
TĀ, 3: 3;262 1;nijabodhajaṭharahutabhuji bhāvāḥ sarve samarpitā haṭhataḥ vijahati bhedavibhāgaṁ nijaśaktyā taṁ samindhānāḥ ||;
TĀ, 3: 3;263 1;haṭhapākena bhāvānāṁ rūpe bhinne vilāpite |;
TĀ, 3: 3;263 2;aśnantyamṛtasādbhūtaṁ viśvaṁ saṁvittidevatāḥ ||;
TĀ, 3: 3;264 1;tāstṛptāḥ svātmanaḥ pūrṇaṁ hṛdayaikāntaśāyinam |;
TĀ, 3: 3;264 2;cidvyomabhairavaṁ devamabhedenādhiśerate ||;
TĀ, 3: 3;265 1;evaṁ kṛtyakriyāveśān nāmopāsābahutvataḥ |;
TĀ, 3: 3;265 2;āsāṁ bahuvidhaṁ rūpamabhede .pyavabhāsate ||;
TĀ, 3: 3;266 1;āsāmeva ca devīnāmāvāpodvāpayogataḥ |;
TĀ, 3: 3;266 2;ekadvitricatuṣpañcaṣaṭsaptāṣṭanavottaraiḥ ||;
TĀ, 3: 3;267 1;rudrārkānyakalāsenāprabhṛtirbhedavistaraḥ |;
TĀ, 3: 3;267 2;alamanyena bahunā prakṛte .tha niyujyate ||;
TĀ, 3: 3;268 1;saṁvidātmani viśvo .yaṁ bhāvavargaḥ prapañcavān |;
TĀ, 3: 3;268 2;pratibimbatayā bhāti yasya viśveśvaro hi saḥ ||;
TĀ, 3: 3;269 1;evamātmani yasyedṛgavikalpaḥ sadodayaḥ |;
TĀ, 3: 3;269 2;parāmarśaḥ sa evāsau śāṁbhavopāyamudritaḥ ||;
TĀ, 3: 3;270 1;pūrṇāhaṁtāparāmarśo yo .syāyaṁ pravivecitaḥ |;
TĀ, 3: 3;270 2;mantramudrākriyopāsāstadanyā nātra kāścana ||;
TĀ, 3: 3;271 1;bhūyobhūyaḥ samāveśaṁ nirvikalpamimaṁ śritaḥ |;
TĀ, 3: 3;271 2;abhyeti bhairavībhāvaṁ jīvanmuktyaparābhidham ||;
TĀ, 3: 3;272 1;ita eva prabhṛtyeṣā jīvanmuktirvicāryate |;
TĀ, 3: 3;272 2;yatra sūtraṇayāpīyam upāyopeyakalpanā ||;
TĀ, 3: 3;273 1;prāktane tvāhnike kācidbhedasya kalanāpi no |;
TĀ, 3: 3;273 2;tenānupāye tasminko mucyate vā kathaṁ kutaḥ ||;
TĀ, 3: 3;274 1;nirvikalpe parāmarśe śāmbhavopāyanāmani |;
TĀ, 3: 3;274 2;pañcāśadbhedatāṁ pūrvasūtritāṁ yojayedbudhaḥ ||;
TĀ, 3: 3;275 1;dharāmevāvikalpena svātmani pratibimbitām |;
TĀ, 3: 3;275 2;paśyanbhairavatāṁ yāti jalādiṣvapyayaṁ vidhiḥ ||;
TĀ, 3: 3;276 1;yāvadante paraṁ tattvaṁ samastāvaraṇordhvagam |;
TĀ, 3: 3;276 2;vyāpi svatantraṁ sarvajñaṁ yacchivaṁ parikalpitam ||;
TĀ, 3: 3;277 1;tadapyakalpitodārasaṁviddarpaṇabimbitam |;
TĀ, 3: 3;277 2;paśyanvikalpavikalo bhairavībhavati svayam ||;
TĀ, 3: 3;278 1;yathā raktaṁ puraḥ paśyannirvikalpakasaṁvidā |;
TĀ, 3: 3;278 2;tattaddvāraniraṁśaikaghaṭasaṁvittisusthitaḥ ||;
TĀ, 3: 3;279 1;tadvaddharādikaikaikasaṁghātasamudāyataḥ |;
TĀ, 3: 3;279 2;parāmṛśansvamātmānaṁ pūrṇa evāvabhāsate ||;
TĀ, 3: 3;280 1;matta evoditamidaṁ mayyeva pratibimbitam |;
TĀ, 3: 3;280 2;madabhinnamidaṁ ceti tridhopāyaḥ sa śāmbhavaḥ ||;
TĀ, 3: 3;281 1;sṛṣṭeḥ sthiteḥ saṁhṛteśca tadetatsūtraṇaṁ kṛtam |;
TĀ, 3: 3;281 2;yatra sthitaṁ yataśceti tadāha spandaśāsane ||;
TĀ, 3: 3;282 1;etāvataiva hyaiśvaryaṁ saṁvidaḥ khyāpitaṁ param |;
TĀ, 3: 3;282 2;viśvātmakatvaṁ cetyanyallakṣaṇaṁ kiṁ nu kathyatām ||;
TĀ, 3: 3;283 1;svātmanyeva cidākāśe viśvamasmyavabhāsayan |;
TĀ, 3: 3;283 2;sraṣṭā viśvātmaka iti prathayā bhairavātmatā ||;
TĀ, 3: 3;284 1;ṣaḍadhvajātaṁ nikhilaṁ mayyeva pratibimbitam |;
TĀ, 3: 3;284 2;sthitikartāhamasmīti sphuṭeyaṁ viśvarūpatā ||;
TĀ, 3: 3;285 1;sadoditamahābodhajvālājaṭilatātmani |;
TĀ, 3: 3;285 2;viśvaṁ dravati mayyetaditi paśyanpraśāmyati ||;
TĀ, 3: 3;286 1;anantacitrasadgarbhasaṁsārasvapnasadmanaḥ |;
TĀ, 3: 3;286 2;ploṣakaḥ śiva evāhamityullāsī hutāśanaḥ ||;
TĀ, 3: 3;287 1;jagatsarvaṁ mattaḥ prabhavati vibhedena bahudhā taditthaṁ yaḥ sṛṣṭisthitivilayam ekīkṛtivaśād anaṁśaṁ |;
TĀ, 3: 3;288 1;tadasminparamopāye śāmbhavādvaitaśālini |;
TĀ, 3: 3;288 2;ke .pyeva yānti viśvāsaṁ parameśena bhāvitāḥ ||;
TĀ, 3: 3;289 1;snānaṁ vrataṁ dehaśuddhirdhāraṇā mantrayojanā |;
TĀ, 3: 3;289 2;adhvakL.ptir yāgavidhir homajapyasamādhayaḥ ||;
TĀ, 3: 3;290 1;ityādikalpanā kāpi nātra bhedena yujyate |;
TĀ, 3: 3;290 2;parānugrahakāritvamatrasthasya sphuṭaṁ sthitam ||;
TĀ, 3: 3;291 1;yadi tādṛganugrāhyo daiśikasyopasarpati |;
TĀ, 3: 3;291 2;athāsau tādṛśo na syādbhavabhaktyā ca bhāvitaḥ ||;
TĀ, 3: 3;292 1;taṁ cārādhayate bhāvitādṛśānugraheritaḥ |;
TĀ, 3: 3;292 2;tadā vicitraṁ dīkṣādividhiṁ śikṣeta kovidaḥ ||;
TĀ, 3: 3;293 1;bhāvinyo .pi hyupāsāstā atraivāyānti niṣṭhitim |;
TĀ, 3: 3;293 2;etanmayatvaṁ paramaṁ prāpyaṁ nirvarṇyate śivam ||;
TĀ, 3: 3;294 1;iti kathitamidaṁ suvistaraṁ paramaṁ |;
TĀ, 4: 4;1 1;atha śāktamupāyamaṇḍalaṁ kathayāmaḥ |;
TĀ, 4: 4;2 1;anantarāhnikokte .sminsvabhāve pārameśvare |;
TĀ, 4: 4;2 2;pravivikṣurvikalpasya kuryātsaṁskāramañjasā ||;

TĀ, 4: 4;4 1;caturṣveva vikalpeṣu yaḥ saṁskāraḥ kramādasau |;
TĀ, 4: 4;4 2;asphuṭaḥ sphuṭatābhāvī prasphuṭan sphuṭitātmakaḥ ||;
TĀ, 4: 4;5 1;tataḥ sphuṭataro yāvadante sphuṭatamo bhavet |;
TĀ, 4: 4;5 2;asphuṭādau vikalpe ca bhedo .pyastyāntarālikaḥ ||;
TĀ, 4: 4;6 1;tataḥ sphuṭatamodāratādrūpyaparibṛṁhitā |;
TĀ, 4: 4;6 2;saṁvidabhyeti vimalāmavikalpasvarūpatām ||;
TĀ, 4: 4;7 1;ataśca bhairavīyaṁ yattejaḥ saṁvitsvabhāvakam |;
TĀ, 4: 4;7 2;bhūyo bhūyo vimṛśatāṁ jāyate tatsphuṭātmatā ||;
TĀ, 4: 4;8 1;nanu saṁvitparāmraṣṭrī parāmarśamayī svataḥ |;
TĀ, 4: 4;8 2;parāmṛśyā kathaṁ tāthārūpyasṛṣṭau tu sā jaḍā ||;
TĀ, 4: 4;9 1;ucyate svātmasaṁvittiḥ svabhāvādeva nirbharā |;
TĀ, 4: 4;9 2;nāsyāmapāsyaṁ nādheyaṁ kiṁcidityuditaṁ purā ||;
TĀ, 4: 4;10 1;kiṁtu durghaṭakāritvātsvācchandyānnirmalādasau |;
TĀ, 4: 4;10 2;svātmapracchādanakrīḍāpaṇḍitaḥ parameśvaraḥ ||;
TĀ, 4: 4;11 1;anāvṛtte svarūpe .pi yadātmācchādanaṁ vibhoḥ |;
TĀ, 4: 4;11 2;saiva māyā yato bheda etāvānviśvavṛttikaḥ ||;
TĀ, 4: 4;12 1;tathābhāsanamevāsya dvaitamuktaṁ maheśituḥ |;
TĀ, 4: 4;12 2;taddvayāpāsanenāyaṁ parāmarśo .bhidhīyate ||;
TĀ, 4: 4;13 1;durbhedapādapasyāsya mūlaṁ kṛntanti kovidāḥ |;
TĀ, 4: 4;13 2;dhārārūḍhena sattarkakuṭhāreṇeti niścayaḥ ||;
TĀ, 4: 4;14 1;tāmenāṁ bhāvanāmāhuḥ sarvakāmadughāṁ budhāḥ |;
TĀ, 4: 4;14 2;sphuṭayedvastu yāpetaṁ manorathapadād api ||;
TĀ, 4: 4;15 1;śrīpūrvaśāstre tatproktaṁ tarko yogāṅgamuttamam |;
TĀ, 4: 4;15 2;heyādyālocanāttasmāttatra yatnaḥ praśasyate ||;
TĀ, 4: 4;16 1;mārge cetaḥ sthirībhūtaṁ heye .pi viṣayecchayā |;
TĀ, 4: 4;16 2;prerya tena nayettāvad yāvat padam anāmayam ||;
TĀ, 4: 4;17 1;mārgo .tra mokṣopāyaḥ sa heyaḥ śāstrāntaroditaḥ |;
TĀ, 4: 4;17 2;viṣiṇoti nibadhnāti yecchā niyatisaṁgatam ||;
TĀ, 4: 4;18 1;rāgatattvaṁ tayoktaṁ yat tena tatrānurajyate |;
TĀ, 4: 4;18 2;yathā sāmrājyasaṁbhogaṁ dṛṣṭvādṛṣṭvāthavādhame ||;
TĀ, 4: 4;19 1;bhoge rajyeta durbuddhistadvanmokṣe .pi rāgataḥ |;
TĀ, 4: 4;19 2;sa evāṁśaka ityuktaḥ svabhāvākhyaḥ sa tu sphuṭam ||;
TĀ, 4: 4;20 1;siddhyaṅgamiti mokṣāya pratyūha iti kovidāḥ |;
TĀ, 4: 4;20 2;śivaśāsanamāhātmyaṁ vidannapyata eva hi ||;
TĀ, 4: 4;21 1;vaiṣṇavādyeṣu rajyeta mūḍho rāgeṇa rañjitaḥ |;
TĀ, 4: 4;21 2;yatastāvati sā tasya vāmākhyā śaktiraiśvarī ||;
TĀ, 4: 4;22 1;pāñcarātrikavairiñcasaugatādervijṛmbhate |;
TĀ, 4: 4;22 2;dṛṣṭāḥ sāmrājyasaṁbhogaṁ nindantaḥ ke .pi bāliśāḥ ||;
TĀ, 4: 4;23 1;na tu saṁtoṣataḥ sveṣu bhogeṣvāśīḥpravartanāt |;
TĀ, 4: 4;23 2;evaṁcidbhairavāveśanindātatparamānasāḥ ||;
TĀ, 4: 4;24 1;bhavantyatisughorābhiḥ śaktibhiḥ pātitā yataḥ |;
TĀ, 4: 4;24 2;tena śāṁbhavamāhātmyaṁ jānanyaḥ śāsanāntare ||;
TĀ, 4: 4;25 1;āśvasto nottarītavyaṁ tena bhedamahārṇavāt |;
TĀ, 4: 4;25 2;śrīkāmikāyāṁ proktaṁ ca pāśaprakaraṇe sphuṭam ||;
TĀ, 4: 4;26 1;vedasāṁkhyapurāṇajñāḥ pāñcarātraparāyaṇāḥ |;
TĀ, 4: 4;26 2;ye kecidṛṣayo dhīrāḥ śāstrāntaraparāyaṇāḥ ||;
TĀ, 4: 4;27 1;bauddhārhatādyāḥ sarve te vidyārāgeṇa rañjitāḥ |;
TĀ, 4: 4;27 2;māyāpāśena baddhatvācchivadīkṣāṁ na vindate ||;
TĀ, 4: 4;28 1;rāgaśabdena ca proktaṁ rāgatattvaṁ niyāmakam |;
TĀ, 4: 4;28 2;māyīye tacca taṁ tasmiñchāstre niyamayediti ||;
TĀ, 4: 4;29 1;mokṣo .pi vaiṣṇavāderyaḥ svasaṁkalpena bhāvitaḥ |;
TĀ, 4: 4;29 2;paraprakṛtisāyujyaṁ yad vāpy ānandarūpatā ||;
TĀ, 4: 4;30 1;viśuddhacittamātraṁ vā dīpavatsaṁtatikṣayaḥ |;
TĀ, 4: 4;30 2;sa savedyāpavedyātmapralayākalatāmayaḥ ||;
TĀ, 4: 4;31 1;taṁ prāpyāpi ciraṁ kālaṁ tadgogābhogabhuktataḥ |;
TĀ, 4: 4;31 2;tattattvapralayānte tu tadūrdhvāṁ sṛṣṭimāgataḥ ||;
TĀ, 4: 4;32 1;mantratvameti saṁbodhādananteśena kalpitāt |;
TĀ, 4: 4;32 2;etaccāgre taniṣyāma ityāstāṁ tāvadatra tat ||;
TĀ, 4: 4;33 1;tenājñajanatākL.ptapravādair yo viḍambitaḥ |;
TĀ, 4: 4;33 2;asadgurau rūḍhacitsa māyāpāśena rañjitaḥ ||;
TĀ, 4: 4;34 1;so .pi sattarkayogena nīyate sadguruṁ prati |;
TĀ, 4: 4;34 2;sattarkaḥ śuddhavidyaiva sā cecchā parameśituḥ ||;
TĀ, 4: 4;35 1;śrīpūrvaśāstre tenoktaṁ sa yiyāsuḥ śivecchayā |;
TĀ, 4: 4;35 2;bhuktimuktiprasiddhyarthaṁ nīyate sadguruṁ prati ||;
TĀ, 4: 4;36 1;śaktipātastu tatraiṣa kramikaḥ sampravartate |;
TĀ, 4: 4;36 2;sthitvā yo .sadgurau śāstrāntare vā satpathaṁ śritaḥ ||;
TĀ, 4: 4;37 1;guruśāstragate sattve .sattve cātra vibhedakam |;
TĀ, 4: 4;37 2;śaktipātasya vaicitryaṁ purastātpravivicyate ||;
TĀ, 4: 4;38 1;uktaṁ svacchandaśāstre tat vaiṣṇavādyānpravādinaḥ |;
TĀ, 4: 4;38 2;sarvān bhramayate māyā sāmokṣe mokṣalipsayā ||;
TĀ, 4: 4;39 1;yastu rūḍho .pi tatrodyatparāmarśaviśāradaḥ |;
TĀ, 4: 4;39 2;sa śuddhavidyāmāhātmyācchaktipātapavitritaḥ ||;
TĀ, 4: 4;40 1;ārohatyeva sanmārgaṁ pratyūhaparivarjitaḥ |;
TĀ, 4: 4;40 2;sa tāvatkasyacittarkaḥ svata eva pravartate ||;
TĀ, 4: 4;41 1;sa ca sāṁsiddhikaḥ śāstre proktaḥ svapratyayātmakaḥ |;
TĀ, 4: 4;41 2;kiraṇāyāṁ yadapyuktaṁ gurutaḥ śāstrataḥ svataḥ ||;
TĀ, 4: 4;42 1;tatrottarottaraṁ mukhyaṁ pūrvapūrva upāyakaḥ |;
TĀ, 4: 4;42 2;yasya svato .yaṁ sattarkaḥ sarvatraivādhikāravān ||;
TĀ, 4: 4;43 1;abhiṣiktaḥ svasaṁvittidevībhirdīkṣitaśca saḥ |;
TĀ, 4: 4;43 2;sa eva sarvācāryāṇāṁ madhye mukhyaḥ prakīrtitaḥ ||;
TĀ, 4: 4;44 1;tatsaṁnidhāne nānyeṣu kalpiteṣvadhikāritā |;
TĀ, 4: 4;44 2;sa samastaṁ ca śāstrārthaṁ sattarkādeva manyate ||;
TĀ, 4: 4;45 1;śuddhavidyā hi tannāsti satyaṁ yadyanna bhāsayet |;
TĀ, 4: 4;45 2;sarvaśāstrārthavettṛtvamakasmāccāsya jāyate ||;
TĀ, 4: 4;46 1;iti śrīpūrvavākye tadakasmāditi śabdataḥ |;
TĀ, 4: 4;46 2;lokāprasiddho yo hetuḥ so .kasmāditi kathyate ||;
TĀ, 4: 4;47 1;sa caiṣa parameśānaśuddhavidyāvijṛmbhitam |;
TĀ, 4: 4;47 2;asya bhedāśca bahavo nirbhittiḥ sahabhittikaḥ ||;
TĀ, 4: 4;48 1;sarvago .ṁśagataḥ so .pi mukhyāmukhyāṁśaniṣṭhitaḥ |;
TĀ, 4: 4;48 2;bhittiḥ paropajīvitvaṁ parā prajñātha tatkṛtiḥ ||;
TĀ, 4: 4;49 1;adṛṣṭamaṇḍalo .pyevaṁ yaḥ kaścidvetti tattvataḥ |;
TĀ, 4: 4;49 2;sa siddhibhāgbhavennityaṁ sa yogī sa ca dīkṣitaḥ ||;
TĀ, 4: 4;50 1;evaṁ yo vetti tattvena tasya nirvāṇagāminī |;
TĀ, 4: 4;50 2;dīkṣā bhavediti proktaṁ tacchrītriṁśakaśāsane ||;
TĀ, 4: 4;51 1;akalpito gururjñeyaḥ sāṁsiddhika iti smṛtaḥ |;
TĀ, 4: 4;51 2;yastu tadrūpabhāgātmabhāvanātaḥ paraṁ vinā ||;
TĀ, 4: 4;52 1;śāstravitsa guruḥ śāstre prokto .kalpitakalpakaḥ |;
TĀ, 4: 4;52 2;tasyāpi bhedā utkṛṣṭamadhyamandādyupāyataḥ ||;
TĀ, 4: 4;53 1;bhāvanāto .tha vā dhyānājjapātsvapnādvratāddhuteḥ |;
TĀ, 4: 4;53 2;prāpnotyakalpitodāramabhiṣekaṁ mahāmatiḥ ||;
TĀ, 4: 4;54 1;śrīmadvājasanīye śrīvīre śrībrahmayāmale |;
TĀ, 4: 4;54 2;śrīsiddhāyāmidaṁ dhātrā proktamanyatra ca sphuṭam ||;
TĀ, 4: 4;55 1;tasya svecchāpravṛttatvāt kāraṇānantateṣyate |;
TĀ, 4: 4;55 2;kadācidbhaktiyogena karmaṇā vidyayāpi vā ||;
TĀ, 4: 4;56 1;jñānadharmopadeśena mantrairvā dīkṣayāpi vā |;
TĀ, 4: 4;56 2;evamādyairanekaiśca prakāraiḥ parameśvaraḥ ||;
TĀ, 4: 4;57 1;saṁsāriṇo .nugṛhṇāti viśvasya jagataḥ patiḥ |;
TĀ, 4: 4;57 2;mātṛmaṇḍalasaṁbodhātsaṁskārāttapasaḥ priye ||;
TĀ, 4: 4;58 1;dhyānādyogājjapājjñānān mantrārādhanato vratāt |;
TĀ, 4: 4;58 2;samprāpyaṁ kulasāmānyaṁ jñānaṁ kaulikasiddhidam ||;
TĀ, 4: 4;59 1;tattvajñānātmakaṁ sādhyaṁ yatra yatraiva dṛśyate |;
TĀ, 4: 4;59 2;sa eva hi gurustatra hetujālaṁ prakalpyatām ||;
TĀ, 4: 4;60 1;tattvajñānādṛte nānyallakṣaṇaṁ brahmayāmale |;
TĀ, 4: 4;60 2;tatraiva coktaṁ sevāyāṁ kṛtāyāmavikalpataḥ ||;
TĀ, 4: 4;61 1;sādhakasya na cetsiddhiḥ kiṁ kāryamiti codite |;
TĀ, 4: 4;61 2;ātmīyamasya saṁjñānakrameṇa svātmadīkṣaṇam ||;
TĀ, 4: 4;62 1;sasphuratvaprasiddhyarthaṁ tataḥ sādhyaṁ prasidhyati |;
TĀ, 4: 4;62 2;anena svātmavijñānaṁ sasphuratvaprasādhakam ||;
TĀ, 4: 4;63 1;uktaṁ mukhyatayācāryo bhavedyadi na sasphuraḥ |;
TĀ, 4: 4;63 2;tatraiva ca punaḥ śrīmadraktārādhanakarmaṇi ||;
TĀ, 4: 4;64 1;vidhiṁ proktaṁ sadā kurvanmāsenācārya ucyate |;
TĀ, 4: 4;64 2;pakṣeṇa sādhako .rdhārdhātputrakaḥ samayī tathā ||;
TĀ, 4: 4;65 1;dīkṣayejjapayogena raktādevī kramādyataḥ |;
TĀ, 4: 4;65 2;guroralābhe proktasya vidhimetaṁ samācaret ||;
TĀ, 4: 4;66 1;mate ca pustakādvidyādhyayane doṣa īdṛśaḥ |;
TĀ, 4: 4;66 2;ukto yastena taddoṣābhāve .sau na niṣiddhatā ||;
TĀ, 4: 4;67 1;mantradravyādiguptatve phalaṁ kimiti codite |;
TĀ, 4: 4;67 2;pustakādhītavidyā ye dīkṣāsamayavarjitāḥ ||;
TĀ, 4: 4;68 1;tāmasāḥ parahiṁsādi vaśyādi ca carantyalam |;
TĀ, 4: 4;68 2;na ca tattvaṁ vidustena doṣabhāja iti sphuṭam ||;
TĀ, 4: 4;69 1;pūrvaṁ padayugaṁ vācyamanyonyaṁ hetuhetumat |;
TĀ, 4: 4;69 2;yastu śāstraṁ vinā naiti śuddhavidyākhyasaṁvidam ||;
TĀ, 4: 4;70 1;guroḥ sa śāstram anvicchus taduktaṁ kramamācaret |;
TĀ, 4: 4;70 2;yena kenāpyupāyena gurumārādhya bhaktitaḥ ||;
TĀ, 4: 4;71 1;taddīkṣākramayogena śāstrārthaṁ vettyasau tataḥ |;
TĀ, 4: 4;71 2;abhiṣekaṁ samāsādya yo bhavetsa tu kalpitaḥ ||;
TĀ, 4: 4;72 1;san apyaśeṣapāśaughavinivartanakovidaḥ |;
TĀ, 4: 4;72 2;yo yathākramayogena kasmiṁścicchāstravastuni ||;
TĀ, 4: 4;73 1;ākasmikaṁ vrajedbodhaṁ kalpitākalpito hi saḥ |;
TĀ, 4: 4;73 2;tasya yo .kalpito bhāgaḥ sa tu śreṣṭhatamaḥ smṛtaḥ ||;
TĀ, 4: 4;74 1;utkarṣaḥ śuddhavidyāṁśatāratamyakṛto yataḥ |;
TĀ, 4: 4;74 2;yathā bhedenādisiddhācchivānmuktaśivā hyadhaḥ ||;
TĀ, 4: 4;75 1;tathā sāṁsiddhikajñānādāhṛtajñānino .dhamāḥ |;
TĀ, 4: 4;75 2;tatsaṁnidhau nādhikārasteṣāṁ muktaśivātmavat ||;
TĀ, 4: 4;76 1;kiṁtu tūṣṇīṁ sthitiryadvā kṛtyaṁ tadanuvartanam |;
TĀ, 4: 4;76 2;yastvakalpitarūpo .pi saṁvādadṛḍhatākṛte ||;
TĀ, 4: 4;77 1;anyato labdhasaṁskāraḥ sa sākṣādbhairavo guruḥ |;
TĀ, 4: 4;77 2;yataḥ śāstrakramāttajjñaguruprajñānuśīlanāt ||;
TĀ, 4: 4;78 1;ātmapratyayitaṁ jñānaṁ pūrṇatvād bhairavāyate |;
TĀ, 4: 4;78 2;tena śrīkiraṇoktaṁ yadgurutaḥ śāstrataḥ svataḥ ||;
TĀ, 4: 4;79 1;tripratyayamidaṁ jñānamiti yacca niśāṭane |;
TĀ, 4: 4;79 2;tatsaṁghātaviparyāsavigrahairbhāsate tathā ||;
TĀ, 4: 4;80 1;karaṇasya vicitratvādvicitrāmeva tāṁ chidam |;
TĀ, 4: 4;80 2;kartuṁ vāsīṁ ca ṭaṅkaṁ ca krakacaṁ cāpi gṛhṇate ||;
TĀ, 4: 4;81 1;tāvacca chedanaṁ hyekaṁ tathaivādyābhisaṁdhitaḥ |;
TĀ, 4: 4;81 2;itthameva mitau vācyaṁ karaṇasya svakaṁ vapuḥ ||;
TĀ, 4: 4;82 1;na svatantraṁ svato mānaṁ kuryādadhigamaṁ haṭhāt |;
TĀ, 4: 4;82 2;pramātrāśvāsaparyanto yato .dhigama ucyate ||;
TĀ, 4: 4;83 1;āśvāsaśca vicitro .sau śaktipātavaśāttathā |;
TĀ, 4: 4;83 2;pramite .pi pramāṇānāmavakāśo .styataḥ sphuṭaḥ ||;
TĀ, 4: 4;84 1;dṛṣṭvā dṛṣṭvā samāśliṣya ciraṁ saṁcarvya cetasā |;
TĀ, 4: 4;84 2;priyā yaiḥ parituṣyeta kiṁ brūmaḥ kila tānprati ||;
TĀ, 4: 4;85 1;itthaṁ ca mānasaṁplutyāmapi nādhigate gatiḥ |;
TĀ, 4: 4;85 2;na vyarthatā nānavasthā nānyonyāśrayatāpi ca ||;
TĀ, 4: 4;86 1;evaṁ yogāṅgamiyati tarka eva na cāparam |;
TĀ, 4: 4;86 2;antarantaḥ parāmarśapāṭavātiśayāya saḥ ||;
TĀ, 4: 4;87 1;ahiṁsā satyamasteyabrahmacaryāparigrahāḥ |;
TĀ, 4: 4;87 2;iti pañca yamāḥ sākṣātsaṁvittau nopayoginaḥ ||;
TĀ, 4: 4;88 1;tapaḥprabhṛtayo ye ca niyamā yattathāsanam |;
TĀ, 4: 4;88 2;prāṇāyāmāśca ye sarvametadbāhyavijṛmbhitam ||;
TĀ, 4: 4;89 1;śrīmadvīrāvalau coktaṁ bodhamātre śivātmake |;
TĀ, 4: 4;89 2;cittapralayabandhena pralīne śaśibhāskare ||;
TĀ, 4: 4;90 1;prāpte ca dvādaśe bhāge jīvāditye svabodhake |;
TĀ, 4: 4;90 2;mokṣaḥ sa eva kathitaḥ prāṇāyāmo nirarthakaḥ ||;
TĀ, 4: 4;91 1;prāṇāyāmo na kartavyaḥ śarīraṁ yena pīḍyate |;
TĀ, 4: 4;91 2;rahasyaṁ vetti yo yatra sa muktaḥ sa ca mocakaḥ ||;
TĀ, 4: 4;92 1;pratyāhāraśca nāmāyamarthebhyo .kṣadhiyāṁ hi yaḥ |;
TĀ, 4: 4;92 2;anibaddhasya bandhasya tadantaḥ kila kīlanam ||;
TĀ, 4: 4;93 1;cittasya viṣaye kvāpi bandhanaṁ dhāraṇātmakam |;
TĀ, 4: 4;93 2;tatsadṛgjñānasaṁtāno dhyānamastamitā param ||;
TĀ, 4: 4;94 1;yadā tu jñeyatādātmyameva saṁvidi jāyate |;
TĀ, 4: 4;94 2;grāhyagrahaṇatādvaitaśūnyateyaṁ samāhitiḥ ||;
TĀ, 4: 4;95 1;tadeṣā dhāraṇādhyānasamādhitritayī parām |;
TĀ, 4: 4;95 2;saṁvidaṁ prati no kaṁcidupayogaṁ samaśnute ||;
TĀ, 4: 4;96 1;yogāṅgatā yamādestu samādhyantasya varṇyate |;
TĀ, 4: 4;96 2;svapūrvapūrvopāyatvād antyatarkopayogataḥ ||;
TĀ, 4: 4;97 1;antaḥ saṁvidi rūḍhaṁ hi taddvārā prāṇadehayoḥ |;
TĀ, 4: 4;97 2;buddhau vārpyaṁ tadabhyāsānnaiṣa nyāyastu saṁvidi ||;
TĀ, 4: 4;98 1;atha vāsmaddṛśi prāṇadhīdehāderapi sphuṭam |;
TĀ, 4: 4;98 2;sarvātmakatvāttatrastho .pyabhyāso .nyavyapohanam ||;
TĀ, 4: 4;99 1;deha utplutisaṁpātadharmojjigamiṣārasāt |;
TĀ, 4: 4;99 2;utplāvyate tadvipakṣapātāśaṅkāvyapohanāt ||;
TĀ, 4: 4;100 1;guruvākyaparāmarśasadṛśe svavimarśane |;
TĀ, 4: 4;100 2;prabuddhe tadvipakṣāṇāṁ vyudāsaḥ pāṭhacintane ||;
TĀ, 4: 4;101 1;nahyasya guruṇā śakyaṁ svaṁ jñānaṁ śabda eva vā |;
TĀ, 4: 4;101 2;dhiyi ropayituṁ tena svaprabodhakramo dhruvam ||;
TĀ, 4: 4;102 1;ata eva svapnakāle śrute tatrāpi vastuni |;
TĀ, 4: 4;102 2;tādātmyabhāvanāyogo na phalāya na bhaṇyate ||;
TĀ, 4: 4;103 1;saṁketānādare śabdaniṣṭhamāmarśanaṁ paṭhiḥ |;
TĀ, 4: 4;103 2;tadādare tadarthastu cinteti paricarcyatām ||;
TĀ, 4: 4;104 1;tadadvayāyāṁ saṁvittāvabhyāso .nupayogavān |;
TĀ, 4: 4;104 2;kevalaṁ dvaitamālinyaśaṅkānirmūlanāya saḥ ||;
TĀ, 4: 4;105 1;dvaitaśaṅkāśca tarkeṇa tarkyanta iti varṇitam |;
TĀ, 4: 4;105 2;tattarkasādhanāyāstu yamāderapyupāyatā ||;
TĀ, 4: 4;106 1;uktaṁ śrīpūrvaśastre ca na dvaitaṁ nāpi cādvayam |;
TĀ, 4: 4;106 2;liṅgapūjādikaṁ sarvamityupakramya śaṁbhunā ||;
TĀ, 4: 4;107 1;vihitaṁ sarvamevātra pratiṣiddhamathāpi vā |;
TĀ, 4: 4;107 2;prāṇāyāmādikair aṅgair yogāḥ syuḥ kṛtrimā yataḥ ||;
TĀ, 4: 4;108 1;tattenākṛtakasyāsya kalāṁ nārhanti ṣoḍaśīm |;
TĀ, 4: 4;108 2;kiṁtvetadatra deveśi niyamena vidhīyate ||;
TĀ, 4: 4;109 1;tattve cetaḥ sthiraṁ kāryaṁ tacca yasya yathāstviti |;
TĀ, 4: 4;109 2;evaṁ dvaitaparāmarśanāśāya parameśvaraḥ ||;
TĀ, 4: 4;110 1;kvacitsvabhāvamamalamāmṛśannaniśaṁ sthitaḥ |;
TĀ, 4: 4;110 2;yaḥ svabhāvaparāmarśa indriyārthādyupāyataḥ ||;
TĀ, 4: 4;111 1;vinaiva tanmukho .nyo vā svātantryāttadvikalpanam |;
TĀ, 4: 4;111 2;tacca svacchasvatantrātmaratnanirbhāsini sphuṭam ||;
TĀ, 4: 4;112 1;bhāvaughe bhedasaṁdhātṛ svātmano naiśamucyate |;
TĀ, 4: 4;112 2;tadeva tu samastārthanirbharātmaikagocaram ||;
TĀ, 4: 4;113 1;śuddhavidyātmakaṁ sarvamevedamahamityalam |;
TĀ, 4: 4;113 2;idaṁ vikalpanaṁ śuddhavidyārūpaṁ sphuṭātmakam ||;
TĀ, 4: 4;114 1;pratihantīha māyīyaṁ vikalpaṁ bhedabhāvakam |;
TĀ, 4: 4;114 2;śuddhavidyāparāmarśo yaḥ sa eva tvanekadhā ||;
TĀ, 4: 4;115 1;snānaśuddhyarcanāhomadhyānajapyādiyogataḥ |;
TĀ, 4: 4;115 2;viśvametat svasaṁvittirasanirbharitaṁ rasāt ||;
TĀ, 4: 4;116 1;āviśya śuddho nikhilaṁ tarpayed adhvamaṇḍalam |;
TĀ, 4: 4;116 2;ullāsibodhahutabhugdagdhaviśvendhanodite ||;
TĀ, 4: 4;117 1;sitabhasmani dehasya majjanaṁ snānamucyate |;
TĀ, 4: 4;117 2;itthaṁ ca vihitasnānas tarpitānantadevataḥ ||;
TĀ, 4: 4;118 1;tato .pi dehārambhīṇi tattvāni pariśodhayet |;
TĀ, 4: 4;118 2;śivātmakeṣvapyeteṣu buddhiryā vyatirekiṇī ||;
TĀ, 4: 4;119 1;saivāśuddhiḥ parākhyātā śuddhistaddhīvimardanam |;
TĀ, 4: 4;119 2;evaṁ svadehaṁ bodhaikapātraṁ galitabhedakam ||;
TĀ, 4: 4;120 1;paśyansaṁvittimātratve svatantre tiṣṭhati prabhuḥ |;
TĀ, 4: 4;120 2;yatkiṁcinmānasāhlādi yatra kvāpīndriyasthitau ||;
TĀ, 4: 4;121 1;yojyate brahmasaddhāmni pūjopakaraṇaṁ hi tat |;
TĀ, 4: 4;121 2;pūjā nāma vibhinnasya bhāvaughasyāpi saṁgatiḥ ||;
TĀ, 4: 4;122 1;svatantravimalānantabhairavīyacidātmanā |;
TĀ, 4: 4;122 2;tathāhi saṁvideveyamantarbāhyobhayātmanā ||;
TĀ, 4: 4;123 1;svātantryādvartamānaiva parāmarśasvarūpiṇī |;
TĀ, 4: 4;123 2;sa ca dvādaśadhā tatra sarvamantarbhavedyataḥ ||;
TĀ, 4: 4;124 1;sūrya eva hi somātmā sa ca viśvamayaḥ sthitaḥ |;
TĀ, 4: 4;124 2;kalādvādaśakātmaiva tatsaṁvitparamārthataḥ ||;
TĀ, 4: 4;125 1;sā ca mātari vijñāne māne karaṇagocare |;
TĀ, 4: 4;125 2;meye caturvidhaṁ bhāti rūpamāśritya sarvadā ||;
TĀ, 4: 4;126 1;śuddhasaṁvinmayī prācye jñāne śabdanarūpiṇī |;
TĀ, 4: 4;126 2;karaṇe grahaṇākārā yataḥ śrīyogasaṁcare ||;
TĀ, 4: 4;127 1;ye cakṣurmaṇḍale śvete pratyakṣe parameśvari |;
TĀ, 4: 4;127 2;ṣoḍaśāraṁ dvādaśāraṁ tatrasthaṁ cakramuttamam ||;
TĀ, 4: 4;128 1;prativāraṇavadrakte tadbahirye taducyate |;
TĀ, 4: 4;128 2;dvitīyaṁ madhyage ye te kṛṣṇaśvete ca maṇḍale ||;
TĀ, 4: 4;129 1;tadantarye sthite śuddhe bhinnāñjanasamaprabhe |;
TĀ, 4: 4;129 2;caturdale tu te jñeye agnīṣomātmake priye ||;
TĀ, 4: 4;130 1;mithunatve sthite ye ca cakre dve parameśvari |;
TĀ, 4: 4;130 2;saṁmīlanonmīlanaṁ te anyonyaṁ vidadhātake ||;
TĀ, 4: 4;131 1;yathā yoniśca liṅgaṁ ca saṁyogātsravato .mṛtam |;
TĀ, 4: 4;131 2;tathāmṛtāgnisaṁyogāddravataste na saṁśayaḥ ||;
TĀ, 4: 4;132 1;taccakrapīḍanādrātrau jyotirbhātyarkasomagam |;
TĀ, 4: 4;132 2;tāṁ dṛṣṭvā paramāṁ jyotsnāṁ kālajñānaṁ pravartate ||;
TĀ, 4: 4;133 1;sahasrāraṁ bhaveccakraṁ tābhyāmupari saṁsthitam |;
TĀ, 4: 4;133 2;tataścakrātsamudbhūtaṁ brahmāṇḍaṁ tadudāhṛtam ||;
TĀ, 4: 4;134 1;tatrasthāṁ muñcate dhārāṁ somo hyagnipradīpitaḥ |;
TĀ, 4: 4;134 2;sṛjatītthaṁ jagatsarvamātmanyātmanyanantakam ||;
TĀ, 4: 4;135 1;ṣoḍaśadvādaśārābhyām aṣṭāreṣvatha sarvaśaḥ |;
TĀ, 4: 4;135 2;evaṁ krameṇa sarvatra cakreṣvamṛtamuttamam ||;
TĀ, 4: 4;136 1;somaḥ sravati yāvacca pañcānāṁ cakrapaddhatiḥ |;
TĀ, 4: 4;136 2;tatpunaḥ pibati prītyā haṁso haṁsa iti sphuran ||;
TĀ, 4: 4;137 1;sakṛdyasya tu saṁśrutyā puṇyapāpairna lipyate |;
TĀ, 4: 4;137 2;pañcāre savikāro .tha bhūtvā somasrutāmṛtāt ||;
TĀ, 4: 4;138 1;dhāvati trirasārāṇi guhyacakrāṇyasau vibhuḥ |;
TĀ, 4: 4;138 2;yato jātaṁ jagallīnaṁ yatra ca svakalīlayā ||;
TĀ, 4: 4;139 1;tatrānandaśca sarvasya brahmacārī ca tatparaḥ |;
TĀ, 4: 4;139 2;tatra siddhiśca muktiśca samaṁ samprāpyate dvayam ||;
TĀ, 4: 4;140 1;ata ūrdhvaṁ punaryāti yāvadbrahmātmakaṁ padam |;
TĀ, 4: 4;140 2;agnīṣomau samau tatra sṛjyete cātmanātmani ||;
TĀ, 4: 4;141 1;tatrasthastāpitaḥ somo dvedhā jaṅghe vyavasthitaḥ |;
TĀ, 4: 4;141 2;adhastaṁ pātayedagniramṛtaṁ sravati kṣaṇāt ||;
TĀ, 4: 4;142 1;gulphajānvādiṣu vyaktaṁ kuṭilārkapradīpitā |;
TĀ, 4: 4;142 2;sā śaktistāpitā bhūyaḥ pañcārādikramaṁ sṛjet ||;
TĀ, 4: 4;143 1;evaṁ śrotre .pi vijñeyaṁ yāvatpādāntagocaram |;
TĀ, 4: 4;143 2;pādāṅguṣṭhātsamārabhya yāvadbrahmāṇḍadarśanam ||;
TĀ, 4: 4;144 1;ityajānannaiva yogī jānanviśvaprabhurbhavet |;
TĀ, 4: 4;144 2;jvalannivāsau brahmādyairdṛśyate parameśvaraḥ ||;
TĀ, 4: 4;145 1;atra tātparyataḥ proktamakṣe kramacatuṣṭayam |;
TĀ, 4: 4;145 2;ekaikatra yatastena dvādaśātmakatoditā ||;
TĀ, 4: 4;146 1;na vyākhyātaṁ tu nirbhajya yato .tisarahasyakam |;
TĀ, 4: 4;146 2;meye .pi devī tiṣṭhantī māsarāśyādirūpiṇī ||;
TĀ, 4: 4;147 1;ata eṣā sthitā saṁvidantarbāhyobhayātmanā |;
TĀ, 4: 4;147 2;svayaṁ nirbhāsya tatrānyadbhāsayantīva bhāsate ||;
TĀ, 4: 4;148 1;tataśca prāgiyaṁ śuddhā tathābhāsanasotsukā |;
TĀ, 4: 4;148 2;sṛṣṭiṁ kalayate devī tannāmnāgama ucyate ||;
TĀ, 4: 4;149 1;tathā bhāsitavastvaṁśarañjanāṁ sā bahirmukhī |;
TĀ, 4: 4;149 2;svavṛtticakreṇa samaṁ tato .pi kalayantyalam ||;
TĀ, 4: 4;150 1;sthitireṣaiva bhāvasya tāmantarmukhatārasāt |;
TĀ, 4: 4;150 2;saṁjihīrṣuḥ sthiternāśaṁ kalayantī nirucyate ||;
TĀ, 4: 4;151 1;tato .pi saṁhārarase pūrṇe vighnakarīṁ svayam |;
TĀ, 4: 4;151 2;śaṅkāṁ yamātmikāṁ bhāge sūte saṁharate .pi ca ||;
TĀ, 4: 4;152 1;saṁhṛtya śaṅkāṁ śaṅkyārthavarjaṁ vā bhāvamaṇḍale |;
TĀ, 4: 4;152 2;saṁhṛtiṁ kalayatyeva svātmavahnau vilāpanāt ||;
TĀ, 4: 4;153 1;vilāpanātmikāṁ tāṁ ca bhāvasaṁhṛtimātmani |;
TĀ, 4: 4;153 2;āmṛśatyeva yenaiṣā mayā grastamiti sphuret ||;
TĀ, 4: 4;154 1;saṁhāryopādhiretasyāḥ svasvabhāvo hi saṁvidaḥ |;
TĀ, 4: 4;154 2;nirupādhini saṁśuddhe saṁvidrūpe .stamīyate ||;
TĀ, 4: 4;155 1;vilāpite .pi bhāvaughe kaṁcidbhāvaṁ tadaiva sā |;
TĀ, 4: 4;155 2;āśyānayedya evāste śaṅkā saṁskārarūpakaḥ ||;
TĀ, 4: 4;156 1;śubhāśubhatayā so .yaṁ soṣyate phalasaṁpadam |;
TĀ, 4: 4;156 2;pūrvaṁ hi bhogātpaścādvā śaṅkeyaṁ vyavatiṣṭhate ||;
TĀ, 4: 4;157 1;anyad āśyānitamapi tadaiva drāvayediyam |;
TĀ, 4: 4;157 2;prāyaścittādikarmabhyo brahmahatyādikarmavat ||;
TĀ, 4: 4;158 1;rodhanāddrāvaṇādrūpamitthaṁ kalayate citiḥ |;
TĀ, 4: 4;158 2;tadapi drāvayedeva tadapyāśyānayedatha ||;
TĀ, 4: 4;159 1;itthaṁ bhogye .pi saṁbhukte sati tatkaraṇānyapi |;
TĀ, 4: 4;159 2;saṁharantī kalayate dvādaśaivāhamātmani ||;
TĀ, 4: 4;160 1;karmabuddhyakṣavargo hi buddhyanto dvādaśātmakaḥ |;
TĀ, 4: 4;160 2;prakāśakatvātsūryātmā bhinne vastuni jṛmbhate ||;
TĀ, 4: 4;161 1;ahaṁkārastu karaṇamabhimānaikasādhanam |;
TĀ, 4: 4;161 2;avicchinnaparāmarśī līyate tena tatra saḥ ||;
TĀ, 4: 4;162 1;yathāhi khaḍgapāśādeḥ karaṇasya vibhedinaḥ |;
TĀ, 4: 4;162 2;abhedini svahastādau layastadvadayaṁ vidhiḥ ||;
TĀ, 4: 4;163 1;tenendriyaughamārtaṇḍamaṇḍalaṁ kalayetsvayam |;
TĀ, 4: 4;163 2;saṁviddevī svatantratvātkalpite .haṁkṛtātmani ||;
TĀ, 4: 4;164 1;sa eva paramādityaḥ pūrṇakalpastrayodaśaḥ |;
TĀ, 4: 4;164 2;karaṇatvātprayātyeva kartari pralayaṁ sphuṭam ||;
TĀ, 4: 4;165 1;kartā ca dvividhaḥ proktaḥ kalpitākalpitātmakaḥ |;
TĀ, 4: 4;165 2;kalpito dehabuddhyādivyavacchedena carcitaḥ ||;
TĀ, 4: 4;166 1;kālāgnirudrasaṁjñāsya śāstreṣu paribhāṣitā |;
TĀ, 4: 4;166 2;kālo vyavacchittadyukto vahnirbhoktā yataḥ smṛtaḥ ||;
TĀ, 4: 4;167 1;saṁsārākL.ptikL.ptibhyāṁ rodhanāddrāvaṇātprabhuḥ |;
TĀ, 4: 4;167 2;anivṛttapaśūbhāvas tatrāhaṁkṛt pralīyate ||;
TĀ, 4: 4;168 1;so .pi kalpitavṛttitvādviśvābhedaikaśālini |;
TĀ, 4: 4;168 2;vikāsini mahākāle līyate .hamidaṁmaye ||;
TĀ, 4: 4;169 1;etasyāṁ svātmasaṁvittāvidaṁ sarvamahaṁ vibhuḥ |;
TĀ, 4: 4;169 2;iti pravikasadrūpā saṁvittiravabhāsate ||;
TĀ, 4: 4;170 1;tato .ntaḥsthitasarvātmabhāvabhogoparāgiṇī |;
TĀ, 4: 4;170 2;paripūrṇāpi saṁvittirakule dhāmni līyate ||;
TĀ, 4: 4;171 1;pramātṛvargo mānaughaḥ pramāśca bahudhā sthitāḥ |;
TĀ, 4: 4;171 2;meyaugha iti yatsarvamatra cinmātrameva tat ||;
TĀ, 4: 4;172 1;iyatīṁ rūpavaicitrīmāśrayantyāḥ svasaṁvidaḥ |;
TĀ, 4: 4;172 2;svācchandyamanapekṣaṁ yatsā parā parameśvarī ||;
TĀ, 4: 4;173 1;imāḥ prāguktakalanāstadvijṛmbhocyate yataḥ |;
TĀ, 4: 4;173 2;kṣepo jñānaṁ ca saṁkhyānaṁ gatirnāda iti kramāt ||;
TĀ, 4: 4;174 1;svātmano bhedanaṁ kṣepo bheditasyāvikalpanam |;
TĀ, 4: 4;174 2;jñānaṁ vikalpaḥ saṁkhyānamanyato vyatibhedanāt ||;
TĀ, 4: 4;175 1;gatiḥ svarūpārohitvaṁ pratibimbavadeva yat |;
TĀ, 4: 4;175 2;nādaḥ svātmaparāmarśaśeṣatā tadvilopanāt ||;
TĀ, 4: 4;176 1;iti pañcavidhāmenāṁ kalanāṁ kurvatī parā |;
TĀ, 4: 4;176 2;devī kālī tathā kālakarṣiṇī ceti kathyate ||;
TĀ, 4: 4;177 1;mātṛsadbhāvasaṁjñāsyāstenoktā yatpramātṛṣu |;
TĀ, 4: 4;177 2;etāvadantasaṁvittau pramātṛtvaṁ sphuṭībhavet ||;
TĀ, 4: 4;178 1;vāmeśvarīti śabdena proktā śrīniśisaṁcare |;
TĀ, 4: 4;178 2;itthaṁ dvādaśadhā saṁvittiṣṭhantī viśvamātṛṣu ||;
TĀ, 4: 4;179 1;ekaiveti na ko .pyasyāḥ kramasya niyamaḥ kvacit |;
TĀ, 4: 4;179 2;kramābhāvānna yugapattadabhāvātkramo .pi na ||;
TĀ, 4: 4;180 1;kramākramakathātītaṁ saṁvittattvaṁ sunirmalam |;
TĀ, 4: 4;180 2;tadasyāḥ saṁvido devyā yatra kvāpi pravartanam ||;
TĀ, 4: 4;181 1;tatra tādātmyayogena pūjā pūrṇaiva vartate |;
TĀ, 4: 4;181 2;parāmarśasvabhāvatvādetasyā yaḥ svayaṁ dhvaniḥ ||;
TĀ, 4: 4;182 1;sadoditaḥ sa evoktaḥ paramaṁ hṛdayaṁ mahat |;
TĀ, 4: 4;182 2;hṛdaye svavimarśo .sau drāvitāśeṣaviśvakaḥ ||;
TĀ, 4: 4;183 1;bhāvagrahādiparyantabhāvī sāmānyasaṁjñakaḥ |;
TĀ, 4: 4;183 2;spandaḥ sa kathyate śāstre svātmanyucchalanātmakaḥ ||;
TĀ, 4: 4;184 1;kiṁciccalanametāvad ananyasphuraṇaṁ hi yat |;
TĀ, 4: 4;184 2;ūrmireṣā vibodhābdherna saṁvidanayā vinā ||;
TĀ, 4: 4;185 1;nistaraṅgataraṅgādivṛttireva hi sindhutā |;
TĀ, 4: 4;185 2;sārametatsamastasya yaccitsāraṁ jaḍaṁ jagat ||;
TĀ, 4: 4;186 1;tadadhīnapratiṣṭhatvāttatsāraṁ hṛdayaṁ mahat |;
TĀ, 4: 4;186 2;tathā hi sadidaṁ brahmamūlaṁ māyāṇḍasaṁjñitam ||;
TĀ, 4: 4;187 1;icchājñānakriyārohaṁ vinā naiva saducyate |;
TĀ, 4: 4;187 2;tacchaktitritayārohādbhairavīye cidātmani ||;
TĀ, 4: 4;188 1;visṛjyate hi tattasmādbahirvātha visṛjyate |;
TĀ, 4: 4;188 2;evaṁ sadrūpataivaiṣāṁ satāṁ śaktitrayātmatām ||;
TĀ, 4: 4;189 1;visargaṁ parabodhena samākṣipyaiva vartate |;
TĀ, 4: 4;189 2;tatsadeva bahīrūpaṁ prāgbodhāgnivilāpitam ||;
TĀ, 4: 4;190 1;antarnadatparāmarśaśeṣībhūtaṁ tato .pyalam |;
TĀ, 4: 4;190 2;khātmatvameva samprāptaṁ śaktitritayagocarāt ||;
TĀ, 4: 4;191 1;vedanātmakatāmetya saṁhārātmani līyate |;
TĀ, 4: 4;191 2;idaṁ saṁhārahṛdayaṁ prācyaṁ sṛṣṭau ca hṛnmatam ||;
TĀ, 4: 4;192 1;etadrūpaparāmarśam akṛtrimam anāvilam |;
TĀ, 4: 4;192 2;ahamityāhureṣaiva prakāśasya prakāśatā ||;
TĀ, 4: 4;193 1;etadvīryaṁ hi sarveṣāṁ mantrāṇāṁ hṛdayātmakam |;
TĀ, 4: 4;193 2;vinānena jaḍāste syurjīvā iva vinā hṛdā ||;
TĀ, 4: 4;194 1;akṛtrimaitaddhṛdayārūḍho yatkiṁcidācaret |;
TĀ, 4: 4;194 2;prāṇyādvā mṛśate vāpi sa sarvo .sya japo mataḥ ||;
TĀ, 4: 4;195 1;yadeva svecchayā sṛṣṭisvābhāvyādbahirantarā |;
TĀ, 4: 4;195 2;nirmīyate tadevāsya dhyānaṁ syātpāramārthikam ||;
TĀ, 4: 4;196 1;nirākāre hi ciddhāmni viśvākṛtimaye sati |;
TĀ, 4: 4;196 2;phalārthināṁ kācideva dhyeyatvenākṛtiḥ sthitā ||;
TĀ, 4: 4;197 1;yathā hyabhedātpūrṇe .pi bhāve jalamupāharan |;
TĀ, 4: 4;197 2;anyākṛtyapahānena ghaṭamarthayate rasāt ||;
TĀ, 4: 4;198 1;tathaiva parameśānaniyatipravijṛmbhaṇāt |;
TĀ, 4: 4;198 2;kācidevākṛtiḥ kāṁcit sūte phalavikalpanām ||;
TĀ, 4: 4;199 1;yastu sampūrṇahṛdayo na phalaṁ nāma vāñchati |;
TĀ, 4: 4;199 2;tasya viśvākṛtirdevī sā cāvacchedavarjanāt ||;
TĀ, 4: 4;200 1;kule yogina udriktabhairavīyaparāsavāt |;
TĀ, 4: 4;200 2;ghūrṇitasya sthitirdehe mudrā yā kācideva sā ||;
TĀ, 4: 4;201 1;antarindhanasaṁbhāram anapekṣyaiva nityaśaḥ |;
TĀ, 4: 4;201 2;jājvalīty akhilākṣaughaprasṛtograśikhaḥ śikhī ||;
TĀ, 4: 4;202 1;bodhāgnau tādṛśe bhāvā viśantastasya sanmahaḥ |;
TĀ, 4: 4;202 2;udrecayanto gacchanti homakarmanimittatām ||;
TĀ, 4: 4;203 1;yaṁ kaṁcitparameśānaśaktipātapavitritam |;
TĀ, 4: 4;203 2;purobhāvya svayaṁ tiṣṭheduktavaddīkṣitastu saḥ ||;
TĀ, 4: 4;204 1;japyādau homaparyante yadyapyekaikakarmaṇi |;
TĀ, 4: 4;204 2;udeti rūḍhiḥ paramā tathāpītthaṁ nirūpitam ||;
TĀ, 4: 4;205 1;yathāhi tatra tatrāśvaḥ samanimnonnatādiṣu |;
TĀ, 4: 4;205 2;citre deśe vāhyamāno yātīcchāmātrakalpitām ||;
TĀ, 4: 4;206 1;tathā saṁvidvicitrābhiḥ śāntaghoratarādibhiḥ |;
TĀ, 4: 4;206 2;bhaṅgībhirabhito dvaitaṁ tyājitā bhairavāyate ||;
TĀ, 4: 4;207 1;yathā puraḥsthe mukure nijaṁ vaktraṁ vibhāvayan |;
TĀ, 4: 4;207 2;bhūyo bhūyas tad ekātma vaktraṁ vetti nijātmanaḥ ||;
TĀ, 4: 4;208 1;tathā vikalpamukure dhyānapūjārcanātmani |;
TĀ, 4: 4;208 2;ātmānaṁ bhairavaṁ paśyannacirāt tanmayībhavet ||;
TĀ, 4: 4;209 1;tanmayībhavanaṁ nāma prāptiḥ sānuttarātmani |;
TĀ, 4: 4;209 2;pūrṇatvasya parā kāṣṭhā setyatra na phalāntaram ||;
TĀ, 4: 4;210 1;phalaṁ sarvamapūrṇatve tatra tatra prakalpitam |;
TĀ, 4: 4;210 2;akalpite hi pūrṇatve phalamanyatkimucyatām ||;
TĀ, 4: 4;211 1;eṣa yāgavidhiḥ ko .pi kasyāpi hṛdi vartate |;
TĀ, 4: 4;211 2;yasya prasīdecciccakraṁ drāg apaścimajanmanaḥ ||;
TĀ, 4: 4;212 1;atra yāge gato rūḍhiṁ kaivalyamadhigacchati |;
TĀ, 4: 4;212 2;lokairālokyamāno hi dehabandhavidhau sthitaḥ ||;
TĀ, 4: 4;213 1;atra nāthaḥ samācāraṁ paṭale .ṣṭādaśe .bhyadhāt |;
TĀ, 4: 4;213 2;nātra śuddhirna cāśuddhirna bhakṣyādivicāraṇam ||;
TĀ, 4: 4;214 1;na dvaitaṁ nāpi cādvaitaṁ liṅgapūjādikaṁ na ca |;
TĀ, 4: 4;214 2;na cāpi tatparityāgo niṣparigrahatāpi vā ||;
TĀ, 4: 4;215 1;saparigrahatā vāpi jaṭābhasmādisaṁgrahaḥ |;
TĀ, 4: 4;215 2;tattyāgo na vratādīnāṁ caraṇācaraṇaṁ ca yat ||;
TĀ, 4: 4;216 1;kṣetrādisaṁpraveśaśca samayādiprapālanam |;
TĀ, 4: 4;216 2;parasvarūpaliṅgādi nāmagotrādikaṁ ca yat ||;
TĀ, 4: 4;217 1;nāsminvidhīyate kiṁcinna cāpi pratiṣidhyate |;
TĀ, 4: 4;217 2;vihitaṁ sarvamevātra pratiṣiddhamathāpi ca ||;
TĀ, 4: 4;218 1;kiṁ tvetadatra deveśi niyamena vidhīyate |;
TĀ, 4: 4;218 2;tattve cetaḥ sthirīkāryaṁ suprasannena yoginā ||;
TĀ, 4: 4;219 1;tacca yasya yathaiva syātsa tathaiva samācaret |;
TĀ, 4: 4;219 2;tattve niścalacittastu bhuñjāno viṣayānapi ||;
TĀ, 4: 4;220 1;na saṁspṛśyeta doṣaiḥ sa padmapatramivāmbhasā |;
TĀ, 4: 4;220 2;viṣāpahārimantrādisaṁnaddho bhakṣayannapi ||;
TĀ, 4: 4;221 1;viṣaṁ na muhyate tena tadvadyogī mahāmatiḥ |;
TĀ, 4: 4;221 2;aśuddhaṁ hi kathaṁ nāma dehādyaṁ pāñcabhautikam ||;
TĀ, 4: 4;222 1;prakāśatātirikte kiṁ śuddhyaśuddhī hi vastunaḥ |;
TĀ, 4: 4;222 2;aśuddhasya ca bhāvasya śuddhiḥ syāttādṛśaiva kim ||;
TĀ, 4: 4;223 1;anyonyāśrayavaiyarthyānavasthā itthamatra hi |;
TĀ, 4: 4;223 2;pṛthivī jalataḥ śudhyejjalaṁ dharaṇitastathā ||;
TĀ, 4: 4;224 1;anyonyāśrayatā seyamaśuddhatve .pyayaṁ kramaḥ |;
TĀ, 4: 4;224 2;aśuddhājjalataḥ śudhyeddhareti vyarthatā bhavet ||;
TĀ, 4: 4;225 1;vāyuto vāriṇo vāyostejasastasya vānyataḥ |;
TĀ, 4: 4;225 2;bahurūpādikā mantrāḥ pāvanātteṣu śuddhatā ||;
TĀ, 4: 4;226 1;mantrāḥ svabhāvataḥ śuddhā yadi te .pi na kiṁ tathā |;
TĀ, 4: 4;226 2;śivātmatā teṣu śuddhiryadi tatrāpi sā na kim ||;
TĀ, 4: 4;227 1;śivātmatvāparijñānaṁ na mantreṣu dharādivat |;
TĀ, 4: 4;227 2;te tena śuddhā iti cettajjñaptistarhi śuddhatā ||;
TĀ, 4: 4;228 1;yoginaṁ prati sā cāsti bhāveṣviti viśuddhatā |;
TĀ, 4: 4;228 2;nanu codanayā śuddhyaśuddhyādikaviniścayaḥ ||;
TĀ, 4: 4;229 1;itthamastu tathāpyeṣā codanaiva śivoditā |;
TĀ, 4: 4;229 2;kā syātsatīti cedetadanyatra pravitānitam ||;
TĀ, 4: 4;230 1;vaidikyā bādhiteyaṁ cedviparītaṁ na kiṁ bhavet |;
TĀ, 4: 4;230 2;samyakcenmanyase bādho viśiṣṭaviṣayatvataḥ ||;
TĀ, 4: 4;231 1;apavādena kartavyaḥ sāmānyavihite vidhau |;
TĀ, 4: 4;231 2;śuddhyaśuddhī ca sāmānyavihite tattvabodhini ||;
TĀ, 4: 4;232 1;puṁsi te bādhite eva tathā cātreti varṇitam |;
TĀ, 4: 4;232 2;nārthavādādiśaṅkā ca vākye māheśvare bhavet ||;
TĀ, 4: 4;233 1;abuddhipūrvaṁ hi tathā saṁsthite satataṁ bhavet |;
TĀ, 4: 4;233 2;vyomādirūpe nigame śaṅkā mithyārthatāṁ prati ||;
TĀ, 4: 4;234 1;anavacchinnavijñānavaiśvarūpyasunirbharaḥ |;
TĀ, 4: 4;234 2;śāstrātmanā sthito devo mithyātvaṁ kvāpi nārhati ||;
TĀ, 4: 4;235 1;icchāvānbhāvarūpeṇa yathā tiṣṭhāsur īśvaraḥ |;
TĀ, 4: 4;235 2;tatsvarūpābhidhānena tiṣṭhāsuḥ sa tathā sthitaḥ ||;
TĀ, 4: 4;236 1;arthavādo .pi yatrānyavidhyādimukhamīkṣate |;
TĀ, 4: 4;236 2;tatrāstvasatyaḥ svātantrye sa eva tu vidhāyakaḥ ||;
TĀ, 4: 4;237 1;vidhivākyāntare gacchannaṅgabhāvamathāpi vā |;
TĀ, 4: 4;237 2;na nirarthakaṁ evāyaṁ saṁnidher gajaḍādivat ||;
TĀ, 4: 4;238 1;svārthapratyāyanaṁ cāsya svasaṁvittyaiva bhāsate |;
TĀ, 4: 4;238 2;tadapahnavanaṁ kartuṁ śakyaṁ vidhiniṣedhayoḥ ||;
TĀ, 4: 4;239 1;yuktiścātrāsti vākyeṣu svasaṁviccāpyabādhitā |;
TĀ, 4: 4;239 2;yā samagrārthamāṇikyatattvaniścayakāriṇī ||;
TĀ, 4: 4;240 1;mṛtadehe .tha dehotthe yā cāśuddhiḥ prakīrtitā |;
TĀ, 4: 4;240 2;anyatra neti buddhyantām aśuddhaṁ saṁvidaścyutam ||;
TĀ, 4: 4;241 1;saṁvittādātmyamāpannaṁ sarvaṁ śuddhamataḥ sthitam |;
TĀ, 4: 4;241 2;śrīmadvīrāvalau coktaṁ śuddhyaśuddhinirūpaṇe ||;
TĀ, 4: 4;242 1;sarveṣāṁ vāhako jīvo nāsti kiṁcid ajīvakam |;
TĀ, 4: 4;242 2;yatkiṁcijjīvarahitamaśuddhaṁ tadvijānata ||;
TĀ, 4: 4;243 1;tasmādyatsaṁvido nātidūre tacchuddhim āvahet |;
TĀ, 4: 4;243 2;avikalpena bhāvena munayo .pi tathābhavan ||;
TĀ, 4: 4;244 1;lokasaṁrakṣaṇārthaṁ tu tattattvaṁ taiḥ pragopitam |;
TĀ, 4: 4;244 2;bahiḥ satsvapi bhāveṣu śuddhyaśuddhī na nīlavat ||;
TĀ, 4: 4;245 1;pramātṛdharma evāyaṁ cidaikyānaikyavedanāt |;
TĀ, 4: 4;245 2;yadi vā vastudharmo .pi mātrapekṣānibandhanaḥ ||;
TĀ, 4: 4;246 1;sautrāmaṇyāṁ surā hotuḥ śuddhānyasya viparyayaḥ |;
TĀ, 4: 4;246 2;anena codanānāṁ ca svavākyairapi bādhanam ||;
TĀ, 4: 4;247 1;kvacitsaṁdarśitaṁ brahmahatyāvidhiniṣedhavat |;
TĀ, 4: 4;247 2;bhakṣyādividhayo .pyenaṁ nyāyamāśritya carcitāḥ ||;
TĀ, 4: 4;248 1;sarvajñānottarādau ca bhāṣate sma maheśvaraḥ |;
TĀ, 4: 4;248 2;nararṣidevadruhiṇaviṣṇurudrādyudīritam ||;
TĀ, 4: 4;249 1;uttarottaravaiśiṣṭyāt pūrvapūrvaprabādhakam |;
TĀ, 4: 4;249 2;na śaivaṁ vaiṣṇavairvākyairbādhanīyaṁ kadācana ||;
TĀ, 4: 4;250 1;vaiṣṇavaṁ brahmasambhūtairnetyādi paricarcayet |;
TĀ, 4: 4;250 2;bādhate yo vaiparītyātsamūḍhaḥ pāpabhāgbhavet ||;
TĀ, 4: 4;251 1;tasmānmukhyatayā skanda lokadharmānna cācaret |;
TĀ, 4: 4;251 2;nānyaśāstrasamuddiṣṭaṁ srotasyuktaṁ nije caret ||;
TĀ, 4: 4;252 1;yato yadyapi devena vedādyapi nirūpitam |;
TĀ, 4: 4;252 2;tathāpi kila saṁkocabhāvābhāvavikalpataḥ ||;
TĀ, 4: 4;253 1;saṁkocatāratamyena pāśavaṁ jñānamīritam |;
TĀ, 4: 4;253 2;vikāsatāratamyena patijñānaṁ tu bādhakam ||;
TĀ, 4: 4;254 1;idaṁ dvaitamidaṁ neti parasparaniṣedhataḥ |;
TĀ, 4: 4;254 2;māyīyabhedakL.ptaṁ tatsyād akālpanike katham ||;
TĀ, 4: 4;255 1;uktaṁ bhargaśikhāyāṁ ca mṛtyukālakalādikam |;
TĀ, 4: 4;255 2;dvaitādvaitavikalpotthaṁ grasate kṛtadhīriti ||;
TĀ, 4: 4;256 1;siddhānte liṅgapūjoktā viśvādhvamayatāvide |;
TĀ, 4: 4;256 2;kulādiṣu niṣiddhāsau dehe viśvātmatāvide ||;
TĀ, 4: 4;257 1;iha sarvātmake kasmāttadvidhipratiṣedhane |;
TĀ, 4: 4;257 2;niyamānupraveśena tādātmyapratipattaye ||;
TĀ, 4: 4;258 1;jaṭādi kaule tyāgo .sya sukhopāyopadeśataḥ |;
TĀ, 4: 4;258 2;vratacaryā ca mantrārthatādātmyapratipattaye ||;
TĀ, 4: 4;259 1;tanniṣedhastu mantrārthasārvātmyapratipattaye |;
TĀ, 4: 4;259 2;kṣetrapīṭhopapīṭheṣu praveśo vighnaśāntaye ||;
TĀ, 4: 4;260 1;mantrādyārādhakasyātha tallābhāyopadiśyate |;
TĀ, 4: 4;260 2;kṣetrādigamanābhāvavidhistu svātmanastathā ||;
TĀ, 4: 4;261 1;vaiśvarūpyeṇa pūrṇatvaṁ jñātumityapi varṇitam |;
TĀ, 4: 4;261 2;samayācārasadbhāvaḥ pālyatvenopadiśyate ||;
TĀ, 4: 4;262 1;bhedaprāṇatayā tattattyāgāttattvaviśuddhaye |;
TĀ, 4: 4;262 2;samayādiniṣedhastu mataśāstreṣu kathyate ||;
TĀ, 4: 4;263 1;nirmaryādaṁ svasaṁbodhaṁ sampūrṇaṁ budhyatāmiti |;
TĀ, 4: 4;263 2;parakīyamidaṁ rūpaṁ dhyeyametattu me nijam ||;
TĀ, 4: 4;264 1;jvālādiliṅgaṁ cānyasya kapālādi tu me nijam |;
TĀ, 4: 4;264 2;ādiśabdāttapaścaryāvelātithyādi kathyate ||;
TĀ, 4: 4;265 1;nāma śaktiśivādyantametasya mama nānyathā |;
TĀ, 4: 4;265 2;gotraṁ ca gurusaṁtāno maṭhikākulaśabditaḥ ||;
TĀ, 4: 4;266 1;śrīsaṁtatistryambakākhyā tadardhāmardasaṁjñitā |;
TĀ, 4: 4;266 2;itthamardhacatasro .tra maṭhikāḥ śāṁkare krame ||;
TĀ, 4: 4;267 1;yugakrameṇa kūrmādyā mīnāntā siddhasaṁtatiḥ |;
TĀ, 4: 4;267 2;ādiśabdena ca gharaṁ pallī pīṭhopapīṭhakam ||;
TĀ, 4: 4;268 1;mudrā chummeti teṣāṁ ca vidhānaṁ svaparasthitam |;
TĀ, 4: 4;268 2;tādātmyapratipattyai hi svaṁ saṁtānaṁ samāśrayet ||;
TĀ, 4: 4;269 1;bhuñjīta pūjayeccakraṁ parasaṁtāninā nahi |;
TĀ, 4: 4;269 2;etacca mataśāstreṣu niṣiddhaṁ khaṇḍanā yataḥ ||;
TĀ, 4: 4;270 1;akhaṇḍe .pi pare tattve bhedenānena jāyate |;
TĀ, 4: 4;270 2;evaṁ kṣetrapraveśādi saṁtānaniyamāntataḥ ||;
TĀ, 4: 4;271 1;nāsminvidhīyate taddhi sākṣānnaupayikaṁ śive |;
TĀ, 4: 4;271 2;na tasya ca niṣedho yanna tattattvasya khaṇḍanam ||;
TĀ, 4: 4;272 1;viśvātmano hi nāthasya svasminrūpe vikalpitau |;
TĀ, 4: 4;272 2;vidhirniṣedho vā śaktau na svarūpasya khaṇḍane ||;
TĀ, 4: 4;273 1;paratattvapraveśe tu yameva nikaṭaṁ yadā |;
TĀ, 4: 4;273 2;upāyaṁ vetti sa grāhyastadā tyājyo .tha vā kvacit ||;
TĀ, 4: 4;274 1;na yantraṇātra kāryeti proktaṁ śrītrikaśāsane |;
TĀ, 4: 4;274 2;samatā sarvadevānām ovallīmantravarṇayoḥ ||;
TĀ, 4: 4;275 1;āgamānāṁ gatīnāṁ ca sarvaṁ śivamayaṁ yataḥ |;
TĀ, 4: 4;275 2;sa hyakhaṇḍitasadbhāvaṁ śivatattvaṁ prapaśyati ||;

TĀ, 4: 4;277 1;asmiṁśca yoge viśrāntiṁ kurvatāṁ bhavaḍambaraḥ |;
TĀ, 4: 4;277 2;himānīva mahāgrīṣme svayameva vilīyate ||;
TĀ, 4: 4;278 1;alaṁ vātiprasaṅgena bhūyasātiprapañcite |;
TĀ, 4: 4;278 2;yogyo .bhinavagupto .sminko .pi yāgavidhau budhaḥ ||;
TĀ, 4: 4;279 1;ityanuttarapadapravikāse śāktamaupayikamadya viviktam |;
TĀ, 16: 12;1 1;atha putrakatvasiddhyai nirūpyate śivanirūpito .tra vidhiḥ |;
TĀ, 16: 12;1 2;yadā tu samayasthasya putrakatve niyojanam |;
TĀ, 16: 12;1 3;gurutve sādhakatve vā kartumicchati daiśikaḥ ||;
TĀ, 16: 12;2 1;tadādhivāsaṁ kṛtvāhni dvitīye maṇḍalaṁ likhet |;
TĀ, 16: 12;2 2;sāmudāyikayāge .tha tathānyatra yathoditam ||;
TĀ, 16: 12;3 1;ṣaḍaṣṭataddviguṇitacaturviṁśatisaṁkhyayā |;
TĀ, 16: 12;3 2;cakrapañcakamākhyātaṁ śāstre śrīpūrvasaṁjñite ||;
TĀ, 16: 12;4 1;dvātriṁśattaddviguṇitaṁ śrīmattraiśirase mate |;
TĀ, 16: 12;4 2;asaṁkhyacakrasaṁbandhaḥ śrīsiddhādau nirūpitaḥ ||;
TĀ, 16: 12;5 1;tasmādyathātathā yāgaṁ yāvaccakreṇa saṁmitam |;
TĀ, 16: 12;5 2;pūjayedyena tenātra triśūlatrayamālikhet ||;
TĀ, 16: 12;6 1;triśūlatritaye devītrayaṁ paryāyavṛttitaḥ |;
TĀ, 16: 12;6 2;madhyasavyānyabhedena pūrṇaṁ sampūjitaṁ bhavet ||;
TĀ, 16: 12;7 1;vartanā maṇḍalasyāgre saṁkṣepādupadekṣyate |;
TĀ, 16: 12;7 2;ālikhya maṇḍalaṁ gandhavastreṇaivāsya mārjanam ||;
TĀ, 16: 12;8 1;kṛtvā snāto guruḥ prāgvanmaṇḍalāgre .tra devatāḥ |;
TĀ, 16: 12;8 2;bāhyagāḥ pūjayeddvāradeśe ca dvāradevatāḥ ||;
TĀ, 16: 12;9 1;maṇḍalasya purobhāge tadaiśānadiśaḥ kramāt |;
TĀ, 16: 12;9 2;āgneyyantaṁ gaṇeśādīn kṣetrapāntānprapūjayet ||;
TĀ, 16: 12;10 1;gaṇapatiguruparamākhyāḥ parameṣṭhī iti saptakamākhyātaṁ gurupaṅktividhau |;
TĀ, 16: 12;11 1;tata ājñāṁ gṛhītvā tu puṣpadhūpādipūjitam |;
TĀ, 16: 12;11 2;pūjyamādhāraśaktyādi śūlamūlātprabhṛtyalam ||;
TĀ, 16: 12;12 1;śivāntaṁ sitapadmānte triśūlānāṁ traye kramāt |;
TĀ, 16: 12;12 2;madhyaśūle madhyagaḥ syātsadbhāvaḥ parayā saha ||;
TĀ, 16: 12;13 1;vāme cāparayā sākaṁ navātmā dakṣagaṁ param |;
TĀ, 16: 12;13 2;triśūle dakṣiṇe madhyaśṛṅgastho ratiśekharaḥ ||;
TĀ, 16: 12;14 1;syātparāparayā sākaṁ dakṣe bhairavasatpare |;
TĀ, 16: 12;14 2;vāme triśūle madhyastho navātmāparayā saha ||;
TĀ, 16: 12;15 1;syātpare parayā sākaṁ vāmāre saṁśca bhairavaḥ |;
TĀ, 16: 12;15 2;itthaṁ sarvagatatve śrīparādevyāḥ sthite sati ||;
TĀ, 16: 12;16 1;yāgo bhavet susampūrṇastadadhiṣṭhānamātrataḥ |;
TĀ, 16: 12;16 2;ekaśūle .pyato yāge cintayettadadhiṣṭhitam ||;
TĀ, 16: 12;17 1;avidhijño vidhānajña ityevaṁ trīśikoditam |;
TĀ, 16: 12;17 2;tato madhye tathā dakṣe vāme śṛṅge ca sarvataḥ ||;
TĀ, 16: 12;18 1;lokapālāstraparyantamekātmatvena pūjayet |;
TĀ, 16: 12;18 2;paratvena ca sarvāsāṁ devatānāṁ prapūjayet ||;
TĀ, 16: 12;19 1;śrīmantaṁ mātṛsadbhāvabhaṭṭārakamanāmayam |;
TĀ, 16: 12;19 2;tato .pi bhogayāgena vidyāṅgaṁ bhairavāṣṭakam ||;
TĀ, 16: 12;20 1;yāmalaṁ cakradevīśca svasthāne pūjayedbahiḥ |;
TĀ, 16: 12;20 2;lokapālānastrayutāngandhapuṣpāsavādibhiḥ ||;
TĀ, 16: 12;21 1;pūjayetparayā bhaktyā vittaśāṭhyavivarjitaḥ |;
TĀ, 16: 12;21 2;tataḥ kumbhāstrakalaśīmaṇḍalasthānalātmanām ||;
TĀ, 16: 12;22 1;pañcānāmanusandhānaṁ kuryādadvayabhāvanāt |;
TĀ, 16: 12;22 2;ye tu tāmadvayavyāptiṁ na vindanti śivātmikām ||;
TĀ, 16: 12;23 1;mantranāḍīprayogeṇa te viśantyadvaye pathi |;
TĀ, 16: 12;23 2;svadakṣiṇena niḥsṛtya maṇḍalasthasya vāmataḥ ||;
TĀ, 16: 12;24 1;praviśyānyena niḥsṛtya kumbhasthe karkarīgate |;
TĀ, 16: 12;24 2;vahnisthe ca krameṇetthaṁ yāvatsvasminsvavāmataḥ ||;
TĀ, 16: 12;25 1;mūlānusandhānabalāt prāṇatantūmbhane sati |;
TĀ, 16: 12;25 2;itthamaikyasphurattātmā vyāptisaṁvitprakāśate ||;
TĀ, 16: 12;26 1;tato viśeṣapūjāṁ ca kuryādadvayabhāvitām |;
TĀ, 16: 12;26 2;yacchivādvayapīyūṣasaṁsiktaṁ paramaṁ hi tat ||;
TĀ, 16: 12;27 1;tenārghapuṣpagandhāderāsavasya paśoratha |;
TĀ, 16: 12;27 2;yā śivādvayatādṛṣṭiḥ sā śuddhiḥ paramīkṛtiḥ ||;
TĀ, 16: 12;28 1;nivedayedvibhoragre jīvāndhātūṁstadutthitān |;
TĀ, 16: 12;28 2;siddhānasiddhānvyāmiśrān yadvā kiṁciccarācaram ||;
TĀ, 16: 12;29 1;dṛṣṭaprokṣitasaṁdraṣṭṛprālabdhopāttayojitaḥ |;
TĀ, 16: 12;29 2;nirvāpito vīrapaśuḥ so .ṣṭadhottaratottamaḥ ||;
TĀ, 16: 12;30 1;yathottaraṁ na dātavyamayogyebhyaḥ kadācana |;
TĀ, 16: 12;30 2;śivopayuktaṁ hi havirna sarvo bhoktumarhati ||;
TĀ, 16: 12;31 1;yastu dīkṣāvihīno .pi śivecchāvidhicoditaḥ |;
TĀ, 16: 12;31 2;bhaktyāśnāti sa sampūrṇaḥ samayī syātsubhāvitaḥ ||;
TĀ, 16: 12;32 1;dṛṣṭo .valokitaścaiva kiraṇeddhadṛgarpaṇāt |;
TĀ, 16: 12;32 2;prokṣitaḥ kevalaṁ hyarghapātravipruḍbhirukṣitaḥ ||;
TĀ, 16: 12;33 1;saṁdraṣṭā darśitāśeṣasamyakpūjitamaṇḍalaḥ |;
TĀ, 16: 12;33 2;prālabdha uktatritayasaṁskṛtaḥ so .pi dhūnayet ||;
TĀ, 16: 12;34 1;kampeta prasravetstabdhaḥ pralīno vā yathottaram |;
TĀ, 16: 12;34 2;upātto yāgasānnidhye śamitaḥ śastramārutaiḥ ||;
TĀ, 16: 12;35 1;yojitaḥ kāraṇatyāgakrameṇa śivayojanāt |;
TĀ, 16: 12;35 2;nirvāpitaḥ kṛtābhyāsaguruprāṇamano.rpaṇāt ||;
TĀ, 16: 12;36 1;dakṣiṇenāgninā saumyakalājālavilāpanāt |;
TĀ, 16: 12;36 2;tathāhyādau paraṁ rūpamekībhāvena saṁśrayet ||;
TĀ, 16: 12;37 1;tasmādāgneyacāreṇa jvālāmālāmucāviśet |;
TĀ, 16: 12;37 2;paśorvāmena candrāṁśujālaṁ tāpena gālayet ||;
TĀ, 16: 12;38 1;nābhicakre .tha viśrāmyetprāṇaraśmigaṇaiḥ saha |;
TĀ, 16: 12;38 2;paro bhūtvā svaśaktyātra jīvaṁ jīvena veṣṭayet ||;
TĀ, 16: 12;39 1;svacitsūryeṇa saṁtāpya drāvayet kalāṁ kalām |;
TĀ, 16: 12;39 2;tato drutaṁ kalājālaṁ prāpayyaikatvamātmani ||;
TĀ, 16: 12;40 1;samastatattvasampūrṇam āpyāyanavidhāyinam |;
TĀ, 16: 12;40 2;unmūlayeta saṁrambhātkarmabaddhamamuṁ rasāt ||;
TĀ, 16: 12;41 1;tata unmūlanodveṣṭayogādvāmaṁ paribhraman |;
TĀ, 16: 12;41 2;kuṇḍalyamṛtasampūrṇasvakaprāṇaprasevakaḥ ||;
TĀ, 16: 12;42 1;vāmāvartakramopāttahṛtpadmāmṛtakesaraḥ |;
TĀ, 16: 12;42 2;hṛtkarṇikārūḍhilābhādojodhātuṁ vilāpitam ||;
TĀ, 16: 12;43 1;śuddhasomātmakaṁ sāramīṣallohitapītalam |;
TĀ, 16: 12;43 2;ādāya karihastāgrasadṛśe prāṇavigrahe ||;
TĀ, 16: 12;44 1;niḥsṛtya jhaṭiti svātmavāmamārgeṇa saṁviśet |;
TĀ, 16: 12;44 2;āpyāyayannapānākhyacandracakrahṛdambuje ||;
TĀ, 16: 12;45 1;sthitaṁ taddevatācakraṁ tena sāreṇa tarpayet |;
TĀ, 16: 12;45 2;anena vidhinā sarvānrasaraktādikāṁstathā ||;
TĀ, 16: 12;46 1;dhātūnsamāharetsaṁghakramādekaikaśo .thavā |;
TĀ, 16: 12;46 2;kevalaṁ tvathavāgnīnduravisaṁghaṭṭamadhyagam ||;
TĀ, 16: 12;47 1;jyotīrūpamatha prāṇaśaktyākhyaṁ jīvamāharet |;
TĀ, 16: 12;47 2;jīvaṁ samarasīkuryāddevīcakreṇa bhāvanāt ||;
TĀ, 16: 12;48 1;tadeva tarpaṇaṁ mukhyaṁ bhogyabhoktrātmataiva sā |;
TĀ, 16: 12;48 2;agnisaṁpuṭaphullārṇatryaśrakālātmako mahān ||;
TĀ, 16: 12;49 1;piṇḍo raktādisāraughacālanākarṣaṇādiṣu |;
TĀ, 16: 12;49 2;itthaṁ viśrāntiyogena ghaṭikārdhakrame sati ||;
TĀ, 16: 12;50 1;āvṛttiśatayogena paśornirvāpaṇaṁ bhavet |;
TĀ, 16: 12;50 2;kṛtvā katipayaṁ kālaṁ tatrābhyāsam ananyadhīḥ ||;
TĀ, 16: 12;51 1;yathā cintāmaṇau proktaṁ tena rūpeṇa yogavit |;
TĀ, 16: 12;51 2;niḥśaṅkaḥ siddhimāpnoti gopyaṁ tatprāṇavatsphuṭam ||;
TĀ, 16: 12;52 1;parokṣe .pi paśāvevaṁ vidhiḥ syādyojanaṁ prati |;
TĀ, 16: 12;52 2;praveśito yāgabhuvi hatastatraiva sādhitaḥ ||;
TĀ, 16: 12;53 1;cakrajuṣṭaśca tatraiva sa vīrapaśurucyate |;
TĀ, 16: 12;53 2;yastvanyatrāpi nihataḥ sāmastyenāṁśato .pivā ||;
TĀ, 16: 12;54 1;devāya vinivedayeta sa vai bāhyapaśurmataḥ |;
TĀ, 16: 12;54 2;rājyaṁ lābho .tha tatsthairyaṁ śive bhaktistadātmatā ||;
TĀ, 16: 12;55 1;śivajñānaṁ mantralokaprāptistatparivāratā |;
TĀ, 16: 12;55 2;tatsāyujyaṁ paśoḥ sāmyādbāhyāder vīradharmaṇaḥ ||;
TĀ, 16: 12;56 1;puṣpādayo .pi tallābhabhāginaḥ śivapūjayā |;
TĀ, 16: 12;56 2;ekopāyena deveśo viśvānugrahaṇātmakaḥ ||;
TĀ, 16: 12;57 1;yāgenaivānugṛhṇāti kiṁ kiṁ yanna carācaram |;
TĀ, 16: 12;57 2;tenāvīro .pi śaṅkādiyuktaḥ kāruṇiko .pica ||;
TĀ, 16: 12;58 1;na hiṁsābuddhimādadhyātpaśukarmaṇi jātucit |;
TĀ, 16: 12;58 2;paśormahopakāro .yaṁ tadātve .pyapriyaṁ bhavet ||;
TĀ, 16: 12;59 1;vyādhicchedauṣadhatapoyojanātra nidarśanam |;
TĀ, 16: 12;59 2;śrīmanmṛtyuñjaye proktaṁ pāśacchede kṛte paśoḥ ||;
TĀ, 16: 12;60 1;malatrayaviyogena śarīraṁ na prarohati |;
TĀ, 16: 12;60 2;dharmādharmaughavicchedāccharīraṁ cyavate kila ||;
TĀ, 16: 12;61 1;tenaitanmāraṇaṁ noktaṁ dīkṣeyaṁ citrarūpiṇī |;
TĀ, 16: 12;61 2;rūḍhapāśasya yaḥ prāṇairviyogo māraṇaṁ hi tat ||;
TĀ, 16: 12;62 1;iyaṁ tu yojanaiva syātpaśordevāya tarpaṇe |;
TĀ, 16: 12;62 2;tasmāddevoktimāśritya paśūndadyādbahūniti ||;
TĀ, 16: 12;63 1;niveditaḥ punaḥprāptadeho bhūyoniveditaḥ |;
TĀ, 16: 12;63 2;ṣaṭkṛtva itthaṁ yaḥ so .tra ṣaḍjanmā paśuruttamaḥ ||;
TĀ, 16: 12;64 1;yathā pākakramācchuddhaṁ hema tadvatsa kīrtitaḥ |;
TĀ, 16: 12;64 2;kāṁ siddhiṁ naiva vitaretsvayaṁ kiṁvā na mucyate ||;
TĀ, 16: 12;65 1;uktaṁ tvānandaśāstre yo mantrasaṁskāravāṁstyajet |;
TĀ, 16: 12;65 2;samayānkutsayeddevīrdadyānmantrānvinā nayāt ||;
TĀ, 16: 12;66 1;dīkṣāmantrādikaṁ prāpya tyajetputrādimohitaḥ |;
TĀ, 16: 12;66 2;tato manuṣyatāmetya punarevaṁ karotyapi ||;
TĀ, 16: 12;67 1;itthamekādisaptāntajanmāsau dvividho dvipāt |;
TĀ, 16: 12;67 2;catuṣpādvā paśurdevīcarukārthaṁ prajāyate ||;
TĀ, 16: 12;68 1;dātrarpito .sau taddvārā yāti sāyujyataḥ śivam |;
TĀ, 16: 12;68 2;iti saṁbhāvya citraṁ tatpaśūnāṁ praviceṣṭitam ||;
TĀ, 16: 12;69 1;bhogyīcikīrṣitaṁ naiva kuryādanyatra taṁ paśum |;
TĀ, 16: 12;69 2;nāpi naiṣa bhavedyogya iti buddhvāpasārayet ||;
TĀ, 16: 12;70 1;taṁ paśuṁ kiṁtu kāṅkṣā cedviśeṣe taṁ tu ḍhaukayet |;
TĀ, 16: 12;70 2;tāvatastānpaśūndadyāttathācoktaṁ maheśinā ||;
TĀ, 16: 12;71 1;paśorvapāmedasī ca gālite vahnimadhyataḥ |;
TĀ, 16: 12;71 2;arpayecchakticakrāya paramaṁ tarpaṇaṁ matam ||;
TĀ, 16: 12;72 1;hṛdantramuṇḍāṁsayakṛtpradhānaṁ vinivedayet |;
TĀ, 16: 12;72 2;karṇikākuṇḍalīmajjaparśu mukhyataraṁ ca vā ||;
TĀ, 16: 12;73 1;tato .gnau tarpaṇaṁ kuryānmantracakrasya daiśikaḥ |;
TĀ, 16: 12;73 2;tannivedya ca devāya tato vijñāpayetprabhum ||;
TĀ, 16: 12;74 1;gurutvena tvayaivāhamājñātaḥ parameśvara |;
TĀ, 16: 12;74 2;sākṣāt svapnopadeśād yairjapairgurumukhena vā ||;
TĀ, 16: 12;75 1;anugrāhyāstvayā śiṣyāḥ śivaśaktipracoditāḥ |;
TĀ, 16: 12;75 2;tadete tadvidhāḥ prāptāstvamebhyaḥ kurvanugraham ||;
TĀ, 16: 12;76 1;samāveśaya māṁ svātmaraśmibhiryadahaṁ śivaḥ |;
TĀ, 16: 12;76 2;evaṁ bhavatviti tataḥ śivoktimabhinandayet ||;
TĀ, 16: 12;77 1;śivābhinnamathātmānaṁ pañcakṛtyakaraṁ smaret |;
TĀ, 16: 12;77 2;svātmanaḥ karaṇaṁ mantrānmūrtiṁ cānujighṛkṣayā ||;
TĀ, 16: 12;78 1;tato baddhvā sitoṣṇīṣaṁ hastayorarcayetkramāt |;
TĀ, 16: 12;78 2;anyonyaṁ pāśadāhāya śuddhatattvavisṛṣṭaye ||;
TĀ, 16: 12;79 1;tejorūpeṇa mantrāṁśca śivahaste samarcayet |;
TĀ, 16: 12;79 2;garbhāvaraṇagānaṅgaparivārāsanojjhitān ||;
TĀ, 16: 12;80 1;ātmānaṁ bhāvayetpaścādekakaṁ jalacandravat |;
TĀ, 16: 12;80 2;kṛtyopādhivaśādbhinnaṁ ṣoḍhābhinnaṁ tu vastutaḥ ||;
TĀ, 16: 12;81 1;maṇḍalastho .hamevāyaṁ sākṣī cākhilakarmaṇām |;
TĀ, 16: 12;81 2;śuddhā hi draṣṭṛtā śambhormaṇḍale kalpitā mayā ||;
TĀ, 16: 12;82 1;homādhikaraṇatvena vahnāvahamavasthitaḥ |;
TĀ, 16: 12;82 2;yadātmateddhā mantrāḥ syuḥ pāśaploṣavidhāvalam ||;
TĀ, 16: 12;83 1;sāmānyatejorūpāntarāhūtā bhuvaneśvarāḥ |;
TĀ, 16: 12;83 2;tarpitāḥ śrāvitāścāṇornādhikāraṁ pratanvate ||;
TĀ, 16: 12;84 1;ā yāgāntamahaṁ kumbhe saṁsthito vighnaśāntaye |;
TĀ, 16: 12;84 2;sāmānyarūpatā yena viśeṣāpyāyakāriṇī ||;
TĀ, 16: 12;85 1;śiṣyadehe ca tatpāśaśithilatvaprasiddhaye |;
TĀ, 16: 12;85 2;sa hi svecchāvaśātpāśānvidhunvanniva vartate ||;
TĀ, 16: 12;86 1;sākṣātsvadehasaṁstho .haṁ kartānugrahakarmaṇām |;
TĀ, 16: 12;86 2;jñānakriyāsvatantratvāddīkṣākarmaṇi peśalaḥ ||;
TĀ, 16: 12;87 1;bhinnakāryākṛtivrātendriyacakrānusandhimān |;
TĀ, 16: 12;87 2;eko yathāhaṁ vahnyādiṣaḍrūpo .smi tathā sphuṭam ||;
TĀ, 16: 12;88 1;evamālocya yenaiṣo .dhvanā dīkṣāṁ cikīrṣati |;
TĀ, 16: 12;88 2;anusaṁhitaye śiṣyavarjaṁ pañcasu taṁ yajet ||;
TĀ, 16: 12;89 1;anusandhibalānte ca samāsavyāsabhedataḥ |;
TĀ, 16: 12;89 2;kuryādatyantamabhyastamanyāntarbhāvapūritam ||;
TĀ, 16: 12;90 1;tato .pi cintayā bhūyo .nusaṁdadhyācchivātmatām |;
TĀ, 16: 12;90 2;ahameva paraṁ tattvaṁ naca tadghaṭavat kvacit ||;
TĀ, 16: 12;91 1;mahāprakāśastattena mayi sarvamidaṁ jagat |;
TĀ, 16: 12;91 2;naca tatkenacidbāhyapratibimbavadarpitam ||;
TĀ, 16: 12;92 1;kartāhamasya tannānyādhīnaṁ ca madadhiṣṭhitam |;
TĀ, 16: 12;92 2;itthaṁbhūtamahāvyāptisaṁvedanapavitritaḥ ||;
TĀ, 16: 12;93 1;matsamatvaṁ gato janturmukta ityabhidhīyate |;
TĀ, 16: 12;93 2;tāpanirgharṣasekādipāramparyeṇa vahnitām ||;
TĀ, 16: 12;94 1;yathāyogolako yāti gururevaṁ śivātmatām |;
TĀ, 16: 12;94 2;tataḥ puraḥsthitaṁ yadvā purobhāvitavigraham ||;
TĀ, 16: 12;95 1;parokṣadīkṣaṇe yadvā darbhādyaiḥ kalpite mṛte |;
TĀ, 16: 12;95 2;śiṣye vīkṣyārcya puṣpādyairnyasedadhvānamasya tam ||;
TĀ, 16: 12;96 1;yenādhvanā mukhyatayā dīkṣāmicchati daiśikaḥ |;
TĀ, 16: 12;96 2;taṁ dehe nyasya tatrāntarbhāvyamanyaditi sthitiḥ ||;
TĀ, 16: 12;97 1;śodhyādhvani ca vinyaste tatraiva pariśodhakam |;
TĀ, 16: 12;97 2;nyasedyathepsitaṁ mantraṁ śodhyaucityānusārataḥ ||;
TĀ, 16: 12;98 1;kvacicchodhyaṁ tvavinyasya śodhakanyāsamātrataḥ |;
TĀ, 16: 12;98 2;svayaṁ śudhyati saṁśodhyaṁ śodhakasya prabhāvataḥ ||;
TĀ, 16: 12;99 1;aparaṁ parāparaṁ ca paraṁ ca vidhimicchayā |;
TĀ, 16: 12;99 2;tadyojanānusāreṇa śritvā nyāsaḥ ṣaḍadhvanaḥ ||;
TĀ, 16: 12;100 1;lalāṭāntaṁ vedavasau randhrāntaṁ rasarandhrake |;
TĀ, 16: 12;100 2;vasukhendau dvādaśāntamityeṣa trividho vidhiḥ ||;
TĀ, 16: 12;101 1;krameṇa kathyate dṛṣṭaḥ śāstre śrīpūrvasaṁjñite |;
TĀ, 16: 12;101 2;tatra tattveṣu vinyāso gulphānte caturaṅgule ||;
TĀ, 16: 12;102 1;dharā jalādimūlāntaṁ pratyekaṁ dvyaṅgulaṁ kramāt |;
TĀ, 16: 12;102 2;rasaśrutyaṅgulaṁ nābherūrdhvamitthaṁ ṣaḍaṅgule ||;
TĀ, 16: 12;103 1;puṁsaḥ kalāntaṁ ṣaṭtattvīṁ pratyekaṁ tryaṅgule kṣipet |;
TĀ, 16: 12;103 2;aṣṭādaśāṅgulaṁ tvevaṁ kaṇṭhakūpāvasānakam ||;
TĀ, 16: 12;104 1;sadāśivāntaṁ māyādicatuṣkaṁ caturaṅgule |;
TĀ, 16: 12;104 2;pratyekamityabdhivasusaṁkhyamālikadeśataḥ ||;
TĀ, 16: 12;105 1;śivatattvaṁ tataḥ paścāttejorūpamanākulam |;
TĀ, 16: 12;105 2;sarveṣāṁ vyāpakatvena sabāhyābhyantaraṁ smaret ||;
TĀ, 16: 12;106 1;jalāddhyantaṁ sārdhayugmaṁ mūlaṁ tryaṅgulamityataḥ |;
TĀ, 16: 12;106 2;dvādaśāṅgulatādhikyādvidhireṣa parāparaḥ ||;
TĀ, 16: 12;107 1;jalāddhyantaṁ tryaṅgule cedavyaktaṁ tu catuṣṭaye |;
TĀ, 16: 12;107 2;taccaturviṁśatyādhikyātparo .pyaṣṭaśate vidhiḥ ||;
TĀ, 16: 12;108 1;trividhonmānakaṁ vyaktaṁ vasudigbhyo ravikṣayāt |;
TĀ, 16: 12;108 2;mayatantre tathācoktaṁ tattatsvaphalavāñchayā ||;
TĀ, 16: 12;109 1;navapañcacatustryekatattvanyāse svayaṁ dhiyā |;
TĀ, 16: 12;109 2;nyāsaṁ prakalpayettāvattattvāntarbhāvacintanāt ||;
TĀ, 16: 12;110 1;kalāpañcakavedāṇḍanyāso .nenaiva lakṣitaḥ |;
TĀ, 16: 12;110 2;uktaṁ ca triśirastantre svādhārasthaṁ yathāsthitam ||;
TĀ, 16: 12;111 1;dvādaśāṅgulamutthānaṁ dehātītaṁ samaṁ tataḥ |;
TĀ, 16: 12;111 2;dvāsaptatirdaśa dve ca dehasthaṁ śiraso .ntataḥ ||;
TĀ, 16: 12;112 1;pādādārabhya suśroṇi anāhatapadāvadhi |;
TĀ, 16: 12;112 2;dehātīte .pi viśrāntyā saṁvitteḥ kalpanāvaśāt ||;
TĀ, 16: 12;113 1;dehatvamiti tasmātsyādutthānaṁ dvādaśāṅgulam |;
TĀ, 16: 12;113 2;iti nirṇetumatraitaduktamaṣṭottaraṁ śatam ||;
TĀ, 16: 12;114 1;puranyāso .tha gulphāntaṁ bhūḥ purāṇyatra ṣoḍaśa |;
TĀ, 16: 12;114 2;tasmādekāṅgulavyāptyā pratyekaṁ lakulāditaḥ ||;
TĀ, 16: 12;115 1;dviraṇḍāntaṁ tryaṅgulaṁ tu chagalāṇḍamathābdhiṣu |;
TĀ, 16: 12;115 2;devayogāṣṭake dve hi pratyekāṅgulapādataḥ ||;
TĀ, 16: 12;116 1;iti pradhānaparyantaṁ ṣaṭcatvāriṁśadaṅgulam |;
TĀ, 16: 12;116 2;ṣaṭpañcāśatpurāṇītthaṁ prāgdharāyāṁ tu ṣoḍaśa ||;
TĀ, 16: 12;117 1;tato .pyardhāṅgulavyāptyā ṣaṭpurāṇyaṅgulatraye |;
TĀ, 16: 12;117 2;catvāri yugma ekasmin ekaṁ ca puramaṅgule ||;
TĀ, 16: 12;118 1;sarāge puṁspurāṇīśasaṁkhyānītthaṁ ṣaḍaṅgule |;
TĀ, 16: 12;118 2;krodheśapuramekasmindvaye cāṇḍamiyaṁ ca vit ||;
TĀ, 16: 12;119 1;saṁvartajyotiṣorevaṁ kalātattvagayoḥ kramāt |;
TĀ, 16: 12;119 2;śūrapañcāntapurayorniyatau caikayugmatā ||;
TĀ, 16: 12;120 1;śrīpūrvaśāstre taccoktaṁ parameśena śaṁbhunā |;
TĀ, 16: 12;120 2;uttarādikramāddvyekabhedo vidyādike traye ||;
TĀ, 16: 12;121 1;asāratvātkramasyādau niyatiḥ parataḥ kalā |;
TĀ, 16: 12;121 2;athavānyonyasaṁjñābhyāṁ tattvayorvyapadeśyatā ||;
TĀ, 16: 12;122 1;ekavīraśikheśaśrīkaṇṭhāḥ kāle trayastraye |;
TĀ, 16: 12;122 2;kālasya pūrvaṁ vinyāso niyaterabhidhīyate ||;
TĀ, 16: 12;123 1;athavānyonyasaṁjñābhirvyapadeśo hi dṛśyate |;
TĀ, 16: 12;123 2;evaṁ pumādiṣaṭtattvī vinyastāṣṭādaśāṅgule ||;
TĀ, 16: 12;124 1;tato .pyaṅguṣṭhamātrāntaṁ māyātattvasthamaṣṭakam |;
TĀ, 16: 12;124 2;pratyekamardhāṅgulataḥ syādaṅgulacatuṣṭaye ||;
TĀ, 16: 12;125 1;itthaṁ dvyakṣṇi purāṇyaṣṭāviṁśatiḥ puruṣānniśi |;
TĀ, 16: 12;125 2;puratrayaṁ dvayostryaṁśanyūnāṅgulamiti kramāt ||;
TĀ, 16: 12;126 1;dvayordvayaṁ pañcapurī vaidyīye caturaṅgule |;
TĀ, 16: 12;126 2;tata aiśapurāṇyaṣṭau catuṣke .rdhāṅgulakramāt ||;
TĀ, 16: 12;127 1;tatastrīṇi dvaye dve ca dvayoritthaṁ catuṣṭaye |;
TĀ, 16: 12;127 2;sādāśivaṁ pañcakaṁ syāditthaṁ vasvekakaṁ ravau ||;
TĀ, 16: 12;128 1;ṣoḍaśakaṁ rasaviśikhaṁ vasudvikaṁ vasuśaśīti vedā rasābdhi yugmākṣi ca ravayastatra cāṅgulāḥ kramaśaḥ |;
TĀ, 16: 12;129 1;aṣṭādaśādhikaśataṁ purāṇi dehe .tra caturaśītimite |;
TĀ, 16: 12;129 2;vinyastāni taditthaṁ śeṣe tu vyāpakaṁ śivaṁ tattvam ||;


TĀ, 16: 12;132 1;aparādividhitraitādatha nyāsaḥ padādhvanaḥ |;
TĀ, 16: 12;132 2;pūrvaṁ daśapadī coktā svatantrā nyasyate yadā ||;
TĀ, 16: 12;133 1;tayaiva dīkṣā kāryā cettadeyaṁ nyāsakalpanā |;
TĀ, 16: 12;133 2;tattvādimukhyatāyogāddīkṣāyāṁ tu padāvalī ||;
TĀ, 16: 12;134 1;tattattvādyanusāreṇa tatrāntarbhāvyate tathā |;
TĀ, 16: 12;134 2;svapradhānatvayoge tu dīkṣāyāṁ padapaddhatim ||;
TĀ, 16: 12;135 1;nyasyetkrameṇa tattvādivadanānavalokinīm |;
TĀ, 16: 12;135 2;caturṣvaṣṭāsu cāṣṭāsu daśasvatha daśasvatha ||;
TĀ, 16: 12;136 1;daśasvatho pañcadaśasvatha vedaśarenduṣu |;
TĀ, 16: 12;136 2;dharāpadān navapadīṁ mātṛkāmālinīgatām ||;
TĀ, 16: 12;137 1;yojayedvyāptṛ daśamaṁ padaṁ tu śivasaṁjñitam |;
TĀ, 16: 12;137 2;dharāpadaṁ varjayitvā pañca yāni padāni tu ||;
TĀ, 16: 12;138 1;vidhidvayaṁ syānnikṣipya dvādaśa dvādaśāṅgulān |;
TĀ, 16: 12;138 2;mantrādhvano .pyeṣa eva vidhirvinyāsayojane ||;
TĀ, 16: 12;139 1;vyāptimātraṁ hi bhidyetetyuktaṁ prāgeva tattathā |;
TĀ, 16: 12;139 2;varṇādhvano .tha vinyāsaḥ kathyate .tra vidhitraye ||;
TĀ, 16: 12;140 1;ekaṁ caturṣu pratyekaṁ dvayoraṅgulayoḥ kramāt |;
TĀ, 16: 12;140 2;trayoviṁśativarṇī syāt ṣaḍvarṇyekaikaśastriṣu ||;
TĀ, 16: 12;141 1;pratyekamatha catvāraścaturṣviti vilomataḥ |;
TĀ, 16: 12;141 2;mālinīmātṛkārṇāḥ syurvyāptṛ śaivaṁ rasendutaḥ ||;
TĀ, 16: 12;142 1;varjayitvādyavarṇaṁ tu tattvavatsyādravīnravīn |;
TĀ, 16: 12;142 2;tāṁ trayoviṁśatau varṇeṣvapyanyatsyādvidhidvayam ||;
TĀ, 16: 12;143 1;śrīpūrvaśāstre tenādau tattveṣūktaṁ vidhitrayam |;
TĀ, 16: 12;143 2;atidiṣṭaṁ tu tadbhinnābhinnavarṇadvaye samam ||;
TĀ, 16: 12;144 1;dvividho .pi hi varṇānāṁ ṣaḍvidho bheda ucyate |;
TĀ, 16: 12;144 2;tattvamārgavidhānena jñātavyaḥ paramārthataḥ ||;
TĀ, 16: 12;145 1;upadeśātideśābhyāṁ yaduktaṁ tatpadādiṣu |;
TĀ, 16: 12;145 2;bhūyo .tidiṣṭaṁ tatraiva śāstre .smaddhṛdayeśvare ||;
TĀ, 16: 12;146 1;padamantrakalādīnāṁ pūrvasūtrānusārataḥ |;
TĀ, 16: 12;146 2;tritayatvaṁ prakurvīta tattvavarṇoktavartmanā ||;
TĀ, 16: 12;147 1;uktaṁ tatpadamantreṣu kalāsvatha nirūpyate |;
TĀ, 16: 12;147 2;caturṣu rasavede dvāviṁśatau dvādaśasvatha ||;
TĀ, 16: 12;148 1;nivṛttyādyāścatasraḥ syurvyāptrī syācchāntyatītikā |;
TĀ, 16: 12;148 2;dvitīyasyāṁ kalāyāṁ tu dvādaśa dvādaśāṅgulān ||;
TĀ, 16: 12;149 1;kramātkṣiptvā vidhidvaitaṁ parāparaparātmakam |;
TĀ, 16: 12;149 2;caturaṇḍavidhistvādiśabdeneha pragṛhyate ||;
TĀ, 16: 12;150 1;kalācatuṣkavattena tasminvācyaṁ vidhitrayam |;
TĀ, 16: 12;150 2;evaṁ ṣaḍvidhamadhvānaṁ śodhyaśiṣyatanau purā ||;
TĀ, 16: 12;151 1;nyasyaikatamamukhyatvānnyasyecchodhakasaṁmatam |;
TĀ, 16: 12;151 2;adhvanyāsanamantraughaḥ śodhako hyeka āditaḥ ||;
TĀ, 16: 12;152 1;śabdarāśirmālinī ca samastavyastato dvidhā |;
TĀ, 16: 12;152 2;ekavīratayā yadvā ṣaṭkaṁ yāmalayogataḥ ||;
TĀ, 16: 12;153 1;pañcavaktrī śaktitadvadbhedātṣoḍhā punardvidhā |;
TĀ, 16: 12;153 2;ekākiyāmalatvenetyevaṁ sā dvādaśātmikā ||;
TĀ, 16: 12;154 1;ṣaḍaṅgī sakalānyatvāddvividhā vaktravatpunaḥ |;
TĀ, 16: 12;154 2;dvādaśatvena guṇitā caturviṁśatibhedikā ||;
TĀ, 16: 12;155 1;aghorādyaṣṭake dve ca tṛtīyaṁ yāmalodayāt |;
TĀ, 16: 12;155 2;mātṛsadbhāvamantraśca kevalaḥ śruticakragaḥ ||;
TĀ, 16: 12;156 1;ekadvitricaturbhedāttrayodaśabhidātmakaḥ |;
TĀ, 16: 12;156 2;ekavīratayā so .yaṁ caturdaśatayā sthitaḥ ||;
TĀ, 16: 12;157 1;anāmasaṁhṛtisthairyasṛṣṭicakraṁ caturvidham |;
TĀ, 16: 12;157 2;devatābhirnijābhis tanmātṛsadbhāvabṛṁhitam ||;
TĀ, 16: 12;158 1;itthaṁ śodhakavargo .yaṁ mantrāṇāṁ saptatiḥ smṛtā |;
TĀ, 16: 12;158 2;ṣaḍardhaśāstreṣu śrīmatsāraśāstre ca kathyate ||;
TĀ, 16: 12;159 1;aghorādyaṣṭakeneha śodhanīyaṁ vipaścitā |;
TĀ, 16: 12;159 2;athavaikākṣarāmantrair athavā mātṛkākramāt ||;
TĀ, 16: 12;160 1;bhairavīyahṛdā vāpi khecarīhṛdayena vā |;
TĀ, 16: 12;160 2;bhairaveṇa mahādevi tvatha vaktrāṅgapañcakaiḥ ||;
TĀ, 16: 12;161 1;yena yena hi mantreṇa tantre .smin udbhavaḥ kṛtaḥ |;
TĀ, 16: 12;161 2;tenaiva dīkṣayenmantrī ityājñā pārameśvarī ||;
TĀ, 16: 12;162 1;evaṁ śodhakabhedena saptatiḥ kīrtitā bhidaḥ |;
TĀ, 16: 12;162 2;śodhyanyāsaṁ vinā mantrairetairdīkṣā yadā bhavet ||;
TĀ, 16: 12;163 1;tadā saptatidhā jñeyā jananādivivarjitā |;
TĀ, 16: 12;163 2;śodhyabhedo .tha vaktavyaḥ saṁkṣepātso .pi kathyate ||;
TĀ, 16: 12;164 1;ekatripañcaṣaṭtriṁśadbhedāttāttvaścaturvidhaḥ |;
TĀ, 16: 12;164 2;pañcaikabhedāccādhvānastathaivāṇḍacatuṣṭayam ||;
TĀ, 16: 12;165 1;evaṁ daśavidhaṁ śodhyaṁ triṁśaddhā tadvidhitrayāt |;
TĀ, 16: 12;165 2;śodhyaśodhakabhedena śatāni tvekaviṁśatiḥ ||;
TĀ, 16: 12;166 1;atrāpi nyāsayogena śodhye .dhvani tathākṛteḥ |;
TĀ, 16: 12;166 2;śataikaviṁśatibhidā jananādyujjhitā bhavet ||;
TĀ, 16: 12;167 1;jananādimayī tāvatyevaṁ śatadṛśi śrutiḥ |;
TĀ, 16: 12;167 2;syātsaptatyadhikā sāpi dravyavijñānabhedataḥ ||;
TĀ, 16: 12;168 1;dvidheti pañcāśītiḥ syācchatānyadhikakhābdhikā |;
TĀ, 16: 12;168 2;bhogamokṣānusandhānāddvividhā sā prakīrtitā ||;
TĀ, 16: 12;169 1;aśubhasyaiva saṁśuddhyā śubhasyāpyatha śodhanāt |;
TĀ, 16: 12;169 2;dvidhā bhogaḥ śubhe śuddhiḥ kālatrayavibhedini ||;
TĀ, 16: 12;170 1;ekadvisāmastyavaśātsaptadhetyaṣṭadhā bhujiḥ |;
TĀ, 16: 12;170 2;guruśiṣyakramātso .pi dvidhetyevaṁ vibhidyate ||;
TĀ, 16: 12;171 1;pratyakṣadīkṣaṇe yasmāddvayorekānusaṁdhitaḥ |;
TĀ, 16: 12;171 2;tādṛgdīkṣāphalaṁ pūrṇaṁ visaṁvāde tu viplavaḥ ||;
TĀ, 16: 12;172 1;parokṣamṛtadīkṣādau gururevānusandhimān |;
TĀ, 16: 12;172 2;kriyājñānamahimnā taṁ śiṣyaṁ dhāmnīpsite nayet ||;
TĀ, 16: 12;173 1;avibhinne kriyājñāne karmaśuddhau tathaiva te |;
TĀ, 16: 12;173 2;anusandhiḥ punarbhinnaḥ karma yasmāttadātmakam ||;
TĀ, 16: 12;174 1;śrīmatsvacchandaśāstre ca vāsanābhedataḥ phalam |;
TĀ, 16: 12;174 2;śiṣyāṇāṁ ca guroścoktamabhinne .pi kriyādike ||;
TĀ, 16: 12;175 1;bhogasya śodhakācchodhyādanusandheśca tādṛśāt |;
TĀ, 16: 12;175 2;vaicitryamasti bhedasya vaicitryaprāṇatā yataḥ ||;
TĀ, 16: 12;176 1;tathāhi vaktrairyasyādhvā śuddhastaireva yojitaḥ |;
TĀ, 16: 12;176 2;bhoktumiṣṭe kvacittattve sa bhoktā tadbalānvitaḥ ||;
TĀ, 16: 12;177 1;śubhānāṁ karmaṇāṁ cātra sadbhāve bhogacitratā |;
TĀ, 16: 12;177 2;tādṛgeva bhavetkarmaśuddhau tvanyaiva citratā ||;
TĀ, 16: 12;178 1;bhogaśca sadya utkrāntyā dehenaivātha saṁgataḥ |;
TĀ, 16: 12;178 2;tadaivābhyāsato vāpi dehānte vetyasau catuḥ ||;
TĀ, 16: 12;179 1;prāktanāṣṭabhidā yogāddvātriṁśadbheda ucyate |;
TĀ, 16: 12;179 2;mokṣa eko .pi bījasya samayākhyasya tādṛśam ||;
TĀ, 16: 12;180 1;bālādikaṁ jñātaśīghramaraṇaṁ śaktivarjitam |;
TĀ, 16: 12;180 2;vṛddhaṁ voddiśya śaktaṁ vā śodhanāśodhanāddvidhā ||;
TĀ, 16: 12;181 1;sadya utkrāntitastraidhaṁ sā cāsannamṛtau guroḥ |;
TĀ, 16: 12;181 2;kāryetyājñā maheśasya śrīmadgahvarabhāṣitā ||;
TĀ, 16: 12;182 1;dṛṣṭvā śiṣyaṁ jarāgrastaṁ vyādhinā paripīḍitam |;
TĀ, 16: 12;182 2;utkramayya tatastvenaṁ paratattve niyojayet ||;Tantrāloka TĀ, 19: 15 8;dṛṣṭvā śiṣyaṁ jarāgrastaṁ vyādhinā paripīḍitam |utkramayya tatastvenaṁ paratattve niyojayet ||;GOOD;;
TĀ, 16: 12;183 1;pañcatriṁśadamī bhedā gurorvā guruśiṣyayoḥ |;
TĀ, 16: 12;183 2;uktadvaividhyakalanātsaptatiḥ parikīrtitāḥ ||;
TĀ, 16: 12;184 1;etairbhedaiḥ puroktāṁstānbhedāndīkṣāgatānguruḥ |;
TĀ, 16: 12;184 2;hatvā vadetprasaṁkhyānaṁ svabhyastajñānasiddhaye ||;
TĀ, 16: 12;185 1;pañcāśītiśatī yā catvāriṁśatsamuttarā kathitā |;
TĀ, 16: 12;185 2;tāṁ saptatyā bhittvā dīkṣābhedānsvayaṁ kalayet ||;
TĀ, 16: 12;186 1;pañcakamiha lakṣāṇāṁ ca saptanavatiḥ aṣṭau śatāni dīkṣābhedo .yaṁ mālinītantre ||;
TĀ, 16: 12;187 1;saptatidhā śoddhṛgaṇastriṁśaddhā śodhya ekatattvādiḥ |;
TĀ, 16: 12;187 2;sāṇḍaḥ ṣaḍadhvarūpastathetikartavyatā caturbhedā ||;
TĀ, 16: 12;188 1;dravyajñānamayī sā jananādivivarjitātha tadyuktā |;
TĀ, 16: 12;188 2;pañcatriṁśaddhā punareṣā bhogāpavargasandhānāt ||;
TĀ, 16: 12;189 1;yasmāddvātriṁśaddhā bhogaḥ mokṣastredhā dviguṇā saptatiritikāryatābhedāḥ ||;
TĀ, 16: 12;190 1;śodhanaśodhyavibhedāditikartavyatvabhedataścaiṣā |;
TĀ, 16: 12;190 2;dīkṣā bahudhā bhinnā śodhyavihīnā tu saptatidhā ||;

TĀ, 16: 12;192 1;bhedānāṁ parigaṇanā na śakyate kartumityasaṁkīrṇāḥ |;
TĀ, 16: 12;192 2;bhedāḥ saṁkīrṇāḥ punaranye bhūyastvakāriṇo bahudhā ||;

TĀ, 16: 12;194 1;kāraṇabhūyastvaṁ kila phalabhūyastvāya kiṁ citram |;
TĀ, 16: 12;194 2;apavarge natu bhedastenāsminvāsanādṛḍhatvajuṣā ||;
TĀ, 16: 12;195 1;alpāpyāśrayaṇīyā kriyātha vijñānamātre vā |;
TĀ, 16: 12;195 2;abhinavaguptaguruḥ punarāha hi sati vittadeśakālādau ||;
TĀ, 16: 12;196 1;apavarge .pi hi vistīrṇakarmavijñānasaṁgrahaḥ kāryaḥ |;
TĀ, 16: 12;196 2;cidvṛttervaicitryāccāñcalye .pi krameṇa sandhānāt ||;


TĀ, 16: 12;199 1;śiśurapi tadabhedadṛśā bhaktibalāccābhyupaiti śivabhāvam yadyapi vikalpavṛtterapi mokṣaṁ dīkṣayaiva dehānte ||;
TĀ, 16: 12;200 1;śāstre provāca vibhustathāpi dṛḍhavāsanā yuktā |;
TĀ, 16: 12;200 2;mokṣe .pyasti viśeṣaḥ kriyālpabhūyastvajaḥ salokādiḥ ||;
TĀ, 16: 12;201 1;iti kecittadayuktaṁ sa vicitro bhoga eva kathitaḥ syāt |;
TĀ, 16: 12;201 2;saṁskāraśeṣavartanajīvitamadhye .sya samayalopādyam ||;
TĀ, 16: 12;202 1;nāyāti vighnajālaṁ kriyābahutvaṁ mumukṣostat |;
TĀ, 16: 12;202 2;yasmāt sabījadīkṣāsaṁskṛtapuruṣasya samayalopādye ||;
TĀ, 16: 12;203 1;bhukte bhogānmokṣo naivaṁ nirbījadīkṣāyām |;
TĀ, 16: 12;203 2;iti kecinmanyante yuktaṁ taccāpi yatsmṛtaṁ śāstre ||;
TĀ, 16: 12;204 1;samayollaṅghanāddevi kravyādatvaṁ śataṁ samāḥ ||;
TĀ, 16: 12;205 1;tasmāduruśiṣyamatau śivabhāvanirūḍhivitaraṇasamartham kramikaṁ tattvoddharaṇādi karma mokṣe .pi |;
TĀ, 16: 12;206 1;yastu sadā bhāvanayā svabhyastajñānavānguruḥ sa śiśoḥ |;
TĀ, 16: 12;206 2;apavargāya yathecchaṁ yaṁ kaṁcidupāyamanutiṣṭhet ||;
TĀ, 16: 12;207 1;evaṁ śiṣyatanau śodhyaṁ nyasyādhvānaṁ yathepsitam |;
TĀ, 16: 12;207 2;śodhakaṁ mantramupari nyasyettattvānusārataḥ ||;
TĀ, 16: 12;208 1;dvayormātṛkayostattvasthityā varṇakramaḥ purā |;
TĀ, 16: 12;208 2;kathitastaṁ tathā nyasyettattattattvaviśuddhaye ||;
TĀ, 16: 12;209 1;varṇādhvā yadyapi proktaḥ śodhyaḥ pāśātmakastu saḥ |;
TĀ, 16: 12;209 2;māyīyaḥ śodhakastvanyaḥ śivātmā paravāṅmayaḥ ||;
TĀ, 16: 12;210 1;uvāca sadyojyotiśca vṛttau svāyambhuvasya tat |;
TĀ, 16: 12;210 2;bāḍhameko hi pāśātmā śabdo .nyaśca śivātmakaḥ ||;
TĀ, 16: 12;211 1;tasmāttasyaiva varṇasya yuktā śodhakaśodhyatā |;
TĀ, 16: 12;211 2;śrīpūrvaśāstre cāpyuktaṁ te tairāliṅgitā iti ||;
TĀ, 16: 12;212 1;sadyojātādivaktrāṇi hṛdādyaṅgāni pañca ca |;
TĀ, 16: 12;212 2;ṣaṭkṛtvo nyasya ṣaṭtriṁśannyāsaṁ kuryāddharāditaḥ ||;
TĀ, 16: 12;213 1;parāparāyā vailomyāddharāyāṁ syātpadatrayam |;
TĀ, 16: 12;213 2;tato jalādahaṅkāre pañcāṣṭakasamāśrayāt ||;
TĀ, 16: 12;214 1;padāni pañca dhīmūlapuṁrāgākhye traye trayam |;
TĀ, 16: 12;214 2;ekaṁ tvaśuddhavitkāladvaye caikaṁ niyāmake ||;
TĀ, 16: 12;215 1;kalāmāyādvaye caikaṁ padamuktamiha kramāt |;
TĀ, 16: 12;215 2;vidyeśvarasadāśaktiśiveṣu padapañcakam ||;

TĀ, 16: 12;217 1;trīṇi dṛgabdhiścandraḥ śrutiḥ śaśī pañca ekānnaviṁśatau syādakṣarasaṁkhyā padeṣviyaṁ devyāḥ |;
TĀ, 16: 12;218 1;haldvayayutavasucitraguparisaṁkhyātasvavarṇāyāḥ |;
TĀ, 16: 12;218 2;mūlāntaṁ sārdhavarṇaṁ syānmāyāntaṁ varṇamekakam ||;
TĀ, 16: 12;219 1;śaktyantamekam aparānyāse vidhirudīritaḥ |;
TĀ, 16: 12;219 2;māyāntaṁ haltataḥ śaktiparyante svara ucyate ||;
TĀ, 16: 12;220 1;niṣkale śivatattve vai paro nyāsaḥ paroditaḥ |;
TĀ, 16: 12;220 2;parāparāpadānyeva hyaghoryādyaṣṭakadvaye ||;
TĀ, 16: 12;221 1;mantrāstadanusāreṇa tattveṣvetaddvayaṁ kṣipet |;
TĀ, 16: 12;221 2;piṇḍākṣarāṇāṁ sarveṣāṁ varṇasaṁkhyā vibhedataḥ ||;
TĀ, 16: 12;222 1;avyaktāntaṁ svare nyasyā śeṣaṁ śeṣeṣu yojayet |;
TĀ, 16: 12;222 2;bījāni sarvatattveṣu vyāptṛtvena prakalpayet ||;
TĀ, 16: 12;223 1;piṇḍānāṁ bījavannyāsamanye tu pratipedire |;
TĀ, 16: 12;223 2;akṛte vātha śodhyasya nyāse vastubalāt sthiteḥ ||;
TĀ, 16: 12;224 1;śodhakanyāsamātreṇa sarvaṁ śodhyaṁ viśudhyati |;
TĀ, 16: 12;224 2;śrīmanmṛtyuñjayādau ca kathitaṁ parameṣṭhinā ||;
TĀ, 16: 12;225 1;adhunā nyāsamātreṇa bhūtaśuddhiḥ prajāyate |;
TĀ, 16: 12;225 2;dehaśuddhyarthamapyetattulyametena vastutaḥ ||;
TĀ, 16: 12;226 1;anyaprakaraṇoktaṁ yadyuktaṁ prakaraṇāntare |;
TĀ, 16: 12;226 2;jñāpakatvena sākṣādvā tatkiṁ nānyatra gṛhyate ||;
TĀ, 16: 12;227 1;mālinīmātṛkāṅgasya nyāso yo .rcāvidhau purā |;
TĀ, 16: 12;227 2;proktaḥ kevalasaṁśoddhṛmantranyāse sa eva tu ||;
TĀ, 16: 12;228 1;tripadī dvayordvayoḥ syātpratyekamathāṣṭasu śrutipadāni dikcandracandrarasaraviśaraśaradṛgdṛṅmṛgāṅkaśaśigaṇane |;
TĀ, 16: 12;229 1;aṅgulamāne devyā aṣṭādaśa vaibhavena padamanyat |;
TĀ, 16: 12;229 2;aparaṁ mānamidaṁ syāt kevalaśodhakamanunyāse ||;
TĀ, 16: 12;230 1;turyapadātpadaṣaṭke mānadvitayaṁ parāparaparākhyam |;
TĀ, 16: 12;230 2;dvādaśakaṁ dvādaśakaṁ tattvopari pūrvavattvanyat ||;

TĀ, 16: 12;232 1;niṣkale padamekārṇaṁ yāvattrīṇi tu pārthive |;
TĀ, 16: 12;232 2;ityādinā tattvagatakramanyāsa udīritaḥ ||;
TĀ, 16: 12;233 1;punaśca mālinītantre vargavidyāvibhedataḥ |;
TĀ, 16: 12;233 2;dvidhā padānītyuktvākhyannyāsamanyādṛśaṁ vibhuḥ ||;
TĀ, 16: 12;234 1;ekaikaṁ dvyaṅgulaṁ jñeyaṁ tatra pūrvaṁ padatrayam |;
TĀ, 16: 12;234 2;aṣṭāṅgulāni catvāri daśāṅgulamataḥ param ||;
TĀ, 16: 12;235 1;dvyaṅgule dve pade cānye ṣaḍaṅgulamataḥ param |;
TĀ, 16: 12;235 2;dvādaśāṅgulamanyacca dve .nye pañcāṅgule pṛthak ||;
TĀ, 16: 12;236 1;padadvayaṁ catuṣparva tathānye dve dviparvaṇī |;
TĀ, 16: 12;236 2;evaṁ parāparādevyāḥ svatantro nyāsa ucyate ||;
TĀ, 16: 12;237 1;vidyādvayaṁ śiṣyatanau vyāptṛtvenaiva yojayet |;
TĀ, 16: 12;237 2;iti darśayituṁ nāsya pṛthaṅnyāsaṁ nyarūpayat ||;
TĀ, 16: 12;238 1;evaṁ śodhakamantrasya nyāse tadraśmiyogataḥ |;
TĀ, 16: 12;238 2;pāśajālaṁ vilīyeta taddhyānabalato guroḥ ||;
TĀ, 16: 12;239 1;śodhyatattve samastānāṁ yonīnāṁ tulyakālataḥ |;
TĀ, 16: 12;239 2;jananādbhogataḥ karmakṣaye syādapavṛktatā ||;
TĀ, 16: 12;240 1;dehaistāvadbhirasyāṇościtraṁ bhokturapi sphuṭam |;
TĀ, 16: 12;240 2;mano.nusandhirno viśvasaṁyogapravibhāgavat ||;
TĀ, 16: 12;241 1;niyatyā manaso dehamātre vṛttistataḥ param |;
TĀ, 16: 12;241 2;nānusandhā yataḥ saikasvāntayuktākṣakalpitā ||;
TĀ, 16: 12;242 1;pradeśavṛtti ca jñānamātmanastatra tatra tat |;
TĀ, 16: 12;242 2;bhogyajñānaṁ nānyadeheṣvanusandhānamarhati ||;
TĀ, 16: 12;243 1;yadā tu manasastasya dehavṛtterapi dhruvam |;
TĀ, 16: 12;243 2;yogamantrakriyādeḥ syādvaimalyaṁ tadvidā tadā ||;
TĀ, 16: 12;244 1;yathāmalaṁ mano dūrasthitamapyāśu paśyati |;
TĀ, 16: 12;244 2;tathā pratyayadīkṣāyāṁ tattadbhuvanadarśanam ||;
TĀ, 16: 12;245 1;jananādiviyuktāṁ tu yadā dīkṣāṁ cikīrṣati |;
TĀ, 16: 12;245 2;tadāsmāduddharāmīti yuktamūhaprakalpanam ||;
TĀ, 16: 12;246 1;yadā śodhyaṁ vinā śoddhṛnyāsastatrāpi mantrataḥ |;
TĀ, 16: 12;246 2;jananādikramaṁ kuryāttattvasaṁśleṣavarjitam ||;
TĀ, 16: 12;247 1;ekākiśoddhṛnyāse ca jananādivivarjane |;
TĀ, 16: 12;247 2;tacchoddhṛsaṁpuṭaṁ nāma kevalaṁ parikalpayet ||;
TĀ, 16: 12;248 1;dravyayogena dīkṣāyāṁ tilājyākṣatataṇḍulam |;
TĀ, 16: 12;248 2;tattanmantreṇa juhuyājjanmayogaviyogayoḥ ||;
TĀ, 16: 12;249 1;yadā vijñānadīkṣāṁ tu kuryācchiṣyaṁ tadā bhṛśam |;
TĀ, 16: 12;249 2;tanmantrasaṁjalpabalāt paśyed ā cāvikalpakāt ||;
TĀ, 16: 12;250 1;vikalpaḥ kila saṁjalpamayo yatsa vimarśakaḥ |;
TĀ, 16: 12;250 2;mantrātmāsau vimarśaśca śuddho .pāśavatātmakaḥ ||;
TĀ, 16: 12;251 1;nityaś cānādivaradaśivābhedopakalpitaḥ |;
TĀ, 16: 12;251 2;tadyogāddaiśikasyāpi vikalpaḥ śivatāṁ vrajet ||;
TĀ, 16: 12;252 1;śrīsāraśāstre tadidaṁ parameśena bhāṣitam |;
TĀ, 16: 12;252 2;arthasya pratipattiryā grāhyagrāhakarūpiṇī ||;
TĀ, 16: 12;253 1;sā eva mantraśaktistu vitatā mantrasantatau |;
TĀ, 16: 12;253 2;parāmarśasvabhāvetthaṁ mantraśaktirudāhṛtā ||;
TĀ, 16: 12;254 1;parāmarśo dvidhā śuddhāśuddhatvānmantrabhedakaḥ |;
TĀ, 16: 12;254 2;uktaṁ śrīpauṣkare .nye ca brahmaviṣṇvādayo .ṇḍagāḥ ||;
TĀ, 16: 12;255 1;prādhānikāḥ sāñjanāste sāttvarājasatāmasāḥ |;
TĀ, 16: 12;255 2;tairaśuddhaparāmarśāt tanmayībhāvito guruḥ ||;
TĀ, 16: 12;256 1;vaiṣṇavādiḥ paśuḥ prokto na yogyaḥ patiśāsane |;
TĀ, 16: 12;256 2;ye mantrāḥ śuddhamārgasthāḥ śivabhaṭṭārakādayaḥ ||;
TĀ, 16: 12;257 1;śrīmanmataṅgādidṛśā tanmayo hi guruḥ śivaḥ |;
TĀ, 16: 12;257 2;nanu svatantrasaṁjalpayogādastu vimarśitā ||;
TĀ, 16: 12;258 1;prākkutaḥ sa vimarśāccetkutaḥ so .pi nirūpaṇe |;
TĀ, 16: 12;258 2;ādyastathāvikalpatvapradaḥ syādupadeṣṭṛtaḥ ||;
TĀ, 16: 12;259 1;yaḥ saṁkrānto .bhijalpaḥ syāttasyāpyanyopadeṣṭṛtaḥ |;
TĀ, 16: 12;259 2;pūrvapūrvakramāditthaṁ ya evādiguroḥ purā ||;
TĀ, 16: 12;260 1;saṁjalpo hyabhisaṁkrāntaḥ so .dyāpyastīti gṛhyatām |;
TĀ, 16: 12;260 2;yastathāvidhasaṁjalpabalātko .pi svatantrakaḥ ||;
TĀ, 16: 12;261 1;vimarśaḥ kalpyate so .pi tadātmaiva suniścitaḥ |;
TĀ, 16: 12;261 2;ghaṭakumbha itītthaṁ vā yadi bhedo nirūpyate ||;
TĀ, 16: 12;262 1;so .pyanyakalpanādāyī hyanādṛtyaḥ prayatnataḥ |;
TĀ, 16: 12;262 2;paṇāyate karotīti vikalpasyocitau sphuṭam ||;
TĀ, 16: 12;263 1;karapāṇyabhijalpau tau saṁkīryetāṁ kathaṁ kila |;
TĀ, 16: 12;263 2;śabdācchabdāntare tena vyutpattirvyavadhānataḥ ||;
TĀ, 16: 12;264 1;vyavahārāttu sā sākṣāccitropākhyāvimarśinī |;
TĀ, 16: 12;264 2;tadvimarśodayaḥ prācyasvavimarśamayaḥ sphuret ||;
TĀ, 16: 12;265 1;yāvadbālasya saṁvittirakṛtrimavimarśane |;
TĀ, 16: 12;265 2;tena tanmantraśabdārthaviśeṣotthaṁ vikalpanam ||;
TĀ, 16: 12;266 1;śabdāntarotthādbhedena paśyatā mantra ādṛtaḥ |;
TĀ, 16: 12;266 2;yaccāpi bījapiṇḍāderuktaṁ prāgbodharūpakam ||;
TĀ, 16: 12;267 1;tattasyaiva kuto .nyasya tatkasmādanyakalpanā |;
TĀ, 16: 12;267 2;etadarthaṁ guroryatnāllakṣaṇe tatra tatra tat ||;
TĀ, 16: 12;268 1;lakṣaṇaṁ kathitaṁ hyeṣa mantratantraviśāradaḥ |;
TĀ, 16: 12;268 2;tena mantrārthasaṁbodhe mantravārtikamādarāt ||;
TĀ, 16: 12;269 1;ūhāpohaprayogaṁ vā sarvathā gururācaret |;
TĀ, 16: 12;269 2;mantrārthavidabhāve tu sarvathā mantratanmayam ||;
TĀ, 16: 12;270 1;guruṁ kuryāt tadabhyāsāttatsaṁkalpamayo hyasau |;
TĀ, 16: 12;270 2;tatsamānābhisaṁjalpo yadā mantrārthabhāvanāt ||;
TĀ, 16: 12;271 1;gurorbhavettadā sarvasāmye ko bheda ucyatām |;
TĀ, 16: 12;271 2;aṁśenāpyatha vaiṣamye na tato .rthakriyā hi sā ||;
TĀ, 16: 12;272 1;gomayātkīṭataḥ kīṭa ityevaṁ nyāyato yadā |;
TĀ, 16: 12;272 2;saṁjalpāntarato .pyarthakriyāṁ tāmeva paśyati ||;
TĀ, 16: 12;273 1;tadaiṣa satyasaṁjalpaḥ śiva eveti kathyate |;
TĀ, 16: 12;273 2;sa yadvakti tadeva syānmantro bhogāpavargadaḥ ||;
TĀ, 16: 12;274 1;naiṣo .bhinavaguptasya pakṣo mantrārpitātmanaḥ |;
TĀ, 16: 12;274 2;yo .rthakriyāmāha bhinnāṁ kīṭayorapi tādṛśoḥ ||;
TĀ, 16: 12;275 1;mantrārpitamanāḥ kiṁcidvadanyattu viṣaṁ haret |;
TĀ, 16: 12;275 2;tanmantra eva śabdaḥ sa paraṁ tatra ghaṭādivat ||;
TĀ, 16: 12;276 1;kāntāsaṁbhogasaṁjalpasundaraḥ kāmukaḥ sadā |;
TĀ, 16: 12;276 2;tatsaṁskṛto .pyanyadeṣa kurvansvātmani tṛpyati ||;
TĀ, 16: 12;277 1;tathā tanmantrasaṁjalpabhāvito .nyadapi bruvan |;
TĀ, 16: 12;277 2;anicchurapi tadrūpastathā kāryakaro dhruvam ||;
TĀ, 16: 12;278 1;vikalpayannapyekārthaṁ yato .nyadapi paśyati |;
TĀ, 16: 12;278 2;viṣāpahārimantrādītyuktaṁ śrīpūrvaśāsane ||;
TĀ, 16: 12;279 1;yadi vā viṣanāśe .pi hetubhedādvicitratā |;
TĀ, 16: 12;279 2;dhātvāpyāyādikānantakāryabhedādbhaviṣyati ||;
TĀ, 16: 12;280 1;tadevaṁ mantrasaṁjalpavikalpābhyāsayogataḥ |;
TĀ, 16: 12;280 2;bhāvyavastusphuṭībhāvaḥ saṁjalpahrāsayogataḥ ||;
TĀ, 16: 12;281 1;vastveva bhāvayatyeṣa na saṁjalpamimaṁ punaḥ |;
TĀ, 16: 12;281 2;gṛhṇāti bhāsanopāyaṁ bhāte tatra tu tena kim ||;
TĀ, 16: 12;282 1;evaṁ saṁjalpanirhrāse suparisphuṭatātmakam |;
TĀ, 16: 12;282 2;akṛttrimavimarśātma sphuredvastvavikalpakam ||;
TĀ, 16: 12;283 1;nirvikalpā ca sā saṁvidyadyathā paśyati sphuṭam |;
TĀ, 16: 12;283 2;tattathaiva tathātmatvādvastuno .pi bahiḥsthiteḥ ||;
TĀ, 16: 12;284 1;viśeṣatas tvamāyīyaśivatābhedaśālinaḥ |;
TĀ, 16: 12;284 2;mokṣe .bhyupāyaḥ saṁjalpo bandhamokṣau tataḥ kila ||;
TĀ, 16: 12;285 1;vikalpe .pi guroḥ samyagabhinnaśivatājuṣaḥ |;
TĀ, 16: 12;285 2;avikalpakaparyantapratīkṣā nopayujyate ||;
TĀ, 16: 12;286 1;tadvimarśasvabhāvā hi sā vācyā mantradevatā |;
TĀ, 16: 12;286 2;mahāsaṁvitsamāsannetyuktaṁ śrīgamaśāsane ||;
TĀ, 16: 12;287 1;nikaṭasthā yathā rājñāmanyeṣāṁ sādhayantyalam |;
TĀ, 16: 12;287 2;siddhiṁ rājopagāṁ śīghramevaṁ mantrādayaḥ parām ||;
TĀ, 16: 12;288 1;uktābhiprāyagarbhaṁ taduktaṁ śrīmālinīmate |;
TĀ, 16: 12;288 2;mantrāṇāṁ lakṣaṇaṁ kasmādityukte munibhiḥ kila ||;
TĀ, 16: 12;289 1;yogamekatvamicchanti vastuno .nyena vastunā |;
TĀ, 16: 12;289 2;tadvastu jñeyamityuktaṁ heyatvādiprasiddhaye ||;
TĀ, 16: 12;290 1;tatprasiddhyai śivenoktaṁ jñānaṁ yadupavarṇitam |;
TĀ, 16: 12;290 2;sabījayogasaṁsiddhyai mantralakṣaṇamapyalam ||;
TĀ, 16: 12;291 1;na cādhikāritā dīkṣāṁ vinā yoge .sti śāṅkare |;
TĀ, 16: 12;291 2;kriyājñānavibhedena sā ca dvedhā nigadyate ||;
TĀ, 16: 12;292 1;dvividhā sā prakartavyā tena caitadudāhṛtam |;
TĀ, 16: 12;292 2;naca yogādhikāritvam ekamevānayā bhavet ||;
TĀ, 16: 12;293 1;api mantrādhikāritvaṁ muktiśca śivadīkṣayā |;
TĀ, 16: 12;293 2;anenaitadapi proktaṁ yogī tattvaikyasiddhaye ||;
TĀ, 16: 12;294 1;mantramevāśrayenmūlaṁ nirvikalpāntamādṛtaḥ |;
TĀ, 16: 12;294 2;mantrābhyāsena bhogaṁ vā mokṣaṁ vāpi prasādhayan ||;
TĀ, 16: 12;295 1;tatrādhikāritālabdhyai dīkṣāṁ gṛhṇīta daiśikāt |;
TĀ, 16: 12;295 2;tena mantrajñānayogabalādyadyatprasādhayet ||;
TĀ, 16: 12;296 1;tatsyādasyānyatattve .pi yuktasya guruṇā śiśoḥ |;
TĀ, 16: 12;296 2;dīkṣā hyasyopayujyeta saṁskriyāyāṁ sa saṁskṛtaḥ ||;
TĀ, 16: 12;297 1;svabalenaiva bhogaṁ vā mokṣaṁ vā labhate budhaḥ |;
TĀ, 16: 12;297 2;tena vijñānayogādibalī prāk samayī bhavan ||;
TĀ, 16: 12;298 1;putrako vā na tāvānsyādapitu svabalocitaḥ |;
TĀ, 16: 12;298 2;yastu vijñānayogādivandhyaḥ so .ndho yathā pathi ||;
TĀ, 16: 12;299 1;daiśikāyatta eva syādbhoge muktau ca sarvathā |;
TĀ, 16: 12;299 2;dīkṣā ca kevalā jñānaṁ vināpi nijamāntaram ||;
TĀ, 16: 12;300 1;mocikaiveti kathitaṁ yuktyā cāgamataḥ purā |;
TĀ, 16: 12;300 2;yastu dīkṣākṛtāmevāpekṣya yojanikāṁ śiśuḥ ||;
TĀ, 16: 12;301 1;sphuṭībhūtyai taducitaṁ jñānaṁ yogamathāśritaḥ |;
TĀ, 16: 12;301 2;so .pi yatraiva yuktaḥ syāttanmayatvaṁ prapadyate ||;
TĀ, 16: 12;302 1;gurudīkṣāmantraśāstrādhīnasarvasthitis tataḥ |;
TĀ, 16: 12;302 2;duṣṭānāmeva sarveṣāṁ bhūtabhavyabhaviṣyatām ||;
TĀ, 16: 12;303 1;karmaṇāṁ śodhanaṁ kāryaṁ bubhukṣorna śubhātmanām |;
TĀ, 16: 12;303 2;yaḥ punarlaukikaṁ bhogaṁ rājyasvargādikaṁ śiśuḥ ||;
TĀ, 16: 12;304 1;tyaktvā lokottaraṁ bhogamīpsustasya śubheṣvapi |;
TĀ, 16: 12;304 2;tatra dravyamayīṁ dīkṣāṁ kurvannājyatilādikaiḥ ||;
TĀ, 16: 12;305 1;karmāsya śodhayāmīti juhuyāddaiśikottamaḥ |;
TĀ, 16: 12;305 2;jñānamayyāṁ tu dīkṣāyāṁ tad viśudhyati saṁdhitaḥ ||;
TĀ, 16: 12;306 1;guroḥ svasaṁvidrūḍhasya balāttatprakṣayo bhavet |;
TĀ, 16: 12;306 2;yadāsyāśubhakarmāṇi śuddhāni syustadā śubham ||;
TĀ, 16: 12;307 1;svatāratamyāśrayaṇādadhvamadhye prasūtidam |;
TĀ, 16: 12;307 2;śubhapākakramopāttaphalabhogasamāptitaḥ ||;
TĀ, 16: 12;308 1;yatraiṣa yojitastatstho bhāvikarmakṣaye kṛte |;
TĀ, 16: 12;308 2;bhāvināṁ cādyadehasthadehāntaravibhedinām ||;
TĀ, 16: 12;309 1;aśubhāṁśaviśuddhau syād bhogasyaivānupakṣayaḥ |;
TĀ, 16: 12;309 2;bhuñjānasyāsya satataṁ bhogānmāyālayāntataḥ ||;
TĀ, 16: 12;310 1;na duḥkhaphaladaṁ dehādyadhvamadhye .pi kiṁcana |;
TĀ, 16: 12;310 2;tato māyālaye bhuktasamastasukhabhogakaḥ ||;
TĀ, 16: 12;311 1;niṣkale sakale vaiti layaṁ yojanikābalāt |;
TĀ, 16: 12;311 2;iti prameyaṁ kathitaṁ dīkṣā kāle guroryathā ||;
TĀ, 5: 5;1 1;āṇavena vidhinā paradhāma prepsatāmatha nirūpyata etat |;
TĀ, 5: 5;2 1;vikalpasyaiva saṁskāre jāte niṣpratiyogini |;
TĀ, 5: 5;2 2;abhīṣṭe vastuni prāptirniścitā bhogamokṣayoḥ ||;
TĀ, 5: 5;3 1;vikalpaḥ kasyacitsvātmasvātantryādeva susthiraḥ |;
TĀ, 5: 5;3 2;upāyāntarasāpekṣyaviyogenaiva jāyate ||;
TĀ, 5: 5;4 1;kasyacittu vikalpo .sau svātmasaṁskaraṇaṁ prati |;
TĀ, 5: 5;4 2;upāyāntarasāpekṣastatroktaḥ pūrvako vidhiḥ ||;
TĀ, 5: 5;5 1;vikalpo nāma cinmātrasvabhāvo yadyapi sthitaḥ |;
TĀ, 5: 5;5 2;tathāpi niścayātmāsāvaṇoḥ svātantryayojakaḥ ||;
TĀ, 5: 5;6 1;niścayo bahudhā caiṣa tatropāyāśca bhedinaḥ |;
TĀ, 5: 5;6 2;aṇuśabdena te coktā dūrāntikavibhedataḥ ||;
TĀ, 5: 5;7 1;tatra buddhau tathā prāṇe dehe cāpi pramātari |;
TĀ, 5: 5;7 2;apāramārthike .pyasmin paramārthaḥ prakāśate ||;
TĀ, 5: 5;8 1;yataḥ prakāśāccinmātrāt prāṇādyavyatirekavat |;
TĀ, 5: 5;8 2;tasyaiva tu svatantratvāddviguṇaṁ jaḍacidvapuḥ ||;
TĀ, 5: 5;9 1;uktaṁ traiśirase caitaddevyai candrārdhamaulinā |;
TĀ, 5: 5;9 2;jīvaḥ śaktiḥ śivasyaiva sarvatraiva sthitāpi sā ||;
TĀ, 5: 5;10 1;svarūpapratyaye rūḍhā jñānasyonmīlanātparā |;
TĀ, 5: 5;10 2;tasya cidrūpatāṁ satyāṁ svātantryollāsakalpanāt ||;
TĀ, 5: 5;11 1;paśyañjaḍātmatābhāgaṁ tirodhāyādvayo bhavet |;
TĀ, 5: 5;11 2;tatra svātantryadṛṣṭyā vā darpaṇe mukhabimbavat ||;
TĀ, 5: 5;12 1;viśuddhaṁ nijacaitanyaṁ niścinotyatadātmakam |;
TĀ, 5: 5;12 2;buddhiprāṇādito bhinnaṁ caitanyaṁ niścitaṁ balāt ||;
TĀ, 5: 5;13 1;satyatastadabhinnaṁ syāttasyānyonyavibhedataḥ |;
TĀ, 5: 5;13 2;viśvarūpāvibheditvaṁ śuddhatvādeva jāyate ||;
TĀ, 5: 5;14 1;niṣṭhitaikasphuranmūrtermūrtyantaravirodhataḥ |;
TĀ, 5: 5;14 2;antaḥ saṁvidi satsarvaṁ yadyapyaparathā dhiyi ||;
TĀ, 5: 5;15 1;prāṇe dehe .thavā kasmātsaṁkrāmetkena vā katham |;
TĀ, 5: 5;15 2;tathāpi nirvikalpe .sminvikalpo nāsti taṁ vinā ||;
TĀ, 5: 5;16 1;dṛṣṭe .pyadṛṣṭakalpatvaṁ vikalpena tu niścayaḥ |;
TĀ, 5: 5;16 2;buddhiprāṇaśarīreṣu pāramaiśvaryam añjasā ||;
TĀ, 5: 5;17 1;vikalpyaṁ śūnyarūpe na pramātari vikalpanam |;
TĀ, 5: 5;17 2;buddhirdhyānamayī tatra prāṇa uccāraṇātmakaḥ ||;
TĀ, 5: 5;18 1;uccāraṇaṁ ca prāṇādyā vyānāntāḥ pañca vṛttayaḥ |;
TĀ, 5: 5;18 2;ādyā tu prāṇanābhikhyāparoccārātmikā bhavet ||;
TĀ, 5: 5;19 1;śarīrasyākṣaviṣayaitatpiṇḍatvena saṁsthitiḥ |;
TĀ, 5: 5;19 2;tatra dhyānamayaṁ tāvadanuttaramihocyate ||;
TĀ, 5: 5;20 1;yaḥ prakāśaḥ svatantro .yaṁ citsvabhāvo hṛdi sthitaḥ |;
TĀ, 5: 5;20 2;sarvatattvamayaḥ proktametacca triśiromate ||;
TĀ, 5: 5;21 1;kadalīsaṁpuṭākāraṁ sabāhyābhyantarāntaram |;
TĀ, 5: 5;21 2;īkṣate hṛdayāntaḥsthaṁ tatpuṣpamiva tattvavit ||;
TĀ, 5: 5;22 1;somasūryāgnisaṁghaṭṭaṁ tatra dhyāyed ananyadhīḥ |;
TĀ, 5: 5;22 2;taddhyānāraṇisaṁkṣobhānmahābhairavahavyabhuk ||;
TĀ, 5: 5;23 1;hṛdayākhye mahākuṇḍe jājvalan sphītatāṁ vrajet |;
TĀ, 5: 5;23 2;tasya śaktimataḥ sphītaśakterbhairavatejasaḥ ||;
TĀ, 5: 5;24 1;mātṛmānaprameyākhyaṁ dhāmābhedena bhāvayet |;
TĀ, 5: 5;24 2;vahnyarkasomaśaktīnāṁ tadeva tritayaṁ bhavet ||;
TĀ, 5: 5;25 1;parā parāparā ceyamaparā ca sadoditā |;
TĀ, 5: 5;25 2;sṛṣṭisaṁsthitisaṁhāraistāsāṁ pratyekatastridhā ||;
TĀ, 5: 5;26 1;caturthaṁ cānavacchinnaṁ rūpamāsāmakalpitam |;
TĀ, 5: 5;26 2;evaṁ dvādaśa tā devyaḥ sūryabimbavadāsthitāḥ ||;
TĀ, 5: 5;27 1;ekaikamāsāṁ vahnyarkasomatacchāntibhāsanam |;
TĀ, 5: 5;27 2;etad ānuttaraṁ cakraṁ hṛdayāccakṣurādibhiḥ ||;
TĀ, 5: 5;28 1;vyomabhirniḥsaratyeva tattadviṣayagocare |;
TĀ, 5: 5;28 2;taccakrabhābhistatrārthe sṛṣṭisthitilayakramāt ||;
TĀ, 5: 5;29 1;somasūryāgnibhāsātma rūpaṁ samavatiṣṭhate |;
TĀ, 5: 5;29 2;evaṁ śabdādiviṣaye śrotrādivyomavartmanā ||;
TĀ, 5: 5;30 1;cakreṇānena patatā tādātmyaṁ paribhāvayet |;
TĀ, 5: 5;30 2;anena kramayogena yatra yatra patatyadaḥ ||;
TĀ, 5: 5;31 1;cakraṁ sarvātmakaṁ tattatsārvabhaumamahīśavat |;
TĀ, 5: 5;31 2;itthaṁ viśvādhvapaṭalamayatnenaiva līyate ||;
TĀ, 5: 5;32 1;bhairavīyamahācakre saṁvittiparivārite |;
TĀ, 5: 5;32 2;tataḥ saṁskāramātreṇa viśvasyāpi parikṣaye ||;
TĀ, 5: 5;33 1;svātmocchalattayā bhrāmyaccakraṁ saṁcintayenmahat |;
TĀ, 5: 5;33 2;tatastaddāhyavilayāt tatsaṁskāraparikṣayāt ||;
TĀ, 5: 5;34 1;praśāmyadbhāvayeccakraṁ tataḥ śāntaṁ tataḥ śamam |;
TĀ, 5: 5;34 2;anena dhyānayogena viśvaṁ cakre vilīyate ||;
TĀ, 5: 5;35 1;tatsaṁvidi tataḥ saṁvidvilīnārthaiva bhāsate |;
TĀ, 5: 5;35 2;citsvābhāvyāt tato bhūyaḥ sṛṣṭiryaccinmaheśvarī ||;
TĀ, 5: 5;36 1;evaṁ pratikṣaṇaṁ viśvaṁ svasaṁvidi vilāpayan |;
TĀ, 5: 5;36 2;visṛjaṁśca tato bhūyaḥ śaśvadbhairavatāṁ vrajet ||;
TĀ, 5: 5;37 1;evaṁ triśūlāt prabhṛti catuṣpañcārakakramāt |;
TĀ, 5: 5;37 2;pañcāśadaraparyantaṁ cakraṁ yogī vibhāvayet ||;
TĀ, 5: 5;38 1;catuṣṣaṣṭiśatāraṁ vā sahasrāram athāpi vā |;
TĀ, 5: 5;38 2;asaṁkhyārasahasraṁ vā cakraṁ dhyāyed ananyadhīḥ ||;
TĀ, 5: 5;39 1;saṁvinnāthasya mahato devasyollāsisaṁvidaḥ |;
TĀ, 5: 5;39 2;naivāsti kācitkalanā viśvaśaktermaheśituḥ ||;
TĀ, 5: 5;40 1;śaktayo .sya jagat kṛtsnaṁ śaktimāṁstu maheśvaraḥ |;
TĀ, 5: 5;40 2;iti māṅgalaśāstre tu śrīśrīkaṇṭho nyarūpayat ||;
TĀ, 5: 5;41 1;ityetat prathamopāyarūpaṁ dhyānaṁ nyarūpayat |;
TĀ, 5: 5;41 2;śrīśaṁbhunātho me tuṣṭastasmai śrīsumatiprabhuḥ ||;
TĀ, 5: 5;42 1;anayaiva diśānyāni dhyānānyapi samāśrayet |;
TĀ, 5: 5;42 2;anuttaropāyadhurāṁ yānyāyānti kramaṁ vinā ||;
TĀ, 5: 5;43 1;atha prāṇasya yā vṛttiḥ prāṇanādyā nirūpitā |;
TĀ, 5: 5;43 2;tadupāyatayā brūmo .nuttarapravikāsanam ||;
TĀ, 5: 5;44 1;nijānande pramātraṁśamātre hṛdi purā sthitaḥ |;
TĀ, 5: 5;44 2;śūnyatāmātraviśrānternirānandaṁ vibhāvayet ||;
TĀ, 5: 5;45 1;prāṇodaye prameye tu parānandaṁ vibhāvayet |;
TĀ, 5: 5;45 2;tatrānantaprameyāṁśapūraṇāpānanirvṛtaḥ ||;
TĀ, 5: 5;46 1;parānandagatastiṣṭhedapānaśaśiśobhitaḥ |;
TĀ, 5: 5;46 2;tato .nantasphuranmeyasaṁghaṭṭaikāntanirvṛtaḥ ||;
TĀ, 5: 5;47 1;samānabhūmimāgatya brahmānandamayo bhavet |;
TĀ, 5: 5;47 2;tato .pi mānameyaughakalanāgrāsatatparaḥ ||;
TĀ, 5: 5;48 1;udānavahnau viśrānto mahānandaṁ vibhāvayet |;
TĀ, 5: 5;48 2;tatra viśrāntimabhyetya śāmyatyasminmahārciṣi ||;
TĀ, 5: 5;49 1;nirupādhirmahāvyāptirvyānākhyopādhivarjitā |;
TĀ, 5: 5;49 2;tadā khalu cidānando yo jaḍānupabṛṁhitaḥ ||;
TĀ, 5: 5;50 1;nahyatra saṁsthitiḥ kāpi vibhaktā jaḍarūpiṇaḥ |;
TĀ, 5: 5;50 2;yatra ko .pi vyavacchedo nāsti yadviśvataḥ sphurat ||;
TĀ, 5: 5;51 1;yadanāhatasaṁvitti paramāmṛtabṛṁhitam |;
TĀ, 5: 5;51 2;yatrāsti bhāvanādīnāṁ na mukhyā kāpi saṁgatiḥ ||;
TĀ, 5: 5;52 1;tadeva jagadānandamasmabhyaṁ śaṁbhurūcivān |;
TĀ, 5: 5;52 2;tatra viśrāntirādheyā hṛdayoccārayogataḥ ||;
TĀ, 5: 5;53 1;yā tatra samyagviśrāntiḥ sānuttaramayī sthitiḥ |;
TĀ, 5: 5;53 2;ityetaddhṛdayādyekasvabhāve .pi svadhāmani ||;
TĀ, 5: 5;54 1;ṣaṭprāṇoccārajaṁ rūpamatha vyāptyā taducyate |;
TĀ, 5: 5;54 2;prāṇadaṇḍaprayogena pūrvāparasamīkṛteḥ ||;
TĀ, 5: 5;55 1;catuṣkikāmbujālambilambikāsaudhamāśrayet |;
TĀ, 5: 5;55 2;triśūlabhūmiṁ krāntvāto nāḍitritayasaṅgatām ||;
TĀ, 5: 5;56 1;icchājñānakriyāśaktisamatve praviśet sudhīḥ |;
TĀ, 5: 5;56 2;ekāṁ vikāsinīṁ bhūyastvasaṁkocāṁ vikasvarām ||;
TĀ, 5: 5;57 1;śrayed bhrūbindunādāntaśaktisopānamālikām |;
TĀ, 5: 5;57 2;tatrordhvakuṇḍalībhūmau spandanodarasundaraḥ ||;
TĀ, 5: 5;58 1;visargastatra viśrāmyenmatsyodaradaśājuṣi |;
TĀ, 5: 5;58 2;rāsabhī vaḍavā yadvatsvadhāmānandamandiram ||;
TĀ, 5: 5;59 1;vikāsasaṁkocamayaṁ praviśya hṛdi hṛṣyati |;
TĀ, 5: 5;59 2;tadvanmuhurlīnasṛṣṭabhāvavrātasunirbharām ||;
TĀ, 5: 5;60 1;śrayedvikāsasaṁkocarūḍhabhairavayāmalām |;
TĀ, 5: 5;60 2;ekīkṛtamahāmūlaśūlavaisargike hṛdi ||;
TĀ, 5: 5;61 1;parasminneti viśrāntiṁ sarvāpūraṇayogataḥ |;
TĀ, 5: 5;61 2;atra tatpūrṇavṛttyaiva viśvāveśamayaṁ sthitam ||;
TĀ, 5: 5;62 1;prakāśasyātmaviśrāntāvahamityeva dṛśyatām |;
TĀ, 5: 5;62 2;anuttaravimarśe prāgvyāpārādivivarjite ||;
TĀ, 5: 5;63 1;cidvimarśaparāhaṁkṛt prathamollāsinī sphuret |;
TĀ, 5: 5;63 2;tata udyogasaktena sa dvādaśakalātmanā ||;
TĀ, 5: 5;64 1;sūryeṇābhāsayedbhāvaṁ pūrayedatha carcayet |;
TĀ, 5: 5;64 2;athenduḥ ṣoḍaśakalo visargagrāsamantharaḥ ||;
TĀ, 5: 5;65 1;saṁjīvanyamṛtaṁ bodhavahnau visṛjati sphuran |;
TĀ, 5: 5;65 2;icchājñānakriyāśaktisūkṣmarandhrasrugagragam ||;
TĀ, 5: 5;66 1;tadevamamṛtaṁ divyaṁ saṁviddevīṣu tarpakam |;
TĀ, 5: 5;66 2;visargāmṛtametāvad bodhākhye hutabhojini ||;
TĀ, 5: 5;67 1;visṛṣṭaṁ cedbhavetsarvaṁ hutaṁ ṣoḍhādhvamaṇḍalam |;
TĀ, 5: 5;67 2;yato .nuttaranāthasya visargaḥ kulanāyikā |;
TĀ, 5: 5;67 3;tatkṣobhaḥ kādihāntaṁ tatprasarastattvapaddhatiḥ ||;
TĀ, 5: 5;68 1;aṁa iti kuleśvaryā sahito hi kuleśitā |;
TĀ, 5: 5;68 2;paro visargaviśleṣastanmayaṁ viśvamucyate ||;
TĀ, 5: 5;69 1;vitprāṇaguṇadehāntarbahirdravyamayīmimām |;
TĀ, 5: 5;69 2;arcayejjuhuyāddhyāyeditthaṁ saṁjīvanīṁ kalām ||;
TĀ, 5: 5;70 1;ānandanāḍīyugalaspandanāvahitau sthitaḥ |;
TĀ, 5: 5;70 2;enāṁ visarganiḥṣyandasaudhabhūmiṁ prapadyate ||;
TĀ, 5: 5;71 1;śākte kṣobhe kulāveśe sarvanāḍyagragocare |;
TĀ, 5: 5;71 2;vyāptau sarvātmasaṁkoce hṛdayaṁ praviśetsudhīḥ ||;
TĀ, 5: 5;72 1;somasūryakalājālaparasparanigharṣataḥ |;
TĀ, 5: 5;72 2;agnīṣomātmake dhāmni visargānanda unmiṣet ||;
TĀ, 5: 5;73 1;alaṁ rahasyakathayā guptametatsvabhāvataḥ |;
TĀ, 5: 5;73 2;yoginīhṛdayaṁ tatra viśrāntaḥ syātkṛtī budhaḥ ||;
TĀ, 5: 5;74 1;hānādānatiraskāravṛttau rūḍhimupāgataḥ |;
TĀ, 5: 5;74 2;abhedavṛttitaḥ paśyedviśvaṁ citicamatkṛteḥ ||;
TĀ, 5: 5;75 1;arthakriyārthitādainyaṁ tyaktvā bāhyāntarātmani |;
TĀ, 5: 5;75 2;kharūpe nirvṛtiṁ prāpya phullāṁ nādadaśāṁ śrayet ||;
TĀ, 5: 5;76 1;vaktramantastayā samyak saṁvidaḥ pravikāsayet |;
TĀ, 5: 5;76 2;saṁvidakṣamaruccakraṁ jñeyābhinnaṁ tato bhavet ||;
TĀ, 5: 5;77 1;tajjñeyaṁ saṁvidākhyena vahninā pravilīyate |;
TĀ, 5: 5;77 2;vilīnaṁ tat trikoṇe .smiñśaktivahnau vilīyate ||;
TĀ, 5: 5;78 1;tatra saṁvedanodārabindusattāsunirvṛtaḥ |;
TĀ, 5: 5;78 2;saṁhārabījaviśrānto yogī paramayo bhavet ||;
TĀ, 5: 5;79 1;antarbāhye dvaye vāpi sāmānyetarasundaraḥ |;
TĀ, 5: 5;79 2;saṁvitspandastriśaktyātmā saṁkocapravikāsavān ||;
TĀ, 5: 5;80 1;asaṁkocavikāso .pi tadābhāsanatastathā |;
TĀ, 5: 5;80 2;antarlakṣyo bahirdṛṣṭiḥ paramaṁ padamaśnute ||;
TĀ, 5: 5;81 1;tataḥ svātantryanirmeye vicitrārthakriyākṛti |;
TĀ, 5: 5;81 2;vimarśanaṁ viśeṣākhyaḥ spanda aunmukhyasaṁjñitaḥ ||;
TĀ, 5: 5;82 1;tatra viśrāntimāgacchedyadvīryaṁ mantramaṇḍale |;
TĀ, 5: 5;82 2;śāntyādisiddhayastattadrūpatādātmyato yataḥ ||;
TĀ, 5: 5;83 1;divyo yaścākṣasaṁgho .yaṁ bodhasvātantryasaṁjñakaḥ |;
TĀ, 5: 5;83 2;so .nimīlita evaitat kuryātsvātmamayaṁ jagat ||;
TĀ, 5: 5;84 1;mahāsāhasasaṁyogavilīnākhilavṛttikaḥ |;
TĀ, 5: 5;84 2;puñjībhūte svaraśmyoghe nirbharībhūya tiṣṭhati ||;
TĀ, 5: 5;85 1;akiṁciccintakastatra spaṣṭadṛgyāti saṁvidam |;
TĀ, 5: 5;85 2;yadvisphuliṅgāḥ saṁsārabhasmadāhaikahetavaḥ ||;
TĀ, 5: 5;86 1;taduktaṁ parameśena triśirobhairavāgame |;
TĀ, 5: 5;86 2;śṛṇu devi pravakṣyāmi mantrabhūmyāṁ praveśanam ||;
TĀ, 5: 5;87 1;madhyanāḍyordhvagamanaṁ taddharmaprāptilakṣaṇam |;
TĀ, 5: 5;87 2;visargāntapadātītaṁ prāntakoṭinirūpitam ||;
TĀ, 5: 5;88 1;adhaḥpravāhasaṁrodhādūrdhvakṣepavivarjanāt |;
TĀ, 5: 5;88 2;mahāprakāśamudayajñānavyaktipradāyakam ||;
TĀ, 5: 5;89 1;anubhūya pare dhāmni mātrāvṛttyā puraṁ viśet |;
TĀ, 5: 5;89 2;nistaraṅgāvatīrṇā sā vṛttirekā śivātmikā ||;

TĀ, 5: 5;91 1;khaṁ khaṁ tyaktvā khamāruhya khasthaṁ khaṁ khamadhyāsyādhikāreṇa padasthāścinmarīcayaḥ ||;
TĀ, 5: 5;92 1;bhāvayedbhāvamantaḥsthaṁ bhāvastho bhāvaniḥspṛhaḥ |;
TĀ, 5: 5;92 2;bhāvābhāvagatī ruddhvā bhāvābhāvāvarodhadṛk ||;
TĀ, 5: 5;93 1;ātmāṇukulamūlāni śaktirbhūtiścitī ratiḥ |;
TĀ, 5: 5;93 2;śaktitrayaṁ draṣṭṛdṛśyoparaktaṁ tadvivarjitam ||;
TĀ, 5: 5;94 1;etatkhaṁ daśadhā proktamuccāroccāralakṣaṇam |;
TĀ, 5: 5;94 2;dhāmasthaṁ dhāmamadhyasthaṁ dhāmodarapuṭīkṛtam ||;
TĀ, 5: 5;95 1;dhāmnā tu bodhayeddhāma dhāma dhāmāntagaṁ kuru |;
TĀ, 5: 5;95 2;taddhāma dhāmagatyā tu bhedyaṁ dhāmāntamāntaram ||;
TĀ, 5: 5;96 1;bhedopabhedabhedena bhedaḥ kāryastu madhyataḥ |;
TĀ, 5: 5;96 2;iti praveśopāyo .yamāṇavaḥ parikīrtitaḥ ||;
TĀ, 5: 5;97 1;śrīmaheśvaranāthena yo hṛtsthena mamoditaḥ |;
TĀ, 5: 5;97 2;śrībrahmayāmale coktaṁ śrīmān rāvo daśātmakaḥ ||;
TĀ, 5: 5;98 1;sthūlaḥ sūkṣmaḥ paro hṛdyaḥ kaṇṭhyastālavya eva ca |;
TĀ, 5: 5;98 2;sarvataśca vibhuryo .sau vibhutvapadadāyakaḥ ||;
TĀ, 5: 5;99 1;jitarāvo mahāyogī saṁkrāmetparadehagaḥ |;
TĀ, 5: 5;99 2;parāṁ ca vindati vyāptiṁ pratyahaṁ hyabhyaseta tam ||;
TĀ, 5: 5;100 1;tāvadyāvad arāve sā rāvāllīyeta rāviṇī |;
TĀ, 5: 5;100 2;atra bhāvanayā dehagatopāyaiḥ pare pathi ||;
TĀ, 5: 5;101 1;vivikṣoḥ pūrṇatāsparśātprāgānandaḥ prajāyate |;
TĀ, 5: 5;101 2;tato .pi vidyudāpātasadṛśe dehavarjite ||;
TĀ, 5: 5;102 1;dhāmni kṣaṇaṁ samāveśādudbhavaḥ prasphuṭaṁ plutiḥ |;
TĀ, 5: 5;102 2;jalapāṁsuvadabhyastasaṁviddehaikyahānitaḥ ||;
TĀ, 5: 5;103 1;svabalākramaṇāddehaśaithilyāt kampamāpnuyāt |;
TĀ, 5: 5;103 2;galite dehatādātmyaniścaye .ntarmukhatvataḥ ||;
TĀ, 5: 5;104 1;nidrāyate purā yāvanna rūḍhaḥ saṁvidātmani |;
TĀ, 5: 5;104 2;tataḥ satyapade rūḍho viśvātmatvena saṁvidam ||;
TĀ, 5: 5;105 1;saṁvidan ghūrṇate ghūrṇirmahāvyāptiryataḥ smṛtā |;
TĀ, 5: 5;105 2;ātmanyanātmābhimatau satyāmeva hyanātmani ||;
TĀ, 5: 5;106 1;ātmābhimāno dehādau bandho muktistu tallayaḥ |;
TĀ, 5: 5;106 2;ādāvanātmanyātmatve līne labdhe nijātmani ||;
TĀ, 5: 5;107 1;ātmanyanātmatānāśe mahāvyāptiḥ pravartate |;
TĀ, 5: 5;107 2;ānanda udbhavaḥ kampo nidrā ghūrṇiśca pañcakam ||;
TĀ, 5: 5;108 1;ityuktamata eva śrīmālinīvijayottare |;
TĀ, 5: 5;108 2;pradarśite .smin ānandaprabhṛtau pañcake yadā ||;
TĀ, 5: 5;109 1;yogī viśettadā tattaccakreśatvaṁ haṭhādvrajet |;
TĀ, 5: 5;109 2;yathā sarveśinā bodhenākrāntāpi tanuḥ kvacit ||;
TĀ, 5: 5;110 1;kiṁcitkartuṁ prabhavati cakṣuṣā rūpasaṁvidam |;
TĀ, 5: 5;110 2;tathaiva cakre kutrāpi praveśātko .pi sambhavet ||;
TĀ, 5: 5;111 1;ānandacakraṁ vahnyaśri kanda udbhava ucyate |;
TĀ, 5: 5;111 2;kampo hṛttālu nidrā ca ghūrṇiḥ syādūrdhvakuṇḍalī ||;
TĀ, 5: 5;112 1;etacca sphuṭamevoktaṁ śrīmattraiśirase mate |;
TĀ, 5: 5;112 2;evaṁ pradarśitoccāraviśrāntihṛdayaṁ param ||;
TĀ, 5: 5;113 1;yattadavyaktaliṅgaṁ nṛśivaśaktyavibhāgavat |;
TĀ, 5: 5;113 2;atra viśvamidaṁ līnamatrāntaḥsthaṁ ca gamyate ||;
TĀ, 5: 5;114 1;idaṁ tallakṣaṇaṁ pūrṇaśaktibhairavasaṁvidaḥ |;
TĀ, 5: 5;114 2;dehagādhvasamunmeṣe samāveśastu yaḥ sphuṭaḥ ||;
TĀ, 5: 5;115 1;ahaṁtācchāditonmeṣibhāvedaṁbhāvayuk sa ca |;
TĀ, 5: 5;115 2;vyaktāvyaktamidaṁ liṅgaṁ mantravīryaṁ parāparam ||;
TĀ, 5: 5;116 1;naraśaktisamunmeṣi śivarūpādvibheditam |;
TĀ, 5: 5;116 2;yannyakkṛtaśivāhantāsamāveśaṁ vibhedavat ||;
TĀ, 5: 5;117 1;viśeṣaspandarūpaṁ tad vyaktaṁ liṅgaṁ cidātmakam |;
TĀ, 5: 5;117 2;vyaktātsiddhiprasavo vyaktāvyaktāddvayaṁ vimokṣaśca |;
TĀ, 5: 5;117 3;avyaktādbalamādyaṁ parasya nānuttare tviyaṁ carcā ||;
TĀ, 5: 5;118 1;ātmākhyaṁ yadvyaktaṁ naraliṅgaṁ tatra viśvamarpayataḥ vyaktāvyaktaṁ tasmādgalite tasmiṁstadavyaktam ||;
TĀ, 5: 5;119 1;tenātmaliṅgametat parame śivaśaktyaṇusvabhāvamaye |;
TĀ, 5: 5;119 2;avyakte viśrāmyati nānuttaradhāmagā tviyaṁ carcā ||;
TĀ, 5: 5;120 1;ekasya spandanasyaiṣā traidhaṁ bhedavyavasthitiḥ |;
TĀ, 5: 5;120 2;atra liṅge sadā tiṣṭhet pūjāviśrāntitatparaḥ ||;
TĀ, 5: 5;121 1;yoginīhṛdayaṁ liṅgamidamānandasundaram |;
TĀ, 5: 5;121 2;bījayonisamāpattyā sūte kāmapi saṁvidam ||;
TĀ, 5: 5;122 1;atra prayāsavirahātsarvo .sau devatāgaṇaḥ |;
TĀ, 5: 5;122 2;ānandapūrṇe dhāmnyāste nityoditacidātmakaḥ ||;
TĀ, 5: 5;123 1;atra bhairavanāthasya sasaṁkocavikāsikā |;
TĀ, 5: 5;123 2;bhāsate durghaṭā śaktir asaṁkocavikāsinaḥ ||;
TĀ, 5: 5;124 1;etalliṅgasamāpattivisargānandadhārayā |;
TĀ, 5: 5;124 2;siktaṁ tadeva sadviśvaṁ śaśvan navanavāyate ||;
TĀ, 5: 5;125 1;anuttare .bhyupāyo .tra tādrūpyādeva varṇitaḥ |;
TĀ, 5: 5;125 2;jvaliteṣvapi dīpeṣu gharmāṁśuḥ kiṁ na bhāsate ||;
TĀ, 5: 5;126 1;artheṣu tadbhogavidhau tadutthe duḥkhe sukhe vā anāviśanto .pi nimagnacittā jānanti |;
TĀ, 5: 5;127 1;satyevātmani citsvabhāvamahasi svānte tathopakriyāṁ satsvartheṣu sukhādiṣu sphuṭataraṁ |;
TĀ, 5: 5;128 1;ityuccāravidhiḥ proktaḥ karaṇaṁ pravivicyate |;
TĀ, 5: 5;128 2;taccetthaṁ triśiraḥśāstre parameśena bhāṣitam ||;
TĀ, 5: 5;129 1;grāhyagrāhakacidvyāptityāgākṣepaniveśanaiḥ |;
TĀ, 5: 5;129 2;karaṇaṁ saptadhā prāhurabhyāsaṁ bodhapūrvakam ||;
TĀ, 5: 5;130 1;tadvyāptipūrvamākṣepe karaṇaṁ svapratiṣṭhatā |;
TĀ, 5: 5;130 2;guruvaktrācca boddhavyaṁ karaṇaṁ yadyapi sphuṭam ||;
TĀ, 5: 5;131 1;tathāpyāgamarakṣārthaṁ tadagre varṇayiṣyate |;
TĀ, 5: 5;131 2;ukto ya eṣa uccārastatra yo .sau sphuran sthitaḥ ||;
TĀ, 5: 5;132 1;avyaktānukṛtiprāyo dhvanirvarṇaḥ sa kathyate |;
TĀ, 5: 5;132 2;sṛṣṭisaṁhārabījaṁ ca tasya mukhyaṁ vapurviduḥ ||;
TĀ, 5: 5;133 1;tadabhyāsavaśādyāti kramādyogī cidātmatām |;
TĀ, 5: 5;133 2;tathā hyanacke sācke vā kādau sānte punaḥpunaḥ ||;
TĀ, 5: 5;134 1;smṛte proccārite vāpi sā sā saṁvit prasūyate |;
TĀ, 5: 5;134 2;bāhyārthasamayāpekṣā ghaṭādyā dhvanayo .pi ye ||;
TĀ, 5: 5;135 1;te .pyarthabhāvanāṁ kuryurmanorājyavadātmani |;
TĀ, 5: 5;135 2;taduktaṁ parameśena bhairavo vyāpako .khile ||;
TĀ, 5: 5;136 1;iti bhairavaśabdasya saṁtatoccāraṇācchivaḥ |;
TĀ, 5: 5;136 2;śrīmattraiśirase .pyuktaṁ mantroddhārasya pūrvataḥ ||;
TĀ, 5: 5;137 1;smṛtiśca smaraṇaṁ pūrvaṁ sarvabhāveṣu vastutaḥ |;
TĀ, 5: 5;137 2;mantrasvarūpaṁ tadbhāvyasvarūpāpattiyojakam ||;
TĀ, 5: 5;138 1;smṛtiḥ svarūpajanikā sarvabhāveṣu rañjikā |;
TĀ, 5: 5;138 2;anekākārarūpeṇa sarvatrāvasthitena tu ||;
TĀ, 5: 5;139 1;svasvabhāvasya saṁprāptiḥ saṁvittiḥ paramārthataḥ |;
TĀ, 5: 5;139 2;vyaktiniṣṭhā tato viddhi sattā sā kīrtitā parā ||;
TĀ, 5: 5;140 1;kiṁ punaḥ samayāpekṣāṁ vinā ye bījapiṇḍakāḥ |;
TĀ, 5: 5;140 2;saṁvidaṁ spandayantyete neyuḥ saṁvidupāyatām ||;
TĀ, 5: 5;141 1;vācyābhāvād udāsīnasaṁvitspandāt svadhāmataḥ |;
TĀ, 5: 5;141 2;prāṇollāsanirodhābhyāṁ bījapiṇḍeṣu pūrṇatā ||;
TĀ, 5: 5;142 1;sukhasītkārasatsamyaksāmyaprathamasaṁvidaḥ |;
TĀ, 5: 5;142 2;saṁvedanaṁ hi prathamaṁ sparśo .nuttarasaṁvidaḥ ||;
TĀ, 5: 5;143 1;hṛtkaṇṭhyoṣṭhyatridhāmāntarnitarāṁ pravikāsini |;
TĀ, 5: 5;143 2;caturdaśaḥ praveśo ya ekīkṛtatadātmakaḥ ||;
TĀ, 5: 5;144 1;tato visargoccārāṁśe dvādaśāntapathāvubhau |;
TĀ, 5: 5;144 2;hṛdayena sahaikadhyaṁ nayate japatatparaḥ ||;
TĀ, 5: 5;145 1;kandahṛtkaṇṭhatālvagrakauṇḍilīprakriyāntataḥ |;
TĀ, 5: 5;145 2;ānandamadhyanāḍyantaḥ spandanaṁ bījamāvahet ||;
TĀ, 5: 5;146 1;saṁhārabījaṁ khaṁ hṛtsthamoṣṭhyaṁ phullaṁ tejastryaśraṁ tālukaṇṭhe bindurūrdhvapade sthitaḥ ||;
TĀ, 5: 5;147 1;ityenayā budho yuktyā varṇajapyaparāyaṇaḥ |;
TĀ, 5: 5;147 2;anuttaraṁ paraṁ dhāma praviśedacirāt sudhīḥ ||;
TĀ, 5: 5;148 1;varṇaśabdena nīlādi yadvā dīkṣottare yathā |;
TĀ, 5: 5;148 2;saṁhāranragnimaruto rudrabinduyutānsmaret ||;
TĀ, 5: 5;149 1;hṛdaye tanmayo lakṣyaṁ paśyetsaptadinādatha |;
TĀ, 5: 5;149 2;visphuliṅgāgnivan nīlapītaraktādicitritam ||;
TĀ, 5: 5;150 1;jājvalīti hṛdambhoje bījadīpaprabodhitam |;
TĀ, 5: 5;150 2;dīpavajjvalito bindurbhāsate vighanārkavat ||;
TĀ, 5: 5;151 1;svayambhāsātmanānena tādātmyaṁ yāty ananyadhīḥ |;
TĀ, 5: 5;151 2;śivena hematāṁ yadvattāmraṁ sūtena vedhitam ||;
TĀ, 5: 5;152 1;upalakṣaṇametacca sarvamantreṣu lakṣayet |;
TĀ, 5: 5;152 2;yadyatsaṁkalpasambhūtaṁ varṇajālaṁ hi bhautikam ||;
TĀ, 5: 5;153 1;tat saṁvidādhikyavaśādabhautikamiva sthitam |;
TĀ, 5: 5;153 2;atastathāvidhe rūpe rūḍho rohati saṁvidi ||;
TĀ, 5: 5;154 1;anācchāditarūpāyām anupādhau prasannadhīḥ |;
TĀ, 5: 5;154 2;nīle pīte sukhe duḥkhe saṁvidrūpamakhaṇḍitam ||;
TĀ, 5: 5;155 1;gurubhirbhāṣitaṁ tasmādupāyeṣu vicitratā |;
TĀ, 5: 5;155 2;uccārakaraṇadhyānavarṇairebhiḥ pradarśitaḥ ||;
TĀ, 5: 5;156 1;anuttarapadaprāptāvabhyupāyavidhikramaḥ |;
TĀ, 5: 5;156 2;akiṁciccintanaṁ vīryaṁ bhāvanāyāṁ ca sā punaḥ ||;
TĀ, 5: 5;157 1;dhyāne tadapi coccāre karaṇe so .pi taddhvanau |;
TĀ, 5: 5;157 2;sa sthānakalpane bāhyamiti kramamupāśrayet ||;
TĀ, 5: 5;158 1;laṅghanena paro yogī mandabuddhiḥ krameṇa tu |;
TĀ, 5: 5;158 2;vīryaṁ vinā yathā ṣaṇṭhastasyāpyastyatha vā balam |;
TĀ, 5: 5;158 3;mṛtadeha iveyaṁ syādbāhyāntaḥparikalpanā ||;
TĀ, 5: 5;159 1;ityāṇave .nuttaratābhyupāyaḥ prokto nayaḥ spaṣṭapathena |;
TĀ, 17: 13;1 1;atha bhairavatādātmyadāyinīṁ prakriyāṁ bruve |;
TĀ, 17: 13;1 2;evaṁ maṇḍalakumbhāgniśiṣyasvātmasu pañcasu ||;
TĀ, 17: 13;2 1;gṛhītvā vyāptimaikyena nyasyādhvānaṁ ca śiṣyagam |;
TĀ, 17: 13;2 2;karmamāyāṇumalinatrayaṁ bāhau gale tathā ||;
TĀ, 17: 13;3 1;śikhāyāṁ ca kṣipetsūtragranthiyogena daiśikaḥ |;
TĀ, 17: 13;3 2;tasyātadrūpatābhānaṁ malo granthiḥ sa kīrtyate ||;
TĀ, 17: 13;4 1;itipratītidārḍhyārthaṁ bahirgranthyupakalpanam |;
TĀ, 17: 13;4 2;bāhū karmāspadaṁ viṣṇurmāyātmā galasaṁśritaḥ ||;
TĀ, 17: 13;5 1;adhovahā śikhāṇutvaṁ tenetthaṁ kalpanā kṛtā |;
TĀ, 17: 13;5 2;naraśaktiśivākhyasya trayasya bahubhedatām ||;
TĀ, 17: 13;6 1;vaktuṁ tristriguṇaṁ sūtraṁ granthaye parikalpayet |;
TĀ, 17: 13;6 2;tejojalānnatritayaṁ tredhā pratyekamapyadaḥ ||;
TĀ, 17: 13;7 1;śrutyante ke .pyataḥ śuklakṛṣṇaraktaṁ prapedire |;
TĀ, 17: 13;7 2;tato .gnau tarpitāśeṣamantre cidvyomamātrake ||;
TĀ, 17: 13;8 1;sāmānyarūpe tattvānāṁ kramācchuddhiṁ samācaret |;
TĀ, 17: 13;8 2;tatra svamantrayogena dharāmāvāhayetpurā ||;
TĀ, 17: 13;9 1;iṣṭvā puṣpādibhiḥ sarpistilādyairatha tarpayet |;
TĀ, 17: 13;9 2;tattattvavyāpikāṁ paścānmāyātattvādhidevatām ||;
TĀ, 17: 13;10 1;māyāśaktiṁ svamantreṇāvāhyābhyarcya pratarpayet |;
TĀ, 17: 13;10 2;āvāhane mātṛkārṇaṁ mālinyarṇaṁ ca pūjane ||;
TĀ, 17: 13;11 1;kuryāditi guruḥ prāha svarūpāpyāyanadvayāt |;
TĀ, 17: 13;11 2;tāro varṇo .tha saṁbuddhipadaṁ tvāmityataḥ param ||;
TĀ, 17: 13;12 1;uttamaikayutaṁ karmapadaṁ dīpakamapyataḥ |;
TĀ, 17: 13;12 2;tubhyaṁ nāma caturthyantaṁ tato .pyucitadīpakam ||;
TĀ, 17: 13;13 1;ityūhamantrayogena tattatkarma pravartayet |;
TĀ, 17: 13;13 2;āvāhanānantaraṁ hi karma sarvaṁ nigadyate ||;
TĀ, 17: 13;14 1;āvāhanaṁ ca saṁbodhaḥ svasvabhāvavyavasthiteḥ |;
TĀ, 17: 13;14 2;bhāvasyāhaṁmayasvātmatādātmyāveśyamānatā ||;
TĀ, 17: 13;15 1;śāktī bhūmiśca saivoktā yasyāṁ mukhyāsti pūjyatā |;
TĀ, 17: 13;15 2;abhātatvād abhedācca nahyasau nṛśivātmanoḥ ||;
TĀ, 17: 13;16 1;jaḍābhāseṣu tattveṣu saṁvitsthityai tato guruḥ |;
TĀ, 17: 13;16 2;āvāhanavibhaktiṁ prāk kṛtvā turyavibhaktitaḥ ||;
TĀ, 17: 13;17 1;namaskārāntatāyogātpūrṇāṁ sattāṁ prakalpayet |;
TĀ, 17: 13;17 2;tataḥ pūrṇasvabhāvatvaṁ tadrūpodrekayogataḥ ||;
TĀ, 17: 13;18 1;dhyeyodreko bhaved dhyātṛprahvībhāvavaśād yataḥ |;
TĀ, 17: 13;18 2;āvāhyeṣṭvā pratarpyeti śrīsvacchande nirūpitam ||;
TĀ, 17: 13;19 1;anenaiva pathāneyamityasmadguravo jaguḥ |;
TĀ, 17: 13;19 2;paratvena tu yatpūjyaṁ tatsvatantracidātmakam ||;
TĀ, 17: 13;20 1;anavacchitprakāśatvānna prakāśyaṁ tu kutracit |;
TĀ, 17: 13;20 2;tasya hyetat prapūjyatvadhyeyatvādi yadullaset ||;
TĀ, 17: 13;21 1;tasyaiva tatsvatantratvaṁ yātidurghaṭakāritā |;
TĀ, 17: 13;21 2;saṁbodharūpe tattasmin kathaṁ saṁbodhanā bhavet ||;
TĀ, 17: 13;22 1;prakāśanāyāṁ na syātprakāśasya prakāśatā |;
TĀ, 17: 13;22 2;saṁbodhanavibhaktyaiva vinā karmādiśaktitām ||;
TĀ, 17: 13;23 1;svātantryāttaṁ darśayituṁ tatrohamimamācaret |;
TĀ, 17: 13;23 2;devamāvāhayāmīti tato devāya dīpakam ||;
TĀ, 17: 13;24 1;prāgyuktyā pūrṇatādāyi namaḥsvāhādikaṁ bhavet |;
TĀ, 17: 13;24 2;nutiḥ pūrṇatvam agnīndusaṁghaṭṭāpyāyatā param ||;
TĀ, 17: 13;25 1;āpyāyakaṁ ca procchālaṁ vauṣaḍādi pradīpayet |;
TĀ, 17: 13;25 2;tatra bāhye .pi tādātmyaprasiddhaṁ karma codyate ||;
TĀ, 17: 13;26 1;yadi karmapadaṁ tanno gurur abhyūhayet kvacit |;
TĀ, 17: 13;26 2;anābhāsitatadvastubhāsanāya niyujyate ||;
TĀ, 17: 13;27 1;mantraḥ kiṁ tena tatra syātsphuṭaṁ yatrāvabhāsi tat |;
TĀ, 17: 13;27 2;tena prokṣaṇasaṁsekajapādividhiṣu dhruvam ||;
TĀ, 17: 13;28 1;tatkarmābhyūhanaṁ kuryātpratyuta vyavadhātṛtām |;
TĀ, 17: 13;28 2;bahistathātmatābhāve kāryaṁ karmapadohanam ||;
TĀ, 17: 13;29 1;tṛptāvāhutihutabhukpāśaploṣacchidādiṣu |;
TĀ, 17: 13;29 2;yatroddiṣṭe vidhau paścāttadanantaiḥ kriyātmakaiḥ ||;
TĀ, 17: 13;30 1;aṁśaiḥ sādhyaṁ na tatroho dīkṣaṇādividhiṣviva |;
TĀ, 17: 13;30 2;tataḥ śiṣyasya tattattvasthāne .streṇa pratāḍanam ||;
TĀ, 17: 13;31 1;kṛtvātha śivahastena hṛdayaṁ parimarśayet |;
TĀ, 17: 13;31 2;tataḥ svanāḍīmārgeṇa hṛdayaṁ prāpya vai śiśoḥ ||;
TĀ, 17: 13;32 1;śiṣyātmanā sahaikatvaṁ gatvādāya ca taṁ hṛdā |;
TĀ, 17: 13;32 2;puṭitaṁ haṁsarūpākhyaṁ tatra saṁhāramudrayā ||;
TĀ, 17: 13;33 1;kuryādātmīyahṛdayasthitamapyavabhāsakam |;
TĀ, 17: 13;33 2;śiṣyadehasya tejobhī raśmimātrāviyogataḥ ||;
TĀ, 17: 13;34 1;svabandhasthānacalanāt svatantrasthānalābhataḥ |;
TĀ, 17: 13;34 2;svakarmāparatantratvāt sarvatrotpattimarhati ||;
TĀ, 17: 13;35 1;tenātmahṛdayānītaṁ prākkṛtvā pudgalaṁ tataḥ |;
TĀ, 17: 13;35 2;māyāyāṁ taddharātattvaśarīrāṇyasya saṁsṛjet ||;
TĀ, 17: 13;36 1;tatrāsya garbhādhānaṁ ca yuktaṁ puṁsavanādibhiḥ |;
TĀ, 17: 13;36 2;garbhaniṣkrāmaparyantairekāṁ kurvīta saṁskriyām ||;
TĀ, 17: 13;37 1;jananaṁ bhogabhoktṛtvaṁ militvaikātha saṁskriyā |;
TĀ, 17: 13;37 2;tato .sya teṣu bhogeṣu kuryāttanmayatāṁ layam ||;
TĀ, 17: 13;38 1;tatastattattvapāśānāṁ vicchedaṁ samupācaret |;
TĀ, 17: 13;38 2;saṁskārāṇāṁ catuṣke .smin aparāṁ ca parāparām ||;
TĀ, 17: 13;39 1;mantrāṇāṁ pañcadaśakaṁ parāṁ vā yojayetkramāt |;
TĀ, 17: 13;39 2;pivanyādyaṣṭakaṁ śastrādikaṁ ṣaṭkaṁ parā tathā ||;
TĀ, 17: 13;40 1;iti pañcadaśaite syuḥ kramāllīnatvasaṁskṛtau |;
TĀ, 17: 13;40 2;aparāmantramuktvā prāgamukātmana ityatha ||;
TĀ, 17: 13;41 1;garbhādhānaṁ karomīti punarmantraṁ tameva ca |;
TĀ, 17: 13;41 2;svāhāntamuccarandadyādāhutitritayaṁ guruḥ ||;
TĀ, 17: 13;42 1;paraṁ parāparāmantramamukātmana ityatha |;
TĀ, 17: 13;42 2;jātasya bhogabhoktṛtvaṁ karomyatha parāparām ||;
TĀ, 17: 13;43 1;ante svāheti proccārya vitarettisra āhutīḥ |;
TĀ, 17: 13;43 2;uccārya pivanīmantramamukātmana ityatha ||;
TĀ, 17: 13;44 1;bhoge layaṁ karomīti punarmantraṁ tameva ca |;
TĀ, 17: 13;44 2;svāhāntamāhutīstisro dadyādājyatilādibhiḥ ||;
TĀ, 17: 13;45 1;eṣa eva vamanyādau vidhiḥ pañcadaśāntake |;
TĀ, 17: 13;45 2;pūrvaṁ parātmakaṁ mantramamukātmana ityatha ||;
TĀ, 17: 13;46 1;pāśācchedaṁ karomīti parāmantraḥ punastataḥ |;
TĀ, 17: 13;46 2;huṁ svāhā phaṭ samuccārya dadyāttisro .pyathāhutīḥ ||;
TĀ, 17: 13;47 1;saṁskārāṇāṁ catuṣke .sminye mantrāḥ kathitā mayā |;
TĀ, 17: 13;47 2;teṣu karmapadātpūrvaṁ dharātattvapadaṁ vadet ||;
TĀ, 17: 13;48 1;tato dharātattvapatimāmantryeṣṭvā pratarpya ca |;
TĀ, 17: 13;48 2;śivābhimānasaṁrabdho gururevaṁ samādiśet ||;
TĀ, 17: 13;49 1;tattveśvara tvayā nāsya putrakasya śivājñayā |;
TĀ, 17: 13;49 2;pratibandhaḥ prakartavyo yātuḥ padamanāmayam ||;
TĀ, 17: 13;50 1;tato yadi samīheta dharātattvāntarālagam |;
TĀ, 17: 13;50 2;pṛthak śodhayituṁ mantrī bhuvanādyadhvapañcakam ||;
TĀ, 17: 13;51 1;aparāmantrataḥ prāgvattisrastisrastadāhutīḥ |;
TĀ, 17: 13;51 2;dadyātpuraṁ śodhayāmītyūhayuktaṁ prasannadhīḥ ||;
TĀ, 17: 13;52 1;evaṁ kalāmantrapadavarṇeṣvapi vicakṣaṇaḥ |;
TĀ, 17: 13;52 2;tisrastisro hutīrdadyāt pṛthak sāmastyato .pivā ||;
TĀ, 17: 13;53 1;tataḥ pūrṇāhutiṁ dattvā parayā vauṣaḍantayā |;
TĀ, 17: 13;53 2;aparāmantrataḥ śiṣyamuddhṛtyātmahṛdaṁ nayet ||;
TĀ, 17: 13;54 1;yadā tvekena śuddhena tadantarbhāvacintanāt |;
TĀ, 17: 13;54 2;na pṛthak śodhayettattvanāthasaṁśravaṇātparam ||;
TĀ, 17: 13;55 1;tadā pūrṇāṁ vitīryāṇumutkṣipyātmani yojayet |;
TĀ, 17: 13;55 2;tātsthyātmasaṁsthyayogāya tayaivāparayāhutīḥ ||;
TĀ, 17: 13;56 1;sakarmapadayā dadyāditi kecittu manvate |;
TĀ, 17: 13;56 2;anye tu guravaḥ prāhurbhāvanāmayamīdṛśam ||;
TĀ, 17: 13;57 1;nātra bāhyāhutirdeyā daiśikasya pṛthak punaḥ |;
TĀ, 17: 13;57 2;dadyādvā yadi no doṣaḥ syādupāyaḥ sa bhāvane ||;
TĀ, 17: 13;58 1;evaṁ prāktanatātsthyātmasaṁsthatve yojayedguruḥ |;
TĀ, 17: 13;58 2;tataḥ śiṣyahṛdaṁ neyaḥ sa ātmā tāvato .dhvanaḥ ||;
TĀ, 17: 13;59 1;śuddhastaddārḍhyasiddhyai ca pūrṇā syātparayā punaḥ |;
TĀ, 17: 13;59 2;mahāpāśupataṁ pūrvaṁ vilomasya viśuddhaye ||;
TĀ, 17: 13;60 1;juhomi punarastreṇa vauṣaḍanta iti kṣipet |;
TĀ, 17: 13;60 2;punaḥ pūrṇāṁ tato māyāmabhyarcyātha visarjayet ||;
TĀ, 17: 13;61 1;dharātattvaṁ viśuddhaṁ sajjalena śuddharūpiṇā |;
TĀ, 17: 13;61 2;bhāvayenmiśritaṁ vāri śuddhiyogyaṁ tato bhavet ||;
TĀ, 17: 13;62 1;tathā tattatpurātattvamiśraṇāduttarottaram |;
TĀ, 17: 13;62 2;sarvā śivībhavettattvāvalī śuddhānyathā pṛthak ||;
TĀ, 17: 13;63 1;pṛthaktvaṁ ca malo māyābhidhānastasya saṁbhave |;
TĀ, 17: 13;63 2;karmakṣaye .pi no muktirbhavedvidyeśvarādivat ||;
TĀ, 17: 13;64 1;tato .pi jalatattvasya vahnau vyomni cidātmake |;
TĀ, 17: 13;64 2;āhvānādyakhilaṁ yāvattejasyasya vimiśraṇam ||;
TĀ, 17: 13;65 1;evaṁ kramātkalātattve śuddhe pāśaṁ bhujāśritam |;
TĀ, 17: 13;65 2;chindyātkalā hi sā kiṁcitkartṛtvonmīlanātmikā ||;
TĀ, 17: 13;66 1;karmākhyamalajṛmbhātmā taṁ ca granthiṁ srugagragam |;
TĀ, 17: 13;66 2;pūrṇāhutyā samaṁ vahnimantratejasi nirdahet ||;
TĀ, 17: 13;67 1;mantro hi viśvarūpaḥ sannupāśrayavaśāttathā |;
TĀ, 17: 13;67 2;vyaktarūpastato vahnau pāśaploṣavidhāyakaḥ ||;
TĀ, 17: 13;68 1;pluṣṭo līnasvabhāvo .sau pāśastaṁ prati śambhuvat |;
TĀ, 17: 13;68 2;parameśamahātejaḥśeṣamātratvam aśnute ||;
TĀ, 17: 13;69 1;karmapāśe .tra hotavye pūrṇayāsya śubhāśubham |;
TĀ, 17: 13;69 2;aśubhaṁ vā bhavadbhūtaṁ bhāvi vātha samastakam ||;
TĀ, 17: 13;70 1;dahāmi phaṭtrayaṁ vauṣaḍiti pūrṇāṁ vinikṣipet |;
TĀ, 17: 13;70 2;evaṁ māyāntasaṁśuddhau kaṇṭhapāśaṁ ca homayet ||;
TĀ, 17: 13;71 1;pūrṇasya tasya māyākhyaṁ pāśabhedaprathātmakam |;
TĀ, 17: 13;71 2;dahāmi phaṭtrayaṁ vauṣaḍiti pūrṇāṁ kṣipedguruḥ ||;
TĀ, 17: 13;72 1;nirbījā yadi kāryā tu tadātraivāparāṁ kṣipet |;
TĀ, 17: 13;72 2;pūrṇāṁ samayapāśākhyabījadāhapadānvitām ||;
TĀ, 17: 13;73 1;gurau deve tathā śāstre bhaktiḥ kāryāsya nahyasau |;
TĀ, 17: 13;73 2;samayaḥ śaktipātasya svabhāvo hyeṣa no pṛthak ||;
TĀ, 17: 13;74 1;māyānte śuddhimāyāte vāgīśī yā purābhavat |;
TĀ, 17: 13;74 2;māyā śaktimayī saiva vidyāśaktitvamaśnute ||;
TĀ, 17: 13;75 1;tacchuddhavidyāmāhūya vidyāśaktiṁ niyojayet |;
TĀ, 17: 13;75 2;evaṁ krameṇa saṁśuddhe sadāśivapade .pyalam ||;
TĀ, 17: 13;76 1;śikhāṁ granthiyutāṁ chittvā malamāṇavakaṁ dahet |;
TĀ, 17: 13;76 2;yato .dhikārabhogākhyau dvau pāśau tu sadāśive ||;
TĀ, 17: 13;77 1;ityuktyāṇavapāśo .tra māyīyastu niśāvadhiḥ |;
TĀ, 17: 13;77 2;śiṣyo yathocitaṁ snāyādācāmeddaiśikaḥ svayam ||;
TĀ, 17: 13;78 1;āṇavākhye vinirdagdhe hyadhovāhiśikhāmale |;
TĀ, 17: 13;78 2;tataḥ prāguktasakalaprameyaṁ paricintayan ||;
TĀ, 17: 13;79 1;śiṣyadehādimātmīyadehaprāṇādiyojitam |;
TĀ, 17: 13;79 2;kṛtvātmadehaprāṇāderviśvamantaranusmaret ||;
TĀ, 17: 13;80 1;uktaprakriyayā caivaṁ dṛḍhabuddhir ananyadhīḥ |;
TĀ, 17: 13;80 2;prāṇasthaṁ deśakālādhvayugaṁ prāṇaṁ ca śaktigam ||;
TĀ, 17: 13;81 1;tāṁ ca saṁvidgatāṁ śuddhāṁ saṁvidaṁ śivarūpiṇīm |;
TĀ, 17: 13;81 2;śiṣyasaṁvidabhinnāṁ ca mantravahnyādyabhedinīm ||;
TĀ, 17: 13;82 1;dhyāyan prāgvatprayogeṇa śivaṁ sakalaniṣkalam |;
TĀ, 17: 13;82 2;dvyātmakaṁ vā kṣipetpūrṇāṁ praśāntakaraṇena tu ||;
TĀ, 17: 13;83 1;uktaṁ traiśirase tantre sarvasaṁpūraṇātmakam |;
TĀ, 17: 13;83 2;mūlādudayagatyā tu śivenduparisaṁplutam ||;
TĀ, 17: 13;84 1;janmāntamadhyakuharamūlasrotaḥsamutthitam |;
TĀ, 17: 13;84 2;śivārkaraśmibhistīvraiḥ kṣubdhaṁ jñānāmṛtaṁ tu yat ||;
TĀ, 17: 13;85 1;tena saṁtarpayetsamyak praśāntakaraṇena tu |;
TĀ, 17: 13;85 2;śūnyadhāmābjamadhyasthaprabhākiraṇabhāsvaraḥ ||;
TĀ, 17: 13;86 1;ādheyādhāraniḥspandabodhaśāstraparigrahaḥ |;
TĀ, 17: 13;86 2;janmādheyaprapañcaikasphoṭasaṁghaṭṭaghaṭṭanaḥ ||;
TĀ, 17: 13;87 1;mūlasthānātsamārabhya kṛtvā someśamantagam |;
TĀ, 17: 13;87 2;khamivātiṣṭhate yāvatpraśāntaṁ tāvaducyate ||;
TĀ, 17: 13;88 1;uktaṁ śrīpūrvaśāstre ca srucamāpūrya sarpiṣā |;
TĀ, 17: 13;88 2;kṛtvā śiṣyaṁ tathātmasthaṁ mūlamantramanusmaran ||;
TĀ, 17: 13;89 1;śivaṁ śaktiṁ tathātmānaṁ śiṣyaṁ sarpistathānalam |;
TĀ, 17: 13;89 2;ekīkurvañchanair gacched dvādaśāntam ananyadhīḥ ||;
TĀ, 17: 13;90 1;tatra kumbhakamāsthāya dhyāyansakalaniṣkalam |;
TĀ, 17: 13;90 2;tiṣṭhettāvadanudvigno yāvadājyakṣayo bhavet ||;
TĀ, 17: 13;91 1;evaṁ yuktaḥ pare tattve guruṇā śivamūrtinā |;
TĀ, 17: 13;91 2;na bhūyaḥ paśutāmeti dagdhamāyānibandhanaḥ ||;
TĀ, 17: 13;92 1;dehapāte punaḥ prepsed yadi tattveṣu kutracit |;
TĀ, 17: 13;92 2;bhogān samastavyastatvabhedairante paraṁ padam ||;
TĀ, 17: 13;93 1;tadā tattattvabhūmau tu tatsaṁkhyāyām ananyadhīḥ |;
TĀ, 17: 13;93 2;punaryojanikāṁ kuryātpūrṇāhutyantareṇa tu ||;
TĀ, 17: 13;94 1;muktipradā bhogamokṣapradā vā yā prakīrtitā |;
TĀ, 17: 13;94 2;dīkṣā sā syāt sabījatvanirbījātmatayā dvidhā ||;
TĀ, 17: 13;95 1;bāle nirjñātamaraṇe tvaśakte vā jarādibhiḥ |;
TĀ, 17: 13;95 2;kāryā nirbījikā dīkṣā śaktipātabalodaye ||;
TĀ, 17: 13;96 1;nirbījāyāṁ sāmayāṁstu pāśānapi viśodhayet |;
TĀ, 17: 13;96 2;kṛtanirbījadīkṣastu devāgnigurubhaktibhāk ||;
TĀ, 17: 13;97 1;iyataiva śivaṁ yāyāt sadyo bhogān vibhujya vā |;
TĀ, 17: 13;97 2;śrīmaddīkṣottare coktaṁ cāre ṣaṭtriṁśadaṅgule ||;
TĀ, 17: 13;98 1;tattvāny āpādamūrdhāntaṁ bhuvanāni tyajetkramāt |;
TĀ, 17: 13;98 2;tuṭimātraṁ niṣkalaṁ tadadehaṁ tad ahaṁparam ||;
TĀ, 17: 13;99 1;śaktyā tatra kṣipāmyenamiti dhyāyaṁstu dīkṣayet |;
TĀ, 17: 13;99 2;sabījāyāṁ tu dīkṣāyāṁ samayānna viśodhayet ||;
TĀ, 17: 13;100 1;viśeṣastvayametasyāṁ yāvajjīvaṁ śiśorguruḥ |;
TĀ, 17: 13;100 2;śeṣavṛttyai śuddhatattvasṛṣṭiṁ kurvīta pūrṇayā ||;
TĀ, 17: 13;101 1;abhinnācchivasaṁbodhajaladheryugapatsphurat |;
TĀ, 17: 13;101 2;pūrṇāṁ kṣipaṁstattvajālaṁ dhyāyedbhārūpakaṁ sṛtam ||;
TĀ, 17: 13;102 1;viśuddhatattvasṛṣṭiṁ vā kuryātkumbhābhiṣecanāt |;
TĀ, 17: 13;102 2;tathā dhyānabalādeva yadvā pūrṇābhiṣecanaiḥ ||;
TĀ, 17: 13;103 1;pṛthivī sthirarūpāsya śivarūpeṇa bhāvitā |;
TĀ, 17: 13;103 2;sthirīkaroti tāmeva bhāvanāmiti śudhyati ||;
TĀ, 17: 13;104 1;jalamāpyāyayatyenāṁ tejo bhāsvaratāṁ nayet |;
TĀ, 17: 13;104 2;marudānandasaṁsparśaṁ vyoma vaitatyamāvahet ||;
TĀ, 17: 13;105 1;evaṁ tanmātravargo .pi śivatāmaya iṣyate |;
TĀ, 17: 13;105 2;parānandamahāvyāptir aśeṣamalavicyutiḥ ||;
TĀ, 17: 13;106 1;śive gantṛtvamādānamupādeyaśivastutiḥ |;
TĀ, 17: 13;106 2;śivāmodabharāsvādadarśanasparśanānyalam ||;
TĀ, 17: 13;107 1;tadākarṇanamityevamindriyāṇāṁ viśuddhatā |;
TĀ, 17: 13;107 2;saṁkalpādhyavasāmānāḥ prakāśo raktisaṁsthitī ||;
TĀ, 17: 13;108 1;śivātmatvena yatseyaṁ śuddhatā mānasādike |;
TĀ, 17: 13;108 2;niyamo rañjanaṁ kartṛbhāvaḥ kalanayā saha ||;
TĀ, 17: 13;109 1;vedanaṁ heyavastvaṁśaviṣaye suptakalpatā |;
TĀ, 17: 13;109 2;itthaṁ śivaikyarūḍhasya ṣaṭkañcukagaṇo .pyayam ||;
TĀ, 17: 13;110 1;śuddha eva pumān prāptaśivabhāvo viśudhyati |;
TĀ, 17: 13;110 2;vidyeśādiṣu tattveṣu naiva kācidaśuddhatā ||;
TĀ, 17: 13;111 1;ityevaṁ śuddhatattvānāṁ sṛṣṭyā śiṣyo .pi tanmayaḥ |;
TĀ, 17: 13;111 2;bhaveddhyetatsūcitaṁ śrīmālinīvijayottare ||;
TĀ, 17: 13;112 1;bandhamokṣāvubhāvetāvindriyāṇi jagurbudhāḥ |;
TĀ, 17: 13;112 2;nigṛhītāni bandhāya vimuktāni vimuktaye ||;
TĀ, 17: 13;113 1;etāni vyāpake bhāve yadā syurmanasā saha |;
TĀ, 17: 13;113 2;muktāni kvāpi viṣaye rodhādbandhāya tāni tu ||;
TĀ, 17: 13;114 1;ityevaṁ dvividho bhāvaḥ śuddhāśuddhaprabhedataḥ |;
TĀ, 17: 13;114 2;indriyāṇāṁ samākhyātaḥ siddhayogīśvare mate ||;
TĀ, 17: 13;115 1;śrīmān vidyāgurustvāha pramāṇastutidarśane |;
TĀ, 17: 13;115 2;samastamantrairdīkṣāyāṁ niyamastveṣa kathyate ||;
TĀ, 17: 13;116 1;māyāntaśuddhau sarvāḥ syuḥ kriyā hyaparayā sadā |;
TĀ, 17: 13;116 2;dvyātmayā sakalānte tu niṣkale parayaiva tu ||;
TĀ, 17: 13;117 1;īśānte ca pivanyādi sakalānte .ṅgapañcakam |;
TĀ, 17: 13;117 2;ityevaṁ vidhimālocya karma kuryādgurūttamaḥ ||;
TĀ, 17: 13;118 1;purādhvani hutīnāṁ yā saṁkhyeyaṁ tattvavarṇayoḥ |;
TĀ, 17: 13;118 2;tāmeva dviguṇīkuryāt padādhvani caturguṇām ||;
TĀ, 17: 13;119 1;kramānmantrakalāmārge dviguṇā dviguṇā kramāt |;
TĀ, 17: 13;119 2;yāvattritattvasaṁśuddhau syādviṁśatiguṇā tataḥ ||;
TĀ, 17: 13;120 1;pratikarma bhavetṣaṣṭirāhutīnāṁ tritattvake |;
TĀ, 17: 13;120 2;ekatattve śataṁ prāhurāhutīnāṁ tu sāṣṭakam ||;

TĀ, 17: 13;122 1;ityeṣā kathitā dīkṣā jananādisamanvitā ||;
TĀ, 6: 6;1 1;sthānaprakalpākhyatayā sphuṭastu bāhyo .bhyupāyaḥ |;
TĀ, 6: 6;2 1;sthānabhedastridhā proktaḥ prāṇe dehe bahistathā |;
TĀ, 6: 6;2 2;prāṇaśca pañcadhā dehe dvidhā bāhyāntaratvataḥ ||;
TĀ, 6: 6;3 1;maṇḍalaṁ sthaṇḍilaṁ pātramakṣasūtraṁ sapustakam |;
TĀ, 6: 6;3 2;liṅgaṁ tūraṁ paṭaḥ pustaṁ pratimā mūrtireva ca ||;
TĀ, 6: 6;4 1;ityekādaśadhā bāhyaṁ punastadbahudhā bhavet |;
TĀ, 6: 6;4 2;tatra prāṇāśrayaṁ tāvadvidhānamupadiśyate ||;
TĀ, 6: 6;5 1;adhvā samasta evāyaṁ ṣaḍvidho .pyativistṛtaḥ |;
TĀ, 6: 6;5 2;yo vakṣyate sa ekatra prāṇe tāvatpratiṣṭhitaḥ ||;
TĀ, 6: 6;6 1;adhvanaḥ kalanaṁ yattatkramākramatayā sthitam |;
TĀ, 6: 6;6 2;kramākramau hi citraikakalanā bhāvagocare ||;
TĀ, 6: 6;7 1;kramākramātmā kālaśca paraḥ saṁvidi vartate |;
TĀ, 6: 6;7 2;kālī nāma parā śaktiḥ saiva devasya gīyate ||;
TĀ, 6: 6;8 1;saiva saṁvidbahiḥ svātmagarbhībhūtau kramākramau |;
TĀ, 6: 6;8 2;sphuṭayantī praroheṇa prāṇavṛttiriti sthitā ||;
TĀ, 6: 6;9 1;saṁvinmātraṁ hi yacchuddhaṁ prakāśaparamārthakam |;
TĀ, 6: 6;9 2;tanmeyamātmanaḥ projjhya viviktaṁ bhāsate nabhaḥ ||;
TĀ, 6: 6;10 1;tadeva śūnyarūpatvaṁ saṁvidaḥ parigīyate |;
TĀ, 6: 6;10 2;neti neti vimarśena yogināṁ sā parā daśā ||;
TĀ, 6: 6;11 1;sa eva khātmā meye .sminbhedite svīkriyonmukhaḥ |;
TĀ, 6: 6;11 2;patansamucchalattvena prāṇaspandormisaṁjñitaḥ ||;
TĀ, 6: 6;12 1;tenāhuḥ kila saṁvitprākprāṇe pariṇatā tathā |;
TĀ, 6: 6;12 2;antaḥkaraṇatattvasya vāyurāśrayatāṁ gataḥ ||;
TĀ, 6: 6;13 1;iyaṁ sā prāṇanāśaktirāntarodyogadohadā |;
TĀ, 6: 6;13 2;spandaḥ sphurattā viśrāntirjīvo hṛtpratibhā matā ||;
TĀ, 6: 6;14 1;sā prāṇavṛttiḥ prāṇādyai rūpaiḥ pañcabhirātmasāt |;
TĀ, 6: 6;14 2;dehaṁ yatkurute saṁvitpūrṇastenaiṣa bhāsate ||;
TĀ, 6: 6;15 1;prāṇanāvṛttitādātmyasaṁvitkhacitadehajām |;
TĀ, 6: 6;15 2;ceṣṭāṁ paśyantyato mugdhā nāstyanyaditi manvate ||;
TĀ, 6: 6;16 1;tāmeva bālamūrkhastrīprāyaveditṛsaṁśritām |;
TĀ, 6: 6;16 2;matiṁ pramāṇīkurvantaścārvākās tattvadarśinaḥ ||;
TĀ, 6: 6;17 1;teṣāṁ tathā bhāvanā ced dārḍhyameti nirantaram |;
TĀ, 6: 6;17 2;taddehabhaṅge suptāḥ syur ātādṛgvāsanākṣayāt ||;
TĀ, 6: 6;18 1;tadvāsanākṣaye tveṣāmakṣīṇaṁ vāsanāntaram |;
TĀ, 6: 6;18 2;buddhaṁ kutaścitsaṁsūte vicitrāṁ phalasampadam ||;
TĀ, 6: 6;19 1;adārḍhyaśaṅkanāt prācyavāsanātādavasthyataḥ |;
TĀ, 6: 6;19 2;anyakartavyaśaithilyātsaṁbhāvyānuśayatvataḥ ||;
TĀ, 6: 6;20 1;atadrūḍhānyajanatākartavyaparilopanāt |;
TĀ, 6: 6;20 2;nāstikyavāsanāmāhuḥ pāpātpāpīyasīmimām ||;
TĀ, 6: 6;21 1;alamaprastutenātha prakṛtaṁ pravivicyate |;
TĀ, 6: 6;21 2;yāvānsamasta evāyamadhvā prāṇe pratiṣṭhitaḥ ||;
TĀ, 6: 6;22 1;dvidhā ca so .dhvā kriyayā mūrtyā ca pravibhajyate |;
TĀ, 6: 6;22 2;prāṇa eva śikhā śrīmattriśirasyuditā hi sā ||;
TĀ, 6: 6;23 1;baddhā yāgādikāle tu niṣkalatvācchivātmikā |;
TĀ, 6: 6;23 2;yato .horātramadhye .syāścaturviṁśatidhā gatiḥ ||;
TĀ, 6: 6;24 1;prāṇavikṣeparandhrākhyaśataiścitraphalapradā |;
TĀ, 6: 6;24 2;kṣapā śaśī tathāpāno nāda ekatra tiṣṭhati ||;
TĀ, 6: 6;25 1;jīvādityo na codgacchettuṭyardhaṁ sāndhyamīdṛśam |;
TĀ, 6: 6;25 2;ūrdhvavaktro raviścandro .dhomukho vahnirantare ||;
TĀ, 6: 6;26 1;mādhyāhnikī mokṣadā syādvyomamadhyasthito raviḥ |;
TĀ, 6: 6;26 2;anastamitasāro hi jantucakraprabodhakaḥ ||;
TĀ, 6: 6;27 1;binduḥ prāṇo hyahaścaiva ravirekatra tiṣṭhati |;
TĀ, 6: 6;27 2;mahāsandhyā tṛtīyā tu supraśāntātmikā sthitā ||;
TĀ, 6: 6;28 1;evaṁ baddhā śikhā yatra tattatphalaniyojikā |;
TĀ, 6: 6;28 2;ataḥ saṁvidi sarvo .yamadhvā viśramya tiṣṭhati ||;
TĀ, 6: 6;29 1;amūrtāyāḥ sarvagatvānniṣkriyāyāśca saṁvidaḥ |;
TĀ, 6: 6;29 2;mūrtikriyābhāsanaṁ yatsa evādhvā maheśituḥ ||;
TĀ, 6: 6;30 1;adhvā krameṇa yātavye pade saṁprāptikāraṇam |;
TĀ, 6: 6;30 2;dvaitināṁ bhogyabhāvāttu prabuddhānāṁ yato .dyate ||;
TĀ, 6: 6;31 1;iha sarvatra śabdānāmanvarthaṁ carcayedyataḥ |;
TĀ, 6: 6;31 2;uktaṁ śrīmanniśācāre saṁjñātra trividhā matā ||;
TĀ, 6: 6;32 1;naimittikī prasiddhā ca tathānyā pāribhāṣikī |;
TĀ, 6: 6;32 2;pūrvatve vā pradhānaṁ syāttatrāntarbhāvayettataḥ ||;
TĀ, 6: 6;33 1;ato .dhvaśabdasyokteyaṁ niruktirnoditāpi cet |;
TĀ, 6: 6;33 2;kvacitsvabuddhyā sāpyūhyā kiyallekhyaṁ hi pustake ||;
TĀ, 6: 6;34 1;tatra kriyābhāsanaṁ yatso .dhvā kālāhva ucyate |;
TĀ, 6: 6;34 2;varṇamantrapadābhikhyamatrāste .dhvatrayaṁ sphuṭam ||;
TĀ, 6: 6;35 1;yastu mūrtyavabhāsāṁśaḥ sa deśādhvā nigadyate |;
TĀ, 6: 6;35 2;kalātattvapurābhikhyamantarbhūtamiha trayam ||;
TĀ, 6: 6;36 1;trikadvaye .tra pratyekaṁ sthūlaṁ sūkṣmaṁ paraṁ vapuḥ yato .sti tena sarvo .yamadhvā ṣaḍvidha ucyate ||;
TĀ, 6: 6;37 1;ṣaḍvidhādadhvanaḥ prācyaṁ yadetattritayaṁ punaḥ |;
TĀ, 6: 6;37 2;eṣa eva sa kālādhvā prāṇe spaṣṭaṁ pratiṣṭhitaḥ ||;
TĀ, 6: 6;38 1;tattvamadhyasthitātkālādanyo .yaṁ kāla ucyate |;
TĀ, 6: 6;38 2;eṣa kālo hi devasya viśvābhāsanakāriṇī ||;
TĀ, 6: 6;39 1;kriyāśaktiḥ samastānāṁ tattvānāṁ ca paraṁ vapuḥ |;
TĀ, 6: 6;39 2;etadīśvaratattvaṁ tacchivasya vapurucyate ||;
TĀ, 6: 6;40 1;udriktābhogakāryātmaviśvaikātmyamidaṁ yataḥ |;
TĀ, 6: 6;40 2;etadīśvararūpatvaṁ paramātmani yatkila ||;
TĀ, 6: 6;41 1;tatpramātari māyīye kālatattvaṁ nigadyate |;
TĀ, 6: 6;41 2;śivādiśuddhavidyāntaṁ yacchivasya svakaṁ vapuḥ ||;
TĀ, 6: 6;42 1;tadeva puṁso māyādirāgāntaṁ kañcukībhavet |;
TĀ, 6: 6;42 2;anāśritaṁ yato māyā kalāvidye sadāśivaḥ ||;
TĀ, 6: 6;43 1;īśvaraḥ kālaniyatī sadvidyā rāga ucyate |;
TĀ, 6: 6;43 2;anāśritaḥ śūnyamātā buddhimātā sadāśivaḥ ||;
TĀ, 6: 6;44 1;īśvaraḥ prāṇamātā ca vidyā dehapramātṛtā |;
TĀ, 6: 6;44 2;anāśrayo hi śūnyatvaṁ jñānameva hi buddhitā ||;
TĀ, 6: 6;45 1;viśvātmatā ca prāṇatvaṁ dehe vedyaikatānatā |;
TĀ, 6: 6;45 2;tena prāṇapathe viśvā kalaneyaṁ virājate ||;
TĀ, 6: 6;46 1;yena rūpeṇa tadvacmaḥ sadbhistadavadhīyatām |;
TĀ, 6: 6;46 2;dvādaśāntāvadhāvasmindehe yadyapi sarvataḥ ||;
TĀ, 6: 6;47 1;otaprotātmakaḥ prāṇastathāpītthaṁ na susphuṭaḥ |;
TĀ, 6: 6;47 2;yatno jīvanamātrātmā tatparaśca dvidhā mataḥ ||;
TĀ, 6: 6;48 1;saṁvedyaścāpy asaṁvedyo dvidhetthaṁ bhidyate punaḥ |;
TĀ, 6: 6;48 2;sphuṭāsphuṭatvāddvaividhyaṁ pratyekaṁ paribhāvayet ||;
TĀ, 6: 6;49 1;saṁvedyajīvanābhikhyaprayatnaspandasundaraḥ |;
TĀ, 6: 6;49 2;prāṇaḥ kandātprabhṛtyeva tathāpyatra na susphuṭaḥ ||;
TĀ, 6: 6;50 1;kandādhārātprabhṛtyeva vyavasthā tena kathyate |;
TĀ, 6: 6;50 2;svacchandaśāstre nāḍīnāṁ vāyvādhāratayā sphuṭam ||;
TĀ, 6: 6;51 1;tatrāpi tu prayatno .sau na saṁvedyatayā sthitaḥ |;
TĀ, 6: 6;51 2;vedyayatnāttu hṛdayātprāṇacāro vibhajyate ||;
TĀ, 6: 6;52 1;prabhoḥ śivasya yā śaktirvāmā jyeṣṭhā ca raudrikā |;
TĀ, 6: 6;52 2;satadanyatamāvātmaprāṇau yatnavidhāyinau ||;
TĀ, 6: 6;53 1;prabhuśaktiḥ kvacinmukhyā yathāṅgamarudīraṇe |;
TĀ, 6: 6;53 2;ātmaśaktiḥ kvacitkandasaṁkocaspandane yathā ||;
TĀ, 6: 6;54 1;prāṇaśaktiḥ kvacitprāṇacāre hārde yathā sphuṭam |;
TĀ, 6: 6;54 2;trayaṁ dvayaṁ vā mukhyaṁ syādyogināmavadhāninām ||;
TĀ, 6: 6;55 1;avadhānād adṛṣṭāṁśād balavattvād atheraṇāt |;
TĀ, 6: 6;55 2;viparyayo .pi prāṇātmaśaktīnāṁ mukhyatāṁ prati ||;
TĀ, 6: 6;56 1;vāmā saṁsāriṇāmīśā prabhuśaktirvidhāyinī |;
TĀ, 6: 6;56 2;jyeṣṭhā tu suprabuddhānāṁ bubhutsūnāṁ ca raudrikā ||;
TĀ, 6: 6;57 1;vāmā saṁsāravamanā jyeṣṭhā śivamayī yataḥ |;
TĀ, 6: 6;57 2;drāvayitrī rujāṁ raudrī roddhrī cākhilakarmaṇām ||;
TĀ, 6: 6;58 1;sṛṣṭyāditattvam ajñātvā na mukto nāpi mocayet |;
TĀ, 6: 6;58 2;uktaṁ ca śrīyogacāre mokṣaḥ sarvaprakāśanāt ||;
TĀ, 6: 6;59 1;utpattisthitisaṁhārān ye na jānanti yoginaḥ |;
TĀ, 6: 6;59 2;na muktāste tadajñānabandhanaikādhivāsitāḥ ||;
TĀ, 6: 6;60 1;sṛṣṭyādayaśca te sarve kālādhīnā na saṁśayaḥ |;
TĀ, 6: 6;60 2;sa ca prāṇātmakastasmāduccāraḥ kathyate sphuṭaḥ ||;
TĀ, 6: 6;61 1;hṛdayātprāṇacāraśca nāsikyadvādaśāntataḥ |;
TĀ, 6: 6;61 2;ṣaṭtriṁśadaṅgulo jantoḥ sarvasya svāṅgulakramāt ||;
TĀ, 6: 6;62 1;kṣodiṣṭhe vā mahiṣṭhe vā dehe tādṛśa eva hi |;
TĀ, 6: 6;62 2;vīryamojo balaṁ spandaḥ prāṇacāraḥ samaṁ tataḥ ||;
TĀ, 6: 6;63 1;ṣaṭtriṁśadaṅgule cāre yadgamāgamayugmakam |;
TĀ, 6: 6;63 2;nālikātithimāsābdatatsaṅgho .tra sphuṭaṁ sthitaḥ ||;
TĀ, 6: 6;64 1;tuṭiḥ sapādāṅgulayukprāṇastāḥ ṣoḍaśocchvasan |;
TĀ, 6: 6;64 2;niḥśvasaṁścātra caṣakaḥ sapañcāṁśe .ṅgule .ṅgule ||;
TĀ, 6: 6;65 1;śvāsapraśvāsayornālī proktāhorātra ucyate |;
TĀ, 6: 6;65 2;navāṅgulāmbudhituṭau praharāste .bdhayo dinam ||;
TĀ, 6: 6;66 1;nirgame .ntarniśenendū tayoḥ saṁdhye tuṭerdale |;
TĀ, 6: 6;66 2;ketuḥ sūrye vidhau rāhurbhaumādervārabhāginaḥ ||;
TĀ, 6: 6;67 1;praharadvayamanyeṣāṁ grahāṇāmudayo .ntarā |;
TĀ, 6: 6;67 2;siddhirdavīyasī mokṣo .bhicāraḥ pāralaukikī ||;
TĀ, 6: 6;68 1;aihikī dūranaikaṭyātiśayā praharāṣṭake |;
TĀ, 6: 6;68 2;madhyāhnamadhyaniśayorabhijinmokṣabhogadā ||;
TĀ, 6: 6;69 1;nakṣatrāṇāṁ tadanyeṣāmudayo madhyataḥ kramāt |;
TĀ, 6: 6;69 2;nāgā lokeśamūrtīśā gaṇeśā jalatattvataḥ ||;
TĀ, 6: 6;70 1;pradhānāntaṁ nāyakāśca vidyātattvādhināyakāḥ |;
TĀ, 6: 6;70 2;sakalādyāśca kaṇṭhyoṣṭhyaparyantā bhairavāstathā ||;
TĀ, 6: 6;71 1;śaktayaḥ pārameśvaryo vāmeśā vīranāyakāḥ |;
TĀ, 6: 6;71 2;aṣṭāvaṣṭau ye ya itthaṁ vyāpyavyāpakatājuṣaḥ ||;
TĀ, 6: 6;72 1;sthūlasūkṣmāḥ kramātteṣāmudayaḥ praharāṣṭake |;
TĀ, 6: 6;72 2;dine krūrāṇi saumyāni rātrau karmāṇyasaṁśayam ||;
TĀ, 6: 6;73 1;krūratā saumyatā vābhisandherapi nirūpitā |;
TĀ, 6: 6;73 2;dinarātrikṣaye muktiḥ sā vyāptidhyānayogataḥ ||;
TĀ, 6: 6;74 1;te coktāḥ parameśena śrīmadvīrāvalīkule |;
TĀ, 6: 6;74 2;sitāsitau dīrghahrasvau dharmādharmau dinakṣape ||;
TĀ, 6: 6;75 1;kṣīyete yadi taddīkṣā vyāptyā dhyānena yogataḥ |;
TĀ, 6: 6;75 2;ahorātraḥ prāṇacāre kathito māsa ucyate ||;
TĀ, 6: 6;76 1;dinaṁ kṛṣṇo niśā śuklaḥ pakṣau karmasu pūrvavat |;
TĀ, 6: 6;76 2;yāḥ ṣoḍaśoktāstithayastāsu ye pūrvapaścime ||;
TĀ, 6: 6;77 1;tayostu viśramo .rdhe .rdhe tithyaḥ pañcadaśetarāḥ |;
TĀ, 6: 6;77 2;sapāde dvyaṅgule tithyā ahorātro vibhajyate ||;
TĀ, 6: 6;78 1;prakāśaviśramavaśāttāveva hi dinakṣape |;
TĀ, 6: 6;78 2;saṁvitpratikṣaṇaṁ yasmātprakāśānandayoginī ||;
TĀ, 6: 6;79 1;tau kL.ptau yāvati tayā tāvatyeva dinakṣape |;
TĀ, 6: 6;79 2;yāvatyeva hi saṁvittiruditoditasusphuṭā ||;
TĀ, 6: 6;80 1;tāvāneva kṣaṇaḥ kalpo nimeṣo vā tadastvapi |;
TĀ, 6: 6;80 2;yāvānevodayo vittervedyaikagrahatatparaḥ ||;
TĀ, 6: 6;81 1;tāvadevāstamayanaṁ veditṛsvātmacarvaṇam |;
TĀ, 6: 6;81 2;vedye ca bahirantarvā dvaye vātha dvayojjhite ||;
TĀ, 6: 6;82 1;sarvathā tanmayībhūtirdinaṁ vettṛsthatā niśā |;
TĀ, 6: 6;82 2;veditā vedyaviśrānto vettā tvantarmukhasthitiḥ ||;
TĀ, 6: 6;83 1;purā vicārayanpaścātsattāmātrasvarūpakaḥ |;
TĀ, 6: 6;83 2;jāgradveditṛtā svapno vettṛbhāvaḥ purātanaḥ ||;
TĀ, 6: 6;84 1;paraḥ suptaṁ kṣaye rātridinayosturyamadvayam |;
TĀ, 6: 6;84 2;kadācidvastuviśrāntisāmyenātmani carvaṇam ||;
TĀ, 6: 6;85 1;vedyavedakasāmyaṁ tat sā rātridinatulyatā |;
TĀ, 6: 6;85 2;vedye viśrāntiradhikā dinadairghyāya tatra tu ||;
TĀ, 6: 6;86 1;nyūnā syātsvātmaviśrāntirviparīte viparyayaḥ |;
TĀ, 6: 6;86 2;svātmautsukye prabuddhe hi vedyaviśrāntiralpikā ||;
TĀ, 6: 6;87 1;itthameva divārātrinyūnādhikyakramaṁ vadet |;
TĀ, 6: 6;87 2;yathā deheṣvahorātranyūnādhikyādi no samam ||;
TĀ, 6: 6;88 1;tathā pureṣvapītyevaṁ tadviśeṣeṇa noditam |;
TĀ, 6: 6;88 2;śrītraiyambakasantānavitatāmbarabhāskaraḥ ||;
TĀ, 6: 6;89 1;dinarātrikramaṁ me śrīśaṁbhur ittham apaprathat |;
TĀ, 6: 6;89 2;śrīsantānagurustvāha sthānaṁ buddhāprabuddhayoḥ ||;
TĀ, 6: 6;90 1;hṛda ārabhya yattena rātriṁdivavibhājanam |;
TĀ, 6: 6;90 2;tadasatsitapakṣe .ntaḥ praveśollāsabhāgini ||;
TĀ, 6: 6;91 1;abuddhasthānamevaitaddinatvena kathaṁ bhavet |;
TĀ, 6: 6;91 2;alaṁ vānena nedaṁ vā mama prāṅmatamatsaraḥ ||;
TĀ, 6: 6;92 1;heye tu darśite śiṣyāḥ satpathaikāntadarśinaḥ |;
TĀ, 6: 6;92 2;vyākhyātaḥ kṛṣṇapakṣo yastatra prāṇagataḥ śaśī ||;
TĀ, 6: 6;93 1;āpyāyanātmanaikaikāṁ kalāṁ pratitithi tyajet |;
TĀ, 6: 6;93 2;dvādaśāntasamīpe tu yāsau pañcadaśī tuṭiḥ ||;
TĀ, 6: 6;94 1;sāmāvasyātra sa kṣīṇaścandraḥ prāṇārkamāviśet |;
TĀ, 6: 6;94 2;uktaṁ śrīkāmikāyāṁ ca nordhve .dhaḥ prakṛtiḥ parā |;
TĀ, 6: 6;94 3;ardhārdhe kramate māyā dvikhaṇḍā śivarūpiṇī ||;
TĀ, 6: 6;95 1;candrasūryātmanā dehaṁ pūrayet pravilāpayet |;
TĀ, 6: 6;95 2;amṛtaṁ candrarūpeṇa dvidhā ṣoḍaśadhā punaḥ ||;
TĀ, 6: 6;96 1;pibanti ca surāḥ sarve daśapañca parāḥ kalāḥ |;
TĀ, 6: 6;96 2;amā śeṣaguhāntaḥsthāmāvāsyā viśvatarpiṇī ||;
TĀ, 6: 6;97 1;evaṁ kalāḥ pañcadaśa kṣīyante śaśinaḥ kramāt |;
TĀ, 6: 6;97 2;āpyāyinyamṛtābrūpatādātmyātṣoḍaśī na tu ||;
TĀ, 6: 6;98 1;tatra pañcadaśī yāsau tuṭiḥ prakṣīṇacandramāḥ |;
TĀ, 6: 6;98 2;tadūrdhvagaṁ yattuṭyardhaṁ pakṣasaṁdhiḥ sa kīrtitaḥ ||;
TĀ, 6: 6;99 1;tasmādviśramatuṭyardhādāmāvasyaṁ purādalam |;
TĀ, 6: 6;99 2;paraṁ prātipadaṁ cārdhamiti saṁdhiḥ sa kalpyate ||;
TĀ, 6: 6;100 1;tatra prātipade tasmiṁstuṭyardhārdhe purādalam |;
TĀ, 6: 6;100 2;āmāvasyaṁ tithicchedātkuryātsūryagrahaṁ viśat ||;
TĀ, 6: 6;101 1;tatrārkamaṇḍale līnaḥ śaśī sravati yanmadhu |;
TĀ, 6: 6;101 2;taptatvāttatpibedindusahabhūḥ siṁhikāsutaḥ ||;
TĀ, 6: 6;102 1;arkaḥ pramāṇaṁ somastu meyaṁ jñānakriyātmakau |;
TĀ, 6: 6;102 2;rāhurmāyāpramātā syāttadācchādanakovidaḥ ||;
TĀ, 6: 6;103 1;tata eva tamorūpo vilāpayitumakṣamaḥ |;
TĀ, 6: 6;103 2;tatsaṁghaṭṭādvayollāso mukhyo mātā vilāpakaḥ ||;
TĀ, 6: 6;104 1;arkendurāhusaṁghaṭṭāt pramāṇaṁ vedyavedakau |;
TĀ, 6: 6;104 2;advayena tatastena puṇya eṣa mahāgrahaḥ ||;
TĀ, 6: 6;105 1;amāvasyāṁ vināpyeṣa saṁghaṭṭaścenmahāgrahaḥ |;
TĀ, 6: 6;105 2;yathārke meṣage rāhāvaśvinīsthe .śvinīdine ||;
TĀ, 6: 6;106 1;āmāvāsyaṁ yadā tvardhaṁ līnaṁ prātipade dale |;
TĀ, 6: 6;106 2;pratipacca viśuddhā syāttanmokṣo dūrage vidhau ||;
TĀ, 6: 6;107 1;grāsamokṣāntare snānadhyānahomajapādikam |;
TĀ, 6: 6;107 2;laukikālaukikaṁ bhūyaḥphalaṁ syātpāralaukikam ||;
TĀ, 6: 6;108 1;grāsyagrāsakatākṣobhaprakṣaye kṣaṇamāviśan |;
TĀ, 6: 6;108 2;mokṣabhāgdhyānapūjādi kurvaṁścandrārkayorgrahe ||;
TĀ, 6: 6;109 1;tithiccheda ṛṇaṁ kāso vṛddhirniḥśvasanaṁ dhanam |;
TĀ, 6: 6;109 2;ayatnajaṁ yatnajaṁ tu recanādatha rodhanāt ||;
TĀ, 6: 6;110 1;evaṁ prāṇe viśati citsūrya induṁ sudhāmayam |;
TĀ, 6: 6;110 2;ekaikadhyena bodhāṁśuṁ kalayā paripūrayet ||;
TĀ, 6: 6;111 1;kramasampūraṇāśāliśaśāṅkāmṛtasundarāḥ |;
TĀ, 6: 6;111 2;tuṭyaḥ pañcadaśaitāḥ syustithayaḥ sitapakṣagāḥ ||;
TĀ, 6: 6;112 1;antyāyāṁ pūrṇamastuṭyāṁ pūrvavatpakṣasandhitā |;
TĀ, 6: 6;112 2;indugrahaśca pratipatsandhau pūrvapraveśataḥ ||;
TĀ, 6: 6;113 1;aihikaṁ grahaṇe cātra sādhakānāṁ mahāphalam |;
TĀ, 6: 6;113 2;prāgvadanyadayaṁ māsaḥ prāṇacāre .bda ucyate ||;
TĀ, 6: 6;114 1;ṣaṭsu ṣaṭsvaṅguleṣvarko hṛdayānmakarādiṣu |;
TĀ, 6: 6;114 2;tiṣṭhan māghādikaṁ ṣaṭkaṁ kuryāttaccottarāyaṇam ||;
TĀ, 6: 6;115 1;saṁkrāntitritaye vṛtte bhukte cāṣṭādaśāṅgule |;
TĀ, 6: 6;115 2;meṣaṁ prāpte ravau puṇyaṁ viṣuvatpāralaukikam ||;
TĀ, 6: 6;116 1;praveśe tu tulāsthe .rke tadeva viṣuvadbhavet |;
TĀ, 6: 6;116 2;iha siddhipradaṁ caitaddakṣiṇāyanagaṁ tataḥ ||;
TĀ, 6: 6;117 1;garbhatā prodbubhūṣiṣyadbhāvaś cāthodbubhūṣutā |;
TĀ, 6: 6;117 2;udbhaviṣyattvamudbhūtiprārambho .pyudbhavasthitiḥ ||;
TĀ, 6: 6;118 1;janma sattā pariṇatirvṛddhirhrāsaḥ kṣayaḥ kramāt |;
TĀ, 6: 6;118 2;makarādīni tenātra kriyā sūte sadṛkphalam ||;
TĀ, 6: 6;119 1;āmutrike jhaṣaḥ kumbho mantrādeḥ pūrvasevane |;
TĀ, 6: 6;119 2;catuṣkaṁ kila mīnādyamantikaṁ cottarottaram ||;
TĀ, 6: 6;120 1;praveśe khalu tatraiva śāntipuṣṭyādisundaram |;
TĀ, 6: 6;120 2;karma syādaihikaṁ tacca dūradūraphalaṁ kramāt ||;
TĀ, 6: 6;121 1;nirgame dinavṛddhiḥ syādviparīte viparyayaḥ |;
TĀ, 6: 6;121 2;varṣe .smiṁstithayaḥ pañca pratyaṅgulamiti kramaḥ ||;
TĀ, 6: 6;122 1;tatrāpyahorātravidhiriti sarvaṁ hi pūrvavat |;
TĀ, 6: 6;122 2;prāṇīye varṣa etasminkārtikādiṣu dakṣataḥ ||;
TĀ, 6: 6;123 1;pitāmahāntaṁ rudrāḥ syurdvādaśāgre .tra bhāvinaḥ |;
TĀ, 6: 6;123 2;prāṇe varṣodayaḥ prokto dvādaśābdodayo .dhunā ||;
TĀ, 6: 6;124 1;kharasāstithya ekasmin ekasmin aṅgule kramāt |;
TĀ, 6: 6;124 2;dvādaśābdodaye te ca caitrādyā dvādaśoditāḥ ||;
TĀ, 6: 6;125 1;caitre mantroditiḥ so .pi tālunyukto .dhunā punaḥ |;
TĀ, 6: 6;125 2;hṛdi caitroditistena tatra mantrodayo .pi hi ||;
TĀ, 6: 6;126 1;pratyaṅgulaṁ tithīnāṁ tu triśate parikalpite |;
TĀ, 6: 6;126 2;sapañcāṁśāṅgule .bdaḥ syātprāṇe ṣaṣṭyabdatā punaḥ ||;
TĀ, 6: 6;127 1;śatāni ṣaṭ sahasrāṇi caikaviṁśatirityayam |;
TĀ, 6: 6;127 2;vibhāgaḥ prāṇagaḥ ṣaṣṭivarṣāhorātra ucyate ||;
TĀ, 6: 6;128 1;praharāharniśāmāsaṛtvabdaraviṣaṣṭigaḥ |;
TĀ, 6: 6;128 2;yaśchedastatra yaḥ sandhiḥ sa puṇyo dhyānapūjane ||;
TĀ, 6: 6;129 1;iti prāṇodaye yo .yaṁ kālaḥ śaktyekavigrahaḥ |;
TĀ, 6: 6;129 2;viśvātmāntaḥsthitastasya bāhye rūpaṁ nirūpyate ||;
TĀ, 6: 6;130 1;ṣaṭ prāṇāścaṣakasteṣāṁ ṣaṣṭirnālī ca tāstathā |;
TĀ, 6: 6;130 2;tithistattriṁśatā māsaste dvādaśa tu vatsaraḥ ||;
TĀ, 6: 6;131 1;abdaṁ pitryastvahorātra udagdakṣiṇato .yanāt |;
TĀ, 6: 6;131 2;pitṝṇāṁ yatsvamānena varṣaṁ taddivyamucyate ||;
TĀ, 6: 6;132 1;ṣaṣṭyadhikaṁ ca triśataṁ varṣāṇāmatra mānuṣam |;
TĀ, 6: 6;132 2;tacca dvādaśabhirhatvā māsasaṁkhyātra labhyate ||;
TĀ, 6: 6;133 1;tāṁ punastriṁśatā hatvāhorātrakalpanā vadet |;
TĀ, 6: 6;133 2;hatvā tāṁ caikaviṁśatyā sahasraiḥ ṣaṭśatena ca ||;
TĀ, 6: 6;134 1;prāṇasaṁkhyāṁ vadettatra ṣaṣṭyādyabdodayaṁ punaḥ |;
TĀ, 6: 6;134 2;uktaṁ ca gurubhiḥ śrīmadrauravādisvavṛttiṣu ||;
TĀ, 6: 6;135 1;devānāṁ yadahorātraṁ mānuṣāṇāṁ sa hāyanaḥ |;
TĀ, 6: 6;135 2;śatatrayeṇa ṣaṣṭyā ca nṝṇāṁ vibudhavatsaraḥ ||;
TĀ, 6: 6;136 1;śrīmatsvacchandaśāstre ca tadeva matamīkṣyate |;
TĀ, 6: 6;136 2;pitṝṇāṁ tadahorātramityupakramya pṛṣṭhataḥ ||;
TĀ, 6: 6;137 1;evaṁ daivastvahorātra iti hyaikyopasaṁhṛtiḥ |;
TĀ, 6: 6;137 2;tena ye guravaḥ śrīmatsvacchandoktidvayāditaḥ ||;
TĀ, 6: 6;138 1;pitryaṁ varṣaṁ divyadinamūcurbhrāntā hi te mudhā |;
TĀ, 6: 6;138 2;divyārkābdasahasrāṇi yugeṣu caturāditaḥ ||;
TĀ, 6: 6;139 1;ekaikahānyā tāvadbhiḥ śataisteṣvaṣṭa saṁdhayaḥ |;
TĀ, 6: 6;139 2;caturyugaikasaptatyā manvantaste caturdaśa ||;
TĀ, 6: 6;140 1;brahmaṇo .hastatra cendrāḥ kramādyānti caturdaśa |;
TĀ, 6: 6;140 2;brahmāho .nte kālavahnerjvālā yojanalakṣiṇī ||;
TĀ, 6: 6;141 1;dagdhvā lokatrayaṁ dhūmāttvanyatprasvāpayettrayam |;
TĀ, 6: 6;141 2;nirayebhyaḥ purā kālavahnervyaktiryatastataḥ ||;
TĀ, 6: 6;142 1;vibhuradhaḥsthito .pīśa iti śrīrauravaṁ matam |;
TĀ, 6: 6;142 2;brahmaniḥśvāsanirdhūte bhasmani svedavāriṇā ||;
TĀ, 6: 6;143 1;tadīyenāplutaṁ viśvaṁ tiṣṭhettāvanniśāgame |;
TĀ, 6: 6;143 2;tasminniśāvadhau sarve pudgalāḥ sūkṣmadehagāḥ ||;
TĀ, 6: 6;144 1;agnivegeritā loke jane syurlayakevalāḥ |;
TĀ, 6: 6;144 2;kūṣmāṇḍahāṭakādyāstu krīḍanti mahadālaye ||;
TĀ, 6: 6;145 1;niśākṣaye punaḥ sṛṣṭiṁ kurute tāmasāditaḥ |;
TĀ, 6: 6;145 2;svakavarṣaśatānte .sya kṣayastadvaiṣṇavaṁ dinam ||;
TĀ, 6: 6;146 1;rātriśca tāvatītyevaṁ viṣṇurudraśatābhidhāḥ |;
TĀ, 6: 6;146 2;kramātsvasvaśatānteṣu naśyantyatrāṇḍalopataḥ ||;
TĀ, 6: 6;147 1;abādyavyaktatattvānteṣvitthaṁ varṣaśataṁ kramāt |;
TĀ, 6: 6;147 2;dinarātrivibhāgaḥ syāt svasvāyuḥśatamānataḥ ||;
TĀ, 6: 6;148 1;brahmaṇaḥ pralayollāsasahasraistu rasāgnibhiḥ |;
TĀ, 6: 6;148 2;avyaktastheṣu rudreṣu dinaṁ rātriśca tāvatī ||;
TĀ, 6: 6;149 1;tadā śrīkaṇṭha eva syātsākṣātsaṁhārakṛtprabhuḥ |;
TĀ, 6: 6;149 2;sarve rudrāstathā mūle māyāgarbhādhikāriṇaḥ ||;
TĀ, 6: 6;150 1;avyaktākhye hyāviriñcācchrīkaṇṭhena sahāsate |;
TĀ, 6: 6;150 2;nivṛttādhaḥsthakarmā hi brahmā tatrādhare dhiyaḥ ||;
TĀ, 6: 6;151 1;na bhoktā jño .dhikāre tu vṛtta eva śivībhavet |;
TĀ, 6: 6;151 2;sa eṣo .vāntaralayastatkṣaye sṛṣṭirucyate ||;
TĀ, 6: 6;152 1;sāṁkhyavedādisaṁsiddhāñchrīkaṇṭhas tadaharmukhe |;
TĀ, 6: 6;152 2;sṛjatyeva punastena na samyaṅmuktirīdṛśī ||;
TĀ, 6: 6;153 1;pradhāne yadahorātraṁ tajjaṁ varṣaśataṁ vibhoḥ |;
TĀ, 6: 6;153 2;śrīkaṇṭhasyāyuretacca dinaṁ kañcukavāsinām ||;
TĀ, 6: 6;154 1;tatkramānniyatiḥ kālo rāgo vidyā kaletyamī |;
TĀ, 6: 6;154 2;yāntyanyonyaṁ layaṁ teṣām āyur gāhanikaṁ dinam ||;
TĀ, 6: 6;155 1;taddinaprakṣaye viśvaṁ māyāyāṁ pravilīyate |;
TĀ, 6: 6;155 2;kṣīṇāyāṁ niśi tāvatyāṁ gahaneśaḥ sṛjetpunaḥ ||;
TĀ, 6: 6;156 1;evamavyaktakālaṁ tu parārdhairdaśabhirjahi |;
TĀ, 6: 6;156 2;māyāhastāvatī rātrirbhavetpralaya eṣa saḥ ||;
TĀ, 6: 6;157 1;māyākālaṁ parārdhānāṁ guṇayitvā śatena tu |;
TĀ, 6: 6;157 2;aiśvaro divaso nādaḥ prāṇātmātra sṛjejjagat ||;
TĀ, 6: 6;158 1;tāvatī caiśvarī rātriryatra prāṇaḥ praśāmyati |;
TĀ, 6: 6;158 2;prāṇagarbhasthamapyatra viśvaṁ sauṣumnavartmanā ||;
TĀ, 6: 6;159 1;prāṇe brahmabile śānte saṁvidyāpyavaśiṣyate |;
TĀ, 6: 6;159 2;aṁśāṁśikāto .pyetasyāḥ sūkṣmasūkṣmataro layaḥ ||;
TĀ, 6: 6;160 1;guṇayitvaiśvaraṁ kālaṁ parārdhānāṁ śatena tu |;
TĀ, 6: 6;160 2;sādāśivaṁ dinaṁ rātrirmahāpralaya eva ca ||;
TĀ, 6: 6;161 1;sadāśivaḥ svakālānte bindvardhendunirodhikāḥ |;
TĀ, 6: 6;161 2;ākramya nāde līyeta gṛhītvā sacarācaram ||;
TĀ, 6: 6;162 1;nādo nādāntavṛttyā tu bhittvā brahmabilaṁ haṭhāt |;
TĀ, 6: 6;162 2;śaktitattve layaṁ yāti nijakālaparikṣaye ||;
TĀ, 6: 6;163 1;etāvacchaktitattve tu vijñeyaṁ khalvaharniśam |;
TĀ, 6: 6;163 2;śaktiḥ svakālavilaye vyāpinyāṁ līyate punaḥ ||;
TĀ, 6: 6;164 1;vyāpinyā taddivārātraṁ līyate sāpyanāśrite |;
TĀ, 6: 6;164 2;parārdhakoṭyā hatvāpi śaktikālamanāśrite ||;
TĀ, 6: 6;165 1;dinaṁ rātriśca tatkāle parārdhaguṇite .pi ca |;
TĀ, 6: 6;165 2;so .pi yāti layaṁ sāmyasaṁjñe sāmanase pade ||;
TĀ, 6: 6;166 1;sa kālaḥ sāmyasaṁjñaḥ syānnityo .kalyaḥ kalātmakaḥ |;
TĀ, 6: 6;166 2;yattatsāmanasaṁ rūpaṁ tatsāmyaṁ brahma viśvagam ||;
TĀ, 6: 6;167 1;ataḥ sāmanasāt kālānnimeṣonmeṣamātrataḥ |;
TĀ, 6: 6;167 2;tuṭyādikaṁ parārdhāntaṁ sūte saivātra niṣṭhitam ||;
TĀ, 6: 6;168 1;daśaśatasahasramayutaṁ lakṣaniyutakoṭi sārbudaṁ kharvanikharve śaṁkhābjajaladhimadhyāntamatha |;
TĀ, 6: 6;169 1;ityekasmātprabhṛti hi daśadhā daśadhā krameṇa kalayitvā |;
TĀ, 6: 6;169 2;ekādiparārdhānteṣvaṣṭādaśasu sthitiṁ brūyāt ||;
TĀ, 6: 6;170 1;catvāra ete pralayā mukhyāḥ sargāśca tatkalāḥ |;
TĀ, 6: 6;170 2;bhūmūlanaiśaśaktisthāstadevāṇḍacatuṣṭayam ||;
TĀ, 6: 6;171 1;kālāgnirbhuvi saṁhartā māyānte kālatattvarāṭ |;
TĀ, 6: 6;171 2;śrīkaṇṭho mūla ekatra sṛṣṭisaṁhārakārakaḥ ||;
TĀ, 6: 6;172 1;tallayo vāntarastasmādekaḥ sṛṣṭilayeśitā |;
TĀ, 6: 6;172 2;śrīmānaghoraḥ śaktyante saṁhartā sṛṣṭikṛcca saḥ ||;
TĀ, 6: 6;173 1;tatsṛṣṭau sṛṣṭisaṁhārā niḥsaṁkhyā jagatāṁ yataḥ |;
TĀ, 6: 6;173 2;antarbhūtāstataḥ śāktī mahāsṛṣṭirudāhṛtā ||;
TĀ, 6: 6;174 1;laye brahmā harī rudraśatānyaṣṭakapañcakam |;
TĀ, 6: 6;174 2;ityanyonyaṁ kramādyānti layaṁ māyāntake .dhvani ||;
TĀ, 6: 6;175 1;māyātattvalaye tvete prayānti paramaṁ padam |;
TĀ, 6: 6;175 2;māyordhve ye sitādhvasthāsteṣāṁ paraśive layaḥ ||;
TĀ, 6: 6;176 1;tatrāpyaupādhikādbhedāllaye bhedaṁ pare viduḥ |;
TĀ, 6: 6;176 2;evaṁ tāttveśvare varge līne sṛṣṭau punaḥ pare ||;
TĀ, 6: 6;177 1;tatsādhakāḥ śiveṣṭā vā tatsthānamadhiśerate |;
TĀ, 6: 6;177 2;brāhmī nāma parasyaiva śaktistāṁ yatra pātayet ||;
TĀ, 6: 6;178 1;sa brahmā viṣṇurudrādyā vaiṣṇavyāderataḥ kramāt |;
TĀ, 6: 6;178 2;śaktimantaṁ vihāyānyaṁ śaktiḥ kiṁ yāti nedṛśam ||;
TĀ, 6: 6;179 1;chāditaprathitāśeṣaṁ śaktirekaḥ śivastathā |;
TĀ, 6: 6;179 2;evaṁ visṛṣṭipralayāḥ prāṇa ekatra niṣṭhitāḥ ||;
TĀ, 6: 6;180 1;so .pi saṁvidi saṁvicca cinmātre jñeyavarjite |;
TĀ, 6: 6;180 2;cinmātrameva devī ca sā parā parameśvarī ||;
TĀ, 6: 6;181 1;aṣṭātriṁśaṁ ca tattattvaṁ hṛdayaṁ tatparāparam |;
TĀ, 6: 6;181 2;tena saṁvittvamevaitatspandamānaṁ svabhāvataḥ ||;
TĀ, 6: 6;182 1;layodayā iti prāṇe ṣaṣṭyabdodayakīrtanam |;
TĀ, 6: 6;182 2;icchāmātrapratiṣṭheyaṁ kriyāvaicitryacarcanā ||;
TĀ, 6: 6;183 1;kālaśaktistato bāhye naitasyā niyataṁ vapuḥ |;
TĀ, 6: 6;183 2;svapnasvapne tathā svapne supte saṁkalpagocare ||;
TĀ, 6: 6;184 1;samādhau viśvasaṁhārasṛṣṭikramavivecane |;
TĀ, 6: 6;184 2;mito .pi kila kālāṁśo vitatatvena bhāsate ||;
TĀ, 6: 6;185 1;pramātrabhede bhede .tha citro vitatimāpyasau |;
TĀ, 6: 6;185 2;evaṁ prāṇe yathā kālaḥ kriyāvaicitryaśaktijaḥ ||;
TĀ, 6: 6;186 1;tathāpāne .pi hṛdayānmūlapīṭhavisarpiṇi |;
TĀ, 6: 6;186 2;mūlābhidhamahāpīṭhasaṅkocapravikāsayoḥ ||;
TĀ, 6: 6;187 1;brahmādyanāśritāntānāṁ cinute sṛṣṭisaṁhṛtī |;
TĀ, 6: 6;187 2;śaśvadyadyapyapāno .yam itthaṁ vahati kiṁtvasau ||;
TĀ, 6: 6;188 1;avedyayatno yatnena yogibhiḥ samupāsyate |;
TĀ, 6: 6;188 2;hṛtkandānandasaṁkocavikāsadvādaśāntagāḥ ||;
TĀ, 6: 6;189 1;brahmādayo .nāśritāntāḥ sevyante .tra suyogibhiḥ |;
TĀ, 6: 6;189 2;ete ca parameśānaśaktitvādviśvavartinaḥ ||;
TĀ, 6: 6;190 1;dehamapyaśnuvānāstatkāraṇānīti kāmike |;
TĀ, 6: 6;190 2;bālyayauvanavṛddhatvanidhaneṣu punarbhave ||;
TĀ, 6: 6;191 1;muktau ca dehe brahmādyāḥ ṣaḍadhiṣṭhānakāriṇaḥ |;
TĀ, 6: 6;191 2;tasyānte tu parā devī yatra yukto na jāyate ||;
TĀ, 6: 6;192 1;anena jñātamātreṇa dīkṣānugrahakṛdbhavet |;
TĀ, 6: 6;192 2;samastakāraṇollāsapade suvidite yataḥ ||;
TĀ, 6: 6;193 1;akāraṇaṁ śivaṁ vindedyattadviśvasya kāraṇam |;
TĀ, 6: 6;193 2;adhovaktraṁ tvidaṁ dvaitakalaṅkaikāntaśātanam ||;
TĀ, 6: 6;194 1;kṣīyate tadupāsāyāṁ yenordhvādharaḍambaraḥ |;
TĀ, 6: 6;194 2;atrāpānodaye prāgvatṣaṣṭyabdodayayojanām ||;
TĀ, 6: 6;195 1;yāvatkurvīta tuṭyāderyuktāṅgulavibhāgataḥ |;
TĀ, 6: 6;195 2;evaṁ samāne .pi vidhiḥ sa hi hārdīṣu nāḍiṣu ||;
TĀ, 6: 6;196 1;saṁcaransarvatodikkaṁ daśadhaiva vibhāvyate |;
TĀ, 6: 6;196 2;daśa mukhyā mahānāḍīḥ pūrayanneṣa tadgatāḥ ||;
TĀ, 6: 6;197 1;nāḍyantaraśritā nāḍīḥ krāmandehe samasthitiḥ |;
TĀ, 6: 6;197 2;aṣṭāsu digdaleṣveṣa krāmaṁstaddikpateḥ kramāt ||;
TĀ, 6: 6;198 1;ceṣṭitānyanukurvāṇo raudraḥ saumyaśca bhāsate |;
TĀ, 6: 6;198 2;sa eva nāḍītritaye vāmadakṣiṇamadhyage ||;
TĀ, 6: 6;199 1;indvarkāgnimaye mukhye caraṁstiṣṭhatyaharniśam |;
TĀ, 6: 6;199 2;sārdhanālīdvayaṁ prāṇaśatāni nava yatsthitam ||;
TĀ, 6: 6;200 1;tāvadvahannahorātraṁ caturviṁśatidhā caret |;
TĀ, 6: 6;200 2;viṣuvadvāsare prātaḥ sāṁśāṁ nālīṁ sa madhyagaḥ ||;
TĀ, 6: 6;201 1;vāmetarodaksavyānyair yāvat saṁkrāntipañcakam |;
TĀ, 6: 6;201 2;evaṁ kṣīṇāsu pādonacaturdaśasu nāliṣu ||;
TĀ, 6: 6;202 1;madhyāhne dakṣaviṣuvannavaprāṇaśatīṁ vahet |;
TĀ, 6: 6;202 2;dakṣodaganyodagdakṣaiḥ punaḥ saṁkrāntipañcakam ||;
TĀ, 6: 6;203 1;navāsu śatamekaikaṁ tato viṣuvaduttaram |;
TĀ, 6: 6;203 2;pañcake pañcake .tīte saṁkrānterviṣuvadbahiḥ ||;
TĀ, 6: 6;204 1;yadvattathāntaḥ saṅkrāntirnavaprāṇaśatāni sā |;
TĀ, 6: 6;204 2;evaṁ rātrāvapītyevaṁ viṣuvaddivasātsamāt ||;
TĀ, 6: 6;205 1;ārabhyāharniśāvṛddhihrāsasaṅkrāntigo .pyasau |;
TĀ, 6: 6;205 2;rātryantadinapūrvāṁśau madhyāhno divasakṣayaḥ ||;
TĀ, 6: 6;206 1;sa śarvaryudayo madhyamudakto viṣutedṛśī |;
TĀ, 6: 6;206 2;vyāptau viṣer yato vṛttiḥ sāmyaṁ ca vyāptirucyate ||;
TĀ, 6: 6;207 1;tadarhati ca yaḥ kālo viṣuvattadihoditaḥ |;
TĀ, 6: 6;207 2;viṣuvatprabhṛti hrāsavṛddhī ye dinarātrige ||;
TĀ, 6: 6;208 1;tatkrameṇaiva saṁkrāntihrāsavṛddhī divāniśoḥ |;
TĀ, 6: 6;208 2;itthaṁ samānamaruto varṣadvayavikalpanam ||;
TĀ, 6: 6;209 1;cāra ekatra nahyatra śvāsapraśvāsacarcanam |;
TĀ, 6: 6;209 2;samāne .pi tuṭeḥ pūrvaṁ yāvatṣaṣṭyabdagocaram ||;
TĀ, 6: 6;210 1;kālasaṁkhyā susūkṣmaikacāragā gaṇyate budhaiḥ |;
TĀ, 6: 6;210 2;saṁdhyāpūrvāhṇamadhyāhnamadhyarātrādi yatkila ||;
TĀ, 6: 6;211 1;antaḥsaṁkrāntigaṁ grāhyaṁ tanmukhyaṁ tatphaloditeḥ |;
TĀ, 6: 6;211 2;uktaḥ samānagaḥ kāla udāne tu nirūpyate ||;
TĀ, 6: 6;212 1;prāṇavyāptau yaduktaṁ tadudāne .pyatra kevalam |;
TĀ, 6: 6;212 2;nāsāśaktyantayoḥ sthāne brahmarandhrordhvadhāmanī ||;
TĀ, 6: 6;213 1;tenodāne .tra hṛdayānmūrdhanyadvādaśāntagam |;
TĀ, 6: 6;213 2;tuṭyādiṣaṣṭivarṣāntaṁ viśvaṁ kālaṁ vicārayet ||;
TĀ, 6: 6;214 1;vyāne tu viśvātmamaye vyāpake kramavarjite |;
TĀ, 6: 6;214 2;sūkṣmasūkṣmocchaladrūpamātraḥ kālo vyavasthitaḥ ||;
TĀ, 6: 6;215 1;sṛṣṭiḥ pravilayaḥ sthemā saṁhāro .nugraho yataḥ |;
TĀ, 6: 6;215 2;kramātprāṇādike kāle taṁ taṁ tatrāśrayettataḥ ||;
TĀ, 6: 6;216 1;prāṇacāre .tra yo varṇapadamantrodayaḥ sthitaḥ |;
TĀ, 6: 6;216 2;yatnajo .yatnajaḥ sūkṣmaḥ paraḥ sthūlaḥ sa kathyate ||;
TĀ, 6: 6;217 1;eko nādātmako varṇaḥ sarvavarṇāvibhāgavān |;
TĀ, 6: 6;217 2;so .nastamitarūpatvādanāhata ihoditaḥ ||;
TĀ, 6: 6;218 1;sa tu bhairavasadbhāvo mātṛsadbhāva eṣa saḥ |;
TĀ, 6: 6;218 2;parā saikākṣarā devī yatra līnaṁ carācaram ||;
TĀ, 6: 6;219 1;hrasvārṇatrayamekaikaṁ ravyaṅgulamathetarat |;
TĀ, 6: 6;219 2;praveśa iti ṣaḍvarṇāḥ sūryendupathagāḥ kramāt ||;
TĀ, 6: 6;220 1;ikārokārayorādisandhau saṁdhyakṣaradvayam |;
TĀ, 6: 6;220 2;eo iti praveśe tu aiau iti dvayaṁ viduḥ ||;
TĀ, 6: 6;221 1;ṣaṇṭhārṇāni praveśe tu dvādaśāntalalāṭayoḥ |;
TĀ, 6: 6;221 2;gale hṛdi ca bindvarṇavisargau paritaḥsthitau ||;
TĀ, 6: 6;222 1;kādipañcakamādyasya varṇasyāntaḥ sadoditam |;
TĀ, 6: 6;222 2;evaṁ sasthānavarṇānāmantaḥ sā sārṇasantatiḥ ||;
TĀ, 6: 6;223 1;hṛdyeṣa prāṇarūpastu sakāro jīvanātmakaḥ |;
TĀ, 6: 6;223 2;binduḥ prakāśo hārṇaśca pūraṇātmatayā sthitaḥ ||;
TĀ, 6: 6;224 1;uktaḥ paro .yamudayo varṇānāṁ sūkṣma ucyate |;
TĀ, 6: 6;224 2;praveśe ṣoḍaśaunmukhye ravayaḥ ṣaṇṭhavarjitāḥ ||;
TĀ, 6: 6;225 1;tadevendvarkamatrānye varṇāḥ sūkṣmodayastvayam |;
TĀ, 6: 6;225 2;kālo .rdhamātraḥ kādīnāṁ trayastriṁśata ucyate ||;
TĀ, 6: 6;226 1;mātrā hrasvāḥ pañca dīrghāṣṭakaṁ dvistriḥ plutaṁ tu L. |;
TĀ, 6: 6;226 2;ekāśītimimām ardhamātrāṇām āha no guruḥ ||;
TĀ, 6: 6;227 1;yadvaśādbhagavān ekāśītikaṁ mantramabhyadhāt |;
TĀ, 6: 6;227 2;ekāśītipadā devī śaktiḥ proktā śivātmikā ||;
TĀ, 6: 6;228 1;śrīmātaṅge tathā dharmasaṁghātātmā śivo yataḥ |;
TĀ, 6: 6;228 2;tathā tathā parāmarśaśakticakreśvaraḥ prabhuḥ ||;
TĀ, 6: 6;229 1;sthūlaikāśītipadajaparāmarśair vibhāvyate |;
TĀ, 6: 6;229 2;tata eva parāmarśo yāvatyekaḥ samāpyate ||;
TĀ, 6: 6;230 1;tāvattatpadamuktaṁ no suptiṅniyamayantritam |;
TĀ, 6: 6;230 2;ekāśītipadodāravimarśakramabṛṁhitaḥ ||;
TĀ, 6: 6;231 1;sthūlopāyaḥ paropāyastveṣa mātrākṛto layaḥ |;
TĀ, 6: 6;231 2;ardhamātrā nava nava syuścaturṣu caturṣu yat ||;
TĀ, 6: 6;232 1;aṅguleṣviti ṣaṭtriṁśatyekāśītipadodayaḥ |;
TĀ, 6: 6;232 2;aṅgule navabhāgena vibhakte navamāṁśakāḥ ||;
TĀ, 6: 6;233 1;vedā mātrārdhamanyattu dvicatuḥṣaḍguṇaṁ trayam |;
TĀ, 6: 6;233 2;evamaṅgularandhrāṁśacatuṣkadvayagaṁ laghu ||;
TĀ, 6: 6;234 1;dīrghaṁ plutaṁ kramāddvitriguṇamardhaṁ tato .pi hal |;
TĀ, 6: 6;234 2;kṣakārastryardhamātrātmā mātrikaḥ satathāntarā ||;
TĀ, 6: 6;235 1;viśrāntāvardhamātrāsya tasmiṁstu kalite sati |;
TĀ, 6: 6;235 2;aṅgulārdhe .dribhāgena tvardhamātrā purā punaḥ ||;
TĀ, 6: 6;236 1;kṣakāraḥ sarvasaṁyogagrahaṇātmā tu sarvagaḥ |;
TĀ, 6: 6;236 2;sarvavarṇodayādyantasandhiṣūdayabhāgvibhuḥ ||;
TĀ, 6: 6;237 1;itthaṁ ṣaṭtriṁśake cāre varṇānāmudayaḥ phale |;
TĀ, 6: 6;237 2;krūre saumye vilomena hādi yāvadapaścimam ||;
TĀ, 6: 6;238 1;hṛdyakāro dvādaśānte hakārastadidaṁ viduḥ |;
TĀ, 6: 6;238 2;ahamātmakamadvaitaṁ yaḥ prakāśātmaviśramaḥ ||;
TĀ, 6: 6;239 1;śivaśaktyavibhāgena mātraikāśītikā tviyam |;
TĀ, 6: 6;239 2;dvāsaptatāvaṅguleṣu dviguṇatvena saṁsaret ||;
TĀ, 6: 6;240 1;uktaḥ sūkṣmodayastraidhaṁ dvidhoktastu parodayaḥ |;
TĀ, 6: 6;240 2;atha sthūlodayo .rṇānāṁ bhaṇyate guruṇoditaḥ ||;
TĀ, 6: 6;241 1;ekaikamardhapraharaṁ dine vargāṣṭakodayaḥ |;
TĀ, 6: 6;241 2;rātrau ca hrāsavṛddhyatra kecidāhurna ke .pi tu ||;
TĀ, 6: 6;242 1;eṣa vargodayo rātrau divā cāpy ardhayāmagaḥ |;
TĀ, 6: 6;242 2;prāṇatrayodaśaśatī pañcāśadadhikā ca sā ||;
TĀ, 6: 6;243 1;adhyardhā kila saṁkrāntirvarge varge divāniśoḥ |;
TĀ, 6: 6;243 2;tadaikye tūdayaścāraśatānāṁ saptaviṁśatiḥ ||;
TĀ, 6: 6;244 1;nava vargāṁstu ye prāhusteṣāṁ prāṇaśatī ravīn |;
TĀ, 6: 6;244 2;satribhāgaiva saṁkrāntirvarge pratyekamucyate ||;
TĀ, 6: 6;245 1;aharniśaṁ tadaikye tu śatānāṁ śruticakṣuṣī |;
TĀ, 6: 6;245 2;sthūlo vargodayaḥ so .yamathārṇodaya ucyate ||;
TĀ, 6: 6;246 1;ekaikavarṇe prāṇānāṁ dviśataṁ ṣoḍaśādhikam |;
TĀ, 6: 6;246 2;bahiścaṣakaṣaṭtriṁśaddina itthaṁ tathāniśi ||;
TĀ, 6: 6;247 1;śatamaṣṭottaraṁ tatra raudraṁ śāktamathottaram |;
TĀ, 6: 6;247 2;yāmalasthitiyoge tu rudraśaktyavibhāgitā ||;
TĀ, 6: 6;248 1;dinarātryavibhāge tu dṛgvahnyabdhyasucāraṇāḥ |;
TĀ, 6: 6;248 2;sapañcamāṁśā nāḍī ca bahirvarṇodayaḥ smṛtaḥ ||;
TĀ, 6: 6;249 1;iti pañcāśikā seyaṁ varṇānāṁ paricarcitā |;
TĀ, 6: 6;249 2;ekonāṁ ye tu tāmāhustanmataṁ sampracakṣmahe ||;
TĀ, 6: 6;250 1;vedāścārāḥ pañcamāṁśanyūnaṁ cārārdhamekaśaḥ |;
TĀ, 6: 6;250 2;varṇe .dhikaṁ taddviguṇamavibhāge divāniśoḥ ||;
TĀ, 6: 6;251 1;sthūlo varṇodayaḥ so .yaṁ purā sūkṣmo nigadyate ||;
TĀ, 6: 6;252 1;iti kālatattvamuditaṁ |;
TĀ, 18: 14;1 1;atha saṁkṣiptadīkṣeyaṁ śivatāpattidocyate |;
TĀ, 18: 14;1 2;na rajo nādhivāso .tra na bhūkṣetraparigrahaḥ |;
TĀ, 18: 14;1 3;yatra tatra pradeśe tu pūjayitvā guruḥ śivam ||;
TĀ, 18: 14;2 1;adhvānaṁ manasā dhyātvā dīkṣayettattvapāragaḥ |;
TĀ, 18: 14;2 2;jananādivihīnāṁ tu yena yenādhvanā guruḥ ||;
TĀ, 18: 14;3 1;kuryātsa ekatattvāntāṁ śivabhāvaikabhāvitaḥ |;
TĀ, 18: 14;3 2;parāmantrastato .syeti tattvaṁ saṁśodhayāmyatha ||;
TĀ, 18: 14;4 1;svāheti pratitattvaṁ syācchuddhe pūrṇāhutiṁ kṣipet |;
TĀ, 18: 14;4 2;evaṁ mantrāntaraiḥ kuryātsamastairathavoktavat ||;
TĀ, 18: 14;5 1;parāsaṁpuṭitaṁ nāma svāhāntaṁ prathamāntakam |;
TĀ, 18: 14;5 2;śataṁ sahasraṁ sāṣṭaṁ vā tena śaktyaiva homayet ||;
TĀ, 18: 14;6 1;tataḥ pūrṇeti saṁśodhyahīnamuttamamīdṛśam |;
TĀ, 18: 14;6 2;dīkṣākarmoditaṁ tatra tatra śāstre maheśinā ||;
TĀ, 18: 14;7 1;pratyekaṁ mātṛkāyugmavarṇaistattvāni śodhayet |;
TĀ, 18: 14;7 2;yadi vā piṇḍamantreṇa sarvamantreṣvayaṁ vidhiḥ ||;
TĀ, 18: 14;8 1;yathā yathā ca svabhyastajñānastanmayatātmakaḥ |;
TĀ, 18: 14;8 2;gurustathā tathā kuryāt saṁkṣiptaṁ karma nānyathā ||;
TĀ, 18: 14;9 1;śrībrahmayāmale coktaṁ saṁkṣipte .pi hi bhāvayet |;
TĀ, 18: 14;9 2;vyāptiṁ sarvādhvasāmānyāṁ kiṁtu yāge na vistaraḥ ||;
TĀ, 18: 14;10 1;atanmayībhūtamiti vikṣiptaṁ karma saṁdadhat |;
TĀ, 18: 14;10 2;kramāttādātmyametīti vikṣiptaṁ vidhimācaret ||;
TĀ, 18: 14;11 1;saṁkṣipto vidhirukto .yaṁ kṛpayā yaḥ śivoditaḥ |;
TĀ, 18: 14;11 2;dīkṣottare kairaṇe ca tatra tatrāpi śāsane ||;
TĀ, 7: 7;1 1;atha paramarahasyo .yaṁ cakrāṇāṁ bhaṇyate .bhyudayaḥ |;
TĀ, 7: 7;2 1;ityayatnajamākhyātaṁ yatnajaṁ tu nigadyate |;
TĀ, 7: 7;2 2;bījapiṇḍātmakaṁ sarvaṁ saṁvidaḥ spandanātmatām ||;
TĀ, 7: 7;3 1;vidadhatparasaṁvittāvupāya iti varṇitam |;
TĀ, 7: 7;3 2;yathāraghaṭṭacakrāgraghaṭīyantraughavāhanam ||;
TĀ, 7: 7;4 1;ekānusaṁdhiyatnena citraṁ yantrodayaṁ bhajet |;
TĀ, 7: 7;4 2;ekānusaṁdhānabalājjāte mantrodaye .niśam ||;
TĀ, 7: 7;5 1;tanmantradevatā yatnāttādātmyena prasīdati |;
TĀ, 7: 7;5 2;khe rasaikākṣi nityotthe tadardhaṁ dvikapiṇḍake ||;
TĀ, 7: 7;6 1;trike sapta sahasrāṇi dviśatītyudayo mataḥ |;
TĀ, 7: 7;6 2;catuṣke tu sahasrāṇi pañca caiva catuḥśatī ||;
TĀ, 7: 7;7 1;pañcārṇe .bdhisahasrāṇi triśatī viṁśatistathā |;
TĀ, 7: 7;7 2;ṣaṭke sahasratritayaṁ ṣaṭśatī codayo bhavet ||;
TĀ, 7: 7;8 1;saptake trisahasraṁ tu ṣaḍaśītyadhikaṁ smṛtam |;
TĀ, 7: 7;8 2;śataistu saptaviṁśatyā varṇāṣṭakavikalpite ||;
TĀ, 7: 7;9 1;caturviṁśatiśatyā tu navārṇeṣūdayo bhavet |;
TĀ, 7: 7;9 2;adhiṣaṣṭyekaviṁśatyā śatānāṁ daśavarṇake ||;
TĀ, 7: 7;10 1;ekānnaviṁśatiśataṁ catuḥṣaṣṭiḥ śivārṇake |;
TĀ, 7: 7;10 2;aṣṭādaśa śatāni syurudayo dvādaśārṇake ||;
TĀ, 7: 7;11 1;trayodaśārṇe dvāṣaṣṭyā śatāni kila ṣoḍaśa |;
TĀ, 7: 7;11 2;tricatvāriṁśatā pañcadaśeti bhuvanārṇake ||;
TĀ, 7: 7;12 1;caturdaśaśatī khābdhiḥ syātpañcadaśavarṇake |;
TĀ, 7: 7;12 2;trayodaśaśatī sārdhā ṣoḍaśārṇe tu kathyate ||;
TĀ, 7: 7;13 1;śatadvādaśikā saptadaśārṇe saikasaptatiḥ |;
TĀ, 7: 7;13 2;aṣṭādaśārṇe vijñeyā śatadvādaśikā budhaiḥ ||;
TĀ, 7: 7;14 1;caturviṁśatisaṁkhyāke cakre navaśatī bhavet |;
TĀ, 7: 7;14 2;saptaviṁśatisaṁkhyāte tūdayo .ṣṭaśatātmakaḥ ||;
TĀ, 7: 7;15 1;dvātriṁśake mahācakre ṣaṭśatī pañcasaptatiḥ |;
TĀ, 7: 7;15 2;dvicaturviṁśake cakre sārdhāṁ śatacatuṣṭayīm ||;
TĀ, 7: 7;16 1;udayaṁ piṇḍayogajñaḥ piṇḍamantreṣu lakṣayet |;
TĀ, 7: 7;16 2;catuṣpañcāśake cakre śatānāṁ tu catuṣṭayam ||;
TĀ, 7: 7;17 1;saptatriṁśatsahārdhena triśatyaṣṭāṣṭake bhavet |;
TĀ, 7: 7;17 2;ardhamardhatribhāgaśca ṣaṭṣaṣṭirdviśatī bhavet ||;
TĀ, 7: 7;18 1;ekāśītipade cakre udayaḥ prāṇacāragaḥ |;
TĀ, 7: 7;18 2;cakre tu ṣaṇṇavatyākhye sapādā dviśatī bhavet ||;
TĀ, 7: 7;19 1;aṣṭottaraśate cakre dviśatastūdayo bhavet |;
TĀ, 7: 7;19 2;krameṇetthamidaṁ cakraṁ ṣaṭkṛtvo dviguṇaṁ yadā ||;
TĀ, 7: 7;20 1;tato .pi dviguṇe .ṣṭāṁśasyārdhamadhyardhamekakam |;
TĀ, 7: 7;20 2;tato .pi sūkṣmakuśalair ardhārdhādiprakalpane ||;
TĀ, 7: 7;21 1;bhāgaṣoḍaśakasthityā sūkṣmaścāro .bhilakṣyate |;
TĀ, 7: 7;21 2;evaṁ prayatnasaṁruddhaprāṇacārasya yoginaḥ ||;
TĀ, 7: 7;22 1;krameṇa prāṇacārasya grāsa evopajāyate |;
TĀ, 7: 7;22 2;prāṇagrāsakramāvāptakālasaṁkarṣaṇasthitiḥ ||;
TĀ, 7: 7;23 1;saṁvidekaiva pūrṇā syājjñānabhedavyapohanāt |;
TĀ, 7: 7;23 2;tathā hi prāṇacārasya navasyānudaye sati ||;
TĀ, 7: 7;24 1;na kālabhedajanito jñānabhedaḥ prakalpate |;
TĀ, 7: 7;24 2;saṁvedyabhedānna jñānaṁ bhinnaṁ śikharivṛttavat ||;
TĀ, 7: 7;25 1;kālastu bhedakastasya sa tu sūkṣmaḥ kṣaṇo mataḥ |;
TĀ, 7: 7;25 2;saukṣmyasya cāvadhirjñānaṁ yāvattiṣṭhati sa kṣaṇaḥ ||;
TĀ, 7: 7;26 1;anyathā na sa nirvaktuṁ nipuṇairapi pāryate |;
TĀ, 7: 7;26 2;jñānaṁ kiyadbhavettāvattadabhāvo na bhāsate ||;
TĀ, 7: 7;27 1;tadabhāvaśca no tāvadyāvattatrākṣavartmani |;
TĀ, 7: 7;27 2;arthe vātmapradeśe vā na saṁyogavibhāgitā ||;
TĀ, 7: 7;28 1;sā cedudayate spandamayī tatprāṇagā dhruvam |;
TĀ, 7: 7;28 2;bhavedeva tataḥ prāṇaspandābhāve na sā bhavet ||;
TĀ, 7: 7;29 1;tadabhāvānna vijñānābhāvaḥ saivaṁ tu saiva dhīḥ |;
TĀ, 7: 7;29 2;na cāsau vastuto dīrghā kālabhedavyapohanāt ||;
TĀ, 7: 7;30 1;vastuto hyata eveyaṁ kālaṁ saṁvinna saṁspṛśet |;
TĀ, 7: 7;30 2;ata ekaiva saṁvittirnānārūpe tathātathā ||;
TĀ, 7: 7;31 1;vindānā nirvikalpāpi vikalpo bhāvagocare |;
TĀ, 7: 7;31 2;spandāntaraṁ na yāvattaduditaṁ tāvadeva saḥ ||;
TĀ, 7: 7;32 1;tāvāneko vikalpaḥ syādvividhaṁ vastu kalpayan |;
TĀ, 7: 7;32 2;ye tvitthaṁ na vidusteṣāṁ vikalpo nopapadyate ||;
TĀ, 7: 7;33 1;sa hyeko na bhavetkaścit trijagatyapi jātucit |;
TĀ, 7: 7;33 2;śabdārūṣaṇayā jñānaṁ vikalpaḥ kila kathyate ||;
TĀ, 7: 7;34 1;sā ca syātkramikaivetthaṁ kiṁ kathaṁ ko vikalpayet |;
TĀ, 7: 7;34 2;ghaṭa ityapi neyānsyādvikalpaḥ kā kathā sthitau ||;
TĀ, 7: 7;35 1;na vikalpaśca ko .pyasti yo mātrāmātraniṣṭhitaḥ |;
TĀ, 7: 7;35 2;na ca jñānasamūho .sti teṣāmayugapatsthiteḥ ||;
TĀ, 7: 7;36 1;tenāsaṁgata evaiṣa vyavahāro vikalpajaḥ |;
TĀ, 7: 7;36 2;tasmātspandāntaraṁ yāvannodiyāttāvadekakam ||;
TĀ, 7: 7;37 1;vijñānaṁ tadvikalpātmadharmakoṭīrapi spṛśet |;
TĀ, 7: 7;37 2;ekāśītipadodāraśaktyāmarśātmakas tataḥ ||;
TĀ, 7: 7;38 1;vikalpaḥ śivatādāyī pūrvameva nirūpitaḥ |;
TĀ, 7: 7;38 2;yathā karṇau nartayāmītyevaṁ yatnāttathā bhavet ||;
TĀ, 7: 7;39 1;cakracāragatādyatnāttadvattaccakragaiva dhīḥ |;
TĀ, 7: 7;39 2;japahomārcanādīnāṁ prāṇasāmyamato vidhiḥ ||;
TĀ, 7: 7;40 1;siddhāmate kuṇḍalinīśaktiḥ prāṇasamonmanā |;
TĀ, 7: 7;40 2;uktaṁ ca yoginīkaule tadetatparameśinā ||;
TĀ, 7: 7;41 1;padamantrākṣare cakre vibhāgaṁ śaktitattvagam |;
TĀ, 7: 7;41 2;padeṣu kṛtvā mantrajño japādau phalabhāgbhavet ||;
TĀ, 7: 7;42 1;dvitrisaptāṣṭasaṁkhyātaṁ lopayecchatikodayam |;
TĀ, 7: 7;42 2;iti śaktisthitā mantrā vidyā vā cakranāyakāḥ ||;
TĀ, 7: 7;43 1;padapiṇḍasvarūpeṇa jñātvā yojyāḥ sadā priye |;
TĀ, 7: 7;43 2;nityodaye mahātattve udayasthe sadāśive ||;
TĀ, 7: 7;44 1;ayuktāḥ śaktimārge tu na japtāścodayena ye |;
TĀ, 7: 7;44 2;te na sidhyanti yatnena japtāḥ koṭiśatairapi ||;
TĀ, 7: 7;45 1;mālāmantreṣu sarveṣu mānaso japa ucyate |;
TĀ, 7: 7;45 2;upāṁśurvā śaktyudayaṁ teṣāṁ na parikalpayet ||;
TĀ, 7: 7;46 1;padamantreṣu sarveṣu yāvattatpadaśaktigam |;
TĀ, 7: 7;46 2;śakyate satataṁ yuktaistāvajjapyaṁ tu sādhakaiḥ ||;
TĀ, 7: 7;47 1;tāvatī teṣu vai saṁkhyā padeṣu padasaṁjñitā |;
TĀ, 7: 7;47 2;tāvantamudayaṁ kṛtvā tripadoktyāditaḥ kramāt ||;
TĀ, 7: 7;48 1;dvādaśākhye dvādaśite cakre sārdhaṁ śataṁ bhavet |;
TĀ, 7: 7;48 2;udayastaddhi sacatuścatvāriṁśacchataṁ bhavet ||;
TĀ, 7: 7;49 1;ṣoḍaśākhye dvādaśite dvānavatyadhike śate |;
TĀ, 7: 7;49 2;cārārdhena samaṁ proktaṁ śataṁ dvādaśakādhikam ||;
TĀ, 7: 7;50 1;ṣoḍaśākhye ṣoḍaśite bhaveccaturaśītigaḥ |;
TĀ, 7: 7;50 2;udayo dviśataṁ taddhi ṣaṭpañcāśatsamuttaram ||;
TĀ, 7: 7;51 1;cārāṣṭabhāgāṁstrīnatra kathayantyadhikānbudhāḥ |;
TĀ, 7: 7;51 2;aṣṭāṣṭake dvādaśite pādārdhaṁ viṁśatiṁ vasūn ||;
TĀ, 7: 7;52 1;udayaḥ saptaśatikā sāṣṭā ṣaṣṭiryato hi saḥ |;
TĀ, 7: 7;52 2;eṣa cakrodayaḥ proktaḥ sādhakānāṁ hitāvahaḥ ||;
TĀ, 7: 7;53 1;nirudhya mānasīrvṛttīścakre viśrāntimāgataḥ |;
TĀ, 7: 7;53 2;vyutthāya yāvadviśrāmyettāvaccārodayo hyayam ||;
TĀ, 7: 7;54 1;pūrṇe samudaye tvatra praveśaikātmyanirgamāḥ |;
TĀ, 7: 7;54 2;traya ityata evoktaḥ siddhau madhyodayo varaḥ ||;
TĀ, 7: 7;55 1;ādyantodayanirmuktā madhyamodayasaṁyutāḥ |;
TĀ, 7: 7;55 2;mantravidyācakragaṇāḥ siddhibhājo bhavanti hi ||;
TĀ, 7: 7;56 1;mantracakrodayajñastu vidyācakrodayārthavit |;
TĀ, 7: 7;56 2;kṣipraṁ sidhyediti proktaṁ śrīmaddviṁśatike trike ||;
TĀ, 7: 7;57 1;dvistriścaturvā mātrābhirvidyāṁ vā cakrameva vā |;
TĀ, 7: 7;57 2;tattvodayayutaṁ nityaṁ pṛthagbhūtaṁ japetsadā ||;
TĀ, 7: 7;58 1;piṇḍākṣarapadairmantramekaikaṁ śaktitattvagam |;
TĀ, 7: 7;58 2;bahvakṣarastu yo mantro vidyā vā cakrameva vā ||;
TĀ, 7: 7;59 1;śaktisthaṁ naiva taṁ tatra vibhāgastvoṁnamo.ntagaḥ |;
TĀ, 7: 7;59 2;asmiṁstattvodaye tasmādahorātrastriśastriśaḥ ||;
TĀ, 7: 7;60 1;vibhajyate vibhāgaśca punareva triśastriśaḥ |;
TĀ, 7: 7;60 2;pūrvodaye tu viśramya dvitīyenollasedyadā ||;
TĀ, 7: 7;61 1;viśeccārdhardhikāyogāt tadoktārdhodayo bhavet |;
TĀ, 7: 7;61 2;yadā pūrṇodayātmā tu samaḥ kālastrike sphuret ||;
TĀ, 7: 7;62 1;praveśaviśrāntyullāse syātsvatryaṁśodayastadā |;
TĀ, 7: 7;62 2;etyeṣa kālavibhavaḥ prāṇa eva pratiṣṭhitaḥ ||;
TĀ, 7: 7;63 1;sa spade khe sa taccityāṁ tenāsyāṁ viśvaniṣṭhitiḥ |;
TĀ, 7: 7;63 2;ataḥ saṁvitpratiṣṭhānau yato viśvalayodayau ||;
TĀ, 7: 7;64 1;śaktyante .dhvani tatspandāsaṁkhyātā vāstavī tataḥ |;
TĀ, 7: 7;64 2;uktaṁ śrīmālinītantre gātre yatraiva kutracit ||;
TĀ, 7: 7;65 1;vikāra upajāyeta tattattvaṁ tattvamuttamam |;
TĀ, 7: 7;65 2;prāṇe pratiṣṭhitaḥ kālastadāviṣṭā ca yattanuḥ ||;
TĀ, 7: 7;66 1;dehe pratiṣṭhitasyāsya tato rūpaṁ nirūpyate |;
TĀ, 7: 7;66 2;citspandaprāṇavṛttīnāmantyā yā sthūlatā suṣiḥ ||;
TĀ, 7: 7;67 1;sā nāḍīrūpatāmetya dehaṁ saṁtānayedimam |;
TĀ, 7: 7;67 2;śrīsvacchande .ta evoktaṁ yathā parṇaṁ svatantubhiḥ ||;
TĀ, 7: 7;68 1;vyāptaṁ tadvattanurdvāradvāribhāvena nāḍibhiḥ |;
TĀ, 7: 7;68 2;pādāṅguṣṭhādikordhvasthabrahmakuṇḍalikāntagaḥ ||;
TĀ, 7: 7;69 1;kālaḥ samastaścaturaśītāvevāṅguleṣvitaḥ |;
TĀ, 7: 7;69 2;dvādaśāntāvadhiṁ kiṁcitsūkṣmakālasthitiṁ viduḥ ||;
TĀ, 7: 7;70 1;ṣaṇṇavatyāmadhaḥ ṣaḍdvikramāccāṣṭottaraṁ śatam |;
TĀ, 7: 7;70 2;atra madhyamasaṁcāriprāṇodayalayāntare ||;

TĀ, 19: 15;1 1;atha sadyaḥsamutkrāntipradā dīkṣā nirūpyate |;
TĀ, 19: 15;1 2;tatkṣaṇāccopabhogādvā dehapāte śivaṁ vrajet |;
TĀ, 19: 15;1 3;ityuktyā mālinīśāstre sūcitāsau maheśinā ||;
TĀ, 19: 15;2 1;dehapāte samīpasthe śaktipātasphuṭatvataḥ |;
TĀ, 19: 15;2 2;āsādya śāṁkarīṁ dīkṣāṁ tasmāddīkṣākṣaṇātparam ||;
TĀ, 19: 15;3 1;śivaṁ vrajedityartho .tra pūrvāparavivecanāt |;
TĀ, 19: 15;3 2;vyākhyātaḥ śrīmatāsmākaṁ guruṇā śambhumūrtinā ||;
TĀ, 19: 15;4 1;yadā hyāsannamaraṇe śaktipātaḥ prajāyate |;
TĀ, 19: 15;4 2;tatra mande .tha gurvādisevayāyuḥ kṣayaṁ vrajet ||;
TĀ, 19: 15;5 1;athavā bandhumitrādidvārā sāsya vibhoḥ patet |;
TĀ, 19: 15;5 2;pūrvaṁ vā samayī naiva parāṁ dīkṣāmavāptavān ||;
TĀ, 19: 15;6 1;āptadīkṣo .pi vā prāṇāñjihāsuḥ kleśavarjitam |;
TĀ, 19: 15;6 2;antyāngurustadā kuryāt sadya utkrāntidīkṣaṇam ||;
TĀ, 19: 15;7 1;natvapakvamale nāpi śeṣakārmikavigrahe |;
TĀ, 19: 15;7 2;kuryādutkramaṇaṁ śrīmadgahvare ca nirūpitam ||;
TĀ, 19: 15;8 1;dṛṣṭvā śiṣyaṁ jarāgrastaṁ vyādhinā paripīḍitam |;
TĀ, 19: 15;8 2;utkramayya tatastvenaṁ paratattve niyojayet ||;Tantrāloka TĀ, 16: 12 182;dṛṣṭvā śiṣyaṁ jarāgrastaṁ vyādhinā paripīḍitam |utkramayya tatastvenaṁ paratattve niyojayet ||;GOOD;;
TĀ, 19: 15;9 1;viśeṣaṇaviśeṣyatve kāmacāravidhānataḥ |;
TĀ, 19: 15;9 2;pūrvoktamarthajātaṁ śrīśambhunātra nirūpitam ||;
TĀ, 19: 15;10 1;vidhiṁ pūrvoditaṁ sarvaṁ kṛtvā samayaśuddhitaḥ |;
TĀ, 19: 15;10 2;kṣurikāmasya vinyasyejjvalantīṁ marmakartarīm ||;
TĀ, 19: 15;11 1;kṛtvā pūrvoditaṁ nyāsaṁ kālānalasamaprabham |;
TĀ, 19: 15;11 2;saṁhṛtikramataḥ sārdhaṁ sṛkchindiyugalena tu ||;
TĀ, 19: 15;12 1;āgneyīṁ dhāraṇāṁ kṛtvā sarvamarmapratāpanīm |;
TĀ, 19: 15;12 2;pūrayedvāyunā dehamaṅguṣṭhānmastakāntakam ||;
TĀ, 19: 15;13 1;tamutkṛṣya tato .ṅguṣṭhādūrdhvāntaṁ vakṣyamāṇayā |;
TĀ, 19: 15;13 2;kṛntenmarmāṇi randhrāntāt kālarātryā visarjayet ||;
TĀ, 19: 15;14 1;anena kramayogena yojito hutivarjitaḥ |;
TĀ, 19: 15;14 2;samayyapyeti tāṁ dīkṣāmiti śrīmālinīmate ||;
TĀ, 19: 15;15 1;ṣoḍaśādhāraṣaṭcakralakṣyatrayakhapañcakāt |;
TĀ, 19: 15;15 2;kvacidanyataratrātha prāguktapaśukarmavat ||;
TĀ, 19: 15;16 1;praviśya mūlaṁ kandādeśchindannaikyavibhāvanāt |;
TĀ, 19: 15;16 2;pūrṇāhutiprayogeṇa sveṣṭe dhāmni niyojayet ||;
TĀ, 19: 15;17 1;jñānatriśūlaṁ saṁdīptaṁ dīptacakratrayojjvalam |;
TĀ, 19: 15;17 2;cintayitvāmunā tasya vedanaṁ bodhanaṁ bhramam ||;
TĀ, 19: 15;18 1;dīpanaṁ tāḍanaṁ todaṁ calanaṁ ca punaḥ punaḥ |;
TĀ, 19: 15;18 2;kandādicakragaṁ kuryādviśeṣeṇa hṛdambuje ||;
TĀ, 19: 15;19 1;dvādaśānte tataḥ kṛtvā binduyugmagate kṣipet |;
TĀ, 19: 15;19 2;nirlakṣye vā pare dhāmni saṁyuktaḥ parameśvaraḥ ||;
TĀ, 19: 15;20 1;na tasya kuryātsaṁskāraṁ kaṁcidityāha gahvare |;
TĀ, 19: 15;20 2;devaḥ kimasya pūrṇasya śrāddhādyairiti bhāvitaḥ ||;
TĀ, 19: 15;21 1;śrīmaddīkṣottare tveṣa vidhirvahnipuṭīkṛtaḥ |;
TĀ, 19: 15;21 2;haṁsaḥ pumānadhastasya rudrabindusamanvitaḥ ||;
TĀ, 19: 15;22 1;śiṣyadehe niyojyaitadanudvignaḥ śataṁ japet |;
TĀ, 19: 15;22 2;utkramyordhvanimeṣeṇa śiṣya itthaṁ paraṁ vrajet ||;
TĀ, 19: 15;23 1;eṣa eva vidhiḥ śrīmatsiddhayogīśvarīmate |;
TĀ, 19: 15;23 2;iyam utkrāmaṇī dīkṣā kartavyā yogino guroḥ ||;
TĀ, 19: 15;24 1;anabhyastaprāṇacāraḥ kathamenāṁ kariṣyati |;
TĀ, 19: 15;24 2;vakṣyamāṇāṁ brahmavidyāṁ sakalāṁ niṣkalombhitām ||;
TĀ, 19: 15;25 1;karṇe .sya vā paṭhedbhūyo bhūyo vāpyatha pāṭhayet |;
TĀ, 19: 15;25 2;svayaṁ ca karma kurvīta tattvaśuddhyādikaṁ guruḥ ||;
TĀ, 19: 15;26 1;mantrakriyābalātpūrṇāhutyetthaṁ yojayetpare |;
TĀ, 19: 15;26 2;yogābhyāsam akṛtvāpi sadya utkrāntidāṁ guruḥ ||;
TĀ, 19: 15;27 1;jñānamantrakriyādhyānabalātkartuṁ bhavetprabhuḥ |;
TĀ, 19: 15;27 2;anayotkramyate śiṣyo balādevaikakaṁ kṣaṇam ||;
TĀ, 19: 15;28 1;kālasyollaṅghya bhogo hi kṣaṇiko .syāstu kiṁ tataḥ |;
TĀ, 19: 15;28 2;sadya utkrāntidā cānyā yasyāṁ pūrṇāhutiṁ tadā ||;
TĀ, 19: 15;29 1;dadyādyadāsya prāṇāḥ syurdhruvaṁ niṣkramaṇecchavaḥ |;
TĀ, 19: 15;29 2;vināpi kriyayā bhāvibrahmavidyābalādguruḥ ||;
TĀ, 19: 15;30 1;karṇajāpaprayogeṇa tattvakañcukajālataḥ |;
TĀ, 19: 15;30 2;niḥsārayanyathābhīṣṭe sakale niṣkale dvaye ||;
TĀ, 19: 15;31 1;tattve vā yatra kutrāpi yojayetpudgalaṁ kramāt |;
TĀ, 19: 15;31 2;samayī putrako vāpi paṭhedvidyāmimāṁ tathā ||;
TĀ, 19: 15;32 1;tatpāṭhāttu samayyuktāṁ rudrāṁśāpattimaśnute |;
TĀ, 19: 15;32 2;etau jape cādhyayane yasmādadhikṛtāvubhau ||;
TĀ, 19: 15;33 1;nādhyāpanopadeśe vā sa eṣo .dhyayanādṛte |;
TĀ, 19: 15;33 2;paṭhatostvanayorvastusvabhāvāttasya sā gatiḥ ||;
TĀ, 19: 15;34 1;yathā niṣiddhabhūtādikarmā mantraṁ smaransvayam |;
TĀ, 19: 15;34 2;āviṣṭe .pi kvacinnaiti lopaṁ kartṛtvavarjanāt ||;
TĀ, 19: 15;35 1;yathā ca vācayañśāstraṁ samayī śūnyaveśmani |;
TĀ, 19: 15;35 2;na lupyate tadantaḥsthaprāṇivargopakārataḥ ||;
TĀ, 19: 15;36 1;tathā svayaṁ paṭhanneṣa vidyāṁ vastusvabhāvataḥ |;
TĀ, 19: 15;36 2;tasminmukte na lupyeta yataḥ kiṁcitkaro .tra saḥ ||;
TĀ, 19: 15;37 1;nanu cādīkṣitāgre sa noccarecchāstrapaddhatim ||;
TĀ, 19: 15;38 1;hanta kuḍyāgrato .pyasya niṣedhastvatha kathyate |;
TĀ, 19: 15;38 2;paryudāsena yaḥ śrotumavadhārayituṁ kṣamaḥ ||;
TĀ, 19: 15;39 1;sa evātra niṣiddho no kuḍyakīṭapatatriṇaḥ |;
TĀ, 19: 15;39 2;tarhi pāṣāṇatulyo .sau vilīnendriyavṛttikaḥ ||;
TĀ, 19: 15;40 1;tasyāgre paṭhatastasya niṣedhollaṅghanā katham |;
TĀ, 19: 15;40 2;sa tu vastusvabhāvena galitākṣo .pi budhyate ||;
TĀ, 19: 15;41 1;akṣānapekṣayaivāntaścicchaktyā svaprakāśayā |;
TĀ, 19: 15;41 2;prāgdehaṁ kila tityakṣur nottaraṁ cādhitaṣṭhivān ||;
TĀ, 19: 15;42 1;madhye prabodhakabalāt pratibudhyet pudgalaḥ |;
TĀ, 19: 15;42 2;mantrāḥ śabdamayāḥ śuddhavimarśātmatayā svayam ||;
TĀ, 19: 15;43 1;arthātmanā cāvabhāntas tadarthapratibodhakāḥ |;
TĀ, 19: 15;43 2;tenāsya galitākṣasya prabodho jāyate svayam ||;
TĀ, 19: 15;44 1;svacitsamānajātīyamantrāmarśanasaṁnidheḥ |;
TĀ, 19: 15;44 2;yathā hyalpajavo vāyuḥ sajātīyavimiśritaḥ ||;
TĀ, 19: 15;45 1;javī tathātmā saṁsuptāmarśo .pyevaṁ prabudhyate |;
TĀ, 19: 15;45 2;prabuddhaḥ sa ca saṁjāto na cādīkṣita ucyate ||;
TĀ, 19: 15;46 1;dīkṣā hi nāma saṁskāro na tvanyatso .sti cāsya hi |;
TĀ, 19: 15;46 2;ata eva nijaṁ śāstraṁ paṭhati kvāpi sāmaye ||;
TĀ, 19: 15;47 1;tacchrutvā ko .pi dhanyaścenmucyate nāsya sā kṣatiḥ |;
TĀ, 19: 15;47 2;śāstranindāṁ maiṣa kārṣīddvayoḥ pātityadāyinīm ||;
TĀ, 19: 15;48 1;ityevaṁparam etannādīkṣitāgre paṭhediti |;
TĀ, 19: 15;48 2;yathā ca samayī kāṣṭhe loṣṭe vā mantrayojanām ||;
TĀ, 19: 15;49 1;kurvaṁstasmiṁścalatyeti na lopaṁ tadvadatra hi |;
TĀ, 19: 15;49 2;yato .sya pratyayaprāptiprepsoḥ samayinastathā ||;
TĀ, 19: 15;50 1;pravṛttasya svabhāvena tasminmukte na vai kṣatiḥ |;
TĀ, 19: 15;50 2;sādhakastu sadā sādhye phale niyatiyantraṇāt ||;
TĀ, 19: 15;51 1;makṣikāśrutamantro .pi prāyaścittaucitīṁ caret |;
TĀ, 19: 15;51 2;itthaṁ sadyaḥsamutkrāntiryoktā tāmājñayā guroḥ ||;
TĀ, 19: 15;52 1;samayyādirapi proktakāle proktārthasiddhaye |;
TĀ, 19: 15;52 2;svayaṁ kuryātsamabhyastaprāṇacāragamāgamaḥ ||;
TĀ, 19: 15;53 1;akṛtādhikṛtirvāpi guruḥ samayaśuddhaye |;
TĀ, 19: 15;53 2;adhastanapadāvastho natu jñāneddhacetanaḥ ||;
TĀ, 19: 15;54 1;itīyaṁ sadya utkrāntiḥ sūcitā mālinīmate |;
TĀ, 19: 15;54 2;svayaṁ vā guruṇā vātha kāryatvena maheśinā ||;
TĀ, 19: 15;55 1;sarvaṁ bhogaṁ virūpaṁ tu matvā dehaṁ tyajedyadi |;
TĀ, 19: 15;55 2;tadā tena krameṇāśu yojitaḥ samayī śivaḥ ||;
TĀ, 19: 15;56 1;ukteyaṁ sadya utkrāntiryā gopyā prāṇavadbudhaiḥ ||;
TĀ, 8: 8;1 1;deśādhvano .pyatha samāsavikāsayogātsaṁgīyate |;
TĀ, 8: 8;2 1;vicārito .yaṁ kālādhvā kriyāśaktimayaḥ prabhoḥ |;
TĀ, 8: 8;2 2;mūrtivaicitryajastajjo deśādhvātha nirūpyate ||;
TĀ, 8: 8;3 1;adhvā samasta evāyaṁ cinmātre sampratiṣṭhitaḥ |;
TĀ, 8: 8;3 2;yattatra nahi viśrāntaṁ tan nabhaḥkusumāyate ||;
TĀ, 8: 8;4 1;saṁviddvāreṇa tatsṛṣṭe śūnye dhiyi marutsu ca |;
TĀ, 8: 8;4 2;nāḍīcakrānucakreṣu barhirdehe .dhvasaṁsthitiḥ ||;
TĀ, 8: 8;5 1;tatrādhvaivaṁ nirūpyo .yaṁ yatastatprakriyākramam |;
TĀ, 8: 8;5 2;anusaṁdadhadeva drāg yogī bhairavatāṁ vrajet ||;
TĀ, 8: 8;6 1;didṛkṣayaiva sarvārthān yadā vyāpyāvatiṣṭhate |;
TĀ, 8: 8;6 2;tadā kiṁ bahunoktena ityuktaṁ spandaśāsane ||;
TĀ, 8: 8;7 1;jñātvā samastamadhvānaṁ tadīśeṣu vilāpayet |;
TĀ, 8: 8;7 2;tān dehaprāṇadhīcakre pūrvavad gālayetkramāt ||;
TĀ, 8: 8;8 1;tatsamastaṁ svasaṁvittau sā saṁvidbharitātmikā |;
TĀ, 8: 8;8 2;upāsyamānā saṁsārasāgarapralayānalaḥ ||;
TĀ, 8: 8;9 1;śrīmahīkṣottare caitānadhveśān gururabravīt |;
TĀ, 8: 8;9 2;brahmānantātpradhānāntaṁ viṣṇuḥ puṁsaḥ kalāntagam ||;
TĀ, 8: 8;10 1;rudro granthau ca māyāyāmīśaḥ sādākhyagocare |;
TĀ, 8: 8;10 2;anāśritaḥ śivastasmādvyāptā tadvyāpakaḥ paraḥ ||;
TĀ, 8: 8;11 1;evaṁ śivatvamāpannamiti matvā nyarūpyata |;
TĀ, 8: 8;11 2;na prakriyāparaṁ jñānamiti svacchandaśāsane ||;
TĀ, 8: 8;12 1;triśiraḥśāsane bodho mūlamadhyāgrakalpitaḥ |;
TĀ, 8: 8;12 2;ṣaṭtriṁśattattvasaṁrambhaḥ smṛtirbhedavikalpanā ||;
TĀ, 8: 8;13 1;avyāhatavibhāgo .smibhāvo mūlaṁ tu bodhagam |;
TĀ, 8: 8;13 2;samastatattvabhāvo .yaṁ svātmanyevāvibhāgakaḥ ||;
TĀ, 8: 8;14 1;bodhamadhyaṁ bhavetkiṁcidādhārādheyalakṣaṇam |;
TĀ, 8: 8;14 2;tattvabhedavibhāgena svabhāvasthitilakṣaṇam ||;
TĀ, 8: 8;15 1;bodhāgraṁ tattu vidbodhaṁ nistaraṅgaṁ bṛhatsukham |;
TĀ, 8: 8;15 2;saṁvidekātmatānītabhūtabhāvapurādikaḥ ||;
TĀ, 8: 8;16 1;avyavacchinnasaṁvittirbhairavaḥ parameśvaraḥ |;
TĀ, 8: 8;16 2;śrīdevyāyāmale coktaṁ ṣaṭtriṁśattattvasundaram ||;
TĀ, 8: 8;17 1;adhvānaṁ ṣaḍvidhaṁ dhyāyansadyaḥ śivamayo bhavet |;
TĀ, 8: 8;17 2;yadyapyamuṣya nāthasya saṁvittyanatirekiṇaḥ ||;
TĀ, 8: 8;18 1;pūrṇasyordhvādimadhyāntavyavasthā nāsti vāstavī |;
TĀ, 8: 8;18 2;tathāpi pratipattṝṇāṁ pratipādayitustathā ||;
TĀ, 8: 8;19 1;svasvarūpānusāreṇa madhyāditvādikalpanāḥ |;
TĀ, 8: 8;19 2;tataḥ pramātṛsaṁkalpaniyamāt pārthivaṁ viduḥ ||;
TĀ, 8: 8;20 1;tattvaṁ sarvāntarālasthaṁ yatsarvāvaraṇairvṛtam |;
TĀ, 8: 8;20 2;tadatra pārthive tattve kathyate bhuvanasthitiḥ ||;
TĀ, 8: 8;21 1;netā kaṭāharudrāṇāmanantaḥ kāmasevinām |;
TĀ, 8: 8;21 2;potārūḍho jalasyāntarmadyapānavighūrṇitaḥ ||;
TĀ, 8: 8;22 1;sa devaṁ bhairavaṁ dhyāyan nāgaiśca parivāritaḥ |;
TĀ, 8: 8;22 2;kālāgnerbhuvanaṁ cordhve koṭiyojanamucchritam ||;
TĀ, 8: 8;23 1;lokānāṁ bhasmasādbhāvabhayānnordhvaṁ sa vīkṣate |;
TĀ, 8: 8;23 2;sa ca vyāptāpi viśvasya yasmātpluṣyannimāṁ bhuvam ||;
TĀ, 8: 8;24 1;narakebhyaḥ purā vyaktastenāsau tadadho mataḥ |;
TĀ, 8: 8;24 2;daśa koṭyo vibhorjvālā tadardhaṁ śūnyamūrdhvataḥ ||;
TĀ, 8: 8;25 1;tadūrdhve narakādhīśāḥ kramādduḥkhaikavedanāḥ |;
TĀ, 8: 8;25 2;adho madhye tadūrdhve ca sthitā bhedāntarairvṛtāḥ ||;
TĀ, 8: 8;26 1;avīcikumbhīpākākhyarauravāsteṣvanukramāt |;
TĀ, 8: 8;26 2;ekādaśaikādaśa ca daśetyantaḥ śarāgni tat ||;
TĀ, 8: 8;27 1;pratyekameṣāmekonā koṭirucchritirantaram |;
TĀ, 8: 8;27 2;lakṣamatra khavedāsyasaṁkhyānāmantarā sthitiḥ ||;
TĀ, 8: 8;28 1;kūṣmāṇḍa ūrdhve lakṣonakoṭisthānastadīśitā |;
TĀ, 8: 8;28 2;śāstraviruddhācaraṇāt kṛṣṇaṁ ye karma vidadhate ||;
TĀ, 8: 8;29 1;tatra bhīmairlokapuruṣaiḥ pīḍyante bhogaparyantam |;
TĀ, 8: 8;29 2;ye sakṛdapi parameśaṁ śivamekāgreṇa cetasā śaraṇam ||;
TĀ, 8: 8;30 1;yānti na te narakayujaḥ kṛṣṇaṁ teṣāṁ sukhālpatādāyi |;
TĀ, 8: 8;30 2;sahasranavakotsedhamekāntaramatha kramāt ||;
TĀ, 8: 8;31 1;pātālāṣṭakamekaikamaṣṭame hāṭakaḥ prabhuḥ |;
TĀ, 8: 8;31 2;pratilokaṁ niyuktātmā śrīkaṇṭho haṭhato bahūḥ ||;
TĀ, 8: 8;32 1;siddhīrdadātyasāvevaṁ śrīmadrauravaśāsane |;
TĀ, 8: 8;32 2;vratino ye vikarmasthā niṣiddhācārakāriṇaḥ ||;
TĀ, 8: 8;33 1;dīkṣitā api ye luptasamayā naca kurvate |;
TĀ, 8: 8;33 2;prāyaścittāṁstathā tatsthā vāmācārasya dūṣakāḥ ||;
TĀ, 8: 8;34 1;devāgnidravyavṛttyaṁśajīvinaścottamasthitāḥ |;
TĀ, 8: 8;34 2;adhaḥsthagāruḍādyanyamantrasevāparāyaṇāḥ ||;
TĀ, 8: 8;35 1;te hāṭakavibhoragre kiṅkarā vividhātmakāḥ |;
TĀ, 8: 8;35 2;te tu tatrāpi deveśaṁ bhaktyā cetparyupāsate ||;
TĀ, 8: 8;36 1;tadīśatattve līyante kramācca parame śive |;
TĀ, 8: 8;36 2;anyathā ye tu vartante tadbhoganiratātmakāḥ ||;
TĀ, 8: 8;37 1;te kālavahnisaṁtāpadīnākrandaparāyaṇāḥ |;
TĀ, 8: 8;37 2;guṇatattve nilīyante tataḥ sṛṣṭimukhe punaḥ ||;
TĀ, 8: 8;38 1;pātyante mātṛbhirghorayātanaughapurassaram |;
TĀ, 8: 8;38 2;adhamādhamadeheṣu nijakarmānurūpataḥ ||;
TĀ, 8: 8;39 1;mānuṣānteṣu tatrāpi kecinmantravidaḥ kramāt |;
TĀ, 8: 8;39 2;mucyante .nye tu badhyante pūrvakṛtyānusārataḥ ||;
TĀ, 8: 8;40 1;ityeṣa gaṇavṛttānto nāmnā hulahulādinā |;
TĀ, 8: 8;40 2;proktaṁ bhagavatā śrīmadānandādhikaśāsane ||;
TĀ, 8: 8;41 1;pātālordhve sahasrāṇi viṁśatirbhūkaṭāhakaḥ |;
TĀ, 8: 8;41 2;siddhātantre tu pātālapṛṣṭhe yakṣīsamāvṛtam ||;
TĀ, 8: 8;42 1;bhadrakālyāḥ puraṁ yatra tābhiḥ krīḍanti sādhakāḥ |;
TĀ, 8: 8;42 2;tatastamastaptabhūmistataḥśūnyaṁ tato .hayaḥ ||;
TĀ, 8: 8;43 1;etāni yātanāsthānaṁ gurumantrādidūṣiṇām |;
TĀ, 8: 8;43 2;tato bhūmyūrdhvato meruḥ sahasrāṇi sa ṣoḍaśa ||;
TĀ, 8: 8;44 1;magnastanmūlavistārastaddvayenordhvavistṛtiḥ |;
TĀ, 8: 8;44 2;sahasrābdhivasūcchrāyo haimaḥ sarvāmarālayaḥ ||;
TĀ, 8: 8;45 1;madhyordhvādhaḥ samudvṛttaśarāvacaturaśrakaḥ |;
TĀ, 8: 8;45 2;bhairavīyaṁ ca talliṅgaṁ dharaṇī cāsya pīṭhikā ||;
TĀ, 8: 8;46 1;sarve devā nilīnā hi tatra tatpūjitaṁ sadā |;
TĀ, 8: 8;46 2;madhye merusabhā dhātustadīśadiśi ketanam ||;
TĀ, 8: 8;47 1;jyotiṣkaśikharaṁ śaṁbhoḥ śrīkaṇṭhāṁśaśca sa prabhuḥ |;
TĀ, 8: 8;47 2;avaruhya sahasrāṇi manovatyāścaturdaśa ||;
TĀ, 8: 8;48 1;cakravāṭaścaturdikko meruratra tu lokapāḥ |;
TĀ, 8: 8;48 2;amarāvatikendrasya pūrvasyāṁ dakṣiṇena tām ||;
TĀ, 8: 8;49 1;apsaraḥsiddhasādhyās tāmuttareṇa vināyakāḥ |;
TĀ, 8: 8;49 2;tejovatī svadiśyagneḥ purī tāṁ paścimena tu ||;
TĀ, 8: 8;50 1;viśvedevā viśvakarmā kramāttadanugāśca ye |;
TĀ, 8: 8;50 2;yāmyāṁ saṁyamanī tāṁ tu paścimena kramāt sthitāḥ ||;
TĀ, 8: 8;51 1;mātṛnandā svasaṁkhyātā rudrāstatsādhakāstathā |;
TĀ, 8: 8;51 2;kṛṣṇāṅgārā nirṛtiśca tāṁ pūrveṇa piśācakāḥ ||;
TĀ, 8: 8;52 1;rakṣāṁsi siddhagandharvāstūttareṇottareṇa tām |;
TĀ, 8: 8;52 2;vāruṇī śuddhavatyākhyā bhūtaugho dakṣiṇena tām ||;
TĀ, 8: 8;53 1;uttareṇottareṇaināṁ vasuvidyādharāḥ kramāt |;
TĀ, 8: 8;53 2;vāyorgandhavatī tasyā dakṣiṇe kinnarāḥ punaḥ ||;
TĀ, 8: 8;54 1;vīṇāsarasvatī devī nāradastumburustathā |;
TĀ, 8: 8;54 2;mahodayendorguhyāḥ syuḥ paścime .syāḥ punaḥ punaḥ ||;
TĀ, 8: 8;55 1;kuberaḥ karmadevāśca tathā tatsādhakā api |;
TĀ, 8: 8;55 2;yaśasvinī maheśasya tasyāḥ paścimato hariḥ ||;
TĀ, 8: 8;56 1;dakṣiṇe dakṣiṇe brahmāśvinau dhanvantariḥ kramāt |;
TĀ, 8: 8;56 2;mairave cakravāṭe .smin evaṁ mukhyāḥ puro .ṣṭadhā ||;
TĀ, 8: 8;57 1;antarālagatāstvanyāḥ punaḥ ṣaḍviṁśatiḥ smṛtāḥ |;
TĀ, 8: 8;57 2;iṣṭāpūrtaratāḥ puṇye varṣe ye bhārate narāḥ ||;
TĀ, 8: 8;58 1;te merugāḥ sakṛcchambhuṁ ye vārcanti yathocitam |;
TĀ, 8: 8;58 2;meroḥ pradakṣiṇāpyodagdikṣu viṣkambhaparvatāḥ ||;
TĀ, 8: 8;59 1;mandaro gandhamādaśca vipulo .tha supārśvakaḥ |;
TĀ, 8: 8;59 2;sitapītanīlaraktāste kramātpādaparvatāḥ ||;

TĀ, 8: 8;61 1;raktodamānasasitaṁ bhadraṁ caitaccatuṣṭayaṁ sarasām |;
TĀ, 8: 8;61 2;vṛkṣāḥ kadambajambvaśvatthanyagrodhakāḥ kramaśaḥ ||;
TĀ, 8: 8;62 1;eṣu ca caturṣvacaleṣu trayaṁ trayaṁ kramaśa etadāmnātam mervadho lavaṇābdhyantaṁ jambudvīpaḥ samantataḥ ||;
TĀ, 8: 8;63 1;lakṣamātraḥ sa navadhā jāto maryādaparvataiḥ |;
TĀ, 8: 8;63 2;niṣadho hemakūṭaśca himavāndakṣiṇe trayaḥ ||;
TĀ, 8: 8;64 1;lakṣaṁ sahasranavatistadaśītiriti kramāt |;
TĀ, 8: 8;64 2;nīlaḥ śvetastriśṛṅgaśca tāvantaḥ savyataḥ punaḥ ||;
TĀ, 8: 8;65 1;meroḥ ṣaḍete maryādācalāḥ pūrvāparāyatāḥ |;
TĀ, 8: 8;65 2;pūrvato mālyavānpaścādgandhamādanasaṁjñitaḥ ||;
TĀ, 8: 8;66 1;savyottarāyatau tau tu catustriṁśatsahasrakau |;
TĀ, 8: 8;66 2;aṣṭāvete tato .pyanyau dvau dvau pūrvādiṣu kramāt ||;
TĀ, 8: 8;67 1;jāṭharaḥ kūṭahimavadyātrajārudhiśṛṅgiṇaḥ |;
TĀ, 8: 8;67 2;evaṁ sthito vibhāgo .tra varṣasiddhyai nirūpyate ||;
TĀ, 8: 8;68 1;samantāccakravāṭādho .narkendu caturaśrakam |;
TĀ, 8: 8;68 2;sahasranavavistīrṇamilākhyaṁ trimukhāyuṣam ||;
TĀ, 8: 8;69 1;meroḥ paścimato gandhamādo yastasya paścime |;
TĀ, 8: 8;69 2;ketumālaṁ kulādrīṇāṁ saptakena vibhūṣitam ||;
TĀ, 8: 8;70 1;meroḥ pūrvaṁ mālyavānyo bhadrāśvastasya pūrvataḥ |;
TĀ, 8: 8;70 2;sahasradaśakāyustatsapañcakulaparvatam ||;
TĀ, 8: 8;71 1;pūrvapaścimataḥ savyottarataśca kramādime |;
TĀ, 8: 8;71 2;dvātriṁśacca catustriṁśatsahasrāṇi nirūpite ||;
TĀ, 8: 8;72 1;merorudak śṛṅgavānyastadbahiḥ kuruvarṣakam |;
TĀ, 8: 8;72 2;cāpavannavasāhasramāyustatra trayodaśa ||;
TĀ, 8: 8;73 1;kuruvarṣasyottare .tha vāyavye .bdhau kramāccharāḥ |;
TĀ, 8: 8;73 2;daśa ceti sahasrāṇi dvīpau candro .tha bhadrakaḥ ||;
TĀ, 8: 8;74 1;yau śvetaśṛṅgiṇau merorvāme madhye hiraṇmayam |;
TĀ, 8: 8;74 2;tayornavakavistīrṇamāyuś cārdhatrayodaśa ||;
TĀ, 8: 8;75 1;tatra vai vāmataḥ śvetanīlayo ramyako .ntare |;
TĀ, 8: 8;75 2;sahasranavavistīrṇamāyurdvādaśa tāni ca ||;
TĀ, 8: 8;76 1;merordakṣiṇato hemaniṣadhau yau tadantare |;
TĀ, 8: 8;76 2;haryākhyaṁ navasāhasraṁ tatsahasrādhikāyuṣam ||;
TĀ, 8: 8;77 1;tatraiva dakṣiṇe hemahimavaddvitayāntare |;
TĀ, 8: 8;77 2;kainnaraṁ navasāhasraṁ tatsahasrādhikāyuṣam ||;
TĀ, 8: 8;78 1;tatraiva dakṣiṇe merorhimavānyasya dakṣiṇe |;
TĀ, 8: 8;78 2;bhārataṁ navasāhasraṁ cāpavatkarmabhogabhūḥ ||;
TĀ, 8: 8;79 1;ilāvṛtaṁ ketubhadraṁ kuruhairaṇyaramyakam |;
TĀ, 8: 8;79 2;harikinnaravarṣe ca bhogabhūrna tu karmabhūḥ ||;
TĀ, 8: 8;80 1;atra bāhulyataḥ karmabhūbhāvo .trāpyakarmaṇām |;
TĀ, 8: 8;80 2;paśūnāṁ karmasaṁskāraḥ syāttādṛgdṛḍhasaṁskṛteḥ ||;
TĀ, 8: 8;81 1;sambhavantyapyasaṁskārā bhārate .nyatra cāpi hi |;
TĀ, 8: 8;81 2;dṛḍhaprāktanasaṁskārādīśecchātaḥ śubhāśubham ||;
TĀ, 8: 8;82 1;sthānāntare .pi karmāsti dṛṣṭaṁ tacca purātane |;
TĀ, 8: 8;82 2;tatra tretā sadā kālo bhārate tu caturyugam ||;
TĀ, 8: 8;83 1;bhārate navakhaṇḍaṁ ca sāmudreṇāmbhasātra ca |;
TĀ, 8: 8;83 2;sthalaṁ pañcaśatī tadvajjalaṁ ceti vibhajyate ||;
TĀ, 8: 8;84 1;indraḥ kaśerustāmrābho nāgīyaḥ prāggabhastimān |;
TĀ, 8: 8;84 2;saumyagāndharvavārāhāḥ kanyākhyaṁ cāsamudrataḥ ||;
TĀ, 8: 8;85 1;kanyādvīpe ca navame dakṣiṇenābdhimadhyagāḥ |;
TĀ, 8: 8;85 2;upadvīpāḥ ṣaṭ kulādrisaptakena vibhūṣite ||;
TĀ, 8: 8;86 1;aṅgayavamalayaśaṅkuḥ kumudavarāhau ca malayago tatraiva ca trikūṭe laṅkā ṣaḍamī hyupadvīpāḥ ||;
TĀ, 8: 8;87 1;dvīpopadvīpagāḥ prāyo mlecchā nānāvidhā janāḥ |;
TĀ, 8: 8;87 2;muktākāñcanaratnāḍhyā iti śrīruruśāsane ||;
TĀ, 8: 8;88 1;bhārate yatkṛtaṁ karma kṣapitaṁ vāpyavīcitaḥ |;
TĀ, 8: 8;88 2;śivāntaṁ tena muktirvā kanyākhye tu viśeṣataḥ ||;
TĀ, 8: 8;89 1;mahākālādikā rudrakoṭiratraiva bhārate |;
TĀ, 8: 8;89 2;gaṅgādipañcaśatikā janma tenātra durlabham ||;
TĀ, 8: 8;90 1;anyavarṣeṣu paśuvad bhogātkarmātivāhanam |;
TĀ, 8: 8;90 2;prāpyaṁ manorathātītamapi bhāratajanmanām ||;
TĀ, 8: 8;91 1;nānāvarṇāśramācārasukhaduḥkhavicitratā |;
TĀ, 8: 8;91 2;kanyādvīpe yatastena karmabhūḥ seyamuttamā ||;
TĀ, 8: 8;92 1;puṁsāṁ sitāsitānyatra kurvatāṁ kila sidhyataḥ |;
TĀ, 8: 8;92 2;parāparau svarnirayāviti rauravavārtike ||;
TĀ, 8: 8;93 1;evaṁ meroradho jambūrabhito yaḥ sa vistarāt |;
TĀ, 8: 8;93 2;syāt saptadaśadhā khaṇḍairnavabhistu samāsataḥ ||;
TĀ, 8: 8;94 1;manoḥ svāyaṁbhuvasyāsan sutā daśa tatastrayaḥ |;
TĀ, 8: 8;94 2;prāvrajannatha jambvākhye rājā yo .gnīdhranāmakaḥ ||;
TĀ, 8: 8;95 1;tasyābhavannava sutāstato .yaṁ navakhaṇḍakaḥ |;
TĀ, 8: 8;95 2;nābhiryo navamastasya naptā bharata ārṣabhiḥ ||;
TĀ, 8: 8;96 1;tasyāṣṭau tanayāḥ sākaṁ kanyayā navamo .ṁśakaḥ |;
TĀ, 8: 8;96 2;bhuktaistairnavadhā tasmāllakṣayojanamātrakāt ||;
TĀ, 8: 8;97 1;lakṣaikamātro lavaṇastadbāhye .sya puro .drayaḥ |;
TĀ, 8: 8;97 2;ṛṣabho dundubhirdhūmraḥ kaṅkadroṇendavo hyudak ||;
TĀ, 8: 8;98 1;varāhanandanāśokāḥ paścāt sahabalāhakau |;
TĀ, 8: 8;98 2;dakṣiṇa cakramainākau vāḍavo .ntastayoḥ sthitaḥ ||;
TĀ, 8: 8;99 1;abdherdakṣiṇataḥ khākṣisahasrātikramād giriḥ |;
TĀ, 8: 8;99 2;vidyutvāṁstrisahasrocchridāyāmo .tra phalāśinaḥ ||;
TĀ, 8: 8;100 1;maladigdhā dīrghakeśaśmaśravo gosadharmakāḥ |;
TĀ, 8: 8;100 2;nagnāḥ saṁvatsarāśītijīvinastṛṇabhojinaḥ ||;
TĀ, 8: 8;101 1;niryantrāṇi sadā tatra dvārāṇi bilasiddhaye |;
TĀ, 8: 8;101 2;ityetad gurubhirgītaṁ śrīmadrauravaśāsane ||;
TĀ, 8: 8;102 1;itthaṁ ya eṣa lavaṇasamudraḥ pratipāditaḥ |;
TĀ, 8: 8;102 2;tadbahiḥ ṣaḍamī dvīpāḥ pratyekaṁ svārṇavairvṛtāḥ ||;

TĀ, 8: 8;104 1;medhātithirvapuṣmāñjyotiṣmāndyutimatā havī rājā |;
TĀ, 8: 8;104 2;saṁvara iti śākādiṣu jambudvīpe nyarūpi cāgnīdhraḥ ||;

TĀ, 8: 8;106 1;tripañcāśacca lakṣāṇi dvikoṭyayutapañcakam |;
TĀ, 8: 8;106 2;svādvarṇavāntaṁ mervardhād yojananām iyaṁ pramā ||;
TĀ, 8: 8;107 1;saptamajaladherbāhye haimī bhūḥ koṭidaśakamatha lakṣam ucchrityā vistārādayutaṁ loketarācalaḥ kathitaḥ ||;
TĀ, 8: 8;108 1;lokālokadigaṣṭakasaṁsthaṁ rudrāṣṭakaṁ salokeśam |;
TĀ, 8: 8;108 2;kevalamityapi kecillokālokāntare ravirna bahiḥ ||;
TĀ, 8: 8;109 1;pitṛdevapathāvasyodagdakṣiṇagau svajātpare vīthyau |;
TĀ, 8: 8;109 2;bhānoruttaradakṣiṇamayanadvayametadeva kathayanti ||;
TĀ, 8: 8;110 1;sarveṣāmuttaro merurlokālokaśca dakṣiṇaḥ |;
TĀ, 8: 8;110 2;udayāstamayāvitthaṁ sūryasya paribhāvayet ||;

TĀ, 8: 8;112 1;udayo yo .marāvatyāṁ so .rdharātro yamālaye |;
TĀ, 8: 8;112 2;ke .staṁ saumye ca madhyāhna itthaṁ sūryagatāgate ||;
TĀ, 8: 8;113 1;pañcatriṁśatkoṭisaṁkhyā lakṣāṇyekonaviṁśatiḥ |;
TĀ, 8: 8;113 2;catvāriṁśatsahasrāṇi dhvāntaṁ lokācalādbahiḥ ||;
TĀ, 8: 8;114 1;saptasāgaramānastu garbhodākhyaḥ samudrarāṭ |;
TĀ, 8: 8;114 2;lokālokasya parato yadgarbhe nikhilaiva bhūḥ ||;
TĀ, 8: 8;115 1;siddhātantre .tra garbhābdhestīre kauśeyasaṁjñitam |;
TĀ, 8: 8;115 2;maṇḍalaṁ garuḍastatra siddhapakṣasamāvṛtaḥ ||;
TĀ, 8: 8;116 1;krīḍanti parvatāgre te nava cātra kulādrayaḥ |;
TĀ, 8: 8;116 2;tata uṣṇodakās triṁśannadyaḥ pātālagāstataḥ ||;
TĀ, 8: 8;117 1;caturdiṅnaimirodyānaṁ yoginīsevitaṁ sadā |;
TĀ, 8: 8;117 2;tato merustato nāgā meghā hemāṇḍakaṁ tataḥ ||;
TĀ, 8: 8;118 1;brahmaṇo .ṇḍakaṭāhena merorardhena koṭayaḥ |;
TĀ, 8: 8;118 2;pañcāśadevaṁ daśasu dikṣu bhūrlokasaṁjñitam ||;
TĀ, 8: 8;119 1;paśukhagamṛgatarumānuṣasarīsṛpaiḥ ṣaḍbhireṣa bhūrlokaḥ vyāptaḥ piśācarakṣogandharvāṇāṁ sayakṣāṇām ||;
TĀ, 8: 8;120 1;vidyābhṛtāṁ ca kiṁ vā bahunā sarvasya bhūtasargasya |;
TĀ, 8: 8;120 2;abhimānato yatheṣṭaṁ bhogasthānaṁ nivāsaśca ||;
TĀ, 8: 8;121 1;bhuvarlokastathā tvārkāllakṣamekaṁ tadantare |;
TĀ, 8: 8;121 2;daśa vāyupathāste ca pratyekamayutāntarāḥ ||;
TĀ, 8: 8;122 1;ādyo vāyupathastatra vitataḥ paricarcyate |;
TĀ, 8: 8;122 2;pañcāśadyojanordhve syādṛtarddhirnāma mārutaḥ ||;
TĀ, 8: 8;123 1;āpyāyakaḥ sa jantūnāṁ tataḥ prācetaso bhavet |;
TĀ, 8: 8;123 2;pañcāśadyojanādūrdhvaṁ tasmādūrdhvaṁ śatena tu ||;
TĀ, 8: 8;124 1;senānīvāyuratraite mūkameghāstaḍinmucaḥ |;
TĀ, 8: 8;124 2;ye mahyāḥ krośamātreṇa tiṣṭhanti jalavarṣiṇaḥ ||;
TĀ, 8: 8;125 1;tebhya ūrdhvaṁ śatānmeghā bhekādiprāṇivarṣiṇaḥ |;
TĀ, 8: 8;125 2;pañcāśadūrdhvamogho .tra viṣavāripravarṣiṇaḥ ||;
TĀ, 8: 8;126 1;meghāḥ skandodbhavāścānye piśācā oghamārute |;
TĀ, 8: 8;126 2;tataḥ pañcāśadūrdhvaṁ syurmeghā mārakasaṁjñakāḥ ||;
TĀ, 8: 8;127 1;tatra sthāne mahādevajanmānaste vināyakāḥ |;
TĀ, 8: 8;127 2;ye haranti kṛtaṁ karma narāṇāmakṛtātmanām ||;
TĀ, 8: 8;128 1;pañcāśadūrdhvaṁ vajrāṅko vāyuratropalāmbudāḥ |;
TĀ, 8: 8;128 2;vidyādharādhamāścātra vajrāṅke sampratiṣṭhitāḥ ||;
TĀ, 8: 8;129 1;ye vidyāpauruṣe ye ca śmaśānādiprasādhane |;
TĀ, 8: 8;129 2;mṛtāstatsiddhisiddhāste vajrāṅke maruti sthitāḥ ||;
TĀ, 8: 8;130 1;pañcāśadūrdhvaṁ vajrāṁkādvaidyuto .śanivarṣiṇaḥ |;
TĀ, 8: 8;130 2;abdā apsarasaścātra ye ca puṇyakṛto narāḥ ||;
TĀ, 8: 8;131 1;bhṛgau vahnau jale ye ca saṁgrāme cānivartinaḥ |;
TĀ, 8: 8;131 2;gograhe vadhyamokṣe vā mṛtāste vaidyute sthitāḥ ||;
TĀ, 8: 8;132 1;vaidyutādraivatastāvāṁstatra puṣṭivahāmbudāḥ |;
TĀ, 8: 8;132 2;ūrdhvaṁ ca rogāmbumucaḥ saṁvartāstadanantare ||;
TĀ, 8: 8;133 1;rocanāñjanabhasmādisiddhāstatraiva raivate |;
TĀ, 8: 8;133 2;krodhodakamucāṁ sthānaṁ viṣāvartaḥ sa mārutaḥ ||;
TĀ, 8: 8;134 1;pañcāśadūrdhvaṁ tatraiva durdinābdā hutāśajāḥ |;
TĀ, 8: 8;134 2;vidyādharaviśeṣāśca tathā ye parameśvaram ||;
TĀ, 8: 8;135 1;gāndharveṇa sadārcanti viṣāvarte .tha te sthitāḥ |;
TĀ, 8: 8;135 2;viṣāvartācchatādūrdhvaṁ durjayaḥ śvāsasaṁbhavaḥ ||;
TĀ, 8: 8;136 1;brahmaṇo .tra sthitā meghāḥ pralaye vātakāriṇaḥ |;
TĀ, 8: 8;136 2;puṣkarābdā vāyugamā gandharvāśca parāvahe ||;
TĀ, 8: 8;137 1;jīmūtameghāstatsaṁjñāstathā vidyādharottamāḥ |;
TĀ, 8: 8;137 2;ye ca rūpavratā lokā āvahe te pratiṣṭhitāḥ ||;
TĀ, 8: 8;138 1;mahāvahe tvīśakṛtāḥ prajāhitakarāmbudāḥ |;
TĀ, 8: 8;138 2;mahāparivahe meghāḥ kapālotthā maheśituḥ ||;
TĀ, 8: 8;139 1;mahāparivahānto .yamṛtarddheḥ prāṅmarutpathaḥ |;
TĀ, 8: 8;139 2;agnikanyā mātaraśca rudraśaktyā tvadhiṣṭhitāḥ ||;
TĀ, 8: 8;140 1;dvitīye tatpare siddhacāraṇā nijakarmajāḥ |;
TĀ, 8: 8;140 2;turye devāyudhānyaṣṭau diggajāḥ pañcame punaḥ ||;
TĀ, 8: 8;141 1;ṣaṣṭhe garutmān anyasmin gaṅgānyatra vṛṣo vibhuḥ |;
TĀ, 8: 8;141 2;dakṣastu navame brahmaśaktyā samadhiniṣṭhitaḥ ||;
TĀ, 8: 8;142 1;daśame vasavo rudrā ādityāśca marutpathe |;
TĀ, 8: 8;142 2;navayojanasāhasro vigraho .rkasya maṇḍalam ||;
TĀ, 8: 8;143 1;triguṇaṁ jñānaśaktiḥ sā tapatyarkatayā prabhoḥ |;
TĀ, 8: 8;143 2;svarlokastu bhuvarlokāddhruvāntaṁ paribhāṣyate ||;
TĀ, 8: 8;144 1;sūryāllakṣeṇa śītāṁśuḥ kriyāśaktiḥ śivasya sā |;
TĀ, 8: 8;144 2;candrāllakṣeṇa nākṣatraṁ tato lakṣadvayena tu ||;
TĀ, 8: 8;145 1;pratyekaṁ bhaumataḥ sūryasutānte pañcakaṁ viduḥ |;
TĀ, 8: 8;145 2;saurāllakṣeṇa saptarṣivargastasmāddhruvastathā ||;
TĀ, 8: 8;146 1;brahmaivāpararūpeṇa brahmasthāne dhruvo .calaḥ |;
TĀ, 8: 8;146 2;medhībhūto vimānānāṁ sarveṣāmupari dhruvaḥ ||;
TĀ, 8: 8;147 1;atra baddhāni sarvāṇyapyūhyante .nilamaṇḍale |;
TĀ, 8: 8;147 2;svassapta mārutaskandhā āmeghādyāḥ pradhānataḥ ||;
TĀ, 8: 8;148 1;itaśca kratuhotrādi kṛtvā jñānavivarjitāḥ |;
TĀ, 8: 8;148 2;svaryānti tatkṣaye lokaṁ mānuṣyaṁ puṇyaśeṣataḥ ||;
TĀ, 8: 8;149 1;evaṁ bhūmerdhruvāntaṁ syāllakṣāṇi daśa pañca ca |;
TĀ, 8: 8;149 2;dve koṭī pañca cāśītirlakṣāṇi svargato mahān ||;
TĀ, 8: 8;150 1;mārkaṇḍādyā ṛṣimunisiddhāstatra pratiṣṭhitāḥ |;
TĀ, 8: 8;150 2;nivartitādhikārāśca devā mahati saṁsthitāḥ ||;
TĀ, 8: 8;151 1;mahāntarāle tatrānye tvadhikārabhujo janāḥ |;
TĀ, 8: 8;151 2;aṣṭau koṭyo mahallokājjano .tra kapilādayaḥ ||;
TĀ, 8: 8;152 1;tiṣṭhanti sādhyāstatraiva bahavaḥ sukhabhāginaḥ |;
TĀ, 8: 8;152 2;janāttapo.rkakoṭyo .tra sanakādyā mahādhiyaḥ ||;
TĀ, 8: 8;153 1;prajāpatīnāṁ tatrādhikāro brahmātmajanmanām |;
TĀ, 8: 8;153 2;brahmālayastu tapasaḥ satyaḥ ṣoḍaśa koṭayaḥ ||;
TĀ, 8: 8;154 1;tatra sthitaḥ sa svayambhūrviśvamāviṣkarotyadaḥ |;
TĀ, 8: 8;154 2;satye vedāstathā cānye karmadhyānena bhāvitāḥ ||;
TĀ, 8: 8;155 1;ānandaniṣṭhāstatrordhve koṭir vairiñcamāsanam |;
TĀ, 8: 8;155 2;brahmāsanātkoṭiyugmaṁ puraṁ viṣṇornirūpitam ||;
TĀ, 8: 8;156 1;dhyānapūjājapairviṣṇorbhaktā gacchanti tatpadam |;
TĀ, 8: 8;156 2;vaiṣṇavātsaptakoṭībhirbhuvanaṁ parameśituḥ ||;
TĀ, 8: 8;157 1;rudrasya sṛṣṭisaṁhārakarturbrahmāṇḍavartmani |;
TĀ, 8: 8;157 2;dīkṣājñānavihīnā ye liṅgārādhanatatparāḥ ||;
TĀ, 8: 8;158 1;te yāntyaṇḍāntare raudraṁ puraṁ nādhaḥ kadācana |;
TĀ, 8: 8;158 2;tatsthāḥ sarve śivaṁ yānti rudrāḥ śrīkaṇṭhadīkṣitāḥ ||;
TĀ, 8: 8;159 1;adhikārakṣaye sākaṁ rudrakanyāgaṇena te |;
TĀ, 8: 8;159 2;puraṁ puraṁ ca rudrordhvamuttarottaravṛddhitaḥ ||;
TĀ, 8: 8;160 1;brahmāṇḍādhaśca rudrordhvaṁ daṇḍapāṇeḥ puraṁ sa ca |;
TĀ, 8: 8;160 2;śivecchayā dṛṇātyaṇḍaṁ mokṣamārgaṁ karoti ca ||;
TĀ, 8: 8;161 1;śarvarudrau bhīmabhavāvugro devo mahānatha |;
TĀ, 8: 8;161 2;īśāna iti bhūrlokāt sapta lokeśvarāḥ śivāḥ ||;
TĀ, 8: 8;162 1;sthūlairviśeṣairārabdhāḥ sapta lokāḥ pare punaḥ |;
TĀ, 8: 8;162 2;sūkṣmairiti guruścaiva rurau samyaṅnyarūpayat ||;
TĀ, 8: 8;163 1;ye brahmaṇādisarge svaśarīrānnirmitāḥ prabhūtākhyāḥ |;
TĀ, 8: 8;163 2;sthūlāḥ pañca viśeṣāḥ saptāmī tanmayā lokāḥ ||;
TĀ, 8: 8;164 1;parato liṅgādhāraiḥ sūkṣmaistanmātrajairmahābhūtaiḥ |;
TĀ, 8: 8;164 2;lokānāmāvaraṇairviṣṭabhya paraspareṇa gandhādyaiḥ ||;
TĀ, 8: 8;165 1;kālāgnerdaṇḍapāṇyantamaṣṭānavatikoṭayaḥ |;
TĀ, 8: 8;165 2;ata ūrdhvaṁ kaṭāho .ṇḍe sa ghanaḥ koṭiyojanam ||;
TĀ, 8: 8;166 1;pañcāśatkoṭayaścordhvaṁ bhūpṛṣṭhādadharaṁ tathā |;
TĀ, 8: 8;166 2;evaṁ koṭiśataṁ bhūḥ syāt sauvarṇastaṇḍulastataḥ ||;
TĀ, 8: 8;167 1;śatarudrāvadhir huṁphaṭ bhedayettattu duḥśamam |;
TĀ, 8: 8;167 2;pratidikkaṁ daśa daśetyevaṁ rudraśataṁ bahiḥ ||;
TĀ, 8: 8;168 1;brahmāṇḍādhārakaṁ tacca svaprabhāveṇa sarvataḥ |;
TĀ, 8: 8;168 2;aṇḍasvarūpaṁ gurubhiścoktaṁ śrīrauravādiṣu ||;
TĀ, 8: 8;169 1;vyakterabhimukhībhūtaḥ pracyutaḥ śaktirūpataḥ |;
TĀ, 8: 8;169 2;āvāpavān anirbhakto vastupiṇḍo .ṇḍa ucyate ||;
TĀ, 8: 8;170 1;tamoleśānuviddhasya kapālaṁ sattvamuttaram |;
TĀ, 8: 8;170 2;rajo.nuviddhaṁ nirmṛṣṭaṁ sattvamasyādharaṁ tamaḥ ||;
TĀ, 8: 8;171 1;vastupiṇḍa iti proktaṁ śivaśaktisamūhabhāk |;
TĀ, 8: 8;171 2;aṇḍaḥ syāditi tadvyaktau saṁmukhībhāva ucyate ||;
TĀ, 8: 8;172 1;tathāpi śivamagnānāṁ śaktīnāmaṇḍatā bhavet |;
TĀ, 8: 8;172 2;tadarthaṁ vākyamaparaṁ tā hi na cyutaśaktitaḥ ||;
TĀ, 8: 8;173 1;tanvakṣādau mā prasāṅkṣīdaṇḍateti padāntaram |;
TĀ, 8: 8;173 2;tanvakṣādiṣu naivāste kasyāpy āvāpanaṁ yataḥ ||;
TĀ, 8: 8;174 1;tanvakṣasamudāyatve kathamekatvamityataḥ |;
TĀ, 8: 8;174 2;anirbhakta iti proktaṁ sājātyaparidarśakam ||;
TĀ, 8: 8;175 1;vināpi vastupiṇḍākhyapadenaikaikaśo bhavet |;
TĀ, 8: 8;175 2;tattveṣvaṇḍasvabhāvatvaṁ nanvevamapi kiṁ na tat ||;
TĀ, 8: 8;176 1;guṇatanmātrabhūtaughamaye tattve prasajyate |;
TĀ, 8: 8;176 2;ucyate vastuśabdena tanvakṣabhuvanātmakam ||;
TĀ, 8: 8;177 1;rūpamuktaṁ yatastena tatsamūho .ṇḍa ucyate |;
TĀ, 8: 8;177 2;bhavecca tatsamūhatvaṁ patyurviśvavapurbhṛtaḥ ||;
TĀ, 8: 8;178 1;tadarthaṁ bhedakānyanyānyupāttānīti darśitam |;
TĀ, 8: 8;178 2;tāvanmātrāsvavasthāsu māyādhīne .dhvamaṇḍale ||;
TĀ, 8: 8;179 1;mā bhūdaṇḍatvamityāhuranye bhedakayojanam |;
TĀ, 8: 8;179 2;itthamuktaviriñcāṇḍabhṛto rudrāḥ śataṁ hi yat ||;
TĀ, 8: 8;180 1;teṣāṁ sve patayo rudrā ekādaśa mahārciṣaḥ |;
TĀ, 8: 8;180 2;ananto .tha kapālyagnir yamanairṛtakau balaḥ ||;

TĀ, 8: 8;182 1;tadvatte śivarudrā brahmāṇḍamasaṁkhyaparivārāḥ |;
TĀ, 8: 8;182 2;śarāṣṭaniyutaṁ koṭirityeṣāṁ saṁniveśanam ||;
TĀ, 8: 8;183 1;śrīkaṇṭhādhiṣṭhitāste ca sṛjanti saṁharanti ca |;
TĀ, 8: 8;183 2;īśvaratvaṁ diviṣadāmiti rauravavārtike ||;
TĀ, 8: 8;184 1;siddhātantre tu hemāṇḍācchatakoṭer bahiḥ śatam |;
TĀ, 8: 8;184 2;aṇḍānāṁ kramaśo dvidviguṇaṁ rūpyādiyojitam ||;
TĀ, 8: 8;185 1;teṣu krameṇa brahmāṇaḥ saṁsyurdviguṇajīvitāḥ |;
TĀ, 8: 8;185 2;kṣīyante kramaśaste ca tadante tattvamammayam ||;
TĀ, 8: 8;186 1;dharāto .tra jalādi syāduttarottarataḥ kramāt |;
TĀ, 8: 8;186 2;daśadhāhaṁkṛtāntaṁ dhīstasyāḥ syācchatadhā tataḥ ||;
TĀ, 8: 8;187 1;sahasradhā vyaktamataḥ pauṁsnaṁ daśasahasradhā |;
TĀ, 8: 8;187 2;niyatirlakṣadhā tasmāttasyāstu daśalakṣadhā ||;
TĀ, 8: 8;188 1;kalāntaṁ koṭidhā tasmānmāyā viddaśakoṭidhā |;
TĀ, 8: 8;188 2;īśvaraḥ śatakoṭiḥ syāttasmātkoṭisahasradhā ||;
TĀ, 8: 8;189 1;sādākhyaṁ vyaśnute tacca śaktirvṛndena saṁkhyayā |;
TĀ, 8: 8;189 2;vyāpinī sarvamadhvānaṁ vyāpya devī vyavasthitā ||;
TĀ, 8: 8;190 1;aprameyaṁ tataḥ śuddhaṁ śivatattvaṁ paraṁ viduḥ |;
TĀ, 8: 8;190 2;jalādeḥ śivatattvāntaṁ na dṛṣṭaṁ kenacicchivāt ||;
TĀ, 8: 8;191 1;ṛte tataḥ śivajñānaṁ paramaṁ mokṣakāraṇam |;
TĀ, 8: 8;191 2;tathā cāha mahādevaḥ śrīmatsvacchandaśāsane ||;
TĀ, 8: 8;192 1;nānyathā mokṣamāyāti paśurjñānaśatairapi |;
TĀ, 8: 8;192 2;śivajñānaṁ na bhavati dīkṣām aprāpya śāṅkarīm ||;
TĀ, 8: 8;193 1;prāktanī pārameśī sā pauruṣeyī ca sā punaḥ |;
TĀ, 8: 8;193 2;śatarudrordhvato bhadrakālyā nīlaprabhaṁ jayam ||;
TĀ, 8: 8;194 1;na yajñadānatapasā prāpyaṁ kālyāḥ puraṁ jayam |;
TĀ, 8: 8;194 2;tadbhaktāstatra gacchanti tanmaṇḍalasudīkṣitāḥ ||;
TĀ, 8: 8;195 1;nirbījadīkṣayā mokṣaṁ dadāti parameśvarī |;
TĀ, 8: 8;195 2;vidyeśāvaraṇe dīkṣāṁ yāvatīṁ kurute nṛṇām ||;
TĀ, 8: 8;196 1;tāvatīṁ gatimāyānti bhuvane .tra niveśitāḥ |;
TĀ, 8: 8;196 2;tataḥ koṭyā vīrabhadro yugāntāgnisamaprabhaḥ ||;
TĀ, 8: 8;197 1;vijayākhyaṁ puraṁ cāsya ye smaranto maheśvaram |;
TĀ, 8: 8;197 2;jaleṣu maruṣu cāgnau śiraśchedena vā mṛtāḥ ||;
TĀ, 8: 8;198 1;te yānti bodhamaiśānaṁ vīrabhadraṁ mahādyutim |;
TĀ, 8: 8;198 2;vairabhadrordhvataḥ koṭirviṣkambhādvistṛtaṁ tridhā ||;
TĀ, 8: 8;199 1;rudrāṇḍaṁ sālilaṁ tvaṇḍaṁ śakracāpākṛti sthitam |;
TĀ, 8: 8;199 2;ā vīrabhadrabhuvanādbhadrakālyālayāttathā ||;
TĀ, 8: 8;200 1;trayodaśabhiranyaiśca bhuvanairupaśobhitam |;
TĀ, 8: 8;200 2;tato bhuvaḥ sahādreḥ pūrgandhatanmātradhāraṇāt ||;
TĀ, 8: 8;201 1;mṛtā gacchanti tāṁ bhūmiṁ dharitryāḥ paramāṁ budhāḥ |;
TĀ, 8: 8;201 2;abdheḥ puraṁ tatastvāpyaṁ rasatanmātradhāraṇāt ||;
TĀ, 8: 8;202 1;tataḥ śriyaḥ puraṁ rudrakrīḍāvataraṇeṣvatha |;
TĀ, 8: 8;202 2;prayāgādau śrīgirau ca viśeṣānmaraṇena tat ||;
TĀ, 8: 8;203 1;sārasvataṁ puraṁ tasmācchabdabrahmavidāṁ padam |;
TĀ, 8: 8;203 2;rudrocitāstā mukhyatvādrudrebhyo .nyāstathā sthitāḥ ||;
TĀ, 8: 8;204 1;pureṣu bahudhā gaṅgā devādau śrīḥ sarasvatī |;
TĀ, 8: 8;204 2;lakulādyamareśāntā aṣṭāvapsu surādhipāḥ ||;
TĀ, 8: 8;205 1;tatastu taijasaṁ tattvaṁ śivāgneratra saṁsthitiḥ |;
TĀ, 8: 8;205 2;te cainaṁ vahnimāyānti vāhnīṁ ye dhāraṇāṁ śritāḥ ||;
TĀ, 8: 8;206 1;bhairavādiharīndvantaṁ taijase nāyakāṣṭakam |;
TĀ, 8: 8;206 2;prāṇasya bhuvanaṁ vāyordaśadhā daśadhā tu tat ||;
TĀ, 8: 8;207 1;dhyātvā tyaktvātha vā prāṇān kṛtvā tatraiva dhāraṇām |;
TĀ, 8: 8;207 2;taṁ viśanti mahātmāno vāyubhūtāḥ khamūrtayaḥ ||;

TĀ, 8: 8;209 1;vastrāpadāntaṁ sthāṇvādi vyomatattve surāṣṭakam |;
TĀ, 8: 8;209 2;adīkṣitā ye bhūteṣu śivatattvābhimāninaḥ ||;
TĀ, 8: 8;210 1;jñānahīnā api prauḍhadhāraṇāste .ṇḍato bahiḥ |;
TĀ, 8: 8;210 2;dharābdhitejo.nilakhapuragā dīkṣitāśca vā ||;
TĀ, 8: 8;211 1;tāvatsaṁskārayogārthaṁ na paraṁ padamīhitum |;
TĀ, 8: 8;211 2;tathāvidhāvatāreṣu mṛtāścāyataneṣu ye ||;
TĀ, 8: 8;212 1;tatpadaṁ te samāsādya kramādyānti śivātmatām |;
TĀ, 8: 8;212 2;punaḥ punaridaṁ coktaṁ śrīmaddevyākhyayāmale ||;
TĀ, 8: 8;213 1;śrīkāmikāyāṁ kaśmīravarṇane coktavānvibhuḥ |;
TĀ, 8: 8;213 2;sureśvarīmahādhāmni ye mriyante ca tatpure ||;
TĀ, 8: 8;214 1;brāhmaṇādyāḥ saṅkarāntāḥ paśavaḥ sthāvarāntagāḥ |;
TĀ, 8: 8;214 2;rudrajātaya evaite ityāha bhagavāñchivaḥ ||;
TĀ, 8: 8;215 1;ākāśāvaraṇādūrdhvamahaṅkārādadhaḥ priye |;
TĀ, 8: 8;215 2;tanmātrādimano.ntānāṁ purāṇi śivaśāsane ||;
TĀ, 8: 8;216 1;pañcavarṇayutaṁ gandhatanmātramaṇḍalaṁ mahat |;
TĀ, 8: 8;216 2;ācchādya yojanānekakoṭibhiḥ sthitamantarā ||;
TĀ, 8: 8;217 1;evaṁ rasādimātrāṇāṁ maṇḍalāni svavarṇataḥ |;
TĀ, 8: 8;217 2;śarvo bhavaḥ paśupatirīśo bhīma iti kramāt ||;
TĀ, 8: 8;218 1;tanmātreśā yadicchātaḥ śabdādyāḥ khādikāriṇaḥ |;
TĀ, 8: 8;218 2;tataḥ sūryenduvedānāṁ maṇḍalāni vibhurmahān ||;
TĀ, 8: 8;219 1;ugraścetyeṣu patayastebhyo .rkendū sayājakau |;
TĀ, 8: 8;219 2;ityaṣṭau tanavaḥ śaṁbhoryāḥ parāḥ parikīrtitāḥ ||;
TĀ, 8: 8;220 1;aparā brahmaṇo .ṇḍe tā vyāpya sarvaṁ vyavasthitāḥ |;
TĀ, 8: 8;220 2;kalpe kalpe prasūyante dharādyāstābhya eva tu ||;
TĀ, 8: 8;221 1;tato vāgādikarmākṣayuktaṁ karaṇamaṇḍalam |;
TĀ, 8: 8;221 2;agnīndraviṣṇumitrāḥ sabrahmāṇasteṣu nāyakāḥ ||;
TĀ, 8: 8;222 1;prakāśamaṇḍalaṁ tasmācchrutaṁ buddhyakṣapañcakam |;
TĀ, 8: 8;222 2;digvidyudarkavaruṇabhuvaḥ śrotrādidevatāḥ ||;
TĀ, 8: 8;223 1;prakāśamaṇḍalādūrdhvaṁ sthitaṁ pañcārthamaṇḍalam |;
TĀ, 8: 8;223 2;manomaṇḍalametasmāt somenādhiṣṭhitaṁ yataḥ ||;
TĀ, 8: 8;224 1;bāhyadeveṣvadhiṣṭhātā sāmyaiśvaryasukhātmakaḥ |;
TĀ, 8: 8;224 2;manodevastato divyaḥ somo vibhurudīritaḥ ||;
TĀ, 8: 8;225 1;tato .pi sakalākṣāṇāṁ yonerbuddhyakṣajanmanaḥ |;
TĀ, 8: 8;225 2;sthūlādicchagalāntāṣṭayuktaṁ cāhaṅkṛteḥ puram ||;
TĀ, 8: 8;226 1;buddhitattvaṁ tato devayonyaṣṭakapurādhipam |;
TĀ, 8: 8;226 2;paiśācaprabhṛtibrāhmaparyantaṁ tacca kīrtitam ||;
TĀ, 8: 8;227 1;etāni devayonīnāṁ sthānānyeva purāṇyataḥ |;
TĀ, 8: 8;227 2;avatīryātmajanmānaṁ dhyāyantaḥ sambhavanti te ||;
TĀ, 8: 8;228 1;parameśaniyogācca codyamānāśca māyayā |;
TĀ, 8: 8;228 2;niyāmitā niyatyā ca brahmaṇo .vyaktajanmanaḥ ||;
TĀ, 8: 8;229 1;vyajyante tena sargādau nāmarūpairanekadhā |;
TĀ, 8: 8;229 2;svāṁśenaiva mahātmāno na tyajanti svaketanam ||;
TĀ, 8: 8;230 1;uktaṁ ca śivatanāvidam adhikārapadasthitena guruṇā naḥ aṣṭānāṁ devānāṁ śaktyāvirbhāvayonayo hyetāḥ ||;
TĀ, 8: 8;231 1;tanubhogāḥ punareṣāmadhaḥ prabhūtātmakāḥ proktāḥ |;
TĀ, 8: 8;231 2;catvāriṁśattulyopabhogadeśādhikāni bhuvanāni ||;
TĀ, 8: 8;232 1;sādhanabhedātkevalamaṣṭakapañcakatayoktāni |;
TĀ, 8: 8;232 2;etāni bhaktiyogaprāṇatyāgādigamyāni ||;
TĀ, 8: 8;233 1;teṣūmāpatireva prabhuḥ svatantrendriyo vikaraṇātmā |;
TĀ, 8: 8;233 2;taratamayogena tato .pi devayonyaṣṭakaṁ lakṣyaṁ tu ||;
TĀ, 8: 8;234 1;lokānāmakṣāṇi ca viṣayaparicchittikaraṇāni |;
TĀ, 8: 8;234 2;gandhādermahadantādekādhikyena jātamaiśvaryam ||;

TĀ, 8: 8;236 1;krodheśāṣṭakamānīlaṁ saṁvartādyaṁ tato viduḥ |;
TĀ, 8: 8;236 2;tejo.ṣṭakaṁ balādhyakṣaprabhṛtikrodhanāṣṭakāt ||;
TĀ, 8: 8;237 1;akṛtādi tato buddhau yogāṣṭakamudāhṛtam |;
TĀ, 8: 8;237 2;svacchandaśāsane tattu mūle śrīpūrvaśāsane ||;
TĀ, 8: 8;238 1;yogāṣṭakapade yattu some śraikaṇṭhameva ca |;
TĀ, 8: 8;238 2;tato māyāpuraṁ bhūyaḥ śrīkaṇṭhasya ca kathyate ||;
TĀ, 8: 8;239 1;tena dvitīyaṁ bhuvanaṁ tayoḥ pratyekamucyate |;
TĀ, 8: 8;239 2;tatra māyāpuraṁ devyā yayā viśvamadhiṣṭhitam ||;
TĀ, 8: 8;240 1;pratikalpaṁ nāmabhedairbhaṇyate sā maheśvarī |;
TĀ, 8: 8;240 2;umāpateḥ puraṁ paścānmātṛbhiḥ parivāritam ||;
TĀ, 8: 8;241 1;śrīkaṇṭha eva parayā mūrtyomāpatirucyate |;
TĀ, 8: 8;241 2;brāhmyaiśī skandajā hārī vārāhyaindrī saviccikā ||;
TĀ, 8: 8;242 1;pītā śuklā pītanīle nīlā śuklāruṇā kramāt |;
TĀ, 8: 8;242 2;agnīśasaumyayāmyāpyapūrvanairṛtagāstu tāḥ ||;
TĀ, 8: 8;243 1;aṁśena mānuṣe loke dhātrā tā hyavatāritāḥ |;
TĀ, 8: 8;243 2;svacchandāstāḥ parāścānyāḥ pare vyomni vyavasthitāḥ ||;
TĀ, 8: 8;244 1;svacchandaṁ tā niṣevante saptadheyamumā yataḥ |;
TĀ, 8: 8;244 2;umāpatipurasyordhvaṁ sthitaṁ mūrtyaṣṭakaṁ param ||;
TĀ, 8: 8;245 1;śarvādikaṁ yasya sṛṣṭirdharādyā yājakāntataḥ |;
TĀ, 8: 8;245 2;tābhya īśānamūrtiryā sā merau sampratiṣṭhitā ||;
TĀ, 8: 8;246 1;śrīkaṇṭhaḥ sphaṭikādrau sā vyāptā tanvaṣṭakairjagat |;
TĀ, 8: 8;246 2;ye yogaṁ saguṇaṁ śambhoḥ saṁyatāḥ paryupāsate ||;
TĀ, 8: 8;247 1;tanmaṇḍalaṁ vā dṛṣṭvaiva muktadvaitā hṛtatrayāḥ |;
TĀ, 8: 8;247 2;guṇānām ādharauttaryācchuddhāśuddhatvasaṁsthiteḥ ||;
TĀ, 8: 8;248 1;tāratamyācca yogasya bhedātphalavicitratā |;
TĀ, 8: 8;248 2;tato bhogaphalāvāptibhedādbhedo .yamucyate ||;
TĀ, 8: 8;249 1;mūrtyaṣṭakopariṣṭāttu suśivā dvādaśoditāḥ |;
TĀ, 8: 8;249 2;vāmādyekaśivāntāste kuṅkumābhāḥ sutejasaḥ ||;
TĀ, 8: 8;250 1;tadūrdhvaṁ vīrabhadrākhyo maṇḍalādhipatiḥ sthitaḥ |;
TĀ, 8: 8;250 2;yattatsāyujyam āpannaḥ sa tena saha modate ||;
TĀ, 8: 8;251 1;tato .pyaṅguṣṭhamātrāntaṁ mahādevāṣṭakaṁ bhavet |;
TĀ, 8: 8;251 2;buddhitattvamidaṁ proktaṁ devayonyaṣṭakāditaḥ ||;
TĀ, 8: 8;252 1;mahādevāṣṭakānte tad yogāṣṭakamihoditam |;
TĀ, 8: 8;252 2;tatra śraikaṇṭhamuktaṁ yat tasyaivomāpatistathā ||;
TĀ, 8: 8;253 1;mūrtayaḥ suśivā vīro mahādevāṣṭakaṁ vapuḥ |;
TĀ, 8: 8;253 2;upariṣṭāddhiyo .dhaśca prakṛterguṇasaṁjñitam ||;
TĀ, 8: 8;254 1;tattvaṁ tatra tu saṁkṣubdhā guṇāḥ prasuvate dhiyam |;
TĀ, 8: 8;254 2;na vaiṣamyam anāpannaṁ kāraṇaṁ kāryasūtaye ||;
TĀ, 8: 8;255 1;guṇasāmyātmikā tena prakṛtiḥ kāraṇaṁ bhavet |;
TĀ, 8: 8;255 2;nanvevaṁ sāpi saṁkṣobhaṁ vinā tānviṣamānguṇān ||;
TĀ, 8: 8;256 1;kathaṁ suvīta tatrādye kṣobhe syādanavasthitiḥ |;
TĀ, 8: 8;256 2;sāṁkhyasya doṣa evāyaṁ yadi vā tena te guṇāḥ ||;
TĀ, 8: 8;257 1;avyaktamiṣṭāḥ sāmyaṁ tu saṅgamātraṁ na cetarat |;
TĀ, 8: 8;257 2;asmākaṁ tu svatantreśatathecchākṣobhasaṁgatam ||;
TĀ, 8: 8;258 1;avyaktaṁ buddhitattvasya kāraṇaṁ kṣobhitā guṇāḥ |;
TĀ, 8: 8;258 2;nanu tattveśvarecchāto yaḥ kṣobhaḥ prakṛteḥ purā ||;
TĀ, 8: 8;259 1;tadeva buddhitattvaṁ syāt kimanyaiḥ kalpitairguṇaiḥ |;
TĀ, 8: 8;259 2;naitatkāraṇatārūpaparāmarśāvarodhi yat ||;
TĀ, 8: 8;260 1;kṣobhāntaraṁ tataḥ kāryaṁ bījocchūnāṅkurādivat |;
TĀ, 8: 8;260 2;kramāttamorajaḥsattve gurūṇāṁ paṅktayaḥ sthitāḥ ||;
TĀ, 8: 8;261 1;tisro dvātriṁśadekātastriṁśadapyekaviṁśatiḥ |;
TĀ, 8: 8;261 2;svajñanayogabalataḥ krīḍanto daiśikottamāḥ ||;
TĀ, 8: 8;262 1;trinetrāḥ pāśanirmuktāste .trānugrahakāriṇaḥ |;
TĀ, 8: 8;262 2;buddheśca guṇaparyantamubhe saptādhike śate ||;
TĀ, 8: 8;263 1;rudrāṇāṁ bhuvanānāṁ ca mukhyato .nye tadantare |;
TĀ, 8: 8;263 2;yogāṣṭakaṁ guṇaskandhe proktaṁ śivatanau punaḥ ||;
TĀ, 8: 8;264 1;yonīratītya gauṇe skandhe syuryogadātāraḥ |;
TĀ, 8: 8;264 2;akṛtakṛtavibhuviriñcā harirguhaḥ kramavaśāttato devī ||;
TĀ, 8: 8;265 1;karaṇānyaṇimādiguṇāḥ kāryāṇi pratyayaprapañcaśca |;
TĀ, 8: 8;265 2;avyaktādutpannā guṇāśca sattvādayo .mīṣām ||;
TĀ, 8: 8;266 1;dharmajñānavirāgānaiśvaryaṁ tatphalāni vividhāni |;
TĀ, 8: 8;266 2;yacchanti guṇebhyo .mī puruṣebhyo yogadātāraḥ ||;
TĀ, 8: 8;267 1;tebhyaḥ parato bhuvanaṁ sattvādiguṇāsanasya devasya |;
TĀ, 8: 8;267 2;sakalajagadekamāturbhartuḥ śrīkaṇṭhanāthasya ||;
TĀ, 8: 8;268 1;yenomāguhanīlabrahmaṛbhukṣakṛtākṛtādibhuvaneṣu |;
TĀ, 8: 8;268 2;graharūpiṇyā śaktyā prābhvyādhiṣṭhāni bhūtāni ||;
TĀ, 8: 8;269 1;upasaṁjihīrṣuriha yaścaturānanapaṅkajaṁ samāviśya |;
TĀ, 8: 8;269 2;dagdhvā caturo lokāñjanalokānnirmiṇoti punaḥ ||;
TĀ, 8: 8;270 1;yasyecchātaḥ sattvādiguṇaśarīrā visṛjati rudrāṇī |;
TĀ, 8: 8;270 2;anukalpo rudrāṇyā vedī tatrejyate .nukalpena ||;
TĀ, 8: 8;271 1;paśupatirindropendraviriñcairatha tadupalambhato devaiḥ gandharvayakṣarākṣasapitṛmunibhiścitritāstathā yāgāḥ ||;
TĀ, 8: 8;272 1;guṇānāṁ yatparaṁ sāmyaṁ tadavyaktaṁ guṇordhvataḥ |;
TĀ, 8: 8;272 2;krodheśacaṇḍasaṁvartā jyotiḥpiṅgalasūrakau ||;

TĀ, 8: 8;274 1;guṇakāraṇamityete māyāprabhavasya paryāyāḥ |;
TĀ, 8: 8;274 2;yāvantaḥ kṣetrajñāḥ sahajāgantukamalopadigdhacitaḥ ||;
TĀ, 8: 8;275 1;te sarve .tra vinihitā rudrāśca tadutthabhogabhujaḥ |;
TĀ, 8: 8;275 2;mūḍhavivṛttavilīnaiḥ karaṇaiḥ kecittu vikaraṇakāḥ ||;
TĀ, 8: 8;276 1;akṛtādhiṣṭhānatayā kṛtyāśaktāni mūḍhāni |;
TĀ, 8: 8;276 2;pratiniyataviṣayabhāñji sphuṭāni śāstre vivṛttāni ||;
TĀ, 8: 8;277 1;bhagnāni mahāpralaye sṛṣṭau notpāditāni līnāni |;
TĀ, 8: 8;277 2;icchādhīnāni punarvikaraṇasaṁjñāni kāryamapyevam ||;
TĀ, 8: 8;278 1;puṁstattve tuṣṭinavakaṁ siddhayo .ṣṭau ca tatpuraḥ |;
TĀ, 8: 8;278 2;tāvatya evāṇimādibhuvanāṣṭakameva ca ||;
TĀ, 8: 8;279 1;atattve tattvabuddhyā yaḥ santoṣastuṣṭiratra sā |;
TĀ, 8: 8;279 2;heye .pyādeyadhīḥ siddhiḥ tathā coktaṁ hi kāpilaiḥ ||;

TĀ, 8: 8;281 1;ūhaḥ śabdo .dhyayanaṁ duḥkhavighātāstrayaḥ dānaṁ ca siddhayo .ṣṭau siddheḥ pūrvo .ṅkuśastrividhaḥ ||;Sāṁkhyakārikā SāṁKār, 1: 1 51;ūhaḥ śabdo .dhyayanaṁ duḥkhavighātās trayaḥ dānaṁ ca siddhayo .ṣṭau siddheḥ pūrvo .ṅkuśas trividhaḥ ;GOOD;;
TĀ, 8: 8;282 1;aṇimādyūrdhvatastisraḥ paṅktayo guruśiṣyagāḥ |;
TĀ, 8: 8;282 2;tatrāpi triguṇacchāyāyogāt tritvamudāhṛtam ||;
TĀ, 8: 8;283 1;nāḍīvidyāṣṭakaṁ cordhvaṁ paṅktīnāṁ syādiḍādikam |;
TĀ, 8: 8;283 2;puṁsi nādamayī śaktiḥ prasarākhyā ca yatsthitā ||;
TĀ, 8: 8;284 1;na hyakartā pumānkartuḥ kāraṇatvaṁ ca saṁsthitam |;
TĀ, 8: 8;284 2;akartaryapi vā puṁsi sahakāritayā sthite ||;
TĀ, 8: 8;285 1;śeṣakāryātmataiṣṭavyānyathā satkāryahānitaḥ |;
TĀ, 8: 8;285 2;tasmāttathāvidhe kārye yā śaktiḥ puruṣasya sā ||;
TĀ, 8: 8;286 1;tāvanti rūpāṇyādāya pūrṇatāmadhigacchati |;
TĀ, 8: 8;286 2;nāḍyaṣṭakordhve kathitaṁ vigrahāṣṭakamucyate ||;
TĀ, 8: 8;287 1;kāryaṁ heturduḥkhaṁ sukhaṁ ca vijñānasādhyakaraṇāni |;
TĀ, 8: 8;287 2;sādhanamiti vigrahatāyugaṣṭakaṁ bhavati puṁstattve ||;
TĀ, 8: 8;288 1;bhuvanaṁ dehadharmāṇāṁ daśānāṁ vigrahāṣṭakāt |;
TĀ, 8: 8;288 2;ahiṁsā satyamasteyaṁ brahmākalkākrudho guroḥ ||;
TĀ, 8: 8;289 1;śuśrūṣāśaucasantoṣā ṛjuteti daśoditāḥ |;
TĀ, 8: 8;289 2;puṁstattva eva gandhāntaṁ sthitaṁ ṣoḍaśakaṁ punaḥ ||;
TĀ, 8: 8;290 1;ārabhya dehapāśākhyaṁ puraṁ buddhiguṇāstataḥ |;
TĀ, 8: 8;290 2;tatraivāṣṭāvahaṁkārastridhā kāmādikāstathā ||;
TĀ, 8: 8;291 1;pāśā āgantukagāṇeśavaidyeśvarabheditāḥ |;
TĀ, 8: 8;291 2;trividhāste sthitāḥ puṁsi mokṣamārgoparodhakāḥ ||;
TĀ, 8: 8;292 1;yatkiṁcitparamādvaitasaṁvitsvātantryasundarāt |;
TĀ, 8: 8;292 2;parācchivāduktarūpādanyattatpāśa ucyate ||;
TĀ, 8: 8;293 1;tadevaṁ puṁstvamāpanne pūrṇe .pi parameśvare |;
TĀ, 8: 8;293 2;tatsvarūpāparijñānaṁ citraṁ hi puruṣāstataḥ ||;
TĀ, 8: 8;294 1;uktānuktāstu ye pāśāḥ paratantroktalakṣaṇāḥ |;
TĀ, 8: 8;294 2;te puṁsi sarve tāṁstatra śodhayanmucyate bhavāt ||;
TĀ, 8: 8;295 1;puṁsa ūrdhvaṁ tu niyatistatrasthāḥ śaṁkarā daśa |;
TĀ, 8: 8;295 2;hemābhāḥ susitāḥ kālatattve tu daśa te śivāḥ ||;
TĀ, 8: 8;296 1;koṭiḥ ṣoḍaśasāhasraṁ pratyekaṁ parivāriṇaḥ |;
TĀ, 8: 8;296 2;rāge vīreśabhuvanaṁ gurvantevāsināṁ puram ||;
TĀ, 8: 8;297 1;puraṁ cāśuddhavidyāyāṁ syācchaktinavakojjvalam |;
TĀ, 8: 8;297 2;manonmanyantagāstāśca vāmādyāḥ parikīrtitāḥ ||;
TĀ, 8: 8;298 1;kalāyāṁ syānmahādevatrayasya puramuttamam |;
TĀ, 8: 8;298 2;tato māyā tripuṭikā mukhyato .nantakoṭibhiḥ ||;
TĀ, 8: 8;299 1;ākrāntā sā bhagabilaiḥ proktaṁ śaivyāṁ tanau punaḥ |;
TĀ, 8: 8;299 2;aṅguṣṭhamātraparyantaṁ mahādevāṣṭakaṁ niśi ||;
TĀ, 8: 8;300 1;cakrāṣṭakādhipatyena tathā śrīmālinīmate |;
TĀ, 8: 8;300 2;vāmādyāḥ puruṣādau ye proktāḥ śrīpūrvaśāsane ||;
TĀ, 8: 8;301 1;te māyātattva evoktāstanau śaivyāmanantataḥ |;
TĀ, 8: 8;301 2;kapālavratinaḥ svāṅgahotāraḥ kaṣṭatāpasāḥ ||;
TĀ, 8: 8;302 1;sarvābhayāḥ khaḍgadhārāvratāstattattvavedinaḥ |;
TĀ, 8: 8;302 2;kramāttattattvamāyānti yatreśo .nanta ucyate ||;
TĀ, 8: 8;303 1;uktaṁ ca tasya parataḥ sthānamanantādhipasya devasya |;
TĀ, 8: 8;303 2;sthitivilayasargakarturguhābhagadvārapālasya ||;
TĀ, 8: 8;304 1;dharmānaṇimādiguṇāñjñānāni tapaḥsukhāni yogāṁśca |;
TĀ, 8: 8;304 2;māyābilātpradatte puṁsāṁ niṣkṛṣya niṣkṛṣya ||;
TĀ, 8: 8;305 1;tacchaktīddhasvabalā guhādhikārāndhakāraguṇadīpāḥ |;
TĀ, 8: 8;305 2;sarve .nantapramukhā dīpyante śatabhavapramukhāntāḥ ||;
TĀ, 8: 8;306 1;so .vyaktamadhiṣṭhāya prakaroti jaganniyogataḥ śambhoḥ |;
TĀ, 8: 8;306 2;śuddhāśuddhasroto.dhikārahetuḥ śivo yasmāt ||;
TĀ, 8: 8;307 1;śivaguṇayoge tasmin mahati pade ye pratiṣṭhitāḥ te .nantāderjagataḥ sargasthitivilayakartāraḥ ||;
TĀ, 8: 8;308 1;māyābilamidamuktaṁ paratastu guhā jagadyoniḥ |;
TĀ, 8: 8;308 2;utpattyā teṣvasyāḥ patiśaktikṣobhamanuvidhīyamāneṣu ||;
TĀ, 8: 8;309 1;yonivivareṣu nānākāmasamṛddheṣu bhagasaṁjñā |;
TĀ, 8: 8;309 2;kāmayate patirenāmicchānuvidhāyinīṁ yadā devīm ||;
TĀ, 8: 8;310 1;pratibhagamavyaktādyāḥ prajāstadāsyāḥ prajāyante |;
TĀ, 8: 8;310 2;teṣāmatisūkṣmāṇāmetāvattvaṁ na varṇyate vidhiṣu ||;
TĀ, 8: 8;311 1;avavarakāṇyekasmin yadvatsāle bahūni baddhāni |;
TĀ, 8: 8;311 2;yonibilānyekasmiṁstadvanmāyāśiraḥsāle ||;
TĀ, 8: 8;312 1;māyāpaṭalaiḥ sūkṣmaiḥ kuḍyaiḥ pihitāḥ nivasanti tatra rudrāḥ sukhinaḥ pratibilamasaṁkhyātāḥ ||;
TĀ, 8: 8;313 1;sthāne sāyujyagatāḥ sāmīpyagatāḥ pare salokasthāḥ |;
TĀ, 8: 8;313 2;pratibhuvanamevamayaṁ nivāsināṁ gurubhiruddiṣṭaḥ ||;
TĀ, 8: 8;314 1;api sarvasiddhavācaḥ kṣīyerandīrghakālamudgīrṇāḥ |;
TĀ, 8: 8;314 2;na punaryonyānantyāducyante srotasāṁ saṁkhyāḥ ||;
TĀ, 8: 8;315 1;tasmānnirayādyekaṁ yatproktaṁ dvārapālaparyantam |;
TĀ, 8: 8;315 2;srotastenānyānyapi tulyavidhānāni vedyāni ||;
TĀ, 8: 8;316 1;avyaktakale guhayā prakṛtikalābhyāṁ vikāra ātmīyaḥ |;
TĀ, 8: 8;316 2;otaḥ proto vyāptaḥ kalitaḥ pūrṇaḥ parikṣiptaḥ ||;
TĀ, 8: 8;317 1;madhye puṭatrayaṁ tasyā rudrāḥ ṣaḍadhare .ntare |;
TĀ, 8: 8;317 2;eka ūrdhve ca pañceti dvādaśaite nirūpitāḥ ||;
TĀ, 8: 8;318 1;gahanāsādhyau hariharadaśeśvarau trikalagopatī ṣaḍime |;
TĀ, 8: 8;318 2;madhye .nantaḥ kṣemo dvijeśavidyeśaviśvaśivāḥ ||;
TĀ, 8: 8;319 1;iti pañca teṣu pañcasu ṣaṭsu ca puṭageṣu tatparāvṛttyā |;
TĀ, 8: 8;319 2;parivartate sthitiḥ kila devo .nantastu sarvathā madhye ||;

TĀ, 8: 8;321 1;śrīsāraśāsane punareṣā ṣaṭpuṭatayā vinirdiṣṭā |;
TĀ, 8: 8;321 2;granthyākhyamidaṁ tattvaṁ māyākāryaṁ tato māyā ||;
TĀ, 8: 8;322 1;māyātattvaṁ vibhu kila gahanamarūpaṁ tatra na bhuvanavibhāgo yukto granthāvasau tasmāt ||;

TĀ, 8: 8;324 1;tena kalādidharāntaṁ yaduktamāvaraṇajālamakhilaṁ tat |;
TĀ, 8: 8;324 2;niḥsaṁkhyaṁ ca vicitraṁ māyaivaikā tvabhinneyam ||;
TĀ, 8: 8;325 1;uktaṁ śrīpūrvaśāstre ca dharāvyaktātmakaṁ dvayam |;
TĀ, 8: 8;325 2;asaṁkhyātaṁ niśāśaktisaṁjñaṁ tvekasvarūpakam ||;
TĀ, 8: 8;326 1;pāśāḥ puroktāḥ praṇavāḥ pañca mānāṣṭakaṁ muneḥ |;
TĀ, 8: 8;326 2;kulaṁ yoniśca vāgīśī yasyāṁ jāto na jāyate ||;
TĀ, 8: 8;327 1;dīkṣākāle .dharādhvasthaśuddhau yaccādharādhvagam |;
TĀ, 8: 8;327 2;anantasya samīpe tu tatsarvaṁ pariniṣṭhitam ||;

TĀ, 8: 8;329 1;ākarṣādarśau cetyaṣṭakametatpramāṇānām |;
TĀ, 8: 8;329 2;aluptavibhavāḥ sarve māyātattvādhikāriṇaḥ ||;
TĀ, 8: 8;330 1;māyāmayaśarīrāste bhogaṁ svaṁ paribhuñjate |;
TĀ, 8: 8;330 2;pralayānte hyanantena saṁhṛtāste tvaharmukhe ||;
TĀ, 8: 8;331 1;anyānantaprasādena vibudhā api taṁ param |;
TĀ, 8: 8;331 2;suptabuddhaṁ manyamānāḥ svatantrammanyatājaḍāḥ ||;
TĀ, 8: 8;332 1;svātmānameva jānanti hetuṁ māyāntarālagāḥ |;
TĀ, 8: 8;332 2;ataḥ paraṁ sthitā māyā devī jantuvimohinī ||;
TĀ, 8: 8;333 1;devadevasya sā śaktiratidurghaṭakāritā |;
TĀ, 8: 8;333 2;nirvairaparipanthinyā tayā bhramitabuddhayaḥ ||;
TĀ, 8: 8;334 1;idaṁ tattvamidaṁ neti vivadantīha vādinaḥ |;
TĀ, 8: 8;334 2;gurudevāgniśāstreṣu ye na bhaktā narādhamāḥ ||;
TĀ, 8: 8;335 1;satpathaṁ tānparityājya sotpathaṁ nayati dhruvam |;
TĀ, 8: 8;335 2;asadyuktivicārajñāñchuṣkatarkāvalambinaḥ ||;
TĀ, 8: 8;336 1;bhramayatyeva tānmāyā hyamokṣe mokṣalipsayā |;
TĀ, 8: 8;336 2;śivadīkṣāsinā chinnā śivajñānāsinā tathā ||;
TĀ, 8: 8;337 1;na prarohetpunarnānyo hetustacchedanaṁ prati |;
TĀ, 8: 8;337 2;mahāmāyordhvataḥ śuddhā mahāvidyātha mātṛkā ||;
TĀ, 8: 8;338 1;vāgīśvarī ca tatrasthaṁ vāmādinavasatpuram |;
TĀ, 8: 8;338 2;vāmā jyeṣṭhā raudrī kālī kalavikaraṇībalavikārike tathā ||;
TĀ, 8: 8;339 1;mathanī damanī manonmanī ca tridṛśaḥ pītāḥ samastāstāḥ |;
TĀ, 8: 8;339 2;saptakoṭyo mukhyamantrā vidyātattve .tra saṁsthitāḥ ||;
TĀ, 8: 8;340 1;ekaikārbudalakṣāṁśāḥ padmākārapurā iha |;
TĀ, 8: 8;340 2;vidyārājñyastriguṇyādyāḥ sapta saptārbudeśvarāḥ ||;
TĀ, 8: 8;341 1;vidyātattvordhvamaiśaṁ tu tattvaṁ tatra kramordhvagam śikhaṇḍyādyamanantāntaṁ purāṣṭakayutaṁ puram ||;
TĀ, 8: 8;342 1;śikhaṇḍī śrīgalo mūrtirekanetraikarudrakau |;
TĀ, 8: 8;342 2;śivottamaḥ sūkṣmarudro .nanto vidyeśvarāṣṭakam ||;
TĀ, 8: 8;343 1;kramādūrdhvordhvasaṁsthānaṁ saptānāṁ nāyako vibhuḥ ananta eva dhyeyaśca pūjyaś cāpy uttarottaraḥ ||;
TĀ, 8: 8;344 1;mukhyamantreśvarāṇāṁ yat sārdhaṁ koṭitrayaṁ sthitam |;
TĀ, 8: 8;344 2;tannāyakā ime tena vidyeśāścakravartinaḥ ||;
TĀ, 8: 8;345 1;uktaṁ ca gurubhiritthaṁ śivatanvādyeṣu śāsaneṣvetat |;
TĀ, 8: 8;345 2;bhagabilaśatakalitaguhāmūrdhāsanago .ṣṭaśaktiyugdevaḥ ||;

TĀ, 8: 8;347 1;te tenodastacitaḥ paratattvālocane .bhiniviśante |;
TĀ, 8: 8;347 2;sa punaradhaḥ pathavartiṣvadhikṛta evāṇuṣu śivena ||;
TĀ, 8: 8;348 1;avasitapativiniyogaḥ sārdhamanekātmamantrakoṭībhiḥ |;
TĀ, 8: 8;348 2;nirvātyanantanāthastaddhāmāviśati sūkṣmarudrastu ||;
TĀ, 8: 8;349 1;anugṛhyāṇumapūrvaṁ sthāpayati patiḥ śikhaṇḍinaḥ sthāne ityaṣṭau paripāṭyā yāvaddhāmāni yāti gururekaḥ ||;
TĀ, 8: 8;350 1;tāvadasaṁkhyātānāṁ jantūnāṁ nirvṛtiṁ kurute |;
TĀ, 8: 8;350 2;te .ṣṭāvapi śaktyaṣṭakayogāmalajalaruhāsanāsīnāḥ ||;

TĀ, 8: 8;352 1;saptānudhyāyantyapi mantrāṇāṁ koṭayaḥ śuddhāḥ |;
TĀ, 8: 8;352 2;māyādiravīcyanto bhavastvanantādirucyate .pyabhavaḥ ||;
TĀ, 8: 8;353 1;śivaśuddhaguṇādhīkārāntaḥ so .pyeṣa heyaśca |;
TĀ, 8: 8;353 2;atrāpi yato dṛṣṭānugrāhyāṇāṁ niyojyatā śaivī ||;
TĀ, 8: 8;354 1;iṣṭā ca tannivṛttirhyabhavastvadhare na bhūyate yasmāt |;
TĀ, 8: 8;354 2;patyur apasarpati yataḥ kāraṇatā kāryatā ca siddhebhyaḥ ||;
TĀ, 8: 8;355 1;kañcukavacchivasiddhau dharmajñānavirāgaiśyacatuṣṭayapuraṁ tu yat ||;
TĀ, 8: 8;356 1;rūpāvaraṇasaṁjñaṁ tattattve .smin aiśvare viduḥ |;
TĀ, 8: 8;356 2;vāmā jyeṣṭhā ca raudrīti bhuvanatrayaśobhitam ||;
TĀ, 8: 8;357 1;sūkṣmāvaraṇamākhyātamīśatattve gurūttamaiḥ |;
TĀ, 8: 8;357 2;aiśātsādāśivaṁ jñānakriyāyugalamaṇḍitam ||;
TĀ, 8: 8;358 1;śuddhāvaraṇamityāhuruktā śuddhāvṛteḥ param |;
TĀ, 8: 8;358 2;vidyāvṛtistato bhāvābhāvaśaktidvayojjvalā ||;
TĀ, 8: 8;359 1;śaktyāvṛtiḥ pramāṇākhyā tataḥ śāstre nirūpitā |;
TĀ, 8: 8;359 2;śaktyāvṛtestu tejasvidhruveśābhyām alaṁkṛtam ||;
TĀ, 8: 8;360 1;tejasvyāvaraṇaṁ vedapurā mānāvṛtistataḥ |;
TĀ, 8: 8;360 2;mānāvṛteḥ suśuddhāvṛtpuratritayaśobhitā ||;
TĀ, 8: 8;361 1;suśuddhāvaraṇādūrdhvaṁ śaivamekapuraṁ bhavet |;
TĀ, 8: 8;361 2;śivāvṛterūrdhvamāhurmokṣāvaraṇasaṁjñitam ||;
TĀ, 8: 8;362 1;asyāṁ mokṣāvṛtau rudrā ekādaśa nirūpitāḥ |;
TĀ, 8: 8;362 2;mokṣāvaraṇatastvekapuramāvaraṇaṁ dhruvam ||;
TĀ, 8: 8;363 1;ūrdhve dhruvāvṛtericchāvaraṇaṁ tatra te śivāḥ |;
TĀ, 8: 8;363 2;īśvarecchāgṛhāntasthāstatpuraṁ caikamucyate ||;
TĀ, 8: 8;364 1;icchāvṛteḥ prabuddhākhyaṁ digrudrāṣṭakacarcitam |;
TĀ, 8: 8;364 2;prabuddhāvaraṇādūrdhvaṁ samayāvaraṇaṁ mahat ||;
TĀ, 8: 8;365 1;bhuvanaiḥ pañcabhirgarbhīkṛtānantasamāvṛti |;
TĀ, 8: 8;365 2;sāmayāt sauśivaṁ tatra sādākhyaṁ bhuvanaṁ mahat ||;
TĀ, 8: 8;366 1;tasminsadāśivo devastasya savyāpasavyayoḥ |;
TĀ, 8: 8;366 2;jñānakriye parecchā tu śaktirutsaṅgagāminī ||;
TĀ, 8: 8;367 1;sṛṣṭyādipañcakṛtyāni kurute sa tayecchayā |;
TĀ, 8: 8;367 2;pañca brahmāṇyaṅgaṣaṭkaṁ sakalādyaṣṭakaṁ śivāḥ ||;


TĀ, 8: 8;370 1;kaṇṭhyauṣṭhyamaṣṭamaṁ kila sakalāṣṭakametadāmnātam |;
TĀ, 8: 8;370 2;oṁ kāraśivau dīpto hetvīśadaśeśakau suśivakālau ||;
TĀ, 8: 8;371 1;sūkṣmasutejaḥśarvāḥ śivāḥ daśaite .tra pūrvādeḥ |;
TĀ, 8: 8;371 2;vijayo niḥśvāsaśca svāyambhuvo vahnivīrarauravakāḥ ||;
TĀ, 8: 8;372 1;mukuṭavisarendubinduprodgītā lalitasiddharudrau ca |;
TĀ, 8: 8;372 2;santānaśivau parakiraṇapārameśā iti smṛtā rudrāḥ ||;

TĀ, 8: 8;374 1;tārādiśaktijuṣṭaṁ suśivāsanam atisitakajam yaḥ śaktirudravargaḥ parivāre viṣṭare ca suśivasya ||;
TĀ, 8: 8;375 1;pratyekamasya nijanijaparivāre parārdhakoṭayo .saṁkhyāḥ māyāmalanirmuktāḥ kevalamadhikāramātrasaṁrūḍhāḥ ||;
TĀ, 8: 8;376 1;suśivāvaraṇe rudrāḥ sarvajñāḥ sarvaśaktisampūrṇāḥ |;
TĀ, 8: 8;376 2;adhikārabandhavilaye śāntāḥ śivarūpiṇaḥ punarbhavinaḥ ||;
TĀ, 8: 8;377 1;ūrdhve bindvāvṛtirdīptā tatra tatra padmaṁ śaśiprabham |;
TĀ, 8: 8;377 2;śāntyatītaḥ śivastatra tacchaktyutsaṅgabhūṣitaḥ ||;
TĀ, 8: 8;378 1;nivṛttyādikalāvargaparivārasamāvṛtaḥ |;
TĀ, 8: 8;378 2;asaṁkhyarudratacchaktipurakoṭibhirāvṛtaḥ ||;
TĀ, 8: 8;379 1;śrīmanmataṅgaśāstre ca layākhyaṁ tattvamuttamam |;
TĀ, 8: 8;379 2;pāribhāṣikamityetannāmnā bindurihocyate ||;
TĀ, 8: 8;380 1;caturmūrtimayaṁ śubhraṁ yattatsakalaniṣkalam |;
TĀ, 8: 8;380 2;tasminbhogaḥ samuddiṣṭa ityatredaṁ ca varṇitam ||;
TĀ, 8: 8;381 1;nivṛttyādeḥ susūkṣmatvād dharādyārabdhadehatā |;
TĀ, 8: 8;381 2;mātuḥ sphūrjanmahājñānalīnatvānna vibhāvyate ||;
TĀ, 8: 8;382 1;udriktataijasatvena hemno bhūparamāṇavaḥ |;
TĀ, 8: 8;382 2;yathā pṛthaṅna bhāntyevamūrdhvādhorudradehagāḥ ||;
TĀ, 8: 8;383 1;bindūrdhve .rdhenduretasya kalā jyotsnā ca tadvatī |;
TĀ, 8: 8;383 2;kāntiḥ prabhā ca vimalā pañcaitā rodhikāstataḥ ||;
TĀ, 8: 8;384 1;rundhanī rodhanī roddhrī jñānabodhā tamopahā |;
TĀ, 8: 8;384 2;etāḥ pañca kalāḥ prāhurnirodhinyāṁ gurūttamāḥ ||;
TĀ, 8: 8;385 1;ardhamātraḥ smṛto bindurvyomarūpī catuṣkalaḥ |;
TĀ, 8: 8;385 2;tadardhamardhacandrastadaṣṭāṁśena nirodhikā ||;
TĀ, 8: 8;386 1;hetūnbrahmādikān runddhe rodhikāṁ tāṁ tyajettataḥ |;
TĀ, 8: 8;386 2;nirodhikāmimāṁ bhittvā sādākhyaṁ bhuvanaṁ param ||;
TĀ, 8: 8;387 1;pararūpeṇa yatrāste pañcamantramahātanuḥ |;
TĀ, 8: 8;387 2;ityardhendunirodhyantabindvāvṛtyūrdhvato mahān ||;
TĀ, 8: 8;388 1;nādaḥ kiñjalkasadṛśo mahadbhiḥ puruṣairvṛtaḥ |;
TĀ, 8: 8;388 2;catvāri bhuvanānyatra dikṣu madhye ca pañcamam ||;
TĀ, 8: 8;389 1;indhikā dīpikā caiva rodhikā mocikordhvagā |;
TĀ, 8: 8;389 2;madhye .tra padmaṁ tatrordhvagāmī tacchaktibhirvṛtaḥ ||;
TĀ, 8: 8;390 1;nādordhvatastu sauṣumnaṁ tatra tacchaktibhṛtprabhuḥ |;
TĀ, 8: 8;390 2;tadīśaḥ piṅgalelābhyāṁ vṛtaḥ savyāpasavyayoḥ ||;
TĀ, 8: 8;391 1;yā prabhoraṅkagā devī suṣumnā śaśisaprabhā |;
TĀ, 8: 8;391 2;grathito .dhvā tayā sarva ūrdhvaścādhastanastathā ||;
TĀ, 8: 8;392 1;nādaḥ suṣumnādhārastu bhittvā viśvamidaṁ jagat |;
TĀ, 8: 8;392 2;adhaḥśaktyā vinirgacchedūrdhvaśaktyā ca mūrdhataḥ ||;
TĀ, 8: 8;393 1;nāḍyā brahmabile līnaḥ so .vyaktadhvanirakṣaraḥ |;
TĀ, 8: 8;393 2;nadansarveṣu bhūteṣu śivaśaktyā hyadhiṣṭhitaḥ ||;
TĀ, 8: 8;394 1;suṣumnordhve brahmabilasaṁjñayāvaraṇaṁ tridṛk |;
TĀ, 8: 8;394 2;tatra brahmā sitaḥ śūlī pañcāsyaḥ śaśiśekharaḥ ||;
TĀ, 8: 8;395 1;tasyotsaṅge parā devī brahmāṇī mokṣamārgagā |;
TĀ, 8: 8;395 2;roddhrī dātrī ca mokṣasya tāṁ bhittvā cordhvakuṇḍalī ||;
TĀ, 8: 8;396 1;śaktiḥ suptāhisadṛśī sā viśvādhāra ucyate |;
TĀ, 8: 8;396 2;tasyāṁ sūkṣmā susūkṣmā ca tathānye amṛtāmite ||;
TĀ, 8: 8;397 1;madhyato vyāpinī tasyāṁ vyāpīśo vyāpinīdharaḥ |;
TĀ, 8: 8;397 2;śaktitattvamidaṁ yasya prapañco .yaṁ dharāntakaḥ ||;
TĀ, 8: 8;398 1;śivatattvaṁ tatastatra caturdikkaṁ vyavasthitāḥ |;
TĀ, 8: 8;398 2;vyāpī vyomātmako .nanto .nāthastacchaktibhāginaḥ ||;
TĀ, 8: 8;399 1;madhye tvanāśritaṁ tatra devadevo hyanāśritaḥ |;
TĀ, 8: 8;399 2;tacchaktyutsaṅgabhṛtsūryaśatakoṭisamaprabhaḥ ||;
TĀ, 8: 8;400 1;śivatattvordhvataḥ śaktiḥ parā sā samanāhvayā |;
TĀ, 8: 8;400 2;sarveṣāṁ kāraṇānāṁ sā kartṛbhūtā vyavasthitā ||;
TĀ, 8: 8;401 1;bibhartyaṇḍānyanekāni śivena samadhiṣṭhitā |;
TĀ, 8: 8;401 2;tadārūḍhaḥ śivaḥ kṛtyapañcakaṁ kurute prabhuḥ ||;
TĀ, 8: 8;402 1;samanā karaṇaṁ tasya hetukartur maheśituḥ |;
TĀ, 8: 8;402 2;anāśritaṁ tu vyāpāre nimittaṁ heturucyate ||;
TĀ, 8: 8;403 1;tayādhitiṣṭhati vibhuḥ kāraṇānāṁ tu pañcakam |;
TĀ, 8: 8;403 2;anāśrito .nāthamayam anantaṁ khavapuḥ sadā ||;
TĀ, 8: 8;404 1;sa vyāpinaṁ prerayati svaśaktyā karaṇena tu |;
TĀ, 8: 8;404 2;karmarūpā sthitā māyā yadadhaḥ śaktikuṇḍalī ||;
TĀ, 8: 8;405 1;nādabindvādikaṁ kāryamityādijagadudbhavaḥ |;
TĀ, 8: 8;405 2;yatsadāśivaparyantaṁ pārthivādyaṁ ca śāsane ||;

TĀ, 8: 8;407 1;tadvakṣyate samāsādbuddhau yenāśu saṁkrāmet |;
TĀ, 8: 8;407 2;aṇḍasyāntaranantaḥ kālaḥ kūṣmāṇḍahāṭakau brahmaharī ||;
TĀ, 8: 8;408 1;rudrāḥ śataṁ savīraṁ bahirnivṛttistu sāṣṭaśatabhuvanā syāt jalatejaḥsamīranabho.haṁkṛddhīmūlasaptake pratyekam ||;
TĀ, 8: 8;409 1;aṣṭau ṣaṭpañcāśadbhuvanā tena pratiṣṭheti kalā kathitā |;
TĀ, 8: 8;409 2;atra prāhuḥ śodhyānaṣṭau kecinnijāṣṭakādhipatīn ||;
TĀ, 8: 8;410 1;anye tu samastānāṁ śodhyatvaṁ varṇayanti bhuvanānām |;
TĀ, 8: 8;410 2;śrībhūtirājamiśrā guravaḥ prāhuḥ punarbahī rudraśatam ||;
TĀ, 8: 8;411 1;aṣṭāvantaḥ sākaṁ śarveṇetīdṛśī nivṛttiriyaṁ syāt |;
TĀ, 8: 8;411 2;rudrāḥ kālī vīro dharābdhilakṣmyaḥ sarasvatī guhyam ||;
TĀ, 8: 8;412 1;ityaṣṭakaṁ jale .gnau vahnyatiguhyadvayaṁ maruti vāyoḥ svapuraṁ gayādi khe ca vyoma pavitrāṣṭakaṁ ca |;
TĀ, 8: 8;413 1;abhimāne .haṅkāracchagalādyaṣṭakamathāntarā nabho tanmātrārkenduśratipurāṣṭakaṁ buddhikarmadevānām ||;
TĀ, 8: 8;414 1;daśa tanmātrasamūhe bhuvanaṁ punarakṣavargavinipatite manasaścetyabhimāne dvāviṁśatireva bhuvanānām ||;
TĀ, 8: 8;415 1;dhiyi daivīnāmaṣṭau kruttejoyogasaṁjñakaṁ trayaṁ tatpatiratha mūrtyaṣṭakasuśivadvādaśakavīrabhadrāḥ syuḥ |;
TĀ, 8: 8;416 1;tadatha mahādevāṣṭakamiti buddhau saptadaśa saṁkhyā |;
TĀ, 8: 8;416 2;guṇatattve paṅktitrayamiti ṣaṭpañcāśataṁ purāṇi viduḥ ||;
TĀ, 8: 8;417 1;yadyapi guṇasāmyātmani mūle krodheśvarāṣṭakaṁ tathāpi tacchodhitamiti gaṇanāṁ na punaḥ prāptaṁ pratiṣṭhāyām |;
TĀ, 8: 8;418 1;iti jalatattvānmūlaṁ tattvacaturviṁśatiḥ pratiṣṭhāyām |;
TĀ, 8: 8;418 2;ambādituṣṭivargastārādyāḥ siddhayo .ṇimādigaṇaḥ ||;


TĀ, 8: 8;421 1;niyatau śaṅkaradaśakaṁ kāle śivadaśakamiti puradvitayam rāge suhṛṣṭabhuvanaṁ guruśiṣyapuraṁ ca vitkalāyugale ||;
TĀ, 8: 8;422 1;bhuvanaṁ bhuvanaṁ niśi puṭapuratrayaṁ vākpuraṁ iti saptaviṁśatipurā vidyā puruṣāditattvasaptakayuk ||;


TĀ, 8: 8;425 1;paranādo brahmabilaṁ sūkṣmādiyutordhvakuṇḍalī śaktiḥ |;
TĀ, 8: 8;425 2;vyāpivyomānantānāthānāśritapurāṇi pañca tataḥ ||;
TĀ, 8: 8;426 1;ṣaṣṭhaṁ ca paramamanāśritamatha samanābhuvanaṣoḍaśī bindvāvaraṇaṁ parasauśivaṁ ca pañcendhikādibhuvanāni |;
TĀ, 8: 8;427 1;sauṣumnaṁ brahmabilaṁ kuṇḍalinī vyāpipañcakaṁ iti ṣoḍaśabhuvaneyaṁ tattvayugaṁ śāntyatītā syāt ||;
TĀ, 8: 8;428 1;śrīmanmataṅgaśāstre ca kramo .yaṁ purapūgagaḥ |;
TĀ, 8: 8;428 2;kālāgnirnarakāḥ khābdhiyutaṁ mukhyatayā śatam ||;
TĀ, 8: 8;429 1;kūṣmāṇḍaḥ saptapātālī saptalokī maheśvaraḥ |;
TĀ, 8: 8;429 2;ityaṇḍamadhyaṁ tadbāhye śataṁ rudrā iti sthitāḥ ||;
TĀ, 8: 8;430 1;sthānānāṁ dviśatī bhūmiḥ saptapañcāśatā yutā |;
TĀ, 8: 8;430 2;pañcāṣṭakasya madhyāddvātriṁśadbhūtacatuṣṭaye ||;
TĀ, 8: 8;431 1;tanmātreṣu ca pañca syurviśvedevāstato .ṣṭakam |;
TĀ, 8: 8;431 2;pañcamaṁ sendriye garve buddhau devāṣṭakaṁ guṇe ||;
TĀ, 8: 8;432 1;yogāṣṭakaṁ krodhasaṁjñaṁ mūle kāle sanaiyate |;
TĀ, 8: 8;432 2;patadrugādyāścāṅguṣṭhamātrādyā rāgatattvagāḥ ||;
TĀ, 8: 8;433 1;dvādaśaikaśivādyāḥ syurvidyāyāṁ kalane daśa |;
TĀ, 8: 8;433 2;vāmādyāstriśatī seyaṁ triparvaṇyabdhirasyayuk ||;
TĀ, 8: 8;434 1;śaivāḥ kecidihānantāḥ śraikaṇṭhā iti saṁgrahaḥ |;
TĀ, 8: 8;434 2;yatra yadā parabhogān bubhukṣate tatra yojanaṁ kāryam ||;
TĀ, 8: 8;435 1;śodhanamatha taddhānau śeṣaṁ tvantargataṁ kāryam |;
TĀ, 8: 8;435 2;ityāgamaṁ prathayituṁ darśitametadvikalpitaṁ tena ||;
TĀ, 8: 8;436 1;anye .pi bahuvikalpāḥ svadhiyācāryaiḥ samabhyūhyāḥ |;
TĀ, 8: 8;436 2;śrīpūrvaśāsane punaraṣṭādaśādhikaṁ śataṁ kathitam ||;
TĀ, 8: 8;437 1;tadiha pradhānamadhikaṁ saṁkṣepeṇocyate śodhyam |;
TĀ, 8: 8;437 2;kālāgniḥ kūṣmāṇḍo narakeśo hāṭako .tha bhūtalapaḥ ||;
TĀ, 8: 8;438 1;brahmā munilokeśo rudrāḥ pañcāntarālasthāḥ |;
TĀ, 8: 8;438 2;adhare .nantaḥ prācyāḥ kapālivahnyantanirṛtibalākhyāḥ ||;
TĀ, 8: 8;439 1;laghunidhipatividyādhipaśambhūrdhvāntaṁ ekādaśabhirbāhye brahmāṇḍaṁ pañcabhis tathāntarikaiḥ ||;
TĀ, 8: 8;440 1;iti ṣoḍaśapurametannivṛttikalayeha kalanīyam |;
TĀ, 8: 8;440 2;lakulīśabhārabhūtī diṇḍyāṣāḍhī ca puṣkaranimeṣau ||;
TĀ, 8: 8;441 1;prabhāsasureśāviti salile pratyātmakaṁ saparivāre |;
TĀ, 8: 8;441 2;bhairavakedāramahākālā madhyāmrajalpākhyāḥ ||;


TĀ, 8: 8;444 1;avimuktarudrakoṭī vastrāpada ityadaḥ pavitraṁ khe |;
TĀ, 8: 8;444 2;sthūlasthūleśaśaṅkuśrutikālañjarāśca maṇḍalabhṛt ||;
TĀ, 8: 8;445 1;mākoṭāṇḍadvitayacchagalāṇḍā aṣṭakaṁ hyahaṅkāre |;
TĀ, 8: 8;445 2;anye .haṅkārāntastanmātrāṇīndriyāṇi cāpyāhuḥ ||;
TĀ, 8: 8;446 1;dhiyi yonyaṣṭakamuktaṁ prakṛtau yogāṣṭakaṁ iti saptāṣṭakabhuvanā pratiṣṭhitiḥ salilato hi mūlāntā ||;
TĀ, 8: 8;447 1;nari vāmo bhīmograu bhaveśavīrāḥ pracaṇḍagaurīśau |;
TĀ, 8: 8;447 2;ajasānantaikaśivau vidyāyāṁ krodhacaṇḍayugmaṁ syāt ||;
TĀ, 8: 8;448 1;saṁvarto jyotiratho kalāniyatyāṁ ca sūrapañcāntau |;
TĀ, 8: 8;448 2;vīraśikhīśaśrīkaṇṭhasaṁjñametattrayaṁ ca kāle syāt ||;
TĀ, 8: 8;449 1;samahātejā vāmo bhavodbhavaścaikapiṅgaleśānau |;
TĀ, 8: 8;449 2;bhuvaneśapuraḥsarakāvaṅguṣṭha ime niśi sthitā hyaṣṭau ||;
TĀ, 8: 8;450 1;aṣṭāviṁśatibhuvanā vidyā puruṣānniśāntamiyam |;
TĀ, 8: 8;450 2;hālāhalarudrakrudambikāghorikāḥ savāmāḥ syuḥ ||;
TĀ, 8: 8;451 1;vidyāyāṁ vidyeśāstvaṣṭāvīśe sadāśive pañca |;
TĀ, 8: 8;451 2;vāmā jyeṣṭhā raudrī śaktiḥ sakalā ca śontayam ||;
TĀ, 8: 8;452 1;aṣṭādaśa bhuvanā syāt śāntyatītā tvabhuvanaiva |;
TĀ, 8: 8;452 2;iti deśādhvavibhāgaḥ kathitaḥ śrīśambhunā samādiṣṭaḥ ||;
TĀ, 20: 16;1 1;atha dīkṣāṁ bruve mūḍhajanāśvāsapradāyinīm ||;
TĀ, 20: 16;2 1;trikoṇe vahnisadane vahnivarṇojjvale .bhitaḥ |;
TĀ, 20: 16;2 2;vāyavyapuranirdhūte kare savye sujājvale ||;
TĀ, 20: 16;3 1;bījaṁ kiṁcidgṛhītvaitattathaiva hṛdayāntare |;
TĀ, 20: 16;3 2;kare ca dahyamānaṁ saccintayettajjapaikayuk ||;
TĀ, 20: 16;4 1;vahnidīpitaphaṭkāradhoraṇīdāhapīḍitam |;
TĀ, 20: 16;4 2;bījaṁ nirbījatāmeti svasūtikaraṇākṣamam ||;
TĀ, 20: 16;5 1;taptaṁ naitatprarohāya tenaiva pratyayena tu |;
TĀ, 20: 16;5 2;malamāyākhyakarmāṇi mantradhyānakriyābalāt ||;
TĀ, 20: 16;6 1;dagdhāni na svakāryāya nirbījapratyayaṁ tvimam |;
TĀ, 20: 16;6 2;sa śrīmānsuprasanno me śaṁbhunātho nyarūpayat ||;
TĀ, 20: 16;7 1;bījasyāpyatra kāryā ca yojanā kṛpayā guroḥ |;
TĀ, 20: 16;7 2;yato dīkṣā sudīptatvātsthāvarāṇyapi mocayet ||;
TĀ, 20: 16;8 1;yo gurur japahomārcādhyānasiddhatvam ātmani |;
TĀ, 20: 16;8 2;jñātvā dīkṣāṁ carettasya dīkṣā sapratyayā smṛtā ||;
TĀ, 20: 16;9 1;avadhūte nirācāre tattvajñe natvayaṁ vidhiḥ |;
TĀ, 20: 16;9 2;sācāraiḥ kriyate dīkṣā yā dṛṣṭapratyayānvitā ||;
TĀ, 20: 16;10 1;nirācāreṇa dīkṣāyāṁ pratyayastu na gadyate |;
TĀ, 20: 16;10 2;jñānaṁ svapratyayaṁ yasmānna phalāntaramarhati ||;
TĀ, 20: 16;11 1;dhyānādi tu phalātsādhyamiti siddhāmatoditam |;
TĀ, 20: 16;11 2;tulāśuddhiparīkṣāṁ vā kuryātpratyayayoginīm ||;
TĀ, 20: 16;12 1;yathā śrītantrasadbhāve kathitā parameśinā |;
TĀ, 20: 16;12 2;śrīpūrvaśāstre .pyeṣā ca sūcitā parameśinā ||;
TĀ, 20: 16;13 1;ānanda udbhavaḥ kampo nidrā ghūrṇiśca pañcamī |;
TĀ, 20: 16;13 2;ityevaṁvadatā śaktitāratamyābhidhāyinā ||;
TĀ, 20: 16;14 1;udbhavo laghubhāvena dehagrahatirohiteḥ |;
TĀ, 20: 16;14 2;deho hi pārthivo mukhyastadā mukhyatvamujhati ||;
TĀ, 20: 16;15 1;bhāvilāghavamantreṇa śiṣyaṁ dhyātvā samutplutam |;
TĀ, 20: 16;15 2;karmāṇi tatrāśeṣāṇi pūrvoktānyācaredguruḥ ||;
TĀ, 20: 16;16 1;uktā seyaṁ tulāśuddhidīkṣā pratyayadāyinī ||;
TĀ, 11: 10;1 1;kalādhvā vakṣyate śrīmacchāṁbhavājñānusārataḥ ||;
TĀ, 11: 10;2 1;yathā pūrvoktabhuvanamadhye nijanijaṁ gaṇam |;
TĀ, 11: 10;2 2;anuyatparato bhinnaṁ tattvaṁ nāmeti bhaṇyate ||;
TĀ, 11: 10;3 1;tathā teṣvapi tattveṣu svavarge .nugamātmakam |;
TĀ, 11: 10;3 2;vyāvṛttaṁ paravargācca kaleti śivaśāsane ||;
TĀ, 11: 10;4 1;kecidāhuḥ punaryāsau śaktirantaḥ susūkṣmikā |;
TĀ, 11: 10;4 2;tattvānāṁ sā kaletyuktā dharaṇyāṁ dhārikā yathā ||;
TĀ, 11: 10;5 1;atra pakṣadvaye vastu na bhinnaṁ bhāsate yataḥ |;
TĀ, 11: 10;5 2;anugāmi na sāmānyamiṣṭaṁ naiyāyikādivat ||;
TĀ, 11: 10;6 1;anye vadanti dīkṣādau sukhasaṁgrahaṇārthataḥ |;
TĀ, 11: 10;6 2;śivena kalpito vargaḥ kaleti samayāśrayaḥ ||;
TĀ, 11: 10;7 1;kṛtaśca devadevena samayo .paramārthatām |;
TĀ, 11: 10;7 2;na gacchatīti nāsatyo na cānyasamayodayaḥ ||;
TĀ, 11: 10;8 1;nivṛttiḥ pṛthivītattve pratiṣṭhāvyaktagocare |;
TĀ, 11: 10;8 2;vidyā niśānte śāntā ca śaktyante .ṇḍamidaṁ catuḥ ||;
TĀ, 11: 10;9 1;śāntātītā śive tattve kalātītaḥ paraḥ śivaḥ |;
TĀ, 11: 10;9 2;nahyatra vargīkaraṇaṁ samayaḥ kalanāpi vā ||;
TĀ, 11: 10;10 1;yujyate sarvatodikkaṁ svātantryollāsadhāmani |;
TĀ, 11: 10;10 2;svātantryāttu nijaṁ rūpaṁ boddhṛdharmādavicyutam ||;
TĀ, 11: 10;11 1;upadeśatadāveśaparamārthatvasiddhaye |;
TĀ, 11: 10;11 2;bodhyatāmānayandevaḥ sphuṭameva vibhāvyate ||;
TĀ, 11: 10;12 1;yato .taḥ śivatattve .pi kalāsaṁgatirucyate |;
TĀ, 11: 10;12 2;aṇḍaṁ ca nāma bhuvanavibhāgasthitikāraṇam ||;
TĀ, 11: 10;13 1;prāhurāvaraṇaṁ tacca śaktyantaṁ yāvadasti hi |;
TĀ, 11: 10;13 2;yadyapi prāk śivākhye .pi tattve bhuvanapaddhatiḥ ||;
TĀ, 11: 10;14 1;uktā tathāpyapratighe nāsmin āvṛtisaṁbhavaḥ |;
TĀ, 11: 10;14 2;nanvevaṁ dharaṇīṁ muktvā śaktau prakṛtimāyayoḥ ||;
TĀ, 11: 10;15 1;api cāpratighatve .pi kathamaṇḍasya saṁbhavaḥ |;
TĀ, 11: 10;15 2;atrāsmadguravaḥ prāhuryatpṛthivyādipañcakam ||;
TĀ, 11: 10;16 1;pratyakṣamidamābhāti tato .nyannāsti kiṁcana |;
TĀ, 11: 10;16 2;meyatve sthūlasūkṣmatvānmānatve karaṇatvataḥ ||;
TĀ, 11: 10;17 1;kartṛtollāsataḥ kartṛbhāve sphuṭatayoditam |;
TĀ, 11: 10;17 2;triṁśattattvaṁ vibhedātma tadabhedo niśā matā ||;
TĀ, 11: 10;18 1;kāryatvakaraṇatvādivibhāgagalane sati |;
TĀ, 11: 10;18 2;vikāsotkasvatantratve śivāntaṁ pañcakaṁ jaguḥ ||;
TĀ, 11: 10;19 1;śrīmatkālottarādau ca kathitaṁ bhūyasā tathā |;
TĀ, 11: 10;19 2;pañcaitāni tu tattvāni yairvyāptamakhilaṁ jagat ||;
TĀ, 11: 10;20 1;pañcamantratanau tena sadyojātādi bhaṇyate |;
TĀ, 11: 10;20 2;īśānāntaṁ tatra tatra dharādigaganāntakam ||;
TĀ, 11: 10;21 1;śivatattvamataḥ śūnyātiśūnyaṁ syādanāśritam |;
TĀ, 11: 10;21 2;yattu sarvāvibhāgātma svatantraṁ bodhasundaram ||;
TĀ, 11: 10;22 1;saptatriṁśaṁ tu tatprāhustattvaṁ paraśivābhidham |;
TĀ, 11: 10;22 2;tasyāpyuktanayādvedyabhāve .tra parikalpite ||;
TĀ, 11: 10;23 1;yadāste hyanavacchinnaṁ tadaṣṭātriṁśamucyate |;
TĀ, 11: 10;23 2;na cānavasthā hyevaṁ syāddṛśyatāṁ hi mahātmabhiḥ ||;
TĀ, 11: 10;24 1;yadvedyaṁ kiṁcidābhāti tatkṣaye yatprakāśate |;
TĀ, 11: 10;24 2;tattattvamiti nirṇītaṁ ṣaṭtriṁśaṁ hṛdi bhāsate ||;
TĀ, 11: 10;25 1;tatkiṁ na kiṁcidvā kiṁcidityākāṅkṣāvaśe vapuḥ |;
TĀ, 11: 10;25 2;cidānandasvatantraikarūpaṁ taditi deśane ||;
TĀ, 11: 10;26 1;saptatriṁśaṁ samābhāti tatrākāṅkṣā ca nāparā |;
TĀ, 11: 10;26 2;taccāpi kL.ptavedyatvaṁ yatra bhāti sa cinmayaḥ ||;
TĀ, 11: 10;27 1;aṣṭātriṁśattamaḥ so .pi bhāvanāyopadiśyate |;
TĀ, 11: 10;27 2;yadi nāma tataḥ saptatriṁśa eva punarbhavet ||;
TĀ, 11: 10;28 1;avibhāgasvatantratvacinmayatvādidharmatā |;
TĀ, 11: 10;28 2;samaiva vedyīkaraṇaṁ kevalaṁ tvadhikaṁ yataḥ ||;
TĀ, 11: 10;29 1;dharāyāṁ guṇatattvānte māyānte kramaśaḥ sthitāḥ |;
TĀ, 11: 10;29 2;gandho raso rūpamantaḥ sūkṣmabhāvakrameṇa tu ||;
TĀ, 11: 10;30 1;iti sthite naye śaktitattvānte .pyasti saukṣmyabhāk |;
TĀ, 11: 10;30 2;sparśaḥ ko .pi sadā yasmai yoginaḥ spṛhayālavaḥ ||;
TĀ, 11: 10;31 1;tatsparśānte tu saṁvittiḥ śuddhacidvyomarūpiṇī |;
TĀ, 11: 10;31 2;yasyāṁ rūḍhaḥ samabhyeti svaprakāśātmikāṁ parām ||;
TĀ, 11: 10;32 1;ato bindurato nādo rūpamasmādato rasaḥ |;
TĀ, 11: 10;32 2;ityuktaṁ kṣobhakatvena spande sparśastu no tathā ||;
TĀ, 11: 10;33 1;mataṁ caitanmaheśasya śrīpūrve yadabhāṣata |;
TĀ, 11: 10;33 2;dhārikāpyāyinī boddhrī pavitrī cāvakāśadā ||;
TĀ, 11: 10;34 1;ebhiḥ śabdairvyavaharan nivṛttyādernijaṁ vapuḥ |;
TĀ, 11: 10;34 2;pañcatattvavidhiḥ proktastritattvamadhunocyate ||;
TĀ, 11: 10;35 1;vijñānākalaparyantamātmā vidyeśvarāntakam |;
TĀ, 11: 10;35 2;śeṣe śivastritattve syādekatattve śivaḥ param ||;
TĀ, 11: 10;36 1;imau bhedāvubhau tattvabhedamātrakṛtāviti |;
TĀ, 11: 10;36 2;tattvādhvaivāyamitthaṁ ca na ṣaḍadhvasthiteḥ kṣatiḥ ||;
TĀ, 11: 10;37 1;prakṛt pumānyatiḥ kālo māyā vidyeśasauśivau |;
TĀ, 11: 10;37 2;śivaśca navatattve .pi vidhau tattvādhvarūpatā ||;
TĀ, 11: 10;38 1;evamaṣṭādaśākhye .pi vidhau nyāyaṁ vadetsudhīḥ |;
TĀ, 11: 10;38 2;yatra yatra hi bhogecchā tatprādhānyopayogataḥ ||;
TĀ, 11: 10;39 1;anyāntarbhāvanātaśca dīkṣānantavibhedabhāk |;
TĀ, 11: 10;39 2;tena ṣaṭtriṁśato yāvadekatattvavidhirbhavet ||;
TĀ, 11: 10;40 1;tattvādhvaiva sa devena prokto vyāsasamāsataḥ |;
TĀ, 11: 10;40 2;ekatattvavidhiścaiṣa suprabuddhaṁ guruṁ prati ||;
TĀ, 11: 10;41 1;śiṣyaṁ ca gatabhogāśamuditaḥ śaṁbhunā yataḥ |;
TĀ, 11: 10;41 2;bhedaṁ visphārya visphārya śaktyā svacchandarūpayā ||;
TĀ, 11: 10;42 1;svātmanyabhinne bhagavānnityaṁ viśramayan sthitaḥ |;
TĀ, 11: 10;42 2;itthaṁ tryātmādhvano bhedaḥ sthūlasūkṣmaparatvataḥ ||;
TĀ, 11: 10;43 1;meyabhāgagataḥ proktaḥ puratattvakalātmakaḥ |;
TĀ, 11: 10;43 2;adhunā mātṛbhāgasthaṁ rūpaṁ tredhā nirūpyate ||;
TĀ, 11: 10;44 1;yatpramāṇātmakaṁ rūpamadhvano mātṛbhāgagam |;
TĀ, 11: 10;44 2;padaṁ hyavagamātmatvasamāveśāt tad ucyate ||;
TĀ, 11: 10;45 1;tadeva ca padaṁ mantraḥ prakṣobhātpracyutaṁ yadā |;
TĀ, 11: 10;45 2;guptabhāṣī yato mātā tūṣṇīṁbhūto vyavasthitaḥ ||;
TĀ, 11: 10;46 1;tathāpi na vimarśātma rūpaṁ tyajati tena saḥ |;
TĀ, 11: 10;46 2;pramāṇātmavimarśātmā mānavatkṣobhabhāṅnatu ||;
TĀ, 11: 10;47 1;mantrāṇāṁ ca padānāṁ ca tenoktaṁ trikaśāsane |;
TĀ, 11: 10;47 2;abhinnameva svaṁ rūpaṁ niḥspandakṣobhite param ||;
TĀ, 11: 10;48 1;audāsīnyaparityāge prakṣobhānavarohaṇe |;
TĀ, 11: 10;48 2;varṇādhvā mātṛbhāge syāt pūrvaṁ yā kathitā pramā ||;
TĀ, 11: 10;49 1;sā tu pūrṇasvarūpatvādavibhāgamayī yataḥ |;
TĀ, 11: 10;49 2;tata ekaikavarṇatvaṁ tattve tattve kṣamāditaḥ ||;
TĀ, 11: 10;50 1;kṛtvā śaive pare proktāḥ ṣoḍaśārṇā visargataḥ |;
TĀ, 11: 10;50 2;tatra śaktiparispandastāvān prāk ca nirūpitaḥ ||;

TĀ, 11: 10;52 1;munitattvārṇaṁ dvikapadamantraṁ agnyarṇatattvamekakapadamantraṁ sainyabhuvanamiti |;

TĀ, 11: 10;54 1;so .yaṁ samasta evādhvā bhairavābhedavṛttimān |;
TĀ, 11: 10;54 2;tatsvātantryātsvatantratvamaśnuvāno .vabhāsate ||;
TĀ, 11: 10;55 1;tathāhi mātṛrūpastho mantrādhveti nirūpitaḥ |;
TĀ, 11: 10;55 2;tathāhi cidvimarśena grastā vācyadaśā yadā ||;
TĀ, 11: 10;56 1;śivajñānakriyāyattamananatrāṇatatparā |;
TĀ, 11: 10;56 2;aśeṣaśaktipaṭalīlīlālāmpaṭyapāṭavāt ||;
TĀ, 11: 10;57 1;cyutā mānamayādrūpāt saṁvinmantrādhvatāṁ gatā |;
TĀ, 11: 10;57 2;pramāṇarūpatāmetya prayātyadhvā padātmatām ||;
TĀ, 11: 10;58 1;tathā hi māturviśrāntirvarṇānsaṁghaṭya tānbahūn |;
TĀ, 11: 10;58 2;saṁghaṭṭanaṁ ca kramikaṁ saṁjalpātmakameva tat ||;
TĀ, 11: 10;59 1;vikalpasya svakaṁ rūpaṁ bhogāveśamayaṁ sphuṭam |;
TĀ, 11: 10;59 2;ataḥ pramāṇatārūpaṁ padamasmadgururjagau ||;
TĀ, 11: 10;60 1;pramāṇarūpatāveśam aparityajya meyatām ||;
TĀ, 11: 10;61 1;gacchankalanayā yogādadhvā proktaḥ kalātmakaḥ |;
TĀ, 11: 10;61 2;śuddhe prameyatāyoge sūkṣmasthūlatvabhāgini ||;
TĀ, 11: 10;62 1;tattvādhvabhuvanādhvatve krameṇānusaredguruḥ |;
TĀ, 11: 10;62 2;prameyamānamātṝṇāṁ yadrūpamupari sthitam ||;
TĀ, 11: 10;63 1;pramātmātra sthito .dhvāyaṁ varṇātmā dṛśyatāṁ kila |;
TĀ, 11: 10;63 2;ucchalatsaṁvidāmātraviśrāntyāsvādayoginaḥ ||;
TĀ, 11: 10;64 1;sarvābhidhānasāmarthyād aniyantritaśaktayaḥ |;
TĀ, 11: 10;64 2;sṛṣṭāḥ svātmasahotthe .rthe dharāparyantabhāgini ||;
TĀ, 11: 10;65 1;āmṛśantaḥ svacidbhūmau tāvato .rthānabhedataḥ |;
TĀ, 11: 10;65 2;varṇaughāste pramārūpāṁ satyāṁ bibhrati saṁvidam ||;
TĀ, 11: 10;66 1;bālāstiryakpramātāro ye .py asaṁketabhāginaḥ |;
TĀ, 11: 10;66 2;te .pyakṛtrimasaṁskārasārāmenāṁ svasaṁvidam ||;
TĀ, 11: 10;67 1;bhinnabhinnāmupāśritya yānti citrāṁ pramātṛtām |;
TĀ, 11: 10;67 2;asyāṁ cākṛtrimānantavarṇasaṁvidi rūḍhatām ||;
TĀ, 11: 10;68 1;saṁketā yānti cette .pi yāntyasaṁketavṛttitām |;
TĀ, 11: 10;68 2;anayā tu vinā sarve saṁketā bahuśaḥ kṛtāḥ ||;
TĀ, 11: 10;69 1;aviśrāntatayā kuryuranavasthāṁ duruttarām |;
TĀ, 11: 10;69 2;bālo vyutpādyate yena tatra saṁketamārgaṇāt ||;
TĀ, 11: 10;70 1;aṅgulyādeśane .pyasya nāvikalpā tathā matiḥ |;
TĀ, 11: 10;70 2;vikalpaḥ śabdamūlaśca śabdaḥ saṁketajīvitaḥ ||;
TĀ, 11: 10;71 1;tenānanto hyamāyīyo yo varṇagrāma īdṛśaḥ |;
TĀ, 11: 10;71 2;saṁvidvimarśasacivaḥ sadaiva sa hi jṛmbhate ||;
TĀ, 11: 10;72 1;yata eva ca māyīyā varṇāḥ sūtiṁ vitenire |;
TĀ, 11: 10;72 2;ye ca māyīyavarṇeṣu vīryatvena nirūpitāḥ ||;
TĀ, 11: 10;73 1;saṁketanirapekṣāste prameti parigṛhyatām |;
TĀ, 11: 10;73 2;tathā hi paravākyeṣu śruteṣvāvriyate nijā ||;
TĀ, 11: 10;74 1;pramā yasya jaḍo .sau no tatrārthe .bhyeti mātṛtām |;
TĀ, 11: 10;74 2;śukavatsa paṭhatyeva paraṁ tatkramitaikabhāk ||;
TĀ, 11: 10;75 1;svātantryalābhataḥ svavākyapramālābhe tu boddhṛtā |;
TĀ, 11: 10;75 2;yasya hi svapramābodho vipakṣodbhedanigrahāt ||;
TĀ, 11: 10;76 1;vākyādivarṇapuñje sve sa pramātā vaśībhavet |;
TĀ, 11: 10;76 2;yathā yathā cākṛtakaṁ tadrūpamatiricyate ||;
TĀ, 11: 10;77 1;tathā tathā camatkāratāratamyaṁ vibhāvyate |;
TĀ, 11: 10;77 2;ādyāmāyīyavarṇāntarnimagne cottarottare ||;
TĀ, 11: 10;78 1;saṁkete pūrvapūrvāṁśamajjane pratibhābhidaḥ |;
TĀ, 11: 10;78 2;ādyodrekamahattve .pi pratibhātmani niṣṭhitāḥ ||;
TĀ, 11: 10;79 1;dhruvaṁ kavitvavaktṛtvaśālitāṁ yānti sarvataḥ |;
TĀ, 11: 10;79 2;yāvaddhāmani saṁketanikārakalanojjhite ||;
TĀ, 11: 10;80 1;viśrāntaścinmaye kiṁ kiṁ na vetti kurute na vā |;
TĀ, 11: 10;80 2;ata eva hi vāksiddhau varṇānāṁ samupāsyatā ||;
TĀ, 11: 10;81 1;sarvajñatvādisiddhau vā kā siddhiryā na tanmayī |;
TĀ, 11: 10;81 2;taduktaṁ varadena śrīsiddhayogīśvarīmate ||;
TĀ, 11: 10;82 1;tena guptena guptāste śeṣā varṇāstviti sphuṭam |;
TĀ, 11: 10;82 2;evaṁ māmātṛmānatvameyatvair yo .vabhāsate ||;
TĀ, 11: 10;83 1;ṣaḍvidhaḥ svavapuḥśuddhau śuddhiṁ so .dhvādhigacchati ekena vapuṣā śuddhau tatraivānyaprakāratām ||;
TĀ, 11: 10;84 1;antarbhāvyācarecchuddhimanusaṁdhānavān guruḥ |;
TĀ, 11: 10;84 2;anantarbhāvaśaktau tu sūkṣmaṁ sūkṣmaṁ tu śodhayet ||;
TĀ, 11: 10;85 1;tadviśuddhaṁ bījabhāvāt sūte nottarasaṁtatim |;
TĀ, 11: 10;85 2;śodhanaṁ bahudhā tattadbhogaprāptyekatānatā ||;
TĀ, 11: 10;86 1;tadādhipatyaṁ tattyāgastacchivātmatvavedanam |;
TĀ, 11: 10;86 2;tallīnatā tannirāsaḥ sarvaṁ caitatkramākramāt ||;
TĀ, 11: 10;87 1;ata eva ca te mantrāḥ śodhakāścitrarūpiṇaḥ |;
TĀ, 11: 10;87 2;siddhāntavāmadakṣādau citrāṁ śuddhiṁ vitanvate ||;
TĀ, 11: 10;88 1;anuttaratrikānāmakramamantrāstu ye kila |;
TĀ, 11: 10;88 2;te sarve sarvadāḥ kintu kasyacit kvāpi mukhyatā ||;
TĀ, 11: 10;89 1;ataḥ śodhakabhāvena śāstre śrīpūrvasaṁjñite |;
TĀ, 11: 10;89 2;parāparādimantrāṇāmadhvanyuktā vyavasthitiḥ ||;
TĀ, 11: 10;90 1;śodhakatvaṁ ca mālinyā devīnāṁ tritayasya ca |;
TĀ, 11: 10;90 2;devatrayasya vaktrāṇāmaṅgānāmaṣṭakasya ca ||;
TĀ, 11: 10;91 1;kiṁ vātibahunā dvāravāstvādhāragurukrame |;
TĀ, 11: 10;91 2;lokapāstravidhau mantrān muktvā sarvaṁ viśodhakam ||;
TĀ, 11: 10;92 1;yaccaitadadhvanaḥ proktaṁ śodhyatvaṁ śoddhṛtā ca yā |;
TĀ, 11: 10;92 2;sā svātantryācchivābhede yuktetyuktaṁ ca śāsane ||;
TĀ, 11: 10;93 1;sarvametadvibhātyeva parameśitari dhruve |;
TĀ, 11: 10;93 2;pratibimbasvarūpeṇa na tu bāhyatayā yataḥ ||;
TĀ, 11: 10;94 1;cidvyomnyeva śive tattaddehādimatirīdṛśī |;
TĀ, 11: 10;94 2;bhinnā saṁsāriṇāṁ rajjau sarpasragvīcibuddhivat ||;
TĀ, 11: 10;95 1;yataḥ prāgdehamaraṇasiddhāntaḥ svapnagocaraḥ |;
TĀ, 11: 10;95 2;dehāntarādirmaraṇe kīdṛgvā dehasaṁbhavaḥ ||;
TĀ, 11: 10;96 1;svapne .pi pratibhāmātrasāmānyaprathanābalāt |;
TĀ, 11: 10;96 2;viśeṣāḥ pratibhāsante na bhāvyante .pi te yathā ||;
TĀ, 11: 10;97 1;śālagrāmopalāḥ keciccitrākṛtibhṛto yathā |;
TĀ, 11: 10;97 2;tathā māyādibhūmyantalekhācitrahṛdaścitaḥ ||;
TĀ, 11: 10;98 1;nagarārṇavaśailādyās tadicchānuvidhāyinaḥ |;
TĀ, 11: 10;98 2;na svayaṁ sadasanto no kāraṇākāraṇātmakāḥ ||;
TĀ, 11: 10;99 1;niyateścirarūḍhāyāḥ samucchedātpravartanāt |;
TĀ, 11: 10;99 2;arūḍhāyāḥ svatantro .yaṁ sthitaścidvyomabhairavaḥ ||;
TĀ, 11: 10;100 1;ekacinmātrasampūrṇabhairavābhedabhāgini |;
TĀ, 11: 10;100 2;evamasmīty anāmarśo bhedako bhāvamaṇḍale ||;
TĀ, 11: 10;101 1;sarvapramāṇairno siddhaṁ svapne kartrantaraṁ yathā |;
TĀ, 11: 10;101 2;svasaṁvidaḥ svasiddhāyāstathā sarvatra budhyatām ||;
TĀ, 11: 10;102 1;cittacitrapurodyāne krīḍedevaṁ hi vetti yaḥ |;
TĀ, 11: 10;102 2;ahameva sthito bhūtabhāvatattvapurairiti ||;
TĀ, 11: 10;103 1;evaṁ jāto mṛto .smīti janmamṛtyuvicitratāḥ |;
TĀ, 11: 10;103 2;ajanmanyamṛtau bhānti cittabhittau svanirmitāḥ ||;
TĀ, 11: 10;104 1;parehasaṁvidāmātraṁ paralokehalokate |;
TĀ, 11: 10;104 2;vastutaḥ saṁvido deśaḥ kālo vā naiva kiṁcana ||;
TĀ, 11: 10;105 1;abhaviṣyadayaṁ sargo mūrtaścenna tu cinmayaḥ |;
TĀ, 11: 10;105 2;tad avekṣyata tanmadhyāt kenaiko .pi dharādharaḥ ||;
TĀ, 11: 10;106 1;bhūtatanmātravargāder ādhārādheyatākrame |;
TĀ, 11: 10;106 2;ante saṁvinmayī śaktiḥ śivarūpaiva dhāriṇī ||;
TĀ, 11: 10;107 1;tasmātpratītirevetthaṁ kartrī dhartrī ca sā śivaḥ |;
TĀ, 11: 10;107 2;tato bhāvāstatra bhāvāḥ śaktirādhārikā tataḥ ||;
TĀ, 11: 10;108 1;sāṁkalpikaṁ nirādhāramapi naiva patatyadhaḥ |;
TĀ, 11: 10;108 2;svādhāraśaktau viśrāntaṁ viśvamitthaṁ vimṛśyatām ||;
TĀ, 11: 10;109 1;asyā ghanāham ityādirūḍhireva dharāditā |;
TĀ, 11: 10;109 2;yāvadante cidasmīti nirvṛttā bhairavātmatā ||;
TĀ, 11: 10;110 1;maṇāvindrāyudhe bhāsa iva nīlādayaḥ śive |;
TĀ, 11: 10;110 2;paramārthata eṣāṁ tu nodayo na vyayaḥ kvacit ||;
TĀ, 11: 10;111 1;deśe kāle .tra vā sṛṣṭirityetadasamañjasam |;
TĀ, 11: 10;111 2;cidātmanā hi devena sṛṣṭir dikkālayor api ||;
TĀ, 11: 10;112 1;jāgarābhimate sārdhahastatritayagocare |;
TĀ, 11: 10;112 2;prahare ca pṛthak svapnāś citradikkālamāninaḥ ||;
TĀ, 11: 10;113 1;ata eva kṣaṇaṁ nāma na kiṁcidapi manmahe |;
TĀ, 11: 10;113 2;kriyākṣaṇe vāpyekasmin bahvyaḥ saṁsyurdrutāḥ kriyāḥ ||;
TĀ, 11: 10;114 1;tena ye bhāvasaṁkocaṁ kṣaṇāntaṁ pratipedire |;
TĀ, 11: 10;114 2;te nūnam enayā nāḍyā śūnyadṛṣṭyavalambinaḥ ||;
TĀ, 11: 10;115 1;tadya eṣa sato bhāvāñ śūnyīkartuṁ tathāsataḥ |;
TĀ, 11: 10;115 2;sphuṭīkartuṁ svatantratvādīśaḥ so .smatprabhuḥ śivaḥ ||;
TĀ, 11: 10;116 1;taditthaṁ parameśāno viśvarūpaḥ pragīyate |;
TĀ, 11: 10;116 2;na tu bhinnasya kasyāpi dharāderupapannatā ||;
TĀ, 11: 10;117 1;uktaṁ caitatpuraiveti na bhūyaḥ pravivicyate |;
TĀ, 11: 10;117 2;bhūyobhiścāpi bāhyārthadūṣaṇaiḥ pravyaramyata ||;
TĀ, 11: 10;118 1;taditthameṣa nirṇītaḥ kalādervistaro .dhvanaḥ ||;
TĀ, 21: 17;1 1;parokṣasaṁsthitasyātha dīkṣākarma nigadyate ||;
TĀ, 21: 17;2 1;bhuktimuktiprasiddhyarthaṁ nīyate sadguruṁ prati |;
TĀ, 21: 17;2 2;ityasminmālinīvākye pratiḥ sāṁmukhyavācakaḥ ||;
TĀ, 21: 17;3 1;sāṁmukhyaṁ cāsya śiṣyasya tatkṛpāspadatātmakam |;
TĀ, 21: 17;3 2;tamārādhyeti vacanaṁ kṛpāhetūpalakṣaṇam ||;
TĀ, 21: 17;4 1;tatsaṁbandhāttataḥ kaścittatkṣaṇādapavṛjyate |;
TĀ, 21: 17;4 2;ityasyāyamapi hyartho mālinīvākyasanmaṇeḥ ||;
TĀ, 21: 17;5 1;tatkṣaṇāditi nāsyāsti yiyāsādikṣaṇāntaram |;
TĀ, 21: 17;5 2;kiṁtvevameva karuṇānighnastaṁ gururuddharet ||;
TĀ, 21: 17;6 1;gurusevākṣīṇatanordīkṣām aprāpya pañcatām |;
TĀ, 21: 17;6 2;gatasyātha svayaṁ mṛtyukṣaṇoditatathāruceḥ ||;
TĀ, 21: 17;7 1;athavādharatantrādidīkṣāsaṁskārabhāginaḥ |;
TĀ, 21: 17;7 2;prāptasāmayikasyātha parāṁ dīkṣām avindataḥ ||;
TĀ, 21: 17;8 1;ḍimbāhatasya yogeśībhakṣitasyābhicārataḥ |;
TĀ, 21: 17;8 2;mṛtasya guruṇā yantratantrādinihatasya vā ||;
TĀ, 21: 17;9 1;bhraṣṭasvasamayasyātha dīkṣāṁ prāptavato .pyalam |;
TĀ, 21: 17;9 2;bandhubhāryāsuhṛtputragāḍhābhyarthanayogataḥ ||;
TĀ, 21: 17;10 1;svayaṁ tadviṣayotpannakaruṇābalato .pi vā |;
TĀ, 21: 17;10 2;vijñātatanmukhāyātaśaktipātāṁśadharmaṇaḥ ||;
TĀ, 21: 17;11 1;gururdīkṣāṁ mṛtoddhārīṁ kurvīta śivadāyinīm |;
TĀ, 21: 17;11 2;śrīmṛtyuñjayasiddhādau taduktaṁ parameśinā ||;
TĀ, 21: 17;12 1;adīkṣite nṛpatyādāvalase patite mṛte |;
TĀ, 21: 17;12 2;bālāturastrīvṛddhe ca mṛtoddhāraṁ prakalpayet ||;
TĀ, 21: 17;13 1;vidhiḥ sarvaḥ pūrvamuktaḥ sa tu saṁkṣipta iṣyate |;
TĀ, 21: 17;13 2;gurvādipūjārahito bāhye bhogāya sā yataḥ ||;
TĀ, 21: 17;14 1;adhivāsacarukṣetraṁ śayyāmaṇḍalakalpane |;
TĀ, 21: 17;14 2;nopayogyatra tacchiṣyasaṁskriyāsvapnadṛṣṭaye ||;
TĀ, 21: 17;15 1;mantrasaṁnidhisaṁtṛptiyogāyātra tu maṇḍalam |;
TĀ, 21: 17;15 2;bhūyodine ca devārcā sākṣānnāsyopakāri tat ||;
TĀ, 21: 17;16 1;kriyopakaraṇasthānamaṇḍalākṛtimantrataḥ |;
TĀ, 21: 17;16 2;dhyānayogaikatadbhaktijñānatanmayabhāvataḥ ||;
TĀ, 21: 17;17 1;tatpraviṣṭasya kasyāpi śiṣyāṇāṁ ca gurostathā |;
TĀ, 21: 17;17 2;ekādaśaite kathitāḥ saṁnidhānāya hetavaḥ ||;
TĀ, 21: 17;18 1;uttarottaramutkṛṣṭāstathā vyāmiśraṇāvaśāt |;
TĀ, 21: 17;18 2;kriyātibhūyasī puṣpādyuttamaṁ lakṣaṇānvitam ||;
TĀ, 21: 17;19 1;ekaliṅgādi ca sthānaṁ yatrātmā samprasīdati |;
TĀ, 21: 17;19 2;maṇḍalaṁ tritriśūlābjacakraṁ yanmantramaṇḍale ||;
TĀ, 21: 17;20 1;anāhūte .pi dṛṣṭaṁ satsamayitvaprasādhanam |;
TĀ, 21: 17;20 2;taduktaṁ mālinītantre siddhaṁ samayamaṇḍalam ||;
TĀ, 21: 17;21 1;yena saṁdṛṣṭamātreti siddhamātrapadadvayāt |;
TĀ, 21: 17;21 2;ākṛtirdīptarūpā yā mantrastadvatsudīptikaḥ ||;
TĀ, 21: 17;22 1;śiṣṭaṁ spaṣṭamato neha kathitaṁ vistarātpunaḥ |;
TĀ, 21: 17;22 2;kṛtvā maṇḍalamabhyarcya tatra devaṁ kuśairatha ||;
TĀ, 21: 17;23 1;gomayenākṛtiṁ kuryācchiṣyavattāṁ nidhāpayet |;
TĀ, 21: 17;23 2;tatastasyāṁ śodhyamekamadhvānaṁ vyāptibhāvanāt ||;
TĀ, 21: 17;24 1;prakṛtyantaṁ vinikṣipya punarenaṁ vidhiṁ caret |;
TĀ, 21: 17;24 2;mahājālaprayogeṇa sarvasmādadhvamadhyataḥ ||;

TĀ, 21: 17;26 1;etenācchādanīyaṁ vrajati paravaśaṁ ākṛṣṭāvuddhṛtau vā mṛtajanaviṣaye karṣaṇīye .tha jīve |;
TĀ, 21: 17;27 1;ciravighaṭite senāyugme yathāmilite punarhayagajanaraṁ karaṇapavanairnāḍīcakraistathaiva samāgatairnijanijarasād |;
TĀ, 21: 17;28 1;mahājālasamākṛṣṭo jīvo vijñānaśālinā |;
TĀ, 21: 17;28 2;svaḥpretatiryaṅnirayāṁs tadaivaiṣa vimuñcati ||;
TĀ, 21: 17;29 1;tajjñānamantrayogāptaḥ puruṣaścaiṣa kṛtrimam |;
TĀ, 21: 17;29 2;yogīva sādhyahṛdayāttadā tādātmyamujhati ||;
TĀ, 21: 17;30 1;sthāvarādidaśāś citrās tatsalokasamīpatāḥ |;
TĀ, 21: 17;30 2;tyajecceti na citraṁ sa evaṁ yaḥ karmaṇāpi vā ||;
TĀ, 21: 17;31 1;adhikāriśarīratvānmānuṣye tu śarīragaḥ |;
TĀ, 21: 17;31 2;na tadā mucyate dehāddehānte tu śivaṁ vrajet ||;
TĀ, 21: 17;32 1;tasmindehe tu kāpy asya jāyate śāṅkarī parā |;
TĀ, 21: 17;32 2;bhaktirūhācca vijñānādācāryādvāpyasevitāt ||;
TĀ, 21: 17;33 1;taddehasaṁsthito .pyeṣa jīvo jālabalādimam |;
TĀ, 21: 17;33 2;dārbhādidehaṁ vyāpnoti svādhiṣṭhityāpyacetayan ||;
TĀ, 21: 17;34 1;yogamantrakriyājñānabhūyobalavaśātpunaḥ |;
TĀ, 21: 17;34 2;manuṣyadehamapyeṣa tadaivāśu vimuñcati ||;
TĀ, 21: 17;35 1;suptakalpo .pyadeho .pi yo jīvaḥ so .pi jālataḥ |;
TĀ, 21: 17;35 2;ākṛṣṭo dārbhamāyāti dehaṁ phalamayaṁ ca vā ||;
TĀ, 21: 17;36 1;jātīphalādi yatkiṁcittena vā dehakalpanā |;
TĀ, 21: 17;36 2;antarbahirdvayaucityāttadatrotkṛṣṭamucyate ||;
TĀ, 21: 17;37 1;tato jālakramānītaḥ sa jīvaḥ suptavatsthitaḥ |;
TĀ, 21: 17;37 2;manoviśiṣṭadehādisāmagrīprāptyabhāvataḥ ||;
TĀ, 21: 17;38 1;na spandate na jānāti na vakti na kilecchati |;
TĀ, 21: 17;38 2;tādṛśasyaiva saṁskārān sarvān prāgvatprakalpayet ||;
TĀ, 21: 17;39 1;nirbījadīkṣāyogena sarvaṁ kṛtvā puroditam |;
TĀ, 21: 17;39 2;vidhiṁ yojanikāṁ pūrṇāhutyā sākaṁ kṣipecca tam ||;
TĀ, 21: 17;40 1;dārbhādidehe mantrāgnāvarpite pūrṇayā saha |;
TĀ, 21: 17;40 2;muktapāśaḥ śivaṁ yāti punarāvṛttivarjitaḥ ||;
TĀ, 21: 17;41 1;sapratyayā tviyaṁ yatra spandate darbhajā tanuḥ |;
TĀ, 21: 17;41 2;tatra prāṇamanomantrārpaṇayogāttathā bhavet ||;
TĀ, 21: 17;42 1;sābhyāsasya tadapyuktaṁ balāśvāsi na tatkṛte |;
TĀ, 21: 17;42 2;mṛtoddhāroditaireva yathāsaṁbhūti hetubhiḥ ||;
TĀ, 21: 17;43 1;jīvatparokṣadīkṣāpi kāryā nirbījikā tu sā |;
TĀ, 21: 17;43 2;tasyāṁ darbhākṛtiprāyakalpane jālayogataḥ ||;
TĀ, 21: 17;44 1;saṁkalpamātreṇākarṣo jīvasya mṛtibhītitaḥ |;
TĀ, 21: 17;44 2;śiṣṭaṁ prāgvat kuśādyutthākāraviploṣavarjitam ||;
TĀ, 21: 17;45 1;pārimityādanaiśvaryātsādhye niyatiyantraṇāt |;
TĀ, 21: 17;45 2;jālākṛṣṭirvinābhyāsaṁ rāgadveṣānna jāyate ||;
TĀ, 21: 17;46 1;parokṣa evātulyābhirdīkṣābhiryadi dīkṣitaḥ |;
TĀ, 21: 17;46 2;tatrottaraṁ syādbalavatsaṁskārāya tvadhastanam ||;
TĀ, 21: 17;47 1;bhuktiyojanikāyāṁ tu bhūyobhirgurubhistathā |;
TĀ, 21: 17;47 2;kṛtāyāṁ bhogavaicitryaṁ hetuvaicitryayogataḥ ||;
TĀ, 21: 17;48 1;parokṣadīkṣaṇe māyottīrṇe bhogāya yojayet |;
TĀ, 21: 17;48 2;bhogānīpsā durlabhā hi satī vā bhogahānaye ||;
TĀ, 21: 17;49 1;uktaṁ hi svānyasaṁvittyoḥ svasaṁvidbalavattarā |;
TĀ, 21: 17;49 2;bādhakatve bādhikāsau sāmyaudāsīnyayostathā ||;
TĀ, 21: 17;50 1;śrīmān dharmaśivo .pyāha pārokṣyāṁ karmapaddhatau |;
TĀ, 21: 17;50 2;parokṣadīkṣaṇe samyak pūrṇāhutividhau yadi ||;
TĀ, 21: 17;51 1;agniś ciṭiciṭāśabdaṁ sadhūmaṁ pratimuñcati |;
TĀ, 21: 17;51 2;dhatte nīlāmbudacchāyāṁ muhurjvalati śāmyati ||;
TĀ, 21: 17;52 1;vistaro ghorarūpaśca mahīṁ dhāvati cāpyadhaḥ |;
TĀ, 21: 17;52 2;dhvāṁkṣādyaśravyaśabdo vā tadā taṁ lakṣayedguruḥ ||;
TĀ, 21: 17;53 1;brahmahatyādibhiḥ pāpaistatsaṅgaiścopapātakaiḥ |;
TĀ, 21: 17;53 2;tadā tasya na kartavyā dīkṣāsmin akṛte vidhau ||;
TĀ, 21: 17;54 1;navātmā phaṭpuṭāntaḥsthaḥ punaḥ pañcaphaḍanvitaḥ |;
TĀ, 21: 17;54 2;amukasyeti pāpāni dahāmyanu phaḍaṣṭakam ||;
TĀ, 21: 17;55 1;iti sāhasriko homaḥ kartavyastilataṇḍulaiḥ |;
TĀ, 21: 17;55 2;ante pūrṇā ca dātavyā tato .smai dīkṣayā guruḥ ||;
TĀ, 21: 17;56 1;parayojanaparyantaṁ kuryāttattvaviśodhanam |;
TĀ, 21: 17;56 2;pratyakṣe .pi sthitasyāṇoḥ pāpino bhagavanmayīm ||;
TĀ, 21: 17;57 1;śaktiṁ prāptavato jyeṣṭhāmevameva vidhiṁ caret |;
TĀ, 21: 17;57 2;yadi vā daiśikaḥ samyaṅ na dīptastasya tatpurā ||;
TĀ, 21: 17;58 1;prāyaścittaistathā dānaiḥ prāṇāyāmaiśca śodhanam |;
TĀ, 21: 17;58 2;kṛtvā vidhimimāṁ cāpi dīkṣāṁ kuryādaśaṅkitaḥ ||;
TĀ, 21: 17;59 1;sarvathā vartamāno .pi tattvavinmocayetpaśūn |;
TĀ, 21: 17;59 2;icchayaiva śivaḥ sākṣāttasmāttaṁ pūjayetsadā ||;
TĀ, 21: 17;60 1;śāṭhyaṁ tatra na kāryaṁ ca tatkṛtvādho vrajecchiśuḥ |;
TĀ, 21: 17;60 2;na punaḥ kīrtayettasya pāpaṁ kīrtayitā vrajet ||;
TĀ, 21: 17;61 1;nirayaṁ varjayettasmāditi dīkṣottare vidhiḥ |;
TĀ, 21: 17;61 2;eṣā parokṣadīkṣā dvidhoditā jīvaditarabhedena ||;
TĀ, 9: 9;1 1;atha tattvapravibhāgo vistarataḥ kathyate kramaprāptaḥ ||;
TĀ, 9: 9;2 1;yānyuktāni purāṇyamūni vividhair bhedair yadeṣvanvitaṁ tatsvātantryarasātpunaḥ śivapadādbhede vibhāte paraṁ |;
TĀ, 9: 9;3 1;tathāhi kālasadanādvīrabhadrapurāntagam |;
TĀ, 9: 9;3 2;dhṛtikāṭhinyagarimādyavabhāsāddharātmatā ||;
TĀ, 9: 9;4 1;evaṁ jalāditattveṣu vācyaṁ yāvatsadāśive |;
TĀ, 9: 9;4 2;svasminkārye .tha dharmaughe yadvāpi svasadṛgguṇe ||;
TĀ, 9: 9;5 1;āste sāmānyakalpena tananād vyāptṛbhāvataḥ |;
TĀ, 9: 9;5 2;tattattvaṁ kramaśaḥ pṛthvīpradhānaṁ puṁśivādayaḥ ||;
TĀ, 9: 9;6 1;dehānāṁ bhuvanānāṁ ca na prasaṅgastato bhavet |;
TĀ, 9: 9;6 2;śrīmanmataṅgaśāstrādau taduktaṁ parameśinā ||;
TĀ, 9: 9;7 1;tatraiṣāṁ darśyate dṛṣṭaḥ siddhayogīśvarīmate |;
TĀ, 9: 9;7 2;kāryakāraṇabhāvo yaḥ śivecchāparikalpitaḥ ||;
TĀ, 9: 9;8 1;vastutaḥ sarvabhāvānāṁ karteśānaḥ paraḥ śivaḥ |;
TĀ, 9: 9;8 2;asvatantrasya kartṛtvaṁ nahi jātūpapadyate ||;
TĀ, 9: 9;9 1;svatantratā ca cinmātravapuṣaḥ parameśituḥ |;
TĀ, 9: 9;9 2;svatantraṁ ca jaḍaṁ ceti tadanyonyaṁ virudhyate ||;
TĀ, 9: 9;10 1;jāḍyaṁ pramātṛtantratvaṁ svātmasiddhimapi prati |;
TĀ, 9: 9;10 2;na kartṛtvādṛte cānyat kāraṇatvaṁ hi labhyate ||;
TĀ, 9: 9;11 1;tasminsati hi tadbhāva ityapekṣaikajīvitam |;
TĀ, 9: 9;11 2;nirapekṣeṣu bhāveṣu svātmaniṣṭhatayā katham ||;
TĀ, 9: 9;12 1;sa pūrvamatha paścātsa iti cetpūrvapaścimau |;
TĀ, 9: 9;12 2;svabhāve .natiriktau cetsama ityavaśiṣyate ||;
TĀ, 9: 9;13 1;bījamaṅkura ityasmin satattve hetutadvatoḥ |;
TĀ, 9: 9;13 2;ghaṭaḥ paṭaśceti bhavet kāryakāraṇatā na kim ||;
TĀ, 9: 9;14 1;bījamaṅkurapatrāditayā pariṇameta cet |;
TĀ, 9: 9;14 2;atatsvabhāvavapuṣaḥ sa svabhāvo na yujyate ||;
TĀ, 9: 9;15 1;sa tatsvabhāva iti cet tarhi bījāṅkurā nije |;
TĀ, 9: 9;15 2;tāvatyeva na viśrāntau tadanyātyantasaṁbhavāt ||;
TĀ, 9: 9;16 1;tataśca citrākāro .sau tāvānkaścitprasajyate |;
TĀ, 9: 9;16 2;astu cet na jaḍe .nyonyaviruddhākārasaṁbhavaḥ ||;
TĀ, 9: 9;17 1;krameṇa citrākāro .stu jaḍaḥ kiṁ nu virudhyate |;
TĀ, 9: 9;17 2;kramo .kramo vā bhāvasya na svarūpādhiko bhavet ||;
TĀ, 9: 9;18 1;tathopalambhamātraṁ tau upalambhaśca kiṁ tathā |;
TĀ, 9: 9;18 2;upalabdhāpi vijñānasvabhāvo yo .sya so .pi hi ||;
TĀ, 9: 9;19 1;kramopalambharūpatvāt krameṇopalabheta cet |;
TĀ, 9: 9;19 2;tasya tarhi kramaḥ ko .sau tadanyānupalambhataḥ ||;
TĀ, 9: 9;20 1;svabhāva iti cennāsau svarūpādadhiko bhavet |;
TĀ, 9: 9;20 2;svarūpānadhikasyāpi kramasya svasvabhāvataḥ ||;
TĀ, 9: 9;21 1;svātantryādbhāsanaṁ syāccet kimanyadbrūmahe vayam |;
TĀ, 9: 9;21 2;itthaṁ śrīśiva evaikaḥ karteti paribhāṣyate ||;
TĀ, 9: 9;22 1;kartṛtvaṁ caitadetasya tathāmātrāvabhāsanam |;
TĀ, 9: 9;22 2;tathāvabhāsanaṁ cāsti kāryakāraṇabhāvagam ||;
TĀ, 9: 9;23 1;yathā hi ghaṭasāhityaṁ paṭasyāpyavabhāsate |;
TĀ, 9: 9;23 2;tathā ghaṭānantaratā kiṁ tu sā niyamojjhitā ||;
TĀ, 9: 9;24 1;ato yanniyamenaiva yasmādābhātyanantaram |;
TĀ, 9: 9;24 2;tattasya kāraṇaṁ brūmaḥ sati rūpānvaye .dhike ||;
TĀ, 9: 9;25 1;niyamaśca tathārūpabhāsanāmātrasārakaḥ |;
TĀ, 9: 9;25 2;bījādaṅkura ityevaṁ bhāsanaṁ nahi sarvadā ||;
TĀ, 9: 9;26 1;yogīcchānantarodbhūtatathābhūtāṅkuro yataḥ |;
TĀ, 9: 9;26 2;iṣṭe tathāvidhākāre niyamo bhāsate yataḥ ||;
TĀ, 9: 9;27 1;svapne ghaṭapaṭādīnāṁ hetutadvatsvabhāvatā |;
TĀ, 9: 9;27 2;bhāsate niyamenaiva bādhāśūnyena tāvati ||;
TĀ, 9: 9;28 1;tato yāvati yādrūpyānniyamo bādhavarjitaḥ |;
TĀ, 9: 9;28 2;bhāti tāvati tādrūpyāddṛḍhahetuphalātmatā ||;
TĀ, 9: 9;29 1;tathābhūte ca niyame hetutadvattvakāriṇi |;
TĀ, 9: 9;29 2;vastutaścinmayasyaiva hetutā taddhi sarvagam ||;
TĀ, 9: 9;30 1;ata eva ghaṭodbhūtau sāmagrī heturucyate |;
TĀ, 9: 9;30 2;sāmagrī ca samagrāṇāṁ yadyekaṁ neṣyate vapuḥ ||;
TĀ, 9: 9;31 1;hetubhedānna bhedaḥ syāt phale taccāsamañjasam |;
TĀ, 9: 9;31 2;yadyasyānuvidhatte tāmanvayavyatirekitām ||;
TĀ, 9: 9;32 1;tattasya hetu cetso .yaṁ kuṇṭhatarko na naḥ priyaḥ |;
TĀ, 9: 9;32 2;samagrāśca yathā daṇḍasūtracakrakarādayaḥ ||;
TĀ, 9: 9;33 1;dūrāśca bhāvinaścetthaṁ hetutveneti manmahe |;
TĀ, 9: 9;33 2;yadi tatra bhavenmerurbhaviṣyanvāpi kaścana ||;
TĀ, 9: 9;34 1;na jāyeta ghaṭo nūnaṁ tatpratyūhavyapohitaḥ |;
TĀ, 9: 9;34 2;yathā ca cakraṁ niyate deśe kāle ca hetutām ||;
TĀ, 9: 9;35 1;yāti karkisumervādyāstadvatsvasthāvadhi sthitāḥ |;
TĀ, 9: 9;35 2;tathā ca teṣāṁ hetūnāṁ saṁyojanaviyojane ||;
TĀ, 9: 9;36 1;niyate śiva evaikaḥ svatantraḥ kartṛtāmiyāt |;
TĀ, 9: 9;36 2;kumbhakārasya yā saṁvit cakradaṇḍādiyojane ||;
TĀ, 9: 9;37 1;śiva eva hi sā yasmāt saṁvidaḥ kā viśiṣṭatā |;
TĀ, 9: 9;37 2;kaumbhakārī tu saṁvittiravacchedāvabhāsanāt ||;
TĀ, 9: 9;38 1;bhinnakalpā yadi kṣepyā daṇḍacakrādimadhyataḥ |;
TĀ, 9: 9;38 2;tasmādekaikanirmāṇe śivo viśvaikavigrahaḥ ||;
TĀ, 9: 9;39 1;karteti puṁsaḥ kartṛtvābhimāno .pi vibhoḥ kṛtiḥ |;
TĀ, 9: 9;39 2;ata eva tathābhānaparamārthatayā sthiteḥ ||;
TĀ, 9: 9;40 1;kāryakāraṇabhāvasya loke śāstre ca citratā |;
TĀ, 9: 9;40 2;māyāto .vyaktakalayoriti rauravasaṁgrahe ||;
TĀ, 9: 9;41 1;śrīpūrve tu kalātattvādavyaktamiti kathyate |;
TĀ, 9: 9;41 2;tata eva niśākhyānātkalībhūtādaliṅgakam ||;
TĀ, 9: 9;42 1;iti vyākhyāsmadukte .sminsati nyāye .tiniṣphalā |;
TĀ, 9: 9;42 2;loke ca gomayātkīṭāt saṁkalpātsvapnataḥ smṛteḥ ||;
TĀ, 9: 9;43 1;yogīcchāto dravyamantraprabhāvādeśca vṛścikaḥ |;
TĀ, 9: 9;43 2;anya eva sa cet kāmaṁ kutaścitsvaviśeṣataḥ ||;
TĀ, 9: 9;44 1;sa tu sarvatra tulyastatparāmarśaikyamasti tu |;
TĀ, 9: 9;44 2;tata eva svarūpe .pi krame .pyanyādṛśī sthitiḥ ||;
TĀ, 9: 9;45 1;śāstreṣu yujyate citrāt tathābhāvasvabhāvataḥ |;
TĀ, 9: 9;45 2;puṁrāgavitkalākālamāyā jñānottare kramāt ||;
TĀ, 9: 9;46 1;niyatirnāsti vairiñce kalordhve niyatiḥ śratā |;
TĀ, 9: 9;46 2;puṁrāgavittrayādūrdhvaṁ kalāniyatisaṁpuṭam ||;
TĀ, 9: 9;47 1;kālo māyeti kathitaḥ kramaḥ kiraṇaśāstragaḥ |;
TĀ, 9: 9;47 2;pumānniyatyā kālaśca rāgavidyākalānvitaḥ ||;
TĀ, 9: 9;48 1;ityeṣa krama uddiṣṭo mātaṅge pārameśvare |;
TĀ, 9: 9;48 2;kāryakāraṇabhāvīye tattve itthaṁ vyavasthite ||;
TĀ, 9: 9;49 1;śrīpūrvaśāstre kathitāṁ vacmaḥ kāraṇakalpanām |;
TĀ, 9: 9;49 2;śivaḥ svatantradṛgrūpaḥ pañcaśaktisunirbharaḥ ||;
TĀ, 9: 9;50 1;svātantryabhāsitabhidā pañcadhā pravibhajyate |;
TĀ, 9: 9;50 2;cidānandeṣaṇājñānakriyāṇāṁ susphuṭatvataḥ ||;
TĀ, 9: 9;51 1;śivaśaktisadeśānavidyākhyaṁ tattvapañcakam |;
TĀ, 9: 9;51 2;ekaikatrāpi tattve .smin sarvaśaktisunirbhare ||;
TĀ, 9: 9;52 1;tattatprādhānyayogena sa sa bhedo nirūpyate |;
TĀ, 9: 9;52 2;tathāhi svasvatantratvaparipūrṇatayā vibhuḥ ||;
TĀ, 9: 9;53 1;niḥsaṁkhyairbahubhī rūpairbhātyavacchedavarjanāt |;
TĀ, 9: 9;53 2;śāṁbhavāḥ śaktijā mantramaheśā mantranāyakāh ||;
TĀ, 9: 9;54 1;mantrā iti viśuddhāḥ syuramī pañca gaṇāḥ kramāt |;
TĀ, 9: 9;54 2;svasminsvasmin gaṇe bhāti yadyadrūpaṁ samanvayi ||;
TĀ, 9: 9;55 1;tadeṣu tattvamityuktaṁ kālāgnyāderdharādivat |;
TĀ, 9: 9;55 2;tena yatprāhurākhyānasādṛśyena viḍambitāḥ ||;
TĀ, 9: 9;56 1;gurūpāsāṁ vinaivāttapustakābhīṣṭadṛṣṭayaḥ |;
TĀ, 9: 9;56 2;brahmā nivṛttyadhipatiḥ pṛthaktattvaṁ na gaṇyate ||;
TĀ, 9: 9;57 1;sadāśivādyāstu pṛthag gaṇyanta iti ko nayaḥ |;
TĀ, 9: 9;57 2;brahmaviṣṇuhareśānasuśivānāśritātmani ||;
TĀ, 9: 9;58 1;ṣaṭke kāraṇasaṁjñe .rdhajaratīyamiyaṁ kutaḥ |;
TĀ, 9: 9;58 2;iti tanmūlato dhvastaṁ gaṇitaṁ nahi kāraṇam ||;
TĀ, 9: 9;59 1;yathā pṛthivyadhipatirnṛpastattvāntaraṁ nahi |;
TĀ, 9: 9;59 2;tathā tattatkaleśānaḥ pṛthak tattvāntaraṁ katham ||;
TĀ, 9: 9;60 1;tadevaṁ pañcakamidaṁ śuddho .dhvā paribhāṣyate |;
TĀ, 9: 9;60 2;tatra sākṣācchivecchaiva kartryābhāsitabhedikā ||;
TĀ, 9: 9;61 1;īśvarecchāvaśakṣubdhabhogalolikacidgaṇān |;
TĀ, 9: 9;61 2;saṁvibhaktumaghoreśaḥ sṛjatīha sitetaram ||;
TĀ, 9: 9;62 1;aṇūnāṁ lolikā nāma niṣkarmā yābhilāṣitā |;
TĀ, 9: 9;62 2;apūrṇaṁmanyatājñānaṁ malaṁ sāvacchidojjhitā ||;
TĀ, 9: 9;63 1;yogyatāmātramevaitadbhāvyavacchedasaṁgrahe |;
TĀ, 9: 9;63 2;malastenāsya na pṛthaktattvabhāvo .sti rāgavat ||;
TĀ, 9: 9;64 1;niravacchedakarmāṁśamātrāvacchedatastu sā |;
TĀ, 9: 9;64 2;rāgaḥ puṁsi dhiyo dharmaḥ karmabhedavicitratā ||;
TĀ, 9: 9;65 1;apūrṇamanyatā ceyaṁ tathārūpāvabhāsanam |;
TĀ, 9: 9;65 2;svatantrasya śivasyecchā ghaṭarūpo yathā ghaṭaḥ ||;
TĀ, 9: 9;66 1;svātmapracchādanecchaiva vastubhūtastathā malaḥ |;
TĀ, 9: 9;66 2;yathaivāvyatiriktasya dharāderbhāvitātmatā ||;
TĀ, 9: 9;67 1;tathaivāsyeti śāstreṣu vyatiriktaḥ sthito malaḥ |;
TĀ, 9: 9;67 2;vyatiriktaḥ svatantrastu na ko .pi śakaṭādivat ||;
TĀ, 9: 9;68 1;tatsadvitīyā sāśuddhiḥ śivamuktāṇugā na kim |;
TĀ, 9: 9;68 2;malasya roddhrī kāpyasti śaktiḥ sa cāpyamuktagā ||;
TĀ, 9: 9;69 1;iti nyāyojjhito vādaḥ śraddhāmātraikakalpitaḥ |;
TĀ, 9: 9;69 2;roddhrī śaktirjaḍasyāsau svayaṁ naiva pravartate ||;
TĀ, 9: 9;70 1;svayaṁ pravṛttau viśvaṁ syāttathā ceśanikā pramā |;
TĀ, 9: 9;70 2;malasya roddhrīṁ tāṁ śaktimīśaścetsaṁyunakti tat ||;
TĀ, 9: 9;71 1;kīdṛśaṁ pratyaṇumiti praśne nāstyuttaraṁ vacaḥ |;
TĀ, 9: 9;71 2;malaścāvaraṇaṁ tacca nāvāryasya viśeṣakam ||;
TĀ, 9: 9;72 1;upalambhaṁ vihantyetadghaṭasyeva paṭāvṛtiḥ |;
TĀ, 9: 9;72 2;malenāvṛtarūpāṇāmaṇūnāṁ yatsatattvakam ||;
TĀ, 9: 9;73 1;śiva eva ca tatpaśyettasyaivāsau malo bhavet |;
TĀ, 9: 9;73 2;vibhorjñānakriyāmātrasārasyāṇugaṇasya ca ||;
TĀ, 9: 9;74 1;tadabhāvo malo rūpadhvaṁsāyaiva prakalpate |;
TĀ, 9: 9;74 2;dharmāddharmiṇi yo bhedaḥ samavāyena caikatā ||;
TĀ, 9: 9;75 1;na tadbhavadbhiruditaṁ kaṇabhojanaśiṣyavat |;
TĀ, 9: 9;75 2;nāmūrtena na mūrtena prāvarītuṁ ca śakyate ||;
TĀ, 9: 9;76 1;jñānaṁ cākṣuṣaraśmīnāṁ tathābhāve saratyapi |;
TĀ, 9: 9;76 2;sa eva ca malo mūrtaḥ kiṁ jñānena na vedyate ||;
TĀ, 9: 9;77 1;sarvageṇa tataḥ sarvaḥ sarvajñatvaṁ na kiṁ bhajet |;
TĀ, 9: 9;77 2;yaśca dhvāntātprakāśasyāvṛtistatpratighātibhiḥ ||;
TĀ, 9: 9;78 1;mūrtānāṁ pratighastejo .ṇūnāṁ nāmūrta īdṛśam |;
TĀ, 9: 9;78 2;na ca cetanamātmānamasvatantro malaḥ kṣamaḥ ||;
TĀ, 9: 9;79 1;āvarītuṁ na cācyaṁ ca madyāvṛtinidarśanam |;
TĀ, 9: 9;79 2;uktaṁ bhavadbhirevetthaṁ jaḍaḥ kartā nahi svayam ||;
TĀ, 9: 9;80 1;svatantrasyeśvarasyaitāḥ śaktayaḥ prerikāḥ kila |;
TĀ, 9: 9;80 2;ataḥ karmavipākajñaprabhuśaktibaleritam ||;
TĀ, 9: 9;81 1;madyaṁ sūte madaṁ duḥkhasukhamohaphalātmakam |;
TĀ, 9: 9;81 2;na ceśapreritaḥ puṁso mala āvṛṇuyādyataḥ ||;
TĀ, 9: 9;82 1;nirmale puṁsi neśasya prerakatvaṁ tathocitam |;
TĀ, 9: 9;82 2;tulye nirmalabhāve ca prerayeyurna te katham ||;
TĀ, 9: 9;83 1;tamīśaṁ prati yuktaṁ yad bhūyasāṁ syātsadharmatā |;
TĀ, 9: 9;83 2;tena svarūpasvātantryamātraṁ malavijṛmbhitam ||;
TĀ, 9: 9;84 1;nirṇītaṁ vitataṁ caitanmayānyatretyalaṁ punaḥ |;
TĀ, 9: 9;84 2;malo .bhilāṣaścājñānamavidyā lolikāprathā ||;
TĀ, 9: 9;85 1;bhavadoṣo .nuplavaśca glāniḥ śoṣo vimūḍhatā |;
TĀ, 9: 9;85 2;ahaṁmamātmatātaṅko māyāśaktirathāvṛtiḥ ||;
TĀ, 9: 9;86 1;doṣabījaṁ paśutvaṁ ca saṁsārāṅkurakāraṇam |;
TĀ, 9: 9;86 2;ityādyanvarthasaṁjñābhistatra tatraiṣa bhaṇyate ||;
TĀ, 9: 9;87 1;asmin sati bhavati bhavo duṣṭo bhedātmaneti bhavadoṣaḥ |;
TĀ, 9: 9;87 2;mañcavadasmin duḥkhasroto .ṇūn vahati yatplavastena ||;
TĀ, 9: 9;88 1;śeṣāstu sugamarūpāḥ śabdāstatrārthamūhayeducitam |;
TĀ, 9: 9;88 2;saṁsārakāraṇaṁ karma saṁsārāṅkura ucyate ||;
TĀ, 9: 9;89 1;caturdaśavidhaṁ bhūtavaiciatryaṁ karmajaṁ yataḥ |;
TĀ, 9: 9;89 2;ata eva sāṁkhyayogapāñcarātrādiśāsane ||;
TĀ, 9: 9;90 1;ahaṁmameti saṁtyāgo naiṣkarmyāyopadiśyate |;
TĀ, 9: 9;90 2;niṣkarmā hi sthite mūlamale .pyajñānanāmani ||;
TĀ, 9: 9;91 1;vaicitryakāraṇābhāvānnordhva sarati nāpyadhaḥ |;
TĀ, 9: 9;91 2;kevalaṁ pārimityena śivābhedamasaṁspṛśan ||;
TĀ, 9: 9;92 1;vijñānakevalī proktaḥ śuddhacinmātrasaṁsthitaḥ |;
TĀ, 9: 9;92 2;sa punaḥ śāṁbhavecchātaḥ śivābhedaṁ parāmṛśan ||;
TĀ, 9: 9;93 1;kramānmantreśatannetṛrūpo yāti śivātmatām |;
TĀ, 9: 9;93 2;nanu kāraṇametasya karmaṇaścenmalaḥ katham ||;
TĀ, 9: 9;94 1;sa vijñānākalasyāpi na sūte karmasaṁtatim |;
TĀ, 9: 9;94 2;maivaṁ sa hi malo jñānākale didhvaṁsiṣuḥ katham ||;
TĀ, 9: 9;95 1;hetuḥ syāddhvaṁsamānatvaṁ svātantryādeva codbhavet |;
TĀ, 9: 9;95 2;didhvaṁsiṣudhvaṁsamānadhvastākhyāsu tisṛṣvatha ||;
TĀ, 9: 9;96 1;daśāsvantaḥ kṛtāvasthāntarāsu svakramasthiteḥ |;
TĀ, 9: 9;96 2;vijñānākalamantreśatadīśāditvakalpanā ||;
TĀ, 9: 9;97 1;tataśca supte turye ca vakṣyate bahubhedatā |;
TĀ, 9: 9;97 2;ataḥ pradhvaṁsanaunmukhyakhilībhūtasvaśaktikaḥ ||;
TĀ, 9: 9;98 1;karmaṇo hetutāmetu malaḥ kathamivocyatām |;
TĀ, 9: 9;98 2;kiṁ ca karmāpi na malādyataḥ karma kriyātmakam ||;
TĀ, 9: 9;99 1;kriyā ca kartṛtārūpāt svātantryānna punarmalāt |;
TĀ, 9: 9;99 2;yā tvasya karmaṇaścitraphaladatvena karmatā ||;
TĀ, 9: 9;100 1;prasiddhā sā na saṁkocaṁ vinātmani malaśca saḥ |;
TĀ, 9: 9;100 2;vicitraṁ hi phalaṁ bhinnaṁ bhogyatvenābhimanyate ||;
TĀ, 9: 9;101 1;bhoktaryātmani teneyaṁ bhedarūpā vyavasthitiḥ |;
TĀ, 9: 9;101 2;iti svakāryaprasave sahakāritvamāśrayan ||;
TĀ, 9: 9;102 1;sāmarthyavyañjakatvena karmaṇaḥ kāraṇaṁ malaḥ |;
TĀ, 9: 9;102 2;nanvevaṁ karmasadbhāvānmalasyāpi sthiteḥ katham ||;
TĀ, 9: 9;103 1;vijñānākalatā tasya saṁkoco hyasti tādṛśaḥ |;
TĀ, 9: 9;103 2;maivamadhvastasaṁkoco .pyasau bhāvanayā dṛḍham ||;
TĀ, 9: 9;104 1;nāhaṁ karteti manvānaḥ karmasaṁskāramujjhati |;
TĀ, 9: 9;104 2;phaliṣyatīdaṁ karmeti yā dṛḍhā vṛttirātmani ||;
TĀ, 9: 9;105 1;sa saṁskāraḥ phalāyeha na tu smaraṇakāraṇam |;
TĀ, 9: 9;105 2;apradhvaste .pi saṁkoce nāhaṁ karteti bhāvanāt ||;
TĀ, 9: 9;106 1;na phalaṁ kṣīvamūḍhādeḥ prāyaścitte .tha vā kṛte |;
TĀ, 9: 9;106 2;yanmayādya tapastaptaṁ tadasmai syāditi sphuṭam ||;
TĀ, 9: 9;107 1;abhisaṁdhimataḥ karma na phaledabhisandhitaḥ |;
TĀ, 9: 9;107 2;tathābhisaṁdhānākhyāṁ tu mānase karma saṁskriyām ||;
TĀ, 9: 9;108 1;phaloparaktāṁ vidadhatkalpate phalasampade |;
TĀ, 9: 9;108 2;yastu tatrāpi dārḍhyena phalasaṁskāramujjhati ||;
TĀ, 9: 9;109 1;sa tatphalatyāgakṛtaṁ viśiṣṭaṁ phalamaśnute |;
TĀ, 9: 9;109 2;anayā paripāṭyā yaḥ samastāṁ karmasaṁtatim ||;
TĀ, 9: 9;110 1;anahaṁyutayā projjhet sasaṁkoco .pi so .kalaḥ |;
TĀ, 9: 9;110 2;nanvitthaṁ duṣkṛtaṁ kiṁcidātmīyamabhisaṁdhitaḥ ||;
TĀ, 9: 9;111 1;parasmai syānna vijñātaṁ bhavatā tāttvikaṁ vacaḥ |;
TĀ, 9: 9;111 2;tasya bhoktustathā cetsyādabhisaṁdhiryathātmani ||;
TĀ, 9: 9;112 1;tadavaśyaṁ parasyāpi satastadduṣkṛtaṁ bhavet |;
TĀ, 9: 9;112 2;parābhisaṁdhisaṁvittau svābhisaṁdhirdṛḍhībhavet ||;
TĀ, 9: 9;113 1;abhisaṁdhānavirahe tvasya no phalayogitā |;
TĀ, 9: 9;113 2;na me duṣkṛtamityeṣā rūḍhistasyāphalāya sā ||;
TĀ, 9: 9;114 1;parābhisandhivicchede svātmanānabhisaṁhitau |;
TĀ, 9: 9;114 2;dvayorapi phalaṁ na syānnāśahetuvyavasthiteḥ ||;
TĀ, 9: 9;115 1;sukhahetau sukhe cāsya sāmānyādabhisaṁdhitaḥ |;
TĀ, 9: 9;115 2;nirviśeṣādapi nyāyyā dharmādiphalabhoktṛtā ||;
TĀ, 9: 9;116 1;duḥkhaṁ me duḥkhaheturvā stādityeṣa punarna tu |;
TĀ, 9: 9;116 2;sāmānyo .pyabhisaṁdhiḥ syāttadadharmasya nāgamaḥ ||;
TĀ, 9: 9;117 1;prakṛtaṁ brūmahe jñānākalasyoktacarasya yat |;
TĀ, 9: 9;117 2;anahaṁyutayā sarvā vilīnāḥ karmasaṁskriyāḥ ||;
TĀ, 9: 9;118 1;tasmādasya na karmāsti kasyāpi sahakāritām |;
TĀ, 9: 9;118 2;malaḥ karotu tenāyaṁ dhvaṁsamānatvamaśnute ||;
TĀ, 9: 9;119 1;apadhvastamalastvantaḥśivāveśavaśīkṛtaḥ |;
TĀ, 9: 9;119 2;ahaṁbhāvaparo .pyeti na karmādhīnavṛttitām ||;
TĀ, 9: 9;120 1;uktaṁ śrīpūrvaśāstre ca tadetatparameśinā |;
TĀ, 9: 9;120 2;malamajñānamicchanti saṁsārāṅkurakāraṇam ||;
TĀ, 9: 9;121 1;dharmādharmātmakaṁ karma sukhaduḥkhādilakṣaṇam |;
TĀ, 9: 9;121 2;lakṣayetsukhaduḥkhādi svaṁ kārya hetubhāvataḥ ||;
TĀ, 9: 9;122 1;nahi hetuḥ kadāpyāste vinā kārya nijaṁ kvacit |;
TĀ, 9: 9;122 2;hetutā yogyataivāsau phalānantaryabhāvitā ||;
TĀ, 9: 9;123 1;pūrvakasya tu hetutvaṁ pāramparyeṇa kiṁ ca tat |;
TĀ, 9: 9;123 2;lakṣyate sukhaduḥkhādyaiḥ samāne dṛṣṭakāraṇe ||;
TĀ, 9: 9;124 1;citrairhetvantaraṁ kiṁcittacca karmeha darśanāt |;
TĀ, 9: 9;124 2;svāṅge prasādaraukṣyādi jāyamānaṁ svakarmaṇā ||;
TĀ, 9: 9;125 1;dṛṣṭamityanyadehasthaṁ kāraṇaṁ karma kalpyāte |;
TĀ, 9: 9;125 2;ihāpyanyānyadehasthe sphuṭaṁ karmaphale yataḥ ||;
TĀ, 9: 9;126 1;kṛṣikarma madhau bhogaḥ śaradyanyā ca sā tanuḥ |;
TĀ, 9: 9;126 2;anusaṁdhāturekasya saṁbhavastu yatastataḥ ||;
TĀ, 9: 9;127 1;tasyaiva tatphalaṁ citraṁ karma yasya purātanam |;
TĀ, 9: 9;127 2;kṣīvo .pi rājā sūdaṁ cedādiśetprātarīdṛśam ||;
TĀ, 9: 9;128 1;bhojayetyanusaṁdhānādvinā prāpnoti tatphalam |;
TĀ, 9: 9;128 2;itthaṁ janmāntaropāttakarmāpyadyānusaṁdhinā ||;
TĀ, 9: 9;129 1;vinā bhuṅkte phalaṁ hetustatra prācyā hyakampatā |;
TĀ, 9: 9;129 2;ata eva kṛtaṁ karma karmaṇā tapasāpi vā ||;
TĀ, 9: 9;130 1;jñānena vā nirudhyeta phalapākeṣvanunmukham |;
TĀ, 9: 9;130 2;ārabdhakāryaṁ dehe .smin yatpunaḥ karma tatkatham ||;
TĀ, 9: 9;131 1;ucchidyatāmantyadaśaṁ niroddhuṁ nahi śakyate |;
TĀ, 9: 9;131 2;tatraiva dehe yattvanyadadyagaṁ vā purātanam ||;
TĀ, 9: 9;132 1;karma tajjñānadīkṣādyaiḥ śaṇḍhīkartuṁ prasahyate |;
TĀ, 9: 9;132 2;tathā saṁskāradārḍhya hi phalāya dṛḍhatā punaḥ ||;
TĀ, 9: 9;133 1;yadā yadā vinaśyeta karmadhvastaṁ tadā tadā |;
TĀ, 9: 9;133 2;ato mohaparādhīno yadyapyakṛta kiṁcana ||;
TĀ, 9: 9;134 1;tathāpi jñānakāle tatsarvameva pradahyate |;
TĀ, 9: 9;134 2;uktaṁ ca śrīpare .hānādānaḥ sarvadṛgulvaṇaḥ ||;
TĀ, 9: 9;135 1;muhūrtānnirdahetsarva dehasthamakṛtaṁ kṛtam |;
TĀ, 9: 9;135 2;dehasthamiti dehena saha tādātmyamāśritā ||;
TĀ, 9: 9;136 1;svācchandyātsaṁvidevoktā tatrasthaṁ karma dahyate |;
TĀ, 9: 9;136 2;dehaikyavāsanātyāgāt sa ca viśvātmatāsthiteḥ ||;
TĀ, 9: 9;137 1;akālakalite vyāpinyabhinne yā hi saṁskriyā |;
TĀ, 9: 9;137 2;saṁkoca eva sānena so .pi dehaikatāmayaḥ ||;
TĀ, 9: 9;138 1;etatkārmamalaṁ proktaṁ yena sākaṁ layākalāḥ |;
TĀ, 9: 9;138 2;syurguhāgahanāntaḥsthāḥ suptā iva sarīsṛpāḥ ||;
TĀ, 9: 9;139 1;tataḥ prabuddhasaṁskārāste yathocitabhāginaḥ |;
TĀ, 9: 9;139 2;brahmādisthāvarānte .smin saṁsranti punaḥ punaḥ ||;
TĀ, 9: 9;140 1;ye punaḥ karmasaṁskārahānyai prārabdhabhāvanāḥ |;
TĀ, 9: 9;140 2;bhāvanāpariniṣpattimaprāpya pralayaṁ gatāḥ ||;
TĀ, 9: 9;141 1;mahāntaṁ te tathāntaḥsthabhāvanāpākasauṣṭhavāt |;
TĀ, 9: 9;141 2;mantratvaṁ pratipadyante citrāccitraṁ ca karmataḥ ||;
TĀ, 9: 9;142 1;asya kārmamalasyeyanmāyāntādhvavisāriṇaḥ |;
TĀ, 9: 9;142 2;pradhānaṁ kāraṇaṁ proktamajñānātmāṇavo malaḥ ||;
TĀ, 9: 9;143 1;kṣobho .sya lolikākhyasya sahakāritayā sphuṭam |;
TĀ, 9: 9;143 2;tiṣṭhāsāyogyataunmukhyamīśvarecchāvaśācca tat ||;
TĀ, 9: 9;144 1;na jaḍaścidadhiṣṭhānaṁ vinā kvāpi kṣamo yataḥ |;
TĀ, 9: 9;144 2;aṇavo nāma naivānyatprakāśātmā maheśvaraḥ ||;
TĀ, 9: 9;145 1;cidacidrūpatābhāsī pudgalaḥ kṣetravitpaśuḥ |;
TĀ, 9: 9;145 2;cidrūpatvācca sa vyāpī nirguṇo niṣkriyastataḥ ||;
TĀ, 9: 9;146 1;yogopāyepsako nityo mūrtivandhyaḥ prabhāṣyate |;
TĀ, 9: 9;146 2;acittvādajñatā bhedo bhogyādbhoktrantarādatha ||;
TĀ, 9: 9;147 1;teṣāmaṇūnāṁ sa mala īśvarecchāvaśādbhṛśam |;
TĀ, 9: 9;147 2;prabudhyate tathā coktaṁ śāstre śrīpūrvanāmani ||;
TĀ, 9: 9;148 1;īśvarecchāvaśādasya bhogecchā saṁprajāyate |;
TĀ, 9: 9;148 2;bhogecchorupakārārthamādyo mantramaheśvaraḥ ||;
TĀ, 9: 9;149 1;māyāṁ vikṣobhya saṁsāraṁ nirmimīte vicitrakam |;
TĀ, 9: 9;149 2;māyā ca nāma devasya śaktiravyatirekiṇī ||;
TĀ, 9: 9;150 1;bhedāvabhāsasvātantryaṁ tathāhi sa tayā kṛtaḥ |;
TĀ, 9: 9;150 2;ādyo bhedāvabhāso yo vibhāgamanupeyivān ||;
TĀ, 9: 9;151 1;garbhīkṛtānantabhāvivibhāsā sā parā niśā |;
TĀ, 9: 9;151 2;sā jaḍā bhedarūpatvāt kāryaṁ cāsyā jaḍaṁ yataḥ ||;
TĀ, 9: 9;152 1;vyāpinī viśvahetutvāt sūkṣmā kāryaikakalpanāt |;
TĀ, 9: 9;152 2;śivaśaktyavinābhāvānnityaikā mūlakāraṇam ||;
TĀ, 9: 9;153 1;acetanamanekātma sarva kārya yathā ghaṭaḥ |;
TĀ, 9: 9;153 2;pradhānaṁ ca tathā tasmāt kārya nātmā tu cetanaḥ ||;
TĀ, 9: 9;154 1;ata evādhvani proktā pūrvaṁ māyā dvidhā sthitā |;
TĀ, 9: 9;154 2;yathā ca māyā devasya śaktirabhyeti bhedinam ||;
TĀ, 9: 9;155 1;tattvabhāvaṁ tathānyo .pi kalādistattvavistaraḥ |;
TĀ, 9: 9;155 2;niruddhaśakteryā kiṁcitkartṛtodvalanātmikā ||;
TĀ, 9: 9;156 1;nāthasya śaktiḥ sādhastātpuṁsaḥ kṣeptrī kalocyate |;
TĀ, 9: 9;156 2;evaṁ vidyādayo .pyete dharāntāḥ paramārthataḥ ||;
TĀ, 9: 9;157 1;śivaśaktimayā eva proktanyāyānusārataḥ |;
TĀ, 9: 9;157 2;tathāpi yatpṛthagbhānaṁ kalāderīśvarecchayā ||;
TĀ, 9: 9;158 1;tato jaḍatve kāryatve pṛthaktattvasthitau dhruvam |;
TĀ, 9: 9;158 2;upādānaṁ smṛtā māyā kvacittatkāryameva ca ||;
TĀ, 9: 9;159 1;tathāvabhāsacitraṁ ca rūpamanyonyavarjitam |;
TĀ, 9: 9;159 2;yadbhāti kila saṁkalpe tadasti ghaṭavadvahiḥ ||;
TĀ, 9: 9;160 1;khapuṣpādyastitāṁ brūmastato na vyabhicāritā |;
TĀ, 9: 9;160 2;khapuṣpaṁ kāladiṅmātṛsāpekṣaṁ nāstiśabdataḥ ||;
TĀ, 9: 9;161 1;dharādivat tathātyantābhāvo .pyevaṁ vivicyatām |;
TĀ, 9: 9;161 2;yatsaṁkalpyaṁ tathā tasya bahirdeho .sti cetanaḥ ||;
TĀ, 9: 9;162 1;caitravatsauśivāntaṁ tat sarva tādṛśadehavat |;
TĀ, 9: 9;162 2;yasya deho yathā tasya tajjātīyaṁ puraṁ bahiḥ ||;
TĀ, 9: 9;163 1;ataḥ suśivaparyantā siddhā bhuvanapaddhatiḥ |;
TĀ, 9: 9;163 2;ātmanām tatpuraṁ prāpyaṁ deśatvādanyadeśavat ||;
TĀ, 9: 9;164 1;ātmanāmadhvabhoktṛtvaṁ tato .yatnena siddhyati |;
TĀ, 9: 9;164 2;sā māyā kṣobhamāpannā viśvaṁ sūte samantataḥ ||;
TĀ, 9: 9;165 1;daṇḍāhatevāmalakī phalāni kila yadyapi |;
TĀ, 9: 9;165 2;tathāpi tu tathā citrapaurvāparyāvabhāsanāt ||;
TĀ, 9: 9;166 1;māyākārye .pi tattvaughe kāryakāraṇatā mithaḥ |;
TĀ, 9: 9;166 2;sā yadyapyanyaśāstreṣu bahudhā dṛśyate sphuṭam ||;
TĀ, 9: 9;167 1;tathāpi mālinīśāstradṛśā tāṁ saṁpracakṣmahe |;
TĀ, 9: 9;167 2;kalādivasudhāntaṁ yanmāyāntaḥ saṁpracakṣate ||;
TĀ, 9: 9;168 1;pratyātmabhinnamevaitat sukhaduḥkhādibhedataḥ |;
TĀ, 9: 9;168 2;ekasyāmeva jagati bhogasādhanasaṁhatau ||;
TĀ, 9: 9;169 1;sukhādīnāṁ samaṁ vyakterbhogabhedaḥ kuto bhavet |;
TĀ, 9: 9;169 2;na cāsau karmabhedena tasyaivānupapattitaḥ ||;
TĀ, 9: 9;170 1;tasmāt kalādiko vargo bhinna eva kadācana |;
TĀ, 9: 9;170 2;aikyametīśvarecchāto nṛttagītādivādane ||;
TĀ, 9: 9;171 1;eṣāṁ kalāditattvānāṁ sarveṣāmapi bhāvinām |;
TĀ, 9: 9;171 2;śuddhatvamasti teṣāṁ ye śaktipātapavitritāḥ ||;
TĀ, 9: 9;172 1;kalā hi śuddhā tattādṛk karmatvaṁ saṁprasūyate |;
TĀ, 9: 9;172 2;mitamapyāśu yenāsmāt saṁsārādeṣa mucyate ||;
TĀ, 9: 9;173 1;rāgavidyākālayatiprakṛtyakṣārthasaṁcayaḥ |;
TĀ, 9: 9;173 2;itthaṁ śuddha iti procya gururmānastutau vibhuḥ ||;
TĀ, 9: 9;174 1;evameṣā kalādīnāmutpattiḥ pravivicyate |;
TĀ, 9: 9;174 2;māyātattvāt kalā jātā kiṁcitkartṛtvalakṣaṇā ||;
TĀ, 9: 9;175 1;māyā hi cinmayādbhedaṁ śivādvidadhatī paśoḥ |;
TĀ, 9: 9;175 2;suṣuptatāmivādhatte tata eva hyadṛkkriyaḥ ||;
TĀ, 9: 9;176 1;kalā hi kiṁcitkartṛtvaṁ sūte svāliṅganādaṇoḥ |;
TĀ, 9: 9;176 2;tasyāścāpyaṇunānyonyaṁ hyañjane sā prasūyate ||;
TĀ, 9: 9;177 1;sadyonirvāṇadīkṣotthapuṁviśleṣe hi sā satī |;
TĀ, 9: 9;177 2;śliṣyantyapi ca no sūte tathāpi svaphalaṁ kvacit ||;
TĀ, 9: 9;178 1;ucchūnateva prathamā sūkṣmāṅkurakaleva ca |;
TĀ, 9: 9;178 2;bījasyāmbvagnimṛtkambutuṣayogāt prasūtikṛt ||;
TĀ, 9: 9;179 1;kalā māyāṇusaṁyogajāpyeṣā nirvikārakam |;
TĀ, 9: 9;179 2;nāṇuṁ kuryādupādānaṁ kiṁtu māyāṁ vikāriṇīm ||;
TĀ, 9: 9;180 1;malaścāvārako māyā bhāvopādānakāraṇam |;
TĀ, 9: 9;180 2;karma syāt sahakāryeva sukhaduḥkhodbhavaṁ prati ||;
TĀ, 9: 9;181 1;ataḥ saṁcchannacaitanyasamudbalanakāryakṛt |;
TĀ, 9: 9;181 2;kalaivānantanāthasya śaktyā saṁpreritā jaḍā ||;
TĀ, 9: 9;182 1;na ceśaśaktirevāsya caitanyaṁ balayiṣyati |;
TĀ, 9: 9;182 2;tadupodbalitaṁ taddhi na kiṁcitkartṛtāṁ vrajet ||;
TĀ, 9: 9;183 1;seyaṁ kalā na karaṇaṁ mukhyaṁ vidyādikaṁ yathā |;
TĀ, 9: 9;183 2;puṁsi kartari sā kartrī prayojakatayā yataḥ ||;
TĀ, 9: 9;184 1;alakṣyāntarayoritthaṁ yadā puṁskalayorbhavet |;
TĀ, 9: 9;184 2;māyāgarbheśaśaktyāderantarajñānamāntaram ||;
TĀ, 9: 9;185 1;tadā māyāpuṁvivekaḥ sarvakarmakṣayādbhavet |;
TĀ, 9: 9;185 2;vijñānākalatā māyādhastānno yātyadhaḥ pumān ||;
TĀ, 9: 9;186 1;dhīpuṁviveke vijñāte pradhānapuruṣāntare |;
TĀ, 9: 9;186 2;api na kṣīṇakarmā syāt kalāyāṁ taddhi saṁbhavet ||;
TĀ, 9: 9;187 1;ataḥ sāṁkhyadṛśā siddhaḥ pradhānādho na saṁsaret |;
TĀ, 9: 9;187 2;kalāpuṁsorviveke tu māyādho naiva gacchati ||;
TĀ, 9: 9;188 1;malādviviktamātmānaṁ paśyaṁstu śivatāṁ vrajet |;
TĀ, 9: 9;188 2;sarvatra caiśvaraḥ śaktipāto .tra sahakāraṇam ||;
TĀ, 9: 9;189 1;māyāgarbhādhikārīyo dvayorantye tu nirmalaḥ |;
TĀ, 9: 9;189 2;seyaṁ kalā kāryabhedādanyaiva hyanumīyate ||;
TĀ, 9: 9;190 1;anyathaikaṁ bhavedviśvaṁ kāryāyetyanyanihnavaḥ |;
TĀ, 9: 9;190 2;iti mataṅgaśāstrādau yā proktā sā kalā svayam ||;
TĀ, 9: 9;191 1;kiṁcidrūpatayākṣipya kartṛtvamiti bhaṅgitaḥ |;
TĀ, 9: 9;191 2;kiṁcidrūpaviśiṣṭaṁ yat kartṛtvaṁ tatkathaṁ bhavet ||;
TĀ, 9: 9;192 1;ajñasyeti tataḥ sūte kiṁcijjñatvātmikāṁ vidam |;
TĀ, 9: 9;192 2;buddhiṁ paśyati sā vidyā buddhidarpaṇacāriṇaḥ ||;
TĀ, 9: 9;193 1;sukhādīn pratyayān mohaprabhṛtīn kāryakāraṇe |;
TĀ, 9: 9;193 2;karmajālaṁ ca tatrasthaṁ vivinakti nijātmanā ||;
TĀ, 9: 9;194 1;buddhistu guṇasaṁkīrṇā vivekena kathaṁ sukham |;
TĀ, 9: 9;194 2;duḥkhaṁ mohātmakaṁ vāpi viṣayaṁ darśayedapi ||;
TĀ, 9: 9;195 1;svacchāyāṁ dhiyi saṁkrāmanbhāvaḥ saṁvedyatāṁ tayā vinaiti sāpyanyatkaraṇaṁ puṁsi kartari ||;
TĀ, 9: 9;196 1;nanu cobhayataḥ śubhrādarśadaśīyadhīgatāt |;
TĀ, 9: 9;196 2;puṁsprakāśādbhāti bhāvaḥ maivaṁ tatpratibimbanam ||;
TĀ, 9: 9;197 1;jaḍameva hi mukhyo .tha puṁsprakāśo .sya bhāsanam |;
TĀ, 9: 9;197 2;bahiḥsthasyaiva tasyāstu buddheḥ kiṁkalpanā kṛtā ||;
TĀ, 9: 9;198 1;abhedabhūmireṣā ca bhedaśceha vicāryate |;
TĀ, 9: 9;198 2;tasmādbuddhigato bhāvo vidyākaraṇagocaraḥ ||;
TĀ, 9: 9;199 1;bhāvānāṁ pratibimbaṁ ca vedyaṁ dhīkalpanā tataḥ |;
TĀ, 9: 9;199 2;kiṁcittu kurute tasmānnūnamastyaparaṁ tu tat ||;
TĀ, 9: 9;200 1;rāgatattvamiti proktaṁ yattatraivoparañjakam |;
TĀ, 9: 9;200 2;na cāvairāgyamātraṁ tattatrāpyāsaktivṛttitaḥ ||;
TĀ, 9: 9;201 1;viraktāvapi tṛptasya sūkṣmarāgavyavasthiteḥ |;
TĀ, 9: 9;201 2;kālastuṭyādibhiścaitat kartṛtvaṁ kalayatyataḥ ||;
TĀ, 9: 9;202 1;kāryāvacchedi kartṛtvaṁ kālo .vaśyaṁ kaliṣyati |;
TĀ, 9: 9;202 2;niyatiryojanāṁ dhatte viśiṣṭe kāryamaṇḍale ||;
TĀ, 9: 9;203 1;vidyā rāgo .tha niyatiḥ kālaścaitaccatuṣṭayam |;
TĀ, 9: 9;203 2;kalākāryaṁ bhoktṛbhāve tiṣṭhadbhoktṛtvapūritam ||;
TĀ, 9: 9;204 1;māyā kalā rāgavidye kālo niyatireva ca |;
TĀ, 9: 9;204 2;kañcukāni ṣaḍuktāni saṁvidastatsthitau paśuḥ ||;
TĀ, 9: 9;205 1;dehapuryaṣṭakādyeṣu vedyeṣu kila vedanam |;
TĀ, 9: 9;205 2;etatṣaṭkasasaṁkocaṁ yadavedyamasāvaṇuḥ ||;
TĀ, 9: 9;206 1;uktaṁ śivatanuśāstre tadidaṁ bhaṅgyantareṇa punaḥ |;
TĀ, 9: 9;206 2;āvaraṇaṁ sarvātmagamaśuddhiranyāpyananyarūpeva ||;
TĀ, 9: 9;207 1;śivadahanakiraṇajālairdāhyatvāt sā yato .nyarūpaiva |;
TĀ, 9: 9;207 2;anidaṁpūrvatayā yadrañjayati nijātmanā tato .nanyā ||;
TĀ, 9: 9;208 1;sahajāśuddhimato .ṇorīśaguhābhyāṁ hi kañcukastrividhaḥ tasya dvitīyacitiriva svacchasya niyujyate kalā ślakṣṇā ||;
TĀ, 9: 9;209 1;anayā vidvasya paśorupabhogasamarthatā bhavati |;
TĀ, 9: 9;209 2;vidyā cāsya kalātaḥ śaraṇāntardīpakaprabhevābhūt ||;
TĀ, 9: 9;210 1;sukhaduḥkhasaṁvidaṁ yā vivinakti paśorvibhāgena |;
TĀ, 9: 9;210 2;rāgaśca kalātattvācchucivastrakaṣāyavat samutpannaḥ ||;
TĀ, 9: 9;211 1;tyaktuṁ vāñchati na yataḥ saṁsṛtisukhasaṁvidānandam |;
TĀ, 9: 9;211 2;evamavidyāmalinaḥsamarthitastriguṇakañcukabalena ||;

TĀ, 9: 9;213 1;evaṁ kalākhyatattvasya kiṁcitkartṛtvalakṣaṇe |;
TĀ, 9: 9;213 2;viśeṣabhāge kartṛtvaṁ carcitaṁ bhoktṛpūrvakam ||;
TĀ, 9: 9;214 1;viśeṣaṇatayā yo .tra kiñcidbhāgastadotthitam |;
TĀ, 9: 9;214 2;vedyamātraṁ sphuṭaṁ bhinnaṁ pradhānaṁ sūyate kalā ||;
TĀ, 9: 9;215 1;samameva hi bhogyaṁ ca bhoktāraṁ ca prasūyate |;
TĀ, 9: 9;215 2;kalā bhedābhisaṁdhānādaviyuktaṁ parasparam ||;
TĀ, 9: 9;216 1;bhoktṛbhogyātmatā na syādviyogācca parasparam |;
TĀ, 9: 9;216 2;vilīnāyāṁ ca tasyāṁ syānmāyāsyāpi na kiṁcana ||;
TĀ, 9: 9;217 1;nanu śrīmadrauravādau rāgavidyātmakaṁ dvayam |;
TĀ, 9: 9;217 2;sūte kalā hi yugapattato .vyaktamiti sthitiḥ ||;
TĀ, 9: 9;218 1;uktamatra vibhātyeṣa kramaḥ satyaṁ tathā hyalam |;
TĀ, 9: 9;218 2;rajyamāno veda sarva vidaṁścāpyatra rajyate ||;
TĀ, 9: 9;219 1;tathāpi vastusatteyamihāsmābhirnirūpitā |;
TĀ, 9: 9;219 2;tasyāṁ ca na kramaḥ ko .pi syādvā so .pi viparyayāt ||;
TĀ, 9: 9;220 1;tasmādvipratipattiṁ no kuryācchāstrodite vidhau |;
TĀ, 9: 9;220 2;evaṁ saṁvedyamātraṁ yat sukhaduḥkhavimohataḥ ||;
TĀ, 9: 9;221 1;bhotsyate yattataḥ proktaṁ tatsāmyātmakamāditaḥ |;
TĀ, 9: 9;221 2;sukhaṁ sattvaṁ prakāśatvāt prakāśo hlāda ucyate ||;
TĀ, 9: 9;222 1;duḥkhaṁ rajaḥ kriyātmatvād kriyā hi tadatatkramaḥ |;
TĀ, 9: 9;222 2;mohastamo varaṇakaḥ prakāśābhāvayogataḥ ||;
TĀ, 9: 9;223 1;ta ete kṣobhamāpannā guṇāḥ kārya pratanvate |;
TĀ, 9: 9;223 2;akṣubdhasya vijātīyaṁ na syāt kāryamadaḥ purā ||;
TĀ, 9: 9;224 1;uktameveti śāstre .smin guṇāṁstattvāntaraṁ viduḥ |;
TĀ, 9: 9;224 2;bhuvanaṁ pṛthagevātra darśitaṁ guṇabhedataḥ ||;
TĀ, 9: 9;225 1;īśvarecchāvaśakṣubdhalolikaṁ puruṣaṁ prati |;
TĀ, 9: 9;225 2;bhoktṛtvāya svatantreśaḥ prakṛtiṁ kṣobhayed bhṛśam ||;
TĀ, 9: 9;226 1;tena yaccodyate sāṁkhyaṁ muktāṇuṁ prati kiṁ na sā |;
TĀ, 9: 9;226 2;sūte puṁso vikāritvāditi tannātra bādhakam ||;
TĀ, 9: 9;227 1;guṇebhyo buddhitattvaṁ tat sarvato nirmalaṁ tataḥ |;
TĀ, 9: 9;227 2;puṁsprakāśaḥ sa vedyo .tra pratibimbatvamārchati ||;
TĀ, 9: 9;228 1;viṣayapratibimbaṁ ca tasyāmakṣakṛtaṁ bahiḥ |;
TĀ, 9: 9;228 2;ataddvāraṁ samutprekṣāpratibhādiṣu tādṛśī ||;
TĀ, 9: 9;229 1;vṛttirbodho bhavedbuddheḥ sā cāpyālambanaṁ dhruvam |;
TĀ, 9: 9;229 2;ātmasaṁvitprakāśasya bodho .sau tajjaḍo .pyalam ||;
TĀ, 9: 9;230 1;buddherahaṁkṛt tādṛkṣe pratibimbitapuṁskṛteḥ |;
TĀ, 9: 9;230 2;prakāśe vedyakaluṣe yadahaṁmananātmatā ||;
TĀ, 9: 9;231 1;tayā pañcavidhaścaiṣa vāyuḥ saṁrambharūpayā |;
TĀ, 9: 9;231 2;prerito jīvanāya syādanyathā maraṇaṁ punaḥ ||;
TĀ, 9: 9;232 1;ata eva viśuddhātmasvātantryāhaṁsvabhāvataḥ |;
TĀ, 9: 9;232 2;akṛtrimādidaṁ tvanyadityuktaṁ kṛtiśabdataḥ ||;
TĀ, 9: 9;233 1;ityayaṁ karaṇaskandho .haṁkārasya nirūpitaḥ |;
TĀ, 9: 9;233 2;tridhāsya prakṛtiskandhaḥ sāttvarājasatāmasaḥ ||;
TĀ, 9: 9;234 1;sattvapradhānāhaṁkārādbhoktraṁśasparśinaḥ sphuṭam |;
TĀ, 9: 9;234 2;manobuddhyakṣaṣaṭkaṁ tu jātaṁ bhedastu kathyate ||;
TĀ, 9: 9;235 1;mano yatsarvaviṣayaṁ tenātra pravivakṣitam |;
TĀ, 9: 9;235 2;sarvatanmātrakartṛtvaṁ viśeṣaṇamahaṁkṛteḥ ||;
TĀ, 9: 9;236 1;buddhyahaṁkṛnmanaḥ prāhurbodhasaṁrabhaṇaiṣaṇe |;
TĀ, 9: 9;236 2;karaṇaṁ bāhyadevairyannaivāpyantarmukhaiḥ kṛtam ||;
TĀ, 9: 9;237 1;prāṇaśca nāntaḥkaraṇaṁ jaḍatvāt preraṇātmanaḥ |;
TĀ, 9: 9;237 2;prayatnecchāvibodhāṁśahetutvāditi niścitam ||;
TĀ, 9: 9;238 1;avasāyo .bhimānaśca kalpanā ceti na kriyā |;
TĀ, 9: 9;238 2;ekarūpā tatastritvaṁ yuktamantaḥkṛtau sphuṭam ||;
TĀ, 9: 9;239 1;na ca buddhirasaṁvedyā karaṇatvānmano yathā |;
TĀ, 9: 9;239 2;pradhānavadasaṁvedyabuddhivādastadujjhitaḥ ||;
TĀ, 9: 9;240 1;śabdatanmātrahetutvaviśiṣṭā yā tvahaṁkṛtiḥ |;
TĀ, 9: 9;240 2;sā śrotre karaṇaṁ yāvadghrāṇe gandhatvabhoditā ||;
TĀ, 9: 9;241 1;bhautikatvamato .pyastu niyamādviṣayeṣvalam |;
TĀ, 9: 9;241 2;ahaṁ śṛṇomi paśyāmi jighrāmītyādisaṁvidi ||;
TĀ, 9: 9;242 1;ahaṁtānugamādāhaṁkārikatvaṁ sphuṭaṁ sthitam |;
TĀ, 9: 9;242 2;karaṇatvamato yuktaṁ kartraśaspṛktvayogataḥ ||;
TĀ, 9: 9;243 1;karturvibhinnaṁ karaṇaṁ preryatvāt karaṇaṁ kutaḥ |;
TĀ, 9: 9;243 2;karaṇāntaravāñchāyāṁ bhavettatrānavasthitiḥ ||;
TĀ, 9: 9;244 1;tasmāt svātantryayogena kartā svaṁ bhedayan vapuḥ |;
TĀ, 9: 9;244 2;karmāśasparśinaṁ svāṁśaṁ karaṇīkurute svayam ||;
TĀ, 9: 9;245 1;karaṇīkṛtatatsvāṁśatanmayībhāvanāvaśāt |;
TĀ, 9: 9;245 2;karaṇīkurute .tyantavyatiriktaṁ kuṭhāravat ||;
TĀ, 9: 9;246 1;tenāśuddhaiva vidyāsya sāmānyaṁ karaṇaṁ purā |;
TĀ, 9: 9;246 2;jñaptau kṛtau tu sāmānyaṁ kalā karaṇamucyate ||;
TĀ, 9: 9;247 1;nanu śrīmanmataṅgādau kalāyāḥ kartṛtoditā |;
TĀ, 9: 9;247 2;tasyāṁ satyāṁ hi vidyādyāḥ karaṇatvārhatājuṣaḥ ||;
TĀ, 9: 9;248 1;ucyate kartṛtaivoktā karaṇatve prayojikā |;
TĀ, 9: 9;248 2;tayā vinā tu nānyeṣāṁ karaṇānāṁ sthitiryataḥ ||;
TĀ, 9: 9;249 1;ato .sāmānyakaraṇavargāt tatra pṛthak kṛtā |;
TĀ, 9: 9;249 2;vidyāṁ vinā hi nānyeṣāṁ karaṇānāṁ nijā sthitiḥ ||;
TĀ, 9: 9;250 1;kalāṁ vinā na tasyāśca kartṛtve jñātṛtā yataḥ |;
TĀ, 9: 9;250 2;kalāvidye tataḥ puṁso mukhyaṁ tatkaraṇaṁ viduḥ ||;
TĀ, 9: 9;251 1;ata eva vihīne .pi buddhikarmendriyaiḥ kvacit |;
TĀ, 9: 9;251 2;andhe paṅgau rūpagatiprakāśo na na bhāsate ||;
TĀ, 9: 9;252 1;kiṁtu sāmānyakaraṇabalādvedye .pi tādṛśi |;
TĀ, 9: 9;252 2;rūpasāmānya evāndhaḥ pratipattiṁ prapadyate ||;
TĀ, 9: 9;253 1;tata eva tvahaṁkārāt tanmātrasparśino .dhikam |;
TĀ, 9: 9;253 2;karmendriyāṇi vākpāṇipāyūpasthāṅghri jajñire ||;
TĀ, 9: 9;254 1;vacmyādade tyajāmyāśu visṛjāmi vrajāmi ca |;
TĀ, 9: 9;254 2;iti yāhaṁkriyā kāryakṣamā karmendriyaṁ tu tat ||;
TĀ, 9: 9;255 1;tena cchinnakarasyāsti hastaḥ karmendriyātmakaḥ |;
TĀ, 9: 9;255 2;tasya pradhānādhiṣṭhānaṁ paraṁ pañcāṅguliḥ karaḥ ||;
TĀ, 9: 9;256 1;mukhenāpi yadādānaṁ tatra yat karaṇaṁ sthitam |;
TĀ, 9: 9;256 2;sa pāṇireva karaṇaṁ vinā kiṁ saṁbhavet kriyā ||;
TĀ, 9: 9;257 1;tathābhāve tu buddhyakṣairapi kiṁ syātprayojanam |;
TĀ, 9: 9;257 2;darśanaṁ karaṇāpekṣaṁ kriyātvāditi cocyate ||;
TĀ, 9: 9;258 1;parairgamau tu karaṇaṁ neṣyate ceti vismayaḥ |;
TĀ, 9: 9;258 2;gamanotkṣepaṇādīni mukhyaṁ karmopalambhanam ||;
TĀ, 9: 9;259 1;punarguṇaḥ kriyā tveṣā vaiyākaraṇadarśane |;
TĀ, 9: 9;259 2;kriyā karaṇapūrveti vyāptyā karaṇapūrvakam ||;
TĀ, 9: 9;260 1;jñānaṁ nādānamityetat sphuṭamāndhyavijṛmbhitam |;
TĀ, 9: 9;260 2;tasmāt karmendriyāṇyāhustvagvadvyāptṝṇi mukhyataḥ ||;
TĀ, 9: 9;261 1;tatsthāne vṛttimantīti mataṅge guravo mama |;
TĀ, 9: 9;261 2;nanvanyānyapi karmāṇi santi bhūyāṁsi tatkṛte ||;
TĀ, 9: 9;262 1;karaṇānyapi vācyāni tathā cākṣeṣvaniṣṭhitiḥ |;
TĀ, 9: 9;262 2;nanvetat kheṭapālādyairnirākāri na karmaṇām ||;
TĀ, 9: 9;263 1;yatsādhanaṁ tadakṣaṁ syāt kiṁtu kasyāpi karmaṇaḥ |;
TĀ, 9: 9;263 2;etannāsmatkṛtapraśnatṛṣṇāsaṁtāpaśāntaye ||;
TĀ, 9: 9;264 1;nahyasvacchamitaprāyairjalaistṛpyanti barhiṇaḥ |;
TĀ, 9: 9;264 2;ucyate śrīmatādiṣṭaṁ śaṁbhunātra mamottaram ||;
TĀ, 9: 9;265 1;svacchasaṁvedanodāravikalāprabalīkṛtam |;
TĀ, 9: 9;265 2;iha karmānusaṁdhānabhedādekaṁ vibhidyate ||;
TĀ, 9: 9;266 1;tatrānusaṁdhiḥ pañcātmā pañca karmendriyāṇyataḥ |;
TĀ, 9: 9;266 2;tyāgāyādānasaṁpattyai dvayāya dvitayaṁ vinā ||;
TĀ, 9: 9;267 1;svarūpaviśrāntikṛte caturdhā karma yadbahiḥ |;
TĀ, 9: 9;267 2;pāyupāṇyaṅghrijananaṁ karaṇaṁ taccaturvidham ||;
TĀ, 9: 9;268 1;antaṁ prāṇāśrayaṁ yattu karmātra karaṇaṁ hi vāk |;
TĀ, 9: 9;268 2;uktāḥ samāsataścaiṣāṁ citrāḥ kāryeṣu vṛttayaḥ ||;
TĀ, 9: 9;269 1;tadetadvyatiriktaṁ hi na karma kvāpi dṛśyate |;
TĀ, 9: 9;269 2;tatkasyārthe prakalpyeyamindriyāṇāmaniṣṭhitiḥ ||;
TĀ, 9: 9;270 1;etatkartavyacakraṁ tadasāṁkaryeṇa kurvate |;
TĀ, 9: 9;270 2;akṣāṇi sahavṛttyā tu buddhyante saṁkaraṁ jaḍāḥ ||;
TĀ, 9: 9;271 1;ukta indriyavargo .yamahaṁkārāt tu rājasāt |;
TĀ, 9: 9;271 2;tamaḥpradhānāhaṁkārād bhoktraṁśacchādanātmanaḥ ||;
TĀ, 9: 9;272 1;bhūtādināmnastanmātrapañcakaṁ bhūtakāraṇam |;
TĀ, 9: 9;272 2;manobuddhyakṣakarmākṣavargastanmātravargakaḥ ||;
TĀ, 9: 9;273 1;ityatra rājasāhaṁkṛdyogaḥ saṁśleṣako dvaye |;
TĀ, 9: 9;273 2;anye tvāhurmano jātaṁ rājasāhaṁkṛteryataḥ ||;
TĀ, 9: 9;274 1;samastendriyasaṁcāracaturaṁ laghu vegavat |;
TĀ, 9: 9;274 2;anye tu sāttvikāt svāntaṁ buddhikarmendriyāṇi tu ||;
TĀ, 9: 9;275 1;rājasādgrāhakagrāhyabhāgasparśīni manvate |;
TĀ, 9: 9;275 2;kheṭapālāstu manyante karmendriyagaṇaḥ sphuṭam ||;
TĀ, 9: 9;276 1;rājasāhaṁkṛterjāto rajasaḥ karmatā yataḥ |;
TĀ, 9: 9;276 2;śrīpūrvaśāstre tu mano rājasāt sāttvikātpunaḥ ||;
TĀ, 9: 9;277 1;indriyāṇi samastāni yuktaṁ caitadvibhāti naḥ |;
TĀ, 9: 9;277 2;tathāhi bāhyavṛttīnāmakṣāṇāṁ vṛttibhāsane ||;
TĀ, 9: 9;278 1;ālocane śaktirantaryojane manasaḥ punaḥ |;
TĀ, 9: 9;278 2;uktaṁ ca guruṇā kuryānmano .nuvyavasāyi sat ||;
TĀ, 9: 9;279 1;taddvayālambanā mātṛvyāpārātmakriyā iti |;
TĀ, 9: 9;279 2;tānmātrastu gaṇo dhvāntapradhānāyā ahaṁkṛteḥ ||;
TĀ, 9: 9;280 1;atrāvivādaḥ sarvasya grāhyopakrama eva hi |;
TĀ, 9: 9;280 2;pṛthivyāṁ saurabhānyādivicitre gandhamaṇḍale ||;
TĀ, 9: 9;281 1;yatsāmānyaṁ hi gandhatvaṁ gandhatanmātranāma tat |;
TĀ, 9: 9;281 2;vyāpakaṁ tata evoktaṁ sahetutvāttu na dhruvam ||;
TĀ, 9: 9;282 1;svakāraṇe tirobhūtirdhvaso yattena nādhruvam |;
TĀ, 9: 9;282 2;evaṁ rasādiśabdāntatanmātreṣvapi yojanā ||;
TĀ, 9: 9;283 1;viśeṣāṇāṁ yato .vaśyaṁ daśā prāgaviśeṣiṇī |;
TĀ, 9: 9;283 2;kṣubhitaṁ śabdatanmātraṁ citrākārāḥ śratīrdadhat ||;
TĀ, 9: 9;284 1;nabhaḥ śabdo .vakāśātmā vācyādhyāsasaho yataḥ |;
TĀ, 9: 9;284 2;tadetatsparśatanmātrayogāt prakṣobhamāgatam ||;
TĀ, 9: 9;285 1;vāyutāmeti tenātra śabdasparśobhayātmatā |;
TĀ, 9: 9;285 2;anye tvāhurdhvaniḥ khaikaguṇastadapi yujyate ||;
TĀ, 9: 9;286 1;yato vāyurnijaṁ rūpaṁ labhate na vināmbarāt |;
TĀ, 9: 9;286 2;uttarottarabhūteṣu pūrvapūrvasthitiryataḥ ||;
TĀ, 9: 9;287 1;tata eva marudvyomnoraviyogo mithaḥ smṛtaḥ |;
TĀ, 9: 9;287 2;śabdasparśau tu rūpeṇa samaṁ prakṣobhamāgatau ||;
TĀ, 9: 9;288 1;tejastattvaṁ tribhirdharmaiḥ prāhuḥ pūrvavadeva tat |;
TĀ, 9: 9;288 2;taistribhiḥ sarasairāpaḥ sagandhairbhūriti kramaḥ ||;
TĀ, 9: 9;289 1;tatra pratyakṣataḥ siddho dharādiguṇasaṁcayaḥ |;
TĀ, 9: 9;289 2;nahi gandhādidharmaughavyatiriktā vibhāti bhūḥ ||;
TĀ, 9: 9;290 1;yathā guṇaguṇidvaitavādināmekamapyadaḥ |;
TĀ, 9: 9;290 2;citraṁ rūpaṁ paṭe bhāti kramāddharmāstathā bhuvi ||;
TĀ, 9: 9;291 1;yathā ca vistṛte vastre yugapadbhāti citratā |;
TĀ, 9: 9;291 2;tathaiva yogināṁ dharmasāmastyenāvabhāti bhūḥ ||;
TĀ, 9: 9;292 1;gandhādiśabdaparyantacitrarūpā dharā tataḥ |;
TĀ, 9: 9;292 2;upāyabhedādbhātyeṣā kramākramavibhāgataḥ ||;
TĀ, 9: 9;293 1;tata eva kramavyaktikṛto dhībheda ucyate |;
TĀ, 9: 9;293 2;ṣaṣṭhīprayogo dhībhedādbhedyabhedakatā tathā ||;
TĀ, 9: 9;294 1;tena dharmātirikto .tra dharmī nāma na kaścana |;
TĀ, 9: 9;294 2;tatrānekaprakārāḥ syurgandharūparasāḥ kṣitau ||;
TĀ, 9: 9;295 1;saṁsparśaḥ pākajo .nuṣṇāśītaḥ śabdo vicitrakaḥ |;
TĀ, 9: 9;295 2;śauklyaṁ mādhuryaśītatve citrāḥ śabdāśca vāriṇi ||;
TĀ, 9: 9;296 1;śuklabhāsvaratoṣṇatvaṁ citrāḥ śabdāśca pāvake |;
TĀ, 9: 9;296 2;apākajaścāśītoṣṇo dhvaniścitraśca mārute ||;
TĀ, 9: 9;297 1;varṇātmako dhvaniḥ śabdapratibimbānyathāmbare |;
TĀ, 9: 9;297 2;yattu na sparśavaddharmaḥ śabda ityādi bhaṇyate ||;
TĀ, 9: 9;298 1;kāṇādaistatsvapratītiviruddhaṁ kena gṛhyatām |;
TĀ, 9: 9;298 2;paṭahe dhvanirityeva bhātyabādhitameva yat ||;
TĀ, 9: 9;299 1;na ca hetutvamātreṇa tadādānatvavedanāt |;
TĀ, 9: 9;299 2;śrotraṁ cāsmanmate .haṁkṛtkāraṇaṁ tatra tatra tat ||;
TĀ, 9: 9;300 1;vṛttibhāgīti taddeśaṁ śabdaṁ gṛhṇātyalaṁ tathā |;
TĀ, 9: 9;300 2;yastvāha śrotramākāśaṁ karṇasaṁyogabheditam ||;
TĀ, 9: 9;301 1;śabdajaḥ śabda āgatya śabdabuddhiṁ prasūyate |;
TĀ, 9: 9;301 2;tasya mande .pi murajadhvanāvākarṇake sati ||;
TĀ, 9: 9;302 1;amutra śrutireṣeti dūre saṁvedanaṁ katham |;
TĀ, 9: 9;302 2;nahi śabdajaśabdasya dūrādūraravoditeḥ ||;
TĀ, 9: 9;303 1;śrotrākāśagatasyāsti dūrādūrasvabhāvatā |;
TĀ, 9: 9;303 2;na cāsau prathamaḥ śabdastāvadvyāpīti yujyate ||;
TĀ, 9: 9;304 1;tatrasthaiḥ saha tīvrātmā śrūyamāṇastvanena tu |;
TĀ, 9: 9;304 2;kathaṁ śrūyeta mandaḥsannahi dharmāntarāśrayaḥ ||;
TĀ, 9: 9;305 1;etaccānyairapākāri bahudheti vṛthā punaḥ |;
TĀ, 9: 9;305 2;nāyastaṁ patitāghātadāne ko hi na paṇḍitaḥ ||;
TĀ, 9: 9;306 1;amīṣāṁ tu dharādīnāṁ yāvāṁstattvagaṇaḥ purā |;
TĀ, 9: 9;306 2;guṇādhikatayā tiṣṭhan vyāptā tāvān prakāśate ||;
TĀ, 9: 9;307 1;vyāpyavyāpakatā yaiṣā tattvānāṁ darśitā kila |;
TĀ, 9: 9;307 2;sā guṇādhikyataḥ siddhā na hetutvānna lāghavāt ||;
TĀ, 9: 9;308 1;ahetunāpi rāgo hi vyāpto vidyādinā sphuṭam |;
TĀ, 9: 9;308 2;tadvinā na bhavedyattadvyāptamityucyate yataḥ ||;
TĀ, 9: 9;309 1;na lāghavaṁ ca nāmāsti kiṁcidatra svadarśane |;
TĀ, 9: 9;309 2;guṇādhikyādato jñeyā vyāpyavyāpakatā sphuṭā ||;
TĀ, 9: 9;310 1;yo hi yasmādguṇotkṛṣṭaḥ sa tasmādūrdhva ucyate |;
TĀ, 9: 9;310 2;ūrdhvatā vyāptṛtā śrīmanmālinīvijaye sphuṭā ||;
TĀ, 9: 9;311 1;ataḥ śivatvātprabhṛti prakāśatāsvarūpamādāya nijātmani samastatattvāvalidharmasaṁcayairvibhāti bhūrvyāptṛtayā |;
TĀ, 9: 9;312 1;evaṁ jalāderapi śaktitattvaparyantadhāmno vapurasti kiṁ tūttaraṁ śaktitayaiva tattvaṁ pūrva tu |;
TĀ, 9: 9;313 1;anuttaraprakriyāyāṁ vaitatyena pradarśitam |;
TĀ, 9: 9;313 2;etat tasmāt tataḥ paśyedvistarārthī vivecakaḥ ||;
TĀ, 9: 9;314 1;iti tattvasyarūpasya kṛtaṁ samyak prakāśanam ||;
TĀ, 22: 18;1 1;liṅgoddhārākhyāmatha vacmaḥ śivaśāsanaikanirdiṣṭām ||;
TĀ, 22: 18;2 1;uktaṁ śrīmālinītantre kila pārthivadhāraṇām |;
TĀ, 22: 18;2 2;uktvā yo yojito yatra sa tasmānna nivartate ||;
TĀ, 22: 18;3 1;yogyatāvaśasaṁjātā yasya yatraiva śāsanā |;
TĀ, 22: 18;3 2;sa tatraiva niyoktavyo dīkṣākāle tatastvasau ||;
TĀ, 22: 18;4 1;phalaṁ sarvaṁ samāsādya śive yukto .pavṛjyate |;
TĀ, 22: 18;4 2;ayukto .pyūrdhvasaṁśuddhiṁ saṁprāpya bhuvaneśataḥ ||;
TĀ, 22: 18;5 1;śuddhaḥ śivatvamāyāti dagdhasaṁsārabandhanaḥ |;
TĀ, 22: 18;5 2;uktvā puṁdhāraṇāṁ coktametadvaidāntikaṁ mayā ||;
TĀ, 22: 18;6 1;kapilāya purā proktaṁ prathame paṭale tathā |;
TĀ, 22: 18;6 2;anena kramayogena saṁprāptaḥ paramaṁ padam ||;
TĀ, 22: 18;7 1;na bhūyaḥ paśutāmeti śuddhe svātmani tiṣṭhati |;
TĀ, 22: 18;7 2;ato hi dhvanyate .rtho .yaṁ śivatattvādhareṣvapi ||;
TĀ, 22: 18;8 1;tattveṣu yojitasyāsti punaruddharaṇīyatā |;
TĀ, 22: 18;8 2;samastaśāstrakathitavastuvaiviktyadāyinaḥ ||;
TĀ, 22: 18;9 1;śivāgamasya sarvebhyo .pyāgamebhyo viśiṣṭatā |;
TĀ, 22: 18;9 2;śivajñānena ca vinā bhūyo .pi paśutodbhavaḥ ||;
TĀ, 22: 18;10 1;kramaśca śaktisaṁpāto malahāniryiyāsutā |;
TĀ, 22: 18;10 2;dīkṣā bodho heyahānirupādeyalayātmatā ||;
TĀ, 22: 18;11 1;bhogyatvapāśavatyāgaḥ patikartṛtvasaṁkṣayaḥ |;
TĀ, 22: 18;11 2;svātmasthitiścetyevaṁ hi darśanāntarasaṁsthiteḥ ||;
TĀ, 22: 18;12 1;proktamuddharaṇīyatvaṁ śivaśaktīritasya hi |;
TĀ, 22: 18;12 2;atha vaiṣṇavabauddhāditantrāntādharavartinām ||;
TĀ, 22: 18;13 1;yadā śivārkaraśmyoghairvikāsi hṛdayāmbujam |;
TĀ, 22: 18;13 2;liṅgoddhṛtistadā pūrvaṁ dīkṣākarma tataḥ param ||;
TĀ, 22: 18;14 1;prāgliṅgāntarasaṁstho .pi dīkṣātaḥ śivatāṁ vrajet |;
TĀ, 22: 18;14 2;tatropavāsya taṁ cānyadine sādhāramantrataḥ ||;
TĀ, 22: 18;15 1;sthaṇḍile pūjayitveśaṁ śrāvayettasya vartanīm |;
TĀ, 22: 18;15 2;eṣa prāgabhavalliṅgī coditastvadhunā tvayā ||;
TĀ, 22: 18;16 1;prasannena tadetasmai kuru samyaganugraham |;
TĀ, 22: 18;16 2;svaliṅgatyāgaśaṅkotthaṁ prāyaścittaṁ ca māsya bhūt ||;
TĀ, 22: 18;17 1;acirāttvanmayībhūya bhogaṁ mokṣaṁ prapadyatām |;
TĀ, 22: 18;17 2;evamastvityathājñāṁ ca gṛhīrvā vratamasya tat ||;
TĀ, 22: 18;18 1;apāsyāmbhasi nikṣipya snapayedanurūpataḥ |;
TĀ, 22: 18;18 2;snātaṁ saṁprokṣayedarghapātrāmbhobhiranantaram ||;
TĀ, 22: 18;19 1;pañcagavyaṁ dantakāṣṭhaṁ tatastasmai samarpayet |;
TĀ, 22: 18;19 2;tatastaṁ baddhanetraṁ ca praveśya praṇipātayet ||;
TĀ, 22: 18;20 1;praṇavo mātṛkā māyā vyomavyāpī ṣaḍakṣaraḥ |;
TĀ, 22: 18;20 2;bahurūpo .tha netrākhyaḥ sapta sādhāraṇā amī ||;
TĀ, 22: 18;21 1;teṣāṁ madhyādekatamaṁ mantramasmai samarpayet |;
TĀ, 22: 18;21 2;so .pyahorātramevainaṁ japedalpabhugapyabhuk ||;
TĀ, 22: 18;22 1;mantramasmai samarpyātha sādhāravidhisaṁskṛte |;
TĀ, 22: 18;22 2;vahnau tarpitatanmantre vrataśuddhiṁ samācaret ||;
TĀ, 22: 18;23 1;pūjitenaiva mantreṇa kṛtvā nāmāsya saṁpuṭam |;
TĀ, 22: 18;23 2;prāyaścittaṁ śodhayāmi phaṭsvāhetyūhayogataḥ ||;
TĀ, 22: 18;24 1;śataṁ sahasraṁ vā hutvā punaḥ pūrṇāhutiṁ tathā |;
TĀ, 22: 18;24 2;prayogādvauṣaḍantāṁ ca kṣiptvāhūya vrateśvaram ||;
TĀ, 22: 18;25 1;tāro vrateśvarāyeti namaścetyenamarcayet |;
TĀ, 22: 18;25 2;śrāvayecca tvayā nāsya kāryaṁ kiṁcicchivājñayā ||;
TĀ, 22: 18;26 1;tato vrateśvarastarpyaḥ svāhāntena tataśca saḥ |;
TĀ, 22: 18;26 2;kṣamayitvā visṛjyaḥ syāttato .gneśca visarjanam ||;
TĀ, 22: 18;27 1;tacchrāvaṇaṁ ca devāya kṣamasveti visarjanam |;
TĀ, 22: 18;27 2;tatastṛtīyadivase prāgvatsarvo vidhiḥ smṛtaḥ ||;
TĀ, 22: 18;28 1;adhivāsādikaḥ sveṣṭadīkṣākarmāvasānakaḥ |;
TĀ, 22: 18;28 2;prāgliṅgināṁ mokṣadīkṣā sādhikāravivarjitā ||;
TĀ, 22: 18;29 1;sādhakācāryatāmārge na yogyāste punarbhuvaḥ |;
TĀ, 22: 18;29 2;punarbhuvo .pi jñāneddhā bhavanti gurutāspadam ||;
TĀ, 22: 18;30 1;mokṣāyaiva na bhogāya bhogāyāpyabhyupāyataḥ |;
TĀ, 22: 18;30 2;ityuktavānsvapaddhatyāmīśānaśivadaiśikaḥ ||;
TĀ, 22: 18;31 1;śrīdevyā yāmalīyoktitattvasamyakpravedakaḥ |;
TĀ, 22: 18;31 2;gurvantasyāpyadhodṛṣṭiśāyinaḥ saṁskriyāmimām ||;
TĀ, 22: 18;32 1;kṛtvā rahasyaṁ kathayennānyathā kāmike kila |;
TĀ, 22: 18;32 2;anyatantrābhiṣikte .pi rahasyaṁ na prakāśayet ||;
TĀ, 22: 18;33 1;svatantrastho .pi gurvanto gurumajñamupāśritaḥ |;
TĀ, 22: 18;33 2;tatra paścādanāśvastastatrāpi vidhimācaret ||;
TĀ, 22: 18;34 1;ajñācāryamukhāyātaṁ nirvīryaṁ mantrameṣa yat |;
TĀ, 22: 18;34 2;japtavānsa guruścātra nādhikāryuktadūṣaṇāt ||;
TĀ, 22: 18;35 1;tato .sya śuddhiṁ prākkṛtvā tato dīkṣāṁ samācaret |;
TĀ, 22: 18;35 2;adhodarśanasaṁsthena guruṇā dīkṣitaḥ purā ||;
TĀ, 22: 18;36 1;tīvraśaktivaśātpaścādyadā gacchetsa sadgurum |;
TĀ, 22: 18;36 2;tadāpyasya śiśorevaṁ śuddhiṁ kṛtvā sa sadguruḥ ||;
TĀ, 22: 18;37 1;dīkṣādikarma nikhilaṁ kuryāduktavidhānataḥ |;
TĀ, 22: 18;37 2;prāpto .pi sadgururyogyabhāvamasya na vetti cet ||;
TĀ, 22: 18;38 1;vijñānadāne tacchiṣyo yogyatāṁ darśayennijām |;
TĀ, 22: 18;38 2;sarvathā tvabruvanneṣa bruvāṇo vā viparyayam ||;
TĀ, 22: 18;39 1;ajño vastuta eveti tattyaktvetthaṁ vidhiṁ caret |;
TĀ, 22: 18;39 2;na tirobhāvaśaṅkātra kartavyā buddhiśālinā ||;
TĀ, 22: 18;40 1;adhaḥspṛktvaṁ tirobhūtirnordhvopāyavivecanam |;
TĀ, 22: 18;40 2;siddhānte dīkṣitāstantre daśāṣṭādaśabhedini ||;
TĀ, 22: 18;41 1;bhairavīye catuḥṣaṣṭau tānpaśūndīkṣayettrike |;
TĀ, 22: 18;41 2;siddhavīrāvalīsāre bhairavīye kule .pi ca ||;
TĀ, 22: 18;42 1;pañcadīkṣākramopāttā dīkṣānuttarasaṁjñitā |;
TĀ, 22: 18;42 2;tena sarvo .dharastho .pi liṅgoddhṛtyānugṛhyate ||;
TĀ, 22: 18;43 1;yo .pi hṛtsthamaheśānacodanātaḥ suvistṛtam |;
TĀ, 22: 18;43 2;śāstrajñānaṁ samanvicchetso .pi yāyādbahūngurūn ||;
TĀ, 22: 18;44 1;taddīkṣāścāpi gṛhṇīyādabhiṣecanapaścimāḥ |;
TĀ, 22: 18;44 2;jñānopodbalikāstā hi tattajjñānavatā kṛtāḥ ||;
TĀ, 22: 18;45 1;uktaṁ ca śrīmate śāstre tatra tatra ca bhūyasā |;
TĀ, 22: 18;45 2;āmodārthī yathā bhṛṅgaḥ puṣpātpuṣpāntaraṁ vrajet ||;
TĀ, 22: 18;46 1;vijñānārthī tathā śiṣyo gurorgurvantaraṁ tviti |;
TĀ, 22: 18;46 2;gurūṇāṁ bhūyasāṁ madhye yato vijñānamuttamam ||;
TĀ, 22: 18;47 1;prāptaṁ so .sya gururdīkṣā nātra mukhyā hi saṁvidi |;
TĀ, 22: 18;47 2;sarvajñānanidhānaṁ tu guruṁ saṁprāpya susthitaḥ ||;
TĀ, 22: 18;48 1;tamevārādhayeddhīmāṁstattajjijñāsanonmukhaḥ |;
TĀ, 22: 18;48 2;iti dīkṣāvidhiḥ prokto liṅgoddharaṇapaścimaḥ ||;
TĀ, 12: 11;1 1;athādhvano .sya prakṛta upayogaḥ prakāśyate ||;
TĀ, 12: 11;2 1;itthamadhvā samasto .yaṁ yathā saṁvidi saṁsthitaḥ |;
TĀ, 12: 11;2 2;taddvārā śūnyadhīprāṇanāḍīcakratanuṣvatho ||;
TĀ, 12: 11;3 1;bahiśca liṅgamūrtyagnisthaṇḍilādiṣu sarvataḥ |;
TĀ, 12: 11;3 2;tathā sthitaḥ samastaśca vyastaścaiṣa kramākramāt ||;
TĀ, 12: 11;4 1;āsaṁvittattvam ābāhyaṁ yo .yamadhvā vyavasthitaḥ |;
TĀ, 12: 11;4 2;tatra tatrocitaṁ rūpaṁ svaṁ svātantryeṇa bhāsayet ||;
TĀ, 12: 11;5 1;sarvaṁ sarvatra rūpaṁ ca tasyāpi na na bhāsate |;
TĀ, 12: 11;5 2;nahyavaccheditāṁ kvāpi svapne .pi viṣahāmahe ||;
TĀ, 12: 11;6 1;evaṁ viśvādhvasampūrṇaṁ kālavyāpāracitritam |;
TĀ, 12: 11;6 2;deśakālamayaspandasadma dehaṁ vilokayet ||;
TĀ, 12: 11;7 1;tathā vilokyamāno .sau viśvāntardevatāmayaḥ |;
TĀ, 12: 11;7 2;dhyeyaḥ pūjyaśca tarpyaśca tadāviṣṭo vimucyate ||;
TĀ, 12: 11;8 1;itthaṁ ghaṭaṁ paṭaṁ liṅgaṁ sthaṇḍilaṁ pustakaṁ jalam |;
TĀ, 12: 11;8 2;yadvā kiṁcitkvacitpaśyettatra tanmayatāṁ vrajet ||;
TĀ, 12: 11;9 1;tatrārpaṇaṁ hi vastūnāmabhedenārcanaṁ matam |;
TĀ, 12: 11;9 2;tathā sampūrṇarūpatvānusaṁdhir dhyānamucyate ||;
TĀ, 12: 11;10 1;sampūrṇatvānusaṁdhānam akampaṁ dārḍhyamānayan |;
TĀ, 12: 11;10 2;tathāntarjalpayogena vimṛśañjapabhājanam ||;
TĀ, 12: 11;11 1;tatrārpitānāṁ bhāvānāṁ svakabhedavilāpanam |;
TĀ, 12: 11;11 2;kurvaṁstadraśmisadbhāvaṁ dadyāddhomakriyāparaḥ ||;
TĀ, 12: 11;12 1;tathaivaṁ kurvataḥ sarvaṁ samabhāvena paśyataḥ |;
TĀ, 12: 11;12 2;niṣkampatā vrataṁ śuddhaṁ sāmyaṁ nandiśikhoditam ||;
TĀ, 12: 11;13 1;tathārcanajapadhyānahomavratavidhikramāt |;
TĀ, 12: 11;13 2;paripūrṇāṁ sthitiṁ prāhuḥ samādhiṁ guravaḥ purā ||;
TĀ, 12: 11;14 1;atra pūjājapādyeṣu bahirantardvayasthitau |;
TĀ, 12: 11;14 2;dravyaughe na vidhiḥ ko .pi na kāpi pratiṣiddhatā ||;
TĀ, 12: 11;15 1;kalpanāśuddhisaṁdhyādernopayogo .tra kaścana |;
TĀ, 12: 11;15 2;uktaṁ śrītrikasūtre ca jāyate yajanaṁ prati ||;
TĀ, 12: 11;16 1;avidhijño vidhijñaś cety evamādi suvistaram |;
TĀ, 12: 11;16 2;yadā yathā yena yatra svā saṁvittiḥ prasīdati ||;
TĀ, 12: 11;17 1;tadā tathā tena tatra tattadbhogyaṁ vidhiśca saḥ |;
TĀ, 12: 11;17 2;laukikālaukikaṁ sarvaṁ tenātra viniyojayet ||;
TĀ, 12: 11;18 1;niṣkampatve sakampastu kampaṁ nirhrāsayedbalāt |;
TĀ, 12: 11;18 2;yathā yenābhyupāyena kramādakramato .pi vā ||;
TĀ, 12: 11;19 1;vicikitsā galatyantastathāsau yatnavānbhavet |;
TĀ, 12: 11;19 2;dhīkarmākṣagatā devīrniṣiddhaireva tarpayet ||;
TĀ, 12: 11;20 1;vīravrataṁ cābhinandediti bhargaśikhāvacaḥ |;
TĀ, 12: 11;20 2;tathāhi śaṅkā mālinyaṁ glāniḥ saṁkoca ityadaḥ ||;
TĀ, 12: 11;21 1;saṁsārakārāgārāntaḥ sthūlasthūṇāghaṭāyate |;
TĀ, 12: 11;21 2;mantrā varṇasvabhāvā ye dravyaṁ yatpāñcabhautikam ||;
TĀ, 12: 11;22 1;yaccidātma prāṇijātaṁ tatra kaḥ saṁkaraḥ katham |;
TĀ, 12: 11;22 2;saṁkarābhāvataḥ keyaṁ śaṅkā tasyāmapi sphuṭam ||;
TĀ, 12: 11;23 1;na śaṅketa tathā śaṅkā vilīyetāvahelayā |;
TĀ, 12: 11;23 2;śrīsarvācāravīrālīniśācarakramādiṣu ||;
TĀ, 12: 11;24 1;śāstreṣu vitataṁ caitattatra tatrocyate yataḥ |;
TĀ, 12: 11;24 2;śaṅkayā jāyate glāniḥ śaṅkayā vighnabhājanam ||;
TĀ, 12: 11;25 1;uvācotpaladevaśca śrīmānasmadgurorguruḥ |;
TĀ, 12: 11;25 2;sarvāśaṅkāśaniṁ mārgaṁ numo māheśvaraṁ tviti ||;
TĀ, 12: 11;26 1;anuttarapadāptaye tadidamāṇavaṁ |;
TĀ, 26: 19;1 1;athocyate śeṣavṛttirjīvatāmupayoginī ||;
TĀ, 26: 19;2 1;dīkṣā bahuprakāreyaṁ śrāddhāntā yā prakīrtitā |;
TĀ, 26: 19;2 2;sā saṁskriyāyai mokṣāya bhogāyāpi dvayāya vā ||;
TĀ, 26: 19;3 1;tatra saṁskārasiddhyai yā dīkṣā sākṣānna mocanī |;
TĀ, 26: 19;3 2;anusaṁdhivaśādyā ca sākṣānmoktrī sabījikā ||;
TĀ, 26: 19;4 1;tayobhayyā dīkṣitā ye teṣāmājīvavartanam |;
TĀ, 26: 19;4 2;vaktavyaṁ putrakādīnāṁ tanmayatvaprasiddhaye ||;
TĀ, 26: 19;5 1;bubhukṣorvā mumukṣorvā svasaṁvidguruśāstrataḥ |;
TĀ, 26: 19;5 2;pramāṇādyā saṁskriyāyai dīkṣā hi guruṇā kṛtā ||;
TĀ, 26: 19;6 1;tataḥ sa saṁskṛtaṁ yogyaṁ jñātvātmānaṁ svaśāsane |;
TĀ, 26: 19;6 2;taduktavastvanuṣṭhānaṁ bhuktyai muktyai ca sevate ||;
TĀ, 26: 19;7 1;ācāryapratyayādeva yo .pi syādbhuktimuktibhāk |;
TĀ, 26: 19;7 2;tatpratyūhodayadhvastyai brūyāttasyāpi vartanam ||;
TĀ, 26: 19;8 1;svasaṁvidgurusaṁvittyostulyapratyayabhāgapi |;
TĀ, 26: 19;8 2;śeṣavṛttyā samādeśyas tadvighnādipraśāntaye ||;
TĀ, 26: 19;9 1;yaḥ sarvathā parāpekṣāmujjhitvā tu sthito nijāt |;
TĀ, 26: 19;9 2;pratyayādyo .pi cācāryapratyayādeva kevalāt ||;
TĀ, 26: 19;10 1;tau sāṁsiddhikanirbījau ko vadeccheṣavṛttaye |;
TĀ, 26: 19;10 2;kramāttanmayatopāyagurvarcanaratau tu tau ||;
TĀ, 26: 19;11 1;tatraiṣāṁ śeṣavṛttyarthaṁ nityanaimittike dhruve |;
TĀ, 26: 19;11 2;kāmyavarjaṁ yataḥ kāmāś citrāś citrābhyupāyakāḥ ||;
TĀ, 26: 19;12 1;tatra nityo vidhiḥ sandhyānuṣṭhānaṁ devatāvraje |;
TĀ, 26: 19;12 2;gurvagniśāstrasahite pūjā bhūtadayetyayam ||;
TĀ, 26: 19;13 1;naimittikastu sarveṣāṁ parvaṇāṁ pūjanaṁ japaḥ |;
TĀ, 26: 19;13 2;viśeṣavaśataḥ kiṁca pavitrakavidhikramaḥ ||;
TĀ, 26: 19;14 1;ācāryasya ca dīkṣeyaṁ bahubhedā vivecitā |;
TĀ, 26: 19;14 2;vyākhyādikaṁ ca tattasyādhikaṁ naimittikaṁ dhruvam ||;
TĀ, 26: 19;15 1;tatrādau śiśave brūyād gurur nityavidhiṁ sphuṭam |;
TĀ, 26: 19;15 2;tadyogyatāṁ samālokya vitatāvitatātmanām ||;
TĀ, 26: 19;16 1;mukhyetarādimantrāṇāṁ vīryavyāptyādiyogyatām |;
TĀ, 26: 19;16 2;dṛṣṭvā śiṣye tamevāsmai mūlamantraṁ samarpayet ||;
TĀ, 26: 19;17 1;tacchāstradīkṣito hyeṣa niryantrācāraśaṅkitaḥ |;
TĀ, 26: 19;17 2;na mukhye yogya ityanyasevātaḥ syāttu yogyatā ||;
TĀ, 26: 19;18 1;sādhakasya bubhukṣostu sādhakībhāvino .pivā |;
TĀ, 26: 19;18 2;puṣpapātavaśātsiddho mantro .rpyaḥ sādhyasiddhaye ||;
TĀ, 26: 19;19 1;vitate guṇabhūte vā vidhau diṣṭe punarguruḥ |;
TĀ, 26: 19;19 2;jñātvāsmai yogyatāṁ sāraṁ saṁkṣiptaṁ vidhimācaret ||;
TĀ, 26: 19;20 1;tatraiṣa niyamo yadyan māntraṁ rūpaṁ na tadguruḥ |;
TĀ, 26: 19;20 2;likhitvā prathayecchiṣye viśeṣādūrdhvaśāsane ||;
TĀ, 26: 19;21 1;mantrā varṇātmakāste ca parāmarśātmakāḥ sa ca |;
TĀ, 26: 19;21 2;gurusaṁvidabhinnaś cet saṁkrāmetsā tataḥ śiśau ||;
TĀ, 26: 19;22 1;lipisthitastu yo mantro nirvīryaḥ so .tra kalpitaḥ |;
TĀ, 26: 19;22 2;saṁketabalato nāsya pustakātprathate mahaḥ ||;
TĀ, 26: 19;23 1;pustakādhītavidyāścetyuktaṁ siddhāmate tataḥ |;
TĀ, 26: 19;23 2;ye tu pustakalabdhe .pi mantre vīryaṁ prajānate ||;
TĀ, 26: 19;24 1;te bhairavīyasaṁskārāḥ proktāḥ sāṁsiddhikā iti |;
TĀ, 26: 19;24 2;iti jñātvā guruḥ samyak paramānandaghūrṇitaḥ ||;
TĀ, 26: 19;25 1;tādṛśe tādṛśe dhāmni pūjayitvā vidhiṁ caret |;
TĀ, 26: 19;25 2;yathānyaśiṣyānuṣṭhānaṁ nānyaśiṣyeṇa budhyate ||;
TĀ, 26: 19;26 1;tathā kuryādgururguptihānirdoṣavatī yataḥ |;
TĀ, 26: 19;26 2;devīnāṁ tritayaṁ śuddhaṁ yadvā yāmalayogataḥ ||;
TĀ, 26: 19;27 1;devīmekāmatho śuddhāṁ vadedvā yāmalātmikām |;
TĀ, 26: 19;27 2;tatra mantraṁ sphuṭaṁ vaktrādguruṇopāṁśu coditam ||;
TĀ, 26: 19;28 1;avadhāryā pravṛttestamabhyasyenmanasā svayam |;
TĀ, 26: 19;28 2;tataḥ suśikṣitāṁ sthānadehāntaḥśodhanatrayīm ||;
TĀ, 26: 19;29 1;nyāsaṁ dhyānaṁ japaṁ mudrāṁ pūjāṁ tatra prabhāte saṁbudhya sveṣṭāṁ prāgdevatāṁ smaret ||;
TĀ, 26: 19;30 1;kṛtāvaśyakakartavyaḥ śuddho bhūtvā tato gṛham |;
TĀ, 26: 19;30 2;āśrityottaradigvaktraḥ sthānadehāntaratraye ||;
TĀ, 26: 19;31 1;śuddhiṁ vidhāya mantrāṇāṁ yathāsthānaṁ niveśanam |;
TĀ, 26: 19;31 2;mudrāpradarśanaṁ dhyānaṁ bhedābhedasvarūpataḥ ||;
TĀ, 26: 19;32 1;dehāsudhīvyomabhūṣu manasā tatra cārcanam |;
TĀ, 26: 19;32 2;japaṁ cātra yathāśakti devāyaitannivedanam ||;
TĀ, 26: 19;33 1;tanmayībhāvasiddhyarthaṁ pratisandhyaṁ samācaret |;
TĀ, 26: 19;33 2;anye tu prāgudakpaścāddaśadikṣu catuṣṭayīm ||;
TĀ, 26: 19;34 1;sandhyānāmāhuretacca tāntrikīyaṁ na no matam |;
TĀ, 26: 19;34 2;yāsau kālādhikāre prāk sandhyā proktā catuṣṭayī ||;
TĀ, 26: 19;35 1;tāmevāntaḥ samādhāya sāndhyaṁ vidhimupācaret |;
TĀ, 26: 19;35 2;sandhyācatuṣṭayīkṛtyamekasyāmathavā śiśuḥ ||;
TĀ, 26: 19;36 1;kuryāt svādhyāyavijñānagurukṛtyāditatparaḥ |;
TĀ, 26: 19;36 2;sandhyādhyānoditānantatanmayībhāvayuktitaḥ ||;
TĀ, 26: 19;37 1;tatsaṁskāravaśātsarvaṁ kālaṁ syāttanmayo hyasau |;
TĀ, 26: 19;37 2;tato yatheṣṭakāle .sau pūjāṁ puṣpāsavādibhiḥ ||;
TĀ, 26: 19;38 1;sthaṇḍilādau śiśuḥ kuryādvibhavādyanurūpataḥ |;
TĀ, 26: 19;38 2;suśuddhaḥ sanvidhiṁ sarvaṁ kṛtvāntarajapāntakam ||;
TĀ, 26: 19;39 1;arghapātraṁ purā yadvadvidhāya sveṣṭamantrataḥ |;
TĀ, 26: 19;39 2;tena sthaṇḍilapuṣpādi sarvaṁ saṁprokṣayedbudhaḥ ||;
TĀ, 26: 19;40 1;tatastatraiva saṁkalpya dvārāsanagurukramam |;
TĀ, 26: 19;40 2;pūjayecchivatāviṣṭaḥ svadehārcāpuraḥsaram ||;
TĀ, 26: 19;41 1;tatastatsthaṇḍilaṁ vīdhravyomasphaṭikanirmalam |;
TĀ, 26: 19;41 2;bodhātmakaṁ samālokya tatra svaṁ devatāgaṇam ||;
TĀ, 26: 19;42 1;pratibimbatayā paśyedbimbatvena ca bodhataḥ |;
TĀ, 26: 19;42 2;etadāvāhanaṁ mukhyaṁ vyajanānmarutāmiva ||;
TĀ, 26: 19;43 1;sarvago .pi marudyadvadvyajanenopajīvitaḥ |;
TĀ, 26: 19;43 2;arthakṛtsarvagaṁ mantracakraṁ rūḍhestathā bhavet ||;
TĀ, 26: 19;44 1;catuṣkapañcāśikayā tadetattattvamucyate |;
TĀ, 26: 19;44 2;śrīnirmaryādaśāstre ca tadetadvibhunoditam ||;
TĀ, 26: 19;45 1;devaḥ sarvagato deva nirmaryādaḥ kathaṁ śivaḥ |;
TĀ, 26: 19;45 2;āvāhyate kṣamyate vety evaṁ pṛṣṭo .bravīdvibhuḥ ||;
TĀ, 26: 19;46 1;vāsanāvāhyate devi vāsanā ca visṛjyate |;
TĀ, 26: 19;46 2;paramārthena devasya nāvāhanavisarjane ||;
TĀ, 26: 19;47 1;āvāhito mayā devaḥ sthaṇḍile ca pratiṣṭhitaḥ |;
TĀ, 26: 19;47 2;pūjitaḥ stuta ityevaṁ hṛṣṭvā devaṁ visarjayet ||;
TĀ, 26: 19;48 1;prāṇinām aprabuddhānāṁ santoṣajananāya vai |;
TĀ, 26: 19;48 2;āvāhanādikaṁ teṣāṁ pravṛttiḥ kathamanyathā ||;
TĀ, 26: 19;49 1;kālena tu vijānanti pravṛttāḥ patiśāsane |;
TĀ, 26: 19;49 2;anukrameṇa devasya prāptiṁ bhuvanapūrvikām ||;
TĀ, 26: 19;50 1;jñānadīpadyutidhvastasamastājñānasaṁcayāḥ |;
TĀ, 26: 19;50 2;kuto vānīyate devaḥ kutra vā nīyate .pi saḥ ||;
TĀ, 26: 19;51 1;sthūlasūkṣmādibhedena sa hi sarvatra saṁsthitaḥ |;
TĀ, 26: 19;51 2;āvāhite mantragaṇe puṣpāsavanivedanaiḥ ||;
TĀ, 26: 19;52 1;dhūpaiśca tarpaṇaṁ kāryaṁ śraddhābhaktibalocitaiḥ |;
TĀ, 26: 19;52 2;dīptānāṁ śaktinādādimantrāṇāmāsavaiḥ palaiḥ ||;
TĀ, 26: 19;53 1;raktaiḥ prāk tarpaṇaṁ paścāt puṣpadhūpādivistaraiḥ |;
TĀ, 26: 19;53 2;āgatasya tu mantrasya na kuryāttarpaṇaṁ yadi ||;
TĀ, 26: 19;54 1;haratyardhaśarīraṁ sa ityuktaṁ kila śambhunā |;
TĀ, 26: 19;54 2;yadyadevāsya manasi vikāsitvaṁ prayacchati ||;
TĀ, 26: 19;55 1;tenaiva kuryātpūjāṁ sa iti śambhorviniścayaḥ |;
TĀ, 26: 19;55 2;sādhakānāṁ bubhukṣūṇāṁ vidhirniyatiyantritaḥ ||;
TĀ, 26: 19;56 1;mumukṣūṇāṁ tattvavidāṁ sa eva tu nirargalaḥ |;
TĀ, 26: 19;56 2;kārye viśeṣamādhitsurviśiṣṭaṁ kāraṇaṁ spṛśet ||;
TĀ, 26: 19;57 1;raktakarpāsatūlecchustulyatadbījapuñjavat |;
TĀ, 26: 19;57 2;santi bhoge viśeṣāśca vicitrāḥ kāraṇeritāḥ ||;
TĀ, 26: 19;58 1;deśakālānusandhānaguṇadravyakriyādibhiḥ |;
TĀ, 26: 19;58 2;svalpā kriyā bhūyasī vā hṛdayāhlādadāyibhiḥ ||;
TĀ, 26: 19;59 1;bāhyaiḥ saṁkalpajairvāpi kārakaiḥ parikalpitā |;
TĀ, 26: 19;59 2;mumukṣorna viśeṣāya naiḥśreyasavidhiṁ prati ||;
TĀ, 26: 19;60 1;nahi brahmaṇi śaṁsanti bāhulyālpatvadurdaśāḥ |;
TĀ, 26: 19;60 2;citaḥ svātantryasāratvāt tasyānandaghanatvataḥ ||;
TĀ, 26: 19;61 1;kriyā syāttanmayībhūtyai hṛdayāhlādadāyibhiḥ |;
TĀ, 26: 19;61 2;śivābhedabharādbhāvavargaḥ cyotati yaṁ rasam ||;
TĀ, 26: 19;62 1;tameva parame dhāmni pūjanāyārpayedbudhaḥ |;
TĀ, 26: 19;62 2;stotreṣu bahudhā caitanmayā proktaṁ nijāhnike ||;
TĀ, 26: 19;63 1;adhiśayya pāramārthikabhāvaprasaraprakāśamullasati |;
TĀ, 26: 19;63 2;yā paramāmṛtadṛk tvāṁ tayārcayante rahasyavidaḥ ||;
TĀ, 26: 19;64 1;kṛtvādhāradharāṁ ānandāmṛtanirbharasvahṛdayānarghārghapātrakramāt |;
TĀ, 26: 19;65 1;nānāsvādarasāmimāṁ trijagatīṁ hṛccakrayantrārpitām yatsaṁvitparamāmṛtaṁ mṛtijarājanmāpahaṁ jṛmbhate tena |;
TĀ, 26: 19;66 1;iti ślokatrayopāttamarthamantarvibhāvayan |;
TĀ, 26: 19;66 2;yena kenāpi bhāvena tarpayeddevatāgaṇam ||;
TĀ, 26: 19;67 1;mudrāṁ pradarśayetpaścānmanasā vāpi yogataḥ |;
TĀ, 26: 19;67 2;vacasā mantrayogena vapuṣā saṁniveśataḥ ||;
TĀ, 26: 19;68 1;kṛtvā japaṁ tataḥ sarvaṁ devatāyai samarpayet |;
TĀ, 26: 19;68 2;taccoktaṁ kartṛtātattvanirūpaṇavidhau purā ||;
TĀ, 26: 19;69 1;tato visarjanaṁ kāryaṁ bodhaikātmyaprayogataḥ |;
TĀ, 26: 19;69 2;kṛtvā vā vahnigāṁ mantratṛptiṁ proktavidhānataḥ ||;
TĀ, 26: 19;70 1;dvārapīṭhaguruvrātasamarpitanivedanāt |;
TĀ, 26: 19;70 2;ṛte .nyatsvayamaśnīyādagādhe .mbhasyatha kṣipet ||;
TĀ, 26: 19;71 1;prāṇino jalajāḥ pūrvadīkṣitāḥ śambhunā svayam |;
TĀ, 26: 19;71 2;vidhinā bhāvinā śrīmanmīnanāthāvatāriṇā ||;
TĀ, 26: 19;72 1;mārjāramūṣikādyair yad adīkṣaiś cāpi bhakṣitam |;
TĀ, 26: 19;72 2;tacchaṅkātaṅkadānena vyādhaye narakāya ca ||;
TĀ, 26: 19;73 1;atastattvavidā dhvastaśaṅkātaṅko .pi paṇḍitaḥ |;
TĀ, 26: 19;73 2;prakaṭaṁ nedṛśaṁ kuryāllokānugrahavāñchayā ||;
TĀ, 26: 19;74 1;śrīmanmatamahāśāstre taduktaṁ vibhunā svayam |;
TĀ, 26: 19;74 2;svayaṁ tu śaṅkāsaṅkocaniṣkāsanaparāyaṇaḥ ||;
TĀ, 26: 19;75 1;bhavettathā yathānyeṣāṁ śaṅkā no manasi sphuret |;
TĀ, 26: 19;75 2;mārjayitvā tataḥ snānaṁ puṣpeṇātha prapūjayet ||;
TĀ, 26: 19;76 1;puṣpādi sarvaṁ tatsthaṁ tadagādhāmbhasi nikṣipet |;
TĀ, 26: 19;76 2;uktaḥ sthaṇḍilayāgo .yaṁ nityakarmaṇi śambhunā ||;
