YSBhā zu YS, 1, 1.1: 1;1 1;atha iti ayam adhikārārthaḥ ||;
YSBhā zu YS, 1, 1.1: 1;2 1;yogānuśāsanaṁ śāstram adhikṛtaṁ veditavyam ||;
YSBhā zu YS, 1, 1.1: 1;3 1;yogaḥ samādhiḥ sa ca sārvabhaumaścittasya dharmaḥ ||;
YSBhā zu YS, 1, 1.1: 1;4 1;kṣiptaṁ mūḍhaṁ vikṣiptaṁ ekāgraṁ niruddham iti |;
YSBhā zu YS, 1, 1.1: 1;5 1;tatra vikṣipte cetasi vikṣepopasarjanībhūtaḥ samādhir na |;
YSBhā zu YS, 1, 1.1: 1;6 1;yas tv ekāgre cetasi sadbhūtam arthaṁ pradyotayati kṣiṇoti |;
YSBhā zu YS, 1, 1.1: 1;7 1;sa ca vitarkānugato vicārānugata ānandānugato |;
YSBhā zu YS, 1, 1.1: 1;8 1;sarvavṛttinirodhe tu asaṁprajñātaḥ samādhiḥ ||;
YSBhā zu YS, 1, 1.1: 1;9 1;tasya lakṣaṇābhidhitsayedaṁ sūtraṁ pravavṛte ||;
YSBhā zu YS, 1, 11.1: 10;1 1;kiṁ pratyayasya cittaṁ smarati āhosvid viṣayasyeti ||;
YSBhā zu YS, 1, 11.1: 10;2 1;grāhyoparaktaḥ pratyayo |;
YSBhā zu YS, 1, 11.1: 10;3 1;sa saṁskāraḥ svavyañjakāñjanas tadākārām eva |;
YSBhā zu YS, 1, 11.1: 10;4 1;tatra grahaṇākārapūrvā buddhiḥ ||;
YSBhā zu YS, 1, 11.1: 10;5 1;grāhyākārapūrvā smṛtiḥ ||;
YSBhā zu YS, 1, 11.1: 10;6 1;sā ca dvayī bhāvitasmartavyā ca abhāvitasmartavyā ca ||;
YSBhā zu YS, 1, 11.1: 10;7 1;svapne bhāvitasmartavyā ||;Viṁśatikāvṛtti ViṁVṛtti zu ViṁKār, 1, 3.1: 3 1;svapna iva svapnavat ||;!;;
YSBhā zu YS, 1, 11.1: 10;8 1;jāgratsamaye tv abhāvitasmartavyeti ||;
YSBhā zu YS, 1, 11.1: 10;9 1;sarvāścaitāḥ smṛtayaḥ |;
YSBhā zu YS, 1, 11.1: 10;10 1;sarvāścaitā vṛttayaḥ sukhaduḥkhamohātmikāḥ ||;
YSBhā zu YS, 1, 11.1: 10;11 1;sukhaduḥkhamohāśca kleśeṣu vyākhyeyāḥ ||;
YSBhā zu YS, 1, 11.1: 10;12 1;sukhānuśayī rāgaḥ duḥkhānuśayī dveṣo mohaḥ punar |;
YSBhā zu YS, 1, 11.1: 10;13 1;etāḥ sarvā vṛttayo niroddhavyāḥ ||;
YSBhā zu YS, 1, 11.1: 10;14 1;āsāṁ nirodhe samprajñāto vā samādhir bhavaty |;
YSBhā zu YS, 1, 11.1: 10;15 1;athāsāṁ nirodhe ka upāya iti ||;
YSBhā zu YS, 2, 1.1: 45;1 1;nātapasvino yogaḥ sidhyati ||;
YSBhā zu YS, 2, 1.1: 45;2 1;anādikarmakleśavāsanācitrā pratyupasthitaviṣayajālā |;
YSBhā zu YS, 2, 1.1: 45;3 1;tac ca cittaprasādanam abādhyamānam anenāsevyam iti |;
YSBhā zu YS, 2, 1.1: 45;4 1;svādhyāyaḥ praṇavādipavitrāṇāṁ japo |;
YSBhā zu YS, 2, 1.1: 45;5 1;īśvarapraṇidhānaṁ sarvakriyāṇāṁ paramagurāv arpaṇam |;Yogasūtrabhāṣya YSBhā zu YS, 2, 32.1: 76 8;īśvarapraṇidhānaṁ tasmin paramagurau ;!;;
YSBhā zu YS, 2, 1.1: 45;6 1;tatphalasaṁnyāso vā ||;Daśakumāracarita DKCar, 2, 2: 7 21;tasya phalamapavargaḥ svargo vā ||;!;;
YSBhā zu YS, 2, 1.1: 45;7 1;sa hi kriyāyogaḥ ||;Aitareyabrāhmaṇa AitBr, 1, 27: 27 3;tām punar niṣkrīṇīyāt punar hi sā tān āgacchat ||;!;;
YSBhā zu YS, 2, 2.1: 46;1 1;sa hy āsevyamānaḥ samādhiṁ bhāvayati ||;
YSBhā zu YS, 2, 2.1: 46;2 1;kleśāṁśca pratanūkaroti ||;
YSBhā zu YS, 2, 2.1: 46;3 1;pratanūkṛtān kleśān prasaṁkhyānāgninā dagdhabījakalpān |;
YSBhā zu YS, 2, 2.1: 46;4 1;atha ke kleśāḥ kiyanto veti ||;
YSBhā zu YS, 2, 3.1: 47;1 1;kleśā iti pañca viparyayā ity arthaḥ ||;Śārṅgadharasaṁhitādīpikā ŚSDīp zu ŚdhSaṁh, 2, 12, 233.1: 103 7;pañcānāṁ lavaṇānāṁ pañcabhāgā ityarthaḥ ||;!;;
YSBhā zu YS, 2, 3.1: 47;2 1;te spandamānā guṇādhikāraṁ draḍhayanti pariṇāmam |;
YSBhā zu YS, 2, 4.1: 48;1 1;atrāvidyā kṣetraṁ prasavabhūmir uttareṣām asmitādīnāṁ |;
YSBhā zu YS, 2, 4.1: 48;2 1;tatra kā prasuptiḥ ||;Nāṭyaśāstravivṛti NŚVi zu NāṭŚ, 6, 32.2: 1 107;tatrāpi kasyottamaprakṛteḥ ||;!;;Pañcārthabhāṣya PABh zu PāśupSūtra, 2, 3: 48 3;keṣāṁ kena vā paraḥ ||;!;;Śārṅgadharasaṁhitādīpikā ŚSDīp zu ŚdhSaṁh, 2, 12, 13.1: 53 15;tatra tatra eva jñātavyāni ||;!;;Tantrākhyāyikā TAkhy, 2: 2 385;tatra kim asambaddhaṁ jvarakāraṇam ||;!;;
YSBhā zu YS, 2, 4.1: 48;3 1;cetasi śaktimātrapratiṣṭhānāṁ bījabhāvopagamaḥ ||;
YSBhā zu YS, 2, 4.1: 48;4 1;tasya prabodha ālambane saṁmukhībhāvaḥ ||;
YSBhā zu YS, 2, 4.1: 48;5 1;prasaṁkhyānavato dagdhakleśabījasya saṁmukhībhūte .py |;
YSBhā zu YS, 2, 4.1: 48;6 1;tatraiva sā dagdhabījabhāvā pañcamī kleśāvasthā nānyatreti |;
YSBhā zu YS, 2, 4.1: 48;7 1;satāṁ kleśānāṁ tadā bījasāmarthyaṁ dagdham iti ||;
YSBhā zu YS, 2, 4.1: 48;8 1;viṣayasya saṁmukhībhāve .pi sati na bhavaty eṣāṁ |;
YSBhā zu YS, 2, 4.1: 48;9 1;tanutvam ucyate pratipakṣabhāvanopahatāḥ kleśās tanavo |;
YSBhā zu YS, 2, 4.1: 48;10 1;tathā vicchidya vicchidya tena tenātmanā punaḥ punaḥ |;
YSBhā zu YS, 2, 4.1: 48;11 1;katham ||;
YSBhā zu YS, 2, 4.1: 48;12 1;rāgakāle krodhasyādarśanāt na hi rāgakāle krodhaḥ |;
YSBhā zu YS, 2, 4.1: 48;13 1;rāgaśca kvacid dṛśyamāno na viṣayāntare nāsti ||;
YSBhā zu YS, 2, 4.1: 48;14 1;naikasyāṁ striyāṁ caitro rakta ity anyāsu strīṣu viraktaḥ |;
YSBhā zu YS, 2, 4.1: 48;15 1;sa hi tadā prasuptatanuvicchinno bhavati ||;
YSBhā zu YS, 2, 4.1: 48;16 1;viṣaye yo labdhavṛttiḥ sa udāraḥ ||;
YSBhā zu YS, 2, 4.1: 48;17 1;sarva evaite kleśaviṣayatvaṁ nātikrāmanti ||;
YSBhā zu YS, 2, 4.1: 48;18 1;kas tarhi vicchinnaḥ prasuptas tanur udāro vā kleśa iti ||;
YSBhā zu YS, 2, 4.1: 48;19 1;ucyate satyam evaitat ||;Baudhāyanaśrautasūtra BaudhŚS, 3, 1: 4 2;eṣa eva veda etan mekṣaṇam etad barhiḥ ||;!;;Janmamaraṇavicāra JanMVic, 1: 1 81;eteṣv eva ;!;;Parāśarasmṛtiṭīkā Parāśarasmṛtiṭīkā zu ParDhSmṛti, 2, 2.1: 1 22;etad evābhivyañjayituṁ pūrvam ityuktam ||;!;;Śāṅkhāyanāraṇyaka ŚāĀr, 2, 5: 13 9;etenaivokto brāhmaṇaḥ ||;!;;Vātūlanāthasūtravṛtti VNSūtraV zu VNSūtra, 8.1: 8 3;etad eva rahasyakrameṇocyate ||;!;;
YSBhā zu YS, 2, 4.1: 48;20 1;kiṁtu viśiṣṭānām evaiteṣāṁ vicchinnāditvam ||;
YSBhā zu YS, 2, 4.1: 48;21 1;yathaiva pratipakṣabhāvanāto vivṛttas tathaiva |;
YSBhā zu YS, 2, 4.1: 48;22 1;sarva eva amī kleśā avidyābhedāḥ ||;
YSBhā zu YS, 2, 4.1: 48;23 1;kasmāt ||;
YSBhā zu YS, 2, 4.1: 48;24 1;sarveṣv avidyaivābhiplavate ||;Yogasūtrabhāṣya YSBhā zu YS, 2, 4.1: 48 22;sarva eva amī kleśā avidyābhedāḥ ||;!;;
YSBhā zu YS, 2, 4.1: 48;25 1;yad avidyayā vastv ākāryate tad evānuśerate kleśā |;
YSBhā zu YS, 2, 4.1: 48;26 1;tatrāvidyāsvarūpam ucyate ||;
YSBhā zu YS, 2, 5.1: 49;1 1;anitye kārye nityakhyātiḥ ||;
YSBhā zu YS, 2, 5.1: 49;2 1;tad yathā dhruvā pṛthivī dhruvā sacandratārakā dyauḥ |;
YSBhā zu YS, 2, 5.1: 49;3 1;tathāśucau paramabībhatse kāye śucikhyātiḥ ||;
YSBhā zu YS, 2, 5.1: 49;4 1;uktaṁ ca ||;
YSBhā zu YS, 2, 5.1: 49;5 1;sthānād bījād upaṣṭambhān niḥsyandān nidhanād api ||;
YSBhā zu YS, 2, 5.1: 49;6 1;kāyam ādheyaśaucatvāt paṇḍitā hy aśuciṁ viduḥ ||;
YSBhā zu YS, 2, 5.1: 49;7 1;ityaśucau śucikhyātir dṛśyate ||;
YSBhā zu YS, 2, 5.1: 49;8 1;naveva śaśāṅkalekhā kamanīyeyaṁ kanyā |;
YSBhā zu YS, 2, 5.1: 49;9 1;etenāpuṇye puṇyapratyayas tathaivānarthe cārthapratyayo |;
YSBhā zu YS, 2, 5.1: 49;10 1;tathā duḥkhe sukhakhyātiṁ vakṣyati ||;
YSBhā zu YS, 2, 5.1: 49;11 1;pariṇāmatāpasaṁskāraduḥkhair guṇavṛttivirodhācca |;
YSBhā zu YS, 2, 5.1: 49;12 1;tatra sukhakhyātir avidyā ||;
YSBhā zu YS, 2, 5.1: 49;13 1;tathānātmany ātmakhyātir bāhyopakaraṇeṣu |;
YSBhā zu YS, 2, 5.1: 49;14 1;tathaitad atroktam ||;Pañcārthabhāṣya PABh zu PāśupSūtra, 5, 40: 162 7;atra yathā nityo duḥkhāntastathā vakṣyāmaḥ ||;!;;Vaiśeṣikasūtravṛtti VaiSūVṛ zu VaiśSū, 6, 2, 18.1: 209 3;etadviparītakrameṇocyate tathāhi ||;!;;
YSBhā zu YS, 2, 5.1: 49;15 1;vyaktam avyaktaṁ vā sattvam ātmatvenābhipratītya tasya |;
YSBhā zu YS, 2, 5.1: 49;16 1;eṣā catuṣpadā bhavaty avidyā mūlam asya kleśasaṁtānasya |;
YSBhā zu YS, 2, 5.1: 49;17 1;tasyāścāmitrāgoṣpadavad vastu satattvaṁ vijñeyam ||;
YSBhā zu YS, 2, 5.1: 49;18 1;yathā nāmitro mitrābhāvo na mitramātraṁ kiṁtu |;
YSBhā zu YS, 2, 5.1: 49;19 1;tathāgoṣpadaṁ na goṣpadābhāvo na goṣpadamātraṁ kiṁtu |;
YSBhā zu YS, 2, 5.1: 49;20 1;evam avidyā na pramāṇaṁ na pramāṇābhāvaḥ kiṁtu |;
YSBhā zu YS, 2, 6.1: 50;1 1;puruṣo dṛkśaktir buddhir darśanaśaktir ity etayor |;
YSBhā zu YS, 2, 6.1: 50;2 1;bhoktṛbhogyaśaktyor atyantavibhaktayor |;
YSBhā zu YS, 2, 6.1: 50;3 1;buddhitaḥ paraṁ puruṣam ākāraśīlavidyādibhir vibhaktam |;
YSBhā zu YS, 2, 7.1: 51;1 1;sukhābhijñasya sukhānusmṛtipūrvaḥ sukhe tatsādhane vā |;
YSBhā zu YS, 2, 8.1: 52;1 1;duḥkhābhijñasya duḥkhānusmṛtipūrvo duḥkhe tatsādhane |;
YSBhā zu YS, 2, 9.1: 53;1 1;sarvasya prāṇina iyam ātmāśir nityā bhavati mā na bhūvaṁ |;
YSBhā zu YS, 2, 9.1: 53;2 1;na cānanubhūtamaraṇadharmakasyaiṣā bhavaty ātmāśīḥ ||;
YSBhā zu YS, 2, 9.1: 53;3 1;etayā ca pūrvajanmānubhavaḥ pratīyate ||;
YSBhā zu YS, 2, 9.1: 53;4 1;kṛmer api jātamātrasya pratyakṣānumānāgamair |;
YSBhā zu YS, 2, 9.1: 53;5 1;yathā cāyam atyantamūḍheṣu dṛśyate kleśas tathā viduṣo |;
YSBhā zu YS, 2, 9.1: 53;6 1;kasmāt ||;
YSBhā zu YS, 2, 9.1: 53;7 1;samānā hi tayoḥ kuśalākuśalayor maraṇaduḥkhānubhavād |;
YSBhā zu YS, 2, 10.1: 54;1 1;te pañca kleśā dagdhabījakalpā yoginaścaritādhikāre cetasi |;
YSBhā zu YS, 2, 10.1: 54;2 1;sthitānāṁ tu bījabhāvopagatānām ||;
YSBhā zu YS, 2, 11.1: 55;1 1;kleśānāṁ yā vṛttayaḥ sthūlās tāḥ kriyāyogena tanūkṛtāḥ |;
YSBhā zu YS, 2, 11.1: 55;2 1;yathā vastrāṇāṁ sthūlo malaḥ pūrvaṁ nirdhūyate paścāt |;
YSBhā zu YS, 2, 12.1: 56;1 1;tatra puṇyāpuṇyakarmāśayaḥ |;
YSBhā zu YS, 2, 12.1: 56;2 1;sa dṛṣṭajanmavedanīyaścādṛṣṭajanmavedanīyaśca ||;
YSBhā zu YS, 2, 12.1: 56;3 1;tatra tīvrasaṁvegena mantratapaḥsamādhibhir nirvartita |;
YSBhā zu YS, 2, 12.1: 56;4 1;yathā tīvrakleśena bhītavyādhitakṛpaṇeṣu viśvāsopagateṣu |;
YSBhā zu YS, 2, 12.1: 56;5 1;tatra nārakāṇāṁ nāsti dṛṣṭajanmavedanīyaḥ karmāśayaḥ ||;
YSBhā zu YS, 2, 12.1: 56;6 1;kṣīṇakleśānām api nāstyadṛṣṭajanmavedanīyaḥ karmāśaya |;
YSBhā zu YS, 2, 13.1: 57;1 1;satsu kleśeṣu karmāśayo vipākārambhī bhavati |;
YSBhā zu YS, 2, 13.1: 57;2 1;yathā tuṣāvanaddhāḥ śālitaṇḍulā adagdhabījabhāvāḥ |;
YSBhā zu YS, 2, 13.1: 57;3 1;sa ca vipākas trividho jātir āyur bhoga iti ||;
YSBhā zu YS, 2, 13.1: 57;4 1;tatredaṁ vicāryate ||;Aṣṭādhyāyī Aṣṭādhyāyī, 2, 2: 6 27;tatra tenedam iti sarūpe ||;!;;Āyurvedadīpikā ĀVDīp zu Ca, Sū., 26, 10.2: 45 4;asminn arthe asmin prakaraṇe ||;!;;Āyurvedadīpikā ĀVDīp zu Ca, Vim., 1, 24: 187 1;tatretyādau idamiti vakṣyamāṇam ||;!;;Ayurvedarasāyana Ayurvedarasāyana zu AHS, Sū., 16, 1.2: 42 10;tatra snehanam asminn adhyāye ||;!;;Divyāvadāna Divyāv, 3: 3 95;tatrānena paryupāsitapūrvaḥ ||;!;;Divyāvadāna Divyāv, 8: 8 448;ayamasya ratnasyānubhāvaḥ ||;!;;Lalitavistara LalVis, 1: 1 77;tatredamucyate ||;!;;Lalitavistara LalVis, 7: 7 103;tatredamucyate ||;!;;Lalitavistara LalVis, 7: 7 127;tatredamucyate ||;!;;Lalitavistara LalVis, 11: 11 29;tatredamucyate ||;!;;Lalitavistara LalVis, 13: 13 6;tatredamucyate ||;!;;Paraśurāmakalpasūtra Paraśurāmakalpasūtra, 1: 1 3;tatrāyaṁ siddhāntaḥ ||;!;;Rasādhyāyaṭīkā RAdhyṬ zu RAdhy, 478.2: 81 15;tatra svedane cāyaṁ vidhiḥ ||;!;;Saṅghabhedavastu SBhedaV, 1: 1 115;tatrāyaṁ dharmo dharmaḥ śreṣṭho jinendrāṇām ||;!;;Śāṅkhāyanāraṇyaka ŚāĀr, 7, 4: 80 9;tatrāyam antareṇākāśaḥ ||;!;;Śārṅgadharasaṁhitādīpikā ŚSDīp zu ŚdhSaṁh, 2, 12, 13.1: 53 15;tatra tatra eva jñātavyāni ||;!;;
YSBhā zu YS, 2, 13.1: 57;5 1;kim ekaṁ karmaikasya janmanaḥ kāraṇam athaikaṁ |;
YSBhā zu YS, 2, 13.1: 57;6 1;dvitīyā vicāraṇā kim anekaṁ karmānekaṁ janma |;
YSBhā zu YS, 2, 13.1: 57;7 1;na tāvad ekaṁ karmaikasya janmanaḥ kāraṇam ||;Yogasūtrabhāṣya YSBhā zu YS, 2, 13.1: 57 10;na caikaṁ karmānekasya janmanaḥ kāraṇam ||;!;;
YSBhā zu YS, 2, 13.1: 57;8 1;kasmāt ||;
YSBhā zu YS, 2, 13.1: 57;9 1;anādikālapracitasyāsaṁkhyeyasyāviśiṣṭakarmaṇaḥ |;
YSBhā zu YS, 2, 13.1: 57;10 1;na caikaṁ karmānekasya janmanaḥ kāraṇam ||;Yogasūtrabhāṣya YSBhā zu YS, 2, 13.1: 57 13;na cānekaṁ karmānekasya janmanaḥ kāraṇam ||;!;;
YSBhā zu YS, 2, 13.1: 57;11 1;kasmāt ||;
YSBhā zu YS, 2, 13.1: 57;12 1;anekeṣu karmasv ekaikam eva karmānekasya janmanaḥ |;
YSBhā zu YS, 2, 13.1: 57;13 1;na cānekaṁ karmānekasya janmanaḥ kāraṇam ||;Yogasūtrabhāṣya YSBhā zu YS, 2, 13.1: 57 10;na caikaṁ karmānekasya janmanaḥ kāraṇam ||;GOOD;;
YSBhā zu YS, 2, 13.1: 57;14 1;kasmāt ||;
YSBhā zu YS, 2, 13.1: 57;15 1;tad anekaṁ janma yugapan na sambhavati iti krameṇaiva |;
YSBhā zu YS, 2, 13.1: 57;16 1;tasmājjanmaprāyaṇāntare kṛtaḥ |;
YSBhā zu YS, 2, 13.1: 57;17 1;tasminn āyuṣi tenaiva karmaṇā bhogaḥ sampadyata iti ||;
YSBhā zu YS, 2, 13.1: 57;18 1;asau karmāśayo janmāyurbhogahetutvāt trivipāko |;
YSBhā zu YS, 2, 13.1: 57;19 1;ata ekabhavikaḥ karmāśaya ukta iti ||;
YSBhā zu YS, 2, 13.1: 57;20 1;dṛṣṭajanmavedanīyas tv ekavipākārambhī bhogahetutvād |;
YSBhā zu YS, 2, 13.1: 57;21 1;kleśakarmavipākānubhavanirvartitābhis tu vāsanābhir |;
YSBhā zu YS, 2, 13.1: 57;22 1;yas tvayaṁ karmāśaya eṣa evaikabhavika ukta iti ||;
YSBhā zu YS, 2, 13.1: 57;23 1;ye saṁskārāḥ smṛtihetavas tā vāsanās tāścānādikālīnā iti ||;
YSBhā zu YS, 2, 13.1: 57;24 1;yas tv asāv ekabhavikaḥ karmāśayaḥ sa |;
YSBhā zu YS, 2, 13.1: 57;25 1;tatra dṛṣṭajanmavedanīyasya niyatavipākasyaivāyaṁ |;
YSBhā zu YS, 2, 13.1: 57;26 1;kasmāt ||;
YSBhā zu YS, 2, 13.1: 57;27 1;yo hyadṛṣṭajanmavedanīyo .niyatavipākas tasya trayī gatiḥ |;
YSBhā zu YS, 2, 13.1: 57;28 1;kṛtasyāvipakvasya vināśaḥ pradhānakarmaṇy |;
YSBhā zu YS, 2, 13.1: 57;29 1;tatra kṛtasyāvipakvasya nāśo yathā śuklakarmodayād |;
YSBhā zu YS, 2, 13.1: 57;30 1;yatredam uktam ||;Yogasūtrabhāṣya YSBhā zu YS, 2, 13.1: 57 34;yatredam uktam ||;GOOD;;Yogasūtrabhāṣya YSBhā zu YS, 2, 23.1: 67 13;yatredam uktam ||;GOOD;;Yogasūtrabhāṣya YSBhā zu YS, 2, 32.1: 76 13;yatredam uktam ||;GOOD;;Āśvalāyanagṛhyasūtra ĀśGS, 1, 1: 1 1;uktāni vaitānikāni gṛhyāni vakṣyāmaḥ ||;!;;Āyurvedadīpikā ĀVDīp zu Ca, Sū., 26, 10.2: 45 4;asminn arthe asmin prakaraṇe ||;!;;Āyurvedadīpikā ĀVDīp zu Ca, Sū., 1, 15.1: 3 9;imāmiti agre vakṣyamāṇām ||;!;;Āyurvedadīpikā ĀVDīp zu Ca, Vim., 1, 24: 187 1;tatretyādau idamiti vakṣyamāṇam ||;!;;Divyāvadāna Divyāv, 1: 1 534;idamavocadbhagavān ||;!;;Divyāvadāna Divyāv, 2: 2 704;idamavocadbhagavān ||;!;;Divyāvadāna Divyāv, 3: 3 215;idamavocadbhagavān ||;!;;Divyāvadāna Divyāv, 4: 4 80;idamavocadbhagavān ||;!;;Divyāvadāna Divyāv, 5: 5 40;idamavocadbhagavān ||;!;;Divyāvadāna Divyāv, 6: 6 99;idamavocadbhagavān ||;!;;Divyāvadāna Divyāv, 7: 7 208;idamavocadbhagavān ||;!;;Divyāvadāna Divyāv, 8: 8 448;ayamasya ratnasyānubhāvaḥ ||;!;;Divyāvadāna Divyāv, 8: 8 555;idamavocadbhagavān ||;!;;Divyāvadāna Divyāv, 9: 9 121;idamavocadbhagavān ||;!;;Divyāvadāna Divyāv, 10: 10 9;idaṁ samudgakaṁ baddhvā cañcu ucyate ||;!;;Divyāvadāna Divyāv, 10: 10 12;idaṁ śvetāsthi durbhikṣamityucyate ||;!;;Divyāvadāna Divyāv, 10: 10 80;idamavocadbhagavān ||;!;;Divyāvadāna Divyāv, 11: 11 112;idamavocadbhagavān ||;!;;Divyāvadāna Divyāv, 12: 12 417;idamavocadbhagavān ||;!;;Divyāvadāna Divyāv, 14: 14 37;idamavocadbhagavān ||;!;;Divyāvadāna Divyāv, 15: 15 17;idamavocadbhagavān ||;!;;Divyāvadāna Divyāv, 16: 16 37;idamavocadbhagavān ||;!;;Divyāvadāna Divyāv, 17: 17 22;upasaṁkramya bhagavantamidamavocat parinirvātu ;!;;Divyāvadāna Divyāv, 17: 17 515;idamavocadbhagavān ||;!;;Divyāvadāna Divyāv, 19: 19 588;idamavocadbhagavān ||;!;;Khādiragṛhyasūtra KhGṛS, 2, 5: 7 6;uktam upanayanam ||;!;;Lalitavistara LalVis, 1: 1 77;tatredamucyate ||;!;;Lalitavistara LalVis, 7: 7 103;tatredamucyate ||;!;;Lalitavistara LalVis, 7: 7 127;tatredamucyate ||;!;;Lalitavistara LalVis, 11: 11 29;tatredamucyate ||;!;;Lalitavistara LalVis, 13: 13 6;tatredamucyate ||;!;;Mṛgendraṭīkā MṛgṬīkā zu MṛgT, Vidyāpāda, 5, 18.2: 116 10;ityanena pañcavidhaṁ vidheyamuktam ||;!;;Mugdhāvabodhinī MuA zu RHT, 1, 23.2: 22 9;anena sāmānyatvamuktam ||;!;;Mugdhāvabodhinī MuA zu RHT, 9, 5.2: 160 2;idaṁ vakṣyamāṇaṁ uparasasaṁjñakaṁ syāt ||;!;;Pañcārthabhāṣya PABh zu PāśupSūtra, 1, 3: 3 2;niruktam asya pūrvoktam ||;!;;Pañcārthabhāṣya PABh zu PāśupSūtra, 1, 9: 9 251;ucyate nāyaṁ doṣaḥ ||;!;;Pañcārthabhāṣya PABh zu PāśupSūtra, 2, 19: 64 5;niruktamasya pūrvoktam ||;!;;Rasaratnasamuccayaṭīkā RRSṬīkā zu RRS, 8, 72.2: 95 6;eṣāṁ lakṣaṇānyanupadaṁ vakṣyati ||;!;;Suśrutasaṁhitā Su, 1, 38: 38 70;anayor daśamūlam ucyate ||;!;;Yogasūtra YS, 4: 4 27;hānam eṣāṁ kleśavad uktam ||;!;;
YSBhā zu YS, 2, 13.1: 57;31 1;dve dve ha vai karmaṇī veditavye pāpakasyaiko rāśiḥ |;
YSBhā zu YS, 2, 13.1: 57;32 1;tad icchasva karmāṇi sukṛtāni kartum ihaiva te karma |;
YSBhā zu YS, 2, 13.1: 57;33 1;pradhānakarmaṇy āvāpagamanam ||;
YSBhā zu YS, 2, 13.1: 57;34 1;yatredam uktam ||;Yogasūtrabhāṣya YSBhā zu YS, 2, 13.1: 57 30;yatredam uktam ||;GOOD;;Yogasūtrabhāṣya YSBhā zu YS, 2, 23.1: 67 13;yatredam uktam ||;GOOD;;Yogasūtrabhāṣya YSBhā zu YS, 2, 32.1: 76 13;yatredam uktam ||;GOOD;;Āśvalāyanagṛhyasūtra ĀśGS, 1, 1: 1 1;uktāni vaitānikāni gṛhyāni vakṣyāmaḥ ||;!;;Āyurvedadīpikā ĀVDīp zu Ca, Sū., 26, 10.2: 45 4;asminn arthe asmin prakaraṇe ||;!;;Āyurvedadīpikā ĀVDīp zu Ca, Sū., 1, 15.1: 3 9;imāmiti agre vakṣyamāṇām ||;!;;Āyurvedadīpikā ĀVDīp zu Ca, Vim., 1, 24: 187 1;tatretyādau idamiti vakṣyamāṇam ||;!;;Divyāvadāna Divyāv, 1: 1 534;idamavocadbhagavān ||;!;;Divyāvadāna Divyāv, 2: 2 704;idamavocadbhagavān ||;!;;Divyāvadāna Divyāv, 3: 3 215;idamavocadbhagavān ||;!;;Divyāvadāna Divyāv, 4: 4 80;idamavocadbhagavān ||;!;;Divyāvadāna Divyāv, 5: 5 40;idamavocadbhagavān ||;!;;Divyāvadāna Divyāv, 6: 6 99;idamavocadbhagavān ||;!;;Divyāvadāna Divyāv, 7: 7 208;idamavocadbhagavān ||;!;;Divyāvadāna Divyāv, 8: 8 448;ayamasya ratnasyānubhāvaḥ ||;!;;Divyāvadāna Divyāv, 8: 8 555;idamavocadbhagavān ||;!;;Divyāvadāna Divyāv, 9: 9 121;idamavocadbhagavān ||;!;;Divyāvadāna Divyāv, 10: 10 9;idaṁ samudgakaṁ baddhvā cañcu ucyate ||;!;;Divyāvadāna Divyāv, 10: 10 12;idaṁ śvetāsthi durbhikṣamityucyate ||;!;;Divyāvadāna Divyāv, 10: 10 80;idamavocadbhagavān ||;!;;Divyāvadāna Divyāv, 11: 11 112;idamavocadbhagavān ||;!;;Divyāvadāna Divyāv, 12: 12 417;idamavocadbhagavān ||;!;;Divyāvadāna Divyāv, 14: 14 37;idamavocadbhagavān ||;!;;Divyāvadāna Divyāv, 15: 15 17;idamavocadbhagavān ||;!;;Divyāvadāna Divyāv, 16: 16 37;idamavocadbhagavān ||;!;;Divyāvadāna Divyāv, 17: 17 22;upasaṁkramya bhagavantamidamavocat parinirvātu ;!;;Divyāvadāna Divyāv, 17: 17 515;idamavocadbhagavān ||;!;;Divyāvadāna Divyāv, 19: 19 588;idamavocadbhagavān ||;!;;Khādiragṛhyasūtra KhGṛS, 2, 5: 7 6;uktam upanayanam ||;!;;Lalitavistara LalVis, 1: 1 77;tatredamucyate ||;!;;Lalitavistara LalVis, 7: 7 103;tatredamucyate ||;!;;Lalitavistara LalVis, 7: 7 127;tatredamucyate ||;!;;Lalitavistara LalVis, 11: 11 29;tatredamucyate ||;!;;Lalitavistara LalVis, 13: 13 6;tatredamucyate ||;!;;Mṛgendraṭīkā MṛgṬīkā zu MṛgT, Vidyāpāda, 5, 18.2: 116 10;ityanena pañcavidhaṁ vidheyamuktam ||;!;;Mugdhāvabodhinī MuA zu RHT, 1, 23.2: 22 9;anena sāmānyatvamuktam ||;!;;Mugdhāvabodhinī MuA zu RHT, 9, 5.2: 160 2;idaṁ vakṣyamāṇaṁ uparasasaṁjñakaṁ syāt ||;!;;Pañcārthabhāṣya PABh zu PāśupSūtra, 1, 3: 3 2;niruktam asya pūrvoktam ||;!;;Pañcārthabhāṣya PABh zu PāśupSūtra, 1, 9: 9 251;ucyate nāyaṁ doṣaḥ ||;!;;Pañcārthabhāṣya PABh zu PāśupSūtra, 2, 19: 64 5;niruktamasya pūrvoktam ||;!;;Rasaratnasamuccayaṭīkā RRSṬīkā zu RRS, 8, 72.2: 95 6;eṣāṁ lakṣaṇānyanupadaṁ vakṣyati ||;!;;Suśrutasaṁhitā Su, 1, 38: 38 70;anayor daśamūlam ucyate ||;!;;Yogasūtra YS, 4: 4 27;hānam eṣāṁ kleśavad uktam ||;!;;
YSBhā zu YS, 2, 13.1: 57;35 1;syāt svalpaḥ saṁkaraḥ saparihāraḥ sapratyavamarṣaḥ |;
YSBhā zu YS, 2, 13.1: 57;36 1;kasmāt ||;
YSBhā zu YS, 2, 13.1: 57;37 1;kuśalaṁ hi me bahvanyad asti yatrāyam āvāpaṁ gataḥ |;
YSBhā zu YS, 2, 13.1: 57;38 1;niyatavipākapradhānakarmaṇābhibhūtasya vā ciram |;
YSBhā zu YS, 2, 13.1: 57;39 1;katham iti ||;
YSBhā zu YS, 2, 13.1: 57;40 1;adṛṣṭajanmavedanīyasya niyatavipākasya na |;
YSBhā zu YS, 2, 13.1: 57;41 1;yat tvadṛṣṭajanmavedanīyaṁ karmāniyatavipākaṁ tan |;
YSBhā zu YS, 2, 13.1: 57;42 1;tadvipākasyaiva deśakālanimittānavadhāraṇād iyaṁ |;
YSBhā zu YS, 2, 13.1: 57;43 1;na cotsargasyāpavādān nivṛttir ityekabhavikaḥ karmāśayo |;
YSBhā zu YS, 2, 14.1: 58;1 1;te janmāyurbhogāḥ puṇyahetukāḥ sukhaphalā |;
YSBhā zu YS, 2, 14.1: 58;2 1;yathā cedaṁ duḥkhaṁ pratikūlātmakam evaṁ |;
YSBhā zu YS, 2, 14.1: 58;3 1;kathaṁ tad upapadyate ||;Aitareyabrāhmaṇa AitBr, 1, 4: 4 5;tattan nādṛtyam ||;!;;Aitareyabrāhmaṇa AitBr, 1, 11: 11 2;tat tan nādṛtyam ||;!;;Aitareyabrāhmaṇa AitBr, 2, 22: 52 2;tat tan nādṛtyam ||;!;;Aitareyabrāhmaṇa AitBr, 3, 18: 89 10;tat tan nādṛtyam ||;!;;Āpastambagṛhyasūtra ĀpGṛSū, 12: 11 9;tasmā anvāha tat savitur iti ||;!;;Arthaśāstra ArthaŚ, 1, 4: 4 15;sa tena guptaḥ prabhavati iti ||;!;;Arthaśāstra ArthaŚ, 1, 10: 10 10;tenodvegena rājā tān avarundhyāt ||;!;;Arthaśāstra ArthaŚ, 1, 15: 15 24;te yathā brūyustat kuryāt ||;!;;Arthaśāstra ArthaŚ, 1, 15: 15 55;sa taccakṣuḥ ||;!;;Aṣṭādhyāyī Aṣṭādhyāyī, 4, 2: 14 59;tad adhīte tad veda ||;!;;Aṣṭādhyāyī Aṣṭādhyāyī, 5, 1: 17 16;tad asya tad asmin syād iti ||;!;;Baudhāyanadharmasūtra BaudhDhSū, 1, 3: 3 43;tayos tad eva pāvanam ||;!;;Daśakumāracarita DKCar, 2, 2: 7 234;kathaṁ vopalabhyeta sa varākaḥ ||;!;;Daśakumāracarita DKCar, 2, 3: 8 178;akūjacaca sā taṁ janaṁ kṛtāntadṛtīvāhvayantī ||;!;;Daśakumāracarita DKCar, 2, 6: 11 6;sa tu tasyāḥ pāṇigrāhakamanujīviṣyati ||;!;;Divyāvadāna Divyāv, 1: 1 89;sā tenātyayam atyayataḥ kṣamāpitā ||;!;;Divyāvadāna Divyāv, 1: 1 139;tān dṛṣṭvā tasya kāruṇyamutpannam ||;!;;Divyāvadāna Divyāv, 1: 1 142;sa tānutsṛjya padbhyāṁ samprasthitaḥ ||;!;;Divyāvadāna Divyāv, 1: 1 145;sa tasya sakāśamupasaṁkrāntaḥ ||;!;;Divyāvadāna Divyāv, 1: 1 167;sa tasya sakāśamupasaṁkrāntaḥ ||;!;;Divyāvadāna Divyāv, 1: 1 190;sa tairdūrata eva dṛṣṭaḥ ||;!;;Divyāvadāna Divyāv, 1: 1 191;te taṁ pratyavabhāṣitumārabdhāḥ ||;!;;Divyāvadāna Divyāv, 1: 1 194;sa taiḥ snāpito bhojitaḥ ||;!;;Divyāvadāna Divyāv, 1: 1 239;sa tena snāpito bhojitaḥ ||;!;;Divyāvadāna Divyāv, 1: 1 325;tena tasyāḥ pratijñātam ||;!;;Divyāvadāna Divyāv, 1: 1 328;sa tasminneva vimāne uṣitaḥ ||;!;;Divyāvadāna Divyāv, 1: 1 341;sa tasyaurabhrikasya sakāśamupasaṁkrāntaḥ ||;!;;Divyāvadāna Divyāv, 1: 1 369;sa tasyā veśyāyāḥ sakāśamupasaṁkrāntaḥ ||;!;;Divyāvadāna Divyāv, 1: 1 397;sa taiḥ svareṇa pratyabhijñātaḥ ||;!;;Divyāvadāna Divyāv, 1: 1 428;sa tenopasaṁpāditaḥ ||;!;;Divyāvadāna Divyāv, 1: 1 494;taiḥ sa dvāre baddhvā sthāpitaḥ ||;!;;Divyāvadāna Divyāv, 1: 1 508;tena te karapratyāyāḥ samucchinnāḥ ||;!;;Divyāvadāna Divyāv, 2: 2 39;tayā tasyārocitam ||;!;;Divyāvadāna Divyāv, 2: 2 120;tābhiḥ sā pṛṣṭā tayā samākhyātam ||;!;;Divyāvadāna Divyāv, 2: 2 183;sa tamādāya vīthīṁ samprasthitaḥ ||;!;;Divyāvadāna Divyāv, 2: 2 188;sa tat kāṣṭhaṁ nirīkṣitumārabdhaḥ ||;!;;Divyāvadāna Divyāv, 2: 2 219;tena tāstisro gaṇḍikā darśitāḥ ||;!;;Divyāvadāna Divyāv, 2: 2 307;tena te śrutāḥ ||;!;;Divyāvadāna Divyāv, 2: 2 419;sa tābhyāṁ mānaṁ grāhitaḥ ||;!;;Divyāvadāna Divyāv, 3: 3 106;sa tān māṇavakān maitreyāya anupradāsyati ||;!;;Divyāvadāna Divyāv, 7: 7 33;sa tasyāḥ sakāśamupasaṁkrāntaḥ ||;!;;Divyāvadāna Divyāv, 7: 7 41;sā tāmapanetumārabdhā ||;!;;Divyāvadāna Divyāv, 7: 7 42;tasyāstasminnācāme .ṅguliḥ patitā ||;!;;Divyāvadāna Divyāv, 7: 7 86;sā tuṣite deve upapannā iti ||;!;;Divyāvadāna Divyāv, 7: 7 140;sa tasya kṣetraṁ rakṣitumārabdhaḥ ||;!;;Divyāvadāna Divyāv, 7: 7 149;sā tāmādāya gatā ||;!;;Divyāvadāna Divyāv, 7: 7 192;sa tayā prajvalitaḥ pradīpaḥ prajvalatyeva ||;!;;Divyāvadāna Divyāv, 12: 12 176;tat tasyopari nipatitam ||;!;;Divyāvadāna Divyāv, 13: 13 148;sa tayā mukhabimbakena pratyabhijñātaḥ ||;!;;Divyāvadāna Divyāv, 13: 13 157;tayā gatvā tasyāḥ pracchannaṁ kathitam ||;!;;Divyāvadāna Divyāv, 13: 13 299;tasya tannīlakṛtsnam āmukhībhūtam ||;!;;Divyāvadāna Divyāv, 13: 13 487;sa gṛhapatistaṁ dṛṣṭvā paryavasthitaḥ ||;!;;Divyāvadāna Divyāv, 13: 13 497;sa tasyānugrahārthamavatīrṇaḥ ||;!;;Divyāvadāna Divyāv, 17: 17 326;taiḥ sa rājā dṛṣṭa āgacchan ||;!;;Divyāvadāna Divyāv, 18: 18 212;tena tadapi bhuktam ||;!;;Divyāvadāna Divyāv, 18: 18 390;sa tān dṛṣṭvā pratibuddhaḥ ||;!;;Divyāvadāna Divyāv, 19: 19 232;taistad dṛṣṭam ||;!;;Divyāvadāna Divyāv, 19: 19 273;sa tāṁ gṛhītvā vīthīṁ gataḥ ||;!;;Divyāvadāna Divyāv, 19: 19 289;taiste punaḥ pratyavekṣitāḥ ||;!;;Divyāvadāna Divyāv, 19: 19 291;sa tairgṛhītaḥ ||;!;;Divyāvadāna Divyāv, 19: 19 313;sa taiḥ śabditaḥ ||;!;;Divyāvadāna Divyāv, 19: 19 338;tena tasya kārṣāpaṇasahasraṁ dattam ||;!;;Divyāvadāna Divyāv, 19: 19 404;sa taṁ tāḍayitumārabdhaḥ ||;!;;Divyāvadāna Divyāv, 19: 19 416;sa tasya gṛhaṁ gataḥ ||;!;;Divyāvadāna Divyāv, 19: 19 552;sa tena praveśitaḥ ||;!;;Gautamadharmasūtra GautDhS, 1, 1: 1 10;tad yasmāt sa ācāryaḥ ||;!;;Gautamadharmasūtra GautDhS, 1, 8: 8 7;tadapekṣas tadvṛttiḥ ||;!;;Gopathabrāhmaṇa NEW GB, 1, 1, 23: 23 6;te tam abruvan ||;!;;Gopathabrāhmaṇa NEW GB, 1, 2, 15: 54 28;te pathirakṣayas ta iyakṣamāṇaṁ pratinudantaḥ ||;!;;Jaiminīyabrāhmaṇa JB, 1, 12: 5 7;tām annam akuruta tāṁ pratyudadīpyata ||;!;;Jaiminīyabrāhmaṇa JB, 1, 12: 5 12;tām annam akuruta tāṁ pratyudadīpyata ||;!;;Kāmasūtra KāSū, 5, 4: 26 18;tasyāstayaiva pratyuttarāṇi yojayet ||;!;;Lalitavistara LalVis, 12: 12 23;sa tasyāstaṁ lekhamupanāmayati sma ||;!;;Maitrāyaṇīsaṁhitā MS, 2, 1, 1: 18 10;tāṁ vai tasmai kāmāyālabhanta ||;!;;Mṛgendraṭīkā MṛgṬīkā zu MṛgT, Vidyāpāda, 12, 15.1: 252 6;tatkathaṁ viṣayaniyamasiddhiḥ ||;!;;Nibandhasaṁgraha NiSaṁ zu Su, Sū., 1, 25.1: -1 1;tadyuktam teṣāmityādi ||;!;;Pañcārthabhāṣya PABh zu PāśupSūtra, 1, 25: 26 10;kathaṁ tasmād aviśeṣaḥ ||;!;;Pañcārthabhāṣya PABh zu PāśupSūtra, 2, 18: 63 8;taducyate tadarthameva ||;!;;Pañcārthabhāṣya PABh zu PāśupSūtra, 2, 19: 64 4;tasmādatra tapastadeva ||;!;;Pañcārthabhāṣya PABh zu PāśupSūtra, 4, 1: 99 9;tasmādatra tapastadeva ||;!;;Pañcārthabhāṣya PABh zu PāśupSūtra, 4, 8: 106 16;taducyate taṁ guṇaṁ jñātvā vakṣyāmaḥ ||;!;;Pañcārthabhāṣya PABh zu PāśupSūtra, 4, 12: 110 7;sa teṣām iṣṭāpūrtam ādatteti ||;!;;Pañcārthabhāṣya PABh zu PāśupSūtra, 5, 34: 156 37;sa bhavatu teṣām ||;!;;Pañcārthabhāṣya PABh zu PāśupSūtra, 5, 34: 156 81;te bhavantu teṣām ||;!;;Pāraskaragṛhyasūtra Pāraskaragṛhyasūtra, 1, 8: 6 13;tasmāt tayor grāmaḥ pramānam iti śruteḥ ||;!;;Pāśupatasūtra PāśupSūtra, 4: 4 11;sa teṣāmiṣṭāpūrtamādatta ||;!;;Saṅghabhedavastu SBhedaV, 1: 1 128;sa teṣāṁ nigṛhītavyāṁś ca nigṛhṇāti pragṛhītavyāṁś ca ;!;;Śāṅkhāyanāraṇyaka ŚāĀr, 3, 2: 28 5;taṁ yaḥ pratyāha tam atisṛjate ||;!;;Śāṅkhāyanāraṇyaka ŚāĀr, 7, 1: 77 3;tan mām avatu tad vaktāram avatvavatu mām avatu ;!;;Śāṅkhāyanāraṇyaka ŚāĀr, 8, 7: 106 5;sa yat karaṇīyaṁ manyeta tat kuryāt ||;!;;Sūryaśatakaṭīkā Sūryaśatakaṭīkā zu SūryaŚ, 1, 3.2: 3 16;tena śramastasmājjātastamiva ||;!;;Tantrākhyāyikā TAkhy, 1: 1 274;te tam āhuḥ ||;!;;Tantrākhyāyikā TAkhy, 2: 2 90;sā tam āha ||;!;;Vaiśeṣikasūtravṛtti VaiSūVṛ zu VaiśSū, 2, 1, 18.1: 18 5;sa kathaṁ jñāyata ityucyate ||;!;;Viṁśatikāvṛtti ViṁVṛtti zu ViṁKār, 1, 16.2: 27 2;kathaṁ tasya pratyakṣatvam iṣṭam ||;!;;Viṁśatikāvṛtti ViṁVṛtti zu ViṁKār, 1, 21.2: 36 1;tadapi katham ayathārtham ||;!;;Viṣṇupurāṇa ViPur, 4, 3: 59 30;sā tasya bhāryā citāṁ kṛtvā tam ;!;;Viṣṇupurāṇa ViPur, 4, 12: 68 36;sa ca tāṁ snuṣām upayeme ||;!;;Viṣṇusmṛti ViSmṛ, 5: 5 133;tac ca teṣāṁ dadyāt ||;!;;Yogasūtra YS, 1: 1 28;tajjapas tadarthabhāvanam ||;!;;Yogasūtrabhāṣya YSBhā zu YS, 2, 24.1: 68 7;sa tām āha ||;!;;
YSBhā zu YS, 2, 15.1: 59;1 1;sarvasyāyaṁ rāgānuviddhaś cetanācetanasādhanādhīnaḥ |;
YSBhā zu YS, 2, 15.1: 59;2 1;tathā ca dveṣṭi duḥkhasādhanāni muhyati ceti ||;
YSBhā zu YS, 2, 15.1: 59;3 1;dveṣamohakṛto .py asti karmāśayaḥ ||;
YSBhā zu YS, 2, 15.1: 59;4 1;tathā coktam ||;Mṛgendraṭīkā MṛgṬīkā zu MṛgT, Vidyāpāda, 2, 9.2: 39 2;tathā coktaṁ rurusaṁhitāyām ||;GOOD;;Yogasūtrabhāṣya YSBhā zu YS, 2, 30.1: 74 2;tathā coktam ||;GOOD;;Yogasūtrabhāṣya YSBhā zu YS, 2, 52.1: 96 5;tathā coktam ||;GOOD;;Amaraughaśāsana AmarŚās, 1: 1 56;uktaṁ ca bhagavatā maheśvareṇa ||;!;;Aṣṭādhyāyī Aṣṭādhyāyī, 1, 4: 4 50;tathāyuktaṁ ca anīpsitam ||;!;;Āśvalāyanagṛhyasūtra ĀśGS, 1, 1: 1 1;uktāni vaitānikāni gṛhyāni vakṣyāmaḥ ||;!;;Āyurvedadīpikā ĀVDīp zu Ca, Sū., 1, 2: 2 21;uvāca caināṁścaturaḥ iti ||;!;;Baudhāyanagṛhyasūtra BaudhGS, 1, 3: 4 28;tathāsthāpayati tathā juhoti ||;!;;Baudhāyanagṛhyasūtra BaudhGS, 1, 3: 4 30;tathaivāsthāpayati tathaiva juhoti ||;!;;Daśakumāracarita DKCar, 2, 7: 12 8;sa ca tathākārṣīt ||;!;;Gautamadharmasūtra GautDhS, 2, 4: 13 10;pramattokte ca ||;!;;Gautamadharmasūtra GautDhS, 3, 1: 19 1;ukto varṇadharmaś cāśramadharmaś ca ||;!;;Gautamadharmasūtra GautDhS, 3, 3: 21 5;tathā paratra cāsiddhiḥ ||;!;;Gūḍhārthadīpikā ŚGDīp zu ŚdhSaṁh, 2, 11, 20.2: 13 1;tathā ca pārāvateti sugamam ||;!;;Gūḍhārthadīpikā ŚGDīp zu ŚdhSaṁh, 2, 12, 38.1: 52 1;tathāparaṁ ca ||;!;;Kāmasūtra KāSū, 2, 8: 13 4;tāni ca vakṣyāmaḥ ||;!;;Kāvyālaṁkāra KāvyAl, 6: 6 33;yathā paṭayatītyādi ṇic prātipadikāttataḥ |ṇāviṣṭhavaditīṣṭyā ca tathā kraśayatītyapi ||;!;;Khādiragṛhyasūtra KhGṛS, 2, 5: 7 6;uktam upanayanam ||;!;;Khādiragṛhyasūtra KhGṛS, 2, 5: 7 9;tathālaṅkāraḥ ||;!;;Mṛgendraṭīkā MṛgṬīkā zu MṛgT, Vidyāpāda, 1, 1.2: 1 46;etac ca yathāvasaraṁ vakṣyāmaḥ ||;!;;Mṛgendraṭīkā MṛgṬīkā zu MṛgT, Vidyāpāda, 2, 12.1: 42 5;tathā cāha tatrabhavān bhartṛhariḥ ||;!;;Mṛgendraṭīkā MṛgṬīkā zu MṛgT, Vidyāpāda, 3, 4.2: 68 2;uktaṁ ca śrīmatkiraṇe ||;!;;Nibandhasaṁgraha NiSaṁ zu Su, Sū., 1, 25.1: -1 2;ca viṁśatireva jīvanamātraṁ doṣotpādanenātmanaḥ ;!;;Nibandhasaṁgraha NiSaṁ zu Su, Sū., 24, 6.2: -1 3;yogavāhitvaṁ ca anye tathā ityādi ||;!;;Nyāyasūtra NyāSū, 5, 2: 10 25;hetvābhāsāśca yathoktāḥ ||;!;;Pañcārthabhāṣya PABh zu PāśupSūtra, 1, 8: 8 26;apasavyaṁ ca pradakṣiṇam upariṣṭād vakṣyāmaḥ ||;!;;Pañcārthabhāṣya PABh zu PāśupSūtra, 1, 9: 9 87;tathā brahmacaryaṁ ca tantre siddham ||;!;;Pañcārthabhāṣya PABh zu PāśupSūtra, 1, 18: 19 8;iha ca purastād uktam ||;!;;Pañcārthabhāṣya PABh zu PāśupSūtra, 2, 5: 50 48;vṛttilābhaścotpattirityucyate ||;!;;Pañcārthabhāṣya PABh zu PāśupSūtra, 2, 7: 52 3;upakṣipyottaratra maṅgalaṁ pradakṣiṇaṁ ca vakṣyāmaḥ ||;!;;Pañcārthabhāṣya PABh zu PāśupSūtra, 2, 15: 60 18;ataścetyucyate atiyajanam ||;!;;Pañcārthabhāṣya PABh zu PāśupSūtra, 3, 3: 75 3;uktaṁ ca ||;!;;Pañcārthabhāṣya PABh zu PāśupSūtra, 3, 8: 80 4;iha coktaṁ pāpamiti ||;!;;Pañcārthabhāṣya PABh zu PāśupSūtra, 4, 9: 107 28;iha coktam uttama iti ||;!;;Pañcārthabhāṣya PABh zu PāśupSūtra, 5, 34: 156 46;parapīḍāyāṁ ca yathoktaḥ ||;!;;Pañcārthabhāṣya PABh zu PāśupSūtra, 5, 40: 162 9;padārthanigamanārthe cocyate ||;!;;Rasādhyāyaṭīkā RAdhyṬ zu RAdhy, 150.2: 27 9;tathā rāgāṁśca sahate ||;!;;Rasaratnasamuccayaṭīkā RRSṬīkā zu RRS, 10, 16.3: 144 5;uktaṁ ca rasahṛdaye ||;!;;Rasārṇavakalpa RAK, 1: 1 331;bhojanāni ca vakṣyāmi bhakṣyamāṇāni yāni ca ||;!;;Sarvāṅgasundarā SarvSund zu AHS, Utt., 39, 10.2: 75 4;etac ca bāhulyenoktam ||;!;;Śukasaptati Śusa, 23: 23 2;tathā ca |saṁsaatulaṇa jahiṁ caḍai tassuṇa jīviu dhaṇu |āi parā jahi lahijjai taṁ ji bhaṇijjii pemmu ||;!;;Śukasaptati Śusa, 23: 23 37;tathā ca |acalā calanti palae majjāaṁ sāarā vilaṅghanti |karuā vi taha vikāle paḍivaṇṇa sādha siḍhilenti ||;!;;Sūryaśatakaṭīkā Sūryaśatakaṭīkā zu SūryaŚ, 1, 9.2: 9 19;gāvo dhenavaścocyante ||;!;;Suśrutasaṁhitā Su, 1, 20: 20 6;tathā ;!;;Suśrutasaṁhitā Su, 1, 35: 35 41;prakṛtiṁ bheṣajaṁ copariṣṭādvakṣyāmaḥ ||;!;;Tantrākhyāyikā TAkhy, 1: 1 324;api coktam ||;!;;Tantrākhyāyikā TAkhy, 1: 1 372;uktaṁ ca ||;!;;Tantrākhyāyikā TAkhy, 1: 1 386;tathā cānuṣṭhite kacchapenābhihitau ||;!;;Tantrākhyāyikā TAkhy, 1: 1 552;tathā ca ||;!;;Tantrākhyāyikā TAkhy, 1: 1 610;tenoktaṁ ca ||;!;;Tantrākhyāyikā TAkhy, 2: 2 18;tathā ca ||;!;;Tantrākhyāyikā TAkhy, 2: 2 30;uktaṁ ca ||;!;;Tantrākhyāyikā TAkhy, 2: 2 168;tathā ca ||;!;;Tantrākhyāyikā TAkhy, 2: 2 172;uktaṁ ca ||;!;;Tantrākhyāyikā TAkhy, 2: 2 317;tathā ca samarthitavān ||;!;;Tantrākhyāyikā TAkhy, 2: 2 320;tathā ca ||;!;;Vaiśeṣikasūtra VaiśSū, 2, 2: 4 17;tathā dakṣiṇā pratīcyudīcī ca ||;!;;Vaiśeṣikasūtra VaiśSū, 7, 1: 13 2;guṇalakṣaṇaṁ coktam ||;!;;Vaiśeṣikasūtra VaiśSū, 7, 1: 13 29;tathā cātmā ||;!;;Vaiśeṣikasūtra VaiśSū, 9: 16 23;tathā svapnaḥ svapnāntikaṁ ca ||;!;;Vaiśeṣikasūtra VaiśSū, 10: 17 15;tathā rūpe kāraṇakāraṇasamavāyācca ||;!;;Vaiśeṣikasūtra VaiśSū, 10: 17 17;tathā kāraṇākāraṇasamavāyācca ||;!;;Vaiśeṣikasūtravṛtti VaiSūVṛ zu VaiśSū, 10, 20.1: 338 2;tasya cāmnāyāt samadhigama uktaḥ ||;!;;Vārāhagṛhyasūtra VārGṛSū, 5: 5 5;ukto .gnisaṁskāro brahmaṇaśca ||;!;;Viṣṇupurāṇa ViPur, 4, 6: 62 70;evam uktās tāś cāpsarasa ūcuḥ ||;!;;Viṣṇupurāṇa ViPur, 4, 13: 69 9;tataś cānamitraḥ tathānamitrān nighnaḥ ||;!;;Viṣṇupurāṇa ViPur, 4, 20: 76 16;tataś ca tam ūcur brāhmaṇāḥ ||;!;;Yogasūtrabhāṣya YSBhā zu YS, 2, 5.1: 49 4;uktaṁ ca ||;!;;Yogasūtrabhāṣya YSBhā zu YS, 2, 5.1: 49 10;tathā duḥkhe sukhakhyātiṁ vakṣyati ||;!;;Yogasūtrabhāṣya YSBhā zu YS, 2, 5.1: 49 14;tathaitad atroktam ||;!;;
YSBhā zu YS, 2, 15.1: 59;5 1;nānupahatya bhūtāny upabhogaḥ sambhavatīti ||;
YSBhā zu YS, 2, 15.1: 59;6 1;hiṁsākṛto .py asti śārīraḥ ||;
YSBhā zu YS, 2, 15.1: 59;7 1;viṣayasukhaṁ cāvidyety uktam ||;
YSBhā zu YS, 2, 15.1: 59;8 1;yā bhogeṣv indriyāṇāṁ tṛpter upaśāntis tat sukham ||;
YSBhā zu YS, 2, 15.1: 59;9 1;yā laulyād anupaśāntis tad duḥkham ||;
YSBhā zu YS, 2, 15.1: 59;10 1;na cendriyāṇāṁ bhogābhyāsena vaitṛṣṇyaṁ kartuṁ |;
YSBhā zu YS, 2, 15.1: 59;11 1;kasmāt ||;
YSBhā zu YS, 2, 15.1: 59;12 1;yato bhogābhyāsam anu vivardhante rāgāḥ kauśalāni |;
YSBhā zu YS, 2, 15.1: 59;13 1;tasmād anupāyaḥ sukhasya bhogābhyāsa iti ||;
YSBhā zu YS, 2, 15.1: 59;14 1;sa khalv ayaṁ vṛścikaviṣabhīta ivāśīviṣeṇa daṣṭo yaḥ |;
YSBhā zu YS, 2, 15.1: 59;15 1;viṣayānuvāsito mahati duḥkhapaṅke nimagna iti ||;
YSBhā zu YS, 2, 15.1: 59;16 1;eṣā pariṇāmaduḥkhatā nāma pratikūlā sukhāvasthāyām api |;
YSBhā zu YS, 2, 15.1: 59;17 1;atha kā tāpaduḥkhatā ||;
YSBhā zu YS, 2, 15.1: 59;18 1;sarvasya dveṣānuviddhaś cetanācetanasādhanādhīnas |;
YSBhā zu YS, 2, 15.1: 59;19 1;sukhasādhanāni ca prārthayamānaḥ kāyena vācā manasā ca |;
YSBhā zu YS, 2, 15.1: 59;20 1;parānugrahapīḍābhyāṁ dharmādharmāv upacinoti ||;
YSBhā zu YS, 2, 15.1: 59;21 1;sa karmāśayo lobhān mohācca bhavatīty eṣā |;
YSBhā zu YS, 2, 15.1: 59;22 1;kā punaḥ saṁskāraduḥkhatā ||;
YSBhā zu YS, 2, 15.1: 59;23 1;sukhānubhavāt sukhasaṁskārāśayo duḥkhānubhavād api |;
YSBhā zu YS, 2, 15.1: 59;24 1;evaṁ karmabhyo vipāke .nubhūyamāne sukhe duḥkhe vā |;
YSBhā zu YS, 2, 15.1: 59;25 1;evam idam anādi duḥkhasroto viprasṛtaṁ yoginam eva |;
YSBhā zu YS, 2, 15.1: 59;26 1;kasmāt ||;
YSBhā zu YS, 2, 15.1: 59;27 1;akṣipātrakalpo hi vidvān iti ||;
YSBhā zu YS, 2, 15.1: 59;28 1;yathorṇātantur akṣipātre nyastaḥ sparśena duḥkhayati |;
YSBhā zu YS, 2, 15.1: 59;29 1;itaraṁ tu svakarmopahṛtaṁ duḥkham upāttam upāttaṁ |;
YSBhā zu YS, 2, 15.1: 59;30 1;tad evam anādinā duḥkhasrotasā vyuhyamānam ātmānaṁ |;
YSBhā zu YS, 2, 15.1: 59;31 1;guṇavṛttivirodhāc ca duḥkham eva sarvaṁ vivekinaḥ ||;
YSBhā zu YS, 2, 15.1: 59;32 1;prakhyāpravṛttisthitirūpā buddhiguṇāḥ |;
YSBhā zu YS, 2, 15.1: 59;33 1;calaṁ ca guṇavṛttam iti kṣiprapariṇāmi cittam uktam ||;
YSBhā zu YS, 2, 15.1: 59;34 1;rūpātiśayā vṛttyatiśayāśca paraspareṇa virudhyante |;
YSBhā zu YS, 2, 15.1: 59;35 1;evam ete guṇā |;
YSBhā zu YS, 2, 15.1: 59;36 1;tasmād duḥkham eva sarvaṁ vivekina iti ||;
YSBhā zu YS, 2, 15.1: 59;37 1;tad asya mahato duḥkhasamudāyasya prabhavabījam |;
YSBhā zu YS, 2, 15.1: 59;38 1;tasyāśca samyagdarśanam abhāvahetuḥ ||;
YSBhā zu YS, 2, 15.1: 59;39 1;yathā cikitsāśāstraṁ caturvyūhaṁ rogo rogahetur ārogyaṁ |;
YSBhā zu YS, 2, 15.1: 59;40 1;tad yathā saṁsāraḥ saṁsārahetur mokṣo mokṣopāya iti ||;
YSBhā zu YS, 2, 15.1: 59;41 1;tatra duḥkhabahulaḥ saṁsāro heyaḥ ||;
YSBhā zu YS, 2, 15.1: 59;42 1;pradhānapuruṣayoḥ saṁyogo heyahetuḥ ||;
YSBhā zu YS, 2, 15.1: 59;43 1;saṁyogasyātyantikī nivṛttir hānam ||;
YSBhā zu YS, 2, 15.1: 59;44 1;hānopāyaḥ samyagdarśanam ||;
YSBhā zu YS, 2, 15.1: 59;45 1;tatra hātuḥ svarūpam upādeyaṁ vā heyaṁ vā na bhavitum |;
YSBhā zu YS, 2, 15.1: 59;46 1;hāne tasyocchedavādaprasaṅgaḥ upādāne ca hetuvādaḥ |;
YSBhā zu YS, 2, 15.1: 59;47 1;tad etacchāstraṁ caturvyūham ityabhidhīyate ||;
YSBhā zu YS, 2, 16.1: 60;1 1;duḥkham atītam upabhogenātivāhitaṁ na heyapakṣe |;
YSBhā zu YS, 2, 16.1: 60;2 1;vartamānaṁ ca svakṣaṇe bhogārūḍham iti na tatkṣaṇāntare |;
YSBhā zu YS, 2, 16.1: 60;3 1;tasmād yad evānāgataṁ duḥkhaṁ tad evākṣipātrakalpaṁ |;
YSBhā zu YS, 2, 16.1: 60;4 1;tad eva heyatām āpadyate ||;Tantrasāra TantraS, 9: 9 9;tatsaṁskārahīnā saiva prabuddhā mantreśasya ||;!;;
YSBhā zu YS, 2, 16.1: 60;5 1;tasmād yad eva heyam ity ucyate tasyaiva kāraṇaṁ |;
YSBhā zu YS, 2, 17.1: 61;1 1;draṣṭā buddheḥ pratisaṁvedī puruṣaḥ ||;Yogasūtrabhāṣya YSBhā zu YS, 2, 20.1: 64 2;sa puruṣo buddheḥ pratisaṁvedī ||;!;;Yogasūtrabhāṣya YSBhā zu YS, 1, 7.1: 6 3;buddheḥ pratisaṁvedī puruṣa ityupariṣṭād ;!;;
YSBhā zu YS, 2, 17.1: 61;2 1;dṛśyā buddhisattvopārūḍhāḥ sarve dharmāḥ ||;
YSBhā zu YS, 2, 17.1: 61;3 1;tad etad dṛśyam ayaskāntamaṇikalpaṁ |;
YSBhā zu YS, 2, 17.1: 61;4 1;anubhavakarmaviṣayatām āpannam tayor |;

YSBhā zu YS, 2, 17.1: 61;6 1;kasmāt ||;
YSBhā zu YS, 2, 17.1: 61;7 1;duḥkhahetoḥ parihāryasya pratīkāradarśanāt ||;
YSBhā zu YS, 2, 17.1: 61;8 1;tad yathā pādatalasya bhedyatā kaṇṭakasya bhettṛtvaṁ |;
YSBhā zu YS, 2, 17.1: 61;9 1;etat trayaṁ yo veda loke sa tatra pratīkāram ārabhamāṇo |;
YSBhā zu YS, 2, 17.1: 61;10 1;kasmāt ||;
YSBhā zu YS, 2, 17.1: 61;11 1;tritvopalabdhisāmarthyād iti ||;
YSBhā zu YS, 2, 17.1: 61;12 1;atrāpi tāpakasya rajasaḥ sattvam eva tapyaṁ ||;
YSBhā zu YS, 2, 17.1: 61;13 1;kasmāt ||;
YSBhā zu YS, 2, 17.1: 61;14 1;tapikriyāyāḥ karmasthatvāt ||;Vaiśeṣikasūtra VaiśSū, 1, 2: 2 16;karmaṇi bhāvāt karmatvam uktam ||;!;;
YSBhā zu YS, 2, 17.1: 61;15 1;sattve karmaṇi tapikriyā nāpariṇāmini niṣkriye kṣetrajñe ||;
YSBhā zu YS, 2, 17.1: 61;16 1;darśitaviṣayatvāt sattve tu tapyamāne tadākārānurodhī |;
YSBhā zu YS, 2, 18.1: 62;1 1;prakāśaśīlaṁ sattvam ||;
YSBhā zu YS, 2, 18.1: 62;2 1;kriyāśīlaṁ rajaḥ ||;
YSBhā zu YS, 2, 18.1: 62;3 1;sthitiśīlaṁ tama iti ||;
YSBhā zu YS, 2, 18.1: 62;4 1;ete guṇāḥ parasparoparaktapravibhāgāḥ pariṇāminaḥ |;
YSBhā zu YS, 2, 18.1: 62;5 1;etad dṛśyam ity ucyate ||;Āyurvedadīpikā ĀVDīp zu Ca, Sū., 27, 177.2: 121 21;etānīti haritavargoktāni ||;!;;Ayurvedarasāyana Ayurvedarasāyana zu AHS, Sū., 9, 23.1: 27 33;ity etan nidarśanamātram uktam ||;!;;Nibandhasaṁgraha NiSaṁ zu Su, Sū., 24, 8.4: -1 13;balaṁ ityatra eveti rasādīnāṁ ataḥśabdo pramāṇānyuktāni ;!;;Pañcārthabhāṣya PABh zu PāśupSūtra, 1, 9: 9 320;ata etaduktaṁmahādevasya dakṣiṇāmūrteḥ iti ||;!;;Parāśarasmṛtiṭīkā Parāśarasmṛtiṭīkā zu ParDhSmṛti, 2, 2.1: 1 22;etad evābhivyañjayituṁ pūrvam ityuktam ||;!;;Rasādhyāyaṭīkā RAdhyṬ zu RAdhy, 150.2: 27 13;etat thūthāviḍam ityucyate ||;!;;Rasaratnasamuccayaṭīkā RRSṬīkā zu RRS, 10, 42.3: 157 4;eṣā pātālakoṣṭhiketyucyate ||;!;;Śāṅkhāyanāraṇyaka ŚāĀr, 5, 2: 50 19;evam u haitad iti hendra uvāca ||;!;;Śāṅkhāyanāraṇyaka ŚāĀr, 5, 3: 51 11;ityevaṁ hi paśyāma iti ||;!;;Viṣṇusmṛti ViSmṛ, 98: 98 3;ityevam ukto bhagavāṁs tathetyuvāca ||;!;;Yogasūtrabhāṣya YSBhā zu YS, 3, 44.1: 110 18;etat svarūpam ityuktam ||;!;;
YSBhā zu YS, 2, 18.1: 62;6 1;tad etad bhūtendriyātmakaṁ bhūtabhāvena pṛthivyādinā |;
YSBhā zu YS, 2, 18.1: 62;7 1;tat tu nāprayojanam api tu prayojanam urarīkṛtya |;
YSBhā zu YS, 2, 18.1: 62;8 1;tatreṣṭāniṣṭaguṇasvarūpāvadhāraṇam avibhāgāpannaṁ |;
YSBhā zu YS, 2, 18.1: 62;9 1;dvayor atiriktam anyad darśanaṁ nāsti ||;

YSBhā zu YS, 2, 18.1: 62;11 1;tāv etau bhogāpavargau buddhikṛtau buddhāv eva |;
YSBhā zu YS, 2, 18.1: 62;12 1;yathā ca jayaḥ parājayo vā yoddhṛṣu vartamānaḥ svāmini |;
YSBhā zu YS, 2, 18.1: 62;13 1;buddher eva puruṣārthāparisamāptir bandhas |;
YSBhā zu YS, 2, 18.1: 62;14 1;etena grahaṇadhāraṇohāpohatattvajñānābhiniveśā buddhau |;
YSBhā zu YS, 2, 18.1: 62;15 1;dṛśyānāṁ tu guṇānāṁ svarūpabhedāvadhāraṇārtham idam |;
YSBhā zu YS, 2, 19.1: 63;1 1;tatrākāśavāyvagnyudakabhūmayo bhūtāni |;
YSBhā zu YS, 2, 19.1: 63;2 1;tathā śrotratvakcakṣurjihvāghrāṇāni buddhīndriyāṇi |;
YSBhā zu YS, 2, 19.1: 63;3 1;guṇānām eṣa ṣoḍaśako viśeṣapariṇāmaḥ ||;
YSBhā zu YS, 2, 19.1: 63;4 1;ṣaḍ aviśeṣāḥ ||;

YSBhā zu YS, 2, 19.1: 63;6 1;ete sattāmātrasyātmano mahataḥ ṣaḍ aviśeṣapariṇāmāḥ ||;
YSBhā zu YS, 2, 19.1: 63;7 1;yat tatparam aviśeṣebhyo liṅgamātraṁ mahattattvaṁ |;
YSBhā zu YS, 2, 19.1: 63;8 1;eṣa teṣāṁ liṅgamātraḥ pariṇāmo niḥsattāsattaṁ |;
YSBhā zu YS, 2, 19.1: 63;9 1;aliṅgāvasthāyāṁ na puruṣārtho hetuḥ ||;
YSBhā zu YS, 2, 19.1: 63;10 1;nāliṅgāvasthāyām ādau puruṣārthatā kāraṇaṁ bhavatīti na |;
YSBhā zu YS, 2, 19.1: 63;11 1;trayāṇāṁ tv avasthāviśeṣāṇām ādau puruṣārthatā kāraṇaṁ |;
YSBhā zu YS, 2, 19.1: 63;12 1;sa cārtho hetur nimittaṁ kāraṇaṁ bhavatīty anityākhyāyate |;
YSBhā zu YS, 2, 19.1: 63;13 1;guṇās tu sarvadharmānupātino na pratyastam ayante |;
YSBhā zu YS, 2, 19.1: 63;14 1;vyaktibhir evātītānāgatavyayāgamavatībhir |;
YSBhā zu YS, 2, 19.1: 63;15 1;yathā devadatto daridrāti ||;
YSBhā zu YS, 2, 19.1: 63;16 1;kasmāt ||;
YSBhā zu YS, 2, 19.1: 63;17 1;yato .sya mriyante gāva iti ||;
YSBhā zu YS, 2, 19.1: 63;18 1;gavām eva maraṇāt tasya daridratā na svarūpahānād iti |;
YSBhā zu YS, 2, 19.1: 63;19 1;liṅgamātram aliṅgasya pratyāsannaṁ tatra tatsaṁsṛṣṭaṁ |;
YSBhā zu YS, 2, 19.1: 63;20 1;tathā ṣaḍ aviśeṣā liṅgamātre saṁsṛṣṭā vivicyante |;
YSBhā zu YS, 2, 19.1: 63;21 1;tathā teṣv aviśeṣeṣu bhūtendriyāṇi saṁsṛṣṭāni vivicyante |;
YSBhā zu YS, 2, 19.1: 63;22 1;na viśeṣebhyaḥ paraṁ tattvāntaram astīti viśeṣāṇāṁ nāsti |;
YSBhā zu YS, 2, 19.1: 63;23 1;teṣāṁ tu dharmalakṣaṇāvasthāpariṇāmā vyākhyāsyante ||;
YSBhā zu YS, 2, 19.1: 63;24 1;vyākhyātaṁ dṛśyam ||;
YSBhā zu YS, 2, 19.1: 63;25 1;atha draṣṭuḥ svarūpāvadhāraṇārtham idam ārabhyate ||;
YSBhā zu YS, 2, 20.1: 64;1 1;dṛśimātra iti dṛkśaktir eva viśeṣaṇāparāmṛṣṭety arthaḥ ||;
YSBhā zu YS, 2, 20.1: 64;2 1;sa puruṣo buddheḥ pratisaṁvedī ||;Yogasūtrabhāṣya YSBhā zu YS, 2, 17.1: 61 1;draṣṭā buddheḥ pratisaṁvedī puruṣaḥ ||;!;;Yogasūtrabhāṣya YSBhā zu YS, 1, 7.1: 6 3;buddheḥ pratisaṁvedī puruṣa ityupariṣṭād ;!;;
YSBhā zu YS, 2, 20.1: 64;3 1;sa buddher na sarūpo nātyantaṁ virūpa iti ||;
YSBhā zu YS, 2, 20.1: 64;4 1;na tāvat sarūpaḥ ||;Aitareyabrāhmaṇa AitBr, 6, 15: 202 8;na parā jayethe na parā jigya iti ||;!;;Atharvaveda Śaunaka) AVŚ, 11, 3: 461 30;naivāham odanaṁ na mām odanaḥ ||;!;;Baudhāyanadharmasūtra BaudhDhSū, 1, 3: 3 29;nāsīno nāsīnāya na śayāno na śayānāya nāprayato ;!;;Divyāvadāna Divyāv, 12: 12 171;tvayā tāvanna gantavyam ||;!;;Khādiragṛhyasūtra KhGṛS, 2, 5: 7 7;nācariṣyantaṁ saṁvatsaram ||;!;;Khādiragṛhyasūtra KhGṛS, 2, 5: 7 13;nāsya kāme retas skandet ||;!;;Khādiragṛhyasūtra KhGṛS, 2, 5: 7 14;na goyuktam ārohet ||;!;;Khādiragṛhyasūtra KhGṛS, 2, 5: 7 15;na grāma upānahau ||;!;;Khādiragṛhyasūtra KhGṛS, 2, 5: 7 18;nādityavratam ekeṣām ||;!;;Khādiragṛhyasūtra KhGṛS, 2, 5: 7 21;na cāpo cāpo cāpo cāpo .bhyupayanti ||;!;;Nāṭyaśāstravivṛti NŚVi zu NāṭŚ, 6, 32.2: 1 104;na tāvacchokena tasya tadabhāvāt ||;!;;Nyāyasūtra NyāSū, 4, 1: 7 48;nāsanna sanna sadasat sadasator vaidharmyāt ||;!;;Rasādhyāyaṭīkā RAdhyṬ zu RAdhy, 166.2: 31 21;na hīnaṁ na cādhikam ||;!;;Śāṅkhāyanāraṇyaka ŚāĀr, 1, 8: 8 24;naivaṁ viduṣo .vatardo naivaṁ viduṣo .vatardaḥ ||;!;;Viṁśatikāvṛtti ViṁVṛtti zu ViṁKār, 1, 2.2: 2 10;na khalu na yujyate yasmāt ||;!;;Viṁśatikāvṛtti ViṁVṛtti zu ViṁKār, 1, 5.2: 8 6;na te na sambhavantyeva ||;!;;Viṣṇusmṛti ViSmṛ, 22: 22 28;nāsyāgnisaṁskāro nodakakriyā ||;!;;Viṣṇusmṛti ViSmṛ, 71: 71 10;na nāstītyabhibhāṣeta ||;!;;Yogasūtrabhāṣya YSBhā zu YS, 2, 20.1: 64 13;ato na sarūpaḥ ||;!;;
YSBhā zu YS, 2, 20.1: 64;5 1;kasmāt ||;
YSBhā zu YS, 2, 20.1: 64;6 1;jñātājñātaviṣayatvāt pariṇāminī hi buddhiḥ tasyāśca viṣayo |;
YSBhā zu YS, 2, 20.1: 64;7 1;sadājñātaviṣayatvaṁ tu puruṣasyāpariṇāmitvaṁ |;
YSBhā zu YS, 2, 20.1: 64;8 1;kasmāt ||;
YSBhā zu YS, 2, 20.1: 64;9 1;na hi buddhiśca nāma puruṣaviṣayaśca syād gṛhītāgṛhītā |;
YSBhā zu YS, 2, 20.1: 64;10 1;kiṁ ca parārthā buddhiḥ saṁhatyakāritvāt svārthaḥ puruṣa |;
YSBhā zu YS, 2, 20.1: 64;11 1;tathā sarvārthādhyavasāyakatvāt triguṇā buddhis |;
YSBhā zu YS, 2, 20.1: 64;12 1;guṇānāṁ tūpadraṣṭā puruṣa iti ||;
YSBhā zu YS, 2, 20.1: 64;13 1;ato na sarūpaḥ ||;Aitareyabrāhmaṇa AitBr, 6, 15: 202 8;na parā jayethe na parā jigya iti ||;!;;Atharvaveda Śaunaka) AVŚ, 11, 3: 461 30;naivāham odanaṁ na mām odanaḥ ||;!;;Baudhāyanadharmasūtra BaudhDhSū, 1, 3: 3 29;nāsīno nāsīnāya na śayāno na śayānāya nāprayato ;!;;Khādiragṛhyasūtra KhGṛS, 2, 5: 7 7;nācariṣyantaṁ saṁvatsaram ||;!;;Khādiragṛhyasūtra KhGṛS, 2, 5: 7 13;nāsya kāme retas skandet ||;!;;Khādiragṛhyasūtra KhGṛS, 2, 5: 7 14;na goyuktam ārohet ||;!;;Khādiragṛhyasūtra KhGṛS, 2, 5: 7 15;na grāma upānahau ||;!;;Khādiragṛhyasūtra KhGṛS, 2, 5: 7 18;nādityavratam ekeṣām ||;!;;Khādiragṛhyasūtra KhGṛS, 2, 5: 7 21;na cāpo cāpo cāpo cāpo .bhyupayanti ||;!;;Mṛgendraṭīkā MṛgṬīkā zu MṛgT, Vidyāpāda, 9, 5.2: 164 2;ato nāsyānityatvam ||;!;;Nyāyasūtra NyāSū, 4, 1: 7 48;nāsanna sanna sadasat sadasator vaidharmyāt ||;!;;Pañcārthabhāṣya PABh zu PāśupSūtra, 1, 9: 9 34;ato na saṁśayaḥ ||;!;;Pañcārthabhāṣya PABh zu PāśupSūtra, 1, 40: 41 20;nirabhimānitvaṁ nānyeṣām ityataḥ ||;!;;Pañcārthabhāṣya PABh zu PāśupSūtra, 2, 6: 51 11;ato na karmāpekṣa īśvaraḥ ||;!;;Rasādhyāyaṭīkā RAdhyṬ zu RAdhy, 166.2: 31 21;na hīnaṁ na cādhikam ||;!;;Śāṅkhāyanāraṇyaka ŚāĀr, 1, 8: 8 24;naivaṁ viduṣo .vatardo naivaṁ viduṣo .vatardaḥ ||;!;;Sarvāṅgasundarā SarvSund zu AHS, Sū., 9, 1.2: 2 41;ato na rūpavad vyoma ||;!;;Vaiśeṣikasūtravṛtti VaiSūVṛ zu VaiśSū, 7, 2, 23.1: 265 3;ato na sambandhaḥ ||;!;;Vārāhagṛhyasūtra VārGṛSū, 8: 8 10;nāta ūrdhvamabhreṣu ||;!;;Viṁśatikāvṛtti ViṁVṛtti zu ViṁKār, 1, 2.2: 2 10;na khalu na yujyate yasmāt ||;!;;Viṁśatikāvṛtti ViṁVṛtti zu ViṁKār, 1, 5.2: 8 6;na te na sambhavantyeva ||;!;;Viṣṇusmṛti ViSmṛ, 6: 6 28;nātaḥ param anicchubhiḥ ||;!;;Viṣṇusmṛti ViSmṛ, 22: 22 28;nāsyāgnisaṁskāro nodakakriyā ||;!;;Viṣṇusmṛti ViSmṛ, 71: 71 10;na nāstītyabhibhāṣeta ||;!;;Yogasūtrabhāṣya YSBhā zu YS, 2, 20.1: 64 4;na tāvat sarūpaḥ ||;!;;
YSBhā zu YS, 2, 20.1: 64;14 1;astu tarhi virūpa iti ||;Mṛgendraṭīkā MṛgṬīkā zu MṛgT, Vidyāpāda, 2, 17.1: 50 26;syād asti syān nāsti syād asti ca nāsti ca syād avaktavyaṁ ;!;;
YSBhā zu YS, 2, 20.1: 64;15 1;nātyantaṁ virūpaḥ ||;Aitareyabrāhmaṇa AitBr, 6, 15: 202 8;na parā jayethe na parā jigya iti ||;!;;Atharvaveda Śaunaka) AVŚ, 11, 3: 461 30;naivāham odanaṁ na mām odanaḥ ||;!;;Baudhāyanadharmasūtra BaudhDhSū, 1, 3: 3 29;nāsīno nāsīnāya na śayāno na śayānāya nāprayato ;!;;Khādiragṛhyasūtra KhGṛS, 2, 5: 7 7;nācariṣyantaṁ saṁvatsaram ||;!;;Khādiragṛhyasūtra KhGṛS, 2, 5: 7 13;nāsya kāme retas skandet ||;!;;Khādiragṛhyasūtra KhGṛS, 2, 5: 7 14;na goyuktam ārohet ||;!;;Khādiragṛhyasūtra KhGṛS, 2, 5: 7 15;na grāma upānahau ||;!;;Khādiragṛhyasūtra KhGṛS, 2, 5: 7 18;nādityavratam ekeṣām ||;!;;Khādiragṛhyasūtra KhGṛS, 2, 5: 7 21;na cāpo cāpo cāpo cāpo .bhyupayanti ||;!;;Nyāyasūtra NyāSū, 4, 1: 7 48;nāsanna sanna sadasat sadasator vaidharmyāt ||;!;;Rasādhyāyaṭīkā RAdhyṬ zu RAdhy, 166.2: 31 21;na hīnaṁ na cādhikam ||;!;;Śāṅkhāyanāraṇyaka ŚāĀr, 1, 8: 8 24;naivaṁ viduṣo .vatardo naivaṁ viduṣo .vatardaḥ ||;!;;Viṁśatikāvṛtti ViṁVṛtti zu ViṁKār, 1, 2.2: 2 10;na khalu na yujyate yasmāt ||;!;;Viṁśatikāvṛtti ViṁVṛtti zu ViṁKār, 1, 5.2: 8 6;na te na sambhavantyeva ||;!;;Viṣṇusmṛti ViSmṛ, 22: 22 28;nāsyāgnisaṁskāro nodakakriyā ||;!;;Viṣṇusmṛti ViSmṛ, 71: 71 10;na nāstītyabhibhāṣeta ||;!;;
YSBhā zu YS, 2, 20.1: 64;16 1;kasmāt ||;
YSBhā zu YS, 2, 20.1: 64;17 1;śuddho .pyasau pratyayānupaśyaḥ ||;Yogasūtra YS, 2: 2 20;draṣṭā dṛśimātraḥ śuddho .pi pratyayānupaśyaḥ ||;!;;
YSBhā zu YS, 2, 20.1: 64;18 1;yataḥ pratyayaṁ bauddham anupaśyati ||;
YSBhā zu YS, 2, 20.1: 64;19 1;tam anupaśyann atadātmāpi tadātmaka iva |;

YSBhā zu YS, 2, 21.1: 65;1 1;dṛśirūpasya puruṣasya karmarūpatām āpannaṁ dṛśyam iti |;
YSBhā zu YS, 2, 21.1: 65;2 1;tatsvarūpaṁ tu pararūpeṇa pratilabdhātmakaṁ |;
YSBhā zu YS, 2, 21.1: 65;3 1;svarūpahānād asya nāśaḥ prāptaḥ na tu vinaśyati ||;
YSBhā zu YS, 2, 21.1: 65;4 1;kasmāt ||;
YSBhā zu YS, 2, 22.1: 66;1 1;kṛtārtham ekaṁ puruṣaṁ prati dṛśyaṁ naṣṭam api nāśaṁ |;
YSBhā zu YS, 2, 22.1: 66;2 1;kuśalaṁ puruṣaṁ prati nāśaṁ prāptam apy akuśalān |;
YSBhā zu YS, 2, 22.1: 66;3 1;ataśca dṛgdarśanaśaktyor nityatvād anādiḥ saṁyogo |;

YSBhā zu YS, 2, 22.1: 66;5 1;saṁyogasvarūpābhidhitsayedaṁ sūtraṁ pravavṛte ||;
YSBhā zu YS, 2, 23.1: 67;1 1;puruṣaḥ svāmī dṛśyena svena darśanārthaṁ saṁyuktaḥ ||;
YSBhā zu YS, 2, 23.1: 67;2 1;tasmāt saṁyogād dṛśyasyopalabdhir yā sa bhogaḥ yā tu |;
YSBhā zu YS, 2, 23.1: 67;3 1;darśanakāryāvasānaḥ saṁyoga iti darśanaṁ viyogasya |;
YSBhā zu YS, 2, 23.1: 67;4 1;darśanam adarśanasya pratidvaṁdvīty adarśanaṁ |;
YSBhā zu YS, 2, 23.1: 67;5 1;nātra darśanaṁ mokṣakāraṇam adarśanābhāvād eva |;
YSBhā zu YS, 2, 23.1: 67;6 1;darśanasya bhāve bandhakāraṇasyādarśanasya nāśa ity ato |;
YSBhā zu YS, 2, 23.1: 67;7 1;kiṁ cedam adarśanaṁ nāma ||;
YSBhā zu YS, 2, 23.1: 67;8 1;kiṁ guṇānām adhikāraḥ ||;Pañcārthabhāṣya PABh zu PāśupSūtra, 2, 3: 48 3;keṣāṁ kena vā paraḥ ||;!;;Rasaratnasamuccayaṭīkā RRSṬīkā zu RRS, 10, 50.2: 160 16;kiṁ bahunā guṇavarṇanena ||;!;;Vaiśeṣikasūtra VaiśSū, 1, 1: 1 9;guṇāś ca guṇāntaram ||;!;;Vaiśeṣikasūtra VaiśSū, 1, 2: 2 14;guṇe bhāvād guṇatvam uktam ||;!;;Yogasūtrabhāṣya YSBhā zu YS, 2, 23.1: 67 10;kim arthavattā guṇānām ||;!;;
YSBhā zu YS, 2, 23.1: 67;9 1;āhosvid dṛśirūpasya svāmino darśitaviṣayasya |;
YSBhā zu YS, 2, 23.1: 67;10 1;kim arthavattā guṇānām ||;
YSBhā zu YS, 2, 23.1: 67;11 1;athāvidyā svacittena saha niruddhā svacittasyotpattibījam |;
YSBhā zu YS, 2, 23.1: 67;12 1;kiṁ sthitisaṁskārakṣaye gatisaṁskārābhivyaktiḥ ||;
YSBhā zu YS, 2, 23.1: 67;13 1;yatredam uktam ||;Yogasūtrabhāṣya YSBhā zu YS, 2, 13.1: 57 30;yatredam uktam ||;GOOD;;Yogasūtrabhāṣya YSBhā zu YS, 2, 13.1: 57 34;yatredam uktam ||;GOOD;;Yogasūtrabhāṣya YSBhā zu YS, 2, 32.1: 76 13;yatredam uktam ||;GOOD;;Āśvalāyanagṛhyasūtra ĀśGS, 1, 1: 1 1;uktāni vaitānikāni gṛhyāni vakṣyāmaḥ ||;!;;Āyurvedadīpikā ĀVDīp zu Ca, Sū., 26, 10.2: 45 4;asminn arthe asmin prakaraṇe ||;!;;Āyurvedadīpikā ĀVDīp zu Ca, Sū., 1, 15.1: 3 9;imāmiti agre vakṣyamāṇām ||;!;;Āyurvedadīpikā ĀVDīp zu Ca, Vim., 1, 24: 187 1;tatretyādau idamiti vakṣyamāṇam ||;!;;Divyāvadāna Divyāv, 1: 1 534;idamavocadbhagavān ||;!;;Divyāvadāna Divyāv, 2: 2 704;idamavocadbhagavān ||;!;;Divyāvadāna Divyāv, 3: 3 215;idamavocadbhagavān ||;!;;Divyāvadāna Divyāv, 4: 4 80;idamavocadbhagavān ||;!;;Divyāvadāna Divyāv, 5: 5 40;idamavocadbhagavān ||;!;;Divyāvadāna Divyāv, 6: 6 99;idamavocadbhagavān ||;!;;Divyāvadāna Divyāv, 7: 7 208;idamavocadbhagavān ||;!;;Divyāvadāna Divyāv, 8: 8 448;ayamasya ratnasyānubhāvaḥ ||;!;;Divyāvadāna Divyāv, 8: 8 555;idamavocadbhagavān ||;!;;Divyāvadāna Divyāv, 9: 9 121;idamavocadbhagavān ||;!;;Divyāvadāna Divyāv, 10: 10 9;idaṁ samudgakaṁ baddhvā cañcu ucyate ||;!;;Divyāvadāna Divyāv, 10: 10 12;idaṁ śvetāsthi durbhikṣamityucyate ||;!;;Divyāvadāna Divyāv, 10: 10 80;idamavocadbhagavān ||;!;;Divyāvadāna Divyāv, 11: 11 112;idamavocadbhagavān ||;!;;Divyāvadāna Divyāv, 12: 12 417;idamavocadbhagavān ||;!;;Divyāvadāna Divyāv, 14: 14 37;idamavocadbhagavān ||;!;;Divyāvadāna Divyāv, 15: 15 17;idamavocadbhagavān ||;!;;Divyāvadāna Divyāv, 16: 16 37;idamavocadbhagavān ||;!;;Divyāvadāna Divyāv, 17: 17 22;upasaṁkramya bhagavantamidamavocat parinirvātu ;!;;Divyāvadāna Divyāv, 17: 17 515;idamavocadbhagavān ||;!;;Divyāvadāna Divyāv, 19: 19 588;idamavocadbhagavān ||;!;;Khādiragṛhyasūtra KhGṛS, 2, 5: 7 6;uktam upanayanam ||;!;;Lalitavistara LalVis, 1: 1 77;tatredamucyate ||;!;;Lalitavistara LalVis, 7: 7 103;tatredamucyate ||;!;;Lalitavistara LalVis, 7: 7 127;tatredamucyate ||;!;;Lalitavistara LalVis, 11: 11 29;tatredamucyate ||;!;;Lalitavistara LalVis, 13: 13 6;tatredamucyate ||;!;;Mṛgendraṭīkā MṛgṬīkā zu MṛgT, Vidyāpāda, 5, 18.2: 116 10;ityanena pañcavidhaṁ vidheyamuktam ||;!;;Mugdhāvabodhinī MuA zu RHT, 1, 23.2: 22 9;anena sāmānyatvamuktam ||;!;;Mugdhāvabodhinī MuA zu RHT, 9, 5.2: 160 2;idaṁ vakṣyamāṇaṁ uparasasaṁjñakaṁ syāt ||;!;;Pañcārthabhāṣya PABh zu PāśupSūtra, 1, 3: 3 2;niruktam asya pūrvoktam ||;!;;Pañcārthabhāṣya PABh zu PāśupSūtra, 1, 9: 9 251;ucyate nāyaṁ doṣaḥ ||;!;;Pañcārthabhāṣya PABh zu PāśupSūtra, 2, 19: 64 5;niruktamasya pūrvoktam ||;!;;Rasaratnasamuccayaṭīkā RRSṬīkā zu RRS, 8, 72.2: 95 6;eṣāṁ lakṣaṇānyanupadaṁ vakṣyati ||;!;;Suśrutasaṁhitā Su, 1, 38: 38 70;anayor daśamūlam ucyate ||;!;;Yogasūtra YS, 4: 4 27;hānam eṣāṁ kleśavad uktam ||;!;;
YSBhā zu YS, 2, 23.1: 67;14 1;pradhānaṁ sthityaiva vartamānaṁ vikārākaraṇād |;
YSBhā zu YS, 2, 23.1: 67;15 1;ubhayathā cāsya pravṛttiḥ pradhānavyavahāraṁ labhate |;
YSBhā zu YS, 2, 23.1: 67;16 1;kāraṇāntareṣv api kalpiteṣv api samānaścarcaḥ ||;
YSBhā zu YS, 2, 23.1: 67;17 1;darśanaśaktir evādarśanam ityeke ||;
YSBhā zu YS, 2, 23.1: 67;18 1;pradhānasyātmakhyāpanārthā pravṛttir iti śruteḥ ||;
YSBhā zu YS, 2, 23.1: 67;19 1;sarvabodhyabodhasamarthaḥ prākpravṛtteḥ puruṣo na |;
YSBhā zu YS, 2, 23.1: 67;20 1;ubhayasyāpyadarśanaṁ dharma ityeke ||;
YSBhā zu YS, 2, 23.1: 67;21 1;tatredaṁ dṛśyasya svātmabhūtam api |;
YSBhā zu YS, 2, 23.1: 67;22 1;darśanajñānam evādarśanam iti kecid abhidadhati ||;
YSBhā zu YS, 2, 23.1: 67;23 1;ityete śāstragatā vikalpāḥ ||;
YSBhā zu YS, 2, 23.1: 67;24 1;tatra vikalpabahutvam etat sarvapuruṣāṇām guṇānāṁ |;
YSBhā zu YS, 2, 23.1: 67;25 1;yas tu pratyakcetanasya svabuddhisaṁyogaḥ ||;
YSBhā zu YS, 1, 7.1: 6;1 1;indriyapraṇālikayā cittasya bāhyavastūparāgāt tadviṣayā |;
YSBhā zu YS, 1, 7.1: 6;2 1;phalaṁ tadaviśiṣṭaḥ pauruṣeyaścittavṛttibodhaḥ ||;
YSBhā zu YS, 1, 7.1: 6;3 1;buddheḥ pratisaṁvedī puruṣa ityupariṣṭād |;
YSBhā zu YS, 1, 7.1: 6;4 1;anumeyasya tulyajātīyeṣv anuvṛtto bhinnajātīyebhyo |;
YSBhā zu YS, 1, 7.1: 6;5 1;yathā deśāntaraprāpter gatimaccandratārakaṁ caitravat ||;
YSBhā zu YS, 1, 7.1: 6;6 1;vindhyaścāprāpter agatiḥ ||;
YSBhā zu YS, 1, 7.1: 6;7 1;āptena dṛṣṭo .numito vārthaḥ paratra svabodhasaṁkrāntaye |;
YSBhā zu YS, 1, 7.1: 6;8 1;yasyāśraddheyārtho vaktā na dṛṣṭānumitārthaḥ sa āgamaḥ |;
YSBhā zu YS, 2, 24.1: 68;1 1;viparyayajñānavāsanety arthaḥ ||;
YSBhā zu YS, 2, 24.1: 68;2 1;viparyayajñānavāsanāvāsitā ca na kāryaniṣṭhāṁ |;
YSBhā zu YS, 2, 24.1: 68;3 1;sā tu puruṣakhyātiparyavasānā kāryaniṣṭhāṁ prāpnoti |;
YSBhā zu YS, 2, 24.1: 68;4 1;atra kaścit ṣaṇḍakopākhyānenodghāṭayati ||;
YSBhā zu YS, 2, 24.1: 68;5 1;mugdhayā bhāryayābhidhīyate ṣaṇḍakaḥ ||;
YSBhā zu YS, 2, 24.1: 68;6 1;āryaputra apatyavatī me bhaginī kimarthaṁ nāham iti ||;
YSBhā zu YS, 2, 24.1: 68;7 1;sa tām āha ||;Tantrākhyāyikā TAkhy, 1: 1 274;te tam āhuḥ ||;GOOD;;Tantrākhyāyikā TAkhy, 2: 2 90;sā tam āha ||;GOOD;;Aitareyabrāhmaṇa AitBr, 1, 4: 4 5;tattan nādṛtyam ||;!;;Aitareyabrāhmaṇa AitBr, 1, 11: 11 2;tat tan nādṛtyam ||;!;;Aitareyabrāhmaṇa AitBr, 2, 7: 37 3;tad u vā āhuḥ kīrtayed eva ||;!;;Aitareyabrāhmaṇa AitBr, 2, 22: 52 2;tat tan nādṛtyam ||;!;;Aitareyabrāhmaṇa AitBr, 3, 18: 89 10;tat tan nādṛtyam ||;!;;Āpastambagṛhyasūtra ĀpGṛSū, 12: 11 9;tasmā anvāha tat savitur iti ||;!;;Arthaśāstra ArthaŚ, 1, 4: 4 15;sa tena guptaḥ prabhavati iti ||;!;;Arthaśāstra ArthaŚ, 1, 10: 10 10;tenodvegena rājā tān avarundhyāt ||;!;;Arthaśāstra ArthaŚ, 1, 15: 15 24;te yathā brūyustat kuryāt ||;!;;Arthaśāstra ArthaŚ, 1, 15: 15 55;sa taccakṣuḥ ||;!;;Aṣṭādhyāyī Aṣṭādhyāyī, 4, 2: 14 59;tad adhīte tad veda ||;!;;Aṣṭādhyāyī Aṣṭādhyāyī, 5, 1: 17 16;tad asya tad asmin syād iti ||;!;;Āyurvedadīpikā ĀVDīp zu Ca, Sū., 26, 35.2: 59 14;tadbhedamāha dvaṁdvetyādi ||;!;;Baudhāyanadharmasūtra BaudhDhSū, 1, 3: 3 43;tayos tad eva pāvanam ||;!;;Comm. on the Kāvyālaṁkāravṛtti Comm. on the Kāvyālaṁkāravṛtti zu Kāvyālaṁkāravṛtti, 1, Dvitīya adhyāyaḥ, 3: 8 5;tadāha ||;!;;Comm. on the Kāvyālaṁkāravṛtti Comm. on the Kāvyālaṁkāravṛtti zu Kāvyālaṁkāravṛtti, 1, Dvitīya adhyāyaḥ, 10: 15 3;tāsāṁ guṇabhedādbhedamāha ||;!;;Daśakumāracarita DKCar, 2, 3: 8 178;akūjacaca sā taṁ janaṁ kṛtāntadṛtīvāhvayantī ||;!;;Daśakumāracarita DKCar, 2, 6: 11 6;sa tu tasyāḥ pāṇigrāhakamanujīviṣyati ||;!;;Divyāvadāna Divyāv, 1: 1 89;sā tenātyayam atyayataḥ kṣamāpitā ||;!;;Divyāvadāna Divyāv, 1: 1 139;tān dṛṣṭvā tasya kāruṇyamutpannam ||;!;;Divyāvadāna Divyāv, 1: 1 142;sa tānutsṛjya padbhyāṁ samprasthitaḥ ||;!;;Divyāvadāna Divyāv, 1: 1 145;sa tasya sakāśamupasaṁkrāntaḥ ||;!;;Divyāvadāna Divyāv, 1: 1 167;sa tasya sakāśamupasaṁkrāntaḥ ||;!;;Divyāvadāna Divyāv, 1: 1 190;sa tairdūrata eva dṛṣṭaḥ ||;!;;Divyāvadāna Divyāv, 1: 1 191;te taṁ pratyavabhāṣitumārabdhāḥ ||;!;;Divyāvadāna Divyāv, 1: 1 194;sa taiḥ snāpito bhojitaḥ ||;!;;Divyāvadāna Divyāv, 1: 1 239;sa tena snāpito bhojitaḥ ||;!;;Divyāvadāna Divyāv, 1: 1 325;tena tasyāḥ pratijñātam ||;!;;Divyāvadāna Divyāv, 1: 1 328;sa tasminneva vimāne uṣitaḥ ||;!;;Divyāvadāna Divyāv, 1: 1 341;sa tasyaurabhrikasya sakāśamupasaṁkrāntaḥ ||;!;;Divyāvadāna Divyāv, 1: 1 369;sa tasyā veśyāyāḥ sakāśamupasaṁkrāntaḥ ||;!;;Divyāvadāna Divyāv, 1: 1 397;sa taiḥ svareṇa pratyabhijñātaḥ ||;!;;Divyāvadāna Divyāv, 1: 1 428;sa tenopasaṁpāditaḥ ||;!;;Divyāvadāna Divyāv, 1: 1 439;sa āha evaṁ vatsa kuruṣva ||;!;;Divyāvadāna Divyāv, 1: 1 474;bhagavānāha tasmādanujānāmi ||;!;;Divyāvadāna Divyāv, 1: 1 494;taiḥ sa dvāre baddhvā sthāpitaḥ ||;!;;Divyāvadāna Divyāv, 1: 1 508;tena te karapratyāyāḥ samucchinnāḥ ||;!;;Divyāvadāna Divyāv, 2: 2 39;tayā tasyārocitam ||;!;;Divyāvadāna Divyāv, 2: 2 120;tābhiḥ sā pṛṣṭā tayā samākhyātam ||;!;;Divyāvadāna Divyāv, 2: 2 183;sa tamādāya vīthīṁ samprasthitaḥ ||;!;;Divyāvadāna Divyāv, 2: 2 188;sa tat kāṣṭhaṁ nirīkṣitumārabdhaḥ ||;!;;Divyāvadāna Divyāv, 2: 2 219;tena tāstisro gaṇḍikā darśitāḥ ||;!;;Divyāvadāna Divyāv, 2: 2 307;tena te śrutāḥ ||;!;;Divyāvadāna Divyāv, 2: 2 419;sa tābhyāṁ mānaṁ grāhitaḥ ||;!;;Divyāvadāna Divyāv, 3: 3 106;sa tān māṇavakān maitreyāya anupradāsyati ||;!;;Divyāvadāna Divyāv, 7: 7 33;sa tasyāḥ sakāśamupasaṁkrāntaḥ ||;!;;Divyāvadāna Divyāv, 7: 7 41;sā tāmapanetumārabdhā ||;!;;Divyāvadāna Divyāv, 7: 7 42;tasyāstasminnācāme .ṅguliḥ patitā ||;!;;Divyāvadāna Divyāv, 7: 7 140;sa tasya kṣetraṁ rakṣitumārabdhaḥ ||;!;;Divyāvadāna Divyāv, 7: 7 149;sā tāmādāya gatā ||;!;;Divyāvadāna Divyāv, 7: 7 192;sa tayā prajvalitaḥ pradīpaḥ prajvalatyeva ||;!;;Divyāvadāna Divyāv, 12: 12 176;tat tasyopari nipatitam ||;!;;Divyāvadāna Divyāv, 13: 13 148;sa tayā mukhabimbakena pratyabhijñātaḥ ||;!;;Divyāvadāna Divyāv, 13: 13 157;tayā gatvā tasyāḥ pracchannaṁ kathitam ||;!;;Divyāvadāna Divyāv, 13: 13 299;tasya tannīlakṛtsnam āmukhībhūtam ||;!;;Divyāvadāna Divyāv, 13: 13 487;sa gṛhapatistaṁ dṛṣṭvā paryavasthitaḥ ||;!;;Divyāvadāna Divyāv, 13: 13 497;sa tasyānugrahārthamavatīrṇaḥ ||;!;;Divyāvadāna Divyāv, 17: 17 326;taiḥ sa rājā dṛṣṭa āgacchan ||;!;;Divyāvadāna Divyāv, 18: 18 212;tena tadapi bhuktam ||;!;;Divyāvadāna Divyāv, 18: 18 390;sa tān dṛṣṭvā pratibuddhaḥ ||;!;;Divyāvadāna Divyāv, 19: 19 232;taistad dṛṣṭam ||;!;;Divyāvadāna Divyāv, 19: 19 273;sa tāṁ gṛhītvā vīthīṁ gataḥ ||;!;;Divyāvadāna Divyāv, 19: 19 289;taiste punaḥ pratyavekṣitāḥ ||;!;;Divyāvadāna Divyāv, 19: 19 291;sa tairgṛhītaḥ ||;!;;Divyāvadāna Divyāv, 19: 19 313;sa taiḥ śabditaḥ ||;!;;Divyāvadāna Divyāv, 19: 19 338;tena tasya kārṣāpaṇasahasraṁ dattam ||;!;;Divyāvadāna Divyāv, 19: 19 404;sa taṁ tāḍayitumārabdhaḥ ||;!;;Divyāvadāna Divyāv, 19: 19 416;sa tasya gṛhaṁ gataḥ ||;!;;Divyāvadāna Divyāv, 19: 19 552;sa tena praveśitaḥ ||;!;;Gautamadharmasūtra GautDhS, 1, 1: 1 10;tad yasmāt sa ācāryaḥ ||;!;;Gautamadharmasūtra GautDhS, 1, 8: 8 7;tadapekṣas tadvṛttiḥ ||;!;;Gopathabrāhmaṇa NEW GB, 1, 1, 23: 23 6;te tam abruvan ||;!;;Gopathabrāhmaṇa NEW GB, 1, 2, 15: 54 28;te pathirakṣayas ta iyakṣamāṇaṁ pratinudantaḥ ||;!;;Jaiminīyabrāhmaṇa JB, 1, 12: 5 7;tām annam akuruta tāṁ pratyudadīpyata ||;!;;Jaiminīyabrāhmaṇa JB, 1, 12: 5 12;tām annam akuruta tāṁ pratyudadīpyata ||;!;;Kāmasūtra KāSū, 5, 4: 26 18;tasyāstayaiva pratyuttarāṇi yojayet ||;!;;Lalitavistara LalVis, 12: 12 23;sa tasyāstaṁ lekhamupanāmayati sma ||;!;;Maitrāyaṇīsaṁhitā MS, 2, 1, 1: 18 10;tāṁ vai tasmai kāmāyālabhanta ||;!;;Mṛgendraṭīkā MṛgṬīkā zu MṛgT, Vidyāpāda, 2, 8.2: 38 3;tatphalakathanāyāha ||;!;;Mṛgendraṭīkā MṛgṬīkā zu MṛgT, Vidyāpāda, 2, 17.1: 50 32;tad etal leśato dūṣayitum āha ||;!;;Mṛgendraṭīkā MṛgṬīkā zu MṛgT, Vidyāpāda, 2, 17.2: 51 11;tad āha ||;!;;Mṛgendraṭīkā MṛgṬīkā zu MṛgT, Vidyāpāda, 10, 26.1: 205 1;kiṁ tadityāha ||;!;;Mṛgendraṭīkā MṛgṬīkā zu MṛgT, Vidyāpāda, 11, 20.2: 232 2;ke ta ityāha ||;!;;Mṛgendraṭīkā MṛgṬīkā zu MṛgT, Vidyāpāda, 12, 1.2: 239 2;tadeva traividhyamāha ||;!;;Mugdhāvabodhinī MuA zu RHT, 1, 23.2: 22 1;jñeyopadeśamāha tasminnityādi ||;!;;Mugdhāvabodhinī MuA zu RHT, 5, 58.2: 125 11;tadvidhānamāha mṛdvityādi ||;!;;Mugdhāvabodhinī MuA zu RHT, 6, 12.2: 130 8;tadevāha bhavatītyādi ||;!;;Mugdhāvabodhinī MuA zu RHT, 6, 13.2: 131 1;taccāha pañcabhirityādi ||;!;;Mugdhāvabodhinī MuA zu RHT, 6, 15.2: 132 4;tadevāha kapila ityādi ||;!;;Mugdhāvabodhinī MuA zu RHT, 9, 11.2: 166 1;taccāha sasyakamityādi ||;!;;Mugdhāvabodhinī MuA zu RHT, 9, 12.2: 167 1;taccāha kṣārairityādi ||;!;;Mugdhāvabodhinī MuA zu RHT, 9, 15.2: 170 1;taccāha raktagaṇetyādi ||;!;;Mugdhāvabodhinī MuA zu RHT, 11, 10.2: 193 1;taccāha raktetyādi ||;!;;Mugdhāvabodhinī MuA zu RHT, 12, 8.2: 204 1;tadvidhānamāha sūtenetyādi ||;!;;Mugdhāvabodhinī MuA zu RHT, 13, 2.2: 210 1;taccāha mākṣīketyādi ||;!;;Mugdhāvabodhinī MuA zu RHT, 13, 3.2: 211 1;taccāha mākṣīketyādi ||;!;;Mugdhāvabodhinī MuA zu RHT, 13, 6: 214 1;taccāha kāntetyādi ||;!;;Mugdhāvabodhinī MuA zu RHT, 14, 8.1: 218 6;taccāha saṁsthāpyetyādi ||;!;;Mugdhāvabodhinī MuA zu RHT, 14, 8.1: 218 8;taccāha lavaṇetyādi ||;!;;Mugdhāvabodhinī MuA zu RHT, 14, 8.1: 218 13;taccāha tāvadityādi ||;!;;Mugdhāvabodhinī MuA zu RHT, 14, 8.1: 218 16;taccāha utkhanyetyādi ||;!;;Mugdhāvabodhinī MuA zu RHT, 14, 8.1: 218 23;taccāha paścādityādi ||;!;;Mugdhāvabodhinī MuA zu RHT, 14, 14.2: 223 3;taccāha bāhya ityādi ||;!;;Mugdhāvabodhinī MuA zu RHT, 18, 8.2: 282 1;viśeṣamāha tadityādi ||;!;;Mugdhāvabodhinī MuA zu RHT, 18, 18.2: 293 1;viśeṣamāha sa ityādi ||;!;;Mugdhāvabodhinī MuA zu RHT, 18, 40.3: 300 3;taccāha ahītyādi ||;!;;Mugdhāvabodhinī MuA zu RHT, 18, 55.2: 305 3;taccāha nirguṇḍītyādi ||;!;;Mugdhāvabodhinī MuA zu RHT, 18, 55.2: 305 6;taccāha tāre ityādi ||;!;;Mugdhāvabodhinī MuA zu RHT, 18, 57.1: 306 4;taccāha hemnetyādi ||;!;;Mugdhāvabodhinī MuA zu RHT, 18, 59.1: 307 2;taccāha krāmaṇetyādi ||;!;;Mugdhāvabodhinī MuA zu RHT, 18, 63.2: 308 1;taccāha yantramityādi ||;!;;Mugdhāvabodhinī MuA zu RHT, 18, 63.2: 308 11;taccāha gṛhṇīyād ityādi ||;!;;Mugdhāvabodhinī MuA zu RHT, 18, 67.2: 309 5;taccāha madhye ityādi ||;!;;Mugdhāvabodhinī MuA zu RHT, 18, 67.2: 309 8;taccāha liptvetyādi ||;!;;Mugdhāvabodhinī MuA zu RHT, 18, 70.2: 312 1;taccāha paścādityādi ||;!;;Mugdhāvabodhinī MuA zu RHT, 19, 4.2: 318 7;vidhyantaramāha tad ityādi ||;!;;Mugdhāvabodhinī MuA zu RHT, 19, 23.2: 333 1;taccāha trikaṭuketyādi ||;!;;Mugdhāvabodhinī MuA zu RHT, 19, 33.2: 338 5;taccāha triphaletyādi ||;!;;Mugdhāvabodhinī MuA zu RHT, 19, 33.2: 338 9;taccāha māsenetyādi ||;!;;Mugdhāvabodhinī MuA zu RHT, 19, 48.2: 350 1;taccāha varjitetyādi ||;!;;Mugdhāvabodhinī MuA zu RHT, 19, 53.2: 355 1;taccāha karkoṭītyādi ||;!;;Mugdhāvabodhinī MuA zu RHT, 19, 56.2: 358 1;taccāha śarapuṅkhetyādi ||;!;;Mugdhāvabodhinī MuA zu RHT, 19, 58.2: 360 1;tadviśeṣamāha ya ityādi ||;!;;Mugdhāvabodhinī MuA zu RHT, 19, 64.2: 363 5;taccāha evamityādi ||;!;;Nāṭyaśāstravivṛti NŚVi zu NāṭŚ, 6, 66.2: 2 25;omityāha sa ceti ||;!;;Nibandhasaṁgraha NiSaṁ zu Su, Sū., 14, 18.1: -1 3;ityāha ityāha kusumakalikāmadhyasthaḥ ||;!;;Nibandhasaṁgraha NiSaṁ zu Su, Sū., 1, 25.1: -1 1;tadyuktam teṣāmityādi ||;!;;Nibandhasaṁgraha NiSaṁ zu Su, Utt., 1, 8.1: -1 14;doṣatrayāt punasta majjajānāha sattvarajastamobhiḥ ;!;;Pañcārthabhāṣya PABh zu PāśupSūtra, 1, 2: 2 7;āha kiṁ tena bhasmanā kartavyam ||;!;;Pañcārthabhāṣya PABh zu PāśupSūtra, 1, 43: 44 10;tad ucyate yasmād āha ||;!;;Pañcārthabhāṣya PABh zu PāśupSūtra, 2, 4: 49 7;āha kiṁ tat ||;!;;Pañcārthabhāṣya PABh zu PāśupSūtra, 2, 6: 51 15;taducyate yasmādāha āṅ iti ||;!;;Pañcārthabhāṣya PABh zu PāśupSūtra, 2, 14: 59 7;āha kiṁ taditi ||;!;;Pañcārthabhāṣya PABh zu PāśupSūtra, 2, 14: 59 16;āha kaḥ so .bhyupāyaḥ ||;!;;Pañcārthabhāṣya PABh zu PāśupSūtra, 2, 18: 63 8;taducyate tadarthameva ||;!;;Pañcārthabhāṣya PABh zu PāśupSūtra, 2, 19: 64 4;tasmādatra tapastadeva ||;!;;Pañcārthabhāṣya PABh zu PāśupSūtra, 3, 23.1: 95 9;āha kutastāni rūpāṇi karoti ||;!;;Pañcārthabhāṣya PABh zu PāśupSūtra, 4, 1: 99 9;tasmādatra tapastadeva ||;!;;Pañcārthabhāṣya PABh zu PāśupSūtra, 4, 4: 102 10;āha kena tāni pidheyāni ||;!;;Pañcārthabhāṣya PABh zu PāśupSūtra, 4, 8: 106 16;taducyate taṁ guṇaṁ jñātvā vakṣyāmaḥ ||;!;;Pañcārthabhāṣya PABh zu PāśupSūtra, 4, 10: 108 24;āha kiṁ taditi ||;!;;Pañcārthabhāṣya PABh zu PāśupSūtra, 4, 12: 110 7;sa teṣām iṣṭāpūrtam ādatteti ||;!;;Pañcārthabhāṣya PABh zu PāśupSūtra, 4, 15: 113 4;taducyate iha yasmādāha ||;!;;Pañcārthabhāṣya PABh zu PāśupSūtra, 4, 21: 119 2;āha kiṁ punastad brahma ||;!;;Pañcārthabhāṣya PABh zu PāśupSūtra, 5, 7: 129 36;taducyate iha yasmādāha ||;!;;Pañcārthabhāṣya PABh zu PāśupSūtra, 5, 19: 141 10;tadāha ||;!;;Pañcārthabhāṣya PABh zu PāśupSūtra, 5, 32: 154 7;āha tat kenopāyena labhate ||;!;;Pañcārthabhāṣya PABh zu PāśupSūtra, 5, 34: 156 13;āha kiṁ tat ||;!;;Pañcārthabhāṣya PABh zu PāśupSūtra, 5, 34: 156 37;sa bhavatu teṣām ||;!;;Pañcārthabhāṣya PABh zu PāśupSūtra, 5, 34: 156 81;te bhavantu teṣām ||;!;;Pañcārthabhāṣya PABh zu PāśupSūtra, 5, 36: 158 2;āha kiṁ tad iti ||;!;;Pañcārthabhāṣya PABh zu PāśupSūtra, 5, 39: 161 73;tadāha īśaprasādāt ||;!;;Pañcārthabhāṣya PABh zu PāśupSūtra, 5, 45: 167 2;āha kamevamāha ||;!;;Pāraskaragṛhyasūtra Pāraskaragṛhyasūtra, 1, 8: 6 13;tasmāt tayor grāmaḥ pramānam iti śruteḥ ||;!;;Pāśupatasūtra PāśupSūtra, 4: 4 11;sa teṣāmiṣṭāpūrtamādatta ||;!;;Rājamārtaṇḍa RājMār zu YS, 3, 44.1: 4 8;tasyaiva bhūtajayasya phalam āha ||;!;;Rājamārtaṇḍa RājMār zu YS, 3, 47.1: 7 6;tasya phalam āha ||;!;;Rasaratnasamuccayabodhinī RRSBoṬ zu RRS, 10, 18.2: 154 1;viḍamūṣāmāha tattaditi ||;!;;Rasaratnasamuccayaṭīkā RRSṬīkā zu RRS, 8, 21.2: 63 1;tadupayogamāha sādhita iti ||;!;;Ratnaṭīkā GaṇaKārṬīkā zu GaṇaKār, 5.2: 7 26;yasmāt tadartham idam āha ||;!;;Ratnaṭīkā GaṇaKārṬīkā zu GaṇaKār, 6.1: 8 185;yatas tadartham idam āha ||;!;;Ratnaṭīkā GaṇaKārṬīkā zu GaṇaKār, 6.2: 9 22;yatas tatpratipādanārtham āha ||;!;;Ratnaṭīkā GaṇaKārṬīkā zu GaṇaKār, 7.2: 10 121;ke punaste ityāha ||;!;;Sāṁkhyakārikābhāṣya SKBh zu SāṁKār, 45.2: 45 13;sa kimātmaka ityāha ||;!;;Saṅghabhedavastu SBhedaV, 1: 1 128;sa teṣāṁ nigṛhītavyāṁś ca nigṛhṇāti pragṛhītavyāṁś ca ;!;;Śāṅkhāyanāraṇyaka ŚāĀr, 3, 2: 28 5;taṁ yaḥ pratyāha tam atisṛjate ||;!;;Śāṅkhāyanāraṇyaka ŚāĀr, 5, 3: 51 37;tam āhuḥ udakramīccittam ||;!;;Śāṅkhāyanāraṇyaka ŚāĀr, 7, 1: 77 3;tan mām avatu tad vaktāram avatvavatu mām avatu ;!;;Śāṅkhāyanāraṇyaka ŚāĀr, 8, 7: 106 5;sa yat karaṇīyaṁ manyeta tat kuryāt ||;!;;Sūryaśatakaṭīkā Sūryaśatakaṭīkā zu SūryaŚ, 1, 3.2: 3 16;tena śramastasmājjātastamiva ||;!;;Tantrākhyāyikā TAkhy, 1: 1 208;iti tam āha ||;!;;Tantrākhyāyikā TAkhy, 1: 1 289;tāv āhatuḥ ||;!;;Tantrākhyāyikā TAkhy, 1: 1 293;ta āhuḥ ||;!;;Tantrākhyāyikā TAkhy, 1: 1 295;sa āha ||;!;;Tantrākhyāyikā TAkhy, 1: 1 347;apayāte ca tasmin dvīpyāha ||;!;;Tantrākhyāyikā TAkhy, 1: 1 349;tam apy asāvāha ||;!;;Tantrākhyāyikā TAkhy, 1: 1 452;sa āha ||;!;;Tantrākhyāyikā TAkhy, 1: 1 465;tac chrutvā siṁhaḥ prahṛṣṭa āha ||;!;;Tantrākhyāyikā TAkhy, 2: 2 28;tacchrutvāsāv āha ||;!;;Tantrākhyāyikā TAkhy, 2: 2 69;tac ca śrutvā brāhmaṇyāha ||;!;;Tantrākhyāyikā TAkhy, 2: 2 312;sa cāha ||;!;;Vaiśeṣikasūtravṛtti VaiSūVṛ zu VaiśSū, 2, 2, 18.1: 46 5;ko hetuḥ tadāha ||;!;;Vaiśeṣikasūtravṛtti VaiSūVṛ zu VaiśSū, 2, 2, 25.1: 53 2;tadāha ||;!;;Vaiśeṣikasūtravṛtti VaiSūVṛ zu VaiśSū, 10, 10: 328 2;ke te.vayavā ityāha ||;!;;Viṣṇupurāṇa ViPur, 4, 3: 59 30;sā tasya bhāryā citāṁ kṛtvā tam ;!;;Viṣṇupurāṇa ViPur, 4, 6: 62 39;rājā tu prāgalbhyāt tām āha ||;!;;Viṣṇupurāṇa ViPur, 4, 12: 68 36;sa ca tāṁ snuṣām upayeme ||;!;;Viṣṇupurāṇa ViPur, 4, 13: 69 87;evam uktaḥ so .py āha ||;!;;Viṣṇusmṛti ViSmṛ, 5: 5 133;tac ca teṣāṁ dadyāt ||;!;;Yogasūtra YS, 1: 1 28;tajjapas tadarthabhāvanam ||;!;;
YSBhā zu YS, 2, 24.1: 68;8 1;mṛtas te .ham apatyam utpādayiṣyāmīti ||;
YSBhā zu YS, 2, 24.1: 68;9 1;tathedaṁ vidyamānaṁ jñānaṁ cittanivṛttiṁ na karoti |;
YSBhā zu YS, 2, 24.1: 68;10 1;tatrācāryadeśīyo vakti ||;
YSBhā zu YS, 2, 24.1: 68;11 1;nanu buddhinivṛttir eva mokṣaḥ adarśanakāraṇābhāvād |;
YSBhā zu YS, 2, 24.1: 68;12 1;tac cādarśanaṁ bandhakāraṇaṁ darśanān nivartate ||;
YSBhā zu YS, 2, 24.1: 68;13 1;tatra cittanivṛttir eva mokṣaḥ ||;
YSBhā zu YS, 2, 24.1: 68;14 1;kimartham asthāna evāsya mativibhramaḥ ||;
YSBhā zu YS, 2, 24.1: 68;15 1;heyaṁ duḥkham uktam ||;Āśvalāyanagṛhyasūtra ĀśGS, 1, 1: 1 1;uktāni vaitānikāni gṛhyāni vakṣyāmaḥ ||;!;;Āyurvedadīpikā ĀVDīp zu Ca, Śār., 1, 153.2: 277 3;duḥkhamiti duḥkhahetureva ||;!;;Khādiragṛhyasūtra KhGṛS, 2, 5: 7 6;uktam upanayanam ||;!;;Suśrutasaṁhitā Su, 1, 1: 1 23;tadduḥkhasaṁyogā vyādhaya ucyante ||;!;;Yogasūtra YS, 2: 2 16;heyaṁ duḥkham anāgatam ||;!;;Yogasūtrabhāṣya YSBhā zu YS, 2, 5.1: 49 10;tathā duḥkhe sukhakhyātiṁ vakṣyati ||;!;;Yogasūtrabhāṣya YSBhā zu YS, 2, 15.1: 59 41;tatra duḥkhabahulaḥ saṁsāro heyaḥ ||;!;;
YSBhā zu YS, 2, 24.1: 68;16 1;heyakāraṇaṁ ca saṁyogākhyaṁ sanimittam uktam ||;
YSBhā zu YS, 2, 24.1: 68;17 1;ataḥ paraṁ hānaṁ vaktavyam ||;
YSBhā zu YS, 2, 25.1: 69;1 1;tasyādarśanasyābhāvād buddhipuruṣasaṁyogābhāva |;
YSBhā zu YS, 2, 25.1: 69;2 1;etaddhānam ||;
YSBhā zu YS, 2, 25.1: 69;3 1;tad dṛśeḥ kaivalyaṁ puruṣasyāmiśrībhāvaḥ punar |;
YSBhā zu YS, 2, 25.1: 69;4 1;duḥkhakāraṇanivṛttau duḥkhoparamo hānaṁ tadā |;
YSBhā zu YS, 2, 25.1: 69;5 1;atha hānasya kaḥ prāptyupāya iti ||;
YSBhā zu YS, 2, 26.1: 70;1 1;sattvapuruṣānyatāpratyayo vivekakhyātiḥ ||;
YSBhā zu YS, 2, 26.1: 70;2 1;sā tv anivṛttamithyājñānā plavate ||;
YSBhā zu YS, 2, 26.1: 70;3 1;yadā mithyājñānaṁ dagdhabījabhāvaṁ bandhyaprasavaṁ |;
YSBhā zu YS, 2, 26.1: 70;4 1;sā vivekakhyātir aviplavā hānasyopāyaḥ ||;Yogasūtra YS, 2: 2 26;vivekakhyātir aviplavā hānopāyaḥ ||;!;;
YSBhā zu YS, 2, 26.1: 70;5 1;tato mithyājñānasya dagdhabījabhāvopagamaḥ |;
YSBhā zu YS, 2, 27.1: 71;1 1;tasyeti pratyuditakhyāteḥ pratyāmnāyaḥ ||;
YSBhā zu YS, 2, 27.1: 71;2 1;saptadhetyaśuddhyāvaraṇamalāpagamāc cittasya |;
YSBhā zu YS, 2, 27.1: 71;3 1;tad yathā ||;
YSBhā zu YS, 2, 27.1: 71;4 1;parijñātaṁ heyaṁ nāsya punaḥ parijñeyam asti ||;
YSBhā zu YS, 2, 27.1: 71;5 1;kṣīṇā heyahetavo na punar eteṣāṁ kṣetavyam asti ||;
YSBhā zu YS, 2, 27.1: 71;6 1;sākṣātkṛtam nirodhasamādhinā hānam ||;
YSBhā zu YS, 2, 27.1: 71;7 1;bhāvito vivekakhyātirūpo hānopāya iti ||;
YSBhā zu YS, 2, 27.1: 71;8 1;eṣā catuṣṭayī kāryā vimuktiḥ prajñāyāḥ ||;
YSBhā zu YS, 2, 27.1: 71;9 1;cittavimuktis tu trayī ||;
YSBhā zu YS, 2, 27.1: 71;10 1;caritādhikārā buddhiḥ ||;
YSBhā zu YS, 2, 27.1: 71;11 1;guṇā giriśikharakūṭacyutā iva grāvāṇo niravasthānāḥ |;
YSBhā zu YS, 2, 27.1: 71;12 1;na caiṣāṁ pravilīnānāṁ punar astyutpādaḥ |;
YSBhā zu YS, 2, 27.1: 71;13 1;etasyām avasthāyāṁ guṇasaṁbandhātītaḥ |;
YSBhā zu YS, 2, 27.1: 71;14 1;etāṁ saptavidhāṁ prāntabhūmiprajñām anupaśyan |;
YSBhā zu YS, 2, 27.1: 71;15 1;pratiprasave .pi cittasya muktaḥ kuśala ity eva bhavati |;
YSBhā zu YS, 2, 27.1: 71;16 1;siddhā bhavati vivekakhyātir hānopāya iti ||;
YSBhā zu YS, 2, 27.1: 71;17 1;na ca siddhir antareṇa sādhanam ityetad ārabhyate ||;
YSBhā zu YS, 2, 28.1: 72;1 1;yogāṅgānyaṣṭāvabhidhāyiṣyamāṇāni ||;Sūryaśatakaṭīkā Sūryaśatakaṭīkā zu SūryaŚ, 1, 13.2: 13 29;aṣṭadigbhāktvenāṣṭatvam ||;!;;
YSBhā zu YS, 2, 28.1: 72;2 1;teṣām anuṣṭhānāt pañcaparvaṇo |;
YSBhā zu YS, 2, 28.1: 72;3 1;tatkṣaye samyagjñānasyābhivyaktiḥ ||;
YSBhā zu YS, 2, 28.1: 72;4 1;yathā yathā ca sādhanāny anuṣṭhīyante tathā tathā |;
YSBhā zu YS, 2, 28.1: 72;5 1;yathā yathā ca kṣīyate tathā tathā kṣayakramānurodhinī |;
YSBhā zu YS, 2, 28.1: 72;6 1;sā khalv eṣā vivṛddhiḥ prakarṣam anubhavaty ā |;
YSBhā zu YS, 2, 28.1: 72;7 1;ā guṇapuruṣasvarūpavijñānād ityarthaḥ ||;
YSBhā zu YS, 2, 28.1: 72;8 1;yogāṅgānuṣṭhānam aśuddher viyogakāraṇam yathā |;
YSBhā zu YS, 2, 28.1: 72;9 1;vivekakhyātes tu prāptikāraṇaṁ yathā dharmaḥ sukhasya |;
YSBhā zu YS, 2, 28.1: 72;10 1;kati caitāni kāraṇāni śāstre bhavanti ||;
YSBhā zu YS, 2, 28.1: 72;11 1;navaivety āha ||;Ayurvedarasāyana Ayurvedarasāyana zu AHS, Sū., 9, 1.1: 1 1;tatra dravyasya prādhānyam āha dravyameveti ||;!;;Nibandhasaṁgraha NiSaṁ zu Su, Śār., 3, 5.1: -1 3;nordhvamadho taddvayamapi pakṣāntaramāha ;!;;Vārāhagṛhyasūtra VārGṛSū, 11: 11 10;naiva bho ityāha |na mā riṣāmeti ||;!;;Viṣṇupurāṇa ViPur, 4, 6: 62 47;evam eveti bhūpatir apyāha ||;!;;
YSBhā zu YS, 2, 28.1: 72;12 1;tad yathā |;
YSBhā zu YS, 2, 28.1: 72;12 2;utpattisthityabhivyaktivikārapratyayāptayaḥ |;
YSBhā zu YS, 2, 28.1: 72;12 3;viyogānyatvadhṛtayaḥ kāraṇaṁ navadhā smṛtam ||;
YSBhā zu YS, 2, 28.1: 72;13 1;iti ||;
YSBhā zu YS, 2, 28.1: 72;14 1;tatrotpattikāraṇaṁ mano bhavati vijñānasya ||;
YSBhā zu YS, 2, 28.1: 72;15 1;sthitikāraṇaṁ manasaḥ puruṣārthatā śarīrasyevāhāra iti ||;
YSBhā zu YS, 2, 28.1: 72;16 1;abhivyaktikāraṇaṁ yathā rūpasyālokas tathā rūpajñānam ||;
YSBhā zu YS, 2, 28.1: 72;17 1;vikārakāraṇaṁ manaso viṣayāntaram yathāgniḥ pākyasya |;
YSBhā zu YS, 2, 28.1: 72;18 1;pratyayakāraṇaṁ dhūmajñānam agnijñānasya ||;
YSBhā zu YS, 2, 28.1: 72;19 1;prāptikāraṇaṁ yogāṅgānuṣṭhānaṁ vivekakhyāteḥ ||;
YSBhā zu YS, 2, 28.1: 72;20 1;viyogakāraṇaṁ tad evāśuddheḥ ||;
YSBhā zu YS, 2, 28.1: 72;21 1;anyatvakāraṇaṁ yathā suvarṇasya suvarṇakāraḥ ||;
YSBhā zu YS, 2, 28.1: 72;22 1;evam ekasya strīpratyayasyāvidyā mūḍhatve dveṣo |;
YSBhā zu YS, 2, 28.1: 72;23 1;dhṛtikāraṇaṁ śarīram indriyāṇām tāni ca tasya ||;
YSBhā zu YS, 2, 28.1: 72;24 1;mahābhūtāni śarīrāṇām tāni ca parasparaṁ sarveṣām ||;
YSBhā zu YS, 2, 28.1: 72;25 1;tairyagyaunamānuṣadaivatāni ca parasparārthatvād iti ||;
YSBhā zu YS, 2, 28.1: 72;26 1;evaṁ nava kāraṇāni ||;Sarvāṅgasundarā SarvSund zu AHS, Utt., 39, 23.2: 79 16;kārye kāraṇopacārād evam ||;!;;Vaiśeṣikasūtra VaiśSū, 7, 2: 14 26;kāraṇaparatvāt kāraṇāparatvācca ||;!;;
YSBhā zu YS, 2, 28.1: 72;27 1;tāni ca yathāsaṁbhavaṁ padārthāntareṣv api yojyāni ||;
YSBhā zu YS, 2, 28.1: 72;28 1;yogāṅgānuṣṭhānaṁ tu dvidhaiva kāraṇatvaṁ labhata iti ||;
YSBhā zu YS, 2, 28.1: 72;29 1;tatra yogāṅgānyavadhāryante ||;Śārṅgadharasaṁhitādīpikā ŚSDīp zu ŚdhSaṁh, 2, 12, 13.1: 53 15;tatra tatra eva jñātavyāni ||;!;;
YSBhā zu YS, 2, 29.1: 73;1 1;yathākramam eṣām anuṣṭhānaṁ svarūpaṁ ca vakṣyāmaḥ |;
YSBhā zu YS, 2, 29.1: 73;2 1;tatra ||;
YSBhā zu YS, 2, 30.1: 74;1 1;tatrāhiṁsā sarvathā sarvadā sarvabhūtānām anabhidrohaḥ |;
YSBhā zu YS, 2, 30.1: 74;2 1;tathā coktam ||;Mṛgendraṭīkā MṛgṬīkā zu MṛgT, Vidyāpāda, 2, 9.2: 39 2;tathā coktaṁ rurusaṁhitāyām ||;GOOD;;Yogasūtrabhāṣya YSBhā zu YS, 2, 15.1: 59 4;tathā coktam ||;GOOD;;Yogasūtrabhāṣya YSBhā zu YS, 2, 52.1: 96 5;tathā coktam ||;GOOD;;Amaraughaśāsana AmarŚās, 1: 1 56;uktaṁ ca bhagavatā maheśvareṇa ||;!;;Aṣṭādhyāyī Aṣṭādhyāyī, 1, 4: 4 50;tathāyuktaṁ ca anīpsitam ||;!;;Āśvalāyanagṛhyasūtra ĀśGS, 1, 1: 1 1;uktāni vaitānikāni gṛhyāni vakṣyāmaḥ ||;!;;Āyurvedadīpikā ĀVDīp zu Ca, Sū., 1, 2: 2 21;uvāca caināṁścaturaḥ iti ||;!;;Baudhāyanagṛhyasūtra BaudhGS, 1, 3: 4 28;tathāsthāpayati tathā juhoti ||;!;;Baudhāyanagṛhyasūtra BaudhGS, 1, 3: 4 30;tathaivāsthāpayati tathaiva juhoti ||;!;;Daśakumāracarita DKCar, 2, 7: 12 8;sa ca tathākārṣīt ||;!;;Gautamadharmasūtra GautDhS, 2, 4: 13 10;pramattokte ca ||;!;;Gautamadharmasūtra GautDhS, 3, 1: 19 1;ukto varṇadharmaś cāśramadharmaś ca ||;!;;Gautamadharmasūtra GautDhS, 3, 3: 21 5;tathā paratra cāsiddhiḥ ||;!;;Gūḍhārthadīpikā ŚGDīp zu ŚdhSaṁh, 2, 11, 20.2: 13 1;tathā ca pārāvateti sugamam ||;!;;Gūḍhārthadīpikā ŚGDīp zu ŚdhSaṁh, 2, 12, 38.1: 52 1;tathāparaṁ ca ||;!;;Kāmasūtra KāSū, 2, 8: 13 4;tāni ca vakṣyāmaḥ ||;!;;Kāvyālaṁkāra KāvyAl, 6: 6 33;yathā paṭayatītyādi ṇic prātipadikāttataḥ |ṇāviṣṭhavaditīṣṭyā ca tathā kraśayatītyapi ||;!;;Khādiragṛhyasūtra KhGṛS, 2, 5: 7 6;uktam upanayanam ||;!;;Khādiragṛhyasūtra KhGṛS, 2, 5: 7 9;tathālaṅkāraḥ ||;!;;Mṛgendraṭīkā MṛgṬīkā zu MṛgT, Vidyāpāda, 1, 1.2: 1 46;etac ca yathāvasaraṁ vakṣyāmaḥ ||;!;;Mṛgendraṭīkā MṛgṬīkā zu MṛgT, Vidyāpāda, 2, 12.1: 42 5;tathā cāha tatrabhavān bhartṛhariḥ ||;!;;Mṛgendraṭīkā MṛgṬīkā zu MṛgT, Vidyāpāda, 3, 4.2: 68 2;uktaṁ ca śrīmatkiraṇe ||;!;;Nibandhasaṁgraha NiSaṁ zu Su, Sū., 1, 25.1: -1 2;ca viṁśatireva jīvanamātraṁ doṣotpādanenātmanaḥ ;!;;Nibandhasaṁgraha NiSaṁ zu Su, Sū., 24, 6.2: -1 3;yogavāhitvaṁ ca anye tathā ityādi ||;!;;Nyāyasūtra NyāSū, 5, 2: 10 25;hetvābhāsāśca yathoktāḥ ||;!;;Pañcārthabhāṣya PABh zu PāśupSūtra, 1, 8: 8 26;apasavyaṁ ca pradakṣiṇam upariṣṭād vakṣyāmaḥ ||;!;;Pañcārthabhāṣya PABh zu PāśupSūtra, 1, 9: 9 87;tathā brahmacaryaṁ ca tantre siddham ||;!;;Pañcārthabhāṣya PABh zu PāśupSūtra, 1, 18: 19 8;iha ca purastād uktam ||;!;;Pañcārthabhāṣya PABh zu PāśupSūtra, 2, 5: 50 48;vṛttilābhaścotpattirityucyate ||;!;;Pañcārthabhāṣya PABh zu PāśupSūtra, 2, 7: 52 3;upakṣipyottaratra maṅgalaṁ pradakṣiṇaṁ ca vakṣyāmaḥ ||;!;;Pañcārthabhāṣya PABh zu PāśupSūtra, 2, 15: 60 18;ataścetyucyate atiyajanam ||;!;;Pañcārthabhāṣya PABh zu PāśupSūtra, 3, 3: 75 3;uktaṁ ca ||;!;;Pañcārthabhāṣya PABh zu PāśupSūtra, 3, 8: 80 4;iha coktaṁ pāpamiti ||;!;;Pañcārthabhāṣya PABh zu PāśupSūtra, 4, 9: 107 28;iha coktam uttama iti ||;!;;Pañcārthabhāṣya PABh zu PāśupSūtra, 5, 34: 156 46;parapīḍāyāṁ ca yathoktaḥ ||;!;;Pañcārthabhāṣya PABh zu PāśupSūtra, 5, 40: 162 9;padārthanigamanārthe cocyate ||;!;;Rasādhyāyaṭīkā RAdhyṬ zu RAdhy, 150.2: 27 9;tathā rāgāṁśca sahate ||;!;;Rasaratnasamuccayaṭīkā RRSṬīkā zu RRS, 10, 16.3: 144 5;uktaṁ ca rasahṛdaye ||;!;;Rasārṇavakalpa RAK, 1: 1 331;bhojanāni ca vakṣyāmi bhakṣyamāṇāni yāni ca ||;!;;Sarvāṅgasundarā SarvSund zu AHS, Utt., 39, 10.2: 75 4;etac ca bāhulyenoktam ||;!;;Śukasaptati Śusa, 23: 23 2;tathā ca |saṁsaatulaṇa jahiṁ caḍai tassuṇa jīviu dhaṇu |āi parā jahi lahijjai taṁ ji bhaṇijjii pemmu ||;!;;Śukasaptati Śusa, 23: 23 37;tathā ca |acalā calanti palae majjāaṁ sāarā vilaṅghanti |karuā vi taha vikāle paḍivaṇṇa sādha siḍhilenti ||;!;;Sūryaśatakaṭīkā Sūryaśatakaṭīkā zu SūryaŚ, 1, 9.2: 9 19;gāvo dhenavaścocyante ||;!;;Suśrutasaṁhitā Su, 1, 20: 20 6;tathā ;!;;Suśrutasaṁhitā Su, 1, 35: 35 41;prakṛtiṁ bheṣajaṁ copariṣṭādvakṣyāmaḥ ||;!;;Tantrākhyāyikā TAkhy, 1: 1 324;api coktam ||;!;;Tantrākhyāyikā TAkhy, 1: 1 372;uktaṁ ca ||;!;;Tantrākhyāyikā TAkhy, 1: 1 386;tathā cānuṣṭhite kacchapenābhihitau ||;!;;Tantrākhyāyikā TAkhy, 1: 1 552;tathā ca ||;!;;Tantrākhyāyikā TAkhy, 1: 1 610;tenoktaṁ ca ||;!;;Tantrākhyāyikā TAkhy, 2: 2 18;tathā ca ||;!;;Tantrākhyāyikā TAkhy, 2: 2 30;uktaṁ ca ||;!;;Tantrākhyāyikā TAkhy, 2: 2 168;tathā ca ||;!;;Tantrākhyāyikā TAkhy, 2: 2 172;uktaṁ ca ||;!;;Tantrākhyāyikā TAkhy, 2: 2 317;tathā ca samarthitavān ||;!;;Tantrākhyāyikā TAkhy, 2: 2 320;tathā ca ||;!;;Vaiśeṣikasūtra VaiśSū, 2, 2: 4 17;tathā dakṣiṇā pratīcyudīcī ca ||;!;;Vaiśeṣikasūtra VaiśSū, 7, 1: 13 2;guṇalakṣaṇaṁ coktam ||;!;;Vaiśeṣikasūtra VaiśSū, 7, 1: 13 29;tathā cātmā ||;!;;Vaiśeṣikasūtra VaiśSū, 9: 16 23;tathā svapnaḥ svapnāntikaṁ ca ||;!;;Vaiśeṣikasūtra VaiśSū, 10: 17 15;tathā rūpe kāraṇakāraṇasamavāyācca ||;!;;Vaiśeṣikasūtra VaiśSū, 10: 17 17;tathā kāraṇākāraṇasamavāyācca ||;!;;Vaiśeṣikasūtravṛtti VaiSūVṛ zu VaiśSū, 10, 20.1: 338 2;tasya cāmnāyāt samadhigama uktaḥ ||;!;;Vārāhagṛhyasūtra VārGṛSū, 5: 5 5;ukto .gnisaṁskāro brahmaṇaśca ||;!;;Viṣṇupurāṇa ViPur, 4, 6: 62 70;evam uktās tāś cāpsarasa ūcuḥ ||;!;;Viṣṇupurāṇa ViPur, 4, 13: 69 9;tataś cānamitraḥ tathānamitrān nighnaḥ ||;!;;Viṣṇupurāṇa ViPur, 4, 20: 76 16;tataś ca tam ūcur brāhmaṇāḥ ||;!;;Yogasūtrabhāṣya YSBhā zu YS, 2, 5.1: 49 4;uktaṁ ca ||;!;;Yogasūtrabhāṣya YSBhā zu YS, 2, 5.1: 49 10;tathā duḥkhe sukhakhyātiṁ vakṣyati ||;!;;Yogasūtrabhāṣya YSBhā zu YS, 2, 5.1: 49 14;tathaitad atroktam ||;!;;
YSBhā zu YS, 2, 30.1: 74;3 1;sa khalvayaṁ brāhmaṇo yathā yathā vratāni bahūni |;
YSBhā zu YS, 2, 30.1: 74;4 1;satyaṁ yathārthe vāṅmanase ||;
YSBhā zu YS, 2, 30.1: 74;5 1;yathā dṛṣṭaṁ yathānumitaṁ yathā śrutaṁ tathā vāṅ |;
YSBhā zu YS, 2, 30.1: 74;6 1;paratra svabodhasaṁkrāntaye vāg uktā sā yadi na vañcitā |;
YSBhā zu YS, 2, 30.1: 74;7 1;eṣā sarvabhūtopakārārthaṁ pravṛttā na bhūtopaghātāya ||;
YSBhā zu YS, 2, 30.1: 74;8 1;yadi caivam apyabhidhīyamānā bhūtopaghātaparaiva syān |;
YSBhā zu YS, 2, 30.1: 74;9 1;tena puṇyābhāsena puṇyapratirūpakeṇa kaṣṭaṁ tamaḥ |;
YSBhā zu YS, 2, 30.1: 74;10 1;tasmāt parīkṣya sarvabhūtahitaṁ satyaṁ brūyāt ||;
YSBhā zu YS, 2, 30.1: 74;11 1;steyam aśāstrapūrvakaṁ dravyāṇāṁ parataḥ svīkaraṇaṁ |;
YSBhā zu YS, 2, 30.1: 74;12 1;brahmacaryaṁ guptendriyasyopasthasya saṁyamaḥ ||;
YSBhā zu YS, 2, 30.1: 74;13 1;viṣayāṇām arjanarakṣaṇakṣayasaṅgahiṁsādoṣadarśanād |;
YSBhā zu YS, 2, 30.1: 74;14 1;te tu ||;
YSBhā zu YS, 2, 31.1: 75;1 1;tatrāhiṁsā jātyavacchinnā ||;
YSBhā zu YS, 2, 31.1: 75;2 1;matsyavadhakasya matsyeṣveva nānyatra hiṁsā ||;
YSBhā zu YS, 2, 31.1: 75;3 1;saiva deśāvacchinnā ||;Baudhāyanadharmasūtra BaudhDhSū, 1, 3: 3 43;tayos tad eva pāvanam ||;!;;Divyāvadāna Divyāv, 1: 1 190;sa tairdūrata eva dṛṣṭaḥ ||;!;;Divyāvadāna Divyāv, 1: 1 328;sa tasminneva vimāne uṣitaḥ ||;!;;Divyāvadāna Divyāv, 7: 7 192;sa tayā prajvalitaḥ pradīpaḥ prajvalatyeva ||;!;;Divyāvadāna Divyāv, 13: 13 279;sa taṁ dūrādeva dṛṣṭvā paryavasthitaḥ ||;!;;Kāmasūtra KāSū, 5, 4: 26 18;tasyāstayaiva pratyuttarāṇi yojayet ||;!;;Mṛgendraṭīkā MṛgṬīkā zu MṛgT, Vidyāpāda, 1, 9.1: 9 19;tadanyad eva tattatsaṁniveśasadṛśam ||;!;;Nibandhasaṁgraha NiSaṁ zu Su, Sū., 14, 17.1: -1 6;baliṁ tasmāt tena ca tadyathā eva iti ||;!;;Pañcārthabhāṣya PABh zu PāśupSūtra, 2, 18: 63 8;taducyate tadarthameva ||;!;;Pañcārthabhāṣya PABh zu PāśupSūtra, 2, 19: 64 4;tasmādatra tapastadeva ||;!;;Pañcārthabhāṣya PABh zu PāśupSūtra, 4, 1: 99 9;tasmādatra tapastadeva ||;!;;Rasaratnasamuccayabodhinī RRSBoṬ zu RRS, 10, 11.2: 149 5;tattadviḍavilepitā tenaiva viḍenāliptā ||;!;;Yogasūtrabhāṣya YSBhā zu YS, 2, 31.1: 75 5;saiva kālāvacchinnā ||;!;;Yogasūtrabhāṣya YSBhā zu YS, 2, 31.1: 75 7;saiva tribhir uparatasya samayāvacchinnā ||;!;;
YSBhā zu YS, 2, 31.1: 75;4 1;na tīrthe haniṣyāmīti ||;Aitareyabrāhmaṇa AitBr, 6, 15: 202 8;na parā jayethe na parā jigya iti ||;!;;Āyurvedadīpikā ĀVDīp zu Ca, 1, Cik., 4, 3.2: 342 3;nātikalyā iti nātinīrogāḥ ||;!;;Pañcārthabhāṣya PABh zu PāśupSūtra, 5, 20: 142 8;na lipyate na saṁyujyata ityarthaḥ ||;!;;Pañcārthabhāṣya PABh zu PāśupSūtra, 5, 20: 142 30;na lipyate na saṁyujyata ityarthaḥ ||;!;;Vārāhagṛhyasūtra VārGṛSū, 11: 11 10;naiva bho ityāha |na mā riṣāmeti ||;!;;Viṣṇusmṛti ViSmṛ, 71: 71 10;na nāstītyabhibhāṣeta ||;!;;
YSBhā zu YS, 2, 31.1: 75;5 1;saiva kālāvacchinnā ||;Baudhāyanadharmasūtra BaudhDhSū, 1, 3: 3 43;tayos tad eva pāvanam ||;!;;Baudhāyanaśrautasūtra BaudhŚS, 4, 1: 5 2;taṁ kāla eva śastryātṛṇatti ||;!;;Divyāvadāna Divyāv, 1: 1 190;sa tairdūrata eva dṛṣṭaḥ ||;!;;Divyāvadāna Divyāv, 1: 1 328;sa tasminneva vimāne uṣitaḥ ||;!;;Divyāvadāna Divyāv, 7: 7 192;sa tayā prajvalitaḥ pradīpaḥ prajvalatyeva ||;!;;Divyāvadāna Divyāv, 13: 13 279;sa taṁ dūrādeva dṛṣṭvā paryavasthitaḥ ||;!;;Kāmasūtra KāSū, 5, 4: 26 18;tasyāstayaiva pratyuttarāṇi yojayet ||;!;;Mṛgendraṭīkā MṛgṬīkā zu MṛgT, Vidyāpāda, 1, 9.1: 9 19;tadanyad eva tattatsaṁniveśasadṛśam ||;!;;Nibandhasaṁgraha NiSaṁ zu Su, Sū., 14, 17.1: -1 6;baliṁ tasmāt tena ca tadyathā eva iti ||;!;;Pañcārthabhāṣya PABh zu PāśupSūtra, 2, 18: 63 8;taducyate tadarthameva ||;!;;Pañcārthabhāṣya PABh zu PāśupSūtra, 2, 19: 64 4;tasmādatra tapastadeva ||;!;;Pañcārthabhāṣya PABh zu PāśupSūtra, 4, 1: 99 9;tasmādatra tapastadeva ||;!;;Rasaratnasamuccayabodhinī RRSBoṬ zu RRS, 10, 11.2: 149 5;tattadviḍavilepitā tenaiva viḍenāliptā ||;!;;Sūryaśatakaṭīkā Sūryaśatakaṭīkā zu SūryaŚ, 1, 3.2: 3 11;tasya punaḥ samakālameva ||;!;;Yogasūtrabhāṣya YSBhā zu YS, 2, 31.1: 75 3;saiva deśāvacchinnā ||;!;;Yogasūtrabhāṣya YSBhā zu YS, 2, 31.1: 75 7;saiva tribhir uparatasya samayāvacchinnā ||;!;;
YSBhā zu YS, 2, 31.1: 75;6 1;na caturdaśyāṁ na puṇye .hani haniṣyāmīti ||;
YSBhā zu YS, 2, 31.1: 75;7 1;saiva tribhir uparatasya samayāvacchinnā ||;
YSBhā zu YS, 2, 31.1: 75;8 1;devabrāhmaṇārthe nānyathā haniṣyāmīti ||;
YSBhā zu YS, 2, 31.1: 75;9 1;yathā ca kṣatriyāṇāṁ yuddha eva hiṁsā nānyatreti ||;
YSBhā zu YS, 2, 31.1: 75;10 1;ebhir jātideśakālasamayair anavacchinnā ahiṁsādayaḥ |;
YSBhā zu YS, 2, 31.1: 75;11 1;sarvabhūmiṣu sarvaviṣayeṣu sarvathaivāviditavyabhicārāḥ |;
YSBhā zu YS, 2, 32.1: 76;1 1;tatra śaucaṁ mṛjjalādijanitaṁ medhyābhyavaharaṇādi ca |;
YSBhā zu YS, 2, 32.1: 76;2 1;ābhyantaraṁ cittamalānām ākṣālanam ||;
YSBhā zu YS, 2, 32.1: 76;3 1;saṁtoṣaḥ saṁnihitasādhanād adhikasyānupāditsā ||;
YSBhā zu YS, 2, 32.1: 76;4 1;tapo dvandvasahanam ||;Tattvavaiśāradī Tattvavaiśāradī zu YS, 4, 1.1: 1 12;tapaḥsiddhimāha tapaseti ||;!;;
YSBhā zu YS, 2, 32.1: 76;5 1;dvandvaśca jighatsāpipāse śītoṣṇe sthānāsane |;
YSBhā zu YS, 2, 32.1: 76;6 1;vratāni caiṣāṁ yathāyogaṁ |;
YSBhā zu YS, 2, 32.1: 76;7 1;svādhyāyo mokṣaśāstrāṇām adhyayanaṁ praṇavajapo vā |;Yogasūtrabhāṣya YSBhā zu YS, 2, 1.1: 45 4;svādhyāyaḥ praṇavādipavitrāṇāṁ japo ;GOOD;;
YSBhā zu YS, 2, 32.1: 76;8 1;īśvarapraṇidhānaṁ tasmin paramagurau |;
YSBhā zu YS, 2, 32.1: 76;9 1;śayyāsanastho .tha pathi vrajan vā ||;
YSBhā zu YS, 2, 32.1: 76;10 1;svasthaḥ parikṣīṇavitarkajālaḥ ||;
YSBhā zu YS, 2, 32.1: 76;11 1;saṁsārabījakṣayam īkṣamāṇaḥ ||;
YSBhā zu YS, 2, 32.1: 76;12 1;syānnityamukto .mṛtabhogabhāgī ||;
YSBhā zu YS, 2, 32.1: 76;13 1;yatredam uktam ||;Yogasūtrabhāṣya YSBhā zu YS, 2, 13.1: 57 30;yatredam uktam ||;GOOD;;Yogasūtrabhāṣya YSBhā zu YS, 2, 13.1: 57 34;yatredam uktam ||;GOOD;;Yogasūtrabhāṣya YSBhā zu YS, 2, 23.1: 67 13;yatredam uktam ||;GOOD;;Āśvalāyanagṛhyasūtra ĀśGS, 1, 1: 1 1;uktāni vaitānikāni gṛhyāni vakṣyāmaḥ ||;!;;Āyurvedadīpikā ĀVDīp zu Ca, Sū., 26, 10.2: 45 4;asminn arthe asmin prakaraṇe ||;!;;Āyurvedadīpikā ĀVDīp zu Ca, Sū., 1, 15.1: 3 9;imāmiti agre vakṣyamāṇām ||;!;;Āyurvedadīpikā ĀVDīp zu Ca, Vim., 1, 24: 187 1;tatretyādau idamiti vakṣyamāṇam ||;!;;Divyāvadāna Divyāv, 1: 1 534;idamavocadbhagavān ||;!;;Divyāvadāna Divyāv, 2: 2 704;idamavocadbhagavān ||;!;;Divyāvadāna Divyāv, 3: 3 215;idamavocadbhagavān ||;!;;Divyāvadāna Divyāv, 4: 4 80;idamavocadbhagavān ||;!;;Divyāvadāna Divyāv, 5: 5 40;idamavocadbhagavān ||;!;;Divyāvadāna Divyāv, 6: 6 99;idamavocadbhagavān ||;!;;Divyāvadāna Divyāv, 7: 7 208;idamavocadbhagavān ||;!;;Divyāvadāna Divyāv, 8: 8 448;ayamasya ratnasyānubhāvaḥ ||;!;;Divyāvadāna Divyāv, 8: 8 555;idamavocadbhagavān ||;!;;Divyāvadāna Divyāv, 9: 9 121;idamavocadbhagavān ||;!;;Divyāvadāna Divyāv, 10: 10 9;idaṁ samudgakaṁ baddhvā cañcu ucyate ||;!;;Divyāvadāna Divyāv, 10: 10 12;idaṁ śvetāsthi durbhikṣamityucyate ||;!;;Divyāvadāna Divyāv, 10: 10 80;idamavocadbhagavān ||;!;;Divyāvadāna Divyāv, 11: 11 112;idamavocadbhagavān ||;!;;Divyāvadāna Divyāv, 12: 12 417;idamavocadbhagavān ||;!;;Divyāvadāna Divyāv, 14: 14 37;idamavocadbhagavān ||;!;;Divyāvadāna Divyāv, 15: 15 17;idamavocadbhagavān ||;!;;Divyāvadāna Divyāv, 16: 16 37;idamavocadbhagavān ||;!;;Divyāvadāna Divyāv, 17: 17 22;upasaṁkramya bhagavantamidamavocat parinirvātu ;!;;Divyāvadāna Divyāv, 17: 17 515;idamavocadbhagavān ||;!;;Divyāvadāna Divyāv, 19: 19 588;idamavocadbhagavān ||;!;;Khādiragṛhyasūtra KhGṛS, 2, 5: 7 6;uktam upanayanam ||;!;;Lalitavistara LalVis, 1: 1 77;tatredamucyate ||;!;;Lalitavistara LalVis, 7: 7 103;tatredamucyate ||;!;;Lalitavistara LalVis, 7: 7 127;tatredamucyate ||;!;;Lalitavistara LalVis, 11: 11 29;tatredamucyate ||;!;;Lalitavistara LalVis, 13: 13 6;tatredamucyate ||;!;;Mṛgendraṭīkā MṛgṬīkā zu MṛgT, Vidyāpāda, 5, 18.2: 116 10;ityanena pañcavidhaṁ vidheyamuktam ||;!;;Mugdhāvabodhinī MuA zu RHT, 1, 23.2: 22 9;anena sāmānyatvamuktam ||;!;;Mugdhāvabodhinī MuA zu RHT, 9, 5.2: 160 2;idaṁ vakṣyamāṇaṁ uparasasaṁjñakaṁ syāt ||;!;;Pañcārthabhāṣya PABh zu PāśupSūtra, 1, 3: 3 2;niruktam asya pūrvoktam ||;!;;Pañcārthabhāṣya PABh zu PāśupSūtra, 1, 9: 9 251;ucyate nāyaṁ doṣaḥ ||;!;;Pañcārthabhāṣya PABh zu PāśupSūtra, 2, 19: 64 5;niruktamasya pūrvoktam ||;!;;Rasaratnasamuccayaṭīkā RRSṬīkā zu RRS, 8, 72.2: 95 6;eṣāṁ lakṣaṇānyanupadaṁ vakṣyati ||;!;;Suśrutasaṁhitā Su, 1, 38: 38 70;anayor daśamūlam ucyate ||;!;;Yogasūtra YS, 4: 4 27;hānam eṣāṁ kleśavad uktam ||;!;;
YSBhā zu YS, 2, 32.1: 76;14 1;tataḥ pratyakcetanādhigamo .pyantarāyābhāvaśca iti ||;
YSBhā zu YS, 2, 32.1: 76;15 1;eteṣāṁ yamaniyamānām ||;Pañcārthabhāṣya PABh zu PāśupSūtra, 1, 9: 9 32;yatra yamās tatra niyamāḥ ||;!;;Yogasūtrabhāṣya YSBhā zu YS, 2, 39.1: 83 3;etā yamasthairye siddhayaḥ ||;!;;Yogasūtrabhāṣya YSBhā zu YS, 2, 45.1: 89 3;uktāḥ saha siddhibhir yamaniyamāḥ ||;!;;
YSBhā zu YS, 2, 33.1: 77;1 1;yadāsya brāhmaṇasya hiṁsādayo vitarkā jāyeran |;
YSBhā zu YS, 2, 33.1: 77;2 1;evam unmārgapravaṇavitarkajvareṇātidīptena |;
YSBhā zu YS, 2, 33.1: 77;3 1;ghoreṣu saṁsārāṅgāreṣu pacyamānena mayā śaraṇam |;
YSBhā zu YS, 2, 33.1: 77;4 1;sa khalv ahaṁ tyaktvā vitarkān punas tān ādadānas tulyaḥ |;
YSBhā zu YS, 2, 33.1: 77;5 1;yathā śvā vāntāvalehī tathā tyaktasya punar ādadāna |;
YSBhā zu YS, 2, 34.1: 78;1 1;tatra hiṁsā tāvat kṛtā kāritānumoditeti tridhā ||;
YSBhā zu YS, 2, 34.1: 78;2 1;ekaikā punas tridhā ||;Śārṅgadharasaṁhitādīpikā ŚSDīp zu ŚdhSaṁh, 2, 11, 37.1: 24 5;punaḥ punariti ||;!;;
YSBhā zu YS, 2, 34.1: 78;3 1;lobhena māṁsacarmārthena krodhenāpakṛtam aneneti |;
YSBhā zu YS, 2, 34.1: 78;4 1;lobhakrodhamohāḥ punas trividhā mṛdumadhyādhimātrā |;
YSBhā zu YS, 2, 34.1: 78;5 1;evaṁ saptaviṁśatir bhedā bhavanti hiṁsāyāḥ ||;Yogasūtrabhāṣya YSBhā zu YS, 2, 34.1: 78 10;evam ekāśītibhedā hiṁsā bhavati ||;!;;
YSBhā zu YS, 2, 34.1: 78;6 1;mṛdumadhyādhimātrāḥ punas trividhāḥ ||;
YSBhā zu YS, 2, 34.1: 78;7 1;mṛdumṛdur madhyamṛdus tīvramṛdur iti ||;Yogasūtrabhāṣya YSBhā zu YS, 2, 34.1: 78 8;tathā mṛdumadhyo madhyamadhyas tīvramadhya iti ||;!;;Yogasūtrabhāṣya YSBhā zu YS, 2, 34.1: 78 9;tathā mṛdutīvro madhyatīvro .dhimātratīvra iti ||;!;;
YSBhā zu YS, 2, 34.1: 78;8 1;tathā mṛdumadhyo madhyamadhyas tīvramadhya iti ||;Yogasūtrabhāṣya YSBhā zu YS, 2, 34.1: 78 7;mṛdumṛdur madhyamṛdus tīvramṛdur iti ||;GOOD;;Yogasūtrabhāṣya YSBhā zu YS, 2, 34.1: 78 9;tathā mṛdutīvro madhyatīvro .dhimātratīvra iti ||;GOOD;;
YSBhā zu YS, 2, 34.1: 78;9 1;tathā mṛdutīvro madhyatīvro .dhimātratīvra iti ||;Yogasūtrabhāṣya YSBhā zu YS, 2, 34.1: 78 7;mṛdumṛdur madhyamṛdus tīvramṛdur iti ||;!;;Yogasūtrabhāṣya YSBhā zu YS, 2, 34.1: 78 8;tathā mṛdumadhyo madhyamadhyas tīvramadhya iti ||;!;;
YSBhā zu YS, 2, 34.1: 78;10 1;evam ekāśītibhedā hiṁsā bhavati ||;Yogasūtrabhāṣya YSBhā zu YS, 2, 34.1: 78 5;evaṁ saptaviṁśatir bhedā bhavanti hiṁsāyāḥ ||;!;;
YSBhā zu YS, 2, 34.1: 78;11 1;sā punar niyamavikalpasamuccayabhedād asaṁkhyeyā |;
YSBhā zu YS, 2, 34.1: 78;12 1;evam anṛtādiṣv api yojyam ||;Yogasūtrabhāṣya YSBhā zu YS, 2, 34.1: 78 17;evam anṛtādiṣv api yojyaṁ yathāsaṁbhavam ||;GOOD;;
YSBhā zu YS, 2, 34.1: 78;13 1;te khalvamī vitarkā duḥkhājñānānantaphalā iti |;
YSBhā zu YS, 2, 34.1: 78;14 1;duḥkham ajñānaṁ cānantaṁ phalaṁ yeṣām iti |;
YSBhā zu YS, 2, 34.1: 78;15 1;tathā ca hiṁsakas tāvat prathamaṁ vadhyasya vīryam |;
YSBhā zu YS, 2, 34.1: 78;16 1;yadi ca kathaṁcit puṇyāvāpagatā hiṁsā bhavet tatra |;
YSBhā zu YS, 2, 34.1: 78;17 1;evam anṛtādiṣv api yojyaṁ yathāsaṁbhavam ||;Yogasūtrabhāṣya YSBhā zu YS, 2, 34.1: 78 12;evam anṛtādiṣv api yojyam ||;!;;
YSBhā zu YS, 2, 34.1: 78;18 1;evaṁ vitarkāṇāṁ cāmum evānugataṁ vipākam aniṣṭaṁ |;
YSBhā zu YS, 2, 34.1: 78;19 1;pratipakṣabhāvanāhetor heyā vitarkā yadāsya syur |;
YSBhā zu YS, 2, 34.1: 78;20 1;tad yathā ||;
YSBhā zu YS, 2, 35.1: 79;1 1;sarvaprāṇināṁ bhavati ||;Daśakumāracarita DKCar, 2, 8: 13 110;bhavatu bhavitā tāvadanarthaḥ ||;!;;Gopathabrāhmaṇa NEW GB, 1, 1, 28: 28 8;sarveṣām eva śarma bhavānīti ||;!;;Khādiragṛhyasūtra KhGṛS, 2, 5: 7 4;sarveṣāṁ vā gauḥ ||;!;;Mahābhārata MBh, 9, 15: 1234 60;pradakṣiṇam abhūt sarvaṁ dharmarājasya yudhyataḥ ||;!;;Pāśupatasūtra PāśupSūtra, 1: 1 27;sarve cāsya vaśyā bhavanti ||;!;;Pāśupatasūtra PāśupSūtra, 1: 1 28;sarveṣāṁ cāvaśyo bhavati ||;!;;Pāśupatasūtra PāśupSūtra, 1: 1 30;sarveṣāṁ cānāveśyo bhavati ||;!;;Pāśupatasūtra PāśupSūtra, 1: 1 31;sarve cāsya vadhyā bhavanti ||;!;;Pāśupatasūtra PāśupSūtra, 1: 1 32;sarveṣāṁ cāvadhyo bhavati ||;!;;Rasādhyāyaṭīkā RAdhyṬ zu RAdhy, 269.2: 53 2;sarvalohānāṁ drutirbhavati ||;!;;Rasādhyāyaṭīkā RAdhyṬ zu RAdhy, 438.2: 79 10;sarvottamaṁ rūpyaṁ bhavati ||;!;;Śāṅkhāyanāraṇyaka ŚāĀr, 3, 6: 32 4;bhūtasya bhūtasya tvam ātmāsi ||;!;;
YSBhā zu YS, 2, 36.1: 80;1 1;dhārmiko bhūyā iti bhavati dhārmikaḥ ||;
YSBhā zu YS, 2, 36.1: 80;2 1;svargaṁ prāpnuhīti svargaṁ prāpnoti ||;
YSBhā zu YS, 2, 36.1: 80;3 1;amoghāsya vāg bhavati ||;
YSBhā zu YS, 2, 37.1: 81;1 1;sarvadiksthānyasyopatiṣṭhante ratnāni ||;
YSBhā zu YS, 2, 38.1: 82;1 1;yasya lābhād apratighān guṇān utkarṣayati siddhaśca |;
YSBhā zu YS, 2, 39.1: 83;1 1;asya bhavati ||;
YSBhā zu YS, 2, 39.1: 83;2 1;ko .ham āsaṁ katham aham āsaṁ kiṁsvid idaṁ ke vā |;
YSBhā zu YS, 2, 39.1: 83;3 1;etā yamasthairye siddhayaḥ ||;
YSBhā zu YS, 2, 39.1: 83;4 1;niyameṣu vakṣyāmaḥ ||;
YSBhā zu YS, 2, 40.1: 84;1 1;svāṅge jugupsāyāṁ śaucam ārabhamāṇaḥ kāyāvadyadarśī |;
YSBhā zu YS, 2, 40.1: 84;2 1;kiṁca parair asaṁsargaḥ kāyasvabhāvāvalokī svam api |;
YSBhā zu YS, 2, 40.1: 84;3 1;kiṁca ||;
YSBhā zu YS, 2, 41.1: 85;1 1;bhavantīti vākyaśeṣaḥ ||;Yogasūtrabhāṣya YSBhā zu YS, 2, 47.1: 91 1;bhavatīti vākyaśeṣaḥ ||;GOOD;;
YSBhā zu YS, 2, 41.1: 85;2 1;śuceḥ sattvaśuddhis tataḥ saumanasyaṁ tata aikāgryaṁ |;
YSBhā zu YS, 2, 42.1: 86;1 1;tathā coktam |;
YSBhā zu YS, 2, 42.1: 86;1 2;yacca kāmasukhaṁ loke yacca divyaṁ mahat sukham |;
YSBhā zu YS, 2, 42.1: 86;1 3;tṛṣṇākṣayasukhasyaite nārhataḥ ṣoḍaśīṁ kalām ||;Mahābhārata MBh, 12, 168: 1496 36;yacca kāmasukhaṁ loke yacca divyaṁ mahat sukham |tṛṣṇākṣayasukhasyaite nārhataḥ ṣoḍaśīṁ kalām ||;!;;Mahābhārata MBh, 12, 171: 1499 51;yacca kāmasukhaṁ loke yacca divyaṁ mahat sukham |tṛṣṇākṣayasukhasyaite nārhataḥ ṣoḍaśīṁ kalām ||;!;;Mahābhārata MBh, 12, 268: 1596 6;yacca kāmasukhaṁ loke yacca divyaṁ mahat sukham |tṛṣṇākṣayasukhasyaite nārhataḥ ṣoḍaśīṁ kalām ||;!;;
YSBhā zu YS, 2, 42.1: 86;2 1;iti ||;
YSBhā zu YS, 2, 43.1: 87;1 1;nirvartyamānam eva tapo hinasty aśuddhyāvaraṇamalam |;
YSBhā zu YS, 2, 43.1: 87;2 1;tadāvaraṇamalāpagamāt kāyasiddhir aṇimādyā ||;
YSBhā zu YS, 2, 43.1: 87;3 1;tathendriyasiddhir dūrācchravaṇadarśanādyeti ||;
YSBhā zu YS, 2, 44.1: 88;1 1;devā ṛṣayaḥ siddhāśca svādhyāyaśīlasya darśanaṁ |;
YSBhā zu YS, 2, 45.1: 89;1 1;īśvarārpitasarvabhāvasya samādhisiddhir yayā sarvam |;
YSBhā zu YS, 2, 45.1: 89;2 1;tato .sya prajñā yathābhūtaṁ prajānātīti ||;
YSBhā zu YS, 2, 45.1: 89;3 1;uktāḥ saha siddhibhir yamaniyamāḥ ||;
YSBhā zu YS, 2, 45.1: 89;4 1;āsanādīni vakṣyāmaḥ ||;Aṣṭādhyāyī Aṣṭādhyāyī, 6, 2: 22 125;ādiś cihaṇādīnām ||;!;;Āśvalāyanagṛhyasūtra ĀśGS, 1, 1: 1 1;uktāni vaitānikāni gṛhyāni vakṣyāmaḥ ||;!;;Āyurvedadīpikā ĀVDīp zu Ca, Sū., 26, 35.2: 59 5;ādigrahaṇāt prakṛtibalādīnāṁ grahaṇam ||;!;;Āyurvedadīpikā ĀVDīp zu Ca, Sū., 27, 88.1: 116 1;keṣāṁciditi vakṣyamāṇamayūrādīnām ||;!;;Āyurvedadīpikā ĀVDīp zu Ca, Sū., 28, 4.7: 124 15;ādigrahaṇād ārtavastanyādigrahaṇam ||;!;;Ayurvedarasāyana Ayurvedarasāyana zu AHS, Sū., 9, 25.2: 29 6;evaṁ vīryādiṣvapi vācyam ||;!;;Khādiragṛhyasūtra KhGṛS, 2, 5: 7 6;uktam upanayanam ||;!;;Mugdhāvabodhinī MuA zu RHT, 14, 15.2: 224 4;ādau malalakṣaṇamuktam ||;!;;Nāṭyaśāstravivṛti NŚVi zu NāṭŚ, 6, 66.2: 2 34;ādigrahaṇād rājyāpaharaṇādi ||;!;;Nibandhasaṁgraha NiSaṁ zu Su, Śār., 3, 4.1: -1 31;śrāddhādibhojanaṁ śarīrādisaṁyogadhāraṇahetutvāt ||;!;;Nibandhasaṁgraha NiSaṁ zu Su, Sū., 24, 12.3: -1 4;krodhaśokabhayadainyerṣyāsūyāmātsaryakāmādayaḥ ;!;;Nibandhasaṁgraha NiSaṁ zu Su, Sū., 24, 5.5: -1 5;ghṛtakṣīrādayaḥ prabhṛtigrahaṇānmehakṣayādayaḥ ||;!;;Pañcārthabhāṣya PABh zu PāśupSūtra, 1, 9: 9 323;sā vācyā gṛhasthādivat ||;!;;Pañcārthabhāṣya PABh zu PāśupSūtra, 4, 1: 99 29;taducyate vratādīni ||;!;;Viṣṇusmṛti ViSmṛ, 5: 5 92;āsanārhasyāsanam adadacca ||;!;;
YSBhā zu YS, 2, 45.1: 89;5 1;tatra ||;
YSBhā zu YS, 2, 46.1: 90;1 1;tad yathā padmāsanaṁ vīrāsanaṁ bhadrāsanaṁ svastikaṁ |;
YSBhā zu YS, 2, 47.1: 91;1 1;bhavatīti vākyaśeṣaḥ ||;Yogasūtrabhāṣya YSBhā zu YS, 2, 41.1: 85 1;bhavantīti vākyaśeṣaḥ ||;GOOD;;
YSBhā zu YS, 2, 47.1: 91;2 1;prayatnoparamāt sidhyatyāsanaṁ yena nāṅgamejayo |;
YSBhā zu YS, 2, 47.1: 91;3 1;anante vā samāpannaṁ cittam āsanaṁ nirvartayatīti ||;
YSBhā zu YS, 2, 48.1: 92;1 1;śītoṣṇādibhir dvaṁdvair āsanajayān nābhibhūyate ||;
YSBhā zu YS, 2, 49.1: 93;1 1;satyāsanajaye bāhyasya vāyor ācamanaṁ śvāsaḥ ||;
YSBhā zu YS, 2, 49.1: 93;2 1;kauṣṭhyasya vāyor niḥsāraṇaṁ praśvāsaḥ ||;
YSBhā zu YS, 2, 49.1: 93;3 1;tayor gativiccheda ubhayābhāvaḥ prāṇāyāmaḥ ||;
YSBhā zu YS, 2, 50.1: 94;1 1;yatra praśvāsapūrvako gatyabhāvaḥ sa bāhyaḥ ||;
YSBhā zu YS, 2, 50.1: 94;2 1;yatra śvāsapūrvako gatyabhāvaḥ sa ābhyantaraḥ ||;
YSBhā zu YS, 2, 50.1: 94;3 1;tṛtīyaḥ stambhavṛttir yatrobhayābhāvaḥ sakṛtprayatnād |;
YSBhā zu YS, 2, 50.1: 94;4 1;yathā tapte nyastam upale jalaṁ sarvataḥ saṁkocam |;
YSBhā zu YS, 2, 50.1: 94;5 1;trayo .py ete deśena paridṛṣṭā iyān asya viṣayo deśa iti ||;
YSBhā zu YS, 2, 50.1: 94;6 1;kālena paridṛṣṭāḥ kṣaṇānām iyattāvadhāraṇenāvacchinnā |;
YSBhā zu YS, 2, 50.1: 94;7 1;saṁkhyābhiḥ paridṛṣṭā etāvadbhiḥ śvāsapraśvāsaiḥ |;
YSBhā zu YS, 2, 50.1: 94;8 1;sa khalv ayam evam abhyasto dīrghasūkṣmaḥ ||;
YSBhā zu YS, 2, 51.1: 95;1 1;deśakālasaṁkhyābhir bāhyaviṣayaparidṛṣṭa ākṣiptaḥ ||;
YSBhā zu YS, 2, 51.1: 95;2 1;tathābhyantaraviṣayaparidṛṣṭa ākṣiptaḥ ||;
YSBhā zu YS, 2, 51.1: 95;3 1;ubhayathā dīrghasūkṣmaḥ ||;Āyurvedadīpikā ĀVDīp zu Ca, Sū., 26, 11: 46 5;sūkṣmaṁ sūkṣmasroto.nusāri ||;!;;Padārthacandrikā PadCandr zu AHS, Utt., 39, 7.2: 1 6;sūkṣmalocanāṁ sūkṣmachidrām ||;!;;
YSBhā zu YS, 2, 51.1: 95;4 1;tatpūrvako bhūmijayāt krameṇobhayor |;
YSBhā zu YS, 2, 51.1: 95;5 1;tṛtīyas tu viṣayānālocito gatyabhāvaḥ sakṛdārabdha eva |;
YSBhā zu YS, 2, 51.1: 95;6 1;caturthas tu śvāsapraśvāsayor viṣayāvadhāraṇāt krameṇa |;
YSBhā zu YS, 2, 52.1: 96;1 1;prāṇāyāmān abhyasyato .sya yoginaḥ kṣīyate |;
YSBhā zu YS, 2, 52.1: 96;2 1;yat tad ācakṣate ||;Śāṅkhāyanāraṇyaka ŚāĀr, 3, 2: 28 5;taṁ yaḥ pratyāha tam atisṛjate ||;GOOD;;Śāṅkhāyanāraṇyaka ŚāĀr, 8, 7: 106 5;sa yat karaṇīyaṁ manyeta tat kuryāt ||;GOOD;;Aitareyabrāhmaṇa AitBr, 1, 4: 4 5;tattan nādṛtyam ||;!;;Aitareyabrāhmaṇa AitBr, 1, 11: 11 2;tat tan nādṛtyam ||;!;;Aitareyabrāhmaṇa AitBr, 1, 16: 16 14;yad yajñe .bhirūpaṁ tat samṛddham ||;!;;Aitareyabrāhmaṇa AitBr, 1, 16: 16 21;yad yajñe.bhirūpaṁ tat samṛddham ||;!;;Aitareyabrāhmaṇa AitBr, 1, 16: 16 29;yad yajñe .bhirūpaṁ tat samṛddham ||;!;;Aitareyabrāhmaṇa AitBr, 2, 22: 52 2;tat tan nādṛtyam ||;!;;Aitareyabrāhmaṇa AitBr, 2, 37: 67 5;yo vā agniḥ sa pavamānaḥ ||;!;;Aitareyabrāhmaṇa AitBr, 3, 18: 89 10;tat tan nādṛtyam ||;!;;Aitareyabrāhmaṇa AitBr, 5, 15: 168 2;yad eṣām antariyāt tad yajamānasyāntariyāt ||;!;;Aitareyabrāhmaṇa AitBr, 5, 16: 169 4;yaj jātavad yad aniruktam ||;!;;Aitareyabrāhmaṇa AitBr, 5, 16: 169 21;yad eva ṣaṣṭhasyāhnas tat ||;!;;Aitareyabrāhmaṇa AitBr, 6, 10: 197 9;yad u gāyatryas tenāgneyyaḥ ||;!;;Āpastambagṛhyasūtra ĀpGṛSū, 4: 3 9;yo .syāpacitaḥ tam itarayā ||;!;;Āpastambagṛhyasūtra ĀpGṛSū, 12: 11 9;tasmā anvāha tat savitur iti ||;!;;Āpastambaśrautasūtra ĀpŚS, 3, 1: 3 9;yaṁ dviṣyāt tam etair upaspṛśet ||;!;;Arthaśāstra ArthaŚ, 1, 4: 4 15;sa tena guptaḥ prabhavati iti ||;!;;Arthaśāstra ArthaŚ, 1, 10: 10 10;tenodvegena rājā tān avarundhyāt ||;!;;Arthaśāstra ArthaŚ, 1, 15: 15 24;te yathā brūyustat kuryāt ||;!;;Arthaśāstra ArthaŚ, 1, 15: 15 55;sa taccakṣuḥ ||;!;;Aṣṭādhyāyī Aṣṭādhyāyī, 1, 1: 1 72;yena vidhis tadantasya ||;!;;Aṣṭādhyāyī Aṣṭādhyāyī, 1, 4: 4 32;karmaṇā yam abhipraiti sa sampradānam ||;!;;Aṣṭādhyāyī Aṣṭādhyāyī, 4, 2: 14 59;tad adhīte tad veda ||;!;;Aṣṭādhyāyī Aṣṭādhyāyī, 5, 1: 17 16;tad asya tad asmin syād iti ||;!;;Āśvalāyanagṛhyasūtra ĀśGS, 1, 7: 7 2;yat tu samānaṁ tad vakṣyāmaḥ ||;!;;Atharvaveda Śaunaka) AVŚ, 9, 6: 444 8;yad upastṛṇanti barhir eva tat ||;!;;Atharvaveda Śaunaka) AVŚ, 11, 3: 461 23;sa ya odanasya mahimānaṁ vidyāt ||;!;;Āyurvedadīpikā ĀVDīp zu Ca, Vim., 1, 21: 177 3;upayoktā aṣṭamo yeṣāṁ tānyupayoktraṣṭamāni ||;!;;Āyurvedadīpikā ĀVDīp zu Ca, Cik., 1, 24.2: 291 1;kuṭīpraveśena yat kriyate tat kuṭīprāveśikam ||;!;;Āyurvedadīpikā ĀVDīp zu Ca, Śār., 1, 151.2: 276 5;yeneti yena yathā ||;!;;Baudhāyanadharmasūtra BaudhDhSū, 1, 2: 2 2;yāni dakṣiṇatas tāni vyākhyāsyāmaḥ ||;!;;Baudhāyanadharmasūtra BaudhDhSū, 1, 3: 3 43;tayos tad eva pāvanam ||;!;;Baudhāyanagṛhyasūtra BaudhGS, 1, 1: 2 12;yad dvitīyaṁ taccaturthaṁ sa caturvṛt ||;!;;Daśakumāracarita DKCar, 2, 3: 8 178;akūjacaca sā taṁ janaṁ kṛtāntadṛtīvāhvayantī ||;!;;Daśakumāracarita DKCar, 2, 5: 10 13;ato yadbhāvi tadbhavatu ||;!;;Daśakumāracarita DKCar, 2, 5: 10 21;yadbhāvi tadbhavatu ||;!;;Daśakumāracarita DKCar, 2, 6: 11 6;sa tu tasyāḥ pāṇigrāhakamanujīviṣyati ||;!;;Divyāvadāna Divyāv, 1: 1 89;sā tenātyayam atyayataḥ kṣamāpitā ||;!;;Divyāvadāna Divyāv, 1: 1 139;tān dṛṣṭvā tasya kāruṇyamutpannam ||;!;;Divyāvadāna Divyāv, 1: 1 142;sa tānutsṛjya padbhyāṁ samprasthitaḥ ||;!;;Divyāvadāna Divyāv, 1: 1 145;sa tasya sakāśamupasaṁkrāntaḥ ||;!;;Divyāvadāna Divyāv, 1: 1 167;sa tasya sakāśamupasaṁkrāntaḥ ||;!;;Divyāvadāna Divyāv, 1: 1 190;sa tairdūrata eva dṛṣṭaḥ ||;!;;Divyāvadāna Divyāv, 1: 1 191;te taṁ pratyavabhāṣitumārabdhāḥ ||;!;;Divyāvadāna Divyāv, 1: 1 194;sa taiḥ snāpito bhojitaḥ ||;!;;Divyāvadāna Divyāv, 1: 1 239;sa tena snāpito bhojitaḥ ||;!;;Divyāvadāna Divyāv, 1: 1 325;tena tasyāḥ pratijñātam ||;!;;Divyāvadāna Divyāv, 1: 1 328;sa tasminneva vimāne uṣitaḥ ||;!;;Divyāvadāna Divyāv, 1: 1 341;sa tasyaurabhrikasya sakāśamupasaṁkrāntaḥ ||;!;;Divyāvadāna Divyāv, 1: 1 369;sa tasyā veśyāyāḥ sakāśamupasaṁkrāntaḥ ||;!;;Divyāvadāna Divyāv, 1: 1 397;sa taiḥ svareṇa pratyabhijñātaḥ ||;!;;Divyāvadāna Divyāv, 1: 1 428;sa tenopasaṁpāditaḥ ||;!;;Divyāvadāna Divyāv, 1: 1 494;taiḥ sa dvāre baddhvā sthāpitaḥ ||;!;;Divyāvadāna Divyāv, 1: 1 508;tena te karapratyāyāḥ samucchinnāḥ ||;!;;Divyāvadāna Divyāv, 2: 2 39;tayā tasyārocitam ||;!;;Divyāvadāna Divyāv, 2: 2 120;tābhiḥ sā pṛṣṭā tayā samākhyātam ||;!;;Divyāvadāna Divyāv, 2: 2 183;sa tamādāya vīthīṁ samprasthitaḥ ||;!;;Divyāvadāna Divyāv, 2: 2 188;sa tat kāṣṭhaṁ nirīkṣitumārabdhaḥ ||;!;;Divyāvadāna Divyāv, 2: 2 219;tena tāstisro gaṇḍikā darśitāḥ ||;!;;Divyāvadāna Divyāv, 2: 2 307;tena te śrutāḥ ||;!;;Divyāvadāna Divyāv, 2: 2 419;sa tābhyāṁ mānaṁ grāhitaḥ ||;!;;Divyāvadāna Divyāv, 3: 3 106;sa tān māṇavakān maitreyāya anupradāsyati ||;!;;Divyāvadāna Divyāv, 7: 7 33;sa tasyāḥ sakāśamupasaṁkrāntaḥ ||;!;;Divyāvadāna Divyāv, 7: 7 41;sā tāmapanetumārabdhā ||;!;;Divyāvadāna Divyāv, 7: 7 42;tasyāstasminnācāme .ṅguliḥ patitā ||;!;;Divyāvadāna Divyāv, 7: 7 140;sa tasya kṣetraṁ rakṣitumārabdhaḥ ||;!;;Divyāvadāna Divyāv, 7: 7 149;sā tāmādāya gatā ||;!;;Divyāvadāna Divyāv, 7: 7 192;sa tayā prajvalitaḥ pradīpaḥ prajvalatyeva ||;!;;Divyāvadāna Divyāv, 12: 12 176;tat tasyopari nipatitam ||;!;;Divyāvadāna Divyāv, 13: 13 148;sa tayā mukhabimbakena pratyabhijñātaḥ ||;!;;Divyāvadāna Divyāv, 13: 13 157;tayā gatvā tasyāḥ pracchannaṁ kathitam ||;!;;Divyāvadāna Divyāv, 13: 13 299;tasya tannīlakṛtsnam āmukhībhūtam ||;!;;Divyāvadāna Divyāv, 13: 13 487;sa gṛhapatistaṁ dṛṣṭvā paryavasthitaḥ ||;!;;Divyāvadāna Divyāv, 13: 13 497;sa tasyānugrahārthamavatīrṇaḥ ||;!;;Divyāvadāna Divyāv, 17: 17 326;taiḥ sa rājā dṛṣṭa āgacchan ||;!;;Divyāvadāna Divyāv, 18: 18 212;tena tadapi bhuktam ||;!;;Divyāvadāna Divyāv, 18: 18 390;sa tān dṛṣṭvā pratibuddhaḥ ||;!;;Divyāvadāna Divyāv, 19: 19 232;taistad dṛṣṭam ||;!;;Divyāvadāna Divyāv, 19: 19 273;sa tāṁ gṛhītvā vīthīṁ gataḥ ||;!;;Divyāvadāna Divyāv, 19: 19 289;taiste punaḥ pratyavekṣitāḥ ||;!;;Divyāvadāna Divyāv, 19: 19 291;sa tairgṛhītaḥ ||;!;;Divyāvadāna Divyāv, 19: 19 313;sa taiḥ śabditaḥ ||;!;;Divyāvadāna Divyāv, 19: 19 338;tena tasya kārṣāpaṇasahasraṁ dattam ||;!;;Divyāvadāna Divyāv, 19: 19 404;sa taṁ tāḍayitumārabdhaḥ ||;!;;Divyāvadāna Divyāv, 19: 19 416;sa tasya gṛhaṁ gataḥ ||;!;;Divyāvadāna Divyāv, 19: 19 552;sa tena praveśitaḥ ||;!;;Gautamadharmasūtra GautDhS, 1, 1: 1 10;tad yasmāt sa ācāryaḥ ||;!;;Gautamadharmasūtra GautDhS, 1, 8: 8 7;tadapekṣas tadvṛttiḥ ||;!;;Gautamadharmasūtra GautDhS, 2, 6: 15 17;upapatiḥ |yasya ca saḥ ||;!;;Gopathabrāhmaṇa NEW GB, 1, 1, 1: 1 10;tad yad abravīt ||;!;;Gopathabrāhmaṇa NEW GB, 1, 1, 2: 2 8;tad yad abravīt ||;!;;Gopathabrāhmaṇa NEW GB, 1, 1, 2: 2 12;tad yad abravīt ||;!;;Gopathabrāhmaṇa NEW GB, 1, 1, 2: 2 19;tad yad abravīt ||;!;;Gopathabrāhmaṇa NEW GB, 1, 1, 23: 23 6;te tam abruvan ||;!;;Gopathabrāhmaṇa NEW GB, 1, 1, 31: 31 4;sa ācāryāyāvrajyācacaṣṭe ||;!;;Gopathabrāhmaṇa NEW GB, 1, 2, 15: 54 19;yan nakṣatraṁ tad āpnoti ||;!;;Gopathabrāhmaṇa NEW GB, 1, 2, 15: 54 28;te pathirakṣayas ta iyakṣamāṇaṁ pratinudantaḥ ||;!;;Jaiminīyabrāhmaṇa JB, 1, 12: 5 7;tām annam akuruta tāṁ pratyudadīpyata ||;!;;Jaiminīyabrāhmaṇa JB, 1, 12: 5 12;tām annam akuruta tāṁ pratyudadīpyata ||;!;;Jaiminīyabrāhmaṇa JB, 3, 1: 22 12;tam odana iti parokṣam ācakṣate ||;!;;Kāmasūtra KāSū, 5, 4: 26 18;tasyāstayaiva pratyuttarāṇi yojayet ||;!;;Kāṭhakagṛhyasūtra KāṭhGṛSū, 1: 1 5;yo gurus tam arhayet ||;!;;Kauśikasūtra Kauśikasūtra, 2, 5: 14 31;yāṁ dhūmo .vatanoti tāṁ jayanti ||;!;;Khādiragṛhyasūtra KhGṛS, 2, 1: 3 6;tasmādyatkāmayeta tadbhuñjīta ||;!;;Lalitavistara LalVis, 12: 12 23;sa tasyāstaṁ lekhamupanāmayati sma ||;!;;Mahābhārata MBh, 3, 190: 488 58;sa gatvaivam upādhyāyāyācaṣṭa ||;!;;Maitrāyaṇīsaṁhitā MS, 2, 1, 1: 18 4;yad dvitīyaṁ sā lohinī ||;!;;Maitrāyaṇīsaṁhitā MS, 2, 1, 1: 18 5;yat tṛtīyaṁ sā balakṣī ||;!;;Maitrāyaṇīsaṁhitā MS, 2, 1, 1: 18 10;tāṁ vai tasmai kāmāyālabhanta ||;!;;Mānavagṛhyasūtra MānGS, 1, 2: 2 5;yo gurus tam arhayet ||;!;;Mṛgendraṭīkā MṛgṬīkā zu MṛgT, Vidyāpāda, 6, 5.2: 125 3;tadetadanupapannaṁ yasmāt ||;!;;Mugdhāvabodhinī MuA zu RHT, 19, 58.2: 360 1;tadviśeṣamāha ya ityādi ||;!;;Nibandhasaṁgraha NiSaṁ zu Su, Sū., 14, 3.4: -1 18;ya tasminnityādi ||;!;;Nibandhasaṁgraha NiSaṁ zu Su, Cik., 29, 12.32: -1 25;yasya sa tathā ||;!;;Nibandhasaṁgraha NiSaṁ zu Su, Sū., 1, 25.1: -1 1;tadyuktam teṣāmityādi ||;!;;Nibandhasaṁgraha NiSaṁ zu Su, Sū., 1, 2.1: -1 9;yasmai sa āyurvedotpattimiti ||;!;;Nirukta Nirukta, 1, 4: 4 8;purastād upācāras tasya yat pratiṣedhati ||;!;;Nirukta Nirukta, 1, 4: 4 10;upariṣṭād upācārastasya yenopamimīte ||;!;;Pañcārthabhāṣya PABh zu PāśupSūtra, 1, 17: 18 9;atra yā raudrī sā gāyatrī ||;!;;Pañcārthabhāṣya PABh zu PāśupSūtra, 1, 43: 44 10;tad ucyate yasmād āha ||;!;;Pañcārthabhāṣya PABh zu PāśupSūtra, 2, 6: 51 15;taducyate yasmādāha āṅ iti ||;!;;Pañcārthabhāṣya PABh zu PāśupSūtra, 2, 8: 53 7;nanu yat teṣāṁ pradakṣiṇaṁ kasmāt ||;!;;Pañcārthabhāṣya PABh zu PāśupSūtra, 2, 18: 63 8;taducyate tadarthameva ||;!;;Pañcārthabhāṣya PABh zu PāśupSūtra, 2, 19: 64 4;tasmādatra tapastadeva ||;!;;Pañcārthabhāṣya PABh zu PāśupSūtra, 4, 1: 99 9;tasmādatra tapastadeva ||;!;;Pañcārthabhāṣya PABh zu PāśupSūtra, 4, 8: 106 16;taducyate taṁ guṇaṁ jñātvā vakṣyāmaḥ ||;!;;Pañcārthabhāṣya PABh zu PāśupSūtra, 4, 12: 110 7;sa teṣām iṣṭāpūrtam ādatteti ||;!;;Pañcārthabhāṣya PABh zu PāśupSūtra, 4, 15: 113 4;taducyate iha yasmādāha ||;!;;Pañcārthabhāṣya PABh zu PāśupSūtra, 5, 7: 129 36;taducyate iha yasmādāha ||;!;;Pañcārthabhāṣya PABh zu PāśupSūtra, 5, 34: 156 37;sa bhavatu teṣām ||;!;;Pañcārthabhāṣya PABh zu PāśupSūtra, 5, 34: 156 81;te bhavantu teṣām ||;!;;Pāraskaragṛhyasūtra Pāraskaragṛhyasūtra, 1, 8: 6 13;tasmāt tayor grāmaḥ pramānam iti śruteḥ ||;!;;Pāśupatasūtra PāśupSūtra, 4: 4 11;sa teṣāmiṣṭāpūrtamādatta ||;!;;Rasaratnasamuccayaṭīkā RRSṬīkā zu RRS, 5, 84.1: 40 5;yasya tad ekamukham ||;!;;Ratnaṭīkā GaṇaKārṬīkā zu GaṇaKār, 5.2: 7 26;yasmāt tadartham idam āha ||;!;;Ratnaṭīkā GaṇaKārṬīkā zu GaṇaKār, 6.1: 8 134;tatra yad anāśritaṁ tat tattvam ||;!;;Saṅghabhedavastu SBhedaV, 1: 1 128;sa teṣāṁ nigṛhītavyāṁś ca nigṛhṇāti pragṛhītavyāṁś ca ;!;;Śāṅkhāyanāraṇyaka ŚāĀr, 1, 3: 3 6;tad yad vāsukraṁ pūrvaṁ śaṁsati ||;!;;Śāṅkhāyanāraṇyaka ŚāĀr, 1, 7: 7 17;tad yat pratiṣṭhāpayati ||;!;;Śāṅkhāyanāraṇyaka ŚāĀr, 1, 8: 8 23;na sa ya evaṁ veda ||;!;;Śāṅkhāyanāraṇyaka ŚāĀr, 3, 6: 32 5;yas tvam asi so .ham asmi ||;!;;Śāṅkhāyanāraṇyaka ŚāĀr, 3, 6: 32 8;kiṁ tad yatsatyam iti ||;!;;Śāṅkhāyanāraṇyaka ŚāĀr, 5, 3: 51 15;yo vai prāṇaḥ sā prajñā ||;!;;Śāṅkhāyanāraṇyaka ŚāĀr, 5, 3: 51 16;yā vā prajñā sa prāṇaḥ ||;!;;Śāṅkhāyanāraṇyaka ŚāĀr, 5, 3: 51 32;yo vai prāṇaḥ sā prajñā ||;!;;Śāṅkhāyanāraṇyaka ŚāĀr, 5, 3: 51 33;yā vā prajñā sa prāṇaḥ ||;!;;Śāṅkhāyanāraṇyaka ŚāĀr, 6, 20: 76 16;ya evaṁ veda ya evaṁ veda ||;!;;Śāṅkhāyanāraṇyaka ŚāĀr, 7, 1: 77 3;tan mām avatu tad vaktāram avatvavatu mām avatu ;!;;Śāṅkhāyanāraṇyaka ŚāĀr, 7, 23: 99 7;ya evaṁ veda ya evaṁ veda ||;!;;Śāṅkhāyanāraṇyaka ŚāĀr, 8, 2: 101 5;yānyakṣarāṇyavocāmāhāni tāni ||;!;;Śāṅkhāyanāraṇyaka ŚāĀr, 8, 2: 101 6;yān ūṣmaṇo rātrayastāḥ ||;!;;Śāṅkhāyanāraṇyaka ŚāĀr, 8, 2: 101 7;yān saṁdhīn avocāmāhorātrāṇāṁ te saṁdhayaḥ ||;!;;Sūryaśatakaṭīkā Sūryaśatakaṭīkā zu SūryaŚ, 1, 3.2: 3 16;tena śramastasmājjātastamiva ||;!;;Tantrākhyāyikā TAkhy, 1: 1 274;te tam āhuḥ ||;!;;Tantrākhyāyikā TAkhy, 2: 2 90;sā tam āha ||;!;;Viṣṇupurāṇa ViPur, 4, 3: 59 30;sā tasya bhāryā citāṁ kṛtvā tam ;!;;Viṣṇupurāṇa ViPur, 4, 12: 68 36;sa ca tāṁ snuṣām upayeme ||;!;;Viṣṇusmṛti ViSmṛ, 5: 5 133;tac ca teṣāṁ dadyāt ||;!;;Viṣṇusmṛti ViSmṛ, 5: 5 168;tatsaṁvidaṁ yaś ca laṅghayet ||;!;;Viṣṇusmṛti ViSmṛ, 15: 15 14;yasya talpajastasyāsau ||;!;;Viṣṇusmṛti ViSmṛ, 15: 15 16;yā garbhiṇī saṁskriyate tasyāḥ putraḥ ||;!;;Viṣṇusmṛti ViSmṛ, 15: 15 21;sa ca yena krītaḥ ||;!;;Viṣṇusmṛti ViSmṛ, 15: 15 23;sa ca yasyopagataḥ ||;!;;Viṣṇusmṛti ViSmṛ, 15: 15 26;sa ca yena gṛhītaḥ ||;!;;Viṣṇusmṛti ViSmṛ, 20: 20 1;yad uttarāyaṇaṁ tad ahar devānām ||;!;;Viṣṇusmṛti ViSmṛ, 31: 31 4;yat te brūyustat kuryāt ||;!;;Viṣṇusmṛti ViSmṛ, 42: 42 1;yad anuktaṁ tat prakīrṇakam ||;!;;Viṣṇusmṛti ViSmṛ, 47: 47 6;yasya paurṇamāsī sa yavamadhyaḥ ||;!;;Viṣṇusmṛti ViSmṛ, 58: 58 4;yacchabalena tan mānuṣyam ||;!;;Viṣṇusmṛti ViSmṛ, 58: 58 5;yat kṛṣṇena tat tiryaktvam ||;!;;Yogasūtra YS, 1: 1 28;tajjapas tadarthabhāvanam ||;!;;Yogasūtrabhāṣya YSBhā zu YS, 2, 15.1: 59 9;yā laulyād anupaśāntis tad duḥkham ||;!;;Yogasūtrabhāṣya YSBhā zu YS, 2, 24.1: 68 7;sa tām āha ||;!;;
YSBhā zu YS, 2, 52.1: 96;3 1;mahāmohamayenendrajālena prakāśaśīlaṁ sattvam āvṛtya |;
YSBhā zu YS, 2, 52.1: 96;4 1;tad asya prakāśāvaraṇaṁ karma saṁskāranibandhanaṁ |;
YSBhā zu YS, 2, 52.1: 96;5 1;tathā coktam ||;Mṛgendraṭīkā MṛgṬīkā zu MṛgT, Vidyāpāda, 2, 9.2: 39 2;tathā coktaṁ rurusaṁhitāyām ||;GOOD;;Yogasūtrabhāṣya YSBhā zu YS, 2, 15.1: 59 4;tathā coktam ||;GOOD;;Yogasūtrabhāṣya YSBhā zu YS, 2, 30.1: 74 2;tathā coktam ||;GOOD;;Amaraughaśāsana AmarŚās, 1: 1 56;uktaṁ ca bhagavatā maheśvareṇa ||;!;;Aṣṭādhyāyī Aṣṭādhyāyī, 1, 4: 4 50;tathāyuktaṁ ca anīpsitam ||;!;;Āśvalāyanagṛhyasūtra ĀśGS, 1, 1: 1 1;uktāni vaitānikāni gṛhyāni vakṣyāmaḥ ||;!;;Āyurvedadīpikā ĀVDīp zu Ca, Sū., 1, 2: 2 21;uvāca caināṁścaturaḥ iti ||;!;;Baudhāyanagṛhyasūtra BaudhGS, 1, 3: 4 28;tathāsthāpayati tathā juhoti ||;!;;Baudhāyanagṛhyasūtra BaudhGS, 1, 3: 4 30;tathaivāsthāpayati tathaiva juhoti ||;!;;Daśakumāracarita DKCar, 2, 7: 12 8;sa ca tathākārṣīt ||;!;;Gautamadharmasūtra GautDhS, 2, 4: 13 10;pramattokte ca ||;!;;Gautamadharmasūtra GautDhS, 3, 1: 19 1;ukto varṇadharmaś cāśramadharmaś ca ||;!;;Gautamadharmasūtra GautDhS, 3, 3: 21 5;tathā paratra cāsiddhiḥ ||;!;;Gūḍhārthadīpikā ŚGDīp zu ŚdhSaṁh, 2, 11, 20.2: 13 1;tathā ca pārāvateti sugamam ||;!;;Gūḍhārthadīpikā ŚGDīp zu ŚdhSaṁh, 2, 12, 38.1: 52 1;tathāparaṁ ca ||;!;;Kāmasūtra KāSū, 2, 8: 13 4;tāni ca vakṣyāmaḥ ||;!;;Kāvyālaṁkāra KāvyAl, 6: 6 33;yathā paṭayatītyādi ṇic prātipadikāttataḥ |ṇāviṣṭhavaditīṣṭyā ca tathā kraśayatītyapi ||;!;;Khādiragṛhyasūtra KhGṛS, 2, 5: 7 6;uktam upanayanam ||;!;;Khādiragṛhyasūtra KhGṛS, 2, 5: 7 9;tathālaṅkāraḥ ||;!;;Mṛgendraṭīkā MṛgṬīkā zu MṛgT, Vidyāpāda, 1, 1.2: 1 46;etac ca yathāvasaraṁ vakṣyāmaḥ ||;!;;Mṛgendraṭīkā MṛgṬīkā zu MṛgT, Vidyāpāda, 2, 12.1: 42 5;tathā cāha tatrabhavān bhartṛhariḥ ||;!;;Mṛgendraṭīkā MṛgṬīkā zu MṛgT, Vidyāpāda, 3, 4.2: 68 2;uktaṁ ca śrīmatkiraṇe ||;!;;Nibandhasaṁgraha NiSaṁ zu Su, Sū., 1, 25.1: -1 2;ca viṁśatireva jīvanamātraṁ doṣotpādanenātmanaḥ ;!;;Nibandhasaṁgraha NiSaṁ zu Su, Sū., 24, 6.2: -1 3;yogavāhitvaṁ ca anye tathā ityādi ||;!;;Nyāyasūtra NyāSū, 5, 2: 10 25;hetvābhāsāśca yathoktāḥ ||;!;;Pañcārthabhāṣya PABh zu PāśupSūtra, 1, 8: 8 26;apasavyaṁ ca pradakṣiṇam upariṣṭād vakṣyāmaḥ ||;!;;Pañcārthabhāṣya PABh zu PāśupSūtra, 1, 9: 9 87;tathā brahmacaryaṁ ca tantre siddham ||;!;;Pañcārthabhāṣya PABh zu PāśupSūtra, 1, 18: 19 8;iha ca purastād uktam ||;!;;Pañcārthabhāṣya PABh zu PāśupSūtra, 2, 5: 50 48;vṛttilābhaścotpattirityucyate ||;!;;Pañcārthabhāṣya PABh zu PāśupSūtra, 2, 7: 52 3;upakṣipyottaratra maṅgalaṁ pradakṣiṇaṁ ca vakṣyāmaḥ ||;!;;Pañcārthabhāṣya PABh zu PāśupSūtra, 2, 15: 60 18;ataścetyucyate atiyajanam ||;!;;Pañcārthabhāṣya PABh zu PāśupSūtra, 3, 3: 75 3;uktaṁ ca ||;!;;Pañcārthabhāṣya PABh zu PāśupSūtra, 3, 8: 80 4;iha coktaṁ pāpamiti ||;!;;Pañcārthabhāṣya PABh zu PāśupSūtra, 4, 9: 107 28;iha coktam uttama iti ||;!;;Pañcārthabhāṣya PABh zu PāśupSūtra, 5, 34: 156 46;parapīḍāyāṁ ca yathoktaḥ ||;!;;Pañcārthabhāṣya PABh zu PāśupSūtra, 5, 40: 162 9;padārthanigamanārthe cocyate ||;!;;Rasādhyāyaṭīkā RAdhyṬ zu RAdhy, 150.2: 27 9;tathā rāgāṁśca sahate ||;!;;Rasaratnasamuccayaṭīkā RRSṬīkā zu RRS, 10, 16.3: 144 5;uktaṁ ca rasahṛdaye ||;!;;Rasārṇavakalpa RAK, 1: 1 331;bhojanāni ca vakṣyāmi bhakṣyamāṇāni yāni ca ||;!;;Sarvāṅgasundarā SarvSund zu AHS, Utt., 39, 10.2: 75 4;etac ca bāhulyenoktam ||;!;;Śukasaptati Śusa, 23: 23 2;tathā ca |saṁsaatulaṇa jahiṁ caḍai tassuṇa jīviu dhaṇu |āi parā jahi lahijjai taṁ ji bhaṇijjii pemmu ||;!;;Śukasaptati Śusa, 23: 23 37;tathā ca |acalā calanti palae majjāaṁ sāarā vilaṅghanti |karuā vi taha vikāle paḍivaṇṇa sādha siḍhilenti ||;!;;Sūryaśatakaṭīkā Sūryaśatakaṭīkā zu SūryaŚ, 1, 9.2: 9 19;gāvo dhenavaścocyante ||;!;;Suśrutasaṁhitā Su, 1, 20: 20 6;tathā ;!;;Suśrutasaṁhitā Su, 1, 35: 35 41;prakṛtiṁ bheṣajaṁ copariṣṭādvakṣyāmaḥ ||;!;;Tantrākhyāyikā TAkhy, 1: 1 324;api coktam ||;!;;Tantrākhyāyikā TAkhy, 1: 1 372;uktaṁ ca ||;!;;Tantrākhyāyikā TAkhy, 1: 1 386;tathā cānuṣṭhite kacchapenābhihitau ||;!;;Tantrākhyāyikā TAkhy, 1: 1 552;tathā ca ||;!;;Tantrākhyāyikā TAkhy, 1: 1 610;tenoktaṁ ca ||;!;;Tantrākhyāyikā TAkhy, 2: 2 18;tathā ca ||;!;;Tantrākhyāyikā TAkhy, 2: 2 30;uktaṁ ca ||;!;;Tantrākhyāyikā TAkhy, 2: 2 168;tathā ca ||;!;;Tantrākhyāyikā TAkhy, 2: 2 172;uktaṁ ca ||;!;;Tantrākhyāyikā TAkhy, 2: 2 317;tathā ca samarthitavān ||;!;;Tantrākhyāyikā TAkhy, 2: 2 320;tathā ca ||;!;;Vaiśeṣikasūtra VaiśSū, 2, 2: 4 17;tathā dakṣiṇā pratīcyudīcī ca ||;!;;Vaiśeṣikasūtra VaiśSū, 7, 1: 13 2;guṇalakṣaṇaṁ coktam ||;!;;Vaiśeṣikasūtra VaiśSū, 7, 1: 13 29;tathā cātmā ||;!;;Vaiśeṣikasūtra VaiśSū, 9: 16 23;tathā svapnaḥ svapnāntikaṁ ca ||;!;;Vaiśeṣikasūtra VaiśSū, 10: 17 15;tathā rūpe kāraṇakāraṇasamavāyācca ||;!;;Vaiśeṣikasūtra VaiśSū, 10: 17 17;tathā kāraṇākāraṇasamavāyācca ||;!;;Vaiśeṣikasūtravṛtti VaiSūVṛ zu VaiśSū, 10, 20.1: 338 2;tasya cāmnāyāt samadhigama uktaḥ ||;!;;Vārāhagṛhyasūtra VārGṛSū, 5: 5 5;ukto .gnisaṁskāro brahmaṇaśca ||;!;;Viṣṇupurāṇa ViPur, 4, 6: 62 70;evam uktās tāś cāpsarasa ūcuḥ ||;!;;Viṣṇupurāṇa ViPur, 4, 13: 69 9;tataś cānamitraḥ tathānamitrān nighnaḥ ||;!;;Viṣṇupurāṇa ViPur, 4, 20: 76 16;tataś ca tam ūcur brāhmaṇāḥ ||;!;;Yogasūtrabhāṣya YSBhā zu YS, 2, 5.1: 49 4;uktaṁ ca ||;!;;Yogasūtrabhāṣya YSBhā zu YS, 2, 5.1: 49 10;tathā duḥkhe sukhakhyātiṁ vakṣyati ||;!;;Yogasūtrabhāṣya YSBhā zu YS, 2, 5.1: 49 14;tathaitad atroktam ||;!;;
YSBhā zu YS, 2, 52.1: 96;6 1;tapo na paraṁ prāṇāyāmāt tato viśuddhir malānāṁ dīptiśca |;
YSBhā zu YS, 2, 52.1: 96;7 1;kiṁca ||;
YSBhā zu YS, 1, 2.1: 2;1 1;sarvaśabdāgrahaṇāt samprajñāto .pi yoga ity ākhyāyate |;
YSBhā zu YS, 1, 2.1: 2;1 2;cittaṁ hi prakhyāpravṛttisthitiśīlatvāt triguṇam |;
YSBhā zu YS, 1, 2.1: 2;1 3;prakhyārūpaṁ hi cittasattvam rajastamobhyāṁ saṁsṛṣṭam tad eva tamasā anuviddham tad eva prakṣīṇamohāvaraṇaṁ sarvataḥ pradyotamānam tad eva rajoleśamalāpetaṁ svarūpapratiṣṭhaṁ tat paraṁ prasaṁkhyānam ity ācakṣate dhyāyinaḥ |;
YSBhā zu YS, 1, 2.1: 2;1 4;citiśaktir apariṇāminī apratisaṁkramā darśitaviṣayā śuddhā sattvaguṇātmikā ceyam ato viparītā vivekakhyātir iti |;
YSBhā zu YS, 1, 2.1: 2;1 5;atas tasyāṁ viraktaṁ cittaṁ tām api khyātiṁ niruṇaddhi dvividhaḥ sa yogaḥ cittavṛttinirodha iti ||;
YSBhā zu YS, 1, 2.1: 2;2 1;tadavasthe cetasi svaviṣayābhāvāt buddhibodhātmā |;
YSBhā zu YS, 2, 53.1: 97;1 1;prāṇāyāmābhyāsād eva pracchardanavidhāraṇābhyāṁ vā |;
YSBhā zu YS, 2, 53.1: 97;2 1;atha kaḥ pratyāhāraḥ ||;Khādiragṛhyasūtra KhGṛS, 2, 4: 6 16;athainaṁ paridadyād antakaprabhṛtibhiḥ ||;!;;Mṛgendraṭīkā MṛgṬīkā zu MṛgT, Vidyāpāda, 12, 2.2: 240 2;atha kutaḥ kimabhivyaktam ||;!;;Pañcārthabhāṣya PABh zu PāśupSūtra, 2, 3: 48 3;keṣāṁ kena vā paraḥ ||;!;;Pañcārthabhāṣya PABh zu PāśupSūtra, 5, 39: 161 5;atha kimayamupacāraḥ ||;!;;Yogasūtrabhāṣya YSBhā zu YS, 2, 15.1: 59 17;atha kā tāpaduḥkhatā ||;!;;Yogasūtrabhāṣya YSBhā zu YS, 3, 44.1: 110 19;atha kim eṣāṁ sūkṣmarūpam ||;!;;
YSBhā zu YS, 1, 3.1: 3;1 1;svarūpapratiṣṭhā tadānīṁ citiśaktir yathā kaivalye |;
YSBhā zu YS, 1, 3.1: 3;2 1;kathaṁ tarhi |;
YSBhā zu YS, 1, 3.1: 3;2 2;darśitaviṣayatvāt ||;
YSBhā zu YS, 2, 54.1: 98;1 1;svaviṣayasaṁprayogābhāve cittasvarūpānukāra iveti |;
YSBhā zu YS, 2, 54.1: 98;2 1;yathā madhukararājaṁ makṣikā utpatantam anūtpatanti |;
YSBhā zu YS, 1, 4.1: 4;1 1;vyutthāne yāḥ cittavṛttayaḥ tadaviśiṣṭavṛttiḥ puruṣaḥ |;
YSBhā zu YS, 1, 4.1: 4;1 2;tathā ca sūtram |;
YSBhā zu YS, 1, 4.1: 4;1 3;ekam eva darśanaṁ khyātir eva darśanam iti |;
YSBhā zu YS, 1, 4.1: 4;1 4;cittam ayaskāntamaṇikalpaṁ saṁnidhimātropakāri tasmāc cittavṛttibodhe puruṣasya anādisaṁbandho hetuḥ ||;
YSBhā zu YS, 1, 4.1: 4;2 1;tāḥ punar niroddhavyā bahutve sati cittasya ||;
YSBhā zu YS, 2, 55.1: 99;1 1;śabdādiṣvavyasanam indriyajaya iti kecit ||;
YSBhā zu YS, 2, 55.1: 99;2 1;saktir vyasanaṁ vyasyaty enaṁ śreyasa iti ||;
YSBhā zu YS, 2, 55.1: 99;3 1;aviruddhā pratipattir nyāyyā ||;
YSBhā zu YS, 2, 55.1: 99;4 1;śabdādisaṁprayogaḥ svecchayety anye ||;
YSBhā zu YS, 2, 55.1: 99;5 1;rāgadveṣābhāve sukhaduḥkhaśūnyaṁ śabdādijñānam |;
YSBhā zu YS, 2, 55.1: 99;6 1;cittaikāgryād apratipattir eveti jaigīṣavyaḥ ||;
YSBhā zu YS, 2, 55.1: 99;7 1;tataśca paramā tviyaṁ vaśyatā yac cittanirodhe |;
YSBhā zu YS, 2, 55.1: 99;8 1;iti śrīpātañjale sāṁkhyapravacane yogaśāstre |;

YSBhā zu YS, 1, 5.1: 5;2 1;tā kliṣṭāścākliṣṭāśca pañcadhā vṛttayaḥ ||;
YSBhā zu YS, 3, 1.1: 100;1 1;nābhicakre hṛdayapuṇḍarīke mūrdhni jyotiṣi nāsikāgre |;
YSBhā zu YS, 1, 8.1: 7;1 1;sa kasmān na pramāṇam |;
YSBhā zu YS, 1, 8.1: 7;1 2;yataḥ pramāṇena bādhyate |;
YSBhā zu YS, 1, 8.1: 7;1 3;bhūtārthaviṣayatvāt pramāṇasya |;
YSBhā zu YS, 1, 8.1: 7;1 4;tatra pramāṇena bādhanam apramāṇasya dṛṣṭam |;
YSBhā zu YS, 1, 8.1: 7;1 5;tad yathā |;
YSBhā zu YS, 1, 8.1: 7;1 6;dvicandradarśanaṁ sadviṣayeṇaikacandradarśanena seyaṁ pañcaparvā bhavaty avidyā eta eva svasaṁjñābhiḥ tamo moho mahāmohas tāmisro ete cittamalaprasaṅgenābhidhāsyante ||;
YSBhā zu YS, 3, 35.1: 101;1 1;buddhisattvaṁ prakhyāśīlaṁ samānasattvopanibandhane |;
YSBhā zu YS, 3, 35.1: 101;2 1;tasmāc ca sattvāt pariṇāmino .tyantavidharmā śuddho |;
YSBhā zu YS, 3, 35.1: 101;3 1;tayor atyantāsaṁkīrṇayoḥ pratyayāviśeṣo bhogaḥ |;
YSBhā zu YS, 3, 35.1: 101;4 1;sa bhogapratyayaḥ sattvasya parārthatvād dṛśyaḥ ||;
YSBhā zu YS, 3, 35.1: 101;5 1;yas tu tasmād viśiṣṭaścitimātrarūpo .nyaḥ pauruṣeyaḥ |;
YSBhā zu YS, 3, 35.1: 101;6 1;na ca puruṣapratyayena buddhisattvātmanā puruṣo dṛśyate |;
YSBhā zu YS, 3, 35.1: 101;7 1;tathā hyuktam |;
YSBhā zu YS, 3, 35.1: 101;7 2;vijñātāram are kena vijānīyāt |;
YSBhā zu YS, 3, 35.1: 101;7 3;iti ||;
YSBhā zu YS, 1, 9.1: 8;1 1;sa na pramāṇopārohī na viparyayopārohī ca |;
YSBhā zu YS, 1, 9.1: 8;1 2;vastuśūnyatve .pi śabdajñānamāhātmyanibandhano tad yathā |;
YSBhā zu YS, 1, 9.1: 8;1 3;caitanyaṁ puruṣasya svarūpam iti |;
YSBhā zu YS, 1, 9.1: 8;1 4;yadā citir eva puruṣas tadā kim atra kena vyapadiśyate |;
YSBhā zu YS, 1, 9.1: 8;1 5;bhavati ca vyapadeśe vṛttiḥ |;
YSBhā zu YS, 1, 9.1: 8;1 6;yathā |;
YSBhā zu YS, 1, 9.1: 8;1 7;caitrasya gaur iti |;
YSBhā zu YS, 1, 9.1: 8;1 8;tathā |;
YSBhā zu YS, 1, 9.1: 8;1 9;pratiṣiddhavastudharmā niṣkriyaḥ puruṣaḥ tiṣṭhati bāṇaḥ gatinivṛttau dhātvarthamātraṁ gamyate |;
YSBhā zu YS, 1, 9.1: 8;1 10;tathā anutpattidharmā puruṣa iti tasmāt vikalpitaḥ sa dharmaḥ tena cāsti vyavahāra iti ||;
YSBhā zu YS, 3, 36.1: 102;1 1;prātibhāt sūkṣmavyavahitaviprakṛṣṭātītānāgatajñānam ||;
YSBhā zu YS, 3, 36.1: 102;2 1;śrāvaṇād divyaśabdaśravaṇam ||;
YSBhā zu YS, 3, 36.1: 102;3 1;vedanād divyasparśādhigamaḥ ||;
YSBhā zu YS, 3, 36.1: 102;4 1;ādarśād divyarūpasaṁvit ||;Śāṅkhāyanagṛhyasūtra ŚGṛS, 1, 12: 8 7;rūpaṁ rūpam ityādarśaṁ savye ||;!;;
YSBhā zu YS, 3, 36.1: 102;5 1;vārtāto divyagandhavijñānam iti ||;
YSBhā zu YS, 3, 36.1: 102;6 1;etāni nityaṁ jāyante ||;Aitareyabrāhmaṇa AitBr, 2, 2: 32 25;jāto hy eṣa etāj jāyate ||;GOOD;;Rasaratnasamuccayaṭīkā RRSṬīkā zu RRS, 3, 105.2: 14 2;etad rītipuṣpajanyam ||;!;;Śārṅgadharasaṁhitādīpikā ŚSDīp zu ŚdhSaṁh, 2, 11, 72.1: 36 4;etasmādapi sīsakotpattirjāyate ||;!;;
YSBhā zu YS, 1, 10.1: 9;1 1;sā ca saṁprabodhe pratyavamarśāt pratyayaviśeṣaḥ |;
YSBhā zu YS, 1, 10.1: 9;1 2;katham |;
YSBhā zu YS, 1, 10.1: 9;1 3;sukham aham asvāpsam prasannaṁ me manaḥ prajñāṁ me duḥkham aham asvāpsam styānaṁ me mano bhramaty gāḍhaṁ mūḍho .ham asvāpsam gurūṇi me gātrāṇi klāntaṁ sa khalv ayaṁ pratyavamarśo na syād asati tadāśritāḥ smṛtayaśca tadviṣayā na syuḥ |;
YSBhā zu YS, 1, 10.1: 9;1 4;tasmāt pratyayaviśeṣo nidrā |;
YSBhā zu YS, 1, 10.1: 9;1 5;sā ca samādhāv itarapratyayavan niroddhavyā iti ||;
YSBhā zu YS, 3, 37.1: 103;1 1;te prātibhādayaḥ samāhitacittasyotpadyamānā upasargāḥ |;
YSBhā zu YS, 3, 37.1: 103;2 1;vyutthitacittasyotpadyamānāḥ siddhayaḥ ||;

YSBhā zu YS, 3, 38.1: 104;1 1;lolībhūtasya manaso .pratiṣṭhasya śarīre karmāśayavaśād |;
YSBhā zu YS, 3, 38.1: 104;2 1;tasya karmaṇo bandhakāraṇasya śaithilyaṁ samādhibalād |;
YSBhā zu YS, 3, 38.1: 104;3 1;pracārasaṁvedanaṁ ca samādhijam eva |;
YSBhā zu YS, 3, 38.1: 104;4 1;cittaṁ cendriyāṇy anupatanti ||;
YSBhā zu YS, 3, 38.1: 104;5 1;yathā madhukararājānaṁ makṣikā utpatantam anūtpatanti |;
YSBhā zu YS, 1, 13.1: 12;1 1;cittasyāvṛttikasya praśāntavāhitā sthitiḥ |;
YSBhā zu YS, 1, 13.1: 12;1 2;tadarthaḥ prayatno vīryam utsāhaḥ |;
YSBhā zu YS, 1, 13.1: 12;1 3;tatsaṁpipādayiṣayā tatsādhanānuṣṭhānam abhyāsaḥ ||;
YSBhā zu YS, 3, 39.1: 105;1 1;samastendriyavṛttiḥ prāṇādilakṣaṇā jīvanam ||;
YSBhā zu YS, 3, 39.1: 105;2 1;tasya kriyā pañcatayī ||;Aitareyabrāhmaṇa AitBr, 1, 4: 4 5;tattan nādṛtyam ||;!;;Aitareyabrāhmaṇa AitBr, 1, 11: 11 2;tat tan nādṛtyam ||;!;;Aitareyabrāhmaṇa AitBr, 2, 22: 52 2;tat tan nādṛtyam ||;!;;Aitareyabrāhmaṇa AitBr, 3, 18: 89 10;tat tan nādṛtyam ||;!;;Āpastambagṛhyasūtra ĀpGṛSū, 12: 11 9;tasmā anvāha tat savitur iti ||;!;;Arthaśāstra ArthaŚ, 1, 4: 4 15;sa tena guptaḥ prabhavati iti ||;!;;Arthaśāstra ArthaŚ, 1, 10: 10 10;tenodvegena rājā tān avarundhyāt ||;!;;Arthaśāstra ArthaŚ, 1, 15: 15 24;te yathā brūyustat kuryāt ||;!;;Arthaśāstra ArthaŚ, 1, 15: 15 55;sa taccakṣuḥ ||;!;;Aṣṭādhyāyī Aṣṭādhyāyī, 4, 2: 14 59;tad adhīte tad veda ||;!;;Aṣṭādhyāyī Aṣṭādhyāyī, 5, 1: 17 16;tad asya tad asmin syād iti ||;!;;Aṣṭādhyāyī Aṣṭādhyāyī, 5, 1: 17 115;tena tulyaṁ kriyā ced vatiḥ ||;!;;Baudhāyanadharmasūtra BaudhDhSū, 1, 3: 3 43;tayos tad eva pāvanam ||;!;;Daśakumāracarita DKCar, 2, 3: 8 178;akūjacaca sā taṁ janaṁ kṛtāntadṛtīvāhvayantī ||;!;;Daśakumāracarita DKCar, 2, 6: 11 6;sa tu tasyāḥ pāṇigrāhakamanujīviṣyati ||;!;;Divyāvadāna Divyāv, 1: 1 89;sā tenātyayam atyayataḥ kṣamāpitā ||;!;;Divyāvadāna Divyāv, 1: 1 139;tān dṛṣṭvā tasya kāruṇyamutpannam ||;!;;Divyāvadāna Divyāv, 1: 1 142;sa tānutsṛjya padbhyāṁ samprasthitaḥ ||;!;;Divyāvadāna Divyāv, 1: 1 145;sa tasya sakāśamupasaṁkrāntaḥ ||;!;;Divyāvadāna Divyāv, 1: 1 167;sa tasya sakāśamupasaṁkrāntaḥ ||;!;;Divyāvadāna Divyāv, 1: 1 190;sa tairdūrata eva dṛṣṭaḥ ||;!;;Divyāvadāna Divyāv, 1: 1 191;te taṁ pratyavabhāṣitumārabdhāḥ ||;!;;Divyāvadāna Divyāv, 1: 1 194;sa taiḥ snāpito bhojitaḥ ||;!;;Divyāvadāna Divyāv, 1: 1 239;sa tena snāpito bhojitaḥ ||;!;;Divyāvadāna Divyāv, 1: 1 325;tena tasyāḥ pratijñātam ||;!;;Divyāvadāna Divyāv, 1: 1 328;sa tasminneva vimāne uṣitaḥ ||;!;;Divyāvadāna Divyāv, 1: 1 341;sa tasyaurabhrikasya sakāśamupasaṁkrāntaḥ ||;!;;Divyāvadāna Divyāv, 1: 1 369;sa tasyā veśyāyāḥ sakāśamupasaṁkrāntaḥ ||;!;;Divyāvadāna Divyāv, 1: 1 397;sa taiḥ svareṇa pratyabhijñātaḥ ||;!;;Divyāvadāna Divyāv, 1: 1 428;sa tenopasaṁpāditaḥ ||;!;;Divyāvadāna Divyāv, 1: 1 494;taiḥ sa dvāre baddhvā sthāpitaḥ ||;!;;Divyāvadāna Divyāv, 1: 1 508;tena te karapratyāyāḥ samucchinnāḥ ||;!;;Divyāvadāna Divyāv, 2: 2 39;tayā tasyārocitam ||;!;;Divyāvadāna Divyāv, 2: 2 120;tābhiḥ sā pṛṣṭā tayā samākhyātam ||;!;;Divyāvadāna Divyāv, 2: 2 183;sa tamādāya vīthīṁ samprasthitaḥ ||;!;;Divyāvadāna Divyāv, 2: 2 188;sa tat kāṣṭhaṁ nirīkṣitumārabdhaḥ ||;!;;Divyāvadāna Divyāv, 2: 2 219;tena tāstisro gaṇḍikā darśitāḥ ||;!;;Divyāvadāna Divyāv, 2: 2 307;tena te śrutāḥ ||;!;;Divyāvadāna Divyāv, 2: 2 419;sa tābhyāṁ mānaṁ grāhitaḥ ||;!;;Divyāvadāna Divyāv, 3: 3 106;sa tān māṇavakān maitreyāya anupradāsyati ||;!;;Divyāvadāna Divyāv, 7: 7 33;sa tasyāḥ sakāśamupasaṁkrāntaḥ ||;!;;Divyāvadāna Divyāv, 7: 7 41;sā tāmapanetumārabdhā ||;!;;Divyāvadāna Divyāv, 7: 7 42;tasyāstasminnācāme .ṅguliḥ patitā ||;!;;Divyāvadāna Divyāv, 7: 7 140;sa tasya kṣetraṁ rakṣitumārabdhaḥ ||;!;;Divyāvadāna Divyāv, 7: 7 149;sā tāmādāya gatā ||;!;;Divyāvadāna Divyāv, 7: 7 192;sa tayā prajvalitaḥ pradīpaḥ prajvalatyeva ||;!;;Divyāvadāna Divyāv, 12: 12 176;tat tasyopari nipatitam ||;!;;Divyāvadāna Divyāv, 13: 13 148;sa tayā mukhabimbakena pratyabhijñātaḥ ||;!;;Divyāvadāna Divyāv, 13: 13 157;tayā gatvā tasyāḥ pracchannaṁ kathitam ||;!;;Divyāvadāna Divyāv, 13: 13 299;tasya tannīlakṛtsnam āmukhībhūtam ||;!;;Divyāvadāna Divyāv, 13: 13 487;sa gṛhapatistaṁ dṛṣṭvā paryavasthitaḥ ||;!;;Divyāvadāna Divyāv, 13: 13 497;sa tasyānugrahārthamavatīrṇaḥ ||;!;;Divyāvadāna Divyāv, 17: 17 326;taiḥ sa rājā dṛṣṭa āgacchan ||;!;;Divyāvadāna Divyāv, 18: 18 212;tena tadapi bhuktam ||;!;;Divyāvadāna Divyāv, 18: 18 390;sa tān dṛṣṭvā pratibuddhaḥ ||;!;;Divyāvadāna Divyāv, 19: 19 232;taistad dṛṣṭam ||;!;;Divyāvadāna Divyāv, 19: 19 273;sa tāṁ gṛhītvā vīthīṁ gataḥ ||;!;;Divyāvadāna Divyāv, 19: 19 289;taiste punaḥ pratyavekṣitāḥ ||;!;;Divyāvadāna Divyāv, 19: 19 291;sa tairgṛhītaḥ ||;!;;Divyāvadāna Divyāv, 19: 19 313;sa taiḥ śabditaḥ ||;!;;Divyāvadāna Divyāv, 19: 19 338;tena tasya kārṣāpaṇasahasraṁ dattam ||;!;;Divyāvadāna Divyāv, 19: 19 404;sa taṁ tāḍayitumārabdhaḥ ||;!;;Divyāvadāna Divyāv, 19: 19 416;sa tasya gṛhaṁ gataḥ ||;!;;Divyāvadāna Divyāv, 19: 19 552;sa tena praveśitaḥ ||;!;;Gautamadharmasūtra GautDhS, 1, 1: 1 10;tad yasmāt sa ācāryaḥ ||;!;;Gautamadharmasūtra GautDhS, 1, 8: 8 7;tadapekṣas tadvṛttiḥ ||;!;;Gopathabrāhmaṇa NEW GB, 1, 1, 23: 23 6;te tam abruvan ||;!;;Gopathabrāhmaṇa NEW GB, 1, 2, 15: 54 28;te pathirakṣayas ta iyakṣamāṇaṁ pratinudantaḥ ||;!;;Jaiminīyabrāhmaṇa JB, 1, 12: 5 7;tām annam akuruta tāṁ pratyudadīpyata ||;!;;Jaiminīyabrāhmaṇa JB, 1, 12: 5 12;tām annam akuruta tāṁ pratyudadīpyata ||;!;;Kāmasūtra KāSū, 5, 4: 26 18;tasyāstayaiva pratyuttarāṇi yojayet ||;!;;Lalitavistara LalVis, 12: 12 23;sa tasyāstaṁ lekhamupanāmayati sma ||;!;;Maitrāyaṇīsaṁhitā MS, 2, 1, 1: 18 10;tāṁ vai tasmai kāmāyālabhanta ||;!;;Nibandhasaṁgraha NiSaṁ zu Su, Sū., 1, 25.1: -1 1;tadyuktam teṣāmityādi ||;!;;Pañcārthabhāṣya PABh zu PāśupSūtra, 2, 18: 63 8;taducyate tadarthameva ||;!;;Pañcārthabhāṣya PABh zu PāśupSūtra, 2, 19: 64 4;tasmādatra tapastadeva ||;!;;Pañcārthabhāṣya PABh zu PāśupSūtra, 4, 1: 99 9;tasmādatra tapastadeva ||;!;;Pañcārthabhāṣya PABh zu PāśupSūtra, 4, 8: 106 16;taducyate taṁ guṇaṁ jñātvā vakṣyāmaḥ ||;!;;Pañcārthabhāṣya PABh zu PāśupSūtra, 4, 12: 110 7;sa teṣām iṣṭāpūrtam ādatteti ||;!;;Pañcārthabhāṣya PABh zu PāśupSūtra, 5, 34: 156 37;sa bhavatu teṣām ||;!;;Pañcārthabhāṣya PABh zu PāśupSūtra, 5, 34: 156 81;te bhavantu teṣām ||;!;;Pāraskaragṛhyasūtra Pāraskaragṛhyasūtra, 1, 8: 6 13;tasmāt tayor grāmaḥ pramānam iti śruteḥ ||;!;;Pāśupatasūtra PāśupSūtra, 4: 4 11;sa teṣāmiṣṭāpūrtamādatta ||;!;;Prasannapadā Prasannapadā zu MMadhKār, 1, 3.2: 2 21;sā ca kriyā vijñānaṁ janayati ||;!;;Rasaratnasamuccayabodhinī RRSBoṬ zu RRS, 8, 10.2: 67 3;sā utthāpanakriyā ||;!;;Saṅghabhedavastu SBhedaV, 1: 1 128;sa teṣāṁ nigṛhītavyāṁś ca nigṛhṇāti pragṛhītavyāṁś ca ;!;;Śāṅkhāyanāraṇyaka ŚāĀr, 3, 2: 28 5;taṁ yaḥ pratyāha tam atisṛjate ||;!;;Śāṅkhāyanāraṇyaka ŚāĀr, 7, 1: 77 3;tan mām avatu tad vaktāram avatvavatu mām avatu ;!;;Śāṅkhāyanāraṇyaka ŚāĀr, 8, 7: 106 5;sa yat karaṇīyaṁ manyeta tat kuryāt ||;!;;Sūryaśatakaṭīkā Sūryaśatakaṭīkā zu SūryaŚ, 1, 3.2: 3 16;tena śramastasmājjātastamiva ||;!;;Tantrākhyāyikā TAkhy, 1: 1 274;te tam āhuḥ ||;!;;Tantrākhyāyikā TAkhy, 2: 2 90;sā tam āha ||;!;;Viṣṇupurāṇa ViPur, 4, 3: 59 30;sā tasya bhāryā citāṁ kṛtvā tam ;!;;Viṣṇupurāṇa ViPur, 4, 12: 68 36;sa ca tāṁ snuṣām upayeme ||;!;;Viṣṇusmṛti ViSmṛ, 5: 5 133;tac ca teṣāṁ dadyāt ||;!;;Yogasūtra YS, 1: 1 28;tajjapas tadarthabhāvanam ||;!;;Yogasūtrabhāṣya YSBhā zu YS, 2, 1.1: 45 7;sa hi kriyāyogaḥ ||;!;;Yogasūtrabhāṣya YSBhā zu YS, 2, 24.1: 68 7;sa tām āha ||;!;;
YSBhā zu YS, 3, 39.1: 105;3 1;prāṇo mukhanāsikāgatir ā hṛdayavṛttiḥ samaṁ nayanāt |;
YSBhā zu YS, 3, 39.1: 105;4 1;eṣāṁ pradhānaḥ prāṇaḥ ||;Āyurvedadīpikā ĀVDīp zu Ca, Sū., 12, 8.5: 26 6;prāṇādyātmā prāṇādisvarūpaḥ ||;!;;Āyurvedadīpikā ĀVDīp zu Ca, Sū., 26, 10.2: 45 4;asminn arthe asmin prakaraṇe ||;!;;Divyāvadāna Divyāv, 8: 8 448;ayamasya ratnasyānubhāvaḥ ||;!;;Śāṅkhāyanāraṇyaka ŚāĀr, 4, 13: 46 4;prāṇaṁ prāṇaḥ ||;!;;Śāṅkhāyanāraṇyaka ŚāĀr, 4, 13: 46 8;prāṇaṁ prāṇaḥ ||;!;;Śāṅkhāyanāraṇyaka ŚāĀr, 4, 13: 46 12;prāṇaṁ prāṇaḥ ||;!;;Śāṅkhāyanāraṇyaka ŚāĀr, 4, 13: 46 16;prāṇaṁ prāṇaḥ ||;!;;Śāṅkhāyanāraṇyaka ŚāĀr, 5, 2: 50 18;prāṇaṁ prāṇantaṁ sarve prāṇā anuprāṇanti ||;!;;
YSBhā zu YS, 3, 39.1: 105;5 1;udānajayāj jalapaṅkakaṇṭakādiṣvasaṅga utkrāntiśca |;
YSBhā zu YS, 1, 14.1: 13;1 1;dīrghakālāsevito nirantarāsevitaḥ satkārāsevitaḥ tapasā |;
YSBhā zu YS, 3, 40.1: 106;1 1;jitasamānas tejasa upadhmānaṁ kṛtvā jvalati ||;
YSBhā zu YS, 1, 15.1: 14;1 1;striyo .nnapānam aiśvaryam iti dṛṣṭaviṣaye vitṛṣṇasya |;
YSBhā zu YS, 3, 41.1: 107;1 1;sarvaśrotrāṇām ākāśaṁ pratiṣṭhā sarvaśabdānāṁ ca ||;

YSBhā zu YS, 3, 41.1: 107;3 1;tac caitad ākāśasya liṅgam anāvaraṇaṁ coktam ||;
YSBhā zu YS, 3, 41.1: 107;4 1;tathāmūrtasyānāvaraṇadarśanād vibhutvam api |;
YSBhā zu YS, 3, 41.1: 107;5 1;śabdagrahaṇānumitaṁ śrotraṁ badhirābadhirayor ekaḥ |;
YSBhā zu YS, 3, 41.1: 107;6 1;tasmācchrotram eva śabdaviṣayam ||;
YSBhā zu YS, 3, 41.1: 107;7 1;śrotrākāśayoḥ saṁbandhe kṛtasaṁyamasya yogino divyaṁ |;
YSBhā zu YS, 1, 16.1: 15;1 1;dṛṣṭānuśravikaviṣayadoṣadarśī viraktaḥ tad dvayaṁ vairāgyam |;
YSBhā zu YS, 1, 16.1: 15;1 2;tatra yad uttaraṁ taj jñānaprasādamātram yasyodaye yogī prāptaṁ prāpaṇīyaṁ kṣīṇāḥ kṣetavyāḥ kleśāḥ chinnaḥ jñānasyaiva parā kāṣṭhā vairāgyam |;
YSBhā zu YS, 1, 16.1: 15;1 3;etasyaiva hi nāntarīyakaṁ kaivalyam iti ||;
YSBhā zu YS, 3, 42.1: 108;1 1;yatra kāyas tatrākāśaṁ tasyāvakāśadānāt kāyasya tena |;
YSBhā zu YS, 3, 42.1: 108;2 1;tatra kṛtasaṁyamo jitvā tatsaṁbandhaṁ laghuṣu vā |;
YSBhā zu YS, 3, 42.1: 108;3 1;laghutvāc ca jale pādābhyāṁ viharati tatas |;
YSBhā zu YS, 3, 42.1: 108;4 1;tato yatheṣṭam ākāśagatir asya bhavatīti ||;
YSBhā zu YS, 1, 17.1: 16;1 1;vitarkaścittasyālambane sthūla ābhogaḥ |;
YSBhā zu YS, 1, 17.1: 16;1 2;sūkṣmo vicāraḥ |;
YSBhā zu YS, 1, 17.1: 16;1 3;ānando hlādaḥ |;
YSBhā zu YS, 1, 17.1: 16;1 4;ekātmikā saṁvid asmitā |;
YSBhā zu YS, 1, 17.1: 16;1 5;tatra prathamaścatuṣṭayānugataḥ samādhiḥ savitarkaḥ |;
YSBhā zu YS, 1, 17.1: 16;1 6;dvitīyo vitarkavikalaḥ savicāraḥ |;
YSBhā zu YS, 1, 17.1: 16;1 7;tṛtīyo vicāravikalaḥ sānandaḥ |;
YSBhā zu YS, 1, 17.1: 16;1 8;caturthas tadvikalo .smitāmātra iti |;
YSBhā zu YS, 1, 17.1: 16;1 9;sarva ete sālambanāḥ samādhayaḥ ||;
YSBhā zu YS, 1, 17.1: 16;2 1;athāsaṁprajñātaḥ samādhiḥ kimupāyaḥ kiṁsvabhāvo veti |;
YSBhā zu YS, 3, 43.1: 109;1 1;śarīrād bahir manaso vṛttilābho videhā nāma dhāraṇā ||;
YSBhā zu YS, 3, 43.1: 109;2 1;sā yadi śarīrapratiṣṭhasya manaso bahirvṛttimātreṇa bhavati |;
YSBhā zu YS, 3, 43.1: 109;3 1;yā tu śarīranirapekṣā bahirbhūtasyaiva manaso bahirvṛttiḥ |;
YSBhā zu YS, 3, 43.1: 109;4 1;tatra kalpitayā sādhayanty akalpitāṁ mahāvidehām iti |;
YSBhā zu YS, 3, 43.1: 109;5 1;tataśca dhāraṇātaḥ prakāśātmano buddhisattvasya yad |;

YSBhā zu YS, 1, 18.1: 17;2 1;sa khalv ayaṁ dvividhaḥ |;
YSBhā zu YS, 1, 18.1: 17;2 2;upāyapratyayo bhavapratyayaśca |;
YSBhā zu YS, 1, 18.1: 17;2 3;tatropāyapratyayo yogināṁ bhavati ||;
YSBhā zu YS, 3, 44.1: 110;1 1;tatra pārthivādyāḥ śabdādayo viśeṣāḥ sahakārādibhir |;
YSBhā zu YS, 3, 44.1: 110;2 1;etad bhūtānāṁ prathamaṁ rūpam ||;
YSBhā zu YS, 3, 44.1: 110;3 1;dvitīyaṁ rūpaṁ svasāmānyaṁ mūrtir bhūmiḥ sneho jalaṁ |;
YSBhā zu YS, 3, 44.1: 110;4 1;asya sāmānyasya śabdādayo viśeṣāḥ ||;
YSBhā zu YS, 3, 44.1: 110;5 1;tathā coktaṁ |;
YSBhā zu YS, 3, 44.1: 110;5 2;ekajātisamanvitānām eṣāṁ dharmamātravyāvṛttir iti ||;
YSBhā zu YS, 3, 44.1: 110;6 1;sāmānyaviśeṣasamudāyo .tra dravyam ||;
YSBhā zu YS, 3, 44.1: 110;7 1;dviṣṭho hi samūhaḥ ||;
YSBhā zu YS, 3, 44.1: 110;8 1;pratyastamitabhedāvayavānugataḥ śarīraṁ vṛkṣo yūthaṁ |;
YSBhā zu YS, 3, 44.1: 110;9 1;śabdenopāttabhedāvayavānugataḥ samūhaḥ ||;
YSBhā zu YS, 3, 44.1: 110;10 1;ubhaye devamanuṣyāḥ samūhasya devā eko bhāgo |;
YSBhā zu YS, 3, 44.1: 110;11 1;tābhyām evābhidhīyate samūhaḥ ||;Baudhāyanadharmasūtra BaudhDhSū, 1, 3: 3 43;tayos tad eva pāvanam ||;!;;Divyāvadāna Divyāv, 1: 1 190;sa tairdūrata eva dṛṣṭaḥ ||;!;;Divyāvadāna Divyāv, 1: 1 328;sa tasminneva vimāne uṣitaḥ ||;!;;Divyāvadāna Divyāv, 7: 7 192;sa tayā prajvalitaḥ pradīpaḥ prajvalatyeva ||;!;;Divyāvadāna Divyāv, 13: 13 279;sa taṁ dūrādeva dṛṣṭvā paryavasthitaḥ ||;!;;Kāmasūtra KāSū, 5, 4: 26 18;tasyāstayaiva pratyuttarāṇi yojayet ||;!;;Mṛgendraṭīkā MṛgṬīkā zu MṛgT, Vidyāpāda, 1, 9.1: 9 19;tadanyad eva tattatsaṁniveśasadṛśam ||;!;;Nibandhasaṁgraha NiSaṁ zu Su, Sū., 14, 17.1: -1 6;baliṁ tasmāt tena ca tadyathā eva iti ||;!;;Pañcārthabhāṣya PABh zu PāśupSūtra, 2, 18: 63 8;taducyate tadarthameva ||;!;;Pañcārthabhāṣya PABh zu PāśupSūtra, 2, 19: 64 4;tasmādatra tapastadeva ||;!;;Pañcārthabhāṣya PABh zu PāśupSūtra, 4, 1: 99 9;tasmādatra tapastadeva ||;!;;Rasaratnasamuccayabodhinī RRSBoṬ zu RRS, 10, 11.2: 149 5;tattadviḍavilepitā tenaiva viḍenāliptā ||;!;;Tantrākhyāyikā TAkhy, 1: 1 346;tam api tathaivābhihitavān ||;!;;
YSBhā zu YS, 3, 44.1: 110;12 1;sa ca bhedābhedavivakṣitaḥ ||;
YSBhā zu YS, 3, 44.1: 110;13 1;āmrāṇāṁ vanaṁ brāhmaṇānāṁ saṁgha āmravaṇaṁ |;
YSBhā zu YS, 3, 44.1: 110;14 1;sa punar dvividho yutasiddhāvayavo .yutasiddhāvayavaśca |;
YSBhā zu YS, 3, 44.1: 110;15 1;yutasiddhāvayavaḥ samūho vanaṁ saṁgha iti ||;
YSBhā zu YS, 3, 44.1: 110;16 1;ayutasiddhāvayavaḥ saṁghātaḥ śarīraṁ vṛkṣaḥ paramāṇur |;
YSBhā zu YS, 3, 44.1: 110;17 1;ayutasiddhāvayavabhedānugataḥ samūho dravyam iti |;
YSBhā zu YS, 3, 44.1: 110;18 1;etat svarūpam ityuktam ||;Āyurvedadīpikā ĀVDīp zu Ca, Sū., 27, 177.2: 121 21;etānīti haritavargoktāni ||;!;;Ayurvedarasāyana Ayurvedarasāyana zu AHS, Sū., 9, 23.1: 27 33;ity etan nidarśanamātram uktam ||;!;;Mṛgendraṭīkā MṛgṬīkā zu MṛgT, Vidyāpāda, 5, 18.2: 116 4;iti tatsvarūpamuktam ||;!;;Nibandhasaṁgraha NiSaṁ zu Su, Sū., 24, 8.4: -1 13;balaṁ ityatra eveti rasādīnāṁ ataḥśabdo pramāṇānyuktāni ;!;;Pañcārthabhāṣya PABh zu PāśupSūtra, 1, 9: 9 320;ata etaduktaṁmahādevasya dakṣiṇāmūrteḥ iti ||;!;;Parāśarasmṛtiṭīkā Parāśarasmṛtiṭīkā zu ParDhSmṛti, 2, 2.1: 1 22;etad evābhivyañjayituṁ pūrvam ityuktam ||;!;;Rasādhyāyaṭīkā RAdhyṬ zu RAdhy, 150.2: 27 13;etat thūthāviḍam ityucyate ||;!;;Rasaratnasamuccayaṭīkā RRSṬīkā zu RRS, 10, 42.3: 157 4;eṣā pātālakoṣṭhiketyucyate ||;!;;Śāṅkhāyanāraṇyaka ŚāĀr, 5, 2: 50 19;evam u haitad iti hendra uvāca ||;!;;Viṣṇusmṛti ViSmṛ, 98: 98 3;ityevam ukto bhagavāṁs tathetyuvāca ||;!;;Yogasūtrabhāṣya YSBhā zu YS, 2, 18.1: 62 5;etad dṛśyam ity ucyate ||;!;;
YSBhā zu YS, 3, 44.1: 110;19 1;atha kim eṣāṁ sūkṣmarūpam ||;
YSBhā zu YS, 3, 44.1: 110;20 1;tanmātraṁ bhūtakāraṇam ||;Vaiśeṣikasūtra VaiśSū, 7, 2: 14 26;kāraṇaparatvāt kāraṇāparatvācca ||;!;;
YSBhā zu YS, 3, 44.1: 110;21 1;tasyaiko .vayavaḥ paramāṇuḥ |;
YSBhā zu YS, 3, 44.1: 110;22 1;atha bhūtānāṁ caturthaṁ rūpaṁ khyātikriyāsthitiśīlā |;
YSBhā zu YS, 3, 44.1: 110;23 1;athaiṣa pañcamaṁ rūpam arthavattvaṁ |;
YSBhā zu YS, 3, 44.1: 110;24 1;teṣv idānīṁ bhūteṣu pañcasu pañcarūpeṣu saṁyamāt tasya |;
YSBhā zu YS, 3, 44.1: 110;25 1;tatra pañca bhūtasvarūpāṇi jitvā bhūtajayī bhavati ||;
YSBhā zu YS, 3, 44.1: 110;26 1;tajjayād vatsānusāriṇya iva gāvo .sya |;

YSBhā zu YS, 3, 45.1: 111;1 1;tatrāṇimā bhavaty aṇuḥ ||;
YSBhā zu YS, 3, 45.1: 111;2 1;laghimā laghur bhavati ||;Daśakumāracarita DKCar, 2, 8: 13 110;bhavatu bhavitā tāvadanarthaḥ ||;!;;Śāṅkhāyanāraṇyaka ŚāĀr, 3, 6: 32 4;bhūtasya bhūtasya tvam ātmāsi ||;!;;
YSBhā zu YS, 3, 45.1: 111;3 1;mahimā mahān bhavati ||;Arthaśāstra ArthaŚ, 1, 15: 15 38;mahādoṣam upapannaṁ tu bhavati ||;!;;Daśakumāracarita DKCar, 2, 8: 13 110;bhavatu bhavitā tāvadanarthaḥ ||;!;;Divyāvadāna Divyāv, 11: 11 70;vaiśravaṇasya mahārājasya putro bhaviṣyati ||;!;;Divyāvadāna Divyāv, 17: 17 61;devatā maharddhikā bhavati mahānubhāvā ||;!;;Śāṅkhāyanāraṇyaka ŚāĀr, 3, 6: 32 4;bhūtasya bhūtasya tvam ātmāsi ||;!;;
YSBhā zu YS, 3, 45.1: 111;4 1;prāptir aṅgulyagreṇāpi spṛśati candramasam ||;
YSBhā zu YS, 3, 45.1: 111;5 1;prākāmyam icchānabhighātaḥ bhūmāv unmajjati nimajjati |;
YSBhā zu YS, 3, 45.1: 111;6 1;vaśitvaṁ bhūtabhautikeṣu vaśībhavaty avaśyaścānyeṣām ||;
YSBhā zu YS, 3, 45.1: 111;7 1;īśitṛtvaṁ teṣāṁ prabhavāpyayavyūhānām īṣṭe ||;
YSBhā zu YS, 3, 45.1: 111;8 1;yatra kāmāvasāyitvaṁ satyasaṁkalpatā yathā saṁkalpas |;
YSBhā zu YS, 3, 45.1: 111;9 1;na ca śakto .pi padārthaviparyāsaṁ karoti ||;
YSBhā zu YS, 3, 45.1: 111;10 1;kasmāt ||;
YSBhā zu YS, 3, 45.1: 111;11 1;anyasya yatra kāmāvasāyinaḥ pūrvasiddhasya tathā |;
YSBhā zu YS, 3, 45.1: 111;12 1;etāny aṣṭāv aiśvaryāṇi ||;Sūryaśatakaṭīkā Sūryaśatakaṭīkā zu SūryaŚ, 1, 13.2: 13 29;aṣṭadigbhāktvenāṣṭatvam ||;!;;
YSBhā zu YS, 3, 45.1: 111;13 1;kāyasaṁpad vakṣyamāṇā ||;Rājamārtaṇḍa RājMār zu YS, 3, 45.1: 5 13;kāyasampad vakṣyamāṇā tāṁ prāpnoti ||;GOOD;;Āśvalāyanagṛhyasūtra ĀśGS, 1, 1: 1 1;uktāni vaitānikāni gṛhyāni vakṣyāmaḥ ||;!;;Khādiragṛhyasūtra KhGṛS, 2, 5: 7 6;uktam upanayanam ||;!;;Rājamārtaṇḍa RājMār zu YS, 3, 45.1: 5 16;kāyasampadam āha ||;!;;Rājamārtaṇḍa RājMār zu YS, 3, 46.1: 6 3;iti kāyasyāvirbhūtaguṇasampat ||;!;;
YSBhā zu YS, 3, 45.1: 111;14 1;taddharmānabhighātaśca pṛthvī mūrtyā na niruṇaddhi |;
YSBhā zu YS, 3, 45.1: 111;15 1;anāvaraṇātmake .py ākāśe bhavaty āvṛtakāyaḥ siddhānām |;

YSBhā zu YS, 1, 20.1: 19;2 1;te khalu nava yogino mṛdumadhyādhimātropāyā bhavanti |;
YSBhā zu YS, 1, 20.1: 19;2 2;tadyathā mṛdūpāyo madhyopāyo .dhimātropāya iti |;
YSBhā zu YS, 1, 20.1: 19;2 3;tatra mṛdūpāyo .pi trividhaḥ |;
YSBhā zu YS, 1, 20.1: 19;2 4;mṛdusaṁvego madhyasaṁvegas tīvrasaṁvega iti |;
YSBhā zu YS, 1, 20.1: 19;2 5;tathā madhyopāyas tathādhimātropāya iti |;
YSBhā zu YS, 1, 20.1: 19;2 6;tatrādhimātropāyānāṁ ||;
YSBhā zu YS, 3, 46.1: 112;1 1;darśanīyaḥ kāntimān atiśayabalo vajrasaṁhananaśceti ||;
YSBhā zu YS, 1, 21.1: 20;1 1;samādhilābhaḥ samādhiphalaṁ ca bhavatīti ||;
YSBhā zu YS, 3, 47.1: 113;1 1;sāmānyaviśeṣātmā śabdādir grāhyaḥ teṣvindriyāṇāṁ vṛttir |;
YSBhā zu YS, 3, 47.1: 113;2 1;na ca tat sāmānyamātragrahaṇākāraṁ katham anālocitaḥ sa |;
YSBhā zu YS, 3, 47.1: 113;3 1;svarūpaṁ punaḥ prakāśātmano buddhisattvasya |;
YSBhā zu YS, 3, 47.1: 113;4 1;teṣāṁ tṛtīyaṁ rūpam asmitālakṣaṇo .haṁkāraḥ ||;
YSBhā zu YS, 3, 47.1: 113;5 1;tasya sāmānyasyendriyāṇi viśeṣāḥ ||;Divyāvadāna Divyāv, 18: 18 117;tasyā brāhmaṇyāste indriyāṇāmanyathātvamupalakṣayanti ;!;;
YSBhā zu YS, 3, 47.1: 113;6 1;caturthaṁ rūpaṁ vyavasāyātmakāḥ prakāśakriyāsthitiśīlā |;
YSBhā zu YS, 3, 47.1: 113;7 1;pañcamaṁ rūpaṁ guṇeṣu yad anugataṁ |;
YSBhā zu YS, 3, 47.1: 113;8 1;pañcasv eteṣv indriyarūpeṣu yathākramaṁ saṁyamastatra |;
YSBhā zu YS, 1, 22.1: 21;1 1;mṛdutīvro madhyatīvro .dhimātratīvra iti tato .pi viśeṣaḥ |;
YSBhā zu YS, 1, 22.1: 21;1 2;tadviśeṣān mṛdutīvrasaṁvegasyāsannas tato kim etasmād evāsannataraḥ samādhir bhavati |;
YSBhā zu YS, 1, 22.1: 21;1 3;athāsya lābhe bhavaty anyo .pi kaścid upāyo na veti ||;
YSBhā zu YS, 3, 48.1: 114;1 1;kāyasyānuttamo gatilābho manojavitvam ||;Rājamārtaṇḍa RājMār zu YS, 3, 48.1: 8 1;śarīrasya manovad anuttamagatilābho manojavitvam ||;!;;
YSBhā zu YS, 3, 48.1: 114;2 1;videhānām indriyāṇām abhipretadeśakālaviṣayāpekṣo |;
YSBhā zu YS, 3, 48.1: 114;3 1;sarvaprakṛtivikāravaśitvaṁ pradhānajaya iti ||;
YSBhā zu YS, 3, 48.1: 114;4 1;etās tisraḥ siddhayo madhupratīkā ucyante ||;
YSBhā zu YS, 3, 48.1: 114;5 1;etāśca karaṇapañcasvarūpajayād adhigamyante ||;
YSBhā zu YS, 1, 23.1: 22;1 1;praṇidhānād bhaktiviśeṣād āvarjita īśvaras tam anugṛhṇāty tadabhidhyānamātrād api yogina āsannataraḥ atha pradhānapuruṣavyatiriktaḥ ko .yam īśvaro nāmeti ||;
YSBhā zu YS, 3, 49.1: 115;1 1;nirdhūtarajastamomalasya buddhisattvasya pare |;
YSBhā zu YS, 3, 49.1: 115;2 1;sarvātmāno guṇā vyavasāyavyavaseyātmakāḥ svāminaṁ |;
YSBhā zu YS, 3, 49.1: 115;3 1;sarvajñātṛtvaṁ sarvātmanāṁ guṇānāṁ |;
YSBhā zu YS, 3, 49.1: 115;4 1;eṣā viśokā nāma siddhir yāṁ prāpya yogī sarvajñaḥ |;

YSBhā zu YS, 1, 24.1: 23;2 1;kiṁca ||;
YSBhā zu YS, 4, 1.1: 116;1 1;dehāntaritā janmanā siddhiḥ ||;
YSBhā zu YS, 4, 1.1: 116;2 1;oṣadhibhir asurabhavaneṣu rasāyanenety evamādi ||;
YSBhā zu YS, 4, 1.1: 116;3 1;mantrair ākāśagamanāṇimādilābhaḥ ||;
YSBhā zu YS, 4, 1.1: 116;4 1;tapasā saṁkalpasiddhiḥ kāmarūpī yatra tatra kāmaga ity |;
YSBhā zu YS, 4, 1.1: 116;5 1;samādhijāḥ siddhayo vyākhyātāḥ ||;Tattvavaiśāradī Tattvavaiśāradī zu YS, 4, 1.1: 1 17;samādhijāḥ siddhayo vyākhyātā adhastane pāde ||;GOOD;;
YSBhā zu YS, 4, 1.1: 116;6 1;tatra kāyendriyāṇām anyajātipariṇatānām ||;

YSBhā zu YS, 1, 25.1: 24;2 1;sa eṣaḥ ||;
YSBhā zu YS, 4, 2.1: 117;1 1;pūrvapariṇāmāpāya uttarapariṇāmopajanas teṣām |;
YSBhā zu YS, 4, 2.1: 117;2 1;kāyendriyaprakṛtayaśca svaṁ svaṁ vikāram anugṛhṇanty |;

YSBhā zu YS, 4, 3.1: 118;1 1;na hi dharmādinimittaṁ tatprayojakaṁ prakṛtīnāṁ bhavati |;
YSBhā zu YS, 4, 3.1: 118;2 1;na kāryeṇa kāraṇaṁ pravartate iti ||;
YSBhā zu YS, 4, 3.1: 118;3 1;kathaṁ tarhi varaṇabhedas tu tataḥ kṣetrikavat ||;
YSBhā zu YS, 4, 3.1: 118;4 1;yathā kṣetrikaḥ kedārād apāṁ pūraṇāt kedārāntaraṁ |;
YSBhā zu YS, 4, 3.1: 118;5 1;yathā vā sa eva kṣetrikas tasminn eva kedāre na prabhavaty |;
YSBhā zu YS, 4, 3.1: 118;6 1;atra nandīśvarādaya udāhāryāḥ ||;
YSBhā zu YS, 4, 3.1: 118;7 1;viparyayeṇāpy adharmo dharmaṁ bādhate ||;
YSBhā zu YS, 4, 3.1: 118;8 1;tataścāśuddhipariṇāma iti ||;
YSBhā zu YS, 4, 3.1: 118;9 1;tatrāpi nahuṣājagarādaya udāhāryāḥ ||;
YSBhā zu YS, 4, 3.1: 118;10 1;yadā tu yogī bahūn kāyān nirmimīte tadā kim ekamanaskās |;

YSBhā zu YS, 1, 27.1: 26;2 1;vijñātavācyavācakatvasya yoginaḥ ||;
YSBhā zu YS, 4, 4.1: 119;1 1;asmitāmātraṁ cittakāraṇam upādāya nirmāṇacittāni karoti |;
YSBhā zu YS, 4, 4.1: 119;2 1;tataḥ sacittāni bhavantīti ||;
YSBhā zu YS, 1, 28.1: 27;1 1;praṇavasya japaḥ praṇavābhidheyasya ceśvarasya tad asya yoginaḥ praṇavaṁ japataḥ praṇavārthaṁ ca tathā coktam |;
YSBhā zu YS, 1, 28.1: 27;1 2;svādhyāyād yogam āsīta |;
YSBhā zu YS, 1, 28.1: 27;1 3;yogāt svādhyāyam āsate |;
YSBhā zu YS, 1, 28.1: 27;1 4;svādhyāyayogasaṁpattyā |;
YSBhā zu YS, 1, 28.1: 27;1 5;paramātmā prakāśate ||;
YSBhā zu YS, 1, 28.1: 27;2 1;iti kiṁ cāsya bhavati ||;Pañcārthabhāṣya PABh zu PāśupSūtra, 5, 42: 164 8;tasyāyaṁ kiṁ prabhurbhavati neti ||;!;;Pañcārthabhāṣya PABh zu PāśupSūtra, 5, 45: 167 3;ko vāsya śivo bhavatīti ||;!;;Vaiśeṣikasūtra VaiśSū, 7, 1: 13 3;idamevaṁguṇam idam evaṁguṇamiti coktam ||;!;;
YSBhā zu YS, 4, 5.1: 120;1 1;bahūnāṁ cittānāṁ katham ekacittābhiprāyapuraḥsarā |;

YSBhā zu YS, 4, 6.1: 121;1 1;pañcavidhaṁ nirmāṇacittaṁ |;
YSBhā zu YS, 4, 6.1: 121;2 1;tatra yad eva dhyānajaṁ cittaṁ tad evānāśayam ||;
YSBhā zu YS, 4, 6.1: 121;3 1;tasyaiva nāsty āśayo rāgādipravṛttiḥ ||;
YSBhā zu YS, 4, 6.1: 121;4 1;nātaḥ puṇyapāpābhisaṁbandhaḥ kṣīṇakleśatvād yogina iti |;
YSBhā zu YS, 4, 6.1: 121;5 1;itareṣāṁ tu vidyate karmāśayaḥ ||;
YSBhā zu YS, 4, 6.1: 121;6 1;yataḥ ||;

YSBhā zu YS, 4, 7.1: 122;1 1;catuṣpadā khalviyaṁ karmajātiḥ ||;
YSBhā zu YS, 4, 7.1: 122;2 1;kṛṣṇā śuklakṛṣṇā śuklāśuklākṛṣṇā ceti ||;
YSBhā zu YS, 4, 7.1: 122;3 1;tatra kṛṣṇā durātmanām ||;Khādiragṛhyasūtra KhGṛS, 2, 5: 7 23;kṛṣṇavastraḥ ||;!;;Khādiragṛhyasūtra KhGṛS, 2, 5: 7 24;kṛṣṇabhakṣaḥ ||;!;;Śārṅgadharasaṁhitādīpikā ŚSDīp zu ŚdhSaṁh, 2, 12, 13.1: 53 15;tatra tatra eva jñātavyāni ||;!;;
YSBhā zu YS, 4, 7.1: 122;4 1;śuklakṛṣṇā bahiḥsādhanasādhyā tatra |;
YSBhā zu YS, 4, 7.1: 122;5 1;śuklā tapaḥsvādhyāyadhyānavatām ||;
YSBhā zu YS, 4, 7.1: 122;6 1;sā hi kevale manasy āyatatvād bahiḥsādhanānadhīnā parān |;
YSBhā zu YS, 4, 7.1: 122;7 1;aśuklākṛṣṇā saṁnyāsināṁ kṣīṇakleśānāṁ caramadehānām |;
YSBhā zu YS, 4, 7.1: 122;8 1;tatrāśuklaṁ yogina eva phalasaṁnyāsāt akṛṣṇaṁ |;
YSBhā zu YS, 4, 7.1: 122;9 1;itareṣāṁ tu bhūtānāṁ pūrvam eva trividham iti ||;

YSBhā zu YS, 4, 8.1: 123;1 1;tata iti trividhāt karmaṇaḥ ||;Āyurvedadīpikā ĀVDīp zu Ca, Sū., 20, 12: 38 3;karmaṇaśceti vikṛtasya vāyoḥ karmaṇaḥ ||;!;;Āyurvedadīpikā ĀVDīp zu Ca, 2, Cik., 1, 16.1: 359 8;karmaṇa iti aihikādvaśīkaraṇādikarmaṇaḥ ||;!;;
YSBhā zu YS, 4, 8.1: 123;2 1;tadvipākānuguṇānām eveti ||;Nibandhasaṁgraha NiSaṁ zu Su, Sū., 14, 17.1: -1 6;baliṁ tasmāt tena ca tadyathā eva iti ||;!;;Yogasūtra YS, 4: 4 8;tatas tadvipākānuguṇānām evābhivyaktir vāsanānām ||;!;;
YSBhā zu YS, 4, 8.1: 123;3 1;yajjātīyasya karmaṇo yo vipākas tasyānuguṇā yā vāsanāḥ |;
YSBhā zu YS, 4, 8.1: 123;4 1;na hi daivaṁ karma vipacyamānaṁ |;
YSBhā zu YS, 4, 8.1: 123;5 1;kiṁtu daivānuguṇā evāsya vāsanā vyajyante ||;
YSBhā zu YS, 4, 8.1: 123;6 1;nārakatiryaṅmanuṣyeṣu caivaṁ samānaścarcaḥ ||;

YSBhā zu YS, 4, 9.1: 124;1 1;vṛṣadaṁśavipākodayaḥ svavyañjakāñjanābhivyaktaḥ ||;
YSBhā zu YS, 4, 9.1: 124;2 1;sa yadi jātiśatena vā dūradeśatayā vā kalpaśatena vā |;
YSBhā zu YS, 4, 9.1: 124;3 1;kasmāt ||;
YSBhā zu YS, 4, 9.1: 124;4 1;yato vyavahitānām apyāsāṁ sadṛśaṁ karmābhivyañjakaṁ |;
YSBhā zu YS, 4, 9.1: 124;5 1;kutaśca ||;
YSBhā zu YS, 4, 9.1: 124;6 1;smṛtisaṁskārayor ekarūpatvāt ||;
YSBhā zu YS, 4, 9.1: 124;7 1;yathānubhavās tathā saṁskārāḥ ||;Rasādhyāyaṭīkā RAdhyṬ zu RAdhy, 42.2: 14 3;yathā yathā sūto bruḍati tathā tathā mardanīyaḥ ||;!;;
YSBhā zu YS, 4, 9.1: 124;8 1;te ca karmavāsanānurūpāḥ yathā ca vāsanās tathā smṛtir iti |;
YSBhā zu YS, 4, 9.1: 124;9 1;ataśca vyavahitānām api nimittanaimittikabhāvānucchedād |;

YSBhā zu YS, 4, 10.1: 125;1 1;tāsāṁ vāsanānām āśiṣo nityatvād anāditvam ||;Yogasūtra YS, 4: 4 10;tāsām anāditvaṁ cāśiṣo nityatvāt ||;!;;
YSBhā zu YS, 4, 10.1: 125;2 1;yeyam ātmāśīḥ kasmāt ||;
YSBhā zu YS, 4, 10.1: 125;3 1;jātamātrasya jantor ananubhūtamaraṇadharmakasya |;
YSBhā zu YS, 4, 10.1: 125;4 1;na ca svābhāvikaṁ vastu nimittam upādatte ||;
YSBhā zu YS, 4, 10.1: 125;5 1;tasmād anādivāsanānuviddham idaṁ cittaṁ nimittavaśāt |;
YSBhā zu YS, 4, 10.1: 125;6 1;ghaṭaprāsādapradīpakalpaṁ saṁkocavikāsi cittaṁ |;
YSBhā zu YS, 4, 10.1: 125;7 1;tathā cāntarābhāvaḥ saṁsāraśca yukta iti ||;
YSBhā zu YS, 4, 10.1: 125;8 1;vṛttir evāsya vibhunaścittasya saṁkocavikāsinīty ācāryaḥ ||;
YSBhā zu YS, 4, 10.1: 125;9 1;tac ca dharmādinimittāpekṣam ||;
YSBhā zu YS, 4, 10.1: 125;10 1;nimittaṁ ca dvividhaṁ bāhyam ādhyātmikaṁ ca ||;
YSBhā zu YS, 4, 10.1: 125;11 1;śarīrādisādhanāpekṣaṁ bāhyaṁ stutidānābhivādanādi ||;
YSBhā zu YS, 4, 10.1: 125;12 1;cittamātrādhīnaṁ śraddhādy ādhyātmikam ||;

YSBhā zu YS, 4, 10.1: 125;14 1;tayor mānasaṁ balīyaḥ ||;Aitareyabrāhmaṇa AitBr, 1, 4: 4 5;tattan nādṛtyam ||;!;;Aitareyabrāhmaṇa AitBr, 1, 11: 11 2;tat tan nādṛtyam ||;!;;Aitareyabrāhmaṇa AitBr, 2, 22: 52 2;tat tan nādṛtyam ||;!;;Aitareyabrāhmaṇa AitBr, 3, 18: 89 10;tat tan nādṛtyam ||;!;;Āpastambagṛhyasūtra ĀpGṛSū, 12: 11 9;tasmā anvāha tat savitur iti ||;!;;Arthaśāstra ArthaŚ, 1, 4: 4 15;sa tena guptaḥ prabhavati iti ||;!;;Arthaśāstra ArthaŚ, 1, 10: 10 10;tenodvegena rājā tān avarundhyāt ||;!;;Arthaśāstra ArthaŚ, 1, 15: 15 24;te yathā brūyustat kuryāt ||;!;;Arthaśāstra ArthaŚ, 1, 15: 15 55;sa taccakṣuḥ ||;!;;Aṣṭādhyāyī Aṣṭādhyāyī, 4, 2: 14 59;tad adhīte tad veda ||;!;;Aṣṭādhyāyī Aṣṭādhyāyī, 5, 1: 17 16;tad asya tad asmin syād iti ||;!;;Baudhāyanadharmasūtra BaudhDhSū, 1, 3: 3 43;tayos tad eva pāvanam ||;!;;Daśakumāracarita DKCar, 2, 3: 8 178;akūjacaca sā taṁ janaṁ kṛtāntadṛtīvāhvayantī ||;!;;Daśakumāracarita DKCar, 2, 6: 11 6;sa tu tasyāḥ pāṇigrāhakamanujīviṣyati ||;!;;Divyāvadāna Divyāv, 1: 1 89;sā tenātyayam atyayataḥ kṣamāpitā ||;!;;Divyāvadāna Divyāv, 1: 1 139;tān dṛṣṭvā tasya kāruṇyamutpannam ||;!;;Divyāvadāna Divyāv, 1: 1 142;sa tānutsṛjya padbhyāṁ samprasthitaḥ ||;!;;Divyāvadāna Divyāv, 1: 1 145;sa tasya sakāśamupasaṁkrāntaḥ ||;!;;Divyāvadāna Divyāv, 1: 1 167;sa tasya sakāśamupasaṁkrāntaḥ ||;!;;Divyāvadāna Divyāv, 1: 1 190;sa tairdūrata eva dṛṣṭaḥ ||;!;;Divyāvadāna Divyāv, 1: 1 191;te taṁ pratyavabhāṣitumārabdhāḥ ||;!;;Divyāvadāna Divyāv, 1: 1 194;sa taiḥ snāpito bhojitaḥ ||;!;;Divyāvadāna Divyāv, 1: 1 239;sa tena snāpito bhojitaḥ ||;!;;Divyāvadāna Divyāv, 1: 1 325;tena tasyāḥ pratijñātam ||;!;;Divyāvadāna Divyāv, 1: 1 328;sa tasminneva vimāne uṣitaḥ ||;!;;Divyāvadāna Divyāv, 1: 1 341;sa tasyaurabhrikasya sakāśamupasaṁkrāntaḥ ||;!;;Divyāvadāna Divyāv, 1: 1 369;sa tasyā veśyāyāḥ sakāśamupasaṁkrāntaḥ ||;!;;Divyāvadāna Divyāv, 1: 1 397;sa taiḥ svareṇa pratyabhijñātaḥ ||;!;;Divyāvadāna Divyāv, 1: 1 428;sa tenopasaṁpāditaḥ ||;!;;Divyāvadāna Divyāv, 1: 1 494;taiḥ sa dvāre baddhvā sthāpitaḥ ||;!;;Divyāvadāna Divyāv, 1: 1 508;tena te karapratyāyāḥ samucchinnāḥ ||;!;;Divyāvadāna Divyāv, 2: 2 39;tayā tasyārocitam ||;!;;Divyāvadāna Divyāv, 2: 2 120;tābhiḥ sā pṛṣṭā tayā samākhyātam ||;!;;Divyāvadāna Divyāv, 2: 2 183;sa tamādāya vīthīṁ samprasthitaḥ ||;!;;Divyāvadāna Divyāv, 2: 2 188;sa tat kāṣṭhaṁ nirīkṣitumārabdhaḥ ||;!;;Divyāvadāna Divyāv, 2: 2 219;tena tāstisro gaṇḍikā darśitāḥ ||;!;;Divyāvadāna Divyāv, 2: 2 307;tena te śrutāḥ ||;!;;Divyāvadāna Divyāv, 2: 2 419;sa tābhyāṁ mānaṁ grāhitaḥ ||;!;;Divyāvadāna Divyāv, 3: 3 106;sa tān māṇavakān maitreyāya anupradāsyati ||;!;;Divyāvadāna Divyāv, 7: 7 33;sa tasyāḥ sakāśamupasaṁkrāntaḥ ||;!;;Divyāvadāna Divyāv, 7: 7 41;sā tāmapanetumārabdhā ||;!;;Divyāvadāna Divyāv, 7: 7 42;tasyāstasminnācāme .ṅguliḥ patitā ||;!;;Divyāvadāna Divyāv, 7: 7 140;sa tasya kṣetraṁ rakṣitumārabdhaḥ ||;!;;Divyāvadāna Divyāv, 7: 7 149;sā tāmādāya gatā ||;!;;Divyāvadāna Divyāv, 7: 7 192;sa tayā prajvalitaḥ pradīpaḥ prajvalatyeva ||;!;;Divyāvadāna Divyāv, 12: 12 176;tat tasyopari nipatitam ||;!;;Divyāvadāna Divyāv, 13: 13 148;sa tayā mukhabimbakena pratyabhijñātaḥ ||;!;;Divyāvadāna Divyāv, 13: 13 157;tayā gatvā tasyāḥ pracchannaṁ kathitam ||;!;;Divyāvadāna Divyāv, 13: 13 299;tasya tannīlakṛtsnam āmukhībhūtam ||;!;;Divyāvadāna Divyāv, 13: 13 487;sa gṛhapatistaṁ dṛṣṭvā paryavasthitaḥ ||;!;;Divyāvadāna Divyāv, 13: 13 497;sa tasyānugrahārthamavatīrṇaḥ ||;!;;Divyāvadāna Divyāv, 17: 17 326;taiḥ sa rājā dṛṣṭa āgacchan ||;!;;Divyāvadāna Divyāv, 18: 18 212;tena tadapi bhuktam ||;!;;Divyāvadāna Divyāv, 18: 18 390;sa tān dṛṣṭvā pratibuddhaḥ ||;!;;Divyāvadāna Divyāv, 19: 19 232;taistad dṛṣṭam ||;!;;Divyāvadāna Divyāv, 19: 19 273;sa tāṁ gṛhītvā vīthīṁ gataḥ ||;!;;Divyāvadāna Divyāv, 19: 19 289;taiste punaḥ pratyavekṣitāḥ ||;!;;Divyāvadāna Divyāv, 19: 19 291;sa tairgṛhītaḥ ||;!;;Divyāvadāna Divyāv, 19: 19 313;sa taiḥ śabditaḥ ||;!;;Divyāvadāna Divyāv, 19: 19 338;tena tasya kārṣāpaṇasahasraṁ dattam ||;!;;Divyāvadāna Divyāv, 19: 19 404;sa taṁ tāḍayitumārabdhaḥ ||;!;;Divyāvadāna Divyāv, 19: 19 416;sa tasya gṛhaṁ gataḥ ||;!;;Divyāvadāna Divyāv, 19: 19 552;sa tena praveśitaḥ ||;!;;Gautamadharmasūtra GautDhS, 1, 1: 1 10;tad yasmāt sa ācāryaḥ ||;!;;Gautamadharmasūtra GautDhS, 1, 8: 8 7;tadapekṣas tadvṛttiḥ ||;!;;Gopathabrāhmaṇa NEW GB, 1, 1, 23: 23 6;te tam abruvan ||;!;;Gopathabrāhmaṇa NEW GB, 1, 2, 15: 54 28;te pathirakṣayas ta iyakṣamāṇaṁ pratinudantaḥ ||;!;;Jaiminīyabrāhmaṇa JB, 1, 12: 5 7;tām annam akuruta tāṁ pratyudadīpyata ||;!;;Jaiminīyabrāhmaṇa JB, 1, 12: 5 12;tām annam akuruta tāṁ pratyudadīpyata ||;!;;Kāmasūtra KāSū, 5, 4: 26 18;tasyāstayaiva pratyuttarāṇi yojayet ||;!;;Lalitavistara LalVis, 12: 12 23;sa tasyāstaṁ lekhamupanāmayati sma ||;!;;Maitrāyaṇīsaṁhitā MS, 2, 1, 1: 18 10;tāṁ vai tasmai kāmāyālabhanta ||;!;;Nibandhasaṁgraha NiSaṁ zu Su, Sū., 1, 25.1: -1 1;tadyuktam teṣāmityādi ||;!;;Pañcārthabhāṣya PABh zu PāśupSūtra, 2, 18: 63 8;taducyate tadarthameva ||;!;;Pañcārthabhāṣya PABh zu PāśupSūtra, 2, 19: 64 4;tasmādatra tapastadeva ||;!;;Pañcārthabhāṣya PABh zu PāśupSūtra, 4, 1: 99 9;tasmādatra tapastadeva ||;!;;Pañcārthabhāṣya PABh zu PāśupSūtra, 4, 8: 106 16;taducyate taṁ guṇaṁ jñātvā vakṣyāmaḥ ||;!;;Pañcārthabhāṣya PABh zu PāśupSūtra, 4, 12: 110 7;sa teṣām iṣṭāpūrtam ādatteti ||;!;;Pañcārthabhāṣya PABh zu PāśupSūtra, 5, 34: 156 37;sa bhavatu teṣām ||;!;;Pañcārthabhāṣya PABh zu PāśupSūtra, 5, 34: 156 81;te bhavantu teṣām ||;!;;Pāraskaragṛhyasūtra Pāraskaragṛhyasūtra, 1, 8: 6 13;tasmāt tayor grāmaḥ pramānam iti śruteḥ ||;!;;Pāśupatasūtra PāśupSūtra, 4: 4 11;sa teṣāmiṣṭāpūrtamādatta ||;!;;Saṅghabhedavastu SBhedaV, 1: 1 128;sa teṣāṁ nigṛhītavyāṁś ca nigṛhṇāti pragṛhītavyāṁś ca ;!;;Śāṅkhāyanāraṇyaka ŚāĀr, 3, 2: 28 5;taṁ yaḥ pratyāha tam atisṛjate ||;!;;Śāṅkhāyanāraṇyaka ŚāĀr, 7, 1: 77 3;tan mām avatu tad vaktāram avatvavatu mām avatu ;!;;Śāṅkhāyanāraṇyaka ŚāĀr, 8, 7: 106 5;sa yat karaṇīyaṁ manyeta tat kuryāt ||;!;;Sūryaśatakaṭīkā Sūryaśatakaṭīkā zu SūryaŚ, 1, 3.2: 3 16;tena śramastasmājjātastamiva ||;!;;Tantrākhyāyikā TAkhy, 1: 1 274;te tam āhuḥ ||;!;;Tantrākhyāyikā TAkhy, 2: 2 90;sā tam āha ||;!;;Viṣṇupurāṇa ViPur, 4, 3: 59 30;sā tasya bhāryā citāṁ kṛtvā tam ;!;;Viṣṇupurāṇa ViPur, 4, 12: 68 36;sa ca tāṁ snuṣām upayeme ||;!;;Viṣṇusmṛti ViSmṛ, 5: 5 133;tac ca teṣāṁ dadyāt ||;!;;Yogasūtra YS, 1: 1 28;tajjapas tadarthabhāvanam ||;!;;Yogasūtrabhāṣya YSBhā zu YS, 2, 24.1: 68 7;sa tām āha ||;!;;
YSBhā zu YS, 4, 10.1: 125;15 1;kathaṁ ||;
YSBhā zu YS, 4, 10.1: 125;16 1;jñānavairāgye kenātiśayyete ||;
YSBhā zu YS, 4, 10.1: 125;17 1;daṇḍakāraṇyaṁ ca cittabalavyatirekeṇa kaḥ śārīreṇa |;
YSBhā zu YS, 4, 10.1: 125;18 1;samudram agastyavad vā pibet ||;
YSBhā zu YS, 1, 34.1: 33;1 1;koṣṭhyasya vāyor nāsikāpuṭābhyāṁ prayatnaviśeṣād vidhāraṇaṁ prāṇāyāmaḥ |;
YSBhā zu YS, 1, 34.1: 33;1 2;tābhyāṁ vā manasaḥ sthitiṁ sampādayet ||;
YSBhā zu YS, 4, 11.1: 126;1 1;hetur dharmāt sukham adharmād duḥkhaṁ sukhād rāgo |;
YSBhā zu YS, 4, 11.1: 126;2 1;tataḥ punar dharmādharmau sukhaduḥkhe rāgadveṣāv iti |;
YSBhā zu YS, 4, 11.1: 126;3 1;asya ca pratikṣaṇam āvartamānasyāvidyā netrī mūlaṁ |;
YSBhā zu YS, 4, 11.1: 126;4 1;phalaṁ tu yam āśritya yasya pratyutpannatā dharmādeḥ na |;
YSBhā zu YS, 4, 11.1: 126;5 1;manas tu sādhikāram āśrayo vāsanānām ||;
YSBhā zu YS, 4, 11.1: 126;6 1;na hy avasitādhikāre manasi nirāśrayā vāsanāḥ sthātum |;
YSBhā zu YS, 4, 11.1: 126;7 1;yad abhimukhībhūtaṁ vastu yāṁ vāsanāṁ vyanakti tasyās |;
YSBhā zu YS, 4, 11.1: 126;8 1;evaṁ hetuphalāśrayālambanair etaiḥ saṁgṛhītāḥ sarvā |;
YSBhā zu YS, 4, 11.1: 126;9 1;eṣām abhāve tatsaṁśrayāṇām api vāsanānām abhāvaḥ ||;
YSBhā zu YS, 4, 11.1: 126;10 1;nāsty asataḥ saṁbhavaḥ na cāsti sato vināśa iti dravyatvena |;
YSBhā zu YS, 1, 35.1: 34;1 1;nāsikāgre dhārayato .sya yā divyagandhasaṁvit sā etena candrādityagrahamaṇipradīparaśmyādiṣu pravṛttir yady api hi tattacchāstrānumānācāryopadeśair avagatam tasmācchāstrānumānācāryopadeśopodbalanārtham etadartham evedaṁ cittaparikarma nirdiśyate aniyatāsu |;
YSBhā zu YS, 4, 12.1: 127;1 1;bhaviṣyadvyaktikam anāgatam anubhūtavyaktikam atītam |;
YSBhā zu YS, 4, 12.1: 127;2 1;trayaṁ caitad vastu jñānasya jñeyam ||;
YSBhā zu YS, 4, 12.1: 127;3 1;yadi caitat svarūpato nābhaviṣyan nedaṁ nirviṣayaṁ |;
YSBhā zu YS, 4, 12.1: 127;4 1;kiṁca bhogabhāgīyasya vāpavargabhāgīyasya vā karmaṇaḥ |;
YSBhā zu YS, 4, 12.1: 127;5 1;sataśca phalasya nimittaṁ vartamānīkaraṇe samarthaṁ |;
YSBhā zu YS, 4, 12.1: 127;6 1;siddhaṁ nimittaṁ naimittikasya viśeṣānugrahaṁ kurute |;
YSBhā zu YS, 4, 12.1: 127;7 1;dharmī cānekadharmasvabhāvaḥ ||;
YSBhā zu YS, 4, 12.1: 127;8 1;tasya cādhvabhedena dharmāḥ pratyavasthitāḥ ||;
YSBhā zu YS, 4, 12.1: 127;9 1;na ca yathā vartamānaṁ vyaktiviśeṣāpannaṁ dravyato .sty |;
YSBhā zu YS, 4, 12.1: 127;10 1;kathaṁ tarhi ||;
YSBhā zu YS, 4, 12.1: 127;11 1;svenaiva vyaṅgyena svarūpeṇānāgatam asti svena |;
YSBhā zu YS, 4, 12.1: 127;12 1;ekasya cādhvanaḥ samaye dvāv adhvānau |;

YSBhā zu YS, 4, 13.1: 128;1 1;te khalv amī tryadhvāno dharmā vartamānā vyaktātmāno tathā ca śāstrānuśāsanam |;
YSBhā zu YS, 4, 13.1: 128;1 2;guṇānāṁ paramaṁ rūpaṁ na dṛṣṭipatham ṛcchati |;
YSBhā zu YS, 4, 13.1: 128;1 3;yat tu dṛṣṭipathaṁ prāptaṁ tan māyeva sutucchakam ||;
YSBhā zu YS, 4, 13.1: 128;2 1;iti ||;
YSBhā zu YS, 4, 13.1: 128;3 1;yadā tu sarve guṇāḥ katham ekaḥ śabda ekam indriyam iti |;
YSBhā zu YS, 1, 37.1: 36;1 1;vītarāgacittālambanoparaktaṁ vā yoginaścittaṁ |;
YSBhā zu YS, 4, 14.1: 129;1 1;prakhyākriyāsthitiśīlānāṁ guṇānāṁ grahaṇātmakānāṁ grāhyātmakānāṁ śabdatanmātrabhāvenaikaḥ pariṇāmaḥ śabdādīnāṁ mūrtisamānajātīyānām ekaḥ pariṇāmaḥ teṣāṁ caikaḥ pariṇāmaḥ pṛthivī gaur vṛkṣaḥ parvata ity bhūtāntareṣv api snehauṣṇyapraṇāmitvāvakāśadānāny nāsty artho vijñānavisahacaraḥ asti tu jñānam |;
YSBhā zu YS, 1, 38.1: 37;1 1;svapnajñānālambanaṁ vā nidrājñānālambanaṁ vā |;


YSBhā zu YS, 1, 39.1: 38;1 1;yad evābhimataṁ tad eva dhyāyet |;
YSBhā zu YS, 1, 39.1: 38;1 2;tatra labdhasthitikam anyatrāpi sthitipadaṁ labhata iti ||;
YSBhā zu YS, 4, 16.1: 131;1 1;ekacittatantraṁ ced vastu syāt tadā citte vyagre niruddhe saṁbadhyamānaṁ ca punaścittena kuta utpadyeta |;
YSBhā zu YS, 4, 16.1: 131;1 2;ye cāsyānupasthitā bhāgās te cāsya na syur evaṁ nāsti tasmāt svatantro .rthaḥ sarvapuruṣasādhāraṇaḥ svatantrāṇi tayoḥ saṁbandhād upalabdhiḥ puruṣasya bhoga iti ||;
YSBhā zu YS, 1, 40.1: 39;1 1;sūkṣme niviśamānasya paramāṇvantaṁ sthitipadaṁ sthūle niviśamānasya paramamahattvāntaṁ sthitipadaṁ evaṁ tām ubhayīṁ koṭim anudhāvato yo .syāpratīghātaḥ sa tadvaśīkārāt paripūrṇaṁ yoginaścittaṁ na punar atha labdhasthitikasya cetasaḥ kiṁsvarūpā kiṁviṣayā vā tad ucyate ||;
YSBhā zu YS, 4, 17.1: 132;1 1;ayaskāntamaṇikalpā viṣayā ayaḥsadharmakaṁ cittam vastuno jñātājñātasvarūpatvāt pariṇāmi cittam ||;
YSBhā zu YS, 4, 17.1: 132;2 1;yasya tu tad eva cittaṁ viṣayas tasya ||;

YSBhā zu YS, 4, 18.1: 133;1 1;yadi cittavat prabhur api puruṣaḥ pariṇameta tatas sadājñātatvaṁ tu manasas tatprabhoḥ |;
YSBhā zu YS, 4, 18.1: 133;2 1;syād āśaṅkā cittam eva svābhāsaṁ viṣayābhāsaṁ ca |;

YSBhā zu YS, 4, 19.1: 134;1 1;yathetarāṇīndriyāṇi śabdādayaśca dṛśyatvān na svābhāsāni na cāgnir atra dṛṣṭāntaḥ |;
YSBhā zu YS, 4, 19.1: 134;1 2;na hy agnir ātmasvarūpam aprakāśaṁ prakāśayati |;
YSBhā zu YS, 4, 19.1: 134;1 3;prakāśaścāyaṁ prakāśyaprakāśakasaṁyoge dṛṣṭaḥ |;
YSBhā zu YS, 4, 19.1: 134;1 4;na ca svarūpamātre .sti saṁyogaḥ |;
YSBhā zu YS, 4, 19.1: 134;1 5;kiṁca svābhāsaṁ cittam ity agrāhyam eva kasyacid iti tad yathā |;
YSBhā zu YS, 4, 19.1: 134;1 6;svātmapratiṣṭham ākāśaṁ na parapratiṣṭham ity arthaḥ |;
YSBhā zu YS, 4, 19.1: 134;1 7;svabuddhipracārapratisaṁvedanāt sattvānāṁ pravṛttir kruddho .haṁ bhīto .ham amutra me rāgo .mutra me etat svabuddher agrahaṇe na yuktam iti ||;


YSBhā zu YS, 4, 20.1: 135;2 1;syān matiḥ svarasaniruddhaṁ cittaṁ cittāntareṇa |;
YSBhā zu YS, 1, 44.1: 43;1 1;tatra bhūtasūkṣmeṣv abhivyaktadharmakeṣu tatrāpy ekabuddhinirgrāhyam evoditadharmaviśiṣṭaṁ yā punaḥ sarvathā sarvataḥ śāntoditāvyapadeśyadharmān evaṁsvar-paṁ hi tadbhūtasūkṣmam etenaiva prajñā ca svarūpaśūnyevārthamātrā yadā bhavati tadā tatra mahadvastuviṣayā savitarkā nirvitarkā ca evam ubhayor etayaiva nirvitarkayā vikalpahānir |;

YSBhā zu YS, 4, 21.1: 136;2 1;katham ||;
YSBhā zu YS, 1, 45.1: 44;1 1;pārthivasyāṇor gandhatanmātraṁ sūkṣmo viṣayaḥ āpyasya teṣām ahaṁkāraḥ asyāpi liṅgamātraṁ sūkṁso viṣayaḥ |;
YSBhā zu YS, 1, 45.1: 44;1 2;liṅgamātrasyāpy aliṅgaṁ sūkṣmo viṣayaḥ |;
YSBhā zu YS, 1, 45.1: 44;1 3;na cāliṅgāt paraṁ sūkṣmam asti |;
YSBhā zu YS, 1, 45.1: 44;1 4;nanv asti puruṣaḥ sūkṣma iti |;
YSBhā zu YS, 1, 45.1: 44;1 5;satyam |;
YSBhā zu YS, 1, 45.1: 44;1 6;yathā liṅgāt param aliṅgasya saukṣmyaṁ na caivaṁ kiṁ tu liṅgasyānvayikāraṇaṁ puruṣo na bhavati hetus tu ataḥ pradhāne saukṣmyaṁ niratiśayaṁ vyākhyātam ||;
YSBhā zu YS, 4, 30.1: 138;1 1;sarvaiḥ kleśakarmāvaraṇair vimuktasya jñānasyānantyaṁ |;
YSBhā zu YS, 4, 30.1: 138;2 1;āvarakeṇa tamasābhibhūtam āvṛtam anantaṁ jñānasattvaṁ |;
YSBhā zu YS, 4, 30.1: 138;3 1;tatra yadā sarvair āvaraṇamalair apagataṁ bhavati tadā |;
YSBhā zu YS, 4, 30.1: 138;4 1;jñānasyānantyājjñeyam alpaṁ sampadyate yathā yatredam andho maṇim avidhyat tam anaṅgulir āvayat |;
YSBhā zu YS, 4, 30.1: 138;4 2;agrīvas taṁ pratyamuñcat tam ajihvo .bhyapūjayat ||;
YSBhā zu YS, 4, 30.1: 138;5 1;iti ||;
